year,decision_time,execution_time,next_execution_time,eligible_pair_count,executable_pair_count,coverage,gross_fraction,mean_asset_return,period_return,cost_multiplier,risk_mode,universe
2019,2019-01-28 00:00:00+00:00,2019-01-28 01:00:00+00:00,2019-02-04 01:00:00+00:00,2,2,1.0,0.9,-0.0326499718023002,-0.0316349746220702,1.0,NONE,D2
2019,2019-02-04 00:00:00+00:00,2019-02-04 01:00:00+00:00,2019-02-11 01:00:00+00:00,2,2,1.0,0.9,0.1115850460277194,0.0981765414249475,1.0,NONE,D2
2019,2019-02-11 00:00:00+00:00,2019-02-11 01:00:00+00:00,2019-02-18 01:00:00+00:00,2,2,1.0,0.9,0.0347228261674324,0.0290005435506892,1.0,NONE,D2
2019,2019-02-18 00:00:00+00:00,2019-02-18 01:00:00+00:00,2019-02-25 01:00:00+00:00,2,2,1.0,0.9,0.0052662174870334,0.00248959573833,1.0,NONE,D2
2019,2019-02-25 00:00:00+00:00,2019-02-25 01:00:00+00:00,2019-03-04 01:00:00+00:00,2,2,1.0,0.9,0.0009670282567777,-0.0013796745689,1.0,NONE,D2
2019,2019-03-04 00:00:00+00:00,2019-03-04 01:00:00+00:00,2019-03-11 01:00:00+00:00,2,2,1.0,0.9,0.0335098384725217,0.0279088546252695,1.0,NONE,D2
2019,2019-03-11 00:00:00+00:00,2019-03-11 01:00:00+00:00,2019-03-18 01:00:00+00:00,3,3,1.0,0.9,0.1891125681178646,0.1679513113060781,1.0,NONE,D2
2019,2019-03-18 00:00:00+00:00,2019-03-18 01:00:00+00:00,2019-03-25 01:00:00+00:00,6,6,1.0,0.9,0.0850683293447353,0.0743114964102618,1.0,NONE,D2
2019,2019-03-25 00:00:00+00:00,2019-03-25 01:00:00+00:00,2019-04-01 01:00:00+00:00,6,6,1.0,0.9,0.0686573793634634,0.059541641427117,1.0,NONE,D2
2019,2019-04-01 00:00:00+00:00,2019-04-01 01:00:00+00:00,2019-04-08 01:00:00+00:00,6,6,1.0,0.9,0.2110209278539942,0.1876688350685947,1.0,NONE,D2
2019,2019-04-08 00:00:00+00:00,2019-04-08 01:00:00+00:00,2019-04-15 01:00:00+00:00,6,6,1.0,0.9,-0.0799698492805228,-0.0742228643524705,1.0,NONE,D2
2019,2019-04-15 00:00:00+00:00,2019-04-15 01:00:00+00:00,2019-04-22 01:00:00+00:00,6,6,1.0,0.9,-0.0225433793658157,-0.0225390414292342,1.0,NONE,D2
2019,2019-04-22 00:00:00+00:00,2019-04-22 01:00:00+00:00,2019-04-29 01:00:00+00:00,6,6,1.0,0.9,-0.0482816864813324,-0.0457035178331991,1.0,NONE,D2
2019,2019-04-29 00:00:00+00:00,2019-04-29 01:00:00+00:00,2019-05-06 01:00:00+00:00,6,6,1.0,0.9,0.0364543567969348,0.0305589211172413,1.0,NONE,D2
2019,2019-05-06 00:00:00+00:00,2019-05-06 01:00:00+00:00,2019-05-13 01:00:00+00:00,6,6,1.0,0.9,0.0683005026062198,0.0592204523455978,1.0,NONE,D2
2019,2019-05-13 00:00:00+00:00,2019-05-13 01:00:00+00:00,2019-05-20 01:00:00+00:00,6,6,1.0,0.9,0.202364546832245,0.1798780921490205,1.0,NONE,D2
2019,2019-05-20 00:00:00+00:00,2019-05-20 01:00:00+00:00,2019-05-27 01:00:00+00:00,6,6,1.0,0.9,0.0608790346570378,0.052541131191334,1.0,NONE,D2
2019,2019-05-27 00:00:00+00:00,2019-05-27 01:00:00+00:00,2019-06-03 01:00:00+00:00,6,6,1.0,0.9,0.077083918393668,0.0671255265543012,1.0,NONE,D2
2019,2019-06-03 00:00:00+00:00,2019-06-03 01:00:00+00:00,2019-06-10 01:00:00+00:00,6,6,1.0,0.9,-0.1169487954214101,-0.1075039158792691,1.0,NONE,D2
2019,2019-06-10 00:00:00+00:00,2019-06-10 01:00:00+00:00,2019-06-17 01:00:00+00:00,6,6,1.0,0.9,0.2164477964626522,0.1925530168163869,1.0,NONE,D2
2019,2019-06-17 00:00:00+00:00,2019-06-17 01:00:00+00:00,2019-06-24 01:00:00+00:00,6,6,1.0,0.9,0.1082256668650307,0.0951531001785276,1.0,NONE,D2
2019,2019-06-24 00:00:00+00:00,2019-06-24 01:00:00+00:00,2019-07-01 01:00:00+00:00,6,6,1.0,0.9,-0.0892939642527203,-0.0826145678274483,1.0,NONE,D2
2019,2019-07-01 00:00:00+00:00,2019-07-01 01:00:00+00:00,2019-07-08 01:00:00+00:00,6,6,1.0,0.9,0.0213352227627164,0.0169517004864447,1.0,NONE,D2
2019,2019-07-08 00:00:00+00:00,2019-07-08 01:00:00+00:00,2019-07-15 01:00:00+00:00,6,6,1.0,0.9,-0.2115143461394948,-0.1926129115255453,1.0,NONE,D2
2019,2019-07-15 00:00:00+00:00,2019-07-15 01:00:00+00:00,2019-07-22 01:00:00+00:00,6,6,1.0,0.9,0.0760192120822195,0.0661672908739975,1.0,NONE,D2
2019,2019-07-22 00:00:00+00:00,2019-07-22 01:00:00+00:00,2019-07-29 01:00:00+00:00,6,6,1.0,0.9,-0.1082205849802644,-0.0996485264822379,1.0,NONE,D2
2019,2019-07-29 00:00:00+00:00,2019-07-29 01:00:00+00:00,2019-08-05 01:00:00+00:00,6,6,1.0,0.9,0.1084651047785221,0.0953685943006699,1.0,NONE,D2
2019,2019-08-05 00:00:00+00:00,2019-08-05 01:00:00+00:00,2019-08-12 01:00:00+00:00,6,6,1.0,0.9,-0.0241056370091779,-0.0239450733082601,1.0,NONE,D2
2019,2019-08-12 00:00:00+00:00,2019-08-12 01:00:00+00:00,2019-08-19 01:00:00+00:00,6,6,1.0,0.9,-0.102468123836449,-0.0944713114528041,1.0,NONE,D2
2019,2019-08-19 00:00:00+00:00,2019-08-19 01:00:00+00:00,2019-08-26 01:00:00+00:00,6,6,1.0,0.9,-0.0447397707073437,-0.0425157936366093,1.0,NONE,D2
2019,2019-08-26 00:00:00+00:00,2019-08-26 01:00:00+00:00,2019-09-02 01:00:00+00:00,7,7,1.0,0.9,-0.0863997472971032,-0.0800097725673929,1.0,NONE,D2
2019,2019-09-02 00:00:00+00:00,2019-09-02 01:00:00+00:00,2019-09-09 01:00:00+00:00,7,7,1.0,0.9,0.0801755525018377,0.0699079972516539,1.0,NONE,D2
2019,2019-09-09 00:00:00+00:00,2019-09-09 01:00:00+00:00,2019-09-16 01:00:00+00:00,7,7,1.0,0.9,0.0610952082189366,0.0527356873970429,1.0,NONE,D2
2019,2019-09-16 00:00:00+00:00,2019-09-16 01:00:00+00:00,2019-09-23 01:00:00+00:00,7,7,1.0,0.9,-0.0076389821714271,-0.0091250839542844,1.0,NONE,D2
2019,2019-09-23 00:00:00+00:00,2019-09-23 01:00:00+00:00,2019-09-30 01:00:00+00:00,9,9,1.0,0.9,-0.2198184879764891,-0.2000866391788402,1.0,NONE,D2
2019,2019-09-30 00:00:00+00:00,2019-09-30 01:00:00+00:00,2019-10-07 01:00:00+00:00,10,10,1.0,0.9,0.0210485342068337,0.0166936807861503,1.0,NONE,D2
2019,2019-10-07 00:00:00+00:00,2019-10-07 01:00:00+00:00,2019-10-14 01:00:00+00:00,12,12,1.0,0.9,0.0877804795219348,0.0767524315697413,1.0,NONE,D2
2019,2019-10-14 00:00:00+00:00,2019-10-14 01:00:00+00:00,2019-10-21 01:00:00+00:00,13,13,1.0,0.9,0.0145299168369823,0.010826925153284,1.0,NONE,D2
2019,2019-10-21 00:00:00+00:00,2019-10-21 01:00:00+00:00,2019-10-28 01:00:00+00:00,13,13,1.0,0.9,0.0879075068062524,0.0768667561256272,1.0,NONE,D2
2019,2019-10-28 00:00:00+00:00,2019-10-28 01:00:00+00:00,2019-11-04 01:00:00+00:00,13,13,1.0,0.9,0.0583279209273846,0.0502451288346462,1.0,NONE,D2
2019,2019-11-04 00:00:00+00:00,2019-11-04 01:00:00+00:00,2019-11-11 01:00:00+00:00,14,14,1.0,0.9,0.0558706151691911,0.048033553652272,1.0,NONE,D2
2019,2019-11-11 00:00:00+00:00,2019-11-11 01:00:00+00:00,2019-11-18 01:00:00+00:00,15,15,1.0,0.9,-0.0499350882703939,-0.0471915794433545,1.0,NONE,D2
2019,2019-11-18 00:00:00+00:00,2019-11-18 01:00:00+00:00,2019-11-25 01:00:00+00:00,15,15,1.0,0.9,-0.228850311345601,-0.2082152802110409,1.0,NONE,D2
2019,2019-11-25 00:00:00+00:00,2019-11-25 01:00:00+00:00,2019-12-02 01:00:00+00:00,16,16,1.0,0.9,0.0791984417618745,0.069028597585687,1.0,NONE,D2
2019,2019-12-02 00:00:00+00:00,2019-12-02 01:00:00+00:00,2019-12-09 01:00:00+00:00,16,16,1.0,0.9,0.0540992774615103,0.0464393497153593,1.0,NONE,D2
2019,2019-12-09 00:00:00+00:00,2019-12-09 01:00:00+00:00,2019-12-16 01:00:00+00:00,17,17,1.0,0.9,-0.0607162549019848,-0.0568946294117863,1.0,NONE,D2
2019,2019-12-16 00:00:00+00:00,2019-12-16 01:00:00+00:00,2019-12-23 01:00:00+00:00,17,17,1.0,0.9,-0.0285256722364328,-0.0279231050127895,1.0,NONE,D2
2019,2019-12-23 00:00:00+00:00,2019-12-23 01:00:00+00:00,2019-12-30 01:00:00+00:00,17,17,1.0,0.9,-0.0417758541629335,-0.0398482687466402,1.0,NONE,D2
2019,2019-12-30 00:00:00+00:00,2019-12-30 01:00:00+00:00,2020-01-01 00:00:00+00:00,17,17,1.0,0.9,-0.0251533514172038,-0.0248880162754834,1.0,NONE,D2
2019,2019-01-28 00:00:00+00:00,2019-01-28 01:00:00+00:00,2019-02-04 01:00:00+00:00,2,2,1.0,0.9,-0.0326499718023002,-0.0338849746220702,2.0,NONE,D2
2019,2019-02-04 00:00:00+00:00,2019-02-04 01:00:00+00:00,2019-02-11 01:00:00+00:00,2,2,1.0,0.9,0.1115850460277194,0.0959265414249475,2.0,NONE,D2
2019,2019-02-11 00:00:00+00:00,2019-02-11 01:00:00+00:00,2019-02-18 01:00:00+00:00,2,2,1.0,0.9,0.0347228261674324,0.0267505435506892,2.0,NONE,D2
2019,2019-02-18 00:00:00+00:00,2019-02-18 01:00:00+00:00,2019-02-25 01:00:00+00:00,2,2,1.0,0.9,0.0052662174870334,0.00023959573833,2.0,NONE,D2
2019,2019-02-25 00:00:00+00:00,2019-02-25 01:00:00+00:00,2019-03-04 01:00:00+00:00,2,2,1.0,0.9,0.0009670282567777,-0.0036296745689,2.0,NONE,D2
2019,2019-03-04 00:00:00+00:00,2019-03-04 01:00:00+00:00,2019-03-11 01:00:00+00:00,2,2,1.0,0.9,0.0335098384725217,0.0256588546252695,2.0,NONE,D2
2019,2019-03-11 00:00:00+00:00,2019-03-11 01:00:00+00:00,2019-03-18 01:00:00+00:00,3,3,1.0,0.9,0.1891125681178646,0.1657013113060781,2.0,NONE,D2
2019,2019-03-18 00:00:00+00:00,2019-03-18 01:00:00+00:00,2019-03-25 01:00:00+00:00,6,6,1.0,0.9,0.0850683293447353,0.0720614964102618,2.0,NONE,D2
2019,2019-03-25 00:00:00+00:00,2019-03-25 01:00:00+00:00,2019-04-01 01:00:00+00:00,6,6,1.0,0.9,0.0686573793634634,0.057291641427117,2.0,NONE,D2
2019,2019-04-01 00:00:00+00:00,2019-04-01 01:00:00+00:00,2019-04-08 01:00:00+00:00,6,6,1.0,0.9,0.2110209278539942,0.1854188350685947,2.0,NONE,D2
2019,2019-04-08 00:00:00+00:00,2019-04-08 01:00:00+00:00,2019-04-15 01:00:00+00:00,6,6,1.0,0.9,-0.0799698492805228,-0.0764728643524705,2.0,NONE,D2
2019,2019-04-15 00:00:00+00:00,2019-04-15 01:00:00+00:00,2019-04-22 01:00:00+00:00,6,6,1.0,0.9,-0.0225433793658157,-0.0247890414292342,2.0,NONE,D2
2019,2019-04-22 00:00:00+00:00,2019-04-22 01:00:00+00:00,2019-04-29 01:00:00+00:00,6,6,1.0,0.9,-0.0482816864813324,-0.0479535178331991,2.0,NONE,D2
2019,2019-04-29 00:00:00+00:00,2019-04-29 01:00:00+00:00,2019-05-06 01:00:00+00:00,6,6,1.0,0.9,0.0364543567969348,0.0283089211172413,2.0,NONE,D2
2019,2019-05-06 00:00:00+00:00,2019-05-06 01:00:00+00:00,2019-05-13 01:00:00+00:00,6,6,1.0,0.9,0.0683005026062198,0.0569704523455978,2.0,NONE,D2
2019,2019-05-13 00:00:00+00:00,2019-05-13 01:00:00+00:00,2019-05-20 01:00:00+00:00,6,6,1.0,0.9,0.202364546832245,0.1776280921490205,2.0,NONE,D2
2019,2019-05-20 00:00:00+00:00,2019-05-20 01:00:00+00:00,2019-05-27 01:00:00+00:00,6,6,1.0,0.9,0.0608790346570378,0.050291131191334,2.0,NONE,D2
2019,2019-05-27 00:00:00+00:00,2019-05-27 01:00:00+00:00,2019-06-03 01:00:00+00:00,6,6,1.0,0.9,0.077083918393668,0.0648755265543012,2.0,NONE,D2
2019,2019-06-03 00:00:00+00:00,2019-06-03 01:00:00+00:00,2019-06-10 01:00:00+00:00,6,6,1.0,0.9,-0.1169487954214101,-0.1097539158792691,2.0,NONE,D2
2019,2019-06-10 00:00:00+00:00,2019-06-10 01:00:00+00:00,2019-06-17 01:00:00+00:00,6,6,1.0,0.9,0.2164477964626522,0.1903030168163869,2.0,NONE,D2
2019,2019-06-17 00:00:00+00:00,2019-06-17 01:00:00+00:00,2019-06-24 01:00:00+00:00,6,6,1.0,0.9,0.1082256668650307,0.0929031001785276,2.0,NONE,D2
2019,2019-06-24 00:00:00+00:00,2019-06-24 01:00:00+00:00,2019-07-01 01:00:00+00:00,6,6,1.0,0.9,-0.0892939642527203,-0.0848645678274483,2.0,NONE,D2
2019,2019-07-01 00:00:00+00:00,2019-07-01 01:00:00+00:00,2019-07-08 01:00:00+00:00,6,6,1.0,0.9,0.0213352227627164,0.0147017004864447,2.0,NONE,D2
2019,2019-07-08 00:00:00+00:00,2019-07-08 01:00:00+00:00,2019-07-15 01:00:00+00:00,6,6,1.0,0.9,-0.2115143461394948,-0.1948629115255453,2.0,NONE,D2
2019,2019-07-15 00:00:00+00:00,2019-07-15 01:00:00+00:00,2019-07-22 01:00:00+00:00,6,6,1.0,0.9,0.0760192120822195,0.0639172908739975,2.0,NONE,D2
2019,2019-07-22 00:00:00+00:00,2019-07-22 01:00:00+00:00,2019-07-29 01:00:00+00:00,6,6,1.0,0.9,-0.1082205849802644,-0.1018985264822379,2.0,NONE,D2
2019,2019-07-29 00:00:00+00:00,2019-07-29 01:00:00+00:00,2019-08-05 01:00:00+00:00,6,6,1.0,0.9,0.1084651047785221,0.0931185943006699,2.0,NONE,D2
2019,2019-08-05 00:00:00+00:00,2019-08-05 01:00:00+00:00,2019-08-12 01:00:00+00:00,6,6,1.0,0.9,-0.0241056370091779,-0.0261950733082601,2.0,NONE,D2
2019,2019-08-12 00:00:00+00:00,2019-08-12 01:00:00+00:00,2019-08-19 01:00:00+00:00,6,6,1.0,0.9,-0.102468123836449,-0.0967213114528041,2.0,NONE,D2
2019,2019-08-19 00:00:00+00:00,2019-08-19 01:00:00+00:00,2019-08-26 01:00:00+00:00,6,6,1.0,0.9,-0.0447397707073437,-0.0447657936366093,2.0,NONE,D2
2019,2019-08-26 00:00:00+00:00,2019-08-26 01:00:00+00:00,2019-09-02 01:00:00+00:00,7,7,1.0,0.9,-0.0863997472971032,-0.0822597725673929,2.0,NONE,D2
2019,2019-09-02 00:00:00+00:00,2019-09-02 01:00:00+00:00,2019-09-09 01:00:00+00:00,7,7,1.0,0.9,0.0801755525018377,0.0676579972516539,2.0,NONE,D2
2019,2019-09-09 00:00:00+00:00,2019-09-09 01:00:00+00:00,2019-09-16 01:00:00+00:00,7,7,1.0,0.9,0.0610952082189366,0.0504856873970429,2.0,NONE,D2
2019,2019-09-16 00:00:00+00:00,2019-09-16 01:00:00+00:00,2019-09-23 01:00:00+00:00,7,7,1.0,0.9,-0.0076389821714271,-0.0113750839542844,2.0,NONE,D2
2019,2019-09-23 00:00:00+00:00,2019-09-23 01:00:00+00:00,2019-09-30 01:00:00+00:00,9,9,1.0,0.9,-0.2198184879764891,-0.2023366391788402,2.0,NONE,D2
2019,2019-09-30 00:00:00+00:00,2019-09-30 01:00:00+00:00,2019-10-07 01:00:00+00:00,10,10,1.0,0.9,0.0210485342068337,0.0144436807861503,2.0,NONE,D2
2019,2019-10-07 00:00:00+00:00,2019-10-07 01:00:00+00:00,2019-10-14 01:00:00+00:00,12,12,1.0,0.9,0.0877804795219348,0.0745024315697413,2.0,NONE,D2
2019,2019-10-14 00:00:00+00:00,2019-10-14 01:00:00+00:00,2019-10-21 01:00:00+00:00,13,13,1.0,0.9,0.0145299168369823,0.008576925153284,2.0,NONE,D2
2019,2019-10-21 00:00:00+00:00,2019-10-21 01:00:00+00:00,2019-10-28 01:00:00+00:00,13,13,1.0,0.9,0.0879075068062524,0.0746167561256272,2.0,NONE,D2
2019,2019-10-28 00:00:00+00:00,2019-10-28 01:00:00+00:00,2019-11-04 01:00:00+00:00,13,13,1.0,0.9,0.0583279209273846,0.0479951288346462,2.0,NONE,D2
2019,2019-11-04 00:00:00+00:00,2019-11-04 01:00:00+00:00,2019-11-11 01:00:00+00:00,14,14,1.0,0.9,0.0558706151691911,0.045783553652272,2.0,NONE,D2
2019,2019-11-11 00:00:00+00:00,2019-11-11 01:00:00+00:00,2019-11-18 01:00:00+00:00,15,15,1.0,0.9,-0.0499350882703939,-0.0494415794433545,2.0,NONE,D2
2019,2019-11-18 00:00:00+00:00,2019-11-18 01:00:00+00:00,2019-11-25 01:00:00+00:00,15,15,1.0,0.9,-0.228850311345601,-0.2104652802110409,2.0,NONE,D2
2019,2019-11-25 00:00:00+00:00,2019-11-25 01:00:00+00:00,2019-12-02 01:00:00+00:00,16,16,1.0,0.9,0.0791984417618745,0.066778597585687,2.0,NONE,D2
2019,2019-12-02 00:00:00+00:00,2019-12-02 01:00:00+00:00,2019-12-09 01:00:00+00:00,16,16,1.0,0.9,0.0540992774615103,0.0441893497153593,2.0,NONE,D2
2019,2019-12-09 00:00:00+00:00,2019-12-09 01:00:00+00:00,2019-12-16 01:00:00+00:00,17,17,1.0,0.9,-0.0607162549019848,-0.0591446294117863,2.0,NONE,D2
2019,2019-12-16 00:00:00+00:00,2019-12-16 01:00:00+00:00,2019-12-23 01:00:00+00:00,17,17,1.0,0.9,-0.0285256722364328,-0.0301731050127895,2.0,NONE,D2
2019,2019-12-23 00:00:00+00:00,2019-12-23 01:00:00+00:00,2019-12-30 01:00:00+00:00,17,17,1.0,0.9,-0.0417758541629335,-0.0420982687466402,2.0,NONE,D2
2019,2019-12-30 00:00:00+00:00,2019-12-30 01:00:00+00:00,2020-01-01 00:00:00+00:00,17,17,1.0,0.9,-0.0251533514172038,-0.0271380162754834,2.0,NONE,D2
2019,2019-01-28 00:00:00+00:00,2019-01-28 01:00:00+00:00,2019-02-04 01:00:00+00:00,2,2,1.0,0.0,-0.0326499718023002,0.0,1.0,FROZEN_GOVERNOR,D2
2019,2019-02-04 00:00:00+00:00,2019-02-04 01:00:00+00:00,2019-02-11 01:00:00+00:00,2,2,1.0,0.0,0.1115850460277194,0.0,1.0,FROZEN_GOVERNOR,D2
2019,2019-02-11 00:00:00+00:00,2019-02-11 01:00:00+00:00,2019-02-18 01:00:00+00:00,2,2,1.0,0.0,0.0347228261674324,0.0,1.0,FROZEN_GOVERNOR,D2
2019,2019-02-18 00:00:00+00:00,2019-02-18 01:00:00+00:00,2019-02-25 01:00:00+00:00,2,2,1.0,0.0,0.0052662174870334,0.0,1.0,FROZEN_GOVERNOR,D2
2019,2019-02-25 00:00:00+00:00,2019-02-25 01:00:00+00:00,2019-03-04 01:00:00+00:00,2,2,1.0,0.0,0.0009670282567777,0.0,1.0,FROZEN_GOVERNOR,D2
2019,2019-03-04 00:00:00+00:00,2019-03-04 01:00:00+00:00,2019-03-11 01:00:00+00:00,2,2,1.0,0.0,0.0335098384725217,0.0,1.0,FROZEN_GOVERNOR,D2
2019,2019-03-11 00:00:00+00:00,2019-03-11 01:00:00+00:00,2019-03-18 01:00:00+00:00,3,3,1.0,0.0,0.1891125681178646,0.0,1.0,FROZEN_GOVERNOR,D2
2019,2019-03-18 00:00:00+00:00,2019-03-18 01:00:00+00:00,2019-03-25 01:00:00+00:00,6,6,1.0,0.0,0.0850683293447353,0.0,1.0,FROZEN_GOVERNOR,D2
2019,2019-03-25 00:00:00+00:00,2019-03-25 01:00:00+00:00,2019-04-01 01:00:00+00:00,6,6,1.0,0.0,0.0686573793634634,0.0,1.0,FROZEN_GOVERNOR,D2
2019,2019-04-01 00:00:00+00:00,2019-04-01 01:00:00+00:00,2019-04-08 01:00:00+00:00,6,6,1.0,0.0,0.2110209278539942,0.0,1.0,FROZEN_GOVERNOR,D2
2019,2019-04-08 00:00:00+00:00,2019-04-08 01:00:00+00:00,2019-04-15 01:00:00+00:00,6,6,1.0,0.0,-0.0799698492805228,0.0,1.0,FROZEN_GOVERNOR,D2
2019,2019-04-15 00:00:00+00:00,2019-04-15 01:00:00+00:00,2019-04-22 01:00:00+00:00,6,6,1.0,0.0,-0.0225433793658157,0.0,1.0,FROZEN_GOVERNOR,D2
2019,2019-04-22 00:00:00+00:00,2019-04-22 01:00:00+00:00,2019-04-29 01:00:00+00:00,6,6,1.0,0.0,-0.0482816864813324,0.0,1.0,FROZEN_GOVERNOR,D2
2019,2019-04-29 00:00:00+00:00,2019-04-29 01:00:00+00:00,2019-05-06 01:00:00+00:00,6,6,1.0,0.0,0.0364543567969348,0.0,1.0,FROZEN_GOVERNOR,D2
2019,2019-05-06 00:00:00+00:00,2019-05-06 01:00:00+00:00,2019-05-13 01:00:00+00:00,6,6,1.0,0.0,0.0683005026062198,0.0,1.0,FROZEN_GOVERNOR,D2
2019,2019-05-13 00:00:00+00:00,2019-05-13 01:00:00+00:00,2019-05-20 01:00:00+00:00,6,6,1.0,0.0,0.202364546832245,0.0,1.0,FROZEN_GOVERNOR,D2
2019,2019-05-20 00:00:00+00:00,2019-05-20 01:00:00+00:00,2019-05-27 01:00:00+00:00,6,6,1.0,0.0,0.0608790346570378,0.0,1.0,FROZEN_GOVERNOR,D2
2019,2019-05-27 00:00:00+00:00,2019-05-27 01:00:00+00:00,2019-06-03 01:00:00+00:00,6,6,1.0,0.0,0.077083918393668,0.0,1.0,FROZEN_GOVERNOR,D2
2019,2019-06-03 00:00:00+00:00,2019-06-03 01:00:00+00:00,2019-06-10 01:00:00+00:00,6,6,1.0,0.0,-0.1169487954214101,0.0,1.0,FROZEN_GOVERNOR,D2
2019,2019-06-10 00:00:00+00:00,2019-06-10 01:00:00+00:00,2019-06-17 01:00:00+00:00,6,6,1.0,0.0,0.2164477964626522,0.0,1.0,FROZEN_GOVERNOR,D2
2019,2019-06-17 00:00:00+00:00,2019-06-17 01:00:00+00:00,2019-06-24 01:00:00+00:00,6,6,1.0,0.0,0.1082256668650307,0.0,1.0,FROZEN_GOVERNOR,D2
2019,2019-06-24 00:00:00+00:00,2019-06-24 01:00:00+00:00,2019-07-01 01:00:00+00:00,6,6,1.0,0.0,-0.0892939642527203,0.0,1.0,FROZEN_GOVERNOR,D2
2019,2019-07-01 00:00:00+00:00,2019-07-01 01:00:00+00:00,2019-07-08 01:00:00+00:00,6,6,1.0,0.0,0.0213352227627164,0.0,1.0,FROZEN_GOVERNOR,D2
2019,2019-07-08 00:00:00+00:00,2019-07-08 01:00:00+00:00,2019-07-15 01:00:00+00:00,6,6,1.0,0.0,-0.2115143461394948,0.0,1.0,FROZEN_GOVERNOR,D2
2019,2019-07-15 00:00:00+00:00,2019-07-15 01:00:00+00:00,2019-07-22 01:00:00+00:00,6,6,1.0,0.0,0.0760192120822195,0.0,1.0,FROZEN_GOVERNOR,D2
2019,2019-07-22 00:00:00+00:00,2019-07-22 01:00:00+00:00,2019-07-29 01:00:00+00:00,6,6,1.0,0.1292514520876033,-0.1082205849802644,-0.014310796384688,1.0,FROZEN_GOVERNOR,D2
2019,2019-07-29 00:00:00+00:00,2019-07-29 01:00:00+00:00,2019-08-05 01:00:00+00:00,6,6,1.0,0.1313917351452435,0.1084651047785221,0.0139229389816975,1.0,FROZEN_GOVERNOR,D2
2019,2019-08-05 00:00:00+00:00,2019-08-05 01:00:00+00:00,2019-08-12 01:00:00+00:00,6,6,1.0,0.1488619353829129,-0.0241056370091779,-0.0039605666172814,1.0,FROZEN_GOVERNOR,D2
2019,2019-08-12 00:00:00+00:00,2019-08-12 01:00:00+00:00,2019-08-19 01:00:00+00:00,6,6,1.0,0.2578105684809491,-0.102468123836449,-0.0270618916786535,1.0,FROZEN_GOVERNOR,D2
2019,2019-08-19 00:00:00+00:00,2019-08-19 01:00:00+00:00,2019-08-26 01:00:00+00:00,6,6,1.0,0.2438693066128711,-0.0447397707073437,-0.0115203301269509,1.0,FROZEN_GOVERNOR,D2
2019,2019-08-26 00:00:00+00:00,2019-08-26 01:00:00+00:00,2019-09-02 01:00:00+00:00,7,7,1.0,0.2504066038232731,-0.0863997472971032,-0.0222610838014148,1.0,FROZEN_GOVERNOR,D2
2019,2019-09-02 00:00:00+00:00,2019-09-02 01:00:00+00:00,2019-09-09 01:00:00+00:00,7,7,1.0,0.2580501749356455,0.0801755525018377,0.0200441899113221,1.0,FROZEN_GOVERNOR,D2
2019,2019-09-09 00:00:00+00:00,2019-09-09 01:00:00+00:00,2019-09-16 01:00:00+00:00,7,7,1.0,0.2670210081110961,0.0610952082189366,0.0156461515691,1.0,FROZEN_GOVERNOR,D2
2019,2019-09-16 00:00:00+00:00,2019-09-16 01:00:00+00:00,2019-09-23 01:00:00+00:00,7,7,1.0,0.3020350912457957,-0.0076389821714271,-0.0030623284052864,1.0,FROZEN_GOVERNOR,D2
2019,2019-09-23 00:00:00+00:00,2019-09-23 01:00:00+00:00,2019-09-30 01:00:00+00:00,9,9,1.0,0.3202335576208863,-0.2198184879764891,-0.0711938403296073,1.0,FROZEN_GOVERNOR,D2
2019,2019-09-30 00:00:00+00:00,2019-09-30 01:00:00+00:00,2019-10-07 01:00:00+00:00,10,10,1.0,0.0,0.0210485342068337,0.0,1.0,FROZEN_GOVERNOR,D2
2019,2019-10-07 00:00:00+00:00,2019-10-07 01:00:00+00:00,2019-10-14 01:00:00+00:00,12,12,1.0,0.0,0.0877804795219348,0.0,1.0,FROZEN_GOVERNOR,D2
2019,2019-10-14 00:00:00+00:00,2019-10-14 01:00:00+00:00,2019-10-21 01:00:00+00:00,13,13,1.0,0.0,0.0145299168369823,0.0,1.0,FROZEN_GOVERNOR,D2
2019,2019-10-21 00:00:00+00:00,2019-10-21 01:00:00+00:00,2019-10-28 01:00:00+00:00,13,13,1.0,0.0,0.0879075068062524,0.0,1.0,FROZEN_GOVERNOR,D2
2019,2019-10-28 00:00:00+00:00,2019-10-28 01:00:00+00:00,2019-11-04 01:00:00+00:00,13,13,1.0,0.3514268185130161,0.0583279209273846,0.019619428635707,1.0,FROZEN_GOVERNOR,D2
2019,2019-11-04 00:00:00+00:00,2019-11-04 01:00:00+00:00,2019-11-11 01:00:00+00:00,14,14,1.0,0.3515103798403268,0.0558706151691911,0.0187603252104342,1.0,FROZEN_GOVERNOR,D2
2019,2019-11-11 00:00:00+00:00,2019-11-11 01:00:00+00:00,2019-11-18 01:00:00+00:00,15,15,1.0,0.1781236602055095,-0.0499350882703939,-0.0093399298459215,1.0,FROZEN_GOVERNOR,D2
2019,2019-11-18 00:00:00+00:00,2019-11-18 01:00:00+00:00,2019-11-25 01:00:00+00:00,15,15,1.0,0.3892305121401849,-0.228850311345601,-0.0900486001688395,1.0,FROZEN_GOVERNOR,D2
2019,2019-11-25 00:00:00+00:00,2019-11-25 01:00:00+00:00,2019-12-02 01:00:00+00:00,16,16,1.0,0.0,0.0791984417618745,0.0,1.0,FROZEN_GOVERNOR,D2
2019,2019-12-02 00:00:00+00:00,2019-12-02 01:00:00+00:00,2019-12-09 01:00:00+00:00,16,16,1.0,0.0,0.0540992774615103,0.0,1.0,FROZEN_GOVERNOR,D2
2019,2019-12-09 00:00:00+00:00,2019-12-09 01:00:00+00:00,2019-12-16 01:00:00+00:00,17,17,1.0,0.0,-0.0607162549019848,0.0,1.0,FROZEN_GOVERNOR,D2
2019,2019-12-16 00:00:00+00:00,2019-12-16 01:00:00+00:00,2019-12-23 01:00:00+00:00,17,17,1.0,0.0,-0.0285256722364328,0.0,1.0,FROZEN_GOVERNOR,D2
2019,2019-12-23 00:00:00+00:00,2019-12-23 01:00:00+00:00,2019-12-30 01:00:00+00:00,17,17,1.0,0.0,-0.0417758541629335,0.0,1.0,FROZEN_GOVERNOR,D2
2019,2019-12-30 00:00:00+00:00,2019-12-30 01:00:00+00:00,2020-01-01 00:00:00+00:00,17,17,1.0,0.0,-0.0251533514172038,0.0,1.0,FROZEN_GOVERNOR,D2
2019,2019-01-28 00:00:00+00:00,2019-01-28 01:00:00+00:00,2019-02-04 01:00:00+00:00,2,2,1.0,0.0,-0.0326499718023002,0.0,2.0,FROZEN_GOVERNOR,D2
2019,2019-02-04 00:00:00+00:00,2019-02-04 01:00:00+00:00,2019-02-11 01:00:00+00:00,2,2,1.0,0.0,0.1115850460277194,0.0,2.0,FROZEN_GOVERNOR,D2
2019,2019-02-11 00:00:00+00:00,2019-02-11 01:00:00+00:00,2019-02-18 01:00:00+00:00,2,2,1.0,0.0,0.0347228261674324,0.0,2.0,FROZEN_GOVERNOR,D2
2019,2019-02-18 00:00:00+00:00,2019-02-18 01:00:00+00:00,2019-02-25 01:00:00+00:00,2,2,1.0,0.0,0.0052662174870334,0.0,2.0,FROZEN_GOVERNOR,D2
2019,2019-02-25 00:00:00+00:00,2019-02-25 01:00:00+00:00,2019-03-04 01:00:00+00:00,2,2,1.0,0.0,0.0009670282567777,0.0,2.0,FROZEN_GOVERNOR,D2
2019,2019-03-04 00:00:00+00:00,2019-03-04 01:00:00+00:00,2019-03-11 01:00:00+00:00,2,2,1.0,0.0,0.0335098384725217,0.0,2.0,FROZEN_GOVERNOR,D2
2019,2019-03-11 00:00:00+00:00,2019-03-11 01:00:00+00:00,2019-03-18 01:00:00+00:00,3,3,1.0,0.0,0.1891125681178646,0.0,2.0,FROZEN_GOVERNOR,D2
2019,2019-03-18 00:00:00+00:00,2019-03-18 01:00:00+00:00,2019-03-25 01:00:00+00:00,6,6,1.0,0.0,0.0850683293447353,0.0,2.0,FROZEN_GOVERNOR,D2
2019,2019-03-25 00:00:00+00:00,2019-03-25 01:00:00+00:00,2019-04-01 01:00:00+00:00,6,6,1.0,0.0,0.0686573793634634,0.0,2.0,FROZEN_GOVERNOR,D2
2019,2019-04-01 00:00:00+00:00,2019-04-01 01:00:00+00:00,2019-04-08 01:00:00+00:00,6,6,1.0,0.0,0.2110209278539942,0.0,2.0,FROZEN_GOVERNOR,D2
2019,2019-04-08 00:00:00+00:00,2019-04-08 01:00:00+00:00,2019-04-15 01:00:00+00:00,6,6,1.0,0.0,-0.0799698492805228,0.0,2.0,FROZEN_GOVERNOR,D2
2019,2019-04-15 00:00:00+00:00,2019-04-15 01:00:00+00:00,2019-04-22 01:00:00+00:00,6,6,1.0,0.0,-0.0225433793658157,0.0,2.0,FROZEN_GOVERNOR,D2
2019,2019-04-22 00:00:00+00:00,2019-04-22 01:00:00+00:00,2019-04-29 01:00:00+00:00,6,6,1.0,0.0,-0.0482816864813324,0.0,2.0,FROZEN_GOVERNOR,D2
2019,2019-04-29 00:00:00+00:00,2019-04-29 01:00:00+00:00,2019-05-06 01:00:00+00:00,6,6,1.0,0.0,0.0364543567969348,0.0,2.0,FROZEN_GOVERNOR,D2
2019,2019-05-06 00:00:00+00:00,2019-05-06 01:00:00+00:00,2019-05-13 01:00:00+00:00,6,6,1.0,0.0,0.0683005026062198,0.0,2.0,FROZEN_GOVERNOR,D2
2019,2019-05-13 00:00:00+00:00,2019-05-13 01:00:00+00:00,2019-05-20 01:00:00+00:00,6,6,1.0,0.0,0.202364546832245,0.0,2.0,FROZEN_GOVERNOR,D2
2019,2019-05-20 00:00:00+00:00,2019-05-20 01:00:00+00:00,2019-05-27 01:00:00+00:00,6,6,1.0,0.0,0.0608790346570378,0.0,2.0,FROZEN_GOVERNOR,D2
2019,2019-05-27 00:00:00+00:00,2019-05-27 01:00:00+00:00,2019-06-03 01:00:00+00:00,6,6,1.0,0.0,0.077083918393668,0.0,2.0,FROZEN_GOVERNOR,D2
2019,2019-06-03 00:00:00+00:00,2019-06-03 01:00:00+00:00,2019-06-10 01:00:00+00:00,6,6,1.0,0.0,-0.1169487954214101,0.0,2.0,FROZEN_GOVERNOR,D2
2019,2019-06-10 00:00:00+00:00,2019-06-10 01:00:00+00:00,2019-06-17 01:00:00+00:00,6,6,1.0,0.0,0.2164477964626522,0.0,2.0,FROZEN_GOVERNOR,D2
2019,2019-06-17 00:00:00+00:00,2019-06-17 01:00:00+00:00,2019-06-24 01:00:00+00:00,6,6,1.0,0.0,0.1082256668650307,0.0,2.0,FROZEN_GOVERNOR,D2
2019,2019-06-24 00:00:00+00:00,2019-06-24 01:00:00+00:00,2019-07-01 01:00:00+00:00,6,6,1.0,0.0,-0.0892939642527203,0.0,2.0,FROZEN_GOVERNOR,D2
2019,2019-07-01 00:00:00+00:00,2019-07-01 01:00:00+00:00,2019-07-08 01:00:00+00:00,6,6,1.0,0.0,0.0213352227627164,0.0,2.0,FROZEN_GOVERNOR,D2
2019,2019-07-08 00:00:00+00:00,2019-07-08 01:00:00+00:00,2019-07-15 01:00:00+00:00,6,6,1.0,0.0,-0.2115143461394948,0.0,2.0,FROZEN_GOVERNOR,D2
2019,2019-07-15 00:00:00+00:00,2019-07-15 01:00:00+00:00,2019-07-22 01:00:00+00:00,6,6,1.0,0.0,0.0760192120822195,0.0,2.0,FROZEN_GOVERNOR,D2
2019,2019-07-22 00:00:00+00:00,2019-07-22 01:00:00+00:00,2019-07-29 01:00:00+00:00,6,6,1.0,0.1292514520876033,-0.1082205849802644,-0.014633925014907,2.0,FROZEN_GOVERNOR,D2
2019,2019-07-29 00:00:00+00:00,2019-07-29 01:00:00+00:00,2019-08-05 01:00:00+00:00,6,6,1.0,0.1313917351452435,0.1084651047785221,0.0135944596438344,2.0,FROZEN_GOVERNOR,D2
2019,2019-08-05 00:00:00+00:00,2019-08-05 01:00:00+00:00,2019-08-12 01:00:00+00:00,6,6,1.0,0.1488619353829129,-0.0241056370091779,-0.0043327214557387,2.0,FROZEN_GOVERNOR,D2
2019,2019-08-12 00:00:00+00:00,2019-08-12 01:00:00+00:00,2019-08-19 01:00:00+00:00,6,6,1.0,0.2578105684809491,-0.102468123836449,-0.0277064180998559,2.0,FROZEN_GOVERNOR,D2
2019,2019-08-19 00:00:00+00:00,2019-08-19 01:00:00+00:00,2019-08-26 01:00:00+00:00,6,6,1.0,0.2438693066128711,-0.0447397707073437,-0.0121300033934831,2.0,FROZEN_GOVERNOR,D2
2019,2019-08-26 00:00:00+00:00,2019-08-26 01:00:00+00:00,2019-09-02 01:00:00+00:00,7,7,1.0,0.2504066038232731,-0.0863997472971032,-0.022887100310973,2.0,FROZEN_GOVERNOR,D2
2019,2019-09-02 00:00:00+00:00,2019-09-02 01:00:00+00:00,2019-09-09 01:00:00+00:00,7,7,1.0,0.2580501749356455,0.0801755525018377,0.019399064473983,2.0,FROZEN_GOVERNOR,D2
2019,2019-09-09 00:00:00+00:00,2019-09-09 01:00:00+00:00,2019-09-16 01:00:00+00:00,7,7,1.0,0.2670210081110961,0.0610952082189366,0.0149785990488223,2.0,FROZEN_GOVERNOR,D2
2019,2019-09-16 00:00:00+00:00,2019-09-16 01:00:00+00:00,2019-09-23 01:00:00+00:00,7,7,1.0,0.3020350912457957,-0.0076389821714271,-0.0038174161334009,2.0,FROZEN_GOVERNOR,D2
2019,2019-09-23 00:00:00+00:00,2019-09-23 01:00:00+00:00,2019-09-30 01:00:00+00:00,9,9,1.0,0.3202335576208863,-0.2198184879764891,-0.0719944242236595,2.0,FROZEN_GOVERNOR,D2
2019,2019-09-30 00:00:00+00:00,2019-09-30 01:00:00+00:00,2019-10-07 01:00:00+00:00,10,10,1.0,0.0,0.0210485342068337,0.0,2.0,FROZEN_GOVERNOR,D2
2019,2019-10-07 00:00:00+00:00,2019-10-07 01:00:00+00:00,2019-10-14 01:00:00+00:00,12,12,1.0,0.0,0.0877804795219348,0.0,2.0,FROZEN_GOVERNOR,D2
2019,2019-10-14 00:00:00+00:00,2019-10-14 01:00:00+00:00,2019-10-21 01:00:00+00:00,13,13,1.0,0.0,0.0145299168369823,0.0,2.0,FROZEN_GOVERNOR,D2
2019,2019-10-21 00:00:00+00:00,2019-10-21 01:00:00+00:00,2019-10-28 01:00:00+00:00,13,13,1.0,0.0,0.0879075068062524,0.0,2.0,FROZEN_GOVERNOR,D2
2019,2019-10-28 00:00:00+00:00,2019-10-28 01:00:00+00:00,2019-11-04 01:00:00+00:00,13,13,1.0,0.3514268185130161,0.0583279209273846,0.0187408615894244,2.0,FROZEN_GOVERNOR,D2
2019,2019-11-04 00:00:00+00:00,2019-11-04 01:00:00+00:00,2019-11-11 01:00:00+00:00,14,14,1.0,0.3515103798403268,0.0558706151691911,0.0178815492608334,2.0,FROZEN_GOVERNOR,D2
2019,2019-11-11 00:00:00+00:00,2019-11-11 01:00:00+00:00,2019-11-18 01:00:00+00:00,15,15,1.0,0.1781236602055095,-0.0499350882703939,-0.0097852389964353,2.0,FROZEN_GOVERNOR,D2
2019,2019-11-18 00:00:00+00:00,2019-11-18 01:00:00+00:00,2019-11-25 01:00:00+00:00,15,15,1.0,0.3892305121401849,-0.228850311345601,-0.0910216764491899,2.0,FROZEN_GOVERNOR,D2
2019,2019-11-25 00:00:00+00:00,2019-11-25 01:00:00+00:00,2019-12-02 01:00:00+00:00,16,16,1.0,0.0,0.0791984417618745,0.0,2.0,FROZEN_GOVERNOR,D2
2019,2019-12-02 00:00:00+00:00,2019-12-02 01:00:00+00:00,2019-12-09 01:00:00+00:00,16,16,1.0,0.0,0.0540992774615103,0.0,2.0,FROZEN_GOVERNOR,D2
2019,2019-12-09 00:00:00+00:00,2019-12-09 01:00:00+00:00,2019-12-16 01:00:00+00:00,17,17,1.0,0.0,-0.0607162549019848,0.0,2.0,FROZEN_GOVERNOR,D2
2019,2019-12-16 00:00:00+00:00,2019-12-16 01:00:00+00:00,2019-12-23 01:00:00+00:00,17,17,1.0,0.0,-0.0285256722364328,0.0,2.0,FROZEN_GOVERNOR,D2
2019,2019-12-23 00:00:00+00:00,2019-12-23 01:00:00+00:00,2019-12-30 01:00:00+00:00,17,17,1.0,0.0,-0.0417758541629335,0.0,2.0,FROZEN_GOVERNOR,D2
2019,2019-12-30 00:00:00+00:00,2019-12-30 01:00:00+00:00,2020-01-01 00:00:00+00:00,17,17,1.0,0.0,-0.0251533514172038,0.0,2.0,FROZEN_GOVERNOR,D2
2020,2020-01-06 00:00:00+00:00,2020-01-06 01:00:00+00:00,2020-01-13 01:00:00+00:00,17,17,1.0,0.9,0.0533163633311277,0.045734726998015,1.0,NONE,D2
2020,2020-01-13 00:00:00+00:00,2020-01-13 01:00:00+00:00,2020-01-20 01:00:00+00:00,17,17,1.0,0.9,0.0838846604090674,0.0732461943681607,1.0,NONE,D2
2020,2020-01-20 00:00:00+00:00,2020-01-20 01:00:00+00:00,2020-01-27 01:00:00+00:00,17,17,1.0,0.9,0.0257330020369921,0.0209097018332928,1.0,NONE,D2
2020,2020-01-27 00:00:00+00:00,2020-01-27 01:00:00+00:00,2020-02-03 01:00:00+00:00,17,17,1.0,0.9,0.1441257371390141,0.1274631634251127,1.0,NONE,D2
2020,2020-02-03 00:00:00+00:00,2020-02-03 01:00:00+00:00,2020-02-10 01:00:00+00:00,17,17,1.0,0.9,0.190684492892958,0.1693660436036622,1.0,NONE,D2
2020,2020-02-10 00:00:00+00:00,2020-02-10 01:00:00+00:00,2020-02-17 01:00:00+00:00,17,17,1.0,0.9,-0.0002004265551171,-0.0024303838996054,1.0,NONE,D2
2020,2020-02-17 00:00:00+00:00,2020-02-17 01:00:00+00:00,2020-02-24 01:00:00+00:00,17,17,1.0,0.9,0.0222995270097643,0.0178195743087879,1.0,NONE,D2
2020,2020-02-24 00:00:00+00:00,2020-02-24 01:00:00+00:00,2020-03-02 01:00:00+00:00,17,17,1.0,0.9,-0.2184541946147622,-0.198858775153286,1.0,NONE,D2
2020,2020-03-02 00:00:00+00:00,2020-03-02 01:00:00+00:00,2020-03-09 01:00:00+00:00,17,17,1.0,0.9,-0.0719312708862764,-0.0669881437976488,1.0,NONE,D2
2020,2020-03-09 00:00:00+00:00,2020-03-09 01:00:00+00:00,2020-03-16 01:00:00+00:00,17,17,1.0,0.9,-0.363564274005333,-0.3294578466047996,1.0,NONE,D2
2020,2020-03-16 00:00:00+00:00,2020-03-16 01:00:00+00:00,2020-03-23 01:00:00+00:00,17,17,1.0,0.9,0.0287353690860595,0.0236118321774535,1.0,NONE,D2
2020,2020-03-23 00:00:00+00:00,2020-03-23 01:00:00+00:00,2020-03-30 01:00:00+00:00,17,17,1.0,0.9,0.0011186458944446,-0.0012432186949998,1.0,NONE,D2
2020,2020-03-30 00:00:00+00:00,2020-03-30 01:00:00+00:00,2020-04-06 01:00:00+00:00,17,17,1.0,0.9,0.1541805817014724,0.1365125235313251,1.0,NONE,D2
2020,2020-04-06 00:00:00+00:00,2020-04-06 01:00:00+00:00,2020-04-13 01:00:00+00:00,17,17,1.0,0.9,0.0410474997392923,0.0346927497653631,1.0,NONE,D2
2020,2020-04-13 00:00:00+00:00,2020-04-13 01:00:00+00:00,2020-04-20 01:00:00+00:00,17,17,1.0,0.9,0.0571666114066331,0.0491999502659698,1.0,NONE,D2
2020,2020-04-20 00:00:00+00:00,2020-04-20 01:00:00+00:00,2020-04-27 01:00:00+00:00,17,17,1.0,0.9,0.1101761288737047,0.0969085159863343,1.0,NONE,D2
2020,2020-04-27 00:00:00+00:00,2020-04-27 01:00:00+00:00,2020-05-04 01:00:00+00:00,17,17,1.0,0.9,0.0400890066825332,0.0338301060142798,1.0,NONE,D2
2020,2020-05-04 00:00:00+00:00,2020-05-04 01:00:00+00:00,2020-05-11 01:00:00+00:00,17,17,1.0,0.9,-0.06607540495145,-0.061717864456305,1.0,NONE,D2
2020,2020-05-11 00:00:00+00:00,2020-05-11 01:00:00+00:00,2020-05-18 01:00:00+00:00,17,17,1.0,0.9,0.0587526255429958,0.0506273629886962,1.0,NONE,D2
2020,2020-05-18 00:00:00+00:00,2020-05-18 01:00:00+00:00,2020-05-25 01:00:00+00:00,18,18,1.0,0.9,-0.0212371363925044,-0.021363422753254,1.0,NONE,D2
2020,2020-05-25 00:00:00+00:00,2020-05-25 01:00:00+00:00,2020-06-01 01:00:00+00:00,18,18,1.0,0.9,0.1072571403043943,0.0942814262739549,1.0,NONE,D2
2020,2020-06-01 00:00:00+00:00,2020-06-01 01:00:00+00:00,2020-06-08 01:00:00+00:00,18,18,1.0,0.9,0.0421012386153273,0.0356411147537946,1.0,NONE,D2
2020,2020-06-08 00:00:00+00:00,2020-06-08 01:00:00+00:00,2020-06-15 01:00:00+00:00,18,18,1.0,0.9,-0.0518421375758625,-0.0489079238182763,1.0,NONE,D2
2020,2020-06-15 00:00:00+00:00,2020-06-15 01:00:00+00:00,2020-06-22 01:00:00+00:00,18,18,1.0,0.9,0.0086398237034849,0.0055258413331364,1.0,NONE,D2
2020,2020-06-22 00:00:00+00:00,2020-06-22 01:00:00+00:00,2020-06-29 01:00:00+00:00,19,19,1.0,0.9,-0.029006223941095,-0.0283556015469855,1.0,NONE,D2
2020,2020-06-29 00:00:00+00:00,2020-06-29 01:00:00+00:00,2020-07-06 01:00:00+00:00,19,19,1.0,0.9,0.0687455517089991,0.0596209965380992,1.0,NONE,D2
2020,2020-07-06 00:00:00+00:00,2020-07-06 01:00:00+00:00,2020-07-13 01:00:00+00:00,19,19,1.0,0.9,0.1630142663282539,0.1444628396954285,1.0,NONE,D2
2020,2020-07-13 00:00:00+00:00,2020-07-13 01:00:00+00:00,2020-07-20 01:00:00+00:00,19,19,1.0,0.9,0.0274816907944189,0.022483521714977,1.0,NONE,D2
2020,2020-07-20 00:00:00+00:00,2020-07-20 01:00:00+00:00,2020-07-27 01:00:00+00:00,19,19,1.0,0.9,0.0786307779346353,0.0685177001411718,1.0,NONE,D2
2020,2020-07-27 00:00:00+00:00,2020-07-27 01:00:00+00:00,2020-08-03 01:00:00+00:00,19,19,1.0,0.9,0.0351360955851284,0.0293724860266156,1.0,NONE,D2
2020,2020-08-03 00:00:00+00:00,2020-08-03 01:00:00+00:00,2020-08-10 01:00:00+00:00,19,19,1.0,0.9,0.1848924641753609,0.1641532177578248,1.0,NONE,D2
2020,2020-08-10 00:00:00+00:00,2020-08-10 01:00:00+00:00,2020-08-17 01:00:00+00:00,19,19,1.0,0.9,0.1526755037502194,0.1351579533751975,1.0,NONE,D2
2020,2020-08-17 00:00:00+00:00,2020-08-17 01:00:00+00:00,2020-08-24 01:00:00+00:00,19,19,1.0,0.9,-0.0374456354432162,-0.0359510718988946,1.0,NONE,D2
2020,2020-08-24 00:00:00+00:00,2020-08-24 01:00:00+00:00,2020-08-31 01:00:00+00:00,19,19,1.0,0.9,0.073153130698573,0.0635878176287157,1.0,NONE,D2
2020,2020-08-31 00:00:00+00:00,2020-08-31 01:00:00+00:00,2020-09-07 01:00:00+00:00,20,20,1.0,0.9,-0.15483888078143,-0.141604992703287,1.0,NONE,D2
2020,2020-09-07 00:00:00+00:00,2020-09-07 01:00:00+00:00,2020-09-14 01:00:00+00:00,20,20,1.0,0.9,0.0251563342422442,0.0203907008180197,1.0,NONE,D2
2020,2020-09-14 00:00:00+00:00,2020-09-14 01:00:00+00:00,2020-09-21 01:00:00+00:00,20,20,1.0,0.9,-0.0820429465207564,-0.0760886518686808,1.0,NONE,D2
2020,2020-09-21 00:00:00+00:00,2020-09-21 01:00:00+00:00,2020-09-28 01:00:00+00:00,20,20,1.0,0.9,-0.0521839760780668,-0.0492155784702602,1.0,NONE,D2
2020,2020-09-28 00:00:00+00:00,2020-09-28 01:00:00+00:00,2020-10-05 01:00:00+00:00,20,20,1.0,0.9,0.0166507819345736,0.0127357037411162,1.0,NONE,D2
2020,2020-10-05 00:00:00+00:00,2020-10-05 01:00:00+00:00,2020-10-12 01:00:00+00:00,21,21,1.0,0.9,0.0262794921625302,0.0214015429462772,1.0,NONE,D2
2020,2020-10-12 00:00:00+00:00,2020-10-12 01:00:00+00:00,2020-10-19 01:00:00+00:00,21,21,1.0,0.9,-0.0103601629029362,-0.0115741466126426,1.0,NONE,D2
2020,2020-10-19 00:00:00+00:00,2020-10-19 01:00:00+00:00,2020-10-26 01:00:00+00:00,21,21,1.0,0.9,-0.0223804035407333,-0.02239236318666,1.0,NONE,D2
2020,2020-10-26 00:00:00+00:00,2020-10-26 01:00:00+00:00,2020-11-02 01:00:00+00:00,22,22,1.0,0.9,-0.01440586586193,-0.015215279275737,1.0,NONE,D2
2020,2020-11-02 00:00:00+00:00,2020-11-02 01:00:00+00:00,2020-11-09 01:00:00+00:00,22,22,1.0,0.9,0.0433362905609401,0.0367526615048461,1.0,NONE,D2
2020,2020-11-09 00:00:00+00:00,2020-11-09 01:00:00+00:00,2020-11-16 01:00:00+00:00,24,24,1.0,0.9,0.0568089764034857,0.0488780787631372,1.0,NONE,D2
2020,2020-11-16 00:00:00+00:00,2020-11-16 01:00:00+00:00,2020-11-23 01:00:00+00:00,25,25,1.0,0.9,0.1383692347806462,0.1222823113025816,1.0,NONE,D2
2020,2020-11-23 00:00:00+00:00,2020-11-23 01:00:00+00:00,2020-11-30 01:00:00+00:00,28,28,1.0,0.9,0.0459551798409901,0.0391096618568911,1.0,NONE,D2
2020,2020-11-30 00:00:00+00:00,2020-11-30 01:00:00+00:00,2020-12-07 01:00:00+00:00,29,29,1.0,0.9,0.0242583952009189,0.019582555680827,1.0,NONE,D2
2020,2020-12-07 00:00:00+00:00,2020-12-07 01:00:00+00:00,2020-12-14 01:00:00+00:00,31,31,1.0,0.9,-0.0234778995005779,-0.0233801095505201,1.0,NONE,D2
2020,2020-12-14 00:00:00+00:00,2020-12-14 01:00:00+00:00,2020-12-21 01:00:00+00:00,33,33,1.0,0.9,0.0533224297869884,0.0457401868082896,1.0,NONE,D2
2020,2020-12-21 00:00:00+00:00,2020-12-21 01:00:00+00:00,2020-12-28 01:00:00+00:00,35,35,1.0,0.9,-0.0539719303838457,-0.0508247373454611,1.0,NONE,D2
2020,2020-12-28 00:00:00+00:00,2020-12-28 01:00:00+00:00,2021-01-01 00:00:00+00:00,37,37,1.0,0.9,0.0491048863241994,0.0419443976917794,1.0,NONE,D2
2020,2020-01-06 00:00:00+00:00,2020-01-06 01:00:00+00:00,2020-01-13 01:00:00+00:00,17,17,1.0,0.9,0.0533163633311277,0.043484726998015,2.0,NONE,D2
2020,2020-01-13 00:00:00+00:00,2020-01-13 01:00:00+00:00,2020-01-20 01:00:00+00:00,17,17,1.0,0.9,0.0838846604090674,0.0709961943681607,2.0,NONE,D2
2020,2020-01-20 00:00:00+00:00,2020-01-20 01:00:00+00:00,2020-01-27 01:00:00+00:00,17,17,1.0,0.9,0.0257330020369921,0.0186597018332928,2.0,NONE,D2
2020,2020-01-27 00:00:00+00:00,2020-01-27 01:00:00+00:00,2020-02-03 01:00:00+00:00,17,17,1.0,0.9,0.1441257371390141,0.1252131634251127,2.0,NONE,D2
2020,2020-02-03 00:00:00+00:00,2020-02-03 01:00:00+00:00,2020-02-10 01:00:00+00:00,17,17,1.0,0.9,0.190684492892958,0.1671160436036622,2.0,NONE,D2
2020,2020-02-10 00:00:00+00:00,2020-02-10 01:00:00+00:00,2020-02-17 01:00:00+00:00,17,17,1.0,0.9,-0.0002004265551171,-0.0046803838996054,2.0,NONE,D2
2020,2020-02-17 00:00:00+00:00,2020-02-17 01:00:00+00:00,2020-02-24 01:00:00+00:00,17,17,1.0,0.9,0.0222995270097643,0.0155695743087879,2.0,NONE,D2
2020,2020-02-24 00:00:00+00:00,2020-02-24 01:00:00+00:00,2020-03-02 01:00:00+00:00,17,17,1.0,0.9,-0.2184541946147622,-0.201108775153286,2.0,NONE,D2
2020,2020-03-02 00:00:00+00:00,2020-03-02 01:00:00+00:00,2020-03-09 01:00:00+00:00,17,17,1.0,0.9,-0.0719312708862764,-0.0692381437976488,2.0,NONE,D2
2020,2020-03-09 00:00:00+00:00,2020-03-09 01:00:00+00:00,2020-03-16 01:00:00+00:00,17,17,1.0,0.9,-0.363564274005333,-0.3317078466047997,2.0,NONE,D2
2020,2020-03-16 00:00:00+00:00,2020-03-16 01:00:00+00:00,2020-03-23 01:00:00+00:00,17,17,1.0,0.9,0.0287353690860595,0.0213618321774535,2.0,NONE,D2
2020,2020-03-23 00:00:00+00:00,2020-03-23 01:00:00+00:00,2020-03-30 01:00:00+00:00,17,17,1.0,0.9,0.0011186458944446,-0.0034932186949998,2.0,NONE,D2
2020,2020-03-30 00:00:00+00:00,2020-03-30 01:00:00+00:00,2020-04-06 01:00:00+00:00,17,17,1.0,0.9,0.1541805817014724,0.1342625235313251,2.0,NONE,D2
2020,2020-04-06 00:00:00+00:00,2020-04-06 01:00:00+00:00,2020-04-13 01:00:00+00:00,17,17,1.0,0.9,0.0410474997392923,0.0324427497653631,2.0,NONE,D2
2020,2020-04-13 00:00:00+00:00,2020-04-13 01:00:00+00:00,2020-04-20 01:00:00+00:00,17,17,1.0,0.9,0.0571666114066331,0.0469499502659698,2.0,NONE,D2
2020,2020-04-20 00:00:00+00:00,2020-04-20 01:00:00+00:00,2020-04-27 01:00:00+00:00,17,17,1.0,0.9,0.1101761288737047,0.0946585159863343,2.0,NONE,D2
2020,2020-04-27 00:00:00+00:00,2020-04-27 01:00:00+00:00,2020-05-04 01:00:00+00:00,17,17,1.0,0.9,0.0400890066825332,0.0315801060142798,2.0,NONE,D2
2020,2020-05-04 00:00:00+00:00,2020-05-04 01:00:00+00:00,2020-05-11 01:00:00+00:00,17,17,1.0,0.9,-0.06607540495145,-0.063967864456305,2.0,NONE,D2
2020,2020-05-11 00:00:00+00:00,2020-05-11 01:00:00+00:00,2020-05-18 01:00:00+00:00,17,17,1.0,0.9,0.0587526255429958,0.0483773629886962,2.0,NONE,D2
2020,2020-05-18 00:00:00+00:00,2020-05-18 01:00:00+00:00,2020-05-25 01:00:00+00:00,18,18,1.0,0.9,-0.0212371363925044,-0.023613422753254,2.0,NONE,D2
2020,2020-05-25 00:00:00+00:00,2020-05-25 01:00:00+00:00,2020-06-01 01:00:00+00:00,18,18,1.0,0.9,0.1072571403043943,0.0920314262739549,2.0,NONE,D2
2020,2020-06-01 00:00:00+00:00,2020-06-01 01:00:00+00:00,2020-06-08 01:00:00+00:00,18,18,1.0,0.9,0.0421012386153273,0.0333911147537946,2.0,NONE,D2
2020,2020-06-08 00:00:00+00:00,2020-06-08 01:00:00+00:00,2020-06-15 01:00:00+00:00,18,18,1.0,0.9,-0.0518421375758625,-0.0511579238182763,2.0,NONE,D2
2020,2020-06-15 00:00:00+00:00,2020-06-15 01:00:00+00:00,2020-06-22 01:00:00+00:00,18,18,1.0,0.9,0.0086398237034849,0.0032758413331364,2.0,NONE,D2
2020,2020-06-22 00:00:00+00:00,2020-06-22 01:00:00+00:00,2020-06-29 01:00:00+00:00,19,19,1.0,0.9,-0.029006223941095,-0.0306056015469855,2.0,NONE,D2
2020,2020-06-29 00:00:00+00:00,2020-06-29 01:00:00+00:00,2020-07-06 01:00:00+00:00,19,19,1.0,0.9,0.0687455517089991,0.0573709965380992,2.0,NONE,D2
2020,2020-07-06 00:00:00+00:00,2020-07-06 01:00:00+00:00,2020-07-13 01:00:00+00:00,19,19,1.0,0.9,0.1630142663282539,0.1422128396954285,2.0,NONE,D2
2020,2020-07-13 00:00:00+00:00,2020-07-13 01:00:00+00:00,2020-07-20 01:00:00+00:00,19,19,1.0,0.9,0.0274816907944189,0.020233521714977,2.0,NONE,D2
2020,2020-07-20 00:00:00+00:00,2020-07-20 01:00:00+00:00,2020-07-27 01:00:00+00:00,19,19,1.0,0.9,0.0786307779346353,0.0662677001411718,2.0,NONE,D2
2020,2020-07-27 00:00:00+00:00,2020-07-27 01:00:00+00:00,2020-08-03 01:00:00+00:00,19,19,1.0,0.9,0.0351360955851284,0.0271224860266156,2.0,NONE,D2
2020,2020-08-03 00:00:00+00:00,2020-08-03 01:00:00+00:00,2020-08-10 01:00:00+00:00,19,19,1.0,0.9,0.1848924641753609,0.1619032177578248,2.0,NONE,D2
2020,2020-08-10 00:00:00+00:00,2020-08-10 01:00:00+00:00,2020-08-17 01:00:00+00:00,19,19,1.0,0.9,0.1526755037502194,0.1329079533751975,2.0,NONE,D2
2020,2020-08-17 00:00:00+00:00,2020-08-17 01:00:00+00:00,2020-08-24 01:00:00+00:00,19,19,1.0,0.9,-0.0374456354432162,-0.0382010718988946,2.0,NONE,D2
2020,2020-08-24 00:00:00+00:00,2020-08-24 01:00:00+00:00,2020-08-31 01:00:00+00:00,19,19,1.0,0.9,0.073153130698573,0.0613378176287157,2.0,NONE,D2
2020,2020-08-31 00:00:00+00:00,2020-08-31 01:00:00+00:00,2020-09-07 01:00:00+00:00,20,20,1.0,0.9,-0.15483888078143,-0.143854992703287,2.0,NONE,D2
2020,2020-09-07 00:00:00+00:00,2020-09-07 01:00:00+00:00,2020-09-14 01:00:00+00:00,20,20,1.0,0.9,0.0251563342422442,0.0181407008180197,2.0,NONE,D2
2020,2020-09-14 00:00:00+00:00,2020-09-14 01:00:00+00:00,2020-09-21 01:00:00+00:00,20,20,1.0,0.9,-0.0820429465207564,-0.0783386518686808,2.0,NONE,D2
2020,2020-09-21 00:00:00+00:00,2020-09-21 01:00:00+00:00,2020-09-28 01:00:00+00:00,20,20,1.0,0.9,-0.0521839760780668,-0.0514655784702602,2.0,NONE,D2
2020,2020-09-28 00:00:00+00:00,2020-09-28 01:00:00+00:00,2020-10-05 01:00:00+00:00,20,20,1.0,0.9,0.0166507819345736,0.0104857037411162,2.0,NONE,D2
2020,2020-10-05 00:00:00+00:00,2020-10-05 01:00:00+00:00,2020-10-12 01:00:00+00:00,21,21,1.0,0.9,0.0262794921625302,0.0191515429462772,2.0,NONE,D2
2020,2020-10-12 00:00:00+00:00,2020-10-12 01:00:00+00:00,2020-10-19 01:00:00+00:00,21,21,1.0,0.9,-0.0103601629029362,-0.0138241466126426,2.0,NONE,D2
2020,2020-10-19 00:00:00+00:00,2020-10-19 01:00:00+00:00,2020-10-26 01:00:00+00:00,21,21,1.0,0.9,-0.0223804035407333,-0.02464236318666,2.0,NONE,D2
2020,2020-10-26 00:00:00+00:00,2020-10-26 01:00:00+00:00,2020-11-02 01:00:00+00:00,22,22,1.0,0.9,-0.01440586586193,-0.017465279275737,2.0,NONE,D2
2020,2020-11-02 00:00:00+00:00,2020-11-02 01:00:00+00:00,2020-11-09 01:00:00+00:00,22,22,1.0,0.9,0.0433362905609401,0.0345026615048461,2.0,NONE,D2
2020,2020-11-09 00:00:00+00:00,2020-11-09 01:00:00+00:00,2020-11-16 01:00:00+00:00,24,24,1.0,0.9,0.0568089764034857,0.0466280787631371,2.0,NONE,D2
2020,2020-11-16 00:00:00+00:00,2020-11-16 01:00:00+00:00,2020-11-23 01:00:00+00:00,25,25,1.0,0.9,0.1383692347806462,0.1200323113025816,2.0,NONE,D2
2020,2020-11-23 00:00:00+00:00,2020-11-23 01:00:00+00:00,2020-11-30 01:00:00+00:00,28,28,1.0,0.9,0.0459551798409901,0.0368596618568911,2.0,NONE,D2
2020,2020-11-30 00:00:00+00:00,2020-11-30 01:00:00+00:00,2020-12-07 01:00:00+00:00,29,29,1.0,0.9,0.0242583952009189,0.017332555680827,2.0,NONE,D2
2020,2020-12-07 00:00:00+00:00,2020-12-07 01:00:00+00:00,2020-12-14 01:00:00+00:00,31,31,1.0,0.9,-0.0234778995005779,-0.0256301095505201,2.0,NONE,D2
2020,2020-12-14 00:00:00+00:00,2020-12-14 01:00:00+00:00,2020-12-21 01:00:00+00:00,33,33,1.0,0.9,0.0533224297869884,0.0434901868082896,2.0,NONE,D2
2020,2020-12-21 00:00:00+00:00,2020-12-21 01:00:00+00:00,2020-12-28 01:00:00+00:00,35,35,1.0,0.9,-0.0539719303838457,-0.0530747373454611,2.0,NONE,D2
2020,2020-12-28 00:00:00+00:00,2020-12-28 01:00:00+00:00,2021-01-01 00:00:00+00:00,37,37,1.0,0.9,0.0491048863241994,0.0396943976917794,2.0,NONE,D2
2020,2020-01-06 00:00:00+00:00,2020-01-06 01:00:00+00:00,2020-01-13 01:00:00+00:00,17,17,1.0,0.0,0.0533163633311277,0.0,1.0,FROZEN_GOVERNOR,D2
2020,2020-01-13 00:00:00+00:00,2020-01-13 01:00:00+00:00,2020-01-20 01:00:00+00:00,17,17,1.0,0.2910285245083601,0.0838846604090674,0.0236852576364648,1.0,FROZEN_GOVERNOR,D2
2020,2020-01-20 00:00:00+00:00,2020-01-20 01:00:00+00:00,2020-01-27 01:00:00+00:00,17,17,1.0,0.1862853528796255,0.0257330020369921,0.0043279679829141,1.0,FROZEN_GOVERNOR,D2
2020,2020-01-27 00:00:00+00:00,2020-01-27 01:00:00+00:00,2020-02-03 01:00:00+00:00,17,17,1.0,0.2021979482992053,0.1441257371390141,0.0286364334758712,1.0,FROZEN_GOVERNOR,D2
2020,2020-02-03 00:00:00+00:00,2020-02-03 01:00:00+00:00,2020-02-10 01:00:00+00:00,17,17,1.0,0.3948925315013614,0.190684492892958,0.0743126507878001,1.0,FROZEN_GOVERNOR,D2
2020,2020-02-10 00:00:00+00:00,2020-02-10 01:00:00+00:00,2020-02-17 01:00:00+00:00,17,17,1.0,0.6105984645717382,-0.0002004265551171,-0.0016488763082432,1.0,FROZEN_GOVERNOR,D2
2020,2020-02-17 00:00:00+00:00,2020-02-17 01:00:00+00:00,2020-02-24 01:00:00+00:00,17,17,1.0,0.4493507754438784,0.0222995270097643,0.0088969328152596,1.0,FROZEN_GOVERNOR,D2
2020,2020-02-24 00:00:00+00:00,2020-02-24 01:00:00+00:00,2020-03-02 01:00:00+00:00,17,17,1.0,0.3919059530673286,-0.2184541946147622,-0.0865932642247224,1.0,FROZEN_GOVERNOR,D2
2020,2020-03-02 00:00:00+00:00,2020-03-02 01:00:00+00:00,2020-03-09 01:00:00+00:00,17,17,1.0,0.0,-0.0719312708862764,0.0,1.0,FROZEN_GOVERNOR,D2
2020,2020-03-09 00:00:00+00:00,2020-03-09 01:00:00+00:00,2020-03-16 01:00:00+00:00,17,17,1.0,0.0,-0.363564274005333,0.0,1.0,FROZEN_GOVERNOR,D2
2020,2020-03-16 00:00:00+00:00,2020-03-16 01:00:00+00:00,2020-03-23 01:00:00+00:00,17,17,1.0,0.0,0.0287353690860595,0.0,1.0,FROZEN_GOVERNOR,D2
2020,2020-03-23 00:00:00+00:00,2020-03-23 01:00:00+00:00,2020-03-30 01:00:00+00:00,17,17,1.0,0.0,0.0011186458944446,0.0,1.0,FROZEN_GOVERNOR,D2
2020,2020-03-30 00:00:00+00:00,2020-03-30 01:00:00+00:00,2020-04-06 01:00:00+00:00,17,17,1.0,0.0,0.1541805817014724,0.0,1.0,FROZEN_GOVERNOR,D2
2020,2020-04-06 00:00:00+00:00,2020-04-06 01:00:00+00:00,2020-04-13 01:00:00+00:00,17,17,1.0,0.0,0.0410474997392923,0.0,1.0,FROZEN_GOVERNOR,D2
2020,2020-04-13 00:00:00+00:00,2020-04-13 01:00:00+00:00,2020-04-20 01:00:00+00:00,17,17,1.0,0.0,0.0571666114066331,0.0,1.0,FROZEN_GOVERNOR,D2
2020,2020-04-20 00:00:00+00:00,2020-04-20 01:00:00+00:00,2020-04-27 01:00:00+00:00,17,17,1.0,0.1886104840398257,0.1101761288737047,0.0203088467864041,1.0,FROZEN_GOVERNOR,D2
2020,2020-04-27 00:00:00+00:00,2020-04-27 01:00:00+00:00,2020-05-04 01:00:00+00:00,17,17,1.0,0.1995880623913458,0.0400890066825332,0.0075023170109821,1.0,FROZEN_GOVERNOR,D2
2020,2020-05-04 00:00:00+00:00,2020-05-04 01:00:00+00:00,2020-05-11 01:00:00+00:00,17,17,1.0,0.4198136899038615,-0.06607540495145,-0.0287888937893197,1.0,FROZEN_GOVERNOR,D2
2020,2020-05-11 00:00:00+00:00,2020-05-11 01:00:00+00:00,2020-05-18 01:00:00+00:00,17,17,1.0,0.4269584165573787,0.0587526255429958,0.0240175319290326,1.0,FROZEN_GOVERNOR,D2
2020,2020-05-18 00:00:00+00:00,2020-05-18 01:00:00+00:00,2020-05-25 01:00:00+00:00,18,18,1.0,0.4056686908784356,-0.0212371363925044,-0.0096294130455501,1.0,FROZEN_GOVERNOR,D2
2020,2020-05-25 00:00:00+00:00,2020-05-25 01:00:00+00:00,2020-06-01 01:00:00+00:00,18,18,1.0,0.453595424374282,0.1072571403043943,0.0475173595126079,1.0,FROZEN_GOVERNOR,D2
2020,2020-06-01 00:00:00+00:00,2020-06-01 01:00:00+00:00,2020-06-08 01:00:00+00:00,18,18,1.0,0.5603125038783734,0.0421012386153273,0.022189069165239,1.0,FROZEN_GOVERNOR,D2
2020,2020-06-08 00:00:00+00:00,2020-06-08 01:00:00+00:00,2020-06-15 01:00:00+00:00,18,18,1.0,0.6326710958131939,-0.0518421375758625,-0.0343806997289523,1.0,FROZEN_GOVERNOR,D2
2020,2020-06-15 00:00:00+00:00,2020-06-15 01:00:00+00:00,2020-06-22 01:00:00+00:00,18,18,1.0,0.2848350256860737,0.0086398237034849,0.0017488368422901,1.0,FROZEN_GOVERNOR,D2
2020,2020-06-22 00:00:00+00:00,2020-06-22 01:00:00+00:00,2020-06-29 01:00:00+00:00,19,19,1.0,0.3864502734409282,-0.029006223941095,-0.0121755888571273,1.0,FROZEN_GOVERNOR,D2
2020,2020-06-29 00:00:00+00:00,2020-06-29 01:00:00+00:00,2020-07-06 01:00:00+00:00,19,19,1.0,0.3288839446337607,0.0687455517089991,0.0217870983604954,1.0,FROZEN_GOVERNOR,D2
2020,2020-07-06 00:00:00+00:00,2020-07-06 01:00:00+00:00,2020-07-13 01:00:00+00:00,19,19,1.0,0.3884567318080967,0.1630142663282539,0.0623528473064479,1.0,FROZEN_GOVERNOR,D2
2020,2020-07-13 00:00:00+00:00,2020-07-13 01:00:00+00:00,2020-07-20 01:00:00+00:00,19,19,1.0,0.5388156703808299,0.0274816907944189,0.0134605264726414,1.0,FROZEN_GOVERNOR,D2
2020,2020-07-20 00:00:00+00:00,2020-07-20 01:00:00+00:00,2020-07-27 01:00:00+00:00,19,19,1.0,0.2935148684845579,0.0786307779346353,0.0223455152731115,1.0,FROZEN_GOVERNOR,D2
2020,2020-07-27 00:00:00+00:00,2020-07-27 01:00:00+00:00,2020-08-03 01:00:00+00:00,19,19,1.0,0.5378826823337034,0.0351360955851284,0.017554390634228,1.0,FROZEN_GOVERNOR,D2
2020,2020-08-03 00:00:00+00:00,2020-08-03 01:00:00+00:00,2020-08-10 01:00:00+00:00,19,19,1.0,0.4848963375670861,0.1848924641753609,0.0884414378784684,1.0,FROZEN_GOVERNOR,D2
2020,2020-08-10 00:00:00+00:00,2020-08-10 01:00:00+00:00,2020-08-17 01:00:00+00:00,19,19,1.0,0.4743967329595614,0.1526755037502194,0.0712427683496604,1.0,FROZEN_GOVERNOR,D2
2020,2020-08-17 00:00:00+00:00,2020-08-17 01:00:00+00:00,2020-08-24 01:00:00+00:00,19,19,1.0,0.4274775157793766,-0.0374456354432162,-0.0170758610054947,1.0,FROZEN_GOVERNOR,D2
2020,2020-08-24 00:00:00+00:00,2020-08-24 01:00:00+00:00,2020-08-31 01:00:00+00:00,19,19,1.0,0.4206641245264949,0.073153130698573,0.0297212373703712,1.0,FROZEN_GOVERNOR,D2
2020,2020-08-31 00:00:00+00:00,2020-08-31 01:00:00+00:00,2020-09-07 01:00:00+00:00,20,20,1.0,0.4051708910851414,-0.15483888078143,-0.0637491345285508,1.0,FROZEN_GOVERNOR,D2
2020,2020-09-07 00:00:00+00:00,2020-09-07 01:00:00+00:00,2020-09-14 01:00:00+00:00,20,20,1.0,0.1407437093897634,0.0251563342422442,0.0031887365224277,1.0,FROZEN_GOVERNOR,D2
2020,2020-09-14 00:00:00+00:00,2020-09-14 01:00:00+00:00,2020-09-21 01:00:00+00:00,20,20,1.0,0.1473413318812142,-0.0820429465207564,-0.0124566703415305,1.0,FROZEN_GOVERNOR,D2
2020,2020-09-21 00:00:00+00:00,2020-09-21 01:00:00+00:00,2020-09-28 01:00:00+00:00,20,20,1.0,0.1535242042582072,-0.0521839760780668,-0.00839531391306,1.0,FROZEN_GOVERNOR,D2
2020,2020-09-28 00:00:00+00:00,2020-09-28 01:00:00+00:00,2020-10-05 01:00:00+00:00,20,20,1.0,0.2309854432506268,0.0166507819345736,0.0032686246375004,1.0,FROZEN_GOVERNOR,D2
2020,2020-10-05 00:00:00+00:00,2020-10-05 01:00:00+00:00,2020-10-12 01:00:00+00:00,21,21,1.0,0.2534476834746049,0.0262794921625302,0.0060268572027958,1.0,FROZEN_GOVERNOR,D2
2020,2020-10-12 00:00:00+00:00,2020-10-12 01:00:00+00:00,2020-10-19 01:00:00+00:00,21,21,1.0,0.5790972850057141,-0.0103601629029362,-0.0074472854218215,1.0,FROZEN_GOVERNOR,D2
2020,2020-10-19 00:00:00+00:00,2020-10-19 01:00:00+00:00,2020-10-26 01:00:00+00:00,21,21,1.0,0.3931954812074763,-0.0223804035407333,-0.0097828622428348,1.0,FROZEN_GOVERNOR,D2
2020,2020-10-26 00:00:00+00:00,2020-10-26 01:00:00+00:00,2020-11-02 01:00:00+00:00,22,22,1.0,0.6615296823149678,-0.01440586586193,-0.011183732072902,1.0,FROZEN_GOVERNOR,D2
2020,2020-11-02 00:00:00+00:00,2020-11-02 01:00:00+00:00,2020-11-09 01:00:00+00:00,22,22,1.0,0.3765592121466732,0.0433362905609401,0.0153772814006202,1.0,FROZEN_GOVERNOR,D2
2020,2020-11-09 00:00:00+00:00,2020-11-09 01:00:00+00:00,2020-11-16 01:00:00+00:00,24,24,1.0,0.55662983648774,0.0568089764034857,0.0302299966552888,1.0,FROZEN_GOVERNOR,D2
2020,2020-11-16 00:00:00+00:00,2020-11-16 01:00:00+00:00,2020-11-23 01:00:00+00:00,25,25,1.0,0.6056371827116912,0.1383692347806462,0.0822874605697439,1.0,FROZEN_GOVERNOR,D2
2020,2020-11-23 00:00:00+00:00,2020-11-23 01:00:00+00:00,2020-11-30 01:00:00+00:00,28,28,1.0,0.4461114512535428,0.0459551798409901,0.0193858533433477,1.0,FROZEN_GOVERNOR,D2
2020,2020-11-30 00:00:00+00:00,2020-11-30 01:00:00+00:00,2020-12-07 01:00:00+00:00,29,29,1.0,0.3229466948268401,0.0242583952009189,0.0070268018148729,1.0,FROZEN_GOVERNOR,D2
2020,2020-12-07 00:00:00+00:00,2020-12-07 01:00:00+00:00,2020-12-14 01:00:00+00:00,31,31,1.0,0.2828714090623113,-0.0234778995005779,-0.0073484050362076,1.0,FROZEN_GOVERNOR,D2
2020,2020-12-14 00:00:00+00:00,2020-12-14 01:00:00+00:00,2020-12-21 01:00:00+00:00,33,33,1.0,0.3220543555845365,0.0533224297869884,0.0163675848742889,1.0,FROZEN_GOVERNOR,D2
2020,2020-12-21 00:00:00+00:00,2020-12-21 01:00:00+00:00,2020-12-28 01:00:00+00:00,35,35,1.0,0.3569089214389095,-0.0539719303838457,-0.0201553357648715,1.0,FROZEN_GOVERNOR,D2
2020,2020-12-28 00:00:00+00:00,2020-12-28 01:00:00+00:00,2021-01-01 00:00:00+00:00,37,37,1.0,0.2866438943372215,0.0491048863241994,0.013359006111112,1.0,FROZEN_GOVERNOR,D2
2020,2020-01-06 00:00:00+00:00,2020-01-06 01:00:00+00:00,2020-01-13 01:00:00+00:00,17,17,1.0,0.0,0.0533163633311277,0.0,2.0,FROZEN_GOVERNOR,D2
2020,2020-01-13 00:00:00+00:00,2020-01-13 01:00:00+00:00,2020-01-20 01:00:00+00:00,17,17,1.0,0.2910285245083601,0.0838846604090674,0.0229576863251939,2.0,FROZEN_GOVERNOR,D2
2020,2020-01-20 00:00:00+00:00,2020-01-20 01:00:00+00:00,2020-01-27 01:00:00+00:00,17,17,1.0,0.1862853528796255,0.0257330020369921,0.003862254600715,2.0,FROZEN_GOVERNOR,D2
2020,2020-01-27 00:00:00+00:00,2020-01-27 01:00:00+00:00,2020-02-03 01:00:00+00:00,17,17,1.0,0.2021979482992053,0.1441257371390141,0.0281309386051232,2.0,FROZEN_GOVERNOR,D2
2020,2020-02-03 00:00:00+00:00,2020-02-03 01:00:00+00:00,2020-02-10 01:00:00+00:00,17,17,1.0,0.3948925315013614,0.190684492892958,0.0733254194590467,2.0,FROZEN_GOVERNOR,D2
2020,2020-02-10 00:00:00+00:00,2020-02-10 01:00:00+00:00,2020-02-17 01:00:00+00:00,17,17,1.0,0.6105984645717382,-0.0002004265551171,-0.0031753724696726,2.0,FROZEN_GOVERNOR,D2
2020,2020-02-17 00:00:00+00:00,2020-02-17 01:00:00+00:00,2020-02-24 01:00:00+00:00,17,17,1.0,0.4493507754438784,0.0222995270097643,0.0077735558766499,2.0,FROZEN_GOVERNOR,D2
2020,2020-02-24 00:00:00+00:00,2020-02-24 01:00:00+00:00,2020-03-02 01:00:00+00:00,17,17,1.0,0.3919059530673286,-0.2184541946147622,-0.0875730291073907,2.0,FROZEN_GOVERNOR,D2
2020,2020-03-02 00:00:00+00:00,2020-03-02 01:00:00+00:00,2020-03-09 01:00:00+00:00,17,17,1.0,0.0,-0.0719312708862764,0.0,2.0,FROZEN_GOVERNOR,D2
2020,2020-03-09 00:00:00+00:00,2020-03-09 01:00:00+00:00,2020-03-16 01:00:00+00:00,17,17,1.0,0.0,-0.363564274005333,0.0,2.0,FROZEN_GOVERNOR,D2
2020,2020-03-16 00:00:00+00:00,2020-03-16 01:00:00+00:00,2020-03-23 01:00:00+00:00,17,17,1.0,0.0,0.0287353690860595,0.0,2.0,FROZEN_GOVERNOR,D2
2020,2020-03-23 00:00:00+00:00,2020-03-23 01:00:00+00:00,2020-03-30 01:00:00+00:00,17,17,1.0,0.0,0.0011186458944446,0.0,2.0,FROZEN_GOVERNOR,D2
2020,2020-03-30 00:00:00+00:00,2020-03-30 01:00:00+00:00,2020-04-06 01:00:00+00:00,17,17,1.0,0.0,0.1541805817014724,0.0,2.0,FROZEN_GOVERNOR,D2
2020,2020-04-06 00:00:00+00:00,2020-04-06 01:00:00+00:00,2020-04-13 01:00:00+00:00,17,17,1.0,0.0,0.0410474997392923,0.0,2.0,FROZEN_GOVERNOR,D2
2020,2020-04-13 00:00:00+00:00,2020-04-13 01:00:00+00:00,2020-04-20 01:00:00+00:00,17,17,1.0,0.0,0.0571666114066331,0.0,2.0,FROZEN_GOVERNOR,D2
2020,2020-04-20 00:00:00+00:00,2020-04-20 01:00:00+00:00,2020-04-27 01:00:00+00:00,17,17,1.0,0.1886104840398257,0.1101761288737047,0.0198373205763045,2.0,FROZEN_GOVERNOR,D2
2020,2020-04-27 00:00:00+00:00,2020-04-27 01:00:00+00:00,2020-05-04 01:00:00+00:00,17,17,1.0,0.1995880623913458,0.0400890066825332,0.0070033468550037,2.0,FROZEN_GOVERNOR,D2
2020,2020-05-04 00:00:00+00:00,2020-05-04 01:00:00+00:00,2020-05-11 01:00:00+00:00,17,17,1.0,0.4198136899038615,-0.06607540495145,-0.0298384280140794,2.0,FROZEN_GOVERNOR,D2
2020,2020-05-11 00:00:00+00:00,2020-05-11 01:00:00+00:00,2020-05-18 01:00:00+00:00,17,17,1.0,0.4269584165573787,0.0587526255429958,0.0229501358876392,2.0,FROZEN_GOVERNOR,D2
2020,2020-05-18 00:00:00+00:00,2020-05-18 01:00:00+00:00,2020-05-25 01:00:00+00:00,18,18,1.0,0.4056686908784356,-0.0212371363925044,-0.0106435847727462,2.0,FROZEN_GOVERNOR,D2
2020,2020-05-25 00:00:00+00:00,2020-05-25 01:00:00+00:00,2020-06-01 01:00:00+00:00,18,18,1.0,0.453595424374282,0.1072571403043943,0.0463833709516722,2.0,FROZEN_GOVERNOR,D2
2020,2020-06-01 00:00:00+00:00,2020-06-01 01:00:00+00:00,2020-06-08 01:00:00+00:00,18,18,1.0,0.5603125038783734,0.0421012386153273,0.020788287905543,2.0,FROZEN_GOVERNOR,D2
2020,2020-06-08 00:00:00+00:00,2020-06-08 01:00:00+00:00,2020-06-15 01:00:00+00:00,18,18,1.0,0.6326710958131939,-0.0518421375758625,-0.0359623774684852,2.0,FROZEN_GOVERNOR,D2
2020,2020-06-15 00:00:00+00:00,2020-06-15 01:00:00+00:00,2020-06-22 01:00:00+00:00,18,18,1.0,0.2848350256860737,0.0086398237034849,0.0010367492780749,2.0,FROZEN_GOVERNOR,D2
2020,2020-06-22 00:00:00+00:00,2020-06-22 01:00:00+00:00,2020-06-29 01:00:00+00:00,19,19,1.0,0.3864502734409282,-0.029006223941095,-0.0131417145407296,2.0,FROZEN_GOVERNOR,D2
2020,2020-06-29 00:00:00+00:00,2020-06-29 01:00:00+00:00,2020-07-06 01:00:00+00:00,19,19,1.0,0.3288839446337607,0.0687455517089991,0.020964888498911,2.0,FROZEN_GOVERNOR,D2
2020,2020-07-06 00:00:00+00:00,2020-07-06 01:00:00+00:00,2020-07-13 01:00:00+00:00,19,19,1.0,0.3884567318080967,0.1630142663282539,0.0613817054769277,2.0,FROZEN_GOVERNOR,D2
2020,2020-07-13 00:00:00+00:00,2020-07-13 01:00:00+00:00,2020-07-20 01:00:00+00:00,19,19,1.0,0.5388156703808299,0.0274816907944189,0.0121134872966893,2.0,FROZEN_GOVERNOR,D2
2020,2020-07-20 00:00:00+00:00,2020-07-20 01:00:00+00:00,2020-07-27 01:00:00+00:00,19,19,1.0,0.2935148684845579,0.0786307779346353,0.0216117281019001,2.0,FROZEN_GOVERNOR,D2
2020,2020-07-27 00:00:00+00:00,2020-07-27 01:00:00+00:00,2020-08-03 01:00:00+00:00,19,19,1.0,0.5378826823337034,0.0351360955851284,0.0162096839283937,2.0,FROZEN_GOVERNOR,D2
2020,2020-08-03 00:00:00+00:00,2020-08-03 01:00:00+00:00,2020-08-10 01:00:00+00:00,19,19,1.0,0.4848963375670861,0.1848924641753609,0.0872291970345507,2.0,FROZEN_GOVERNOR,D2
2020,2020-08-10 00:00:00+00:00,2020-08-10 01:00:00+00:00,2020-08-17 01:00:00+00:00,19,19,1.0,0.4743967329595614,0.1526755037502194,0.0700567765172615,2.0,FROZEN_GOVERNOR,D2
2020,2020-08-17 00:00:00+00:00,2020-08-17 01:00:00+00:00,2020-08-24 01:00:00+00:00,19,19,1.0,0.4274775157793766,-0.0374456354432162,-0.0181445547949431,2.0,FROZEN_GOVERNOR,D2
2020,2020-08-24 00:00:00+00:00,2020-08-24 01:00:00+00:00,2020-08-31 01:00:00+00:00,19,19,1.0,0.4206641245264949,0.073153130698573,0.028669577059055,2.0,FROZEN_GOVERNOR,D2
2020,2020-08-31 00:00:00+00:00,2020-08-31 01:00:00+00:00,2020-09-07 01:00:00+00:00,20,20,1.0,0.4051708910851414,-0.15483888078143,-0.0647620617562636,2.0,FROZEN_GOVERNOR,D2
2020,2020-09-07 00:00:00+00:00,2020-09-07 01:00:00+00:00,2020-09-14 01:00:00+00:00,20,20,1.0,0.1407437093897634,0.0251563342422442,0.0028368772489533,2.0,FROZEN_GOVERNOR,D2
2020,2020-09-14 00:00:00+00:00,2020-09-14 01:00:00+00:00,2020-09-21 01:00:00+00:00,20,20,1.0,0.1473413318812142,-0.0820429465207564,-0.0128250236712335,2.0,FROZEN_GOVERNOR,D2
2020,2020-09-21 00:00:00+00:00,2020-09-21 01:00:00+00:00,2020-09-28 01:00:00+00:00,20,20,1.0,0.1535242042582072,-0.0521839760780668,-0.0087791244237055,2.0,FROZEN_GOVERNOR,D2
2020,2020-09-28 00:00:00+00:00,2020-09-28 01:00:00+00:00,2020-10-05 01:00:00+00:00,20,20,1.0,0.2309854432506268,0.0166507819345736,0.0026911610293738,2.0,FROZEN_GOVERNOR,D2
2020,2020-10-05 00:00:00+00:00,2020-10-05 01:00:00+00:00,2020-10-12 01:00:00+00:00,21,21,1.0,0.2534476834746049,0.0262794921625302,0.0053932379941093,2.0,FROZEN_GOVERNOR,D2
2020,2020-10-12 00:00:00+00:00,2020-10-12 01:00:00+00:00,2020-10-19 01:00:00+00:00,21,21,1.0,0.5790972850057141,-0.0103601629029362,-0.0088950286343358,2.0,FROZEN_GOVERNOR,D2
2020,2020-10-19 00:00:00+00:00,2020-10-19 01:00:00+00:00,2020-10-26 01:00:00+00:00,21,21,1.0,0.3931954812074763,-0.0223804035407333,-0.0107658509458535,2.0,FROZEN_GOVERNOR,D2
2020,2020-10-26 00:00:00+00:00,2020-10-26 01:00:00+00:00,2020-11-02 01:00:00+00:00,22,22,1.0,0.6615296823149678,-0.01440586586193,-0.0128375562786894,2.0,FROZEN_GOVERNOR,D2
2020,2020-11-02 00:00:00+00:00,2020-11-02 01:00:00+00:00,2020-11-09 01:00:00+00:00,22,22,1.0,0.3765592121466732,0.0433362905609401,0.0144358833702535,2.0,FROZEN_GOVERNOR,D2
2020,2020-11-09 00:00:00+00:00,2020-11-09 01:00:00+00:00,2020-11-16 01:00:00+00:00,24,24,1.0,0.55662983648774,0.0568089764034857,0.0288384220640694,2.0,FROZEN_GOVERNOR,D2
2020,2020-11-16 00:00:00+00:00,2020-11-16 01:00:00+00:00,2020-11-23 01:00:00+00:00,25,25,1.0,0.6056371827116912,0.1383692347806462,0.0807733676129646,2.0,FROZEN_GOVERNOR,D2
2020,2020-11-23 00:00:00+00:00,2020-11-23 01:00:00+00:00,2020-11-30 01:00:00+00:00,28,28,1.0,0.4461114512535428,0.0459551798409901,0.0182705747152139,2.0,FROZEN_GOVERNOR,D2
2020,2020-11-30 00:00:00+00:00,2020-11-30 01:00:00+00:00,2020-12-07 01:00:00+00:00,29,29,1.0,0.3229466948268401,0.0242583952009189,0.0062194350778058,2.0,FROZEN_GOVERNOR,D2
2020,2020-12-07 00:00:00+00:00,2020-12-07 01:00:00+00:00,2020-12-14 01:00:00+00:00,31,31,1.0,0.2828714090623113,-0.0234778995005779,-0.0080555835588633,2.0,FROZEN_GOVERNOR,D2
2020,2020-12-14 00:00:00+00:00,2020-12-14 01:00:00+00:00,2020-12-21 01:00:00+00:00,33,33,1.0,0.3220543555845365,0.0533224297869884,0.0155624489853275,2.0,FROZEN_GOVERNOR,D2
2020,2020-12-21 00:00:00+00:00,2020-12-21 01:00:00+00:00,2020-12-28 01:00:00+00:00,35,35,1.0,0.3569089214389095,-0.0539719303838457,-0.0210476080684688,2.0,FROZEN_GOVERNOR,D2
2020,2020-12-28 00:00:00+00:00,2020-12-28 01:00:00+00:00,2021-01-01 00:00:00+00:00,37,37,1.0,0.2866438943372215,0.0491048863241994,0.0126423963752689,2.0,FROZEN_GOVERNOR,D2
2021,2021-01-04 00:00:00+00:00,2021-01-04 01:00:00+00:00,2021-01-11 01:00:00+00:00,37,37,1.0,0.9,0.1782266516496337,0.1581539864846703,1.0,NONE,D2
2021,2021-01-11 00:00:00+00:00,2021-01-11 01:00:00+00:00,2021-01-18 01:00:00+00:00,37,37,1.0,0.9,0.122911653657075,0.1083704882913675,1.0,NONE,D2
2021,2021-01-18 00:00:00+00:00,2021-01-18 01:00:00+00:00,2021-01-25 01:00:00+00:00,38,38,1.0,0.9,0.0061686048683451,0.0033017443815106,1.0,NONE,D2
2021,2021-01-25 00:00:00+00:00,2021-01-25 01:00:00+00:00,2021-02-01 01:00:00+00:00,39,39,1.0,0.9,0.0005584536420129,-0.0017473917221883,1.0,NONE,D2
2021,2021-02-01 00:00:00+00:00,2021-02-01 01:00:00+00:00,2021-02-08 01:00:00+00:00,39,39,1.0,0.9,0.2851601263537684,0.2543941137183916,1.0,NONE,D2
2021,2021-02-08 00:00:00+00:00,2021-02-08 01:00:00+00:00,2021-02-15 01:00:00+00:00,39,39,1.0,0.9,0.4847776517130625,0.4340498865417562,1.0,NONE,D2
2021,2021-02-15 00:00:00+00:00,2021-02-15 01:00:00+00:00,2021-02-22 01:00:00+00:00,41,41,1.0,0.9,0.2151734010811226,0.1914060609730103,1.0,NONE,D2
2021,2021-02-22 00:00:00+00:00,2021-02-22 01:00:00+00:00,2021-03-01 01:00:00+00:00,42,42,1.0,0.9,-0.1738215871394327,-0.1586894284254894,1.0,NONE,D2
2021,2021-03-01 00:00:00+00:00,2021-03-01 01:00:00+00:00,2021-03-08 01:00:00+00:00,42,42,1.0,0.9,0.1994008775328332,0.1772107897795498,1.0,NONE,D2
2021,2021-03-08 00:00:00+00:00,2021-03-08 01:00:00+00:00,2021-03-15 01:00:00+00:00,42,42,1.0,0.9,0.2027281019596294,0.1802052917636664,1.0,NONE,D2
2021,2021-03-15 00:00:00+00:00,2021-03-15 01:00:00+00:00,2021-03-22 01:00:00+00:00,42,42,1.0,0.9,0.1951601804178118,0.1733941623760307,1.0,NONE,D2
2021,2021-03-22 00:00:00+00:00,2021-03-22 01:00:00+00:00,2021-03-29 01:00:00+00:00,43,43,1.0,0.9,0.0124384503634407,0.0089446053270966,1.0,NONE,D2
2021,2021-03-29 00:00:00+00:00,2021-03-29 01:00:00+00:00,2021-04-05 01:00:00+00:00,43,43,1.0,0.9,0.3805892478119942,0.3402803230307948,1.0,NONE,D2
2021,2021-04-05 00:00:00+00:00,2021-04-05 01:00:00+00:00,2021-04-12 01:00:00+00:00,45,45,1.0,0.9,0.0980054154030076,0.0859548738627069,1.0,NONE,D2
2021,2021-04-12 00:00:00+00:00,2021-04-12 01:00:00+00:00,2021-04-19 01:00:00+00:00,45,45,1.0,0.9,-0.0321842988070995,-0.0312158689263895,1.0,NONE,D2
2021,2021-04-19 00:00:00+00:00,2021-04-19 01:00:00+00:00,2021-04-26 01:00:00+00:00,46,46,1.0,0.9,-0.1726501722309179,-0.1576351550078261,1.0,NONE,D2
2021,2021-04-26 00:00:00+00:00,2021-04-26 01:00:00+00:00,2021-05-03 01:00:00+00:00,48,48,1.0,0.9,0.2715308651561596,0.2421277786405437,1.0,NONE,D2
2021,2021-05-03 00:00:00+00:00,2021-05-03 01:00:00+00:00,2021-05-10 01:00:00+00:00,49,49,1.0,0.9,0.0650728355233247,0.0563155519709922,1.0,NONE,D2
2021,2021-05-10 00:00:00+00:00,2021-05-10 01:00:00+00:00,2021-05-17 01:00:00+00:00,54,54,1.0,0.9,-0.1143431312080657,-0.1051588180872591,1.0,NONE,D2
2021,2021-05-17 00:00:00+00:00,2021-05-17 01:00:00+00:00,2021-05-24 01:00:00+00:00,56,56,1.0,0.9,-0.456995286299053,-0.4135457576691477,1.0,NONE,D2
2021,2021-05-24 00:00:00+00:00,2021-05-24 01:00:00+00:00,2021-05-31 01:00:00+00:00,57,57,1.0,0.9,0.1814041352051901,0.1610137216846711,1.0,NONE,D2
2021,2021-05-31 00:00:00+00:00,2021-05-31 01:00:00+00:00,2021-06-07 01:00:00+00:00,60,60,1.0,0.9,0.1141014220770113,0.1004412798693101,1.0,NONE,D2
2021,2021-06-07 00:00:00+00:00,2021-06-07 01:00:00+00:00,2021-06-14 01:00:00+00:00,61,61,1.0,0.9,-0.0838921656498367,-0.077752949084853,1.0,NONE,D2
2021,2021-06-14 00:00:00+00:00,2021-06-14 01:00:00+00:00,2021-06-21 01:00:00+00:00,61,61,1.0,0.9,-0.0723379491425842,-0.0673541542283258,1.0,NONE,D2
2021,2021-06-21 00:00:00+00:00,2021-06-21 01:00:00+00:00,2021-06-28 01:00:00+00:00,63,63,1.0,0.9,-0.1523024391132165,-0.1393221952018948,1.0,NONE,D2
2021,2021-06-28 00:00:00+00:00,2021-06-28 01:00:00+00:00,2021-07-05 01:00:00+00:00,67,67,1.0,0.9,0.1333649560543894,0.1177784604489505,1.0,NONE,D2
2021,2021-07-05 00:00:00+00:00,2021-07-05 01:00:00+00:00,2021-07-12 01:00:00+00:00,69,69,1.0,0.9,0.0030155874454808,0.0004640287009327,1.0,NONE,D2
2021,2021-07-12 00:00:00+00:00,2021-07-12 01:00:00+00:00,2021-07-19 01:00:00+00:00,71,71,1.0,0.9,-0.1361963729862642,-0.1248267356876377,1.0,NONE,D2
2021,2021-07-19 00:00:00+00:00,2021-07-19 01:00:00+00:00,2021-07-26 01:00:00+00:00,71,71,1.0,0.9,0.0905498685848376,0.0792448817263539,1.0,NONE,D2
2021,2021-07-26 00:00:00+00:00,2021-07-26 01:00:00+00:00,2021-08-02 01:00:00+00:00,73,73,1.0,0.9,0.1118105410476899,0.0983794869429209,1.0,NONE,D2
2021,2021-08-02 00:00:00+00:00,2021-08-02 01:00:00+00:00,2021-08-09 01:00:00+00:00,75,75,1.0,0.9,0.0818195837213552,0.0713876253492197,1.0,NONE,D2
2021,2021-08-09 00:00:00+00:00,2021-08-09 01:00:00+00:00,2021-08-16 01:00:00+00:00,77,77,1.0,0.9,0.2445199171936962,0.2178179254743266,1.0,NONE,D2
2021,2021-08-16 00:00:00+00:00,2021-08-16 01:00:00+00:00,2021-08-23 01:00:00+00:00,81,81,1.0,0.9,0.1030523483127043,0.0904971134814339,1.0,NONE,D2
2021,2021-08-23 00:00:00+00:00,2021-08-23 01:00:00+00:00,2021-08-30 01:00:00+00:00,82,82,1.0,0.9,0.0433306023853083,0.0367475421467775,1.0,NONE,D2
2021,2021-08-30 00:00:00+00:00,2021-08-30 01:00:00+00:00,2021-09-06 01:00:00+00:00,85,85,1.0,0.9,0.1552951093339237,0.1375155984005313,1.0,NONE,D2
2021,2021-09-06 00:00:00+00:00,2021-09-06 01:00:00+00:00,2021-09-13 01:00:00+00:00,86,86,1.0,0.9,-0.0672021561943107,-0.0627319405748796,1.0,NONE,D2
2021,2021-09-13 00:00:00+00:00,2021-09-13 01:00:00+00:00,2021-09-20 01:00:00+00:00,89,89,1.0,0.9,-0.0145948390135117,-0.0153853551121605,1.0,NONE,D2
2021,2021-09-20 00:00:00+00:00,2021-09-20 01:00:00+00:00,2021-09-27 01:00:00+00:00,90,90,1.0,0.9,-0.1327292643307027,-0.1217063378976324,1.0,NONE,D2
2021,2021-09-27 00:00:00+00:00,2021-09-27 01:00:00+00:00,2021-10-04 01:00:00+00:00,90,90,1.0,0.9,0.1108867384453083,0.0975480646007775,1.0,NONE,D2
2021,2021-10-04 00:00:00+00:00,2021-10-04 01:00:00+00:00,2021-10-11 01:00:00+00:00,91,91,1.0,0.9,0.0578787588617097,0.0498408829755387,1.0,NONE,D2
2021,2021-10-11 00:00:00+00:00,2021-10-11 01:00:00+00:00,2021-10-18 01:00:00+00:00,93,93,1.0,0.9,0.0592440510997861,0.0510696459898075,1.0,NONE,D2
2021,2021-10-18 00:00:00+00:00,2021-10-18 01:00:00+00:00,2021-10-25 01:00:00+00:00,95,95,1.0,0.9,0.096808483390929,0.0848776350518361,1.0,NONE,D2
2021,2021-10-25 00:00:00+00:00,2021-10-25 01:00:00+00:00,2021-11-01 01:00:00+00:00,96,96,1.0,0.9,0.1782458152380022,0.158171233714202,1.0,NONE,D2
2021,2021-11-01 00:00:00+00:00,2021-11-01 01:00:00+00:00,2021-11-08 01:00:00+00:00,96,96,1.0,0.9,0.1407585909773322,0.124432731879599,1.0,NONE,D2
2021,2021-11-08 00:00:00+00:00,2021-11-08 01:00:00+00:00,2021-11-15 01:00:00+00:00,100,100,1.0,0.9,0.0604422812373148,0.0521480531135833,1.0,NONE,D2
2021,2021-11-15 00:00:00+00:00,2021-11-15 01:00:00+00:00,2021-11-22 01:00:00+00:00,102,102,1.0,0.9,0.0019575833107281,-0.0004881750203446,1.0,NONE,D2
2021,2021-11-22 00:00:00+00:00,2021-11-22 01:00:00+00:00,2021-11-29 01:00:00+00:00,103,103,1.0,0.9,-0.0039294368865802,-0.0057864931979222,1.0,NONE,D2
2021,2021-11-29 00:00:00+00:00,2021-11-29 01:00:00+00:00,2021-12-06 01:00:00+00:00,106,106,1.0,0.9,-0.1906653870733093,-0.1738488483659784,1.0,NONE,D2
2021,2021-12-06 00:00:00+00:00,2021-12-06 01:00:00+00:00,2021-12-13 01:00:00+00:00,110,110,1.0,0.9,0.0023710662388393,-0.0001160403850445,1.0,NONE,D2
2021,2021-12-13 00:00:00+00:00,2021-12-13 01:00:00+00:00,2021-12-20 01:00:00+00:00,117,117,1.0,0.9,-0.0689667087217429,-0.0643200378495686,1.0,NONE,D2
2021,2021-12-20 00:00:00+00:00,2021-12-20 01:00:00+00:00,2021-12-27 01:00:00+00:00,121,121,1.0,0.9,0.145854291264835,0.1290188621383515,1.0,NONE,D2
2021,2021-12-27 00:00:00+00:00,2021-12-27 01:00:00+00:00,2022-01-01 00:00:00+00:00,129,129,1.0,0.9,-0.098165493132849,-0.0905989438195641,1.0,NONE,D2
2021,2021-01-04 00:00:00+00:00,2021-01-04 01:00:00+00:00,2021-01-11 01:00:00+00:00,37,37,1.0,0.9,0.1782266516496337,0.1559039864846703,2.0,NONE,D2
2021,2021-01-11 00:00:00+00:00,2021-01-11 01:00:00+00:00,2021-01-18 01:00:00+00:00,37,37,1.0,0.9,0.122911653657075,0.1061204882913675,2.0,NONE,D2
2021,2021-01-18 00:00:00+00:00,2021-01-18 01:00:00+00:00,2021-01-25 01:00:00+00:00,38,38,1.0,0.9,0.0061686048683451,0.0010517443815106,2.0,NONE,D2
2021,2021-01-25 00:00:00+00:00,2021-01-25 01:00:00+00:00,2021-02-01 01:00:00+00:00,39,39,1.0,0.9,0.0005584536420129,-0.0039973917221883,2.0,NONE,D2
2021,2021-02-01 00:00:00+00:00,2021-02-01 01:00:00+00:00,2021-02-08 01:00:00+00:00,39,39,1.0,0.9,0.2851601263537684,0.2521441137183915,2.0,NONE,D2
2021,2021-02-08 00:00:00+00:00,2021-02-08 01:00:00+00:00,2021-02-15 01:00:00+00:00,39,39,1.0,0.9,0.4847776517130625,0.4317998865417562,2.0,NONE,D2
2021,2021-02-15 00:00:00+00:00,2021-02-15 01:00:00+00:00,2021-02-22 01:00:00+00:00,41,41,1.0,0.9,0.2151734010811226,0.1891560609730103,2.0,NONE,D2
2021,2021-02-22 00:00:00+00:00,2021-02-22 01:00:00+00:00,2021-03-01 01:00:00+00:00,42,42,1.0,0.9,-0.1738215871394327,-0.1609394284254894,2.0,NONE,D2
2021,2021-03-01 00:00:00+00:00,2021-03-01 01:00:00+00:00,2021-03-08 01:00:00+00:00,42,42,1.0,0.9,0.1994008775328332,0.1749607897795498,2.0,NONE,D2
2021,2021-03-08 00:00:00+00:00,2021-03-08 01:00:00+00:00,2021-03-15 01:00:00+00:00,42,42,1.0,0.9,0.2027281019596294,0.1779552917636664,2.0,NONE,D2
2021,2021-03-15 00:00:00+00:00,2021-03-15 01:00:00+00:00,2021-03-22 01:00:00+00:00,42,42,1.0,0.9,0.1951601804178118,0.1711441623760307,2.0,NONE,D2
2021,2021-03-22 00:00:00+00:00,2021-03-22 01:00:00+00:00,2021-03-29 01:00:00+00:00,43,43,1.0,0.9,0.0124384503634407,0.0066946053270966,2.0,NONE,D2
2021,2021-03-29 00:00:00+00:00,2021-03-29 01:00:00+00:00,2021-04-05 01:00:00+00:00,43,43,1.0,0.9,0.3805892478119942,0.3380303230307948,2.0,NONE,D2
2021,2021-04-05 00:00:00+00:00,2021-04-05 01:00:00+00:00,2021-04-12 01:00:00+00:00,45,45,1.0,0.9,0.0980054154030076,0.0837048738627068,2.0,NONE,D2
2021,2021-04-12 00:00:00+00:00,2021-04-12 01:00:00+00:00,2021-04-19 01:00:00+00:00,45,45,1.0,0.9,-0.0321842988070995,-0.0334658689263895,2.0,NONE,D2
2021,2021-04-19 00:00:00+00:00,2021-04-19 01:00:00+00:00,2021-04-26 01:00:00+00:00,46,46,1.0,0.9,-0.1726501722309179,-0.1598851550078261,2.0,NONE,D2
2021,2021-04-26 00:00:00+00:00,2021-04-26 01:00:00+00:00,2021-05-03 01:00:00+00:00,48,48,1.0,0.9,0.2715308651561596,0.2398777786405437,2.0,NONE,D2
2021,2021-05-03 00:00:00+00:00,2021-05-03 01:00:00+00:00,2021-05-10 01:00:00+00:00,49,49,1.0,0.9,0.0650728355233247,0.0540655519709922,2.0,NONE,D2
2021,2021-05-10 00:00:00+00:00,2021-05-10 01:00:00+00:00,2021-05-17 01:00:00+00:00,54,54,1.0,0.9,-0.1143431312080657,-0.1074088180872591,2.0,NONE,D2
2021,2021-05-17 00:00:00+00:00,2021-05-17 01:00:00+00:00,2021-05-24 01:00:00+00:00,56,56,1.0,0.9,-0.456995286299053,-0.4157957576691478,2.0,NONE,D2
2021,2021-05-24 00:00:00+00:00,2021-05-24 01:00:00+00:00,2021-05-31 01:00:00+00:00,57,57,1.0,0.9,0.1814041352051901,0.1587637216846711,2.0,NONE,D2
2021,2021-05-31 00:00:00+00:00,2021-05-31 01:00:00+00:00,2021-06-07 01:00:00+00:00,60,60,1.0,0.9,0.1141014220770113,0.0981912798693101,2.0,NONE,D2
2021,2021-06-07 00:00:00+00:00,2021-06-07 01:00:00+00:00,2021-06-14 01:00:00+00:00,61,61,1.0,0.9,-0.0838921656498367,-0.080002949084853,2.0,NONE,D2
2021,2021-06-14 00:00:00+00:00,2021-06-14 01:00:00+00:00,2021-06-21 01:00:00+00:00,61,61,1.0,0.9,-0.0723379491425842,-0.0696041542283258,2.0,NONE,D2
2021,2021-06-21 00:00:00+00:00,2021-06-21 01:00:00+00:00,2021-06-28 01:00:00+00:00,63,63,1.0,0.9,-0.1523024391132165,-0.1415721952018948,2.0,NONE,D2
2021,2021-06-28 00:00:00+00:00,2021-06-28 01:00:00+00:00,2021-07-05 01:00:00+00:00,67,67,1.0,0.9,0.1333649560543894,0.1155284604489505,2.0,NONE,D2
2021,2021-07-05 00:00:00+00:00,2021-07-05 01:00:00+00:00,2021-07-12 01:00:00+00:00,69,69,1.0,0.9,0.0030155874454808,-0.0017859712990672,2.0,NONE,D2
2021,2021-07-12 00:00:00+00:00,2021-07-12 01:00:00+00:00,2021-07-19 01:00:00+00:00,71,71,1.0,0.9,-0.1361963729862642,-0.1270767356876377,2.0,NONE,D2
2021,2021-07-19 00:00:00+00:00,2021-07-19 01:00:00+00:00,2021-07-26 01:00:00+00:00,71,71,1.0,0.9,0.0905498685848376,0.0769948817263539,2.0,NONE,D2
2021,2021-07-26 00:00:00+00:00,2021-07-26 01:00:00+00:00,2021-08-02 01:00:00+00:00,73,73,1.0,0.9,0.1118105410476899,0.0961294869429209,2.0,NONE,D2
2021,2021-08-02 00:00:00+00:00,2021-08-02 01:00:00+00:00,2021-08-09 01:00:00+00:00,75,75,1.0,0.9,0.0818195837213552,0.0691376253492197,2.0,NONE,D2
2021,2021-08-09 00:00:00+00:00,2021-08-09 01:00:00+00:00,2021-08-16 01:00:00+00:00,77,77,1.0,0.9,0.2445199171936962,0.2155679254743266,2.0,NONE,D2
2021,2021-08-16 00:00:00+00:00,2021-08-16 01:00:00+00:00,2021-08-23 01:00:00+00:00,81,81,1.0,0.9,0.1030523483127043,0.0882471134814339,2.0,NONE,D2
2021,2021-08-23 00:00:00+00:00,2021-08-23 01:00:00+00:00,2021-08-30 01:00:00+00:00,82,82,1.0,0.9,0.0433306023853083,0.0344975421467775,2.0,NONE,D2
2021,2021-08-30 00:00:00+00:00,2021-08-30 01:00:00+00:00,2021-09-06 01:00:00+00:00,85,85,1.0,0.9,0.1552951093339237,0.1352655984005313,2.0,NONE,D2
2021,2021-09-06 00:00:00+00:00,2021-09-06 01:00:00+00:00,2021-09-13 01:00:00+00:00,86,86,1.0,0.9,-0.0672021561943107,-0.0649819405748796,2.0,NONE,D2
2021,2021-09-13 00:00:00+00:00,2021-09-13 01:00:00+00:00,2021-09-20 01:00:00+00:00,89,89,1.0,0.9,-0.0145948390135117,-0.0176353551121605,2.0,NONE,D2
2021,2021-09-20 00:00:00+00:00,2021-09-20 01:00:00+00:00,2021-09-27 01:00:00+00:00,90,90,1.0,0.9,-0.1327292643307027,-0.1239563378976324,2.0,NONE,D2
2021,2021-09-27 00:00:00+00:00,2021-09-27 01:00:00+00:00,2021-10-04 01:00:00+00:00,90,90,1.0,0.9,0.1108867384453083,0.0952980646007775,2.0,NONE,D2
2021,2021-10-04 00:00:00+00:00,2021-10-04 01:00:00+00:00,2021-10-11 01:00:00+00:00,91,91,1.0,0.9,0.0578787588617097,0.0475908829755387,2.0,NONE,D2
2021,2021-10-11 00:00:00+00:00,2021-10-11 01:00:00+00:00,2021-10-18 01:00:00+00:00,93,93,1.0,0.9,0.0592440510997861,0.0488196459898075,2.0,NONE,D2
2021,2021-10-18 00:00:00+00:00,2021-10-18 01:00:00+00:00,2021-10-25 01:00:00+00:00,95,95,1.0,0.9,0.096808483390929,0.0826276350518361,2.0,NONE,D2
2021,2021-10-25 00:00:00+00:00,2021-10-25 01:00:00+00:00,2021-11-01 01:00:00+00:00,96,96,1.0,0.9,0.1782458152380022,0.155921233714202,2.0,NONE,D2
2021,2021-11-01 00:00:00+00:00,2021-11-01 01:00:00+00:00,2021-11-08 01:00:00+00:00,96,96,1.0,0.9,0.1407585909773322,0.122182731879599,2.0,NONE,D2
2021,2021-11-08 00:00:00+00:00,2021-11-08 01:00:00+00:00,2021-11-15 01:00:00+00:00,100,100,1.0,0.9,0.0604422812373148,0.0498980531135833,2.0,NONE,D2
2021,2021-11-15 00:00:00+00:00,2021-11-15 01:00:00+00:00,2021-11-22 01:00:00+00:00,102,102,1.0,0.9,0.0019575833107281,-0.0027381750203446,2.0,NONE,D2
2021,2021-11-22 00:00:00+00:00,2021-11-22 01:00:00+00:00,2021-11-29 01:00:00+00:00,103,103,1.0,0.9,-0.0039294368865802,-0.0080364931979222,2.0,NONE,D2
2021,2021-11-29 00:00:00+00:00,2021-11-29 01:00:00+00:00,2021-12-06 01:00:00+00:00,106,106,1.0,0.9,-0.1906653870733093,-0.1760988483659784,2.0,NONE,D2
2021,2021-12-06 00:00:00+00:00,2021-12-06 01:00:00+00:00,2021-12-13 01:00:00+00:00,110,110,1.0,0.9,0.0023710662388393,-0.0023660403850445,2.0,NONE,D2
2021,2021-12-13 00:00:00+00:00,2021-12-13 01:00:00+00:00,2021-12-20 01:00:00+00:00,117,117,1.0,0.9,-0.0689667087217429,-0.0665700378495686,2.0,NONE,D2
2021,2021-12-20 00:00:00+00:00,2021-12-20 01:00:00+00:00,2021-12-27 01:00:00+00:00,121,121,1.0,0.9,0.145854291264835,0.1267688621383515,2.0,NONE,D2
2021,2021-12-27 00:00:00+00:00,2021-12-27 01:00:00+00:00,2022-01-01 00:00:00+00:00,129,129,1.0,0.9,-0.098165493132849,-0.0928489438195641,2.0,NONE,D2
2021,2021-01-04 00:00:00+00:00,2021-01-04 01:00:00+00:00,2021-01-11 01:00:00+00:00,37,37,1.0,0.275412401587145,0.1782266516496337,0.0483972991536932,1.0,FROZEN_GOVERNOR,D2
2021,2021-01-11 00:00:00+00:00,2021-01-11 01:00:00+00:00,2021-01-18 01:00:00+00:00,37,37,1.0,0.2561841293141633,0.122911653657075,0.0308475546514163,1.0,FROZEN_GOVERNOR,D2
2021,2021-01-18 00:00:00+00:00,2021-01-18 01:00:00+00:00,2021-01-25 01:00:00+00:00,38,38,1.0,0.2504245627746938,0.0061686048683451,0.0009187087701484,1.0,FROZEN_GOVERNOR,D2
2021,2021-01-25 00:00:00+00:00,2021-01-25 01:00:00+00:00,2021-02-01 01:00:00+00:00,39,39,1.0,0.2236882529402194,0.0005584536420129,-0.0004343011128205,1.0,FROZEN_GOVERNOR,D2
2021,2021-02-01 00:00:00+00:00,2021-02-01 01:00:00+00:00,2021-02-08 01:00:00+00:00,39,39,1.0,0.2843414313395223,0.2851601263537684,0.0803719849100407,1.0,FROZEN_GOVERNOR,D2
2021,2021-02-08 00:00:00+00:00,2021-02-08 01:00:00+00:00,2021-02-15 01:00:00+00:00,39,39,1.0,0.2688883157946963,0.4847776517130625,0.1296788255145465,1.0,FROZEN_GOVERNOR,D2
2021,2021-02-15 00:00:00+00:00,2021-02-15 01:00:00+00:00,2021-02-22 01:00:00+00:00,41,41,1.0,0.2995647515346128,0.2151734010811226,0.0637094545528875,1.0,FROZEN_GOVERNOR,D2
2021,2021-02-22 00:00:00+00:00,2021-02-22 01:00:00+00:00,2021-03-01 01:00:00+00:00,42,42,1.0,0.3108516161620009,-0.1738215871394327,-0.0548098503265417,1.0,FROZEN_GOVERNOR,D2
2021,2021-03-01 00:00:00+00:00,2021-03-01 01:00:00+00:00,2021-03-08 01:00:00+00:00,42,42,1.0,0.2307861539444922,0.1994008775328332,0.045441996234098,1.0,FROZEN_GOVERNOR,D2
2021,2021-03-08 00:00:00+00:00,2021-03-08 01:00:00+00:00,2021-03-15 01:00:00+00:00,42,42,1.0,0.2471431958342418,0.2027281019596294,0.0494850130141272,1.0,FROZEN_GOVERNOR,D2
2021,2021-03-15 00:00:00+00:00,2021-03-15 01:00:00+00:00,2021-03-22 01:00:00+00:00,42,42,1.0,0.2775279602118565,0.1951601804178118,0.0534685868854035,1.0,FROZEN_GOVERNOR,D2
2021,2021-03-22 00:00:00+00:00,2021-03-22 01:00:00+00:00,2021-03-29 01:00:00+00:00,43,43,1.0,0.3918472880109941,0.0124384503634407,0.0038943548219461,1.0,FROZEN_GOVERNOR,D2
2021,2021-03-29 00:00:00+00:00,2021-03-29 01:00:00+00:00,2021-04-05 01:00:00+00:00,43,43,1.0,0.3529291381757222,0.3805892478119942,0.1334387123837941,1.0,FROZEN_GOVERNOR,D2
2021,2021-04-05 00:00:00+00:00,2021-04-05 01:00:00+00:00,2021-04-12 01:00:00+00:00,45,45,1.0,0.3984609721089919,0.0980054154030076,0.0380551806631555,1.0,FROZEN_GOVERNOR,D2
2021,2021-04-12 00:00:00+00:00,2021-04-12 01:00:00+00:00,2021-04-19 01:00:00+00:00,45,45,1.0,0.2915448288959698,-0.0321842988070995,-0.0101120279610925,1.0,FROZEN_GOVERNOR,D2
2021,2021-04-19 00:00:00+00:00,2021-04-19 01:00:00+00:00,2021-04-26 01:00:00+00:00,46,46,1.0,0.2827454723312346,-0.1726501722309179,-0.0495229181763279,1.0,FROZEN_GOVERNOR,D2
2021,2021-04-26 00:00:00+00:00,2021-04-26 01:00:00+00:00,2021-05-03 01:00:00+00:00,48,48,1.0,0.2863287142018309,0.2715308651561596,0.0770312617007693,1.0,FROZEN_GOVERNOR,D2
2021,2021-05-03 00:00:00+00:00,2021-05-03 01:00:00+00:00,2021-05-10 01:00:00+00:00,49,49,1.0,0.2499615421719852,0.0650728355233247,0.0156408024654842,1.0,FROZEN_GOVERNOR,D2
2021,2021-05-10 00:00:00+00:00,2021-05-10 01:00:00+00:00,2021-05-17 01:00:00+00:00,54,54,1.0,0.246883653497243,-0.1143431312080657,-0.028846659118705,1.0,FROZEN_GOVERNOR,D2
2021,2021-05-17 00:00:00+00:00,2021-05-17 01:00:00+00:00,2021-05-24 01:00:00+00:00,56,56,1.0,0.3043402029438728,-0.456995286299053,-0.1398428886840067,1.0,FROZEN_GOVERNOR,D2
2021,2021-05-24 00:00:00+00:00,2021-05-24 01:00:00+00:00,2021-05-31 01:00:00+00:00,57,57,1.0,0.0,0.1814041352051901,0.0,1.0,FROZEN_GOVERNOR,D2
2021,2021-05-31 00:00:00+00:00,2021-05-31 01:00:00+00:00,2021-06-07 01:00:00+00:00,60,60,1.0,0.0,0.1141014220770113,0.0,1.0,FROZEN_GOVERNOR,D2
2021,2021-06-07 00:00:00+00:00,2021-06-07 01:00:00+00:00,2021-06-14 01:00:00+00:00,61,61,1.0,0.0,-0.0838921656498367,0.0,1.0,FROZEN_GOVERNOR,D2
2021,2021-06-14 00:00:00+00:00,2021-06-14 01:00:00+00:00,2021-06-21 01:00:00+00:00,61,61,1.0,0.0,-0.0723379491425842,0.0,1.0,FROZEN_GOVERNOR,D2
2021,2021-06-21 00:00:00+00:00,2021-06-21 01:00:00+00:00,2021-06-28 01:00:00+00:00,63,63,1.0,0.0,-0.1523024391132165,0.0,1.0,FROZEN_GOVERNOR,D2
2021,2021-06-28 00:00:00+00:00,2021-06-28 01:00:00+00:00,2021-07-05 01:00:00+00:00,67,67,1.0,0.0,0.1333649560543894,0.0,1.0,FROZEN_GOVERNOR,D2
2021,2021-07-05 00:00:00+00:00,2021-07-05 01:00:00+00:00,2021-07-12 01:00:00+00:00,69,69,1.0,0.0,0.0030155874454808,0.0,1.0,FROZEN_GOVERNOR,D2
2021,2021-07-12 00:00:00+00:00,2021-07-12 01:00:00+00:00,2021-07-19 01:00:00+00:00,71,71,1.0,0.0,-0.1361963729862642,0.0,1.0,FROZEN_GOVERNOR,D2
2021,2021-07-19 00:00:00+00:00,2021-07-19 01:00:00+00:00,2021-07-26 01:00:00+00:00,71,71,1.0,0.0,0.0905498685848376,0.0,1.0,FROZEN_GOVERNOR,D2
2021,2021-07-26 00:00:00+00:00,2021-07-26 01:00:00+00:00,2021-08-02 01:00:00+00:00,73,73,1.0,0.0,0.1118105410476899,0.0,1.0,FROZEN_GOVERNOR,D2
2021,2021-08-02 00:00:00+00:00,2021-08-02 01:00:00+00:00,2021-08-09 01:00:00+00:00,75,75,1.0,0.1889020628356196,0.0818195837213552,0.0149836329882266,1.0,FROZEN_GOVERNOR,D2
2021,2021-08-09 00:00:00+00:00,2021-08-09 01:00:00+00:00,2021-08-16 01:00:00+00:00,77,77,1.0,0.2024304990334407,0.2445199171936962,0.0489922126135519,1.0,FROZEN_GOVERNOR,D2
2021,2021-08-16 00:00:00+00:00,2021-08-16 01:00:00+00:00,2021-08-23 01:00:00+00:00,81,81,1.0,0.4214776448511125,0.1030523483127043,0.0423805669510873,1.0,FROZEN_GOVERNOR,D2
2021,2021-08-23 00:00:00+00:00,2021-08-23 01:00:00+00:00,2021-08-30 01:00:00+00:00,82,82,1.0,0.3634245258287834,0.0433306023853083,0.0148388423111842,1.0,FROZEN_GOVERNOR,D2
2021,2021-08-30 00:00:00+00:00,2021-08-30 01:00:00+00:00,2021-09-06 01:00:00+00:00,85,85,1.0,0.3230076849789363,0.1552951093339237,0.0493539945420541,1.0,FROZEN_GOVERNOR,D2
2021,2021-09-06 00:00:00+00:00,2021-09-06 01:00:00+00:00,2021-09-13 01:00:00+00:00,86,86,1.0,0.4037994679433827,-0.0672021561943107,-0.0281456935857692,1.0,FROZEN_GOVERNOR,D2
2021,2021-09-13 00:00:00+00:00,2021-09-13 01:00:00+00:00,2021-09-20 01:00:00+00:00,89,89,1.0,0.1425080092289187,-0.0145948390135117,-0.0024361514759044,1.0,FROZEN_GOVERNOR,D2
2021,2021-09-20 00:00:00+00:00,2021-09-20 01:00:00+00:00,2021-09-27 01:00:00+00:00,90,90,1.0,0.1456929114735939,-0.1327292643307027,-0.0197019452367722,1.0,FROZEN_GOVERNOR,D2
2021,2021-09-27 00:00:00+00:00,2021-09-27 01:00:00+00:00,2021-10-04 01:00:00+00:00,90,90,1.0,0.0,0.1108867384453083,0.0,1.0,FROZEN_GOVERNOR,D2
2021,2021-10-04 00:00:00+00:00,2021-10-04 01:00:00+00:00,2021-10-11 01:00:00+00:00,91,91,1.0,0.2703268314171139,0.0578787588617097,0.0149703644108984,1.0,FROZEN_GOVERNOR,D2
2021,2021-10-11 00:00:00+00:00,2021-10-11 01:00:00+00:00,2021-10-18 01:00:00+00:00,93,93,1.0,0.3091051328660426,0.0592440510997861,0.0175398774545568,1.0,FROZEN_GOVERNOR,D2
2021,2021-10-18 00:00:00+00:00,2021-10-18 01:00:00+00:00,2021-10-25 01:00:00+00:00,95,95,1.0,0.4419647740670332,0.096808483390929,0.0416810275544765,1.0,FROZEN_GOVERNOR,D2
2021,2021-10-25 00:00:00+00:00,2021-10-25 01:00:00+00:00,2021-11-01 01:00:00+00:00,96,96,1.0,0.5710954246734854,0.1782458152380022,0.1003676309879347,1.0,FROZEN_GOVERNOR,D2
2021,2021-11-01 00:00:00+00:00,2021-11-01 01:00:00+00:00,2021-11-08 01:00:00+00:00,96,96,1.0,0.481556278065548,0.1407585909773322,0.066579292481631,1.0,FROZEN_GOVERNOR,D2
2021,2021-11-08 00:00:00+00:00,2021-11-08 01:00:00+00:00,2021-11-15 01:00:00+00:00,100,100,1.0,0.4833369039036641,0.0604422812373148,0.0280056428183591,1.0,FROZEN_GOVERNOR,D2
2021,2021-11-15 00:00:00+00:00,2021-11-15 01:00:00+00:00,2021-11-22 01:00:00+00:00,102,102,1.0,0.4623135480932768,0.0019575833107281,-0.0002507665841622,1.0,FROZEN_GOVERNOR,D2
2021,2021-11-22 00:00:00+00:00,2021-11-22 01:00:00+00:00,2021-11-29 01:00:00+00:00,103,103,1.0,0.1924226406194339,-0.0039294368865802,-0.0012371692234117,1.0,FROZEN_GOVERNOR,D2
2021,2021-11-29 00:00:00+00:00,2021-11-29 01:00:00+00:00,2021-12-06 01:00:00+00:00,106,106,1.0,0.1647033825803188,-0.1906653870733093,-0.0318149926484106,1.0,FROZEN_GOVERNOR,D2
2021,2021-12-06 00:00:00+00:00,2021-12-06 01:00:00+00:00,2021-12-13 01:00:00+00:00,110,110,1.0,0.1526644052515993,0.0023710662388393,-1.968359596444012e-05,1.0,FROZEN_GOVERNOR,D2
2021,2021-12-13 00:00:00+00:00,2021-12-13 01:00:00+00:00,2021-12-20 01:00:00+00:00,117,117,1.0,0.1632405114148961,-0.0689667087217429,-0.0116662620808767,1.0,FROZEN_GOVERNOR,D2
2021,2021-12-20 00:00:00+00:00,2021-12-20 01:00:00+00:00,2021-12-27 01:00:00+00:00,121,121,1.0,0.1776926877914749,0.145854291264835,0.0254730093212904,1.0,FROZEN_GOVERNOR,D2
2021,2021-12-27 00:00:00+00:00,2021-12-27 01:00:00+00:00,2022-01-01 00:00:00+00:00,129,129,1.0,0.1767784298690082,-0.098165493132849,-0.0177954878180144,1.0,FROZEN_GOVERNOR,D2
2021,2021-01-04 00:00:00+00:00,2021-01-04 01:00:00+00:00,2021-01-11 01:00:00+00:00,37,37,1.0,0.275412401587145,0.1782266516496337,0.0477087681497253,2.0,FROZEN_GOVERNOR,D2
2021,2021-01-11 00:00:00+00:00,2021-01-11 01:00:00+00:00,2021-01-18 01:00:00+00:00,37,37,1.0,0.2561841293141633,0.122911653657075,0.0302070943281309,2.0,FROZEN_GOVERNOR,D2
2021,2021-01-18 00:00:00+00:00,2021-01-18 01:00:00+00:00,2021-01-25 01:00:00+00:00,38,38,1.0,0.2504245627746938,0.0061686048683451,0.0002926473632117,2.0,FROZEN_GOVERNOR,D2
2021,2021-01-25 00:00:00+00:00,2021-01-25 01:00:00+00:00,2021-02-01 01:00:00+00:00,39,39,1.0,0.2236882529402194,0.0005584536420129,-0.0009935217451711,2.0,FROZEN_GOVERNOR,D2
2021,2021-02-01 00:00:00+00:00,2021-02-01 01:00:00+00:00,2021-02-08 01:00:00+00:00,39,39,1.0,0.2843414313395223,0.2851601263537684,0.0796611313316919,2.0,FROZEN_GOVERNOR,D2
2021,2021-02-08 00:00:00+00:00,2021-02-08 01:00:00+00:00,2021-02-15 01:00:00+00:00,39,39,1.0,0.2688883157946963,0.4847776517130625,0.1290066047250597,2.0,FROZEN_GOVERNOR,D2
2021,2021-02-15 00:00:00+00:00,2021-02-15 01:00:00+00:00,2021-02-22 01:00:00+00:00,41,41,1.0,0.2995647515346128,0.2151734010811226,0.062960542674051,2.0,FROZEN_GOVERNOR,D2
2021,2021-02-22 00:00:00+00:00,2021-02-22 01:00:00+00:00,2021-03-01 01:00:00+00:00,42,42,1.0,0.3108516161620009,-0.1738215871394327,-0.0555869793669467,2.0,FROZEN_GOVERNOR,D2
2021,2021-03-01 00:00:00+00:00,2021-03-01 01:00:00+00:00,2021-03-08 01:00:00+00:00,42,42,1.0,0.2307861539444922,0.1994008775328332,0.0448650308492368,2.0,FROZEN_GOVERNOR,D2
2021,2021-03-08 00:00:00+00:00,2021-03-08 01:00:00+00:00,2021-03-15 01:00:00+00:00,42,42,1.0,0.2471431958342418,0.2027281019596294,0.0488671550245416,2.0,FROZEN_GOVERNOR,D2
2021,2021-03-15 00:00:00+00:00,2021-03-15 01:00:00+00:00,2021-03-22 01:00:00+00:00,42,42,1.0,0.2775279602118565,0.1951601804178118,0.0527747669848739,2.0,FROZEN_GOVERNOR,D2
2021,2021-03-22 00:00:00+00:00,2021-03-22 01:00:00+00:00,2021-03-29 01:00:00+00:00,43,43,1.0,0.3918472880109941,0.0124384503634407,0.0029147366019186,2.0,FROZEN_GOVERNOR,D2
2021,2021-03-29 00:00:00+00:00,2021-03-29 01:00:00+00:00,2021-04-05 01:00:00+00:00,43,43,1.0,0.3529291381757222,0.3805892478119942,0.1325563895383548,2.0,FROZEN_GOVERNOR,D2
2021,2021-04-05 00:00:00+00:00,2021-04-05 01:00:00+00:00,2021-04-12 01:00:00+00:00,45,45,1.0,0.3984609721089919,0.0980054154030076,0.037059028232883,2.0,FROZEN_GOVERNOR,D2
2021,2021-04-12 00:00:00+00:00,2021-04-12 01:00:00+00:00,2021-04-19 01:00:00+00:00,45,45,1.0,0.2915448288959698,-0.0321842988070995,-0.0108408900333324,2.0,FROZEN_GOVERNOR,D2
2021,2021-04-19 00:00:00+00:00,2021-04-19 01:00:00+00:00,2021-04-26 01:00:00+00:00,46,46,1.0,0.2827454723312346,-0.1726501722309179,-0.050229781857156,2.0,FROZEN_GOVERNOR,D2
2021,2021-04-26 00:00:00+00:00,2021-04-26 01:00:00+00:00,2021-05-03 01:00:00+00:00,48,48,1.0,0.2863287142018309,0.2715308651561596,0.0763154399152647,2.0,FROZEN_GOVERNOR,D2
2021,2021-05-03 00:00:00+00:00,2021-05-03 01:00:00+00:00,2021-05-10 01:00:00+00:00,49,49,1.0,0.2499615421719852,0.0650728355233247,0.0150158986100542,2.0,FROZEN_GOVERNOR,D2
2021,2021-05-10 00:00:00+00:00,2021-05-10 01:00:00+00:00,2021-05-17 01:00:00+00:00,54,54,1.0,0.246883653497243,-0.1143431312080657,-0.0294638682524481,2.0,FROZEN_GOVERNOR,D2
2021,2021-05-17 00:00:00+00:00,2021-05-17 01:00:00+00:00,2021-05-24 01:00:00+00:00,56,56,1.0,0.3043402029438728,-0.456995286299053,-0.1406037391913664,2.0,FROZEN_GOVERNOR,D2
2021,2021-05-24 00:00:00+00:00,2021-05-24 01:00:00+00:00,2021-05-31 01:00:00+00:00,57,57,1.0,0.0,0.1814041352051901,0.0,2.0,FROZEN_GOVERNOR,D2
2021,2021-05-31 00:00:00+00:00,2021-05-31 01:00:00+00:00,2021-06-07 01:00:00+00:00,60,60,1.0,0.0,0.1141014220770113,0.0,2.0,FROZEN_GOVERNOR,D2
2021,2021-06-07 00:00:00+00:00,2021-06-07 01:00:00+00:00,2021-06-14 01:00:00+00:00,61,61,1.0,0.0,-0.0838921656498367,0.0,2.0,FROZEN_GOVERNOR,D2
2021,2021-06-14 00:00:00+00:00,2021-06-14 01:00:00+00:00,2021-06-21 01:00:00+00:00,61,61,1.0,0.0,-0.0723379491425842,0.0,2.0,FROZEN_GOVERNOR,D2
2021,2021-06-21 00:00:00+00:00,2021-06-21 01:00:00+00:00,2021-06-28 01:00:00+00:00,63,63,1.0,0.0,-0.1523024391132165,0.0,2.0,FROZEN_GOVERNOR,D2
2021,2021-06-28 00:00:00+00:00,2021-06-28 01:00:00+00:00,2021-07-05 01:00:00+00:00,67,67,1.0,0.0,0.1333649560543894,0.0,2.0,FROZEN_GOVERNOR,D2
2021,2021-07-05 00:00:00+00:00,2021-07-05 01:00:00+00:00,2021-07-12 01:00:00+00:00,69,69,1.0,0.0,0.0030155874454808,0.0,2.0,FROZEN_GOVERNOR,D2
2021,2021-07-12 00:00:00+00:00,2021-07-12 01:00:00+00:00,2021-07-19 01:00:00+00:00,71,71,1.0,0.0,-0.1361963729862642,0.0,2.0,FROZEN_GOVERNOR,D2
2021,2021-07-19 00:00:00+00:00,2021-07-19 01:00:00+00:00,2021-07-26 01:00:00+00:00,71,71,1.0,0.0,0.0905498685848376,0.0,2.0,FROZEN_GOVERNOR,D2
2021,2021-07-26 00:00:00+00:00,2021-07-26 01:00:00+00:00,2021-08-02 01:00:00+00:00,73,73,1.0,0.0,0.1118105410476899,0.0,2.0,FROZEN_GOVERNOR,D2
2021,2021-08-02 00:00:00+00:00,2021-08-02 01:00:00+00:00,2021-08-09 01:00:00+00:00,75,75,1.0,0.1889020628356196,0.0818195837213552,0.0145113778311375,2.0,FROZEN_GOVERNOR,D2
2021,2021-08-09 00:00:00+00:00,2021-08-09 01:00:00+00:00,2021-08-16 01:00:00+00:00,77,77,1.0,0.2024304990334407,0.2445199171936962,0.0484861363659683,2.0,FROZEN_GOVERNOR,D2
2021,2021-08-16 00:00:00+00:00,2021-08-16 01:00:00+00:00,2021-08-23 01:00:00+00:00,81,81,1.0,0.4214776448511125,0.1030523483127043,0.0413268728389595,2.0,FROZEN_GOVERNOR,D2
2021,2021-08-23 00:00:00+00:00,2021-08-23 01:00:00+00:00,2021-08-30 01:00:00+00:00,82,82,1.0,0.3634245258287834,0.0433306023853083,0.0139302809966123,2.0,FROZEN_GOVERNOR,D2
2021,2021-08-30 00:00:00+00:00,2021-08-30 01:00:00+00:00,2021-09-06 01:00:00+00:00,85,85,1.0,0.3230076849789363,0.1552951093339237,0.0485464753296068,2.0,FROZEN_GOVERNOR,D2
2021,2021-09-06 00:00:00+00:00,2021-09-06 01:00:00+00:00,2021-09-13 01:00:00+00:00,86,86,1.0,0.4037994679433827,-0.0672021561943107,-0.0291551922556276,2.0,FROZEN_GOVERNOR,D2
2021,2021-09-13 00:00:00+00:00,2021-09-13 01:00:00+00:00,2021-09-20 01:00:00+00:00,89,89,1.0,0.1425080092289187,-0.0145948390135117,-0.0027924214989767,2.0,FROZEN_GOVERNOR,D2
2021,2021-09-20 00:00:00+00:00,2021-09-20 01:00:00+00:00,2021-09-27 01:00:00+00:00,90,90,1.0,0.1456929114735939,-0.1327292643307027,-0.0200661775154562,2.0,FROZEN_GOVERNOR,D2
2021,2021-09-27 00:00:00+00:00,2021-09-27 01:00:00+00:00,2021-10-04 01:00:00+00:00,90,90,1.0,0.0,0.1108867384453083,0.0,2.0,FROZEN_GOVERNOR,D2
2021,2021-10-04 00:00:00+00:00,2021-10-04 01:00:00+00:00,2021-10-11 01:00:00+00:00,91,91,1.0,0.2703268314171139,0.0578787588617097,0.0142945473323556,2.0,FROZEN_GOVERNOR,D2
2021,2021-10-11 00:00:00+00:00,2021-10-11 01:00:00+00:00,2021-10-18 01:00:00+00:00,93,93,1.0,0.3091051328660426,0.0592440510997861,0.0167671146223917,2.0,FROZEN_GOVERNOR,D2
2021,2021-10-18 00:00:00+00:00,2021-10-18 01:00:00+00:00,2021-10-25 01:00:00+00:00,95,95,1.0,0.4419647740670332,0.096808483390929,0.0405761156193089,2.0,FROZEN_GOVERNOR,D2
2021,2021-10-25 00:00:00+00:00,2021-10-25 01:00:00+00:00,2021-11-01 01:00:00+00:00,96,96,1.0,0.5710954246734854,0.1782458152380022,0.098939892426251,2.0,FROZEN_GOVERNOR,D2
2021,2021-11-01 00:00:00+00:00,2021-11-01 01:00:00+00:00,2021-11-08 01:00:00+00:00,96,96,1.0,0.481556278065548,0.1407585909773322,0.0653754017864672,2.0,FROZEN_GOVERNOR,D2
2021,2021-11-08 00:00:00+00:00,2021-11-08 01:00:00+00:00,2021-11-15 01:00:00+00:00,100,100,1.0,0.4833369039036641,0.0604422812373148,0.0267973005585999,2.0,FROZEN_GOVERNOR,D2
2021,2021-11-15 00:00:00+00:00,2021-11-15 01:00:00+00:00,2021-11-22 01:00:00+00:00,102,102,1.0,0.4623135480932768,0.0019575833107281,-0.0014065504543954,2.0,FROZEN_GOVERNOR,D2
2021,2021-11-22 00:00:00+00:00,2021-11-22 01:00:00+00:00,2021-11-29 01:00:00+00:00,103,103,1.0,0.1924226406194339,-0.0039294368865802,-0.0017182258249603,2.0,FROZEN_GOVERNOR,D2
2021,2021-11-29 00:00:00+00:00,2021-11-29 01:00:00+00:00,2021-12-06 01:00:00+00:00,106,106,1.0,0.1647033825803188,-0.1906653870733093,-0.0322267511048614,2.0,FROZEN_GOVERNOR,D2
2021,2021-12-06 00:00:00+00:00,2021-12-06 01:00:00+00:00,2021-12-13 01:00:00+00:00,110,110,1.0,0.1526644052515993,0.0023710662388393,-0.0004013446090934,2.0,FROZEN_GOVERNOR,D2
2021,2021-12-13 00:00:00+00:00,2021-12-13 01:00:00+00:00,2021-12-20 01:00:00+00:00,117,117,1.0,0.1632405114148961,-0.0689667087217429,-0.0120743633594139,2.0,FROZEN_GOVERNOR,D2
2021,2021-12-20 00:00:00+00:00,2021-12-20 01:00:00+00:00,2021-12-27 01:00:00+00:00,121,121,1.0,0.1776926877914749,0.145854291264835,0.0250287776018118,2.0,FROZEN_GOVERNOR,D2
2021,2021-12-27 00:00:00+00:00,2021-12-27 01:00:00+00:00,2022-01-01 00:00:00+00:00,129,129,1.0,0.1767784298690082,-0.098165493132849,-0.018237433892687,2.0,FROZEN_GOVERNOR,D2
2022,2022-01-03 00:00:00+00:00,2022-01-03 01:00:00+00:00,2022-01-10 01:00:00+00:00,131,131,1.0,0.9,-0.1543379560010427,-0.1411541604009384,1.0,NONE,D2
2022,2022-01-10 00:00:00+00:00,2022-01-10 01:00:00+00:00,2022-01-17 01:00:00+00:00,131,131,1.0,0.9,0.0644456125571875,0.0557510513014688,1.0,NONE,D2
2022,2022-01-17 00:00:00+00:00,2022-01-17 01:00:00+00:00,2022-01-24 01:00:00+00:00,134,134,1.0,0.9,-0.2891344890945299,-0.2624710401850769,1.0,NONE,D2
2022,2022-01-24 00:00:00+00:00,2022-01-24 01:00:00+00:00,2022-01-31 01:00:00+00:00,136,136,1.0,0.9,-0.0176193162533213,-0.0181073846279892,1.0,NONE,D2
2022,2022-01-31 00:00:00+00:00,2022-01-31 01:00:00+00:00,2022-02-07 01:00:00+00:00,140,140,1.0,0.9,0.1646552989801398,0.1459397690821259,1.0,NONE,D2
2022,2022-02-07 00:00:00+00:00,2022-02-07 01:00:00+00:00,2022-02-14 01:00:00+00:00,142,142,1.0,0.9,-0.0650931972575849,-0.0608338775318264,1.0,NONE,D2
2022,2022-02-14 00:00:00+00:00,2022-02-14 01:00:00+00:00,2022-02-21 01:00:00+00:00,146,146,1.0,0.9,-0.0964773838838054,-0.0890796454954248,1.0,NONE,D2
2022,2022-02-21 00:00:00+00:00,2022-02-21 01:00:00+00:00,2022-02-28 01:00:00+00:00,151,151,1.0,0.9,-0.0704593857664439,-0.0656634471897995,1.0,NONE,D2
2022,2022-02-28 00:00:00+00:00,2022-02-28 01:00:00+00:00,2022-03-07 01:00:00+00:00,157,157,1.0,0.9,0.0029196429675178,0.000377678670766,1.0,NONE,D2
2022,2022-03-07 00:00:00+00:00,2022-03-07 01:00:00+00:00,2022-03-14 01:00:00+00:00,159,159,1.0,0.9,-0.0322125952205015,-0.0312413356984513,1.0,NONE,D2
2022,2022-03-14 00:00:00+00:00,2022-03-14 01:00:00+00:00,2022-03-21 01:00:00+00:00,162,162,1.0,0.9,0.1355159037048837,0.1197143133343954,1.0,NONE,D2
2022,2022-03-21 00:00:00+00:00,2022-03-21 01:00:00+00:00,2022-03-28 01:00:00+00:00,163,163,1.0,0.9,0.1798913088415746,0.1596521779574172,1.0,NONE,D2
2022,2022-03-28 00:00:00+00:00,2022-03-28 01:00:00+00:00,2022-04-04 01:00:00+00:00,164,164,1.0,0.9,0.092884084158469,0.0813456757426221,1.0,NONE,D2
2022,2022-04-04 00:00:00+00:00,2022-04-04 01:00:00+00:00,2022-04-11 01:00:00+00:00,166,166,1.0,0.9,-0.1570434562115874,-0.1435891105904286,1.0,NONE,D2
2022,2022-04-11 00:00:00+00:00,2022-04-11 01:00:00+00:00,2022-04-18 01:00:00+00:00,168,168,1.0,0.9,-0.0708438460639216,-0.0660094614575294,1.0,NONE,D2
2022,2022-04-18 00:00:00+00:00,2022-04-18 01:00:00+00:00,2022-04-25 01:00:00+00:00,170,170,1.0,0.9,-0.014569321576603,-0.0153623894189427,1.0,NONE,D2
2022,2022-04-25 00:00:00+00:00,2022-04-25 01:00:00+00:00,2022-05-02 01:00:00+00:00,171,171,1.0,0.9,-0.1561214963948113,-0.1427593467553302,1.0,NONE,D2
2022,2022-05-02 00:00:00+00:00,2022-05-02 01:00:00+00:00,2022-05-09 01:00:00+00:00,171,171,1.0,0.9,-0.1073179059595596,-0.0988361153636036,1.0,NONE,D2
2022,2022-05-09 00:00:00+00:00,2022-05-09 01:00:00+00:00,2022-05-16 01:00:00+00:00,173,173,1.0,0.9,-0.2798314834657835,-0.2540983351192052,1.0,NONE,D2
2022,2022-05-16 00:00:00+00:00,2022-05-16 01:00:00+00:00,2022-05-23 01:00:00+00:00,173,173,1.0,0.9,0.0017739498771817,-0.0006534451105363,1.0,NONE,D2
2022,2022-05-23 00:00:00+00:00,2022-05-23 01:00:00+00:00,2022-05-30 01:00:00+00:00,173,173,1.0,0.9,-0.0879063710453798,-0.0813657339408418,1.0,NONE,D2
2022,2022-05-30 00:00:00+00:00,2022-05-30 01:00:00+00:00,2022-06-06 01:00:00+00:00,174,174,1.0,0.9,0.0186321628676117,0.0145189465808505,1.0,NONE,D2
2022,2022-06-06 00:00:00+00:00,2022-06-06 01:00:00+00:00,2022-06-13 01:00:00+00:00,176,176,1.0,0.9,-0.1804793327119874,-0.1646813994407887,1.0,NONE,D2
2022,2022-06-13 00:00:00+00:00,2022-06-13 01:00:00+00:00,2022-06-20 01:00:00+00:00,176,176,1.0,0.9,-0.0796174107567952,-0.0739056696811157,1.0,NONE,D2
2022,2022-06-20 00:00:00+00:00,2022-06-20 01:00:00+00:00,2022-06-27 01:00:00+00:00,178,178,1.0,0.9,0.0935212646320951,0.0819191381688855,1.0,NONE,D2
2022,2022-06-27 00:00:00+00:00,2022-06-27 01:00:00+00:00,2022-07-04 01:00:00+00:00,180,180,1.0,0.9,-0.0589881065823633,-0.055339295924127,1.0,NONE,D2
2022,2022-07-04 00:00:00+00:00,2022-07-04 01:00:00+00:00,2022-07-11 01:00:00+00:00,183,183,1.0,0.9,0.0672832749395613,0.0583049474456052,1.0,NONE,D2
2022,2022-07-11 00:00:00+00:00,2022-07-11 01:00:00+00:00,2022-07-18 01:00:00+00:00,183,183,1.0,0.9,0.0303566369180116,0.0250709732262105,1.0,NONE,D2
2022,2022-07-18 00:00:00+00:00,2022-07-18 01:00:00+00:00,2022-07-25 01:00:00+00:00,185,185,1.0,0.9,0.0678137108547933,0.058782339769314,1.0,NONE,D2
2022,2022-07-25 00:00:00+00:00,2022-07-25 01:00:00+00:00,2022-08-01 01:00:00+00:00,189,189,1.0,0.9,0.062441176678763,0.0539470590108867,1.0,NONE,D2
2022,2022-08-01 00:00:00+00:00,2022-08-01 01:00:00+00:00,2022-08-08 01:00:00+00:00,192,192,1.0,0.9,0.0443613487883264,0.0376752139094938,1.0,NONE,D2
2022,2022-08-08 00:00:00+00:00,2022-08-08 01:00:00+00:00,2022-08-15 01:00:00+00:00,194,194,1.0,0.9,0.0367723666113837,0.0308451299502453,1.0,NONE,D2
2022,2022-08-15 00:00:00+00:00,2022-08-15 01:00:00+00:00,2022-08-22 01:00:00+00:00,198,198,1.0,0.9,-0.1181432090681254,-0.1085788881613128,1.0,NONE,D2
2022,2022-08-22 00:00:00+00:00,2022-08-22 01:00:00+00:00,2022-08-29 01:00:00+00:00,198,198,1.0,0.9,-0.0958681054348322,-0.088531294891349,1.0,NONE,D2
2022,2022-08-29 00:00:00+00:00,2022-08-29 01:00:00+00:00,2022-09-05 01:00:00+00:00,203,203,1.0,0.9,0.0478165822046828,0.0407849239842145,1.0,NONE,D2
2022,2022-09-05 00:00:00+00:00,2022-09-05 01:00:00+00:00,2022-09-12 01:00:00+00:00,204,204,1.0,0.9,0.0592183087976277,0.0510464779178649,1.0,NONE,D2
2022,2022-09-12 00:00:00+00:00,2022-09-12 01:00:00+00:00,2022-09-19 01:00:00+00:00,204,204,1.0,0.9,-0.1335585040743901,-0.1224526536669511,1.0,NONE,D2
2022,2022-09-19 00:00:00+00:00,2022-09-19 01:00:00+00:00,2022-09-26 01:00:00+00:00,205,205,1.0,0.9,0.0038486644798716,0.0012137980318844,1.0,NONE,D2
2022,2022-09-26 00:00:00+00:00,2022-09-26 01:00:00+00:00,2022-10-03 01:00:00+00:00,207,207,1.0,0.9,-0.0153749936460847,-0.0160874942814762,1.0,NONE,D2
2022,2022-10-03 00:00:00+00:00,2022-10-03 01:00:00+00:00,2022-10-10 01:00:00+00:00,209,209,1.0,0.9,0.0302108727771169,0.0249397854994052,1.0,NONE,D2
2022,2022-10-10 00:00:00+00:00,2022-10-10 01:00:00+00:00,2022-10-17 01:00:00+00:00,210,210,1.0,0.9,-0.0253812998098925,-0.0250931698289032,1.0,NONE,D2
2022,2022-10-17 00:00:00+00:00,2022-10-17 01:00:00+00:00,2022-10-24 01:00:00+00:00,210,210,1.0,0.9,-0.0132264412801041,-0.0141537971520937,1.0,NONE,D2
2022,2022-10-24 00:00:00+00:00,2022-10-24 01:00:00+00:00,2022-10-31 01:00:00+00:00,211,211,1.0,0.9,0.0557063705650807,0.0478857335085726,1.0,NONE,D2
2022,2022-10-31 00:00:00+00:00,2022-10-31 01:00:00+00:00,2022-11-07 01:00:00+00:00,211,211,1.0,0.9,0.0404603823873306,0.0341643441485976,1.0,NONE,D2
2022,2022-11-07 00:00:00+00:00,2022-11-07 01:00:00+00:00,2022-11-14 01:00:00+00:00,211,211,1.0,0.9,-0.2755024555101173,-0.2502022099591056,1.0,NONE,D2
2022,2022-11-14 00:00:00+00:00,2022-11-14 01:00:00+00:00,2022-11-21 01:00:00+00:00,211,211,1.0,0.9,-0.0128093543189835,-0.0137784188870852,1.0,NONE,D2
2022,2022-11-21 00:00:00+00:00,2022-11-21 01:00:00+00:00,2022-11-28 01:00:00+00:00,211,211,1.0,0.9,0.0452979794418576,0.0385181814976718,1.0,NONE,D2
2022,2022-11-28 00:00:00+00:00,2022-11-28 01:00:00+00:00,2022-12-05 01:00:00+00:00,211,211,1.0,0.9,0.0429615073602374,0.0364153566242137,1.0,NONE,D2
2022,2022-12-05 00:00:00+00:00,2022-12-05 01:00:00+00:00,2022-12-12 01:00:00+00:00,213,213,1.0,0.9,-0.0261716626594911,-0.025804496393542,1.0,NONE,D2
2022,2022-12-12 00:00:00+00:00,2022-12-12 01:00:00+00:00,2022-12-19 01:00:00+00:00,213,213,1.0,0.9,-0.1086430173315149,-0.1000287155983634,1.0,NONE,D2
2022,2022-12-19 00:00:00+00:00,2022-12-19 01:00:00+00:00,2022-12-26 01:00:00+00:00,213,213,1.0,0.9,-0.0159050942349189,-0.016564584811427,1.0,NONE,D2
2022,2022-12-26 00:00:00+00:00,2022-12-26 01:00:00+00:00,2023-01-01 00:00:00+00:00,215,215,1.0,0.9,-0.0428773745917447,-0.0408396371325702,1.0,NONE,D2
2022,2022-01-03 00:00:00+00:00,2022-01-03 01:00:00+00:00,2022-01-10 01:00:00+00:00,131,131,1.0,0.9,-0.1543379560010427,-0.1434041604009384,2.0,NONE,D2
2022,2022-01-10 00:00:00+00:00,2022-01-10 01:00:00+00:00,2022-01-17 01:00:00+00:00,131,131,1.0,0.9,0.0644456125571875,0.0535010513014688,2.0,NONE,D2
2022,2022-01-17 00:00:00+00:00,2022-01-17 01:00:00+00:00,2022-01-24 01:00:00+00:00,134,134,1.0,0.9,-0.2891344890945299,-0.264721040185077,2.0,NONE,D2
2022,2022-01-24 00:00:00+00:00,2022-01-24 01:00:00+00:00,2022-01-31 01:00:00+00:00,136,136,1.0,0.9,-0.0176193162533213,-0.0203573846279892,2.0,NONE,D2
2022,2022-01-31 00:00:00+00:00,2022-01-31 01:00:00+00:00,2022-02-07 01:00:00+00:00,140,140,1.0,0.9,0.1646552989801398,0.1436897690821258,2.0,NONE,D2
2022,2022-02-07 00:00:00+00:00,2022-02-07 01:00:00+00:00,2022-02-14 01:00:00+00:00,142,142,1.0,0.9,-0.0650931972575849,-0.0630838775318264,2.0,NONE,D2
2022,2022-02-14 00:00:00+00:00,2022-02-14 01:00:00+00:00,2022-02-21 01:00:00+00:00,146,146,1.0,0.9,-0.0964773838838054,-0.0913296454954248,2.0,NONE,D2
2022,2022-02-21 00:00:00+00:00,2022-02-21 01:00:00+00:00,2022-02-28 01:00:00+00:00,151,151,1.0,0.9,-0.0704593857664439,-0.0679134471897995,2.0,NONE,D2
2022,2022-02-28 00:00:00+00:00,2022-02-28 01:00:00+00:00,2022-03-07 01:00:00+00:00,157,157,1.0,0.9,0.0029196429675178,-0.0018723213292339,2.0,NONE,D2
2022,2022-03-07 00:00:00+00:00,2022-03-07 01:00:00+00:00,2022-03-14 01:00:00+00:00,159,159,1.0,0.9,-0.0322125952205015,-0.0334913356984514,2.0,NONE,D2
2022,2022-03-14 00:00:00+00:00,2022-03-14 01:00:00+00:00,2022-03-21 01:00:00+00:00,162,162,1.0,0.9,0.1355159037048837,0.1174643133343954,2.0,NONE,D2
2022,2022-03-21 00:00:00+00:00,2022-03-21 01:00:00+00:00,2022-03-28 01:00:00+00:00,163,163,1.0,0.9,0.1798913088415746,0.1574021779574172,2.0,NONE,D2
2022,2022-03-28 00:00:00+00:00,2022-03-28 01:00:00+00:00,2022-04-04 01:00:00+00:00,164,164,1.0,0.9,0.092884084158469,0.0790956757426221,2.0,NONE,D2
2022,2022-04-04 00:00:00+00:00,2022-04-04 01:00:00+00:00,2022-04-11 01:00:00+00:00,166,166,1.0,0.9,-0.1570434562115874,-0.1458391105904286,2.0,NONE,D2
2022,2022-04-11 00:00:00+00:00,2022-04-11 01:00:00+00:00,2022-04-18 01:00:00+00:00,168,168,1.0,0.9,-0.0708438460639216,-0.0682594614575295,2.0,NONE,D2
2022,2022-04-18 00:00:00+00:00,2022-04-18 01:00:00+00:00,2022-04-25 01:00:00+00:00,170,170,1.0,0.9,-0.014569321576603,-0.0176123894189427,2.0,NONE,D2
2022,2022-04-25 00:00:00+00:00,2022-04-25 01:00:00+00:00,2022-05-02 01:00:00+00:00,171,171,1.0,0.9,-0.1561214963948113,-0.1450093467553302,2.0,NONE,D2
2022,2022-05-02 00:00:00+00:00,2022-05-02 01:00:00+00:00,2022-05-09 01:00:00+00:00,171,171,1.0,0.9,-0.1073179059595596,-0.1010861153636036,2.0,NONE,D2
2022,2022-05-09 00:00:00+00:00,2022-05-09 01:00:00+00:00,2022-05-16 01:00:00+00:00,173,173,1.0,0.9,-0.2798314834657835,-0.2563483351192052,2.0,NONE,D2
2022,2022-05-16 00:00:00+00:00,2022-05-16 01:00:00+00:00,2022-05-23 01:00:00+00:00,173,173,1.0,0.9,0.0017739498771817,-0.0029034451105363,2.0,NONE,D2
2022,2022-05-23 00:00:00+00:00,2022-05-23 01:00:00+00:00,2022-05-30 01:00:00+00:00,173,173,1.0,0.9,-0.0879063710453798,-0.0836157339408418,2.0,NONE,D2
2022,2022-05-30 00:00:00+00:00,2022-05-30 01:00:00+00:00,2022-06-06 01:00:00+00:00,174,174,1.0,0.9,0.0186321628676117,0.0122689465808505,2.0,NONE,D2
2022,2022-06-06 00:00:00+00:00,2022-06-06 01:00:00+00:00,2022-06-13 01:00:00+00:00,176,176,1.0,0.9,-0.1804793327119874,-0.1669313994407887,2.0,NONE,D2
2022,2022-06-13 00:00:00+00:00,2022-06-13 01:00:00+00:00,2022-06-20 01:00:00+00:00,176,176,1.0,0.9,-0.0796174107567952,-0.0761556696811157,2.0,NONE,D2
2022,2022-06-20 00:00:00+00:00,2022-06-20 01:00:00+00:00,2022-06-27 01:00:00+00:00,178,178,1.0,0.9,0.0935212646320951,0.0796691381688855,2.0,NONE,D2
2022,2022-06-27 00:00:00+00:00,2022-06-27 01:00:00+00:00,2022-07-04 01:00:00+00:00,180,180,1.0,0.9,-0.0589881065823633,-0.057589295924127,2.0,NONE,D2
2022,2022-07-04 00:00:00+00:00,2022-07-04 01:00:00+00:00,2022-07-11 01:00:00+00:00,183,183,1.0,0.9,0.0672832749395613,0.0560549474456052,2.0,NONE,D2
2022,2022-07-11 00:00:00+00:00,2022-07-11 01:00:00+00:00,2022-07-18 01:00:00+00:00,183,183,1.0,0.9,0.0303566369180116,0.0228209732262105,2.0,NONE,D2
2022,2022-07-18 00:00:00+00:00,2022-07-18 01:00:00+00:00,2022-07-25 01:00:00+00:00,185,185,1.0,0.9,0.0678137108547933,0.056532339769314,2.0,NONE,D2
2022,2022-07-25 00:00:00+00:00,2022-07-25 01:00:00+00:00,2022-08-01 01:00:00+00:00,189,189,1.0,0.9,0.062441176678763,0.0516970590108867,2.0,NONE,D2
2022,2022-08-01 00:00:00+00:00,2022-08-01 01:00:00+00:00,2022-08-08 01:00:00+00:00,192,192,1.0,0.9,0.0443613487883264,0.0354252139094938,2.0,NONE,D2
2022,2022-08-08 00:00:00+00:00,2022-08-08 01:00:00+00:00,2022-08-15 01:00:00+00:00,194,194,1.0,0.9,0.0367723666113837,0.0285951299502453,2.0,NONE,D2
2022,2022-08-15 00:00:00+00:00,2022-08-15 01:00:00+00:00,2022-08-22 01:00:00+00:00,198,198,1.0,0.9,-0.1181432090681254,-0.1108288881613128,2.0,NONE,D2
2022,2022-08-22 00:00:00+00:00,2022-08-22 01:00:00+00:00,2022-08-29 01:00:00+00:00,198,198,1.0,0.9,-0.0958681054348322,-0.090781294891349,2.0,NONE,D2
2022,2022-08-29 00:00:00+00:00,2022-08-29 01:00:00+00:00,2022-09-05 01:00:00+00:00,203,203,1.0,0.9,0.0478165822046828,0.0385349239842145,2.0,NONE,D2
2022,2022-09-05 00:00:00+00:00,2022-09-05 01:00:00+00:00,2022-09-12 01:00:00+00:00,204,204,1.0,0.9,0.0592183087976277,0.0487964779178649,2.0,NONE,D2
2022,2022-09-12 00:00:00+00:00,2022-09-12 01:00:00+00:00,2022-09-19 01:00:00+00:00,204,204,1.0,0.9,-0.1335585040743901,-0.1247026536669511,2.0,NONE,D2
2022,2022-09-19 00:00:00+00:00,2022-09-19 01:00:00+00:00,2022-09-26 01:00:00+00:00,205,205,1.0,0.9,0.0038486644798716,-0.0010362019681155,2.0,NONE,D2
2022,2022-09-26 00:00:00+00:00,2022-09-26 01:00:00+00:00,2022-10-03 01:00:00+00:00,207,207,1.0,0.9,-0.0153749936460847,-0.0183374942814762,2.0,NONE,D2
2022,2022-10-03 00:00:00+00:00,2022-10-03 01:00:00+00:00,2022-10-10 01:00:00+00:00,209,209,1.0,0.9,0.0302108727771169,0.0226897854994052,2.0,NONE,D2
2022,2022-10-10 00:00:00+00:00,2022-10-10 01:00:00+00:00,2022-10-17 01:00:00+00:00,210,210,1.0,0.9,-0.0253812998098925,-0.0273431698289032,2.0,NONE,D2
2022,2022-10-17 00:00:00+00:00,2022-10-17 01:00:00+00:00,2022-10-24 01:00:00+00:00,210,210,1.0,0.9,-0.0132264412801041,-0.0164037971520937,2.0,NONE,D2
2022,2022-10-24 00:00:00+00:00,2022-10-24 01:00:00+00:00,2022-10-31 01:00:00+00:00,211,211,1.0,0.9,0.0557063705650807,0.0456357335085726,2.0,NONE,D2
2022,2022-10-31 00:00:00+00:00,2022-10-31 01:00:00+00:00,2022-11-07 01:00:00+00:00,211,211,1.0,0.9,0.0404603823873306,0.0319143441485976,2.0,NONE,D2
2022,2022-11-07 00:00:00+00:00,2022-11-07 01:00:00+00:00,2022-11-14 01:00:00+00:00,211,211,1.0,0.9,-0.2755024555101173,-0.2524522099591056,2.0,NONE,D2
2022,2022-11-14 00:00:00+00:00,2022-11-14 01:00:00+00:00,2022-11-21 01:00:00+00:00,211,211,1.0,0.9,-0.0128093543189835,-0.0160284188870852,2.0,NONE,D2
2022,2022-11-21 00:00:00+00:00,2022-11-21 01:00:00+00:00,2022-11-28 01:00:00+00:00,211,211,1.0,0.9,0.0452979794418576,0.0362681814976718,2.0,NONE,D2
2022,2022-11-28 00:00:00+00:00,2022-11-28 01:00:00+00:00,2022-12-05 01:00:00+00:00,211,211,1.0,0.9,0.0429615073602374,0.0341653566242137,2.0,NONE,D2
2022,2022-12-05 00:00:00+00:00,2022-12-05 01:00:00+00:00,2022-12-12 01:00:00+00:00,213,213,1.0,0.9,-0.0261716626594911,-0.028054496393542,2.0,NONE,D2
2022,2022-12-12 00:00:00+00:00,2022-12-12 01:00:00+00:00,2022-12-19 01:00:00+00:00,213,213,1.0,0.9,-0.1086430173315149,-0.1022787155983634,2.0,NONE,D2
2022,2022-12-19 00:00:00+00:00,2022-12-19 01:00:00+00:00,2022-12-26 01:00:00+00:00,213,213,1.0,0.9,-0.0159050942349189,-0.018814584811427,2.0,NONE,D2
2022,2022-12-26 00:00:00+00:00,2022-12-26 01:00:00+00:00,2023-01-01 00:00:00+00:00,215,215,1.0,0.9,-0.0428773745917447,-0.0430896371325702,2.0,NONE,D2
2022,2022-01-03 00:00:00+00:00,2022-01-03 01:00:00+00:00,2022-01-10 01:00:00+00:00,131,131,1.0,0.0,-0.1543379560010427,0.0,1.0,FROZEN_GOVERNOR,D2
2022,2022-01-10 00:00:00+00:00,2022-01-10 01:00:00+00:00,2022-01-17 01:00:00+00:00,131,131,1.0,0.0,0.0644456125571875,0.0,1.0,FROZEN_GOVERNOR,D2
2022,2022-01-17 00:00:00+00:00,2022-01-17 01:00:00+00:00,2022-01-24 01:00:00+00:00,134,134,1.0,0.0,-0.2891344890945299,0.0,1.0,FROZEN_GOVERNOR,D2
2022,2022-01-24 00:00:00+00:00,2022-01-24 01:00:00+00:00,2022-01-31 01:00:00+00:00,136,136,1.0,0.0,-0.0176193162533213,0.0,1.0,FROZEN_GOVERNOR,D2
2022,2022-01-31 00:00:00+00:00,2022-01-31 01:00:00+00:00,2022-02-07 01:00:00+00:00,140,140,1.0,0.0,0.1646552989801398,0.0,1.0,FROZEN_GOVERNOR,D2
2022,2022-02-07 00:00:00+00:00,2022-02-07 01:00:00+00:00,2022-02-14 01:00:00+00:00,142,142,1.0,0.0,-0.0650931972575849,0.0,1.0,FROZEN_GOVERNOR,D2
2022,2022-02-14 00:00:00+00:00,2022-02-14 01:00:00+00:00,2022-02-21 01:00:00+00:00,146,146,1.0,0.0,-0.0964773838838054,0.0,1.0,FROZEN_GOVERNOR,D2
2022,2022-02-21 00:00:00+00:00,2022-02-21 01:00:00+00:00,2022-02-28 01:00:00+00:00,151,151,1.0,0.0,-0.0704593857664439,0.0,1.0,FROZEN_GOVERNOR,D2
2022,2022-02-28 00:00:00+00:00,2022-02-28 01:00:00+00:00,2022-03-07 01:00:00+00:00,157,157,1.0,0.0,0.0029196429675178,0.0,1.0,FROZEN_GOVERNOR,D2
2022,2022-03-07 00:00:00+00:00,2022-03-07 01:00:00+00:00,2022-03-14 01:00:00+00:00,159,159,1.0,0.0,-0.0322125952205015,0.0,1.0,FROZEN_GOVERNOR,D2
2022,2022-03-14 00:00:00+00:00,2022-03-14 01:00:00+00:00,2022-03-21 01:00:00+00:00,162,162,1.0,0.0,0.1355159037048837,0.0,1.0,FROZEN_GOVERNOR,D2
2022,2022-03-21 00:00:00+00:00,2022-03-21 01:00:00+00:00,2022-03-28 01:00:00+00:00,163,163,1.0,0.2074196731835504,0.1798913088415746,0.0367944473055216,1.0,FROZEN_GOVERNOR,D2
2022,2022-03-28 00:00:00+00:00,2022-03-28 01:00:00+00:00,2022-04-04 01:00:00+00:00,164,164,1.0,0.251061749831158,0.092884084158469,0.0226919863257118,1.0,FROZEN_GOVERNOR,D2
2022,2022-04-04 00:00:00+00:00,2022-04-04 01:00:00+00:00,2022-04-11 01:00:00+00:00,166,166,1.0,0.3688371241758028,-0.1570434562115874,-0.05884554957015,1.0,FROZEN_GOVERNOR,D2
2022,2022-04-11 00:00:00+00:00,2022-04-11 01:00:00+00:00,2022-04-18 01:00:00+00:00,168,168,1.0,0.2398677893861339,-0.0708438460639216,-0.0175928262204297,1.0,FROZEN_GOVERNOR,D2
2022,2022-04-18 00:00:00+00:00,2022-04-18 01:00:00+00:00,2022-04-25 01:00:00+00:00,170,170,1.0,0.0,-0.014569321576603,0.0,1.0,FROZEN_GOVERNOR,D2
2022,2022-04-25 00:00:00+00:00,2022-04-25 01:00:00+00:00,2022-05-02 01:00:00+00:00,171,171,1.0,0.0,-0.1561214963948113,0.0,1.0,FROZEN_GOVERNOR,D2
2022,2022-05-02 00:00:00+00:00,2022-05-02 01:00:00+00:00,2022-05-09 01:00:00+00:00,171,171,1.0,0.0,-0.1073179059595596,0.0,1.0,FROZEN_GOVERNOR,D2
2022,2022-05-09 00:00:00+00:00,2022-05-09 01:00:00+00:00,2022-05-16 01:00:00+00:00,173,173,1.0,0.0,-0.2798314834657835,0.0,1.0,FROZEN_GOVERNOR,D2
2022,2022-05-16 00:00:00+00:00,2022-05-16 01:00:00+00:00,2022-05-23 01:00:00+00:00,173,173,1.0,0.0,0.0017739498771817,0.0,1.0,FROZEN_GOVERNOR,D2
2022,2022-05-23 00:00:00+00:00,2022-05-23 01:00:00+00:00,2022-05-30 01:00:00+00:00,173,173,1.0,0.0,-0.0879063710453798,0.0,1.0,FROZEN_GOVERNOR,D2
2022,2022-05-30 00:00:00+00:00,2022-05-30 01:00:00+00:00,2022-06-06 01:00:00+00:00,174,174,1.0,0.0,0.0186321628676117,0.0,1.0,FROZEN_GOVERNOR,D2
2022,2022-06-06 00:00:00+00:00,2022-06-06 01:00:00+00:00,2022-06-13 01:00:00+00:00,176,176,1.0,0.0,-0.1804793327119874,0.0,1.0,FROZEN_GOVERNOR,D2
2022,2022-06-13 00:00:00+00:00,2022-06-13 01:00:00+00:00,2022-06-20 01:00:00+00:00,176,176,1.0,0.0,-0.0796174107567952,0.0,1.0,FROZEN_GOVERNOR,D2
2022,2022-06-20 00:00:00+00:00,2022-06-20 01:00:00+00:00,2022-06-27 01:00:00+00:00,178,178,1.0,0.0,0.0935212646320951,0.0,1.0,FROZEN_GOVERNOR,D2
2022,2022-06-27 00:00:00+00:00,2022-06-27 01:00:00+00:00,2022-07-04 01:00:00+00:00,180,180,1.0,0.0,-0.0589881065823633,0.0,1.0,FROZEN_GOVERNOR,D2
2022,2022-07-04 00:00:00+00:00,2022-07-04 01:00:00+00:00,2022-07-11 01:00:00+00:00,183,183,1.0,0.0,0.0672832749395613,0.0,1.0,FROZEN_GOVERNOR,D2
2022,2022-07-11 00:00:00+00:00,2022-07-11 01:00:00+00:00,2022-07-18 01:00:00+00:00,183,183,1.0,0.0,0.0303566369180116,0.0,1.0,FROZEN_GOVERNOR,D2
2022,2022-07-18 00:00:00+00:00,2022-07-18 01:00:00+00:00,2022-07-25 01:00:00+00:00,185,185,1.0,0.1930663160847575,0.0678137108547933,0.0126098775445599,1.0,FROZEN_GOVERNOR,D2
2022,2022-07-25 00:00:00+00:00,2022-07-25 01:00:00+00:00,2022-08-01 01:00:00+00:00,189,189,1.0,0.1936082647685315,0.062441176678763,0.0116051072049592,1.0,FROZEN_GOVERNOR,D2
2022,2022-08-01 00:00:00+00:00,2022-08-01 01:00:00+00:00,2022-08-08 01:00:00+00:00,192,192,1.0,0.1608080970211022,0.0443613487883264,0.0067316438373874,1.0,FROZEN_GOVERNOR,D2
2022,2022-08-08 00:00:00+00:00,2022-08-08 01:00:00+00:00,2022-08-15 01:00:00+00:00,194,194,1.0,0.1781410645647822,0.0367723666113837,0.0061053158733063,1.0,FROZEN_GOVERNOR,D2
2022,2022-08-15 00:00:00+00:00,2022-08-15 01:00:00+00:00,2022-08-22 01:00:00+00:00,198,198,1.0,0.2064965776432905,-0.1181432090681254,-0.0249124097884718,1.0,FROZEN_GOVERNOR,D2
2022,2022-08-22 00:00:00+00:00,2022-08-22 01:00:00+00:00,2022-08-29 01:00:00+00:00,198,198,1.0,0.0,-0.0958681054348322,0.0,1.0,FROZEN_GOVERNOR,D2
2022,2022-08-29 00:00:00+00:00,2022-08-29 01:00:00+00:00,2022-09-05 01:00:00+00:00,203,203,1.0,0.0,0.0478165822046828,0.0,1.0,FROZEN_GOVERNOR,D2
2022,2022-09-05 00:00:00+00:00,2022-09-05 01:00:00+00:00,2022-09-12 01:00:00+00:00,204,204,1.0,0.0,0.0592183087976277,0.0,1.0,FROZEN_GOVERNOR,D2
2022,2022-09-12 00:00:00+00:00,2022-09-12 01:00:00+00:00,2022-09-19 01:00:00+00:00,204,204,1.0,0.0,-0.1335585040743901,0.0,1.0,FROZEN_GOVERNOR,D2
2022,2022-09-19 00:00:00+00:00,2022-09-19 01:00:00+00:00,2022-09-26 01:00:00+00:00,205,205,1.0,0.0,0.0038486644798716,0.0,1.0,FROZEN_GOVERNOR,D2
2022,2022-09-26 00:00:00+00:00,2022-09-26 01:00:00+00:00,2022-10-03 01:00:00+00:00,207,207,1.0,0.0,-0.0153749936460847,0.0,1.0,FROZEN_GOVERNOR,D2
2022,2022-10-03 00:00:00+00:00,2022-10-03 01:00:00+00:00,2022-10-10 01:00:00+00:00,209,209,1.0,0.0,0.0302108727771169,0.0,1.0,FROZEN_GOVERNOR,D2
2022,2022-10-10 00:00:00+00:00,2022-10-10 01:00:00+00:00,2022-10-17 01:00:00+00:00,210,210,1.0,0.0,-0.0253812998098925,0.0,1.0,FROZEN_GOVERNOR,D2
2022,2022-10-17 00:00:00+00:00,2022-10-17 01:00:00+00:00,2022-10-24 01:00:00+00:00,210,210,1.0,0.0,-0.0132264412801041,0.0,1.0,FROZEN_GOVERNOR,D2
2022,2022-10-24 00:00:00+00:00,2022-10-24 01:00:00+00:00,2022-10-31 01:00:00+00:00,211,211,1.0,0.0,0.0557063705650807,0.0,1.0,FROZEN_GOVERNOR,D2
2022,2022-10-31 00:00:00+00:00,2022-10-31 01:00:00+00:00,2022-11-07 01:00:00+00:00,211,211,1.0,0.3136212959201559,0.0404603823873306,0.0119051843179393,1.0,FROZEN_GOVERNOR,D2
2022,2022-11-07 00:00:00+00:00,2022-11-07 01:00:00+00:00,2022-11-14 01:00:00+00:00,211,211,1.0,0.2067884394265148,-0.2755024555101173,-0.0574876939316762,1.0,FROZEN_GOVERNOR,D2
2022,2022-11-14 00:00:00+00:00,2022-11-14 01:00:00+00:00,2022-11-21 01:00:00+00:00,211,211,1.0,0.0,-0.0128093543189835,0.0,1.0,FROZEN_GOVERNOR,D2
2022,2022-11-21 00:00:00+00:00,2022-11-21 01:00:00+00:00,2022-11-28 01:00:00+00:00,211,211,1.0,0.0,0.0452979794418576,0.0,1.0,FROZEN_GOVERNOR,D2
2022,2022-11-28 00:00:00+00:00,2022-11-28 01:00:00+00:00,2022-12-05 01:00:00+00:00,211,211,1.0,0.0,0.0429615073602374,0.0,1.0,FROZEN_GOVERNOR,D2
2022,2022-12-05 00:00:00+00:00,2022-12-05 01:00:00+00:00,2022-12-12 01:00:00+00:00,213,213,1.0,0.0,-0.0261716626594911,0.0,1.0,FROZEN_GOVERNOR,D2
2022,2022-12-12 00:00:00+00:00,2022-12-12 01:00:00+00:00,2022-12-19 01:00:00+00:00,213,213,1.0,0.0,-0.1086430173315149,0.0,1.0,FROZEN_GOVERNOR,D2
2022,2022-12-19 00:00:00+00:00,2022-12-19 01:00:00+00:00,2022-12-26 01:00:00+00:00,213,213,1.0,0.0,-0.0159050942349189,0.0,1.0,FROZEN_GOVERNOR,D2
2022,2022-12-26 00:00:00+00:00,2022-12-26 01:00:00+00:00,2023-01-01 00:00:00+00:00,215,215,1.0,0.0,-0.0428773745917447,0.0,1.0,FROZEN_GOVERNOR,D2
2022,2022-01-03 00:00:00+00:00,2022-01-03 01:00:00+00:00,2022-01-10 01:00:00+00:00,131,131,1.0,0.0,-0.1543379560010427,0.0,2.0,FROZEN_GOVERNOR,D2
2022,2022-01-10 00:00:00+00:00,2022-01-10 01:00:00+00:00,2022-01-17 01:00:00+00:00,131,131,1.0,0.0,0.0644456125571875,0.0,2.0,FROZEN_GOVERNOR,D2
2022,2022-01-17 00:00:00+00:00,2022-01-17 01:00:00+00:00,2022-01-24 01:00:00+00:00,134,134,1.0,0.0,-0.2891344890945299,0.0,2.0,FROZEN_GOVERNOR,D2
2022,2022-01-24 00:00:00+00:00,2022-01-24 01:00:00+00:00,2022-01-31 01:00:00+00:00,136,136,1.0,0.0,-0.0176193162533213,0.0,2.0,FROZEN_GOVERNOR,D2
2022,2022-01-31 00:00:00+00:00,2022-01-31 01:00:00+00:00,2022-02-07 01:00:00+00:00,140,140,1.0,0.0,0.1646552989801398,0.0,2.0,FROZEN_GOVERNOR,D2
2022,2022-02-07 00:00:00+00:00,2022-02-07 01:00:00+00:00,2022-02-14 01:00:00+00:00,142,142,1.0,0.0,-0.0650931972575849,0.0,2.0,FROZEN_GOVERNOR,D2
2022,2022-02-14 00:00:00+00:00,2022-02-14 01:00:00+00:00,2022-02-21 01:00:00+00:00,146,146,1.0,0.0,-0.0964773838838054,0.0,2.0,FROZEN_GOVERNOR,D2
2022,2022-02-21 00:00:00+00:00,2022-02-21 01:00:00+00:00,2022-02-28 01:00:00+00:00,151,151,1.0,0.0,-0.0704593857664439,0.0,2.0,FROZEN_GOVERNOR,D2
2022,2022-02-28 00:00:00+00:00,2022-02-28 01:00:00+00:00,2022-03-07 01:00:00+00:00,157,157,1.0,0.0,0.0029196429675178,0.0,2.0,FROZEN_GOVERNOR,D2
2022,2022-03-07 00:00:00+00:00,2022-03-07 01:00:00+00:00,2022-03-14 01:00:00+00:00,159,159,1.0,0.0,-0.0322125952205015,0.0,2.0,FROZEN_GOVERNOR,D2
2022,2022-03-14 00:00:00+00:00,2022-03-14 01:00:00+00:00,2022-03-21 01:00:00+00:00,162,162,1.0,0.0,0.1355159037048837,0.0,2.0,FROZEN_GOVERNOR,D2
2022,2022-03-21 00:00:00+00:00,2022-03-21 01:00:00+00:00,2022-03-28 01:00:00+00:00,163,163,1.0,0.2074196731835504,0.1798913088415746,0.0362758981225627,2.0,FROZEN_GOVERNOR,D2
2022,2022-03-28 00:00:00+00:00,2022-03-28 01:00:00+00:00,2022-04-04 01:00:00+00:00,164,164,1.0,0.251061749831158,0.092884084158469,0.0220643319511339,2.0,FROZEN_GOVERNOR,D2
2022,2022-04-04 00:00:00+00:00,2022-04-04 01:00:00+00:00,2022-04-11 01:00:00+00:00,166,166,1.0,0.3688371241758028,-0.1570434562115874,-0.0597676423805895,2.0,FROZEN_GOVERNOR,D2
2022,2022-04-11 00:00:00+00:00,2022-04-11 01:00:00+00:00,2022-04-18 01:00:00+00:00,168,168,1.0,0.2398677893861339,-0.0708438460639216,-0.0181924956938951,2.0,FROZEN_GOVERNOR,D2
2022,2022-04-18 00:00:00+00:00,2022-04-18 01:00:00+00:00,2022-04-25 01:00:00+00:00,170,170,1.0,0.0,-0.014569321576603,0.0,2.0,FROZEN_GOVERNOR,D2
2022,2022-04-25 00:00:00+00:00,2022-04-25 01:00:00+00:00,2022-05-02 01:00:00+00:00,171,171,1.0,0.0,-0.1561214963948113,0.0,2.0,FROZEN_GOVERNOR,D2
2022,2022-05-02 00:00:00+00:00,2022-05-02 01:00:00+00:00,2022-05-09 01:00:00+00:00,171,171,1.0,0.0,-0.1073179059595596,0.0,2.0,FROZEN_GOVERNOR,D2
2022,2022-05-09 00:00:00+00:00,2022-05-09 01:00:00+00:00,2022-05-16 01:00:00+00:00,173,173,1.0,0.0,-0.2798314834657835,0.0,2.0,FROZEN_GOVERNOR,D2
2022,2022-05-16 00:00:00+00:00,2022-05-16 01:00:00+00:00,2022-05-23 01:00:00+00:00,173,173,1.0,0.0,0.0017739498771817,0.0,2.0,FROZEN_GOVERNOR,D2
2022,2022-05-23 00:00:00+00:00,2022-05-23 01:00:00+00:00,2022-05-30 01:00:00+00:00,173,173,1.0,0.0,-0.0879063710453798,0.0,2.0,FROZEN_GOVERNOR,D2
2022,2022-05-30 00:00:00+00:00,2022-05-30 01:00:00+00:00,2022-06-06 01:00:00+00:00,174,174,1.0,0.0,0.0186321628676117,0.0,2.0,FROZEN_GOVERNOR,D2
2022,2022-06-06 00:00:00+00:00,2022-06-06 01:00:00+00:00,2022-06-13 01:00:00+00:00,176,176,1.0,0.0,-0.1804793327119874,0.0,2.0,FROZEN_GOVERNOR,D2
2022,2022-06-13 00:00:00+00:00,2022-06-13 01:00:00+00:00,2022-06-20 01:00:00+00:00,176,176,1.0,0.0,-0.0796174107567952,0.0,2.0,FROZEN_GOVERNOR,D2
2022,2022-06-20 00:00:00+00:00,2022-06-20 01:00:00+00:00,2022-06-27 01:00:00+00:00,178,178,1.0,0.0,0.0935212646320951,0.0,2.0,FROZEN_GOVERNOR,D2
2022,2022-06-27 00:00:00+00:00,2022-06-27 01:00:00+00:00,2022-07-04 01:00:00+00:00,180,180,1.0,0.0,-0.0589881065823633,0.0,2.0,FROZEN_GOVERNOR,D2
2022,2022-07-04 00:00:00+00:00,2022-07-04 01:00:00+00:00,2022-07-11 01:00:00+00:00,183,183,1.0,0.0,0.0672832749395613,0.0,2.0,FROZEN_GOVERNOR,D2
2022,2022-07-11 00:00:00+00:00,2022-07-11 01:00:00+00:00,2022-07-18 01:00:00+00:00,183,183,1.0,0.0,0.0303566369180116,0.0,2.0,FROZEN_GOVERNOR,D2
2022,2022-07-18 00:00:00+00:00,2022-07-18 01:00:00+00:00,2022-07-25 01:00:00+00:00,185,185,1.0,0.1930663160847575,0.0678137108547933,0.012127211754348,2.0,FROZEN_GOVERNOR,D2
2022,2022-07-25 00:00:00+00:00,2022-07-25 01:00:00+00:00,2022-08-01 01:00:00+00:00,189,189,1.0,0.1936082647685315,0.062441176678763,0.0111210865430379,2.0,FROZEN_GOVERNOR,D2
2022,2022-08-01 00:00:00+00:00,2022-08-01 01:00:00+00:00,2022-08-08 01:00:00+00:00,192,192,1.0,0.1608080970211022,0.0443613487883264,0.0063296235948346,2.0,FROZEN_GOVERNOR,D2
2022,2022-08-08 00:00:00+00:00,2022-08-08 01:00:00+00:00,2022-08-15 01:00:00+00:00,194,194,1.0,0.1781410645647822,0.0367723666113837,0.0056599632118944,2.0,FROZEN_GOVERNOR,D2
2022,2022-08-15 00:00:00+00:00,2022-08-15 01:00:00+00:00,2022-08-22 01:00:00+00:00,198,198,1.0,0.2064965776432905,-0.1181432090681254,-0.0254286512325801,2.0,FROZEN_GOVERNOR,D2
2022,2022-08-22 00:00:00+00:00,2022-08-22 01:00:00+00:00,2022-08-29 01:00:00+00:00,198,198,1.0,0.0,-0.0958681054348322,0.0,2.0,FROZEN_GOVERNOR,D2
2022,2022-08-29 00:00:00+00:00,2022-08-29 01:00:00+00:00,2022-09-05 01:00:00+00:00,203,203,1.0,0.0,0.0478165822046828,0.0,2.0,FROZEN_GOVERNOR,D2
2022,2022-09-05 00:00:00+00:00,2022-09-05 01:00:00+00:00,2022-09-12 01:00:00+00:00,204,204,1.0,0.0,0.0592183087976277,0.0,2.0,FROZEN_GOVERNOR,D2
2022,2022-09-12 00:00:00+00:00,2022-09-12 01:00:00+00:00,2022-09-19 01:00:00+00:00,204,204,1.0,0.0,-0.1335585040743901,0.0,2.0,FROZEN_GOVERNOR,D2
2022,2022-09-19 00:00:00+00:00,2022-09-19 01:00:00+00:00,2022-09-26 01:00:00+00:00,205,205,1.0,0.0,0.0038486644798716,0.0,2.0,FROZEN_GOVERNOR,D2
2022,2022-09-26 00:00:00+00:00,2022-09-26 01:00:00+00:00,2022-10-03 01:00:00+00:00,207,207,1.0,0.0,-0.0153749936460847,0.0,2.0,FROZEN_GOVERNOR,D2
2022,2022-10-03 00:00:00+00:00,2022-10-03 01:00:00+00:00,2022-10-10 01:00:00+00:00,209,209,1.0,0.0,0.0302108727771169,0.0,2.0,FROZEN_GOVERNOR,D2
2022,2022-10-10 00:00:00+00:00,2022-10-10 01:00:00+00:00,2022-10-17 01:00:00+00:00,210,210,1.0,0.0,-0.0253812998098925,0.0,2.0,FROZEN_GOVERNOR,D2
2022,2022-10-17 00:00:00+00:00,2022-10-17 01:00:00+00:00,2022-10-24 01:00:00+00:00,210,210,1.0,0.0,-0.0132264412801041,0.0,2.0,FROZEN_GOVERNOR,D2
2022,2022-10-24 00:00:00+00:00,2022-10-24 01:00:00+00:00,2022-10-31 01:00:00+00:00,211,211,1.0,0.0,0.0557063705650807,0.0,2.0,FROZEN_GOVERNOR,D2
2022,2022-10-31 00:00:00+00:00,2022-10-31 01:00:00+00:00,2022-11-07 01:00:00+00:00,211,211,1.0,0.3136212959201559,0.0404603823873306,0.0111211310781389,2.0,FROZEN_GOVERNOR,D2
2022,2022-11-07 00:00:00+00:00,2022-11-07 01:00:00+00:00,2022-11-14 01:00:00+00:00,211,211,1.0,0.2067884394265148,-0.2755024555101173,-0.0580046650302425,2.0,FROZEN_GOVERNOR,D2
2022,2022-11-14 00:00:00+00:00,2022-11-14 01:00:00+00:00,2022-11-21 01:00:00+00:00,211,211,1.0,0.0,-0.0128093543189835,0.0,2.0,FROZEN_GOVERNOR,D2
2022,2022-11-21 00:00:00+00:00,2022-11-21 01:00:00+00:00,2022-11-28 01:00:00+00:00,211,211,1.0,0.0,0.0452979794418576,0.0,2.0,FROZEN_GOVERNOR,D2
2022,2022-11-28 00:00:00+00:00,2022-11-28 01:00:00+00:00,2022-12-05 01:00:00+00:00,211,211,1.0,0.0,0.0429615073602374,0.0,2.0,FROZEN_GOVERNOR,D2
2022,2022-12-05 00:00:00+00:00,2022-12-05 01:00:00+00:00,2022-12-12 01:00:00+00:00,213,213,1.0,0.0,-0.0261716626594911,0.0,2.0,FROZEN_GOVERNOR,D2
2022,2022-12-12 00:00:00+00:00,2022-12-12 01:00:00+00:00,2022-12-19 01:00:00+00:00,213,213,1.0,0.0,-0.1086430173315149,0.0,2.0,FROZEN_GOVERNOR,D2
2022,2022-12-19 00:00:00+00:00,2022-12-19 01:00:00+00:00,2022-12-26 01:00:00+00:00,213,213,1.0,0.0,-0.0159050942349189,0.0,2.0,FROZEN_GOVERNOR,D2
2022,2022-12-26 00:00:00+00:00,2022-12-26 01:00:00+00:00,2023-01-01 00:00:00+00:00,215,215,1.0,0.0,-0.0428773745917447,0.0,2.0,FROZEN_GOVERNOR,D2
2023,2023-01-02 00:00:00+00:00,2023-01-02 01:00:00+00:00,2023-01-09 01:00:00+00:00,215,215,1.0,0.9,0.0835821361818763,0.0729739225636887,1.0,NONE,D2
2023,2023-01-09 00:00:00+00:00,2023-01-09 01:00:00+00:00,2023-01-16 01:00:00+00:00,215,215,1.0,0.9,0.2220827219862099,0.1976244497875889,1.0,NONE,D2
2023,2023-01-16 00:00:00+00:00,2023-01-16 01:00:00+00:00,2023-01-23 01:00:00+00:00,216,216,1.0,0.9,0.0790312855653221,0.0688781570087899,1.0,NONE,D2
2023,2023-01-23 00:00:00+00:00,2023-01-23 01:00:00+00:00,2023-01-30 01:00:00+00:00,218,218,1.0,0.9,0.1280409183436441,0.1129868265092797,1.0,NONE,D2
2023,2023-01-30 00:00:00+00:00,2023-01-30 01:00:00+00:00,2023-02-06 01:00:00+00:00,219,219,1.0,0.9,0.0380753919580735,0.0320178527622662,1.0,NONE,D2
2023,2023-02-06 00:00:00+00:00,2023-02-06 01:00:00+00:00,2023-02-13 01:00:00+00:00,220,220,1.0,0.9,0.0029370125833695,0.0003933113250325,1.0,NONE,D2
2023,2023-02-13 00:00:00+00:00,2023-02-13 01:00:00+00:00,2023-02-20 01:00:00+00:00,220,220,1.0,0.9,0.152089312417506,0.1346303811757554,1.0,NONE,D2
2023,2023-02-20 00:00:00+00:00,2023-02-20 01:00:00+00:00,2023-02-27 01:00:00+00:00,221,221,1.0,0.9,-0.0125463795143969,-0.0135417415629572,1.0,NONE,D2
2023,2023-02-27 00:00:00+00:00,2023-02-27 01:00:00+00:00,2023-03-06 01:00:00+00:00,221,221,1.0,0.9,-0.109779174817661,-0.1010512573358949,1.0,NONE,D2
2023,2023-03-06 00:00:00+00:00,2023-03-06 01:00:00+00:00,2023-03-13 01:00:00+00:00,221,221,1.0,0.9,-0.0776127685966012,-0.0721014917369411,1.0,NONE,D2
2023,2023-03-13 00:00:00+00:00,2023-03-13 01:00:00+00:00,2023-03-20 01:00:00+00:00,221,221,1.0,0.9,0.1224425161858796,0.1079482645672917,1.0,NONE,D2
2023,2023-03-20 00:00:00+00:00,2023-03-20 01:00:00+00:00,2023-03-27 01:00:00+00:00,221,221,1.0,0.9,-0.0571277493257878,-0.053664974393209,1.0,NONE,D2
2023,2023-03-27 00:00:00+00:00,2023-03-27 01:00:00+00:00,2023-04-03 01:00:00+00:00,221,221,1.0,0.9,0.0108406148016472,0.0075065533214824,1.0,NONE,D2
2023,2023-04-03 00:00:00+00:00,2023-04-03 01:00:00+00:00,2023-04-10 01:00:00+00:00,221,221,1.0,0.9,0.034989677070491,0.0292407093634419,1.0,NONE,D2
2023,2023-04-10 00:00:00+00:00,2023-04-10 01:00:00+00:00,2023-04-17 01:00:00+00:00,221,221,1.0,0.9,0.1002936214457133,0.0880142593011419,1.0,NONE,D2
2023,2023-04-17 00:00:00+00:00,2023-04-17 01:00:00+00:00,2023-04-24 01:00:00+00:00,224,224,1.0,0.9,-0.1265626397458103,-0.1161563757712292,1.0,NONE,D2
2023,2023-04-24 00:00:00+00:00,2023-04-24 01:00:00+00:00,2023-05-01 01:00:00+00:00,226,226,1.0,0.9,0.0079946786236288,0.0049452107612659,1.0,NONE,D2
2023,2023-05-01 00:00:00+00:00,2023-05-01 01:00:00+00:00,2023-05-08 01:00:00+00:00,226,226,1.0,0.9,-0.0762514536568793,-0.0708763082911914,1.0,NONE,D2
2023,2023-05-08 00:00:00+00:00,2023-05-08 01:00:00+00:00,2023-05-15 01:00:00+00:00,226,226,1.0,0.9,-0.066579271593116,-0.0621713444338044,1.0,NONE,D2
2023,2023-05-15 00:00:00+00:00,2023-05-15 01:00:00+00:00,2023-05-22 01:00:00+00:00,227,227,1.0,0.9,0.00533886633072,0.002554979697648,1.0,NONE,D2
2023,2023-05-22 00:00:00+00:00,2023-05-22 01:00:00+00:00,2023-05-29 01:00:00+00:00,233,233,1.0,0.9,0.041154550095889,0.0347890950863001,1.0,NONE,D2
2023,2023-05-29 00:00:00+00:00,2023-05-29 01:00:00+00:00,2023-06-05 01:00:00+00:00,233,233,1.0,0.9,-0.0134068779616402,-0.0143161901654762,1.0,NONE,D2
2023,2023-06-05 00:00:00+00:00,2023-06-05 01:00:00+00:00,2023-06-12 01:00:00+00:00,235,235,1.0,0.9,-0.1986278345926191,-0.1810150511333572,1.0,NONE,D2
2023,2023-06-12 00:00:00+00:00,2023-06-12 01:00:00+00:00,2023-06-19 01:00:00+00:00,236,236,1.0,0.9,0.0119343034572386,0.0084908731115147,1.0,NONE,D2
2023,2023-06-19 00:00:00+00:00,2023-06-19 01:00:00+00:00,2023-06-26 01:00:00+00:00,237,237,1.0,0.9,0.1252681738303988,0.1104913564473589,1.0,NONE,D2
2023,2023-06-26 00:00:00+00:00,2023-06-26 01:00:00+00:00,2023-07-03 01:00:00+00:00,239,239,1.0,0.9,-0.0045037559117393,-0.0063033803205654,1.0,NONE,D2
2023,2023-07-03 00:00:00+00:00,2023-07-03 01:00:00+00:00,2023-07-10 01:00:00+00:00,240,240,1.0,0.9,-0.0398935439489253,-0.0381541895540328,1.0,NONE,D2
2023,2023-07-10 00:00:00+00:00,2023-07-10 01:00:00+00:00,2023-07-17 01:00:00+00:00,241,241,1.0,0.9,0.0270922360796552,0.0221330124716897,1.0,NONE,D2
2023,2023-07-17 00:00:00+00:00,2023-07-17 01:00:00+00:00,2023-07-24 01:00:00+00:00,242,242,1.0,0.9,-3.293606855468116e-05,-0.0022796424616992,1.0,NONE,D2
2023,2023-07-24 00:00:00+00:00,2023-07-24 01:00:00+00:00,2023-07-31 01:00:00+00:00,244,244,1.0,0.9,-0.0292673351976292,-0.0285906016778663,1.0,NONE,D2
2023,2023-07-31 00:00:00+00:00,2023-07-31 01:00:00+00:00,2023-08-07 01:00:00+00:00,244,244,1.0,0.9,-0.0090070490028038,-0.0103563441025234,1.0,NONE,D2
2023,2023-08-07 00:00:00+00:00,2023-08-07 01:00:00+00:00,2023-08-14 01:00:00+00:00,244,244,1.0,0.9,0.0212454781603324,0.0168709303442992,1.0,NONE,D2
2023,2023-08-14 00:00:00+00:00,2023-08-14 01:00:00+00:00,2023-08-21 01:00:00+00:00,246,246,1.0,0.9,-0.1128095242989369,-0.1037785718690432,1.0,NONE,D2
2023,2023-08-21 00:00:00+00:00,2023-08-21 01:00:00+00:00,2023-08-28 01:00:00+00:00,248,248,1.0,0.9,-0.0241734534599484,-0.0240061081139535,1.0,NONE,D2
2023,2023-08-28 00:00:00+00:00,2023-08-28 01:00:00+00:00,2023-09-04 01:00:00+00:00,249,249,1.0,0.9,-0.014248057014995,-0.0150732513134955,1.0,NONE,D2
2023,2023-09-04 00:00:00+00:00,2023-09-04 01:00:00+00:00,2023-09-11 01:00:00+00:00,250,250,1.0,0.9,-0.0186723551287543,-0.0190551196158789,1.0,NONE,D2
2023,2023-09-11 00:00:00+00:00,2023-09-11 01:00:00+00:00,2023-09-18 01:00:00+00:00,250,250,1.0,0.9,0.0010363130868041,-0.0013173182218762,1.0,NONE,D2
2023,2023-09-18 00:00:00+00:00,2023-09-18 01:00:00+00:00,2023-09-25 01:00:00+00:00,250,250,1.0,0.9,0.0159726133259486,0.0121253519933537,1.0,NONE,D2
2023,2023-09-25 00:00:00+00:00,2023-09-25 01:00:00+00:00,2023-10-02 01:00:00+00:00,250,250,1.0,0.9,0.0796022043929873,0.0693919839536886,1.0,NONE,D2
2023,2023-10-02 00:00:00+00:00,2023-10-02 01:00:00+00:00,2023-10-09 01:00:00+00:00,252,252,1.0,0.9,-0.0475660402248348,-0.0450594362023513,1.0,NONE,D2
2023,2023-10-09 00:00:00+00:00,2023-10-09 01:00:00+00:00,2023-10-16 01:00:00+00:00,252,252,1.0,0.9,-0.0404447170506153,-0.0386502453455538,1.0,NONE,D2
2023,2023-10-16 00:00:00+00:00,2023-10-16 01:00:00+00:00,2023-10-23 01:00:00+00:00,252,252,1.0,0.9,0.0558790456259426,0.0480411410633483,1.0,NONE,D2
2023,2023-10-23 00:00:00+00:00,2023-10-23 01:00:00+00:00,2023-10-30 01:00:00+00:00,253,253,1.0,0.9,0.1587920601106806,0.1406628540996125,1.0,NONE,D2
2023,2023-10-30 00:00:00+00:00,2023-10-30 01:00:00+00:00,2023-11-06 01:00:00+00:00,253,253,1.0,0.9,0.1297210215181486,0.1144989193663337,1.0,NONE,D2
2023,2023-11-06 00:00:00+00:00,2023-11-06 01:00:00+00:00,2023-11-13 01:00:00+00:00,253,253,1.0,0.9,0.1707838704393559,0.1514554833954203,1.0,NONE,D2
2023,2023-11-13 00:00:00+00:00,2023-11-13 01:00:00+00:00,2023-11-20 01:00:00+00:00,253,253,1.0,0.9,0.0349145765504601,0.0291731188954141,1.0,NONE,D2
2023,2023-11-20 00:00:00+00:00,2023-11-20 01:00:00+00:00,2023-11-27 01:00:00+00:00,254,254,1.0,0.9,0.064357009774981,0.0556713087974829,1.0,NONE,D2
2023,2023-11-27 00:00:00+00:00,2023-11-27 01:00:00+00:00,2023-12-04 01:00:00+00:00,254,254,1.0,0.9,0.0754877814578056,0.065689003312025,1.0,NONE,D2
2023,2023-12-04 00:00:00+00:00,2023-12-04 01:00:00+00:00,2023-12-11 01:00:00+00:00,254,254,1.0,0.9,0.1646187953772079,0.1459069158394871,1.0,NONE,D2
2023,2023-12-11 00:00:00+00:00,2023-12-11 01:00:00+00:00,2023-12-18 01:00:00+00:00,254,254,1.0,0.9,-0.0195028676079348,-0.0198025808471413,1.0,NONE,D2
2023,2023-12-18 00:00:00+00:00,2023-12-18 01:00:00+00:00,2023-12-25 01:00:00+00:00,254,254,1.0,0.9,0.1190188575442868,0.1048669717898581,1.0,NONE,D2
2023,2023-12-25 00:00:00+00:00,2023-12-25 01:00:00+00:00,2024-01-01 00:00:00+00:00,254,254,1.0,0.9,0.0379692843927277,0.0319223559534549,1.0,NONE,D2
2023,2023-01-02 00:00:00+00:00,2023-01-02 01:00:00+00:00,2023-01-09 01:00:00+00:00,215,215,1.0,0.9,0.0835821361818763,0.0707239225636887,2.0,NONE,D2
2023,2023-01-09 00:00:00+00:00,2023-01-09 01:00:00+00:00,2023-01-16 01:00:00+00:00,215,215,1.0,0.9,0.2220827219862099,0.1953744497875889,2.0,NONE,D2
2023,2023-01-16 00:00:00+00:00,2023-01-16 01:00:00+00:00,2023-01-23 01:00:00+00:00,216,216,1.0,0.9,0.0790312855653221,0.0666281570087899,2.0,NONE,D2
2023,2023-01-23 00:00:00+00:00,2023-01-23 01:00:00+00:00,2023-01-30 01:00:00+00:00,218,218,1.0,0.9,0.1280409183436441,0.1107368265092797,2.0,NONE,D2
2023,2023-01-30 00:00:00+00:00,2023-01-30 01:00:00+00:00,2023-02-06 01:00:00+00:00,219,219,1.0,0.9,0.0380753919580735,0.0297678527622662,2.0,NONE,D2
2023,2023-02-06 00:00:00+00:00,2023-02-06 01:00:00+00:00,2023-02-13 01:00:00+00:00,220,220,1.0,0.9,0.0029370125833695,-0.0018566886749674,2.0,NONE,D2
2023,2023-02-13 00:00:00+00:00,2023-02-13 01:00:00+00:00,2023-02-20 01:00:00+00:00,220,220,1.0,0.9,0.152089312417506,0.1323803811757554,2.0,NONE,D2
2023,2023-02-20 00:00:00+00:00,2023-02-20 01:00:00+00:00,2023-02-27 01:00:00+00:00,221,221,1.0,0.9,-0.0125463795143969,-0.0157917415629572,2.0,NONE,D2
2023,2023-02-27 00:00:00+00:00,2023-02-27 01:00:00+00:00,2023-03-06 01:00:00+00:00,221,221,1.0,0.9,-0.109779174817661,-0.1033012573358949,2.0,NONE,D2
2023,2023-03-06 00:00:00+00:00,2023-03-06 01:00:00+00:00,2023-03-13 01:00:00+00:00,221,221,1.0,0.9,-0.0776127685966012,-0.0743514917369411,2.0,NONE,D2
2023,2023-03-13 00:00:00+00:00,2023-03-13 01:00:00+00:00,2023-03-20 01:00:00+00:00,221,221,1.0,0.9,0.1224425161858796,0.1056982645672917,2.0,NONE,D2
2023,2023-03-20 00:00:00+00:00,2023-03-20 01:00:00+00:00,2023-03-27 01:00:00+00:00,221,221,1.0,0.9,-0.0571277493257878,-0.055914974393209,2.0,NONE,D2
2023,2023-03-27 00:00:00+00:00,2023-03-27 01:00:00+00:00,2023-04-03 01:00:00+00:00,221,221,1.0,0.9,0.0108406148016472,0.0052565533214824,2.0,NONE,D2
2023,2023-04-03 00:00:00+00:00,2023-04-03 01:00:00+00:00,2023-04-10 01:00:00+00:00,221,221,1.0,0.9,0.034989677070491,0.0269907093634419,2.0,NONE,D2
2023,2023-04-10 00:00:00+00:00,2023-04-10 01:00:00+00:00,2023-04-17 01:00:00+00:00,221,221,1.0,0.9,0.1002936214457133,0.0857642593011419,2.0,NONE,D2
2023,2023-04-17 00:00:00+00:00,2023-04-17 01:00:00+00:00,2023-04-24 01:00:00+00:00,224,224,1.0,0.9,-0.1265626397458103,-0.1184063757712292,2.0,NONE,D2
2023,2023-04-24 00:00:00+00:00,2023-04-24 01:00:00+00:00,2023-05-01 01:00:00+00:00,226,226,1.0,0.9,0.0079946786236288,0.0026952107612659,2.0,NONE,D2
2023,2023-05-01 00:00:00+00:00,2023-05-01 01:00:00+00:00,2023-05-08 01:00:00+00:00,226,226,1.0,0.9,-0.0762514536568793,-0.0731263082911914,2.0,NONE,D2
2023,2023-05-08 00:00:00+00:00,2023-05-08 01:00:00+00:00,2023-05-15 01:00:00+00:00,226,226,1.0,0.9,-0.066579271593116,-0.0644213444338044,2.0,NONE,D2
2023,2023-05-15 00:00:00+00:00,2023-05-15 01:00:00+00:00,2023-05-22 01:00:00+00:00,227,227,1.0,0.9,0.00533886633072,0.000304979697648,2.0,NONE,D2
2023,2023-05-22 00:00:00+00:00,2023-05-22 01:00:00+00:00,2023-05-29 01:00:00+00:00,233,233,1.0,0.9,0.041154550095889,0.0325390950863001,2.0,NONE,D2
2023,2023-05-29 00:00:00+00:00,2023-05-29 01:00:00+00:00,2023-06-05 01:00:00+00:00,233,233,1.0,0.9,-0.0134068779616402,-0.0165661901654762,2.0,NONE,D2
2023,2023-06-05 00:00:00+00:00,2023-06-05 01:00:00+00:00,2023-06-12 01:00:00+00:00,235,235,1.0,0.9,-0.1986278345926191,-0.1832650511333572,2.0,NONE,D2
2023,2023-06-12 00:00:00+00:00,2023-06-12 01:00:00+00:00,2023-06-19 01:00:00+00:00,236,236,1.0,0.9,0.0119343034572386,0.0062408731115147,2.0,NONE,D2
2023,2023-06-19 00:00:00+00:00,2023-06-19 01:00:00+00:00,2023-06-26 01:00:00+00:00,237,237,1.0,0.9,0.1252681738303988,0.1082413564473589,2.0,NONE,D2
2023,2023-06-26 00:00:00+00:00,2023-06-26 01:00:00+00:00,2023-07-03 01:00:00+00:00,239,239,1.0,0.9,-0.0045037559117393,-0.0085533803205654,2.0,NONE,D2
2023,2023-07-03 00:00:00+00:00,2023-07-03 01:00:00+00:00,2023-07-10 01:00:00+00:00,240,240,1.0,0.9,-0.0398935439489253,-0.0404041895540328,2.0,NONE,D2
2023,2023-07-10 00:00:00+00:00,2023-07-10 01:00:00+00:00,2023-07-17 01:00:00+00:00,241,241,1.0,0.9,0.0270922360796552,0.0198830124716897,2.0,NONE,D2
2023,2023-07-17 00:00:00+00:00,2023-07-17 01:00:00+00:00,2023-07-24 01:00:00+00:00,242,242,1.0,0.9,-3.293606855468116e-05,-0.0045296424616992,2.0,NONE,D2
2023,2023-07-24 00:00:00+00:00,2023-07-24 01:00:00+00:00,2023-07-31 01:00:00+00:00,244,244,1.0,0.9,-0.0292673351976292,-0.0308406016778663,2.0,NONE,D2
2023,2023-07-31 00:00:00+00:00,2023-07-31 01:00:00+00:00,2023-08-07 01:00:00+00:00,244,244,1.0,0.9,-0.0090070490028038,-0.0126063441025234,2.0,NONE,D2
2023,2023-08-07 00:00:00+00:00,2023-08-07 01:00:00+00:00,2023-08-14 01:00:00+00:00,244,244,1.0,0.9,0.0212454781603324,0.0146209303442992,2.0,NONE,D2
2023,2023-08-14 00:00:00+00:00,2023-08-14 01:00:00+00:00,2023-08-21 01:00:00+00:00,246,246,1.0,0.9,-0.1128095242989369,-0.1060285718690432,2.0,NONE,D2
2023,2023-08-21 00:00:00+00:00,2023-08-21 01:00:00+00:00,2023-08-28 01:00:00+00:00,248,248,1.0,0.9,-0.0241734534599484,-0.0262561081139535,2.0,NONE,D2
2023,2023-08-28 00:00:00+00:00,2023-08-28 01:00:00+00:00,2023-09-04 01:00:00+00:00,249,249,1.0,0.9,-0.014248057014995,-0.0173232513134955,2.0,NONE,D2
2023,2023-09-04 00:00:00+00:00,2023-09-04 01:00:00+00:00,2023-09-11 01:00:00+00:00,250,250,1.0,0.9,-0.0186723551287543,-0.0213051196158789,2.0,NONE,D2
2023,2023-09-11 00:00:00+00:00,2023-09-11 01:00:00+00:00,2023-09-18 01:00:00+00:00,250,250,1.0,0.9,0.0010363130868041,-0.0035673182218762,2.0,NONE,D2
2023,2023-09-18 00:00:00+00:00,2023-09-18 01:00:00+00:00,2023-09-25 01:00:00+00:00,250,250,1.0,0.9,0.0159726133259486,0.0098753519933537,2.0,NONE,D2
2023,2023-09-25 00:00:00+00:00,2023-09-25 01:00:00+00:00,2023-10-02 01:00:00+00:00,250,250,1.0,0.9,0.0796022043929873,0.0671419839536886,2.0,NONE,D2
2023,2023-10-02 00:00:00+00:00,2023-10-02 01:00:00+00:00,2023-10-09 01:00:00+00:00,252,252,1.0,0.9,-0.0475660402248348,-0.0473094362023513,2.0,NONE,D2
2023,2023-10-09 00:00:00+00:00,2023-10-09 01:00:00+00:00,2023-10-16 01:00:00+00:00,252,252,1.0,0.9,-0.0404447170506153,-0.0409002453455538,2.0,NONE,D2
2023,2023-10-16 00:00:00+00:00,2023-10-16 01:00:00+00:00,2023-10-23 01:00:00+00:00,252,252,1.0,0.9,0.0558790456259426,0.0457911410633483,2.0,NONE,D2
2023,2023-10-23 00:00:00+00:00,2023-10-23 01:00:00+00:00,2023-10-30 01:00:00+00:00,253,253,1.0,0.9,0.1587920601106806,0.1384128540996125,2.0,NONE,D2
2023,2023-10-30 00:00:00+00:00,2023-10-30 01:00:00+00:00,2023-11-06 01:00:00+00:00,253,253,1.0,0.9,0.1297210215181486,0.1122489193663337,2.0,NONE,D2
2023,2023-11-06 00:00:00+00:00,2023-11-06 01:00:00+00:00,2023-11-13 01:00:00+00:00,253,253,1.0,0.9,0.1707838704393559,0.1492054833954203,2.0,NONE,D2
2023,2023-11-13 00:00:00+00:00,2023-11-13 01:00:00+00:00,2023-11-20 01:00:00+00:00,253,253,1.0,0.9,0.0349145765504601,0.0269231188954141,2.0,NONE,D2
2023,2023-11-20 00:00:00+00:00,2023-11-20 01:00:00+00:00,2023-11-27 01:00:00+00:00,254,254,1.0,0.9,0.064357009774981,0.0534213087974829,2.0,NONE,D2
2023,2023-11-27 00:00:00+00:00,2023-11-27 01:00:00+00:00,2023-12-04 01:00:00+00:00,254,254,1.0,0.9,0.0754877814578056,0.063439003312025,2.0,NONE,D2
2023,2023-12-04 00:00:00+00:00,2023-12-04 01:00:00+00:00,2023-12-11 01:00:00+00:00,254,254,1.0,0.9,0.1646187953772079,0.1436569158394871,2.0,NONE,D2
2023,2023-12-11 00:00:00+00:00,2023-12-11 01:00:00+00:00,2023-12-18 01:00:00+00:00,254,254,1.0,0.9,-0.0195028676079348,-0.0220525808471413,2.0,NONE,D2
2023,2023-12-18 00:00:00+00:00,2023-12-18 01:00:00+00:00,2023-12-25 01:00:00+00:00,254,254,1.0,0.9,0.1190188575442868,0.1026169717898581,2.0,NONE,D2
2023,2023-12-25 00:00:00+00:00,2023-12-25 01:00:00+00:00,2024-01-01 00:00:00+00:00,254,254,1.0,0.9,0.0379692843927277,0.0296723559534549,2.0,NONE,D2
2023,2023-01-02 00:00:00+00:00,2023-01-02 01:00:00+00:00,2023-01-09 01:00:00+00:00,215,215,1.0,0.0,0.0835821361818763,0.0,1.0,FROZEN_GOVERNOR,D2
2023,2023-01-09 00:00:00+00:00,2023-01-09 01:00:00+00:00,2023-01-16 01:00:00+00:00,215,215,1.0,0.3622636913606476,0.2220827219862099,0.0795468474257432,1.0,FROZEN_GOVERNOR,D2
2023,2023-01-16 00:00:00+00:00,2023-01-16 01:00:00+00:00,2023-01-23 01:00:00+00:00,216,216,1.0,0.4798593259486637,0.0790312855653221,0.0367242511053602,1.0,FROZEN_GOVERNOR,D2
2023,2023-01-23 00:00:00+00:00,2023-01-23 01:00:00+00:00,2023-01-30 01:00:00+00:00,218,218,1.0,0.4543145703433323,0.1280409183436441,0.0570350683778,1.0,FROZEN_GOVERNOR,D2
2023,2023-01-30 00:00:00+00:00,2023-01-30 01:00:00+00:00,2023-02-06 01:00:00+00:00,219,219,1.0,0.432883912943216,0.0380753919580735,0.0154000148752995,1.0,FROZEN_GOVERNOR,D2
2023,2023-02-06 00:00:00+00:00,2023-02-06 01:00:00+00:00,2023-02-13 01:00:00+00:00,220,220,1.0,0.4388197180736627,0.0029370125833695,0.0001917697386288,1.0,FROZEN_GOVERNOR,D2
2023,2023-02-13 00:00:00+00:00,2023-02-13 01:00:00+00:00,2023-02-20 01:00:00+00:00,220,220,1.0,0.4218069558269521,0.152089312417506,0.0630978124950751,1.0,FROZEN_GOVERNOR,D2
2023,2023-02-20 00:00:00+00:00,2023-02-20 01:00:00+00:00,2023-02-27 01:00:00+00:00,221,221,1.0,0.4059368520003724,-0.0125463795143969,-0.0061078799340771,1.0,FROZEN_GOVERNOR,D2
2023,2023-02-27 00:00:00+00:00,2023-02-27 01:00:00+00:00,2023-03-06 01:00:00+00:00,221,221,1.0,0.4209111913147005,-0.109779174817661,-0.0472595612323332,1.0,FROZEN_GOVERNOR,D2
2023,2023-03-06 00:00:00+00:00,2023-03-06 01:00:00+00:00,2023-03-13 01:00:00+00:00,221,221,1.0,0.2549063560333439,-0.0776127685966012,-0.0204212539147021,1.0,FROZEN_GOVERNOR,D2
2023,2023-03-13 00:00:00+00:00,2023-03-13 01:00:00+00:00,2023-03-20 01:00:00+00:00,221,221,1.0,0.2706408743898904,0.1224425161858796,0.03246134745707,1.0,FROZEN_GOVERNOR,D2
2023,2023-03-20 00:00:00+00:00,2023-03-20 01:00:00+00:00,2023-03-27 01:00:00+00:00,221,221,1.0,0.3759205643608978,-0.0571277493257878,-0.0224152971781203,1.0,FROZEN_GOVERNOR,D2
2023,2023-03-27 00:00:00+00:00,2023-03-27 01:00:00+00:00,2023-04-03 01:00:00+00:00,221,221,1.0,0.1676314322653159,0.0108406148016472,0.0013981492051734,1.0,FROZEN_GOVERNOR,D2
2023,2023-04-03 00:00:00+00:00,2023-04-03 01:00:00+00:00,2023-04-10 01:00:00+00:00,221,221,1.0,0.1991130313511284,0.034989677070491,0.0064691180891247,1.0,FROZEN_GOVERNOR,D2
2023,2023-04-10 00:00:00+00:00,2023-04-10 01:00:00+00:00,2023-04-17 01:00:00+00:00,221,221,1.0,0.2555173483577108,0.1002936214457133,0.0249879668381064,1.0,FROZEN_GOVERNOR,D2
2023,2023-04-17 00:00:00+00:00,2023-04-17 01:00:00+00:00,2023-04-24 01:00:00+00:00,224,224,1.0,0.7934867411930758,-0.1265626397458103,-0.1024094934216789,1.0,FROZEN_GOVERNOR,D2
2023,2023-04-24 00:00:00+00:00,2023-04-24 01:00:00+00:00,2023-05-01 01:00:00+00:00,226,226,1.0,0.5851448378059085,0.0079946786236288,0.0032151828320188,1.0,FROZEN_GOVERNOR,D2
2023,2023-05-01 00:00:00+00:00,2023-05-01 01:00:00+00:00,2023-05-08 01:00:00+00:00,226,226,1.0,0.6020956108053992,-0.0762514536568793,-0.0474159045913518,1.0,FROZEN_GOVERNOR,D2
2023,2023-05-08 00:00:00+00:00,2023-05-08 01:00:00+00:00,2023-05-15 01:00:00+00:00,226,226,1.0,0.2998261345240157,-0.066579271593116,-0.0207117709774986,1.0,FROZEN_GOVERNOR,D2
2023,2023-05-15 00:00:00+00:00,2023-05-15 01:00:00+00:00,2023-05-22 01:00:00+00:00,227,227,1.0,0.3280422157705108,0.00533886633072,0.0009312680014056,1.0,FROZEN_GOVERNOR,D2
2023,2023-05-22 00:00:00+00:00,2023-05-22 01:00:00+00:00,2023-05-29 01:00:00+00:00,233,233,1.0,0.3328462379034775,0.041154550095889,0.0128660215772681,1.0,FROZEN_GOVERNOR,D2
2023,2023-05-29 00:00:00+00:00,2023-05-29 01:00:00+00:00,2023-06-05 01:00:00+00:00,233,233,1.0,0.6647852824327453,-0.0134068779616402,-0.0105746583583522,1.0,FROZEN_GOVERNOR,D2
2023,2023-06-05 00:00:00+00:00,2023-06-05 01:00:00+00:00,2023-06-12 01:00:00+00:00,235,235,1.0,0.7003811769600633,-0.1986278345926191,-0.1408661495114075,1.0,FROZEN_GOVERNOR,D2
2023,2023-06-12 00:00:00+00:00,2023-06-12 01:00:00+00:00,2023-06-19 01:00:00+00:00,236,236,1.0,0.2103915745646083,0.0119343034572386,0.0019848979592887,1.0,FROZEN_GOVERNOR,D2
2023,2023-06-19 00:00:00+00:00,2023-06-19 01:00:00+00:00,2023-06-26 01:00:00+00:00,237,237,1.0,0.2235455679952324,0.1252681738303988,0.0274442811506539,1.0,FROZEN_GOVERNOR,D2
2023,2023-06-26 00:00:00+00:00,2023-06-26 01:00:00+00:00,2023-07-03 01:00:00+00:00,239,239,1.0,0.4571617997854301,-0.0045037559117393,-0.0032018496578686,1.0,FROZEN_GOVERNOR,D2
2023,2023-07-03 00:00:00+00:00,2023-07-03 01:00:00+00:00,2023-07-10 01:00:00+00:00,240,240,1.0,0.5412985062677758,-0.0398935439489253,-0.0229475620149506,1.0,FROZEN_GOVERNOR,D2
2023,2023-07-10 00:00:00+00:00,2023-07-10 01:00:00+00:00,2023-07-17 01:00:00+00:00,241,241,1.0,0.5701016931471174,0.0270922360796552,0.014020075427285,1.0,FROZEN_GOVERNOR,D2
2023,2023-07-17 00:00:00+00:00,2023-07-17 01:00:00+00:00,2023-07-24 01:00:00+00:00,242,242,1.0,0.3432436968966382,-3.293606855468116e-05,-0.0008694143401735,1.0,FROZEN_GOVERNOR,D2
2023,2023-07-24 00:00:00+00:00,2023-07-24 01:00:00+00:00,2023-07-31 01:00:00+00:00,244,244,1.0,0.3678818248274977,-0.0292673351976292,-0.0116866252424106,1.0,FROZEN_GOVERNOR,D2
2023,2023-07-31 00:00:00+00:00,2023-07-31 01:00:00+00:00,2023-08-07 01:00:00+00:00,244,244,1.0,0.3605320166101584,-0.0090070490028038,-0.0041486595822127,1.0,FROZEN_GOVERNOR,D2
2023,2023-08-07 00:00:00+00:00,2023-08-07 01:00:00+00:00,2023-08-14 01:00:00+00:00,244,244,1.0,0.45,0.0212454781603324,0.0084354651721496,1.0,FROZEN_GOVERNOR,D2
2023,2023-08-14 00:00:00+00:00,2023-08-14 01:00:00+00:00,2023-08-21 01:00:00+00:00,246,246,1.0,0.45,-0.1128095242989369,-0.0518892859345216,1.0,FROZEN_GOVERNOR,D2
2023,2023-08-21 00:00:00+00:00,2023-08-21 01:00:00+00:00,2023-08-28 01:00:00+00:00,248,248,1.0,0.0,-0.0241734534599484,0.0,1.0,FROZEN_GOVERNOR,D2
2023,2023-08-28 00:00:00+00:00,2023-08-28 01:00:00+00:00,2023-09-04 01:00:00+00:00,249,249,1.0,0.0,-0.014248057014995,0.0,1.0,FROZEN_GOVERNOR,D2
2023,2023-09-04 00:00:00+00:00,2023-09-04 01:00:00+00:00,2023-09-11 01:00:00+00:00,250,250,1.0,0.0,-0.0186723551287543,0.0,1.0,FROZEN_GOVERNOR,D2
2023,2023-09-11 00:00:00+00:00,2023-09-11 01:00:00+00:00,2023-09-18 01:00:00+00:00,250,250,1.0,0.0,0.0010363130868041,0.0,1.0,FROZEN_GOVERNOR,D2
2023,2023-09-18 00:00:00+00:00,2023-09-18 01:00:00+00:00,2023-09-25 01:00:00+00:00,250,250,1.0,0.0,0.0159726133259486,0.0,1.0,FROZEN_GOVERNOR,D2
2023,2023-09-25 00:00:00+00:00,2023-09-25 01:00:00+00:00,2023-10-02 01:00:00+00:00,250,250,1.0,0.0,0.0796022043929873,0.0,1.0,FROZEN_GOVERNOR,D2
2023,2023-10-02 00:00:00+00:00,2023-10-02 01:00:00+00:00,2023-10-09 01:00:00+00:00,252,252,1.0,0.45,-0.0475660402248348,-0.0225297181011756,1.0,FROZEN_GOVERNOR,D2
2023,2023-10-09 00:00:00+00:00,2023-10-09 01:00:00+00:00,2023-10-16 01:00:00+00:00,252,252,1.0,0.45,-0.0404447170506153,-0.0193251226727769,1.0,FROZEN_GOVERNOR,D2
2023,2023-10-16 00:00:00+00:00,2023-10-16 01:00:00+00:00,2023-10-23 01:00:00+00:00,252,252,1.0,0.0,0.0558790456259426,0.0,1.0,FROZEN_GOVERNOR,D2
2023,2023-10-23 00:00:00+00:00,2023-10-23 01:00:00+00:00,2023-10-30 01:00:00+00:00,253,253,1.0,0.824057685614226,0.1587920601106806,0.1287936733346869,1.0,FROZEN_GOVERNOR,D2
2023,2023-10-30 00:00:00+00:00,2023-10-30 01:00:00+00:00,2023-11-06 01:00:00+00:00,253,253,1.0,0.64525938290016,0.1297210215181486,0.0820905578367285,1.0,FROZEN_GOVERNOR,D2
2023,2023-11-06 00:00:00+00:00,2023-11-06 01:00:00+00:00,2023-11-13 01:00:00+00:00,253,253,1.0,0.6687956443930517,0.1707838704393559,0.1125475195714458,1.0,FROZEN_GOVERNOR,D2
2023,2023-11-13 00:00:00+00:00,2023-11-13 01:00:00+00:00,2023-11-20 01:00:00+00:00,253,253,1.0,0.8211177105409914,0.0349145765504601,0.0266161828852695,1.0,FROZEN_GOVERNOR,D2
2023,2023-11-20 00:00:00+00:00,2023-11-20 01:00:00+00:00,2023-11-27 01:00:00+00:00,254,254,1.0,0.5266834163747084,0.064357009774981,0.0325790612350107,1.0,FROZEN_GOVERNOR,D2
2023,2023-11-27 00:00:00+00:00,2023-11-27 01:00:00+00:00,2023-12-04 01:00:00+00:00,254,254,1.0,0.4352232728990491,0.0754877814578056,0.0317659811277066,1.0,FROZEN_GOVERNOR,D2
2023,2023-12-04 00:00:00+00:00,2023-12-04 01:00:00+00:00,2023-12-11 01:00:00+00:00,254,254,1.0,0.4539271492075529,0.1646187953772079,0.0735901226185386,1.0,FROZEN_GOVERNOR,D2
2023,2023-12-11 00:00:00+00:00,2023-12-11 01:00:00+00:00,2023-12-18 01:00:00+00:00,254,254,1.0,0.5338039368255024,-0.0195028676079348,-0.0117452173505659,1.0,FROZEN_GOVERNOR,D2
2023,2023-12-18 00:00:00+00:00,2023-12-18 01:00:00+00:00,2023-12-25 01:00:00+00:00,254,254,1.0,0.5501193050503832,0.1190188575442868,0.0640992729375276,1.0,FROZEN_GOVERNOR,D2
2023,2023-12-25 00:00:00+00:00,2023-12-25 01:00:00+00:00,2024-01-01 00:00:00+00:00,254,254,1.0,0.48628411832341,0.0379692843927277,0.0172481496884799,1.0,FROZEN_GOVERNOR,D2
2023,2023-01-02 00:00:00+00:00,2023-01-02 01:00:00+00:00,2023-01-09 01:00:00+00:00,215,215,1.0,0.0,0.0835821361818763,0.0,2.0,FROZEN_GOVERNOR,D2
2023,2023-01-09 00:00:00+00:00,2023-01-09 01:00:00+00:00,2023-01-16 01:00:00+00:00,215,215,1.0,0.3622636913606476,0.2220827219862099,0.0786411881973416,2.0,FROZEN_GOVERNOR,D2
2023,2023-01-16 00:00:00+00:00,2023-01-16 01:00:00+00:00,2023-01-23 01:00:00+00:00,216,216,1.0,0.4798593259486637,0.0790312855653221,0.0355246027904885,2.0,FROZEN_GOVERNOR,D2
2023,2023-01-23 00:00:00+00:00,2023-01-23 01:00:00+00:00,2023-01-30 01:00:00+00:00,218,218,1.0,0.4543145703433323,0.1280409183436441,0.0558992819519417,2.0,FROZEN_GOVERNOR,D2
2023,2023-01-30 00:00:00+00:00,2023-01-30 01:00:00+00:00,2023-02-06 01:00:00+00:00,219,219,1.0,0.432883912943216,0.0380753919580735,0.0143178050929414,2.0,FROZEN_GOVERNOR,D2
2023,2023-02-06 00:00:00+00:00,2023-02-06 01:00:00+00:00,2023-02-13 01:00:00+00:00,220,220,1.0,0.4388197180736627,0.0029370125833695,-0.0009052795565553,2.0,FROZEN_GOVERNOR,D2
2023,2023-02-13 00:00:00+00:00,2023-02-13 01:00:00+00:00,2023-02-20 01:00:00+00:00,220,220,1.0,0.4218069558269521,0.152089312417506,0.0620432951055077,2.0,FROZEN_GOVERNOR,D2
2023,2023-02-20 00:00:00+00:00,2023-02-20 01:00:00+00:00,2023-02-27 01:00:00+00:00,221,221,1.0,0.4059368520003724,-0.0125463795143969,-0.0071227220640781,2.0,FROZEN_GOVERNOR,D2
2023,2023-02-27 00:00:00+00:00,2023-02-27 01:00:00+00:00,2023-03-06 01:00:00+00:00,221,221,1.0,0.4209111913147005,-0.109779174817661,-0.0483118392106199,2.0,FROZEN_GOVERNOR,D2
2023,2023-03-06 00:00:00+00:00,2023-03-06 01:00:00+00:00,2023-03-13 01:00:00+00:00,221,221,1.0,0.2549063560333439,-0.0776127685966012,-0.0210585198047854,2.0,FROZEN_GOVERNOR,D2
2023,2023-03-13 00:00:00+00:00,2023-03-13 01:00:00+00:00,2023-03-20 01:00:00+00:00,221,221,1.0,0.2706408743898904,0.1224425161858796,0.0317847452710953,2.0,FROZEN_GOVERNOR,D2
2023,2023-03-20 00:00:00+00:00,2023-03-20 01:00:00+00:00,2023-03-27 01:00:00+00:00,221,221,1.0,0.3759205643608978,-0.0571277493257878,-0.0233550985890225,2.0,FROZEN_GOVERNOR,D2
2023,2023-03-27 00:00:00+00:00,2023-03-27 01:00:00+00:00,2023-04-03 01:00:00+00:00,221,221,1.0,0.1676314322653159,0.0108406148016472,0.0009790706245101,2.0,FROZEN_GOVERNOR,D2
2023,2023-04-03 00:00:00+00:00,2023-04-03 01:00:00+00:00,2023-04-10 01:00:00+00:00,221,221,1.0,0.1991130313511284,0.034989677070491,0.0059713355107469,2.0,FROZEN_GOVERNOR,D2
2023,2023-04-10 00:00:00+00:00,2023-04-10 01:00:00+00:00,2023-04-17 01:00:00+00:00,221,221,1.0,0.2555173483577108,0.1002936214457133,0.0243491734672121,2.0,FROZEN_GOVERNOR,D2
2023,2023-04-17 00:00:00+00:00,2023-04-17 01:00:00+00:00,2023-04-24 01:00:00+00:00,224,224,1.0,0.7934867411930758,-0.1265626397458103,-0.1043932102746616,2.0,FROZEN_GOVERNOR,D2
2023,2023-04-24 00:00:00+00:00,2023-04-24 01:00:00+00:00,2023-05-01 01:00:00+00:00,226,226,1.0,0.5851448378059085,0.0079946786236288,0.001752320737504,2.0,FROZEN_GOVERNOR,D2
2023,2023-05-01 00:00:00+00:00,2023-05-01 01:00:00+00:00,2023-05-08 01:00:00+00:00,226,226,1.0,0.6020956108053992,-0.0762514536568793,-0.0489211436183653,2.0,FROZEN_GOVERNOR,D2
2023,2023-05-08 00:00:00+00:00,2023-05-08 01:00:00+00:00,2023-05-15 01:00:00+00:00,226,226,1.0,0.2998261345240157,-0.066579271593116,-0.0214613363138086,2.0,FROZEN_GOVERNOR,D2
2023,2023-05-15 00:00:00+00:00,2023-05-15 01:00:00+00:00,2023-05-22 01:00:00+00:00,227,227,1.0,0.3280422157705108,0.00533886633072,0.0001111624619794,2.0,FROZEN_GOVERNOR,D2
2023,2023-05-22 00:00:00+00:00,2023-05-22 01:00:00+00:00,2023-05-29 01:00:00+00:00,233,233,1.0,0.3328462379034775,0.041154550095889,0.0120339059825094,2.0,FROZEN_GOVERNOR,D2
2023,2023-05-29 00:00:00+00:00,2023-05-29 01:00:00+00:00,2023-06-05 01:00:00+00:00,233,233,1.0,0.6647852824327453,-0.0134068779616402,-0.012236621564434,2.0,FROZEN_GOVERNOR,D2
2023,2023-06-05 00:00:00+00:00,2023-06-05 01:00:00+00:00,2023-06-12 01:00:00+00:00,235,235,1.0,0.7003811769600633,-0.1986278345926191,-0.1426171024538077,2.0,FROZEN_GOVERNOR,D2
2023,2023-06-12 00:00:00+00:00,2023-06-12 01:00:00+00:00,2023-06-19 01:00:00+00:00,236,236,1.0,0.2103915745646083,0.0119343034572386,0.0014589190228772,2.0,FROZEN_GOVERNOR,D2
2023,2023-06-19 00:00:00+00:00,2023-06-19 01:00:00+00:00,2023-06-26 01:00:00+00:00,237,237,1.0,0.2235455679952324,0.1252681738303988,0.0268854172306658,2.0,FROZEN_GOVERNOR,D2
2023,2023-06-26 00:00:00+00:00,2023-06-26 01:00:00+00:00,2023-07-03 01:00:00+00:00,239,239,1.0,0.4571617997854301,-0.0045037559117393,-0.0043447541573321,2.0,FROZEN_GOVERNOR,D2
2023,2023-07-03 00:00:00+00:00,2023-07-03 01:00:00+00:00,2023-07-10 01:00:00+00:00,240,240,1.0,0.5412985062677758,-0.0398935439489253,-0.02430080828062,2.0,FROZEN_GOVERNOR,D2
2023,2023-07-10 00:00:00+00:00,2023-07-10 01:00:00+00:00,2023-07-17 01:00:00+00:00,241,241,1.0,0.5701016931471174,0.0270922360796552,0.0125948211944173,2.0,FROZEN_GOVERNOR,D2
2023,2023-07-17 00:00:00+00:00,2023-07-17 01:00:00+00:00,2023-07-24 01:00:00+00:00,242,242,1.0,0.3432436968966382,-3.293606855468116e-05,-0.0017275235824151,2.0,FROZEN_GOVERNOR,D2
2023,2023-07-24 00:00:00+00:00,2023-07-24 01:00:00+00:00,2023-07-31 01:00:00+00:00,244,244,1.0,0.3678818248274977,-0.0292673351976292,-0.0126063298044793,2.0,FROZEN_GOVERNOR,D2
2023,2023-07-31 00:00:00+00:00,2023-07-31 01:00:00+00:00,2023-08-07 01:00:00+00:00,244,244,1.0,0.3605320166101584,-0.0090070490028038,-0.0050499896237381,2.0,FROZEN_GOVERNOR,D2
2023,2023-08-07 00:00:00+00:00,2023-08-07 01:00:00+00:00,2023-08-14 01:00:00+00:00,244,244,1.0,0.45,0.0212454781603324,0.0073104651721496,2.0,FROZEN_GOVERNOR,D2
2023,2023-08-14 00:00:00+00:00,2023-08-14 01:00:00+00:00,2023-08-21 01:00:00+00:00,246,246,1.0,0.45,-0.1128095242989369,-0.0530142859345216,2.0,FROZEN_GOVERNOR,D2
2023,2023-08-21 00:00:00+00:00,2023-08-21 01:00:00+00:00,2023-08-28 01:00:00+00:00,248,248,1.0,0.0,-0.0241734534599484,0.0,2.0,FROZEN_GOVERNOR,D2
2023,2023-08-28 00:00:00+00:00,2023-08-28 01:00:00+00:00,2023-09-04 01:00:00+00:00,249,249,1.0,0.0,-0.014248057014995,0.0,2.0,FROZEN_GOVERNOR,D2
2023,2023-09-04 00:00:00+00:00,2023-09-04 01:00:00+00:00,2023-09-11 01:00:00+00:00,250,250,1.0,0.0,-0.0186723551287543,0.0,2.0,FROZEN_GOVERNOR,D2
2023,2023-09-11 00:00:00+00:00,2023-09-11 01:00:00+00:00,2023-09-18 01:00:00+00:00,250,250,1.0,0.0,0.0010363130868041,0.0,2.0,FROZEN_GOVERNOR,D2
2023,2023-09-18 00:00:00+00:00,2023-09-18 01:00:00+00:00,2023-09-25 01:00:00+00:00,250,250,1.0,0.0,0.0159726133259486,0.0,2.0,FROZEN_GOVERNOR,D2
2023,2023-09-25 00:00:00+00:00,2023-09-25 01:00:00+00:00,2023-10-02 01:00:00+00:00,250,250,1.0,0.0,0.0796022043929873,0.0,2.0,FROZEN_GOVERNOR,D2
2023,2023-10-02 00:00:00+00:00,2023-10-02 01:00:00+00:00,2023-10-09 01:00:00+00:00,252,252,1.0,0.45,-0.0475660402248348,-0.0236547181011756,2.0,FROZEN_GOVERNOR,D2
2023,2023-10-09 00:00:00+00:00,2023-10-09 01:00:00+00:00,2023-10-16 01:00:00+00:00,252,252,1.0,0.45,-0.0404447170506153,-0.0204501226727769,2.0,FROZEN_GOVERNOR,D2
2023,2023-10-16 00:00:00+00:00,2023-10-16 01:00:00+00:00,2023-10-23 01:00:00+00:00,252,252,1.0,0.0,0.0558790456259426,0.0,2.0,FROZEN_GOVERNOR,D2
2023,2023-10-23 00:00:00+00:00,2023-10-23 01:00:00+00:00,2023-10-30 01:00:00+00:00,253,253,1.0,0.824057685614226,0.1587920601106806,0.1267335291206514,2.0,FROZEN_GOVERNOR,D2
2023,2023-10-30 00:00:00+00:00,2023-10-30 01:00:00+00:00,2023-11-06 01:00:00+00:00,253,253,1.0,0.64525938290016,0.1297210215181486,0.0804774093794781,2.0,FROZEN_GOVERNOR,D2
2023,2023-11-06 00:00:00+00:00,2023-11-06 01:00:00+00:00,2023-11-13 01:00:00+00:00,253,253,1.0,0.6687956443930517,0.1707838704393559,0.1108755304604632,2.0,FROZEN_GOVERNOR,D2
2023,2023-11-13 00:00:00+00:00,2023-11-13 01:00:00+00:00,2023-11-20 01:00:00+00:00,253,253,1.0,0.8211177105409914,0.0349145765504601,0.024563388608917,2.0,FROZEN_GOVERNOR,D2
2023,2023-11-20 00:00:00+00:00,2023-11-20 01:00:00+00:00,2023-11-27 01:00:00+00:00,254,254,1.0,0.5266834163747084,0.064357009774981,0.0312623526940739,2.0,FROZEN_GOVERNOR,D2
2023,2023-11-27 00:00:00+00:00,2023-11-27 01:00:00+00:00,2023-12-04 01:00:00+00:00,254,254,1.0,0.4352232728990491,0.0754877814578056,0.030677922945459,2.0,FROZEN_GOVERNOR,D2
2023,2023-12-04 00:00:00+00:00,2023-12-04 01:00:00+00:00,2023-12-11 01:00:00+00:00,254,254,1.0,0.4539271492075529,0.1646187953772079,0.0724553047455197,2.0,FROZEN_GOVERNOR,D2
2023,2023-12-11 00:00:00+00:00,2023-12-11 01:00:00+00:00,2023-12-18 01:00:00+00:00,254,254,1.0,0.5338039368255024,-0.0195028676079348,-0.0130797271926296,2.0,FROZEN_GOVERNOR,D2
2023,2023-12-18 00:00:00+00:00,2023-12-18 01:00:00+00:00,2023-12-25 01:00:00+00:00,254,254,1.0,0.5501193050503832,0.1190188575442868,0.0627239746749017,2.0,FROZEN_GOVERNOR,D2
2023,2023-12-25 00:00:00+00:00,2023-12-25 01:00:00+00:00,2024-01-01 00:00:00+00:00,254,254,1.0,0.48628411832341,0.0379692843927277,0.0160324393926713,2.0,FROZEN_GOVERNOR,D2
2019,2019-01-28 00:00:00+00:00,2019-01-28 01:00:00+00:00,2019-02-04 01:00:00+00:00,2,2,1.0,0.9,-0.0326499718023002,-0.0316349746220702,1.0,NONE,C2
2019,2019-02-04 00:00:00+00:00,2019-02-04 01:00:00+00:00,2019-02-11 01:00:00+00:00,2,2,1.0,0.9,0.1115850460277194,0.0981765414249475,1.0,NONE,C2
2019,2019-02-11 00:00:00+00:00,2019-02-11 01:00:00+00:00,2019-02-18 01:00:00+00:00,2,2,1.0,0.9,0.0347228261674324,0.0290005435506892,1.0,NONE,C2
2019,2019-02-18 00:00:00+00:00,2019-02-18 01:00:00+00:00,2019-02-25 01:00:00+00:00,2,2,1.0,0.9,0.0052662174870334,0.00248959573833,1.0,NONE,C2
2019,2019-02-25 00:00:00+00:00,2019-02-25 01:00:00+00:00,2019-03-04 01:00:00+00:00,2,2,1.0,0.9,0.0009670282567777,-0.0013796745689,1.0,NONE,C2
2019,2019-03-04 00:00:00+00:00,2019-03-04 01:00:00+00:00,2019-03-11 01:00:00+00:00,2,2,1.0,0.9,0.0335098384725217,0.0279088546252695,1.0,NONE,C2
2019,2019-03-11 00:00:00+00:00,2019-03-11 01:00:00+00:00,2019-03-18 01:00:00+00:00,3,3,1.0,0.9,0.1891125681178646,0.1679513113060781,1.0,NONE,C2
2019,2019-03-18 00:00:00+00:00,2019-03-18 01:00:00+00:00,2019-03-25 01:00:00+00:00,12,12,1.0,0.9,0.0499936994700639,0.0427443295230575,1.0,NONE,C2
2019,2019-03-25 00:00:00+00:00,2019-03-25 01:00:00+00:00,2019-04-01 01:00:00+00:00,12,12,1.0,0.9,0.0475822206000153,0.0405739985400138,1.0,NONE,C2
2019,2019-04-01 00:00:00+00:00,2019-04-01 01:00:00+00:00,2019-04-08 01:00:00+00:00,12,12,1.0,0.9,0.2960708116615501,0.2642137304953951,1.0,NONE,C2
2019,2019-04-08 00:00:00+00:00,2019-04-08 01:00:00+00:00,2019-04-15 01:00:00+00:00,12,12,1.0,0.9,-0.0750835457479202,-0.0698251911731282,1.0,NONE,C2
2019,2019-04-15 00:00:00+00:00,2019-04-15 01:00:00+00:00,2019-04-22 01:00:00+00:00,12,12,1.0,0.9,-0.0488274270361449,-0.0461946843325304,1.0,NONE,C2
2019,2019-04-22 00:00:00+00:00,2019-04-22 01:00:00+00:00,2019-04-29 01:00:00+00:00,12,12,1.0,0.9,-0.0602165234248688,-0.056444871082382,1.0,NONE,C2
2019,2019-04-29 00:00:00+00:00,2019-04-29 01:00:00+00:00,2019-05-06 01:00:00+00:00,12,12,1.0,0.9,0.019782374864285,0.0155541373778565,1.0,NONE,C2
2019,2019-05-06 00:00:00+00:00,2019-05-06 01:00:00+00:00,2019-05-13 01:00:00+00:00,12,12,1.0,0.9,0.0449507542834706,0.0382056788551235,1.0,NONE,C2
2019,2019-05-13 00:00:00+00:00,2019-05-13 01:00:00+00:00,2019-05-20 01:00:00+00:00,12,12,1.0,0.9,0.2614211439534937,0.2330290295581443,1.0,NONE,C2
2019,2019-05-20 00:00:00+00:00,2019-05-20 01:00:00+00:00,2019-05-27 01:00:00+00:00,12,12,1.0,0.9,0.0443512214965642,0.0376660993469078,1.0,NONE,C2
2019,2019-05-27 00:00:00+00:00,2019-05-27 01:00:00+00:00,2019-06-03 01:00:00+00:00,12,12,1.0,0.9,0.1876799158872731,0.1666619242985458,1.0,NONE,C2
2019,2019-06-03 00:00:00+00:00,2019-06-03 01:00:00+00:00,2019-06-10 01:00:00+00:00,13,13,1.0,0.9,-0.113373385815591,-0.1042860472340319,1.0,NONE,C2
2019,2019-06-10 00:00:00+00:00,2019-06-10 01:00:00+00:00,2019-06-17 01:00:00+00:00,14,14,1.0,0.9,0.1233567462010163,0.1087710715809147,1.0,NONE,C2
2019,2019-06-17 00:00:00+00:00,2019-06-17 01:00:00+00:00,2019-06-24 01:00:00+00:00,14,14,1.0,0.9,0.0906432452376739,0.0793289207139065,1.0,NONE,C2
2019,2019-06-24 00:00:00+00:00,2019-06-24 01:00:00+00:00,2019-07-01 01:00:00+00:00,14,14,1.0,0.9,-0.0959644862812554,-0.0886180376531299,1.0,NONE,C2
2019,2019-07-01 00:00:00+00:00,2019-07-01 01:00:00+00:00,2019-07-08 01:00:00+00:00,14,14,1.0,0.9,0.0206321608490543,0.0163189447641489,1.0,NONE,C2
2019,2019-07-08 00:00:00+00:00,2019-07-08 01:00:00+00:00,2019-07-15 01:00:00+00:00,14,14,1.0,0.9,-0.2196367409360821,-0.1999230668424739,1.0,NONE,C2
2019,2019-07-15 00:00:00+00:00,2019-07-15 01:00:00+00:00,2019-07-22 01:00:00+00:00,15,15,1.0,0.9,0.1043308689478343,0.0916477820530509,1.0,NONE,C2
2019,2019-07-22 00:00:00+00:00,2019-07-22 01:00:00+00:00,2019-07-29 01:00:00+00:00,15,15,1.0,0.9,-0.0466220207114843,-0.0442098186403359,1.0,NONE,C2
2019,2019-07-29 00:00:00+00:00,2019-07-29 01:00:00+00:00,2019-08-05 01:00:00+00:00,15,15,1.0,0.9,0.0652637003115579,0.0564873302804021,1.0,NONE,C2
2019,2019-08-05 00:00:00+00:00,2019-08-05 01:00:00+00:00,2019-08-12 01:00:00+00:00,15,15,1.0,0.9,-0.0289693883959387,-0.0283224495563448,1.0,NONE,C2
2019,2019-08-12 00:00:00+00:00,2019-08-12 01:00:00+00:00,2019-08-19 01:00:00+00:00,15,15,1.0,0.9,-0.1105108450988538,-0.1017097605889684,1.0,NONE,C2
2019,2019-08-19 00:00:00+00:00,2019-08-19 01:00:00+00:00,2019-08-26 01:00:00+00:00,15,15,1.0,0.9,-0.0022788155443282,-0.0043009339898954,1.0,NONE,C2
2019,2019-08-26 00:00:00+00:00,2019-08-26 01:00:00+00:00,2019-09-02 01:00:00+00:00,16,16,1.0,0.9,-0.0582212269861718,-0.0546491042875546,1.0,NONE,C2
2019,2019-09-02 00:00:00+00:00,2019-09-02 01:00:00+00:00,2019-09-09 01:00:00+00:00,17,17,1.0,0.9,0.0120283000382974,0.0085754700344677,1.0,NONE,C2
2019,2019-09-09 00:00:00+00:00,2019-09-09 01:00:00+00:00,2019-09-16 01:00:00+00:00,18,18,1.0,0.9,0.0218205554760796,0.0173884999284717,1.0,NONE,C2
2019,2019-09-16 00:00:00+00:00,2019-09-16 01:00:00+00:00,2019-09-23 01:00:00+00:00,18,18,1.0,0.9,0.0033521387087164,0.0007669248378448,1.0,NONE,C2
2019,2019-09-23 00:00:00+00:00,2019-09-23 01:00:00+00:00,2019-09-30 01:00:00+00:00,20,20,1.0,0.9,-0.2091844659164264,-0.1905160193247838,1.0,NONE,C2
2019,2019-09-30 00:00:00+00:00,2019-09-30 01:00:00+00:00,2019-10-07 01:00:00+00:00,21,21,1.0,0.9,-0.0051627050972474,-0.0068964345875227,1.0,NONE,C2
2019,2019-10-07 00:00:00+00:00,2019-10-07 01:00:00+00:00,2019-10-14 01:00:00+00:00,23,23,1.0,0.9,0.0579220173077153,0.0498798155769438,1.0,NONE,C2
2019,2019-10-14 00:00:00+00:00,2019-10-14 01:00:00+00:00,2019-10-21 01:00:00+00:00,25,25,1.0,0.9,-0.001885361918354,-0.0039468257265186,1.0,NONE,C2
2019,2019-10-21 00:00:00+00:00,2019-10-21 01:00:00+00:00,2019-10-28 01:00:00+00:00,25,25,1.0,0.9,0.1007227526627759,0.0884004773964983,1.0,NONE,C2
2019,2019-10-28 00:00:00+00:00,2019-10-28 01:00:00+00:00,2019-11-04 01:00:00+00:00,25,25,1.0,0.9,0.0210642670950959,0.0167078403855863,1.0,NONE,C2
2019,2019-11-04 00:00:00+00:00,2019-11-04 01:00:00+00:00,2019-11-11 01:00:00+00:00,26,26,1.0,0.9,0.0412950440487206,0.0349155396438485,1.0,NONE,C2
2019,2019-11-11 00:00:00+00:00,2019-11-11 01:00:00+00:00,2019-11-18 01:00:00+00:00,27,27,1.0,0.9,-0.0176835590317977,-0.0181652031286179,1.0,NONE,C2
2019,2019-11-18 00:00:00+00:00,2019-11-18 01:00:00+00:00,2019-11-25 01:00:00+00:00,27,27,1.0,0.9,-0.193959874777091,-0.1768138872993819,1.0,NONE,C2
2019,2019-11-25 00:00:00+00:00,2019-11-25 01:00:00+00:00,2019-12-02 01:00:00+00:00,28,28,1.0,0.9,0.0812843065086882,0.0709058758578194,1.0,NONE,C2
2019,2019-12-02 00:00:00+00:00,2019-12-02 01:00:00+00:00,2019-12-09 01:00:00+00:00,28,28,1.0,0.9,0.0507139624912164,0.0433925662420948,1.0,NONE,C2
2019,2019-12-09 00:00:00+00:00,2019-12-09 01:00:00+00:00,2019-12-16 01:00:00+00:00,29,29,1.0,0.9,-0.0537244305714307,-0.0506019875142876,1.0,NONE,C2
2019,2019-12-16 00:00:00+00:00,2019-12-16 01:00:00+00:00,2019-12-23 01:00:00+00:00,29,29,1.0,0.9,-0.0027842793946389,-0.004755851455175,1.0,NONE,C2
2019,2019-12-23 00:00:00+00:00,2019-12-23 01:00:00+00:00,2019-12-30 01:00:00+00:00,29,29,1.0,0.9,-0.0346757679342514,-0.0334581911408262,1.0,NONE,C2
2019,2019-12-30 00:00:00+00:00,2019-12-30 01:00:00+00:00,2020-01-01 00:00:00+00:00,29,29,1.0,0.9,-0.0321414090274039,-0.0311772681246635,1.0,NONE,C2
2019,2019-01-28 00:00:00+00:00,2019-01-28 01:00:00+00:00,2019-02-04 01:00:00+00:00,2,2,1.0,0.9,-0.0326499718023002,-0.0338849746220702,2.0,NONE,C2
2019,2019-02-04 00:00:00+00:00,2019-02-04 01:00:00+00:00,2019-02-11 01:00:00+00:00,2,2,1.0,0.9,0.1115850460277194,0.0959265414249475,2.0,NONE,C2
2019,2019-02-11 00:00:00+00:00,2019-02-11 01:00:00+00:00,2019-02-18 01:00:00+00:00,2,2,1.0,0.9,0.0347228261674324,0.0267505435506892,2.0,NONE,C2
2019,2019-02-18 00:00:00+00:00,2019-02-18 01:00:00+00:00,2019-02-25 01:00:00+00:00,2,2,1.0,0.9,0.0052662174870334,0.00023959573833,2.0,NONE,C2
2019,2019-02-25 00:00:00+00:00,2019-02-25 01:00:00+00:00,2019-03-04 01:00:00+00:00,2,2,1.0,0.9,0.0009670282567777,-0.0036296745689,2.0,NONE,C2
2019,2019-03-04 00:00:00+00:00,2019-03-04 01:00:00+00:00,2019-03-11 01:00:00+00:00,2,2,1.0,0.9,0.0335098384725217,0.0256588546252695,2.0,NONE,C2
2019,2019-03-11 00:00:00+00:00,2019-03-11 01:00:00+00:00,2019-03-18 01:00:00+00:00,3,3,1.0,0.9,0.1891125681178646,0.1657013113060781,2.0,NONE,C2
2019,2019-03-18 00:00:00+00:00,2019-03-18 01:00:00+00:00,2019-03-25 01:00:00+00:00,12,12,1.0,0.9,0.0499936994700639,0.0404943295230575,2.0,NONE,C2
2019,2019-03-25 00:00:00+00:00,2019-03-25 01:00:00+00:00,2019-04-01 01:00:00+00:00,12,12,1.0,0.9,0.0475822206000153,0.0383239985400137,2.0,NONE,C2
2019,2019-04-01 00:00:00+00:00,2019-04-01 01:00:00+00:00,2019-04-08 01:00:00+00:00,12,12,1.0,0.9,0.2960708116615501,0.261963730495395,2.0,NONE,C2
2019,2019-04-08 00:00:00+00:00,2019-04-08 01:00:00+00:00,2019-04-15 01:00:00+00:00,12,12,1.0,0.9,-0.0750835457479202,-0.0720751911731282,2.0,NONE,C2
2019,2019-04-15 00:00:00+00:00,2019-04-15 01:00:00+00:00,2019-04-22 01:00:00+00:00,12,12,1.0,0.9,-0.0488274270361449,-0.0484446843325304,2.0,NONE,C2
2019,2019-04-22 00:00:00+00:00,2019-04-22 01:00:00+00:00,2019-04-29 01:00:00+00:00,12,12,1.0,0.9,-0.0602165234248688,-0.058694871082382,2.0,NONE,C2
2019,2019-04-29 00:00:00+00:00,2019-04-29 01:00:00+00:00,2019-05-06 01:00:00+00:00,12,12,1.0,0.9,0.019782374864285,0.0133041373778565,2.0,NONE,C2
2019,2019-05-06 00:00:00+00:00,2019-05-06 01:00:00+00:00,2019-05-13 01:00:00+00:00,12,12,1.0,0.9,0.0449507542834706,0.0359556788551235,2.0,NONE,C2
2019,2019-05-13 00:00:00+00:00,2019-05-13 01:00:00+00:00,2019-05-20 01:00:00+00:00,12,12,1.0,0.9,0.2614211439534937,0.2307790295581443,2.0,NONE,C2
2019,2019-05-20 00:00:00+00:00,2019-05-20 01:00:00+00:00,2019-05-27 01:00:00+00:00,12,12,1.0,0.9,0.0443512214965642,0.0354160993469078,2.0,NONE,C2
2019,2019-05-27 00:00:00+00:00,2019-05-27 01:00:00+00:00,2019-06-03 01:00:00+00:00,12,12,1.0,0.9,0.1876799158872731,0.1644119242985458,2.0,NONE,C2
2019,2019-06-03 00:00:00+00:00,2019-06-03 01:00:00+00:00,2019-06-10 01:00:00+00:00,13,13,1.0,0.9,-0.113373385815591,-0.1065360472340319,2.0,NONE,C2
2019,2019-06-10 00:00:00+00:00,2019-06-10 01:00:00+00:00,2019-06-17 01:00:00+00:00,14,14,1.0,0.9,0.1233567462010163,0.1065210715809147,2.0,NONE,C2
2019,2019-06-17 00:00:00+00:00,2019-06-17 01:00:00+00:00,2019-06-24 01:00:00+00:00,14,14,1.0,0.9,0.0906432452376739,0.0770789207139065,2.0,NONE,C2
2019,2019-06-24 00:00:00+00:00,2019-06-24 01:00:00+00:00,2019-07-01 01:00:00+00:00,14,14,1.0,0.9,-0.0959644862812554,-0.0908680376531299,2.0,NONE,C2
2019,2019-07-01 00:00:00+00:00,2019-07-01 01:00:00+00:00,2019-07-08 01:00:00+00:00,14,14,1.0,0.9,0.0206321608490543,0.0140689447641489,2.0,NONE,C2
2019,2019-07-08 00:00:00+00:00,2019-07-08 01:00:00+00:00,2019-07-15 01:00:00+00:00,14,14,1.0,0.9,-0.2196367409360821,-0.2021730668424739,2.0,NONE,C2
2019,2019-07-15 00:00:00+00:00,2019-07-15 01:00:00+00:00,2019-07-22 01:00:00+00:00,15,15,1.0,0.9,0.1043308689478343,0.0893977820530509,2.0,NONE,C2
2019,2019-07-22 00:00:00+00:00,2019-07-22 01:00:00+00:00,2019-07-29 01:00:00+00:00,15,15,1.0,0.9,-0.0466220207114843,-0.0464598186403359,2.0,NONE,C2
2019,2019-07-29 00:00:00+00:00,2019-07-29 01:00:00+00:00,2019-08-05 01:00:00+00:00,15,15,1.0,0.9,0.0652637003115579,0.0542373302804021,2.0,NONE,C2
2019,2019-08-05 00:00:00+00:00,2019-08-05 01:00:00+00:00,2019-08-12 01:00:00+00:00,15,15,1.0,0.9,-0.0289693883959387,-0.0305724495563448,2.0,NONE,C2
2019,2019-08-12 00:00:00+00:00,2019-08-12 01:00:00+00:00,2019-08-19 01:00:00+00:00,15,15,1.0,0.9,-0.1105108450988538,-0.1039597605889684,2.0,NONE,C2
2019,2019-08-19 00:00:00+00:00,2019-08-19 01:00:00+00:00,2019-08-26 01:00:00+00:00,15,15,1.0,0.9,-0.0022788155443282,-0.0065509339898954,2.0,NONE,C2
2019,2019-08-26 00:00:00+00:00,2019-08-26 01:00:00+00:00,2019-09-02 01:00:00+00:00,16,16,1.0,0.9,-0.0582212269861718,-0.0568991042875546,2.0,NONE,C2
2019,2019-09-02 00:00:00+00:00,2019-09-02 01:00:00+00:00,2019-09-09 01:00:00+00:00,17,17,1.0,0.9,0.0120283000382974,0.0063254700344677,2.0,NONE,C2
2019,2019-09-09 00:00:00+00:00,2019-09-09 01:00:00+00:00,2019-09-16 01:00:00+00:00,18,18,1.0,0.9,0.0218205554760796,0.0151384999284717,2.0,NONE,C2
2019,2019-09-16 00:00:00+00:00,2019-09-16 01:00:00+00:00,2019-09-23 01:00:00+00:00,18,18,1.0,0.9,0.0033521387087164,-0.0014830751621551,2.0,NONE,C2
2019,2019-09-23 00:00:00+00:00,2019-09-23 01:00:00+00:00,2019-09-30 01:00:00+00:00,20,20,1.0,0.9,-0.2091844659164264,-0.1927660193247838,2.0,NONE,C2
2019,2019-09-30 00:00:00+00:00,2019-09-30 01:00:00+00:00,2019-10-07 01:00:00+00:00,21,21,1.0,0.9,-0.0051627050972474,-0.0091464345875227,2.0,NONE,C2
2019,2019-10-07 00:00:00+00:00,2019-10-07 01:00:00+00:00,2019-10-14 01:00:00+00:00,23,23,1.0,0.9,0.0579220173077153,0.0476298155769438,2.0,NONE,C2
2019,2019-10-14 00:00:00+00:00,2019-10-14 01:00:00+00:00,2019-10-21 01:00:00+00:00,25,25,1.0,0.9,-0.001885361918354,-0.0061968257265186,2.0,NONE,C2
2019,2019-10-21 00:00:00+00:00,2019-10-21 01:00:00+00:00,2019-10-28 01:00:00+00:00,25,25,1.0,0.9,0.1007227526627759,0.0861504773964983,2.0,NONE,C2
2019,2019-10-28 00:00:00+00:00,2019-10-28 01:00:00+00:00,2019-11-04 01:00:00+00:00,25,25,1.0,0.9,0.0210642670950959,0.0144578403855863,2.0,NONE,C2
2019,2019-11-04 00:00:00+00:00,2019-11-04 01:00:00+00:00,2019-11-11 01:00:00+00:00,26,26,1.0,0.9,0.0412950440487206,0.0326655396438485,2.0,NONE,C2
2019,2019-11-11 00:00:00+00:00,2019-11-11 01:00:00+00:00,2019-11-18 01:00:00+00:00,27,27,1.0,0.9,-0.0176835590317977,-0.0204152031286179,2.0,NONE,C2
2019,2019-11-18 00:00:00+00:00,2019-11-18 01:00:00+00:00,2019-11-25 01:00:00+00:00,27,27,1.0,0.9,-0.193959874777091,-0.1790638872993819,2.0,NONE,C2
2019,2019-11-25 00:00:00+00:00,2019-11-25 01:00:00+00:00,2019-12-02 01:00:00+00:00,28,28,1.0,0.9,0.0812843065086882,0.0686558758578194,2.0,NONE,C2
2019,2019-12-02 00:00:00+00:00,2019-12-02 01:00:00+00:00,2019-12-09 01:00:00+00:00,28,28,1.0,0.9,0.0507139624912164,0.0411425662420948,2.0,NONE,C2
2019,2019-12-09 00:00:00+00:00,2019-12-09 01:00:00+00:00,2019-12-16 01:00:00+00:00,29,29,1.0,0.9,-0.0537244305714307,-0.0528519875142876,2.0,NONE,C2
2019,2019-12-16 00:00:00+00:00,2019-12-16 01:00:00+00:00,2019-12-23 01:00:00+00:00,29,29,1.0,0.9,-0.0027842793946389,-0.007005851455175,2.0,NONE,C2
2019,2019-12-23 00:00:00+00:00,2019-12-23 01:00:00+00:00,2019-12-30 01:00:00+00:00,29,29,1.0,0.9,-0.0346757679342514,-0.0357081911408262,2.0,NONE,C2
2019,2019-12-30 00:00:00+00:00,2019-12-30 01:00:00+00:00,2020-01-01 00:00:00+00:00,29,29,1.0,0.9,-0.0321414090274039,-0.0334272681246635,2.0,NONE,C2
2019,2019-01-28 00:00:00+00:00,2019-01-28 01:00:00+00:00,2019-02-04 01:00:00+00:00,2,2,1.0,0.0,-0.0326499718023002,0.0,1.0,FROZEN_GOVERNOR,C2
2019,2019-02-04 00:00:00+00:00,2019-02-04 01:00:00+00:00,2019-02-11 01:00:00+00:00,2,2,1.0,0.0,0.1115850460277194,0.0,1.0,FROZEN_GOVERNOR,C2
2019,2019-02-11 00:00:00+00:00,2019-02-11 01:00:00+00:00,2019-02-18 01:00:00+00:00,2,2,1.0,0.0,0.0347228261674324,0.0,1.0,FROZEN_GOVERNOR,C2
2019,2019-02-18 00:00:00+00:00,2019-02-18 01:00:00+00:00,2019-02-25 01:00:00+00:00,2,2,1.0,0.0,0.0052662174870334,0.0,1.0,FROZEN_GOVERNOR,C2
2019,2019-02-25 00:00:00+00:00,2019-02-25 01:00:00+00:00,2019-03-04 01:00:00+00:00,2,2,1.0,0.0,0.0009670282567777,0.0,1.0,FROZEN_GOVERNOR,C2
2019,2019-03-04 00:00:00+00:00,2019-03-04 01:00:00+00:00,2019-03-11 01:00:00+00:00,2,2,1.0,0.0,0.0335098384725217,0.0,1.0,FROZEN_GOVERNOR,C2
2019,2019-03-11 00:00:00+00:00,2019-03-11 01:00:00+00:00,2019-03-18 01:00:00+00:00,3,3,1.0,0.0,0.1891125681178646,0.0,1.0,FROZEN_GOVERNOR,C2
2019,2019-03-18 00:00:00+00:00,2019-03-18 01:00:00+00:00,2019-03-25 01:00:00+00:00,12,12,1.0,0.0,0.0499936994700639,0.0,1.0,FROZEN_GOVERNOR,C2
2019,2019-03-25 00:00:00+00:00,2019-03-25 01:00:00+00:00,2019-04-01 01:00:00+00:00,12,12,1.0,0.0,0.0475822206000153,0.0,1.0,FROZEN_GOVERNOR,C2
2019,2019-04-01 00:00:00+00:00,2019-04-01 01:00:00+00:00,2019-04-08 01:00:00+00:00,12,12,1.0,0.0,0.2960708116615501,0.0,1.0,FROZEN_GOVERNOR,C2
2019,2019-04-08 00:00:00+00:00,2019-04-08 01:00:00+00:00,2019-04-15 01:00:00+00:00,12,12,1.0,0.0,-0.0750835457479202,0.0,1.0,FROZEN_GOVERNOR,C2
2019,2019-04-15 00:00:00+00:00,2019-04-15 01:00:00+00:00,2019-04-22 01:00:00+00:00,12,12,1.0,0.0,-0.0488274270361449,0.0,1.0,FROZEN_GOVERNOR,C2
2019,2019-04-22 00:00:00+00:00,2019-04-22 01:00:00+00:00,2019-04-29 01:00:00+00:00,12,12,1.0,0.0,-0.0602165234248688,0.0,1.0,FROZEN_GOVERNOR,C2
2019,2019-04-29 00:00:00+00:00,2019-04-29 01:00:00+00:00,2019-05-06 01:00:00+00:00,12,12,1.0,0.0,0.019782374864285,0.0,1.0,FROZEN_GOVERNOR,C2
2019,2019-05-06 00:00:00+00:00,2019-05-06 01:00:00+00:00,2019-05-13 01:00:00+00:00,12,12,1.0,0.0,0.0449507542834706,0.0,1.0,FROZEN_GOVERNOR,C2
2019,2019-05-13 00:00:00+00:00,2019-05-13 01:00:00+00:00,2019-05-20 01:00:00+00:00,12,12,1.0,0.0,0.2614211439534937,0.0,1.0,FROZEN_GOVERNOR,C2
2019,2019-05-20 00:00:00+00:00,2019-05-20 01:00:00+00:00,2019-05-27 01:00:00+00:00,12,12,1.0,0.0,0.0443512214965642,0.0,1.0,FROZEN_GOVERNOR,C2
2019,2019-05-27 00:00:00+00:00,2019-05-27 01:00:00+00:00,2019-06-03 01:00:00+00:00,12,12,1.0,0.0,0.1876799158872731,0.0,1.0,FROZEN_GOVERNOR,C2
2019,2019-06-03 00:00:00+00:00,2019-06-03 01:00:00+00:00,2019-06-10 01:00:00+00:00,13,13,1.0,0.0,-0.113373385815591,0.0,1.0,FROZEN_GOVERNOR,C2
2019,2019-06-10 00:00:00+00:00,2019-06-10 01:00:00+00:00,2019-06-17 01:00:00+00:00,14,14,1.0,0.0,0.1233567462010163,0.0,1.0,FROZEN_GOVERNOR,C2
2019,2019-06-17 00:00:00+00:00,2019-06-17 01:00:00+00:00,2019-06-24 01:00:00+00:00,14,14,1.0,0.0,0.0906432452376739,0.0,1.0,FROZEN_GOVERNOR,C2
2019,2019-06-24 00:00:00+00:00,2019-06-24 01:00:00+00:00,2019-07-01 01:00:00+00:00,14,14,1.0,0.0,-0.0959644862812554,0.0,1.0,FROZEN_GOVERNOR,C2
2019,2019-07-01 00:00:00+00:00,2019-07-01 01:00:00+00:00,2019-07-08 01:00:00+00:00,14,14,1.0,0.0,0.0206321608490543,0.0,1.0,FROZEN_GOVERNOR,C2
2019,2019-07-08 00:00:00+00:00,2019-07-08 01:00:00+00:00,2019-07-15 01:00:00+00:00,14,14,1.0,0.0,-0.2196367409360821,0.0,1.0,FROZEN_GOVERNOR,C2
2019,2019-07-15 00:00:00+00:00,2019-07-15 01:00:00+00:00,2019-07-22 01:00:00+00:00,15,15,1.0,0.0,0.1043308689478343,0.0,1.0,FROZEN_GOVERNOR,C2
2019,2019-07-22 00:00:00+00:00,2019-07-22 01:00:00+00:00,2019-07-29 01:00:00+00:00,15,15,1.0,0.1292514520876033,-0.0466220207114843,-0.0063490925064366,1.0,FROZEN_GOVERNOR,C2
2019,2019-07-29 00:00:00+00:00,2019-07-29 01:00:00+00:00,2019-08-05 01:00:00+00:00,15,15,1.0,0.1313917351452435,0.0652637003115579,0.0082466314880716,1.0,FROZEN_GOVERNOR,C2
2019,2019-08-05 00:00:00+00:00,2019-08-05 01:00:00+00:00,2019-08-12 01:00:00+00:00,15,15,1.0,0.1488619353829129,-0.0289693883959387,-0.004684594061936,1.0,FROZEN_GOVERNOR,C2
2019,2019-08-12 00:00:00+00:00,2019-08-12 01:00:00+00:00,2019-08-19 01:00:00+00:00,15,15,1.0,0.2578105684809491,-0.1105108450988538,-0.0291353902194479,1.0,FROZEN_GOVERNOR,C2
2019,2019-08-19 00:00:00+00:00,2019-08-19 01:00:00+00:00,2019-08-26 01:00:00+00:00,15,15,1.0,0.2438693066128711,-0.0022788155443282,-0.0011654064332261,1.0,FROZEN_GOVERNOR,C2
2019,2019-08-26 00:00:00+00:00,2019-08-26 01:00:00+00:00,2019-09-02 01:00:00+00:00,16,16,1.0,0.2504066038232731,-0.0582212269861718,-0.0152049962295893,1.0,FROZEN_GOVERNOR,C2
2019,2019-09-02 00:00:00+00:00,2019-09-02 01:00:00+00:00,2019-09-09 01:00:00+00:00,17,17,1.0,0.2580501749356455,0.0120283000382974,0.0024587794917219,1.0,FROZEN_GOVERNOR,C2
2019,2019-09-09 00:00:00+00:00,2019-09-09 01:00:00+00:00,2019-09-16 01:00:00+00:00,18,18,1.0,0.2670210081110961,0.0218205554760796,0.0051589942004891,1.0,FROZEN_GOVERNOR,C2
2019,2019-09-16 00:00:00+00:00,2019-09-16 01:00:00+00:00,2019-09-23 01:00:00+00:00,18,18,1.0,0.3020350912457957,0.0033521387087164,0.0002573757926412,1.0,FROZEN_GOVERNOR,C2
2019,2019-09-23 00:00:00+00:00,2019-09-23 01:00:00+00:00,2019-09-30 01:00:00+00:00,20,20,1.0,0.3202335576208863,-0.2091844659164264,-0.0677884696134944,1.0,FROZEN_GOVERNOR,C2
2019,2019-09-30 00:00:00+00:00,2019-09-30 01:00:00+00:00,2019-10-07 01:00:00+00:00,21,21,1.0,0.0,-0.0051627050972474,0.0,1.0,FROZEN_GOVERNOR,C2
2019,2019-10-07 00:00:00+00:00,2019-10-07 01:00:00+00:00,2019-10-14 01:00:00+00:00,23,23,1.0,0.0,0.0579220173077153,0.0,1.0,FROZEN_GOVERNOR,C2
2019,2019-10-14 00:00:00+00:00,2019-10-14 01:00:00+00:00,2019-10-21 01:00:00+00:00,25,25,1.0,0.0,-0.001885361918354,0.0,1.0,FROZEN_GOVERNOR,C2
2019,2019-10-21 00:00:00+00:00,2019-10-21 01:00:00+00:00,2019-10-28 01:00:00+00:00,25,25,1.0,0.0,0.1007227526627759,0.0,1.0,FROZEN_GOVERNOR,C2
2019,2019-10-28 00:00:00+00:00,2019-10-28 01:00:00+00:00,2019-11-04 01:00:00+00:00,25,25,1.0,0.3514268185130161,0.0210642670950959,0.0065239813232554,1.0,FROZEN_GOVERNOR,C2
2019,2019-11-04 00:00:00+00:00,2019-11-04 01:00:00+00:00,2019-11-11 01:00:00+00:00,26,26,1.0,0.3515103798403268,0.0412950440487206,0.013636860669488,1.0,FROZEN_GOVERNOR,C2
2019,2019-11-11 00:00:00+00:00,2019-11-11 01:00:00+00:00,2019-11-18 01:00:00+00:00,27,27,1.0,0.1781236602055095,-0.0176835590317977,-0.0035951694107177,1.0,FROZEN_GOVERNOR,C2
2019,2019-11-18 00:00:00+00:00,2019-11-18 01:00:00+00:00,2019-11-25 01:00:00+00:00,27,27,1.0,0.3892305121401849,-0.193959874777091,-0.0764681776744837,1.0,FROZEN_GOVERNOR,C2
2019,2019-11-25 00:00:00+00:00,2019-11-25 01:00:00+00:00,2019-12-02 01:00:00+00:00,28,28,1.0,0.0,0.0812843065086882,0.0,1.0,FROZEN_GOVERNOR,C2
2019,2019-12-02 00:00:00+00:00,2019-12-02 01:00:00+00:00,2019-12-09 01:00:00+00:00,28,28,1.0,0.0,0.0507139624912164,0.0,1.0,FROZEN_GOVERNOR,C2
2019,2019-12-09 00:00:00+00:00,2019-12-09 01:00:00+00:00,2019-12-16 01:00:00+00:00,29,29,1.0,0.0,-0.0537244305714307,0.0,1.0,FROZEN_GOVERNOR,C2
2019,2019-12-16 00:00:00+00:00,2019-12-16 01:00:00+00:00,2019-12-23 01:00:00+00:00,29,29,1.0,0.0,-0.0027842793946389,0.0,1.0,FROZEN_GOVERNOR,C2
2019,2019-12-23 00:00:00+00:00,2019-12-23 01:00:00+00:00,2019-12-30 01:00:00+00:00,29,29,1.0,0.0,-0.0346757679342514,0.0,1.0,FROZEN_GOVERNOR,C2
2019,2019-12-30 00:00:00+00:00,2019-12-30 01:00:00+00:00,2020-01-01 00:00:00+00:00,29,29,1.0,0.0,-0.0321414090274039,0.0,1.0,FROZEN_GOVERNOR,C2
2019,2019-01-28 00:00:00+00:00,2019-01-28 01:00:00+00:00,2019-02-04 01:00:00+00:00,2,2,1.0,0.0,-0.0326499718023002,0.0,2.0,FROZEN_GOVERNOR,C2
2019,2019-02-04 00:00:00+00:00,2019-02-04 01:00:00+00:00,2019-02-11 01:00:00+00:00,2,2,1.0,0.0,0.1115850460277194,0.0,2.0,FROZEN_GOVERNOR,C2
2019,2019-02-11 00:00:00+00:00,2019-02-11 01:00:00+00:00,2019-02-18 01:00:00+00:00,2,2,1.0,0.0,0.0347228261674324,0.0,2.0,FROZEN_GOVERNOR,C2
2019,2019-02-18 00:00:00+00:00,2019-02-18 01:00:00+00:00,2019-02-25 01:00:00+00:00,2,2,1.0,0.0,0.0052662174870334,0.0,2.0,FROZEN_GOVERNOR,C2
2019,2019-02-25 00:00:00+00:00,2019-02-25 01:00:00+00:00,2019-03-04 01:00:00+00:00,2,2,1.0,0.0,0.0009670282567777,0.0,2.0,FROZEN_GOVERNOR,C2
2019,2019-03-04 00:00:00+00:00,2019-03-04 01:00:00+00:00,2019-03-11 01:00:00+00:00,2,2,1.0,0.0,0.0335098384725217,0.0,2.0,FROZEN_GOVERNOR,C2
2019,2019-03-11 00:00:00+00:00,2019-03-11 01:00:00+00:00,2019-03-18 01:00:00+00:00,3,3,1.0,0.0,0.1891125681178646,0.0,2.0,FROZEN_GOVERNOR,C2
2019,2019-03-18 00:00:00+00:00,2019-03-18 01:00:00+00:00,2019-03-25 01:00:00+00:00,12,12,1.0,0.0,0.0499936994700639,0.0,2.0,FROZEN_GOVERNOR,C2
2019,2019-03-25 00:00:00+00:00,2019-03-25 01:00:00+00:00,2019-04-01 01:00:00+00:00,12,12,1.0,0.0,0.0475822206000153,0.0,2.0,FROZEN_GOVERNOR,C2
2019,2019-04-01 00:00:00+00:00,2019-04-01 01:00:00+00:00,2019-04-08 01:00:00+00:00,12,12,1.0,0.0,0.2960708116615501,0.0,2.0,FROZEN_GOVERNOR,C2
2019,2019-04-08 00:00:00+00:00,2019-04-08 01:00:00+00:00,2019-04-15 01:00:00+00:00,12,12,1.0,0.0,-0.0750835457479202,0.0,2.0,FROZEN_GOVERNOR,C2
2019,2019-04-15 00:00:00+00:00,2019-04-15 01:00:00+00:00,2019-04-22 01:00:00+00:00,12,12,1.0,0.0,-0.0488274270361449,0.0,2.0,FROZEN_GOVERNOR,C2
2019,2019-04-22 00:00:00+00:00,2019-04-22 01:00:00+00:00,2019-04-29 01:00:00+00:00,12,12,1.0,0.0,-0.0602165234248688,0.0,2.0,FROZEN_GOVERNOR,C2
2019,2019-04-29 00:00:00+00:00,2019-04-29 01:00:00+00:00,2019-05-06 01:00:00+00:00,12,12,1.0,0.0,0.019782374864285,0.0,2.0,FROZEN_GOVERNOR,C2
2019,2019-05-06 00:00:00+00:00,2019-05-06 01:00:00+00:00,2019-05-13 01:00:00+00:00,12,12,1.0,0.0,0.0449507542834706,0.0,2.0,FROZEN_GOVERNOR,C2
2019,2019-05-13 00:00:00+00:00,2019-05-13 01:00:00+00:00,2019-05-20 01:00:00+00:00,12,12,1.0,0.0,0.2614211439534937,0.0,2.0,FROZEN_GOVERNOR,C2
2019,2019-05-20 00:00:00+00:00,2019-05-20 01:00:00+00:00,2019-05-27 01:00:00+00:00,12,12,1.0,0.0,0.0443512214965642,0.0,2.0,FROZEN_GOVERNOR,C2
2019,2019-05-27 00:00:00+00:00,2019-05-27 01:00:00+00:00,2019-06-03 01:00:00+00:00,12,12,1.0,0.0,0.1876799158872731,0.0,2.0,FROZEN_GOVERNOR,C2
2019,2019-06-03 00:00:00+00:00,2019-06-03 01:00:00+00:00,2019-06-10 01:00:00+00:00,13,13,1.0,0.0,-0.113373385815591,0.0,2.0,FROZEN_GOVERNOR,C2
2019,2019-06-10 00:00:00+00:00,2019-06-10 01:00:00+00:00,2019-06-17 01:00:00+00:00,14,14,1.0,0.0,0.1233567462010163,0.0,2.0,FROZEN_GOVERNOR,C2
2019,2019-06-17 00:00:00+00:00,2019-06-17 01:00:00+00:00,2019-06-24 01:00:00+00:00,14,14,1.0,0.0,0.0906432452376739,0.0,2.0,FROZEN_GOVERNOR,C2
2019,2019-06-24 00:00:00+00:00,2019-06-24 01:00:00+00:00,2019-07-01 01:00:00+00:00,14,14,1.0,0.0,-0.0959644862812554,0.0,2.0,FROZEN_GOVERNOR,C2
2019,2019-07-01 00:00:00+00:00,2019-07-01 01:00:00+00:00,2019-07-08 01:00:00+00:00,14,14,1.0,0.0,0.0206321608490543,0.0,2.0,FROZEN_GOVERNOR,C2
2019,2019-07-08 00:00:00+00:00,2019-07-08 01:00:00+00:00,2019-07-15 01:00:00+00:00,14,14,1.0,0.0,-0.2196367409360821,0.0,2.0,FROZEN_GOVERNOR,C2
2019,2019-07-15 00:00:00+00:00,2019-07-15 01:00:00+00:00,2019-07-22 01:00:00+00:00,15,15,1.0,0.0,0.1043308689478343,0.0,2.0,FROZEN_GOVERNOR,C2
2019,2019-07-22 00:00:00+00:00,2019-07-22 01:00:00+00:00,2019-07-29 01:00:00+00:00,15,15,1.0,0.1292514520876033,-0.0466220207114843,-0.0066722211366556,2.0,FROZEN_GOVERNOR,C2
2019,2019-07-29 00:00:00+00:00,2019-07-29 01:00:00+00:00,2019-08-05 01:00:00+00:00,15,15,1.0,0.1313917351452435,0.0652637003115579,0.0079181521502085,2.0,FROZEN_GOVERNOR,C2
2019,2019-08-05 00:00:00+00:00,2019-08-05 01:00:00+00:00,2019-08-12 01:00:00+00:00,15,15,1.0,0.1488619353829129,-0.0289693883959387,-0.0050567489003933,2.0,FROZEN_GOVERNOR,C2
2019,2019-08-12 00:00:00+00:00,2019-08-12 01:00:00+00:00,2019-08-19 01:00:00+00:00,15,15,1.0,0.2578105684809491,-0.1105108450988538,-0.0297799166406503,2.0,FROZEN_GOVERNOR,C2
2019,2019-08-19 00:00:00+00:00,2019-08-19 01:00:00+00:00,2019-08-26 01:00:00+00:00,15,15,1.0,0.2438693066128711,-0.0022788155443282,-0.0017750796997583,2.0,FROZEN_GOVERNOR,C2
2019,2019-08-26 00:00:00+00:00,2019-08-26 01:00:00+00:00,2019-09-02 01:00:00+00:00,16,16,1.0,0.2504066038232731,-0.0582212269861718,-0.0158310127391475,2.0,FROZEN_GOVERNOR,C2
2019,2019-09-02 00:00:00+00:00,2019-09-02 01:00:00+00:00,2019-09-09 01:00:00+00:00,17,17,1.0,0.2580501749356455,0.0120283000382974,0.0018136540543828,2.0,FROZEN_GOVERNOR,C2
2019,2019-09-09 00:00:00+00:00,2019-09-09 01:00:00+00:00,2019-09-16 01:00:00+00:00,18,18,1.0,0.2670210081110961,0.0218205554760796,0.0044914416802114,2.0,FROZEN_GOVERNOR,C2
2019,2019-09-16 00:00:00+00:00,2019-09-16 01:00:00+00:00,2019-09-23 01:00:00+00:00,18,18,1.0,0.3020350912457957,0.0033521387087164,-0.0004977119354732,2.0,FROZEN_GOVERNOR,C2
2019,2019-09-23 00:00:00+00:00,2019-09-23 01:00:00+00:00,2019-09-30 01:00:00+00:00,20,20,1.0,0.3202335576208863,-0.2091844659164264,-0.0685890535075467,2.0,FROZEN_GOVERNOR,C2
2019,2019-09-30 00:00:00+00:00,2019-09-30 01:00:00+00:00,2019-10-07 01:00:00+00:00,21,21,1.0,0.0,-0.0051627050972474,0.0,2.0,FROZEN_GOVERNOR,C2
2019,2019-10-07 00:00:00+00:00,2019-10-07 01:00:00+00:00,2019-10-14 01:00:00+00:00,23,23,1.0,0.0,0.0579220173077153,0.0,2.0,FROZEN_GOVERNOR,C2
2019,2019-10-14 00:00:00+00:00,2019-10-14 01:00:00+00:00,2019-10-21 01:00:00+00:00,25,25,1.0,0.0,-0.001885361918354,0.0,2.0,FROZEN_GOVERNOR,C2
2019,2019-10-21 00:00:00+00:00,2019-10-21 01:00:00+00:00,2019-10-28 01:00:00+00:00,25,25,1.0,0.0,0.1007227526627759,0.0,2.0,FROZEN_GOVERNOR,C2
2019,2019-10-28 00:00:00+00:00,2019-10-28 01:00:00+00:00,2019-11-04 01:00:00+00:00,25,25,1.0,0.3514268185130161,0.0210642670950959,0.0056454142769728,2.0,FROZEN_GOVERNOR,C2
2019,2019-11-04 00:00:00+00:00,2019-11-04 01:00:00+00:00,2019-11-11 01:00:00+00:00,26,26,1.0,0.3515103798403268,0.0412950440487206,0.0127580847198871,2.0,FROZEN_GOVERNOR,C2
2019,2019-11-11 00:00:00+00:00,2019-11-11 01:00:00+00:00,2019-11-18 01:00:00+00:00,27,27,1.0,0.1781236602055095,-0.0176835590317977,-0.0040404785612315,2.0,FROZEN_GOVERNOR,C2
2019,2019-11-18 00:00:00+00:00,2019-11-18 01:00:00+00:00,2019-11-25 01:00:00+00:00,27,27,1.0,0.3892305121401849,-0.193959874777091,-0.0774412539548341,2.0,FROZEN_GOVERNOR,C2
2019,2019-11-25 00:00:00+00:00,2019-11-25 01:00:00+00:00,2019-12-02 01:00:00+00:00,28,28,1.0,0.0,0.0812843065086882,0.0,2.0,FROZEN_GOVERNOR,C2
2019,2019-12-02 00:00:00+00:00,2019-12-02 01:00:00+00:00,2019-12-09 01:00:00+00:00,28,28,1.0,0.0,0.0507139624912164,0.0,2.0,FROZEN_GOVERNOR,C2
2019,2019-12-09 00:00:00+00:00,2019-12-09 01:00:00+00:00,2019-12-16 01:00:00+00:00,29,29,1.0,0.0,-0.0537244305714307,0.0,2.0,FROZEN_GOVERNOR,C2
2019,2019-12-16 00:00:00+00:00,2019-12-16 01:00:00+00:00,2019-12-23 01:00:00+00:00,29,29,1.0,0.0,-0.0027842793946389,0.0,2.0,FROZEN_GOVERNOR,C2
2019,2019-12-23 00:00:00+00:00,2019-12-23 01:00:00+00:00,2019-12-30 01:00:00+00:00,29,29,1.0,0.0,-0.0346757679342514,0.0,2.0,FROZEN_GOVERNOR,C2
2019,2019-12-30 00:00:00+00:00,2019-12-30 01:00:00+00:00,2020-01-01 00:00:00+00:00,29,29,1.0,0.0,-0.0321414090274039,0.0,2.0,FROZEN_GOVERNOR,C2
2020,2020-01-06 00:00:00+00:00,2020-01-06 01:00:00+00:00,2020-01-13 01:00:00+00:00,29,29,1.0,0.9,0.0335089181981615,0.0279080263783454,1.0,NONE,C2
2020,2020-01-13 00:00:00+00:00,2020-01-13 01:00:00+00:00,2020-01-20 01:00:00+00:00,29,29,1.0,0.9,0.0741499351804971,0.0644849416624474,1.0,NONE,C2
2020,2020-01-20 00:00:00+00:00,2020-01-20 01:00:00+00:00,2020-01-27 01:00:00+00:00,29,29,1.0,0.9,0.014812960842325,0.0110816647580925,1.0,NONE,C2
2020,2020-01-27 00:00:00+00:00,2020-01-27 01:00:00+00:00,2020-02-03 01:00:00+00:00,29,29,1.0,0.9,0.1249175039865641,0.1101757535879076,1.0,NONE,C2
2020,2020-02-03 00:00:00+00:00,2020-02-03 01:00:00+00:00,2020-02-10 01:00:00+00:00,29,29,1.0,0.9,0.1631296364186532,0.1445666727767879,1.0,NONE,C2
2020,2020-02-10 00:00:00+00:00,2020-02-10 01:00:00+00:00,2020-02-17 01:00:00+00:00,29,29,1.0,0.9,0.028166997544391,0.0231002977899519,1.0,NONE,C2
2020,2020-02-17 00:00:00+00:00,2020-02-17 01:00:00+00:00,2020-02-24 01:00:00+00:00,30,30,1.0,0.9,0.0641497751359542,0.0554847976223588,1.0,NONE,C2
2020,2020-02-24 00:00:00+00:00,2020-02-24 01:00:00+00:00,2020-03-02 01:00:00+00:00,30,30,1.0,0.9,-0.2203972904973245,-0.200607561447592,1.0,NONE,C2
2020,2020-03-02 00:00:00+00:00,2020-03-02 01:00:00+00:00,2020-03-09 01:00:00+00:00,30,30,1.0,0.9,-0.0261386669170923,-0.0257748002253831,1.0,NONE,C2
2020,2020-03-09 00:00:00+00:00,2020-03-09 01:00:00+00:00,2020-03-16 01:00:00+00:00,30,30,1.0,0.9,-0.388944135035309,-0.3522997215317781,1.0,NONE,C2
2020,2020-03-16 00:00:00+00:00,2020-03-16 01:00:00+00:00,2020-03-23 01:00:00+00:00,30,30,1.0,0.9,0.0146609168702611,0.010944825183235,1.0,NONE,C2
2020,2020-03-23 00:00:00+00:00,2020-03-23 01:00:00+00:00,2020-03-30 01:00:00+00:00,31,31,1.0,0.9,0.0342794059218899,0.0286014653297009,1.0,NONE,C2
2020,2020-03-30 00:00:00+00:00,2020-03-30 01:00:00+00:00,2020-04-06 01:00:00+00:00,31,31,1.0,0.9,0.1490892754230221,0.1319303478807199,1.0,NONE,C2
2020,2020-04-06 00:00:00+00:00,2020-04-06 01:00:00+00:00,2020-04-13 01:00:00+00:00,31,31,1.0,0.9,0.0338474197529048,0.0282126777776143,1.0,NONE,C2
2020,2020-04-13 00:00:00+00:00,2020-04-13 01:00:00+00:00,2020-04-20 01:00:00+00:00,31,31,1.0,0.9,0.0633774103701005,0.0547896693330904,1.0,NONE,C2
2020,2020-04-20 00:00:00+00:00,2020-04-20 01:00:00+00:00,2020-04-27 01:00:00+00:00,31,31,1.0,0.9,0.1481679830064343,0.1311011847057908,1.0,NONE,C2
2020,2020-04-27 00:00:00+00:00,2020-04-27 01:00:00+00:00,2020-05-04 01:00:00+00:00,31,31,1.0,0.9,0.0638272108949523,0.055194489805457,1.0,NONE,C2
2020,2020-05-04 00:00:00+00:00,2020-05-04 01:00:00+00:00,2020-05-11 01:00:00+00:00,31,31,1.0,0.9,-0.0615494945020294,-0.0576445450518265,1.0,NONE,C2
2020,2020-05-11 00:00:00+00:00,2020-05-11 01:00:00+00:00,2020-05-18 01:00:00+00:00,31,31,1.0,0.9,0.1687814243130659,0.1496532818817594,1.0,NONE,C2
2020,2020-05-18 00:00:00+00:00,2020-05-18 01:00:00+00:00,2020-05-25 01:00:00+00:00,32,32,1.0,0.9,-0.0186806000528361,-0.0190625400475525,1.0,NONE,C2
2020,2020-05-25 00:00:00+00:00,2020-05-25 01:00:00+00:00,2020-06-01 01:00:00+00:00,32,32,1.0,0.9,0.1184530307913373,0.1043577277122036,1.0,NONE,C2
2020,2020-06-01 00:00:00+00:00,2020-06-01 01:00:00+00:00,2020-06-08 01:00:00+00:00,32,32,1.0,0.9,0.0503875176984531,0.0430987659286078,1.0,NONE,C2
2020,2020-06-08 00:00:00+00:00,2020-06-08 01:00:00+00:00,2020-06-15 01:00:00+00:00,32,32,1.0,0.9,-0.0229301600519593,-0.0228871440467634,1.0,NONE,C2
2020,2020-06-15 00:00:00+00:00,2020-06-15 01:00:00+00:00,2020-06-22 01:00:00+00:00,32,32,1.0,0.9,0.003883262190341,0.0012449359713069,1.0,NONE,C2
2020,2020-06-22 00:00:00+00:00,2020-06-22 01:00:00+00:00,2020-06-29 01:00:00+00:00,33,33,1.0,0.9,-0.0418475459343888,-0.03991279134095,1.0,NONE,C2
2020,2020-06-29 00:00:00+00:00,2020-06-29 01:00:00+00:00,2020-07-06 01:00:00+00:00,33,33,1.0,0.9,0.0726712332946533,0.063154109965188,1.0,NONE,C2
2020,2020-07-06 00:00:00+00:00,2020-07-06 01:00:00+00:00,2020-07-13 01:00:00+00:00,33,33,1.0,0.9,0.1673461290430537,0.1483615161387484,1.0,NONE,C2
2020,2020-07-13 00:00:00+00:00,2020-07-13 01:00:00+00:00,2020-07-20 01:00:00+00:00,35,35,1.0,0.9,0.086710387287861,0.0757893485590749,1.0,NONE,C2
2020,2020-07-20 00:00:00+00:00,2020-07-20 01:00:00+00:00,2020-07-27 01:00:00+00:00,35,35,1.0,0.9,0.1312593635841392,0.1158834272257253,1.0,NONE,C2
2020,2020-07-27 00:00:00+00:00,2020-07-27 01:00:00+00:00,2020-08-03 01:00:00+00:00,35,35,1.0,0.9,0.0100131061572075,0.0067617955414868,1.0,NONE,C2
2020,2020-08-03 00:00:00+00:00,2020-08-03 01:00:00+00:00,2020-08-10 01:00:00+00:00,35,35,1.0,0.9,0.1752778388634411,0.155500054977097,1.0,NONE,C2
2020,2020-08-10 00:00:00+00:00,2020-08-10 01:00:00+00:00,2020-08-17 01:00:00+00:00,35,35,1.0,0.9,0.1710012809491046,0.1516511528541941,1.0,NONE,C2
2020,2020-08-17 00:00:00+00:00,2020-08-17 01:00:00+00:00,2020-08-24 01:00:00+00:00,36,36,1.0,0.9,-0.0613221040332878,-0.057439893629959,1.0,NONE,C2
2020,2020-08-24 00:00:00+00:00,2020-08-24 01:00:00+00:00,2020-08-31 01:00:00+00:00,36,36,1.0,0.9,0.0470337811472947,0.0400804030325652,1.0,NONE,C2
2020,2020-08-31 00:00:00+00:00,2020-08-31 01:00:00+00:00,2020-09-07 01:00:00+00:00,37,37,1.0,0.9,-0.1936128531296877,-0.176501567816719,1.0,NONE,C2
2020,2020-09-07 00:00:00+00:00,2020-09-07 01:00:00+00:00,2020-09-14 01:00:00+00:00,37,37,1.0,0.9,0.018701754797243,0.0145815793175187,1.0,NONE,C2
2020,2020-09-14 00:00:00+00:00,2020-09-14 01:00:00+00:00,2020-09-21 01:00:00+00:00,37,37,1.0,0.9,-0.0511864518696721,-0.0483178066827049,1.0,NONE,C2
2020,2020-09-21 00:00:00+00:00,2020-09-21 01:00:00+00:00,2020-09-28 01:00:00+00:00,37,37,1.0,0.9,-0.0670258127291812,-0.0625732314562631,1.0,NONE,C2
2020,2020-09-28 00:00:00+00:00,2020-09-28 01:00:00+00:00,2020-10-05 01:00:00+00:00,38,38,1.0,0.9,-0.0219975649629534,-0.0220478084666581,1.0,NONE,C2
2020,2020-10-05 00:00:00+00:00,2020-10-05 01:00:00+00:00,2020-10-12 01:00:00+00:00,39,39,1.0,0.9,0.0301074854341278,0.024846736890715,1.0,NONE,C2
2020,2020-10-12 00:00:00+00:00,2020-10-12 01:00:00+00:00,2020-10-19 01:00:00+00:00,39,39,1.0,0.9,-0.0283213171987914,-0.0277391854789122,1.0,NONE,C2
2020,2020-10-19 00:00:00+00:00,2020-10-19 01:00:00+00:00,2020-10-26 01:00:00+00:00,39,39,1.0,0.9,-0.022479132579185,-0.0224812193212665,1.0,NONE,C2
2020,2020-10-26 00:00:00+00:00,2020-10-26 01:00:00+00:00,2020-11-02 01:00:00+00:00,40,40,1.0,0.9,-0.0266693403225957,-0.0262524062903361,1.0,NONE,C2
2020,2020-11-02 00:00:00+00:00,2020-11-02 01:00:00+00:00,2020-11-09 01:00:00+00:00,40,40,1.0,0.9,0.048709383992079,0.0415884455928711,1.0,NONE,C2
2020,2020-11-09 00:00:00+00:00,2020-11-09 01:00:00+00:00,2020-11-16 01:00:00+00:00,42,42,1.0,0.9,0.0318706588071574,0.0264335929264417,1.0,NONE,C2
2020,2020-11-16 00:00:00+00:00,2020-11-16 01:00:00+00:00,2020-11-23 01:00:00+00:00,43,43,1.0,0.9,0.1356823687355171,0.1198641318619654,1.0,NONE,C2
2020,2020-11-23 00:00:00+00:00,2020-11-23 01:00:00+00:00,2020-11-30 01:00:00+00:00,46,46,1.0,0.9,0.0705455331881893,0.0612409798693704,1.0,NONE,C2
2020,2020-11-30 00:00:00+00:00,2020-11-30 01:00:00+00:00,2020-12-07 01:00:00+00:00,47,47,1.0,0.9,0.0216082417006126,0.0171974175305514,1.0,NONE,C2
2020,2020-12-07 00:00:00+00:00,2020-12-07 01:00:00+00:00,2020-12-14 01:00:00+00:00,49,49,1.0,0.9,-0.0195645291060005,-0.0198580761954004,1.0,NONE,C2
2020,2020-12-14 00:00:00+00:00,2020-12-14 01:00:00+00:00,2020-12-21 01:00:00+00:00,51,51,1.0,0.9,0.0449188546972477,0.0381769692275229,1.0,NONE,C2
2020,2020-12-21 00:00:00+00:00,2020-12-21 01:00:00+00:00,2020-12-28 01:00:00+00:00,53,53,1.0,0.9,-0.0537229008790452,-0.0506006107911407,1.0,NONE,C2
2020,2020-12-28 00:00:00+00:00,2020-12-28 01:00:00+00:00,2021-01-01 00:00:00+00:00,55,55,1.0,0.9,0.0229402392869733,0.018396215358276,1.0,NONE,C2
2020,2020-01-06 00:00:00+00:00,2020-01-06 01:00:00+00:00,2020-01-13 01:00:00+00:00,29,29,1.0,0.9,0.0335089181981615,0.0256580263783454,2.0,NONE,C2
2020,2020-01-13 00:00:00+00:00,2020-01-13 01:00:00+00:00,2020-01-20 01:00:00+00:00,29,29,1.0,0.9,0.0741499351804971,0.0622349416624474,2.0,NONE,C2
2020,2020-01-20 00:00:00+00:00,2020-01-20 01:00:00+00:00,2020-01-27 01:00:00+00:00,29,29,1.0,0.9,0.014812960842325,0.0088316647580925,2.0,NONE,C2
2020,2020-01-27 00:00:00+00:00,2020-01-27 01:00:00+00:00,2020-02-03 01:00:00+00:00,29,29,1.0,0.9,0.1249175039865641,0.1079257535879076,2.0,NONE,C2
2020,2020-02-03 00:00:00+00:00,2020-02-03 01:00:00+00:00,2020-02-10 01:00:00+00:00,29,29,1.0,0.9,0.1631296364186532,0.1423166727767879,2.0,NONE,C2
2020,2020-02-10 00:00:00+00:00,2020-02-10 01:00:00+00:00,2020-02-17 01:00:00+00:00,29,29,1.0,0.9,0.028166997544391,0.0208502977899519,2.0,NONE,C2
2020,2020-02-17 00:00:00+00:00,2020-02-17 01:00:00+00:00,2020-02-24 01:00:00+00:00,30,30,1.0,0.9,0.0641497751359542,0.0532347976223588,2.0,NONE,C2
2020,2020-02-24 00:00:00+00:00,2020-02-24 01:00:00+00:00,2020-03-02 01:00:00+00:00,30,30,1.0,0.9,-0.2203972904973245,-0.202857561447592,2.0,NONE,C2
2020,2020-03-02 00:00:00+00:00,2020-03-02 01:00:00+00:00,2020-03-09 01:00:00+00:00,30,30,1.0,0.9,-0.0261386669170923,-0.0280248002253831,2.0,NONE,C2
2020,2020-03-09 00:00:00+00:00,2020-03-09 01:00:00+00:00,2020-03-16 01:00:00+00:00,30,30,1.0,0.9,-0.388944135035309,-0.3545497215317781,2.0,NONE,C2
2020,2020-03-16 00:00:00+00:00,2020-03-16 01:00:00+00:00,2020-03-23 01:00:00+00:00,30,30,1.0,0.9,0.0146609168702611,0.008694825183235,2.0,NONE,C2
2020,2020-03-23 00:00:00+00:00,2020-03-23 01:00:00+00:00,2020-03-30 01:00:00+00:00,31,31,1.0,0.9,0.0342794059218899,0.0263514653297009,2.0,NONE,C2
2020,2020-03-30 00:00:00+00:00,2020-03-30 01:00:00+00:00,2020-04-06 01:00:00+00:00,31,31,1.0,0.9,0.1490892754230221,0.1296803478807199,2.0,NONE,C2
2020,2020-04-06 00:00:00+00:00,2020-04-06 01:00:00+00:00,2020-04-13 01:00:00+00:00,31,31,1.0,0.9,0.0338474197529048,0.0259626777776143,2.0,NONE,C2
2020,2020-04-13 00:00:00+00:00,2020-04-13 01:00:00+00:00,2020-04-20 01:00:00+00:00,31,31,1.0,0.9,0.0633774103701005,0.0525396693330904,2.0,NONE,C2
2020,2020-04-20 00:00:00+00:00,2020-04-20 01:00:00+00:00,2020-04-27 01:00:00+00:00,31,31,1.0,0.9,0.1481679830064343,0.1288511847057908,2.0,NONE,C2
2020,2020-04-27 00:00:00+00:00,2020-04-27 01:00:00+00:00,2020-05-04 01:00:00+00:00,31,31,1.0,0.9,0.0638272108949523,0.052944489805457,2.0,NONE,C2
2020,2020-05-04 00:00:00+00:00,2020-05-04 01:00:00+00:00,2020-05-11 01:00:00+00:00,31,31,1.0,0.9,-0.0615494945020294,-0.0598945450518265,2.0,NONE,C2
2020,2020-05-11 00:00:00+00:00,2020-05-11 01:00:00+00:00,2020-05-18 01:00:00+00:00,31,31,1.0,0.9,0.1687814243130659,0.1474032818817593,2.0,NONE,C2
2020,2020-05-18 00:00:00+00:00,2020-05-18 01:00:00+00:00,2020-05-25 01:00:00+00:00,32,32,1.0,0.9,-0.0186806000528361,-0.0213125400475525,2.0,NONE,C2
2020,2020-05-25 00:00:00+00:00,2020-05-25 01:00:00+00:00,2020-06-01 01:00:00+00:00,32,32,1.0,0.9,0.1184530307913373,0.1021077277122036,2.0,NONE,C2
2020,2020-06-01 00:00:00+00:00,2020-06-01 01:00:00+00:00,2020-06-08 01:00:00+00:00,32,32,1.0,0.9,0.0503875176984531,0.0408487659286078,2.0,NONE,C2
2020,2020-06-08 00:00:00+00:00,2020-06-08 01:00:00+00:00,2020-06-15 01:00:00+00:00,32,32,1.0,0.9,-0.0229301600519593,-0.0251371440467634,2.0,NONE,C2
2020,2020-06-15 00:00:00+00:00,2020-06-15 01:00:00+00:00,2020-06-22 01:00:00+00:00,32,32,1.0,0.9,0.003883262190341,-0.001005064028693,2.0,NONE,C2
2020,2020-06-22 00:00:00+00:00,2020-06-22 01:00:00+00:00,2020-06-29 01:00:00+00:00,33,33,1.0,0.9,-0.0418475459343888,-0.0421627913409499,2.0,NONE,C2
2020,2020-06-29 00:00:00+00:00,2020-06-29 01:00:00+00:00,2020-07-06 01:00:00+00:00,33,33,1.0,0.9,0.0726712332946533,0.060904109965188,2.0,NONE,C2
2020,2020-07-06 00:00:00+00:00,2020-07-06 01:00:00+00:00,2020-07-13 01:00:00+00:00,33,33,1.0,0.9,0.1673461290430537,0.1461115161387484,2.0,NONE,C2
2020,2020-07-13 00:00:00+00:00,2020-07-13 01:00:00+00:00,2020-07-20 01:00:00+00:00,35,35,1.0,0.9,0.086710387287861,0.0735393485590749,2.0,NONE,C2
2020,2020-07-20 00:00:00+00:00,2020-07-20 01:00:00+00:00,2020-07-27 01:00:00+00:00,35,35,1.0,0.9,0.1312593635841392,0.1136334272257253,2.0,NONE,C2
2020,2020-07-27 00:00:00+00:00,2020-07-27 01:00:00+00:00,2020-08-03 01:00:00+00:00,35,35,1.0,0.9,0.0100131061572075,0.0045117955414868,2.0,NONE,C2
2020,2020-08-03 00:00:00+00:00,2020-08-03 01:00:00+00:00,2020-08-10 01:00:00+00:00,35,35,1.0,0.9,0.1752778388634411,0.153250054977097,2.0,NONE,C2
2020,2020-08-10 00:00:00+00:00,2020-08-10 01:00:00+00:00,2020-08-17 01:00:00+00:00,35,35,1.0,0.9,0.1710012809491046,0.1494011528541941,2.0,NONE,C2
2020,2020-08-17 00:00:00+00:00,2020-08-17 01:00:00+00:00,2020-08-24 01:00:00+00:00,36,36,1.0,0.9,-0.0613221040332878,-0.059689893629959,2.0,NONE,C2
2020,2020-08-24 00:00:00+00:00,2020-08-24 01:00:00+00:00,2020-08-31 01:00:00+00:00,36,36,1.0,0.9,0.0470337811472947,0.0378304030325652,2.0,NONE,C2
2020,2020-08-31 00:00:00+00:00,2020-08-31 01:00:00+00:00,2020-09-07 01:00:00+00:00,37,37,1.0,0.9,-0.1936128531296877,-0.178751567816719,2.0,NONE,C2
2020,2020-09-07 00:00:00+00:00,2020-09-07 01:00:00+00:00,2020-09-14 01:00:00+00:00,37,37,1.0,0.9,0.018701754797243,0.0123315793175187,2.0,NONE,C2
2020,2020-09-14 00:00:00+00:00,2020-09-14 01:00:00+00:00,2020-09-21 01:00:00+00:00,37,37,1.0,0.9,-0.0511864518696721,-0.0505678066827049,2.0,NONE,C2
2020,2020-09-21 00:00:00+00:00,2020-09-21 01:00:00+00:00,2020-09-28 01:00:00+00:00,37,37,1.0,0.9,-0.0670258127291812,-0.0648232314562631,2.0,NONE,C2
2020,2020-09-28 00:00:00+00:00,2020-09-28 01:00:00+00:00,2020-10-05 01:00:00+00:00,38,38,1.0,0.9,-0.0219975649629534,-0.0242978084666581,2.0,NONE,C2
2020,2020-10-05 00:00:00+00:00,2020-10-05 01:00:00+00:00,2020-10-12 01:00:00+00:00,39,39,1.0,0.9,0.0301074854341278,0.022596736890715,2.0,NONE,C2
2020,2020-10-12 00:00:00+00:00,2020-10-12 01:00:00+00:00,2020-10-19 01:00:00+00:00,39,39,1.0,0.9,-0.0283213171987914,-0.0299891854789122,2.0,NONE,C2
2020,2020-10-19 00:00:00+00:00,2020-10-19 01:00:00+00:00,2020-10-26 01:00:00+00:00,39,39,1.0,0.9,-0.022479132579185,-0.0247312193212665,2.0,NONE,C2
2020,2020-10-26 00:00:00+00:00,2020-10-26 01:00:00+00:00,2020-11-02 01:00:00+00:00,40,40,1.0,0.9,-0.0266693403225957,-0.0285024062903361,2.0,NONE,C2
2020,2020-11-02 00:00:00+00:00,2020-11-02 01:00:00+00:00,2020-11-09 01:00:00+00:00,40,40,1.0,0.9,0.048709383992079,0.0393384455928711,2.0,NONE,C2
2020,2020-11-09 00:00:00+00:00,2020-11-09 01:00:00+00:00,2020-11-16 01:00:00+00:00,42,42,1.0,0.9,0.0318706588071574,0.0241835929264417,2.0,NONE,C2
2020,2020-11-16 00:00:00+00:00,2020-11-16 01:00:00+00:00,2020-11-23 01:00:00+00:00,43,43,1.0,0.9,0.1356823687355171,0.1176141318619654,2.0,NONE,C2
2020,2020-11-23 00:00:00+00:00,2020-11-23 01:00:00+00:00,2020-11-30 01:00:00+00:00,46,46,1.0,0.9,0.0705455331881893,0.0589909798693704,2.0,NONE,C2
2020,2020-11-30 00:00:00+00:00,2020-11-30 01:00:00+00:00,2020-12-07 01:00:00+00:00,47,47,1.0,0.9,0.0216082417006126,0.0149474175305514,2.0,NONE,C2
2020,2020-12-07 00:00:00+00:00,2020-12-07 01:00:00+00:00,2020-12-14 01:00:00+00:00,49,49,1.0,0.9,-0.0195645291060005,-0.0221080761954004,2.0,NONE,C2
2020,2020-12-14 00:00:00+00:00,2020-12-14 01:00:00+00:00,2020-12-21 01:00:00+00:00,51,51,1.0,0.9,0.0449188546972477,0.0359269692275229,2.0,NONE,C2
2020,2020-12-21 00:00:00+00:00,2020-12-21 01:00:00+00:00,2020-12-28 01:00:00+00:00,53,53,1.0,0.9,-0.0537229008790452,-0.0528506107911407,2.0,NONE,C2
2020,2020-12-28 00:00:00+00:00,2020-12-28 01:00:00+00:00,2021-01-01 00:00:00+00:00,55,55,1.0,0.9,0.0229402392869733,0.016146215358276,2.0,NONE,C2
2020,2020-01-06 00:00:00+00:00,2020-01-06 01:00:00+00:00,2020-01-13 01:00:00+00:00,29,29,1.0,0.0,0.0335089181981615,0.0,1.0,FROZEN_GOVERNOR,C2
2020,2020-01-13 00:00:00+00:00,2020-01-13 01:00:00+00:00,2020-01-20 01:00:00+00:00,29,29,1.0,0.2910285245083601,0.0741499351804971,0.0208521749166997,1.0,FROZEN_GOVERNOR,C2
2020,2020-01-20 00:00:00+00:00,2020-01-20 01:00:00+00:00,2020-01-27 01:00:00+00:00,29,29,1.0,0.1862853528796255,0.014812960842325,0.0022937242555055,1.0,FROZEN_GOVERNOR,C2
2020,2020-01-27 00:00:00+00:00,2020-01-27 01:00:00+00:00,2020-02-03 01:00:00+00:00,29,29,1.0,0.2021979482992053,0.1249175039865641,0.024752568141993,1.0,FROZEN_GOVERNOR,C2
2020,2020-02-03 00:00:00+00:00,2020-02-03 01:00:00+00:00,2020-02-10 01:00:00+00:00,29,29,1.0,0.3948925315013614,0.1631296364186532,0.0634314437595052,1.0,FROZEN_GOVERNOR,C2
2020,2020-02-10 00:00:00+00:00,2020-02-10 01:00:00+00:00,2020-02-17 01:00:00+00:00,29,29,1.0,0.6105984645717382,0.028166997544391,0.0156722292907717,1.0,FROZEN_GOVERNOR,C2
2020,2020-02-17 00:00:00+00:00,2020-02-17 01:00:00+00:00,2020-02-24 01:00:00+00:00,30,30,1.0,0.4493507754438784,0.0641497751359542,0.0277023742632817,1.0,FROZEN_GOVERNOR,C2
2020,2020-02-24 00:00:00+00:00,2020-02-24 01:00:00+00:00,2020-03-02 01:00:00+00:00,30,30,1.0,0.3919059530673286,-0.2203972904973245,-0.0873547750684791,1.0,FROZEN_GOVERNOR,C2
2020,2020-03-02 00:00:00+00:00,2020-03-02 01:00:00+00:00,2020-03-09 01:00:00+00:00,30,30,1.0,0.0,-0.0261386669170923,0.0,1.0,FROZEN_GOVERNOR,C2
2020,2020-03-09 00:00:00+00:00,2020-03-09 01:00:00+00:00,2020-03-16 01:00:00+00:00,30,30,1.0,0.0,-0.388944135035309,0.0,1.0,FROZEN_GOVERNOR,C2
2020,2020-03-16 00:00:00+00:00,2020-03-16 01:00:00+00:00,2020-03-23 01:00:00+00:00,30,30,1.0,0.0,0.0146609168702611,0.0,1.0,FROZEN_GOVERNOR,C2
2020,2020-03-23 00:00:00+00:00,2020-03-23 01:00:00+00:00,2020-03-30 01:00:00+00:00,31,31,1.0,0.0,0.0342794059218899,0.0,1.0,FROZEN_GOVERNOR,C2
2020,2020-03-30 00:00:00+00:00,2020-03-30 01:00:00+00:00,2020-04-06 01:00:00+00:00,31,31,1.0,0.0,0.1490892754230221,0.0,1.0,FROZEN_GOVERNOR,C2
2020,2020-04-06 00:00:00+00:00,2020-04-06 01:00:00+00:00,2020-04-13 01:00:00+00:00,31,31,1.0,0.0,0.0338474197529048,0.0,1.0,FROZEN_GOVERNOR,C2
2020,2020-04-13 00:00:00+00:00,2020-04-13 01:00:00+00:00,2020-04-20 01:00:00+00:00,31,31,1.0,0.0,0.0633774103701005,0.0,1.0,FROZEN_GOVERNOR,C2
2020,2020-04-20 00:00:00+00:00,2020-04-20 01:00:00+00:00,2020-04-27 01:00:00+00:00,31,31,1.0,0.1886104840398257,0.1481679830064343,0.0274745087839486,1.0,FROZEN_GOVERNOR,C2
2020,2020-04-27 00:00:00+00:00,2020-04-27 01:00:00+00:00,2020-05-04 01:00:00+00:00,31,31,1.0,0.1995880623913458,0.0638272108949523,0.0122401791943889,1.0,FROZEN_GOVERNOR,C2
2020,2020-05-04 00:00:00+00:00,2020-05-04 01:00:00+00:00,2020-05-11 01:00:00+00:00,31,31,1.0,0.4198136899038615,-0.0615494945020294,-0.026888854623374,1.0,FROZEN_GOVERNOR,C2
2020,2020-05-11 00:00:00+00:00,2020-05-11 01:00:00+00:00,2020-05-18 01:00:00+00:00,31,31,1.0,0.4269584165573787,0.1687814243130659,0.0709952536276122,1.0,FROZEN_GOVERNOR,C2
2020,2020-05-18 00:00:00+00:00,2020-05-18 01:00:00+00:00,2020-05-25 01:00:00+00:00,32,32,1.0,0.4056686908784356,-0.0186806000528361,-0.0085923062954537,1.0,FROZEN_GOVERNOR,C2
2020,2020-05-25 00:00:00+00:00,2020-05-25 01:00:00+00:00,2020-06-01 01:00:00+00:00,32,32,1.0,0.453595424374282,0.1184530307913373,0.0525957642092808,1.0,FROZEN_GOVERNOR,C2
2020,2020-06-01 00:00:00+00:00,2020-06-01 01:00:00+00:00,2020-06-08 01:00:00+00:00,32,32,1.0,0.5603125038783734,0.0503875176984531,0.0268319749461401,1.0,FROZEN_GOVERNOR,C2
2020,2020-06-08 00:00:00+00:00,2020-06-08 01:00:00+00:00,2020-06-15 01:00:00+00:00,32,32,1.0,0.6326710958131939,-0.0229301600519593,-0.016088927226778,1.0,FROZEN_GOVERNOR,C2
2020,2020-06-15 00:00:00+00:00,2020-06-15 01:00:00+00:00,2020-06-22 01:00:00+00:00,32,32,1.0,0.2848350256860737,0.003883262190341,0.0003940015215163,1.0,FROZEN_GOVERNOR,C2
2020,2020-06-22 00:00:00+00:00,2020-06-22 01:00:00+00:00,2020-06-29 01:00:00+00:00,33,33,1.0,0.3864502734409282,-0.0418475459343888,-0.0171381212527787,1.0,FROZEN_GOVERNOR,C2
2020,2020-06-29 00:00:00+00:00,2020-06-29 01:00:00+00:00,2020-07-06 01:00:00+00:00,33,33,1.0,0.3288839446337607,0.0726712332946533,0.0230781920057614,1.0,FROZEN_GOVERNOR,C2
2020,2020-07-06 00:00:00+00:00,2020-07-06 01:00:00+00:00,2020-07-13 01:00:00+00:00,33,33,1.0,0.3884567318080967,0.1673461290430537,0.0640355885392804,1.0,FROZEN_GOVERNOR,C2
2020,2020-07-13 00:00:00+00:00,2020-07-13 01:00:00+00:00,2020-07-20 01:00:00+00:00,35,35,1.0,0.5388156703808299,0.086710387287861,0.0453738762795381,1.0,FROZEN_GOVERNOR,C2
2020,2020-07-20 00:00:00+00:00,2020-07-20 01:00:00+00:00,2020-07-27 01:00:00+00:00,35,35,1.0,0.2935148684845579,0.1312593635841392,0.037792787668554,1.0,FROZEN_GOVERNOR,C2
2020,2020-07-27 00:00:00+00:00,2020-07-27 01:00:00+00:00,2020-08-03 01:00:00+00:00,35,35,1.0,0.5378826823337034,0.0100131061572075,0.0040411696924966,1.0,FROZEN_GOVERNOR,C2
2020,2020-08-03 00:00:00+00:00,2020-08-03 01:00:00+00:00,2020-08-10 01:00:00+00:00,35,35,1.0,0.4848963375670861,0.1752778388634411,0.0837793412776387,1.0,FROZEN_GOVERNOR,C2
2020,2020-08-10 00:00:00+00:00,2020-08-10 01:00:00+00:00,2020-08-17 01:00:00+00:00,35,35,1.0,0.4743967329595614,0.1710012809491046,0.0799364571817564,1.0,FROZEN_GOVERNOR,C2
2020,2020-08-17 00:00:00+00:00,2020-08-17 01:00:00+00:00,2020-08-24 01:00:00+00:00,36,36,1.0,0.4274775157793766,-0.0613221040332878,-0.0272825144839628,1.0,FROZEN_GOVERNOR,C2
2020,2020-08-24 00:00:00+00:00,2020-08-24 01:00:00+00:00,2020-08-31 01:00:00+00:00,36,36,1.0,0.4206641245264949,0.0470337811472947,0.0187337640581812,1.0,FROZEN_GOVERNOR,C2
2020,2020-08-31 00:00:00+00:00,2020-08-31 01:00:00+00:00,2020-09-07 01:00:00+00:00,37,37,1.0,0.4051708910851414,-0.1936128531296877,-0.079459219455805,1.0,FROZEN_GOVERNOR,C2
2020,2020-09-07 00:00:00+00:00,2020-09-07 01:00:00+00:00,2020-09-14 01:00:00+00:00,37,37,1.0,0.1407437093897634,0.018701754797243,0.0022802950687873,1.0,FROZEN_GOVERNOR,C2
2020,2020-09-14 00:00:00+00:00,2020-09-14 01:00:00+00:00,2020-09-21 01:00:00+00:00,37,37,1.0,0.1473413318812142,-0.0511864518696721,-0.0079102333224541,1.0,FROZEN_GOVERNOR,C2
2020,2020-09-21 00:00:00+00:00,2020-09-21 01:00:00+00:00,2020-09-28 01:00:00+00:00,37,37,1.0,0.1535242042582072,-0.0670258127291812,-0.0106738950746526,1.0,FROZEN_GOVERNOR,C2
2020,2020-09-28 00:00:00+00:00,2020-09-28 01:00:00+00:00,2020-10-05 01:00:00+00:00,38,38,1.0,0.2309854432506268,-0.0219975649629534,-0.0056585809015288,1.0,FROZEN_GOVERNOR,C2
2020,2020-10-05 00:00:00+00:00,2020-10-05 01:00:00+00:00,2020-10-12 01:00:00+00:00,39,39,1.0,0.2534476834746049,0.0301074854341278,0.0069970532298385,1.0,FROZEN_GOVERNOR,C2
2020,2020-10-12 00:00:00+00:00,2020-10-12 01:00:00+00:00,2020-10-19 01:00:00+00:00,39,39,1.0,0.5790972850057141,-0.0283213171987914,-0.01784854111012,1.0,FROZEN_GOVERNOR,C2
2020,2020-10-19 00:00:00+00:00,2020-10-19 01:00:00+00:00,2020-10-26 01:00:00+00:00,39,39,1.0,0.3931954812074763,-0.022479132579185,-0.009821682054618,1.0,FROZEN_GOVERNOR,C2
2020,2020-10-26 00:00:00+00:00,2020-10-26 01:00:00+00:00,2020-11-02 01:00:00+00:00,40,40,1.0,0.6615296823149678,-0.0266693403225957,-0.0192963844369439,1.0,FROZEN_GOVERNOR,C2
2020,2020-11-02 00:00:00+00:00,2020-11-02 01:00:00+00:00,2020-11-09 01:00:00+00:00,40,40,1.0,0.3765592121466732,0.048709383992079,0.0174005692298403,1.0,FROZEN_GOVERNOR,C2
2020,2020-11-09 00:00:00+00:00,2020-11-09 01:00:00+00:00,2020-11-16 01:00:00+00:00,42,42,1.0,0.55662983648774,0.0318706588071574,0.0163485850093652,1.0,FROZEN_GOVERNOR,C2
2020,2020-11-16 00:00:00+00:00,2020-11-16 01:00:00+00:00,2020-11-23 01:00:00+00:00,43,43,1.0,0.6056371827116912,0.1356823687355171,0.0806601945878482,1.0,FROZEN_GOVERNOR,C2
2020,2020-11-23 00:00:00+00:00,2020-11-23 01:00:00+00:00,2020-11-30 01:00:00+00:00,46,46,1.0,0.4461114512535428,0.0705455331881893,0.0303558915619042,1.0,FROZEN_GOVERNOR,C2
2020,2020-11-30 00:00:00+00:00,2020-11-30 01:00:00+00:00,2020-12-07 01:00:00+00:00,47,47,1.0,0.3229466948268401,0.0216082417006126,0.0061709435011652,1.0,FROZEN_GOVERNOR,C2
2020,2020-12-07 00:00:00+00:00,2020-12-07 01:00:00+00:00,2020-12-14 01:00:00+00:00,49,49,1.0,0.2828714090623113,-0.0195645291060005,-0.0062414244385107,1.0,FROZEN_GOVERNOR,C2
2020,2020-12-14 00:00:00+00:00,2020-12-14 01:00:00+00:00,2020-12-21 01:00:00+00:00,51,51,1.0,0.3220543555845365,0.0449188546972477,0.0136611769141562,1.0,FROZEN_GOVERNOR,C2
2020,2020-12-21 00:00:00+00:00,2020-12-21 01:00:00+00:00,2020-12-28 01:00:00+00:00,53,53,1.0,0.3569089214389095,-0.0537229008790452,-0.0200664549129067,1.0,FROZEN_GOVERNOR,C2
2020,2020-12-28 00:00:00+00:00,2020-12-28 01:00:00+00:00,2021-01-01 00:00:00+00:00,55,55,1.0,0.2866438943372215,0.0229402392869733,0.0058590697904027,1.0,FROZEN_GOVERNOR,C2
2020,2020-01-06 00:00:00+00:00,2020-01-06 01:00:00+00:00,2020-01-13 01:00:00+00:00,29,29,1.0,0.0,0.0335089181981615,0.0,2.0,FROZEN_GOVERNOR,C2
2020,2020-01-13 00:00:00+00:00,2020-01-13 01:00:00+00:00,2020-01-20 01:00:00+00:00,29,29,1.0,0.2910285245083601,0.0741499351804971,0.0201246036054288,2.0,FROZEN_GOVERNOR,C2
2020,2020-01-20 00:00:00+00:00,2020-01-20 01:00:00+00:00,2020-01-27 01:00:00+00:00,29,29,1.0,0.1862853528796255,0.014812960842325,0.0018280108733064,2.0,FROZEN_GOVERNOR,C2
2020,2020-01-27 00:00:00+00:00,2020-01-27 01:00:00+00:00,2020-02-03 01:00:00+00:00,29,29,1.0,0.2021979482992053,0.1249175039865641,0.024247073271245,2.0,FROZEN_GOVERNOR,C2
2020,2020-02-03 00:00:00+00:00,2020-02-03 01:00:00+00:00,2020-02-10 01:00:00+00:00,29,29,1.0,0.3948925315013614,0.1631296364186532,0.0624442124307518,2.0,FROZEN_GOVERNOR,C2
2020,2020-02-10 00:00:00+00:00,2020-02-10 01:00:00+00:00,2020-02-17 01:00:00+00:00,29,29,1.0,0.6105984645717382,0.028166997544391,0.0141457331293424,2.0,FROZEN_GOVERNOR,C2
2020,2020-02-17 00:00:00+00:00,2020-02-17 01:00:00+00:00,2020-02-24 01:00:00+00:00,30,30,1.0,0.4493507754438784,0.0641497751359542,0.026578997324672,2.0,FROZEN_GOVERNOR,C2
2020,2020-02-24 00:00:00+00:00,2020-02-24 01:00:00+00:00,2020-03-02 01:00:00+00:00,30,30,1.0,0.3919059530673286,-0.2203972904973245,-0.0883345399511475,2.0,FROZEN_GOVERNOR,C2
2020,2020-03-02 00:00:00+00:00,2020-03-02 01:00:00+00:00,2020-03-09 01:00:00+00:00,30,30,1.0,0.0,-0.0261386669170923,0.0,2.0,FROZEN_GOVERNOR,C2
2020,2020-03-09 00:00:00+00:00,2020-03-09 01:00:00+00:00,2020-03-16 01:00:00+00:00,30,30,1.0,0.0,-0.388944135035309,0.0,2.0,FROZEN_GOVERNOR,C2
2020,2020-03-16 00:00:00+00:00,2020-03-16 01:00:00+00:00,2020-03-23 01:00:00+00:00,30,30,1.0,0.0,0.0146609168702611,0.0,2.0,FROZEN_GOVERNOR,C2
2020,2020-03-23 00:00:00+00:00,2020-03-23 01:00:00+00:00,2020-03-30 01:00:00+00:00,31,31,1.0,0.0,0.0342794059218899,0.0,2.0,FROZEN_GOVERNOR,C2
2020,2020-03-30 00:00:00+00:00,2020-03-30 01:00:00+00:00,2020-04-06 01:00:00+00:00,31,31,1.0,0.0,0.1490892754230221,0.0,2.0,FROZEN_GOVERNOR,C2
2020,2020-04-06 00:00:00+00:00,2020-04-06 01:00:00+00:00,2020-04-13 01:00:00+00:00,31,31,1.0,0.0,0.0338474197529048,0.0,2.0,FROZEN_GOVERNOR,C2
2020,2020-04-13 00:00:00+00:00,2020-04-13 01:00:00+00:00,2020-04-20 01:00:00+00:00,31,31,1.0,0.0,0.0633774103701005,0.0,2.0,FROZEN_GOVERNOR,C2
2020,2020-04-20 00:00:00+00:00,2020-04-20 01:00:00+00:00,2020-04-27 01:00:00+00:00,31,31,1.0,0.1886104840398257,0.1481679830064343,0.0270029825738491,2.0,FROZEN_GOVERNOR,C2
2020,2020-04-27 00:00:00+00:00,2020-04-27 01:00:00+00:00,2020-05-04 01:00:00+00:00,31,31,1.0,0.1995880623913458,0.0638272108949523,0.0117412090384106,2.0,FROZEN_GOVERNOR,C2
2020,2020-05-04 00:00:00+00:00,2020-05-04 01:00:00+00:00,2020-05-11 01:00:00+00:00,31,31,1.0,0.4198136899038615,-0.0615494945020294,-0.0279383888481337,2.0,FROZEN_GOVERNOR,C2
2020,2020-05-11 00:00:00+00:00,2020-05-11 01:00:00+00:00,2020-05-18 01:00:00+00:00,31,31,1.0,0.4269584165573787,0.1687814243130659,0.0699278575862188,2.0,FROZEN_GOVERNOR,C2
2020,2020-05-18 00:00:00+00:00,2020-05-18 01:00:00+00:00,2020-05-25 01:00:00+00:00,32,32,1.0,0.4056686908784356,-0.0186806000528361,-0.0096064780226498,2.0,FROZEN_GOVERNOR,C2
2020,2020-05-25 00:00:00+00:00,2020-05-25 01:00:00+00:00,2020-06-01 01:00:00+00:00,32,32,1.0,0.453595424374282,0.1184530307913373,0.0514617756483451,2.0,FROZEN_GOVERNOR,C2
2020,2020-06-01 00:00:00+00:00,2020-06-01 01:00:00+00:00,2020-06-08 01:00:00+00:00,32,32,1.0,0.5603125038783734,0.0503875176984531,0.0254311936864442,2.0,FROZEN_GOVERNOR,C2
2020,2020-06-08 00:00:00+00:00,2020-06-08 01:00:00+00:00,2020-06-15 01:00:00+00:00,32,32,1.0,0.6326710958131939,-0.0229301600519593,-0.017670604966311,2.0,FROZEN_GOVERNOR,C2
2020,2020-06-15 00:00:00+00:00,2020-06-15 01:00:00+00:00,2020-06-22 01:00:00+00:00,32,32,1.0,0.2848350256860737,0.003883262190341,-0.0003180860426988,2.0,FROZEN_GOVERNOR,C2
2020,2020-06-22 00:00:00+00:00,2020-06-22 01:00:00+00:00,2020-06-29 01:00:00+00:00,33,33,1.0,0.3864502734409282,-0.0418475459343888,-0.018104246936381,2.0,FROZEN_GOVERNOR,C2
2020,2020-06-29 00:00:00+00:00,2020-06-29 01:00:00+00:00,2020-07-06 01:00:00+00:00,33,33,1.0,0.3288839446337607,0.0726712332946533,0.022255982144177,2.0,FROZEN_GOVERNOR,C2
2020,2020-07-06 00:00:00+00:00,2020-07-06 01:00:00+00:00,2020-07-13 01:00:00+00:00,33,33,1.0,0.3884567318080967,0.1673461290430537,0.0630644467097602,2.0,FROZEN_GOVERNOR,C2
2020,2020-07-13 00:00:00+00:00,2020-07-13 01:00:00+00:00,2020-07-20 01:00:00+00:00,35,35,1.0,0.5388156703808299,0.086710387287861,0.044026837103586,2.0,FROZEN_GOVERNOR,C2
2020,2020-07-20 00:00:00+00:00,2020-07-20 01:00:00+00:00,2020-07-27 01:00:00+00:00,35,35,1.0,0.2935148684845579,0.1312593635841392,0.0370590004973426,2.0,FROZEN_GOVERNOR,C2
2020,2020-07-27 00:00:00+00:00,2020-07-27 01:00:00+00:00,2020-08-03 01:00:00+00:00,35,35,1.0,0.5378826823337034,0.0100131061572075,0.0026964629866624,2.0,FROZEN_GOVERNOR,C2
2020,2020-08-03 00:00:00+00:00,2020-08-03 01:00:00+00:00,2020-08-10 01:00:00+00:00,35,35,1.0,0.4848963375670861,0.1752778388634411,0.082567100433721,2.0,FROZEN_GOVERNOR,C2
2020,2020-08-10 00:00:00+00:00,2020-08-10 01:00:00+00:00,2020-08-17 01:00:00+00:00,35,35,1.0,0.4743967329595614,0.1710012809491046,0.0787504653493575,2.0,FROZEN_GOVERNOR,C2
2020,2020-08-17 00:00:00+00:00,2020-08-17 01:00:00+00:00,2020-08-24 01:00:00+00:00,36,36,1.0,0.4274775157793766,-0.0613221040332878,-0.0283512082734112,2.0,FROZEN_GOVERNOR,C2
2020,2020-08-24 00:00:00+00:00,2020-08-24 01:00:00+00:00,2020-08-31 01:00:00+00:00,36,36,1.0,0.4206641245264949,0.0470337811472947,0.017682103746865,2.0,FROZEN_GOVERNOR,C2
2020,2020-08-31 00:00:00+00:00,2020-08-31 01:00:00+00:00,2020-09-07 01:00:00+00:00,37,37,1.0,0.4051708910851414,-0.1936128531296877,-0.0804721466835179,2.0,FROZEN_GOVERNOR,C2
2020,2020-09-07 00:00:00+00:00,2020-09-07 01:00:00+00:00,2020-09-14 01:00:00+00:00,37,37,1.0,0.1407437093897634,0.018701754797243,0.0019284357953129,2.0,FROZEN_GOVERNOR,C2
2020,2020-09-14 00:00:00+00:00,2020-09-14 01:00:00+00:00,2020-09-21 01:00:00+00:00,37,37,1.0,0.1473413318812142,-0.0511864518696721,-0.0082785866521572,2.0,FROZEN_GOVERNOR,C2
2020,2020-09-21 00:00:00+00:00,2020-09-21 01:00:00+00:00,2020-09-28 01:00:00+00:00,37,37,1.0,0.1535242042582072,-0.0670258127291812,-0.0110577055852982,2.0,FROZEN_GOVERNOR,C2
2020,2020-09-28 00:00:00+00:00,2020-09-28 01:00:00+00:00,2020-10-05 01:00:00+00:00,38,38,1.0,0.2309854432506268,-0.0219975649629534,-0.0062360445096553,2.0,FROZEN_GOVERNOR,C2
2020,2020-10-05 00:00:00+00:00,2020-10-05 01:00:00+00:00,2020-10-12 01:00:00+00:00,39,39,1.0,0.2534476834746049,0.0301074854341278,0.006363434021152,2.0,FROZEN_GOVERNOR,C2
2020,2020-10-12 00:00:00+00:00,2020-10-12 01:00:00+00:00,2020-10-19 01:00:00+00:00,39,39,1.0,0.5790972850057141,-0.0283213171987914,-0.0192962843226343,2.0,FROZEN_GOVERNOR,C2
2020,2020-10-19 00:00:00+00:00,2020-10-19 01:00:00+00:00,2020-10-26 01:00:00+00:00,39,39,1.0,0.3931954812074763,-0.022479132579185,-0.0108046707576367,2.0,FROZEN_GOVERNOR,C2
2020,2020-10-26 00:00:00+00:00,2020-10-26 01:00:00+00:00,2020-11-02 01:00:00+00:00,40,40,1.0,0.6615296823149678,-0.0266693403225957,-0.0209502086427313,2.0,FROZEN_GOVERNOR,C2
2020,2020-11-02 00:00:00+00:00,2020-11-02 01:00:00+00:00,2020-11-09 01:00:00+00:00,40,40,1.0,0.3765592121466732,0.048709383992079,0.0164591711994737,2.0,FROZEN_GOVERNOR,C2
2020,2020-11-09 00:00:00+00:00,2020-11-09 01:00:00+00:00,2020-11-16 01:00:00+00:00,42,42,1.0,0.55662983648774,0.0318706588071574,0.0149570104181459,2.0,FROZEN_GOVERNOR,C2
2020,2020-11-16 00:00:00+00:00,2020-11-16 01:00:00+00:00,2020-11-23 01:00:00+00:00,43,43,1.0,0.6056371827116912,0.1356823687355171,0.079146101631069,2.0,FROZEN_GOVERNOR,C2
2020,2020-11-23 00:00:00+00:00,2020-11-23 01:00:00+00:00,2020-11-30 01:00:00+00:00,46,46,1.0,0.4461114512535428,0.0705455331881893,0.0292406129337704,2.0,FROZEN_GOVERNOR,C2
2020,2020-11-30 00:00:00+00:00,2020-11-30 01:00:00+00:00,2020-12-07 01:00:00+00:00,47,47,1.0,0.3229466948268401,0.0216082417006126,0.0053635767640981,2.0,FROZEN_GOVERNOR,C2
2020,2020-12-07 00:00:00+00:00,2020-12-07 01:00:00+00:00,2020-12-14 01:00:00+00:00,49,49,1.0,0.2828714090623113,-0.0195645291060005,-0.0069486029611665,2.0,FROZEN_GOVERNOR,C2
2020,2020-12-14 00:00:00+00:00,2020-12-14 01:00:00+00:00,2020-12-21 01:00:00+00:00,51,51,1.0,0.3220543555845365,0.0449188546972477,0.0128560410251948,2.0,FROZEN_GOVERNOR,C2
2020,2020-12-21 00:00:00+00:00,2020-12-21 01:00:00+00:00,2020-12-28 01:00:00+00:00,53,53,1.0,0.3569089214389095,-0.0537229008790452,-0.020958727216504,2.0,FROZEN_GOVERNOR,C2
2020,2020-12-28 00:00:00+00:00,2020-12-28 01:00:00+00:00,2021-01-01 00:00:00+00:00,55,55,1.0,0.2866438943372215,0.0229402392869733,0.0051424600545596,2.0,FROZEN_GOVERNOR,C2
2021,2021-01-04 00:00:00+00:00,2021-01-04 01:00:00+00:00,2021-01-11 01:00:00+00:00,55,55,1.0,0.9,0.2439114751019268,0.2172703275917341,1.0,NONE,C2
2021,2021-01-11 00:00:00+00:00,2021-01-11 01:00:00+00:00,2021-01-18 01:00:00+00:00,55,55,1.0,0.9,0.0980531744102997,0.0859978569692697,1.0,NONE,C2
2021,2021-01-18 00:00:00+00:00,2021-01-18 01:00:00+00:00,2021-01-25 01:00:00+00:00,56,56,1.0,0.9,0.0512345211022698,0.0438610689920428,1.0,NONE,C2
2021,2021-01-25 00:00:00+00:00,2021-01-25 01:00:00+00:00,2021-02-01 01:00:00+00:00,57,57,1.0,0.9,0.005866732725179,0.0030300594526611,1.0,NONE,C2
2021,2021-02-01 00:00:00+00:00,2021-02-01 01:00:00+00:00,2021-02-08 01:00:00+00:00,57,57,1.0,0.9,0.2740607012724469,0.2444046311452022,1.0,NONE,C2
2021,2021-02-08 00:00:00+00:00,2021-02-08 01:00:00+00:00,2021-02-15 01:00:00+00:00,57,57,1.0,0.9,0.5511908969870304,0.4938218072883273,1.0,NONE,C2
2021,2021-02-15 00:00:00+00:00,2021-02-15 01:00:00+00:00,2021-02-22 01:00:00+00:00,59,59,1.0,0.9,0.1995758222503972,0.1773682400253574,1.0,NONE,C2
2021,2021-02-22 00:00:00+00:00,2021-02-22 01:00:00+00:00,2021-03-01 01:00:00+00:00,60,60,1.0,0.9,-0.1817302419735517,-0.1658072177761966,1.0,NONE,C2
2021,2021-03-01 00:00:00+00:00,2021-03-01 01:00:00+00:00,2021-03-08 01:00:00+00:00,60,60,1.0,0.9,0.2045696994610208,0.1818627295149187,1.0,NONE,C2
2021,2021-03-08 00:00:00+00:00,2021-03-08 01:00:00+00:00,2021-03-15 01:00:00+00:00,60,60,1.0,0.9,0.338661719631603,0.3025455476684427,1.0,NONE,C2
2021,2021-03-15 00:00:00+00:00,2021-03-15 01:00:00+00:00,2021-03-22 01:00:00+00:00,60,60,1.0,0.9,0.1542516048807652,0.1365764443926887,1.0,NONE,C2
2021,2021-03-22 00:00:00+00:00,2021-03-22 01:00:00+00:00,2021-03-29 01:00:00+00:00,61,61,1.0,0.9,0.0354416773026753,0.0296475095724077,1.0,NONE,C2
2021,2021-03-29 00:00:00+00:00,2021-03-29 01:00:00+00:00,2021-04-05 01:00:00+00:00,62,62,1.0,0.9,0.3087609794161573,0.2756348814745416,1.0,NONE,C2
2021,2021-04-05 00:00:00+00:00,2021-04-05 01:00:00+00:00,2021-04-12 01:00:00+00:00,64,64,1.0,0.9,0.1089021076427622,0.0957618968784859,1.0,NONE,C2
2021,2021-04-12 00:00:00+00:00,2021-04-12 01:00:00+00:00,2021-04-19 01:00:00+00:00,64,64,1.0,0.9,0.0179477821981011,0.013903003978291,1.0,NONE,C2
2021,2021-04-19 00:00:00+00:00,2021-04-19 01:00:00+00:00,2021-04-26 01:00:00+00:00,65,65,1.0,0.9,-0.1749013176879084,-0.1596611859191175,1.0,NONE,C2
2021,2021-04-26 00:00:00+00:00,2021-04-26 01:00:00+00:00,2021-05-03 01:00:00+00:00,67,67,1.0,0.9,0.3265241557345141,0.2916217401610627,1.0,NONE,C2
2021,2021-05-03 00:00:00+00:00,2021-05-03 01:00:00+00:00,2021-05-10 01:00:00+00:00,68,68,1.0,0.9,0.1304886341049673,0.1151897706944706,1.0,NONE,C2
2021,2021-05-10 00:00:00+00:00,2021-05-10 01:00:00+00:00,2021-05-17 01:00:00+00:00,73,73,1.0,0.9,-0.1173571160442444,-0.10787140443982,1.0,NONE,C2
2021,2021-05-17 00:00:00+00:00,2021-05-17 01:00:00+00:00,2021-05-24 01:00:00+00:00,75,75,1.0,0.9,-0.46704536555651,-0.422590829000859,1.0,NONE,C2
2021,2021-05-24 00:00:00+00:00,2021-05-24 01:00:00+00:00,2021-05-31 01:00:00+00:00,76,76,1.0,0.9,0.1756836515037768,0.1558652863533991,1.0,NONE,C2
2021,2021-05-31 00:00:00+00:00,2021-05-31 01:00:00+00:00,2021-06-07 01:00:00+00:00,79,79,1.0,0.9,0.1042654182679262,0.0915888764411336,1.0,NONE,C2
2021,2021-06-07 00:00:00+00:00,2021-06-07 01:00:00+00:00,2021-06-14 01:00:00+00:00,81,81,1.0,0.9,-0.0820772544460548,-0.0761195290014493,1.0,NONE,C2
2021,2021-06-14 00:00:00+00:00,2021-06-14 01:00:00+00:00,2021-06-21 01:00:00+00:00,81,81,1.0,0.9,-0.066271127262206,-0.0618940145359854,1.0,NONE,C2
2021,2021-06-21 00:00:00+00:00,2021-06-21 01:00:00+00:00,2021-06-28 01:00:00+00:00,85,85,1.0,0.9,-0.1570706916770544,-0.143613622509349,1.0,NONE,C2
2021,2021-06-28 00:00:00+00:00,2021-06-28 01:00:00+00:00,2021-07-05 01:00:00+00:00,89,89,1.0,0.9,0.1386929109774086,0.1225736198796677,1.0,NONE,C2
2021,2021-07-05 00:00:00+00:00,2021-07-05 01:00:00+00:00,2021-07-12 01:00:00+00:00,91,91,1.0,0.9,0.0307232966647788,0.0254009669983009,1.0,NONE,C2
2021,2021-07-12 00:00:00+00:00,2021-07-12 01:00:00+00:00,2021-07-19 01:00:00+00:00,97,97,1.0,0.9,-0.1181935409707525,-0.1086241868736773,1.0,NONE,C2
2021,2021-07-19 00:00:00+00:00,2021-07-19 01:00:00+00:00,2021-07-26 01:00:00+00:00,97,97,1.0,0.9,0.0967077520415237,0.0847869768373714,1.0,NONE,C2
2021,2021-07-26 00:00:00+00:00,2021-07-26 01:00:00+00:00,2021-08-02 01:00:00+00:00,99,99,1.0,0.9,0.107527993355407,0.0945251940198663,1.0,NONE,C2
2021,2021-08-02 00:00:00+00:00,2021-08-02 01:00:00+00:00,2021-08-09 01:00:00+00:00,101,101,1.0,0.9,0.0943020475351808,0.0826218427816627,1.0,NONE,C2
2021,2021-08-09 00:00:00+00:00,2021-08-09 01:00:00+00:00,2021-08-16 01:00:00+00:00,103,103,1.0,0.9,0.2488807038844327,0.2217426334959895,1.0,NONE,C2
2021,2021-08-16 00:00:00+00:00,2021-08-16 01:00:00+00:00,2021-08-23 01:00:00+00:00,107,107,1.0,0.9,0.0973294562128077,0.0853465105915269,1.0,NONE,C2
2021,2021-08-23 00:00:00+00:00,2021-08-23 01:00:00+00:00,2021-08-30 01:00:00+00:00,108,108,1.0,0.9,0.0361848690032162,0.0303163821028945,1.0,NONE,C2
2021,2021-08-30 00:00:00+00:00,2021-08-30 01:00:00+00:00,2021-09-06 01:00:00+00:00,111,111,1.0,0.9,0.1550483678352808,0.1372935310517527,1.0,NONE,C2
2021,2021-09-06 00:00:00+00:00,2021-09-06 01:00:00+00:00,2021-09-13 01:00:00+00:00,112,112,1.0,0.9,-0.0857166674373956,-0.0793950006936561,1.0,NONE,C2
2021,2021-09-13 00:00:00+00:00,2021-09-13 01:00:00+00:00,2021-09-20 01:00:00+00:00,115,115,1.0,0.9,0.0012922841850421,-0.001086944233462,1.0,NONE,C2
2021,2021-09-20 00:00:00+00:00,2021-09-20 01:00:00+00:00,2021-09-27 01:00:00+00:00,116,116,1.0,0.9,-0.1339425257416084,-0.1227982731674476,1.0,NONE,C2
2021,2021-09-27 00:00:00+00:00,2021-09-27 01:00:00+00:00,2021-10-04 01:00:00+00:00,116,116,1.0,0.9,0.1016875723685194,0.0892688151316675,1.0,NONE,C2
2021,2021-10-04 00:00:00+00:00,2021-10-04 01:00:00+00:00,2021-10-11 01:00:00+00:00,117,117,1.0,0.9,0.0478306527692011,0.040797587492281,1.0,NONE,C2
2021,2021-10-11 00:00:00+00:00,2021-10-11 01:00:00+00:00,2021-10-18 01:00:00+00:00,120,120,1.0,0.9,0.0504829637142092,0.0431846673427883,1.0,NONE,C2
2021,2021-10-18 00:00:00+00:00,2021-10-18 01:00:00+00:00,2021-10-25 01:00:00+00:00,122,122,1.0,0.9,0.0837466691703704,0.0731220022533334,1.0,NONE,C2
2021,2021-10-25 00:00:00+00:00,2021-10-25 01:00:00+00:00,2021-11-01 01:00:00+00:00,123,123,1.0,0.9,0.1794773984861575,0.1592796586375418,1.0,NONE,C2
2021,2021-11-01 00:00:00+00:00,2021-11-01 01:00:00+00:00,2021-11-08 01:00:00+00:00,123,123,1.0,0.9,0.1352162933038774,0.1194446639734897,1.0,NONE,C2
2021,2021-11-08 00:00:00+00:00,2021-11-08 01:00:00+00:00,2021-11-15 01:00:00+00:00,127,127,1.0,0.9,0.0570414464175341,0.0490873017757807,1.0,NONE,C2
2021,2021-11-15 00:00:00+00:00,2021-11-15 01:00:00+00:00,2021-11-22 01:00:00+00:00,130,130,1.0,0.9,-0.0179065031713746,-0.0183658528542371,1.0,NONE,C2
2021,2021-11-22 00:00:00+00:00,2021-11-22 01:00:00+00:00,2021-11-29 01:00:00+00:00,131,131,1.0,0.9,0.0010846797550231,-0.0012737882204792,1.0,NONE,C2
2021,2021-11-29 00:00:00+00:00,2021-11-29 01:00:00+00:00,2021-12-06 01:00:00+00:00,134,134,1.0,0.9,-0.1864378555165703,-0.1700440699649133,1.0,NONE,C2
2021,2021-12-06 00:00:00+00:00,2021-12-06 01:00:00+00:00,2021-12-13 01:00:00+00:00,138,138,1.0,0.9,-0.0006558579972254,-0.0028402721975029,1.0,NONE,C2
2021,2021-12-13 00:00:00+00:00,2021-12-13 01:00:00+00:00,2021-12-20 01:00:00+00:00,146,146,1.0,0.9,-0.0713034229637114,-0.0664230806673402,1.0,NONE,C2
2021,2021-12-20 00:00:00+00:00,2021-12-20 01:00:00+00:00,2021-12-27 01:00:00+00:00,150,150,1.0,0.9,0.1467151244301788,0.129793611987161,1.0,NONE,C2
2021,2021-12-27 00:00:00+00:00,2021-12-27 01:00:00+00:00,2022-01-01 00:00:00+00:00,159,159,1.0,0.9,-0.0981668377068023,-0.0906001539361221,1.0,NONE,C2
2021,2021-01-04 00:00:00+00:00,2021-01-04 01:00:00+00:00,2021-01-11 01:00:00+00:00,55,55,1.0,0.9,0.2439114751019268,0.2150203275917341,2.0,NONE,C2
2021,2021-01-11 00:00:00+00:00,2021-01-11 01:00:00+00:00,2021-01-18 01:00:00+00:00,55,55,1.0,0.9,0.0980531744102997,0.0837478569692697,2.0,NONE,C2
2021,2021-01-18 00:00:00+00:00,2021-01-18 01:00:00+00:00,2021-01-25 01:00:00+00:00,56,56,1.0,0.9,0.0512345211022698,0.0416110689920428,2.0,NONE,C2
2021,2021-01-25 00:00:00+00:00,2021-01-25 01:00:00+00:00,2021-02-01 01:00:00+00:00,57,57,1.0,0.9,0.005866732725179,0.0007800594526611,2.0,NONE,C2
2021,2021-02-01 00:00:00+00:00,2021-02-01 01:00:00+00:00,2021-02-08 01:00:00+00:00,57,57,1.0,0.9,0.2740607012724469,0.2421546311452022,2.0,NONE,C2
2021,2021-02-08 00:00:00+00:00,2021-02-08 01:00:00+00:00,2021-02-15 01:00:00+00:00,57,57,1.0,0.9,0.5511908969870304,0.4915718072883273,2.0,NONE,C2
2021,2021-02-15 00:00:00+00:00,2021-02-15 01:00:00+00:00,2021-02-22 01:00:00+00:00,59,59,1.0,0.9,0.1995758222503972,0.1751182400253574,2.0,NONE,C2
2021,2021-02-22 00:00:00+00:00,2021-02-22 01:00:00+00:00,2021-03-01 01:00:00+00:00,60,60,1.0,0.9,-0.1817302419735517,-0.1680572177761966,2.0,NONE,C2
2021,2021-03-01 00:00:00+00:00,2021-03-01 01:00:00+00:00,2021-03-08 01:00:00+00:00,60,60,1.0,0.9,0.2045696994610208,0.1796127295149187,2.0,NONE,C2
2021,2021-03-08 00:00:00+00:00,2021-03-08 01:00:00+00:00,2021-03-15 01:00:00+00:00,60,60,1.0,0.9,0.338661719631603,0.3002955476684427,2.0,NONE,C2
2021,2021-03-15 00:00:00+00:00,2021-03-15 01:00:00+00:00,2021-03-22 01:00:00+00:00,60,60,1.0,0.9,0.1542516048807652,0.1343264443926887,2.0,NONE,C2
2021,2021-03-22 00:00:00+00:00,2021-03-22 01:00:00+00:00,2021-03-29 01:00:00+00:00,61,61,1.0,0.9,0.0354416773026753,0.0273975095724078,2.0,NONE,C2
2021,2021-03-29 00:00:00+00:00,2021-03-29 01:00:00+00:00,2021-04-05 01:00:00+00:00,62,62,1.0,0.9,0.3087609794161573,0.2733848814745416,2.0,NONE,C2
2021,2021-04-05 00:00:00+00:00,2021-04-05 01:00:00+00:00,2021-04-12 01:00:00+00:00,64,64,1.0,0.9,0.1089021076427622,0.0935118968784859,2.0,NONE,C2
2021,2021-04-12 00:00:00+00:00,2021-04-12 01:00:00+00:00,2021-04-19 01:00:00+00:00,64,64,1.0,0.9,0.0179477821981011,0.011653003978291,2.0,NONE,C2
2021,2021-04-19 00:00:00+00:00,2021-04-19 01:00:00+00:00,2021-04-26 01:00:00+00:00,65,65,1.0,0.9,-0.1749013176879084,-0.1619111859191175,2.0,NONE,C2
2021,2021-04-26 00:00:00+00:00,2021-04-26 01:00:00+00:00,2021-05-03 01:00:00+00:00,67,67,1.0,0.9,0.3265241557345141,0.2893717401610627,2.0,NONE,C2
2021,2021-05-03 00:00:00+00:00,2021-05-03 01:00:00+00:00,2021-05-10 01:00:00+00:00,68,68,1.0,0.9,0.1304886341049673,0.1129397706944706,2.0,NONE,C2
2021,2021-05-10 00:00:00+00:00,2021-05-10 01:00:00+00:00,2021-05-17 01:00:00+00:00,73,73,1.0,0.9,-0.1173571160442444,-0.11012140443982,2.0,NONE,C2
2021,2021-05-17 00:00:00+00:00,2021-05-17 01:00:00+00:00,2021-05-24 01:00:00+00:00,75,75,1.0,0.9,-0.46704536555651,-0.424840829000859,2.0,NONE,C2
2021,2021-05-24 00:00:00+00:00,2021-05-24 01:00:00+00:00,2021-05-31 01:00:00+00:00,76,76,1.0,0.9,0.1756836515037768,0.1536152863533991,2.0,NONE,C2
2021,2021-05-31 00:00:00+00:00,2021-05-31 01:00:00+00:00,2021-06-07 01:00:00+00:00,79,79,1.0,0.9,0.1042654182679262,0.0893388764411336,2.0,NONE,C2
2021,2021-06-07 00:00:00+00:00,2021-06-07 01:00:00+00:00,2021-06-14 01:00:00+00:00,81,81,1.0,0.9,-0.0820772544460548,-0.0783695290014493,2.0,NONE,C2
2021,2021-06-14 00:00:00+00:00,2021-06-14 01:00:00+00:00,2021-06-21 01:00:00+00:00,81,81,1.0,0.9,-0.066271127262206,-0.0641440145359854,2.0,NONE,C2
2021,2021-06-21 00:00:00+00:00,2021-06-21 01:00:00+00:00,2021-06-28 01:00:00+00:00,85,85,1.0,0.9,-0.1570706916770544,-0.145863622509349,2.0,NONE,C2
2021,2021-06-28 00:00:00+00:00,2021-06-28 01:00:00+00:00,2021-07-05 01:00:00+00:00,89,89,1.0,0.9,0.1386929109774086,0.1203236198796677,2.0,NONE,C2
2021,2021-07-05 00:00:00+00:00,2021-07-05 01:00:00+00:00,2021-07-12 01:00:00+00:00,91,91,1.0,0.9,0.0307232966647788,0.0231509669983009,2.0,NONE,C2
2021,2021-07-12 00:00:00+00:00,2021-07-12 01:00:00+00:00,2021-07-19 01:00:00+00:00,97,97,1.0,0.9,-0.1181935409707525,-0.1108741868736773,2.0,NONE,C2
2021,2021-07-19 00:00:00+00:00,2021-07-19 01:00:00+00:00,2021-07-26 01:00:00+00:00,97,97,1.0,0.9,0.0967077520415237,0.0825369768373713,2.0,NONE,C2
2021,2021-07-26 00:00:00+00:00,2021-07-26 01:00:00+00:00,2021-08-02 01:00:00+00:00,99,99,1.0,0.9,0.107527993355407,0.0922751940198663,2.0,NONE,C2
2021,2021-08-02 00:00:00+00:00,2021-08-02 01:00:00+00:00,2021-08-09 01:00:00+00:00,101,101,1.0,0.9,0.0943020475351808,0.0803718427816627,2.0,NONE,C2
2021,2021-08-09 00:00:00+00:00,2021-08-09 01:00:00+00:00,2021-08-16 01:00:00+00:00,103,103,1.0,0.9,0.2488807038844327,0.2194926334959895,2.0,NONE,C2
2021,2021-08-16 00:00:00+00:00,2021-08-16 01:00:00+00:00,2021-08-23 01:00:00+00:00,107,107,1.0,0.9,0.0973294562128077,0.0830965105915269,2.0,NONE,C2
2021,2021-08-23 00:00:00+00:00,2021-08-23 01:00:00+00:00,2021-08-30 01:00:00+00:00,108,108,1.0,0.9,0.0361848690032162,0.0280663821028945,2.0,NONE,C2
2021,2021-08-30 00:00:00+00:00,2021-08-30 01:00:00+00:00,2021-09-06 01:00:00+00:00,111,111,1.0,0.9,0.1550483678352808,0.1350435310517527,2.0,NONE,C2
2021,2021-09-06 00:00:00+00:00,2021-09-06 01:00:00+00:00,2021-09-13 01:00:00+00:00,112,112,1.0,0.9,-0.0857166674373956,-0.0816450006936561,2.0,NONE,C2
2021,2021-09-13 00:00:00+00:00,2021-09-13 01:00:00+00:00,2021-09-20 01:00:00+00:00,115,115,1.0,0.9,0.0012922841850421,-0.003336944233462,2.0,NONE,C2
2021,2021-09-20 00:00:00+00:00,2021-09-20 01:00:00+00:00,2021-09-27 01:00:00+00:00,116,116,1.0,0.9,-0.1339425257416084,-0.1250482731674476,2.0,NONE,C2
2021,2021-09-27 00:00:00+00:00,2021-09-27 01:00:00+00:00,2021-10-04 01:00:00+00:00,116,116,1.0,0.9,0.1016875723685194,0.0870188151316675,2.0,NONE,C2
2021,2021-10-04 00:00:00+00:00,2021-10-04 01:00:00+00:00,2021-10-11 01:00:00+00:00,117,117,1.0,0.9,0.0478306527692011,0.038547587492281,2.0,NONE,C2
2021,2021-10-11 00:00:00+00:00,2021-10-11 01:00:00+00:00,2021-10-18 01:00:00+00:00,120,120,1.0,0.9,0.0504829637142092,0.0409346673427883,2.0,NONE,C2
2021,2021-10-18 00:00:00+00:00,2021-10-18 01:00:00+00:00,2021-10-25 01:00:00+00:00,122,122,1.0,0.9,0.0837466691703704,0.0708720022533334,2.0,NONE,C2
2021,2021-10-25 00:00:00+00:00,2021-10-25 01:00:00+00:00,2021-11-01 01:00:00+00:00,123,123,1.0,0.9,0.1794773984861575,0.1570296586375418,2.0,NONE,C2
2021,2021-11-01 00:00:00+00:00,2021-11-01 01:00:00+00:00,2021-11-08 01:00:00+00:00,123,123,1.0,0.9,0.1352162933038774,0.1171946639734897,2.0,NONE,C2
2021,2021-11-08 00:00:00+00:00,2021-11-08 01:00:00+00:00,2021-11-15 01:00:00+00:00,127,127,1.0,0.9,0.0570414464175341,0.0468373017757807,2.0,NONE,C2
2021,2021-11-15 00:00:00+00:00,2021-11-15 01:00:00+00:00,2021-11-22 01:00:00+00:00,130,130,1.0,0.9,-0.0179065031713746,-0.0206158528542372,2.0,NONE,C2
2021,2021-11-22 00:00:00+00:00,2021-11-22 01:00:00+00:00,2021-11-29 01:00:00+00:00,131,131,1.0,0.9,0.0010846797550231,-0.0035237882204792,2.0,NONE,C2
2021,2021-11-29 00:00:00+00:00,2021-11-29 01:00:00+00:00,2021-12-06 01:00:00+00:00,134,134,1.0,0.9,-0.1864378555165703,-0.1722940699649133,2.0,NONE,C2
2021,2021-12-06 00:00:00+00:00,2021-12-06 01:00:00+00:00,2021-12-13 01:00:00+00:00,138,138,1.0,0.9,-0.0006558579972254,-0.0050902721975029,2.0,NONE,C2
2021,2021-12-13 00:00:00+00:00,2021-12-13 01:00:00+00:00,2021-12-20 01:00:00+00:00,146,146,1.0,0.9,-0.0713034229637114,-0.0686730806673402,2.0,NONE,C2
2021,2021-12-20 00:00:00+00:00,2021-12-20 01:00:00+00:00,2021-12-27 01:00:00+00:00,150,150,1.0,0.9,0.1467151244301788,0.127543611987161,2.0,NONE,C2
2021,2021-12-27 00:00:00+00:00,2021-12-27 01:00:00+00:00,2022-01-01 00:00:00+00:00,159,159,1.0,0.9,-0.0981668377068023,-0.0928501539361221,2.0,NONE,C2
2021,2021-01-04 00:00:00+00:00,2021-01-04 01:00:00+00:00,2021-01-11 01:00:00+00:00,55,55,1.0,0.275412401587145,0.2439114751019268,0.0664877141285169,1.0,FROZEN_GOVERNOR,C2
2021,2021-01-11 00:00:00+00:00,2021-01-11 01:00:00+00:00,2021-01-18 01:00:00+00:00,55,55,1.0,0.2561841293141633,0.0980531744102997,0.024479206789507,1.0,FROZEN_GOVERNOR,C2
2021,2021-01-18 00:00:00+00:00,2021-01-18 01:00:00+00:00,2021-01-25 01:00:00+00:00,56,56,1.0,0.2504245627746938,0.0512345211022698,0.01220432113907,1.0,FROZEN_GOVERNOR,C2
2021,2021-01-25 00:00:00+00:00,2021-01-25 01:00:00+00:00,2021-02-01 01:00:00+00:00,57,57,1.0,0.2236882529402194,0.005866732725179,0.0007530985614119,1.0,FROZEN_GOVERNOR,C2
2021,2021-02-01 00:00:00+00:00,2021-02-01 01:00:00+00:00,2021-02-08 01:00:00+00:00,57,57,1.0,0.2843414313395223,0.2740607012724469,0.077215958495372,1.0,FROZEN_GOVERNOR,C2
2021,2021-02-08 00:00:00+00:00,2021-02-08 01:00:00+00:00,2021-02-15 01:00:00+00:00,57,57,1.0,0.2688883157946963,0.5511908969870304,0.1475365711827238,1.0,FROZEN_GOVERNOR,C2
2021,2021-02-15 00:00:00+00:00,2021-02-15 01:00:00+00:00,2021-02-22 01:00:00+00:00,59,59,1.0,0.2995647515346128,0.1995758222503972,0.0590369697259197,1.0,FROZEN_GOVERNOR,C2
2021,2021-02-22 00:00:00+00:00,2021-02-22 01:00:00+00:00,2021-03-01 01:00:00+00:00,60,60,1.0,0.3108516161620009,-0.1817302419735517,-0.057268268463395,1.0,FROZEN_GOVERNOR,C2
2021,2021-03-01 00:00:00+00:00,2021-03-01 01:00:00+00:00,2021-03-08 01:00:00+00:00,60,60,1.0,0.2307861539444922,0.2045696994610208,0.0466348887673284,1.0,FROZEN_GOVERNOR,C2
2021,2021-03-08 00:00:00+00:00,2021-03-08 01:00:00+00:00,2021-03-15 01:00:00+00:00,60,60,1.0,0.2471431958342418,0.338661719631603,0.0830800817068887,1.0,FROZEN_GOVERNOR,C2
2021,2021-03-15 00:00:00+00:00,2021-03-15 01:00:00+00:00,2021-03-22 01:00:00+00:00,60,60,1.0,0.2775279602118565,0.1542516048807652,0.0421153133614343,1.0,FROZEN_GOVERNOR,C2
2021,2021-03-22 00:00:00+00:00,2021-03-22 01:00:00+00:00,2021-03-29 01:00:00+00:00,61,61,1.0,0.3918472880109941,0.0354416773026753,0.0129081069135866,1.0,FROZEN_GOVERNOR,C2
2021,2021-03-29 00:00:00+00:00,2021-03-29 01:00:00+00:00,2021-04-05 01:00:00+00:00,62,62,1.0,0.3529291381757222,0.3087609794161573,0.108088423522197,1.0,FROZEN_GOVERNOR,C2
2021,2021-04-05 00:00:00+00:00,2021-04-05 01:00:00+00:00,2021-04-12 01:00:00+00:00,64,64,1.0,0.3984609721089919,0.1089021076427622,0.0423970872457806,1.0,FROZEN_GOVERNOR,C2
2021,2021-04-12 00:00:00+00:00,2021-04-12 01:00:00+00:00,2021-04-19 01:00:00+00:00,64,64,1.0,0.2915448288959698,0.0179477821981011,0.0045037210177675,1.0,FROZEN_GOVERNOR,C2
2021,2021-04-19 00:00:00+00:00,2021-04-19 01:00:00+00:00,2021-04-26 01:00:00+00:00,65,65,1.0,0.2827454723312346,-0.1749013176879084,-0.050159419361851,1.0,FROZEN_GOVERNOR,C2
2021,2021-04-26 00:00:00+00:00,2021-04-26 01:00:00+00:00,2021-05-03 01:00:00+00:00,67,67,1.0,0.2863287142018309,0.3265241557345141,0.0927774198817972,1.0,FROZEN_GOVERNOR,C2
2021,2021-05-03 00:00:00+00:00,2021-05-03 01:00:00+00:00,2021-05-10 01:00:00+00:00,68,68,1.0,0.2499615421719852,0.1304886341049673,0.0319922363613635,1.0,FROZEN_GOVERNOR,C2
2021,2021-05-10 00:00:00+00:00,2021-05-10 01:00:00+00:00,2021-05-17 01:00:00+00:00,73,73,1.0,0.246883653497243,-0.1173571160442444,-0.029590762706646,1.0,FROZEN_GOVERNOR,C2
2021,2021-05-17 00:00:00+00:00,2021-05-17 01:00:00+00:00,2021-05-24 01:00:00+00:00,75,75,1.0,0.3043402029438728,-0.46704536555651,-0.1429015318448232,1.0,FROZEN_GOVERNOR,C2
2021,2021-05-24 00:00:00+00:00,2021-05-24 01:00:00+00:00,2021-05-31 01:00:00+00:00,76,76,1.0,0.0,0.1756836515037768,0.0,1.0,FROZEN_GOVERNOR,C2
2021,2021-05-31 00:00:00+00:00,2021-05-31 01:00:00+00:00,2021-06-07 01:00:00+00:00,79,79,1.0,0.0,0.1042654182679262,0.0,1.0,FROZEN_GOVERNOR,C2
2021,2021-06-07 00:00:00+00:00,2021-06-07 01:00:00+00:00,2021-06-14 01:00:00+00:00,81,81,1.0,0.0,-0.0820772544460548,0.0,1.0,FROZEN_GOVERNOR,C2
2021,2021-06-14 00:00:00+00:00,2021-06-14 01:00:00+00:00,2021-06-21 01:00:00+00:00,81,81,1.0,0.0,-0.066271127262206,0.0,1.0,FROZEN_GOVERNOR,C2
2021,2021-06-21 00:00:00+00:00,2021-06-21 01:00:00+00:00,2021-06-28 01:00:00+00:00,85,85,1.0,0.0,-0.1570706916770544,0.0,1.0,FROZEN_GOVERNOR,C2
2021,2021-06-28 00:00:00+00:00,2021-06-28 01:00:00+00:00,2021-07-05 01:00:00+00:00,89,89,1.0,0.0,0.1386929109774086,0.0,1.0,FROZEN_GOVERNOR,C2
2021,2021-07-05 00:00:00+00:00,2021-07-05 01:00:00+00:00,2021-07-12 01:00:00+00:00,91,91,1.0,0.0,0.0307232966647788,0.0,1.0,FROZEN_GOVERNOR,C2
2021,2021-07-12 00:00:00+00:00,2021-07-12 01:00:00+00:00,2021-07-19 01:00:00+00:00,97,97,1.0,0.0,-0.1181935409707525,0.0,1.0,FROZEN_GOVERNOR,C2
2021,2021-07-19 00:00:00+00:00,2021-07-19 01:00:00+00:00,2021-07-26 01:00:00+00:00,97,97,1.0,0.0,0.0967077520415237,0.0,1.0,FROZEN_GOVERNOR,C2
2021,2021-07-26 00:00:00+00:00,2021-07-26 01:00:00+00:00,2021-08-02 01:00:00+00:00,99,99,1.0,0.0,0.107527993355407,0.0,1.0,FROZEN_GOVERNOR,C2
2021,2021-08-02 00:00:00+00:00,2021-08-02 01:00:00+00:00,2021-08-09 01:00:00+00:00,101,101,1.0,0.1889020628356196,0.0943020475351808,0.0173415961519292,1.0,FROZEN_GOVERNOR,C2
2021,2021-08-09 00:00:00+00:00,2021-08-09 01:00:00+00:00,2021-08-16 01:00:00+00:00,103,103,1.0,0.2024304990334407,0.2488807038844327,0.0498749688395361,1.0,FROZEN_GOVERNOR,C2
2021,2021-08-16 00:00:00+00:00,2021-08-16 01:00:00+00:00,2021-08-23 01:00:00+00:00,107,107,1.0,0.4214776448511125,0.0973294562128077,0.0399684958670859,1.0,FROZEN_GOVERNOR,C2
2021,2021-08-23 00:00:00+00:00,2021-08-23 01:00:00+00:00,2021-08-30 01:00:00+00:00,108,108,1.0,0.3634245258287834,0.0361848690032162,0.0122419075450985,1.0,FROZEN_GOVERNOR,C2
2021,2021-08-30 00:00:00+00:00,2021-08-30 01:00:00+00:00,2021-09-06 01:00:00+00:00,111,111,1.0,0.3230076849789363,0.1550483678352808,0.0492742951417892,1.0,FROZEN_GOVERNOR,C2
2021,2021-09-06 00:00:00+00:00,2021-09-06 01:00:00+00:00,2021-09-13 01:00:00+00:00,112,112,1.0,0.4037994679433827,-0.0857166674373956,-0.0356218433749587,1.0,FROZEN_GOVERNOR,C2
2021,2021-09-13 00:00:00+00:00,2021-09-13 01:00:00+00:00,2021-09-20 01:00:00+00:00,115,115,1.0,0.1425080092289187,0.0012922841850421,-0.0001721091765039,1.0,FROZEN_GOVERNOR,C2
2021,2021-09-20 00:00:00+00:00,2021-09-20 01:00:00+00:00,2021-09-27 01:00:00+00:00,116,116,1.0,0.1456929114735939,-0.1339425257416084,-0.0198787088241057,1.0,FROZEN_GOVERNOR,C2
2021,2021-09-27 00:00:00+00:00,2021-09-27 01:00:00+00:00,2021-10-04 01:00:00+00:00,116,116,1.0,0.0,0.1016875723685194,0.0,1.0,FROZEN_GOVERNOR,C2
2021,2021-10-04 00:00:00+00:00,2021-10-04 01:00:00+00:00,2021-10-11 01:00:00+00:00,117,117,1.0,0.2703268314171139,0.0478306527692011,0.0122540917291675,1.0,FROZEN_GOVERNOR,C2
2021,2021-10-11 00:00:00+00:00,2021-10-11 01:00:00+00:00,2021-10-18 01:00:00+00:00,120,120,1.0,0.3091051328660426,0.0504829637142092,0.0148317803741871,1.0,FROZEN_GOVERNOR,C2
2021,2021-10-18 00:00:00+00:00,2021-10-18 01:00:00+00:00,2021-10-25 01:00:00+00:00,122,122,1.0,0.4419647740670332,0.0837466691703704,0.0359081657835817,1.0,FROZEN_GOVERNOR,C2
2021,2021-10-25 00:00:00+00:00,2021-10-25 01:00:00+00:00,2021-11-01 01:00:00+00:00,123,123,1.0,0.5710954246734854,0.1794773984861575,0.1010709825460608,1.0,FROZEN_GOVERNOR,C2
2021,2021-11-01 00:00:00+00:00,2021-11-01 01:00:00+00:00,2021-11-08 01:00:00+00:00,123,123,1.0,0.481556278065548,0.1352162933038774,0.0639103642420708,1.0,FROZEN_GOVERNOR,C2
2021,2021-11-08 00:00:00+00:00,2021-11-08 01:00:00+00:00,2021-11-15 01:00:00+00:00,127,127,1.0,0.4833369039036641,0.0570414464175341,0.0263618938458785,1.0,FROZEN_GOVERNOR,C2
2021,2021-11-15 00:00:00+00:00,2021-11-15 01:00:00+00:00,2021-11-22 01:00:00+00:00,130,130,1.0,0.4623135480932768,-0.0179065031713746,-0.0094342028853349,1.0,FROZEN_GOVERNOR,C2
2021,2021-11-22 00:00:00+00:00,2021-11-22 01:00:00+00:00,2021-11-29 01:00:00+00:00,131,131,1.0,0.1924226406194339,0.0010846797550231,-0.0002723396588605,1.0,FROZEN_GOVERNOR,C2
2021,2021-11-29 00:00:00+00:00,2021-11-29 01:00:00+00:00,2021-12-06 01:00:00+00:00,134,134,1.0,0.1647033825803188,-0.1864378555165703,-0.0311187039010506,1.0,FROZEN_GOVERNOR,C2
2021,2021-12-06 00:00:00+00:00,2021-12-06 01:00:00+00:00,2021-12-13 01:00:00+00:00,138,138,1.0,0.1526644052515993,-0.0006558579972254,-0.0004817871842049,1.0,FROZEN_GOVERNOR,C2
2021,2021-12-13 00:00:00+00:00,2021-12-13 01:00:00+00:00,2021-12-20 01:00:00+00:00,146,146,1.0,0.1632405114148961,-0.0713034229637114,-0.0120477085087661,1.0,FROZEN_GOVERNOR,C2
2021,2021-12-20 00:00:00+00:00,2021-12-20 01:00:00+00:00,2021-12-27 01:00:00+00:00,150,150,1.0,0.1776926877914749,0.1467151244301788,0.0256259730801804,1.0,FROZEN_GOVERNOR,C2
2021,2021-12-27 00:00:00+00:00,2021-12-27 01:00:00+00:00,2022-01-01 00:00:00+00:00,159,159,1.0,0.1767784298690082,-0.0981668377068023,-0.0177957255096867,1.0,FROZEN_GOVERNOR,C2
2021,2021-01-04 00:00:00+00:00,2021-01-04 01:00:00+00:00,2021-01-11 01:00:00+00:00,55,55,1.0,0.275412401587145,0.2439114751019268,0.065799183124549,2.0,FROZEN_GOVERNOR,C2
2021,2021-01-11 00:00:00+00:00,2021-01-11 01:00:00+00:00,2021-01-18 01:00:00+00:00,55,55,1.0,0.2561841293141633,0.0980531744102997,0.0238387464662216,2.0,FROZEN_GOVERNOR,C2
2021,2021-01-18 00:00:00+00:00,2021-01-18 01:00:00+00:00,2021-01-25 01:00:00+00:00,56,56,1.0,0.2504245627746938,0.0512345211022698,0.0115782597321332,2.0,FROZEN_GOVERNOR,C2
2021,2021-01-25 00:00:00+00:00,2021-01-25 01:00:00+00:00,2021-02-01 01:00:00+00:00,57,57,1.0,0.2236882529402194,0.005866732725179,0.0001938779290614,2.0,FROZEN_GOVERNOR,C2
2021,2021-02-01 00:00:00+00:00,2021-02-01 01:00:00+00:00,2021-02-08 01:00:00+00:00,57,57,1.0,0.2843414313395223,0.2740607012724469,0.0765051049170232,2.0,FROZEN_GOVERNOR,C2
2021,2021-02-08 00:00:00+00:00,2021-02-08 01:00:00+00:00,2021-02-15 01:00:00+00:00,57,57,1.0,0.2688883157946963,0.5511908969870304,0.146864350393237,2.0,FROZEN_GOVERNOR,C2
2021,2021-02-15 00:00:00+00:00,2021-02-15 01:00:00+00:00,2021-02-22 01:00:00+00:00,59,59,1.0,0.2995647515346128,0.1995758222503972,0.0582880578470832,2.0,FROZEN_GOVERNOR,C2
2021,2021-02-22 00:00:00+00:00,2021-02-22 01:00:00+00:00,2021-03-01 01:00:00+00:00,60,60,1.0,0.3108516161620009,-0.1817302419735517,-0.0580453975038,2.0,FROZEN_GOVERNOR,C2
2021,2021-03-01 00:00:00+00:00,2021-03-01 01:00:00+00:00,2021-03-08 01:00:00+00:00,60,60,1.0,0.2307861539444922,0.2045696994610208,0.0460579233824671,2.0,FROZEN_GOVERNOR,C2
2021,2021-03-08 00:00:00+00:00,2021-03-08 01:00:00+00:00,2021-03-15 01:00:00+00:00,60,60,1.0,0.2471431958342418,0.338661719631603,0.0824622237173031,2.0,FROZEN_GOVERNOR,C2
2021,2021-03-15 00:00:00+00:00,2021-03-15 01:00:00+00:00,2021-03-22 01:00:00+00:00,60,60,1.0,0.2775279602118565,0.1542516048807652,0.0414214934609047,2.0,FROZEN_GOVERNOR,C2
2021,2021-03-22 00:00:00+00:00,2021-03-22 01:00:00+00:00,2021-03-29 01:00:00+00:00,61,61,1.0,0.3918472880109941,0.0354416773026753,0.0119284886935591,2.0,FROZEN_GOVERNOR,C2
2021,2021-03-29 00:00:00+00:00,2021-03-29 01:00:00+00:00,2021-04-05 01:00:00+00:00,62,62,1.0,0.3529291381757222,0.3087609794161573,0.1072061006767576,2.0,FROZEN_GOVERNOR,C2
2021,2021-04-05 00:00:00+00:00,2021-04-05 01:00:00+00:00,2021-04-12 01:00:00+00:00,64,64,1.0,0.3984609721089919,0.1089021076427622,0.0414009348155081,2.0,FROZEN_GOVERNOR,C2
2021,2021-04-12 00:00:00+00:00,2021-04-12 01:00:00+00:00,2021-04-19 01:00:00+00:00,64,64,1.0,0.2915448288959698,0.0179477821981011,0.0037748589455276,2.0,FROZEN_GOVERNOR,C2
2021,2021-04-19 00:00:00+00:00,2021-04-19 01:00:00+00:00,2021-04-26 01:00:00+00:00,65,65,1.0,0.2827454723312346,-0.1749013176879084,-0.0508662830426791,2.0,FROZEN_GOVERNOR,C2
2021,2021-04-26 00:00:00+00:00,2021-04-26 01:00:00+00:00,2021-05-03 01:00:00+00:00,67,67,1.0,0.2863287142018309,0.3265241557345141,0.0920615980962926,2.0,FROZEN_GOVERNOR,C2
2021,2021-05-03 00:00:00+00:00,2021-05-03 01:00:00+00:00,2021-05-10 01:00:00+00:00,68,68,1.0,0.2499615421719852,0.1304886341049673,0.0313673325059336,2.0,FROZEN_GOVERNOR,C2
2021,2021-05-10 00:00:00+00:00,2021-05-10 01:00:00+00:00,2021-05-17 01:00:00+00:00,73,73,1.0,0.246883653497243,-0.1173571160442444,-0.0302079718403891,2.0,FROZEN_GOVERNOR,C2
2021,2021-05-17 00:00:00+00:00,2021-05-17 01:00:00+00:00,2021-05-24 01:00:00+00:00,75,75,1.0,0.3043402029438728,-0.46704536555651,-0.1436623823521829,2.0,FROZEN_GOVERNOR,C2
2021,2021-05-24 00:00:00+00:00,2021-05-24 01:00:00+00:00,2021-05-31 01:00:00+00:00,76,76,1.0,0.0,0.1756836515037768,0.0,2.0,FROZEN_GOVERNOR,C2
2021,2021-05-31 00:00:00+00:00,2021-05-31 01:00:00+00:00,2021-06-07 01:00:00+00:00,79,79,1.0,0.0,0.1042654182679262,0.0,2.0,FROZEN_GOVERNOR,C2
2021,2021-06-07 00:00:00+00:00,2021-06-07 01:00:00+00:00,2021-06-14 01:00:00+00:00,81,81,1.0,0.0,-0.0820772544460548,0.0,2.0,FROZEN_GOVERNOR,C2
2021,2021-06-14 00:00:00+00:00,2021-06-14 01:00:00+00:00,2021-06-21 01:00:00+00:00,81,81,1.0,0.0,-0.066271127262206,0.0,2.0,FROZEN_GOVERNOR,C2
2021,2021-06-21 00:00:00+00:00,2021-06-21 01:00:00+00:00,2021-06-28 01:00:00+00:00,85,85,1.0,0.0,-0.1570706916770544,0.0,2.0,FROZEN_GOVERNOR,C2
2021,2021-06-28 00:00:00+00:00,2021-06-28 01:00:00+00:00,2021-07-05 01:00:00+00:00,89,89,1.0,0.0,0.1386929109774086,0.0,2.0,FROZEN_GOVERNOR,C2
2021,2021-07-05 00:00:00+00:00,2021-07-05 01:00:00+00:00,2021-07-12 01:00:00+00:00,91,91,1.0,0.0,0.0307232966647788,0.0,2.0,FROZEN_GOVERNOR,C2
2021,2021-07-12 00:00:00+00:00,2021-07-12 01:00:00+00:00,2021-07-19 01:00:00+00:00,97,97,1.0,0.0,-0.1181935409707525,0.0,2.0,FROZEN_GOVERNOR,C2
2021,2021-07-19 00:00:00+00:00,2021-07-19 01:00:00+00:00,2021-07-26 01:00:00+00:00,97,97,1.0,0.0,0.0967077520415237,0.0,2.0,FROZEN_GOVERNOR,C2
2021,2021-07-26 00:00:00+00:00,2021-07-26 01:00:00+00:00,2021-08-02 01:00:00+00:00,99,99,1.0,0.0,0.107527993355407,0.0,2.0,FROZEN_GOVERNOR,C2
2021,2021-08-02 00:00:00+00:00,2021-08-02 01:00:00+00:00,2021-08-09 01:00:00+00:00,101,101,1.0,0.1889020628356196,0.0943020475351808,0.0168693409948402,2.0,FROZEN_GOVERNOR,C2
2021,2021-08-09 00:00:00+00:00,2021-08-09 01:00:00+00:00,2021-08-16 01:00:00+00:00,103,103,1.0,0.2024304990334407,0.2488807038844327,0.0493688925919525,2.0,FROZEN_GOVERNOR,C2
2021,2021-08-16 00:00:00+00:00,2021-08-16 01:00:00+00:00,2021-08-23 01:00:00+00:00,107,107,1.0,0.4214776448511125,0.0973294562128077,0.0389148017549581,2.0,FROZEN_GOVERNOR,C2
2021,2021-08-23 00:00:00+00:00,2021-08-23 01:00:00+00:00,2021-08-30 01:00:00+00:00,108,108,1.0,0.3634245258287834,0.0361848690032162,0.0113333462305265,2.0,FROZEN_GOVERNOR,C2
2021,2021-08-30 00:00:00+00:00,2021-08-30 01:00:00+00:00,2021-09-06 01:00:00+00:00,111,111,1.0,0.3230076849789363,0.1550483678352808,0.0484667759293419,2.0,FROZEN_GOVERNOR,C2
2021,2021-09-06 00:00:00+00:00,2021-09-06 01:00:00+00:00,2021-09-13 01:00:00+00:00,112,112,1.0,0.4037994679433827,-0.0857166674373956,-0.0366313420448171,2.0,FROZEN_GOVERNOR,C2
2021,2021-09-13 00:00:00+00:00,2021-09-13 01:00:00+00:00,2021-09-20 01:00:00+00:00,115,115,1.0,0.1425080092289187,0.0012922841850421,-0.0005283791995762,2.0,FROZEN_GOVERNOR,C2
2021,2021-09-20 00:00:00+00:00,2021-09-20 01:00:00+00:00,2021-09-27 01:00:00+00:00,116,116,1.0,0.1456929114735939,-0.1339425257416084,-0.0202429411027897,2.0,FROZEN_GOVERNOR,C2
2021,2021-09-27 00:00:00+00:00,2021-09-27 01:00:00+00:00,2021-10-04 01:00:00+00:00,116,116,1.0,0.0,0.1016875723685194,0.0,2.0,FROZEN_GOVERNOR,C2
2021,2021-10-04 00:00:00+00:00,2021-10-04 01:00:00+00:00,2021-10-11 01:00:00+00:00,117,117,1.0,0.2703268314171139,0.0478306527692011,0.0115782746506247,2.0,FROZEN_GOVERNOR,C2
2021,2021-10-11 00:00:00+00:00,2021-10-11 01:00:00+00:00,2021-10-18 01:00:00+00:00,120,120,1.0,0.3091051328660426,0.0504829637142092,0.014059017542022,2.0,FROZEN_GOVERNOR,C2
2021,2021-10-18 00:00:00+00:00,2021-10-18 01:00:00+00:00,2021-10-25 01:00:00+00:00,122,122,1.0,0.4419647740670332,0.0837466691703704,0.0348032538484141,2.0,FROZEN_GOVERNOR,C2
2021,2021-10-25 00:00:00+00:00,2021-10-25 01:00:00+00:00,2021-11-01 01:00:00+00:00,123,123,1.0,0.5710954246734854,0.1794773984861575,0.0996432439843771,2.0,FROZEN_GOVERNOR,C2
2021,2021-11-01 00:00:00+00:00,2021-11-01 01:00:00+00:00,2021-11-08 01:00:00+00:00,123,123,1.0,0.481556278065548,0.1352162933038774,0.0627064735469069,2.0,FROZEN_GOVERNOR,C2
2021,2021-11-08 00:00:00+00:00,2021-11-08 01:00:00+00:00,2021-11-15 01:00:00+00:00,127,127,1.0,0.4833369039036641,0.0570414464175341,0.0251535515861193,2.0,FROZEN_GOVERNOR,C2
2021,2021-11-15 00:00:00+00:00,2021-11-15 01:00:00+00:00,2021-11-22 01:00:00+00:00,130,130,1.0,0.4623135480932768,-0.0179065031713746,-0.0105899867555681,2.0,FROZEN_GOVERNOR,C2
2021,2021-11-22 00:00:00+00:00,2021-11-22 01:00:00+00:00,2021-11-29 01:00:00+00:00,131,131,1.0,0.1924226406194339,0.0010846797550231,-0.0007533962604091,2.0,FROZEN_GOVERNOR,C2
2021,2021-11-29 00:00:00+00:00,2021-11-29 01:00:00+00:00,2021-12-06 01:00:00+00:00,134,134,1.0,0.1647033825803188,-0.1864378555165703,-0.0315304623575014,2.0,FROZEN_GOVERNOR,C2
2021,2021-12-06 00:00:00+00:00,2021-12-06 01:00:00+00:00,2021-12-13 01:00:00+00:00,138,138,1.0,0.1526644052515993,-0.0006558579972254,-0.0008634481973339,2.0,FROZEN_GOVERNOR,C2
2021,2021-12-13 00:00:00+00:00,2021-12-13 01:00:00+00:00,2021-12-20 01:00:00+00:00,146,146,1.0,0.1632405114148961,-0.0713034229637114,-0.0124558097873033,2.0,FROZEN_GOVERNOR,C2
2021,2021-12-20 00:00:00+00:00,2021-12-20 01:00:00+00:00,2021-12-27 01:00:00+00:00,150,150,1.0,0.1776926877914749,0.1467151244301788,0.0251817413607017,2.0,FROZEN_GOVERNOR,C2
2021,2021-12-27 00:00:00+00:00,2021-12-27 01:00:00+00:00,2022-01-01 00:00:00+00:00,159,159,1.0,0.1767784298690082,-0.0981668377068023,-0.0182376715843593,2.0,FROZEN_GOVERNOR,C2
2022,2022-01-03 00:00:00+00:00,2022-01-03 01:00:00+00:00,2022-01-10 01:00:00+00:00,161,161,1.0,0.9,-0.1521555064821859,-0.1391899558339673,1.0,NONE,C2
2022,2022-01-10 00:00:00+00:00,2022-01-10 01:00:00+00:00,2022-01-17 01:00:00+00:00,161,161,1.0,0.9,0.0634297386943901,0.0548367648249511,1.0,NONE,C2
2022,2022-01-17 00:00:00+00:00,2022-01-17 01:00:00+00:00,2022-01-24 01:00:00+00:00,164,164,1.0,0.9,-0.2857817711989372,-0.2594535940790435,1.0,NONE,C2
2022,2022-01-24 00:00:00+00:00,2022-01-24 01:00:00+00:00,2022-01-31 01:00:00+00:00,166,166,1.0,0.9,-0.0137078504699146,-0.0145870654229232,1.0,NONE,C2
2022,2022-01-31 00:00:00+00:00,2022-01-31 01:00:00+00:00,2022-02-07 01:00:00+00:00,170,170,1.0,0.9,0.1624822752051311,0.1439840476846179,1.0,NONE,C2
2022,2022-02-07 00:00:00+00:00,2022-02-07 01:00:00+00:00,2022-02-14 01:00:00+00:00,172,172,1.0,0.9,-0.0659977896503937,-0.0616480106853543,1.0,NONE,C2
2022,2022-02-14 00:00:00+00:00,2022-02-14 01:00:00+00:00,2022-02-21 01:00:00+00:00,176,176,1.0,0.9,-0.0961815151984697,-0.0888133636786227,1.0,NONE,C2
2022,2022-02-21 00:00:00+00:00,2022-02-21 01:00:00+00:00,2022-02-28 01:00:00+00:00,181,181,1.0,0.9,-0.0720730539675388,-0.0671157485707849,1.0,NONE,C2
2022,2022-02-28 00:00:00+00:00,2022-02-28 01:00:00+00:00,2022-03-07 01:00:00+00:00,187,187,1.0,0.9,-0.0008659822323533,-0.003029384009118,1.0,NONE,C2
2022,2022-03-07 00:00:00+00:00,2022-03-07 01:00:00+00:00,2022-03-14 01:00:00+00:00,189,189,1.0,0.9,-0.0303271032549244,-0.029544392929432,1.0,NONE,C2
2022,2022-03-14 00:00:00+00:00,2022-03-14 01:00:00+00:00,2022-03-21 01:00:00+00:00,193,193,1.0,0.9,0.1373548260785256,0.121369343470673,1.0,NONE,C2
2022,2022-03-21 00:00:00+00:00,2022-03-21 01:00:00+00:00,2022-03-28 01:00:00+00:00,194,194,1.0,0.9,0.1873854300963119,0.1663968870866807,1.0,NONE,C2
2022,2022-03-28 00:00:00+00:00,2022-03-28 01:00:00+00:00,2022-04-04 01:00:00+00:00,195,195,1.0,0.9,0.091487899660354,0.0800891096943186,1.0,NONE,C2
2022,2022-04-04 00:00:00+00:00,2022-04-04 01:00:00+00:00,2022-04-11 01:00:00+00:00,197,197,1.0,0.9,-0.1595108697739048,-0.1458097827965143,1.0,NONE,C2
2022,2022-04-11 00:00:00+00:00,2022-04-11 01:00:00+00:00,2022-04-18 01:00:00+00:00,199,199,1.0,0.9,-0.0700947519960236,-0.0653352767964212,1.0,NONE,C2
2022,2022-04-18 00:00:00+00:00,2022-04-18 01:00:00+00:00,2022-04-25 01:00:00+00:00,201,201,1.0,0.9,-0.0174855053553502,-0.0179869548198152,1.0,NONE,C2
2022,2022-04-25 00:00:00+00:00,2022-04-25 01:00:00+00:00,2022-05-02 01:00:00+00:00,202,202,1.0,0.9,-0.1568516079636282,-0.1434164471672654,1.0,NONE,C2
2022,2022-05-02 00:00:00+00:00,2022-05-02 01:00:00+00:00,2022-05-09 01:00:00+00:00,202,202,1.0,0.9,-0.1041986205047722,-0.096028758454295,1.0,NONE,C2
2022,2022-05-09 00:00:00+00:00,2022-05-09 01:00:00+00:00,2022-05-16 01:00:00+00:00,204,204,1.0,0.9,-0.2746139803931403,-0.2494025823538262,1.0,NONE,C2
2022,2022-05-16 00:00:00+00:00,2022-05-16 01:00:00+00:00,2022-05-23 01:00:00+00:00,204,204,1.0,0.9,-0.0033903383496872,-0.0053013045147185,1.0,NONE,C2
2022,2022-05-23 00:00:00+00:00,2022-05-23 01:00:00+00:00,2022-05-30 01:00:00+00:00,204,204,1.0,0.9,-0.0852460989528277,-0.0789714890575449,1.0,NONE,C2
2022,2022-05-30 00:00:00+00:00,2022-05-30 01:00:00+00:00,2022-06-06 01:00:00+00:00,205,205,1.0,0.9,0.0185706739751746,0.0144636065776571,1.0,NONE,C2
2022,2022-06-06 00:00:00+00:00,2022-06-06 01:00:00+00:00,2022-06-13 01:00:00+00:00,207,207,1.0,0.9,-0.1814014072946798,-0.1655112665652118,1.0,NONE,C2
2022,2022-06-13 00:00:00+00:00,2022-06-13 01:00:00+00:00,2022-06-20 01:00:00+00:00,207,207,1.0,0.9,-0.078075097076109,-0.0725175873684981,1.0,NONE,C2
2022,2022-06-20 00:00:00+00:00,2022-06-20 01:00:00+00:00,2022-06-27 01:00:00+00:00,209,209,1.0,0.9,0.0975128229093243,0.0855115406183918,1.0,NONE,C2
2022,2022-06-27 00:00:00+00:00,2022-06-27 01:00:00+00:00,2022-07-04 01:00:00+00:00,211,211,1.0,0.9,-0.0631792365928962,-0.0591113129336066,1.0,NONE,C2
2022,2022-07-04 00:00:00+00:00,2022-07-04 01:00:00+00:00,2022-07-11 01:00:00+00:00,214,214,1.0,0.9,0.0660926910860181,0.0572334219774163,1.0,NONE,C2
2022,2022-07-11 00:00:00+00:00,2022-07-11 01:00:00+00:00,2022-07-18 01:00:00+00:00,214,214,1.0,0.9,0.0260915620050087,0.0212324058045078,1.0,NONE,C2
2022,2022-07-18 00:00:00+00:00,2022-07-18 01:00:00+00:00,2022-07-25 01:00:00+00:00,216,216,1.0,0.9,0.0689735554860602,0.0598261999374541,1.0,NONE,C2
2022,2022-07-25 00:00:00+00:00,2022-07-25 01:00:00+00:00,2022-08-01 01:00:00+00:00,220,220,1.0,0.9,0.074047037829504,0.0643923340465536,1.0,NONE,C2
2022,2022-08-01 00:00:00+00:00,2022-08-01 01:00:00+00:00,2022-08-08 01:00:00+00:00,224,224,1.0,0.9,0.0385118878568829,0.0324106990711946,1.0,NONE,C2
2022,2022-08-08 00:00:00+00:00,2022-08-08 01:00:00+00:00,2022-08-15 01:00:00+00:00,226,226,1.0,0.9,0.0349003742441918,0.0291603368197726,1.0,NONE,C2
2022,2022-08-15 00:00:00+00:00,2022-08-15 01:00:00+00:00,2022-08-22 01:00:00+00:00,230,230,1.0,0.9,-0.1209813927486304,-0.1111332534737674,1.0,NONE,C2
2022,2022-08-22 00:00:00+00:00,2022-08-22 01:00:00+00:00,2022-08-29 01:00:00+00:00,230,230,1.0,0.9,-0.0936678195719463,-0.0865510376147517,1.0,NONE,C2
2022,2022-08-29 00:00:00+00:00,2022-08-29 01:00:00+00:00,2022-09-05 01:00:00+00:00,235,235,1.0,0.9,0.0452645187032698,0.0384880668329428,1.0,NONE,C2
2022,2022-09-05 00:00:00+00:00,2022-09-05 01:00:00+00:00,2022-09-12 01:00:00+00:00,236,236,1.0,0.9,0.0564900853031965,0.0485910767728768,1.0,NONE,C2
2022,2022-09-12 00:00:00+00:00,2022-09-12 01:00:00+00:00,2022-09-19 01:00:00+00:00,236,236,1.0,0.9,-0.1327295852313591,-0.1217066267082232,1.0,NONE,C2
2022,2022-09-19 00:00:00+00:00,2022-09-19 01:00:00+00:00,2022-09-26 01:00:00+00:00,237,237,1.0,0.9,0.0019071067549708,-0.0005336039205262,1.0,NONE,C2
2022,2022-09-26 00:00:00+00:00,2022-09-26 01:00:00+00:00,2022-10-03 01:00:00+00:00,239,239,1.0,0.9,-0.0167353905686478,-0.017311851511783,1.0,NONE,C2
2022,2022-10-03 00:00:00+00:00,2022-10-03 01:00:00+00:00,2022-10-10 01:00:00+00:00,241,241,1.0,0.9,0.033566447111771,0.0279598024005939,1.0,NONE,C2
2022,2022-10-10 00:00:00+00:00,2022-10-10 01:00:00+00:00,2022-10-17 01:00:00+00:00,242,242,1.0,0.9,-0.0275994762927675,-0.0270895286634907,1.0,NONE,C2
2022,2022-10-17 00:00:00+00:00,2022-10-17 01:00:00+00:00,2022-10-24 01:00:00+00:00,242,242,1.0,0.9,-0.0119443638014688,-0.0129999274213219,1.0,NONE,C2
2022,2022-10-24 00:00:00+00:00,2022-10-24 01:00:00+00:00,2022-10-31 01:00:00+00:00,243,243,1.0,0.9,0.0529242825095859,0.0453818542586273,1.0,NONE,C2
2022,2022-10-31 00:00:00+00:00,2022-10-31 01:00:00+00:00,2022-11-07 01:00:00+00:00,243,243,1.0,0.9,0.039763327543301,0.0335369947889709,1.0,NONE,C2
2022,2022-11-07 00:00:00+00:00,2022-11-07 01:00:00+00:00,2022-11-14 01:00:00+00:00,243,243,1.0,0.9,-0.2744779937603445,-0.24928019438431,1.0,NONE,C2
2022,2022-11-14 00:00:00+00:00,2022-11-14 01:00:00+00:00,2022-11-21 01:00:00+00:00,243,243,1.0,0.9,-0.0100194173283557,-0.0112674755955201,1.0,NONE,C2
2022,2022-11-21 00:00:00+00:00,2022-11-21 01:00:00+00:00,2022-11-28 01:00:00+00:00,243,243,1.0,0.9,0.0472443275435861,0.0402698947892275,1.0,NONE,C2
2022,2022-11-28 00:00:00+00:00,2022-11-28 01:00:00+00:00,2022-12-05 01:00:00+00:00,243,243,1.0,0.9,0.0400607671809472,0.0338046904628525,1.0,NONE,C2
2022,2022-12-05 00:00:00+00:00,2022-12-05 01:00:00+00:00,2022-12-12 01:00:00+00:00,245,245,1.0,0.9,-0.0209549553231108,-0.0211094597907997,1.0,NONE,C2
2022,2022-12-12 00:00:00+00:00,2022-12-12 01:00:00+00:00,2022-12-19 01:00:00+00:00,245,245,1.0,0.9,-0.1088859537133752,-0.1002473583420377,1.0,NONE,C2
2022,2022-12-19 00:00:00+00:00,2022-12-19 01:00:00+00:00,2022-12-26 01:00:00+00:00,245,245,1.0,0.9,-0.012560447037437,-0.0135544023336933,1.0,NONE,C2
2022,2022-12-26 00:00:00+00:00,2022-12-26 01:00:00+00:00,2023-01-01 00:00:00+00:00,247,247,1.0,0.9,-0.0437834661175017,-0.0416551195057516,1.0,NONE,C2
2022,2022-01-03 00:00:00+00:00,2022-01-03 01:00:00+00:00,2022-01-10 01:00:00+00:00,161,161,1.0,0.9,-0.1521555064821859,-0.1414399558339673,2.0,NONE,C2
2022,2022-01-10 00:00:00+00:00,2022-01-10 01:00:00+00:00,2022-01-17 01:00:00+00:00,161,161,1.0,0.9,0.0634297386943901,0.0525867648249511,2.0,NONE,C2
2022,2022-01-17 00:00:00+00:00,2022-01-17 01:00:00+00:00,2022-01-24 01:00:00+00:00,164,164,1.0,0.9,-0.2857817711989372,-0.2617035940790435,2.0,NONE,C2
2022,2022-01-24 00:00:00+00:00,2022-01-24 01:00:00+00:00,2022-01-31 01:00:00+00:00,166,166,1.0,0.9,-0.0137078504699146,-0.0168370654229232,2.0,NONE,C2
2022,2022-01-31 00:00:00+00:00,2022-01-31 01:00:00+00:00,2022-02-07 01:00:00+00:00,170,170,1.0,0.9,0.1624822752051311,0.1417340476846179,2.0,NONE,C2
2022,2022-02-07 00:00:00+00:00,2022-02-07 01:00:00+00:00,2022-02-14 01:00:00+00:00,172,172,1.0,0.9,-0.0659977896503937,-0.0638980106853543,2.0,NONE,C2
2022,2022-02-14 00:00:00+00:00,2022-02-14 01:00:00+00:00,2022-02-21 01:00:00+00:00,176,176,1.0,0.9,-0.0961815151984697,-0.0910633636786227,2.0,NONE,C2
2022,2022-02-21 00:00:00+00:00,2022-02-21 01:00:00+00:00,2022-02-28 01:00:00+00:00,181,181,1.0,0.9,-0.0720730539675388,-0.0693657485707849,2.0,NONE,C2
2022,2022-02-28 00:00:00+00:00,2022-02-28 01:00:00+00:00,2022-03-07 01:00:00+00:00,187,187,1.0,0.9,-0.0008659822323533,-0.005279384009118,2.0,NONE,C2
2022,2022-03-07 00:00:00+00:00,2022-03-07 01:00:00+00:00,2022-03-14 01:00:00+00:00,189,189,1.0,0.9,-0.0303271032549244,-0.031794392929432,2.0,NONE,C2
2022,2022-03-14 00:00:00+00:00,2022-03-14 01:00:00+00:00,2022-03-21 01:00:00+00:00,193,193,1.0,0.9,0.1373548260785256,0.119119343470673,2.0,NONE,C2
2022,2022-03-21 00:00:00+00:00,2022-03-21 01:00:00+00:00,2022-03-28 01:00:00+00:00,194,194,1.0,0.9,0.1873854300963119,0.1641468870866807,2.0,NONE,C2
2022,2022-03-28 00:00:00+00:00,2022-03-28 01:00:00+00:00,2022-04-04 01:00:00+00:00,195,195,1.0,0.9,0.091487899660354,0.0778391096943186,2.0,NONE,C2
2022,2022-04-04 00:00:00+00:00,2022-04-04 01:00:00+00:00,2022-04-11 01:00:00+00:00,197,197,1.0,0.9,-0.1595108697739048,-0.1480597827965143,2.0,NONE,C2
2022,2022-04-11 00:00:00+00:00,2022-04-11 01:00:00+00:00,2022-04-18 01:00:00+00:00,199,199,1.0,0.9,-0.0700947519960236,-0.0675852767964212,2.0,NONE,C2
2022,2022-04-18 00:00:00+00:00,2022-04-18 01:00:00+00:00,2022-04-25 01:00:00+00:00,201,201,1.0,0.9,-0.0174855053553502,-0.0202369548198152,2.0,NONE,C2
2022,2022-04-25 00:00:00+00:00,2022-04-25 01:00:00+00:00,2022-05-02 01:00:00+00:00,202,202,1.0,0.9,-0.1568516079636282,-0.1456664471672654,2.0,NONE,C2
2022,2022-05-02 00:00:00+00:00,2022-05-02 01:00:00+00:00,2022-05-09 01:00:00+00:00,202,202,1.0,0.9,-0.1041986205047722,-0.098278758454295,2.0,NONE,C2
2022,2022-05-09 00:00:00+00:00,2022-05-09 01:00:00+00:00,2022-05-16 01:00:00+00:00,204,204,1.0,0.9,-0.2746139803931403,-0.2516525823538262,2.0,NONE,C2
2022,2022-05-16 00:00:00+00:00,2022-05-16 01:00:00+00:00,2022-05-23 01:00:00+00:00,204,204,1.0,0.9,-0.0033903383496872,-0.0075513045147185,2.0,NONE,C2
2022,2022-05-23 00:00:00+00:00,2022-05-23 01:00:00+00:00,2022-05-30 01:00:00+00:00,204,204,1.0,0.9,-0.0852460989528277,-0.0812214890575449,2.0,NONE,C2
2022,2022-05-30 00:00:00+00:00,2022-05-30 01:00:00+00:00,2022-06-06 01:00:00+00:00,205,205,1.0,0.9,0.0185706739751746,0.0122136065776571,2.0,NONE,C2
2022,2022-06-06 00:00:00+00:00,2022-06-06 01:00:00+00:00,2022-06-13 01:00:00+00:00,207,207,1.0,0.9,-0.1814014072946798,-0.1677612665652118,2.0,NONE,C2
2022,2022-06-13 00:00:00+00:00,2022-06-13 01:00:00+00:00,2022-06-20 01:00:00+00:00,207,207,1.0,0.9,-0.078075097076109,-0.0747675873684981,2.0,NONE,C2
2022,2022-06-20 00:00:00+00:00,2022-06-20 01:00:00+00:00,2022-06-27 01:00:00+00:00,209,209,1.0,0.9,0.0975128229093243,0.0832615406183918,2.0,NONE,C2
2022,2022-06-27 00:00:00+00:00,2022-06-27 01:00:00+00:00,2022-07-04 01:00:00+00:00,211,211,1.0,0.9,-0.0631792365928962,-0.0613613129336066,2.0,NONE,C2
2022,2022-07-04 00:00:00+00:00,2022-07-04 01:00:00+00:00,2022-07-11 01:00:00+00:00,214,214,1.0,0.9,0.0660926910860181,0.0549834219774163,2.0,NONE,C2
2022,2022-07-11 00:00:00+00:00,2022-07-11 01:00:00+00:00,2022-07-18 01:00:00+00:00,214,214,1.0,0.9,0.0260915620050087,0.0189824058045078,2.0,NONE,C2
2022,2022-07-18 00:00:00+00:00,2022-07-18 01:00:00+00:00,2022-07-25 01:00:00+00:00,216,216,1.0,0.9,0.0689735554860602,0.0575761999374541,2.0,NONE,C2
2022,2022-07-25 00:00:00+00:00,2022-07-25 01:00:00+00:00,2022-08-01 01:00:00+00:00,220,220,1.0,0.9,0.074047037829504,0.0621423340465536,2.0,NONE,C2
2022,2022-08-01 00:00:00+00:00,2022-08-01 01:00:00+00:00,2022-08-08 01:00:00+00:00,224,224,1.0,0.9,0.0385118878568829,0.0301606990711946,2.0,NONE,C2
2022,2022-08-08 00:00:00+00:00,2022-08-08 01:00:00+00:00,2022-08-15 01:00:00+00:00,226,226,1.0,0.9,0.0349003742441918,0.0269103368197726,2.0,NONE,C2
2022,2022-08-15 00:00:00+00:00,2022-08-15 01:00:00+00:00,2022-08-22 01:00:00+00:00,230,230,1.0,0.9,-0.1209813927486304,-0.1133832534737674,2.0,NONE,C2
2022,2022-08-22 00:00:00+00:00,2022-08-22 01:00:00+00:00,2022-08-29 01:00:00+00:00,230,230,1.0,0.9,-0.0936678195719463,-0.0888010376147517,2.0,NONE,C2
2022,2022-08-29 00:00:00+00:00,2022-08-29 01:00:00+00:00,2022-09-05 01:00:00+00:00,235,235,1.0,0.9,0.0452645187032698,0.0362380668329428,2.0,NONE,C2
2022,2022-09-05 00:00:00+00:00,2022-09-05 01:00:00+00:00,2022-09-12 01:00:00+00:00,236,236,1.0,0.9,0.0564900853031965,0.0463410767728768,2.0,NONE,C2
2022,2022-09-12 00:00:00+00:00,2022-09-12 01:00:00+00:00,2022-09-19 01:00:00+00:00,236,236,1.0,0.9,-0.1327295852313591,-0.1239566267082232,2.0,NONE,C2
2022,2022-09-19 00:00:00+00:00,2022-09-19 01:00:00+00:00,2022-09-26 01:00:00+00:00,237,237,1.0,0.9,0.0019071067549708,-0.0027836039205262,2.0,NONE,C2
2022,2022-09-26 00:00:00+00:00,2022-09-26 01:00:00+00:00,2022-10-03 01:00:00+00:00,239,239,1.0,0.9,-0.0167353905686478,-0.019561851511783,2.0,NONE,C2
2022,2022-10-03 00:00:00+00:00,2022-10-03 01:00:00+00:00,2022-10-10 01:00:00+00:00,241,241,1.0,0.9,0.033566447111771,0.0257098024005939,2.0,NONE,C2
2022,2022-10-10 00:00:00+00:00,2022-10-10 01:00:00+00:00,2022-10-17 01:00:00+00:00,242,242,1.0,0.9,-0.0275994762927675,-0.0293395286634907,2.0,NONE,C2
2022,2022-10-17 00:00:00+00:00,2022-10-17 01:00:00+00:00,2022-10-24 01:00:00+00:00,242,242,1.0,0.9,-0.0119443638014688,-0.0152499274213219,2.0,NONE,C2
2022,2022-10-24 00:00:00+00:00,2022-10-24 01:00:00+00:00,2022-10-31 01:00:00+00:00,243,243,1.0,0.9,0.0529242825095859,0.0431318542586273,2.0,NONE,C2
2022,2022-10-31 00:00:00+00:00,2022-10-31 01:00:00+00:00,2022-11-07 01:00:00+00:00,243,243,1.0,0.9,0.039763327543301,0.0312869947889709,2.0,NONE,C2
2022,2022-11-07 00:00:00+00:00,2022-11-07 01:00:00+00:00,2022-11-14 01:00:00+00:00,243,243,1.0,0.9,-0.2744779937603445,-0.25153019438431,2.0,NONE,C2
2022,2022-11-14 00:00:00+00:00,2022-11-14 01:00:00+00:00,2022-11-21 01:00:00+00:00,243,243,1.0,0.9,-0.0100194173283557,-0.0135174755955201,2.0,NONE,C2
2022,2022-11-21 00:00:00+00:00,2022-11-21 01:00:00+00:00,2022-11-28 01:00:00+00:00,243,243,1.0,0.9,0.0472443275435861,0.0380198947892275,2.0,NONE,C2
2022,2022-11-28 00:00:00+00:00,2022-11-28 01:00:00+00:00,2022-12-05 01:00:00+00:00,243,243,1.0,0.9,0.0400607671809472,0.0315546904628525,2.0,NONE,C2
2022,2022-12-05 00:00:00+00:00,2022-12-05 01:00:00+00:00,2022-12-12 01:00:00+00:00,245,245,1.0,0.9,-0.0209549553231108,-0.0233594597907997,2.0,NONE,C2
2022,2022-12-12 00:00:00+00:00,2022-12-12 01:00:00+00:00,2022-12-19 01:00:00+00:00,245,245,1.0,0.9,-0.1088859537133752,-0.1024973583420377,2.0,NONE,C2
2022,2022-12-19 00:00:00+00:00,2022-12-19 01:00:00+00:00,2022-12-26 01:00:00+00:00,245,245,1.0,0.9,-0.012560447037437,-0.0158044023336933,2.0,NONE,C2
2022,2022-12-26 00:00:00+00:00,2022-12-26 01:00:00+00:00,2023-01-01 00:00:00+00:00,247,247,1.0,0.9,-0.0437834661175017,-0.0439051195057516,2.0,NONE,C2
2022,2022-01-03 00:00:00+00:00,2022-01-03 01:00:00+00:00,2022-01-10 01:00:00+00:00,161,161,1.0,0.0,-0.1521555064821859,0.0,1.0,FROZEN_GOVERNOR,C2
2022,2022-01-10 00:00:00+00:00,2022-01-10 01:00:00+00:00,2022-01-17 01:00:00+00:00,161,161,1.0,0.0,0.0634297386943901,0.0,1.0,FROZEN_GOVERNOR,C2
2022,2022-01-17 00:00:00+00:00,2022-01-17 01:00:00+00:00,2022-01-24 01:00:00+00:00,164,164,1.0,0.0,-0.2857817711989372,0.0,1.0,FROZEN_GOVERNOR,C2
2022,2022-01-24 00:00:00+00:00,2022-01-24 01:00:00+00:00,2022-01-31 01:00:00+00:00,166,166,1.0,0.0,-0.0137078504699146,0.0,1.0,FROZEN_GOVERNOR,C2
2022,2022-01-31 00:00:00+00:00,2022-01-31 01:00:00+00:00,2022-02-07 01:00:00+00:00,170,170,1.0,0.0,0.1624822752051311,0.0,1.0,FROZEN_GOVERNOR,C2
2022,2022-02-07 00:00:00+00:00,2022-02-07 01:00:00+00:00,2022-02-14 01:00:00+00:00,172,172,1.0,0.0,-0.0659977896503937,0.0,1.0,FROZEN_GOVERNOR,C2
2022,2022-02-14 00:00:00+00:00,2022-02-14 01:00:00+00:00,2022-02-21 01:00:00+00:00,176,176,1.0,0.0,-0.0961815151984697,0.0,1.0,FROZEN_GOVERNOR,C2
2022,2022-02-21 00:00:00+00:00,2022-02-21 01:00:00+00:00,2022-02-28 01:00:00+00:00,181,181,1.0,0.0,-0.0720730539675388,0.0,1.0,FROZEN_GOVERNOR,C2
2022,2022-02-28 00:00:00+00:00,2022-02-28 01:00:00+00:00,2022-03-07 01:00:00+00:00,187,187,1.0,0.0,-0.0008659822323533,0.0,1.0,FROZEN_GOVERNOR,C2
2022,2022-03-07 00:00:00+00:00,2022-03-07 01:00:00+00:00,2022-03-14 01:00:00+00:00,189,189,1.0,0.0,-0.0303271032549244,0.0,1.0,FROZEN_GOVERNOR,C2
2022,2022-03-14 00:00:00+00:00,2022-03-14 01:00:00+00:00,2022-03-21 01:00:00+00:00,193,193,1.0,0.0,0.1373548260785256,0.0,1.0,FROZEN_GOVERNOR,C2
2022,2022-03-21 00:00:00+00:00,2022-03-21 01:00:00+00:00,2022-03-28 01:00:00+00:00,194,194,1.0,0.2074196731835504,0.1873854300963119,0.0383488754869771,1.0,FROZEN_GOVERNOR,C2
2022,2022-03-28 00:00:00+00:00,2022-03-28 01:00:00+00:00,2022-04-04 01:00:00+00:00,195,195,1.0,0.251061749831158,0.091487899660354,0.0223414578025279,1.0,FROZEN_GOVERNOR,C2
2022,2022-04-04 00:00:00+00:00,2022-04-04 01:00:00+00:00,2022-04-11 01:00:00+00:00,197,197,1.0,0.3688371241758028,-0.1595108697739048,-0.0597556232926275,1.0,FROZEN_GOVERNOR,C2
2022,2022-04-11 00:00:00+00:00,2022-04-11 01:00:00+00:00,2022-04-18 01:00:00+00:00,199,199,1.0,0.2398677893861339,-0.0700947519960236,-0.0174131426823208,1.0,FROZEN_GOVERNOR,C2
2022,2022-04-18 00:00:00+00:00,2022-04-18 01:00:00+00:00,2022-04-25 01:00:00+00:00,201,201,1.0,0.0,-0.0174855053553502,0.0,1.0,FROZEN_GOVERNOR,C2
2022,2022-04-25 00:00:00+00:00,2022-04-25 01:00:00+00:00,2022-05-02 01:00:00+00:00,202,202,1.0,0.0,-0.1568516079636282,0.0,1.0,FROZEN_GOVERNOR,C2
2022,2022-05-02 00:00:00+00:00,2022-05-02 01:00:00+00:00,2022-05-09 01:00:00+00:00,202,202,1.0,0.0,-0.1041986205047722,0.0,1.0,FROZEN_GOVERNOR,C2
2022,2022-05-09 00:00:00+00:00,2022-05-09 01:00:00+00:00,2022-05-16 01:00:00+00:00,204,204,1.0,0.0,-0.2746139803931403,0.0,1.0,FROZEN_GOVERNOR,C2
2022,2022-05-16 00:00:00+00:00,2022-05-16 01:00:00+00:00,2022-05-23 01:00:00+00:00,204,204,1.0,0.0,-0.0033903383496872,0.0,1.0,FROZEN_GOVERNOR,C2
2022,2022-05-23 00:00:00+00:00,2022-05-23 01:00:00+00:00,2022-05-30 01:00:00+00:00,204,204,1.0,0.0,-0.0852460989528277,0.0,1.0,FROZEN_GOVERNOR,C2
2022,2022-05-30 00:00:00+00:00,2022-05-30 01:00:00+00:00,2022-06-06 01:00:00+00:00,205,205,1.0,0.0,0.0185706739751746,0.0,1.0,FROZEN_GOVERNOR,C2
2022,2022-06-06 00:00:00+00:00,2022-06-06 01:00:00+00:00,2022-06-13 01:00:00+00:00,207,207,1.0,0.0,-0.1814014072946798,0.0,1.0,FROZEN_GOVERNOR,C2
2022,2022-06-13 00:00:00+00:00,2022-06-13 01:00:00+00:00,2022-06-20 01:00:00+00:00,207,207,1.0,0.0,-0.078075097076109,0.0,1.0,FROZEN_GOVERNOR,C2
2022,2022-06-20 00:00:00+00:00,2022-06-20 01:00:00+00:00,2022-06-27 01:00:00+00:00,209,209,1.0,0.0,0.0975128229093243,0.0,1.0,FROZEN_GOVERNOR,C2
2022,2022-06-27 00:00:00+00:00,2022-06-27 01:00:00+00:00,2022-07-04 01:00:00+00:00,211,211,1.0,0.0,-0.0631792365928962,0.0,1.0,FROZEN_GOVERNOR,C2
2022,2022-07-04 00:00:00+00:00,2022-07-04 01:00:00+00:00,2022-07-11 01:00:00+00:00,214,214,1.0,0.0,0.0660926910860181,0.0,1.0,FROZEN_GOVERNOR,C2
2022,2022-07-11 00:00:00+00:00,2022-07-11 01:00:00+00:00,2022-07-18 01:00:00+00:00,214,214,1.0,0.0,0.0260915620050087,0.0,1.0,FROZEN_GOVERNOR,C2
2022,2022-07-18 00:00:00+00:00,2022-07-18 01:00:00+00:00,2022-07-25 01:00:00+00:00,216,216,1.0,0.1930663160847575,0.0689735554860602,0.0128338044747493,1.0,FROZEN_GOVERNOR,C2
2022,2022-07-25 00:00:00+00:00,2022-07-25 01:00:00+00:00,2022-08-01 01:00:00+00:00,220,220,1.0,0.1936082647685315,0.074047037829504,0.0138520978434987,1.0,FROZEN_GOVERNOR,C2
2022,2022-08-01 00:00:00+00:00,2022-08-01 01:00:00+00:00,2022-08-08 01:00:00+00:00,224,224,1.0,0.1608080970211022,0.0385118878568829,0.0057910031564026,1.0,FROZEN_GOVERNOR,C2
2022,2022-08-08 00:00:00+00:00,2022-08-08 01:00:00+00:00,2022-08-15 01:00:00+00:00,226,226,1.0,0.1781410645647822,0.0349003742441918,0.0057718371601576,1.0,FROZEN_GOVERNOR,C2
2022,2022-08-15 00:00:00+00:00,2022-08-15 01:00:00+00:00,2022-08-22 01:00:00+00:00,230,230,1.0,0.2064965776432905,-0.1209813927486304,-0.0254984850052192,1.0,FROZEN_GOVERNOR,C2
2022,2022-08-22 00:00:00+00:00,2022-08-22 01:00:00+00:00,2022-08-29 01:00:00+00:00,230,230,1.0,0.0,-0.0936678195719463,0.0,1.0,FROZEN_GOVERNOR,C2
2022,2022-08-29 00:00:00+00:00,2022-08-29 01:00:00+00:00,2022-09-05 01:00:00+00:00,235,235,1.0,0.0,0.0452645187032698,0.0,1.0,FROZEN_GOVERNOR,C2
2022,2022-09-05 00:00:00+00:00,2022-09-05 01:00:00+00:00,2022-09-12 01:00:00+00:00,236,236,1.0,0.0,0.0564900853031965,0.0,1.0,FROZEN_GOVERNOR,C2
2022,2022-09-12 00:00:00+00:00,2022-09-12 01:00:00+00:00,2022-09-19 01:00:00+00:00,236,236,1.0,0.0,-0.1327295852313591,0.0,1.0,FROZEN_GOVERNOR,C2
2022,2022-09-19 00:00:00+00:00,2022-09-19 01:00:00+00:00,2022-09-26 01:00:00+00:00,237,237,1.0,0.0,0.0019071067549708,0.0,1.0,FROZEN_GOVERNOR,C2
2022,2022-09-26 00:00:00+00:00,2022-09-26 01:00:00+00:00,2022-10-03 01:00:00+00:00,239,239,1.0,0.0,-0.0167353905686478,0.0,1.0,FROZEN_GOVERNOR,C2
2022,2022-10-03 00:00:00+00:00,2022-10-03 01:00:00+00:00,2022-10-10 01:00:00+00:00,241,241,1.0,0.0,0.033566447111771,0.0,1.0,FROZEN_GOVERNOR,C2
2022,2022-10-10 00:00:00+00:00,2022-10-10 01:00:00+00:00,2022-10-17 01:00:00+00:00,242,242,1.0,0.0,-0.0275994762927675,0.0,1.0,FROZEN_GOVERNOR,C2
2022,2022-10-17 00:00:00+00:00,2022-10-17 01:00:00+00:00,2022-10-24 01:00:00+00:00,242,242,1.0,0.0,-0.0119443638014688,0.0,1.0,FROZEN_GOVERNOR,C2
2022,2022-10-24 00:00:00+00:00,2022-10-24 01:00:00+00:00,2022-10-31 01:00:00+00:00,243,243,1.0,0.0,0.0529242825095859,0.0,1.0,FROZEN_GOVERNOR,C2
2022,2022-10-31 00:00:00+00:00,2022-10-31 01:00:00+00:00,2022-11-07 01:00:00+00:00,243,243,1.0,0.3136212959201559,0.039763327543301,0.0116865730744273,1.0,FROZEN_GOVERNOR,C2
2022,2022-11-07 00:00:00+00:00,2022-11-07 01:00:00+00:00,2022-11-14 01:00:00+00:00,243,243,1.0,0.2067884394265148,-0.2744779937603445,-0.0572758470851885,1.0,FROZEN_GOVERNOR,C2
2022,2022-11-14 00:00:00+00:00,2022-11-14 01:00:00+00:00,2022-11-21 01:00:00+00:00,243,243,1.0,0.0,-0.0100194173283557,0.0,1.0,FROZEN_GOVERNOR,C2
2022,2022-11-21 00:00:00+00:00,2022-11-21 01:00:00+00:00,2022-11-28 01:00:00+00:00,243,243,1.0,0.0,0.0472443275435861,0.0,1.0,FROZEN_GOVERNOR,C2
2022,2022-11-28 00:00:00+00:00,2022-11-28 01:00:00+00:00,2022-12-05 01:00:00+00:00,243,243,1.0,0.0,0.0400607671809472,0.0,1.0,FROZEN_GOVERNOR,C2
2022,2022-12-05 00:00:00+00:00,2022-12-05 01:00:00+00:00,2022-12-12 01:00:00+00:00,245,245,1.0,0.0,-0.0209549553231108,0.0,1.0,FROZEN_GOVERNOR,C2
2022,2022-12-12 00:00:00+00:00,2022-12-12 01:00:00+00:00,2022-12-19 01:00:00+00:00,245,245,1.0,0.0,-0.1088859537133752,0.0,1.0,FROZEN_GOVERNOR,C2
2022,2022-12-19 00:00:00+00:00,2022-12-19 01:00:00+00:00,2022-12-26 01:00:00+00:00,245,245,1.0,0.0,-0.012560447037437,0.0,1.0,FROZEN_GOVERNOR,C2
2022,2022-12-26 00:00:00+00:00,2022-12-26 01:00:00+00:00,2023-01-01 00:00:00+00:00,247,247,1.0,0.0,-0.0437834661175017,0.0,1.0,FROZEN_GOVERNOR,C2
2022,2022-01-03 00:00:00+00:00,2022-01-03 01:00:00+00:00,2022-01-10 01:00:00+00:00,161,161,1.0,0.0,-0.1521555064821859,0.0,2.0,FROZEN_GOVERNOR,C2
2022,2022-01-10 00:00:00+00:00,2022-01-10 01:00:00+00:00,2022-01-17 01:00:00+00:00,161,161,1.0,0.0,0.0634297386943901,0.0,2.0,FROZEN_GOVERNOR,C2
2022,2022-01-17 00:00:00+00:00,2022-01-17 01:00:00+00:00,2022-01-24 01:00:00+00:00,164,164,1.0,0.0,-0.2857817711989372,0.0,2.0,FROZEN_GOVERNOR,C2
2022,2022-01-24 00:00:00+00:00,2022-01-24 01:00:00+00:00,2022-01-31 01:00:00+00:00,166,166,1.0,0.0,-0.0137078504699146,0.0,2.0,FROZEN_GOVERNOR,C2
2022,2022-01-31 00:00:00+00:00,2022-01-31 01:00:00+00:00,2022-02-07 01:00:00+00:00,170,170,1.0,0.0,0.1624822752051311,0.0,2.0,FROZEN_GOVERNOR,C2
2022,2022-02-07 00:00:00+00:00,2022-02-07 01:00:00+00:00,2022-02-14 01:00:00+00:00,172,172,1.0,0.0,-0.0659977896503937,0.0,2.0,FROZEN_GOVERNOR,C2
2022,2022-02-14 00:00:00+00:00,2022-02-14 01:00:00+00:00,2022-02-21 01:00:00+00:00,176,176,1.0,0.0,-0.0961815151984697,0.0,2.0,FROZEN_GOVERNOR,C2
2022,2022-02-21 00:00:00+00:00,2022-02-21 01:00:00+00:00,2022-02-28 01:00:00+00:00,181,181,1.0,0.0,-0.0720730539675388,0.0,2.0,FROZEN_GOVERNOR,C2
2022,2022-02-28 00:00:00+00:00,2022-02-28 01:00:00+00:00,2022-03-07 01:00:00+00:00,187,187,1.0,0.0,-0.0008659822323533,0.0,2.0,FROZEN_GOVERNOR,C2
2022,2022-03-07 00:00:00+00:00,2022-03-07 01:00:00+00:00,2022-03-14 01:00:00+00:00,189,189,1.0,0.0,-0.0303271032549244,0.0,2.0,FROZEN_GOVERNOR,C2
2022,2022-03-14 00:00:00+00:00,2022-03-14 01:00:00+00:00,2022-03-21 01:00:00+00:00,193,193,1.0,0.0,0.1373548260785256,0.0,2.0,FROZEN_GOVERNOR,C2
2022,2022-03-21 00:00:00+00:00,2022-03-21 01:00:00+00:00,2022-03-28 01:00:00+00:00,194,194,1.0,0.2074196731835504,0.1873854300963119,0.0378303263040182,2.0,FROZEN_GOVERNOR,C2
2022,2022-03-28 00:00:00+00:00,2022-03-28 01:00:00+00:00,2022-04-04 01:00:00+00:00,195,195,1.0,0.251061749831158,0.091487899660354,0.02171380342795,2.0,FROZEN_GOVERNOR,C2
2022,2022-04-04 00:00:00+00:00,2022-04-04 01:00:00+00:00,2022-04-11 01:00:00+00:00,197,197,1.0,0.3688371241758028,-0.1595108697739048,-0.060677716103067,2.0,FROZEN_GOVERNOR,C2
2022,2022-04-11 00:00:00+00:00,2022-04-11 01:00:00+00:00,2022-04-18 01:00:00+00:00,199,199,1.0,0.2398677893861339,-0.0700947519960236,-0.0180128121557861,2.0,FROZEN_GOVERNOR,C2
2022,2022-04-18 00:00:00+00:00,2022-04-18 01:00:00+00:00,2022-04-25 01:00:00+00:00,201,201,1.0,0.0,-0.0174855053553502,0.0,2.0,FROZEN_GOVERNOR,C2
2022,2022-04-25 00:00:00+00:00,2022-04-25 01:00:00+00:00,2022-05-02 01:00:00+00:00,202,202,1.0,0.0,-0.1568516079636282,0.0,2.0,FROZEN_GOVERNOR,C2
2022,2022-05-02 00:00:00+00:00,2022-05-02 01:00:00+00:00,2022-05-09 01:00:00+00:00,202,202,1.0,0.0,-0.1041986205047722,0.0,2.0,FROZEN_GOVERNOR,C2
2022,2022-05-09 00:00:00+00:00,2022-05-09 01:00:00+00:00,2022-05-16 01:00:00+00:00,204,204,1.0,0.0,-0.2746139803931403,0.0,2.0,FROZEN_GOVERNOR,C2
2022,2022-05-16 00:00:00+00:00,2022-05-16 01:00:00+00:00,2022-05-23 01:00:00+00:00,204,204,1.0,0.0,-0.0033903383496872,0.0,2.0,FROZEN_GOVERNOR,C2
2022,2022-05-23 00:00:00+00:00,2022-05-23 01:00:00+00:00,2022-05-30 01:00:00+00:00,204,204,1.0,0.0,-0.0852460989528277,0.0,2.0,FROZEN_GOVERNOR,C2
2022,2022-05-30 00:00:00+00:00,2022-05-30 01:00:00+00:00,2022-06-06 01:00:00+00:00,205,205,1.0,0.0,0.0185706739751746,0.0,2.0,FROZEN_GOVERNOR,C2
2022,2022-06-06 00:00:00+00:00,2022-06-06 01:00:00+00:00,2022-06-13 01:00:00+00:00,207,207,1.0,0.0,-0.1814014072946798,0.0,2.0,FROZEN_GOVERNOR,C2
2022,2022-06-13 00:00:00+00:00,2022-06-13 01:00:00+00:00,2022-06-20 01:00:00+00:00,207,207,1.0,0.0,-0.078075097076109,0.0,2.0,FROZEN_GOVERNOR,C2
2022,2022-06-20 00:00:00+00:00,2022-06-20 01:00:00+00:00,2022-06-27 01:00:00+00:00,209,209,1.0,0.0,0.0975128229093243,0.0,2.0,FROZEN_GOVERNOR,C2
2022,2022-06-27 00:00:00+00:00,2022-06-27 01:00:00+00:00,2022-07-04 01:00:00+00:00,211,211,1.0,0.0,-0.0631792365928962,0.0,2.0,FROZEN_GOVERNOR,C2
2022,2022-07-04 00:00:00+00:00,2022-07-04 01:00:00+00:00,2022-07-11 01:00:00+00:00,214,214,1.0,0.0,0.0660926910860181,0.0,2.0,FROZEN_GOVERNOR,C2
2022,2022-07-11 00:00:00+00:00,2022-07-11 01:00:00+00:00,2022-07-18 01:00:00+00:00,214,214,1.0,0.0,0.0260915620050087,0.0,2.0,FROZEN_GOVERNOR,C2
2022,2022-07-18 00:00:00+00:00,2022-07-18 01:00:00+00:00,2022-07-25 01:00:00+00:00,216,216,1.0,0.1930663160847575,0.0689735554860602,0.0123511386845374,2.0,FROZEN_GOVERNOR,C2
2022,2022-07-25 00:00:00+00:00,2022-07-25 01:00:00+00:00,2022-08-01 01:00:00+00:00,220,220,1.0,0.1936082647685315,0.074047037829504,0.0133680771815774,2.0,FROZEN_GOVERNOR,C2
2022,2022-08-01 00:00:00+00:00,2022-08-01 01:00:00+00:00,2022-08-08 01:00:00+00:00,224,224,1.0,0.1608080970211022,0.0385118878568829,0.0053889829138499,2.0,FROZEN_GOVERNOR,C2
2022,2022-08-08 00:00:00+00:00,2022-08-08 01:00:00+00:00,2022-08-15 01:00:00+00:00,226,226,1.0,0.1781410645647822,0.0349003742441918,0.0053264844987457,2.0,FROZEN_GOVERNOR,C2
2022,2022-08-15 00:00:00+00:00,2022-08-15 01:00:00+00:00,2022-08-22 01:00:00+00:00,230,230,1.0,0.2064965776432905,-0.1209813927486304,-0.0260147264493274,2.0,FROZEN_GOVERNOR,C2
2022,2022-08-22 00:00:00+00:00,2022-08-22 01:00:00+00:00,2022-08-29 01:00:00+00:00,230,230,1.0,0.0,-0.0936678195719463,0.0,2.0,FROZEN_GOVERNOR,C2
2022,2022-08-29 00:00:00+00:00,2022-08-29 01:00:00+00:00,2022-09-05 01:00:00+00:00,235,235,1.0,0.0,0.0452645187032698,0.0,2.0,FROZEN_GOVERNOR,C2
2022,2022-09-05 00:00:00+00:00,2022-09-05 01:00:00+00:00,2022-09-12 01:00:00+00:00,236,236,1.0,0.0,0.0564900853031965,0.0,2.0,FROZEN_GOVERNOR,C2
2022,2022-09-12 00:00:00+00:00,2022-09-12 01:00:00+00:00,2022-09-19 01:00:00+00:00,236,236,1.0,0.0,-0.1327295852313591,0.0,2.0,FROZEN_GOVERNOR,C2
2022,2022-09-19 00:00:00+00:00,2022-09-19 01:00:00+00:00,2022-09-26 01:00:00+00:00,237,237,1.0,0.0,0.0019071067549708,0.0,2.0,FROZEN_GOVERNOR,C2
2022,2022-09-26 00:00:00+00:00,2022-09-26 01:00:00+00:00,2022-10-03 01:00:00+00:00,239,239,1.0,0.0,-0.0167353905686478,0.0,2.0,FROZEN_GOVERNOR,C2
2022,2022-10-03 00:00:00+00:00,2022-10-03 01:00:00+00:00,2022-10-10 01:00:00+00:00,241,241,1.0,0.0,0.033566447111771,0.0,2.0,FROZEN_GOVERNOR,C2
2022,2022-10-10 00:00:00+00:00,2022-10-10 01:00:00+00:00,2022-10-17 01:00:00+00:00,242,242,1.0,0.0,-0.0275994762927675,0.0,2.0,FROZEN_GOVERNOR,C2
2022,2022-10-17 00:00:00+00:00,2022-10-17 01:00:00+00:00,2022-10-24 01:00:00+00:00,242,242,1.0,0.0,-0.0119443638014688,0.0,2.0,FROZEN_GOVERNOR,C2
2022,2022-10-24 00:00:00+00:00,2022-10-24 01:00:00+00:00,2022-10-31 01:00:00+00:00,243,243,1.0,0.0,0.0529242825095859,0.0,2.0,FROZEN_GOVERNOR,C2
2022,2022-10-31 00:00:00+00:00,2022-10-31 01:00:00+00:00,2022-11-07 01:00:00+00:00,243,243,1.0,0.3136212959201559,0.039763327543301,0.0109025198346269,2.0,FROZEN_GOVERNOR,C2
2022,2022-11-07 00:00:00+00:00,2022-11-07 01:00:00+00:00,2022-11-14 01:00:00+00:00,243,243,1.0,0.2067884394265148,-0.2744779937603445,-0.0577928181837548,2.0,FROZEN_GOVERNOR,C2
2022,2022-11-14 00:00:00+00:00,2022-11-14 01:00:00+00:00,2022-11-21 01:00:00+00:00,243,243,1.0,0.0,-0.0100194173283557,0.0,2.0,FROZEN_GOVERNOR,C2
2022,2022-11-21 00:00:00+00:00,2022-11-21 01:00:00+00:00,2022-11-28 01:00:00+00:00,243,243,1.0,0.0,0.0472443275435861,0.0,2.0,FROZEN_GOVERNOR,C2
2022,2022-11-28 00:00:00+00:00,2022-11-28 01:00:00+00:00,2022-12-05 01:00:00+00:00,243,243,1.0,0.0,0.0400607671809472,0.0,2.0,FROZEN_GOVERNOR,C2
2022,2022-12-05 00:00:00+00:00,2022-12-05 01:00:00+00:00,2022-12-12 01:00:00+00:00,245,245,1.0,0.0,-0.0209549553231108,0.0,2.0,FROZEN_GOVERNOR,C2
2022,2022-12-12 00:00:00+00:00,2022-12-12 01:00:00+00:00,2022-12-19 01:00:00+00:00,245,245,1.0,0.0,-0.1088859537133752,0.0,2.0,FROZEN_GOVERNOR,C2
2022,2022-12-19 00:00:00+00:00,2022-12-19 01:00:00+00:00,2022-12-26 01:00:00+00:00,245,245,1.0,0.0,-0.012560447037437,0.0,2.0,FROZEN_GOVERNOR,C2
2022,2022-12-26 00:00:00+00:00,2022-12-26 01:00:00+00:00,2023-01-01 00:00:00+00:00,247,247,1.0,0.0,-0.0437834661175017,0.0,2.0,FROZEN_GOVERNOR,C2
2023,2023-01-02 00:00:00+00:00,2023-01-02 01:00:00+00:00,2023-01-09 01:00:00+00:00,247,247,1.0,0.9,0.089368041920321,0.0781812377282889,1.0,NONE,C2
2023,2023-01-09 00:00:00+00:00,2023-01-09 01:00:00+00:00,2023-01-16 01:00:00+00:00,247,247,1.0,0.9,0.2209704159902212,0.1966233743911991,1.0,NONE,C2
2023,2023-01-16 00:00:00+00:00,2023-01-16 01:00:00+00:00,2023-01-23 01:00:00+00:00,248,248,1.0,0.9,0.0748765835984514,0.0651389252386063,1.0,NONE,C2
2023,2023-01-23 00:00:00+00:00,2023-01-23 01:00:00+00:00,2023-01-30 01:00:00+00:00,250,250,1.0,0.9,0.1238297623336677,0.109196786100301,1.0,NONE,C2
2023,2023-01-30 00:00:00+00:00,2023-01-30 01:00:00+00:00,2023-02-06 01:00:00+00:00,252,252,1.0,0.9,0.0326872312890227,0.0271685081601204,1.0,NONE,C2
2023,2023-02-06 00:00:00+00:00,2023-02-06 01:00:00+00:00,2023-02-13 01:00:00+00:00,253,253,1.0,0.9,0.0100053844021515,0.0067548459619364,1.0,NONE,C2
2023,2023-02-13 00:00:00+00:00,2023-02-13 01:00:00+00:00,2023-02-20 01:00:00+00:00,253,253,1.0,0.9,0.142957543346632,0.1264117890119688,1.0,NONE,C2
2023,2023-02-20 00:00:00+00:00,2023-02-20 01:00:00+00:00,2023-02-27 01:00:00+00:00,254,254,1.0,0.9,-0.0100312625312416,-0.0112781362781175,1.0,NONE,C2
2023,2023-02-27 00:00:00+00:00,2023-02-27 01:00:00+00:00,2023-03-06 01:00:00+00:00,254,254,1.0,0.9,-0.1070097988691437,-0.0985588189822293,1.0,NONE,C2
2023,2023-03-06 00:00:00+00:00,2023-03-06 01:00:00+00:00,2023-03-13 01:00:00+00:00,255,255,1.0,0.9,-0.0787822132326789,-0.073153991909411,1.0,NONE,C2
2023,2023-03-13 00:00:00+00:00,2023-03-13 01:00:00+00:00,2023-03-20 01:00:00+00:00,255,255,1.0,0.9,0.1190619415902786,0.1049057474312508,1.0,NONE,C2
2023,2023-03-20 00:00:00+00:00,2023-03-20 01:00:00+00:00,2023-03-27 01:00:00+00:00,255,255,1.0,0.9,-0.0533389901044913,-0.0502550910940422,1.0,NONE,C2
2023,2023-03-27 00:00:00+00:00,2023-03-27 01:00:00+00:00,2023-04-03 01:00:00+00:00,255,255,1.0,0.9,0.0105219954726104,0.0072197959253494,1.0,NONE,C2
2023,2023-04-03 00:00:00+00:00,2023-04-03 01:00:00+00:00,2023-04-10 01:00:00+00:00,255,255,1.0,0.9,0.0327988429637907,0.0272689586674116,1.0,NONE,C2
2023,2023-04-10 00:00:00+00:00,2023-04-10 01:00:00+00:00,2023-04-17 01:00:00+00:00,255,255,1.0,0.9,0.0966237900872426,0.0847114110785184,1.0,NONE,C2
2023,2023-04-17 00:00:00+00:00,2023-04-17 01:00:00+00:00,2023-04-24 01:00:00+00:00,258,258,1.0,0.9,-0.1271116297862292,-0.1166504668076063,1.0,NONE,C2
2023,2023-04-24 00:00:00+00:00,2023-04-24 01:00:00+00:00,2023-05-01 01:00:00+00:00,260,260,1.0,0.9,0.0018678192763456,-0.0005689626512889,1.0,NONE,C2
2023,2023-05-01 00:00:00+00:00,2023-05-01 01:00:00+00:00,2023-05-08 01:00:00+00:00,260,260,1.0,0.9,-0.0749835918005654,-0.0697352326205088,1.0,NONE,C2
2023,2023-05-08 00:00:00+00:00,2023-05-08 01:00:00+00:00,2023-05-15 01:00:00+00:00,260,260,1.0,0.9,-0.0662965904957248,-0.0619169314461523,1.0,NONE,C2
2023,2023-05-15 00:00:00+00:00,2023-05-15 01:00:00+00:00,2023-05-22 01:00:00+00:00,262,262,1.0,0.9,0.0043181543221075,0.0016363388898967,1.0,NONE,C2
2023,2023-05-22 00:00:00+00:00,2023-05-22 01:00:00+00:00,2023-05-29 01:00:00+00:00,268,268,1.0,0.9,0.0401052244976603,0.0338447020478942,1.0,NONE,C2
2023,2023-05-29 00:00:00+00:00,2023-05-29 01:00:00+00:00,2023-06-05 01:00:00+00:00,268,268,1.0,0.9,-0.0128094386802758,-0.0137784948122482,1.0,NONE,C2
2023,2023-06-05 00:00:00+00:00,2023-06-05 01:00:00+00:00,2023-06-12 01:00:00+00:00,270,270,1.0,0.9,-0.1984794322714569,-0.1808814890443112,1.0,NONE,C2
2023,2023-06-12 00:00:00+00:00,2023-06-12 01:00:00+00:00,2023-06-19 01:00:00+00:00,273,273,1.0,0.9,0.0100152402804375,0.0067637162523937,1.0,NONE,C2
2023,2023-06-19 00:00:00+00:00,2023-06-19 01:00:00+00:00,2023-06-26 01:00:00+00:00,274,274,1.0,0.9,0.1271563830754474,0.1121907447679027,1.0,NONE,C2
2023,2023-06-26 00:00:00+00:00,2023-06-26 01:00:00+00:00,2023-07-03 01:00:00+00:00,276,276,1.0,0.9,0.0016915034123337,-0.0007276469288996,1.0,NONE,C2
2023,2023-07-03 00:00:00+00:00,2023-07-03 01:00:00+00:00,2023-07-10 01:00:00+00:00,277,277,1.0,0.9,-0.0410731727264231,-0.0392158554537808,1.0,NONE,C2
2023,2023-07-10 00:00:00+00:00,2023-07-10 01:00:00+00:00,2023-07-17 01:00:00+00:00,279,279,1.0,0.9,0.032546627538494,0.0270419647846446,1.0,NONE,C2
2023,2023-07-17 00:00:00+00:00,2023-07-17 01:00:00+00:00,2023-07-24 01:00:00+00:00,281,281,1.0,0.9,-0.0001783887235562,-0.0024105498512006,1.0,NONE,C2
2023,2023-07-24 00:00:00+00:00,2023-07-24 01:00:00+00:00,2023-07-31 01:00:00+00:00,285,285,1.0,0.9,-0.0282189126899115,-0.0276470214209204,1.0,NONE,C2
2023,2023-07-31 00:00:00+00:00,2023-07-31 01:00:00+00:00,2023-08-07 01:00:00+00:00,285,285,1.0,0.9,-0.009639753655084,-0.0109257782895756,1.0,NONE,C2
2023,2023-08-07 00:00:00+00:00,2023-08-07 01:00:00+00:00,2023-08-14 01:00:00+00:00,288,288,1.0,0.9,0.0230467961625052,0.0184921165462547,1.0,NONE,C2
2023,2023-08-14 00:00:00+00:00,2023-08-14 01:00:00+00:00,2023-08-21 01:00:00+00:00,290,290,1.0,0.9,-0.1126741858135494,-0.1036567672321945,1.0,NONE,C2
2023,2023-08-21 00:00:00+00:00,2023-08-21 01:00:00+00:00,2023-08-28 01:00:00+00:00,292,292,1.0,0.9,-0.0259192205716504,-0.0255772985144854,1.0,NONE,C2
2023,2023-08-28 00:00:00+00:00,2023-08-28 01:00:00+00:00,2023-09-04 01:00:00+00:00,293,293,1.0,0.9,-0.0177097396832917,-0.0181887657149626,1.0,NONE,C2
2023,2023-09-04 00:00:00+00:00,2023-09-04 01:00:00+00:00,2023-09-11 01:00:00+00:00,296,296,1.0,0.9,-0.0162705944597181,-0.0168935350137463,1.0,NONE,C2
2023,2023-09-11 00:00:00+00:00,2023-09-11 01:00:00+00:00,2023-09-18 01:00:00+00:00,296,296,1.0,0.9,0.0096143277313451,0.0064028949582106,1.0,NONE,C2
2023,2023-09-18 00:00:00+00:00,2023-09-18 01:00:00+00:00,2023-09-25 01:00:00+00:00,296,296,1.0,0.9,0.0113409166184079,0.0079568249565671,1.0,NONE,C2
2023,2023-09-25 00:00:00+00:00,2023-09-25 01:00:00+00:00,2023-10-02 01:00:00+00:00,296,295,0.9966216216216216,0.9,0.0748834938121417,0.0651451444309276,1.0,NONE,C2
2023,2023-10-02 00:00:00+00:00,2023-10-02 01:00:00+00:00,2023-10-09 01:00:00+00:00,298,297,0.9966442953020134,0.9,-0.0464744674917494,-0.0440770207425744,1.0,NONE,C2
2023,2023-10-09 00:00:00+00:00,2023-10-09 01:00:00+00:00,2023-10-16 01:00:00+00:00,298,297,0.9966442953020134,0.9,-0.0414803072164829,-0.0395822764948346,1.0,NONE,C2
2023,2023-10-16 00:00:00+00:00,2023-10-16 01:00:00+00:00,2023-10-23 01:00:00+00:00,298,297,0.9966442953020134,0.9,0.0561897436499731,0.0483207692849758,1.0,NONE,C2
2023,2023-10-23 00:00:00+00:00,2023-10-23 01:00:00+00:00,2023-10-30 01:00:00+00:00,300,299,0.9966666666666668,0.9,0.1592096760908601,0.1410387084817741,1.0,NONE,C2
2023,2023-10-30 00:00:00+00:00,2023-10-30 01:00:00+00:00,2023-11-06 01:00:00+00:00,300,299,0.9966666666666668,0.9,0.131485758669272,0.1160871828023448,1.0,NONE,C2
2023,2023-11-06 00:00:00+00:00,2023-11-06 01:00:00+00:00,2023-11-13 01:00:00+00:00,300,299,0.9966666666666668,0.9,0.1655974955232493,0.1467877459709243,1.0,NONE,C2
2023,2023-11-13 00:00:00+00:00,2023-11-13 01:00:00+00:00,2023-11-20 01:00:00+00:00,300,299,0.9966666666666668,0.9,0.0338038398655589,0.028173455879003,1.0,NONE,C2
2023,2023-11-20 00:00:00+00:00,2023-11-20 01:00:00+00:00,2023-11-27 01:00:00+00:00,301,300,0.9966777408637874,0.9,0.0617162422444965,0.0532946180200469,1.0,NONE,C2
2023,2023-11-27 00:00:00+00:00,2023-11-27 01:00:00+00:00,2023-12-04 01:00:00+00:00,301,300,0.9966777408637874,0.9,0.0790825121478544,0.068924260933069,1.0,NONE,C2
2023,2023-12-04 00:00:00+00:00,2023-12-04 01:00:00+00:00,2023-12-11 01:00:00+00:00,301,300,0.9966777408637874,0.9,0.1535216859783626,0.1359195173805264,1.0,NONE,C2
2023,2023-12-11 00:00:00+00:00,2023-12-11 01:00:00+00:00,2023-12-18 01:00:00+00:00,301,300,0.9966777408637874,0.9,-0.0179071074682931,-0.0183663967214638,1.0,NONE,C2
2023,2023-12-18 00:00:00+00:00,2023-12-18 01:00:00+00:00,2023-12-25 01:00:00+00:00,301,300,0.9966777408637874,0.9,0.116273935243939,0.1023965417195451,1.0,NONE,C2
2023,2023-12-25 00:00:00+00:00,2023-12-25 01:00:00+00:00,2024-01-01 00:00:00+00:00,301,300,0.9966777408637874,0.9,0.0341173887379245,0.0284556498641321,1.0,NONE,C2
2023,2023-01-02 00:00:00+00:00,2023-01-02 01:00:00+00:00,2023-01-09 01:00:00+00:00,247,247,1.0,0.9,0.089368041920321,0.0759312377282889,2.0,NONE,C2
2023,2023-01-09 00:00:00+00:00,2023-01-09 01:00:00+00:00,2023-01-16 01:00:00+00:00,247,247,1.0,0.9,0.2209704159902212,0.1943733743911991,2.0,NONE,C2
2023,2023-01-16 00:00:00+00:00,2023-01-16 01:00:00+00:00,2023-01-23 01:00:00+00:00,248,248,1.0,0.9,0.0748765835984514,0.0628889252386063,2.0,NONE,C2
2023,2023-01-23 00:00:00+00:00,2023-01-23 01:00:00+00:00,2023-01-30 01:00:00+00:00,250,250,1.0,0.9,0.1238297623336677,0.106946786100301,2.0,NONE,C2
2023,2023-01-30 00:00:00+00:00,2023-01-30 01:00:00+00:00,2023-02-06 01:00:00+00:00,252,252,1.0,0.9,0.0326872312890227,0.0249185081601204,2.0,NONE,C2
2023,2023-02-06 00:00:00+00:00,2023-02-06 01:00:00+00:00,2023-02-13 01:00:00+00:00,253,253,1.0,0.9,0.0100053844021515,0.0045048459619364,2.0,NONE,C2
2023,2023-02-13 00:00:00+00:00,2023-02-13 01:00:00+00:00,2023-02-20 01:00:00+00:00,253,253,1.0,0.9,0.142957543346632,0.1241617890119688,2.0,NONE,C2
2023,2023-02-20 00:00:00+00:00,2023-02-20 01:00:00+00:00,2023-02-27 01:00:00+00:00,254,254,1.0,0.9,-0.0100312625312416,-0.0135281362781175,2.0,NONE,C2
2023,2023-02-27 00:00:00+00:00,2023-02-27 01:00:00+00:00,2023-03-06 01:00:00+00:00,254,254,1.0,0.9,-0.1070097988691437,-0.1008088189822293,2.0,NONE,C2
2023,2023-03-06 00:00:00+00:00,2023-03-06 01:00:00+00:00,2023-03-13 01:00:00+00:00,255,255,1.0,0.9,-0.0787822132326789,-0.075403991909411,2.0,NONE,C2
2023,2023-03-13 00:00:00+00:00,2023-03-13 01:00:00+00:00,2023-03-20 01:00:00+00:00,255,255,1.0,0.9,0.1190619415902786,0.1026557474312508,2.0,NONE,C2
2023,2023-03-20 00:00:00+00:00,2023-03-20 01:00:00+00:00,2023-03-27 01:00:00+00:00,255,255,1.0,0.9,-0.0533389901044913,-0.0525050910940422,2.0,NONE,C2
2023,2023-03-27 00:00:00+00:00,2023-03-27 01:00:00+00:00,2023-04-03 01:00:00+00:00,255,255,1.0,0.9,0.0105219954726104,0.0049697959253494,2.0,NONE,C2
2023,2023-04-03 00:00:00+00:00,2023-04-03 01:00:00+00:00,2023-04-10 01:00:00+00:00,255,255,1.0,0.9,0.0327988429637907,0.0250189586674116,2.0,NONE,C2
2023,2023-04-10 00:00:00+00:00,2023-04-10 01:00:00+00:00,2023-04-17 01:00:00+00:00,255,255,1.0,0.9,0.0966237900872426,0.0824614110785184,2.0,NONE,C2
2023,2023-04-17 00:00:00+00:00,2023-04-17 01:00:00+00:00,2023-04-24 01:00:00+00:00,258,258,1.0,0.9,-0.1271116297862292,-0.1189004668076063,2.0,NONE,C2
2023,2023-04-24 00:00:00+00:00,2023-04-24 01:00:00+00:00,2023-05-01 01:00:00+00:00,260,260,1.0,0.9,0.0018678192763456,-0.0028189626512889,2.0,NONE,C2
2023,2023-05-01 00:00:00+00:00,2023-05-01 01:00:00+00:00,2023-05-08 01:00:00+00:00,260,260,1.0,0.9,-0.0749835918005654,-0.0719852326205088,2.0,NONE,C2
2023,2023-05-08 00:00:00+00:00,2023-05-08 01:00:00+00:00,2023-05-15 01:00:00+00:00,260,260,1.0,0.9,-0.0662965904957248,-0.0641669314461523,2.0,NONE,C2
2023,2023-05-15 00:00:00+00:00,2023-05-15 01:00:00+00:00,2023-05-22 01:00:00+00:00,262,262,1.0,0.9,0.0043181543221075,-0.0006136611101032,2.0,NONE,C2
2023,2023-05-22 00:00:00+00:00,2023-05-22 01:00:00+00:00,2023-05-29 01:00:00+00:00,268,268,1.0,0.9,0.0401052244976603,0.0315947020478942,2.0,NONE,C2
2023,2023-05-29 00:00:00+00:00,2023-05-29 01:00:00+00:00,2023-06-05 01:00:00+00:00,268,268,1.0,0.9,-0.0128094386802758,-0.0160284948122482,2.0,NONE,C2
2023,2023-06-05 00:00:00+00:00,2023-06-05 01:00:00+00:00,2023-06-12 01:00:00+00:00,270,270,1.0,0.9,-0.1984794322714569,-0.1831314890443112,2.0,NONE,C2
2023,2023-06-12 00:00:00+00:00,2023-06-12 01:00:00+00:00,2023-06-19 01:00:00+00:00,273,273,1.0,0.9,0.0100152402804375,0.0045137162523937,2.0,NONE,C2
2023,2023-06-19 00:00:00+00:00,2023-06-19 01:00:00+00:00,2023-06-26 01:00:00+00:00,274,274,1.0,0.9,0.1271563830754474,0.1099407447679026,2.0,NONE,C2
2023,2023-06-26 00:00:00+00:00,2023-06-26 01:00:00+00:00,2023-07-03 01:00:00+00:00,276,276,1.0,0.9,0.0016915034123337,-0.0029776469288996,2.0,NONE,C2
2023,2023-07-03 00:00:00+00:00,2023-07-03 01:00:00+00:00,2023-07-10 01:00:00+00:00,277,277,1.0,0.9,-0.0410731727264231,-0.0414658554537808,2.0,NONE,C2
2023,2023-07-10 00:00:00+00:00,2023-07-10 01:00:00+00:00,2023-07-17 01:00:00+00:00,279,279,1.0,0.9,0.032546627538494,0.0247919647846446,2.0,NONE,C2
2023,2023-07-17 00:00:00+00:00,2023-07-17 01:00:00+00:00,2023-07-24 01:00:00+00:00,281,281,1.0,0.9,-0.0001783887235562,-0.0046605498512006,2.0,NONE,C2
2023,2023-07-24 00:00:00+00:00,2023-07-24 01:00:00+00:00,2023-07-31 01:00:00+00:00,285,285,1.0,0.9,-0.0282189126899115,-0.0298970214209204,2.0,NONE,C2
2023,2023-07-31 00:00:00+00:00,2023-07-31 01:00:00+00:00,2023-08-07 01:00:00+00:00,285,285,1.0,0.9,-0.009639753655084,-0.0131757782895756,2.0,NONE,C2
2023,2023-08-07 00:00:00+00:00,2023-08-07 01:00:00+00:00,2023-08-14 01:00:00+00:00,288,288,1.0,0.9,0.0230467961625052,0.0162421165462547,2.0,NONE,C2
2023,2023-08-14 00:00:00+00:00,2023-08-14 01:00:00+00:00,2023-08-21 01:00:00+00:00,290,290,1.0,0.9,-0.1126741858135494,-0.1059067672321945,2.0,NONE,C2
2023,2023-08-21 00:00:00+00:00,2023-08-21 01:00:00+00:00,2023-08-28 01:00:00+00:00,292,292,1.0,0.9,-0.0259192205716504,-0.0278272985144854,2.0,NONE,C2
2023,2023-08-28 00:00:00+00:00,2023-08-28 01:00:00+00:00,2023-09-04 01:00:00+00:00,293,293,1.0,0.9,-0.0177097396832917,-0.0204387657149626,2.0,NONE,C2
2023,2023-09-04 00:00:00+00:00,2023-09-04 01:00:00+00:00,2023-09-11 01:00:00+00:00,296,296,1.0,0.9,-0.0162705944597181,-0.0191435350137463,2.0,NONE,C2
2023,2023-09-11 00:00:00+00:00,2023-09-11 01:00:00+00:00,2023-09-18 01:00:00+00:00,296,296,1.0,0.9,0.0096143277313451,0.0041528949582106,2.0,NONE,C2
2023,2023-09-18 00:00:00+00:00,2023-09-18 01:00:00+00:00,2023-09-25 01:00:00+00:00,296,296,1.0,0.9,0.0113409166184079,0.0057068249565671,2.0,NONE,C2
2023,2023-09-25 00:00:00+00:00,2023-09-25 01:00:00+00:00,2023-10-02 01:00:00+00:00,296,295,0.9966216216216216,0.9,0.0748834938121417,0.0628951444309276,2.0,NONE,C2
2023,2023-10-02 00:00:00+00:00,2023-10-02 01:00:00+00:00,2023-10-09 01:00:00+00:00,298,297,0.9966442953020134,0.9,-0.0464744674917494,-0.0463270207425744,2.0,NONE,C2
2023,2023-10-09 00:00:00+00:00,2023-10-09 01:00:00+00:00,2023-10-16 01:00:00+00:00,298,297,0.9966442953020134,0.9,-0.0414803072164829,-0.0418322764948346,2.0,NONE,C2
2023,2023-10-16 00:00:00+00:00,2023-10-16 01:00:00+00:00,2023-10-23 01:00:00+00:00,298,297,0.9966442953020134,0.9,0.0561897436499731,0.0460707692849758,2.0,NONE,C2
2023,2023-10-23 00:00:00+00:00,2023-10-23 01:00:00+00:00,2023-10-30 01:00:00+00:00,300,299,0.9966666666666668,0.9,0.1592096760908601,0.1387887084817741,2.0,NONE,C2
2023,2023-10-30 00:00:00+00:00,2023-10-30 01:00:00+00:00,2023-11-06 01:00:00+00:00,300,299,0.9966666666666668,0.9,0.131485758669272,0.1138371828023448,2.0,NONE,C2
2023,2023-11-06 00:00:00+00:00,2023-11-06 01:00:00+00:00,2023-11-13 01:00:00+00:00,300,299,0.9966666666666668,0.9,0.1655974955232493,0.1445377459709243,2.0,NONE,C2
2023,2023-11-13 00:00:00+00:00,2023-11-13 01:00:00+00:00,2023-11-20 01:00:00+00:00,300,299,0.9966666666666668,0.9,0.0338038398655589,0.025923455879003,2.0,NONE,C2
2023,2023-11-20 00:00:00+00:00,2023-11-20 01:00:00+00:00,2023-11-27 01:00:00+00:00,301,300,0.9966777408637874,0.9,0.0617162422444965,0.0510446180200469,2.0,NONE,C2
2023,2023-11-27 00:00:00+00:00,2023-11-27 01:00:00+00:00,2023-12-04 01:00:00+00:00,301,300,0.9966777408637874,0.9,0.0790825121478544,0.066674260933069,2.0,NONE,C2
2023,2023-12-04 00:00:00+00:00,2023-12-04 01:00:00+00:00,2023-12-11 01:00:00+00:00,301,300,0.9966777408637874,0.9,0.1535216859783626,0.1336695173805264,2.0,NONE,C2
2023,2023-12-11 00:00:00+00:00,2023-12-11 01:00:00+00:00,2023-12-18 01:00:00+00:00,301,300,0.9966777408637874,0.9,-0.0179071074682931,-0.0206163967214637,2.0,NONE,C2
2023,2023-12-18 00:00:00+00:00,2023-12-18 01:00:00+00:00,2023-12-25 01:00:00+00:00,301,300,0.9966777408637874,0.9,0.116273935243939,0.1001465417195451,2.0,NONE,C2
2023,2023-12-25 00:00:00+00:00,2023-12-25 01:00:00+00:00,2024-01-01 00:00:00+00:00,301,300,0.9966777408637874,0.9,0.0341173887379245,0.0262056498641321,2.0,NONE,C2
2023,2023-01-02 00:00:00+00:00,2023-01-02 01:00:00+00:00,2023-01-09 01:00:00+00:00,247,247,1.0,0.0,0.089368041920321,0.0,1.0,FROZEN_GOVERNOR,C2
2023,2023-01-09 00:00:00+00:00,2023-01-09 01:00:00+00:00,2023-01-16 01:00:00+00:00,247,247,1.0,0.3622636913606476,0.2209704159902212,0.0791438993497138,1.0,FROZEN_GOVERNOR,C2
2023,2023-01-16 00:00:00+00:00,2023-01-16 01:00:00+00:00,2023-01-23 01:00:00+00:00,248,248,1.0,0.4798593259486637,0.0748765835984514,0.03473057862002,1.0,FROZEN_GOVERNOR,C2
2023,2023-01-23 00:00:00+00:00,2023-01-23 01:00:00+00:00,2023-01-30 01:00:00+00:00,250,250,1.0,0.4543145703433323,0.1238297623336677,0.0551218788444789,1.0,FROZEN_GOVERNOR,C2
2023,2023-01-30 00:00:00+00:00,2023-01-30 01:00:00+00:00,2023-02-06 01:00:00+00:00,252,252,1.0,0.432883912943216,0.0326872312890227,0.013067566801314,1.0,FROZEN_GOVERNOR,C2
2023,2023-02-06 00:00:00+00:00,2023-02-06 01:00:00+00:00,2023-02-13 01:00:00+00:00,253,253,1.0,0.4388197180736627,0.0100053844021515,0.0032935106673866,1.0,FROZEN_GOVERNOR,C2
2023,2023-02-13 00:00:00+00:00,2023-02-13 01:00:00+00:00,2023-02-20 01:00:00+00:00,253,253,1.0,0.4218069558269521,0.142957543346632,0.059245968781975,1.0,FROZEN_GOVERNOR,C2
2023,2023-02-20 00:00:00+00:00,2023-02-20 01:00:00+00:00,2023-02-27 01:00:00+00:00,254,254,1.0,0.4059368520003724,-0.0100312625312416,-0.0050869012635224,1.0,FROZEN_GOVERNOR,C2
2023,2023-02-27 00:00:00+00:00,2023-02-27 01:00:00+00:00,2023-03-06 01:00:00+00:00,254,254,1.0,0.4209111913147005,-0.1070097988691437,-0.0460938999026445,1.0,FROZEN_GOVERNOR,C2
2023,2023-03-06 00:00:00+00:00,2023-03-06 01:00:00+00:00,2023-03-13 01:00:00+00:00,255,255,1.0,0.2549063560333439,-0.0787822132326789,-0.0207193527854674,1.0,FROZEN_GOVERNOR,C2
2023,2023-03-13 00:00:00+00:00,2023-03-13 01:00:00+00:00,2023-03-20 01:00:00+00:00,255,255,1.0,0.2706408743898904,0.1190619415902786,0.0315464257925763,1.0,FROZEN_GOVERNOR,C2
2023,2023-03-20 00:00:00+00:00,2023-03-20 01:00:00+00:00,2023-03-27 01:00:00+00:00,255,255,1.0,0.3759205643608978,-0.0533389901044913,-0.0209910246734229,1.0,FROZEN_GOVERNOR,C2
2023,2023-03-27 00:00:00+00:00,2023-03-27 01:00:00+00:00,2023-04-03 01:00:00+00:00,255,255,1.0,0.1676314322653159,0.0105219954726104,0.0013447385906995,1.0,FROZEN_GOVERNOR,C2
2023,2023-04-03 00:00:00+00:00,2023-04-03 01:00:00+00:00,2023-04-10 01:00:00+00:00,255,255,1.0,0.1991130313511284,0.0327988429637907,0.0060328944689521,1.0,FROZEN_GOVERNOR,C2
2023,2023-04-10 00:00:00+00:00,2023-04-10 01:00:00+00:00,2023-04-17 01:00:00+00:00,255,255,1.0,0.2555173483577108,0.0966237900872426,0.02405026126047,1.0,FROZEN_GOVERNOR,C2
2023,2023-04-17 00:00:00+00:00,2023-04-17 01:00:00+00:00,2023-04-24 01:00:00+00:00,258,258,1.0,0.7934867411930758,-0.1271116297862292,-0.1028451097397984,1.0,FROZEN_GOVERNOR,C2
2023,2023-04-24 00:00:00+00:00,2023-04-24 01:00:00+00:00,2023-05-01 01:00:00+00:00,260,260,1.0,0.5851448378059085,0.0018678192763456,-0.0003699172870067,1.0,FROZEN_GOVERNOR,C2
2023,2023-05-01 00:00:00+00:00,2023-05-01 01:00:00+00:00,2023-05-08 01:00:00+00:00,260,260,1.0,0.6020956108053992,-0.0749835918005654,-0.0466525305325576,1.0,FROZEN_GOVERNOR,C2
2023,2023-05-08 00:00:00+00:00,2023-05-08 01:00:00+00:00,2023-05-15 01:00:00+00:00,260,260,1.0,0.2998261345240157,-0.0662965904957248,-0.0206270157967648,1.0,FROZEN_GOVERNOR,C2
2023,2023-05-15 00:00:00+00:00,2023-05-15 01:00:00+00:00,2023-05-22 01:00:00+00:00,262,262,1.0,0.3280422157705108,0.0043181543221075,0.0005964313724368,1.0,FROZEN_GOVERNOR,C2
2023,2023-05-22 00:00:00+00:00,2023-05-22 01:00:00+00:00,2023-05-29 01:00:00+00:00,268,268,1.0,0.3328462379034775,0.0401052244976603,0.0125167574995619,1.0,FROZEN_GOVERNOR,C2
2023,2023-05-29 00:00:00+00:00,2023-05-29 01:00:00+00:00,2023-06-05 01:00:00+00:00,268,268,1.0,0.6647852824327453,-0.0128094386802758,-0.0101774895169539,1.0,FROZEN_GOVERNOR,C2
2023,2023-06-05 00:00:00+00:00,2023-06-05 01:00:00+00:00,2023-06-12 01:00:00+00:00,270,270,1.0,0.7003811769600633,-0.1984794322714569,-0.1407622113190483,1.0,FROZEN_GOVERNOR,C2
2023,2023-06-12 00:00:00+00:00,2023-06-12 01:00:00+00:00,2023-06-19 01:00:00+00:00,273,273,1.0,0.2103915745646083,0.0100152402804375,0.0015811432358326,1.0,FROZEN_GOVERNOR,C2
2023,2023-06-19 00:00:00+00:00,2023-06-19 01:00:00+00:00,2023-06-26 01:00:00+00:00,274,274,1.0,0.2235455679952324,0.1271563830754474,0.0278663819588321,1.0,FROZEN_GOVERNOR,C2
2023,2023-06-26 00:00:00+00:00,2023-06-26 01:00:00+00:00,2023-07-03 01:00:00+00:00,276,276,1.0,0.4571617997854301,0.0016915034123337,-0.0003696137551378,1.0,FROZEN_GOVERNOR,C2
2023,2023-07-03 00:00:00+00:00,2023-07-03 01:00:00+00:00,2023-07-10 01:00:00+00:00,277,277,1.0,0.5412985062677758,-0.0410731727264231,-0.0235860933101606,1.0,FROZEN_GOVERNOR,C2
2023,2023-07-10 00:00:00+00:00,2023-07-10 01:00:00+00:00,2023-07-17 01:00:00+00:00,279,279,1.0,0.5701016931471174,0.032546627538494,0.0171296332330562,1.0,FROZEN_GOVERNOR,C2
2023,2023-07-17 00:00:00+00:00,2023-07-17 01:00:00+00:00,2023-07-24 01:00:00+00:00,281,281,1.0,0.3432436968966382,-0.0001783887235562,-0.0009193400471997,1.0,FROZEN_GOVERNOR,C2
2023,2023-07-24 00:00:00+00:00,2023-07-24 01:00:00+00:00,2023-07-31 01:00:00+00:00,285,285,1.0,0.3678818248274977,-0.0282189126899115,-0.0113009296570812,1.0,FROZEN_GOVERNOR,C2
2023,2023-07-31 00:00:00+00:00,2023-07-31 01:00:00+00:00,2023-08-07 01:00:00+00:00,285,285,1.0,0.3605320166101584,-0.009639753655084,-0.004376769866418,1.0,FROZEN_GOVERNOR,C2
2023,2023-08-07 00:00:00+00:00,2023-08-07 01:00:00+00:00,2023-08-14 01:00:00+00:00,288,288,1.0,0.45,0.0230467961625052,0.0092460582731273,1.0,FROZEN_GOVERNOR,C2
2023,2023-08-14 00:00:00+00:00,2023-08-14 01:00:00+00:00,2023-08-21 01:00:00+00:00,290,290,1.0,0.45,-0.1126741858135494,-0.0518283836160972,1.0,FROZEN_GOVERNOR,C2
2023,2023-08-21 00:00:00+00:00,2023-08-21 01:00:00+00:00,2023-08-28 01:00:00+00:00,292,292,1.0,0.0,-0.0259192205716504,0.0,1.0,FROZEN_GOVERNOR,C2
2023,2023-08-28 00:00:00+00:00,2023-08-28 01:00:00+00:00,2023-09-04 01:00:00+00:00,293,293,1.0,0.0,-0.0177097396832917,0.0,1.0,FROZEN_GOVERNOR,C2
2023,2023-09-04 00:00:00+00:00,2023-09-04 01:00:00+00:00,2023-09-11 01:00:00+00:00,296,296,1.0,0.0,-0.0162705944597181,0.0,1.0,FROZEN_GOVERNOR,C2
2023,2023-09-11 00:00:00+00:00,2023-09-11 01:00:00+00:00,2023-09-18 01:00:00+00:00,296,296,1.0,0.0,0.0096143277313451,0.0,1.0,FROZEN_GOVERNOR,C2
2023,2023-09-18 00:00:00+00:00,2023-09-18 01:00:00+00:00,2023-09-25 01:00:00+00:00,296,296,1.0,0.0,0.0113409166184079,0.0,1.0,FROZEN_GOVERNOR,C2
2023,2023-09-25 00:00:00+00:00,2023-09-25 01:00:00+00:00,2023-10-02 01:00:00+00:00,296,295,0.9966216216216216,0.0,0.0748834938121417,0.0,1.0,FROZEN_GOVERNOR,C2
2023,2023-10-02 00:00:00+00:00,2023-10-02 01:00:00+00:00,2023-10-09 01:00:00+00:00,298,297,0.9966442953020134,0.45,-0.0464744674917494,-0.0220385103712872,1.0,FROZEN_GOVERNOR,C2
2023,2023-10-09 00:00:00+00:00,2023-10-09 01:00:00+00:00,2023-10-16 01:00:00+00:00,298,297,0.9966442953020134,0.45,-0.0414803072164829,-0.0197911382474173,1.0,FROZEN_GOVERNOR,C2
2023,2023-10-16 00:00:00+00:00,2023-10-16 01:00:00+00:00,2023-10-23 01:00:00+00:00,298,297,0.9966442953020134,0.0,0.0561897436499731,0.0,1.0,FROZEN_GOVERNOR,C2
2023,2023-10-23 00:00:00+00:00,2023-10-23 01:00:00+00:00,2023-10-30 01:00:00+00:00,300,299,0.9966666666666668,0.824057685614226,0.1592096760908601,0.1291378129927892,1.0,FROZEN_GOVERNOR,C2
2023,2023-10-30 00:00:00+00:00,2023-10-30 01:00:00+00:00,2023-11-06 01:00:00+00:00,300,299,0.9966666666666668,0.64525938290016,0.131485758669272,0.0832292710418434,1.0,FROZEN_GOVERNOR,C2
2023,2023-11-06 00:00:00+00:00,2023-11-06 01:00:00+00:00,2023-11-13 01:00:00+00:00,300,299,0.9966666666666668,0.6687956443930517,0.1655974955232493,0.1090788946173643,1.0,FROZEN_GOVERNOR,C2
2023,2023-11-13 00:00:00+00:00,2023-11-13 01:00:00+00:00,2023-11-20 01:00:00+00:00,300,299,0.9966666666666668,0.8211177105409914,0.0338038398655589,0.0257041373215495,1.0,FROZEN_GOVERNOR,C2
2023,2023-11-20 00:00:00+00:00,2023-11-20 01:00:00+00:00,2023-11-27 01:00:00+00:00,301,300,0.9966777408637874,0.5266834163747084,0.0617162422444965,0.0311882127702037,1.0,FROZEN_GOVERNOR,C2
2023,2023-11-27 00:00:00+00:00,2023-11-27 01:00:00+00:00,2023-12-04 01:00:00+00:00,301,300,0.9966777408637874,0.4352232728990491,0.0790825121478544,0.0333304915838204,1.0,FROZEN_GOVERNOR,C2
2023,2023-12-04 00:00:00+00:00,2023-12-04 01:00:00+00:00,2023-12-11 01:00:00+00:00,301,300,0.9966777408637874,0.4539271492075529,0.1535216859783626,0.0685528433846764,1.0,FROZEN_GOVERNOR,C2
2023,2023-12-11 00:00:00+00:00,2023-12-11 01:00:00+00:00,2023-12-18 01:00:00+00:00,301,300,0.9966777408637874,0.5338039368255024,-0.0179071074682931,-0.0108933943057959,1.0,FROZEN_GOVERNOR,C2
2023,2023-12-18 00:00:00+00:00,2023-12-18 01:00:00+00:00,2023-12-25 01:00:00+00:00,301,300,0.9966777408637874,0.5501193050503832,0.116273935243939,0.062589238189243,1.0,FROZEN_GOVERNOR,C2
2023,2023-12-25 00:00:00+00:00,2023-12-25 01:00:00+00:00,2024-01-01 00:00:00+00:00,301,300,0.9966777408637874,0.48628411832341,0.0341173887379245,0.0153750340061101,1.0,FROZEN_GOVERNOR,C2
2023,2023-01-02 00:00:00+00:00,2023-01-02 01:00:00+00:00,2023-01-09 01:00:00+00:00,247,247,1.0,0.0,0.089368041920321,0.0,2.0,FROZEN_GOVERNOR,C2
2023,2023-01-09 00:00:00+00:00,2023-01-09 01:00:00+00:00,2023-01-16 01:00:00+00:00,247,247,1.0,0.3622636913606476,0.2209704159902212,0.0782382401213122,2.0,FROZEN_GOVERNOR,C2
2023,2023-01-16 00:00:00+00:00,2023-01-16 01:00:00+00:00,2023-01-23 01:00:00+00:00,248,248,1.0,0.4798593259486637,0.0748765835984514,0.0335309303051483,2.0,FROZEN_GOVERNOR,C2
2023,2023-01-23 00:00:00+00:00,2023-01-23 01:00:00+00:00,2023-01-30 01:00:00+00:00,250,250,1.0,0.4543145703433323,0.1238297623336677,0.0539860924186205,2.0,FROZEN_GOVERNOR,C2
2023,2023-01-30 00:00:00+00:00,2023-01-30 01:00:00+00:00,2023-02-06 01:00:00+00:00,252,252,1.0,0.432883912943216,0.0326872312890227,0.011985357018956,2.0,FROZEN_GOVERNOR,C2
2023,2023-02-06 00:00:00+00:00,2023-02-06 01:00:00+00:00,2023-02-13 01:00:00+00:00,253,253,1.0,0.4388197180736627,0.0100053844021515,0.0021964613722024,2.0,FROZEN_GOVERNOR,C2
2023,2023-02-13 00:00:00+00:00,2023-02-13 01:00:00+00:00,2023-02-20 01:00:00+00:00,253,253,1.0,0.4218069558269521,0.142957543346632,0.0581914513924076,2.0,FROZEN_GOVERNOR,C2
2023,2023-02-20 00:00:00+00:00,2023-02-20 01:00:00+00:00,2023-02-27 01:00:00+00:00,254,254,1.0,0.4059368520003724,-0.0100312625312416,-0.0061017433935233,2.0,FROZEN_GOVERNOR,C2
2023,2023-02-27 00:00:00+00:00,2023-02-27 01:00:00+00:00,2023-03-06 01:00:00+00:00,254,254,1.0,0.4209111913147005,-0.1070097988691437,-0.0471461778809312,2.0,FROZEN_GOVERNOR,C2
2023,2023-03-06 00:00:00+00:00,2023-03-06 01:00:00+00:00,2023-03-13 01:00:00+00:00,255,255,1.0,0.2549063560333439,-0.0787822132326789,-0.0213566186755507,2.0,FROZEN_GOVERNOR,C2
2023,2023-03-13 00:00:00+00:00,2023-03-13 01:00:00+00:00,2023-03-20 01:00:00+00:00,255,255,1.0,0.2706408743898904,0.1190619415902786,0.0308698236066016,2.0,FROZEN_GOVERNOR,C2
2023,2023-03-20 00:00:00+00:00,2023-03-20 01:00:00+00:00,2023-03-27 01:00:00+00:00,255,255,1.0,0.3759205643608978,-0.0533389901044913,-0.0219308260843252,2.0,FROZEN_GOVERNOR,C2
2023,2023-03-27 00:00:00+00:00,2023-03-27 01:00:00+00:00,2023-04-03 01:00:00+00:00,255,255,1.0,0.1676314322653159,0.0105219954726104,0.0009256600100362,2.0,FROZEN_GOVERNOR,C2
2023,2023-04-03 00:00:00+00:00,2023-04-03 01:00:00+00:00,2023-04-10 01:00:00+00:00,255,255,1.0,0.1991130313511284,0.0327988429637907,0.0055351118905743,2.0,FROZEN_GOVERNOR,C2
2023,2023-04-10 00:00:00+00:00,2023-04-10 01:00:00+00:00,2023-04-17 01:00:00+00:00,255,255,1.0,0.2555173483577108,0.0966237900872426,0.0234114678895757,2.0,FROZEN_GOVERNOR,C2
2023,2023-04-17 00:00:00+00:00,2023-04-17 01:00:00+00:00,2023-04-24 01:00:00+00:00,258,258,1.0,0.7934867411930758,-0.1271116297862292,-0.1048288265927811,2.0,FROZEN_GOVERNOR,C2
2023,2023-04-24 00:00:00+00:00,2023-04-24 01:00:00+00:00,2023-05-01 01:00:00+00:00,260,260,1.0,0.5851448378059085,0.0018678192763456,-0.0018327793815215,2.0,FROZEN_GOVERNOR,C2
2023,2023-05-01 00:00:00+00:00,2023-05-01 01:00:00+00:00,2023-05-08 01:00:00+00:00,260,260,1.0,0.6020956108053992,-0.0749835918005654,-0.0481577695595711,2.0,FROZEN_GOVERNOR,C2
2023,2023-05-08 00:00:00+00:00,2023-05-08 01:00:00+00:00,2023-05-15 01:00:00+00:00,260,260,1.0,0.2998261345240157,-0.0662965904957248,-0.0213765811330748,2.0,FROZEN_GOVERNOR,C2
2023,2023-05-15 00:00:00+00:00,2023-05-15 01:00:00+00:00,2023-05-22 01:00:00+00:00,262,262,1.0,0.3280422157705108,0.0043181543221075,-0.0002236741669893,2.0,FROZEN_GOVERNOR,C2
2023,2023-05-22 00:00:00+00:00,2023-05-22 01:00:00+00:00,2023-05-29 01:00:00+00:00,268,268,1.0,0.3328462379034775,0.0401052244976603,0.0116846419048032,2.0,FROZEN_GOVERNOR,C2
2023,2023-05-29 00:00:00+00:00,2023-05-29 01:00:00+00:00,2023-06-05 01:00:00+00:00,268,268,1.0,0.6647852824327453,-0.0128094386802758,-0.0118394527230358,2.0,FROZEN_GOVERNOR,C2
2023,2023-06-05 00:00:00+00:00,2023-06-05 01:00:00+00:00,2023-06-12 01:00:00+00:00,270,270,1.0,0.7003811769600633,-0.1984794322714569,-0.1425131642614485,2.0,FROZEN_GOVERNOR,C2
2023,2023-06-12 00:00:00+00:00,2023-06-12 01:00:00+00:00,2023-06-19 01:00:00+00:00,273,273,1.0,0.2103915745646083,0.0100152402804375,0.0010551642994211,2.0,FROZEN_GOVERNOR,C2
2023,2023-06-19 00:00:00+00:00,2023-06-19 01:00:00+00:00,2023-06-26 01:00:00+00:00,274,274,1.0,0.2235455679952324,0.1271563830754474,0.027307518038844,2.0,FROZEN_GOVERNOR,C2
2023,2023-06-26 00:00:00+00:00,2023-06-26 01:00:00+00:00,2023-07-03 01:00:00+00:00,276,276,1.0,0.4571617997854301,0.0016915034123337,-0.0015125182546014,2.0,FROZEN_GOVERNOR,C2
2023,2023-07-03 00:00:00+00:00,2023-07-03 01:00:00+00:00,2023-07-10 01:00:00+00:00,277,277,1.0,0.5412985062677758,-0.0410731727264231,-0.02493933957583,2.0,FROZEN_GOVERNOR,C2
2023,2023-07-10 00:00:00+00:00,2023-07-10 01:00:00+00:00,2023-07-17 01:00:00+00:00,279,279,1.0,0.5701016931471174,0.032546627538494,0.0157043790001884,2.0,FROZEN_GOVERNOR,C2
2023,2023-07-17 00:00:00+00:00,2023-07-17 01:00:00+00:00,2023-07-24 01:00:00+00:00,281,281,1.0,0.3432436968966382,-0.0001783887235562,-0.0017774492894413,2.0,FROZEN_GOVERNOR,C2
2023,2023-07-24 00:00:00+00:00,2023-07-24 01:00:00+00:00,2023-07-31 01:00:00+00:00,285,285,1.0,0.3678818248274977,-0.0282189126899115,-0.0122206342191499,2.0,FROZEN_GOVERNOR,C2
2023,2023-07-31 00:00:00+00:00,2023-07-31 01:00:00+00:00,2023-08-07 01:00:00+00:00,285,285,1.0,0.3605320166101584,-0.009639753655084,-0.0052780999079434,2.0,FROZEN_GOVERNOR,C2
2023,2023-08-07 00:00:00+00:00,2023-08-07 01:00:00+00:00,2023-08-14 01:00:00+00:00,288,288,1.0,0.45,0.0230467961625052,0.0081210582731273,2.0,FROZEN_GOVERNOR,C2
2023,2023-08-14 00:00:00+00:00,2023-08-14 01:00:00+00:00,2023-08-21 01:00:00+00:00,290,290,1.0,0.45,-0.1126741858135494,-0.0529533836160972,2.0,FROZEN_GOVERNOR,C2
2023,2023-08-21 00:00:00+00:00,2023-08-21 01:00:00+00:00,2023-08-28 01:00:00+00:00,292,292,1.0,0.0,-0.0259192205716504,0.0,2.0,FROZEN_GOVERNOR,C2
2023,2023-08-28 00:00:00+00:00,2023-08-28 01:00:00+00:00,2023-09-04 01:00:00+00:00,293,293,1.0,0.0,-0.0177097396832917,0.0,2.0,FROZEN_GOVERNOR,C2
2023,2023-09-04 00:00:00+00:00,2023-09-04 01:00:00+00:00,2023-09-11 01:00:00+00:00,296,296,1.0,0.0,-0.0162705944597181,0.0,2.0,FROZEN_GOVERNOR,C2
2023,2023-09-11 00:00:00+00:00,2023-09-11 01:00:00+00:00,2023-09-18 01:00:00+00:00,296,296,1.0,0.0,0.0096143277313451,0.0,2.0,FROZEN_GOVERNOR,C2
2023,2023-09-18 00:00:00+00:00,2023-09-18 01:00:00+00:00,2023-09-25 01:00:00+00:00,296,296,1.0,0.0,0.0113409166184079,0.0,2.0,FROZEN_GOVERNOR,C2
2023,2023-09-25 00:00:00+00:00,2023-09-25 01:00:00+00:00,2023-10-02 01:00:00+00:00,296,295,0.9966216216216216,0.0,0.0748834938121417,0.0,2.0,FROZEN_GOVERNOR,C2
2023,2023-10-02 00:00:00+00:00,2023-10-02 01:00:00+00:00,2023-10-09 01:00:00+00:00,298,297,0.9966442953020134,0.45,-0.0464744674917494,-0.0231635103712872,2.0,FROZEN_GOVERNOR,C2
2023,2023-10-09 00:00:00+00:00,2023-10-09 01:00:00+00:00,2023-10-16 01:00:00+00:00,298,297,0.9966442953020134,0.45,-0.0414803072164829,-0.0209161382474173,2.0,FROZEN_GOVERNOR,C2
2023,2023-10-16 00:00:00+00:00,2023-10-16 01:00:00+00:00,2023-10-23 01:00:00+00:00,298,297,0.9966442953020134,0.0,0.0561897436499731,0.0,2.0,FROZEN_GOVERNOR,C2
2023,2023-10-23 00:00:00+00:00,2023-10-23 01:00:00+00:00,2023-10-30 01:00:00+00:00,300,299,0.9966666666666668,0.824057685614226,0.1592096760908601,0.1270776687787536,2.0,FROZEN_GOVERNOR,C2
2023,2023-10-30 00:00:00+00:00,2023-10-30 01:00:00+00:00,2023-11-06 01:00:00+00:00,300,299,0.9966666666666668,0.64525938290016,0.131485758669272,0.081616122584593,2.0,FROZEN_GOVERNOR,C2
2023,2023-11-06 00:00:00+00:00,2023-11-06 01:00:00+00:00,2023-11-13 01:00:00+00:00,300,299,0.9966666666666668,0.6687956443930517,0.1655974955232493,0.1074069055063817,2.0,FROZEN_GOVERNOR,C2
2023,2023-11-13 00:00:00+00:00,2023-11-13 01:00:00+00:00,2023-11-20 01:00:00+00:00,300,299,0.9966666666666668,0.8211177105409914,0.0338038398655589,0.0236513430451971,2.0,FROZEN_GOVERNOR,C2
2023,2023-11-20 00:00:00+00:00,2023-11-20 01:00:00+00:00,2023-11-27 01:00:00+00:00,301,300,0.9966777408637874,0.5266834163747084,0.0617162422444965,0.029871504229267,2.0,FROZEN_GOVERNOR,C2
2023,2023-11-27 00:00:00+00:00,2023-11-27 01:00:00+00:00,2023-12-04 01:00:00+00:00,301,300,0.9966777408637874,0.4352232728990491,0.0790825121478544,0.0322424334015727,2.0,FROZEN_GOVERNOR,C2
2023,2023-12-04 00:00:00+00:00,2023-12-04 01:00:00+00:00,2023-12-11 01:00:00+00:00,301,300,0.9966777408637874,0.4539271492075529,0.1535216859783626,0.0674180255116575,2.0,FROZEN_GOVERNOR,C2
2023,2023-12-11 00:00:00+00:00,2023-12-11 01:00:00+00:00,2023-12-18 01:00:00+00:00,301,300,0.9966777408637874,0.5338039368255024,-0.0179071074682931,-0.0122279041478597,2.0,FROZEN_GOVERNOR,C2
2023,2023-12-18 00:00:00+00:00,2023-12-18 01:00:00+00:00,2023-12-25 01:00:00+00:00,301,300,0.9966777408637874,0.5501193050503832,0.116273935243939,0.061213939926617,2.0,FROZEN_GOVERNOR,C2
2023,2023-12-25 00:00:00+00:00,2023-12-25 01:00:00+00:00,2024-01-01 00:00:00+00:00,301,300,0.9966777408637874,0.48628411832341,0.0341173887379245,0.0141593237103016,2.0,FROZEN_GOVERNOR,C2
