timestamp,equity,cash,market_value,drawdown
2020-01-21T00:00:00Z,100000.0,100000.0,0.0,0.0
2020-01-22T00:00:00Z,100000.0,100000.0,0.0,0.0
2020-01-23T00:00:00Z,99893.12504145158,93017.40023641125,6875.724805040329,0.0010687495854841836
2020-01-24T00:00:00Z,99528.37906870373,93017.40023641125,6510.978832292472,0.004716209312962747
2020-01-25T00:00:00Z,99777.76002656597,93017.40023641125,6760.359790154718,0.002222399734340288
2020-01-26T00:00:00Z,99525.3708544955,93017.40023641125,6507.970618084242,0.004746291455044994
2020-01-27T00:00:00Z,99736.54749191322,93017.40023641125,6719.147255501971,0.002634525080867752
2020-01-28T00:00:00Z,100209.58917615736,93017.40023641125,7192.188939746099,0.0
2020-01-29T00:00:00Z,100991.12322745543,93017.40023641125,7973.722991044187,0.0
2020-01-30T00:00:00Z,101040.45794047041,93017.40023641125,8023.057704059156,0.0
2020-01-31T00:00:00Z,101444.76193005648,93017.40023641125,8427.361693645234,0.0
2020-02-01T00:00:00Z,101114.00877786163,93017.40023641125,8096.608541450374,0.0032604261265150444
2020-02-02T00:00:00Z,101458.90053683516,93017.40023641125,8441.500300423915,0.0
2020-02-03T00:00:00Z,101379.4836817379,93017.40023641125,8362.083445326649,0.0007827490212988799
2020-02-04T00:00:00Z,101607.50631872172,93017.40023641125,8590.106082310464,0.0
2020-02-05T00:00:00Z,101457.09560831024,93017.40023641125,8439.695371898977,0.0014803110110750452
2020-02-06T00:00:00Z,101934.19838173546,93017.40023641125,8916.798145324216,0.0
2020-02-07T00:00:00Z,102056.48228930001,93017.40023641125,9039.082052888754,0.0
2020-02-08T00:00:00Z,102011.20866546615,93017.40023641125,8993.808429054896,0.0004436134071867913
2020-02-09T00:00:00Z,102059.49050350823,93017.40023641125,9042.090267096984,0.0
2020-02-10T00:00:00Z,102322.10760388669,93017.40023641125,9304.707367475441,0.0
2020-02-11T00:00:00Z,102069.5680211058,93017.40023641125,9052.167784694553,0.002468084255638317
2020-02-12T00:00:00Z,102566.22418688453,93017.40023641125,9548.823950473285,0.0
2020-02-13T00:00:00Z,103319.02979249404,93017.40023641125,10301.62955608278,0.0
2020-02-14T00:00:00Z,98984.06392746344,98984.06392746344,0.0,0.0419570903224405
2020-02-15T00:00:00Z,98984.06392746344,98984.06392746344,0.0,0.0419570903224405
2020-02-16T00:00:00Z,98984.06392746344,98984.06392746344,0.0,0.0419570903224405
2020-02-17T00:00:00Z,98984.06392746344,98984.06392746344,0.0,0.0419570903224405
2020-02-18T00:00:00Z,98984.06392746344,98984.06392746344,0.0,0.0419570903224405
2020-02-19T00:00:00Z,98984.06392746344,98984.06392746344,0.0,0.0419570903224405
2020-02-20T00:00:00Z,98984.06392746344,98984.06392746344,0.0,0.0419570903224405
2020-02-21T00:00:00Z,98984.06392746344,98984.06392746344,0.0,0.0419570903224405
2020-02-22T00:00:00Z,98984.06392746344,98984.06392746344,0.0,0.0419570903224405
2020-02-23T00:00:00Z,98984.06392746344,98984.06392746344,0.0,0.0419570903224405
2020-02-24T00:00:00Z,98984.06392746344,98984.06392746344,0.0,0.0419570903224405
2020-02-25T00:00:00Z,98984.06392746344,98984.06392746344,0.0,0.0419570903224405
2020-02-26T00:00:00Z,98984.06392746344,98984.06392746344,0.0,0.0419570903224405
2020-02-27T00:00:00Z,98984.06392746344,98984.06392746344,0.0,0.0419570903224405
2020-02-28T00:00:00Z,98984.06392746344,98984.06392746344,0.0,0.0419570903224405
2020-02-29T00:00:00Z,98984.06392746344,98984.06392746344,0.0,0.0419570903224405
2020-03-01T00:00:00Z,98984.06392746344,98984.06392746344,0.0,0.0419570903224405
2020-03-02T00:00:00Z,98984.06392746344,98984.06392746344,0.0,0.0419570903224405
2020-03-03T00:00:00Z,98984.06392746344,98984.06392746344,0.0,0.0419570903224405
2020-03-04T00:00:00Z,98984.06392746344,98984.06392746344,0.0,0.0419570903224405
2020-03-05T00:00:00Z,98984.06392746344,98984.06392746344,0.0,0.0419570903224405
2020-03-06T00:00:00Z,98984.06392746344,98984.06392746344,0.0,0.0419570903224405
2020-03-07T00:00:00Z,98984.06392746344,98984.06392746344,0.0,0.0419570903224405
2020-03-08T00:00:00Z,98984.06392746344,98984.06392746344,0.0,0.0419570903224405
2020-03-09T00:00:00Z,98984.06392746344,98984.06392746344,0.0,0.0419570903224405
2020-03-10T00:00:00Z,98984.06392746344,98984.06392746344,0.0,0.0419570903224405
2020-03-11T00:00:00Z,98984.06392746344,98984.06392746344,0.0,0.0419570903224405
2020-03-12T00:00:00Z,98984.06392746344,98984.06392746344,0.0,0.0419570903224405
2020-03-13T00:00:00Z,98984.06392746344,98984.06392746344,0.0,0.0419570903224405
2020-03-14T00:00:00Z,98984.06392746344,98984.06392746344,0.0,0.0419570903224405
2020-03-15T00:00:00Z,98984.06392746344,98984.06392746344,0.0,0.0419570903224405
2020-03-16T00:00:00Z,98984.06392746344,98984.06392746344,0.0,0.0419570903224405
2020-03-17T00:00:00Z,98984.06392746344,98984.06392746344,0.0,0.0419570903224405
2020-03-18T00:00:00Z,98984.06392746344,98984.06392746344,0.0,0.0419570903224405
2020-03-19T00:00:00Z,98984.06392746344,98984.06392746344,0.0,0.0419570903224405
2020-03-20T00:00:00Z,98984.06392746344,98984.06392746344,0.0,0.0419570903224405
2020-03-21T00:00:00Z,98984.06392746344,98984.06392746344,0.0,0.0419570903224405
2020-03-22T00:00:00Z,98984.06392746344,98984.06392746344,0.0,0.0419570903224405
2020-03-23T00:00:00Z,98984.06392746344,98984.06392746344,0.0,0.0419570903224405
2020-03-24T00:00:00Z,98984.06392746344,98984.06392746344,0.0,0.0419570903224405
2020-03-25T00:00:00Z,98984.06392746344,98984.06392746344,0.0,0.0419570903224405
2020-03-26T00:00:00Z,98984.06392746344,98984.06392746344,0.0,0.0419570903224405
2020-03-27T00:00:00Z,98984.06392746344,98984.06392746344,0.0,0.0419570903224405
2020-03-28T00:00:00Z,98984.06392746344,98984.06392746344,0.0,0.0419570903224405
2020-03-29T00:00:00Z,98984.06392746344,98984.06392746344,0.0,0.0419570903224405
2020-03-30T00:00:00Z,98984.06392746344,98984.06392746344,0.0,0.0419570903224405
2020-03-31T00:00:00Z,98984.06392746344,98984.06392746344,0.0,0.0419570903224405
2020-04-01T00:00:00Z,98984.06392746344,98984.06392746344,0.0,0.0419570903224405
2020-04-02T00:00:00Z,98984.06392746344,98984.06392746344,0.0,0.0419570903224405
2020-04-03T00:00:00Z,98984.06392746344,98984.06392746344,0.0,0.0419570903224405
2020-04-04T00:00:00Z,98984.06392746344,98984.06392746344,0.0,0.0419570903224405
2020-04-05T00:00:00Z,98984.06392746344,98984.06392746344,0.0,0.0419570903224405
2020-04-06T00:00:00Z,98984.06392746344,98984.06392746344,0.0,0.0419570903224405
2020-04-07T00:00:00Z,98984.06392746344,98984.06392746344,0.0,0.0419570903224405
2020-04-08T00:00:00Z,98782.6137175221,89767.8611601881,9014.752557333994,0.043906878375483044
2020-04-09T00:00:00Z,98792.35642203609,98792.35642203609,0.0,0.04381258108549146
2020-04-10T00:00:00Z,98792.35642203609,98792.35642203609,0.0,0.04381258108549146
2020-04-11T00:00:00Z,98792.35642203609,98792.35642203609,0.0,0.04381258108549146
2020-04-12T00:00:00Z,98792.35642203609,98792.35642203609,0.0,0.04381258108549146
2020-04-13T00:00:00Z,98792.35642203609,98792.35642203609,0.0,0.04381258108549146
2020-04-14T00:00:00Z,98792.35642203609,98792.35642203609,0.0,0.04381258108549146
2020-04-15T00:00:00Z,98792.35642203609,98792.35642203609,0.0,0.04381258108549146
2020-04-16T00:00:00Z,98792.35642203609,98792.35642203609,0.0,0.04381258108549146
2020-04-17T00:00:00Z,98792.35642203609,98792.35642203609,0.0,0.04381258108549146
2020-04-18T00:00:00Z,98792.35642203609,98792.35642203609,0.0,0.04381258108549146
2020-04-19T00:00:00Z,98792.35642203609,98792.35642203609,0.0,0.04381258108549146
2020-04-20T00:00:00Z,98792.35642203609,98792.35642203609,0.0,0.04381258108549146
2020-04-21T00:00:00Z,98792.35642203609,98792.35642203609,0.0,0.04381258108549146
2020-04-22T00:00:00Z,98792.35642203609,98792.35642203609,0.0,0.04381258108549146
2020-04-23T00:00:00Z,98792.35642203609,98792.35642203609,0.0,0.04381258108549146
2020-04-24T00:00:00Z,98792.35642203609,98792.35642203609,0.0,0.04381258108549146
2020-04-25T00:00:00Z,98926.97018516931,90508.52314064378,8418.447044525523,0.04250968690032942
2020-04-26T00:00:00Z,99049.92922144555,90508.52314064378,8541.406080801775,0.04131959600881418
2020-04-27T00:00:00Z,99803.0533186376,90508.52314064378,9294.530177993815,0.0340302892982825
2020-04-28T00:00:00Z,99916.10282731922,90508.52314064378,9407.579686675434,0.03293611033716884
2020-04-29T00:00:00Z,99999.62598847397,90508.52314064378,9491.10284783019,0.03212770978092574
2020-04-30T00:00:00Z,100913.5271150075,90508.52314064378,10405.003974363712,0.023282280934284343
2020-05-01T00:00:00Z,100132.69678760189,90508.52314064378,9624.173646958106,0.03083974957267389
2020-05-02T00:00:00Z,100808.76925186424,90508.52314064378,10300.246111220456,0.02429620705567409
2020-05-03T00:00:00Z,100807.9603108361,90508.52314064378,10299.437170192325,0.024304036601013063
2020-05-04T00:00:00Z,100395.19815123112,90508.52314064378,9886.675010587342,0.028299062110195432
2020-05-05T00:00:00Z,100505.82083682834,90508.52314064378,9997.297696184562,0.02722837178509855
2020-05-06T00:00:00Z,100516.33707019407,90508.52314064378,10007.813929550293,0.027126587695692598
2020-05-07T00:00:00Z,100396.41156277333,90508.52314064378,9887.888422129541,0.02828731779218697
2020-05-08T00:00:00Z,100858.3168898374,90508.52314064378,10349.793749193617,0.023816647403665483
2020-05-09T00:00:00Z,101018.89168392184,90508.52314064378,10510.368543278064,0.022262482653890508
2020-05-10T00:00:00Z,100920.80758426069,90508.52314064378,10412.284443616909,0.023211815026234147
2020-05-11T00:00:00Z,100146.44878508015,90508.52314064378,9637.925644436371,0.030706647301912325
2020-05-12T00:00:00Z,100171.12148643822,90508.52314064378,9662.598345794437,0.030467846169075323
2020-05-13T00:00:00Z,100703.80915346395,90508.52314064378,10195.28601282017,0.02531209056339858
2020-05-14T00:00:00Z,100929.3014650561,90508.52314064378,10420.778324412307,0.023129604800175486
2020-05-15T00:00:00Z,100822.5212493425,90508.52314064378,10313.99810869872,0.02416310478491253
2020-05-16T00:00:00Z,100661.74422000103,90508.52314064378,10153.221079357241,0.025719226921022246
2020-05-17T00:00:00Z,100813.21842751896,90508.52314064378,10304.695286875189,0.02425314455631016
2020-05-18T00:00:00Z,100885.41641427987,90508.52314064378,10376.89327363608,0.0235543576348117
2020-05-19T00:00:00Z,101496.36912577749,90508.52314064378,10987.845985133705,0.017641093517594766
2020-05-20T00:00:00Z,101987.59856511139,90508.52314064378,11479.07542446761,0.0128866021105376
2020-05-21T00:00:00Z,102008.22656132879,90508.52314064378,11499.703420685008,0.012686948704395183
2020-05-22T00:00:00Z,101047.81132567761,90508.52314064378,10539.288185033827,0.021982576408024177
2020-05-23T00:00:00Z,101783.13872025072,90508.52314064378,11274.615579606936,0.014865519694948792
2020-05-24T00:00:00Z,101654.71933203457,90508.52314064378,11146.196191390785,0.016108460017501824
2020-05-25T00:00:00Z,101599.63852984515,101599.63852984515,0.0,0.01664157383303071
2020-05-26T00:00:00Z,101599.63852984515,101599.63852984515,0.0,0.01664157383303071
2020-05-27T00:00:00Z,101599.63852984515,101599.63852984515,0.0,0.01664157383303071
2020-05-28T00:00:00Z,101599.63852984515,101599.63852984515,0.0,0.01664157383303071
2020-05-29T00:00:00Z,101599.63852984515,101599.63852984515,0.0,0.01664157383303071
2020-05-30T00:00:00Z,101557.38561333083,94465.19303948895,7092.192573841874,0.017050529633324048
2020-05-31T00:00:00Z,102889.19925156371,94465.19303948895,8424.006212074759,0.004160226260289127
2020-06-01T00:00:00Z,102578.71307339438,94465.19303948895,8113.520033905424,0.0071653471832489445
2020-06-02T00:00:00Z,103331.85850805009,94465.19303948895,8866.66546856115,0.0
2020-06-03T00:00:00Z,103096.44576159485,94465.19303948895,8631.252722105897,0.0022782203848284023
2020-06-04T00:00:00Z,103831.61741113946,94465.19303948895,9366.424371650513,0.0
2020-06-05T00:00:00Z,104194.05221212993,94465.19303948895,9728.859172640981,0.0
2020-06-06T00:00:00Z,103805.86229223025,94465.19303948895,9340.669252741303,0.0037256437546872917
2020-06-07T00:00:00Z,103909.54034537116,94465.19303948895,9444.347305882211,0.002730596043808005
2020-06-08T00:00:00Z,103950.85813187658,94465.19303948895,9485.665092387626,0.0023340495459206077
2020-06-09T00:00:00Z,103945.15912684135,94465.19303948895,9479.966087352397,0.0023887456145947556
2020-06-10T00:00:00Z,103551.27020190645,94465.19303948895,9086.07716241749,0.0061690854379560555
2020-06-11T00:00:00Z,103624.59009360967,94465.19303948895,9159.39705412073,0.0054653994775141395
2020-06-12T00:00:00Z,102712.85888422362,94465.19303948895,8247.665844734674,0.01421571861789893
2020-06-13T00:00:00Z,103174.25909957587,94465.19303948895,8709.066060086916,0.009787440750244117
2020-06-14T00:00:00Z,103139.29789560975,94465.19303948895,8674.104856120795,0.010122980094610311
2020-06-15T00:00:00Z,102846.45671379949,94465.19303948895,8381.263674310538,0.012933516546480542
2020-06-16T00:00:00Z,103029.59204868157,94465.19303948895,8564.399009192626,0.011175879416587202
2020-06-17T00:00:00Z,103148.39438441598,94465.19303948895,8683.201344927027,0.010035676754226636
2020-06-18T00:00:00Z,103611.10975477635,94465.19303948895,9145.9167152874,0.005594776716877852
2020-06-19T00:00:00Z,103444.8522424986,94465.19303948895,8979.659203009645,0.007190429335697813
2020-06-20T00:00:00Z,103420.88178005812,103420.88178005812,0.0,0.007420485293130798
2020-06-21T00:00:00Z,103420.88178005812,103420.88178005812,0.0,0.007420485293130798
2020-06-22T00:00:00Z,103420.88178005812,103420.88178005812,0.0,0.007420485293130798
2020-06-23T00:00:00Z,103420.88178005812,103420.88178005812,0.0,0.007420485293130798
2020-06-24T00:00:00Z,103420.88178005812,103420.88178005812,0.0,0.007420485293130798
2020-06-25T00:00:00Z,103420.88178005812,103420.88178005812,0.0,0.007420485293130798
2020-06-26T00:00:00Z,103420.88178005812,103420.88178005812,0.0,0.007420485293130798
2020-06-27T00:00:00Z,103420.88178005812,103420.88178005812,0.0,0.007420485293130798
2020-06-28T00:00:00Z,103420.88178005812,103420.88178005812,0.0,0.007420485293130798
2020-06-29T00:00:00Z,103420.88178005812,103420.88178005812,0.0,0.007420485293130798
2020-06-30T00:00:00Z,103420.88178005812,103420.88178005812,0.0,0.007420485293130798
2020-07-01T00:00:00Z,103420.88178005812,103420.88178005812,0.0,0.007420485293130798
2020-07-02T00:00:00Z,103420.88178005812,103420.88178005812,0.0,0.007420485293130798
2020-07-03T00:00:00Z,103024.72417587166,93593.00995350082,9431.714222370842,0.011222598713001627
2020-07-04T00:00:00Z,103393.57463363149,93593.00995350082,9800.564680130667,0.007682564997748007
2020-07-05T00:00:00Z,103740.20273919066,93593.00995350082,10147.192785689833,0.0043558097924368275
2020-07-06T00:00:00Z,103553.29144807825,93593.00995350082,9960.281494577424,0.006149686574691877
2020-07-07T00:00:00Z,104276.48187791435,93593.00995350082,10683.47192441354,0.0
2020-07-08T00:00:00Z,105537.98088503131,93593.00995350082,11944.970931530499,0.0
2020-07-09T00:00:00Z,106781.62083284547,93593.00995350082,13188.610879344646,0.0
2020-07-10T00:00:00Z,106176.13783932335,93593.00995350082,12583.127885822532,0.005670292216953099
2020-07-11T00:00:00Z,105607.38768368543,93593.00995350082,12014.377730184618,0.010996584805527192
2020-07-12T00:00:00Z,106294.75852298806,93593.00995350082,12701.748569487247,0.004559420488845458
2020-07-13T00:00:00Z,106455.99741635268,93593.00995350082,12862.987462851857,0.0030494331698009604
2020-07-14T00:00:00Z,106206.78236153614,93593.00995350082,12613.772408035316,0.005383309101565053
2020-07-15T00:00:00Z,107041.8963277984,93593.00995350082,13448.886374297588,0.0
2020-07-16T00:00:00Z,106842.90987727103,93593.00995350082,13249.89992377021,0.0018589585699977605
2020-07-17T00:00:00Z,106375.02281792287,93593.00995350082,12782.012864422053,0.006230023315668251
2020-07-18T00:00:00Z,105997.64871822306,93593.00995350082,12404.638764722247,0.009755503642961433
2020-07-19T00:00:00Z,106043.7169734701,93593.00995350082,12450.70701996928,0.009325127717015928
2020-07-20T00:00:00Z,106167.8171412391,93593.00995350082,12574.807187738268,0.008165767017828049
2020-07-21T00:00:00Z,105544.17067263059,93593.00995350082,11951.16071912977,0.013991957416199666
2020-07-22T00:00:00Z,106099.42506186354,93593.00995350082,12506.415108362717,0.008804695154584088
2020-07-23T00:00:00Z,106159.19202737125,93593.00995350082,12566.18207387043,0.008246344008368612
2020-07-24T00:00:00Z,106141.9701536827,106141.9701536827,0.0,0.008407233102072647
2020-07-25T00:00:00Z,106141.9701536827,106141.9701536827,0.0,0.008407233102072647
2020-07-26T00:00:00Z,106141.9701536827,106141.9701536827,0.0,0.008407233102072647
2020-07-27T00:00:00Z,106411.49667114046,97491.21788732414,8920.278783816317,0.005889279602516084
2020-07-28T00:00:00Z,105821.98364094245,97491.21788732414,8330.765753618316,0.011396590762183155
2020-07-29T00:00:00Z,106450.40862079748,97491.21788732414,8959.190733473335,0.00552575885977944
2020-07-30T00:00:00Z,105895.17659725249,97491.21788732414,8403.95870992835,0.010712812178086508
2020-07-31T00:00:00Z,105943.77142773606,97491.21788732414,8452.553540411924,0.010258832641562203
2020-08-01T00:00:00Z,105841.95082376491,97491.21788732414,8350.732936440774,0.011210054615987454
2020-08-02T00:00:00Z,106182.5957740854,97491.21788732414,8691.377886761267,0.008027703013421265
2020-08-03T00:00:00Z,105060.5410966529,105060.5410966529,0.0,0.018510090900089444
2020-08-04T00:00:00Z,105060.5410966529,105060.5410966529,0.0,0.018510090900089444
2020-08-05T00:00:00Z,105060.5410966529,105060.5410966529,0.0,0.018510090900089444
2020-08-06T00:00:00Z,105060.5410966529,105060.5410966529,0.0,0.018510090900089444
2020-08-07T00:00:00Z,105060.5410966529,105060.5410966529,0.0,0.018510090900089444
2020-08-08T00:00:00Z,105060.5410966529,105060.5410966529,0.0,0.018510090900089444
2020-08-09T00:00:00Z,105060.5410966529,105060.5410966529,0.0,0.018510090900089444
2020-08-10T00:00:00Z,105060.5410966529,105060.5410966529,0.0,0.018510090900089444
2020-08-11T00:00:00Z,105060.5410966529,105060.5410966529,0.0,0.018510090900089444
2020-08-12T00:00:00Z,105060.5410966529,105060.5410966529,0.0,0.018510090900089444
2020-08-13T00:00:00Z,105060.5410966529,105060.5410966529,0.0,0.018510090900089444
2020-08-14T00:00:00Z,105060.5410966529,105060.5410966529,0.0,0.018510090900089444
2020-08-15T00:00:00Z,105060.5410966529,105060.5410966529,0.0,0.018510090900089444
2020-08-16T00:00:00Z,105060.5410966529,105060.5410966529,0.0,0.018510090900089444
2020-08-17T00:00:00Z,105060.5410966529,105060.5410966529,0.0,0.018510090900089444
2020-08-18T00:00:00Z,105060.5410966529,105060.5410966529,0.0,0.018510090900089444
2020-08-19T00:00:00Z,105060.5410966529,105060.5410966529,0.0,0.018510090900089444
2020-08-20T00:00:00Z,105060.5410966529,105060.5410966529,0.0,0.018510090900089444
2020-08-21T00:00:00Z,105060.5410966529,105060.5410966529,0.0,0.018510090900089444
2020-08-22T00:00:00Z,105060.5410966529,105060.5410966529,0.0,0.018510090900089444
2020-08-23T00:00:00Z,105060.5410966529,105060.5410966529,0.0,0.018510090900089444
2020-08-24T00:00:00Z,105060.5410966529,105060.5410966529,0.0,0.018510090900089444
2020-08-25T00:00:00Z,105060.5410966529,105060.5410966529,0.0,0.018510090900089444
2020-08-26T00:00:00Z,105060.5410966529,105060.5410966529,0.0,0.018510090900089444
2020-08-27T00:00:00Z,105060.5410966529,105060.5410966529,0.0,0.018510090900089444
2020-08-28T00:00:00Z,105060.5410966529,105060.5410966529,0.0,0.018510090900089444
2020-08-29T00:00:00Z,105060.5410966529,105060.5410966529,0.0,0.018510090900089444
2020-08-30T00:00:00Z,105060.5410966529,105060.5410966529,0.0,0.018510090900089444
2020-08-31T00:00:00Z,105060.5410966529,105060.5410966529,0.0,0.018510090900089444
2020-09-01T00:00:00Z,105060.5410966529,105060.5410966529,0.0,0.018510090900089444
2020-09-02T00:00:00Z,105060.5410966529,105060.5410966529,0.0,0.018510090900089444
2020-09-03T00:00:00Z,105060.5410966529,105060.5410966529,0.0,0.018510090900089444
2020-09-04T00:00:00Z,105060.5410966529,105060.5410966529,0.0,0.018510090900089444
2020-09-05T00:00:00Z,105060.5410966529,105060.5410966529,0.0,0.018510090900089444
2020-09-06T00:00:00Z,105060.5410966529,105060.5410966529,0.0,0.018510090900089444
2020-09-07T00:00:00Z,105060.5410966529,105060.5410966529,0.0,0.018510090900089444
2020-09-08T00:00:00Z,105060.5410966529,105060.5410966529,0.0,0.018510090900089444
2020-09-09T00:00:00Z,105060.5410966529,105060.5410966529,0.0,0.018510090900089444
2020-09-10T00:00:00Z,105060.5410966529,105060.5410966529,0.0,0.018510090900089444
2020-09-11T00:00:00Z,105060.5410966529,105060.5410966529,0.0,0.018510090900089444
2020-09-12T00:00:00Z,105060.5410966529,105060.5410966529,0.0,0.018510090900089444
2020-09-13T00:00:00Z,105060.5410966529,105060.5410966529,0.0,0.018510090900089444
2020-09-14T00:00:00Z,105060.5410966529,105060.5410966529,0.0,0.018510090900089444
2020-09-15T00:00:00Z,105060.5410966529,105060.5410966529,0.0,0.018510090900089444
2020-09-16T00:00:00Z,105060.5410966529,105060.5410966529,0.0,0.018510090900089444
2020-09-17T00:00:00Z,105060.5410966529,105060.5410966529,0.0,0.018510090900089444
2020-09-18T00:00:00Z,105060.5410966529,105060.5410966529,0.0,0.018510090900089444
2020-09-19T00:00:00Z,105060.5410966529,105060.5410966529,0.0,0.018510090900089444
2020-09-20T00:00:00Z,105060.5410966529,105060.5410966529,0.0,0.018510090900089444
2020-09-21T00:00:00Z,105060.5410966529,105060.5410966529,0.0,0.018510090900089444
2020-09-22T00:00:00Z,105060.5410966529,105060.5410966529,0.0,0.018510090900089444
2020-09-23T00:00:00Z,105060.5410966529,105060.5410966529,0.0,0.018510090900089444
2020-09-24T00:00:00Z,105060.5410966529,105060.5410966529,0.0,0.018510090900089444
2020-09-25T00:00:00Z,105060.5410966529,105060.5410966529,0.0,0.018510090900089444
2020-09-26T00:00:00Z,105060.5410966529,105060.5410966529,0.0,0.018510090900089444
2020-09-27T00:00:00Z,105060.5410966529,105060.5410966529,0.0,0.018510090900089444
2020-09-28T00:00:00Z,105060.5410966529,105060.5410966529,0.0,0.018510090900089444
2020-09-29T00:00:00Z,104972.98332688563,97279.16942279926,7693.813904086369,0.019328067531399665
2020-09-30T00:00:00Z,104954.55686165836,104954.55686165836,0.0,0.019500210083609696
2020-10-01T00:00:00Z,104954.55686165836,104954.55686165836,0.0,0.019500210083609696
2020-10-02T00:00:00Z,104954.55686165836,104954.55686165836,0.0,0.019500210083609696
2020-10-03T00:00:00Z,104954.55686165836,104954.55686165836,0.0,0.019500210083609696
2020-10-04T00:00:00Z,104954.55686165836,104954.55686165836,0.0,0.019500210083609696
2020-10-05T00:00:00Z,104954.55686165836,104954.55686165836,0.0,0.019500210083609696
2020-10-06T00:00:00Z,104954.55686165836,104954.55686165836,0.0,0.019500210083609696
2020-10-07T00:00:00Z,104954.55686165836,104954.55686165836,0.0,0.019500210083609696
2020-10-08T00:00:00Z,104954.55686165836,104954.55686165836,0.0,0.019500210083609696
2020-10-09T00:00:00Z,104954.55686165836,104954.55686165836,0.0,0.019500210083609696
2020-10-10T00:00:00Z,104954.55686165836,104954.55686165836,0.0,0.019500210083609696
2020-10-11T00:00:00Z,104954.55686165836,104954.55686165836,0.0,0.019500210083609696
2020-10-12T00:00:00Z,104954.55686165836,104954.55686165836,0.0,0.019500210083609696
2020-10-13T00:00:00Z,104954.55686165836,104954.55686165836,0.0,0.019500210083609696
2020-10-14T00:00:00Z,104954.55686165836,104954.55686165836,0.0,0.019500210083609696
2020-10-15T00:00:00Z,104954.55686165836,104954.55686165836,0.0,0.019500210083609696
2020-10-16T00:00:00Z,104954.55686165836,104954.55686165836,0.0,0.019500210083609696
2020-10-17T00:00:00Z,104954.55686165836,104954.55686165836,0.0,0.019500210083609696
2020-10-18T00:00:00Z,104954.55686165836,104954.55686165836,0.0,0.019500210083609696
2020-10-19T00:00:00Z,104954.55686165836,104954.55686165836,0.0,0.019500210083609696
2020-10-20T00:00:00Z,104954.55686165836,104954.55686165836,0.0,0.019500210083609696
2020-10-21T00:00:00Z,104954.55686165836,104954.55686165836,0.0,0.019500210083609696
2020-10-22T00:00:00Z,104954.55686165836,104954.55686165836,0.0,0.019500210083609696
2020-10-23T00:00:00Z,104954.55686165836,104954.55686165836,0.0,0.019500210083609696
2020-10-24T00:00:00Z,104954.55686165836,104954.55686165836,0.0,0.019500210083609696
2020-10-25T00:00:00Z,104954.55686165836,104954.55686165836,0.0,0.019500210083609696
2020-10-26T00:00:00Z,104954.55686165836,104954.55686165836,0.0,0.019500210083609696
2020-10-27T00:00:00Z,104954.55686165836,104954.55686165836,0.0,0.019500210083609696
2020-10-28T00:00:00Z,104954.55686165836,104954.55686165836,0.0,0.019500210083609696
2020-10-29T00:00:00Z,104954.55686165836,104954.55686165836,0.0,0.019500210083609696
2020-10-30T00:00:00Z,104954.55686165836,104954.55686165836,0.0,0.019500210083609696
2020-10-31T00:00:00Z,104954.55686165836,104954.55686165836,0.0,0.019500210083609696
2020-11-01T00:00:00Z,104954.55686165836,104954.55686165836,0.0,0.019500210083609696
2020-11-02T00:00:00Z,104954.55686165836,104954.55686165836,0.0,0.019500210083609696
2020-11-03T00:00:00Z,104954.55686165836,104954.55686165836,0.0,0.019500210083609696
2020-11-04T00:00:00Z,104954.55686165836,104954.55686165836,0.0,0.019500210083609696
2020-11-05T00:00:00Z,104954.55686165836,104954.55686165836,0.0,0.019500210083609696
2020-11-06T00:00:00Z,104954.55686165836,104954.55686165836,0.0,0.019500210083609696
2020-11-07T00:00:00Z,104954.55686165836,104954.55686165836,0.0,0.019500210083609696
2020-11-08T00:00:00Z,104954.55686165836,104954.55686165836,0.0,0.019500210083609696
2020-11-09T00:00:00Z,104954.55686165836,104954.55686165836,0.0,0.019500210083609696
2020-11-10T00:00:00Z,104954.55686165836,104954.55686165836,0.0,0.019500210083609696
2020-11-11T00:00:00Z,104954.55686165836,104954.55686165836,0.0,0.019500210083609696
2020-11-12T00:00:00Z,104954.55686165836,104954.55686165836,0.0,0.019500210083609696
2020-11-13T00:00:00Z,104954.55686165836,104954.55686165836,0.0,0.019500210083609696
2020-11-14T00:00:00Z,104954.55686165836,104954.55686165836,0.0,0.019500210083609696
2020-11-15T00:00:00Z,104954.55686165836,104954.55686165836,0.0,0.019500210083609696
2020-11-16T00:00:00Z,104954.55686165836,104954.55686165836,0.0,0.019500210083609696
2020-11-17T00:00:00Z,104954.55686165836,104954.55686165836,0.0,0.019500210083609696
2020-11-18T00:00:00Z,104954.55686165836,104954.55686165836,0.0,0.019500210083609696
2020-11-19T00:00:00Z,104954.55686165836,104954.55686165836,0.0,0.019500210083609696
2020-11-20T00:00:00Z,104954.55686165836,104954.55686165836,0.0,0.019500210083609696
2020-11-21T00:00:00Z,104954.55686165836,104954.55686165836,0.0,0.019500210083609696
2020-11-22T00:00:00Z,106016.91063497493,96560.05658389657,9456.85405107836,0.009575556188621825
2020-11-23T00:00:00Z,106897.21138306857,96560.05658389657,10337.154799171996,0.0013516664940870994
2020-11-24T00:00:00Z,107508.38959166851,96560.05658389657,10948.333007771947,0.0
2020-11-25T00:00:00Z,108399.2511136322,96560.05658389657,11839.194529735627,0.0
2020-11-26T00:00:00Z,107604.2162109457,96560.05658389657,11044.15962704913,0.0073343209894788436
2020-11-27T00:00:00Z,106400.64237814554,96560.05658389657,9840.585794248967,0.01843747733452116
2020-11-28T00:00:00Z,106601.01357096845,96560.05658389657,10040.95698707189,0.01658902182616278
2020-11-29T00:00:00Z,108245.73006529316,96560.05658389657,11685.673481396592,0.0014162556176528184
2020-11-30T00:00:00Z,108368.63195717677,96560.05658389657,11808.575373280197,0.0002824664943795106
2020-12-01T00:00:00Z,108765.90133665058,96560.05658389657,12205.844752754016,0.0
2020-12-02T00:00:00Z,107587.84346756329,96560.05658389657,11027.786883666713,0.010831132318216042
2020-12-03T00:00:00Z,107803.66599396788,96560.05658389657,11243.60941007131,0.008846847503285122
2020-12-04T00:00:00Z,108190.87074331052,96560.05658389657,11630.814159413945,0.005286864598862109
2020-12-05T00:00:00Z,107040.17165753756,96560.05658389657,10480.115073640985,0.015866458677812716
2020-12-06T00:00:00Z,107910.12426479209,96560.05658389657,11350.067680895518,0.007868063991946391
2020-12-07T00:00:00Z,107808.69830903347,96560.05658389657,11248.641725136904,0.008800580106943564
2020-12-08T00:00:00Z,107468.8398479136,96560.05658389657,10908.783264017016,0.011925258493673888
2020-12-09T00:00:00Z,106567.77194046477,96560.05658389657,10007.715356568193,0.02020972905269456
2020-12-10T00:00:00Z,106535.28483649941,106535.28483649941,0.0,0.020508417369217567
2020-12-11T00:00:00Z,106535.28483649941,106535.28483649941,0.0,0.020508417369217567
2020-12-12T00:00:00Z,106535.28483649941,106535.28483649941,0.0,0.020508417369217567
2020-12-13T00:00:00Z,106535.28483649941,106535.28483649941,0.0,0.020508417369217567
2020-12-14T00:00:00Z,106535.28483649941,106535.28483649941,0.0,0.020508417369217567
2020-12-15T00:00:00Z,106535.28483649941,106535.28483649941,0.0,0.020508417369217567
2020-12-16T00:00:00Z,106535.28483649941,106535.28483649941,0.0,0.020508417369217567
2020-12-17T00:00:00Z,106535.28483649941,106535.28483649941,0.0,0.020508417369217567
2020-12-18T00:00:00Z,106535.28483649941,106535.28483649941,0.0,0.020508417369217567
2020-12-19T00:00:00Z,106535.28483649941,106535.28483649941,0.0,0.020508417369217567
2020-12-20T00:00:00Z,106535.28483649941,106535.28483649941,0.0,0.020508417369217567
2020-12-21T00:00:00Z,106535.28483649941,106535.28483649941,0.0,0.020508417369217567
2020-12-22T00:00:00Z,106535.28483649941,106535.28483649941,0.0,0.020508417369217567
2020-12-23T00:00:00Z,106535.28483649941,106535.28483649941,0.0,0.020508417369217567
2020-12-24T00:00:00Z,106535.28483649941,106535.28483649941,0.0,0.020508417369217567
2020-12-25T00:00:00Z,106535.28483649941,106535.28483649941,0.0,0.020508417369217567
2020-12-26T00:00:00Z,106535.28483649941,106535.28483649941,0.0,0.020508417369217567
2020-12-27T00:00:00Z,106535.28483649941,106535.28483649941,0.0,0.020508417369217567
2020-12-28T00:00:00Z,106535.28483649941,106535.28483649941,0.0,0.020508417369217567
2020-12-29T00:00:00Z,106535.28483649941,106535.28483649941,0.0,0.020508417369217567
2020-12-30T00:00:00Z,106535.28483649941,106535.28483649941,0.0,0.020508417369217567
2020-12-31T00:00:00Z,106535.28483649941,106535.28483649941,0.0,0.020508417369217567
2021-01-01T00:00:00Z,106535.28483649941,106535.28483649941,0.0,0.020508417369217567
2021-01-02T00:00:00Z,106535.28483649941,106535.28483649941,0.0,0.020508417369217567
2021-01-03T00:00:00Z,106535.28483649941,106535.28483649941,0.0,0.020508417369217567
2021-01-04T00:00:00Z,106535.28483649941,106535.28483649941,0.0,0.020508417369217567
2021-01-05T00:00:00Z,106535.28483649941,106535.28483649941,0.0,0.020508417369217567
2021-01-06T00:00:00Z,106535.28483649941,106535.28483649941,0.0,0.020508417369217567
2021-01-07T00:00:00Z,106535.28483649941,106535.28483649941,0.0,0.020508417369217567
2021-01-08T00:00:00Z,106535.28483649941,106535.28483649941,0.0,0.020508417369217567
2021-01-09T00:00:00Z,106535.28483649941,106535.28483649941,0.0,0.020508417369217567
2021-01-10T00:00:00Z,106535.28483649941,106535.28483649941,0.0,0.020508417369217567
2021-01-11T00:00:00Z,106535.28483649941,106535.28483649941,0.0,0.020508417369217567
2021-01-12T00:00:00Z,106535.28483649941,106535.28483649941,0.0,0.020508417369217567
2021-01-13T00:00:00Z,106535.28483649941,106535.28483649941,0.0,0.020508417369217567
2021-01-14T00:00:00Z,106535.28483649941,106535.28483649941,0.0,0.020508417369217567
2021-01-15T00:00:00Z,106535.28483649941,106535.28483649941,0.0,0.020508417369217567
2021-01-16T00:00:00Z,106535.28483649941,106535.28483649941,0.0,0.020508417369217567
2021-01-17T00:00:00Z,106535.28483649941,106535.28483649941,0.0,0.020508417369217567
2021-01-18T00:00:00Z,106535.28483649941,106535.28483649941,0.0,0.020508417369217567
2021-01-19T00:00:00Z,106535.28483649941,106535.28483649941,0.0,0.020508417369217567
2021-01-20T00:00:00Z,106535.28483649941,106535.28483649941,0.0,0.020508417369217567
2021-01-21T00:00:00Z,106535.28483649941,106535.28483649941,0.0,0.020508417369217567
2021-01-22T00:00:00Z,106535.28483649941,106535.28483649941,0.0,0.020508417369217567
2021-01-23T00:00:00Z,106535.28483649941,106535.28483649941,0.0,0.020508417369217567
2021-01-24T00:00:00Z,106535.28483649941,106535.28483649941,0.0,0.020508417369217567
2021-01-25T00:00:00Z,106535.28483649941,106535.28483649941,0.0,0.020508417369217567
2021-01-26T00:00:00Z,106535.28483649941,106535.28483649941,0.0,0.020508417369217567
2021-01-27T00:00:00Z,106535.28483649941,106535.28483649941,0.0,0.020508417369217567
2021-01-28T00:00:00Z,106535.28483649941,106535.28483649941,0.0,0.020508417369217567
2021-01-29T00:00:00Z,106535.28483649941,106535.28483649941,0.0,0.020508417369217567
2021-01-30T00:00:00Z,106535.28483649941,106535.28483649941,0.0,0.020508417369217567
2021-01-31T00:00:00Z,106535.28483649941,106535.28483649941,0.0,0.020508417369217567
2021-02-01T00:00:00Z,106535.28483649941,106535.28483649941,0.0,0.020508417369217567
2021-02-02T00:00:00Z,106535.28483649941,106535.28483649941,0.0,0.020508417369217567
2021-02-03T00:00:00Z,106535.28483649941,106535.28483649941,0.0,0.020508417369217567
2021-02-04T00:00:00Z,106535.28483649941,106535.28483649941,0.0,0.020508417369217567
2021-02-05T00:00:00Z,106535.28483649941,106535.28483649941,0.0,0.020508417369217567
2021-02-06T00:00:00Z,106535.28483649941,106535.28483649941,0.0,0.020508417369217567
2021-02-07T00:00:00Z,106535.28483649941,106535.28483649941,0.0,0.020508417369217567
2021-02-08T00:00:00Z,106535.28483649941,106535.28483649941,0.0,0.020508417369217567
2021-02-09T00:00:00Z,106535.28483649941,106535.28483649941,0.0,0.020508417369217567
2021-02-10T00:00:00Z,106535.28483649941,106535.28483649941,0.0,0.020508417369217567
2021-02-11T00:00:00Z,106535.28483649941,106535.28483649941,0.0,0.020508417369217567
2021-02-12T00:00:00Z,106535.28483649941,106535.28483649941,0.0,0.020508417369217567
2021-02-13T00:00:00Z,106535.28483649941,106535.28483649941,0.0,0.020508417369217567
2021-02-14T00:00:00Z,106535.28483649941,106535.28483649941,0.0,0.020508417369217567
2021-02-15T00:00:00Z,106535.28483649941,106535.28483649941,0.0,0.020508417369217567
2021-02-16T00:00:00Z,106535.28483649941,106535.28483649941,0.0,0.020508417369217567
2021-02-17T00:00:00Z,106535.28483649941,106535.28483649941,0.0,0.020508417369217567
2021-02-18T00:00:00Z,106535.28483649941,106535.28483649941,0.0,0.020508417369217567
2021-02-19T00:00:00Z,106535.28483649941,106535.28483649941,0.0,0.020508417369217567
2021-02-20T00:00:00Z,106535.28483649941,106535.28483649941,0.0,0.020508417369217567
2021-02-21T00:00:00Z,106535.28483649941,106535.28483649941,0.0,0.020508417369217567
2021-02-22T00:00:00Z,106535.28483649941,106535.28483649941,0.0,0.020508417369217567
2021-02-23T00:00:00Z,106535.28483649941,106535.28483649941,0.0,0.020508417369217567
2021-02-24T00:00:00Z,106535.28483649941,106535.28483649941,0.0,0.020508417369217567
2021-02-25T00:00:00Z,106535.28483649941,106535.28483649941,0.0,0.020508417369217567
2021-02-26T00:00:00Z,106535.28483649941,106535.28483649941,0.0,0.020508417369217567
2021-02-27T00:00:00Z,106535.28483649941,106535.28483649941,0.0,0.020508417369217567
2021-02-28T00:00:00Z,106535.28483649941,106535.28483649941,0.0,0.020508417369217567
2021-03-01T00:00:00Z,106535.28483649941,106535.28483649941,0.0,0.020508417369217567
2021-03-02T00:00:00Z,106535.28483649941,106535.28483649941,0.0,0.020508417369217567
2021-03-03T00:00:00Z,106535.28483649941,106535.28483649941,0.0,0.020508417369217567
2021-03-04T00:00:00Z,106535.28483649941,106535.28483649941,0.0,0.020508417369217567
2021-03-05T00:00:00Z,106535.28483649941,106535.28483649941,0.0,0.020508417369217567
2021-03-06T00:00:00Z,106535.28483649941,106535.28483649941,0.0,0.020508417369217567
2021-03-07T00:00:00Z,106535.28483649941,106535.28483649941,0.0,0.020508417369217567
2021-03-08T00:00:00Z,106535.28483649941,106535.28483649941,0.0,0.020508417369217567
2021-03-09T00:00:00Z,106535.28483649941,106535.28483649941,0.0,0.020508417369217567
2021-03-10T00:00:00Z,106535.28483649941,106535.28483649941,0.0,0.020508417369217567
2021-03-11T00:00:00Z,106535.28483649941,106535.28483649941,0.0,0.020508417369217567
2021-03-12T00:00:00Z,106535.28483649941,106535.28483649941,0.0,0.020508417369217567
2021-03-13T00:00:00Z,106535.28483649941,106535.28483649941,0.0,0.020508417369217567
2021-03-14T00:00:00Z,106535.28483649941,106535.28483649941,0.0,0.020508417369217567
2021-03-15T00:00:00Z,106535.28483649941,106535.28483649941,0.0,0.020508417369217567
2021-03-16T00:00:00Z,106535.28483649941,106535.28483649941,0.0,0.020508417369217567
2021-03-17T00:00:00Z,106535.28483649941,106535.28483649941,0.0,0.020508417369217567
2021-03-18T00:00:00Z,106535.28483649941,106535.28483649941,0.0,0.020508417369217567
2021-03-19T00:00:00Z,106535.28483649941,106535.28483649941,0.0,0.020508417369217567
2021-03-20T00:00:00Z,106535.28483649941,106535.28483649941,0.0,0.020508417369217567
2021-03-21T00:00:00Z,106535.28483649941,106535.28483649941,0.0,0.020508417369217567
2021-03-22T00:00:00Z,106535.28483649941,106535.28483649941,0.0,0.020508417369217567
2021-03-23T00:00:00Z,106535.28483649941,106535.28483649941,0.0,0.020508417369217567
2021-03-24T00:00:00Z,106535.28483649941,106535.28483649941,0.0,0.020508417369217567
2021-03-25T00:00:00Z,106535.28483649941,106535.28483649941,0.0,0.020508417369217567
2021-03-26T00:00:00Z,106535.28483649941,106535.28483649941,0.0,0.020508417369217567
2021-03-27T00:00:00Z,106535.28483649941,106535.28483649941,0.0,0.020508417369217567
2021-03-28T00:00:00Z,106535.28483649941,106535.28483649941,0.0,0.020508417369217567
2021-03-29T00:00:00Z,106535.28483649941,106535.28483649941,0.0,0.020508417369217567
2021-03-30T00:00:00Z,106535.28483649941,106535.28483649941,0.0,0.020508417369217567
2021-03-31T00:00:00Z,106535.28483649941,106535.28483649941,0.0,0.020508417369217567
2021-04-01T00:00:00Z,106535.28483649941,106535.28483649941,0.0,0.020508417369217567
2021-04-02T00:00:00Z,106535.28483649941,106535.28483649941,0.0,0.020508417369217567
2021-04-03T00:00:00Z,106535.28483649941,106535.28483649941,0.0,0.020508417369217567
2021-04-04T00:00:00Z,106535.28483649941,106535.28483649941,0.0,0.020508417369217567
2021-04-05T00:00:00Z,106535.28483649941,106535.28483649941,0.0,0.020508417369217567
2021-04-06T00:00:00Z,106535.28483649941,106535.28483649941,0.0,0.020508417369217567
2021-04-07T00:00:00Z,106535.28483649941,106535.28483649941,0.0,0.020508417369217567
2021-04-08T00:00:00Z,106535.28483649941,106535.28483649941,0.0,0.020508417369217567
2021-04-09T00:00:00Z,106535.28483649941,106535.28483649941,0.0,0.020508417369217567
2021-04-10T00:00:00Z,106535.28483649941,106535.28483649941,0.0,0.020508417369217567
2021-04-11T00:00:00Z,106535.28483649941,106535.28483649941,0.0,0.020508417369217567
2021-04-12T00:00:00Z,106535.28483649941,106535.28483649941,0.0,0.020508417369217567
2021-04-13T00:00:00Z,106535.28483649941,106535.28483649941,0.0,0.020508417369217567
2021-04-14T00:00:00Z,106535.28483649941,106535.28483649941,0.0,0.020508417369217567
2021-04-15T00:00:00Z,106752.89914592105,98001.022853206,8751.876292715055,0.01850765879739199
2021-04-16T00:00:00Z,106917.77442905352,98001.022853206,8916.751575847515,0.01699178588955714
2021-04-17T00:00:00Z,106506.44268486755,98001.022853206,8505.41983166155,0.02077359378275724
2021-04-18T00:00:00Z,106258.47836528378,98001.022853206,8257.455512077786,0.023053392106831945
2021-04-19T00:00:00Z,105450.21940698105,105450.21940698105,0.0,0.030484571809016533
2021-04-20T00:00:00Z,105450.21940698105,105450.21940698105,0.0,0.030484571809016533
2021-04-21T00:00:00Z,105450.21940698105,105450.21940698105,0.0,0.030484571809016533
2021-04-22T00:00:00Z,105450.21940698105,105450.21940698105,0.0,0.030484571809016533
2021-04-23T00:00:00Z,105450.21940698105,105450.21940698105,0.0,0.030484571809016533
2021-04-24T00:00:00Z,105450.21940698105,105450.21940698105,0.0,0.030484571809016533
2021-04-25T00:00:00Z,105450.21940698105,105450.21940698105,0.0,0.030484571809016533
2021-04-26T00:00:00Z,105450.21940698105,105450.21940698105,0.0,0.030484571809016533
2021-04-27T00:00:00Z,105450.21940698105,105450.21940698105,0.0,0.030484571809016533
2021-04-28T00:00:00Z,105450.21940698105,105450.21940698105,0.0,0.030484571809016533
2021-04-29T00:00:00Z,105450.21940698105,105450.21940698105,0.0,0.030484571809016533
2021-04-30T00:00:00Z,105450.21940698105,105450.21940698105,0.0,0.030484571809016533
2021-05-01T00:00:00Z,105450.21940698105,105450.21940698105,0.0,0.030484571809016533
2021-05-02T00:00:00Z,105450.21940698105,105450.21940698105,0.0,0.030484571809016533
2021-05-03T00:00:00Z,105450.21940698105,105450.21940698105,0.0,0.030484571809016533
2021-05-04T00:00:00Z,105450.21940698105,105450.21940698105,0.0,0.030484571809016533
2021-05-05T00:00:00Z,105450.21940698105,105450.21940698105,0.0,0.030484571809016533
2021-05-06T00:00:00Z,105450.21940698105,105450.21940698105,0.0,0.030484571809016533
2021-05-07T00:00:00Z,105450.21940698105,105450.21940698105,0.0,0.030484571809016533
2021-05-08T00:00:00Z,105450.21940698105,105450.21940698105,0.0,0.030484571809016533
2021-05-09T00:00:00Z,105450.21940698105,105450.21940698105,0.0,0.030484571809016533
2021-05-10T00:00:00Z,105450.21940698105,105450.21940698105,0.0,0.030484571809016533
2021-05-11T00:00:00Z,105450.21940698105,105450.21940698105,0.0,0.030484571809016533
2021-05-12T00:00:00Z,105450.21940698105,105450.21940698105,0.0,0.030484571809016533
2021-05-13T00:00:00Z,105450.21940698105,105450.21940698105,0.0,0.030484571809016533
2021-05-14T00:00:00Z,105450.21940698105,105450.21940698105,0.0,0.030484571809016533
2021-05-15T00:00:00Z,105450.21940698105,105450.21940698105,0.0,0.030484571809016533
2021-05-16T00:00:00Z,105450.21940698105,105450.21940698105,0.0,0.030484571809016533
2021-05-17T00:00:00Z,105450.21940698105,105450.21940698105,0.0,0.030484571809016533
2021-05-18T00:00:00Z,105450.21940698105,105450.21940698105,0.0,0.030484571809016533
2021-05-19T00:00:00Z,105450.21940698105,105450.21940698105,0.0,0.030484571809016533
2021-05-20T00:00:00Z,105450.21940698105,105450.21940698105,0.0,0.030484571809016533
2021-05-21T00:00:00Z,105450.21940698105,105450.21940698105,0.0,0.030484571809016533
2021-05-22T00:00:00Z,105450.21940698105,105450.21940698105,0.0,0.030484571809016533
2021-05-23T00:00:00Z,105450.21940698105,105450.21940698105,0.0,0.030484571809016533
2021-05-24T00:00:00Z,105450.21940698105,105450.21940698105,0.0,0.030484571809016533
2021-05-25T00:00:00Z,105450.21940698105,105450.21940698105,0.0,0.030484571809016533
2021-05-26T00:00:00Z,105450.21940698105,105450.21940698105,0.0,0.030484571809016533
2021-05-27T00:00:00Z,105450.21940698105,105450.21940698105,0.0,0.030484571809016533
2021-05-28T00:00:00Z,105450.21940698105,105450.21940698105,0.0,0.030484571809016533
2021-05-29T00:00:00Z,105450.21940698105,105450.21940698105,0.0,0.030484571809016533
2021-05-30T00:00:00Z,105450.21940698105,105450.21940698105,0.0,0.030484571809016533
2021-05-31T00:00:00Z,105450.21940698105,105450.21940698105,0.0,0.030484571809016533
2021-06-01T00:00:00Z,105450.21940698105,105450.21940698105,0.0,0.030484571809016533
2021-06-02T00:00:00Z,105450.21940698105,105450.21940698105,0.0,0.030484571809016533
2021-06-03T00:00:00Z,105450.21940698105,105450.21940698105,0.0,0.030484571809016533
2021-06-04T00:00:00Z,105450.21940698105,105450.21940698105,0.0,0.030484571809016533
2021-06-05T00:00:00Z,105450.21940698105,105450.21940698105,0.0,0.030484571809016533
2021-06-06T00:00:00Z,105450.21940698105,105450.21940698105,0.0,0.030484571809016533
2021-06-07T00:00:00Z,105450.21940698105,105450.21940698105,0.0,0.030484571809016533
2021-06-08T00:00:00Z,105450.21940698105,105450.21940698105,0.0,0.030484571809016533
2021-06-09T00:00:00Z,105450.21940698105,105450.21940698105,0.0,0.030484571809016533
2021-06-10T00:00:00Z,105450.21940698105,105450.21940698105,0.0,0.030484571809016533
2021-06-11T00:00:00Z,105450.21940698105,105450.21940698105,0.0,0.030484571809016533
2021-06-12T00:00:00Z,105450.21940698105,105450.21940698105,0.0,0.030484571809016533
2021-06-13T00:00:00Z,105450.21940698105,105450.21940698105,0.0,0.030484571809016533
2021-06-14T00:00:00Z,105450.21940698105,105450.21940698105,0.0,0.030484571809016533
2021-06-15T00:00:00Z,105450.21940698105,105450.21940698105,0.0,0.030484571809016533
2021-06-16T00:00:00Z,105450.21940698105,105450.21940698105,0.0,0.030484571809016533
2021-06-17T00:00:00Z,105450.21940698105,105450.21940698105,0.0,0.030484571809016533
2021-06-18T00:00:00Z,105450.21940698105,105450.21940698105,0.0,0.030484571809016533
2021-06-19T00:00:00Z,105450.21940698105,105450.21940698105,0.0,0.030484571809016533
2021-06-20T00:00:00Z,105450.21940698105,105450.21940698105,0.0,0.030484571809016533
2021-06-21T00:00:00Z,105450.21940698105,105450.21940698105,0.0,0.030484571809016533
2021-06-22T00:00:00Z,105450.21940698105,105450.21940698105,0.0,0.030484571809016533
2021-06-23T00:00:00Z,105450.21940698105,105450.21940698105,0.0,0.030484571809016533
2021-06-24T00:00:00Z,105450.21940698105,105450.21940698105,0.0,0.030484571809016533
2021-06-25T00:00:00Z,105450.21940698105,105450.21940698105,0.0,0.030484571809016533
2021-06-26T00:00:00Z,105450.21940698105,105450.21940698105,0.0,0.030484571809016533
2021-06-27T00:00:00Z,105450.21940698105,105450.21940698105,0.0,0.030484571809016533
2021-06-28T00:00:00Z,105450.21940698105,105450.21940698105,0.0,0.030484571809016533
2021-06-29T00:00:00Z,105450.21940698105,105450.21940698105,0.0,0.030484571809016533
2021-06-30T00:00:00Z,105450.21940698105,105450.21940698105,0.0,0.030484571809016533
2021-07-01T00:00:00Z,105450.21940698105,105450.21940698105,0.0,0.030484571809016533
2021-07-02T00:00:00Z,105450.21940698105,105450.21940698105,0.0,0.030484571809016533
2021-07-03T00:00:00Z,105450.21940698105,105450.21940698105,0.0,0.030484571809016533
2021-07-04T00:00:00Z,105450.21940698105,105450.21940698105,0.0,0.030484571809016533
2021-07-05T00:00:00Z,105450.21940698105,105450.21940698105,0.0,0.030484571809016533
2021-07-06T00:00:00Z,105450.21940698105,105450.21940698105,0.0,0.030484571809016533
2021-07-07T00:00:00Z,105450.21940698105,105450.21940698105,0.0,0.030484571809016533
2021-07-08T00:00:00Z,105450.21940698105,105450.21940698105,0.0,0.030484571809016533
2021-07-09T00:00:00Z,105450.21940698105,105450.21940698105,0.0,0.030484571809016533
2021-07-10T00:00:00Z,105450.21940698105,105450.21940698105,0.0,0.030484571809016533
2021-07-11T00:00:00Z,105450.21940698105,105450.21940698105,0.0,0.030484571809016533
2021-07-12T00:00:00Z,105450.21940698105,105450.21940698105,0.0,0.030484571809016533
2021-07-13T00:00:00Z,105450.21940698105,105450.21940698105,0.0,0.030484571809016533
2021-07-14T00:00:00Z,105450.21940698105,105450.21940698105,0.0,0.030484571809016533
2021-07-15T00:00:00Z,105450.21940698105,105450.21940698105,0.0,0.030484571809016533
2021-07-16T00:00:00Z,105450.21940698105,105450.21940698105,0.0,0.030484571809016533
2021-07-17T00:00:00Z,105450.21940698105,105450.21940698105,0.0,0.030484571809016533
2021-07-18T00:00:00Z,105450.21940698105,105450.21940698105,0.0,0.030484571809016533
2021-07-19T00:00:00Z,105450.21940698105,105450.21940698105,0.0,0.030484571809016533
2021-07-20T00:00:00Z,105450.21940698105,105450.21940698105,0.0,0.030484571809016533
2021-07-21T00:00:00Z,105450.21940698105,105450.21940698105,0.0,0.030484571809016533
2021-07-22T00:00:00Z,105450.21940698105,105450.21940698105,0.0,0.030484571809016533
2021-07-23T00:00:00Z,105450.21940698105,105450.21940698105,0.0,0.030484571809016533
2021-07-24T00:00:00Z,105450.21940698105,105450.21940698105,0.0,0.030484571809016533
2021-07-25T00:00:00Z,105450.21940698105,105450.21940698105,0.0,0.030484571809016533
2021-07-26T00:00:00Z,105450.21940698105,105450.21940698105,0.0,0.030484571809016533
2021-07-27T00:00:00Z,105450.21940698105,105450.21940698105,0.0,0.030484571809016533
2021-07-28T00:00:00Z,105450.21940698105,105450.21940698105,0.0,0.030484571809016533
2021-07-29T00:00:00Z,105450.21940698105,105450.21940698105,0.0,0.030484571809016533
2021-07-30T00:00:00Z,105450.21940698105,105450.21940698105,0.0,0.030484571809016533
2021-07-31T00:00:00Z,105450.21940698105,105450.21940698105,0.0,0.030484571809016533
2021-08-01T00:00:00Z,105450.21940698105,105450.21940698105,0.0,0.030484571809016533
2021-08-02T00:00:00Z,105450.21940698105,105450.21940698105,0.0,0.030484571809016533
2021-08-03T00:00:00Z,105450.21940698105,105450.21940698105,0.0,0.030484571809016533
2021-08-04T00:00:00Z,105450.21940698105,105450.21940698105,0.0,0.030484571809016533
2021-08-05T00:00:00Z,105450.21940698105,105450.21940698105,0.0,0.030484571809016533
2021-08-06T00:00:00Z,105450.21940698105,105450.21940698105,0.0,0.030484571809016533
2021-08-07T00:00:00Z,105450.21940698105,105450.21940698105,0.0,0.030484571809016533
2021-08-08T00:00:00Z,105921.44714259924,95783.14651443556,10138.30062816368,0.026152076699546053
2021-08-09T00:00:00Z,105597.51331875916,95783.14651443556,9814.366804323588,0.02913034304827465
2021-08-10T00:00:00Z,105936.96204536236,95783.14651443556,10153.815530926811,0.026009431784435155
2021-08-11T00:00:00Z,107334.89333066248,95783.14651443556,11551.746816226918,0.013156770535637505
2021-08-12T00:00:00Z,108137.8480564953,95783.14651443556,12354.701542059738,0.0057743582541676846
2021-08-13T00:00:00Z,108388.89487707063,95783.14651443556,12605.748362635075,0.003466219237342077
2021-08-14T00:00:00Z,110492.82307084712,95783.14651443556,14709.676556411561,0.0
2021-08-15T00:00:00Z,110854.06424738294,95783.14651443556,15070.917732947373,0.0
2021-08-16T00:00:00Z,110703.52013099767,95783.14651443556,14920.373616562114,0.0013580387639131654
2021-08-17T00:00:00Z,110039.8003000595,95783.14651443556,14256.65378562395,0.007345368461243888
2021-08-18T00:00:00Z,109020.5799442734,95783.14651443556,13237.433429837836,0.01653962184929834
2021-08-19T00:00:00Z,110273.39801748288,95783.14651443556,14490.25150304732,0.005238114036164159
2021-08-20T00:00:00Z,112589.79915646443,95783.14651443556,16806.65264202888,0.0
2021-08-21T00:00:00Z,112691.69916556176,95783.14651443556,16908.552651126196,0.0
2021-08-22T00:00:00Z,112549.68342740343,95783.14651443556,16766.536912967873,0.001260214720426598
2021-08-23T00:00:00Z,114350.09359219139,95783.14651443556,18566.947077755834,0.0
2021-08-24T00:00:00Z,115868.15179986156,95783.14651443556,20085.005285426003,0.0
2021-08-25T00:00:00Z,114495.46836874742,95783.14651443556,18712.321854311853,0.011846943355799545
2021-08-26T00:00:00Z,114636.6305807555,95783.14651443556,18853.48406631994,0.01062864298753342
2021-08-27T00:00:00Z,113183.8051740996,95783.14651443556,17400.658659664048,0.023167251605071045
2021-08-28T00:00:00Z,116063.55422206195,95783.14651443556,20280.40770762639,0.0
2021-08-29T00:00:00Z,115378.40675478766,95783.14651443556,19595.260240352105,0.005903209425789369
2021-08-30T00:00:00Z,115399.28372909137,95783.14651443556,19616.13721465582,0.005723334059713913
2021-08-31T00:00:00Z,114610.83206453713,95783.14651443556,18827.68555010157,0.012516609260003904
2021-09-01T00:00:00Z,114843.55560598406,95783.14651443556,19060.409091548492,0.010511470411665112
2021-09-02T00:00:00Z,115540.92777037782,95783.14651443556,19757.781255942264,0.004502933372901908
2021-09-03T00:00:00Z,116161.89557777482,95783.14651443556,20378.749063339263,0.0
2021-09-04T00:00:00Z,116196.63546874444,95783.14651443556,20413.488954308876,0.0
2021-09-05T00:00:00Z,115254.74871213478,95783.14651443556,19471.602197699223,0.008105972714356402
2021-09-06T00:00:00Z,115823.80973970181,95783.14651443556,20040.663225266253,0.0032085759414515248
2021-09-07T00:00:00Z,115795.61446275761,115795.61446275761,0.0,0.0034512273472384314
2021-09-08T00:00:00Z,115795.61446275761,115795.61446275761,0.0,0.0034512273472384314
2021-09-09T00:00:00Z,115795.61446275761,115795.61446275761,0.0,0.0034512273472384314
2021-09-10T00:00:00Z,115795.61446275761,115795.61446275761,0.0,0.0034512273472384314
2021-09-11T00:00:00Z,115795.61446275761,115795.61446275761,0.0,0.0034512273472384314
2021-09-12T00:00:00Z,115795.61446275761,115795.61446275761,0.0,0.0034512273472384314
2021-09-13T00:00:00Z,115795.61446275761,115795.61446275761,0.0,0.0034512273472384314
2021-09-14T00:00:00Z,115795.61446275761,115795.61446275761,0.0,0.0034512273472384314
2021-09-15T00:00:00Z,115795.61446275761,115795.61446275761,0.0,0.0034512273472384314
2021-09-16T00:00:00Z,115795.61446275761,115795.61446275761,0.0,0.0034512273472384314
2021-09-17T00:00:00Z,115795.61446275761,115795.61446275761,0.0,0.0034512273472384314
2021-09-18T00:00:00Z,115795.61446275761,115795.61446275761,0.0,0.0034512273472384314
2021-09-19T00:00:00Z,115795.61446275761,115795.61446275761,0.0,0.0034512273472384314
2021-09-20T00:00:00Z,115795.61446275761,115795.61446275761,0.0,0.0034512273472384314
2021-09-21T00:00:00Z,115795.61446275761,115795.61446275761,0.0,0.0034512273472384314
2021-09-22T00:00:00Z,115795.61446275761,115795.61446275761,0.0,0.0034512273472384314
2021-09-23T00:00:00Z,115795.61446275761,115795.61446275761,0.0,0.0034512273472384314
2021-09-24T00:00:00Z,115795.61446275761,115795.61446275761,0.0,0.0034512273472384314
2021-09-25T00:00:00Z,115795.61446275761,115795.61446275761,0.0,0.0034512273472384314
2021-09-26T00:00:00Z,115795.61446275761,115795.61446275761,0.0,0.0034512273472384314
2021-09-27T00:00:00Z,115795.61446275761,115795.61446275761,0.0,0.0034512273472384314
2021-09-28T00:00:00Z,115795.61446275761,115795.61446275761,0.0,0.0034512273472384314
2021-09-29T00:00:00Z,115795.61446275761,115795.61446275761,0.0,0.0034512273472384314
2021-09-30T00:00:00Z,115795.61446275761,115795.61446275761,0.0,0.0034512273472384314
2021-10-01T00:00:00Z,115795.61446275761,115795.61446275761,0.0,0.0034512273472384314
2021-10-02T00:00:00Z,115795.61446275761,115795.61446275761,0.0,0.0034512273472384314
2021-10-03T00:00:00Z,115795.61446275761,115795.61446275761,0.0,0.0034512273472384314
2021-10-04T00:00:00Z,115795.61446275761,115795.61446275761,0.0,0.0034512273472384314
2021-10-05T00:00:00Z,115795.61446275761,115795.61446275761,0.0,0.0034512273472384314
2021-10-06T00:00:00Z,115795.61446275761,115795.61446275761,0.0,0.0034512273472384314
2021-10-07T00:00:00Z,115795.61446275761,115795.61446275761,0.0,0.0034512273472384314
2021-10-08T00:00:00Z,115795.61446275761,115795.61446275761,0.0,0.0034512273472384314
2021-10-09T00:00:00Z,115795.61446275761,115795.61446275761,0.0,0.0034512273472384314
2021-10-10T00:00:00Z,115795.61446275761,115795.61446275761,0.0,0.0034512273472384314
2021-10-11T00:00:00Z,115795.61446275761,115795.61446275761,0.0,0.0034512273472384314
2021-10-12T00:00:00Z,115795.61446275761,115795.61446275761,0.0,0.0034512273472384314
2021-10-13T00:00:00Z,115795.61446275761,115795.61446275761,0.0,0.0034512273472384314
2021-10-14T00:00:00Z,115795.61446275761,115795.61446275761,0.0,0.0034512273472384314
2021-10-15T00:00:00Z,115795.61446275761,115795.61446275761,0.0,0.0034512273472384314
2021-10-16T00:00:00Z,115795.61446275761,115795.61446275761,0.0,0.0034512273472384314
2021-10-17T00:00:00Z,115795.61446275761,115795.61446275761,0.0,0.0034512273472384314
2021-10-18T00:00:00Z,115795.61446275761,115795.61446275761,0.0,0.0034512273472384314
2021-10-19T00:00:00Z,115795.61446275761,115795.61446275761,0.0,0.0034512273472384314
2021-10-20T00:00:00Z,115795.61446275761,115795.61446275761,0.0,0.0034512273472384314
2021-10-21T00:00:00Z,115795.61446275761,115795.61446275761,0.0,0.0034512273472384314
2021-10-22T00:00:00Z,115795.61446275761,115795.61446275761,0.0,0.0034512273472384314
2021-10-23T00:00:00Z,115795.61446275761,115795.61446275761,0.0,0.0034512273472384314
2021-10-24T00:00:00Z,115795.61446275761,115795.61446275761,0.0,0.0034512273472384314
2021-10-25T00:00:00Z,115795.61446275761,115795.61446275761,0.0,0.0034512273472384314
2021-10-26T00:00:00Z,115795.61446275761,115795.61446275761,0.0,0.0034512273472384314
2021-10-27T00:00:00Z,115795.61446275761,115795.61446275761,0.0,0.0034512273472384314
2021-10-28T00:00:00Z,115795.61446275761,115795.61446275761,0.0,0.0034512273472384314
2021-10-29T00:00:00Z,115795.61446275761,115795.61446275761,0.0,0.0034512273472384314
2021-10-30T00:00:00Z,115795.61446275761,115795.61446275761,0.0,0.0034512273472384314
2021-10-31T00:00:00Z,115795.61446275761,115795.61446275761,0.0,0.0034512273472384314
2021-11-01T00:00:00Z,115795.61446275761,115795.61446275761,0.0,0.0034512273472384314
2021-11-02T00:00:00Z,115795.61446275761,115795.61446275761,0.0,0.0034512273472384314
2021-11-03T00:00:00Z,115795.61446275761,115795.61446275761,0.0,0.0034512273472384314
2021-11-04T00:00:00Z,115795.61446275761,115795.61446275761,0.0,0.0034512273472384314
2021-11-05T00:00:00Z,115795.61446275761,115795.61446275761,0.0,0.0034512273472384314
2021-11-06T00:00:00Z,115795.61446275761,115795.61446275761,0.0,0.0034512273472384314
2021-11-07T00:00:00Z,115795.61446275761,115795.61446275761,0.0,0.0034512273472384314
2021-11-08T00:00:00Z,115795.61446275761,115795.61446275761,0.0,0.0034512273472384314
2021-11-09T00:00:00Z,115795.61446275761,115795.61446275761,0.0,0.0034512273472384314
2021-11-10T00:00:00Z,115795.61446275761,115795.61446275761,0.0,0.0034512273472384314
2021-11-11T00:00:00Z,115795.61446275761,115795.61446275761,0.0,0.0034512273472384314
2021-11-12T00:00:00Z,115795.61446275761,115795.61446275761,0.0,0.0034512273472384314
2021-11-13T00:00:00Z,115795.61446275761,115795.61446275761,0.0,0.0034512273472384314
2021-11-14T00:00:00Z,115795.61446275761,115795.61446275761,0.0,0.0034512273472384314
2021-11-15T00:00:00Z,115795.61446275761,115795.61446275761,0.0,0.0034512273472384314
2021-11-16T00:00:00Z,115795.61446275761,115795.61446275761,0.0,0.0034512273472384314
2021-11-17T00:00:00Z,115795.61446275761,115795.61446275761,0.0,0.0034512273472384314
2021-11-18T00:00:00Z,115795.61446275761,115795.61446275761,0.0,0.0034512273472384314
2021-11-19T00:00:00Z,115795.61446275761,115795.61446275761,0.0,0.0034512273472384314
2021-11-20T00:00:00Z,115795.61446275761,115795.61446275761,0.0,0.0034512273472384314
2021-11-21T00:00:00Z,115795.61446275761,115795.61446275761,0.0,0.0034512273472384314
2021-11-22T00:00:00Z,115795.61446275761,115795.61446275761,0.0,0.0034512273472384314
2021-11-23T00:00:00Z,115795.61446275761,115795.61446275761,0.0,0.0034512273472384314
2021-11-24T00:00:00Z,115795.61446275761,115795.61446275761,0.0,0.0034512273472384314
2021-11-25T00:00:00Z,115795.61446275761,115795.61446275761,0.0,0.0034512273472384314
2021-11-26T00:00:00Z,115795.61446275761,115795.61446275761,0.0,0.0034512273472384314
2021-11-27T00:00:00Z,115795.61446275761,115795.61446275761,0.0,0.0034512273472384314
2021-11-28T00:00:00Z,115795.61446275761,115795.61446275761,0.0,0.0034512273472384314
2021-11-29T00:00:00Z,115795.61446275761,115795.61446275761,0.0,0.0034512273472384314
2021-11-30T00:00:00Z,115795.61446275761,115795.61446275761,0.0,0.0034512273472384314
2021-12-01T00:00:00Z,115795.61446275761,115795.61446275761,0.0,0.0034512273472384314
2021-12-02T00:00:00Z,115795.61446275761,115795.61446275761,0.0,0.0034512273472384314
2021-12-03T00:00:00Z,115795.61446275761,115795.61446275761,0.0,0.0034512273472384314
2021-12-04T00:00:00Z,115795.61446275761,115795.61446275761,0.0,0.0034512273472384314
2021-12-05T00:00:00Z,115795.61446275761,115795.61446275761,0.0,0.0034512273472384314
2021-12-06T00:00:00Z,115795.61446275761,115795.61446275761,0.0,0.0034512273472384314
2021-12-07T00:00:00Z,115795.61446275761,115795.61446275761,0.0,0.0034512273472384314
2021-12-08T00:00:00Z,115795.61446275761,115795.61446275761,0.0,0.0034512273472384314
2021-12-09T00:00:00Z,115795.61446275761,115795.61446275761,0.0,0.0034512273472384314
2021-12-10T00:00:00Z,115795.61446275761,115795.61446275761,0.0,0.0034512273472384314
2021-12-11T00:00:00Z,115795.61446275761,115795.61446275761,0.0,0.0034512273472384314
2021-12-12T00:00:00Z,115795.61446275761,115795.61446275761,0.0,0.0034512273472384314
2021-12-13T00:00:00Z,115795.61446275761,115795.61446275761,0.0,0.0034512273472384314
2021-12-14T00:00:00Z,115795.61446275761,115795.61446275761,0.0,0.0034512273472384314
2021-12-15T00:00:00Z,115795.61446275761,115795.61446275761,0.0,0.0034512273472384314
2021-12-16T00:00:00Z,115795.61446275761,115795.61446275761,0.0,0.0034512273472384314
2021-12-17T00:00:00Z,115795.61446275761,115795.61446275761,0.0,0.0034512273472384314
2021-12-18T00:00:00Z,115795.61446275761,115795.61446275761,0.0,0.0034512273472384314
2021-12-19T00:00:00Z,115795.61446275761,115795.61446275761,0.0,0.0034512273472384314
2021-12-20T00:00:00Z,115795.61446275761,115795.61446275761,0.0,0.0034512273472384314
2021-12-21T00:00:00Z,115795.61446275761,115795.61446275761,0.0,0.0034512273472384314
2021-12-22T00:00:00Z,115795.61446275761,115795.61446275761,0.0,0.0034512273472384314
2021-12-23T00:00:00Z,115795.61446275761,115795.61446275761,0.0,0.0034512273472384314
2021-12-24T00:00:00Z,115795.61446275761,115795.61446275761,0.0,0.0034512273472384314
2021-12-25T00:00:00Z,115795.61446275761,115795.61446275761,0.0,0.0034512273472384314
2021-12-26T00:00:00Z,115795.61446275761,115795.61446275761,0.0,0.0034512273472384314
2021-12-27T00:00:00Z,115795.61446275761,115795.61446275761,0.0,0.0034512273472384314
2021-12-28T00:00:00Z,115795.61446275761,115795.61446275761,0.0,0.0034512273472384314
2021-12-29T00:00:00Z,115060.55607466656,106413.83365152199,8646.722423144576,0.009777214198112255
2021-12-30T00:00:00Z,115046.72015145585,115046.72015145585,0.0,0.009896287552989427
2021-12-31T00:00:00Z,115046.72015145585,115046.72015145585,0.0,0.009896287552989427
2022-01-01T00:00:00Z,115046.72015145585,115046.72015145585,0.0,0.009896287552989427
2022-01-02T00:00:00Z,115046.72015145585,115046.72015145585,0.0,0.009896287552989427
2022-01-03T00:00:00Z,115046.72015145585,115046.72015145585,0.0,0.009896287552989427
2022-01-04T00:00:00Z,115046.72015145585,115046.72015145585,0.0,0.009896287552989427
2022-01-05T00:00:00Z,115046.72015145585,115046.72015145585,0.0,0.009896287552989427
2022-01-06T00:00:00Z,115046.72015145585,115046.72015145585,0.0,0.009896287552989427
2022-01-07T00:00:00Z,115046.72015145585,115046.72015145585,0.0,0.009896287552989427
2022-01-08T00:00:00Z,115046.72015145585,115046.72015145585,0.0,0.009896287552989427
2022-01-09T00:00:00Z,115046.72015145585,115046.72015145585,0.0,0.009896287552989427
2022-01-10T00:00:00Z,115046.72015145585,115046.72015145585,0.0,0.009896287552989427
2022-01-11T00:00:00Z,115046.72015145585,115046.72015145585,0.0,0.009896287552989427
2022-01-12T00:00:00Z,115046.72015145585,115046.72015145585,0.0,0.009896287552989427
2022-01-13T00:00:00Z,115046.72015145585,115046.72015145585,0.0,0.009896287552989427
2022-01-14T00:00:00Z,115046.72015145585,115046.72015145585,0.0,0.009896287552989427
2022-01-15T00:00:00Z,115046.72015145585,115046.72015145585,0.0,0.009896287552989427
2022-01-16T00:00:00Z,115046.72015145585,115046.72015145585,0.0,0.009896287552989427
2022-01-17T00:00:00Z,115046.72015145585,115046.72015145585,0.0,0.009896287552989427
2022-01-18T00:00:00Z,115046.72015145585,115046.72015145585,0.0,0.009896287552989427
2022-01-19T00:00:00Z,114287.06809753008,106805.18043777799,7481.887659752089,0.016433929980081165
2022-01-20T00:00:00Z,113877.39892614499,113877.39892614499,0.0,0.01995958431363788
2022-01-21T00:00:00Z,113877.39892614499,113877.39892614499,0.0,0.01995958431363788
2022-01-22T00:00:00Z,113877.39892614499,113877.39892614499,0.0,0.01995958431363788
2022-01-23T00:00:00Z,113877.39892614499,113877.39892614499,0.0,0.01995958431363788
2022-01-24T00:00:00Z,113877.39892614499,113877.39892614499,0.0,0.01995958431363788
2022-01-25T00:00:00Z,113877.39892614499,113877.39892614499,0.0,0.01995958431363788
2022-01-26T00:00:00Z,113877.39892614499,113877.39892614499,0.0,0.01995958431363788
2022-01-27T00:00:00Z,113877.39892614499,113877.39892614499,0.0,0.01995958431363788
2022-01-28T00:00:00Z,113877.39892614499,113877.39892614499,0.0,0.01995958431363788
2022-01-29T00:00:00Z,113877.39892614499,113877.39892614499,0.0,0.01995958431363788
2022-01-30T00:00:00Z,113877.39892614499,113877.39892614499,0.0,0.01995958431363788
2022-01-31T00:00:00Z,113877.39892614499,113877.39892614499,0.0,0.01995958431363788
2022-02-01T00:00:00Z,113877.39892614499,113877.39892614499,0.0,0.01995958431363788
2022-02-02T00:00:00Z,113877.39892614499,113877.39892614499,0.0,0.01995958431363788
2022-02-03T00:00:00Z,113877.39892614499,113877.39892614499,0.0,0.01995958431363788
2022-02-04T00:00:00Z,113877.39892614499,113877.39892614499,0.0,0.01995958431363788
2022-02-05T00:00:00Z,113877.39892614499,113877.39892614499,0.0,0.01995958431363788
2022-02-06T00:00:00Z,113877.39892614499,113877.39892614499,0.0,0.01995958431363788
2022-02-07T00:00:00Z,113877.39892614499,113877.39892614499,0.0,0.01995958431363788
2022-02-08T00:00:00Z,113877.39892614499,113877.39892614499,0.0,0.01995958431363788
2022-02-09T00:00:00Z,113877.39892614499,113877.39892614499,0.0,0.01995958431363788
2022-02-10T00:00:00Z,113877.39892614499,113877.39892614499,0.0,0.01995958431363788
2022-02-11T00:00:00Z,113877.39892614499,113877.39892614499,0.0,0.01995958431363788
2022-02-12T00:00:00Z,113877.39892614499,113877.39892614499,0.0,0.01995958431363788
2022-02-13T00:00:00Z,113877.39892614499,113877.39892614499,0.0,0.01995958431363788
2022-02-14T00:00:00Z,113877.39892614499,113877.39892614499,0.0,0.01995958431363788
2022-02-15T00:00:00Z,113877.39892614499,113877.39892614499,0.0,0.01995958431363788
2022-02-16T00:00:00Z,113877.39892614499,113877.39892614499,0.0,0.01995958431363788
2022-02-17T00:00:00Z,113877.39892614499,113877.39892614499,0.0,0.01995958431363788
2022-02-18T00:00:00Z,113877.39892614499,113877.39892614499,0.0,0.01995958431363788
2022-02-19T00:00:00Z,113877.39892614499,113877.39892614499,0.0,0.01995958431363788
2022-02-20T00:00:00Z,113877.39892614499,113877.39892614499,0.0,0.01995958431363788
2022-02-21T00:00:00Z,113877.39892614499,113877.39892614499,0.0,0.01995958431363788
2022-02-22T00:00:00Z,113877.39892614499,113877.39892614499,0.0,0.01995958431363788
2022-02-23T00:00:00Z,113877.39892614499,113877.39892614499,0.0,0.01995958431363788
2022-02-24T00:00:00Z,113877.39892614499,113877.39892614499,0.0,0.01995958431363788
2022-02-25T00:00:00Z,113877.39892614499,113877.39892614499,0.0,0.01995958431363788
2022-02-26T00:00:00Z,113877.39892614499,113877.39892614499,0.0,0.01995958431363788
2022-02-27T00:00:00Z,113877.39892614499,113877.39892614499,0.0,0.01995958431363788
2022-02-28T00:00:00Z,113877.39892614499,113877.39892614499,0.0,0.01995958431363788
2022-03-01T00:00:00Z,113877.39892614499,113877.39892614499,0.0,0.01995958431363788
2022-03-02T00:00:00Z,113877.39892614499,113877.39892614499,0.0,0.01995958431363788
2022-03-03T00:00:00Z,113877.39892614499,113877.39892614499,0.0,0.01995958431363788
2022-03-04T00:00:00Z,113877.39892614499,113877.39892614499,0.0,0.01995958431363788
2022-03-05T00:00:00Z,113877.39892614499,113877.39892614499,0.0,0.01995958431363788
2022-03-06T00:00:00Z,113877.39892614499,113877.39892614499,0.0,0.01995958431363788
2022-03-07T00:00:00Z,113877.39892614499,113877.39892614499,0.0,0.01995958431363788
2022-03-08T00:00:00Z,113877.39892614499,113877.39892614499,0.0,0.01995958431363788
2022-03-09T00:00:00Z,113877.39892614499,113877.39892614499,0.0,0.01995958431363788
2022-03-10T00:00:00Z,113877.39892614499,113877.39892614499,0.0,0.01995958431363788
2022-03-11T00:00:00Z,113877.39892614499,113877.39892614499,0.0,0.01995958431363788
2022-03-12T00:00:00Z,113877.39892614499,113877.39892614499,0.0,0.01995958431363788
2022-03-13T00:00:00Z,113877.39892614499,113877.39892614499,0.0,0.01995958431363788
2022-03-14T00:00:00Z,113877.39892614499,113877.39892614499,0.0,0.01995958431363788
2022-03-15T00:00:00Z,113877.39892614499,113877.39892614499,0.0,0.01995958431363788
2022-03-16T00:00:00Z,113877.39892614499,113877.39892614499,0.0,0.01995958431363788
2022-03-17T00:00:00Z,113877.39892614499,113877.39892614499,0.0,0.01995958431363788
2022-03-18T00:00:00Z,113877.39892614499,113877.39892614499,0.0,0.01995958431363788
2022-03-19T00:00:00Z,113877.39892614499,113877.39892614499,0.0,0.01995958431363788
2022-03-20T00:00:00Z,113877.39892614499,113877.39892614499,0.0,0.01995958431363788
2022-03-21T00:00:00Z,113877.39892614499,113877.39892614499,0.0,0.01995958431363788
2022-03-22T00:00:00Z,113877.39892614499,113877.39892614499,0.0,0.01995958431363788
2022-03-23T00:00:00Z,113877.39892614499,113877.39892614499,0.0,0.01995958431363788
2022-03-24T00:00:00Z,113877.39892614499,113877.39892614499,0.0,0.01995958431363788
2022-03-25T00:00:00Z,114094.56378511815,102361.01268997176,11733.5510951464,0.01809064156760133
2022-03-26T00:00:00Z,113732.3048705229,102361.01268997176,11371.29218055114,0.021208278434915746
2022-03-27T00:00:00Z,114313.04594026029,102361.01268997176,11952.033250288534,0.016210362037468954
2022-03-28T00:00:00Z,114645.0595453509,102361.01268997176,12284.04685537915,0.013353019363550288
2022-03-29T00:00:00Z,114490.81365475192,102361.01268997176,12129.80096478016,0.014680475102494359
2022-03-30T00:00:00Z,114712.80281319167,102361.01268997176,12351.790123219915,0.012770013947193064
2022-03-31T00:00:00Z,114705.42565536738,102361.01268997176,12344.412965395626,0.012833502513746894
2022-04-01T00:00:00Z,114209.08093125976,102361.01268997176,11848.068241288003,0.01710509542265803
2022-04-02T00:00:00Z,114459.1157403311,102361.01268997176,12098.10305035934,0.014953270560753192
2022-04-03T00:00:00Z,114356.74859673835,102361.01268997176,11995.7359067666,0.015834252554593062
2022-04-04T00:00:00Z,114669.8368349211,102361.01268997176,12308.824144949336,0.013139783502888405
2022-04-05T00:00:00Z,114932.893209491,102361.01268997176,12571.880519519242,0.010875893730962411
2022-04-06T00:00:00Z,114502.66276056814,102361.01268997176,12141.650070596388,0.014578500499112617
2022-04-07T00:00:00Z,113279.3826576595,102361.01268997176,10918.369967687751,0.02510617281917466
2022-04-08T00:00:00Z,113259.86106383959,113259.86106383959,0.0,0.025274177630511575
2022-04-09T00:00:00Z,113259.86106383959,113259.86106383959,0.0,0.025274177630511575
2022-04-10T00:00:00Z,113259.86106383959,113259.86106383959,0.0,0.025274177630511575
2022-04-11T00:00:00Z,113259.86106383959,113259.86106383959,0.0,0.025274177630511575
2022-04-12T00:00:00Z,113259.86106383959,113259.86106383959,0.0,0.025274177630511575
2022-04-13T00:00:00Z,113259.86106383959,113259.86106383959,0.0,0.025274177630511575
2022-04-14T00:00:00Z,113259.86106383959,113259.86106383959,0.0,0.025274177630511575
2022-04-15T00:00:00Z,113259.86106383959,113259.86106383959,0.0,0.025274177630511575
2022-04-16T00:00:00Z,113259.86106383959,113259.86106383959,0.0,0.025274177630511575
2022-04-17T00:00:00Z,113259.86106383959,113259.86106383959,0.0,0.025274177630511575
2022-04-18T00:00:00Z,113259.86106383959,113259.86106383959,0.0,0.025274177630511575
2022-04-19T00:00:00Z,113259.86106383959,113259.86106383959,0.0,0.025274177630511575
2022-04-20T00:00:00Z,113259.86106383959,113259.86106383959,0.0,0.025274177630511575
2022-04-21T00:00:00Z,113259.86106383959,113259.86106383959,0.0,0.025274177630511575
2022-04-22T00:00:00Z,113259.86106383959,113259.86106383959,0.0,0.025274177630511575
2022-04-23T00:00:00Z,113259.86106383959,113259.86106383959,0.0,0.025274177630511575
2022-04-24T00:00:00Z,113259.86106383959,113259.86106383959,0.0,0.025274177630511575
2022-04-25T00:00:00Z,113259.86106383959,113259.86106383959,0.0,0.025274177630511575
2022-04-26T00:00:00Z,113259.86106383959,113259.86106383959,0.0,0.025274177630511575
2022-04-27T00:00:00Z,113259.86106383959,113259.86106383959,0.0,0.025274177630511575
2022-04-28T00:00:00Z,113259.86106383959,113259.86106383959,0.0,0.025274177630511575
2022-04-29T00:00:00Z,113259.86106383959,113259.86106383959,0.0,0.025274177630511575
2022-04-30T00:00:00Z,113259.86106383959,113259.86106383959,0.0,0.025274177630511575
2022-05-01T00:00:00Z,113259.86106383959,113259.86106383959,0.0,0.025274177630511575
2022-05-02T00:00:00Z,113259.86106383959,113259.86106383959,0.0,0.025274177630511575
2022-05-03T00:00:00Z,113259.86106383959,113259.86106383959,0.0,0.025274177630511575
2022-05-04T00:00:00Z,113259.86106383959,113259.86106383959,0.0,0.025274177630511575
2022-05-05T00:00:00Z,113259.86106383959,113259.86106383959,0.0,0.025274177630511575
2022-05-06T00:00:00Z,113259.86106383959,113259.86106383959,0.0,0.025274177630511575
2022-05-07T00:00:00Z,113259.86106383959,113259.86106383959,0.0,0.025274177630511575
2022-05-08T00:00:00Z,113259.86106383959,113259.86106383959,0.0,0.025274177630511575
2022-05-09T00:00:00Z,113259.86106383959,113259.86106383959,0.0,0.025274177630511575
2022-05-10T00:00:00Z,113259.86106383959,113259.86106383959,0.0,0.025274177630511575
2022-05-11T00:00:00Z,113259.86106383959,113259.86106383959,0.0,0.025274177630511575
2022-05-12T00:00:00Z,113259.86106383959,113259.86106383959,0.0,0.025274177630511575
2022-05-13T00:00:00Z,113259.86106383959,113259.86106383959,0.0,0.025274177630511575
2022-05-14T00:00:00Z,113259.86106383959,113259.86106383959,0.0,0.025274177630511575
2022-05-15T00:00:00Z,113259.86106383959,113259.86106383959,0.0,0.025274177630511575
2022-05-16T00:00:00Z,113259.86106383959,113259.86106383959,0.0,0.025274177630511575
2022-05-17T00:00:00Z,113259.86106383959,113259.86106383959,0.0,0.025274177630511575
2022-05-18T00:00:00Z,113259.86106383959,113259.86106383959,0.0,0.025274177630511575
2022-05-19T00:00:00Z,113259.86106383959,113259.86106383959,0.0,0.025274177630511575
2022-05-20T00:00:00Z,113259.86106383959,113259.86106383959,0.0,0.025274177630511575
2022-05-21T00:00:00Z,113259.86106383959,113259.86106383959,0.0,0.025274177630511575
2022-05-22T00:00:00Z,113259.86106383959,113259.86106383959,0.0,0.025274177630511575
2022-05-23T00:00:00Z,113259.86106383959,113259.86106383959,0.0,0.025274177630511575
2022-05-24T00:00:00Z,113259.86106383959,113259.86106383959,0.0,0.025274177630511575
2022-05-25T00:00:00Z,113259.86106383959,113259.86106383959,0.0,0.025274177630511575
2022-05-26T00:00:00Z,113259.86106383959,113259.86106383959,0.0,0.025274177630511575
2022-05-27T00:00:00Z,113259.86106383959,113259.86106383959,0.0,0.025274177630511575
2022-05-28T00:00:00Z,113259.86106383959,113259.86106383959,0.0,0.025274177630511575
2022-05-29T00:00:00Z,113259.86106383959,113259.86106383959,0.0,0.025274177630511575
2022-05-30T00:00:00Z,113259.86106383959,113259.86106383959,0.0,0.025274177630511575
2022-05-31T00:00:00Z,113259.86106383959,113259.86106383959,0.0,0.025274177630511575
2022-06-01T00:00:00Z,113259.86106383959,113259.86106383959,0.0,0.025274177630511575
2022-06-02T00:00:00Z,113259.86106383959,113259.86106383959,0.0,0.025274177630511575
2022-06-03T00:00:00Z,113259.86106383959,113259.86106383959,0.0,0.025274177630511575
2022-06-04T00:00:00Z,113259.86106383959,113259.86106383959,0.0,0.025274177630511575
2022-06-05T00:00:00Z,113259.86106383959,113259.86106383959,0.0,0.025274177630511575
2022-06-06T00:00:00Z,113259.86106383959,113259.86106383959,0.0,0.025274177630511575
2022-06-07T00:00:00Z,113259.86106383959,113259.86106383959,0.0,0.025274177630511575
2022-06-08T00:00:00Z,113259.86106383959,113259.86106383959,0.0,0.025274177630511575
2022-06-09T00:00:00Z,113259.86106383959,113259.86106383959,0.0,0.025274177630511575
2022-06-10T00:00:00Z,113259.86106383959,113259.86106383959,0.0,0.025274177630511575
2022-06-11T00:00:00Z,113259.86106383959,113259.86106383959,0.0,0.025274177630511575
2022-06-12T00:00:00Z,113259.86106383959,113259.86106383959,0.0,0.025274177630511575
2022-06-13T00:00:00Z,113259.86106383959,113259.86106383959,0.0,0.025274177630511575
2022-06-14T00:00:00Z,113259.86106383959,113259.86106383959,0.0,0.025274177630511575
2022-06-15T00:00:00Z,113259.86106383959,113259.86106383959,0.0,0.025274177630511575
2022-06-16T00:00:00Z,113259.86106383959,113259.86106383959,0.0,0.025274177630511575
2022-06-17T00:00:00Z,113259.86106383959,113259.86106383959,0.0,0.025274177630511575
2022-06-18T00:00:00Z,113259.86106383959,113259.86106383959,0.0,0.025274177630511575
2022-06-19T00:00:00Z,113259.86106383959,113259.86106383959,0.0,0.025274177630511575
2022-06-20T00:00:00Z,113259.86106383959,113259.86106383959,0.0,0.025274177630511575
2022-06-21T00:00:00Z,113259.86106383959,113259.86106383959,0.0,0.025274177630511575
2022-06-22T00:00:00Z,113259.86106383959,113259.86106383959,0.0,0.025274177630511575
2022-06-23T00:00:00Z,113259.86106383959,113259.86106383959,0.0,0.025274177630511575
2022-06-24T00:00:00Z,113259.86106383959,113259.86106383959,0.0,0.025274177630511575
2022-06-25T00:00:00Z,113259.86106383959,113259.86106383959,0.0,0.025274177630511575
2022-06-26T00:00:00Z,113259.86106383959,113259.86106383959,0.0,0.025274177630511575
2022-06-27T00:00:00Z,113259.86106383959,113259.86106383959,0.0,0.025274177630511575
2022-06-28T00:00:00Z,113259.86106383959,113259.86106383959,0.0,0.025274177630511575
2022-06-29T00:00:00Z,113259.86106383959,113259.86106383959,0.0,0.025274177630511575
2022-06-30T00:00:00Z,113259.86106383959,113259.86106383959,0.0,0.025274177630511575
2022-07-01T00:00:00Z,113259.86106383959,113259.86106383959,0.0,0.025274177630511575
2022-07-02T00:00:00Z,113259.86106383959,113259.86106383959,0.0,0.025274177630511575
2022-07-03T00:00:00Z,113259.86106383959,113259.86106383959,0.0,0.025274177630511575
2022-07-04T00:00:00Z,113259.86106383959,113259.86106383959,0.0,0.025274177630511575
2022-07-05T00:00:00Z,113259.86106383959,113259.86106383959,0.0,0.025274177630511575
2022-07-06T00:00:00Z,113259.86106383959,113259.86106383959,0.0,0.025274177630511575
2022-07-07T00:00:00Z,113259.86106383959,113259.86106383959,0.0,0.025274177630511575
2022-07-08T00:00:00Z,113259.86106383959,113259.86106383959,0.0,0.025274177630511575
2022-07-09T00:00:00Z,113259.86106383959,113259.86106383959,0.0,0.025274177630511575
2022-07-10T00:00:00Z,113259.86106383959,113259.86106383959,0.0,0.025274177630511575
2022-07-11T00:00:00Z,113259.86106383959,113259.86106383959,0.0,0.025274177630511575
2022-07-12T00:00:00Z,113259.86106383959,113259.86106383959,0.0,0.025274177630511575
2022-07-13T00:00:00Z,113259.86106383959,113259.86106383959,0.0,0.025274177630511575
2022-07-14T00:00:00Z,113259.86106383959,113259.86106383959,0.0,0.025274177630511575
2022-07-15T00:00:00Z,113259.86106383959,113259.86106383959,0.0,0.025274177630511575
2022-07-16T00:00:00Z,113259.86106383959,113259.86106383959,0.0,0.025274177630511575
2022-07-17T00:00:00Z,113259.86106383959,113259.86106383959,0.0,0.025274177630511575
2022-07-18T00:00:00Z,113259.86106383959,113259.86106383959,0.0,0.025274177630511575
2022-07-19T00:00:00Z,113259.86106383959,113259.86106383959,0.0,0.025274177630511575
2022-07-20T00:00:00Z,113259.86106383959,113259.86106383959,0.0,0.025274177630511575
2022-07-21T00:00:00Z,112793.11042794627,103633.93274987927,9159.177678067004,0.02929108082233306
2022-07-22T00:00:00Z,112779.39487499376,112779.39487499376,0.0,0.029409118258590914
2022-07-23T00:00:00Z,112779.39487499376,112779.39487499376,0.0,0.029409118258590914
2022-07-24T00:00:00Z,112779.39487499376,112779.39487499376,0.0,0.029409118258590914
2022-07-25T00:00:00Z,112779.39487499376,112779.39487499376,0.0,0.029409118258590914
2022-07-26T00:00:00Z,112779.39487499376,112779.39487499376,0.0,0.029409118258590914
2022-07-27T00:00:00Z,112779.39487499376,112779.39487499376,0.0,0.029409118258590914
2022-07-28T00:00:00Z,112779.39487499376,112779.39487499376,0.0,0.029409118258590914
2022-07-29T00:00:00Z,112779.39487499376,112779.39487499376,0.0,0.029409118258590914
2022-07-30T00:00:00Z,112779.39487499376,112779.39487499376,0.0,0.029409118258590914
2022-07-31T00:00:00Z,112779.39487499376,112779.39487499376,0.0,0.029409118258590914
2022-08-01T00:00:00Z,112779.39487499376,112779.39487499376,0.0,0.029409118258590914
2022-08-02T00:00:00Z,112779.39487499376,112779.39487499376,0.0,0.029409118258590914
2022-08-03T00:00:00Z,112779.39487499376,112779.39487499376,0.0,0.029409118258590914
2022-08-04T00:00:00Z,112779.39487499376,112779.39487499376,0.0,0.029409118258590914
2022-08-05T00:00:00Z,112779.39487499376,112779.39487499376,0.0,0.029409118258590914
2022-08-06T00:00:00Z,112779.39487499376,112779.39487499376,0.0,0.029409118258590914
2022-08-07T00:00:00Z,112779.39487499376,112779.39487499376,0.0,0.029409118258590914
2022-08-08T00:00:00Z,112779.39487499376,112779.39487499376,0.0,0.029409118258590914
2022-08-09T00:00:00Z,112779.39487499376,112779.39487499376,0.0,0.029409118258590914
2022-08-10T00:00:00Z,112779.39487499376,112779.39487499376,0.0,0.029409118258590914
2022-08-11T00:00:00Z,112779.39487499376,112779.39487499376,0.0,0.029409118258590914
2022-08-12T00:00:00Z,112779.39487499376,112779.39487499376,0.0,0.029409118258590914
2022-08-13T00:00:00Z,112779.39487499376,112779.39487499376,0.0,0.029409118258590914
2022-08-14T00:00:00Z,112779.39487499376,112779.39487499376,0.0,0.029409118258590914
2022-08-15T00:00:00Z,112984.95380753906,100574.3115116907,12410.642295848362,0.02764005728951839
2022-08-16T00:00:00Z,112556.82857845968,100574.3115116907,11982.517066768989,0.03132454632271883
2022-08-17T00:00:00Z,112709.99500901582,100574.3115116907,12135.68349732512,0.030006380526108115
2022-08-18T00:00:00Z,112305.81429020404,100574.3115116907,11731.502778513344,0.03348480068157382
2022-08-19T00:00:00Z,111622.81592353313,111622.81592353313,0.0,0.03936275372139858
2022-08-20T00:00:00Z,111622.81592353313,111622.81592353313,0.0,0.03936275372139858
2022-08-21T00:00:00Z,111622.81592353313,111622.81592353313,0.0,0.03936275372139858
2022-08-22T00:00:00Z,111622.81592353313,111622.81592353313,0.0,0.03936275372139858
2022-08-23T00:00:00Z,111622.81592353313,111622.81592353313,0.0,0.03936275372139858
2022-08-24T00:00:00Z,111622.81592353313,111622.81592353313,0.0,0.03936275372139858
2022-08-25T00:00:00Z,111622.81592353313,111622.81592353313,0.0,0.03936275372139858
2022-08-26T00:00:00Z,111622.81592353313,111622.81592353313,0.0,0.03936275372139858
2022-08-27T00:00:00Z,111622.81592353313,111622.81592353313,0.0,0.03936275372139858
2022-08-28T00:00:00Z,111622.81592353313,111622.81592353313,0.0,0.03936275372139858
2022-08-29T00:00:00Z,111622.81592353313,111622.81592353313,0.0,0.03936275372139858
2022-08-30T00:00:00Z,111622.81592353313,111622.81592353313,0.0,0.03936275372139858
2022-08-31T00:00:00Z,111622.81592353313,111622.81592353313,0.0,0.03936275372139858
2022-09-01T00:00:00Z,111622.81592353313,111622.81592353313,0.0,0.03936275372139858
2022-09-02T00:00:00Z,111622.81592353313,111622.81592353313,0.0,0.03936275372139858
2022-09-03T00:00:00Z,111622.81592353313,111622.81592353313,0.0,0.03936275372139858
2022-09-04T00:00:00Z,111622.81592353313,111622.81592353313,0.0,0.03936275372139858
2022-09-05T00:00:00Z,111622.81592353313,111622.81592353313,0.0,0.03936275372139858
2022-09-06T00:00:00Z,111622.81592353313,111622.81592353313,0.0,0.03936275372139858
2022-09-07T00:00:00Z,111622.81592353313,111622.81592353313,0.0,0.03936275372139858
2022-09-08T00:00:00Z,111622.81592353313,111622.81592353313,0.0,0.03936275372139858
2022-09-09T00:00:00Z,111622.81592353313,111622.81592353313,0.0,0.03936275372139858
2022-09-10T00:00:00Z,111622.81592353313,111622.81592353313,0.0,0.03936275372139858
2022-09-11T00:00:00Z,111622.81592353313,111622.81592353313,0.0,0.03936275372139858
2022-09-12T00:00:00Z,111622.81592353313,111622.81592353313,0.0,0.03936275372139858
2022-09-13T00:00:00Z,111622.81592353313,111622.81592353313,0.0,0.03936275372139858
2022-09-14T00:00:00Z,111622.81592353313,111622.81592353313,0.0,0.03936275372139858
2022-09-15T00:00:00Z,111622.81592353313,111622.81592353313,0.0,0.03936275372139858
2022-09-16T00:00:00Z,111622.81592353313,111622.81592353313,0.0,0.03936275372139858
2022-09-17T00:00:00Z,111622.81592353313,111622.81592353313,0.0,0.03936275372139858
2022-09-18T00:00:00Z,111622.81592353313,111622.81592353313,0.0,0.03936275372139858
2022-09-19T00:00:00Z,111622.81592353313,111622.81592353313,0.0,0.03936275372139858
2022-09-20T00:00:00Z,111622.81592353313,111622.81592353313,0.0,0.03936275372139858
2022-09-21T00:00:00Z,111622.81592353313,111622.81592353313,0.0,0.03936275372139858
2022-09-22T00:00:00Z,111622.81592353313,111622.81592353313,0.0,0.03936275372139858
2022-09-23T00:00:00Z,111622.81592353313,111622.81592353313,0.0,0.03936275372139858
2022-09-24T00:00:00Z,111622.81592353313,111622.81592353313,0.0,0.03936275372139858
2022-09-25T00:00:00Z,111622.81592353313,111622.81592353313,0.0,0.03936275372139858
2022-09-26T00:00:00Z,111622.81592353313,111622.81592353313,0.0,0.03936275372139858
2022-09-27T00:00:00Z,111622.81592353313,111622.81592353313,0.0,0.03936275372139858
2022-09-28T00:00:00Z,111622.81592353313,111622.81592353313,0.0,0.03936275372139858
2022-09-29T00:00:00Z,111622.81592353313,111622.81592353313,0.0,0.03936275372139858
2022-09-30T00:00:00Z,111622.81592353313,111622.81592353313,0.0,0.03936275372139858
2022-10-01T00:00:00Z,111622.81592353313,111622.81592353313,0.0,0.03936275372139858
2022-10-02T00:00:00Z,111622.81592353313,111622.81592353313,0.0,0.03936275372139858
2022-10-03T00:00:00Z,111622.81592353313,111622.81592353313,0.0,0.03936275372139858
2022-10-04T00:00:00Z,111622.81592353313,111622.81592353313,0.0,0.03936275372139858
2022-10-05T00:00:00Z,111622.81592353313,111622.81592353313,0.0,0.03936275372139858
2022-10-06T00:00:00Z,111622.81592353313,111622.81592353313,0.0,0.03936275372139858
2022-10-07T00:00:00Z,111622.81592353313,111622.81592353313,0.0,0.03936275372139858
2022-10-08T00:00:00Z,111622.81592353313,111622.81592353313,0.0,0.03936275372139858
2022-10-09T00:00:00Z,111622.81592353313,111622.81592353313,0.0,0.03936275372139858
2022-10-10T00:00:00Z,111622.81592353313,111622.81592353313,0.0,0.03936275372139858
2022-10-11T00:00:00Z,111622.81592353313,111622.81592353313,0.0,0.03936275372139858
2022-10-12T00:00:00Z,111622.81592353313,111622.81592353313,0.0,0.03936275372139858
2022-10-13T00:00:00Z,111622.81592353313,111622.81592353313,0.0,0.03936275372139858
2022-10-14T00:00:00Z,111622.81592353313,111622.81592353313,0.0,0.03936275372139858
2022-10-15T00:00:00Z,111622.81592353313,111622.81592353313,0.0,0.03936275372139858
2022-10-16T00:00:00Z,111622.81592353313,111622.81592353313,0.0,0.03936275372139858
2022-10-17T00:00:00Z,111622.81592353313,111622.81592353313,0.0,0.03936275372139858
2022-10-18T00:00:00Z,111622.81592353313,111622.81592353313,0.0,0.03936275372139858
2022-10-19T00:00:00Z,111622.81592353313,111622.81592353313,0.0,0.03936275372139858
2022-10-20T00:00:00Z,111622.81592353313,111622.81592353313,0.0,0.03936275372139858
2022-10-21T00:00:00Z,111622.81592353313,111622.81592353313,0.0,0.03936275372139858
2022-10-22T00:00:00Z,111622.81592353313,111622.81592353313,0.0,0.03936275372139858
2022-10-23T00:00:00Z,111622.81592353313,111622.81592353313,0.0,0.03936275372139858
2022-10-24T00:00:00Z,111622.81592353313,111622.81592353313,0.0,0.03936275372139858
2022-10-25T00:00:00Z,111622.81592353313,111622.81592353313,0.0,0.03936275372139858
2022-10-26T00:00:00Z,111622.81592353313,111622.81592353313,0.0,0.03936275372139858
2022-10-27T00:00:00Z,111622.81592353313,111622.81592353313,0.0,0.03936275372139858
2022-10-28T00:00:00Z,111622.81592353313,111622.81592353313,0.0,0.03936275372139858
2022-10-29T00:00:00Z,111622.81592353313,111622.81592353313,0.0,0.03936275372139858
2022-10-30T00:00:00Z,111622.81592353313,111622.81592353313,0.0,0.03936275372139858
2022-10-31T00:00:00Z,111622.81592353313,111622.81592353313,0.0,0.03936275372139858
2022-11-01T00:00:00Z,111622.81592353313,111622.81592353313,0.0,0.03936275372139858
2022-11-02T00:00:00Z,111622.81592353313,111622.81592353313,0.0,0.03936275372139858
2022-11-03T00:00:00Z,111622.81592353313,111622.81592353313,0.0,0.03936275372139858
2022-11-04T00:00:00Z,111622.81592353313,111622.81592353313,0.0,0.03936275372139858
2022-11-05T00:00:00Z,111622.81592353313,111622.81592353313,0.0,0.03936275372139858
2022-11-06T00:00:00Z,111622.81592353313,111622.81592353313,0.0,0.03936275372139858
2022-11-07T00:00:00Z,111622.81592353313,111622.81592353313,0.0,0.03936275372139858
2022-11-08T00:00:00Z,111622.81592353313,111622.81592353313,0.0,0.03936275372139858
2022-11-09T00:00:00Z,111622.81592353313,111622.81592353313,0.0,0.03936275372139858
2022-11-10T00:00:00Z,111622.81592353313,111622.81592353313,0.0,0.03936275372139858
2022-11-11T00:00:00Z,111622.81592353313,111622.81592353313,0.0,0.03936275372139858
2022-11-12T00:00:00Z,111622.81592353313,111622.81592353313,0.0,0.03936275372139858
2022-11-13T00:00:00Z,111622.81592353313,111622.81592353313,0.0,0.03936275372139858
2022-11-14T00:00:00Z,111622.81592353313,111622.81592353313,0.0,0.03936275372139858
2022-11-15T00:00:00Z,111622.81592353313,111622.81592353313,0.0,0.03936275372139858
2022-11-16T00:00:00Z,111622.81592353313,111622.81592353313,0.0,0.03936275372139858
2022-11-17T00:00:00Z,111622.81592353313,111622.81592353313,0.0,0.03936275372139858
2022-11-18T00:00:00Z,111622.81592353313,111622.81592353313,0.0,0.03936275372139858
2022-11-19T00:00:00Z,111622.81592353313,111622.81592353313,0.0,0.03936275372139858
2022-11-20T00:00:00Z,111622.81592353313,111622.81592353313,0.0,0.03936275372139858
2022-11-21T00:00:00Z,111622.81592353313,111622.81592353313,0.0,0.03936275372139858
2022-11-22T00:00:00Z,111622.81592353313,111622.81592353313,0.0,0.03936275372139858
2022-11-23T00:00:00Z,111622.81592353313,111622.81592353313,0.0,0.03936275372139858
2022-11-24T00:00:00Z,111622.81592353313,111622.81592353313,0.0,0.03936275372139858
2022-11-25T00:00:00Z,111622.81592353313,111622.81592353313,0.0,0.03936275372139858
2022-11-26T00:00:00Z,111622.81592353313,111622.81592353313,0.0,0.03936275372139858
2022-11-27T00:00:00Z,111622.81592353313,111622.81592353313,0.0,0.03936275372139858
2022-11-28T00:00:00Z,111622.81592353313,111622.81592353313,0.0,0.03936275372139858
2022-11-29T00:00:00Z,111622.81592353313,111622.81592353313,0.0,0.03936275372139858
2022-11-30T00:00:00Z,111622.81592353313,111622.81592353313,0.0,0.03936275372139858
2022-12-01T00:00:00Z,111622.81592353313,111622.81592353313,0.0,0.03936275372139858
2022-12-02T00:00:00Z,111622.81592353313,111622.81592353313,0.0,0.03936275372139858
2022-12-03T00:00:00Z,111622.81592353313,111622.81592353313,0.0,0.03936275372139858
2022-12-04T00:00:00Z,111622.81592353313,111622.81592353313,0.0,0.03936275372139858
2022-12-05T00:00:00Z,111622.81592353313,111622.81592353313,0.0,0.03936275372139858
2022-12-06T00:00:00Z,111622.81592353313,111622.81592353313,0.0,0.03936275372139858
2022-12-07T00:00:00Z,111622.81592353313,111622.81592353313,0.0,0.03936275372139858
2022-12-08T00:00:00Z,111622.81592353313,111622.81592353313,0.0,0.03936275372139858
2022-12-09T00:00:00Z,111622.81592353313,111622.81592353313,0.0,0.03936275372139858
2022-12-10T00:00:00Z,111622.81592353313,111622.81592353313,0.0,0.03936275372139858
2022-12-11T00:00:00Z,111622.81592353313,111622.81592353313,0.0,0.03936275372139858
2022-12-12T00:00:00Z,111622.81592353313,111622.81592353313,0.0,0.03936275372139858
2022-12-13T00:00:00Z,111622.81592353313,111622.81592353313,0.0,0.03936275372139858
2022-12-14T00:00:00Z,111622.81592353313,111622.81592353313,0.0,0.03936275372139858
2022-12-15T00:00:00Z,111622.81592353313,111622.81592353313,0.0,0.03936275372139858
2022-12-16T00:00:00Z,111622.81592353313,111622.81592353313,0.0,0.03936275372139858
2022-12-17T00:00:00Z,111622.81592353313,111622.81592353313,0.0,0.03936275372139858
2022-12-18T00:00:00Z,111622.81592353313,111622.81592353313,0.0,0.03936275372139858
2022-12-19T00:00:00Z,111622.81592353313,111622.81592353313,0.0,0.03936275372139858
2022-12-20T00:00:00Z,111622.81592353313,111622.81592353313,0.0,0.03936275372139858
2022-12-21T00:00:00Z,111622.81592353313,111622.81592353313,0.0,0.03936275372139858
2022-12-22T00:00:00Z,111622.81592353313,111622.81592353313,0.0,0.03936275372139858
2022-12-23T00:00:00Z,111622.81592353313,111622.81592353313,0.0,0.03936275372139858
2022-12-24T00:00:00Z,111622.81592353313,111622.81592353313,0.0,0.03936275372139858
2022-12-25T00:00:00Z,111622.81592353313,111622.81592353313,0.0,0.03936275372139858
2022-12-26T00:00:00Z,111622.81592353313,111622.81592353313,0.0,0.03936275372139858
2022-12-27T00:00:00Z,111622.81592353313,111622.81592353313,0.0,0.03936275372139858
2022-12-28T00:00:00Z,111622.81592353313,111622.81592353313,0.0,0.03936275372139858
2022-12-29T00:00:00Z,111622.81592353313,111622.81592353313,0.0,0.03936275372139858
2022-12-30T00:00:00Z,111622.81592353313,111622.81592353313,0.0,0.03936275372139858
2022-12-31T00:00:00Z,111622.81592353313,111622.81592353313,0.0,0.03936275372139858
2023-01-01T00:00:00Z,111622.81592353313,111622.81592353313,0.0,0.03936275372139858
2023-01-02T00:00:00Z,111622.81592353313,111622.81592353313,0.0,0.03936275372139858
2023-01-03T00:00:00Z,111622.81592353313,111622.81592353313,0.0,0.03936275372139858
2023-01-04T00:00:00Z,111622.81592353313,111622.81592353313,0.0,0.03936275372139858
2023-01-05T00:00:00Z,111622.81592353313,111622.81592353313,0.0,0.03936275372139858
2023-01-06T00:00:00Z,111622.81592353313,111622.81592353313,0.0,0.03936275372139858
2023-01-07T00:00:00Z,111622.81592353313,111622.81592353313,0.0,0.03936275372139858
2023-01-08T00:00:00Z,111480.30570174858,94320.19393085744,17160.111770891144,0.040589211107274224
2023-01-09T00:00:00Z,111455.81253664244,111455.81253664244,0.0,0.04080000176405479
2023-01-10T00:00:00Z,112461.16640687629,95888.37210822736,16572.794298648932,0.03214782464913063
2023-01-11T00:00:00Z,112725.01032865614,95888.37210822736,16836.638220428784,0.02987715716624284
2023-01-12T00:00:00Z,112758.97043740007,95888.37210822736,16870.59832917272,0.029584893034782064
2023-01-13T00:00:00Z,113090.05537449292,95888.37210822736,17201.683266265572,0.02673554257160186
2023-01-14T00:00:00Z,113935.3486042902,95888.37210822736,18046.976496062838,0.019460863520979546
2023-01-15T00:00:00Z,114302.06553240362,95888.37210822736,18413.693424176257,0.016304860538328046
2023-01-16T00:00:00Z,114206.768242636,95888.37210822736,18318.396134408642,0.017124998654919697
2023-01-17T00:00:00Z,114193.02746017498,95888.37210822736,18304.655351947637,0.01724325321888002
2023-01-18T00:00:00Z,113935.97556014392,95888.37210822736,18047.603451916573,0.01945546787547568
2023-01-19T00:00:00Z,112951.9161013868,95888.37210822736,17063.543993159452,0.02792438313095935
2023-01-20T00:00:00Z,113544.18039788114,95888.37210822736,17655.80828965378,0.022827296678282764
2023-01-21T00:00:00Z,114959.21975975943,95888.37210822736,19070.847651532087,0.010649324775998835
2023-01-22T00:00:00Z,115145.32115567624,95888.37210822736,19256.949047448885,0.009047717335593522
2023-01-23T00:00:00Z,115551.32731729034,95888.37210822736,19662.955209062984,0.005553587234698183
2023-01-24T00:00:00Z,115472.80109661011,95888.37210822736,19584.428988382766,0.006229391834060715
2023-01-25T00:00:00Z,114629.17974908948,95888.37210822736,18740.807640862124,0.013489682496672506
2023-01-26T00:00:00Z,115386.07220351021,95888.37210822736,19497.700095282857,0.006975789462099048
2023-01-27T00:00:00Z,115724.26264027871,95888.37210822736,19835.890532051362,0.004065288349874719
2023-01-28T00:00:00Z,116258.22004237576,95888.37210822736,20369.8479341484,0.0
2023-01-29T00:00:00Z,115836.59223073945,95888.37210822736,19948.22012251209,0.003626649466013053
2023-01-30T00:00:00Z,116668.19692439685,95888.37210822736,20779.82481616949,0.0
2023-01-31T00:00:00Z,115349.70876399362,95888.37210822736,19461.336655766263,0.011301178857316461
2023-02-01T00:00:00Z,116274.41640193056,95888.37210822736,20386.044293703206,0.0033752173501186877
2023-02-02T00:00:00Z,116624.20552199315,95888.37210822736,20735.8334137658,0.0003770642176994141
2023-02-03T00:00:00Z,116690.662842489,95888.37210822736,20802.290734261634,0.0
2023-02-04T00:00:00Z,116969.76269004305,95888.37210822736,21081.390581815685,0.0
2023-02-05T00:00:00Z,116758.21733572886,95888.37210822736,20869.845227501504,0.0018085473497519518
2023-02-06T00:00:00Z,116384.39490793979,95888.37210822736,20496.022799712428,0.005004436776147195
2023-02-07T00:00:00Z,115854.56496521315,95888.37210822736,19966.192856985806,0.009534068456521062
2023-02-08T00:00:00Z,116758.11284308656,95888.37210822736,20869.740734859213,0.001809440680129717
2023-02-09T00:00:00Z,116730.47042529966,116730.47042529966,0.0,0.002045761735684512
2023-02-10T00:00:00Z,116730.47042529966,116730.47042529966,0.0,0.002045761735684512
2023-02-11T00:00:00Z,116730.47042529966,116730.47042529966,0.0,0.002045761735684512
2023-02-12T00:00:00Z,116730.47042529966,116730.47042529966,0.0,0.002045761735684512
2023-02-13T00:00:00Z,116730.47042529966,116730.47042529966,0.0,0.002045761735684512
2023-02-14T00:00:00Z,116730.47042529966,116730.47042529966,0.0,0.002045761735684512
2023-02-15T00:00:00Z,116730.47042529966,116730.47042529966,0.0,0.002045761735684512
2023-02-16T00:00:00Z,116730.47042529966,116730.47042529966,0.0,0.002045761735684512
2023-02-17T00:00:00Z,115860.16983417879,105463.53707649147,10396.63275768732,0.009486151209903376
2023-02-18T00:00:00Z,116291.80330241588,105463.53707649147,10828.266225924417,0.005796022596230154
2023-02-19T00:00:00Z,116360.57166066117,105463.53707649147,10897.03458416969,0.005208106910468554
2023-02-20T00:00:00Z,116173.7192038449,105463.53707649147,10710.18212735343,0.006805549296595359
2023-02-21T00:00:00Z,116294.67424050884,105463.53707649147,10831.137164017373,0.005771478320624734
2023-02-22T00:00:00Z,115993.95018307108,105463.53707649147,10530.413106579603,0.008342433843845297
2023-02-23T00:00:00Z,115895.85532636225,105463.53707649147,10432.318249870781,0.009181068157986593
2023-02-24T00:00:00Z,115721.55986980302,105463.53707649147,10258.022793311558,0.010671158011559148
2023-02-25T00:00:00Z,115536.7825281117,115536.7825281117,0.0,0.012250859786119173
2023-02-26T00:00:00Z,115536.7825281117,115536.7825281117,0.0,0.012250859786119173
2023-02-27T00:00:00Z,115536.7825281117,115536.7825281117,0.0,0.012250859786119173
2023-02-28T00:00:00Z,115536.7825281117,115536.7825281117,0.0,0.012250859786119173
2023-03-01T00:00:00Z,115536.7825281117,115536.7825281117,0.0,0.012250859786119173
2023-03-02T00:00:00Z,115536.7825281117,115536.7825281117,0.0,0.012250859786119173
2023-03-03T00:00:00Z,115536.7825281117,115536.7825281117,0.0,0.012250859786119173
2023-03-04T00:00:00Z,115536.7825281117,115536.7825281117,0.0,0.012250859786119173
2023-03-05T00:00:00Z,115536.7825281117,115536.7825281117,0.0,0.012250859786119173
2023-03-06T00:00:00Z,115536.7825281117,115536.7825281117,0.0,0.012250859786119173
2023-03-07T00:00:00Z,115536.7825281117,115536.7825281117,0.0,0.012250859786119173
2023-03-08T00:00:00Z,115536.7825281117,115536.7825281117,0.0,0.012250859786119173
2023-03-09T00:00:00Z,115536.7825281117,115536.7825281117,0.0,0.012250859786119173
2023-03-10T00:00:00Z,115536.7825281117,115536.7825281117,0.0,0.012250859786119173
2023-03-11T00:00:00Z,115536.7825281117,115536.7825281117,0.0,0.012250859786119173
2023-03-12T00:00:00Z,115536.7825281117,115536.7825281117,0.0,0.012250859786119173
2023-03-13T00:00:00Z,115536.7825281117,115536.7825281117,0.0,0.012250859786119173
2023-03-14T00:00:00Z,115536.7825281117,115536.7825281117,0.0,0.012250859786119173
2023-03-15T00:00:00Z,115536.7825281117,115536.7825281117,0.0,0.012250859786119173
2023-03-16T00:00:00Z,115536.7825281117,115536.7825281117,0.0,0.012250859786119173
2023-03-17T00:00:00Z,115536.7825281117,115536.7825281117,0.0,0.012250859786119173
2023-03-18T00:00:00Z,115536.7825281117,115536.7825281117,0.0,0.012250859786119173
2023-03-19T00:00:00Z,115536.7825281117,115536.7825281117,0.0,0.012250859786119173
2023-03-20T00:00:00Z,115536.7825281117,115536.7825281117,0.0,0.012250859786119173
2023-03-21T00:00:00Z,115536.7825281117,115536.7825281117,0.0,0.012250859786119173
2023-03-22T00:00:00Z,115536.7825281117,115536.7825281117,0.0,0.012250859786119173
2023-03-23T00:00:00Z,115293.10216617456,107047.77878502468,8245.32338114988,0.014334136321294003
2023-03-24T00:00:00Z,115571.82927271258,107047.77878502468,8524.050487687904,0.01195123752652928
2023-03-25T00:00:00Z,115293.21682150428,107047.77878502468,8245.438036479594,0.01433315610788604
2023-03-26T00:00:00Z,115106.23690980449,107047.77878502468,8058.458124779798,0.015931688133596526
2023-03-27T00:00:00Z,115204.22135457922,107047.77878502468,8156.442569554539,0.015093997755149071
2023-03-28T00:00:00Z,114970.57672368527,107047.77878502468,7922.797938660593,0.017091476637901712
2023-03-29T00:00:00Z,114958.76517821869,114958.76517821869,0.0,0.01719245611494726
2023-03-30T00:00:00Z,114958.76517821869,114958.76517821869,0.0,0.01719245611494726
2023-03-31T00:00:00Z,114958.76517821869,114958.76517821869,0.0,0.01719245611494726
2023-04-01T00:00:00Z,114958.76517821869,114958.76517821869,0.0,0.01719245611494726
2023-04-02T00:00:00Z,114791.02818813057,105781.96977171059,9009.05841641998,0.018626476208948826
2023-04-03T00:00:00Z,114549.78593537302,105781.96977171059,8767.816163662426,0.020688908817253077
2023-04-04T00:00:00Z,114679.48409450462,105781.96977171059,8897.514322794035,0.019580090981354017
2023-04-05T00:00:00Z,114733.34881544801,105781.96977171059,8951.379043737426,0.019119589739796966
2023-04-06T00:00:00Z,114799.0021890552,105781.96977171059,9017.03241734462,0.018558304736755956
2023-04-07T00:00:00Z,114583.93396238747,105781.96977171059,8801.96419067688,0.020396969890225058
2023-04-08T00:00:00Z,114593.97614798998,105781.96977171059,8812.00637627938,0.020311117056368188
2023-04-09T00:00:00Z,114636.44287337537,105781.96977171059,8854.473101664784,0.019948059763536613
2023-04-10T00:00:00Z,114731.94704583302,105781.96977171059,8949.977274122431,0.019131573773813616
2023-04-11T00:00:00Z,114907.99552157846,105781.96977171059,9126.025749867871,0.017626496977069583
2023-04-12T00:00:00Z,115008.37141794396,105781.96977171059,9226.40164623337,0.01676836155764941
2023-04-13T00:00:00Z,115082.09071179481,105781.96977171059,9300.12094008422,0.0161381192441192
2023-04-14T00:00:00Z,115551.54565383939,105781.96977171059,9769.575882128805,0.012124646605993161
2023-04-15T00:00:00Z,115851.08773468286,105781.96977171059,10069.117962972274,0.009563796058341583
2023-04-16T00:00:00Z,116173.7245444291,105781.96977171059,10391.754772718516,0.006805503638776776
2023-04-17T00:00:00Z,116154.12274964893,105781.96977171059,10372.152977938349,0.0069730836554355805
2023-04-18T00:00:00Z,115758.01942417913,105781.96977171059,9976.04965246855,0.010359457333216117
2023-04-19T00:00:00Z,115969.80153519206,105781.96977171059,10187.831763481468,0.008548885898835002
2023-04-20T00:00:00Z,115351.391336682,105781.96977171059,9569.421564971415,0.01383580949590834
2023-04-21T00:00:00Z,114987.55169218683,105781.96977171059,9205.58192047624,0.016946353931732445
2023-04-22T00:00:00Z,114977.51096302296,114977.51096302296,0.0,0.017032194314177917
2023-04-23T00:00:00Z,114977.51096302296,114977.51096302296,0.0,0.017032194314177917
2023-04-24T00:00:00Z,114977.51096302296,114977.51096302296,0.0,0.017032194314177917
2023-04-25T00:00:00Z,114977.51096302296,114977.51096302296,0.0,0.017032194314177917
2023-04-26T00:00:00Z,114977.51096302296,114977.51096302296,0.0,0.017032194314177917
2023-04-27T00:00:00Z,114977.51096302296,114977.51096302296,0.0,0.017032194314177917
2023-04-28T00:00:00Z,114977.51096302296,114977.51096302296,0.0,0.017032194314177917
2023-04-29T00:00:00Z,114977.51096302296,114977.51096302296,0.0,0.017032194314177917
2023-04-30T00:00:00Z,114977.51096302296,114977.51096302296,0.0,0.017032194314177917
2023-05-01T00:00:00Z,114977.51096302296,114977.51096302296,0.0,0.017032194314177917
2023-05-02T00:00:00Z,114977.51096302296,114977.51096302296,0.0,0.017032194314177917
2023-05-03T00:00:00Z,114977.51096302296,114977.51096302296,0.0,0.017032194314177917
2023-05-04T00:00:00Z,114977.51096302296,114977.51096302296,0.0,0.017032194314177917
2023-05-05T00:00:00Z,114977.51096302296,114977.51096302296,0.0,0.017032194314177917
2023-05-06T00:00:00Z,114977.51096302296,114977.51096302296,0.0,0.017032194314177917
2023-05-07T00:00:00Z,114977.51096302296,114977.51096302296,0.0,0.017032194314177917
2023-05-08T00:00:00Z,114977.51096302296,114977.51096302296,0.0,0.017032194314177917
2023-05-09T00:00:00Z,114977.51096302296,114977.51096302296,0.0,0.017032194314177917
2023-05-10T00:00:00Z,114977.51096302296,114977.51096302296,0.0,0.017032194314177917
2023-05-11T00:00:00Z,114977.51096302296,114977.51096302296,0.0,0.017032194314177917
2023-05-12T00:00:00Z,114977.51096302296,114977.51096302296,0.0,0.017032194314177917
2023-05-13T00:00:00Z,114977.51096302296,114977.51096302296,0.0,0.017032194314177917
2023-05-14T00:00:00Z,114977.51096302296,114977.51096302296,0.0,0.017032194314177917
2023-05-15T00:00:00Z,114977.51096302296,114977.51096302296,0.0,0.017032194314177917
2023-05-16T00:00:00Z,114977.51096302296,114977.51096302296,0.0,0.017032194314177917
2023-05-17T00:00:00Z,114977.51096302296,114977.51096302296,0.0,0.017032194314177917
2023-05-18T00:00:00Z,114977.51096302296,114977.51096302296,0.0,0.017032194314177917
2023-05-19T00:00:00Z,114977.51096302296,114977.51096302296,0.0,0.017032194314177917
2023-05-20T00:00:00Z,114977.51096302296,114977.51096302296,0.0,0.017032194314177917
2023-05-21T00:00:00Z,114977.51096302296,114977.51096302296,0.0,0.017032194314177917
2023-05-22T00:00:00Z,114977.51096302296,114977.51096302296,0.0,0.017032194314177917
2023-05-23T00:00:00Z,114977.51096302296,114977.51096302296,0.0,0.017032194314177917
2023-05-24T00:00:00Z,114977.51096302296,114977.51096302296,0.0,0.017032194314177917
2023-05-25T00:00:00Z,114977.51096302296,114977.51096302296,0.0,0.017032194314177917
2023-05-26T00:00:00Z,114977.51096302296,114977.51096302296,0.0,0.017032194314177917
2023-05-27T00:00:00Z,114977.51096302296,114977.51096302296,0.0,0.017032194314177917
2023-05-28T00:00:00Z,114977.51096302296,114977.51096302296,0.0,0.017032194314177917
2023-05-29T00:00:00Z,114977.51096302296,114977.51096302296,0.0,0.017032194314177917
2023-05-30T00:00:00Z,114739.83436301019,95654.11869482789,19085.715668182293,0.019064143379874367
2023-05-31T00:00:00Z,114696.95043666026,95654.11869482789,19042.831741832368,0.019430767414699183
2023-06-01T00:00:00Z,114521.98804854401,95654.11869482789,18867.86935371611,0.020926559011540207
2023-06-02T00:00:00Z,114493.34346064163,114493.34346064163,0.0,0.021171447837879765
2023-06-03T00:00:00Z,114493.34346064163,114493.34346064163,0.0,0.021171447837879765
2023-06-04T00:00:00Z,114493.34346064163,114493.34346064163,0.0,0.021171447837879765
2023-06-05T00:00:00Z,114493.34346064163,114493.34346064163,0.0,0.021171447837879765
2023-06-06T00:00:00Z,114493.34346064163,114493.34346064163,0.0,0.021171447837879765
2023-06-07T00:00:00Z,114493.34346064163,114493.34346064163,0.0,0.021171447837879765
2023-06-08T00:00:00Z,114493.34346064163,114493.34346064163,0.0,0.021171447837879765
2023-06-09T00:00:00Z,114493.34346064163,114493.34346064163,0.0,0.021171447837879765
2023-06-10T00:00:00Z,114493.34346064163,114493.34346064163,0.0,0.021171447837879765
2023-06-11T00:00:00Z,114493.34346064163,114493.34346064163,0.0,0.021171447837879765
2023-06-12T00:00:00Z,114493.34346064163,114493.34346064163,0.0,0.021171447837879765
2023-06-13T00:00:00Z,114493.34346064163,114493.34346064163,0.0,0.021171447837879765
2023-06-14T00:00:00Z,114493.34346064163,114493.34346064163,0.0,0.021171447837879765
2023-06-15T00:00:00Z,114493.34346064163,114493.34346064163,0.0,0.021171447837879765
2023-06-16T00:00:00Z,114493.34346064163,114493.34346064163,0.0,0.021171447837879765
2023-06-17T00:00:00Z,114493.34346064163,114493.34346064163,0.0,0.021171447837879765
2023-06-18T00:00:00Z,114493.34346064163,114493.34346064163,0.0,0.021171447837879765
2023-06-19T00:00:00Z,114493.34346064163,114493.34346064163,0.0,0.021171447837879765
2023-06-20T00:00:00Z,114493.34346064163,114493.34346064163,0.0,0.021171447837879765
2023-06-21T00:00:00Z,114493.34346064163,114493.34346064163,0.0,0.021171447837879765
2023-06-22T00:00:00Z,114493.34346064163,114493.34346064163,0.0,0.021171447837879765
2023-06-23T00:00:00Z,114493.34346064163,114493.34346064163,0.0,0.021171447837879765
2023-06-24T00:00:00Z,114493.34346064163,114493.34346064163,0.0,0.021171447837879765
2023-06-25T00:00:00Z,114493.34346064163,114493.34346064163,0.0,0.021171447837879765
2023-06-26T00:00:00Z,114493.34346064163,114493.34346064163,0.0,0.021171447837879765
2023-06-27T00:00:00Z,114493.34346064163,114493.34346064163,0.0,0.021171447837879765
2023-06-28T00:00:00Z,114493.34346064163,114493.34346064163,0.0,0.021171447837879765
2023-06-29T00:00:00Z,114493.34346064163,114493.34346064163,0.0,0.021171447837879765
2023-06-30T00:00:00Z,114493.34346064163,114493.34346064163,0.0,0.021171447837879765
2023-07-01T00:00:00Z,114493.34346064163,114493.34346064163,0.0,0.021171447837879765
2023-07-02T00:00:00Z,114493.34346064163,114493.34346064163,0.0,0.021171447837879765
2023-07-03T00:00:00Z,114493.34346064163,114493.34346064163,0.0,0.021171447837879765
2023-07-04T00:00:00Z,114493.34346064163,114493.34346064163,0.0,0.021171447837879765
2023-07-05T00:00:00Z,114493.34346064163,114493.34346064163,0.0,0.021171447837879765
2023-07-06T00:00:00Z,114493.34346064163,114493.34346064163,0.0,0.021171447837879765
2023-07-07T00:00:00Z,114493.34346064163,114493.34346064163,0.0,0.021171447837879765
2023-07-08T00:00:00Z,114493.34346064163,114493.34346064163,0.0,0.021171447837879765
2023-07-09T00:00:00Z,114493.34346064163,114493.34346064163,0.0,0.021171447837879765
2023-07-10T00:00:00Z,114493.34346064163,114493.34346064163,0.0,0.021171447837879765
2023-07-11T00:00:00Z,114493.34346064163,114493.34346064163,0.0,0.021171447837879765
2023-07-12T00:00:00Z,114493.34346064163,114493.34346064163,0.0,0.021171447837879765
2023-07-13T00:00:00Z,114493.34346064163,114493.34346064163,0.0,0.021171447837879765
2023-07-14T00:00:00Z,114493.34346064163,114493.34346064163,0.0,0.021171447837879765
2023-07-15T00:00:00Z,113322.19290654012,113322.19290654012,0.0,0.031183869229251877
2023-07-16T00:00:00Z,113322.19290654012,113322.19290654012,0.0,0.031183869229251877
2023-07-17T00:00:00Z,113322.19290654012,113322.19290654012,0.0,0.031183869229251877
2023-07-18T00:00:00Z,113322.19290654012,113322.19290654012,0.0,0.031183869229251877
2023-07-19T00:00:00Z,113322.19290654012,113322.19290654012,0.0,0.031183869229251877
2023-07-20T00:00:00Z,113322.19290654012,113322.19290654012,0.0,0.031183869229251877
2023-07-21T00:00:00Z,113322.19290654012,113322.19290654012,0.0,0.031183869229251877
2023-07-22T00:00:00Z,113322.19290654012,113322.19290654012,0.0,0.031183869229251877
2023-07-23T00:00:00Z,113322.19290654012,113322.19290654012,0.0,0.031183869229251877
2023-07-24T00:00:00Z,113322.19290654012,113322.19290654012,0.0,0.031183869229251877
2023-07-25T00:00:00Z,113322.19290654012,113322.19290654012,0.0,0.031183869229251877
2023-07-26T00:00:00Z,113322.19290654012,113322.19290654012,0.0,0.031183869229251877
2023-07-27T00:00:00Z,113322.19290654012,113322.19290654012,0.0,0.031183869229251877
2023-07-28T00:00:00Z,113322.19290654012,113322.19290654012,0.0,0.031183869229251877
2023-07-29T00:00:00Z,113322.19290654012,113322.19290654012,0.0,0.031183869229251877
2023-07-30T00:00:00Z,113322.19290654012,113322.19290654012,0.0,0.031183869229251877
2023-07-31T00:00:00Z,113322.19290654012,113322.19290654012,0.0,0.031183869229251877
2023-08-01T00:00:00Z,113322.19290654012,113322.19290654012,0.0,0.031183869229251877
2023-08-02T00:00:00Z,113322.19290654012,113322.19290654012,0.0,0.031183869229251877
2023-08-03T00:00:00Z,113322.19290654012,113322.19290654012,0.0,0.031183869229251877
2023-08-04T00:00:00Z,113322.19290654012,113322.19290654012,0.0,0.031183869229251877
2023-08-05T00:00:00Z,113322.19290654012,113322.19290654012,0.0,0.031183869229251877
2023-08-06T00:00:00Z,113322.19290654012,113322.19290654012,0.0,0.031183869229251877
2023-08-07T00:00:00Z,113322.19290654012,113322.19290654012,0.0,0.031183869229251877
2023-08-08T00:00:00Z,113322.19290654012,113322.19290654012,0.0,0.031183869229251877
2023-08-09T00:00:00Z,113322.19290654012,113322.19290654012,0.0,0.031183869229251877
2023-08-10T00:00:00Z,113322.19290654012,113322.19290654012,0.0,0.031183869229251877
2023-08-11T00:00:00Z,113322.19290654012,113322.19290654012,0.0,0.031183869229251877
2023-08-12T00:00:00Z,113322.19290654012,113322.19290654012,0.0,0.031183869229251877
2023-08-13T00:00:00Z,113322.19290654012,113322.19290654012,0.0,0.031183869229251877
2023-08-14T00:00:00Z,113322.19290654012,113322.19290654012,0.0,0.031183869229251877
2023-08-15T00:00:00Z,113322.19290654012,113322.19290654012,0.0,0.031183869229251877
2023-08-16T00:00:00Z,113322.19290654012,113322.19290654012,0.0,0.031183869229251877
2023-08-17T00:00:00Z,113322.19290654012,113322.19290654012,0.0,0.031183869229251877
2023-08-18T00:00:00Z,113322.19290654012,113322.19290654012,0.0,0.031183869229251877
2023-08-19T00:00:00Z,113322.19290654012,113322.19290654012,0.0,0.031183869229251877
2023-08-20T00:00:00Z,113322.19290654012,113322.19290654012,0.0,0.031183869229251877
2023-08-21T00:00:00Z,113322.19290654012,113322.19290654012,0.0,0.031183869229251877
2023-08-22T00:00:00Z,113322.19290654012,113322.19290654012,0.0,0.031183869229251877
2023-08-23T00:00:00Z,113322.19290654012,113322.19290654012,0.0,0.031183869229251877
2023-08-24T00:00:00Z,113322.19290654012,113322.19290654012,0.0,0.031183869229251877
2023-08-25T00:00:00Z,113322.19290654012,113322.19290654012,0.0,0.031183869229251877
2023-08-26T00:00:00Z,113322.19290654012,113322.19290654012,0.0,0.031183869229251877
2023-08-27T00:00:00Z,113322.19290654012,113322.19290654012,0.0,0.031183869229251877
2023-08-28T00:00:00Z,113322.19290654012,113322.19290654012,0.0,0.031183869229251877
2023-08-29T00:00:00Z,113322.19290654012,113322.19290654012,0.0,0.031183869229251877
2023-08-30T00:00:00Z,113322.19290654012,113322.19290654012,0.0,0.031183869229251877
2023-08-31T00:00:00Z,113322.19290654012,113322.19290654012,0.0,0.031183869229251877
2023-09-01T00:00:00Z,113322.19290654012,113322.19290654012,0.0,0.031183869229251877
2023-09-02T00:00:00Z,113322.19290654012,113322.19290654012,0.0,0.031183869229251877
2023-09-03T00:00:00Z,113322.19290654012,113322.19290654012,0.0,0.031183869229251877
2023-09-04T00:00:00Z,113322.19290654012,113322.19290654012,0.0,0.031183869229251877
2023-09-05T00:00:00Z,113322.19290654012,113322.19290654012,0.0,0.031183869229251877
2023-09-06T00:00:00Z,113322.19290654012,113322.19290654012,0.0,0.031183869229251877
2023-09-07T00:00:00Z,113322.19290654012,113322.19290654012,0.0,0.031183869229251877
2023-09-08T00:00:00Z,113322.19290654012,113322.19290654012,0.0,0.031183869229251877
2023-09-09T00:00:00Z,113322.19290654012,113322.19290654012,0.0,0.031183869229251877
2023-09-10T00:00:00Z,113322.19290654012,113322.19290654012,0.0,0.031183869229251877
2023-09-11T00:00:00Z,113322.19290654012,113322.19290654012,0.0,0.031183869229251877
2023-09-12T00:00:00Z,113322.19290654012,113322.19290654012,0.0,0.031183869229251877
2023-09-13T00:00:00Z,113322.19290654012,113322.19290654012,0.0,0.031183869229251877
2023-09-14T00:00:00Z,113322.19290654012,113322.19290654012,0.0,0.031183869229251877
2023-09-15T00:00:00Z,113322.19290654012,113322.19290654012,0.0,0.031183869229251877
2023-09-16T00:00:00Z,113322.19290654012,113322.19290654012,0.0,0.031183869229251877
2023-09-17T00:00:00Z,113322.19290654012,113322.19290654012,0.0,0.031183869229251877
2023-09-18T00:00:00Z,113322.19290654012,113322.19290654012,0.0,0.031183869229251877
2023-09-19T00:00:00Z,113322.19290654012,113322.19290654012,0.0,0.031183869229251877
2023-09-20T00:00:00Z,113322.19290654012,113322.19290654012,0.0,0.031183869229251877
2023-09-21T00:00:00Z,113322.19290654012,113322.19290654012,0.0,0.031183869229251877
2023-09-22T00:00:00Z,113322.19290654012,113322.19290654012,0.0,0.031183869229251877
2023-09-23T00:00:00Z,113322.19290654012,113322.19290654012,0.0,0.031183869229251877
2023-09-24T00:00:00Z,113322.19290654012,113322.19290654012,0.0,0.031183869229251877
2023-09-25T00:00:00Z,113322.19290654012,113322.19290654012,0.0,0.031183869229251877
2023-09-26T00:00:00Z,113322.19290654012,113322.19290654012,0.0,0.031183869229251877
2023-09-27T00:00:00Z,113322.19290654012,113322.19290654012,0.0,0.031183869229251877
2023-09-28T00:00:00Z,113322.19290654012,113322.19290654012,0.0,0.031183869229251877
2023-09-29T00:00:00Z,113322.19290654012,113322.19290654012,0.0,0.031183869229251877
2023-09-30T00:00:00Z,113322.19290654012,113322.19290654012,0.0,0.031183869229251877
2023-10-01T00:00:00Z,113322.19290654012,113322.19290654012,0.0,0.031183869229251877
2023-10-02T00:00:00Z,113322.19290654012,113322.19290654012,0.0,0.031183869229251877
2023-10-03T00:00:00Z,112739.36465033164,91931.11278252905,20808.25186780259,0.036166595044921944
2023-10-04T00:00:00Z,112713.5355054969,112713.5355054969,0.0,0.03638741403472522
2023-10-05T00:00:00Z,112713.5355054969,112713.5355054969,0.0,0.03638741403472522
2023-10-06T00:00:00Z,112713.5355054969,112713.5355054969,0.0,0.03638741403472522
2023-10-07T00:00:00Z,112713.5355054969,112713.5355054969,0.0,0.03638741403472522
2023-10-08T00:00:00Z,112713.5355054969,112713.5355054969,0.0,0.03638741403472522
2023-10-09T00:00:00Z,112713.5355054969,112713.5355054969,0.0,0.03638741403472522
2023-10-10T00:00:00Z,112713.5355054969,112713.5355054969,0.0,0.03638741403472522
2023-10-11T00:00:00Z,112713.5355054969,112713.5355054969,0.0,0.03638741403472522
2023-10-12T00:00:00Z,112713.5355054969,112713.5355054969,0.0,0.03638741403472522
2023-10-13T00:00:00Z,112713.5355054969,112713.5355054969,0.0,0.03638741403472522
2023-10-14T00:00:00Z,112713.5355054969,112713.5355054969,0.0,0.03638741403472522
2023-10-15T00:00:00Z,112713.5355054969,112713.5355054969,0.0,0.03638741403472522
2023-10-16T00:00:00Z,112713.5355054969,112713.5355054969,0.0,0.03638741403472522
2023-10-17T00:00:00Z,112713.5355054969,112713.5355054969,0.0,0.03638741403472522
2023-10-18T00:00:00Z,112713.5355054969,112713.5355054969,0.0,0.03638741403472522
2023-10-19T00:00:00Z,112713.5355054969,112713.5355054969,0.0,0.03638741403472522
2023-10-20T00:00:00Z,112713.5355054969,112713.5355054969,0.0,0.03638741403472522
2023-10-21T00:00:00Z,112713.5355054969,112713.5355054969,0.0,0.03638741403472522
2023-10-22T00:00:00Z,112713.5355054969,112713.5355054969,0.0,0.03638741403472522
2023-10-23T00:00:00Z,112713.5355054969,112713.5355054969,0.0,0.03638741403472522
2023-10-24T00:00:00Z,112713.5355054969,112713.5355054969,0.0,0.03638741403472522
2023-10-25T00:00:00Z,112577.84657927082,92985.87873109595,19591.967848174863,0.03754744824446917
2023-10-26T00:00:00Z,112683.0665999377,92985.87873109595,19697.187868841753,0.03664789935040413
2023-10-27T00:00:00Z,113125.5518601822,92985.87873109595,20139.673129086244,0.032864996401228794
2023-10-28T00:00:00Z,113278.40147687096,92985.87873109595,20292.522745775015,0.03155825170778355
2023-10-29T00:00:00Z,113405.99828859967,92985.87873109595,20420.119557503727,0.030467398748913917
2023-10-30T00:00:00Z,113712.18854874032,92985.87873109595,20726.30981764438,0.027849711467184384
2023-10-31T00:00:00Z,114237.93791867254,92985.87873109595,21252.059187576604,0.023354965493172283
2023-11-01T00:00:00Z,113535.13832729816,92985.87873109595,20549.259596202224,0.029363352406264694
2023-11-02T00:00:00Z,114535.28969707718,92985.87873109595,21549.410965981235,0.020812840318544107
2023-11-03T00:00:00Z,115651.88455639422,92985.87873109595,22666.005825298267,0.011266827454724888
2023-11-04T00:00:00Z,116069.74833180265,92985.87873109595,23083.86960070671,0.0076944189467609385
2023-11-05T00:00:00Z,115986.6245154758,92985.87873109595,23000.745784379866,0.008405062573072395
2023-11-06T00:00:00Z,116971.4839089179,92985.87873109595,23985.60517782195,0.0
2023-11-07T00:00:00Z,118421.34564702719,92985.87873109595,25435.466915931247,0.0
2023-11-08T00:00:00Z,117616.76322232772,92985.87873109595,24630.884491231765,0.006794234775018133
2023-11-09T00:00:00Z,118083.30879396471,92985.87873109595,25097.430062868756,0.002854526362756035
2023-11-10T00:00:00Z,118825.03979298583,92985.87873109595,25839.16106188988,0.0
2023-11-11T00:00:00Z,120070.8448376818,92985.87873109595,27084.966106585856,0.0
2023-11-12T00:00:00Z,119958.75044233134,92985.87873109595,26972.871711235395,0.0009335688068323025
2023-11-13T00:00:00Z,119887.34112163875,92985.87873109595,26901.462390542798,0.0015282953683812357
2023-11-14T00:00:00Z,118015.68739401612,92985.87873109595,25029.808662920168,0.017116207072948916
2023-11-15T00:00:00Z,118078.81940641624,92985.87873109595,25092.9406753203,0.01659041738199216
2023-11-16T00:00:00Z,119551.40866898959,92985.87873109595,26565.529937893643,0.0043260807350394455
2023-11-17T00:00:00Z,118993.25153269197,92985.87873109595,26007.372801596015,0.008974645813865796
2023-11-18T00:00:00Z,118740.16230964787,92985.87873109595,25754.283578551924,0.0110824782638351
2023-11-19T00:00:00Z,119449.48554230359,92985.87873109595,26463.60681120765,0.005174938980550966
2023-11-20T00:00:00Z,119926.27252928549,92985.87873109595,26940.39379818955,0.0012040583922912343
2023-11-21T00:00:00Z,119661.18822388537,92985.87873109595,26675.30949278943,0.003411790883542306
2023-11-22T00:00:00Z,118006.00715211476,92985.87873109595,25020.12842101881,0.017196828158895644
2023-11-23T00:00:00Z,119671.00875914762,92985.87873109595,26685.130028051677,0.003330001376060101
2023-11-24T00:00:00Z,119641.01034052667,119641.01034052667,0.0,0.00357984069934879
2023-11-25T00:00:00Z,119641.01034052667,119641.01034052667,0.0,0.00357984069934879
2023-11-26T00:00:00Z,119641.01034052667,119641.01034052667,0.0,0.00357984069934879
2023-11-27T00:00:00Z,119641.01034052667,119641.01034052667,0.0,0.00357984069934879
2023-11-28T00:00:00Z,119641.01034052667,119641.01034052667,0.0,0.00357984069934879
2023-11-29T00:00:00Z,119641.01034052667,119641.01034052667,0.0,0.00357984069934879
2023-11-30T00:00:00Z,119641.01034052667,119641.01034052667,0.0,0.00357984069934879
2023-12-01T00:00:00Z,119641.01034052667,119641.01034052667,0.0,0.00357984069934879
2023-12-02T00:00:00Z,119641.01034052667,119641.01034052667,0.0,0.00357984069934879
2023-12-03T00:00:00Z,119641.01034052667,119641.01034052667,0.0,0.00357984069934879
2023-12-04T00:00:00Z,119641.01034052667,119641.01034052667,0.0,0.00357984069934879
2023-12-05T00:00:00Z,119641.01034052667,119641.01034052667,0.0,0.00357984069934879
2023-12-06T00:00:00Z,119641.01034052667,119641.01034052667,0.0,0.00357984069934879
2023-12-07T00:00:00Z,120183.56351858636,105055.98505665394,15127.578461932428,0.0
2023-12-08T00:00:00Z,120636.87989110999,105055.98505665394,15580.894834456049,0.0
2023-12-09T00:00:00Z,123712.41292642528,105055.98505665394,18656.427869771353,0.0
2023-12-10T00:00:00Z,124850.45796787323,105055.98505665394,19794.472911219287,0.0
2023-12-11T00:00:00Z,125400.5666547353,105055.98505665394,20344.58159808136,0.0
2023-12-12T00:00:00Z,123886.399676616,105055.98505665394,18830.41461996206,0.012074642232584584
2023-12-13T00:00:00Z,124834.58813258947,105055.98505665394,19778.603075935527,0.004513364949172321
2023-12-14T00:00:00Z,127873.11435373014,105055.98505665394,22817.1292970762,0.0
2023-12-15T00:00:00Z,127061.39280030453,105055.98505665394,22005.407743650587,0.006347867239552626
2023-12-16T00:00:00Z,125589.46557773574,105055.98505665394,20533.48052108181,0.017858709295819883
2023-12-17T00:00:00Z,125846.93997432227,105055.98505665394,20790.954917668336,0.015845194587213556
2023-12-18T00:00:00Z,124911.06432158621,105055.98505665394,19855.07926493227,0.023163978191304037
2023-12-19T00:00:00Z,125664.19745294053,105055.98505665394,20608.212396286584,0.01727428718658698
2023-12-20T00:00:00Z,124762.62663811311,105055.98505665394,19706.641581459167,0.024324798307583342
2023-12-21T00:00:00Z,125219.63685160794,105055.98505665394,20163.651794954007,0.02075086319382193
2023-12-22T00:00:00Z,126785.72281671161,105055.98505665394,21729.737760057676,0.008503676026928704
2023-12-23T00:00:00Z,126350.63623342558,105055.98505665394,21294.65117677165,0.011906162823977119
2023-12-24T00:00:00Z,126009.50317928717,105055.98505665394,20953.51812263323,0.014573909330836616
2023-12-25T00:00:00Z,125303.94535155292,105055.98505665394,20247.96029489898,0.020091549464183973
2023-12-26T00:00:00Z,126406.3174658436,105055.98505665394,21350.332409189672,0.011470721545335917
2023-12-27T00:00:00Z,125873.2072878954,105055.98505665394,20817.22223124146,0.015639777571245142
2023-12-28T00:00:00Z,126717.11314089433,105055.98505665394,21661.128084240387,0.009040220993116724
2023-12-29T00:00:00Z,126686.9886945349,126686.9886945349,0.0,0.009275801760126916
2023-12-30T00:00:00Z,126686.9886945349,126686.9886945349,0.0,0.009275801760126916
2023-12-31T00:00:00Z,126686.9886945349,126686.9886945349,0.0,0.009275801760126916
2024-01-01T00:00:00Z,126686.9886945349,126686.9886945349,0.0,0.009275801760126916
2024-01-02T00:00:00Z,126686.9886945349,126686.9886945349,0.0,0.009275801760126916
2024-01-03T00:00:00Z,126686.9886945349,126686.9886945349,0.0,0.009275801760126916
2024-01-04T00:00:00Z,126686.9886945349,126686.9886945349,0.0,0.009275801760126916
2024-01-05T00:00:00Z,126686.9886945349,126686.9886945349,0.0,0.009275801760126916
2024-01-06T00:00:00Z,126686.9886945349,126686.9886945349,0.0,0.009275801760126916
2024-01-07T00:00:00Z,126686.9886945349,126686.9886945349,0.0,0.009275801760126916
2024-01-08T00:00:00Z,126686.9886945349,126686.9886945349,0.0,0.009275801760126916
2024-01-09T00:00:00Z,126686.9886945349,126686.9886945349,0.0,0.009275801760126916
2024-01-10T00:00:00Z,126686.9886945349,126686.9886945349,0.0,0.009275801760126916
2024-01-11T00:00:00Z,126686.9886945349,126686.9886945349,0.0,0.009275801760126916
2024-01-12T00:00:00Z,126686.9886945349,126686.9886945349,0.0,0.009275801760126916
2024-01-13T00:00:00Z,126686.9886945349,126686.9886945349,0.0,0.009275801760126916
2024-01-14T00:00:00Z,126686.9886945349,126686.9886945349,0.0,0.009275801760126916
2024-01-15T00:00:00Z,126686.9886945349,126686.9886945349,0.0,0.009275801760126916
2024-01-16T00:00:00Z,126686.9886945349,126686.9886945349,0.0,0.009275801760126916
2024-01-17T00:00:00Z,126686.9886945349,126686.9886945349,0.0,0.009275801760126916
2024-01-18T00:00:00Z,126686.9886945349,126686.9886945349,0.0,0.009275801760126916
2024-01-19T00:00:00Z,126686.9886945349,126686.9886945349,0.0,0.009275801760126916
2024-01-20T00:00:00Z,126686.9886945349,126686.9886945349,0.0,0.009275801760126916
2024-01-21T00:00:00Z,126686.9886945349,126686.9886945349,0.0,0.009275801760126916
2024-01-22T00:00:00Z,126686.9886945349,126686.9886945349,0.0,0.009275801760126916
2024-01-23T00:00:00Z,126686.9886945349,126686.9886945349,0.0,0.009275801760126916
2024-01-24T00:00:00Z,126686.9886945349,126686.9886945349,0.0,0.009275801760126916
2024-01-25T00:00:00Z,126686.9886945349,126686.9886945349,0.0,0.009275801760126916
2024-01-26T00:00:00Z,126686.9886945349,126686.9886945349,0.0,0.009275801760126916
2024-01-27T00:00:00Z,126686.9886945349,126686.9886945349,0.0,0.009275801760126916
2024-01-28T00:00:00Z,126686.9886945349,126686.9886945349,0.0,0.009275801760126916
2024-01-29T00:00:00Z,126686.9886945349,126686.9886945349,0.0,0.009275801760126916
2024-01-30T00:00:00Z,126686.9886945349,126686.9886945349,0.0,0.009275801760126916
2024-01-31T00:00:00Z,126686.9886945349,126686.9886945349,0.0,0.009275801760126916
2024-02-01T00:00:00Z,126686.9886945349,126686.9886945349,0.0,0.009275801760126916
2024-02-02T00:00:00Z,126686.9886945349,126686.9886945349,0.0,0.009275801760126916
2024-02-03T00:00:00Z,126686.9886945349,126686.9886945349,0.0,0.009275801760126916
2024-02-04T00:00:00Z,126686.9886945349,126686.9886945349,0.0,0.009275801760126916
2024-02-05T00:00:00Z,126686.9886945349,126686.9886945349,0.0,0.009275801760126916
2024-02-06T00:00:00Z,126686.9886945349,126686.9886945349,0.0,0.009275801760126916
2024-02-07T00:00:00Z,126686.9886945349,126686.9886945349,0.0,0.009275801760126916
2024-02-08T00:00:00Z,126686.9886945349,126686.9886945349,0.0,0.009275801760126916
2024-02-09T00:00:00Z,126686.9886945349,126686.9886945349,0.0,0.009275801760126916
2024-02-10T00:00:00Z,126686.9886945349,126686.9886945349,0.0,0.009275801760126916
2024-02-11T00:00:00Z,126953.56117197157,112178.16462977049,14775.396542201075,0.007191137765010167
2024-02-12T00:00:00Z,126681.85732645734,112178.16462977049,14503.692696686845,0.009315930352470176
2024-02-13T00:00:00Z,127156.53551555464,112178.16462977049,14978.370885784161,0.005603827214165245
2024-02-14T00:00:00Z,126772.68419358457,112178.16462977049,14594.519563814089,0.008605641347730779
2024-02-15T00:00:00Z,127628.29417397757,112178.16462977049,15450.129544207084,0.0019145555419517893
2024-02-16T00:00:00Z,128478.57400203843,112178.16462977049,16300.409372267932,0.0
2024-02-17T00:00:00Z,128213.37883500013,112178.16462977049,16035.214205229642,0.002064119788830246
2024-02-18T00:00:00Z,128501.63561589763,112178.16462977049,16323.470986127135,0.0
2024-02-19T00:00:00Z,128765.54511805177,112178.16462977049,16587.380488281284,0.0
2024-02-20T00:00:00Z,129076.83672812338,112178.16462977049,16898.672098352894,0.0
2024-02-21T00:00:00Z,128838.88158581774,112178.16462977049,16660.71695604725,0.00184351544659286
2024-02-22T00:00:00Z,128215.84302602806,112178.16462977049,16037.678396257574,0.006670396671626273
2024-02-23T00:00:00Z,127870.05274156545,112178.16462977049,15691.888111794962,0.009349345840414407
2024-02-24T00:00:00Z,127782.30611322312,112178.16462977049,15604.141483452631,0.01002914734908594
2024-02-25T00:00:00Z,128157.63990533579,112178.16462977049,15979.475275565297,0.00712131507160894
2024-02-26T00:00:00Z,128020.60945643488,112178.16462977049,15842.444826664394,0.008182934277458736
2024-02-27T00:00:00Z,128763.61662072557,112178.16462977049,16585.45199095508,0.002426617473261661
2024-02-28T00:00:00Z,128890.01354964726,112178.16462977049,16711.84891987677,0.0014473795857704837
2024-02-29T00:00:00Z,129021.09779845903,112178.16462977049,16842.93316868855,0.0004318275151238493
2024-03-01T00:00:00Z,129716.642500777,112178.16462977049,17538.477871006522,0.0
2024-03-02T00:00:00Z,131448.2188222285,112178.16462977049,19270.054192458014,0.0
2024-03-03T00:00:00Z,132042.35670681018,112178.16462977049,19864.1920770397,0.0
2024-03-04T00:00:00Z,131678.00463558285,112178.16462977049,19499.840005812366,0.0027593575297686235
2024-03-05T00:00:00Z,132804.8631218436,112178.16462977049,20626.69849207313,0.0
2024-03-06T00:00:00Z,130721.06819150884,112178.16462977049,18542.903561738345,0.01569065229503655
2024-03-07T00:00:00Z,131864.8010293739,112178.16462977049,19686.636399603398,0.007078521602083513
2024-03-08T00:00:00Z,132069.38245406214,112178.16462977049,19891.21782429166,0.00553805523753062
2024-03-09T00:00:00Z,131533.55482891307,112178.16462977049,19355.39019914259,0.009572754062207492
2024-03-10T00:00:00Z,132041.82101310848,112178.16462977049,19863.656383337977,0.0057455886087173225
2024-03-11T00:00:00Z,131369.739694926,112178.16462977049,19191.5750651555,0.010806256587162376
2024-03-12T00:00:00Z,131342.67357748863,131342.67357748863,0.0,0.01101006024917527
2024-03-13T00:00:00Z,131342.67357748863,131342.67357748863,0.0,0.01101006024917527
2024-03-14T00:00:00Z,131342.67357748863,131342.67357748863,0.0,0.01101006024917527
2024-03-15T00:00:00Z,131342.67357748863,131342.67357748863,0.0,0.01101006024917527
2024-03-16T00:00:00Z,131342.67357748863,131342.67357748863,0.0,0.01101006024917527
2024-03-17T00:00:00Z,131342.67357748863,131342.67357748863,0.0,0.01101006024917527
2024-03-18T00:00:00Z,131342.67357748863,131342.67357748863,0.0,0.01101006024917527
2024-03-19T00:00:00Z,131342.67357748863,131342.67357748863,0.0,0.01101006024917527
2024-03-20T00:00:00Z,131342.67357748863,131342.67357748863,0.0,0.01101006024917527
2024-03-21T00:00:00Z,131342.67357748863,131342.67357748863,0.0,0.01101006024917527
2024-03-22T00:00:00Z,131342.67357748863,131342.67357748863,0.0,0.01101006024917527
2024-03-23T00:00:00Z,131342.67357748863,131342.67357748863,0.0,0.01101006024917527
2024-03-24T00:00:00Z,131342.67357748863,131342.67357748863,0.0,0.01101006024917527
2024-03-25T00:00:00Z,131342.67357748863,131342.67357748863,0.0,0.01101006024917527
2024-03-26T00:00:00Z,131342.67357748863,131342.67357748863,0.0,0.01101006024917527
2024-03-27T00:00:00Z,131342.67357748863,131342.67357748863,0.0,0.01101006024917527
2024-03-28T00:00:00Z,131342.67357748863,131342.67357748863,0.0,0.01101006024917527
2024-03-29T00:00:00Z,131342.67357748863,131342.67357748863,0.0,0.01101006024917527
2024-03-30T00:00:00Z,131342.67357748863,131342.67357748863,0.0,0.01101006024917527
2024-03-31T00:00:00Z,131342.67357748863,131342.67357748863,0.0,0.01101006024917527
2024-04-01T00:00:00Z,131342.67357748863,131342.67357748863,0.0,0.01101006024917527
2024-04-02T00:00:00Z,131342.67357748863,131342.67357748863,0.0,0.01101006024917527
2024-04-03T00:00:00Z,131342.67357748863,131342.67357748863,0.0,0.01101006024917527
2024-04-04T00:00:00Z,131342.67357748863,131342.67357748863,0.0,0.01101006024917527
2024-04-05T00:00:00Z,131342.67357748863,131342.67357748863,0.0,0.01101006024917527
2024-04-06T00:00:00Z,131342.67357748863,131342.67357748863,0.0,0.01101006024917527
2024-04-07T00:00:00Z,131342.67357748863,131342.67357748863,0.0,0.01101006024917527
2024-04-08T00:00:00Z,131342.67357748863,131342.67357748863,0.0,0.01101006024917527
2024-04-09T00:00:00Z,131342.67357748863,131342.67357748863,0.0,0.01101006024917527
2024-04-10T00:00:00Z,131342.67357748863,131342.67357748863,0.0,0.01101006024917527
2024-04-11T00:00:00Z,131342.67357748863,131342.67357748863,0.0,0.01101006024917527
2024-04-12T00:00:00Z,131342.67357748863,131342.67357748863,0.0,0.01101006024917527
2024-04-13T00:00:00Z,131342.67357748863,131342.67357748863,0.0,0.01101006024917527
2024-04-14T00:00:00Z,131342.67357748863,131342.67357748863,0.0,0.01101006024917527
2024-04-15T00:00:00Z,131342.67357748863,131342.67357748863,0.0,0.01101006024917527
2024-04-16T00:00:00Z,131342.67357748863,131342.67357748863,0.0,0.01101006024917527
2024-04-17T00:00:00Z,131342.67357748863,131342.67357748863,0.0,0.01101006024917527
2024-04-18T00:00:00Z,131342.67357748863,131342.67357748863,0.0,0.01101006024917527
2024-04-19T00:00:00Z,131342.67357748863,131342.67357748863,0.0,0.01101006024917527
2024-04-20T00:00:00Z,131342.67357748863,131342.67357748863,0.0,0.01101006024917527
2024-04-21T00:00:00Z,131342.67357748863,131342.67357748863,0.0,0.01101006024917527
2024-04-22T00:00:00Z,131342.67357748863,131342.67357748863,0.0,0.01101006024917527
2024-04-23T00:00:00Z,131342.67357748863,131342.67357748863,0.0,0.01101006024917527
2024-04-24T00:00:00Z,131342.67357748863,131342.67357748863,0.0,0.01101006024917527
2024-04-25T00:00:00Z,131342.67357748863,131342.67357748863,0.0,0.01101006024917527
2024-04-26T00:00:00Z,131342.67357748863,131342.67357748863,0.0,0.01101006024917527
2024-04-27T00:00:00Z,131342.67357748863,131342.67357748863,0.0,0.01101006024917527
2024-04-28T00:00:00Z,131342.67357748863,131342.67357748863,0.0,0.01101006024917527
2024-04-29T00:00:00Z,131342.67357748863,131342.67357748863,0.0,0.01101006024917527
2024-04-30T00:00:00Z,131342.67357748863,131342.67357748863,0.0,0.01101006024917527
2024-05-01T00:00:00Z,131342.67357748863,131342.67357748863,0.0,0.01101006024917527
2024-05-02T00:00:00Z,131342.67357748863,131342.67357748863,0.0,0.01101006024917527
2024-05-03T00:00:00Z,131342.67357748863,131342.67357748863,0.0,0.01101006024917527
2024-05-04T00:00:00Z,131342.67357748863,131342.67357748863,0.0,0.01101006024917527
2024-05-05T00:00:00Z,131342.67357748863,131342.67357748863,0.0,0.01101006024917527
2024-05-06T00:00:00Z,131342.67357748863,131342.67357748863,0.0,0.01101006024917527
2024-05-07T00:00:00Z,131342.67357748863,131342.67357748863,0.0,0.01101006024917527
2024-05-08T00:00:00Z,131342.67357748863,131342.67357748863,0.0,0.01101006024917527
2024-05-09T00:00:00Z,131342.67357748863,131342.67357748863,0.0,0.01101006024917527
2024-05-10T00:00:00Z,131342.67357748863,131342.67357748863,0.0,0.01101006024917527
2024-05-11T00:00:00Z,131342.67357748863,131342.67357748863,0.0,0.01101006024917527
2024-05-12T00:00:00Z,131342.67357748863,131342.67357748863,0.0,0.01101006024917527
2024-05-13T00:00:00Z,131342.67357748863,131342.67357748863,0.0,0.01101006024917527
2024-05-14T00:00:00Z,131342.67357748863,131342.67357748863,0.0,0.01101006024917527
2024-05-15T00:00:00Z,131342.67357748863,131342.67357748863,0.0,0.01101006024917527
2024-05-16T00:00:00Z,131342.67357748863,131342.67357748863,0.0,0.01101006024917527
2024-05-17T00:00:00Z,131342.67357748863,131342.67357748863,0.0,0.01101006024917527
2024-05-18T00:00:00Z,131342.67357748863,131342.67357748863,0.0,0.01101006024917527
2024-05-19T00:00:00Z,131325.9130054094,115882.42638893999,15443.486616469416,0.01113626475468229
2024-05-20T00:00:00Z,131289.96915468381,131289.96915468381,0.0,0.011406916369997168
2024-05-21T00:00:00Z,131289.96915468381,131289.96915468381,0.0,0.011406916369997168
2024-05-22T00:00:00Z,131043.82472928133,116293.17441354663,14750.650315734709,0.013260345676849087
2024-05-23T00:00:00Z,131018.72826182283,131018.72826182283,0.0,0.013449318180329418
2024-05-24T00:00:00Z,131018.72826182283,131018.72826182283,0.0,0.013449318180329418
2024-05-25T00:00:00Z,131018.72826182283,131018.72826182283,0.0,0.013449318180329418
2024-05-26T00:00:00Z,131018.72826182283,131018.72826182283,0.0,0.013449318180329418
2024-05-27T00:00:00Z,131018.72826182283,131018.72826182283,0.0,0.013449318180329418
2024-05-28T00:00:00Z,131018.72826182283,131018.72826182283,0.0,0.013449318180329418
2024-05-29T00:00:00Z,131018.72826182283,131018.72826182283,0.0,0.013449318180329418
2024-05-30T00:00:00Z,131018.72826182283,131018.72826182283,0.0,0.013449318180329418
2024-05-31T00:00:00Z,131018.72826182283,131018.72826182283,0.0,0.013449318180329418
2024-06-01T00:00:00Z,131018.72826182283,131018.72826182283,0.0,0.013449318180329418
2024-06-02T00:00:00Z,131018.72826182283,131018.72826182283,0.0,0.013449318180329418
2024-06-03T00:00:00Z,131018.72826182283,131018.72826182283,0.0,0.013449318180329418
2024-06-04T00:00:00Z,131018.72826182283,131018.72826182283,0.0,0.013449318180329418
2024-06-05T00:00:00Z,131018.72826182283,131018.72826182283,0.0,0.013449318180329418
2024-06-06T00:00:00Z,131018.72826182283,131018.72826182283,0.0,0.013449318180329418
2024-06-07T00:00:00Z,131018.72826182283,131018.72826182283,0.0,0.013449318180329418
2024-06-08T00:00:00Z,131018.72826182283,131018.72826182283,0.0,0.013449318180329418
2024-06-09T00:00:00Z,131018.72826182283,131018.72826182283,0.0,0.013449318180329418
2024-06-10T00:00:00Z,131018.72826182283,131018.72826182283,0.0,0.013449318180329418
2024-06-11T00:00:00Z,131018.72826182283,131018.72826182283,0.0,0.013449318180329418
2024-06-12T00:00:00Z,131018.72826182283,131018.72826182283,0.0,0.013449318180329418
2024-06-13T00:00:00Z,131018.72826182283,131018.72826182283,0.0,0.013449318180329418
2024-06-14T00:00:00Z,131018.72826182283,131018.72826182283,0.0,0.013449318180329418
2024-06-15T00:00:00Z,131018.72826182283,131018.72826182283,0.0,0.013449318180329418
2024-06-16T00:00:00Z,131018.72826182283,131018.72826182283,0.0,0.013449318180329418
2024-06-17T00:00:00Z,131018.72826182283,131018.72826182283,0.0,0.013449318180329418
2024-06-18T00:00:00Z,131018.72826182283,131018.72826182283,0.0,0.013449318180329418
2024-06-19T00:00:00Z,131018.72826182283,131018.72826182283,0.0,0.013449318180329418
2024-06-20T00:00:00Z,131018.72826182283,131018.72826182283,0.0,0.013449318180329418
2024-06-21T00:00:00Z,131018.72826182283,131018.72826182283,0.0,0.013449318180329418
2024-06-22T00:00:00Z,131018.72826182283,131018.72826182283,0.0,0.013449318180329418
2024-06-23T00:00:00Z,131018.72826182283,131018.72826182283,0.0,0.013449318180329418
2024-06-24T00:00:00Z,131018.72826182283,131018.72826182283,0.0,0.013449318180329418
2024-06-25T00:00:00Z,131018.72826182283,131018.72826182283,0.0,0.013449318180329418
2024-06-26T00:00:00Z,131018.72826182283,131018.72826182283,0.0,0.013449318180329418
2024-06-27T00:00:00Z,131018.72826182283,131018.72826182283,0.0,0.013449318180329418
2024-06-28T00:00:00Z,131018.72826182283,131018.72826182283,0.0,0.013449318180329418
2024-06-29T00:00:00Z,131018.72826182283,131018.72826182283,0.0,0.013449318180329418
2024-06-30T00:00:00Z,131018.72826182283,131018.72826182283,0.0,0.013449318180329418
2024-07-01T00:00:00Z,131018.72826182283,131018.72826182283,0.0,0.013449318180329418
2024-07-02T00:00:00Z,131018.72826182283,131018.72826182283,0.0,0.013449318180329418
2024-07-03T00:00:00Z,131018.72826182283,131018.72826182283,0.0,0.013449318180329418
2024-07-04T00:00:00Z,131018.72826182283,131018.72826182283,0.0,0.013449318180329418
2024-07-05T00:00:00Z,131018.72826182283,131018.72826182283,0.0,0.013449318180329418
2024-07-06T00:00:00Z,131018.72826182283,131018.72826182283,0.0,0.013449318180329418
2024-07-07T00:00:00Z,131018.72826182283,131018.72826182283,0.0,0.013449318180329418
2024-07-08T00:00:00Z,131018.72826182283,131018.72826182283,0.0,0.013449318180329418
2024-07-09T00:00:00Z,131018.72826182283,131018.72826182283,0.0,0.013449318180329418
2024-07-10T00:00:00Z,131018.72826182283,131018.72826182283,0.0,0.013449318180329418
2024-07-11T00:00:00Z,131018.72826182283,131018.72826182283,0.0,0.013449318180329418
2024-07-12T00:00:00Z,131018.72826182283,131018.72826182283,0.0,0.013449318180329418
2024-07-13T00:00:00Z,131018.72826182283,131018.72826182283,0.0,0.013449318180329418
2024-07-14T00:00:00Z,131018.72826182283,131018.72826182283,0.0,0.013449318180329418
2024-07-15T00:00:00Z,130778.78214059868,120684.93902832593,10093.843112272743,0.015256075219068405
2024-07-16T00:00:00Z,131094.433940496,120684.93902832593,10409.494912170085,0.012879266173998047
2024-07-17T00:00:00Z,130928.42447536482,120684.93902832593,10243.485447038891,0.014129291671775741
2024-07-18T00:00:00Z,130874.64676130823,120684.93902832593,10189.707732982308,0.014534229509084074
2024-07-19T00:00:00Z,130584.71473769883,120684.93902832593,9899.775709372898,0.016717372631963576
2024-07-20T00:00:00Z,130949.4679286913,120684.93902832593,10264.52890036538,0.013970837735437797
2024-07-21T00:00:00Z,130912.05734499978,120684.93902832593,10227.118316673845,0.014252533622260881
2024-07-22T00:00:00Z,131136.520847149,120684.93902832593,10451.581818823064,0.012562358301321942
2024-07-23T00:00:00Z,130652.52142063974,120684.93902832593,9967.582392313809,0.016206798837096612
2024-07-24T00:00:00Z,130271.4010992822,120684.93902832593,9586.462070956277,0.01907657568410764
2024-07-25T00:00:00Z,130243.01826696133,130243.01826696133,0.0,0.019290294004760046
2024-07-26T00:00:00Z,130243.01826696133,130243.01826696133,0.0,0.019290294004760046
2024-07-27T00:00:00Z,130243.01826696133,130243.01826696133,0.0,0.019290294004760046
2024-07-28T00:00:00Z,130243.01826696133,130243.01826696133,0.0,0.019290294004760046
2024-07-29T00:00:00Z,130243.01826696133,130243.01826696133,0.0,0.019290294004760046
2024-07-30T00:00:00Z,130243.01826696133,130243.01826696133,0.0,0.019290294004760046
2024-07-31T00:00:00Z,130243.01826696133,130243.01826696133,0.0,0.019290294004760046
2024-08-01T00:00:00Z,130243.01826696133,130243.01826696133,0.0,0.019290294004760046
2024-08-02T00:00:00Z,130243.01826696133,130243.01826696133,0.0,0.019290294004760046
2024-08-03T00:00:00Z,130243.01826696133,130243.01826696133,0.0,0.019290294004760046
2024-08-04T00:00:00Z,130243.01826696133,130243.01826696133,0.0,0.019290294004760046
2024-08-05T00:00:00Z,130243.01826696133,130243.01826696133,0.0,0.019290294004760046
2024-08-06T00:00:00Z,130243.01826696133,130243.01826696133,0.0,0.019290294004760046
2024-08-07T00:00:00Z,130243.01826696133,130243.01826696133,0.0,0.019290294004760046
2024-08-08T00:00:00Z,130243.01826696133,130243.01826696133,0.0,0.019290294004760046
2024-08-09T00:00:00Z,130243.01826696133,130243.01826696133,0.0,0.019290294004760046
2024-08-10T00:00:00Z,130243.01826696133,130243.01826696133,0.0,0.019290294004760046
2024-08-11T00:00:00Z,130243.01826696133,130243.01826696133,0.0,0.019290294004760046
2024-08-12T00:00:00Z,130243.01826696133,130243.01826696133,0.0,0.019290294004760046
2024-08-13T00:00:00Z,130243.01826696133,130243.01826696133,0.0,0.019290294004760046
2024-08-14T00:00:00Z,130243.01826696133,130243.01826696133,0.0,0.019290294004760046
2024-08-15T00:00:00Z,130243.01826696133,130243.01826696133,0.0,0.019290294004760046
2024-08-16T00:00:00Z,130243.01826696133,130243.01826696133,0.0,0.019290294004760046
2024-08-17T00:00:00Z,130243.01826696133,130243.01826696133,0.0,0.019290294004760046
2024-08-18T00:00:00Z,130243.01826696133,130243.01826696133,0.0,0.019290294004760046
2024-08-19T00:00:00Z,130243.01826696133,130243.01826696133,0.0,0.019290294004760046
2024-08-20T00:00:00Z,130243.01826696133,130243.01826696133,0.0,0.019290294004760046
2024-08-21T00:00:00Z,130243.01826696133,130243.01826696133,0.0,0.019290294004760046
2024-08-22T00:00:00Z,130243.01826696133,130243.01826696133,0.0,0.019290294004760046
2024-08-23T00:00:00Z,130243.01826696133,130243.01826696133,0.0,0.019290294004760046
2024-08-24T00:00:00Z,130243.01826696133,130243.01826696133,0.0,0.019290294004760046
2024-08-25T00:00:00Z,130307.88320996585,115407.53907058484,14900.344139381003,0.018801871054879002
2024-08-26T00:00:00Z,129989.80724866776,115407.53907058484,14582.268178082908,0.021196933658921356
2024-08-27T00:00:00Z,129266.56309857327,115407.53907058484,13859.02402798843,0.02664284981811301
2024-08-28T00:00:00Z,129260.90525425255,129260.90525425255,0.0,0.026685452507410123
2024-08-29T00:00:00Z,129260.90525425255,129260.90525425255,0.0,0.026685452507410123
2024-08-30T00:00:00Z,129260.90525425255,129260.90525425255,0.0,0.026685452507410123
2024-08-31T00:00:00Z,129260.90525425255,129260.90525425255,0.0,0.026685452507410123
2024-09-01T00:00:00Z,129260.90525425255,129260.90525425255,0.0,0.026685452507410123
2024-09-02T00:00:00Z,129260.90525425255,129260.90525425255,0.0,0.026685452507410123
2024-09-03T00:00:00Z,129260.90525425255,129260.90525425255,0.0,0.026685452507410123
2024-09-04T00:00:00Z,129260.90525425255,129260.90525425255,0.0,0.026685452507410123
2024-09-05T00:00:00Z,129260.90525425255,129260.90525425255,0.0,0.026685452507410123
2024-09-06T00:00:00Z,129260.90525425255,129260.90525425255,0.0,0.026685452507410123
2024-09-07T00:00:00Z,129260.90525425255,129260.90525425255,0.0,0.026685452507410123
2024-09-08T00:00:00Z,129260.90525425255,129260.90525425255,0.0,0.026685452507410123
2024-09-09T00:00:00Z,129260.90525425255,129260.90525425255,0.0,0.026685452507410123
2024-09-10T00:00:00Z,129260.90525425255,129260.90525425255,0.0,0.026685452507410123
2024-09-11T00:00:00Z,129260.90525425255,129260.90525425255,0.0,0.026685452507410123
2024-09-12T00:00:00Z,129260.90525425255,129260.90525425255,0.0,0.026685452507410123
2024-09-13T00:00:00Z,129260.90525425255,129260.90525425255,0.0,0.026685452507410123
2024-09-14T00:00:00Z,129260.90525425255,129260.90525425255,0.0,0.026685452507410123
2024-09-15T00:00:00Z,129260.90525425255,129260.90525425255,0.0,0.026685452507410123
2024-09-16T00:00:00Z,129260.90525425255,129260.90525425255,0.0,0.026685452507410123
2024-09-17T00:00:00Z,129260.90525425255,129260.90525425255,0.0,0.026685452507410123
2024-09-18T00:00:00Z,129260.90525425255,129260.90525425255,0.0,0.026685452507410123
2024-09-19T00:00:00Z,129260.90525425255,129260.90525425255,0.0,0.026685452507410123
2024-09-20T00:00:00Z,129260.90525425255,129260.90525425255,0.0,0.026685452507410123
2024-09-21T00:00:00Z,129260.90525425255,129260.90525425255,0.0,0.026685452507410123
2024-09-22T00:00:00Z,129260.90525425255,129260.90525425255,0.0,0.026685452507410123
2024-09-23T00:00:00Z,129260.90525425255,129260.90525425255,0.0,0.026685452507410123
2024-09-24T00:00:00Z,129260.90525425255,129260.90525425255,0.0,0.026685452507410123
2024-09-25T00:00:00Z,129260.90525425255,129260.90525425255,0.0,0.026685452507410123
2024-09-26T00:00:00Z,128970.6757673421,114195.21743530217,14775.458332039925,0.02887083548276229
2024-09-27T00:00:00Z,129769.76855190503,114195.21743530217,15574.551116602861,0.022853790882296148
2024-09-28T00:00:00Z,129773.64764309223,114195.21743530217,15578.43020779006,0.022824581927924904
2024-09-29T00:00:00Z,129730.97764003304,114195.21743530217,15535.760204730874,0.02314588042600807
2024-09-30T00:00:00Z,129614.60490441708,114195.21743530217,15419.387469114912,0.024022149057143945
2024-10-01T00:00:00Z,128679.7439283022,114195.21743530217,14484.526493000021,0.03106150706060187
2024-10-02T00:00:00Z,127932.61540134848,127932.61540134848,0.0,0.03668726886925081
2024-10-03T00:00:00Z,127932.61540134848,127932.61540134848,0.0,0.03668726886925081
2024-10-04T00:00:00Z,127932.61540134848,127932.61540134848,0.0,0.03668726886925081
2024-10-05T00:00:00Z,127932.61540134848,127932.61540134848,0.0,0.03668726886925081
2024-10-06T00:00:00Z,127932.61540134848,127932.61540134848,0.0,0.03668726886925081
2024-10-07T00:00:00Z,127932.61540134848,127932.61540134848,0.0,0.03668726886925081
2024-10-08T00:00:00Z,127932.61540134848,127932.61540134848,0.0,0.03668726886925081
2024-10-09T00:00:00Z,127932.61540134848,127932.61540134848,0.0,0.03668726886925081
2024-10-10T00:00:00Z,127932.61540134848,127932.61540134848,0.0,0.03668726886925081
2024-10-11T00:00:00Z,127932.61540134848,127932.61540134848,0.0,0.03668726886925081
2024-10-12T00:00:00Z,127932.61540134848,127932.61540134848,0.0,0.03668726886925081
2024-10-13T00:00:00Z,127932.61540134848,127932.61540134848,0.0,0.03668726886925081
2024-10-14T00:00:00Z,127932.61540134848,127932.61540134848,0.0,0.03668726886925081
2024-10-15T00:00:00Z,127932.61540134848,127932.61540134848,0.0,0.03668726886925081
2024-10-16T00:00:00Z,127932.61540134848,127932.61540134848,0.0,0.03668726886925081
2024-10-17T00:00:00Z,127932.61540134848,127932.61540134848,0.0,0.03668726886925081
2024-10-18T00:00:00Z,127932.61540134848,127932.61540134848,0.0,0.03668726886925081
2024-10-19T00:00:00Z,127932.61540134848,127932.61540134848,0.0,0.03668726886925081
2024-10-20T00:00:00Z,127932.61540134848,127932.61540134848,0.0,0.03668726886925081
2024-10-21T00:00:00Z,127932.61540134848,127932.61540134848,0.0,0.03668726886925081
2024-10-22T00:00:00Z,127932.61540134848,127932.61540134848,0.0,0.03668726886925081
2024-10-23T00:00:00Z,127932.61540134848,127932.61540134848,0.0,0.03668726886925081
2024-10-24T00:00:00Z,127932.61540134848,127932.61540134848,0.0,0.03668726886925081
2024-10-25T00:00:00Z,127932.61540134848,127932.61540134848,0.0,0.03668726886925081
2024-10-26T00:00:00Z,127932.61540134848,127932.61540134848,0.0,0.03668726886925081
2024-10-27T00:00:00Z,127932.61540134848,127932.61540134848,0.0,0.03668726886925081
2024-10-28T00:00:00Z,127932.61540134848,127932.61540134848,0.0,0.03668726886925081
2024-10-29T00:00:00Z,127932.61540134848,127932.61540134848,0.0,0.03668726886925081
2024-10-30T00:00:00Z,127932.61540134848,127932.61540134848,0.0,0.03668726886925081
2024-10-31T00:00:00Z,127932.61540134848,127932.61540134848,0.0,0.03668726886925081
2024-11-01T00:00:00Z,127932.61540134848,127932.61540134848,0.0,0.03668726886925081
2024-11-02T00:00:00Z,127932.61540134848,127932.61540134848,0.0,0.03668726886925081
2024-11-03T00:00:00Z,127932.61540134848,127932.61540134848,0.0,0.03668726886925081
2024-11-04T00:00:00Z,127932.61540134848,127932.61540134848,0.0,0.03668726886925081
2024-11-05T00:00:00Z,127932.61540134848,127932.61540134848,0.0,0.03668726886925081
2024-11-06T00:00:00Z,127932.61540134848,127932.61540134848,0.0,0.03668726886925081
2024-11-07T00:00:00Z,127932.61540134848,127932.61540134848,0.0,0.03668726886925081
2024-11-08T00:00:00Z,127932.61540134848,127932.61540134848,0.0,0.03668726886925081
2024-11-09T00:00:00Z,129055.38609774949,115740.28262645584,13315.103471293645,0.028232979846936075
2024-11-10T00:00:00Z,130618.69784134267,115740.28262645584,14878.415214886827,0.016461485137748377
2024-11-11T00:00:00Z,133409.8981191757,115740.28262645584,17669.615492719862,0.0
2024-11-12T00:00:00Z,134104.70333855046,115740.28262645584,18364.42071209461,0.0
2024-11-13T00:00:00Z,132837.88175322494,115740.28262645584,17097.5991267691,0.009446511224348362
2024-11-14T00:00:00Z,133059.50065940482,115740.28262645584,17319.21803294898,0.007793930064533277
2024-11-15T00:00:00Z,133083.45946007292,115740.28262645584,17343.17683361707,0.007615272641850524
2024-11-16T00:00:00Z,136916.86756696808,115740.28262645584,21176.584940512228,0.0
2024-11-17T00:00:00Z,137947.09599569615,115740.28262645584,22206.813369240303,0.0
2024-11-18T00:00:00Z,136794.0787135441,115740.28262645584,21053.79608708824,0.008358401993384675
2024-11-19T00:00:00Z,137683.5491883471,115740.28262645584,21943.26656189126,0.0019104918842022655
2024-11-20T00:00:00Z,137860.2453432743,115740.28262645584,22119.96271681846,0.0006295939163848974
2024-11-21T00:00:00Z,139690.09874430002,115740.28262645584,23949.81611784419,0.0
2024-11-22T00:00:00Z,140348.96576267263,115740.28262645584,24608.683136216798,0.0
2024-11-23T00:00:00Z,146212.8822261888,115740.28262645584,30472.599599732985,0.0
2024-11-24T00:00:00Z,147656.39996644153,115740.28262645584,31916.117339985693,0.0
2024-11-25T00:00:00Z,146365.61958044794,115740.28262645584,30625.336953992086,0.00874178421177109
2024-11-26T00:00:00Z,143996.69316439005,115740.28262645584,28256.41053793422,0.024785290734998563
2024-11-27T00:00:00Z,144502.82282850356,115740.28262645584,28762.540202047723,0.021357537761009338
2024-11-28T00:00:00Z,146036.18607126162,115740.28262645584,30295.903444805786,0.010972866029160578
2024-11-29T00:00:00Z,146644.14063821454,115740.28262645584,30903.85801175869,0.00685550594797825
2024-11-30T00:00:00Z,147946.90042454217,115740.28262645584,32206.617798086336,0.0
2024-12-01T00:00:00Z,148054.7150275486,115740.28262645584,32314.432401092763,0.0
2024-12-02T00:00:00Z,150169.07918650797,115740.28262645584,34428.79656005213,0.0
2024-12-03T00:00:00Z,151747.3651805187,115740.28262645584,36007.082554062865,0.0
2024-12-04T00:00:00Z,151414.9368212489,115740.28262645584,35674.65419479305,0.0021906697284288785
2024-12-05T00:00:00Z,151268.18916715682,115740.28262645584,35527.90654070097,0.0031577221310687504
2024-12-06T00:00:00Z,150462.57449469212,115740.28262645584,34722.29186823629,0.008466642463928154
2024-12-07T00:00:00Z,152493.08285131317,115740.28262645584,36752.80022485732,0.0
2024-12-08T00:00:00Z,151989.94803728315,115740.28262645584,36249.66541082732,0.003299394337253983
2024-12-09T00:00:00Z,151929.610945388,151929.610945388,0.0,0.0036950653458463632
2024-12-10T00:00:00Z,151929.610945388,151929.610945388,0.0,0.0036950653458463632
2024-12-11T00:00:00Z,151929.610945388,151929.610945388,0.0,0.0036950653458463632
2024-12-12T00:00:00Z,151929.610945388,151929.610945388,0.0,0.0036950653458463632
2024-12-13T00:00:00Z,151929.610945388,151929.610945388,0.0,0.0036950653458463632
2024-12-14T00:00:00Z,151929.610945388,151929.610945388,0.0,0.0036950653458463632
2024-12-15T00:00:00Z,151929.610945388,151929.610945388,0.0,0.0036950653458463632
2024-12-16T00:00:00Z,151929.610945388,151929.610945388,0.0,0.0036950653458463632
2024-12-17T00:00:00Z,151929.610945388,151929.610945388,0.0,0.0036950653458463632
2024-12-18T00:00:00Z,151929.610945388,151929.610945388,0.0,0.0036950653458463632
2024-12-19T00:00:00Z,151929.610945388,151929.610945388,0.0,0.0036950653458463632
2024-12-20T00:00:00Z,151929.610945388,151929.610945388,0.0,0.0036950653458463632
2024-12-21T00:00:00Z,151929.610945388,151929.610945388,0.0,0.0036950653458463632
2024-12-22T00:00:00Z,151929.610945388,151929.610945388,0.0,0.0036950653458463632
2024-12-23T00:00:00Z,151929.610945388,151929.610945388,0.0,0.0036950653458463632
2024-12-24T00:00:00Z,151929.610945388,151929.610945388,0.0,0.0036950653458463632
2024-12-25T00:00:00Z,151929.610945388,151929.610945388,0.0,0.0036950653458463632
2024-12-26T00:00:00Z,151929.610945388,151929.610945388,0.0,0.0036950653458463632
2024-12-27T00:00:00Z,151929.610945388,151929.610945388,0.0,0.0036950653458463632
2024-12-28T00:00:00Z,151929.610945388,151929.610945388,0.0,0.0036950653458463632
2024-12-29T00:00:00Z,151929.610945388,151929.610945388,0.0,0.0036950653458463632
2024-12-30T00:00:00Z,151929.610945388,151929.610945388,0.0,0.0036950653458463632
2024-12-31T00:00:00Z,151929.610945388,151929.610945388,0.0,0.0036950653458463632
