timestamp,equity,cash,market_value,drawdown
2020-01-21T00:00:00Z,100000.0,100000.0,0.0,0.0
2020-01-22T00:00:00Z,100000.0,100000.0,0.0,0.0
2020-01-23T00:00:00Z,100000.0,100000.0,0.0,0.0
2020-01-24T00:00:00Z,100000.0,100000.0,0.0,0.0
2020-01-25T00:00:00Z,100000.0,100000.0,0.0,0.0
2020-01-26T00:00:00Z,100000.0,100000.0,0.0,0.0
2020-01-27T00:00:00Z,100000.0,100000.0,0.0,0.0
2020-01-28T00:00:00Z,100000.0,100000.0,0.0,0.0
2020-01-29T00:00:00Z,100000.0,100000.0,0.0,0.0
2020-01-30T00:00:00Z,100000.0,100000.0,0.0,0.0
2020-01-31T00:00:00Z,100000.0,100000.0,0.0,0.0
2020-02-01T00:00:00Z,100000.0,100000.0,0.0,0.0
2020-02-02T00:00:00Z,100000.0,100000.0,0.0,0.0
2020-02-03T00:00:00Z,100000.0,100000.0,0.0,0.0
2020-02-04T00:00:00Z,100000.0,100000.0,0.0,0.0
2020-02-05T00:00:00Z,100000.0,100000.0,0.0,0.0
2020-02-06T00:00:00Z,100000.0,100000.0,0.0,0.0
2020-02-07T00:00:00Z,100000.0,100000.0,0.0,0.0
2020-02-08T00:00:00Z,100000.0,100000.0,0.0,0.0
2020-02-09T00:00:00Z,100000.0,100000.0,0.0,0.0
2020-02-10T00:00:00Z,100000.0,100000.0,0.0,0.0
2020-02-11T00:00:00Z,100000.0,100000.0,0.0,0.0
2020-02-12T00:00:00Z,100000.0,100000.0,0.0,0.0
2020-02-13T00:00:00Z,100000.0,100000.0,0.0,0.0
2020-02-14T00:00:00Z,100000.0,100000.0,0.0,0.0
2020-02-15T00:00:00Z,100000.0,100000.0,0.0,0.0
2020-02-16T00:00:00Z,100000.0,100000.0,0.0,0.0
2020-02-17T00:00:00Z,100000.0,100000.0,0.0,0.0
2020-02-18T00:00:00Z,100000.0,100000.0,0.0,0.0
2020-02-19T00:00:00Z,100000.0,100000.0,0.0,0.0
2020-02-20T00:00:00Z,100000.0,100000.0,0.0,0.0
2020-02-21T00:00:00Z,100000.0,100000.0,0.0,0.0
2020-02-22T00:00:00Z,100000.0,100000.0,0.0,0.0
2020-02-23T00:00:00Z,100000.0,100000.0,0.0,0.0
2020-02-24T00:00:00Z,100000.0,100000.0,0.0,0.0
2020-02-25T00:00:00Z,100000.0,100000.0,0.0,0.0
2020-02-26T00:00:00Z,100000.0,100000.0,0.0,0.0
2020-02-27T00:00:00Z,100000.0,100000.0,0.0,0.0
2020-02-28T00:00:00Z,100000.0,100000.0,0.0,0.0
2020-02-29T00:00:00Z,100000.0,100000.0,0.0,0.0
2020-03-01T00:00:00Z,100000.0,100000.0,0.0,0.0
2020-03-02T00:00:00Z,100000.0,100000.0,0.0,0.0
2020-03-03T00:00:00Z,100000.0,100000.0,0.0,0.0
2020-03-04T00:00:00Z,100000.0,100000.0,0.0,0.0
2020-03-05T00:00:00Z,100000.0,100000.0,0.0,0.0
2020-03-06T00:00:00Z,100000.0,100000.0,0.0,0.0
2020-03-07T00:00:00Z,100000.0,100000.0,0.0,0.0
2020-03-08T00:00:00Z,100000.0,100000.0,0.0,0.0
2020-03-09T00:00:00Z,100000.0,100000.0,0.0,0.0
2020-03-10T00:00:00Z,100000.0,100000.0,0.0,0.0
2020-03-11T00:00:00Z,100000.0,100000.0,0.0,0.0
2020-03-12T00:00:00Z,100000.0,100000.0,0.0,0.0
2020-03-13T00:00:00Z,100000.0,100000.0,0.0,0.0
2020-03-14T00:00:00Z,100000.0,100000.0,0.0,0.0
2020-03-15T00:00:00Z,100000.0,100000.0,0.0,0.0
2020-03-16T00:00:00Z,100000.0,100000.0,0.0,0.0
2020-03-17T00:00:00Z,100000.0,100000.0,0.0,0.0
2020-03-18T00:00:00Z,100000.0,100000.0,0.0,0.0
2020-03-19T00:00:00Z,100000.0,100000.0,0.0,0.0
2020-03-20T00:00:00Z,100000.0,100000.0,0.0,0.0
2020-03-21T00:00:00Z,100000.0,100000.0,0.0,0.0
2020-03-22T00:00:00Z,100000.0,100000.0,0.0,0.0
2020-03-23T00:00:00Z,100000.0,100000.0,0.0,0.0
2020-03-24T00:00:00Z,100000.0,100000.0,0.0,0.0
2020-03-25T00:00:00Z,100000.0,100000.0,0.0,0.0
2020-03-26T00:00:00Z,100000.0,100000.0,0.0,0.0
2020-03-27T00:00:00Z,100000.0,100000.0,0.0,0.0
2020-03-28T00:00:00Z,100000.0,100000.0,0.0,0.0
2020-03-29T00:00:00Z,100000.0,100000.0,0.0,0.0
2020-03-30T00:00:00Z,100000.0,100000.0,0.0,0.0
2020-03-31T00:00:00Z,100000.0,100000.0,0.0,0.0
2020-04-01T00:00:00Z,100000.0,100000.0,0.0,0.0
2020-04-02T00:00:00Z,100000.0,100000.0,0.0,0.0
2020-04-03T00:00:00Z,100000.0,100000.0,0.0,0.0
2020-04-04T00:00:00Z,100000.0,100000.0,0.0,0.0
2020-04-05T00:00:00Z,100000.0,100000.0,0.0,0.0
2020-04-06T00:00:00Z,100000.0,100000.0,0.0,0.0
2020-04-07T00:00:00Z,100000.0,100000.0,0.0,0.0
2020-04-08T00:00:00Z,100000.0,100000.0,0.0,0.0
2020-04-09T00:00:00Z,100000.0,100000.0,0.0,0.0
2020-04-10T00:00:00Z,100000.0,100000.0,0.0,0.0
2020-04-11T00:00:00Z,100000.0,100000.0,0.0,0.0
2020-04-12T00:00:00Z,100000.0,100000.0,0.0,0.0
2020-04-13T00:00:00Z,100000.0,100000.0,0.0,0.0
2020-04-14T00:00:00Z,100000.0,100000.0,0.0,0.0
2020-04-15T00:00:00Z,100000.0,100000.0,0.0,0.0
2020-04-16T00:00:00Z,100000.0,100000.0,0.0,0.0
2020-04-17T00:00:00Z,100000.0,100000.0,0.0,0.0
2020-04-18T00:00:00Z,100000.0,100000.0,0.0,0.0
2020-04-19T00:00:00Z,100000.0,100000.0,0.0,0.0
2020-04-20T00:00:00Z,100000.0,100000.0,0.0,0.0
2020-04-21T00:00:00Z,100000.0,100000.0,0.0,0.0
2020-04-22T00:00:00Z,100000.0,100000.0,0.0,0.0
2020-04-23T00:00:00Z,100000.0,100000.0,0.0,0.0
2020-04-24T00:00:00Z,100000.0,100000.0,0.0,0.0
2020-04-25T00:00:00Z,100000.0,100000.0,0.0,0.0
2020-04-26T00:00:00Z,100000.0,100000.0,0.0,0.0
2020-04-27T00:00:00Z,100000.0,100000.0,0.0,0.0
2020-04-28T00:00:00Z,100000.0,100000.0,0.0,0.0
2020-04-29T00:00:00Z,100000.0,100000.0,0.0,0.0
2020-04-30T00:00:00Z,100000.0,100000.0,0.0,0.0
2020-05-01T00:00:00Z,100000.0,100000.0,0.0,0.0
2020-05-02T00:00:00Z,100000.0,100000.0,0.0,0.0
2020-05-03T00:00:00Z,100000.0,100000.0,0.0,0.0
2020-05-04T00:00:00Z,100000.0,100000.0,0.0,0.0
2020-05-05T00:00:00Z,100000.0,100000.0,0.0,0.0
2020-05-06T00:00:00Z,100000.0,100000.0,0.0,0.0
2020-05-07T00:00:00Z,100000.0,100000.0,0.0,0.0
2020-05-08T00:00:00Z,100000.0,100000.0,0.0,0.0
2020-05-09T00:00:00Z,100000.0,100000.0,0.0,0.0
2020-05-10T00:00:00Z,100000.0,100000.0,0.0,0.0
2020-05-11T00:00:00Z,100000.0,100000.0,0.0,0.0
2020-05-12T00:00:00Z,100000.0,100000.0,0.0,0.0
2020-05-13T00:00:00Z,100000.0,100000.0,0.0,0.0
2020-05-14T00:00:00Z,100000.0,100000.0,0.0,0.0
2020-05-15T00:00:00Z,100000.0,100000.0,0.0,0.0
2020-05-16T00:00:00Z,100000.0,100000.0,0.0,0.0
2020-05-17T00:00:00Z,100000.0,100000.0,0.0,0.0
2020-05-18T00:00:00Z,100000.0,100000.0,0.0,0.0
2020-05-19T00:00:00Z,100000.0,100000.0,0.0,0.0
2020-05-20T00:00:00Z,100000.0,100000.0,0.0,0.0
2020-05-21T00:00:00Z,100000.0,100000.0,0.0,0.0
2020-05-22T00:00:00Z,100000.0,100000.0,0.0,0.0
2020-05-23T00:00:00Z,100000.0,100000.0,0.0,0.0
2020-05-24T00:00:00Z,100000.0,100000.0,0.0,0.0
2020-05-25T00:00:00Z,100000.0,100000.0,0.0,0.0
2020-05-26T00:00:00Z,100000.0,100000.0,0.0,0.0
2020-05-27T00:00:00Z,100000.0,100000.0,0.0,0.0
2020-05-28T00:00:00Z,100000.0,100000.0,0.0,0.0
2020-05-29T00:00:00Z,100000.0,100000.0,0.0,0.0
2020-05-30T00:00:00Z,100000.0,100000.0,0.0,0.0
2020-05-31T00:00:00Z,100000.0,100000.0,0.0,0.0
2020-06-01T00:00:00Z,100000.0,100000.0,0.0,0.0
2020-06-02T00:00:00Z,100000.0,100000.0,0.0,0.0
2020-06-03T00:00:00Z,98973.48678095845,98973.48678095845,0.0,0.010265132190415461
2020-06-04T00:00:00Z,98973.48678095845,98973.48678095845,0.0,0.010265132190415461
2020-06-05T00:00:00Z,98973.48678095845,98973.48678095845,0.0,0.010265132190415461
2020-06-06T00:00:00Z,98973.48678095845,98973.48678095845,0.0,0.010265132190415461
2020-06-07T00:00:00Z,98973.48678095845,98973.48678095845,0.0,0.010265132190415461
2020-06-08T00:00:00Z,98973.48678095845,98973.48678095845,0.0,0.010265132190415461
2020-06-09T00:00:00Z,98973.48678095845,98973.48678095845,0.0,0.010265132190415461
2020-06-10T00:00:00Z,98973.48678095845,98973.48678095845,0.0,0.010265132190415461
2020-06-11T00:00:00Z,98973.48678095845,98973.48678095845,0.0,0.010265132190415461
2020-06-12T00:00:00Z,98973.48678095845,98973.48678095845,0.0,0.010265132190415461
2020-06-13T00:00:00Z,98973.48678095845,98973.48678095845,0.0,0.010265132190415461
2020-06-14T00:00:00Z,98973.48678095845,98973.48678095845,0.0,0.010265132190415461
2020-06-15T00:00:00Z,98973.48678095845,98973.48678095845,0.0,0.010265132190415461
2020-06-16T00:00:00Z,98973.48678095845,98973.48678095845,0.0,0.010265132190415461
2020-06-17T00:00:00Z,98973.48678095845,98973.48678095845,0.0,0.010265132190415461
2020-06-18T00:00:00Z,98973.48678095845,98973.48678095845,0.0,0.010265132190415461
2020-06-19T00:00:00Z,98973.48678095845,98973.48678095845,0.0,0.010265132190415461
2020-06-20T00:00:00Z,98973.48678095845,98973.48678095845,0.0,0.010265132190415461
2020-06-21T00:00:00Z,98973.48678095845,98973.48678095845,0.0,0.010265132190415461
2020-06-22T00:00:00Z,98973.48678095845,98973.48678095845,0.0,0.010265132190415461
2020-06-23T00:00:00Z,98973.48678095845,98973.48678095845,0.0,0.010265132190415461
2020-06-24T00:00:00Z,98973.48678095845,98973.48678095845,0.0,0.010265132190415461
2020-06-25T00:00:00Z,98973.48678095845,98973.48678095845,0.0,0.010265132190415461
2020-06-26T00:00:00Z,98973.48678095845,98973.48678095845,0.0,0.010265132190415461
2020-06-27T00:00:00Z,98973.48678095845,98973.48678095845,0.0,0.010265132190415461
2020-06-28T00:00:00Z,98973.48678095845,98973.48678095845,0.0,0.010265132190415461
2020-06-29T00:00:00Z,98973.48678095845,98973.48678095845,0.0,0.010265132190415461
2020-06-30T00:00:00Z,98973.48678095845,98973.48678095845,0.0,0.010265132190415461
2020-07-01T00:00:00Z,98973.48678095845,98973.48678095845,0.0,0.010265132190415461
2020-07-02T00:00:00Z,98973.48678095845,98973.48678095845,0.0,0.010265132190415461
2020-07-03T00:00:00Z,98973.48678095845,98973.48678095845,0.0,0.010265132190415461
2020-07-04T00:00:00Z,98973.48678095845,98973.48678095845,0.0,0.010265132190415461
2020-07-05T00:00:00Z,98973.48678095845,98973.48678095845,0.0,0.010265132190415461
2020-07-06T00:00:00Z,98973.48678095845,98973.48678095845,0.0,0.010265132190415461
2020-07-07T00:00:00Z,98973.48678095845,98973.48678095845,0.0,0.010265132190415461
2020-07-08T00:00:00Z,98973.48678095845,98973.48678095845,0.0,0.010265132190415461
2020-07-09T00:00:00Z,98973.48678095845,98973.48678095845,0.0,0.010265132190415461
2020-07-10T00:00:00Z,98973.48678095845,98973.48678095845,0.0,0.010265132190415461
2020-07-11T00:00:00Z,98973.48678095845,98973.48678095845,0.0,0.010265132190415461
2020-07-12T00:00:00Z,98973.48678095845,98973.48678095845,0.0,0.010265132190415461
2020-07-13T00:00:00Z,98973.48678095845,98973.48678095845,0.0,0.010265132190415461
2020-07-14T00:00:00Z,98973.48678095845,98973.48678095845,0.0,0.010265132190415461
2020-07-15T00:00:00Z,98973.48678095845,98973.48678095845,0.0,0.010265132190415461
2020-07-16T00:00:00Z,98973.48678095845,98973.48678095845,0.0,0.010265132190415461
2020-07-17T00:00:00Z,98973.48678095845,98973.48678095845,0.0,0.010265132190415461
2020-07-18T00:00:00Z,98973.48678095845,98973.48678095845,0.0,0.010265132190415461
2020-07-19T00:00:00Z,98973.48678095845,98973.48678095845,0.0,0.010265132190415461
2020-07-20T00:00:00Z,98973.48678095845,98973.48678095845,0.0,0.010265132190415461
2020-07-21T00:00:00Z,98973.48678095845,98973.48678095845,0.0,0.010265132190415461
2020-07-22T00:00:00Z,98973.48678095845,98973.48678095845,0.0,0.010265132190415461
2020-07-23T00:00:00Z,98973.48678095845,98973.48678095845,0.0,0.010265132190415461
2020-07-24T00:00:00Z,99162.21879036311,74205.3717140236,24956.84707633951,0.008377812096368871
2020-07-25T00:00:00Z,98999.01041835497,74205.3717140236,24793.638704331377,0.010009895816450298
2020-07-26T00:00:00Z,99413.26861099983,74205.3717140236,25207.896896976228,0.005867313890001678
2020-07-27T00:00:00Z,100014.64468238011,74205.3717140236,25809.27296835652,0.0
2020-07-28T00:00:00Z,102861.69518452839,74205.3717140236,28656.3234705048,0.0
2020-07-29T00:00:00Z,102558.40828941137,74205.3717140236,28353.03657538777,0.0029484920948750016
2020-07-30T00:00:00Z,103055.31021183103,74205.3717140236,28849.938497807445,0.0
2020-07-31T00:00:00Z,103053.49101023222,74205.3717140236,28848.119296208624,1.7652672094990867e-05
2020-08-01T00:00:00Z,103667.08172091885,74205.3717140236,29461.71000689526,0.0
2020-08-02T00:00:00Z,104870.35363556482,74205.3717140236,30664.981921541224,0.0
2020-08-03T00:00:00Z,102976.30488525386,74205.3717140236,28770.93317123026,0.018060859763026776
2020-08-04T00:00:00Z,103366.13379928602,74205.3717140236,29160.762085262428,0.014343613653732126
2020-08-05T00:00:00Z,103283.23018356852,74205.3717140236,29077.85846954492,0.015134147992975399
2020-08-06T00:00:00Z,104719.10001692035,74205.3717140236,30513.728302896747,0.00144229149040633
2020-08-07T00:00:00Z,104778.87378373861,74205.3717140236,30573.502069715014,0.000872313753647788
2020-08-08T00:00:00Z,104332.12984825774,74205.3717140236,30126.758134234144,0.005132277794899662
2020-08-09T00:00:00Z,104782.77207287893,74205.3717140236,30577.400358855335,0.000835141292554915
2020-08-10T00:00:00Z,104565.76731073436,74205.3717140236,30360.39559671076,0.0029044082933956275
2020-08-11T00:00:00Z,105106.07018558294,74205.3717140236,30900.698471559346,0.0
2020-08-12T00:00:00Z,103811.83819099615,74205.3717140236,29606.466476972542,0.012313579913144908
2020-08-13T00:00:00Z,104260.40132807582,74205.3717140236,30055.029614052226,0.008045861252484677
2020-08-14T00:00:00Z,104808.50078120505,74205.3717140236,30603.129067181457,0.0028311343374600806
2020-08-15T00:00:00Z,104767.17891631764,74205.3717140236,30561.807202294047,0.0032242787563736765
2020-08-16T00:00:00Z,105013.29090404329,74205.3717140236,30807.91919001969,0.0008827204877495224
2020-08-17T00:00:00Z,105158.04737412056,74205.3717140236,30952.675660096967,0.0
2020-08-18T00:00:00Z,106121.4445636654,74205.3717140236,31916.0728496418,0.0
2020-08-19T00:00:00Z,105249.78711188947,74205.3717140236,31044.415397865872,0.008213772959460573
2020-08-20T00:00:00Z,104750.5462159856,74205.3717140236,30545.174501962003,0.012918202850672274
2020-08-21T00:00:00Z,105022.64679798007,74205.3717140236,30817.27508395646,0.010354153867799372
2020-08-22T00:00:00Z,104168.66159030692,74205.3717140236,29963.28987628332,0.018401398335535737
2020-08-23T00:00:00Z,104521.84658642006,74205.3717140236,30316.474872396466,0.015073277449457415
2020-08-24T00:00:00Z,104475.32700267888,74205.3717140236,30269.955288655292,0.015511639214437588
2020-08-25T00:00:00Z,104745.60838307452,74205.3717140236,30540.23666905093,0.012964732870418797
2020-08-26T00:00:00Z,103626.27962791683,74205.3717140236,29420.907913893232,0.023512353662427293
2020-08-27T00:00:00Z,103990.11994768018,74205.3717140236,29784.748233656588,0.020083825891632757
2020-08-28T00:00:00Z,103644.99141579037,74205.3717140236,29439.619701766773,0.023336029377072142
2020-08-29T00:00:00Z,103603.70116472847,103603.70116472847,0.0,0.02372511427156895
2020-08-30T00:00:00Z,103603.70116472847,103603.70116472847,0.0,0.02372511427156895
2020-08-31T00:00:00Z,103603.70116472847,103603.70116472847,0.0,0.02372511427156895
2020-09-01T00:00:00Z,103603.70116472847,103603.70116472847,0.0,0.02372511427156895
2020-09-02T00:00:00Z,103603.70116472847,103603.70116472847,0.0,0.02372511427156895
2020-09-03T00:00:00Z,103603.70116472847,103603.70116472847,0.0,0.02372511427156895
2020-09-04T00:00:00Z,103603.70116472847,103603.70116472847,0.0,0.02372511427156895
2020-09-05T00:00:00Z,103603.70116472847,103603.70116472847,0.0,0.02372511427156895
2020-09-06T00:00:00Z,103603.70116472847,103603.70116472847,0.0,0.02372511427156895
2020-09-07T00:00:00Z,103603.70116472847,103603.70116472847,0.0,0.02372511427156895
2020-09-08T00:00:00Z,103603.70116472847,103603.70116472847,0.0,0.02372511427156895
2020-09-09T00:00:00Z,103603.70116472847,103603.70116472847,0.0,0.02372511427156895
2020-09-10T00:00:00Z,103603.70116472847,103603.70116472847,0.0,0.02372511427156895
2020-09-11T00:00:00Z,103603.70116472847,103603.70116472847,0.0,0.02372511427156895
2020-09-12T00:00:00Z,103603.70116472847,103603.70116472847,0.0,0.02372511427156895
2020-09-13T00:00:00Z,103603.70116472847,103603.70116472847,0.0,0.02372511427156895
2020-09-14T00:00:00Z,103603.70116472847,103603.70116472847,0.0,0.02372511427156895
2020-09-15T00:00:00Z,103603.70116472847,103603.70116472847,0.0,0.02372511427156895
2020-09-16T00:00:00Z,103603.70116472847,103603.70116472847,0.0,0.02372511427156895
2020-09-17T00:00:00Z,103603.70116472847,103603.70116472847,0.0,0.02372511427156895
2020-09-18T00:00:00Z,103603.70116472847,103603.70116472847,0.0,0.02372511427156895
2020-09-19T00:00:00Z,103603.70116472847,103603.70116472847,0.0,0.02372511427156895
2020-09-20T00:00:00Z,103603.70116472847,103603.70116472847,0.0,0.02372511427156895
2020-09-21T00:00:00Z,103603.70116472847,103603.70116472847,0.0,0.02372511427156895
2020-09-22T00:00:00Z,103603.70116472847,103603.70116472847,0.0,0.02372511427156895
2020-09-23T00:00:00Z,103603.70116472847,103603.70116472847,0.0,0.02372511427156895
2020-09-24T00:00:00Z,103603.70116472847,103603.70116472847,0.0,0.02372511427156895
2020-09-25T00:00:00Z,103603.70116472847,103603.70116472847,0.0,0.02372511427156895
2020-09-26T00:00:00Z,103603.70116472847,103603.70116472847,0.0,0.02372511427156895
2020-09-27T00:00:00Z,103603.70116472847,103603.70116472847,0.0,0.02372511427156895
2020-09-28T00:00:00Z,103603.70116472847,103603.70116472847,0.0,0.02372511427156895
2020-09-29T00:00:00Z,103603.70116472847,103603.70116472847,0.0,0.02372511427156895
2020-09-30T00:00:00Z,103603.70116472847,103603.70116472847,0.0,0.02372511427156895
2020-10-01T00:00:00Z,103603.70116472847,103603.70116472847,0.0,0.02372511427156895
2020-10-02T00:00:00Z,103603.70116472847,103603.70116472847,0.0,0.02372511427156895
2020-10-03T00:00:00Z,103603.70116472847,103603.70116472847,0.0,0.02372511427156895
2020-10-04T00:00:00Z,103603.70116472847,103603.70116472847,0.0,0.02372511427156895
2020-10-05T00:00:00Z,103603.70116472847,103603.70116472847,0.0,0.02372511427156895
2020-10-06T00:00:00Z,103603.70116472847,103603.70116472847,0.0,0.02372511427156895
2020-10-07T00:00:00Z,103603.70116472847,103603.70116472847,0.0,0.02372511427156895
2020-10-08T00:00:00Z,103603.70116472847,103603.70116472847,0.0,0.02372511427156895
2020-10-09T00:00:00Z,103603.70116472847,103603.70116472847,0.0,0.02372511427156895
2020-10-10T00:00:00Z,103603.70116472847,103603.70116472847,0.0,0.02372511427156895
2020-10-11T00:00:00Z,103603.70116472847,103603.70116472847,0.0,0.02372511427156895
2020-10-12T00:00:00Z,103603.70116472847,103603.70116472847,0.0,0.02372511427156895
2020-10-13T00:00:00Z,103603.70116472847,103603.70116472847,0.0,0.02372511427156895
2020-10-14T00:00:00Z,103368.26829558087,82446.3440569529,20921.92423862796,0.025943637305396984
2020-10-15T00:00:00Z,103362.7718795944,82446.3440569529,20916.42782264149,0.025995430946249454
2020-10-16T00:00:00Z,103523.08401253307,82446.3440569529,21076.739955580168,0.024484783088054293
2020-10-17T00:00:00Z,103182.306221372,82446.3440569529,20735.962164419092,0.027695988820903444
2020-10-18T00:00:00Z,103261.82103930958,82446.3440569529,20815.476982356675,0.026946707483238654
2020-10-19T00:00:00Z,103520.15259067362,82446.3440569529,21073.80853372072,0.02451240636317559
2020-10-20T00:00:00Z,103973.97333728975,82446.3440569529,21527.62928033684,0.02023597808346192
2020-10-21T00:00:00Z,104266.3826677699,82446.3440569529,21820.03861081699,0.017480556390113925
2020-10-22T00:00:00Z,105870.42006648776,82446.3440569529,23424.076009534856,0.002365445534686856
2020-10-23T00:00:00Z,106204.9685861975,82446.3440569529,23758.624529244604,0.0
2020-10-24T00:00:00Z,106126.00340985856,82446.3440569529,23679.659352905663,0.0007435167807130587
2020-10-25T00:00:00Z,106466.78120101965,82446.3440569529,24020.437144066742,0.0
2020-10-26T00:00:00Z,106321.49260511064,82446.3440569529,23875.14854815774,0.0013646378172613893
2020-10-27T00:00:00Z,106365.46393300241,82446.3440569529,23919.119876049495,0.000951632677106543
2020-10-28T00:00:00Z,107431.03577891251,82446.3440569529,24984.691721959614,0.0
2020-10-29T00:00:00Z,106760.28981469708,82446.3440569529,24313.945757744183,0.00624350272109252
2020-10-30T00:00:00Z,107097.76975626628,82446.3440569529,24651.42569931338,0.0031021391558774163
2020-10-31T00:00:00Z,107284.09825820758,82446.3440569529,24837.75420125468,0.0013677380995126998
2020-11-01T00:00:00Z,107715.38369927918,82446.3440569529,25269.039642326275,0.0
2020-11-02T00:00:00Z,107654.19026796316,82446.3440569529,25207.846211010256,0.0005681029878411496
2020-11-03T00:00:00Z,107273.47185396707,82446.3440569529,24827.12779701417,0.004102588043931016
2020-11-04T00:00:00Z,108132.56167265217,82446.3440569529,25686.217615699272,0.0
2020-11-05T00:00:00Z,108355.16652010416,82446.3440569529,25908.822463151264,0.0
2020-11-06T00:00:00Z,111009.01937223761,82446.3440569529,28562.675315284705,0.0
2020-11-07T00:00:00Z,110987.94977762281,82446.3440569529,28541.605720669908,0.0001898007453264081
2020-11-08T00:00:00Z,109588.74548133403,82446.3440569529,27142.40142438112,0.012794220676259585
2020-11-09T00:00:00Z,110804.73591140717,82446.3440569529,28358.391854454272,0.0018402420090338145
2020-11-10T00:00:00Z,110527.1669040905,82446.3440569529,28080.82284713759,0.004340660523550434
2020-11-11T00:00:00Z,110476.96630474742,82446.3440569529,28030.62224779451,0.00479288142980622
2020-11-12T00:00:00Z,111189.66824432623,82446.3440569529,28743.32418737332,0.0
2020-11-13T00:00:00Z,112304.89104798078,82446.3440569529,29858.546991027877,0.0
2020-11-14T00:00:00Z,112348.4959481401,82446.3440569529,29902.151891187197,0.0
2020-11-15T00:00:00Z,111879.10202289565,82446.3440569529,29432.757965942747,0.004178016993312717
2020-11-16T00:00:00Z,111676.28427299495,82446.3440569529,29229.94021604204,0.005983272579416158
2020-11-17T00:00:00Z,113064.678951177,82446.3440569529,30618.334894224103,0.0
2020-11-18T00:00:00Z,114812.35602100793,82446.3440569529,32366.011964055026,0.0
2020-11-19T00:00:00Z,115013.34163224648,82446.3440569529,32566.997575293575,0.0
2020-11-20T00:00:00Z,115068.85543370982,82446.3440569529,32622.511376756913,0.0
2020-11-21T00:00:00Z,116632.95220959268,82446.3440569529,34186.60815263977,0.0
2020-11-22T00:00:00Z,116711.36774433297,82446.3440569529,34265.02368738006,0.0
2020-11-23T00:00:00Z,116188.65858401977,82446.3440569529,33742.31452706686,0.004478648227807956
2020-11-24T00:00:00Z,116103.83056396192,82446.3440569529,33657.486507009016,0.005205467060431597
2020-11-25T00:00:00Z,117537.66228096547,82446.3440569529,35091.31822401256,0.0
2020-11-26T00:00:00Z,116750.02587010447,82446.3440569529,34303.681813151554,0.006701140686108002
2020-11-27T00:00:00Z,113864.77390494068,82446.3440569529,31418.429847987773,0.03124860835878295
2020-11-28T00:00:00Z,113847.73501538263,82446.3440569529,31401.390958429718,0.03139357371905466
2020-11-29T00:00:00Z,114905.97830664412,82446.3440569529,32459.63424969121,0.022390133709061656
2020-11-30T00:00:00Z,115755.3577904198,82446.3440569529,33309.01373346689,0.015163688437882914
2020-12-01T00:00:00Z,118528.2996555934,82446.3440569529,36081.95559864049,0.0
2020-12-02T00:00:00Z,116836.50281495824,82446.3440569529,34390.15875800533,0.01427335788626848
2020-12-03T00:00:00Z,117634.39920232732,82446.3440569529,35188.05514537441,0.007541662673500548
2020-12-04T00:00:00Z,118033.43900294497,82446.3440569529,35587.09494599206,0.004175042197402088
2020-12-05T00:00:00Z,116624.15794401433,82446.3440569529,34177.81388706141,0.016064869884339146
2020-12-06T00:00:00Z,117526.3030212601,82446.3440569529,35079.95896430719,0.008453648936539082
2020-12-07T00:00:00Z,117921.312116821,82446.3440569529,35474.96805986809,0.0051210347278760095
2020-12-08T00:00:00Z,117566.42685796131,82446.3440569529,35120.082801008415,0.008115132001614683
2020-12-09T00:00:00Z,116024.49895989055,82446.3440569529,33578.15490293765,0.021124075035060082
2020-12-10T00:00:00Z,116414.37806719742,82446.3440569529,33968.03401024451,0.017834741530405585
2020-12-11T00:00:00Z,115885.07320770045,82446.3440569529,33438.72915074755,0.022300382740437025
2020-12-12T00:00:00Z,115474.307719645,82446.3440569529,33027.963662692106,0.025765930539983675
2020-12-13T00:00:00Z,116903.00944839451,82446.3440569529,34456.66539144161,0.013712254473585383
2020-12-14T00:00:00Z,117579.61825632885,82446.3440569529,35133.27419937594,0.008003838762735334
2020-12-15T00:00:00Z,117753.67142923368,82446.3440569529,35307.327372280786,0.006535386305300419
2020-12-16T00:00:00Z,118036.37042480442,82446.3440569529,35590.02636785152,0.00415031036654001
2020-12-17T00:00:00Z,121545.64881829865,82446.3440569529,39099.30476134574,0.0
2020-12-18T00:00:00Z,124229.54874449145,82446.3440569529,41783.20468753855,0.0
2020-12-19T00:00:00Z,124788.53425031534,82446.3440569529,42342.19019336244,0.0
2020-12-20T00:00:00Z,126102.54409881387,82446.3440569529,43656.20004186096,0.0
2020-12-21T00:00:00Z,125445.72238843082,82446.3440569529,42999.378331477914,0.005208631713792934
2020-12-22T00:00:00Z,124067.95411448926,82446.3440569529,41621.61005753636,0.016134408697815898
2020-12-23T00:00:00Z,126075.24523274772,82446.3440569529,43628.901175794825,0.00021648148545487704
2020-12-24T00:00:00Z,125008.20767590789,82446.3440569529,42561.86361895499,0.008678147064570398
2020-12-25T00:00:00Z,125922.26165445767,82446.3440569529,43475.91759750477,0.001429649541526532
2020-12-26T00:00:00Z,127712.44434125064,82446.3440569529,45266.100284297725,0.0
2020-12-27T00:00:00Z,130974.01758762132,82446.3440569529,48527.67353066842,0.0
2020-12-28T00:00:00Z,130599.52844507658,82446.3440569529,48153.184388123664,0.0028592628480241114
2020-12-29T00:00:00Z,132052.59761803274,82446.3440569529,49606.253561079844,0.0
2020-12-30T00:00:00Z,132616.34668437825,82446.3440569529,50170.00262742535,0.0
2020-12-31T00:00:00Z,135336.70616994795,82446.3440569529,52890.362112995055,0.0
2021-01-01T00:00:00Z,135432.71023584495,82446.3440569529,52986.36617889205,0.0
2021-01-02T00:00:00Z,136188.83386171688,82446.3440569529,53742.48980476397,0.0
2021-01-03T00:00:00Z,141414.45975391916,82446.3440569529,58968.11569696625,0.0
2021-01-04T00:00:00Z,142907.65276357657,82446.3440569529,60461.308706623655,0.0
2021-01-05T00:00:00Z,141061.95627532026,82446.3440569529,58615.612218367365,0.012915308960464042
2021-01-06T00:00:00Z,144626.56525641162,82446.3440569529,62180.22119945871,0.0
2021-01-07T00:00:00Z,149778.5391743952,82446.3440569529,67332.1951174423,0.0
2021-01-08T00:00:00Z,154704.97682306735,82446.3440569529,72258.63276611446,0.0
2021-01-09T00:00:00Z,156784.8206323472,82446.3440569529,74338.4765753943,0.0
2021-01-10T00:00:00Z,155908.87513797026,82446.3440569529,73462.53108101737,0.005586927936289111
2021-01-11T00:00:00Z,152362.03790190184,82446.3440569529,69915.69384494894,0.028209253374193437
2021-01-12T00:00:00Z,147289.94522958828,82446.3440569529,64843.601172635375,0.06055991494880706
2021-01-13T00:00:00Z,144855.39937531494,82446.3440569529,62409.05531836204,0.07608785856257201
2021-01-14T00:00:00Z,150946.8939992523,82446.3440569529,68500.5499422994,0.03723527959881115
2021-01-15T00:00:00Z,154175.6719635704,82446.3440569529,71729.32790661749,0.016641589780525483
2021-01-16T00:00:00Z,149774.142041606,82446.3440569529,67327.79798465312,0.04471528916170325
2021-01-17T00:00:00Z,148389.96128234692,82446.3440569529,65943.61722539402,0.0535438272413234
2021-01-18T00:00:00Z,148103.23158171948,82446.3440569529,65656.88752476656,0.055372637578134085
2021-01-19T00:00:00Z,149540.5443621811,82446.3440569529,67094.2003052282,0.04620521451597393
2021-01-20T00:00:00Z,148218.83953130152,82446.3440569529,65772.49547434863,0.05463527059888333
2021-01-21T00:00:00Z,147440.91345534995,82446.3440569529,64994.56939839705,0.059597014170831374
2021-01-22T00:00:00Z,138987.60888202686,82446.3440569529,56541.26482507397,0.11351361489294894
2021-01-23T00:00:00Z,138902.8252554217,138902.8252554217,0.0,0.11405437914718747
2021-01-24T00:00:00Z,138902.8252554217,138902.8252554217,0.0,0.11405437914718747
2021-01-25T00:00:00Z,138902.8252554217,138902.8252554217,0.0,0.11405437914718747
2021-01-26T00:00:00Z,138902.8252554217,138902.8252554217,0.0,0.11405437914718747
2021-01-27T00:00:00Z,138902.8252554217,138902.8252554217,0.0,0.11405437914718747
2021-01-28T00:00:00Z,138902.8252554217,138902.8252554217,0.0,0.11405437914718747
2021-01-29T00:00:00Z,138902.8252554217,138902.8252554217,0.0,0.11405437914718747
2021-01-30T00:00:00Z,138902.8252554217,138902.8252554217,0.0,0.11405437914718747
2021-01-31T00:00:00Z,138902.8252554217,138902.8252554217,0.0,0.11405437914718747
2021-02-01T00:00:00Z,138902.8252554217,138902.8252554217,0.0,0.11405437914718747
2021-02-02T00:00:00Z,138902.8252554217,138902.8252554217,0.0,0.11405437914718747
2021-02-03T00:00:00Z,138902.8252554217,138902.8252554217,0.0,0.11405437914718747
2021-02-04T00:00:00Z,138902.8252554217,138902.8252554217,0.0,0.11405437914718747
2021-02-05T00:00:00Z,138902.8252554217,138902.8252554217,0.0,0.11405437914718747
2021-02-06T00:00:00Z,138902.8252554217,138902.8252554217,0.0,0.11405437914718747
2021-02-07T00:00:00Z,138902.8252554217,138902.8252554217,0.0,0.11405437914718747
2021-02-08T00:00:00Z,138902.8252554217,138902.8252554217,0.0,0.11405437914718747
2021-02-09T00:00:00Z,138902.8252554217,138902.8252554217,0.0,0.11405437914718747
2021-02-10T00:00:00Z,138902.8252554217,138902.8252554217,0.0,0.11405437914718747
2021-02-11T00:00:00Z,138902.8252554217,138902.8252554217,0.0,0.11405437914718747
2021-02-12T00:00:00Z,138902.8252554217,138902.8252554217,0.0,0.11405437914718747
2021-02-13T00:00:00Z,138902.8252554217,138902.8252554217,0.0,0.11405437914718747
2021-02-14T00:00:00Z,138902.8252554217,138902.8252554217,0.0,0.11405437914718747
2021-02-15T00:00:00Z,138902.8252554217,138902.8252554217,0.0,0.11405437914718747
2021-02-16T00:00:00Z,138902.8252554217,138902.8252554217,0.0,0.11405437914718747
2021-02-17T00:00:00Z,138902.8252554217,138902.8252554217,0.0,0.11405437914718747
2021-02-18T00:00:00Z,138902.8252554217,138902.8252554217,0.0,0.11405437914718747
2021-02-19T00:00:00Z,138902.8252554217,138902.8252554217,0.0,0.11405437914718747
2021-02-20T00:00:00Z,138902.8252554217,138902.8252554217,0.0,0.11405437914718747
2021-02-21T00:00:00Z,138902.8252554217,138902.8252554217,0.0,0.11405437914718747
2021-02-22T00:00:00Z,138902.8252554217,138902.8252554217,0.0,0.11405437914718747
2021-02-23T00:00:00Z,138902.8252554217,138902.8252554217,0.0,0.11405437914718747
2021-02-24T00:00:00Z,138902.8252554217,138902.8252554217,0.0,0.11405437914718747
2021-02-25T00:00:00Z,138902.8252554217,138902.8252554217,0.0,0.11405437914718747
2021-02-26T00:00:00Z,138902.8252554217,138902.8252554217,0.0,0.11405437914718747
2021-02-27T00:00:00Z,138902.8252554217,138902.8252554217,0.0,0.11405437914718747
2021-02-28T00:00:00Z,138902.8252554217,138902.8252554217,0.0,0.11405437914718747
2021-03-01T00:00:00Z,138902.8252554217,138902.8252554217,0.0,0.11405437914718747
2021-03-02T00:00:00Z,138902.8252554217,138902.8252554217,0.0,0.11405437914718747
2021-03-03T00:00:00Z,138902.8252554217,138902.8252554217,0.0,0.11405437914718747
2021-03-04T00:00:00Z,138902.8252554217,138902.8252554217,0.0,0.11405437914718747
2021-03-05T00:00:00Z,138902.8252554217,138902.8252554217,0.0,0.11405437914718747
2021-03-06T00:00:00Z,138902.8252554217,138902.8252554217,0.0,0.11405437914718747
2021-03-07T00:00:00Z,138902.8252554217,138902.8252554217,0.0,0.11405437914718747
2021-03-08T00:00:00Z,138902.8252554217,138902.8252554217,0.0,0.11405437914718747
2021-03-09T00:00:00Z,138902.8252554217,138902.8252554217,0.0,0.11405437914718747
2021-03-10T00:00:00Z,138902.8252554217,138902.8252554217,0.0,0.11405437914718747
2021-03-11T00:00:00Z,138902.8252554217,138902.8252554217,0.0,0.11405437914718747
2021-03-12T00:00:00Z,138902.8252554217,138902.8252554217,0.0,0.11405437914718747
2021-03-13T00:00:00Z,138902.8252554217,138902.8252554217,0.0,0.11405437914718747
2021-03-14T00:00:00Z,138902.8252554217,138902.8252554217,0.0,0.11405437914718747
2021-03-15T00:00:00Z,138902.8252554217,138902.8252554217,0.0,0.11405437914718747
2021-03-16T00:00:00Z,138902.8252554217,138902.8252554217,0.0,0.11405437914718747
2021-03-17T00:00:00Z,138902.8252554217,138902.8252554217,0.0,0.11405437914718747
2021-03-18T00:00:00Z,138902.8252554217,138902.8252554217,0.0,0.11405437914718747
2021-03-19T00:00:00Z,138902.8252554217,138902.8252554217,0.0,0.11405437914718747
2021-03-20T00:00:00Z,138902.8252554217,138902.8252554217,0.0,0.11405437914718747
2021-03-21T00:00:00Z,138902.8252554217,138902.8252554217,0.0,0.11405437914718747
2021-03-22T00:00:00Z,138902.8252554217,138902.8252554217,0.0,0.11405437914718747
2021-03-23T00:00:00Z,138902.8252554217,138902.8252554217,0.0,0.11405437914718747
2021-03-24T00:00:00Z,138902.8252554217,138902.8252554217,0.0,0.11405437914718747
2021-03-25T00:00:00Z,138902.8252554217,138902.8252554217,0.0,0.11405437914718747
2021-03-26T00:00:00Z,138902.8252554217,138902.8252554217,0.0,0.11405437914718747
2021-03-27T00:00:00Z,138902.8252554217,138902.8252554217,0.0,0.11405437914718747
2021-03-28T00:00:00Z,138902.8252554217,138902.8252554217,0.0,0.11405437914718747
2021-03-29T00:00:00Z,138902.8252554217,138902.8252554217,0.0,0.11405437914718747
2021-03-30T00:00:00Z,138902.8252554217,138902.8252554217,0.0,0.11405437914718747
2021-03-31T00:00:00Z,138902.8252554217,138902.8252554217,0.0,0.11405437914718747
2021-04-01T00:00:00Z,138902.8252554217,138902.8252554217,0.0,0.11405437914718747
2021-04-02T00:00:00Z,138902.8252554217,138902.8252554217,0.0,0.11405437914718747
2021-04-03T00:00:00Z,138902.8252554217,138902.8252554217,0.0,0.11405437914718747
2021-04-04T00:00:00Z,138902.8252554217,138902.8252554217,0.0,0.11405437914718747
2021-04-05T00:00:00Z,138902.8252554217,138902.8252554217,0.0,0.11405437914718747
2021-04-06T00:00:00Z,138902.8252554217,138902.8252554217,0.0,0.11405437914718747
2021-04-07T00:00:00Z,138902.8252554217,138902.8252554217,0.0,0.11405437914718747
2021-04-08T00:00:00Z,138902.8252554217,138902.8252554217,0.0,0.11405437914718747
2021-04-09T00:00:00Z,138902.8252554217,138902.8252554217,0.0,0.11405437914718747
2021-04-10T00:00:00Z,138902.8252554217,138902.8252554217,0.0,0.11405437914718747
2021-04-11T00:00:00Z,138902.8252554217,138902.8252554217,0.0,0.11405437914718747
2021-04-12T00:00:00Z,138902.8252554217,138902.8252554217,0.0,0.11405437914718747
2021-04-13T00:00:00Z,138902.8252554217,138902.8252554217,0.0,0.11405437914718747
2021-04-14T00:00:00Z,138902.8252554217,138902.8252554217,0.0,0.11405437914718747
2021-04-15T00:00:00Z,138702.06709816196,121034.36310908508,17667.703989076865,0.11533484849651622
2021-04-16T00:00:00Z,138756.4800355873,121034.36310908508,17722.116926502225,0.11498779361450737
2021-04-17T00:00:00Z,138248.5511199612,121034.36310908508,17214.188010876125,0.11822744981067176
2021-04-18T00:00:00Z,137870.43873271556,121034.36310908508,16836.07562363048,0.12063911431824735
2021-04-19T00:00:00Z,137471.26224720094,137471.26224720094,0.0,0.12318512919331404
2021-04-20T00:00:00Z,137471.26224720094,137471.26224720094,0.0,0.12318512919331404
2021-04-21T00:00:00Z,137471.26224720094,137471.26224720094,0.0,0.12318512919331404
2021-04-22T00:00:00Z,137471.26224720094,137471.26224720094,0.0,0.12318512919331404
2021-04-23T00:00:00Z,137471.26224720094,137471.26224720094,0.0,0.12318512919331404
2021-04-24T00:00:00Z,137471.26224720094,137471.26224720094,0.0,0.12318512919331404
2021-04-25T00:00:00Z,137471.26224720094,137471.26224720094,0.0,0.12318512919331404
2021-04-26T00:00:00Z,137471.26224720094,137471.26224720094,0.0,0.12318512919331404
2021-04-27T00:00:00Z,137471.26224720094,137471.26224720094,0.0,0.12318512919331404
2021-04-28T00:00:00Z,137471.26224720094,137471.26224720094,0.0,0.12318512919331404
2021-04-29T00:00:00Z,137471.26224720094,137471.26224720094,0.0,0.12318512919331404
2021-04-30T00:00:00Z,137471.26224720094,137471.26224720094,0.0,0.12318512919331404
2021-05-01T00:00:00Z,137471.26224720094,137471.26224720094,0.0,0.12318512919331404
2021-05-02T00:00:00Z,137471.26224720094,137471.26224720094,0.0,0.12318512919331404
2021-05-03T00:00:00Z,137471.26224720094,137471.26224720094,0.0,0.12318512919331404
2021-05-04T00:00:00Z,137471.26224720094,137471.26224720094,0.0,0.12318512919331404
2021-05-05T00:00:00Z,137471.26224720094,137471.26224720094,0.0,0.12318512919331404
2021-05-06T00:00:00Z,137471.26224720094,137471.26224720094,0.0,0.12318512919331404
2021-05-07T00:00:00Z,137471.26224720094,137471.26224720094,0.0,0.12318512919331404
2021-05-08T00:00:00Z,137471.26224720094,137471.26224720094,0.0,0.12318512919331404
2021-05-09T00:00:00Z,137471.26224720094,137471.26224720094,0.0,0.12318512919331404
2021-05-10T00:00:00Z,137471.26224720094,137471.26224720094,0.0,0.12318512919331404
2021-05-11T00:00:00Z,137471.26224720094,137471.26224720094,0.0,0.12318512919331404
2021-05-12T00:00:00Z,137471.26224720094,137471.26224720094,0.0,0.12318512919331404
2021-05-13T00:00:00Z,137471.26224720094,137471.26224720094,0.0,0.12318512919331404
2021-05-14T00:00:00Z,137471.26224720094,137471.26224720094,0.0,0.12318512919331404
2021-05-15T00:00:00Z,137471.26224720094,137471.26224720094,0.0,0.12318512919331404
2021-05-16T00:00:00Z,137471.26224720094,137471.26224720094,0.0,0.12318512919331404
2021-05-17T00:00:00Z,137471.26224720094,137471.26224720094,0.0,0.12318512919331404
2021-05-18T00:00:00Z,137471.26224720094,137471.26224720094,0.0,0.12318512919331404
2021-05-19T00:00:00Z,137471.26224720094,137471.26224720094,0.0,0.12318512919331404
2021-05-20T00:00:00Z,137471.26224720094,137471.26224720094,0.0,0.12318512919331404
2021-05-21T00:00:00Z,137471.26224720094,137471.26224720094,0.0,0.12318512919331404
2021-05-22T00:00:00Z,137471.26224720094,137471.26224720094,0.0,0.12318512919331404
2021-05-23T00:00:00Z,137471.26224720094,137471.26224720094,0.0,0.12318512919331404
2021-05-24T00:00:00Z,137471.26224720094,137471.26224720094,0.0,0.12318512919331404
2021-05-25T00:00:00Z,137471.26224720094,137471.26224720094,0.0,0.12318512919331404
2021-05-26T00:00:00Z,137471.26224720094,137471.26224720094,0.0,0.12318512919331404
2021-05-27T00:00:00Z,137471.26224720094,137471.26224720094,0.0,0.12318512919331404
2021-05-28T00:00:00Z,137471.26224720094,137471.26224720094,0.0,0.12318512919331404
2021-05-29T00:00:00Z,137471.26224720094,137471.26224720094,0.0,0.12318512919331404
2021-05-30T00:00:00Z,137471.26224720094,137471.26224720094,0.0,0.12318512919331404
2021-05-31T00:00:00Z,137471.26224720094,137471.26224720094,0.0,0.12318512919331404
2021-06-01T00:00:00Z,137471.26224720094,137471.26224720094,0.0,0.12318512919331404
2021-06-02T00:00:00Z,137471.26224720094,137471.26224720094,0.0,0.12318512919331404
2021-06-03T00:00:00Z,137471.26224720094,137471.26224720094,0.0,0.12318512919331404
2021-06-04T00:00:00Z,137471.26224720094,137471.26224720094,0.0,0.12318512919331404
2021-06-05T00:00:00Z,137471.26224720094,137471.26224720094,0.0,0.12318512919331404
2021-06-06T00:00:00Z,137471.26224720094,137471.26224720094,0.0,0.12318512919331404
2021-06-07T00:00:00Z,137471.26224720094,137471.26224720094,0.0,0.12318512919331404
2021-06-08T00:00:00Z,137471.26224720094,137471.26224720094,0.0,0.12318512919331404
2021-06-09T00:00:00Z,137471.26224720094,137471.26224720094,0.0,0.12318512919331404
2021-06-10T00:00:00Z,137471.26224720094,137471.26224720094,0.0,0.12318512919331404
2021-06-11T00:00:00Z,137471.26224720094,137471.26224720094,0.0,0.12318512919331404
2021-06-12T00:00:00Z,137471.26224720094,137471.26224720094,0.0,0.12318512919331404
2021-06-13T00:00:00Z,137471.26224720094,137471.26224720094,0.0,0.12318512919331404
2021-06-14T00:00:00Z,137471.26224720094,137471.26224720094,0.0,0.12318512919331404
2021-06-15T00:00:00Z,137471.26224720094,137471.26224720094,0.0,0.12318512919331404
2021-06-16T00:00:00Z,137471.26224720094,137471.26224720094,0.0,0.12318512919331404
2021-06-17T00:00:00Z,137471.26224720094,137471.26224720094,0.0,0.12318512919331404
2021-06-18T00:00:00Z,137471.26224720094,137471.26224720094,0.0,0.12318512919331404
2021-06-19T00:00:00Z,137471.26224720094,137471.26224720094,0.0,0.12318512919331404
2021-06-20T00:00:00Z,137471.26224720094,137471.26224720094,0.0,0.12318512919331404
2021-06-21T00:00:00Z,137471.26224720094,137471.26224720094,0.0,0.12318512919331404
2021-06-22T00:00:00Z,137471.26224720094,137471.26224720094,0.0,0.12318512919331404
2021-06-23T00:00:00Z,137471.26224720094,137471.26224720094,0.0,0.12318512919331404
2021-06-24T00:00:00Z,137471.26224720094,137471.26224720094,0.0,0.12318512919331404
2021-06-25T00:00:00Z,137471.26224720094,137471.26224720094,0.0,0.12318512919331404
2021-06-26T00:00:00Z,137471.26224720094,137471.26224720094,0.0,0.12318512919331404
2021-06-27T00:00:00Z,137471.26224720094,137471.26224720094,0.0,0.12318512919331404
2021-06-28T00:00:00Z,137471.26224720094,137471.26224720094,0.0,0.12318512919331404
2021-06-29T00:00:00Z,137471.26224720094,137471.26224720094,0.0,0.12318512919331404
2021-06-30T00:00:00Z,137471.26224720094,137471.26224720094,0.0,0.12318512919331404
2021-07-01T00:00:00Z,137471.26224720094,137471.26224720094,0.0,0.12318512919331404
2021-07-02T00:00:00Z,137471.26224720094,137471.26224720094,0.0,0.12318512919331404
2021-07-03T00:00:00Z,137471.26224720094,137471.26224720094,0.0,0.12318512919331404
2021-07-04T00:00:00Z,137471.26224720094,137471.26224720094,0.0,0.12318512919331404
2021-07-05T00:00:00Z,137471.26224720094,137471.26224720094,0.0,0.12318512919331404
2021-07-06T00:00:00Z,137471.26224720094,137471.26224720094,0.0,0.12318512919331404
2021-07-07T00:00:00Z,137471.26224720094,137471.26224720094,0.0,0.12318512919331404
2021-07-08T00:00:00Z,137471.26224720094,137471.26224720094,0.0,0.12318512919331404
2021-07-09T00:00:00Z,137471.26224720094,137471.26224720094,0.0,0.12318512919331404
2021-07-10T00:00:00Z,137471.26224720094,137471.26224720094,0.0,0.12318512919331404
2021-07-11T00:00:00Z,137471.26224720094,137471.26224720094,0.0,0.12318512919331404
2021-07-12T00:00:00Z,137471.26224720094,137471.26224720094,0.0,0.12318512919331404
2021-07-13T00:00:00Z,137471.26224720094,137471.26224720094,0.0,0.12318512919331404
2021-07-14T00:00:00Z,137471.26224720094,137471.26224720094,0.0,0.12318512919331404
2021-07-15T00:00:00Z,137471.26224720094,137471.26224720094,0.0,0.12318512919331404
2021-07-16T00:00:00Z,137471.26224720094,137471.26224720094,0.0,0.12318512919331404
2021-07-17T00:00:00Z,137471.26224720094,137471.26224720094,0.0,0.12318512919331404
2021-07-18T00:00:00Z,137471.26224720094,137471.26224720094,0.0,0.12318512919331404
2021-07-19T00:00:00Z,137471.26224720094,137471.26224720094,0.0,0.12318512919331404
2021-07-20T00:00:00Z,137471.26224720094,137471.26224720094,0.0,0.12318512919331404
2021-07-21T00:00:00Z,137471.26224720094,137471.26224720094,0.0,0.12318512919331404
2021-07-22T00:00:00Z,137471.26224720094,137471.26224720094,0.0,0.12318512919331404
2021-07-23T00:00:00Z,137471.26224720094,137471.26224720094,0.0,0.12318512919331404
2021-07-24T00:00:00Z,137471.26224720094,137471.26224720094,0.0,0.12318512919331404
2021-07-25T00:00:00Z,137471.26224720094,137471.26224720094,0.0,0.12318512919331404
2021-07-26T00:00:00Z,137471.26224720094,137471.26224720094,0.0,0.12318512919331404
2021-07-27T00:00:00Z,137471.26224720094,137471.26224720094,0.0,0.12318512919331404
2021-07-28T00:00:00Z,137471.26224720094,137471.26224720094,0.0,0.12318512919331404
2021-07-29T00:00:00Z,137471.26224720094,137471.26224720094,0.0,0.12318512919331404
2021-07-30T00:00:00Z,137471.26224720094,137471.26224720094,0.0,0.12318512919331404
2021-07-31T00:00:00Z,137471.26224720094,137471.26224720094,0.0,0.12318512919331404
2021-08-01T00:00:00Z,137471.26224720094,137471.26224720094,0.0,0.12318512919331404
2021-08-02T00:00:00Z,137471.26224720094,137471.26224720094,0.0,0.12318512919331404
2021-08-03T00:00:00Z,137471.26224720094,137471.26224720094,0.0,0.12318512919331404
2021-08-04T00:00:00Z,137471.26224720094,137471.26224720094,0.0,0.12318512919331404
2021-08-05T00:00:00Z,137471.26224720094,137471.26224720094,0.0,0.12318512919331404
2021-08-06T00:00:00Z,137471.26224720094,137471.26224720094,0.0,0.12318512919331404
2021-08-07T00:00:00Z,137471.26224720094,137471.26224720094,0.0,0.12318512919331404
2021-08-08T00:00:00Z,137471.26224720094,137471.26224720094,0.0,0.12318512919331404
2021-08-09T00:00:00Z,137471.26224720094,137471.26224720094,0.0,0.12318512919331404
2021-08-10T00:00:00Z,137471.26224720094,137471.26224720094,0.0,0.12318512919331404
2021-08-11T00:00:00Z,137471.26224720094,137471.26224720094,0.0,0.12318512919331404
2021-08-12T00:00:00Z,137471.26224720094,137471.26224720094,0.0,0.12318512919331404
2021-08-13T00:00:00Z,137471.26224720094,137471.26224720094,0.0,0.12318512919331404
2021-08-14T00:00:00Z,137471.26224720094,137471.26224720094,0.0,0.12318512919331404
2021-08-15T00:00:00Z,137471.26224720094,137471.26224720094,0.0,0.12318512919331404
2021-08-16T00:00:00Z,137471.26224720094,137471.26224720094,0.0,0.12318512919331404
2021-08-17T00:00:00Z,137471.26224720094,137471.26224720094,0.0,0.12318512919331404
2021-08-18T00:00:00Z,137471.26224720094,137471.26224720094,0.0,0.12318512919331404
2021-08-19T00:00:00Z,137471.26224720094,137471.26224720094,0.0,0.12318512919331404
2021-08-20T00:00:00Z,137471.26224720094,137471.26224720094,0.0,0.12318512919331404
2021-08-21T00:00:00Z,137471.26224720094,137471.26224720094,0.0,0.12318512919331404
2021-08-22T00:00:00Z,137471.26224720094,137471.26224720094,0.0,0.12318512919331404
2021-08-23T00:00:00Z,137471.26224720094,137471.26224720094,0.0,0.12318512919331404
2021-08-24T00:00:00Z,137471.26224720094,137471.26224720094,0.0,0.12318512919331404
2021-08-25T00:00:00Z,137471.26224720094,137471.26224720094,0.0,0.12318512919331404
2021-08-26T00:00:00Z,137471.26224720094,137471.26224720094,0.0,0.12318512919331404
2021-08-27T00:00:00Z,137471.26224720094,137471.26224720094,0.0,0.12318512919331404
2021-08-28T00:00:00Z,137471.26224720094,137471.26224720094,0.0,0.12318512919331404
2021-08-29T00:00:00Z,137471.26224720094,137471.26224720094,0.0,0.12318512919331404
2021-08-30T00:00:00Z,137471.26224720094,137471.26224720094,0.0,0.12318512919331404
2021-08-31T00:00:00Z,137471.26224720094,137471.26224720094,0.0,0.12318512919331404
2021-09-01T00:00:00Z,137471.26224720094,137471.26224720094,0.0,0.12318512919331404
2021-09-02T00:00:00Z,137471.26224720094,137471.26224720094,0.0,0.12318512919331404
2021-09-03T00:00:00Z,137471.26224720094,137471.26224720094,0.0,0.12318512919331404
2021-09-04T00:00:00Z,137471.26224720094,137471.26224720094,0.0,0.12318512919331404
2021-09-05T00:00:00Z,137471.26224720094,137471.26224720094,0.0,0.12318512919331404
2021-09-06T00:00:00Z,137471.26224720094,137471.26224720094,0.0,0.12318512919331404
2021-09-07T00:00:00Z,137471.26224720094,137471.26224720094,0.0,0.12318512919331404
2021-09-08T00:00:00Z,137471.26224720094,137471.26224720094,0.0,0.12318512919331404
2021-09-09T00:00:00Z,137471.26224720094,137471.26224720094,0.0,0.12318512919331404
2021-09-10T00:00:00Z,137471.26224720094,137471.26224720094,0.0,0.12318512919331404
2021-09-11T00:00:00Z,137471.26224720094,137471.26224720094,0.0,0.12318512919331404
2021-09-12T00:00:00Z,137471.26224720094,137471.26224720094,0.0,0.12318512919331404
2021-09-13T00:00:00Z,137471.26224720094,137471.26224720094,0.0,0.12318512919331404
2021-09-14T00:00:00Z,137471.26224720094,137471.26224720094,0.0,0.12318512919331404
2021-09-15T00:00:00Z,137471.26224720094,137471.26224720094,0.0,0.12318512919331404
2021-09-16T00:00:00Z,137471.26224720094,137471.26224720094,0.0,0.12318512919331404
2021-09-17T00:00:00Z,137471.26224720094,137471.26224720094,0.0,0.12318512919331404
2021-09-18T00:00:00Z,137471.26224720094,137471.26224720094,0.0,0.12318512919331404
2021-09-19T00:00:00Z,137471.26224720094,137471.26224720094,0.0,0.12318512919331404
2021-09-20T00:00:00Z,137471.26224720094,137471.26224720094,0.0,0.12318512919331404
2021-09-21T00:00:00Z,137471.26224720094,137471.26224720094,0.0,0.12318512919331404
2021-09-22T00:00:00Z,137471.26224720094,137471.26224720094,0.0,0.12318512919331404
2021-09-23T00:00:00Z,137471.26224720094,137471.26224720094,0.0,0.12318512919331404
2021-09-24T00:00:00Z,137471.26224720094,137471.26224720094,0.0,0.12318512919331404
2021-09-25T00:00:00Z,137471.26224720094,137471.26224720094,0.0,0.12318512919331404
2021-09-26T00:00:00Z,137471.26224720094,137471.26224720094,0.0,0.12318512919331404
2021-09-27T00:00:00Z,137471.26224720094,137471.26224720094,0.0,0.12318512919331404
2021-09-28T00:00:00Z,137471.26224720094,137471.26224720094,0.0,0.12318512919331404
2021-09-29T00:00:00Z,137471.26224720094,137471.26224720094,0.0,0.12318512919331404
2021-09-30T00:00:00Z,137471.26224720094,137471.26224720094,0.0,0.12318512919331404
2021-10-01T00:00:00Z,137471.26224720094,137471.26224720094,0.0,0.12318512919331404
2021-10-02T00:00:00Z,137471.26224720094,137471.26224720094,0.0,0.12318512919331404
2021-10-03T00:00:00Z,137471.26224720094,137471.26224720094,0.0,0.12318512919331404
2021-10-04T00:00:00Z,137471.26224720094,137471.26224720094,0.0,0.12318512919331404
2021-10-05T00:00:00Z,137471.26224720094,137471.26224720094,0.0,0.12318512919331404
2021-10-06T00:00:00Z,138018.60101394422,125006.73172629601,13011.869287648211,0.119694110327229
2021-10-07T00:00:00Z,138992.65241164187,125006.73172629601,13985.920685345864,0.1134814464113659
2021-10-08T00:00:00Z,138604.26066831217,125006.73172629601,13597.528942016155,0.11595867438383949
2021-10-09T00:00:00Z,138647.52206228633,125006.73172629601,13640.79033599032,0.11568274592469609
2021-10-10T00:00:00Z,138899.85912357338,125006.73172629601,13893.127397277376,0.1140732976358291
2021-10-11T00:00:00Z,138828.026499213,125006.73172629601,13821.294772917003,0.11453145821585622
2021-10-12T00:00:00Z,139538.08478499702,125006.73172629601,14531.353058701014,0.11000258684348621
2021-10-13T00:00:00Z,139167.06333837114,125006.73172629601,14160.331612075135,0.11236902413715703
2021-10-14T00:00:00Z,139511.6121494091,125006.73172629601,14504.880423113082,0.11017143377318986
2021-10-15T00:00:00Z,139505.9737561559,125006.73172629601,14499.242029859875,0.11020739639527576
2021-10-16T00:00:00Z,140600.53000696917,125006.73172629601,15593.798280673172,0.1032261322244288
2021-10-17T00:00:00Z,140399.3936019052,125006.73172629601,15392.66187560919,0.10450901410197753
2021-10-18T00:00:00Z,140563.1851332697,125006.73172629601,15556.453406973673,0.10346432412048644
2021-10-19T00:00:00Z,140690.01105505484,125006.73172629601,15683.279328758834,0.10265540702459904
2021-10-20T00:00:00Z,141260.82884018676,125006.73172629601,16254.097113890757,0.09901463502365095
2021-10-21T00:00:00Z,141696.17348159364,125006.73172629601,16689.441755297623,0.09623793355694622
2021-10-22T00:00:00Z,140736.10428779296,125006.73172629601,15729.372561496939,0.10236141662073078
2021-10-23T00:00:00Z,140354.03361313275,125006.73172629601,15347.301886836747,0.10479832775230101
2021-10-24T00:00:00Z,140505.03130151014,125006.73172629601,15498.29957521413,0.10383523905679856
2021-10-25T00:00:00Z,140393.22423888376,125006.73172629601,15386.492512587743,0.10454836333869931
2021-10-26T00:00:00Z,140956.7601529084,125006.73172629601,15950.028426612385,0.10095403633847208
2021-10-27T00:00:00Z,140260.633502472,125006.73172629601,15253.901776175986,0.10539404939349088
2021-10-28T00:00:00Z,139774.82144880772,125006.73172629601,14768.089722511706,0.10849264051796889
2021-10-29T00:00:00Z,140326.6507436564,125006.73172629601,15319.919017360406,0.10497298030709487
2021-10-30T00:00:00Z,140747.02709445386,125006.73172629601,15740.295368157862,0.10229174911964967
2021-10-31T00:00:00Z,140646.54738688326,125006.73172629601,15639.815660587245,0.10293262562265133
2021-11-01T00:00:00Z,140504.3739103685,125006.73172629601,15497.642184072502,0.10383943200825256
2021-11-02T00:00:00Z,140404.22289836872,125006.73172629601,15397.4911720727,0.10447821203552722
2021-11-03T00:00:00Z,140991.93057898557,125006.73172629601,15985.19885268957,0.10072971343568513
2021-11-04T00:00:00Z,140909.02344231622,125006.73172629601,15902.291716020203,0.10125850912097513
2021-11-05T00:00:00Z,140885.15270952714,140885.15270952714,0.0,0.10141076067627747
2021-11-06T00:00:00Z,140885.15270952714,140885.15270952714,0.0,0.10141076067627747
2021-11-07T00:00:00Z,140885.15270952714,140885.15270952714,0.0,0.10141076067627747
2021-11-08T00:00:00Z,140885.15270952714,140885.15270952714,0.0,0.10141076067627747
2021-11-09T00:00:00Z,140885.15270952714,140885.15270952714,0.0,0.10141076067627747
2021-11-10T00:00:00Z,140723.73363751112,124571.71309325965,16152.02054425148,0.10244031871234874
2021-11-11T00:00:00Z,140229.22026086482,124571.71309325965,15657.507167605183,0.105594408340744
2021-11-12T00:00:00Z,140199.54221971944,124571.71309325965,15627.829126459783,0.10578369988711744
2021-11-13T00:00:00Z,140046.3021877565,124571.71309325965,15474.589094496836,0.10676109062778291
2021-11-14T00:00:00Z,140103.36606361734,124571.71309325965,15531.652970357703,0.10639712761382082
2021-11-15T00:00:00Z,140377.1278968171,124571.71309325965,15805.414803557454,0.10465102852019922
2021-11-16T00:00:00Z,139920.27909108787,124571.71309325965,15348.565997828206,0.10756488716982278
2021-11-17T00:00:00Z,139437.67904768352,139437.67904768352,0.0,0.11064299155172609
2021-11-18T00:00:00Z,139437.67904768352,139437.67904768352,0.0,0.11064299155172609
2021-11-19T00:00:00Z,139437.67904768352,139437.67904768352,0.0,0.11064299155172609
2021-11-20T00:00:00Z,139437.67904768352,139437.67904768352,0.0,0.11064299155172609
2021-11-21T00:00:00Z,139437.67904768352,139437.67904768352,0.0,0.11064299155172609
2021-11-22T00:00:00Z,139437.67904768352,139437.67904768352,0.0,0.11064299155172609
2021-11-23T00:00:00Z,139437.67904768352,139437.67904768352,0.0,0.11064299155172609
2021-11-24T00:00:00Z,139437.67904768352,139437.67904768352,0.0,0.11064299155172609
2021-11-25T00:00:00Z,139437.67904768352,139437.67904768352,0.0,0.11064299155172609
2021-11-26T00:00:00Z,139437.67904768352,139437.67904768352,0.0,0.11064299155172609
2021-11-27T00:00:00Z,139437.67904768352,139437.67904768352,0.0,0.11064299155172609
2021-11-28T00:00:00Z,139437.67904768352,139437.67904768352,0.0,0.11064299155172609
2021-11-29T00:00:00Z,139437.67904768352,139437.67904768352,0.0,0.11064299155172609
2021-11-30T00:00:00Z,139437.67904768352,139437.67904768352,0.0,0.11064299155172609
2021-12-01T00:00:00Z,139437.67904768352,139437.67904768352,0.0,0.11064299155172609
2021-12-02T00:00:00Z,139437.67904768352,139437.67904768352,0.0,0.11064299155172609
2021-12-03T00:00:00Z,139437.67904768352,139437.67904768352,0.0,0.11064299155172609
2021-12-04T00:00:00Z,139437.67904768352,139437.67904768352,0.0,0.11064299155172609
2021-12-05T00:00:00Z,139437.67904768352,139437.67904768352,0.0,0.11064299155172609
2021-12-06T00:00:00Z,139437.67904768352,139437.67904768352,0.0,0.11064299155172609
2021-12-07T00:00:00Z,139437.67904768352,139437.67904768352,0.0,0.11064299155172609
2021-12-08T00:00:00Z,139437.67904768352,139437.67904768352,0.0,0.11064299155172609
2021-12-09T00:00:00Z,139437.67904768352,139437.67904768352,0.0,0.11064299155172609
2021-12-10T00:00:00Z,139437.67904768352,139437.67904768352,0.0,0.11064299155172609
2021-12-11T00:00:00Z,139437.67904768352,139437.67904768352,0.0,0.11064299155172609
2021-12-12T00:00:00Z,139437.67904768352,139437.67904768352,0.0,0.11064299155172609
2021-12-13T00:00:00Z,139437.67904768352,139437.67904768352,0.0,0.11064299155172609
2021-12-14T00:00:00Z,139437.67904768352,139437.67904768352,0.0,0.11064299155172609
2021-12-15T00:00:00Z,139437.67904768352,139437.67904768352,0.0,0.11064299155172609
2021-12-16T00:00:00Z,139437.67904768352,139437.67904768352,0.0,0.11064299155172609
2021-12-17T00:00:00Z,139437.67904768352,139437.67904768352,0.0,0.11064299155172609
2021-12-18T00:00:00Z,139437.67904768352,139437.67904768352,0.0,0.11064299155172609
2021-12-19T00:00:00Z,139437.67904768352,139437.67904768352,0.0,0.11064299155172609
2021-12-20T00:00:00Z,139437.67904768352,139437.67904768352,0.0,0.11064299155172609
2021-12-21T00:00:00Z,139437.67904768352,139437.67904768352,0.0,0.11064299155172609
2021-12-22T00:00:00Z,139437.67904768352,139437.67904768352,0.0,0.11064299155172609
2021-12-23T00:00:00Z,139437.67904768352,139437.67904768352,0.0,0.11064299155172609
2021-12-24T00:00:00Z,139437.67904768352,139437.67904768352,0.0,0.11064299155172609
2021-12-25T00:00:00Z,139437.67904768352,139437.67904768352,0.0,0.11064299155172609
2021-12-26T00:00:00Z,139437.67904768352,139437.67904768352,0.0,0.11064299155172609
2021-12-27T00:00:00Z,139437.67904768352,139437.67904768352,0.0,0.11064299155172609
2021-12-28T00:00:00Z,139437.67904768352,139437.67904768352,0.0,0.11064299155172609
2021-12-29T00:00:00Z,139437.67904768352,139437.67904768352,0.0,0.11064299155172609
2021-12-30T00:00:00Z,139437.67904768352,139437.67904768352,0.0,0.11064299155172609
2021-12-31T00:00:00Z,139437.67904768352,139437.67904768352,0.0,0.11064299155172609
2022-01-01T00:00:00Z,139437.67904768352,139437.67904768352,0.0,0.11064299155172609
2022-01-02T00:00:00Z,139437.67904768352,139437.67904768352,0.0,0.11064299155172609
2022-01-03T00:00:00Z,139437.67904768352,139437.67904768352,0.0,0.11064299155172609
2022-01-04T00:00:00Z,139437.67904768352,139437.67904768352,0.0,0.11064299155172609
2022-01-05T00:00:00Z,139437.67904768352,139437.67904768352,0.0,0.11064299155172609
2022-01-06T00:00:00Z,139437.67904768352,139437.67904768352,0.0,0.11064299155172609
2022-01-07T00:00:00Z,139437.67904768352,139437.67904768352,0.0,0.11064299155172609
2022-01-08T00:00:00Z,139437.67904768352,139437.67904768352,0.0,0.11064299155172609
2022-01-09T00:00:00Z,139437.67904768352,139437.67904768352,0.0,0.11064299155172609
2022-01-10T00:00:00Z,139437.67904768352,139437.67904768352,0.0,0.11064299155172609
2022-01-11T00:00:00Z,139437.67904768352,139437.67904768352,0.0,0.11064299155172609
2022-01-12T00:00:00Z,139437.67904768352,139437.67904768352,0.0,0.11064299155172609
2022-01-13T00:00:00Z,139437.67904768352,139437.67904768352,0.0,0.11064299155172609
2022-01-14T00:00:00Z,139437.67904768352,139437.67904768352,0.0,0.11064299155172609
2022-01-15T00:00:00Z,139437.67904768352,139437.67904768352,0.0,0.11064299155172609
2022-01-16T00:00:00Z,139437.67904768352,139437.67904768352,0.0,0.11064299155172609
2022-01-17T00:00:00Z,139437.67904768352,139437.67904768352,0.0,0.11064299155172609
2022-01-18T00:00:00Z,139437.67904768352,139437.67904768352,0.0,0.11064299155172609
2022-01-19T00:00:00Z,139437.67904768352,139437.67904768352,0.0,0.11064299155172609
2022-01-20T00:00:00Z,139437.67904768352,139437.67904768352,0.0,0.11064299155172609
2022-01-21T00:00:00Z,139437.67904768352,139437.67904768352,0.0,0.11064299155172609
2022-01-22T00:00:00Z,139437.67904768352,139437.67904768352,0.0,0.11064299155172609
2022-01-23T00:00:00Z,139437.67904768352,139437.67904768352,0.0,0.11064299155172609
2022-01-24T00:00:00Z,139437.67904768352,139437.67904768352,0.0,0.11064299155172609
2022-01-25T00:00:00Z,139437.67904768352,139437.67904768352,0.0,0.11064299155172609
2022-01-26T00:00:00Z,139437.67904768352,139437.67904768352,0.0,0.11064299155172609
2022-01-27T00:00:00Z,139437.67904768352,139437.67904768352,0.0,0.11064299155172609
2022-01-28T00:00:00Z,139437.67904768352,139437.67904768352,0.0,0.11064299155172609
2022-01-29T00:00:00Z,139437.67904768352,139437.67904768352,0.0,0.11064299155172609
2022-01-30T00:00:00Z,139437.67904768352,139437.67904768352,0.0,0.11064299155172609
2022-01-31T00:00:00Z,139437.67904768352,139437.67904768352,0.0,0.11064299155172609
2022-02-01T00:00:00Z,139437.67904768352,139437.67904768352,0.0,0.11064299155172609
2022-02-02T00:00:00Z,139437.67904768352,139437.67904768352,0.0,0.11064299155172609
2022-02-03T00:00:00Z,139437.67904768352,139437.67904768352,0.0,0.11064299155172609
2022-02-04T00:00:00Z,139437.67904768352,139437.67904768352,0.0,0.11064299155172609
2022-02-05T00:00:00Z,139437.67904768352,139437.67904768352,0.0,0.11064299155172609
2022-02-06T00:00:00Z,139437.67904768352,139437.67904768352,0.0,0.11064299155172609
2022-02-07T00:00:00Z,139437.67904768352,139437.67904768352,0.0,0.11064299155172609
2022-02-08T00:00:00Z,139437.67904768352,139437.67904768352,0.0,0.11064299155172609
2022-02-09T00:00:00Z,139437.67904768352,139437.67904768352,0.0,0.11064299155172609
2022-02-10T00:00:00Z,139437.67904768352,139437.67904768352,0.0,0.11064299155172609
2022-02-11T00:00:00Z,139437.67904768352,139437.67904768352,0.0,0.11064299155172609
2022-02-12T00:00:00Z,139437.67904768352,139437.67904768352,0.0,0.11064299155172609
2022-02-13T00:00:00Z,139437.67904768352,139437.67904768352,0.0,0.11064299155172609
2022-02-14T00:00:00Z,139437.67904768352,139437.67904768352,0.0,0.11064299155172609
2022-02-15T00:00:00Z,139437.67904768352,139437.67904768352,0.0,0.11064299155172609
2022-02-16T00:00:00Z,139437.67904768352,139437.67904768352,0.0,0.11064299155172609
2022-02-17T00:00:00Z,139437.67904768352,139437.67904768352,0.0,0.11064299155172609
2022-02-18T00:00:00Z,139437.67904768352,139437.67904768352,0.0,0.11064299155172609
2022-02-19T00:00:00Z,139437.67904768352,139437.67904768352,0.0,0.11064299155172609
2022-02-20T00:00:00Z,139437.67904768352,139437.67904768352,0.0,0.11064299155172609
2022-02-21T00:00:00Z,139437.67904768352,139437.67904768352,0.0,0.11064299155172609
2022-02-22T00:00:00Z,139437.67904768352,139437.67904768352,0.0,0.11064299155172609
2022-02-23T00:00:00Z,139437.67904768352,139437.67904768352,0.0,0.11064299155172609
2022-02-24T00:00:00Z,139437.67904768352,139437.67904768352,0.0,0.11064299155172609
2022-02-25T00:00:00Z,139437.67904768352,139437.67904768352,0.0,0.11064299155172609
2022-02-26T00:00:00Z,139437.67904768352,139437.67904768352,0.0,0.11064299155172609
2022-02-27T00:00:00Z,139437.67904768352,139437.67904768352,0.0,0.11064299155172609
2022-02-28T00:00:00Z,139437.67904768352,139437.67904768352,0.0,0.11064299155172609
2022-03-01T00:00:00Z,139437.67904768352,139437.67904768352,0.0,0.11064299155172609
2022-03-02T00:00:00Z,139437.67904768352,139437.67904768352,0.0,0.11064299155172609
2022-03-03T00:00:00Z,139437.67904768352,139437.67904768352,0.0,0.11064299155172609
2022-03-04T00:00:00Z,139437.67904768352,139437.67904768352,0.0,0.11064299155172609
2022-03-05T00:00:00Z,139437.67904768352,139437.67904768352,0.0,0.11064299155172609
2022-03-06T00:00:00Z,139437.67904768352,139437.67904768352,0.0,0.11064299155172609
2022-03-07T00:00:00Z,139437.67904768352,139437.67904768352,0.0,0.11064299155172609
2022-03-08T00:00:00Z,139437.67904768352,139437.67904768352,0.0,0.11064299155172609
2022-03-09T00:00:00Z,139437.67904768352,139437.67904768352,0.0,0.11064299155172609
2022-03-10T00:00:00Z,139437.67904768352,139437.67904768352,0.0,0.11064299155172609
2022-03-11T00:00:00Z,139437.67904768352,139437.67904768352,0.0,0.11064299155172609
2022-03-12T00:00:00Z,139437.67904768352,139437.67904768352,0.0,0.11064299155172609
2022-03-13T00:00:00Z,139437.67904768352,139437.67904768352,0.0,0.11064299155172609
2022-03-14T00:00:00Z,139437.67904768352,139437.67904768352,0.0,0.11064299155172609
2022-03-15T00:00:00Z,139437.67904768352,139437.67904768352,0.0,0.11064299155172609
2022-03-16T00:00:00Z,139437.67904768352,139437.67904768352,0.0,0.11064299155172609
2022-03-17T00:00:00Z,139437.67904768352,139437.67904768352,0.0,0.11064299155172609
2022-03-18T00:00:00Z,139437.67904768352,139437.67904768352,0.0,0.11064299155172609
2022-03-19T00:00:00Z,139437.67904768352,139437.67904768352,0.0,0.11064299155172609
2022-03-20T00:00:00Z,139437.67904768352,139437.67904768352,0.0,0.11064299155172609
2022-03-21T00:00:00Z,139437.67904768352,139437.67904768352,0.0,0.11064299155172609
2022-03-22T00:00:00Z,139437.67904768352,139437.67904768352,0.0,0.11064299155172609
2022-03-23T00:00:00Z,139437.67904768352,139437.67904768352,0.0,0.11064299155172609
2022-03-24T00:00:00Z,139437.67904768352,139437.67904768352,0.0,0.11064299155172609
2022-03-25T00:00:00Z,139437.67904768352,139437.67904768352,0.0,0.11064299155172609
2022-03-26T00:00:00Z,139437.67904768352,139437.67904768352,0.0,0.11064299155172609
2022-03-27T00:00:00Z,139437.67904768352,139437.67904768352,0.0,0.11064299155172609
2022-03-28T00:00:00Z,139437.67904768352,139437.67904768352,0.0,0.11064299155172609
2022-03-29T00:00:00Z,139437.67904768352,139437.67904768352,0.0,0.11064299155172609
2022-03-30T00:00:00Z,139437.67904768352,139437.67904768352,0.0,0.11064299155172609
2022-03-31T00:00:00Z,139437.67904768352,139437.67904768352,0.0,0.11064299155172609
2022-04-01T00:00:00Z,139437.67904768352,139437.67904768352,0.0,0.11064299155172609
2022-04-02T00:00:00Z,139437.67904768352,139437.67904768352,0.0,0.11064299155172609
2022-04-03T00:00:00Z,139437.67904768352,139437.67904768352,0.0,0.11064299155172609
2022-04-04T00:00:00Z,139437.67904768352,139437.67904768352,0.0,0.11064299155172609
2022-04-05T00:00:00Z,139437.67904768352,139437.67904768352,0.0,0.11064299155172609
2022-04-06T00:00:00Z,139437.67904768352,139437.67904768352,0.0,0.11064299155172609
2022-04-07T00:00:00Z,139437.67904768352,139437.67904768352,0.0,0.11064299155172609
2022-04-08T00:00:00Z,139437.67904768352,139437.67904768352,0.0,0.11064299155172609
2022-04-09T00:00:00Z,139437.67904768352,139437.67904768352,0.0,0.11064299155172609
2022-04-10T00:00:00Z,139437.67904768352,139437.67904768352,0.0,0.11064299155172609
2022-04-11T00:00:00Z,139437.67904768352,139437.67904768352,0.0,0.11064299155172609
2022-04-12T00:00:00Z,139437.67904768352,139437.67904768352,0.0,0.11064299155172609
2022-04-13T00:00:00Z,139437.67904768352,139437.67904768352,0.0,0.11064299155172609
2022-04-14T00:00:00Z,139437.67904768352,139437.67904768352,0.0,0.11064299155172609
2022-04-15T00:00:00Z,139437.67904768352,139437.67904768352,0.0,0.11064299155172609
2022-04-16T00:00:00Z,139437.67904768352,139437.67904768352,0.0,0.11064299155172609
2022-04-17T00:00:00Z,139437.67904768352,139437.67904768352,0.0,0.11064299155172609
2022-04-18T00:00:00Z,139437.67904768352,139437.67904768352,0.0,0.11064299155172609
2022-04-19T00:00:00Z,139437.67904768352,139437.67904768352,0.0,0.11064299155172609
2022-04-20T00:00:00Z,139437.67904768352,139437.67904768352,0.0,0.11064299155172609
2022-04-21T00:00:00Z,139437.67904768352,139437.67904768352,0.0,0.11064299155172609
2022-04-22T00:00:00Z,139437.67904768352,139437.67904768352,0.0,0.11064299155172609
2022-04-23T00:00:00Z,139437.67904768352,139437.67904768352,0.0,0.11064299155172609
2022-04-24T00:00:00Z,139437.67904768352,139437.67904768352,0.0,0.11064299155172609
2022-04-25T00:00:00Z,139437.67904768352,139437.67904768352,0.0,0.11064299155172609
2022-04-26T00:00:00Z,139437.67904768352,139437.67904768352,0.0,0.11064299155172609
2022-04-27T00:00:00Z,139437.67904768352,139437.67904768352,0.0,0.11064299155172609
2022-04-28T00:00:00Z,139437.67904768352,139437.67904768352,0.0,0.11064299155172609
2022-04-29T00:00:00Z,139437.67904768352,139437.67904768352,0.0,0.11064299155172609
2022-04-30T00:00:00Z,139437.67904768352,139437.67904768352,0.0,0.11064299155172609
2022-05-01T00:00:00Z,139437.67904768352,139437.67904768352,0.0,0.11064299155172609
2022-05-02T00:00:00Z,139437.67904768352,139437.67904768352,0.0,0.11064299155172609
2022-05-03T00:00:00Z,139437.67904768352,139437.67904768352,0.0,0.11064299155172609
2022-05-04T00:00:00Z,139437.67904768352,139437.67904768352,0.0,0.11064299155172609
2022-05-05T00:00:00Z,139437.67904768352,139437.67904768352,0.0,0.11064299155172609
2022-05-06T00:00:00Z,139437.67904768352,139437.67904768352,0.0,0.11064299155172609
2022-05-07T00:00:00Z,139437.67904768352,139437.67904768352,0.0,0.11064299155172609
2022-05-08T00:00:00Z,139437.67904768352,139437.67904768352,0.0,0.11064299155172609
2022-05-09T00:00:00Z,139437.67904768352,139437.67904768352,0.0,0.11064299155172609
2022-05-10T00:00:00Z,139437.67904768352,139437.67904768352,0.0,0.11064299155172609
2022-05-11T00:00:00Z,139437.67904768352,139437.67904768352,0.0,0.11064299155172609
2022-05-12T00:00:00Z,139437.67904768352,139437.67904768352,0.0,0.11064299155172609
2022-05-13T00:00:00Z,139437.67904768352,139437.67904768352,0.0,0.11064299155172609
2022-05-14T00:00:00Z,139437.67904768352,139437.67904768352,0.0,0.11064299155172609
2022-05-15T00:00:00Z,139437.67904768352,139437.67904768352,0.0,0.11064299155172609
2022-05-16T00:00:00Z,139437.67904768352,139437.67904768352,0.0,0.11064299155172609
2022-05-17T00:00:00Z,139437.67904768352,139437.67904768352,0.0,0.11064299155172609
2022-05-18T00:00:00Z,139437.67904768352,139437.67904768352,0.0,0.11064299155172609
2022-05-19T00:00:00Z,139437.67904768352,139437.67904768352,0.0,0.11064299155172609
2022-05-20T00:00:00Z,139437.67904768352,139437.67904768352,0.0,0.11064299155172609
2022-05-21T00:00:00Z,139437.67904768352,139437.67904768352,0.0,0.11064299155172609
2022-05-22T00:00:00Z,139437.67904768352,139437.67904768352,0.0,0.11064299155172609
2022-05-23T00:00:00Z,139437.67904768352,139437.67904768352,0.0,0.11064299155172609
2022-05-24T00:00:00Z,139437.67904768352,139437.67904768352,0.0,0.11064299155172609
2022-05-25T00:00:00Z,139437.67904768352,139437.67904768352,0.0,0.11064299155172609
2022-05-26T00:00:00Z,139437.67904768352,139437.67904768352,0.0,0.11064299155172609
2022-05-27T00:00:00Z,139437.67904768352,139437.67904768352,0.0,0.11064299155172609
2022-05-28T00:00:00Z,139437.67904768352,139437.67904768352,0.0,0.11064299155172609
2022-05-29T00:00:00Z,139437.67904768352,139437.67904768352,0.0,0.11064299155172609
2022-05-30T00:00:00Z,139437.67904768352,139437.67904768352,0.0,0.11064299155172609
2022-05-31T00:00:00Z,139437.67904768352,139437.67904768352,0.0,0.11064299155172609
2022-06-01T00:00:00Z,139437.67904768352,139437.67904768352,0.0,0.11064299155172609
2022-06-02T00:00:00Z,139437.67904768352,139437.67904768352,0.0,0.11064299155172609
2022-06-03T00:00:00Z,139437.67904768352,139437.67904768352,0.0,0.11064299155172609
2022-06-04T00:00:00Z,139437.67904768352,139437.67904768352,0.0,0.11064299155172609
2022-06-05T00:00:00Z,139437.67904768352,139437.67904768352,0.0,0.11064299155172609
2022-06-06T00:00:00Z,139437.67904768352,139437.67904768352,0.0,0.11064299155172609
2022-06-07T00:00:00Z,139437.67904768352,139437.67904768352,0.0,0.11064299155172609
2022-06-08T00:00:00Z,139437.67904768352,139437.67904768352,0.0,0.11064299155172609
2022-06-09T00:00:00Z,139437.67904768352,139437.67904768352,0.0,0.11064299155172609
2022-06-10T00:00:00Z,139437.67904768352,139437.67904768352,0.0,0.11064299155172609
2022-06-11T00:00:00Z,139437.67904768352,139437.67904768352,0.0,0.11064299155172609
2022-06-12T00:00:00Z,139437.67904768352,139437.67904768352,0.0,0.11064299155172609
2022-06-13T00:00:00Z,139437.67904768352,139437.67904768352,0.0,0.11064299155172609
2022-06-14T00:00:00Z,139437.67904768352,139437.67904768352,0.0,0.11064299155172609
2022-06-15T00:00:00Z,139437.67904768352,139437.67904768352,0.0,0.11064299155172609
2022-06-16T00:00:00Z,139437.67904768352,139437.67904768352,0.0,0.11064299155172609
2022-06-17T00:00:00Z,139437.67904768352,139437.67904768352,0.0,0.11064299155172609
2022-06-18T00:00:00Z,139437.67904768352,139437.67904768352,0.0,0.11064299155172609
2022-06-19T00:00:00Z,139437.67904768352,139437.67904768352,0.0,0.11064299155172609
2022-06-20T00:00:00Z,139437.67904768352,139437.67904768352,0.0,0.11064299155172609
2022-06-21T00:00:00Z,139437.67904768352,139437.67904768352,0.0,0.11064299155172609
2022-06-22T00:00:00Z,139437.67904768352,139437.67904768352,0.0,0.11064299155172609
2022-06-23T00:00:00Z,139437.67904768352,139437.67904768352,0.0,0.11064299155172609
2022-06-24T00:00:00Z,139437.67904768352,139437.67904768352,0.0,0.11064299155172609
2022-06-25T00:00:00Z,139437.67904768352,139437.67904768352,0.0,0.11064299155172609
2022-06-26T00:00:00Z,139437.67904768352,139437.67904768352,0.0,0.11064299155172609
2022-06-27T00:00:00Z,139437.67904768352,139437.67904768352,0.0,0.11064299155172609
2022-06-28T00:00:00Z,139437.67904768352,139437.67904768352,0.0,0.11064299155172609
2022-06-29T00:00:00Z,139437.67904768352,139437.67904768352,0.0,0.11064299155172609
2022-06-30T00:00:00Z,139437.67904768352,139437.67904768352,0.0,0.11064299155172609
2022-07-01T00:00:00Z,139437.67904768352,139437.67904768352,0.0,0.11064299155172609
2022-07-02T00:00:00Z,139437.67904768352,139437.67904768352,0.0,0.11064299155172609
2022-07-03T00:00:00Z,139437.67904768352,139437.67904768352,0.0,0.11064299155172609
2022-07-04T00:00:00Z,139437.67904768352,139437.67904768352,0.0,0.11064299155172609
2022-07-05T00:00:00Z,139437.67904768352,139437.67904768352,0.0,0.11064299155172609
2022-07-06T00:00:00Z,139437.67904768352,139437.67904768352,0.0,0.11064299155172609
2022-07-07T00:00:00Z,139437.67904768352,139437.67904768352,0.0,0.11064299155172609
2022-07-08T00:00:00Z,139437.67904768352,139437.67904768352,0.0,0.11064299155172609
2022-07-09T00:00:00Z,139437.67904768352,139437.67904768352,0.0,0.11064299155172609
2022-07-10T00:00:00Z,139437.67904768352,139437.67904768352,0.0,0.11064299155172609
2022-07-11T00:00:00Z,139437.67904768352,139437.67904768352,0.0,0.11064299155172609
2022-07-12T00:00:00Z,139437.67904768352,139437.67904768352,0.0,0.11064299155172609
2022-07-13T00:00:00Z,139437.67904768352,139437.67904768352,0.0,0.11064299155172609
2022-07-14T00:00:00Z,139437.67904768352,139437.67904768352,0.0,0.11064299155172609
2022-07-15T00:00:00Z,139437.67904768352,139437.67904768352,0.0,0.11064299155172609
2022-07-16T00:00:00Z,139437.67904768352,139437.67904768352,0.0,0.11064299155172609
2022-07-17T00:00:00Z,139437.67904768352,139437.67904768352,0.0,0.11064299155172609
2022-07-18T00:00:00Z,139437.67904768352,139437.67904768352,0.0,0.11064299155172609
2022-07-19T00:00:00Z,139437.67904768352,139437.67904768352,0.0,0.11064299155172609
2022-07-20T00:00:00Z,139437.67904768352,139437.67904768352,0.0,0.11064299155172609
2022-07-21T00:00:00Z,139437.67904768352,139437.67904768352,0.0,0.11064299155172609
2022-07-22T00:00:00Z,139437.67904768352,139437.67904768352,0.0,0.11064299155172609
2022-07-23T00:00:00Z,139437.67904768352,139437.67904768352,0.0,0.11064299155172609
2022-07-24T00:00:00Z,139437.67904768352,139437.67904768352,0.0,0.11064299155172609
2022-07-25T00:00:00Z,139437.67904768352,139437.67904768352,0.0,0.11064299155172609
2022-07-26T00:00:00Z,139437.67904768352,139437.67904768352,0.0,0.11064299155172609
2022-07-27T00:00:00Z,139437.67904768352,139437.67904768352,0.0,0.11064299155172609
2022-07-28T00:00:00Z,139437.67904768352,139437.67904768352,0.0,0.11064299155172609
2022-07-29T00:00:00Z,139437.67904768352,139437.67904768352,0.0,0.11064299155172609
2022-07-30T00:00:00Z,139437.67904768352,139437.67904768352,0.0,0.11064299155172609
2022-07-31T00:00:00Z,139437.67904768352,139437.67904768352,0.0,0.11064299155172609
2022-08-01T00:00:00Z,139437.67904768352,139437.67904768352,0.0,0.11064299155172609
2022-08-02T00:00:00Z,139437.67904768352,139437.67904768352,0.0,0.11064299155172609
2022-08-03T00:00:00Z,139437.67904768352,139437.67904768352,0.0,0.11064299155172609
2022-08-04T00:00:00Z,139437.67904768352,139437.67904768352,0.0,0.11064299155172609
2022-08-05T00:00:00Z,139437.67904768352,139437.67904768352,0.0,0.11064299155172609
2022-08-06T00:00:00Z,139437.67904768352,139437.67904768352,0.0,0.11064299155172609
2022-08-07T00:00:00Z,139437.67904768352,139437.67904768352,0.0,0.11064299155172609
2022-08-08T00:00:00Z,139437.67904768352,139437.67904768352,0.0,0.11064299155172609
2022-08-09T00:00:00Z,139437.67904768352,139437.67904768352,0.0,0.11064299155172609
2022-08-10T00:00:00Z,139437.67904768352,139437.67904768352,0.0,0.11064299155172609
2022-08-11T00:00:00Z,139437.67904768352,139437.67904768352,0.0,0.11064299155172609
2022-08-12T00:00:00Z,139437.67904768352,139437.67904768352,0.0,0.11064299155172609
2022-08-13T00:00:00Z,139437.67904768352,139437.67904768352,0.0,0.11064299155172609
2022-08-14T00:00:00Z,139437.67904768352,139437.67904768352,0.0,0.11064299155172609
2022-08-15T00:00:00Z,139437.67904768352,139437.67904768352,0.0,0.11064299155172609
2022-08-16T00:00:00Z,139437.67904768352,139437.67904768352,0.0,0.11064299155172609
2022-08-17T00:00:00Z,139437.67904768352,139437.67904768352,0.0,0.11064299155172609
2022-08-18T00:00:00Z,139437.67904768352,139437.67904768352,0.0,0.11064299155172609
2022-08-19T00:00:00Z,139437.67904768352,139437.67904768352,0.0,0.11064299155172609
2022-08-20T00:00:00Z,139437.67904768352,139437.67904768352,0.0,0.11064299155172609
2022-08-21T00:00:00Z,139437.67904768352,139437.67904768352,0.0,0.11064299155172609
2022-08-22T00:00:00Z,139437.67904768352,139437.67904768352,0.0,0.11064299155172609
2022-08-23T00:00:00Z,139437.67904768352,139437.67904768352,0.0,0.11064299155172609
2022-08-24T00:00:00Z,139437.67904768352,139437.67904768352,0.0,0.11064299155172609
2022-08-25T00:00:00Z,139437.67904768352,139437.67904768352,0.0,0.11064299155172609
2022-08-26T00:00:00Z,139437.67904768352,139437.67904768352,0.0,0.11064299155172609
2022-08-27T00:00:00Z,139437.67904768352,139437.67904768352,0.0,0.11064299155172609
2022-08-28T00:00:00Z,139437.67904768352,139437.67904768352,0.0,0.11064299155172609
2022-08-29T00:00:00Z,139437.67904768352,139437.67904768352,0.0,0.11064299155172609
2022-08-30T00:00:00Z,139437.67904768352,139437.67904768352,0.0,0.11064299155172609
2022-08-31T00:00:00Z,139437.67904768352,139437.67904768352,0.0,0.11064299155172609
2022-09-01T00:00:00Z,139437.67904768352,139437.67904768352,0.0,0.11064299155172609
2022-09-02T00:00:00Z,139437.67904768352,139437.67904768352,0.0,0.11064299155172609
2022-09-03T00:00:00Z,139437.67904768352,139437.67904768352,0.0,0.11064299155172609
2022-09-04T00:00:00Z,139437.67904768352,139437.67904768352,0.0,0.11064299155172609
2022-09-05T00:00:00Z,139437.67904768352,139437.67904768352,0.0,0.11064299155172609
2022-09-06T00:00:00Z,139437.67904768352,139437.67904768352,0.0,0.11064299155172609
2022-09-07T00:00:00Z,139437.67904768352,139437.67904768352,0.0,0.11064299155172609
2022-09-08T00:00:00Z,139437.67904768352,139437.67904768352,0.0,0.11064299155172609
2022-09-09T00:00:00Z,139437.67904768352,139437.67904768352,0.0,0.11064299155172609
2022-09-10T00:00:00Z,139437.67904768352,139437.67904768352,0.0,0.11064299155172609
2022-09-11T00:00:00Z,139437.67904768352,139437.67904768352,0.0,0.11064299155172609
2022-09-12T00:00:00Z,139437.67904768352,139437.67904768352,0.0,0.11064299155172609
2022-09-13T00:00:00Z,139437.67904768352,139437.67904768352,0.0,0.11064299155172609
2022-09-14T00:00:00Z,139437.67904768352,139437.67904768352,0.0,0.11064299155172609
2022-09-15T00:00:00Z,139437.67904768352,139437.67904768352,0.0,0.11064299155172609
2022-09-16T00:00:00Z,139437.67904768352,139437.67904768352,0.0,0.11064299155172609
2022-09-17T00:00:00Z,139437.67904768352,139437.67904768352,0.0,0.11064299155172609
2022-09-18T00:00:00Z,139437.67904768352,139437.67904768352,0.0,0.11064299155172609
2022-09-19T00:00:00Z,139437.67904768352,139437.67904768352,0.0,0.11064299155172609
2022-09-20T00:00:00Z,139437.67904768352,139437.67904768352,0.0,0.11064299155172609
2022-09-21T00:00:00Z,139437.67904768352,139437.67904768352,0.0,0.11064299155172609
2022-09-22T00:00:00Z,139437.67904768352,139437.67904768352,0.0,0.11064299155172609
2022-09-23T00:00:00Z,139437.67904768352,139437.67904768352,0.0,0.11064299155172609
2022-09-24T00:00:00Z,139437.67904768352,139437.67904768352,0.0,0.11064299155172609
2022-09-25T00:00:00Z,139437.67904768352,139437.67904768352,0.0,0.11064299155172609
2022-09-26T00:00:00Z,139437.67904768352,139437.67904768352,0.0,0.11064299155172609
2022-09-27T00:00:00Z,139437.67904768352,139437.67904768352,0.0,0.11064299155172609
2022-09-28T00:00:00Z,139437.67904768352,139437.67904768352,0.0,0.11064299155172609
2022-09-29T00:00:00Z,139437.67904768352,139437.67904768352,0.0,0.11064299155172609
2022-09-30T00:00:00Z,139437.67904768352,139437.67904768352,0.0,0.11064299155172609
2022-10-01T00:00:00Z,139437.67904768352,139437.67904768352,0.0,0.11064299155172609
2022-10-02T00:00:00Z,139437.67904768352,139437.67904768352,0.0,0.11064299155172609
2022-10-03T00:00:00Z,139437.67904768352,139437.67904768352,0.0,0.11064299155172609
2022-10-04T00:00:00Z,139437.67904768352,139437.67904768352,0.0,0.11064299155172609
2022-10-05T00:00:00Z,139437.67904768352,139437.67904768352,0.0,0.11064299155172609
2022-10-06T00:00:00Z,139437.67904768352,139437.67904768352,0.0,0.11064299155172609
2022-10-07T00:00:00Z,139437.67904768352,139437.67904768352,0.0,0.11064299155172609
2022-10-08T00:00:00Z,139437.67904768352,139437.67904768352,0.0,0.11064299155172609
2022-10-09T00:00:00Z,139437.67904768352,139437.67904768352,0.0,0.11064299155172609
2022-10-10T00:00:00Z,139437.67904768352,139437.67904768352,0.0,0.11064299155172609
2022-10-11T00:00:00Z,139437.67904768352,139437.67904768352,0.0,0.11064299155172609
2022-10-12T00:00:00Z,139437.67904768352,139437.67904768352,0.0,0.11064299155172609
2022-10-13T00:00:00Z,139437.67904768352,139437.67904768352,0.0,0.11064299155172609
2022-10-14T00:00:00Z,139437.67904768352,139437.67904768352,0.0,0.11064299155172609
2022-10-15T00:00:00Z,139437.67904768352,139437.67904768352,0.0,0.11064299155172609
2022-10-16T00:00:00Z,139437.67904768352,139437.67904768352,0.0,0.11064299155172609
2022-10-17T00:00:00Z,139437.67904768352,139437.67904768352,0.0,0.11064299155172609
2022-10-18T00:00:00Z,139437.67904768352,139437.67904768352,0.0,0.11064299155172609
2022-10-19T00:00:00Z,139437.67904768352,139437.67904768352,0.0,0.11064299155172609
2022-10-20T00:00:00Z,139437.67904768352,139437.67904768352,0.0,0.11064299155172609
2022-10-21T00:00:00Z,139437.67904768352,139437.67904768352,0.0,0.11064299155172609
2022-10-22T00:00:00Z,139437.67904768352,139437.67904768352,0.0,0.11064299155172609
2022-10-23T00:00:00Z,139437.67904768352,139437.67904768352,0.0,0.11064299155172609
2022-10-24T00:00:00Z,139437.67904768352,139437.67904768352,0.0,0.11064299155172609
2022-10-25T00:00:00Z,139437.67904768352,139437.67904768352,0.0,0.11064299155172609
2022-10-26T00:00:00Z,139437.67904768352,139437.67904768352,0.0,0.11064299155172609
2022-10-27T00:00:00Z,139437.67904768352,139437.67904768352,0.0,0.11064299155172609
2022-10-28T00:00:00Z,139437.67904768352,139437.67904768352,0.0,0.11064299155172609
2022-10-29T00:00:00Z,139437.67904768352,139437.67904768352,0.0,0.11064299155172609
2022-10-30T00:00:00Z,139437.67904768352,139437.67904768352,0.0,0.11064299155172609
2022-10-31T00:00:00Z,139437.67904768352,139437.67904768352,0.0,0.11064299155172609
2022-11-01T00:00:00Z,139437.67904768352,139437.67904768352,0.0,0.11064299155172609
2022-11-02T00:00:00Z,139437.67904768352,139437.67904768352,0.0,0.11064299155172609
2022-11-03T00:00:00Z,139437.67904768352,139437.67904768352,0.0,0.11064299155172609
2022-11-04T00:00:00Z,139437.67904768352,139437.67904768352,0.0,0.11064299155172609
2022-11-05T00:00:00Z,139437.67904768352,139437.67904768352,0.0,0.11064299155172609
2022-11-06T00:00:00Z,139437.67904768352,139437.67904768352,0.0,0.11064299155172609
2022-11-07T00:00:00Z,139437.67904768352,139437.67904768352,0.0,0.11064299155172609
2022-11-08T00:00:00Z,139437.67904768352,139437.67904768352,0.0,0.11064299155172609
2022-11-09T00:00:00Z,139437.67904768352,139437.67904768352,0.0,0.11064299155172609
2022-11-10T00:00:00Z,139437.67904768352,139437.67904768352,0.0,0.11064299155172609
2022-11-11T00:00:00Z,139437.67904768352,139437.67904768352,0.0,0.11064299155172609
2022-11-12T00:00:00Z,139437.67904768352,139437.67904768352,0.0,0.11064299155172609
2022-11-13T00:00:00Z,139437.67904768352,139437.67904768352,0.0,0.11064299155172609
2022-11-14T00:00:00Z,139437.67904768352,139437.67904768352,0.0,0.11064299155172609
2022-11-15T00:00:00Z,139437.67904768352,139437.67904768352,0.0,0.11064299155172609
2022-11-16T00:00:00Z,139437.67904768352,139437.67904768352,0.0,0.11064299155172609
2022-11-17T00:00:00Z,139437.67904768352,139437.67904768352,0.0,0.11064299155172609
2022-11-18T00:00:00Z,139437.67904768352,139437.67904768352,0.0,0.11064299155172609
2022-11-19T00:00:00Z,139437.67904768352,139437.67904768352,0.0,0.11064299155172609
2022-11-20T00:00:00Z,139437.67904768352,139437.67904768352,0.0,0.11064299155172609
2022-11-21T00:00:00Z,139437.67904768352,139437.67904768352,0.0,0.11064299155172609
2022-11-22T00:00:00Z,139437.67904768352,139437.67904768352,0.0,0.11064299155172609
2022-11-23T00:00:00Z,139437.67904768352,139437.67904768352,0.0,0.11064299155172609
2022-11-24T00:00:00Z,139437.67904768352,139437.67904768352,0.0,0.11064299155172609
2022-11-25T00:00:00Z,139437.67904768352,139437.67904768352,0.0,0.11064299155172609
2022-11-26T00:00:00Z,139437.67904768352,139437.67904768352,0.0,0.11064299155172609
2022-11-27T00:00:00Z,139437.67904768352,139437.67904768352,0.0,0.11064299155172609
2022-11-28T00:00:00Z,139437.67904768352,139437.67904768352,0.0,0.11064299155172609
2022-11-29T00:00:00Z,139437.67904768352,139437.67904768352,0.0,0.11064299155172609
2022-11-30T00:00:00Z,139437.67904768352,139437.67904768352,0.0,0.11064299155172609
2022-12-01T00:00:00Z,139437.67904768352,139437.67904768352,0.0,0.11064299155172609
2022-12-02T00:00:00Z,139437.67904768352,139437.67904768352,0.0,0.11064299155172609
2022-12-03T00:00:00Z,139437.67904768352,139437.67904768352,0.0,0.11064299155172609
2022-12-04T00:00:00Z,139437.67904768352,139437.67904768352,0.0,0.11064299155172609
2022-12-05T00:00:00Z,139437.67904768352,139437.67904768352,0.0,0.11064299155172609
2022-12-06T00:00:00Z,139437.67904768352,139437.67904768352,0.0,0.11064299155172609
2022-12-07T00:00:00Z,139437.67904768352,139437.67904768352,0.0,0.11064299155172609
2022-12-08T00:00:00Z,139437.67904768352,139437.67904768352,0.0,0.11064299155172609
2022-12-09T00:00:00Z,139437.67904768352,139437.67904768352,0.0,0.11064299155172609
2022-12-10T00:00:00Z,139437.67904768352,139437.67904768352,0.0,0.11064299155172609
2022-12-11T00:00:00Z,139437.67904768352,139437.67904768352,0.0,0.11064299155172609
2022-12-12T00:00:00Z,139437.67904768352,139437.67904768352,0.0,0.11064299155172609
2022-12-13T00:00:00Z,139437.67904768352,139437.67904768352,0.0,0.11064299155172609
2022-12-14T00:00:00Z,139437.67904768352,139437.67904768352,0.0,0.11064299155172609
2022-12-15T00:00:00Z,139437.67904768352,139437.67904768352,0.0,0.11064299155172609
2022-12-16T00:00:00Z,139437.67904768352,139437.67904768352,0.0,0.11064299155172609
2022-12-17T00:00:00Z,139437.67904768352,139437.67904768352,0.0,0.11064299155172609
2022-12-18T00:00:00Z,139437.67904768352,139437.67904768352,0.0,0.11064299155172609
2022-12-19T00:00:00Z,139437.67904768352,139437.67904768352,0.0,0.11064299155172609
2022-12-20T00:00:00Z,139437.67904768352,139437.67904768352,0.0,0.11064299155172609
2022-12-21T00:00:00Z,139437.67904768352,139437.67904768352,0.0,0.11064299155172609
2022-12-22T00:00:00Z,139437.67904768352,139437.67904768352,0.0,0.11064299155172609
2022-12-23T00:00:00Z,139437.67904768352,139437.67904768352,0.0,0.11064299155172609
2022-12-24T00:00:00Z,139437.67904768352,139437.67904768352,0.0,0.11064299155172609
2022-12-25T00:00:00Z,139437.67904768352,139437.67904768352,0.0,0.11064299155172609
2022-12-26T00:00:00Z,139437.67904768352,139437.67904768352,0.0,0.11064299155172609
2022-12-27T00:00:00Z,139437.67904768352,139437.67904768352,0.0,0.11064299155172609
2022-12-28T00:00:00Z,139437.67904768352,139437.67904768352,0.0,0.11064299155172609
2022-12-29T00:00:00Z,139437.67904768352,139437.67904768352,0.0,0.11064299155172609
2022-12-30T00:00:00Z,139437.67904768352,139437.67904768352,0.0,0.11064299155172609
2022-12-31T00:00:00Z,139437.67904768352,139437.67904768352,0.0,0.11064299155172609
2023-01-01T00:00:00Z,139437.67904768352,139437.67904768352,0.0,0.11064299155172609
2023-01-02T00:00:00Z,139437.67904768352,139437.67904768352,0.0,0.11064299155172609
2023-01-03T00:00:00Z,139437.67904768352,139437.67904768352,0.0,0.11064299155172609
2023-01-04T00:00:00Z,139437.67904768352,139437.67904768352,0.0,0.11064299155172609
2023-01-05T00:00:00Z,139437.67904768352,139437.67904768352,0.0,0.11064299155172609
2023-01-06T00:00:00Z,139437.67904768352,139437.67904768352,0.0,0.11064299155172609
2023-01-07T00:00:00Z,139437.67904768352,139437.67904768352,0.0,0.11064299155172609
2023-01-08T00:00:00Z,139437.67904768352,139437.67904768352,0.0,0.11064299155172609
2023-01-09T00:00:00Z,139437.67904768352,139437.67904768352,0.0,0.11064299155172609
2023-01-10T00:00:00Z,139437.67904768352,139437.67904768352,0.0,0.11064299155172609
2023-01-11T00:00:00Z,139437.67904768352,139437.67904768352,0.0,0.11064299155172609
2023-01-12T00:00:00Z,139437.67904768352,139437.67904768352,0.0,0.11064299155172609
2023-01-13T00:00:00Z,139437.67904768352,139437.67904768352,0.0,0.11064299155172609
2023-01-14T00:00:00Z,139437.67904768352,139437.67904768352,0.0,0.11064299155172609
2023-01-15T00:00:00Z,139437.67904768352,139437.67904768352,0.0,0.11064299155172609
2023-01-16T00:00:00Z,139437.67904768352,139437.67904768352,0.0,0.11064299155172609
2023-01-17T00:00:00Z,139437.67904768352,139437.67904768352,0.0,0.11064299155172609
2023-01-18T00:00:00Z,139437.67904768352,139437.67904768352,0.0,0.11064299155172609
2023-01-19T00:00:00Z,139437.67904768352,139437.67904768352,0.0,0.11064299155172609
2023-01-20T00:00:00Z,139437.67904768352,139437.67904768352,0.0,0.11064299155172609
2023-01-21T00:00:00Z,139437.67904768352,139437.67904768352,0.0,0.11064299155172609
2023-01-22T00:00:00Z,139437.67904768352,139437.67904768352,0.0,0.11064299155172609
2023-01-23T00:00:00Z,139437.67904768352,139437.67904768352,0.0,0.11064299155172609
2023-01-24T00:00:00Z,139437.67904768352,139437.67904768352,0.0,0.11064299155172609
2023-01-25T00:00:00Z,139437.67904768352,139437.67904768352,0.0,0.11064299155172609
2023-01-26T00:00:00Z,139437.67904768352,139437.67904768352,0.0,0.11064299155172609
2023-01-27T00:00:00Z,139437.67904768352,139437.67904768352,0.0,0.11064299155172609
2023-01-28T00:00:00Z,139437.67904768352,139437.67904768352,0.0,0.11064299155172609
2023-01-29T00:00:00Z,139437.67904768352,139437.67904768352,0.0,0.11064299155172609
2023-01-30T00:00:00Z,139437.67904768352,139437.67904768352,0.0,0.11064299155172609
2023-01-31T00:00:00Z,139437.67904768352,139437.67904768352,0.0,0.11064299155172609
2023-02-01T00:00:00Z,139437.67904768352,139437.67904768352,0.0,0.11064299155172609
2023-02-02T00:00:00Z,139437.67904768352,139437.67904768352,0.0,0.11064299155172609
2023-02-03T00:00:00Z,139437.67904768352,139437.67904768352,0.0,0.11064299155172609
2023-02-04T00:00:00Z,139437.67904768352,139437.67904768352,0.0,0.11064299155172609
2023-02-05T00:00:00Z,139437.67904768352,139437.67904768352,0.0,0.11064299155172609
2023-02-06T00:00:00Z,139437.67904768352,139437.67904768352,0.0,0.11064299155172609
2023-02-07T00:00:00Z,139437.67904768352,139437.67904768352,0.0,0.11064299155172609
2023-02-08T00:00:00Z,139437.67904768352,139437.67904768352,0.0,0.11064299155172609
2023-02-09T00:00:00Z,139437.67904768352,139437.67904768352,0.0,0.11064299155172609
2023-02-10T00:00:00Z,139437.67904768352,139437.67904768352,0.0,0.11064299155172609
2023-02-11T00:00:00Z,139437.67904768352,139437.67904768352,0.0,0.11064299155172609
2023-02-12T00:00:00Z,139437.67904768352,139437.67904768352,0.0,0.11064299155172609
2023-02-13T00:00:00Z,139437.67904768352,139437.67904768352,0.0,0.11064299155172609
2023-02-14T00:00:00Z,139437.67904768352,139437.67904768352,0.0,0.11064299155172609
2023-02-15T00:00:00Z,139437.67904768352,139437.67904768352,0.0,0.11064299155172609
2023-02-16T00:00:00Z,139437.67904768352,139437.67904768352,0.0,0.11064299155172609
2023-02-17T00:00:00Z,139437.67904768352,139437.67904768352,0.0,0.11064299155172609
2023-02-18T00:00:00Z,139437.67904768352,139437.67904768352,0.0,0.11064299155172609
2023-02-19T00:00:00Z,139437.67904768352,139437.67904768352,0.0,0.11064299155172609
2023-02-20T00:00:00Z,139437.67904768352,139437.67904768352,0.0,0.11064299155172609
2023-02-21T00:00:00Z,139437.67904768352,139437.67904768352,0.0,0.11064299155172609
2023-02-22T00:00:00Z,139437.67904768352,139437.67904768352,0.0,0.11064299155172609
2023-02-23T00:00:00Z,139437.67904768352,139437.67904768352,0.0,0.11064299155172609
2023-02-24T00:00:00Z,139437.67904768352,139437.67904768352,0.0,0.11064299155172609
2023-02-25T00:00:00Z,139437.67904768352,139437.67904768352,0.0,0.11064299155172609
2023-02-26T00:00:00Z,139437.67904768352,139437.67904768352,0.0,0.11064299155172609
2023-02-27T00:00:00Z,139437.67904768352,139437.67904768352,0.0,0.11064299155172609
2023-02-28T00:00:00Z,139437.67904768352,139437.67904768352,0.0,0.11064299155172609
2023-03-01T00:00:00Z,139437.67904768352,139437.67904768352,0.0,0.11064299155172609
2023-03-02T00:00:00Z,139437.67904768352,139437.67904768352,0.0,0.11064299155172609
2023-03-03T00:00:00Z,139437.67904768352,139437.67904768352,0.0,0.11064299155172609
2023-03-04T00:00:00Z,139437.67904768352,139437.67904768352,0.0,0.11064299155172609
2023-03-05T00:00:00Z,139437.67904768352,139437.67904768352,0.0,0.11064299155172609
2023-03-06T00:00:00Z,139437.67904768352,139437.67904768352,0.0,0.11064299155172609
2023-03-07T00:00:00Z,139437.67904768352,139437.67904768352,0.0,0.11064299155172609
2023-03-08T00:00:00Z,139437.67904768352,139437.67904768352,0.0,0.11064299155172609
2023-03-09T00:00:00Z,139437.67904768352,139437.67904768352,0.0,0.11064299155172609
2023-03-10T00:00:00Z,139437.67904768352,139437.67904768352,0.0,0.11064299155172609
2023-03-11T00:00:00Z,139437.67904768352,139437.67904768352,0.0,0.11064299155172609
2023-03-12T00:00:00Z,139437.67904768352,139437.67904768352,0.0,0.11064299155172609
2023-03-13T00:00:00Z,139437.67904768352,139437.67904768352,0.0,0.11064299155172609
2023-03-14T00:00:00Z,139437.67904768352,139437.67904768352,0.0,0.11064299155172609
2023-03-15T00:00:00Z,139437.67904768352,139437.67904768352,0.0,0.11064299155172609
2023-03-16T00:00:00Z,139175.04480928465,124403.60186878408,14771.442940500578,0.11231811697100842
2023-03-17T00:00:00Z,139612.5585752661,124403.60186878408,15208.956706482013,0.10952758046232818
2023-03-18T00:00:00Z,141066.3550128946,124403.60186878408,16662.75314411054,0.10025502185770667
2023-03-19T00:00:00Z,140772.46888894352,124403.60186878408,16368.867020159438,0.10212947706813956
2023-03-20T00:00:00Z,141417.12035975905,124403.60186878408,17013.518490974966,0.09801778138091989
2023-03-21T00:00:00Z,141268.0785457081,124403.60186878408,16864.476676924,0.09896839518045636
2023-03-22T00:00:00Z,141502.59127761275,124403.60186878408,17098.98940882868,0.09747263346730824
2023-03-23T00:00:00Z,140983.07409720655,124403.60186878408,16579.47222842247,0.10078620156854963
2023-03-24T00:00:00Z,141615.43722253706,124403.60186878408,17211.83535375298,0.0967528830190877
2023-03-25T00:00:00Z,141103.7067164976,124403.60186878408,16700.104847713512,0.10001678639937374
2023-03-26T00:00:00Z,141110.15505620756,124403.60186878408,16706.553187423473,0.0999756578023326
2023-03-27T00:00:00Z,141418.7628613833,124403.60186878408,17015.160992599198,0.09800730522884332
2023-03-28T00:00:00Z,140904.96401996515,124403.60186878408,16501.362151181067,0.10128440080063326
2023-03-29T00:00:00Z,140987.8799352923,124403.60186878408,16584.278066508195,0.10075554912358488
2023-03-30T00:00:00Z,141648.7739221697,124403.60186878408,17245.172053385602,0.09654025593249742
2023-03-31T00:00:00Z,141453.68122924666,124403.60186878408,17050.07936046257,0.09778458999580904
2023-04-01T00:00:00Z,141721.16566042302,124403.60186878408,17317.563791638928,0.0960785292298654
2023-04-02T00:00:00Z,141713.07481908883,124403.60186878408,17309.47295030473,0.09613013397898311
2023-04-03T00:00:00Z,141542.49798374233,124403.60186878408,17138.896114958243,0.09721810177241184
2023-04-04T00:00:00Z,141315.8327595979,124403.60186878408,16912.2308908138,0.09866381075897221
2023-04-05T00:00:00Z,141536.53631118027,124403.60186878408,17132.934442396203,0.09725612632439343
2023-04-06T00:00:00Z,141541.28131587253,124403.60186878408,17137.679447088438,0.09722586188506108
2023-04-07T00:00:00Z,141455.3845642644,124403.60186878408,17051.78269548029,0.09777372583810007
2023-04-08T00:00:00Z,141379.76865615608,124403.60186878408,16976.16678737199,0.09825601683925266
2023-04-09T00:00:00Z,141399.9653427948,124403.60186878408,16996.36347401073,0.09812719896927477
2023-04-10T00:00:00Z,141632.10557235338,124403.60186878408,17228.50370356929,0.09664656947579256
2023-04-11T00:00:00Z,142432.55136389728,124403.60186878408,18028.94949511319,0.09154119136383296
2023-04-12T00:00:00Z,142775.46920300147,124403.60186878408,18371.867334217382,0.0893540036136341
2023-04-13T00:00:00Z,142586.33818264047,124403.60186878408,18182.736313856385,0.09056031312496433
2023-04-14T00:00:00Z,142880.34597337854,124403.60186878408,18476.74410459447,0.08868508190326647
2023-04-15T00:00:00Z,142935.40019448719,124403.60186878408,18531.798325703086,0.08833393680588653
2023-04-16T00:00:00Z,142835.02509522837,124403.60186878408,18431.423226444276,0.08897414609945195
2023-04-17T00:00:00Z,142838.61426544428,124403.60186878408,18435.012396660197,0.08895125376713664
2023-04-18T00:00:00Z,142304.86207096136,124403.60186878408,17901.260202177284,0.09235561518637468
2023-04-19T00:00:00Z,142884.84764449683,124403.60186878408,18481.24577571274,0.08865636948646409
2023-04-20T00:00:00Z,141925.930862911,124403.60186878408,17522.3289941269,0.09477250227099207
2023-04-21T00:00:00Z,141581.18802200208,124403.60186878408,17177.586153218002,0.09697133019016486
2023-04-22T00:00:00Z,140987.1499345704,124403.60186878408,16583.54806578631,0.10076020519117457
2023-04-23T00:00:00Z,140962.28290424575,140962.28290424575,0.0,0.10091881130000803
2023-04-24T00:00:00Z,140962.28290424575,140962.28290424575,0.0,0.10091881130000803
2023-04-25T00:00:00Z,140962.28290424575,140962.28290424575,0.0,0.10091881130000803
2023-04-26T00:00:00Z,140962.28290424575,140962.28290424575,0.0,0.10091881130000803
2023-04-27T00:00:00Z,140962.28290424575,140962.28290424575,0.0,0.10091881130000803
2023-04-28T00:00:00Z,140962.28290424575,140962.28290424575,0.0,0.10091881130000803
2023-04-29T00:00:00Z,140962.28290424575,140962.28290424575,0.0,0.10091881130000803
2023-04-30T00:00:00Z,140962.28290424575,140962.28290424575,0.0,0.10091881130000803
2023-05-01T00:00:00Z,140962.28290424575,140962.28290424575,0.0,0.10091881130000803
2023-05-02T00:00:00Z,140962.28290424575,140962.28290424575,0.0,0.10091881130000803
2023-05-03T00:00:00Z,140962.28290424575,140962.28290424575,0.0,0.10091881130000803
2023-05-04T00:00:00Z,140962.28290424575,140962.28290424575,0.0,0.10091881130000803
2023-05-05T00:00:00Z,140962.28290424575,140962.28290424575,0.0,0.10091881130000803
2023-05-06T00:00:00Z,140962.28290424575,140962.28290424575,0.0,0.10091881130000803
2023-05-07T00:00:00Z,140962.28290424575,140962.28290424575,0.0,0.10091881130000803
2023-05-08T00:00:00Z,140962.28290424575,140962.28290424575,0.0,0.10091881130000803
2023-05-09T00:00:00Z,140962.28290424575,140962.28290424575,0.0,0.10091881130000803
2023-05-10T00:00:00Z,140962.28290424575,140962.28290424575,0.0,0.10091881130000803
2023-05-11T00:00:00Z,140962.28290424575,140962.28290424575,0.0,0.10091881130000803
2023-05-12T00:00:00Z,140962.28290424575,140962.28290424575,0.0,0.10091881130000803
2023-05-13T00:00:00Z,140962.28290424575,140962.28290424575,0.0,0.10091881130000803
2023-05-14T00:00:00Z,140962.28290424575,140962.28290424575,0.0,0.10091881130000803
2023-05-15T00:00:00Z,140962.28290424575,140962.28290424575,0.0,0.10091881130000803
2023-05-16T00:00:00Z,140962.28290424575,140962.28290424575,0.0,0.10091881130000803
2023-05-17T00:00:00Z,140962.28290424575,140962.28290424575,0.0,0.10091881130000803
2023-05-18T00:00:00Z,140962.28290424575,140962.28290424575,0.0,0.10091881130000803
2023-05-19T00:00:00Z,140962.28290424575,140962.28290424575,0.0,0.10091881130000803
2023-05-20T00:00:00Z,140962.28290424575,140962.28290424575,0.0,0.10091881130000803
2023-05-21T00:00:00Z,140962.28290424575,140962.28290424575,0.0,0.10091881130000803
2023-05-22T00:00:00Z,140962.28290424575,140962.28290424575,0.0,0.10091881130000803
2023-05-23T00:00:00Z,140962.28290424575,140962.28290424575,0.0,0.10091881130000803
2023-05-24T00:00:00Z,140962.28290424575,140962.28290424575,0.0,0.10091881130000803
2023-05-25T00:00:00Z,140962.28290424575,140962.28290424575,0.0,0.10091881130000803
2023-05-26T00:00:00Z,140962.28290424575,140962.28290424575,0.0,0.10091881130000803
2023-05-27T00:00:00Z,140962.28290424575,140962.28290424575,0.0,0.10091881130000803
2023-05-28T00:00:00Z,140962.28290424575,140962.28290424575,0.0,0.10091881130000803
2023-05-29T00:00:00Z,140962.28290424575,140962.28290424575,0.0,0.10091881130000803
2023-05-30T00:00:00Z,140962.28290424575,140962.28290424575,0.0,0.10091881130000803
2023-05-31T00:00:00Z,140962.28290424575,140962.28290424575,0.0,0.10091881130000803
2023-06-01T00:00:00Z,140962.28290424575,140962.28290424575,0.0,0.10091881130000803
2023-06-02T00:00:00Z,140962.28290424575,140962.28290424575,0.0,0.10091881130000803
2023-06-03T00:00:00Z,140962.28290424575,140962.28290424575,0.0,0.10091881130000803
2023-06-04T00:00:00Z,140962.28290424575,140962.28290424575,0.0,0.10091881130000803
2023-06-05T00:00:00Z,140962.28290424575,140962.28290424575,0.0,0.10091881130000803
2023-06-06T00:00:00Z,140962.28290424575,140962.28290424575,0.0,0.10091881130000803
2023-06-07T00:00:00Z,140962.28290424575,140962.28290424575,0.0,0.10091881130000803
2023-06-08T00:00:00Z,140962.28290424575,140962.28290424575,0.0,0.10091881130000803
2023-06-09T00:00:00Z,140962.28290424575,140962.28290424575,0.0,0.10091881130000803
2023-06-10T00:00:00Z,140962.28290424575,140962.28290424575,0.0,0.10091881130000803
2023-06-11T00:00:00Z,140962.28290424575,140962.28290424575,0.0,0.10091881130000803
2023-06-12T00:00:00Z,140962.28290424575,140962.28290424575,0.0,0.10091881130000803
2023-06-13T00:00:00Z,140962.28290424575,140962.28290424575,0.0,0.10091881130000803
2023-06-14T00:00:00Z,140962.28290424575,140962.28290424575,0.0,0.10091881130000803
2023-06-15T00:00:00Z,140962.28290424575,140962.28290424575,0.0,0.10091881130000803
2023-06-16T00:00:00Z,140962.28290424575,140962.28290424575,0.0,0.10091881130000803
2023-06-17T00:00:00Z,140962.28290424575,140962.28290424575,0.0,0.10091881130000803
2023-06-18T00:00:00Z,140962.28290424575,140962.28290424575,0.0,0.10091881130000803
2023-06-19T00:00:00Z,140962.28290424575,140962.28290424575,0.0,0.10091881130000803
2023-06-20T00:00:00Z,140962.28290424575,140962.28290424575,0.0,0.10091881130000803
2023-06-21T00:00:00Z,140962.28290424575,140962.28290424575,0.0,0.10091881130000803
2023-06-22T00:00:00Z,142247.25723307728,118796.18964299688,23451.0675900804,0.09272302854725839
2023-06-23T00:00:00Z,142165.7796866423,118796.18964299688,23369.590043645418,0.09324270606518632
2023-06-24T00:00:00Z,142794.2202247402,118796.18964299688,23998.030581743304,0.08923440643794395
2023-06-25T00:00:00Z,142670.205456366,118796.18964299688,23874.01581336913,0.09002539352377281
2023-06-26T00:00:00Z,142617.26850921006,118796.18964299688,23821.078866213193,0.090363034291179
2023-06-27T00:00:00Z,142466.43339685586,118796.18964299688,23670.243753858977,0.09132508604941582
2023-06-28T00:00:00Z,142795.62770634846,118796.18964299688,23999.43806335159,0.08922542928312376
2023-06-29T00:00:00Z,142315.98925161504,118796.18964299688,23519.799608618174,0.09228464415353616
2023-06-30T00:00:00Z,142605.1485286943,118796.18964299688,23808.95888569743,0.09044033756879787
2023-07-01T00:00:00Z,142625.71339885975,118796.18964299688,23829.523755862883,0.0903091713622575
2023-07-02T00:00:00Z,142712.03893750106,118796.18964299688,23915.849294504176,0.08975857253328198
2023-07-03T00:00:00Z,142735.18419061502,118796.18964299688,23938.994547618146,0.0896109482095712
2023-07-04T00:00:00Z,143158.52338101715,118796.18964299688,24362.333738020283,0.08691081953196894
2023-07-05T00:00:00Z,142853.09987202,118796.18964299688,24056.910229023102,0.0888588621279634
2023-07-06T00:00:00Z,142648.545878283,118796.18964299688,23852.356235286123,0.09016354196183995
2023-07-07T00:00:00Z,142172.11335387957,118796.18964299688,23375.923710882686,0.0932023088684951
2023-07-08T00:00:00Z,142522.73266118712,118796.18964299688,23726.543018190256,0.09096599985660588
2023-07-09T00:00:00Z,142479.64808528917,118796.18964299688,23683.45844229229,0.09124080054027019
2023-07-10T00:00:00Z,142381.90630693626,118796.18964299688,23585.716663939376,0.09186421406945429
2023-07-11T00:00:00Z,142577.78083075548,118796.18964299688,23781.591187758615,0.0906148933569694
2023-07-12T00:00:00Z,142739.95398939864,118796.18964299688,23943.764346401767,0.08958052562934707
2023-07-13T00:00:00Z,142551.6642275796,118796.18964299688,23755.474584582716,0.09078146945196726
2023-07-14T00:00:00Z,143389.50675162076,118796.18964299688,24593.317108623887,0.08543756867980093
2023-07-15T00:00:00Z,142499.19644095976,118796.18964299688,23703.006797962873,0.09111611783443332
2023-07-16T00:00:00Z,142479.56989186647,118796.18964299688,23683.38024886961,0.09124129927109363
2023-07-17T00:00:00Z,142434.84325409218,118796.18964299688,23638.653611095313,0.09152657330204829
2023-07-18T00:00:00Z,142364.62556052345,118796.18964299688,23568.43591752658,0.09197443358141416
2023-07-19T00:00:00Z,142329.28469086514,142329.28469086514,0.0,0.09219984360207667
2023-07-20T00:00:00Z,142329.28469086514,142329.28469086514,0.0,0.09219984360207667
2023-07-21T00:00:00Z,142329.28469086514,142329.28469086514,0.0,0.09219984360207667
2023-07-22T00:00:00Z,142329.28469086514,142329.28469086514,0.0,0.09219984360207667
2023-07-23T00:00:00Z,142329.28469086514,142329.28469086514,0.0,0.09219984360207667
2023-07-24T00:00:00Z,142329.28469086514,142329.28469086514,0.0,0.09219984360207667
2023-07-25T00:00:00Z,142329.28469086514,142329.28469086514,0.0,0.09219984360207667
2023-07-26T00:00:00Z,142329.28469086514,142329.28469086514,0.0,0.09219984360207667
2023-07-27T00:00:00Z,142329.28469086514,142329.28469086514,0.0,0.09219984360207667
2023-07-28T00:00:00Z,142329.28469086514,142329.28469086514,0.0,0.09219984360207667
2023-07-29T00:00:00Z,142329.28469086514,142329.28469086514,0.0,0.09219984360207667
2023-07-30T00:00:00Z,142329.28469086514,142329.28469086514,0.0,0.09219984360207667
2023-07-31T00:00:00Z,142329.28469086514,142329.28469086514,0.0,0.09219984360207667
2023-08-01T00:00:00Z,142329.28469086514,142329.28469086514,0.0,0.09219984360207667
2023-08-02T00:00:00Z,142329.28469086514,142329.28469086514,0.0,0.09219984360207667
2023-08-03T00:00:00Z,142329.28469086514,142329.28469086514,0.0,0.09219984360207667
2023-08-04T00:00:00Z,142329.28469086514,142329.28469086514,0.0,0.09219984360207667
2023-08-05T00:00:00Z,142329.28469086514,142329.28469086514,0.0,0.09219984360207667
2023-08-06T00:00:00Z,142329.28469086514,142329.28469086514,0.0,0.09219984360207667
2023-08-07T00:00:00Z,142329.28469086514,142329.28469086514,0.0,0.09219984360207667
2023-08-08T00:00:00Z,142329.28469086514,142329.28469086514,0.0,0.09219984360207667
2023-08-09T00:00:00Z,142329.28469086514,142329.28469086514,0.0,0.09219984360207667
2023-08-10T00:00:00Z,142329.28469086514,142329.28469086514,0.0,0.09219984360207667
2023-08-11T00:00:00Z,142329.28469086514,142329.28469086514,0.0,0.09219984360207667
2023-08-12T00:00:00Z,142329.28469086514,142329.28469086514,0.0,0.09219984360207667
2023-08-13T00:00:00Z,142329.28469086514,142329.28469086514,0.0,0.09219984360207667
2023-08-14T00:00:00Z,142329.28469086514,142329.28469086514,0.0,0.09219984360207667
2023-08-15T00:00:00Z,142329.28469086514,142329.28469086514,0.0,0.09219984360207667
2023-08-16T00:00:00Z,142329.28469086514,142329.28469086514,0.0,0.09219984360207667
2023-08-17T00:00:00Z,142329.28469086514,142329.28469086514,0.0,0.09219984360207667
2023-08-18T00:00:00Z,142329.28469086514,142329.28469086514,0.0,0.09219984360207667
2023-08-19T00:00:00Z,142329.28469086514,142329.28469086514,0.0,0.09219984360207667
2023-08-20T00:00:00Z,142329.28469086514,142329.28469086514,0.0,0.09219984360207667
2023-08-21T00:00:00Z,142329.28469086514,142329.28469086514,0.0,0.09219984360207667
2023-08-22T00:00:00Z,142329.28469086514,142329.28469086514,0.0,0.09219984360207667
2023-08-23T00:00:00Z,142329.28469086514,142329.28469086514,0.0,0.09219984360207667
2023-08-24T00:00:00Z,142329.28469086514,142329.28469086514,0.0,0.09219984360207667
2023-08-25T00:00:00Z,142329.28469086514,142329.28469086514,0.0,0.09219984360207667
2023-08-26T00:00:00Z,142329.28469086514,142329.28469086514,0.0,0.09219984360207667
2023-08-27T00:00:00Z,142329.28469086514,142329.28469086514,0.0,0.09219984360207667
2023-08-28T00:00:00Z,142329.28469086514,142329.28469086514,0.0,0.09219984360207667
2023-08-29T00:00:00Z,142329.28469086514,142329.28469086514,0.0,0.09219984360207667
2023-08-30T00:00:00Z,142329.28469086514,142329.28469086514,0.0,0.09219984360207667
2023-08-31T00:00:00Z,142329.28469086514,142329.28469086514,0.0,0.09219984360207667
2023-09-01T00:00:00Z,142329.28469086514,142329.28469086514,0.0,0.09219984360207667
2023-09-02T00:00:00Z,142329.28469086514,142329.28469086514,0.0,0.09219984360207667
2023-09-03T00:00:00Z,142329.28469086514,142329.28469086514,0.0,0.09219984360207667
2023-09-04T00:00:00Z,142329.28469086514,142329.28469086514,0.0,0.09219984360207667
2023-09-05T00:00:00Z,142329.28469086514,142329.28469086514,0.0,0.09219984360207667
2023-09-06T00:00:00Z,142329.28469086514,142329.28469086514,0.0,0.09219984360207667
2023-09-07T00:00:00Z,142329.28469086514,142329.28469086514,0.0,0.09219984360207667
2023-09-08T00:00:00Z,142329.28469086514,142329.28469086514,0.0,0.09219984360207667
2023-09-09T00:00:00Z,142329.28469086514,142329.28469086514,0.0,0.09219984360207667
2023-09-10T00:00:00Z,142329.28469086514,142329.28469086514,0.0,0.09219984360207667
2023-09-11T00:00:00Z,142329.28469086514,142329.28469086514,0.0,0.09219984360207667
2023-09-12T00:00:00Z,142329.28469086514,142329.28469086514,0.0,0.09219984360207667
2023-09-13T00:00:00Z,142329.28469086514,142329.28469086514,0.0,0.09219984360207667
2023-09-14T00:00:00Z,142329.28469086514,142329.28469086514,0.0,0.09219984360207667
2023-09-15T00:00:00Z,142329.28469086514,142329.28469086514,0.0,0.09219984360207667
2023-09-16T00:00:00Z,142329.28469086514,142329.28469086514,0.0,0.09219984360207667
2023-09-17T00:00:00Z,142329.28469086514,142329.28469086514,0.0,0.09219984360207667
2023-09-18T00:00:00Z,142329.28469086514,142329.28469086514,0.0,0.09219984360207667
2023-09-19T00:00:00Z,142329.28469086514,142329.28469086514,0.0,0.09219984360207667
2023-09-20T00:00:00Z,142329.28469086514,142329.28469086514,0.0,0.09219984360207667
2023-09-21T00:00:00Z,142329.28469086514,142329.28469086514,0.0,0.09219984360207667
2023-09-22T00:00:00Z,142329.28469086514,142329.28469086514,0.0,0.09219984360207667
2023-09-23T00:00:00Z,142329.28469086514,142329.28469086514,0.0,0.09219984360207667
2023-09-24T00:00:00Z,142329.28469086514,142329.28469086514,0.0,0.09219984360207667
2023-09-25T00:00:00Z,142329.28469086514,142329.28469086514,0.0,0.09219984360207667
2023-09-26T00:00:00Z,142329.28469086514,142329.28469086514,0.0,0.09219984360207667
2023-09-27T00:00:00Z,142329.28469086514,142329.28469086514,0.0,0.09219984360207667
2023-09-28T00:00:00Z,142329.28469086514,142329.28469086514,0.0,0.09219984360207667
2023-09-29T00:00:00Z,142329.28469086514,142329.28469086514,0.0,0.09219984360207667
2023-09-30T00:00:00Z,142329.28469086514,142329.28469086514,0.0,0.09219984360207667
2023-10-01T00:00:00Z,142329.28469086514,142329.28469086514,0.0,0.09219984360207667
2023-10-02T00:00:00Z,142329.28469086514,142329.28469086514,0.0,0.09219984360207667
2023-10-03T00:00:00Z,142329.28469086514,142329.28469086514,0.0,0.09219984360207667
2023-10-04T00:00:00Z,142329.28469086514,142329.28469086514,0.0,0.09219984360207667
2023-10-05T00:00:00Z,142329.28469086514,142329.28469086514,0.0,0.09219984360207667
2023-10-06T00:00:00Z,142329.28469086514,142329.28469086514,0.0,0.09219984360207667
2023-10-07T00:00:00Z,142329.28469086514,142329.28469086514,0.0,0.09219984360207667
2023-10-08T00:00:00Z,142329.28469086514,142329.28469086514,0.0,0.09219984360207667
2023-10-09T00:00:00Z,142329.28469086514,142329.28469086514,0.0,0.09219984360207667
2023-10-10T00:00:00Z,142329.28469086514,142329.28469086514,0.0,0.09219984360207667
2023-10-11T00:00:00Z,142329.28469086514,142329.28469086514,0.0,0.09219984360207667
2023-10-12T00:00:00Z,142329.28469086514,142329.28469086514,0.0,0.09219984360207667
2023-10-13T00:00:00Z,142329.28469086514,142329.28469086514,0.0,0.09219984360207667
2023-10-14T00:00:00Z,142329.28469086514,142329.28469086514,0.0,0.09219984360207667
2023-10-15T00:00:00Z,142329.28469086514,142329.28469086514,0.0,0.09219984360207667
2023-10-16T00:00:00Z,142329.28469086514,142329.28469086514,0.0,0.09219984360207667
2023-10-17T00:00:00Z,142329.28469086514,142329.28469086514,0.0,0.09219984360207667
2023-10-18T00:00:00Z,142329.28469086514,142329.28469086514,0.0,0.09219984360207667
2023-10-19T00:00:00Z,142329.28469086514,142329.28469086514,0.0,0.09219984360207667
2023-10-20T00:00:00Z,142329.28469086514,142329.28469086514,0.0,0.09219984360207667
2023-10-21T00:00:00Z,142329.28469086514,142329.28469086514,0.0,0.09219984360207667
2023-10-22T00:00:00Z,142329.28469086514,142329.28469086514,0.0,0.09219984360207667
2023-10-23T00:00:00Z,142329.28469086514,142329.28469086514,0.0,0.09219984360207667
2023-10-24T00:00:00Z,142329.28469086514,142329.28469086514,0.0,0.09219984360207667
2023-10-25T00:00:00Z,142329.28469086514,142329.28469086514,0.0,0.09219984360207667
2023-10-26T00:00:00Z,142329.28469086514,142329.28469086514,0.0,0.09219984360207667
2023-10-27T00:00:00Z,142329.28469086514,142329.28469086514,0.0,0.09219984360207667
2023-10-28T00:00:00Z,142329.28469086514,142329.28469086514,0.0,0.09219984360207667
2023-10-29T00:00:00Z,142329.28469086514,142329.28469086514,0.0,0.09219984360207667
2023-10-30T00:00:00Z,142329.28469086514,142329.28469086514,0.0,0.09219984360207667
2023-10-31T00:00:00Z,142329.28469086514,142329.28469086514,0.0,0.09219984360207667
2023-11-01T00:00:00Z,142329.28469086514,142329.28469086514,0.0,0.09219984360207667
2023-11-02T00:00:00Z,142329.28469086514,142329.28469086514,0.0,0.09219984360207667
2023-11-03T00:00:00Z,142329.28469086514,142329.28469086514,0.0,0.09219984360207667
2023-11-04T00:00:00Z,142329.28469086514,142329.28469086514,0.0,0.09219984360207667
2023-11-05T00:00:00Z,142329.28469086514,142329.28469086514,0.0,0.09219984360207667
2023-11-06T00:00:00Z,142329.28469086514,142329.28469086514,0.0,0.09219984360207667
2023-11-07T00:00:00Z,142329.28469086514,142329.28469086514,0.0,0.09219984360207667
2023-11-08T00:00:00Z,142329.28469086514,142329.28469086514,0.0,0.09219984360207667
2023-11-09T00:00:00Z,142329.28469086514,142329.28469086514,0.0,0.09219984360207667
2023-11-10T00:00:00Z,142329.28469086514,142329.28469086514,0.0,0.09219984360207667
2023-11-11T00:00:00Z,142329.28469086514,142329.28469086514,0.0,0.09219984360207667
2023-11-12T00:00:00Z,142329.28469086514,142329.28469086514,0.0,0.09219984360207667
2023-11-13T00:00:00Z,142329.28469086514,142329.28469086514,0.0,0.09219984360207667
2023-11-14T00:00:00Z,142329.28469086514,142329.28469086514,0.0,0.09219984360207667
2023-11-15T00:00:00Z,142329.28469086514,142329.28469086514,0.0,0.09219984360207667
2023-11-16T00:00:00Z,142329.28469086514,142329.28469086514,0.0,0.09219984360207667
2023-11-17T00:00:00Z,142329.28469086514,142329.28469086514,0.0,0.09219984360207667
2023-11-18T00:00:00Z,142329.28469086514,142329.28469086514,0.0,0.09219984360207667
2023-11-19T00:00:00Z,142329.28469086514,142329.28469086514,0.0,0.09219984360207667
2023-11-20T00:00:00Z,142329.28469086514,142329.28469086514,0.0,0.09219984360207667
2023-11-21T00:00:00Z,142329.28469086514,142329.28469086514,0.0,0.09219984360207667
2023-11-22T00:00:00Z,142329.28469086514,142329.28469086514,0.0,0.09219984360207667
2023-11-23T00:00:00Z,142329.28469086514,142329.28469086514,0.0,0.09219984360207667
2023-11-24T00:00:00Z,142329.28469086514,142329.28469086514,0.0,0.09219984360207667
2023-11-25T00:00:00Z,142329.28469086514,142329.28469086514,0.0,0.09219984360207667
2023-11-26T00:00:00Z,142329.28469086514,142329.28469086514,0.0,0.09219984360207667
2023-11-27T00:00:00Z,142329.28469086514,142329.28469086514,0.0,0.09219984360207667
2023-11-28T00:00:00Z,142329.28469086514,142329.28469086514,0.0,0.09219984360207667
2023-11-29T00:00:00Z,142329.28469086514,142329.28469086514,0.0,0.09219984360207667
2023-11-30T00:00:00Z,142329.28469086514,142329.28469086514,0.0,0.09219984360207667
2023-12-01T00:00:00Z,142329.28469086514,142329.28469086514,0.0,0.09219984360207667
2023-12-02T00:00:00Z,142329.28469086514,142329.28469086514,0.0,0.09219984360207667
2023-12-03T00:00:00Z,142795.62983315295,117032.87523912072,25762.754594032238,0.08922541571800638
2023-12-04T00:00:00Z,143134.86261675876,117032.87523912072,26101.98737763804,0.08706173187260852
2023-12-05T00:00:00Z,144449.08764136903,117032.87523912072,27416.21240224832,0.07867938325423011
2023-12-06T00:00:00Z,145811.30806462228,117032.87523912072,28778.43282550157,0.06999091189737858
2023-12-07T00:00:00Z,145610.3150890807,117032.87523912072,28577.439849959967,0.07127287895726962
2023-12-08T00:00:00Z,145293.15365886444,117032.87523912072,28260.278419743718,0.07329578799232205
2023-12-09T00:00:00Z,145874.4530312723,117032.87523912072,28841.577792151587,0.06958816266186363
2023-12-10T00:00:00Z,145577.20805899636,117032.87523912072,28544.332819875624,0.07148404117278767
2023-12-11T00:00:00Z,145623.76686067315,117032.87523912072,28590.89162155242,0.07118708129179278
2023-12-12T00:00:00Z,143969.2642546635,117032.87523912072,26936.38901554275,0.08173977765191674
2023-12-13T00:00:00Z,144125.78802411546,117032.87523912072,27092.912784994744,0.08074144268032522
2023-12-14T00:00:00Z,145026.07722287835,117032.87523912072,27993.20198375763,0.074999246496206
2023-12-15T00:00:00Z,145126.70431037334,117032.87523912072,28093.829071252636,0.07435742997921699
2023-12-16T00:00:00Z,144418.52730590658,117032.87523912072,27385.652066785853,0.07887430222240056
2023-12-17T00:00:00Z,144638.19604200858,117032.87523912072,27605.320802887854,0.0774732180152941
2023-12-18T00:00:00Z,144049.9095843561,117032.87523912072,27017.03434523537,0.08122540815257781
2023-12-19T00:00:00Z,144887.05381646898,117032.87523912072,27854.178577348248,0.07588596120397334
2023-12-20T00:00:00Z,144634.21275042053,117032.87523912072,27601.3375112998,0.07749862412011974
2023-12-21T00:00:00Z,144592.95494871226,144592.95494871226,0.0,0.07776177333024013
2023-12-22T00:00:00Z,144592.95494871226,144592.95494871226,0.0,0.07776177333024013
2023-12-23T00:00:00Z,144592.95494871226,144592.95494871226,0.0,0.07776177333024013
2023-12-24T00:00:00Z,144592.95494871226,144592.95494871226,0.0,0.07776177333024013
2023-12-25T00:00:00Z,144592.95494871226,144592.95494871226,0.0,0.07776177333024013
2023-12-26T00:00:00Z,144592.95494871226,144592.95494871226,0.0,0.07776177333024013
2023-12-27T00:00:00Z,144592.95494871226,144592.95494871226,0.0,0.07776177333024013
2023-12-28T00:00:00Z,144592.95494871226,144592.95494871226,0.0,0.07776177333024013
2023-12-29T00:00:00Z,144592.95494871226,144592.95494871226,0.0,0.07776177333024013
2023-12-30T00:00:00Z,144592.95494871226,144592.95494871226,0.0,0.07776177333024013
2023-12-31T00:00:00Z,144592.95494871226,144592.95494871226,0.0,0.07776177333024013
2024-01-01T00:00:00Z,144592.95494871226,144592.95494871226,0.0,0.07776177333024013
2024-01-02T00:00:00Z,144592.95494871226,144592.95494871226,0.0,0.07776177333024013
2024-01-03T00:00:00Z,144592.95494871226,144592.95494871226,0.0,0.07776177333024013
2024-01-04T00:00:00Z,143092.25973288174,143092.25973288174,0.0,0.08733346024341128
2024-01-05T00:00:00Z,143092.25973288174,143092.25973288174,0.0,0.08733346024341128
2024-01-06T00:00:00Z,143092.25973288174,143092.25973288174,0.0,0.08733346024341128
2024-01-07T00:00:00Z,143092.25973288174,143092.25973288174,0.0,0.08733346024341128
2024-01-08T00:00:00Z,143092.25973288174,143092.25973288174,0.0,0.08733346024341128
2024-01-09T00:00:00Z,143092.25973288174,143092.25973288174,0.0,0.08733346024341128
2024-01-10T00:00:00Z,142762.82937024892,125935.7595270167,16827.069843232213,0.08943462259640025
2024-01-11T00:00:00Z,142955.4856880599,125935.7595270167,17019.72616104322,0.0882058281440166
2024-01-12T00:00:00Z,142844.3069379898,125935.7595270167,16908.54741097312,0.08891494494257973
2024-01-13T00:00:00Z,141620.6429715555,141620.6429715555,0.0,0.09671967987482002
2024-01-14T00:00:00Z,141620.6429715555,141620.6429715555,0.0,0.09671967987482002
2024-01-15T00:00:00Z,141620.6429715555,141620.6429715555,0.0,0.09671967987482002
2024-01-16T00:00:00Z,141620.6429715555,141620.6429715555,0.0,0.09671967987482002
2024-01-17T00:00:00Z,141620.6429715555,141620.6429715555,0.0,0.09671967987482002
2024-01-18T00:00:00Z,141620.6429715555,141620.6429715555,0.0,0.09671967987482002
2024-01-19T00:00:00Z,141620.6429715555,141620.6429715555,0.0,0.09671967987482002
2024-01-20T00:00:00Z,141620.6429715555,141620.6429715555,0.0,0.09671967987482002
2024-01-21T00:00:00Z,141620.6429715555,141620.6429715555,0.0,0.09671967987482002
2024-01-22T00:00:00Z,141620.6429715555,141620.6429715555,0.0,0.09671967987482002
2024-01-23T00:00:00Z,141620.6429715555,141620.6429715555,0.0,0.09671967987482002
2024-01-24T00:00:00Z,141620.6429715555,141620.6429715555,0.0,0.09671967987482002
2024-01-25T00:00:00Z,141620.6429715555,141620.6429715555,0.0,0.09671967987482002
2024-01-26T00:00:00Z,141620.6429715555,141620.6429715555,0.0,0.09671967987482002
2024-01-27T00:00:00Z,141620.6429715555,141620.6429715555,0.0,0.09671967987482002
2024-01-28T00:00:00Z,141620.6429715555,141620.6429715555,0.0,0.09671967987482002
2024-01-29T00:00:00Z,141620.6429715555,141620.6429715555,0.0,0.09671967987482002
2024-01-30T00:00:00Z,141620.6429715555,141620.6429715555,0.0,0.09671967987482002
2024-01-31T00:00:00Z,141620.6429715555,141620.6429715555,0.0,0.09671967987482002
2024-02-01T00:00:00Z,141620.6429715555,141620.6429715555,0.0,0.09671967987482002
2024-02-02T00:00:00Z,141620.6429715555,141620.6429715555,0.0,0.09671967987482002
2024-02-03T00:00:00Z,141620.6429715555,141620.6429715555,0.0,0.09671967987482002
2024-02-04T00:00:00Z,141620.6429715555,141620.6429715555,0.0,0.09671967987482002
2024-02-05T00:00:00Z,141620.6429715555,141620.6429715555,0.0,0.09671967987482002
2024-02-06T00:00:00Z,141620.6429715555,141620.6429715555,0.0,0.09671967987482002
2024-02-07T00:00:00Z,141620.6429715555,141620.6429715555,0.0,0.09671967987482002
2024-02-08T00:00:00Z,141620.6429715555,141620.6429715555,0.0,0.09671967987482002
2024-02-09T00:00:00Z,141620.6429715555,141620.6429715555,0.0,0.09671967987482002
2024-02-10T00:00:00Z,141620.6429715555,141620.6429715555,0.0,0.09671967987482002
2024-02-11T00:00:00Z,141620.6429715555,141620.6429715555,0.0,0.09671967987482002
2024-02-12T00:00:00Z,141620.6429715555,141620.6429715555,0.0,0.09671967987482002
2024-02-13T00:00:00Z,141620.6429715555,141620.6429715555,0.0,0.09671967987482002
2024-02-14T00:00:00Z,141620.6429715555,141620.6429715555,0.0,0.09671967987482002
2024-02-15T00:00:00Z,141620.6429715555,141620.6429715555,0.0,0.09671967987482002
2024-02-16T00:00:00Z,141620.6429715555,141620.6429715555,0.0,0.09671967987482002
2024-02-17T00:00:00Z,141620.6429715555,141620.6429715555,0.0,0.09671967987482002
2024-02-18T00:00:00Z,141620.6429715555,141620.6429715555,0.0,0.09671967987482002
2024-02-19T00:00:00Z,141620.6429715555,141620.6429715555,0.0,0.09671967987482002
2024-02-20T00:00:00Z,141620.6429715555,141620.6429715555,0.0,0.09671967987482002
2024-02-21T00:00:00Z,141620.6429715555,141620.6429715555,0.0,0.09671967987482002
2024-02-22T00:00:00Z,141620.6429715555,141620.6429715555,0.0,0.09671967987482002
2024-02-23T00:00:00Z,141620.6429715555,141620.6429715555,0.0,0.09671967987482002
2024-02-24T00:00:00Z,141620.6429715555,141620.6429715555,0.0,0.09671967987482002
2024-02-25T00:00:00Z,141620.6429715555,141620.6429715555,0.0,0.09671967987482002
2024-02-26T00:00:00Z,141620.6429715555,141620.6429715555,0.0,0.09671967987482002
2024-02-27T00:00:00Z,141620.6429715555,141620.6429715555,0.0,0.09671967987482002
2024-02-28T00:00:00Z,142684.40687979155,118200.27090479636,24484.13597499519,0.08993481445260845
2024-02-29T00:00:00Z,145001.76171655676,118200.27090479636,26801.490811760406,0.075154334892031
2024-03-01T00:00:00Z,144449.458599141,118200.27090479636,26249.18769434466,0.07867701722306403
2024-03-02T00:00:00Z,144981.15499317087,118200.27090479636,26780.88408837451,0.07528576804546244
2024-03-03T00:00:00Z,144809.56109030955,118200.27090479636,26609.2901855132,0.07638022286684913
2024-03-04T00:00:00Z,145292.14479360302,118200.27090479636,27091.873888806662,0.07330222270492594
2024-03-05T00:00:00Z,147499.81175901205,118200.27090479636,29299.540854215702,0.05922135086730137
2024-03-06T00:00:00Z,145553.16328982438,118200.27090479636,27352.89238502802,0.07163740276146059
2024-03-07T00:00:00Z,146566.32718963095,118200.27090479636,28366.056284834598,0.06517527271774685
2024-03-08T00:00:00Z,146886.63294626048,118200.27090479636,28686.362041464123,0.06313230863909644
2024-03-09T00:00:00Z,147446.4060009036,118200.27090479636,29246.135096107257,0.059561981789944596
2024-03-10T00:00:00Z,147527.50204356186,118200.27090479636,29327.231138765503,0.05904473756737775
2024-03-11T00:00:00Z,147802.6447314373,118200.27090479636,29602.37382664094,0.05728983114999807
2024-03-12T00:00:00Z,149147.06170967215,118200.27090479636,30946.7908048758,0.048714913164873384
2024-03-13T00:00:00Z,148874.23727817764,118200.27090479636,30673.966373381278,0.050455033352492046
2024-03-14T00:00:00Z,149573.191577023,118200.27090479636,31372.920672226654,0.04599698507953844
2024-03-15T00:00:00Z,148847.57732979712,118200.27090479636,30647.30642500077,0.050625074994744106
2024-03-16T00:00:00Z,148033.69761740166,118200.27090479636,29833.426712605306,0.055816136917147714
2024-03-17T00:00:00Z,146237.52115960474,118200.27090479636,28037.250254808383,0.06727245297218765
2024-03-18T00:00:00Z,147563.04864140254,118200.27090479636,29362.777736606175,0.05881801537770846
2024-03-19T00:00:00Z,147228.23231705543,118200.27090479636,29027.961412259076,0.060953530301900226
2024-03-20T00:00:00Z,144788.0098921018,118200.27090479636,26587.738987305453,0.07651768003981284
2024-03-21T00:00:00Z,144748.14157749034,144748.14157749034,0.0,0.07677196686713876
2024-03-22T00:00:00Z,144748.14157749034,144748.14157749034,0.0,0.07677196686713876
2024-03-23T00:00:00Z,144748.14157749034,144748.14157749034,0.0,0.07677196686713876
2024-03-24T00:00:00Z,144748.14157749034,144748.14157749034,0.0,0.07677196686713876
2024-03-25T00:00:00Z,144748.14157749034,144748.14157749034,0.0,0.07677196686713876
2024-03-26T00:00:00Z,144748.14157749034,144748.14157749034,0.0,0.07677196686713876
2024-03-27T00:00:00Z,144748.14157749034,144748.14157749034,0.0,0.07677196686713876
2024-03-28T00:00:00Z,144748.14157749034,144748.14157749034,0.0,0.07677196686713876
2024-03-29T00:00:00Z,144748.14157749034,144748.14157749034,0.0,0.07677196686713876
2024-03-30T00:00:00Z,144748.14157749034,144748.14157749034,0.0,0.07677196686713876
2024-03-31T00:00:00Z,144748.14157749034,144748.14157749034,0.0,0.07677196686713876
2024-04-01T00:00:00Z,144748.14157749034,144748.14157749034,0.0,0.07677196686713876
2024-04-02T00:00:00Z,144748.14157749034,144748.14157749034,0.0,0.07677196686713876
2024-04-03T00:00:00Z,144748.14157749034,144748.14157749034,0.0,0.07677196686713876
2024-04-04T00:00:00Z,144748.14157749034,144748.14157749034,0.0,0.07677196686713876
2024-04-05T00:00:00Z,144748.14157749034,144748.14157749034,0.0,0.07677196686713876
2024-04-06T00:00:00Z,144748.14157749034,144748.14157749034,0.0,0.07677196686713876
2024-04-07T00:00:00Z,144748.14157749034,144748.14157749034,0.0,0.07677196686713876
2024-04-08T00:00:00Z,144748.14157749034,144748.14157749034,0.0,0.07677196686713876
2024-04-09T00:00:00Z,144748.14157749034,144748.14157749034,0.0,0.07677196686713876
2024-04-10T00:00:00Z,144748.14157749034,144748.14157749034,0.0,0.07677196686713876
2024-04-11T00:00:00Z,144748.14157749034,144748.14157749034,0.0,0.07677196686713876
2024-04-12T00:00:00Z,144748.14157749034,144748.14157749034,0.0,0.07677196686713876
2024-04-13T00:00:00Z,144748.14157749034,144748.14157749034,0.0,0.07677196686713876
2024-04-14T00:00:00Z,144748.14157749034,144748.14157749034,0.0,0.07677196686713876
2024-04-15T00:00:00Z,144748.14157749034,144748.14157749034,0.0,0.07677196686713876
2024-04-16T00:00:00Z,144748.14157749034,144748.14157749034,0.0,0.07677196686713876
2024-04-17T00:00:00Z,144748.14157749034,144748.14157749034,0.0,0.07677196686713876
2024-04-18T00:00:00Z,144748.14157749034,144748.14157749034,0.0,0.07677196686713876
2024-04-19T00:00:00Z,144748.14157749034,144748.14157749034,0.0,0.07677196686713876
2024-04-20T00:00:00Z,144748.14157749034,144748.14157749034,0.0,0.07677196686713876
2024-04-21T00:00:00Z,144748.14157749034,144748.14157749034,0.0,0.07677196686713876
2024-04-22T00:00:00Z,144748.14157749034,144748.14157749034,0.0,0.07677196686713876
2024-04-23T00:00:00Z,144748.14157749034,144748.14157749034,0.0,0.07677196686713876
2024-04-24T00:00:00Z,144748.14157749034,144748.14157749034,0.0,0.07677196686713876
2024-04-25T00:00:00Z,144748.14157749034,144748.14157749034,0.0,0.07677196686713876
2024-04-26T00:00:00Z,144748.14157749034,144748.14157749034,0.0,0.07677196686713876
2024-04-27T00:00:00Z,144748.14157749034,144748.14157749034,0.0,0.07677196686713876
2024-04-28T00:00:00Z,144748.14157749034,144748.14157749034,0.0,0.07677196686713876
2024-04-29T00:00:00Z,144748.14157749034,144748.14157749034,0.0,0.07677196686713876
2024-04-30T00:00:00Z,144748.14157749034,144748.14157749034,0.0,0.07677196686713876
2024-05-01T00:00:00Z,144748.14157749034,144748.14157749034,0.0,0.07677196686713876
2024-05-02T00:00:00Z,144748.14157749034,144748.14157749034,0.0,0.07677196686713876
2024-05-03T00:00:00Z,144748.14157749034,144748.14157749034,0.0,0.07677196686713876
2024-05-04T00:00:00Z,144748.14157749034,144748.14157749034,0.0,0.07677196686713876
2024-05-05T00:00:00Z,144748.14157749034,144748.14157749034,0.0,0.07677196686713876
2024-05-06T00:00:00Z,144748.14157749034,144748.14157749034,0.0,0.07677196686713876
2024-05-07T00:00:00Z,144748.14157749034,144748.14157749034,0.0,0.07677196686713876
2024-05-08T00:00:00Z,144748.14157749034,144748.14157749034,0.0,0.07677196686713876
2024-05-09T00:00:00Z,144748.14157749034,144748.14157749034,0.0,0.07677196686713876
2024-05-10T00:00:00Z,144748.14157749034,144748.14157749034,0.0,0.07677196686713876
2024-05-11T00:00:00Z,144748.14157749034,144748.14157749034,0.0,0.07677196686713876
2024-05-12T00:00:00Z,144748.14157749034,144748.14157749034,0.0,0.07677196686713876
2024-05-13T00:00:00Z,144748.14157749034,144748.14157749034,0.0,0.07677196686713876
2024-05-14T00:00:00Z,144748.14157749034,144748.14157749034,0.0,0.07677196686713876
2024-05-15T00:00:00Z,144748.14157749034,144748.14157749034,0.0,0.07677196686713876
2024-05-16T00:00:00Z,144748.14157749034,144748.14157749034,0.0,0.07677196686713876
2024-05-17T00:00:00Z,144450.11812254434,126321.18219164947,18128.935930894888,0.0786728106716857
2024-05-18T00:00:00Z,144945.1522280891,126321.18219164947,18623.970036439634,0.07551539974664727
2024-05-19T00:00:00Z,144915.9459383772,126321.18219164947,18594.763746727745,0.07570168238290062
2024-05-20T00:00:00Z,144736.81773335073,126321.18219164947,18415.635541701282,0.07684419225282303
2024-05-21T00:00:00Z,146162.8961114997,126321.18219164947,19841.713919850212,0.06774842410130635
2024-05-22T00:00:00Z,145813.78229832137,126321.18219164947,19492.600106671893,0.06997513081800424
2024-05-23T00:00:00Z,145542.31108595655,126321.18219164947,19221.12889430709,0.07170661994603283
2024-05-24T00:00:00Z,145209.7039674394,126321.18219164947,18888.521775789915,0.0738280441832497
2024-05-25T00:00:00Z,145375.02101548505,126321.18219164947,19053.83882383559,0.07277362419935775
2024-05-26T00:00:00Z,145577.49202104242,126321.18219164947,19256.30982939296,0.07148223001501798
2024-05-27T00:00:00Z,145357.65286032812,126321.18219164947,19036.470668678663,0.07288440121901363
2024-05-28T00:00:00Z,145614.97944713314,126321.18219164947,19293.797255483667,0.07124312889579273
2024-05-29T00:00:00Z,145330.30843684907,126321.18219164947,19009.126245199604,0.07305880855875968
2024-05-30T00:00:00Z,145121.5848954352,126321.18219164947,18800.402703785738,0.07439008247017562
2024-05-31T00:00:00Z,145315.83034271025,126321.18219164947,18994.64815106079,0.07315115228234481
2024-06-01T00:00:00Z,145088.90497469192,126321.18219164947,18767.722783042467,0.07459852051036008
2024-06-02T00:00:00Z,145151.5137004016,126321.18219164947,18830.33150875215,0.07419919150990467
2024-06-03T00:00:00Z,145153.37556663444,126321.18219164947,18832.193374984974,0.07418731621339757
2024-06-04T00:00:00Z,145442.46503559043,126321.18219164947,19121.28284394096,0.07234345487663019
2024-06-05T00:00:00Z,145413.82041934453,145413.82041934453,0.0,0.07252615506489059
2024-06-06T00:00:00Z,145413.82041934453,145413.82041934453,0.0,0.07252615506489059
2024-06-07T00:00:00Z,145413.82041934453,145413.82041934453,0.0,0.07252615506489059
2024-06-08T00:00:00Z,145413.82041934453,145413.82041934453,0.0,0.07252615506489059
2024-06-09T00:00:00Z,145413.82041934453,145413.82041934453,0.0,0.07252615506489059
2024-06-10T00:00:00Z,145413.82041934453,145413.82041934453,0.0,0.07252615506489059
2024-06-11T00:00:00Z,145413.82041934453,145413.82041934453,0.0,0.07252615506489059
2024-06-12T00:00:00Z,145413.82041934453,145413.82041934453,0.0,0.07252615506489059
2024-06-13T00:00:00Z,145413.82041934453,145413.82041934453,0.0,0.07252615506489059
2024-06-14T00:00:00Z,145413.82041934453,145413.82041934453,0.0,0.07252615506489059
2024-06-15T00:00:00Z,145413.82041934453,145413.82041934453,0.0,0.07252615506489059
2024-06-16T00:00:00Z,145413.82041934453,145413.82041934453,0.0,0.07252615506489059
2024-06-17T00:00:00Z,145413.82041934453,145413.82041934453,0.0,0.07252615506489059
2024-06-18T00:00:00Z,145413.82041934453,145413.82041934453,0.0,0.07252615506489059
2024-06-19T00:00:00Z,145413.82041934453,145413.82041934453,0.0,0.07252615506489059
2024-06-20T00:00:00Z,145413.82041934453,145413.82041934453,0.0,0.07252615506489059
2024-06-21T00:00:00Z,145413.82041934453,145413.82041934453,0.0,0.07252615506489059
2024-06-22T00:00:00Z,145413.82041934453,145413.82041934453,0.0,0.07252615506489059
2024-06-23T00:00:00Z,145413.82041934453,145413.82041934453,0.0,0.07252615506489059
2024-06-24T00:00:00Z,145413.82041934453,145413.82041934453,0.0,0.07252615506489059
2024-06-25T00:00:00Z,145413.82041934453,145413.82041934453,0.0,0.07252615506489059
2024-06-26T00:00:00Z,145413.82041934453,145413.82041934453,0.0,0.07252615506489059
2024-06-27T00:00:00Z,145413.82041934453,145413.82041934453,0.0,0.07252615506489059
2024-06-28T00:00:00Z,145413.82041934453,145413.82041934453,0.0,0.07252615506489059
2024-06-29T00:00:00Z,145413.82041934453,145413.82041934453,0.0,0.07252615506489059
2024-06-30T00:00:00Z,145413.82041934453,145413.82041934453,0.0,0.07252615506489059
2024-07-01T00:00:00Z,145413.82041934453,145413.82041934453,0.0,0.07252615506489059
2024-07-02T00:00:00Z,145413.82041934453,145413.82041934453,0.0,0.07252615506489059
2024-07-03T00:00:00Z,145413.82041934453,145413.82041934453,0.0,0.07252615506489059
2024-07-04T00:00:00Z,145413.82041934453,145413.82041934453,0.0,0.07252615506489059
2024-07-05T00:00:00Z,145413.82041934453,145413.82041934453,0.0,0.07252615506489059
2024-07-06T00:00:00Z,145413.82041934453,145413.82041934453,0.0,0.07252615506489059
2024-07-07T00:00:00Z,145413.82041934453,145413.82041934453,0.0,0.07252615506489059
2024-07-08T00:00:00Z,145413.82041934453,145413.82041934453,0.0,0.07252615506489059
2024-07-09T00:00:00Z,145413.82041934453,145413.82041934453,0.0,0.07252615506489059
2024-07-10T00:00:00Z,145413.82041934453,145413.82041934453,0.0,0.07252615506489059
2024-07-11T00:00:00Z,145413.82041934453,145413.82041934453,0.0,0.07252615506489059
2024-07-12T00:00:00Z,145413.82041934453,145413.82041934453,0.0,0.07252615506489059
2024-07-13T00:00:00Z,145413.82041934453,145413.82041934453,0.0,0.07252615506489059
2024-07-14T00:00:00Z,145413.82041934453,145413.82041934453,0.0,0.07252615506489059
2024-07-15T00:00:00Z,145413.82041934453,145413.82041934453,0.0,0.07252615506489059
2024-07-16T00:00:00Z,145413.82041934453,145413.82041934453,0.0,0.07252615506489059
2024-07-17T00:00:00Z,145474.8770430131,128340.05407692448,17134.82296608862,0.07213672563274065
2024-07-18T00:00:00Z,145220.49649464848,128340.05407692448,16880.44241772399,0.07375920762646081
2024-07-19T00:00:00Z,145195.5246856136,128340.05407692448,16855.470608689124,0.07391848203156048
2024-07-20T00:00:00Z,145897.60656979738,128340.05407692448,17557.552492872885,0.06944048549240493
2024-07-21T00:00:00Z,146021.14853643609,128340.05407692448,17681.09445951161,0.06865251401569927
2024-07-22T00:00:00Z,146297.36624692086,128340.05407692448,17957.312169996392,0.06689075092300488
2024-07-23T00:00:00Z,146130.33434703684,128340.05407692448,17790.280270112355,0.0679561085208281
2024-07-24T00:00:00Z,145708.5794583689,128340.05407692448,17368.52538144443,0.0706461322550576
2024-07-25T00:00:00Z,145563.7798441657,128340.05407692448,17223.72576724122,0.07156968858926911
2024-07-26T00:00:00Z,145671.7539425137,128340.05407692448,17331.69986558922,0.07088101159928681
2024-07-27T00:00:00Z,146229.22060348923,128340.05407692448,17889.166526564757,0.06732539531751187
2024-07-28T00:00:00Z,146230.11621689345,128340.05407692448,17890.062139968963,0.06731968294433308
2024-07-29T00:00:00Z,146317.3594990912,128340.05407692448,17977.30542216671,0.06676323059233961
2024-07-30T00:00:00Z,145931.63987915713,128340.05407692448,17591.58580223264,0.06922341531161523
2024-07-31T00:00:00Z,145775.4870479771,128340.05407692448,17435.432971052607,0.07021938437641514
2024-08-01T00:00:00Z,145365.5331829881,128340.05407692448,17025.479106063605,0.07283413919346685
2024-08-02T00:00:00Z,145554.34956185086,128340.05407692448,17214.295484926366,0.07162983651862094
2024-08-03T00:00:00Z,144538.48688734716,128340.05407692448,16198.432810422677,0.07810917980202368
2024-08-04T00:00:00Z,144514.19733734793,144514.19733734793,0.0,0.07826410264405179
2024-08-05T00:00:00Z,144514.19733734793,144514.19733734793,0.0,0.07826410264405179
2024-08-06T00:00:00Z,144514.19733734793,144514.19733734793,0.0,0.07826410264405179
2024-08-07T00:00:00Z,144514.19733734793,144514.19733734793,0.0,0.07826410264405179
2024-08-08T00:00:00Z,144514.19733734793,144514.19733734793,0.0,0.07826410264405179
2024-08-09T00:00:00Z,144514.19733734793,144514.19733734793,0.0,0.07826410264405179
2024-08-10T00:00:00Z,144514.19733734793,144514.19733734793,0.0,0.07826410264405179
2024-08-11T00:00:00Z,144514.19733734793,144514.19733734793,0.0,0.07826410264405179
2024-08-12T00:00:00Z,144514.19733734793,144514.19733734793,0.0,0.07826410264405179
2024-08-13T00:00:00Z,144514.19733734793,144514.19733734793,0.0,0.07826410264405179
2024-08-14T00:00:00Z,144514.19733734793,144514.19733734793,0.0,0.07826410264405179
2024-08-15T00:00:00Z,144514.19733734793,144514.19733734793,0.0,0.07826410264405179
2024-08-16T00:00:00Z,144514.19733734793,144514.19733734793,0.0,0.07826410264405179
2024-08-17T00:00:00Z,144514.19733734793,144514.19733734793,0.0,0.07826410264405179
2024-08-18T00:00:00Z,144514.19733734793,144514.19733734793,0.0,0.07826410264405179
2024-08-19T00:00:00Z,144514.19733734793,144514.19733734793,0.0,0.07826410264405179
2024-08-20T00:00:00Z,144514.19733734793,144514.19733734793,0.0,0.07826410264405179
2024-08-21T00:00:00Z,144514.19733734793,144514.19733734793,0.0,0.07826410264405179
2024-08-22T00:00:00Z,144514.19733734793,144514.19733734793,0.0,0.07826410264405179
2024-08-23T00:00:00Z,144514.19733734793,144514.19733734793,0.0,0.07826410264405179
2024-08-24T00:00:00Z,144514.19733734793,144514.19733734793,0.0,0.07826410264405179
2024-08-25T00:00:00Z,144517.98692398105,127405.59050106951,17112.396422911545,0.07823993202206275
2024-08-26T00:00:00Z,144536.4727391104,127405.59050106951,17130.882238040896,0.07812202637880722
2024-08-27T00:00:00Z,144165.55605891751,127405.59050106951,16759.965557848,0.08048779545451817
2024-08-28T00:00:00Z,143028.5021118188,143028.5021118188,0.0,0.08774011709198756
2024-08-29T00:00:00Z,143028.5021118188,143028.5021118188,0.0,0.08774011709198756
2024-08-30T00:00:00Z,143028.5021118188,143028.5021118188,0.0,0.08774011709198756
2024-08-31T00:00:00Z,143028.5021118188,143028.5021118188,0.0,0.08774011709198756
2024-09-01T00:00:00Z,143028.5021118188,143028.5021118188,0.0,0.08774011709198756
2024-09-02T00:00:00Z,143028.5021118188,143028.5021118188,0.0,0.08774011709198756
2024-09-03T00:00:00Z,143028.5021118188,143028.5021118188,0.0,0.08774011709198756
2024-09-04T00:00:00Z,143028.5021118188,143028.5021118188,0.0,0.08774011709198756
2024-09-05T00:00:00Z,143028.5021118188,143028.5021118188,0.0,0.08774011709198756
2024-09-06T00:00:00Z,143028.5021118188,143028.5021118188,0.0,0.08774011709198756
2024-09-07T00:00:00Z,143028.5021118188,143028.5021118188,0.0,0.08774011709198756
2024-09-08T00:00:00Z,143028.5021118188,143028.5021118188,0.0,0.08774011709198756
2024-09-09T00:00:00Z,143028.5021118188,143028.5021118188,0.0,0.08774011709198756
2024-09-10T00:00:00Z,143028.5021118188,143028.5021118188,0.0,0.08774011709198756
2024-09-11T00:00:00Z,143028.5021118188,143028.5021118188,0.0,0.08774011709198756
2024-09-12T00:00:00Z,143028.5021118188,143028.5021118188,0.0,0.08774011709198756
2024-09-13T00:00:00Z,143028.5021118188,143028.5021118188,0.0,0.08774011709198756
2024-09-14T00:00:00Z,143028.5021118188,143028.5021118188,0.0,0.08774011709198756
2024-09-15T00:00:00Z,143028.5021118188,143028.5021118188,0.0,0.08774011709198756
2024-09-16T00:00:00Z,143028.5021118188,143028.5021118188,0.0,0.08774011709198756
2024-09-17T00:00:00Z,143028.5021118188,143028.5021118188,0.0,0.08774011709198756
2024-09-18T00:00:00Z,143028.5021118188,143028.5021118188,0.0,0.08774011709198756
2024-09-19T00:00:00Z,143028.5021118188,143028.5021118188,0.0,0.08774011709198756
2024-09-20T00:00:00Z,143364.42597561952,124189.74652880899,19174.679446810533,0.08559753809457006
2024-09-21T00:00:00Z,143442.1293853974,124189.74652880899,19252.38285658841,0.08510193265608136
2024-09-22T00:00:00Z,143484.16415822902,124189.74652880899,19294.417629420037,0.08483382779323755
2024-09-23T00:00:00Z,143554.9531524759,124189.74652880899,19365.206623666916,0.08438232366189764
2024-09-24T00:00:00Z,143480.47850061118,124189.74652880899,19290.73197180219,0.08485733553845787
2024-09-25T00:00:00Z,143766.2844958859,124189.74652880899,19576.537967076918,0.0830344167500063
2024-09-26T00:00:00Z,143426.56433545757,124189.74652880899,19236.817806648585,0.08520120916688795
2024-09-27T00:00:00Z,144039.14499952772,124189.74652880899,19849.398470718723,0.08129406648815492
2024-09-28T00:00:00Z,144223.51926036092,124189.74652880899,20033.772731551926,0.08011809639047852
2024-09-29T00:00:00Z,144244.90216654047,124189.74652880899,20055.15563773149,0.07998171261242328
2024-09-30T00:00:00Z,144170.88441438045,124189.74652880899,19981.137885571457,0.08045381030569165
2024-10-01T00:00:00Z,143480.0520608868,124189.74652880899,19290.30553207781,0.08486005544286346
2024-10-02T00:00:00Z,142714.28815582374,124189.74652880899,18524.54162701475,0.08974422663988736
2024-10-03T00:00:00Z,142686.084805376,142686.084805376,0.0,0.08992411236054564
2024-10-04T00:00:00Z,142686.084805376,142686.084805376,0.0,0.08992411236054564
2024-10-05T00:00:00Z,142686.084805376,142686.084805376,0.0,0.08992411236054564
2024-10-06T00:00:00Z,142686.084805376,142686.084805376,0.0,0.08992411236054564
2024-10-07T00:00:00Z,142686.084805376,142686.084805376,0.0,0.08992411236054564
2024-10-08T00:00:00Z,142686.084805376,142686.084805376,0.0,0.08992411236054564
2024-10-09T00:00:00Z,142686.084805376,142686.084805376,0.0,0.08992411236054564
2024-10-10T00:00:00Z,142686.084805376,142686.084805376,0.0,0.08992411236054564
2024-10-11T00:00:00Z,142686.084805376,142686.084805376,0.0,0.08992411236054564
2024-10-12T00:00:00Z,142686.084805376,142686.084805376,0.0,0.08992411236054564
2024-10-13T00:00:00Z,142686.084805376,142686.084805376,0.0,0.08992411236054564
2024-10-14T00:00:00Z,142686.084805376,142686.084805376,0.0,0.08992411236054564
2024-10-15T00:00:00Z,142686.084805376,142686.084805376,0.0,0.08992411236054564
2024-10-16T00:00:00Z,142686.084805376,142686.084805376,0.0,0.08992411236054564
2024-10-17T00:00:00Z,142686.084805376,142686.084805376,0.0,0.08992411236054564
2024-10-18T00:00:00Z,142686.084805376,142686.084805376,0.0,0.08992411236054564
2024-10-19T00:00:00Z,142686.084805376,142686.084805376,0.0,0.08992411236054564
2024-10-20T00:00:00Z,142686.084805376,142686.084805376,0.0,0.08992411236054564
2024-10-21T00:00:00Z,142686.084805376,142686.084805376,0.0,0.08992411236054564
2024-10-22T00:00:00Z,142686.084805376,142686.084805376,0.0,0.08992411236054564
2024-10-23T00:00:00Z,142686.084805376,142686.084805376,0.0,0.08992411236054564
2024-10-24T00:00:00Z,142686.084805376,142686.084805376,0.0,0.08992411236054564
2024-10-25T00:00:00Z,142686.084805376,142686.084805376,0.0,0.08992411236054564
2024-10-26T00:00:00Z,142686.084805376,142686.084805376,0.0,0.08992411236054564
2024-10-27T00:00:00Z,142686.084805376,142686.084805376,0.0,0.08992411236054564
2024-10-28T00:00:00Z,142686.084805376,142686.084805376,0.0,0.08992411236054564
2024-10-29T00:00:00Z,142686.084805376,142686.084805376,0.0,0.08992411236054564
2024-10-30T00:00:00Z,143678.61256643888,116630.5094942143,27048.103072224578,0.08359360308637108
2024-10-31T00:00:00Z,143533.6207070599,116630.5094942143,26903.111212845593,0.08451838559270178
2024-11-01T00:00:00Z,142772.25540084665,116630.5094942143,26141.745906632357,0.08937450178521637
2024-11-02T00:00:00Z,142473.64431317974,116630.5094942143,25843.13481896545,0.09127909361025752
2024-11-03T00:00:00Z,142429.61498219625,116630.5094942143,25799.10548798194,0.09155992010102312
2024-11-04T00:00:00Z,142204.52246493002,116630.5094942143,25574.01297071571,0.09299559809815561
2024-11-05T00:00:00Z,141864.5223186612,116630.5094942143,25234.0128244469,0.09516417631189796
2024-11-06T00:00:00Z,142428.90843043214,116630.5094942143,25798.39893621784,0.09156442660720945
2024-11-07T00:00:00Z,144737.02710905104,116630.5094942143,28106.51761483672,0.07684285681933235
2024-11-08T00:00:00Z,144842.52644351067,116630.5094942143,28212.016949296372,0.07616996429036094
2024-11-09T00:00:00Z,145081.08063122962,116630.5094942143,28450.57113701533,0.07464842549115314
2024-11-10T00:00:00Z,145146.9758799651,116630.5094942143,28516.466385750795,0.074228134493149
2024-11-11T00:00:00Z,146513.74448720165,116630.5094942143,29883.234992987345,0.06551065405260578
2024-11-12T00:00:00Z,149591.9302148126,116630.5094942143,32961.4207205983,0.045877466890762185
2024-11-13T00:00:00Z,149331.54729627664,116630.5094942143,32701.03780206234,0.04753823301267235
2024-11-14T00:00:00Z,150238.3507050883,116630.5094942143,33607.84121087399,0.04175448809939363
2024-11-15T00:00:00Z,149103.03358099482,116630.5094942143,32472.524086780504,0.048995731987127755
2024-11-16T00:00:00Z,150486.35037428513,116630.5094942143,33855.84088007083,0.04017270442801139
2024-11-17T00:00:00Z,150311.9064624239,116630.5094942143,33681.39696820962,0.041285337086948974
2024-11-18T00:00:00Z,150044.53240011694,116630.5094942143,33414.02290590264,0.04299069390164951
2024-11-19T00:00:00Z,150271.93050735022,116630.5094942143,33641.42101313591,0.041540310463277504
2024-11-20T00:00:00Z,150951.11268731888,116630.5094942143,34320.60319310458,0.03720837209558751
2024-11-21T00:00:00Z,151692.21111398312,116630.5094942143,35061.70161976881,0.03248152147525808
2024-11-22T00:00:00Z,153191.58833125955,116630.5094942143,36561.078837045236,0.022918240978912097
2024-11-23T00:00:00Z,153405.1900856255,116630.5094942143,36774.680591411205,0.02155585300344067
2024-11-24T00:00:00Z,152956.23221994648,116630.5094942143,36325.72272573218,0.024419381908013706
2024-11-25T00:00:00Z,153033.50667077734,116630.5094942143,36402.99717656304,0.023926512441957055
2024-11-26T00:00:00Z,151213.98713049665,116630.5094942143,34583.47763628233,0.035531714609757285
2024-11-27T00:00:00Z,150826.98269844812,116630.5094942143,34196.47320423383,0.03800009407715508
2024-11-28T00:00:00Z,152275.78568418944,116630.5094942143,35645.276189975135,0.02875938454993182
2024-11-29T00:00:00Z,152196.9493820906,116630.5094942143,35566.43988787627,0.02926221576650549
2024-11-30T00:00:00Z,152872.15256001934,116630.5094942143,36241.643065805045,0.024955656144180386
2024-12-01T00:00:00Z,152476.96700228134,116630.5094942143,35846.45750806703,0.027476216209524312
2024-12-02T00:00:00Z,152770.89253614427,116630.5094942143,36140.383041929956,0.025601509636034196
2024-12-03T00:00:00Z,152265.55927707755,116630.5094942143,35635.04978286326,0.028824610297364762
2024-12-04T00:00:00Z,152272.43886004374,116630.5094942143,35641.92936582943,0.02878073115818256
2024-12-05T00:00:00Z,153303.6325662708,116630.5094942143,36673.12307205649,0.02220360397158356
2024-12-06T00:00:00Z,152674.80149622753,116630.5094942143,36044.29200201323,0.026214394477367543
2024-12-07T00:00:00Z,153716.81660052572,116630.5094942143,37086.30710631141,0.019568246590757628
2024-12-08T00:00:00Z,153755.1935173965,116630.5094942143,37124.684023182184,0.019323472149482105
2024-12-09T00:00:00Z,154228.91788175373,116630.5094942143,37598.40838753943,0.016301978343853406
2024-12-10T00:00:00Z,152803.31954342267,116630.5094942143,36172.810049208354,0.025394684720537828
2024-12-11T00:00:00Z,152546.43219677222,116630.5094942143,35915.92270255792,0.027033155496052716
2024-12-12T00:00:00Z,154230.36817221687,116630.5094942143,37599.858678002565,0.01629272814694475
2024-12-13T00:00:00Z,153818.52286762022,116630.5094942143,37188.01337340593,0.018919546884470385
2024-12-14T00:00:00Z,154342.97021125242,116630.5094942143,37712.46071703811,0.015574533371574236
2024-12-15T00:00:00Z,154345.05267960974,116630.5094942143,37714.54318539544,0.015561251037551614
2024-12-16T00:00:00Z,155479.36575645953,116630.5094942143,38848.856262245215,0.008326411132292526
2024-12-17T00:00:00Z,156071.0842654204,116630.5094942143,39440.57477120609,0.004552330793556132
2024-12-18T00:00:00Z,156104.40375913764,116630.5094942143,39473.894264923336,0.0043398134491928995
2024-12-19T00:00:00Z,153892.89673752483,116630.5094942143,37262.38724331051,0.018445177812230852
2024-12-20T00:00:00Z,152871.63194293002,116630.5094942143,36241.122448715716,0.024958976727685996
2024-12-21T00:00:00Z,152999.29469062123,116630.5094942143,36368.785196406934,0.02414472221518715
2024-12-22T00:00:00Z,152806.0341896742,116630.5094942143,36175.52469545987,0.025377370249401055
2024-12-23T00:00:00Z,152027.33977177317,116630.5094942143,35396.83027755887,0.030344014435747496
2024-12-24T00:00:00Z,151974.26222477196,151974.26222477196,0.0,0.030682551972654085
2024-12-25T00:00:00Z,151974.26222477196,151974.26222477196,0.0,0.030682551972654085
2024-12-26T00:00:00Z,151974.26222477196,151974.26222477196,0.0,0.030682551972654085
2024-12-27T00:00:00Z,151974.26222477196,151974.26222477196,0.0,0.030682551972654085
2024-12-28T00:00:00Z,151974.26222477196,151974.26222477196,0.0,0.030682551972654085
2024-12-29T00:00:00Z,151974.26222477196,151974.26222477196,0.0,0.030682551972654085
2024-12-30T00:00:00Z,151974.26222477196,151974.26222477196,0.0,0.030682551972654085
2024-12-31T00:00:00Z,151974.26222477196,151974.26222477196,0.0,0.030682551972654085
