timestamp,equity,cash,market_value,drawdown
2020-01-21T00:00:00Z,102094.3601055668,70302.8941493923,31791.465956174492,0.0
2020-01-22T00:00:00Z,102498.23958762122,70302.8941493923,32195.345438228924,0.0
2020-01-23T00:00:00Z,102274.01740381672,70302.8941493923,31971.123254424412,0.0021875710715287973
2020-01-24T00:00:00Z,101280.06954422439,70302.8941493923,30977.175394832077,0.011884789907591304
2020-01-25T00:00:00Z,101311.18129231306,70302.8941493923,31008.28714292076,0.011581255444815688
2020-01-26T00:00:00Z,100927.16859424657,70302.8941493923,30624.274444854265,0.015327785137535122
2020-01-27T00:00:00Z,102129.85641491842,70302.8941493923,31826.962265526123,0.003594043899533381
2020-01-28T00:00:00Z,102911.4467780171,70302.8941493923,32608.5526286248,0.0
2020-01-29T00:00:00Z,104328.55416399849,70302.8941493923,34025.66001460618,0.0
2020-01-30T00:00:00Z,104006.58589268397,70302.8941493923,33703.69174329167,0.003086099236153509
2020-01-31T00:00:00Z,105390.43939904773,70302.8941493923,35087.54524965541,0.0
2020-02-01T00:00:00Z,104648.94501081132,70302.8941493923,34346.05086141901,0.007035689313608671
2020-02-02T00:00:00Z,105038.27797616762,70302.8941493923,34735.383826775316,0.003341493069847534
2020-02-03T00:00:00Z,105356.03467179419,70302.8941493923,35053.14052240188,0.0003264501737512434
2020-02-04T00:00:00Z,105398.3803956916,70302.8941493923,35095.48624629929,0.0
2020-02-05T00:00:00Z,105122.55445311402,70302.8941493923,34819.66030372171,0.0026169846400111376
2020-02-06T00:00:00Z,107256.28274401132,70302.8941493923,36953.38859461902,0.0
2020-02-07T00:00:00Z,108402.21707197448,70302.8941493923,38099.32292258218,0.0
2020-02-08T00:00:00Z,109397.26018265584,70302.8941493923,39094.36603326353,0.0
2020-02-09T00:00:00Z,109514.51856561322,70302.8941493923,39211.62441622092,0.0
2020-02-10T00:00:00Z,110514.18333706995,70302.8941493923,40211.28918767764,0.0
2020-02-11T00:00:00Z,109414.24283711561,70302.8941493923,39111.34868772331,0.009952935150409589
2020-02-12T00:00:00Z,111361.63187862522,70302.8941493923,41058.73772923292,0.0
2020-02-13T00:00:00Z,114109.7722348092,70302.8941493923,43806.878085416894,0.0
2020-02-14T00:00:00Z,114160.97874996299,70302.8941493923,43858.084600570684,0.0
2020-02-15T00:00:00Z,115845.3294381259,70302.8941493923,45542.4352887336,0.0
2020-02-16T00:00:00Z,113193.6761986685,70302.8941493923,42890.7820492762,0.022889599885627464
2020-02-17T00:00:00Z,112727.719268944,70302.8941493923,42424.82511955169,0.026911833082118784
2020-02-18T00:00:00Z,113041.47402700529,70302.8941493923,42738.57987761298,0.02420343940251975
2020-02-19T00:00:00Z,115253.11095467121,70302.8941493923,44950.216805278906,0.005112148123079946
2020-02-20T00:00:00Z,112022.30304395157,70302.8941493923,41719.40889455927,0.03300112669813113
2020-02-21T00:00:00Z,111894.78978269709,70302.8941493923,41591.89563330478,0.03410184661384072
2020-02-22T00:00:00Z,112772.0678334808,70302.8941493923,42469.173684088506,0.0265290074235281
2020-02-23T00:00:00Z,112400.22663306468,70302.8941493923,42097.33248367237,0.02973881486436002
2020-02-24T00:00:00Z,114111.22320988949,70302.8941493923,43808.329060497184,0.014969150993373603
2020-02-25T00:00:00Z,112758.43562658952,70302.8941493923,42455.541477197214,0.026646683353644608
2020-02-26T00:00:00Z,110442.22946016816,70302.8941493923,40139.33531077586,0.04664063716823031
2020-02-27T00:00:00Z,107380.09485023165,70302.8941493923,37077.20070083934,0.07307359415310412
2020-02-28T00:00:00Z,107779.31414710626,70302.8941493923,37476.41999771396,0.06962745352049592
2020-02-29T00:00:00Z,107446.3172700701,70302.8941493923,37143.42312067779,0.07250194901074368
2020-03-01T00:00:00Z,106294.65747549068,70302.8941493923,35991.76332609837,0.08244330616484917
2020-03-02T00:00:00Z,106295.45591497954,87209.61819290306,19085.837722076485,0.08243641387585715
2020-03-03T00:00:00Z,107535.59277390125,87209.61819290306,20325.9745809982,0.07173130504724369
2020-03-04T00:00:00Z,106829.19679631051,87209.61819290306,19619.57860340746,0.07782905608318887
2020-03-05T00:00:00Z,106868.63577768965,87209.61819290306,19659.017584786594,0.07748861092609516
2020-03-06T00:00:00Z,107225.33945371873,87209.61819290306,20015.721260815666,0.07440947361638085
2020-03-07T00:00:00Z,108679.3232338962,87209.61819290306,21469.705040993143,0.061858395491525955
2020-03-08T00:00:00Z,108005.35486321719,87209.61819290306,20795.73667031413,0.06767622495386075
2020-03-09T00:00:00Z,104681.96336566868,87209.61819290306,17472.345172765617,0.0963644035249577
2020-03-10T00:00:00Z,104984.32888957538,87209.61819290306,17774.710696672326,0.09375432398723928
2020-03-11T00:00:00Z,104794.1453571471,87209.61819290306,17584.527164244046,0.09539602618922449
2020-03-12T00:00:00Z,104256.89878858243,87209.61819290306,17047.28059567937,0.10003364577363444
2020-03-13T00:00:00Z,98838.67324358571,98838.67324358571,0.0,0.14680484985476785
2020-03-14T00:00:00Z,98838.67324358571,98838.67324358571,0.0,0.14680484985476785
2020-03-15T00:00:00Z,98838.67324358571,98838.67324358571,0.0,0.14680484985476785
2020-03-16T00:00:00Z,98838.67324358571,98838.67324358571,0.0,0.14680484985476785
2020-03-17T00:00:00Z,98838.67324358571,98838.67324358571,0.0,0.14680484985476785
2020-03-18T00:00:00Z,98838.67324358571,98838.67324358571,0.0,0.14680484985476785
2020-03-19T00:00:00Z,98838.67324358571,98838.67324358571,0.0,0.14680484985476785
2020-03-20T00:00:00Z,98838.67324358571,98838.67324358571,0.0,0.14680484985476785
2020-03-21T00:00:00Z,98838.67324358571,98838.67324358571,0.0,0.14680484985476785
2020-03-22T00:00:00Z,98838.67324358571,98838.67324358571,0.0,0.14680484985476785
2020-03-23T00:00:00Z,98838.67324358571,98838.67324358571,0.0,0.14680484985476785
2020-03-24T00:00:00Z,98838.67324358571,98838.67324358571,0.0,0.14680484985476785
2020-03-25T00:00:00Z,98838.67324358571,98838.67324358571,0.0,0.14680484985476785
2020-03-26T00:00:00Z,98838.67324358571,98838.67324358571,0.0,0.14680484985476785
2020-03-27T00:00:00Z,98838.67324358571,98838.67324358571,0.0,0.14680484985476785
2020-03-28T00:00:00Z,98838.67324358571,98838.67324358571,0.0,0.14680484985476785
2020-03-29T00:00:00Z,98838.67324358571,98838.67324358571,0.0,0.14680484985476785
2020-03-30T00:00:00Z,98838.67324358571,98838.67324358571,0.0,0.14680484985476785
2020-03-31T00:00:00Z,98838.67324358571,98838.67324358571,0.0,0.14680484985476785
2020-04-01T00:00:00Z,98838.67324358571,98838.67324358571,0.0,0.14680484985476785
2020-04-02T00:00:00Z,98838.67324358571,98838.67324358571,0.0,0.14680484985476785
2020-04-03T00:00:00Z,98838.67324358571,98838.67324358571,0.0,0.14680484985476785
2020-04-04T00:00:00Z,98838.67324358571,98838.67324358571,0.0,0.14680484985476785
2020-04-05T00:00:00Z,98838.67324358571,98838.67324358571,0.0,0.14680484985476785
2020-04-06T00:00:00Z,98838.67324358571,98838.67324358571,0.0,0.14680484985476785
2020-04-07T00:00:00Z,98838.67324358571,98838.67324358571,0.0,0.14680484985476785
2020-04-08T00:00:00Z,98307.54399814527,81473.6954106125,16833.84858753276,0.1513896634852917
2020-04-09T00:00:00Z,98997.95974879042,81473.6954106125,17524.264338177923,0.14542985695710606
2020-04-10T00:00:00Z,98778.93936903783,81473.6954106125,17305.243958425322,0.147320484579427
2020-04-11T00:00:00Z,97468.21528611539,81473.6954106125,15994.519875502876,0.15863491641090208
2020-04-12T00:00:00Z,97539.21644890765,81473.6954106125,16065.521038295152,0.15802202020579276
2020-04-13T00:00:00Z,97561.81509599421,81473.6954106125,16088.119685381702,0.15782694417470744
2020-04-14T00:00:00Z,96830.88711510318,96830.88711510318,0.0,0.16413646035836535
2020-04-15T00:00:00Z,96830.88711510318,96830.88711510318,0.0,0.16413646035836535
2020-04-16T00:00:00Z,96830.88711510318,96830.88711510318,0.0,0.16413646035836535
2020-04-17T00:00:00Z,96830.88711510318,96830.88711510318,0.0,0.16413646035836535
2020-04-18T00:00:00Z,96830.88711510318,96830.88711510318,0.0,0.16413646035836535
2020-04-19T00:00:00Z,96830.88711510318,96830.88711510318,0.0,0.16413646035836535
2020-04-20T00:00:00Z,96543.38371583393,89796.55099014947,6746.832725684461,0.16661824707055908
2020-04-21T00:00:00Z,96182.09348432855,89796.55099014947,6385.5424941790825,0.1697369764423664
2020-04-22T00:00:00Z,96194.46130345685,89796.55099014947,6397.910313307379,0.16963021495972155
2020-04-23T00:00:00Z,96644.20018084944,89796.55099014947,6847.649190699965,0.1657479792271813
2020-04-24T00:00:00Z,96751.387946628,89796.55099014947,6954.836956478532,0.1648227130442592
2020-04-25T00:00:00Z,96827.4687733869,89796.55099014947,7030.917783237444,0.16416596816617124
2020-04-26T00:00:00Z,97075.57472074848,89796.55099014947,7279.023730599022,0.16202426812038656
2020-04-27T00:00:00Z,97197.00421764448,89796.55099014947,7400.453227495021,0.16097606447260068
2020-04-28T00:00:00Z,97156.15293628133,89796.55099014947,7359.601946131861,0.161328700884973
2020-04-29T00:00:00Z,97151.28076510958,89796.55099014947,7354.7297749601075,0.16137075843874218
2020-04-30T00:00:00Z,97868.23949215292,89796.55099014947,8071.688502003457,0.15518182764178437
2020-05-01T00:00:00Z,97523.81446854977,89796.55099014947,7727.2634784003,0.1581549731736214
2020-05-02T00:00:00Z,97744.18651847214,89796.55099014947,7947.6355283226685,0.15625267766467665
2020-05-03T00:00:00Z,97813.52126207016,89796.55099014947,8016.970271920692,0.1556541663225767
2020-05-04T00:00:00Z,97660.23526135884,89796.55099014947,7863.684271209385,0.15697736166808426
2020-05-05T00:00:00Z,97539.93011165633,89796.55099014947,7743.379121506869,0.15801585972653875
2020-05-06T00:00:00Z,97491.2083999388,89796.55099014947,7694.657409789338,0.15843643526423062
2020-05-07T00:00:00Z,97257.34418369466,89796.55099014947,7460.7931935451925,0.1604551978451515
2020-05-08T00:00:00Z,97737.06565291341,89796.55099014947,7940.514662763952,0.1563141463971086
2020-05-09T00:00:00Z,97515.81299052517,79686.35003523884,17829.462955286333,0.1582240435285801
2020-05-10T00:00:00Z,97206.77877376054,79686.35003523884,17520.42873852171,0.16089168855374866
2020-05-11T00:00:00Z,95827.44282926602,88795.40069883509,7032.042130430926,0.17279839166542862
2020-05-12T00:00:00Z,95756.23417367885,88795.40069883509,6960.833474843766,0.17341307898974753
2020-05-13T00:00:00Z,95908.7706095945,88795.40069883509,7113.369910759419,0.17209635403712764
2020-05-14T00:00:00Z,96276.43214186296,88795.40069883509,7481.0314430278595,0.1689226263257759
2020-05-15T00:00:00Z,96410.22945788724,88795.40069883509,7614.828759052154,0.16776766119534528
2020-05-16T00:00:00Z,96099.1600676907,88795.40069883509,7303.759368855614,0.17045287424368563
2020-05-17T00:00:00Z,96309.78777526956,88795.40069883509,7514.387076434476,0.16863469384227925
2020-05-18T00:00:00Z,96553.77111625504,88795.40069883509,7758.370417419954,0.1665285809573762
2020-05-19T00:00:00Z,96848.35008094719,88795.40069883509,8052.949382112099,0.1639857165525623
2020-05-20T00:00:00Z,96835.60747942106,88795.40069883509,8040.206780585976,0.164095713231651
2020-05-21T00:00:00Z,96663.80240361897,80706.27725570372,15957.525147915247,0.1655787689287203
2020-05-22T00:00:00Z,95569.8888118701,80706.27725570372,14863.611556166381,0.17502164933705947
2020-05-23T00:00:00Z,96406.88432492217,80706.27725570372,15700.60706921844,0.1677965370506024
2020-05-24T00:00:00Z,96291.05550495765,80706.27725570372,15584.77824925393,0.16879639453753184
2020-05-25T00:00:00Z,95492.0840672414,80706.27725570372,14785.806811537688,0.17569327541819768
2020-05-26T00:00:00Z,96016.76290724924,80706.27725570372,15310.485651545521,0.17116414297451057
2020-05-27T00:00:00Z,95834.76313437853,80706.27725570372,15128.485878674808,0.17273520133097128
2020-05-28T00:00:00Z,96336.10633792882,80706.27725570372,15629.8290822251,0.16840750675768196
2020-05-29T00:00:00Z,98210.91826988384,80706.27725570372,17504.641014180124,0.15222375605277008
2020-05-30T00:00:00Z,98180.77401889893,80706.27725570372,17474.49676319521,0.15248396724238922
2020-05-31T00:00:00Z,100774.67830130106,80706.27725570372,20068.401045597326,0.1300928678775455
2020-06-01T00:00:00Z,99919.6301520216,80706.27725570372,19213.35289631787,0.13747381412222043
2020-06-02T00:00:00Z,101518.7222580459,80706.27725570372,20812.445002342178,0.12367013197309759
2020-06-03T00:00:00Z,100827.46788071713,80706.27725570372,20121.190625013405,0.1296371776941595
2020-06-04T00:00:00Z,102030.31866125992,80706.27725570372,21324.041405556207,0.11925392973434211
2020-06-05T00:00:00Z,102453.21947174196,80706.27725570372,21746.94221603823,0.11560336555076046
2020-06-06T00:00:00Z,101831.60537189001,80706.27725570372,21125.328116186276,0.12096926250031306
2020-06-07T00:00:00Z,102035.53076367543,80706.27725570372,21329.253507971698,0.11920893782624546
2020-06-08T00:00:00Z,102184.36256922103,80706.27725570372,21478.085313517317,0.11792419198221818
2020-06-09T00:00:00Z,102245.92431297331,80706.27725570372,21539.64705726958,0.11739277872584555
2020-06-10T00:00:00Z,101639.77372194087,80706.27725570372,20933.496466237146,0.122625191581611
2020-06-11T00:00:00Z,101880.37020523372,80706.27725570372,21174.092949529993,0.12054831472813933
2020-06-12T00:00:00Z,100053.67109230545,80706.27725570372,19347.393836601717,0.13631674597856733
2020-06-13T00:00:00Z,100916.86374923127,80706.27725570372,20210.586493527542,0.1288654947186979
2020-06-14T00:00:00Z,100891.34199774129,80706.27725570372,20185.06474203756,0.1290858035702828
2020-06-15T00:00:00Z,100273.20061702724,80706.27725570372,19566.923361323512,0.13442172331527522
2020-06-16T00:00:00Z,100476.83429104605,80706.27725570372,19770.55703534233,0.13266391680717965
2020-06-17T00:00:00Z,100798.58640198171,80706.27725570372,20092.309146277985,0.12988648838174183
2020-06-18T00:00:00Z,101341.92304252136,80706.27725570372,20635.645786817637,0.12519629808080396
2020-06-19T00:00:00Z,101034.2725883515,80706.27725570372,20327.995332647773,0.1278519981911324
2020-06-20T00:00:00Z,100659.84054331298,80706.27725570372,19953.56328760925,0.1310841703197334
2020-06-21T00:00:00Z,100601.3589758561,80706.27725570372,19895.08172015238,0.1315889948796922
2020-06-22T00:00:00Z,100408.21313756517,80706.27725570372,19701.935881861442,0.13325626829699552
2020-06-23T00:00:00Z,101717.39854518895,80706.27725570372,21011.12128948523,0.12195511861773263
2020-06-24T00:00:00Z,101590.06384103702,80706.27725570372,20883.7865853333,0.1230542971929029
2020-06-25T00:00:00Z,101231.24926726389,80706.27725570372,20524.972011560167,0.1261516561931617
2020-06-26T00:00:00Z,101040.52375027441,80706.27725570372,20334.24649457069,0.12779803691402922
2020-06-27T00:00:00Z,100773.43450899672,80706.27725570372,20067.157253292993,0.13010360454090833
2020-06-28T00:00:00Z,99999.17105331869,80706.27725570372,19292.893797614954,0.1367872011902802
2020-06-29T00:00:00Z,100548.42112359832,80706.27725570372,19842.143867894607,0.1320459649838348
2020-06-30T00:00:00Z,101174.85148443203,80706.27725570372,20468.57422872831,0.12663849310842967
2020-07-01T00:00:00Z,100968.45817961526,80706.27725570372,20262.180923911546,0.12842012130024213
2020-07-02T00:00:00Z,103130.11551764453,80706.27725570372,22423.838261940815,0.10976026381169462
2020-07-03T00:00:00Z,102415.52215727896,80706.27725570372,21709.244901575235,0.11592877629149419
2020-07-04T00:00:00Z,102876.84343429575,80706.27725570372,22170.56617859202,0.11194655897419453
2020-07-05T00:00:00Z,103520.25801834739,80706.27725570372,22813.980762643667,0.10639247589486507
2020-07-06T00:00:00Z,103199.72433853455,80706.27725570372,22493.447082830833,0.10915938657971958
2020-07-07T00:00:00Z,104740.65100048379,80706.27725570372,24034.373744780067,0.09585780015044308
2020-07-08T00:00:00Z,106422.06976549598,80706.27725570372,25715.792509792256,0.08134345785311074
2020-07-09T00:00:00Z,108453.60559014014,80706.27725570372,27747.328334436417,0.06380683523312654
2020-07-10T00:00:00Z,107422.89067504361,80706.27725570372,26716.613419339894,0.0727041720536588
2020-07-11T00:00:00Z,106589.8438704103,80706.27725570372,25883.56661470658,0.07989519830110237
2020-07-12T00:00:00Z,107477.14835725934,80706.27725570372,26770.87110155562,0.07223580891395442
2020-07-13T00:00:00Z,107841.14073205908,80706.27725570372,27134.863476355356,0.06909375410203254
2020-07-14T00:00:00Z,107369.91295176288,80706.27725570372,26663.635696059144,0.07316148633242767
2020-07-15T00:00:00Z,108573.42920492173,80706.27725570372,27867.151949218016,0.06277249388019707
2020-07-16T00:00:00Z,108226.59542908047,80706.27725570372,27520.31817337674,0.06576643224200658
2020-07-17T00:00:00Z,107384.30587250611,80706.27725570372,26678.028616802396,0.0730372437685449
2020-07-18T00:00:00Z,106819.96150617067,80706.27725570372,26113.684250466948,0.07790877695052667
2020-07-19T00:00:00Z,106997.36313717361,80706.27725570372,26291.08588146988,0.07637741067220216
2020-07-20T00:00:00Z,107295.79127669112,80706.27725570372,26589.51402098739,0.07380131942221439
2020-07-21T00:00:00Z,106307.81981716875,80706.27725570372,25601.542561465023,0.08232968620501203
2020-07-22T00:00:00Z,107445.00668487186,80706.27725570372,26738.729429168136,0.07251326224369486
2020-07-23T00:00:00Z,108211.28447125421,80706.27725570372,27505.007215550482,0.06589859948517912
2020-07-24T00:00:00Z,108707.23730030401,80706.27725570372,28000.96004460029,0.06161743570019726
2020-07-25T00:00:00Z,108533.7002375522,80706.27725570372,27827.422981848482,0.06311544225422498
2020-07-26T00:00:00Z,112585.7375698183,80706.27725570372,31879.46031411457,0.02813744744062885
2020-07-27T00:00:00Z,113464.00236423359,80706.27725570372,32757.72510852986,0.020556090482389332
2020-07-28T00:00:00Z,112474.95292974713,80706.27725570372,31768.675674043403,0.029093762560180928
2020-07-29T00:00:00Z,113773.80183523294,80706.27725570372,33067.52457952922,0.01788183962996444
2020-07-30T00:00:00Z,112497.06236638692,80706.27725570372,31790.785110683195,0.02890290949129137
2020-07-31T00:00:00Z,113261.14239669143,80706.27725570372,32554.865140987713,0.022307218201789592
2020-08-01T00:00:00Z,113441.52892455395,80706.27725570372,32735.251668850222,0.02075008569815368
2020-08-02T00:00:00Z,115770.85597989624,80706.27725570372,35064.578724192506,0.0006428697522021635
2020-08-03T00:00:00Z,113706.94886666934,80706.27725570372,33000.67161096561,0.01845892779474288
2020-08-04T00:00:00Z,114720.15133947541,80706.27725570372,34013.87408377169,0.009712761870572068
2020-08-05T00:00:00Z,115697.07861019585,80706.27725570372,34990.80135449213,0.0012797307293190008
2020-08-06T00:00:00Z,116007.27385064692,80706.27725570372,35300.996594943186,0.0
2020-08-07T00:00:00Z,116052.96359954617,80706.27725570372,35346.68634384245,0.0
2020-08-08T00:00:00Z,114671.8564959833,80706.27725570372,33965.57924027958,0.011900662083292728
2020-08-09T00:00:00Z,116485.10273985355,80706.27725570372,35778.825484149835,0.0
2020-08-10T00:00:00Z,115982.44142762298,80706.27725570372,35276.16417191925,0.004315241180266341
2020-08-11T00:00:00Z,115992.67842016158,80706.27725570372,35286.40116445786,0.0042273587618470235
2020-08-12T00:00:00Z,114395.62353458078,80706.27725570372,33689.34627887705,0.017937737582969817
2020-08-13T00:00:00Z,114669.17758679166,80706.27725570372,33962.900331087934,0.015589333831961353
2020-08-14T00:00:00Z,116448.6411850658,80706.27725570372,35742.36392936208,0.000313014745492195
2020-08-15T00:00:00Z,116815.56529536114,80706.27725570372,36109.28803965742,0.0
2020-08-16T00:00:00Z,116590.44950757328,80706.27725570372,35884.17225186956,0.0019271043821828533
2020-08-17T00:00:00Z,116702.34780935888,80706.27725570372,35996.07055365515,0.000969198631329657
2020-08-18T00:00:00Z,116852.2829750441,80706.27725570372,36146.00571934037,0.0
2020-08-19T00:00:00Z,115992.76951532476,80706.27725570372,35286.49225962103,0.007355555559859311
2020-08-20T00:00:00Z,114423.13075450575,80706.27725570372,33716.853498802026,0.02078823073621198
2020-08-21T00:00:00Z,115378.97660480168,80706.27725570372,34672.69934909795,0.012608280580680456
2020-08-22T00:00:00Z,112770.43592136083,80706.27725570372,32064.15866565711,0.03493168425776522
2020-08-23T00:00:00Z,113326.56822881453,80706.27725570372,32620.29097311081,0.030172407902227708
2020-08-24T00:00:00Z,112620.44871783606,80706.27725570372,31914.171462132334,0.03621524671547776
2020-08-25T00:00:00Z,113577.13871863416,80706.27725570372,32870.861462930436,0.028028072477705952
2020-08-26T00:00:00Z,111049.23326044658,80706.27725570372,30342.956004742853,0.049661414966422776
2020-08-27T00:00:00Z,111440.12472819185,80706.27725570372,30733.847472488123,0.046316238836412955
2020-08-28T00:00:00Z,110327.88657399638,80706.27725570372,29621.609318292656,0.05583456510166021
2020-08-29T00:00:00Z,111069.14699610528,80706.27725570372,30362.869740401555,0.049490996938193456
2020-08-30T00:00:00Z,112183.02765283493,80706.27725570372,31476.75039713121,0.039958614443214344
2020-08-31T00:00:00Z,113495.56824561843,80706.27725570372,32789.2909899147,0.0287261373416432
2020-09-01T00:00:00Z,114397.3452512926,80706.27725570372,33691.06799558888,0.02100889825383896
2020-09-02T00:00:00Z,116239.80714355581,80706.27725570372,35533.52988785208,0.005241453704581006
2020-09-03T00:00:00Z,113526.02904978026,80706.27725570372,32819.75179407654,0.028465459472231443
2020-09-04T00:00:00Z,108466.56616262186,80706.27725570372,27760.28890691814,0.07176339733313689
2020-09-05T00:00:00Z,109603.25263542897,80706.27725570372,28896.97537972524,0.062035846926185335
2020-09-06T00:00:00Z,106069.42954818366,80706.27725570372,25363.15229247994,0.09227764449551502
2020-09-07T00:00:00Z,107105.578413196,80706.27725570372,26399.30115749228,0.08341047614730548
2020-09-08T00:00:00Z,107273.11171465885,80706.27725570372,26566.83445895512,0.08197675746250549
2020-09-09T00:00:00Z,106303.1670284052,80706.27725570372,25596.88977270147,0.0902773628213311
2020-09-10T00:00:00Z,107126.7295599227,80706.27725570372,26420.45230421898,0.08322946858640717
2020-09-11T00:00:00Z,108309.10006803088,80706.27725570372,27602.822812327155,0.07311096274291681
2020-09-12T00:00:00Z,108504.81342492856,80706.27725570372,27798.53616922484,0.0714360844100777
2020-09-13T00:00:00Z,109135.13488670735,80706.27725570372,28428.857631003626,0.06604191113651484
2020-09-14T00:00:00Z,107960.9271484674,80706.27725570372,27254.64989276368,0.0760905615209556
2020-09-15T00:00:00Z,108596.66776448948,80706.27725570372,27890.39050878576,0.07065001213812618
2020-09-16T00:00:00Z,107601.3784513124,80706.27725570372,26895.10119560868,0.07916751207768359
2020-09-17T00:00:00Z,107405.06327668956,80706.27725570372,26698.78602098584,0.08084754065414508
2020-09-18T00:00:00Z,108676.398888742,80706.27725570372,27970.121633038274,0.06996768807716157
2020-09-19T00:00:00Z,108054.90382819978,80706.27725570372,27348.626572496054,0.07528632665844587
2020-09-20T00:00:00Z,108143.38847275951,80706.27725570372,27437.11121705579,0.07452909160657586
2020-09-21T00:00:00Z,107320.04018800551,80706.27725570372,26613.76293230179,0.08157515235773673
2020-09-22T00:00:00Z,104813.23166363827,80706.27725570372,24106.954407934547,0.10302795122947646
2020-09-23T00:00:00Z,105200.51203517764,80706.27725570372,24494.234779473918,0.09971367818594441
2020-09-24T00:00:00Z,103632.34314642397,80706.27725570372,22926.065890720245,0.11313377447185595
2020-09-25T00:00:00Z,105533.73680444824,80706.27725570372,24827.45954874451,0.09686200288455757
2020-09-26T00:00:00Z,107681.74311381104,80706.27725570372,26975.46585810731,0.07847976631480613
2020-09-27T00:00:00Z,107553.70311400808,80706.27725570372,26847.425858304356,0.07957550870462582
2020-09-28T00:00:00Z,108509.51800949438,80706.27725570372,27803.240753790662,0.07139582345457016
2020-09-29T00:00:00Z,108248.79896944934,80706.27725570372,27542.521713745617,0.07362700827532985
2020-09-30T00:00:00Z,108566.54139391932,80706.27725570372,27860.2641382156,0.0709078279873603
2020-10-01T00:00:00Z,108592.87581533068,80706.27725570372,27886.598559626953,0.07068246293037647
2020-10-02T00:00:00Z,107884.14391884758,80706.27725570372,27177.86666314386,0.07674765805056484
2020-10-03T00:00:00Z,106839.2675644448,80706.27725570372,26132.990308741082,0.08568951462195872
2020-10-04T00:00:00Z,106942.68704496243,80706.27725570372,26236.409789258694,0.08480447003502745
2020-10-05T00:00:00Z,107686.76807591619,80706.27725570372,26980.49082021247,0.07843676362819008
2020-10-06T00:00:00Z,107813.40025723714,80706.27725570372,27107.123001533422,0.07735306908584215
2020-10-07T00:00:00Z,106655.55443921329,80706.27725570372,25949.277183509566,0.08726169721483755
2020-10-08T00:00:00Z,106849.93644507772,80706.27725570372,26143.659189374,0.08559821233533418
2020-10-09T00:00:00Z,107541.82801705693,80706.27725570372,26835.550761353206,0.07967713356508047
2020-10-10T00:00:00Z,108797.42009155665,80706.27725570372,28091.142835852916,0.06893201124027432
2020-10-11T00:00:00Z,109532.96029564715,80706.27725570372,28826.683039943422,0.06263739563359771
2020-10-12T00:00:00Z,109878.4466093061,80706.27725570372,29172.169353602378,0.059680788326809016
2020-10-13T00:00:00Z,110761.26962657817,80706.27725570372,30054.992370874443,0.05212575392957257
2020-10-14T00:00:00Z,110553.57097765092,80706.27725570372,29847.293721947193,0.05390320015175388
2020-10-15T00:00:00Z,110119.91831788083,80706.27725570372,29413.6410621771,0.05761431857177397
2020-10-16T00:00:00Z,110032.52646795171,80706.27725570372,29326.24921224798,0.05836220169141984
2020-10-17T00:00:00Z,109221.31569240146,80706.27725570372,28515.038436697738,0.06530439190710864
2020-10-18T00:00:00Z,109578.52988171225,80706.27725570372,28872.25262600853,0.062247419632231654
2020-10-19T00:00:00Z,110157.01293103439,80706.27725570372,29450.735675330667,0.05729686980475688
2020-10-20T00:00:00Z,110378.52708859493,80706.27725570372,29672.2498328912,0.05540119304157506
2020-10-21T00:00:00Z,109070.28440950037,80706.27725570372,28364.007153796636,0.06659688940100314
2020-10-22T00:00:00Z,110402.78764514899,80706.27725570372,29696.510389445255,0.05519357573247003
2020-10-23T00:00:00Z,111987.02678434015,80706.27725570372,31280.749528636436,0.041635953246570385
2020-10-24T00:00:00Z,111422.87510395513,80706.27725570372,30716.5978482514,0.04646385789696998
2020-10-25T00:00:00Z,111518.52820580345,80706.27725570372,30812.250950099733,0.04564527652728677
2020-10-26T00:00:00Z,111060.22961757849,80706.27725570372,30353.952361874763,0.04956731019711965
2020-10-27T00:00:00Z,110088.81400771713,80706.27725570372,29382.536752013395,0.05788050344528942
2020-10-28T00:00:00Z,110422.46997135272,80706.27725570372,29716.192715649,0.055025138063109824
2020-10-29T00:00:00Z,109306.89432046018,80706.27725570372,28600.617064756465,0.06457202600136937
2020-10-30T00:00:00Z,108807.87393572071,80706.27725570372,28101.596680016977,0.0688425491955636
2020-10-31T00:00:00Z,108314.82795876815,80706.27725570372,27608.550703064415,0.07306194452443246
2020-11-01T00:00:00Z,108426.72955914497,80706.27725570372,27720.452303441238,0.07210431154090985
2020-11-02T00:00:00Z,109542.56544722329,80706.27725570372,28836.28819151957,0.0625551965414483
2020-11-03T00:00:00Z,108181.802867883,80706.27725570372,27475.525612179285,0.0742003483921049
2020-11-04T00:00:00Z,108559.95835527864,80706.27725570372,27853.68109957491,0.07096416440178957
2020-11-05T00:00:00Z,109374.90254094174,80706.27725570372,28668.625285238013,0.06399002436006572
2020-11-06T00:00:00Z,110195.77681725912,80706.27725570372,29489.499561555385,0.05696513571075544
2020-11-07T00:00:00Z,113312.0264353792,80706.27725570372,32605.74917967548,0.03029685385283389
2020-11-08T00:00:00Z,111421.0740249073,80706.27725570372,30714.796769203575,0.04647927119487032
2020-11-09T00:00:00Z,112894.34104989792,80706.27725570372,32188.0637941942,0.03387132732350184
2020-11-10T00:00:00Z,112378.87792735998,80706.27725570372,31672.600671656248,0.03828256439490787
2020-11-11T00:00:00Z,112662.09330527118,80706.27725570372,31955.81604956745,0.035858860118871745
2020-11-12T00:00:00Z,113148.86256716719,80706.27725570372,32442.585311463466,0.03169317974444575
2020-11-13T00:00:00Z,112923.46937950209,80706.27725570372,32217.19212379836,0.033622052522337825
2020-11-14T00:00:00Z,113690.97673627545,80706.27725570372,32984.699480571726,0.027053867997117394
2020-11-15T00:00:00Z,112775.93629689048,80706.27725570372,32069.659041186747,0.034884613071908946
2020-11-16T00:00:00Z,111791.58542354658,80706.27725570372,31085.308167842864,0.04330850388758192
2020-11-17T00:00:00Z,112732.20909424566,80706.27725570372,32025.93183854194,0.03525882230027428
2020-11-18T00:00:00Z,114354.04109041364,80706.27725570372,33647.76383470991,0.02137948716983141
2020-11-19T00:00:00Z,113789.033546499,80706.27725570372,33082.75629079528,0.026214716140371064
2020-11-20T00:00:00Z,113425.43204125215,80706.27725570372,32719.154785548417,0.029326349871348415
2020-11-21T00:00:00Z,116649.28520209604,80706.27725570372,35943.00794639232,0.0017372170040649828
2020-11-22T00:00:00Z,120390.58783959429,80706.27725570372,39684.31058389056,0.0
2020-11-23T00:00:00Z,122445.83128627976,80706.27725570372,41739.55403057604,0.0
2020-11-24T00:00:00Z,125503.46693531022,80706.27725570372,44797.1896796065,0.0
2020-11-25T00:00:00Z,127151.53283973582,80706.27725570372,46445.25558403211,0.0
2020-11-26T00:00:00Z,124217.30402952836,80706.27725570372,43511.02677382463,0.023076629472535137
2020-11-27T00:00:00Z,119940.56460732891,80706.27725570372,39234.28735162518,0.05671161071644928
2020-11-28T00:00:00Z,120298.54722141044,80706.27725570372,39592.26996570672,0.0538962092337732
2020-11-29T00:00:00Z,124311.33874862664,80706.27725570372,43605.06149292293,0.022337081021972533
2020-11-30T00:00:00Z,126001.32785986511,80706.27725570372,45295.050604161384,0.00904593876442257
2020-12-01T00:00:00Z,128311.01731193742,80706.27725570372,47604.7400562337,0.0
2020-12-02T00:00:00Z,124791.2115733322,80706.27725570372,44084.934317628475,0.02743182785347427
2020-12-03T00:00:00Z,125650.18691820533,80706.27725570372,44943.90966250161,0.020737349367773567
2020-12-04T00:00:00Z,127139.5131263473,80706.27725570372,46433.235870643584,0.009130191702416897
2020-12-05T00:00:00Z,123004.5139976368,80706.27725570372,42298.23674193307,0.041356568013173556
2020-12-06T00:00:00Z,125855.63637096844,80706.27725570372,45149.35911526471,0.019136166109568746
2020-12-07T00:00:00Z,125833.812580684,80706.27725570372,45127.535324980265,0.019306251194557086
2020-12-08T00:00:00Z,124766.71004536856,80706.27725570372,44060.43278966484,0.027622782055825242
2020-12-09T00:00:00Z,121596.7784838531,80706.27725570372,40890.50122814936,0.05232784345993702
2020-12-10T00:00:00Z,123264.43141105262,80706.27725570372,42558.154155348886,0.039330885270872966
2020-12-11T00:00:00Z,121773.97638561347,80706.27725570372,41067.699129909735,0.05094684044497699
2020-12-12T00:00:00Z,120881.898975355,80706.27725570372,40175.62171965127,0.05789930196345857
2020-12-13T00:00:00Z,122476.59382395199,80706.27725570372,41770.316568248265,0.04547094715803978
2020-12-14T00:00:00Z,124742.99135604111,80706.27725570372,44036.714100337376,0.027807635155927983
2020-12-15T00:00:00Z,125258.87202478998,80706.27725570372,44552.59476908625,0.0237870866515489
2020-12-16T00:00:00Z,124657.55868179316,80706.27725570372,43951.28142608944,0.028473460086925535
2020-12-17T00:00:00Z,128552.61176421423,80706.27725570372,47846.3345085105,0.0
2020-12-18T00:00:00Z,128067.768833954,80706.27725570372,47361.49157825028,0.00377155254651309
2020-12-19T00:00:00Z,128703.21106304496,80706.27725570372,47996.93380734124,0.0
2020-12-20T00:00:00Z,128774.68320642112,80706.27725570372,48068.405950717395,0.0
2020-12-21T00:00:00Z,127678.45401479118,80706.27725570372,46972.17675908745,0.008512769469389633
2020-12-22T00:00:00Z,125210.21542530686,80706.27725570372,44503.938169603134,0.02767988002269475
2020-12-23T00:00:00Z,126830.44636727721,80706.27725570372,46124.16911157349,0.015097974157135902
2020-12-24T00:00:00Z,122018.09406335838,80706.27725570372,41311.81680765465,0.05246830335611987
2020-12-25T00:00:00Z,125416.0080599169,80706.27725570372,44709.730804213184,0.02608179700291232
2020-12-26T00:00:00Z,126583.21401989591,80706.27725570372,45876.936764192185,0.017017857330018545
2020-12-27T00:00:00Z,127060.91987747229,80706.27725570372,46354.642621768566,0.013308231760133545
2020-12-28T00:00:00Z,128338.34589986718,80706.27725570372,47632.06864416346,0.003388378023454359
2020-12-29T00:00:00Z,133167.06578961227,80706.27725570372,52460.78853390855,0.0
2020-12-30T00:00:00Z,135260.43358694424,80706.27725570372,54554.156331240534,0.0
2020-12-31T00:00:00Z,135037.33429438306,80706.27725570372,54331.057038679326,0.0016494054221537944
2021-01-01T00:00:00Z,134119.67037821328,80706.27725570372,53413.39312250955,0.008433827827394094
2021-01-02T00:00:00Z,132921.10441297054,80706.27725570372,52214.8271572668,0.017294999815818293
2021-01-03T00:00:00Z,134963.21240336518,80706.27725570372,54256.93514766144,0.002197399311070629
2021-01-04T00:00:00Z,146671.11935535786,80706.27725570372,65964.84209965414,0.0
2021-01-05T00:00:00Z,151819.7256185455,80706.27725570372,71113.44836284178,0.0
2021-01-06T00:00:00Z,158765.49425100585,80706.27725570372,78059.21699530212,0.0
2021-01-07T00:00:00Z,173461.4980495636,80706.27725570372,92755.22079385989,0.0
2021-01-08T00:00:00Z,169159.46268960388,80706.27725570372,88453.18543390016,0.024801096544954878
2021-01-09T00:00:00Z,169583.48901879182,80706.27725570372,88877.21176308811,0.022356598290553892
2021-01-10T00:00:00Z,175563.90429373772,80706.27725570372,94857.62703803398,0.0
2021-01-11T00:00:00Z,170645.69143878896,80706.27725570372,89939.41418308522,0.02801380428815286
2021-01-12T00:00:00Z,160615.95108868834,80706.27725570372,79909.67383298461,0.08514251984303002
2021-01-13T00:00:00Z,161128.65443856138,80706.27725570372,80422.37718285766,0.08222219660269449
2021-01-14T00:00:00Z,167491.25632821157,80706.27725570372,86784.97907250785,0.04598125108917447
2021-01-15T00:00:00Z,171276.0154595388,80706.27725570372,90569.73820383505,0.02442352174524911
2021-01-16T00:00:00Z,167523.29903866776,80706.27725570372,86817.02178296403,0.04579873800036453
2021-01-17T00:00:00Z,176622.38074059493,80706.27725570372,95916.10348489122,0.0
2021-01-18T00:00:00Z,181157.42488306435,80706.27725570372,100451.14762736062,0.0
2021-01-19T00:00:00Z,180704.71451702612,80706.27725570372,99998.4372613224,0.002498988746006122
2021-01-20T00:00:00Z,184168.10951418045,80706.27725570372,103461.83225847672,0.0
2021-01-21T00:00:00Z,185748.2062314541,80706.27725570372,105041.92897575037,0.0
2021-01-22T00:00:00Z,166141.2589604824,80706.27725570372,85434.98170477868,0.105556590121469
2021-01-23T00:00:00Z,176770.54987033855,80706.27725570372,96064.27261463483,0.0483323986985307
2021-01-24T00:00:00Z,176009.9224317083,80706.27725570372,95303.64517600459,0.05242733697041069
2021-01-25T00:00:00Z,183112.74281306675,80706.27725570372,102406.46555736303,0.014188365378362723
2021-01-26T00:00:00Z,178888.06073613727,80706.27725570372,98181.78348043356,0.03693249929298725
2021-01-27T00:00:00Z,180819.0703300979,80706.27725570372,100112.79307439417,0.02653665411559445
2021-01-28T00:00:00Z,171420.46222246168,80706.27725570372,90714.18496675795,0.07713530213658773
2021-01-29T00:00:00Z,179405.013570276,80706.27725570372,98698.73631457228,0.034149415436475726
2021-01-30T00:00:00Z,181823.50278964057,80706.27725570372,101117.22553393686,0.021129159314319836
2021-01-31T00:00:00Z,184122.91738735716,80706.27725570372,103416.64013165342,0.008749957143983004
2021-02-01T00:00:00Z,178952.00300215007,80706.27725570372,98245.72574644635,0.0365882576590566
2021-02-02T00:00:00Z,190402.2153763495,80706.27725570372,109695.93812064576,0.0
2021-02-03T00:00:00Z,197840.8953109896,80706.27725570372,117134.61805528589,0.0
2021-02-04T00:00:00Z,205975.21791618443,80706.27725570372,125268.9406604807,0.0
2021-02-05T00:00:00Z,203033.90675007377,80706.27725570372,122327.62949437005,0.014279927439171506
2021-02-06T00:00:00Z,221926.752431485,80706.27725570372,141220.47517578126,0.0
2021-02-07T00:00:00Z,233734.87198405986,80706.27725570372,153028.59472835614,0.0
2021-02-08T00:00:00Z,235223.43335604764,80706.27725570372,154517.1561003439,0.0
2021-02-09T00:00:00Z,242551.83091075436,80706.27725570372,161845.55365505064,0.0
2021-02-10T00:00:00Z,247372.56601688516,80706.27725570372,166666.28876118144,0.0
2021-02-11T00:00:00Z,279856.06145346304,80706.27725570372,199149.7841977593,0.0
2021-02-12T00:00:00Z,279684.0917871641,80706.27725570372,198977.81453146038,0.0006144932698823861
2021-02-13T00:00:00Z,281164.04754967894,80706.27725570372,200457.77029397525,0.0
2021-02-14T00:00:00Z,278633.04585203493,80706.27725570372,197926.76859633124,0.009001868196526108
2021-02-15T00:00:00Z,268211.0064493558,80706.27725570372,187504.72919365208,0.04606933643617599
2021-02-16T00:00:00Z,269844.12606873026,80706.27725570372,189137.84881302656,0.0402609137960591
2021-02-17T00:00:00Z,271347.49154623563,80706.27725570372,190641.21429053193,0.034913980251009245
2021-02-18T00:00:00Z,276920.91455399024,80706.27725570372,196214.6372982865,0.015091307130720493
2021-02-19T00:00:00Z,283457.56434682716,80706.27725570372,202751.28709112343,0.0
2021-02-20T00:00:00Z,285689.4913642948,80706.27725570372,204983.21410859103,0.0
2021-02-21T00:00:00Z,311032.21682222106,80706.27725570372,230325.9395665173,0.0
2021-02-22T00:00:00Z,309543.64369131497,80706.27725570372,228837.3664356112,0.004785913003208052
2021-02-23T00:00:00Z,303509.83028227556,80706.27725570372,222803.5530265718,0.024185232696473755
2021-02-24T00:00:00Z,276669.22546295787,80706.27725570372,195962.94820725417,0.1104804888392134
2021-02-25T00:00:00Z,290795.8466688252,80706.27725570372,210089.56941312147,0.06506197448016299
2021-02-26T00:00:00Z,289262.13340723875,80706.27725570372,208555.856151535,0.06999301756391876
2021-02-27T00:00:00Z,311699.7973938973,80706.27725570372,230993.52013819356,0.0
2021-02-28T00:00:00Z,322664.9193193296,80706.27725570372,241958.64206362588,0.0
2021-03-01T00:00:00Z,320608.6503674119,80706.27725570372,239902.37311170815,0.006372768865780211
2021-03-02T00:00:00Z,324005.6730233452,80706.27725570372,243299.39576764143,0.0
2021-03-03T00:00:00Z,310483.9306261685,80706.27725570372,229777.65337046477,0.041733042113131204
2021-03-04T00:00:00Z,312042.1680781592,80706.27725570372,231335.89082245552,0.036923751468771276
2021-03-05T00:00:00Z,296635.43918978225,80706.27725570372,215929.1619340785,0.08447455125759745
2021-03-06T00:00:00Z,302857.96074119443,80706.27725570372,222151.6834854907,0.06526957409362096
2021-03-07T00:00:00Z,303150.0768085299,80706.27725570372,222443.79955282615,0.06436799707921347
2021-03-08T00:00:00Z,306258.00945439574,80706.27725570372,225551.73219869199,0.05477578032305222
2021-03-09T00:00:00Z,308552.4811228957,80706.27725570372,227846.20386719197,0.04769420163620415
2021-03-10T00:00:00Z,321214.4552029463,80706.27725570372,240508.1779472426,0.008614718978077111
2021-03-11T00:00:00Z,309215.3172482972,80706.27725570372,228509.0399925935,0.04564844694550239
2021-03-12T00:00:00Z,309077.87642181676,80706.27725570372,228371.599166113,0.04607263959990245
2021-03-13T00:00:00Z,293459.5739666986,80706.27725570372,212753.29671099485,0.09427643279087178
2021-03-14T00:00:00Z,309438.956586637,80706.27725570372,228732.6793309333,0.0449582141595978
2021-03-15T00:00:00Z,299756.0629886993,80706.27725570372,219049.7857329956,0.07484316496180195
2021-03-16T00:00:00Z,294568.88891770755,80706.27725570372,213862.61166200382,0.0908526811612853
2021-03-17T00:00:00Z,326537.5469032255,80706.27725570372,245831.26964752172,0.0
2021-03-18T00:00:00Z,345656.1969633675,80706.27725570372,264949.9197076638,0.0
2021-03-19T00:00:00Z,322190.2690060016,80706.27725570372,241483.99175029786,0.06788805802851797
2021-03-20T00:00:00Z,332768.3627884453,80706.27725570372,252062.08553274156,0.037285124028278445
2021-03-21T00:00:00Z,319208.2517685242,80706.27725570372,238501.97451282042,0.07651517729811244
2021-03-22T00:00:00Z,316340.06538194057,80706.27725570372,235633.78812623682,0.08481297844208434
2021-03-23T00:00:00Z,300438.15041809203,80706.27725570372,219731.87316238828,0.13081798313619608
2021-03-24T00:00:00Z,302006.68445740396,80706.27725570372,221300.4072017002,0.1262801387315776
2021-03-25T00:00:00Z,291967.2499354605,80706.27725570372,211260.97267975676,0.15532470558772288
2021-03-26T00:00:00Z,296098.3239497652,80706.27725570372,215392.0466940615,0.14337330980602803
2021-03-27T00:00:00Z,317170.2426027348,80706.27725570372,236463.96534703107,0.08241123582011642
2021-03-28T00:00:00Z,312318.2662667158,80706.27725570372,231611.98901101205,0.09644823668584447
2021-03-29T00:00:00Z,313279.0106310225,80706.27725570372,232572.73337531876,0.09366875703888025
2021-03-30T00:00:00Z,319960.6139629147,80706.27725570372,239254.33670721092,0.07433855728956032
2021-03-31T00:00:00Z,322289.2984459245,80706.27725570372,241583.02119022075,0.06760156109661605
2021-04-01T00:00:00Z,322290.32351926446,80706.27725570372,241584.04626356074,0.06759859551014895
2021-04-02T00:00:00Z,322856.2036575079,80706.27725570372,242149.92640180417,0.06596147705772494
2021-04-03T00:00:00Z,329928.63226727734,80706.27725570372,249222.35501157364,0.04550060098519507
2021-04-04T00:00:00Z,321348.49262449855,80706.27725570372,240642.2153687948,0.07032335758020587
2021-04-05T00:00:00Z,326663.6257337468,80706.27725570372,245957.3484780431,0.05494642189688138
2021-04-06T00:00:00Z,332086.5155125686,80706.27725570372,251380.23825686486,0.0392577409865938
2021-04-07T00:00:00Z,338300.98214616603,80706.27725570372,257594.70489046234,0.021278990169474637
2021-04-08T00:00:00Z,321154.3009156687,80706.27725570372,240448.02365996502,0.07088516353229304
2021-04-09T00:00:00Z,332117.69633816904,80706.27725570372,251411.41908246535,0.039167533358683795
2021-04-10T00:00:00Z,329139.3581320371,80706.27725570372,248433.0808763334,0.0477840090136757
2021-04-11T00:00:00Z,333898.71925437613,80706.27725570372,253192.44199867238,0.034014948414876636
2021-04-12T00:00:00Z,341130.1738327261,80706.27725570372,260423.89657702233,0.013094002567878455
2021-04-13T00:00:00Z,347880.3664599055,80706.27725570372,267174.08920420177,0.0
2021-04-14T00:00:00Z,367749.06844005664,80706.27725570372,287042.7911843529,0.0
2021-04-15T00:00:00Z,378291.9666164861,80706.27725570372,297585.68936078233,0.0
2021-04-16T00:00:00Z,385274.98131356284,80706.27725570372,304568.7040578591,0.0
2021-04-17T00:00:00Z,372125.34541778185,80706.27725570372,291419.06816207815,0.034130521143491854
2021-04-18T00:00:00Z,362341.3604899285,80706.27725570372,281635.08323422476,0.05952533109065131
2021-04-19T00:00:00Z,346159.87807864335,80706.27725570372,265453.60082293965,0.10152515769791179
2021-04-20T00:00:00Z,331777.1052117413,80706.27725570372,251070.8279560376,0.1388563459776833
2021-04-21T00:00:00Z,348319.4729988114,80706.27725570372,267613.1957431077,0.09591982378080903
2021-04-22T00:00:00Z,340187.20367092977,80706.27725570372,259480.92641522607,0.11702752535062115
2021-04-23T00:00:00Z,333417.1938049308,80706.27725570372,252710.91654922708,0.13459941606337184
2021-04-24T00:00:00Z,334194.87772805826,80706.27725570372,253488.6004723545,0.1325808995210414
2021-04-25T00:00:00Z,320577.3184448929,80706.27725570372,239871.04118918913,0.16792593863242478
2021-04-26T00:00:00Z,322824.0144767838,80706.27725570372,242117.73722108005,0.16209452953279677
2021-04-27T00:00:00Z,351698.6744738632,80706.27725570372,270992.3972181595,0.08714894158251339
2021-04-28T00:00:00Z,366547.75260723673,80706.27725570372,285841.475351533,0.04860743524657942
2021-04-29T00:00:00Z,373904.7731028738,80706.27725570372,293198.4958471701,0.02951192982197609
2021-04-30T00:00:00Z,369941.0379588099,80706.27725570372,289234.7607031062,0.039799997660043135
2021-05-01T00:00:00Z,377108.6942898312,80706.27725570372,296402.41703412746,0.021195996158092985
2021-05-02T00:00:00Z,383364.7995072403,80706.27725570372,302658.5222515366,0.004957970018738126
2021-05-03T00:00:00Z,379971.61179792765,80706.27725570372,299265.3345422239,0.013765154170026288
2021-05-04T00:00:00Z,403018.046702896,80706.27725570372,322311.7694471923,0.0
2021-05-05T00:00:00Z,382836.2770515556,80706.27725570372,302129.9997958518,0.05007659040692635
2021-05-06T00:00:00Z,423281.92229134566,80706.27725570372,342575.6450356419,0.0
2021-05-07T00:00:00Z,445951.3668055994,80706.27725570372,365245.08954989567,0.0
2021-05-08T00:00:00Z,446284.23907100863,80706.27725570372,365577.9618153049,0.0
2021-05-09T00:00:00Z,457861.2053061058,80706.27725570372,377154.9280504021,0.0
2021-05-10T00:00:00Z,479132.2711238486,80706.27725570372,398425.9938681449,0.0
2021-05-11T00:00:00Z,462149.86703517917,80706.27725570372,381443.5897794755,0.035444083214924496
2021-05-12T00:00:00Z,488001.9310133965,80706.27725570372,407295.6537576928,0.0
2021-05-13T00:00:00Z,444696.79245715134,80706.27725570372,363990.51520144765,0.08873968688262493
2021-05-14T00:00:00Z,494460.79888478655,80706.27725570372,413754.5216290828,0.0
2021-05-15T00:00:00Z,519143.7495210486,80706.27725570372,438437.4722653449,0.0
2021-05-16T00:00:00Z,526798.6017590284,80706.27725570372,446092.3245033247,0.0
2021-05-17T00:00:00Z,542790.6044830225,80706.27725570372,462084.3272273188,0.0
2021-05-18T00:00:00Z,492794.36665043863,80706.27725570372,412088.0893947349,0.09210962278944095
2021-05-19T00:00:00Z,492173.93634230725,80706.27725570372,411467.65908660355,0.09325266082843263
2021-05-20T00:00:00Z,380804.0273062439,80706.27725570372,300097.7500505402,0.2984329055051748
2021-05-21T00:00:00Z,440469.06575837,80706.27725570372,359762.7885026663,0.1885101508382003
2021-05-22T00:00:00Z,392284.52852596866,80706.27725570372,311578.25127026497,0.2772820213061764
2021-05-23T00:00:00Z,374960.89502507925,80706.27725570372,294254.61776937556,0.3091978897051683
2021-05-24T00:00:00Z,346114.75047259266,80706.27725570372,265408.47321688896,0.3623420383220386
2021-05-25T00:00:00Z,400481.21884958155,80706.27725570372,319774.9415938778,0.2621810039784727
2021-05-26T00:00:00Z,402868.0723850827,80706.27725570372,322161.795129379,0.2577836295291222
2021-05-27T00:00:00Z,442045.8167042803,80706.27725570372,361339.5394485766,0.18560525356678914
2021-05-28T00:00:00Z,419147.5987481427,80706.27725570372,338441.32149243896,0.22779135215990476
2021-05-29T00:00:00Z,386383.04303447716,80706.27725570372,305676.76577877346,0.2881545114391114
2021-05-30T00:00:00Z,365684.64986464754,80706.27725570372,284978.37260894384,0.32628780446017186
2021-05-31T00:00:00Z,394223.8865988555,80706.27725570372,313517.6093431518,0.27370908165528846
2021-06-01T00:00:00Z,429353.8901318171,80706.27725570372,348647.6128761134,0.20898798434296312
2021-06-02T00:00:00Z,426425.6310454438,80706.27725570372,345719.3537897401,0.2143828070650002
2021-06-03T00:00:00Z,431655.19300740014,80706.27725570372,350948.91575169645,0.20474822253320424
2021-06-04T00:00:00Z,450305.34878695686,80706.27725570372,369599.07153125317,0.17038846091330673
2021-06-05T00:00:00Z,424529.86167816375,80706.27725570372,343823.58442246006,0.2178754418888577
2021-06-06T00:00:00Z,414645.0997004316,80706.27725570372,333938.8224447279,0.23608644608843643
2021-06-07T00:00:00Z,420929.94498694816,80706.27725570372,340223.6677312444,0.22450768029070756
2021-06-08T00:00:00Z,400695.6431224841,80706.27725570372,319989.3658667804,0.2617859634764235
2021-06-09T00:00:00Z,399665.240078709,80706.27725570372,318958.9628230052,0.263684307027813
2021-06-10T00:00:00Z,410054.3072085794,80706.27725570372,329348.02995287563,0.24454420577317645
2021-06-11T00:00:00Z,391389.4899766275,80706.27725570372,310683.21272092377,0.27893097864248406
2021-06-12T00:00:00Z,373438.45878880774,80706.27725570372,292732.18153310404,0.31200272129896783
2021-06-13T00:00:00Z,379842.344925549,80706.27725570372,299136.06766984524,0.3002046428432057
2021-06-14T00:00:00Z,396278.3201682394,80706.27725570372,315572.0429125357,0.26992413484077854
2021-06-15T00:00:00Z,401731.28848596127,80706.27725570372,321025.0112302576,0.25987796183652123
2021-06-16T00:00:00Z,397213.03679043485,80706.27725570372,316506.75953473116,0.2682020773576987
2021-06-17T00:00:00Z,380754.1730269459,80706.27725570372,300047.8957712422,0.29852475359334407
2021-06-18T00:00:00Z,380210.4482896734,80706.27725570372,299504.17103396973,0.299526474575214
2021-06-19T00:00:00Z,365875.923322372,80706.27725570372,285169.6460666683,0.3259354154244282
2021-06-20T00:00:00Z,358755.6788669572,80706.27725570372,278049.4016112535,0.3390532630743456
2021-06-21T00:00:00Z,367518.201839351,80706.27725570372,286811.9245836473,0.3229097946723094
2021-06-22T00:00:00Z,318356.41193882097,80706.27725570372,237650.13468311727,0.41348208810276377
2021-06-23T00:00:00Z,315687.6589569249,80706.27725570372,234981.38170122122,0.4183988146633458
2021-06-24T00:00:00Z,332497.0270912676,80706.27725570372,251790.74983556385,0.38743039333196955
2021-06-25T00:00:00Z,348726.5696880837,80706.27725570372,268020.29243238,0.357530202608746
2021-06-26T00:00:00Z,326721.6281656843,80706.27725570372,246015.3509099806,0.39807059026589403
2021-06-27T00:00:00Z,327267.4618568112,80706.27725570372,246561.18460110744,0.3970649838927941
2021-06-28T00:00:00Z,345309.3057657132,80706.27725570372,264603.0285100095,0.36382593413789666
2021-06-29T00:00:00Z,347350.72844185936,80706.27725570372,266644.4511861556,0.3600649576963636
2021-06-30T00:00:00Z,357253.0385726263,80706.27725570372,276546.76131692255,0.34182162398907084
2021-07-01T00:00:00Z,363036.82653979096,80706.27725570372,282330.5492840872,0.3311659716631184
2021-07-02T00:00:00Z,349116.9856641311,80706.27725570372,268410.70840842737,0.3568109271223561
2021-07-03T00:00:00Z,359911.7329300449,80706.27725570372,279205.4556743411,0.3369234287449751
2021-07-04T00:00:00Z,364011.4696213262,80706.27725570372,283305.19236562244,0.32937035642312446
2021-07-05T00:00:00Z,375689.5909497889,80706.27725570372,294983.3136940852,0.307855390555973
2021-07-06T00:00:00Z,362620.4904358428,80706.27725570372,281914.2131801391,0.3319330006067102
2021-07-07T00:00:00Z,369104.84748163435,80706.27725570372,288398.5702259306,0.31998666809425347
2021-07-08T00:00:00Z,367226.94423411565,80706.27725570372,286520.66697841196,0.3234463876104144
2021-07-09T00:00:00Z,348798.7260398867,80706.27725570372,268092.448784183,0.35739726671927585
2021-07-10T00:00:00Z,353343.1289848407,80706.27725570372,272636.851729137,0.34902497193852466
2021-07-11T00:00:00Z,349845.49303917494,80706.27725570372,269139.21578347124,0.3554687753440701
2021-07-12T00:00:00Z,352690.29779887875,80706.27725570372,271984.020543175,0.35022770312172885
2021-07-13T00:00:00Z,343620.6472376996,80706.27725570372,262914.3699819959,0.3669370022257866
2021-07-14T00:00:00Z,333442.37659752055,80706.27725570372,252736.0993418168,0.3856887465561316
2021-07-15T00:00:00Z,335106.9761189616,80706.27725570372,254400.69886325786,0.382622003123779
2021-07-16T00:00:00Z,326993.3577346894,80706.27725570372,246287.08047898562,0.39756997443584685
2021-07-17T00:00:00Z,317524.6196599591,80706.27725570372,236818.34240425538,0.4150145248693399
2021-07-18T00:00:00Z,318571.99091387633,80706.27725570372,237865.71365817264,0.4130849202570515
2021-07-19T00:00:00Z,319643.344107067,80706.27725570372,238937.06685136328,0.4111111329727063
2021-07-20T00:00:00Z,308550.96607410745,80706.27725570372,227844.6888184037,0.43154696576226687
2021-07-21T00:00:00Z,297673.9348170429,80706.27725570372,216967.65756133915,0.4515860584938448
2021-07-22T00:00:00Z,322103.5992002253,80706.27725570372,241397.32194452157,0.4065785285524408
2021-07-23T00:00:00Z,325303.1978759264,80706.27725570372,244596.9206202227,0.4006838084720361
2021-07-24T00:00:00Z,332158.7830432046,80706.27725570372,251452.50578750088,0.38805355085398513
2021-07-25T00:00:00Z,338057.70223349275,80706.27725570372,257351.424977789,0.37718578869751496
2021-07-26T00:00:00Z,337589.41615644784,80706.27725570372,256883.1389007441,0.3780485266910934
2021-07-27T00:00:00Z,342735.2242572851,80706.27725570372,262028.94700158143,0.36856824450061887
2021-07-28T00:00:00Z,349089.63469330035,80706.27725570372,268383.3574375966,0.35686131666595705
2021-07-29T00:00:00Z,350078.00034496083,80706.27725570372,269371.72308925714,0.3550404199085383
2021-07-30T00:00:00Z,352863.3697632892,80706.27725570372,272157.0925075855,0.3499088472628008
2021-07-31T00:00:00Z,359566.26584768237,80706.27725570372,278859.9885919787,0.33755989348756504
2021-08-01T00:00:00Z,363265.3733740455,80706.27725570372,282559.0961183418,0.3307449127273761
2021-08-02T00:00:00Z,363410.5662112207,80706.27725570372,282704.28895551694,0.3304774194510076
2021-08-03T00:00:00Z,364618.69286694285,80706.27725570372,283912.4156112391,0.32825165016586527
2021-08-04T00:00:00Z,369534.91224901576,80706.27725570372,288828.63499331207,0.3191943464073462
2021-08-05T00:00:00Z,378722.8198119375,80706.27725570372,298016.5425562338,0.3022671787536748
2021-08-06T00:00:00Z,383819.9365800106,80706.27725570372,303113.6593243069,0.29287660211882727
2021-08-07T00:00:00Z,388534.1140139565,80706.27725570372,307827.83675825276,0.2841915265205937
2021-08-08T00:00:00Z,408649.9826752951,80706.27725570372,327943.70541959134,0.24713143650577515
2021-08-09T00:00:00Z,396423.7897667675,80706.27725570372,315717.51251106383,0.2696561316783681
2021-08-10T00:00:00Z,409087.2242727048,80706.27725570372,328380.94701700105,0.2463258927218584
2021-08-11T00:00:00Z,437183.0125929011,80706.27725570372,356476.7353371974,0.19456414871201877
2021-08-12T00:00:00Z,454577.1699192036,80706.27725570372,373870.8926634999,0.16251835207766205
2021-08-13T00:00:00Z,455435.5552115614,80706.27725570372,374729.27795585763,0.16093692217583955
2021-08-14T00:00:00Z,509278.92391649634,80706.27725570372,428572.64666079264,0.06173961061548611
2021-08-15T00:00:00Z,514509.99787278415,80706.27725570372,433803.7206170804,0.05210224048954201
2021-08-16T00:00:00Z,513035.76036497264,80706.27725570372,432329.48310926894,0.054818274067933895
2021-08-17T00:00:00Z,493322.402115247,80706.27725570372,412616.1248595433,0.09113680664183783
2021-08-18T00:00:00Z,467208.1240514957,80706.27725570372,386501.846795792,0.13924795272297472
2021-08-19T00:00:00Z,493191.9890082597,80706.27725570372,412485.711752556,0.0913770707619426
2021-08-20T00:00:00Z,547402.6400211499,80706.27725570372,466696.3627654462,0.0
2021-08-21T00:00:00Z,553274.2943701809,80706.27725570372,472568.01711447723,0.0
2021-08-22T00:00:00Z,548098.4601500902,80706.27725570372,467392.18289438647,0.009354915405897665
2021-08-23T00:00:00Z,585816.7526233057,80706.27725570372,505110.4753676019,0.0
2021-08-24T00:00:00Z,620342.3299692762,80706.27725570372,539636.0527135725,0.0
2021-08-25T00:00:00Z,586299.6563394873,80706.27725570372,505593.37908378354,0.05487723791390304
2021-08-26T00:00:00Z,591343.1652426978,80706.27725570372,510636.8879869941,0.04674703518622475
2021-08-27T00:00:00Z,556246.6523673403,80706.27725570372,475540.3751116366,0.10332307583316198
2021-08-28T00:00:00Z,622529.3877745339,80706.27725570372,541823.1105188302,0.0
2021-08-29T00:00:00Z,607318.3861311488,80706.27725570372,526612.1088754451,0.02443419048498677
2021-08-30T00:00:00Z,606976.3505220255,80706.27725570372,526270.0732663218,0.024983619340620447
2021-08-31T00:00:00Z,590874.761847621,80706.27725570372,510168.4845919172,0.05084840418550262
2021-09-01T00:00:00Z,603224.8982023889,80706.27725570372,522518.6209466852,0.031009764279813716
2021-09-02T00:00:00Z,632555.900928306,80706.27725570372,551849.6236726023,0.0
2021-09-03T00:00:00Z,643805.9997995846,80706.27725570372,563099.7225438809,0.0
2021-09-04T00:00:00Z,650309.5695875293,80706.27725570372,569603.2923318256,0.0
2021-09-05T00:00:00Z,628847.4602902647,80706.27725570372,548141.183034561,0.03300291169154613
2021-09-06T00:00:00Z,642970.0096601069,80706.27725570372,562263.7324044032,0.011286255455348268
2021-09-07T00:00:00Z,630517.9939186746,80706.27725570372,549811.716662971,0.03043408338802058
2021-09-08T00:00:00Z,565620.8533344759,80706.27725570372,484914.5760787722,0.1302283100443513
2021-09-09T00:00:00Z,562135.1757141564,80706.27725570372,481428.8984584526,0.13558833822682195
2021-09-10T00:00:00Z,567331.0517975813,80706.27725570372,486624.77454187756,0.1275984879671672
2021-09-11T00:00:00Z,540105.1236793207,80706.27725570372,459398.8464236169,0.1694645920374627
2021-09-12T00:00:00Z,578206.0631231553,80706.27725570372,497499.7858674516,0.110875665738868
2021-09-13T00:00:00Z,575347.3256264708,80706.27725570372,494641.0483707671,0.11527162980025746
2021-09-14T00:00:00Z,545397.7254795786,80706.27725570372,464691.4482238749,0.16132600382075407
2021-09-15T00:00:00Z,550395.1081296307,80706.27725570372,469688.830873927,0.15364138270527247
2021-09-16T00:00:00Z,572596.6128250402,80706.27725570372,491890.33556933654,0.11950148113579184
2021-09-17T00:00:00Z,558200.0452686006,80706.27725570372,477493.7680128969,0.1416395031328708
2021-09-18T00:00:00Z,542432.6385361466,80706.27725570372,461726.3612804429,0.16588550452948983
2021-09-19T00:00:00Z,546791.1360254614,80706.27725570372,466084.8587697576,0.1591833157671759
2021-09-20T00:00:00Z,530121.6665668986,80706.27725570372,449415.3893111949,0.18481644533827493
2021-09-21T00:00:00Z,488393.8473126906,80706.27725570372,407687.5700569869,0.2489825305470081
2021-09-22T00:00:00Z,467005.463137632,80706.27725570372,386299.1858819283,0.28187207296697364
2021-09-23T00:00:00Z,517288.2622112724,80706.27725570372,436581.9849555686,0.2045507456712164
2021-09-24T00:00:00Z,529934.4596457907,80706.27725570372,449228.182390087,0.18510431888321843
2021-09-25T00:00:00Z,514536.10070537124,80706.27725570372,433829.82344966754,0.2087828247218857
2021-09-26T00:00:00Z,517585.77286976343,80706.27725570372,436879.4956140597,0.20409325485083718
2021-09-27T00:00:00Z,509314.1769683176,80706.27725570372,428607.89971261384,0.21681272921854833
2021-09-28T00:00:00Z,493228.3498360447,80706.27725570372,412522.072580341,0.24154837495489448
2021-09-29T00:00:00Z,475510.1754295067,80706.27725570372,394803.89817380294,0.26879412872378966
2021-09-30T00:00:00Z,481474.09265421727,80706.27725570372,400767.8153985136,0.25962323919114244
2021-10-01T00:00:00Z,494238.98029404925,80706.27725570372,413532.7030383455,0.23999429901127037
2021-10-02T00:00:00Z,525791.6651124365,80706.27725570372,445085.3878567328,0.19147481491633364
2021-10-03T00:00:00Z,527425.0395631265,80706.27725570372,446718.7623074228,0.18896312736462503
2021-10-04T00:00:00Z,529198.2764050929,80706.27725570372,448491.9991493892,0.1862363693329216
2021-10-05T00:00:00Z,519385.43530960043,80706.27725570372,438679.15805389674,0.20132586140623746
2021-10-06T00:00:00Z,530176.9183874445,80706.27725570372,449470.64113174076,0.18473148300167436
2021-10-07T00:00:00Z,528976.0460942499,80706.27725570372,448269.76883854624,0.18657809936617933
2021-10-08T00:00:00Z,539379.0795426695,80706.27725570372,458672.8022869658,0.17058105129103285
2021-10-09T00:00:00Z,532488.4949698648,80706.27725570372,451782.21771416115,0.18117690424330463
2021-10-10T00:00:00Z,537369.9199890334,80706.27725570372,456663.6427333297,0.1736705945602645
2021-10-11T00:00:00Z,519905.07678074646,80706.27725570372,439198.79952504276,0.20052679355386738
2021-10-12T00:00:00Z,522412.53820091777,80706.27725570372,441706.2609452141,0.19667099696492632
2021-10-13T00:00:00Z,512905.15109499986,80706.27725570372,432198.87383929617,0.21129078352588396
2021-10-14T00:00:00Z,527438.3868427854,80706.27725570372,446732.10958708165,0.1889426028632443
2021-10-15T00:00:00Z,531922.9139497842,80706.27725570372,451216.63669408055,0.18204661468050354
2021-10-16T00:00:00Z,541130.5799767338,80706.27725570372,460424.30272103,0.16788771796798913
2021-10-17T00:00:00Z,534157.5068479395,80706.27725570372,453451.22959223576,0.17861041597967164
2021-10-18T00:00:00Z,532075.0374754536,80706.27725570372,451368.7602197499,0.18181268989639524
2021-10-19T00:00:00Z,523915.9588166104,80706.27725570372,443209.6815609067,0.19435914321710865
2021-10-20T00:00:00Z,526220.6971889641,80706.27725570372,445514.4199332604,0.19081507977388493
2021-10-21T00:00:00Z,548314.1268182783,80706.27725570372,467607.84956257464,0.1568413683869721
2021-10-22T00:00:00Z,536612.8028527441,80706.27725570372,455906.52559704037,0.17483483567203142
2021-10-23T00:00:00Z,536353.4746145508,80706.27725570372,455647.19735884713,0.1752336122706255
2021-10-24T00:00:00Z,545045.4549015565,80706.27725570372,464339.17764585273,0.16186770056719063
2021-10-25T00:00:00Z,535265.0072553101,80706.27725570372,454558.7299996064,0.17690738028841912
2021-10-26T00:00:00Z,544061.6952063496,80706.27725570372,463355.41795064585,0.16338045655482103
2021-10-27T00:00:00Z,539578.1432139418,80706.27725570372,458871.86595823814,0.17027494527540304
2021-10-28T00:00:00Z,499476.7729055623,80706.27725570372,418770.4956498586,0.23193999248332672
2021-10-29T00:00:00Z,523955.9016039709,80706.27725570372,443249.6243482672,0.19429772202752682
2021-10-30T00:00:00Z,533006.3394928817,80706.27725570372,452300.062237178,0.18038059961050448
2021-10-31T00:00:00Z,520952.64958137635,80706.27725570372,440246.37232567265,0.19891591029207817
2021-11-01T00:00:00Z,520891.00068679336,80706.27725570372,440184.72343108966,0.19901070959608055
2021-11-02T00:00:00Z,519726.75545590185,80706.27725570372,439020.47820019815,0.20080100345817142
2021-11-03T00:00:00Z,533000.1952451486,80706.27725570372,452293.9179894449,0.18039004779952153
2021-11-04T00:00:00Z,546649.4213631334,80706.27725570372,465943.14410742966,0.15940123453841265
2021-11-05T00:00:00Z,532526.8216767292,80706.27725570372,451820.5444210255,0.18111796814785594
2021-11-06T00:00:00Z,530380.0980052425,80706.27725570372,449673.82074953883,0.18441904777497617
2021-11-07T00:00:00Z,535145.9917536842,80706.27725570372,454439.7144979805,0.1770903938979241
2021-11-08T00:00:00Z,541061.8594063608,80706.27725570372,460355.5821506571,0.16799339159419238
2021-11-09T00:00:00Z,563356.679277213,80706.27725570372,482650.40202150936,0.13370999655666713
2021-11-10T00:00:00Z,580862.8504102739,80706.27725570372,500156.5731545701,0.10679024640726609
2021-11-11T00:00:00Z,553029.804036871,80706.27725570372,472323.5267811672,0.1495899339330956
2021-11-12T00:00:00Z,553389.2439701998,80706.27725570372,472682.96671449614,0.14903721265981512
2021-11-13T00:00:00Z,546549.8100128085,80706.27725570372,465843.5327571048,0.15955440981828434
2021-11-14T00:00:00Z,546494.9856759439,80706.27725570372,465788.7084202402,0.1596387148007551
2021-11-15T00:00:00Z,544121.2652276175,80706.27725570372,463414.9879719137,0.16328885399497303
2021-11-16T00:00:00Z,538766.8037264713,80706.27725570372,458060.52647076757,0.17152256567869062
2021-11-17T00:00:00Z,505138.86785775656,80706.27725570372,424432.59060205286,0.22323322386575042
2021-11-18T00:00:00Z,508483.5705444154,80706.27725570372,427777.2932887117,0.21808997695216084
2021-11-19T00:00:00Z,484664.42095389543,80706.27725570372,403958.14369819174,0.25471737827677565
2021-11-20T00:00:00Z,506666.012688617,80706.27725570372,425959.73543291324,0.22088488870003997
2021-11-21T00:00:00Z,519418.9961659239,80706.27725570372,438712.71891022014,0.2012742538982244
2021-11-22T00:00:00Z,501302.727223138,80706.27725570372,420596.4499674343,0.22913216925117927
2021-11-23T00:00:00Z,486562.6314333845,80706.27725570372,405856.3541776808,0.2517984446361512
2021-11-24T00:00:00Z,492343.293037685,80706.27725570372,411637.0157819813,0.2429093526180728
2021-11-25T00:00:00Z,489365.78101301845,329332.57279362937,160033.20821938905,0.2474879597367641
2021-11-26T00:00:00Z,498891.62521859125,329332.57279362937,169559.05242496188,0.23283979115512268
2021-11-27T00:00:00Z,480815.12060659187,329332.57279362937,151482.5478129625,0.26063655973637656
2021-11-28T00:00:00Z,482793.97166711924,329332.57279362937,153461.39887348987,0.2575936227213447
2021-11-29T00:00:00Z,490299.36396600585,329332.57279362937,160966.79117237648,0.24605236198971026
2021-11-30T00:00:00Z,495911.3555910697,329332.57279362937,166578.78279744033,0.23742263872018599
2021-12-01T00:00:00Z,502847.078645259,329332.57279362937,173514.50585162966,0.22675737500803048
2021-12-02T00:00:00Z,501111.83614331926,329332.57279362937,171779.26334968992,0.22942570803446952
2021-12-03T00:00:00Z,498425.0211332964,329332.57279362937,169092.44833966705,0.23355730187173535
2021-12-04T00:00:00Z,487350.201277504,329332.57279362937,158017.6284838746,0.25058737550699933
2021-12-05T00:00:00Z,483663.0920476804,329332.57279362937,154330.51925405103,0.25625715095281076
2021-12-06T00:00:00Z,486635.8660272454,329332.57279362937,157303.29323361604,0.25168582966431957
2021-12-07T00:00:00Z,492279.33937372675,329332.57279362937,162946.76658009738,0.24300769603319247
2021-12-08T00:00:00Z,490733.7367650875,329332.57279362937,161401.16397145815,0.2453844142623576
2021-12-09T00:00:00Z,495583.0462105731,329332.57279362937,166250.47341694374,0.2379274896340435
2021-12-10T00:00:00Z,483144.7679914854,329332.57279362937,153812.19519785608,0.2570541929777709
2021-12-11T00:00:00Z,475412.25755951554,329332.57279362937,146079.6847658862,0.2689446998895396
2021-12-12T00:00:00Z,482591.5891722926,329332.57279362937,153259.01637866322,0.25790483218879107
2021-12-13T00:00:00Z,484129.3213505774,329332.57279362937,154796.74855694803,0.2555402165500267
2021-12-14T00:00:00Z,471065.90609191405,329332.57279362937,141733.33329828468,0.27562821135986637
2021-12-15T00:00:00Z,473998.57835491153,329332.57279362937,144666.0055612822,0.2711185556510359
2021-12-16T00:00:00Z,479938.12979567633,329332.57279362937,150605.55700204696,0.26198513409531116
2021-12-17T00:00:00Z,477650.0832569415,329332.57279362937,148317.51046331215,0.2655035300189419
2021-12-18T00:00:00Z,474560.7519516523,329332.57279362937,145228.17915802292,0.2702540849081291
2021-12-19T00:00:00Z,477746.777115581,329332.57279362937,148414.20432195158,0.26535484105116186
2021-12-20T00:00:00Z,476398.3100481988,329332.57279362937,147065.73725456945,0.2674284182064811
2021-12-21T00:00:00Z,477156.1200566053,329332.57279362937,147823.54726297598,0.2662631116450427
2021-12-22T00:00:00Z,479815.95073398465,329332.57279362937,150483.37794035528,0.2621730124034363
2021-12-23T00:00:00Z,478468.60801379604,329332.57279362937,149136.03522016667,0.2642448606172696
2021-12-24T00:00:00Z,483433.3504378124,329332.57279362937,154100.777644183,0.25661043132974526
2021-12-25T00:00:00Z,480954.9144409814,329332.57279362937,151622.34164735203,0.26042159467830706
2021-12-26T00:00:00Z,482789.8490607431,329332.57279362937,153457.27626711378,0.2575999621734593
2021-12-27T00:00:00Z,481606.6610308028,329332.57279362937,152274.08823717345,0.2594193849303638
2021-12-28T00:00:00Z,480688.8189385241,329332.57279362937,151356.24614489474,0.2608307774966163
2021-12-29T00:00:00Z,471501.4032381892,329332.57279362937,142168.83044455983,0.27495853469102793
2021-12-30T00:00:00Z,465371.08755693043,329332.57279362937,136038.51476330106,0.2843852999855122
2021-12-31T00:00:00Z,468353.6058788389,329332.57279362937,139021.03308520955,0.27979899453747736
2022-01-01T00:00:00Z,467137.062215492,329332.57279362937,137804.4894218626,0.28166970922512763
2022-01-02T00:00:00Z,470468.8777321754,329332.57279362937,141136.30493854603,0.27654627928883335
2022-01-03T00:00:00Z,472832.25553287345,329332.57279362937,143499.68273924408,0.2729120442856532
2022-01-04T00:00:00Z,470443.3925291231,329332.57279362937,141110.81973549377,0.27658546862917854
2022-01-05T00:00:00Z,471192.9573247775,329332.57279362937,141860.3845311481,0.27543284097196935
2022-01-06T00:00:00Z,462005.16684204474,329332.57279362937,132672.59404841537,0.28956117448020957
2022-01-07T00:00:00Z,457005.94443742826,329332.57279362937,127673.37164379892,0.29724862463996554
2022-01-08T00:00:00Z,449183.1114475821,329332.57279362937,119850.5386539527,0.3092780231844279
2022-01-09T00:00:00Z,444804.90347616526,329332.57279362937,115472.33068253587,0.31601052133018603
2022-01-10T00:00:00Z,447447.8689456424,329332.57279362937,118115.29615201298,0.31194635621086686
2022-01-11T00:00:00Z,444867.49213660235,329332.57279362937,115534.919342973,0.31591427692080915
2022-01-12T00:00:00Z,450768.44099039095,329332.57279362937,121435.86819676157,0.3068402156894307
2022-01-13T00:00:00Z,455714.4442945159,329332.57279362937,126381.87150088654,0.29923460209333674
2022-01-14T00:00:00Z,450800.2974942062,329332.57279362937,121467.72470057689,0.30679122901399936
2022-01-15T00:00:00Z,453316.9612956156,329332.57279362937,123984.38850198624,0.3029212816549199
2022-01-16T00:00:00Z,453971.7061446196,329332.57279362937,124639.13335099028,0.3019144613963478
2022-01-17T00:00:00Z,454782.73525351763,329332.57279362937,125450.16245988825,0.30066731827124754
2022-01-18T00:00:00Z,449647.0920560921,329332.57279362937,120314.51926246272,0.30856454666461547
2022-01-19T00:00:00Z,444802.2920312052,297121.4470749519,147680.8449562533,0.3160145370252983
2022-01-20T00:00:00Z,440373.7880058872,324762.41305375745,115611.37495212976,0.3228243768806873
2022-01-21T00:00:00Z,437232.7367296978,324762.41305375745,112470.32367594034,0.32765446307822194
2022-01-22T00:00:00Z,420988.5432606754,324762.41305375745,96226.13020691794,0.3526336333514282
2022-01-23T00:00:00Z,415143.43698416307,324762.41305375745,90381.0239304056,0.36162182382234453
2022-01-24T00:00:00Z,415026.2474389489,415026.2474389489,0.0,0.3618020296053972
2022-01-25T00:00:00Z,415026.2474389489,415026.2474389489,0.0,0.3618020296053972
2022-01-26T00:00:00Z,415026.2474389489,415026.2474389489,0.0,0.3618020296053972
2022-01-27T00:00:00Z,415026.2474389489,415026.2474389489,0.0,0.3618020296053972
2022-01-28T00:00:00Z,415026.2474389489,415026.2474389489,0.0,0.3618020296053972
2022-01-29T00:00:00Z,415026.2474389489,415026.2474389489,0.0,0.3618020296053972
2022-01-30T00:00:00Z,415026.2474389489,415026.2474389489,0.0,0.3618020296053972
2022-01-31T00:00:00Z,415026.2474389489,415026.2474389489,0.0,0.3618020296053972
2022-02-01T00:00:00Z,415026.2474389489,415026.2474389489,0.0,0.3618020296053972
2022-02-02T00:00:00Z,415026.2474389489,415026.2474389489,0.0,0.3618020296053972
2022-02-03T00:00:00Z,415026.2474389489,415026.2474389489,0.0,0.3618020296053972
2022-02-04T00:00:00Z,415026.2474389489,415026.2474389489,0.0,0.3618020296053972
2022-02-05T00:00:00Z,415026.2474389489,415026.2474389489,0.0,0.3618020296053972
2022-02-06T00:00:00Z,415026.2474389489,415026.2474389489,0.0,0.3618020296053972
2022-02-07T00:00:00Z,415026.2474389489,415026.2474389489,0.0,0.3618020296053972
2022-02-08T00:00:00Z,415026.2474389489,415026.2474389489,0.0,0.3618020296053972
2022-02-09T00:00:00Z,415026.2474389489,415026.2474389489,0.0,0.3618020296053972
2022-02-10T00:00:00Z,415026.2474389489,415026.2474389489,0.0,0.3618020296053972
2022-02-11T00:00:00Z,415026.2474389489,415026.2474389489,0.0,0.3618020296053972
2022-02-12T00:00:00Z,415026.2474389489,415026.2474389489,0.0,0.3618020296053972
2022-02-13T00:00:00Z,415026.2474389489,415026.2474389489,0.0,0.3618020296053972
2022-02-14T00:00:00Z,415026.2474389489,415026.2474389489,0.0,0.3618020296053972
2022-02-15T00:00:00Z,415026.2474389489,415026.2474389489,0.0,0.3618020296053972
2022-02-16T00:00:00Z,415026.2474389489,415026.2474389489,0.0,0.3618020296053972
2022-02-17T00:00:00Z,415026.2474389489,415026.2474389489,0.0,0.3618020296053972
2022-02-18T00:00:00Z,415026.2474389489,415026.2474389489,0.0,0.3618020296053972
2022-02-19T00:00:00Z,415026.2474389489,415026.2474389489,0.0,0.3618020296053972
2022-02-20T00:00:00Z,415026.2474389489,415026.2474389489,0.0,0.3618020296053972
2022-02-21T00:00:00Z,415026.2474389489,415026.2474389489,0.0,0.3618020296053972
2022-02-22T00:00:00Z,415026.2474389489,415026.2474389489,0.0,0.3618020296053972
2022-02-23T00:00:00Z,415026.2474389489,415026.2474389489,0.0,0.3618020296053972
2022-02-24T00:00:00Z,415026.2474389489,415026.2474389489,0.0,0.3618020296053972
2022-02-25T00:00:00Z,415026.2474389489,415026.2474389489,0.0,0.3618020296053972
2022-02-26T00:00:00Z,415026.2474389489,415026.2474389489,0.0,0.3618020296053972
2022-02-27T00:00:00Z,415026.2474389489,415026.2474389489,0.0,0.3618020296053972
2022-02-28T00:00:00Z,415026.2474389489,415026.2474389489,0.0,0.3618020296053972
2022-03-01T00:00:00Z,415026.2474389489,415026.2474389489,0.0,0.3618020296053972
2022-03-02T00:00:00Z,415026.2474389489,415026.2474389489,0.0,0.3618020296053972
2022-03-03T00:00:00Z,415026.2474389489,415026.2474389489,0.0,0.3618020296053972
2022-03-04T00:00:00Z,415026.2474389489,415026.2474389489,0.0,0.3618020296053972
2022-03-05T00:00:00Z,415026.2474389489,415026.2474389489,0.0,0.3618020296053972
2022-03-06T00:00:00Z,415026.2474389489,415026.2474389489,0.0,0.3618020296053972
2022-03-07T00:00:00Z,415026.2474389489,415026.2474389489,0.0,0.3618020296053972
2022-03-08T00:00:00Z,415026.2474389489,415026.2474389489,0.0,0.3618020296053972
2022-03-09T00:00:00Z,415026.2474389489,415026.2474389489,0.0,0.3618020296053972
2022-03-10T00:00:00Z,415026.2474389489,415026.2474389489,0.0,0.3618020296053972
2022-03-11T00:00:00Z,415026.2474389489,415026.2474389489,0.0,0.3618020296053972
2022-03-12T00:00:00Z,415026.2474389489,415026.2474389489,0.0,0.3618020296053972
2022-03-13T00:00:00Z,415026.2474389489,415026.2474389489,0.0,0.3618020296053972
2022-03-14T00:00:00Z,415026.2474389489,415026.2474389489,0.0,0.3618020296053972
2022-03-15T00:00:00Z,415026.2474389489,415026.2474389489,0.0,0.3618020296053972
2022-03-16T00:00:00Z,415026.2474389489,415026.2474389489,0.0,0.3618020296053972
2022-03-17T00:00:00Z,415026.2474389489,415026.2474389489,0.0,0.3618020296053972
2022-03-18T00:00:00Z,415026.2474389489,415026.2474389489,0.0,0.3618020296053972
2022-03-19T00:00:00Z,415026.2474389489,415026.2474389489,0.0,0.3618020296053972
2022-03-20T00:00:00Z,415026.2474389489,415026.2474389489,0.0,0.3618020296053972
2022-03-21T00:00:00Z,415026.2474389489,415026.2474389489,0.0,0.3618020296053972
2022-03-22T00:00:00Z,415026.2474389489,415026.2474389489,0.0,0.3618020296053972
2022-03-23T00:00:00Z,415026.2474389489,415026.2474389489,0.0,0.3618020296053972
2022-03-24T00:00:00Z,415026.2474389489,415026.2474389489,0.0,0.3618020296053972
2022-03-25T00:00:00Z,415026.2474389489,415026.2474389489,0.0,0.3618020296053972
2022-03-26T00:00:00Z,415026.2474389489,415026.2474389489,0.0,0.3618020296053972
2022-03-27T00:00:00Z,415026.2474389489,415026.2474389489,0.0,0.3618020296053972
2022-03-28T00:00:00Z,415026.2474389489,415026.2474389489,0.0,0.3618020296053972
2022-03-29T00:00:00Z,415026.2474389489,415026.2474389489,0.0,0.3618020296053972
2022-03-30T00:00:00Z,415026.2474389489,415026.2474389489,0.0,0.3618020296053972
2022-03-31T00:00:00Z,415026.2474389489,415026.2474389489,0.0,0.3618020296053972
2022-04-01T00:00:00Z,415026.2474389489,415026.2474389489,0.0,0.3618020296053972
2022-04-02T00:00:00Z,415026.2474389489,415026.2474389489,0.0,0.3618020296053972
2022-04-03T00:00:00Z,415026.2474389489,415026.2474389489,0.0,0.3618020296053972
2022-04-04T00:00:00Z,415026.2474389489,415026.2474389489,0.0,0.3618020296053972
2022-04-05T00:00:00Z,415026.2474389489,415026.2474389489,0.0,0.3618020296053972
2022-04-06T00:00:00Z,415026.2474389489,415026.2474389489,0.0,0.3618020296053972
2022-04-07T00:00:00Z,415026.2474389489,415026.2474389489,0.0,0.3618020296053972
2022-04-08T00:00:00Z,415026.2474389489,415026.2474389489,0.0,0.3618020296053972
2022-04-09T00:00:00Z,415026.2474389489,415026.2474389489,0.0,0.3618020296053972
2022-04-10T00:00:00Z,415026.2474389489,415026.2474389489,0.0,0.3618020296053972
2022-04-11T00:00:00Z,415026.2474389489,415026.2474389489,0.0,0.3618020296053972
2022-04-12T00:00:00Z,415026.2474389489,415026.2474389489,0.0,0.3618020296053972
2022-04-13T00:00:00Z,415026.2474389489,415026.2474389489,0.0,0.3618020296053972
2022-04-14T00:00:00Z,415026.2474389489,415026.2474389489,0.0,0.3618020296053972
2022-04-15T00:00:00Z,415026.2474389489,415026.2474389489,0.0,0.3618020296053972
2022-04-16T00:00:00Z,415026.2474389489,415026.2474389489,0.0,0.3618020296053972
2022-04-17T00:00:00Z,415026.2474389489,415026.2474389489,0.0,0.3618020296053972
2022-04-18T00:00:00Z,415026.2474389489,415026.2474389489,0.0,0.3618020296053972
2022-04-19T00:00:00Z,415026.2474389489,415026.2474389489,0.0,0.3618020296053972
2022-04-20T00:00:00Z,415026.2474389489,415026.2474389489,0.0,0.3618020296053972
2022-04-21T00:00:00Z,415026.2474389489,415026.2474389489,0.0,0.3618020296053972
2022-04-22T00:00:00Z,415026.2474389489,415026.2474389489,0.0,0.3618020296053972
2022-04-23T00:00:00Z,415026.2474389489,415026.2474389489,0.0,0.3618020296053972
2022-04-24T00:00:00Z,415026.2474389489,415026.2474389489,0.0,0.3618020296053972
2022-04-25T00:00:00Z,415026.2474389489,415026.2474389489,0.0,0.3618020296053972
2022-04-26T00:00:00Z,415026.2474389489,415026.2474389489,0.0,0.3618020296053972
2022-04-27T00:00:00Z,415026.2474389489,415026.2474389489,0.0,0.3618020296053972
2022-04-28T00:00:00Z,415026.2474389489,415026.2474389489,0.0,0.3618020296053972
2022-04-29T00:00:00Z,415026.2474389489,415026.2474389489,0.0,0.3618020296053972
2022-04-30T00:00:00Z,415026.2474389489,415026.2474389489,0.0,0.3618020296053972
2022-05-01T00:00:00Z,415026.2474389489,415026.2474389489,0.0,0.3618020296053972
2022-05-02T00:00:00Z,415026.2474389489,415026.2474389489,0.0,0.3618020296053972
2022-05-03T00:00:00Z,415026.2474389489,415026.2474389489,0.0,0.3618020296053972
2022-05-04T00:00:00Z,415026.2474389489,415026.2474389489,0.0,0.3618020296053972
2022-05-05T00:00:00Z,415026.2474389489,415026.2474389489,0.0,0.3618020296053972
2022-05-06T00:00:00Z,415026.2474389489,415026.2474389489,0.0,0.3618020296053972
2022-05-07T00:00:00Z,415026.2474389489,415026.2474389489,0.0,0.3618020296053972
2022-05-08T00:00:00Z,415026.2474389489,415026.2474389489,0.0,0.3618020296053972
2022-05-09T00:00:00Z,415026.2474389489,415026.2474389489,0.0,0.3618020296053972
2022-05-10T00:00:00Z,415026.2474389489,415026.2474389489,0.0,0.3618020296053972
2022-05-11T00:00:00Z,415026.2474389489,415026.2474389489,0.0,0.3618020296053972
2022-05-12T00:00:00Z,415026.2474389489,415026.2474389489,0.0,0.3618020296053972
2022-05-13T00:00:00Z,415026.2474389489,415026.2474389489,0.0,0.3618020296053972
2022-05-14T00:00:00Z,415026.2474389489,415026.2474389489,0.0,0.3618020296053972
2022-05-15T00:00:00Z,415026.2474389489,415026.2474389489,0.0,0.3618020296053972
2022-05-16T00:00:00Z,415026.2474389489,415026.2474389489,0.0,0.3618020296053972
2022-05-17T00:00:00Z,415026.2474389489,415026.2474389489,0.0,0.3618020296053972
2022-05-18T00:00:00Z,415026.2474389489,415026.2474389489,0.0,0.3618020296053972
2022-05-19T00:00:00Z,415026.2474389489,415026.2474389489,0.0,0.3618020296053972
2022-05-20T00:00:00Z,415026.2474389489,415026.2474389489,0.0,0.3618020296053972
2022-05-21T00:00:00Z,415026.2474389489,415026.2474389489,0.0,0.3618020296053972
2022-05-22T00:00:00Z,415026.2474389489,415026.2474389489,0.0,0.3618020296053972
2022-05-23T00:00:00Z,415026.2474389489,415026.2474389489,0.0,0.3618020296053972
2022-05-24T00:00:00Z,415026.2474389489,415026.2474389489,0.0,0.3618020296053972
2022-05-25T00:00:00Z,415026.2474389489,415026.2474389489,0.0,0.3618020296053972
2022-05-26T00:00:00Z,415026.2474389489,415026.2474389489,0.0,0.3618020296053972
2022-05-27T00:00:00Z,415026.2474389489,415026.2474389489,0.0,0.3618020296053972
2022-05-28T00:00:00Z,415026.2474389489,415026.2474389489,0.0,0.3618020296053972
2022-05-29T00:00:00Z,415026.2474389489,415026.2474389489,0.0,0.3618020296053972
2022-05-30T00:00:00Z,415026.2474389489,415026.2474389489,0.0,0.3618020296053972
2022-05-31T00:00:00Z,415026.2474389489,415026.2474389489,0.0,0.3618020296053972
2022-06-01T00:00:00Z,415026.2474389489,415026.2474389489,0.0,0.3618020296053972
2022-06-02T00:00:00Z,415026.2474389489,415026.2474389489,0.0,0.3618020296053972
2022-06-03T00:00:00Z,415026.2474389489,415026.2474389489,0.0,0.3618020296053972
2022-06-04T00:00:00Z,415026.2474389489,415026.2474389489,0.0,0.3618020296053972
2022-06-05T00:00:00Z,415026.2474389489,415026.2474389489,0.0,0.3618020296053972
2022-06-06T00:00:00Z,415026.2474389489,415026.2474389489,0.0,0.3618020296053972
2022-06-07T00:00:00Z,415026.2474389489,415026.2474389489,0.0,0.3618020296053972
2022-06-08T00:00:00Z,415026.2474389489,415026.2474389489,0.0,0.3618020296053972
2022-06-09T00:00:00Z,415026.2474389489,415026.2474389489,0.0,0.3618020296053972
2022-06-10T00:00:00Z,415026.2474389489,415026.2474389489,0.0,0.3618020296053972
2022-06-11T00:00:00Z,415026.2474389489,415026.2474389489,0.0,0.3618020296053972
2022-06-12T00:00:00Z,415026.2474389489,415026.2474389489,0.0,0.3618020296053972
2022-06-13T00:00:00Z,415026.2474389489,415026.2474389489,0.0,0.3618020296053972
2022-06-14T00:00:00Z,415026.2474389489,415026.2474389489,0.0,0.3618020296053972
2022-06-15T00:00:00Z,415026.2474389489,415026.2474389489,0.0,0.3618020296053972
2022-06-16T00:00:00Z,415026.2474389489,415026.2474389489,0.0,0.3618020296053972
2022-06-17T00:00:00Z,415026.2474389489,415026.2474389489,0.0,0.3618020296053972
2022-06-18T00:00:00Z,415026.2474389489,415026.2474389489,0.0,0.3618020296053972
2022-06-19T00:00:00Z,415026.2474389489,415026.2474389489,0.0,0.3618020296053972
2022-06-20T00:00:00Z,415026.2474389489,415026.2474389489,0.0,0.3618020296053972
2022-06-21T00:00:00Z,415026.2474389489,415026.2474389489,0.0,0.3618020296053972
2022-06-22T00:00:00Z,415026.2474389489,415026.2474389489,0.0,0.3618020296053972
2022-06-23T00:00:00Z,415026.2474389489,415026.2474389489,0.0,0.3618020296053972
2022-06-24T00:00:00Z,415026.2474389489,415026.2474389489,0.0,0.3618020296053972
2022-06-25T00:00:00Z,415026.2474389489,415026.2474389489,0.0,0.3618020296053972
2022-06-26T00:00:00Z,415026.2474389489,415026.2474389489,0.0,0.3618020296053972
2022-06-27T00:00:00Z,415026.2474389489,415026.2474389489,0.0,0.3618020296053972
2022-06-28T00:00:00Z,415026.2474389489,415026.2474389489,0.0,0.3618020296053972
2022-06-29T00:00:00Z,415026.2474389489,415026.2474389489,0.0,0.3618020296053972
2022-06-30T00:00:00Z,415026.2474389489,415026.2474389489,0.0,0.3618020296053972
2022-07-01T00:00:00Z,415026.2474389489,415026.2474389489,0.0,0.3618020296053972
2022-07-02T00:00:00Z,415026.2474389489,415026.2474389489,0.0,0.3618020296053972
2022-07-03T00:00:00Z,415026.2474389489,415026.2474389489,0.0,0.3618020296053972
2022-07-04T00:00:00Z,415026.2474389489,415026.2474389489,0.0,0.3618020296053972
2022-07-05T00:00:00Z,415026.2474389489,415026.2474389489,0.0,0.3618020296053972
2022-07-06T00:00:00Z,415026.2474389489,415026.2474389489,0.0,0.3618020296053972
2022-07-07T00:00:00Z,415026.2474389489,415026.2474389489,0.0,0.3618020296053972
2022-07-08T00:00:00Z,415026.2474389489,415026.2474389489,0.0,0.3618020296053972
2022-07-09T00:00:00Z,415026.2474389489,415026.2474389489,0.0,0.3618020296053972
2022-07-10T00:00:00Z,415026.2474389489,415026.2474389489,0.0,0.3618020296053972
2022-07-11T00:00:00Z,415026.2474389489,415026.2474389489,0.0,0.3618020296053972
2022-07-12T00:00:00Z,415026.2474389489,415026.2474389489,0.0,0.3618020296053972
2022-07-13T00:00:00Z,415026.2474389489,415026.2474389489,0.0,0.3618020296053972
2022-07-14T00:00:00Z,415026.2474389489,415026.2474389489,0.0,0.3618020296053972
2022-07-15T00:00:00Z,415026.2474389489,415026.2474389489,0.0,0.3618020296053972
2022-07-16T00:00:00Z,415026.2474389489,415026.2474389489,0.0,0.3618020296053972
2022-07-17T00:00:00Z,415026.2474389489,415026.2474389489,0.0,0.3618020296053972
2022-07-18T00:00:00Z,415026.2474389489,415026.2474389489,0.0,0.3618020296053972
2022-07-19T00:00:00Z,415026.2474389489,415026.2474389489,0.0,0.3618020296053972
2022-07-20T00:00:00Z,414262.5448851816,385347.97902257397,28914.565862607633,0.3629763973057706
2022-07-21T00:00:00Z,413863.84351218794,385347.97902257397,28515.864489613956,0.36358949204040064
2022-07-22T00:00:00Z,414869.8756085006,385347.97902257397,29521.89658592663,0.3620424871317219
2022-07-23T00:00:00Z,414132.2686960746,385347.97902257397,28784.289673500625,0.36317672680298163
2022-07-24T00:00:00Z,414374.45119438577,385347.97902257397,29026.47217181178,0.36280431570888566
2022-07-25T00:00:00Z,415301.5677862178,385347.97902257397,29953.58876364381,0.36137866147405706
2022-07-26T00:00:00Z,412356.95101689117,385347.97902257397,27008.971994317224,0.3659066845987887
2022-07-27T00:00:00Z,410808.10155795823,410808.10155795823,0.0,0.36828839560438764
2022-07-28T00:00:00Z,410808.10155795823,410808.10155795823,0.0,0.36828839560438764
2022-07-29T00:00:00Z,410808.10155795823,410808.10155795823,0.0,0.36828839560438764
2022-07-30T00:00:00Z,410808.10155795823,410808.10155795823,0.0,0.36828839560438764
2022-07-31T00:00:00Z,410808.10155795823,410808.10155795823,0.0,0.36828839560438764
2022-08-01T00:00:00Z,410808.10155795823,410808.10155795823,0.0,0.36828839560438764
2022-08-02T00:00:00Z,410808.10155795823,410808.10155795823,0.0,0.36828839560438764
2022-08-03T00:00:00Z,410808.10155795823,410808.10155795823,0.0,0.36828839560438764
2022-08-04T00:00:00Z,410808.10155795823,410808.10155795823,0.0,0.36828839560438764
2022-08-05T00:00:00Z,410808.10155795823,410808.10155795823,0.0,0.36828839560438764
2022-08-06T00:00:00Z,410808.10155795823,410808.10155795823,0.0,0.36828839560438764
2022-08-07T00:00:00Z,410808.10155795823,410808.10155795823,0.0,0.36828839560438764
2022-08-08T00:00:00Z,410808.10155795823,410808.10155795823,0.0,0.36828839560438764
2022-08-09T00:00:00Z,410808.10155795823,410808.10155795823,0.0,0.36828839560438764
2022-08-10T00:00:00Z,410808.10155795823,410808.10155795823,0.0,0.36828839560438764
2022-08-11T00:00:00Z,410808.10155795823,410808.10155795823,0.0,0.36828839560438764
2022-08-12T00:00:00Z,411249.4068752406,377458.4046875301,33791.00218771051,0.3676097875415196
2022-08-13T00:00:00Z,412647.033143592,377458.4046875301,35188.62845606188,0.3654606168484943
2022-08-14T00:00:00Z,413104.5230483519,377458.4046875301,35646.11836082179,0.3647571212732253
2022-08-15T00:00:00Z,412234.10627747327,377458.4046875301,34775.70158994315,0.36609558653897667
2022-08-16T00:00:00Z,411585.06718242506,377458.4046875301,34126.662494894925,0.36709363289320746
2022-08-17T00:00:00Z,411182.20293793496,377458.4046875301,33723.79825040485,0.3677131289968026
2022-08-18T00:00:00Z,410420.4984185802,377458.4046875301,32962.093731050074,0.36888442426136075
2022-08-19T00:00:00Z,410640.9776460509,377458.4046875301,33182.572958520774,0.368545386920098
2022-08-20T00:00:00Z,406622.9063168269,406622.9063168269,0.0,0.37472409244302696
2022-08-21T00:00:00Z,406622.9063168269,406622.9063168269,0.0,0.37472409244302696
2022-08-22T00:00:00Z,406622.9063168269,406622.9063168269,0.0,0.37472409244302696
2022-08-23T00:00:00Z,406622.9063168269,406622.9063168269,0.0,0.37472409244302696
2022-08-24T00:00:00Z,406622.9063168269,406622.9063168269,0.0,0.37472409244302696
2022-08-25T00:00:00Z,406622.9063168269,406622.9063168269,0.0,0.37472409244302696
2022-08-26T00:00:00Z,406622.9063168269,406622.9063168269,0.0,0.37472409244302696
2022-08-27T00:00:00Z,406622.9063168269,406622.9063168269,0.0,0.37472409244302696
2022-08-28T00:00:00Z,406622.9063168269,406622.9063168269,0.0,0.37472409244302696
2022-08-29T00:00:00Z,406622.9063168269,406622.9063168269,0.0,0.37472409244302696
2022-08-30T00:00:00Z,406622.9063168269,406622.9063168269,0.0,0.37472409244302696
2022-08-31T00:00:00Z,406622.9063168269,406622.9063168269,0.0,0.37472409244302696
2022-09-01T00:00:00Z,406622.9063168269,406622.9063168269,0.0,0.37472409244302696
2022-09-02T00:00:00Z,406622.9063168269,406622.9063168269,0.0,0.37472409244302696
2022-09-03T00:00:00Z,406622.9063168269,406622.9063168269,0.0,0.37472409244302696
2022-09-04T00:00:00Z,406622.9063168269,406622.9063168269,0.0,0.37472409244302696
2022-09-05T00:00:00Z,406622.9063168269,406622.9063168269,0.0,0.37472409244302696
2022-09-06T00:00:00Z,406622.9063168269,406622.9063168269,0.0,0.37472409244302696
2022-09-07T00:00:00Z,406622.9063168269,406622.9063168269,0.0,0.37472409244302696
2022-09-08T00:00:00Z,406622.9063168269,406622.9063168269,0.0,0.37472409244302696
2022-09-09T00:00:00Z,406622.9063168269,406622.9063168269,0.0,0.37472409244302696
2022-09-10T00:00:00Z,406622.9063168269,406622.9063168269,0.0,0.37472409244302696
2022-09-11T00:00:00Z,406622.9063168269,406622.9063168269,0.0,0.37472409244302696
2022-09-12T00:00:00Z,406622.9063168269,406622.9063168269,0.0,0.37472409244302696
2022-09-13T00:00:00Z,406622.9063168269,406622.9063168269,0.0,0.37472409244302696
2022-09-14T00:00:00Z,406622.9063168269,406622.9063168269,0.0,0.37472409244302696
2022-09-15T00:00:00Z,406622.9063168269,406622.9063168269,0.0,0.37472409244302696
2022-09-16T00:00:00Z,406622.9063168269,406622.9063168269,0.0,0.37472409244302696
2022-09-17T00:00:00Z,406622.9063168269,406622.9063168269,0.0,0.37472409244302696
2022-09-18T00:00:00Z,406622.9063168269,406622.9063168269,0.0,0.37472409244302696
2022-09-19T00:00:00Z,406622.9063168269,406622.9063168269,0.0,0.37472409244302696
2022-09-20T00:00:00Z,406622.9063168269,406622.9063168269,0.0,0.37472409244302696
2022-09-21T00:00:00Z,406622.9063168269,406622.9063168269,0.0,0.37472409244302696
2022-09-22T00:00:00Z,406622.9063168269,406622.9063168269,0.0,0.37472409244302696
2022-09-23T00:00:00Z,406622.9063168269,406622.9063168269,0.0,0.37472409244302696
2022-09-24T00:00:00Z,406622.9063168269,406622.9063168269,0.0,0.37472409244302696
2022-09-25T00:00:00Z,406622.9063168269,406622.9063168269,0.0,0.37472409244302696
2022-09-26T00:00:00Z,406622.9063168269,406622.9063168269,0.0,0.37472409244302696
2022-09-27T00:00:00Z,406622.9063168269,406622.9063168269,0.0,0.37472409244302696
2022-09-28T00:00:00Z,406622.9063168269,406622.9063168269,0.0,0.37472409244302696
2022-09-29T00:00:00Z,406622.9063168269,406622.9063168269,0.0,0.37472409244302696
2022-09-30T00:00:00Z,406622.9063168269,406622.9063168269,0.0,0.37472409244302696
2022-10-01T00:00:00Z,406622.9063168269,406622.9063168269,0.0,0.37472409244302696
2022-10-02T00:00:00Z,406622.9063168269,406622.9063168269,0.0,0.37472409244302696
2022-10-03T00:00:00Z,406622.9063168269,406622.9063168269,0.0,0.37472409244302696
2022-10-04T00:00:00Z,406622.9063168269,406622.9063168269,0.0,0.37472409244302696
2022-10-05T00:00:00Z,406622.9063168269,406622.9063168269,0.0,0.37472409244302696
2022-10-06T00:00:00Z,406622.9063168269,406622.9063168269,0.0,0.37472409244302696
2022-10-07T00:00:00Z,406622.9063168269,406622.9063168269,0.0,0.37472409244302696
2022-10-08T00:00:00Z,406622.9063168269,406622.9063168269,0.0,0.37472409244302696
2022-10-09T00:00:00Z,406622.9063168269,406622.9063168269,0.0,0.37472409244302696
2022-10-10T00:00:00Z,406622.9063168269,406622.9063168269,0.0,0.37472409244302696
2022-10-11T00:00:00Z,406622.9063168269,406622.9063168269,0.0,0.37472409244302696
2022-10-12T00:00:00Z,406622.9063168269,406622.9063168269,0.0,0.37472409244302696
2022-10-13T00:00:00Z,406622.9063168269,406622.9063168269,0.0,0.37472409244302696
2022-10-14T00:00:00Z,406622.9063168269,406622.9063168269,0.0,0.37472409244302696
2022-10-15T00:00:00Z,406622.9063168269,406622.9063168269,0.0,0.37472409244302696
2022-10-16T00:00:00Z,406622.9063168269,406622.9063168269,0.0,0.37472409244302696
2022-10-17T00:00:00Z,406622.9063168269,406622.9063168269,0.0,0.37472409244302696
2022-10-18T00:00:00Z,406622.9063168269,406622.9063168269,0.0,0.37472409244302696
2022-10-19T00:00:00Z,406622.9063168269,406622.9063168269,0.0,0.37472409244302696
2022-10-20T00:00:00Z,406622.9063168269,406622.9063168269,0.0,0.37472409244302696
2022-10-21T00:00:00Z,406622.9063168269,406622.9063168269,0.0,0.37472409244302696
2022-10-22T00:00:00Z,406622.9063168269,406622.9063168269,0.0,0.37472409244302696
2022-10-23T00:00:00Z,406622.9063168269,406622.9063168269,0.0,0.37472409244302696
2022-10-24T00:00:00Z,406622.9063168269,406622.9063168269,0.0,0.37472409244302696
2022-10-25T00:00:00Z,406622.9063168269,406622.9063168269,0.0,0.37472409244302696
2022-10-26T00:00:00Z,406622.9063168269,406622.9063168269,0.0,0.37472409244302696
2022-10-27T00:00:00Z,406622.9063168269,406622.9063168269,0.0,0.37472409244302696
2022-10-28T00:00:00Z,406622.9063168269,406622.9063168269,0.0,0.37472409244302696
2022-10-29T00:00:00Z,406622.9063168269,406622.9063168269,0.0,0.37472409244302696
2022-10-30T00:00:00Z,406622.9063168269,406622.9063168269,0.0,0.37472409244302696
2022-10-31T00:00:00Z,406622.9063168269,406622.9063168269,0.0,0.37472409244302696
2022-11-01T00:00:00Z,406622.9063168269,406622.9063168269,0.0,0.37472409244302696
2022-11-02T00:00:00Z,406622.9063168269,406622.9063168269,0.0,0.37472409244302696
2022-11-03T00:00:00Z,406622.9063168269,406622.9063168269,0.0,0.37472409244302696
2022-11-04T00:00:00Z,406622.9063168269,406622.9063168269,0.0,0.37472409244302696
2022-11-05T00:00:00Z,406622.9063168269,406622.9063168269,0.0,0.37472409244302696
2022-11-06T00:00:00Z,406622.9063168269,406622.9063168269,0.0,0.37472409244302696
2022-11-07T00:00:00Z,406622.9063168269,406622.9063168269,0.0,0.37472409244302696
2022-11-08T00:00:00Z,406622.9063168269,406622.9063168269,0.0,0.37472409244302696
2022-11-09T00:00:00Z,406622.9063168269,406622.9063168269,0.0,0.37472409244302696
2022-11-10T00:00:00Z,406622.9063168269,406622.9063168269,0.0,0.37472409244302696
2022-11-11T00:00:00Z,406622.9063168269,406622.9063168269,0.0,0.37472409244302696
2022-11-12T00:00:00Z,406622.9063168269,406622.9063168269,0.0,0.37472409244302696
2022-11-13T00:00:00Z,406622.9063168269,406622.9063168269,0.0,0.37472409244302696
2022-11-14T00:00:00Z,406622.9063168269,406622.9063168269,0.0,0.37472409244302696
2022-11-15T00:00:00Z,406622.9063168269,406622.9063168269,0.0,0.37472409244302696
2022-11-16T00:00:00Z,406622.9063168269,406622.9063168269,0.0,0.37472409244302696
2022-11-17T00:00:00Z,406622.9063168269,406622.9063168269,0.0,0.37472409244302696
2022-11-18T00:00:00Z,406622.9063168269,406622.9063168269,0.0,0.37472409244302696
2022-11-19T00:00:00Z,406622.9063168269,406622.9063168269,0.0,0.37472409244302696
2022-11-20T00:00:00Z,406622.9063168269,406622.9063168269,0.0,0.37472409244302696
2022-11-21T00:00:00Z,406622.9063168269,406622.9063168269,0.0,0.37472409244302696
2022-11-22T00:00:00Z,406622.9063168269,406622.9063168269,0.0,0.37472409244302696
2022-11-23T00:00:00Z,406622.9063168269,406622.9063168269,0.0,0.37472409244302696
2022-11-24T00:00:00Z,406622.9063168269,406622.9063168269,0.0,0.37472409244302696
2022-11-25T00:00:00Z,406622.9063168269,406622.9063168269,0.0,0.37472409244302696
2022-11-26T00:00:00Z,406622.9063168269,406622.9063168269,0.0,0.37472409244302696
2022-11-27T00:00:00Z,406622.9063168269,406622.9063168269,0.0,0.37472409244302696
2022-11-28T00:00:00Z,406622.9063168269,406622.9063168269,0.0,0.37472409244302696
2022-11-29T00:00:00Z,406622.9063168269,406622.9063168269,0.0,0.37472409244302696
2022-11-30T00:00:00Z,406622.9063168269,406622.9063168269,0.0,0.37472409244302696
2022-12-01T00:00:00Z,406622.9063168269,406622.9063168269,0.0,0.37472409244302696
2022-12-02T00:00:00Z,406622.9063168269,406622.9063168269,0.0,0.37472409244302696
2022-12-03T00:00:00Z,406622.9063168269,406622.9063168269,0.0,0.37472409244302696
2022-12-04T00:00:00Z,406622.9063168269,406622.9063168269,0.0,0.37472409244302696
2022-12-05T00:00:00Z,406622.9063168269,406622.9063168269,0.0,0.37472409244302696
2022-12-06T00:00:00Z,406622.9063168269,406622.9063168269,0.0,0.37472409244302696
2022-12-07T00:00:00Z,406622.9063168269,406622.9063168269,0.0,0.37472409244302696
2022-12-08T00:00:00Z,406622.9063168269,406622.9063168269,0.0,0.37472409244302696
2022-12-09T00:00:00Z,406622.9063168269,406622.9063168269,0.0,0.37472409244302696
2022-12-10T00:00:00Z,406622.9063168269,406622.9063168269,0.0,0.37472409244302696
2022-12-11T00:00:00Z,406622.9063168269,406622.9063168269,0.0,0.37472409244302696
2022-12-12T00:00:00Z,406622.9063168269,406622.9063168269,0.0,0.37472409244302696
2022-12-13T00:00:00Z,406622.9063168269,406622.9063168269,0.0,0.37472409244302696
2022-12-14T00:00:00Z,406622.9063168269,406622.9063168269,0.0,0.37472409244302696
2022-12-15T00:00:00Z,406622.9063168269,406622.9063168269,0.0,0.37472409244302696
2022-12-16T00:00:00Z,406622.9063168269,406622.9063168269,0.0,0.37472409244302696
2022-12-17T00:00:00Z,406622.9063168269,406622.9063168269,0.0,0.37472409244302696
2022-12-18T00:00:00Z,406622.9063168269,406622.9063168269,0.0,0.37472409244302696
2022-12-19T00:00:00Z,406622.9063168269,406622.9063168269,0.0,0.37472409244302696
2022-12-20T00:00:00Z,406622.9063168269,406622.9063168269,0.0,0.37472409244302696
2022-12-21T00:00:00Z,406622.9063168269,406622.9063168269,0.0,0.37472409244302696
2022-12-22T00:00:00Z,406622.9063168269,406622.9063168269,0.0,0.37472409244302696
2022-12-23T00:00:00Z,406622.9063168269,406622.9063168269,0.0,0.37472409244302696
2022-12-24T00:00:00Z,406622.9063168269,406622.9063168269,0.0,0.37472409244302696
2022-12-25T00:00:00Z,406622.9063168269,406622.9063168269,0.0,0.37472409244302696
2022-12-26T00:00:00Z,406622.9063168269,406622.9063168269,0.0,0.37472409244302696
2022-12-27T00:00:00Z,406622.9063168269,406622.9063168269,0.0,0.37472409244302696
2022-12-28T00:00:00Z,406622.9063168269,406622.9063168269,0.0,0.37472409244302696
2022-12-29T00:00:00Z,406622.9063168269,406622.9063168269,0.0,0.37472409244302696
2022-12-30T00:00:00Z,406622.9063168269,406622.9063168269,0.0,0.37472409244302696
2022-12-31T00:00:00Z,406622.9063168269,406622.9063168269,0.0,0.37472409244302696
2023-01-01T00:00:00Z,406622.9063168269,406622.9063168269,0.0,0.37472409244302696
2023-01-02T00:00:00Z,406622.9063168269,406622.9063168269,0.0,0.37472409244302696
2023-01-03T00:00:00Z,406622.9063168269,406622.9063168269,0.0,0.37472409244302696
2023-01-04T00:00:00Z,406622.9063168269,406622.9063168269,0.0,0.37472409244302696
2023-01-05T00:00:00Z,406622.9063168269,406622.9063168269,0.0,0.37472409244302696
2023-01-06T00:00:00Z,406622.9063168269,406622.9063168269,0.0,0.37472409244302696
2023-01-07T00:00:00Z,406622.9063168269,406622.9063168269,0.0,0.37472409244302696
2023-01-08T00:00:00Z,406622.9063168269,406622.9063168269,0.0,0.37472409244302696
2023-01-09T00:00:00Z,406622.9063168269,406622.9063168269,0.0,0.37472409244302696
2023-01-10T00:00:00Z,410290.72680359567,349828.3998047944,60462.326998801276,0.3690839778602212
2023-01-11T00:00:00Z,412186.5641442003,257855.82707599047,154330.7370682098,0.36616869346450315
2023-01-12T00:00:00Z,416036.90347441414,257855.82707599047,158181.0763984237,0.36024791433056547
2023-01-13T00:00:00Z,419083.67602210585,257855.82707599047,161227.84894611535,0.35556280328472284
2023-01-14T00:00:00Z,424613.59254378267,257855.82707599047,166757.76546779223,0.34705928929647833
2023-01-15T00:00:00Z,432823.63232330466,257855.82707599047,174967.80524731422,0.33443447157354467
2023-01-16T00:00:00Z,432654.00616773637,257855.82707599047,174798.17909174587,0.33469531066234337
2023-01-17T00:00:00Z,434307.13434319536,257855.82707599047,176451.30726720486,0.3321532472316799
2023-01-18T00:00:00Z,432557.6964775546,257855.82707599047,174701.86940156418,0.3348434088830767
2023-01-19T00:00:00Z,425198.0005965347,257855.82707599047,167342.1735205442,0.34616062798180214
2023-01-20T00:00:00Z,430152.5404046687,257855.82707599047,172296.71332867825,0.3385418875544138
2023-01-21T00:00:00Z,442774.15713216143,257855.82707599047,184918.33005617096,0.3191332592368293
2023-01-22T00:00:00Z,441242.14137638285,257855.82707599047,183386.31430039238,0.3214890845659111
2023-01-23T00:00:00Z,442778.31261714816,257855.82707599047,184922.48554115766,0.3191268692263157
2023-01-24T00:00:00Z,442419.4952379761,257855.82707599047,184563.66816198564,0.31967863317990425
2023-01-25T00:00:00Z,434461.4582258059,257855.82707599047,176605.63114981545,0.33191593889450066
2023-01-26T00:00:00Z,441070.97397636296,257855.82707599047,183215.14690037252,0.3217522936712737
2023-01-27T00:00:00Z,441575.9150806486,257855.82707599047,183720.08800465814,0.32097583100195465
2023-01-28T00:00:00Z,443290.9558487315,257855.82707599047,185435.12877274104,0.318338562771117
2023-01-29T00:00:00Z,439975.0600616728,257855.82707599047,182119.23298568238,0.32343751247465874
2023-01-30T00:00:00Z,448075.6485621887,257855.82707599047,190219.82148619823,0.31098100117704114
2023-01-31T00:00:00Z,437767.5642543739,257855.82707599047,179911.7371783834,0.32683204318823733
2023-02-01T00:00:00Z,442491.8084110038,257855.82707599047,184635.9813350133,0.3195674351037733
2023-02-02T00:00:00Z,447681.4701356838,257855.82707599047,189825.64305969334,0.3115871408448842
2023-02-03T00:00:00Z,448031.0312622333,257855.82707599047,190175.20418624277,0.31104961050103397
2023-02-04T00:00:00Z,450452.76959619217,257855.82707599047,192596.94252020173,0.3073256328030048
2023-02-05T00:00:00Z,449891.0296243768,257855.82707599047,192035.20254838635,0.3081894367482115
2023-02-06T00:00:00Z,445930.9482358388,257855.82707599047,188075.1211598483,0.31427896944730704
2023-02-07T00:00:00Z,442963.08475480694,257855.82707599047,185107.25767881644,0.3188427397189244
2023-02-08T00:00:00Z,450209.8789706498,257855.82707599047,192354.0518946593,0.30769913280500605
2023-02-09T00:00:00Z,447819.62103706563,257855.82707599047,189963.79396107516,0.3113747021728384
2023-02-10T00:00:00Z,434377.12644540763,257855.82707599047,176521.2993694172,0.33204561833386637
2023-02-11T00:00:00Z,431374.43286521954,257855.82707599047,173518.60578922904,0.33666294786523493
2023-02-12T00:00:00Z,435085.91992566606,257855.82707599047,177230.09284967557,0.33095568591797403
2023-02-13T00:00:00Z,432637.7876623367,257855.82707599047,174781.96058634622,0.33472025033132274
2023-02-14T00:00:00Z,430996.01795697934,257855.82707599047,173140.19088098884,0.3372448475110916
2023-02-15T00:00:00Z,439740.9005418039,257855.82707599047,181885.07346581345,0.3237975864007082
2023-02-16T00:00:00Z,454223.2460200832,257855.82707599047,196367.4189440927,0.3015276611903734
2023-02-17T00:00:00Z,445663.8285823837,257855.82707599047,187808.00150639325,0.31468972713248844
2023-02-18T00:00:00Z,452576.92875462753,257855.82707599047,194721.10167863706,0.3040592512859949
2023-02-19T00:00:00Z,452927.05843657476,257855.82707599047,195071.23136058426,0.3035208466579201
2023-02-20T00:00:00Z,450768.5407316416,257855.82707599047,192912.71365565114,0.30684006231439936
2023-02-21T00:00:00Z,453277.51460155356,257855.82707599047,195421.6875255631,0.30298193998736156
2023-02-22T00:00:00Z,448094.9094373584,257855.82707599047,190239.08236136794,0.3109513831672956
2023-02-23T00:00:00Z,446248.39330721763,257855.82707599047,188392.56623122713,0.3137908248985805
2023-02-24T00:00:00Z,445519.9883816191,257855.82707599047,187664.16130562863,0.31491091440619845
2023-02-25T00:00:00Z,439398.1545883623,257855.82707599047,181542.32751237182,0.32432463685401614
2023-02-26T00:00:00Z,437754.6298706506,257855.82707599047,179898.80279466015,0.3268519327674903
2023-02-27T00:00:00Z,442348.0370449999,257855.82707599047,184492.2099690094,0.3197885165282633
2023-02-28T00:00:00Z,440971.17821127165,257855.82707599047,183115.35113528115,0.32190575253111275
2023-03-01T00:00:00Z,436544.5521316349,257855.82707599047,178688.72505564443,0.3287127046146326
2023-03-02T00:00:00Z,442316.6374164203,257855.82707599047,184460.81034042977,0.319836800653314
2023-03-03T00:00:00Z,439272.07661941065,257855.82707599047,181416.24954342016,0.32451851062559794
2023-03-04T00:00:00Z,432391.4899217321,257855.82707599047,174535.66284574167,0.3350989895535686
2023-03-05T00:00:00Z,430983.4811141606,257855.82707599047,173127.65403817012,0.3372641257800961
2023-03-06T00:00:00Z,430900.7307739317,257855.82707599047,173044.90369794125,0.33739137339276987
2023-03-07T00:00:00Z,430879.01123116515,321978.9634087914,108900.04782237377,0.3374247721674186
2023-03-08T00:00:00Z,430621.6794027434,321978.9634087914,108642.715993952,0.3378204788284554
2023-03-09T00:00:00Z,428570.6751810792,321978.9634087914,106591.71177228782,0.3409743678646649
2023-03-10T00:00:00Z,421956.55169921194,321978.9634087914,99977.58829042056,0.3511450985307727
2023-03-11T00:00:00Z,421188.7291625157,321978.9634087914,99209.7657537243,0.3523258016491094
2023-03-12T00:00:00Z,421039.964118768,421039.964118768,0.0,0.3525545619975725
2023-03-13T00:00:00Z,421039.964118768,421039.964118768,0.0,0.3525545619975725
2023-03-14T00:00:00Z,421039.964118768,421039.964118768,0.0,0.3525545619975725
2023-03-15T00:00:00Z,421039.964118768,421039.964118768,0.0,0.3525545619975725
2023-03-16T00:00:00Z,421039.964118768,421039.964118768,0.0,0.3525545619975725
2023-03-17T00:00:00Z,421039.964118768,421039.964118768,0.0,0.3525545619975725
2023-03-18T00:00:00Z,421039.964118768,421039.964118768,0.0,0.3525545619975725
2023-03-19T00:00:00Z,419360.79341274046,331892.1932344076,87468.60017833288,0.35513667178736474
2023-03-20T00:00:00Z,421629.3401396649,331892.1932344076,89737.1469052573,0.35164826129332377
2023-03-21T00:00:00Z,420038.58537022816,331892.1932344076,88146.39213582056,0.3540944113176048
2023-03-22T00:00:00Z,422362.16393104,331892.1932344076,90469.97069663242,0.35052137676686673
2023-03-23T00:00:00Z,419317.2916838662,331892.1932344076,87425.0984494586,0.3552035656651557
2023-03-24T00:00:00Z,422981.2504332228,331892.1932344076,91089.05719881522,0.34956938938864707
2023-03-25T00:00:00Z,420016.17356244614,331892.1932344076,88123.9803280386,0.3541288746083668
2023-03-26T00:00:00Z,419844.1135674993,331892.1932344076,87951.92033309178,0.35439345628299285
2023-03-27T00:00:00Z,421461.6413654893,331892.1932344076,89569.44813108172,0.3519061365915174
2023-03-28T00:00:00Z,418634.7375205715,331892.1932344076,86742.54428616393,0.35625314911773753
2023-03-29T00:00:00Z,420286.8937967153,331892.1932344076,88394.70056230773,0.35371258020500923
2023-03-30T00:00:00Z,422553.451759686,331892.1932344076,90661.25852527843,0.3502272278913284
2023-03-31T00:00:00Z,422047.8864932199,331892.1932344076,90155.69325881233,0.35100465035304423
2023-04-01T00:00:00Z,423467.7889348179,331892.1932344076,91575.59570041028,0.3488212249384396
2023-04-02T00:00:00Z,423418.3110149991,331892.1932344076,91526.11778059155,0.34889730857942025
2023-04-03T00:00:00Z,422303.5269189699,331892.1932344076,90411.3336845623,0.3506115446112478
2023-04-04T00:00:00Z,422101.21962677996,331892.1932344076,90209.0263923724,0.3509226384374055
2023-04-05T00:00:00Z,424186.7376168255,331892.1932344076,92294.54438241792,0.34771567657250735
2023-04-06T00:00:00Z,425149.9516314529,331892.1932344076,93257.75839704528,0.34623451427738944
2023-04-07T00:00:00Z,424017.29181891686,331892.1932344076,92125.09858450928,0.3479762383200703
2023-04-08T00:00:00Z,423597.64580987795,331892.1932344076,91705.45257547038,0.34862154023267333
2023-04-09T00:00:00Z,423279.2280291183,331892.1932344076,91387.03479471074,0.34911118054499657
2023-04-10T00:00:00Z,424142.3801290765,331892.1932344076,92250.1868946689,0.34778388637568947
2023-04-11T00:00:00Z,427558.9884958393,331892.1932344076,95666.79526143175,0.34253006799972757
2023-04-12T00:00:00Z,427968.85658900696,331892.1932344076,96076.66335459941,0.3418998018736615
2023-04-13T00:00:00Z,428144.859037612,331892.1932344076,96252.66580320438,0.3416291577730116
2023-04-14T00:00:00Z,431285.61043024156,331892.1932344076,99393.417195834,0.336799532715177
2023-04-15T00:00:00Z,433625.4690045841,331892.1932344076,101733.27577017655,0.3332014639126117
2023-04-16T00:00:00Z,433128.8080913635,331892.1932344076,101236.61485695592,0.33396519389052914
2023-04-17T00:00:00Z,433830.69237337605,331892.1932344076,101938.49913896847,0.3328858859503773
2023-04-18T00:00:00Z,431315.8826328891,331892.1932344076,99423.68939848151,0.3367529822658783
2023-04-19T00:00:00Z,433597.42947333626,331892.1932344076,101705.2362389287,0.3332445811179538
2023-04-20T00:00:00Z,426828.65965681104,331892.1932344076,94936.4664224035,0.3436531159651627
2023-04-21T00:00:00Z,426102.88175340625,331892.1932344076,94210.68851899868,0.3447691658241016
2023-04-22T00:00:00Z,422183.3154961604,331892.1932344076,90291.12226175287,0.3507963972236517
2023-04-23T00:00:00Z,423711.4776607844,331892.1932344076,91819.28442637683,0.34844649767412905
2023-04-24T00:00:00Z,423033.4800000292,331892.1932344076,91141.28676562164,0.3494890744598055
2023-04-25T00:00:00Z,422404.0485031254,331892.1932344076,90511.85526871782,0.35045696963825573
2023-04-26T00:00:00Z,424296.00444971054,331892.1932344076,92403.81121530295,0.34754765377537344
2023-04-27T00:00:00Z,424475.23323821765,331892.1932344076,92583.04000381005,0.3472720484377174
2023-04-28T00:00:00Z,427260.30535882316,331892.1932344076,95368.11212441555,0.34298936177454564
2023-04-29T00:00:00Z,426555.08464874054,331892.1932344076,94662.89141433297,0.3440738002374917
2023-04-30T00:00:00Z,426829.5654745825,331892.1932344076,94937.37224017488,0.34365172306274544
2023-05-01T00:00:00Z,425909.668006898,331892.1932344076,94017.47477249047,0.34506627623973146
2023-05-02T00:00:00Z,423043.48428935686,331892.1932344076,91151.29105494928,0.34947369057219946
2023-05-03T00:00:00Z,424990.5410548705,331892.1932344076,93098.34782046295,0.34647964457230956
2023-05-04T00:00:00Z,426443.9234733168,331892.1932344076,94551.73023890922,0.34424473602042077
2023-05-05T00:00:00Z,425442.3600976514,331892.1932344076,93550.16686324387,0.3457848692469711
2023-05-06T00:00:00Z,429413.95308715734,331892.1932344076,97521.75985274976,0.3396776348231797
2023-05-07T00:00:00Z,425942.20152480976,331892.1932344076,94050.00829040218,0.34501624849997
2023-05-08T00:00:00Z,424614.8272066205,331892.1932344076,92722.63397221292,0.3470573907194074
2023-05-09T00:00:00Z,422805.897720846,331892.1932344076,90913.70448643841,0.34983903437094066
2023-05-10T00:00:00Z,422721.28917749575,331892.1932344076,90829.09594308815,0.34996913939677304
2023-05-11T00:00:00Z,422524.3338368505,331892.1932344076,90632.14060244287,0.3502720033708804
2023-05-12T00:00:00Z,420354.8608904982,331892.1932344076,88462.66765609062,0.3536080652217436
2023-05-13T00:00:00Z,420391.04011768586,331892.1932344076,88498.84688327828,0.35355243136845343
2023-05-14T00:00:00Z,420049.98692289053,331892.1932344076,88157.79368848298,0.35407687881739935
2023-05-15T00:00:00Z,420394.69649883226,331892.1932344076,88502.5032644247,0.3535468088444781
2023-05-16T00:00:00Z,421216.6430198953,331892.1932344076,89324.44978548773,0.35228287769614147
2023-05-17T00:00:00Z,421204.75627297437,331892.1932344076,89312.5630385668,0.3523011562937154
2023-05-18T00:00:00Z,421754.56578970206,331892.1932344076,89862.37255529448,0.3514556981574059
2023-05-19T00:00:00Z,420257.7831352226,331892.1932344076,88365.58990081507,0.35375734451858243
2023-05-20T00:00:00Z,420650.42768509855,331892.1932344076,88758.23445069097,0.35315356353758753
2023-05-21T00:00:00Z,421191.81842495606,331892.1932344076,89299.62519054851,0.35232105120011586
2023-05-22T00:00:00Z,420247.5127529132,331892.1932344076,88355.31951850557,0.3537731375851307
2023-05-23T00:00:00Z,420718.397556921,331892.1932344076,88826.20432251344,0.3530490442824495
2023-05-24T00:00:00Z,422245.4449411146,331892.1932344076,90353.251706707,0.3507008589633219
2023-05-25T00:00:00Z,419445.7578166579,331892.1932344076,87553.5645822503,0.35500601954435484
2023-05-26T00:00:00Z,419825.7295278847,331892.1932344076,87933.53629347711,0.35442172595712096
2023-05-27T00:00:00Z,420315.30574684177,374797.2750336908,45518.030713150976,0.353668890320291
2023-05-28T00:00:00Z,420370.5908043881,374797.2750336908,45573.315770697314,0.35358387687418497
2023-05-29T00:00:00Z,422323.49810744385,374797.2750336908,47526.22307375307,0.3505808343320086
2023-05-30T00:00:00Z,421928.28465552477,374797.2750336908,47131.009621833975,0.35118856558863115
2023-05-31T00:00:00Z,422126.01589737966,374797.2750336908,47328.740863688894,0.3508845084885944
2023-06-01T00:00:00Z,421453.38103056594,374797.2750336908,46656.10599687513,0.35191883874955054
2023-06-02T00:00:00Z,421157.28223136504,374797.2750336908,46360.00719767425,0.3523741585127038
2023-06-03T00:00:00Z,422277.1781943645,374797.2750336908,47479.9031606737,0.3506520618138812
2023-06-04T00:00:00Z,421912.3466209168,374797.2750336908,47115.071587226026,0.3512130739694906
2023-06-05T00:00:00Z,421870.0112164894,374797.2750336908,47072.73618279865,0.3512781743561483
2023-06-06T00:00:00Z,419879.50011303055,374797.2750336908,45082.22507933976,0.35433904135941474
2023-06-07T00:00:00Z,421723.8295553196,374797.2750336908,46926.55452162883,0.3515029621618429
2023-06-08T00:00:00Z,420426.87198909745,374797.2750336908,45629.59695540665,0.35349733165427527
2023-06-09T00:00:00Z,420758.83136616624,374797.2750336908,45961.55633247542,0.3529868680341884
2023-06-10T00:00:00Z,420626.59548527835,374797.2750336908,45829.32045158756,0.3531902110066311
2023-06-11T00:00:00Z,418412.70286551735,374797.2750336908,43615.427831826586,0.35659457828537994
2023-06-12T00:00:00Z,418445.3260301055,374797.2750336908,43648.050996414735,0.35654441269330833
2023-06-13T00:00:00Z,418377.14053559303,418377.14053559303,0.0,0.3566492635177484
2023-06-14T00:00:00Z,418377.14053559303,418377.14053559303,0.0,0.3566492635177484
2023-06-15T00:00:00Z,418377.14053559303,418377.14053559303,0.0,0.3566492635177484
2023-06-16T00:00:00Z,418377.14053559303,418377.14053559303,0.0,0.3566492635177484
2023-06-17T00:00:00Z,418377.14053559303,418377.14053559303,0.0,0.3566492635177484
2023-06-18T00:00:00Z,418377.14053559303,418377.14053559303,0.0,0.3566492635177484
2023-06-19T00:00:00Z,418377.14053559303,418377.14053559303,0.0,0.3566492635177484
2023-06-20T00:00:00Z,418377.14053559303,418377.14053559303,0.0,0.3566492635177484
2023-06-21T00:00:00Z,418377.14053559303,418377.14053559303,0.0,0.3566492635177484
2023-06-22T00:00:00Z,422190.95423300157,352588.0051412254,69602.94909177613,0.3507846509151266
2023-06-23T00:00:00Z,421949.1282481139,352588.0051412254,69361.12310688851,0.3511565137881289
2023-06-24T00:00:00Z,423814.34460180084,352588.0051412254,71226.33946057544,0.34828831617745865
2023-06-25T00:00:00Z,423446.2678148222,352588.0051412254,70858.2626735968,0.34885431859260396
2023-06-26T00:00:00Z,423289.15054824937,352588.0051412254,70701.14540702393,0.3490959223978078
2023-06-27T00:00:00Z,422841.47077392286,352588.0051412254,70253.46563269744,0.34978433264926767
2023-06-28T00:00:00Z,423818.5220180465,352588.0051412254,71230.51687682112,0.34828189244260827
2023-06-29T00:00:00Z,422394.9513929979,352588.0051412254,69806.94625177249,0.35047095852993587
2023-06-30T00:00:00Z,423253.1783528006,352588.0051412254,70665.1732115752,0.3491512378923523
2023-07-01T00:00:00Z,423314.2150457233,352588.0051412254,70726.20990449788,0.3490573799887059
2023-07-02T00:00:00Z,423570.4299087904,352588.0051412254,70982.424767565,0.34866339091788595
2023-07-03T00:00:00Z,423639.12519816344,352588.0051412254,71051.12005693806,0.348557756167014
2023-07-04T00:00:00Z,424895.5991733857,352588.0051412254,72307.5940321603,0.34662563947369945
2023-07-05T00:00:00Z,423989.09984807763,352588.0051412254,71401.09470685221,0.34801958993622
2023-07-06T00:00:00Z,423381.9820203751,352588.0051412254,70793.97687914969,0.3489531727344673
2023-07-07T00:00:00Z,421967.9266212194,352588.0051412254,69379.92147999398,0.3511276069813024
2023-07-08T00:00:00Z,423008.56742374925,352588.0051412254,70420.56228252381,0.3495273832552546
2023-07-09T00:00:00Z,422880.692070896,352588.0051412254,70292.68692967057,0.3497240209165063
2023-07-10T00:00:00Z,422590.593720503,352588.0051412254,70002.58857927755,0.35017011361444556
2023-07-11T00:00:00Z,423171.95081469056,352588.0051412254,70583.94567346515,0.34927614384777533
2023-07-12T00:00:00Z,423653.2819976627,352588.0051412254,71065.27685643725,0.34853598684335446
2023-07-13T00:00:00Z,423094.43653546553,352588.0051412254,70506.43139424015,0.3493953398166647
2023-07-14T00:00:00Z,425581.1595950345,352588.0051412254,72993.15445380908,0.3455714332099294
2023-07-15T00:00:00Z,420520.2957157834,282841.85054966906,137678.4451661143,0.3533536712638166
2023-07-16T00:00:00Z,420236.2110590691,282841.85054966906,137394.36050940002,0.35379051652951754
2023-07-17T00:00:00Z,419789.03315900674,282841.85054966906,136947.18260933764,0.3544781550342776
2023-07-18T00:00:00Z,418115.71796864667,348164.4187777186,69951.29919092807,0.3570512606267747
2023-07-19T00:00:00Z,417460.7919327994,348164.4187777186,69296.37315508079,0.3580583595016424
2023-07-20T00:00:00Z,417575.90295823535,348164.4187777186,69411.48418051674,0.3578813499191001
2023-07-21T00:00:00Z,417325.49006217613,348164.4187777186,69161.07128445749,0.3582664171359612
2023-07-22T00:00:00Z,417553.39132624486,348164.4187777186,69388.97254852625,0.3579159667124602
2023-07-23T00:00:00Z,417299.26517130056,348164.4187777186,69134.84639358196,0.358306743915855
2023-07-24T00:00:00Z,417980.880255384,348164.4187777186,69816.46147766539,0.35725860451277686
2023-07-25T00:00:00Z,415885.20977214485,348164.4187777186,67720.79099442624,0.36048117816269004
2023-07-26T00:00:00Z,415995.91130265483,348164.4187777186,67831.4925249362,0.36031094918915646
2023-07-27T00:00:00Z,416284.84925964626,348164.4187777186,68120.43048192764,0.359866640862009
2023-07-28T00:00:00Z,415980.8261884344,348164.4187777186,67816.40741071576,0.3603341460094493
2023-07-29T00:00:00Z,416197.81975452835,348164.4187777186,68033.40097680975,0.36000046867139074
2023-07-30T00:00:00Z,416290.4191479738,348164.4187777186,68126.0003702552,0.35985807588220853
2023-07-31T00:00:00Z,416113.1110362136,348164.4187777186,67948.69225849498,0.360130727739189
2023-08-01T00:00:00Z,416010.764338195,348164.4187777186,67846.34556047633,0.3602881092430219
2023-08-02T00:00:00Z,417112.4418336475,348164.4187777186,68948.02305592886,0.3585940276133278
2023-08-03T00:00:00Z,415890.7796604724,348164.4187777186,67726.36088275378,0.3604726131828896
2023-08-04T00:00:00Z,415917.70078738884,348164.4187777186,67753.28200967025,0.3604312157805209
2023-08-05T00:00:00Z,415731.5736857767,348164.4187777186,67567.15490805809,0.3607174288555187
2023-08-06T00:00:00Z,415638.97429233126,348164.4187777186,67474.55551461264,0.36085982164470093
2023-08-07T00:00:00Z,415679.12390402565,348164.4187777186,67514.70512630703,0.36079808241530614
2023-08-08T00:00:00Z,415964.58068081236,348164.4187777186,67800.16190309376,0.3603591272005339
2023-08-09T00:00:00Z,417260.50803168805,348164.4187777186,69096.08925396945,0.35836634190029965
2023-08-10T00:00:00Z,416817.23775228753,348164.4187777186,68652.81897456892,0.3590479715427508
2023-08-11T00:00:00Z,416519.4808054441,348164.4187777186,68355.06202772552,0.3595058410879157
2023-08-12T00:00:00Z,416457.28371911985,348164.4187777186,68292.86494140126,0.3596014833623539
2023-08-13T00:00:00Z,416467.0310236931,348164.4187777186,68302.61224597447,0.3595864946477031
2023-08-14T00:00:00Z,416179.94969614415,348164.4187777186,68015.53091842553,0.3600279479815838
2023-08-15T00:00:00Z,416472.13675466,348164.4187777186,68307.71797694138,0.35957864341621937
2023-08-16T00:00:00Z,415936.4991604943,348164.4187777186,67772.08038277572,0.36040230897369446
2023-08-17T00:00:00Z,414834.3575076812,348164.4187777186,66669.93872996257,0.3620971043517052
2023-08-18T00:00:00Z,409611.7806637027,409611.7806637027,0.0,0.37012801314994265
2023-08-19T00:00:00Z,409611.7806637027,409611.7806637027,0.0,0.37012801314994265
2023-08-20T00:00:00Z,409611.7806637027,409611.7806637027,0.0,0.37012801314994265
2023-08-21T00:00:00Z,409611.7806637027,409611.7806637027,0.0,0.37012801314994265
2023-08-22T00:00:00Z,409611.7806637027,409611.7806637027,0.0,0.37012801314994265
2023-08-23T00:00:00Z,409611.7806637027,409611.7806637027,0.0,0.37012801314994265
2023-08-24T00:00:00Z,409611.7806637027,409611.7806637027,0.0,0.37012801314994265
2023-08-25T00:00:00Z,409611.7806637027,409611.7806637027,0.0,0.37012801314994265
2023-08-26T00:00:00Z,409611.7806637027,409611.7806637027,0.0,0.37012801314994265
2023-08-27T00:00:00Z,409611.7806637027,409611.7806637027,0.0,0.37012801314994265
2023-08-28T00:00:00Z,409611.7806637027,409611.7806637027,0.0,0.37012801314994265
2023-08-29T00:00:00Z,409611.7806637027,409611.7806637027,0.0,0.37012801314994265
2023-08-30T00:00:00Z,409611.7806637027,409611.7806637027,0.0,0.37012801314994265
2023-08-31T00:00:00Z,409611.7806637027,409611.7806637027,0.0,0.37012801314994265
2023-09-01T00:00:00Z,409611.7806637027,409611.7806637027,0.0,0.37012801314994265
2023-09-02T00:00:00Z,409611.7806637027,409611.7806637027,0.0,0.37012801314994265
2023-09-03T00:00:00Z,409611.7806637027,409611.7806637027,0.0,0.37012801314994265
2023-09-04T00:00:00Z,409611.7806637027,409611.7806637027,0.0,0.37012801314994265
2023-09-05T00:00:00Z,409611.7806637027,409611.7806637027,0.0,0.37012801314994265
2023-09-06T00:00:00Z,409611.7806637027,409611.7806637027,0.0,0.37012801314994265
2023-09-07T00:00:00Z,409611.7806637027,409611.7806637027,0.0,0.37012801314994265
2023-09-08T00:00:00Z,409611.7806637027,409611.7806637027,0.0,0.37012801314994265
2023-09-09T00:00:00Z,409611.7806637027,409611.7806637027,0.0,0.37012801314994265
2023-09-10T00:00:00Z,409611.7806637027,409611.7806637027,0.0,0.37012801314994265
2023-09-11T00:00:00Z,409611.7806637027,409611.7806637027,0.0,0.37012801314994265
2023-09-12T00:00:00Z,409611.7806637027,409611.7806637027,0.0,0.37012801314994265
2023-09-13T00:00:00Z,409611.7806637027,409611.7806637027,0.0,0.37012801314994265
2023-09-14T00:00:00Z,409611.7806637027,409611.7806637027,0.0,0.37012801314994265
2023-09-15T00:00:00Z,409611.7806637027,409611.7806637027,0.0,0.37012801314994265
2023-09-16T00:00:00Z,409611.7806637027,409611.7806637027,0.0,0.37012801314994265
2023-09-17T00:00:00Z,409611.7806637027,409611.7806637027,0.0,0.37012801314994265
2023-09-18T00:00:00Z,409611.7806637027,409611.7806637027,0.0,0.37012801314994265
2023-09-19T00:00:00Z,409611.7806637027,409611.7806637027,0.0,0.37012801314994265
2023-09-20T00:00:00Z,409611.7806637027,409611.7806637027,0.0,0.37012801314994265
2023-09-21T00:00:00Z,409611.7806637027,409611.7806637027,0.0,0.37012801314994265
2023-09-22T00:00:00Z,409611.7806637027,409611.7806637027,0.0,0.37012801314994265
2023-09-23T00:00:00Z,409611.7806637027,409611.7806637027,0.0,0.37012801314994265
2023-09-24T00:00:00Z,409611.7806637027,409611.7806637027,0.0,0.37012801314994265
2023-09-25T00:00:00Z,409611.7806637027,409611.7806637027,0.0,0.37012801314994265
2023-09-26T00:00:00Z,409611.7806637027,409611.7806637027,0.0,0.37012801314994265
2023-09-27T00:00:00Z,409611.7806637027,409611.7806637027,0.0,0.37012801314994265
2023-09-28T00:00:00Z,409611.7806637027,409611.7806637027,0.0,0.37012801314994265
2023-09-29T00:00:00Z,409611.7806637027,409611.7806637027,0.0,0.37012801314994265
2023-09-30T00:00:00Z,409611.7806637027,409611.7806637027,0.0,0.37012801314994265
2023-10-01T00:00:00Z,409611.7806637027,409611.7806637027,0.0,0.37012801314994265
2023-10-02T00:00:00Z,409611.7806637027,409611.7806637027,0.0,0.37012801314994265
2023-10-03T00:00:00Z,403631.3464115534,313255.3693314672,90375.9770800862,0.3793243013976191
2023-10-04T00:00:00Z,403424.89147533366,313255.3693314672,90169.52214386647,0.379641773177022
2023-10-05T00:00:00Z,404590.63861519855,313255.3693314672,91335.26928373138,0.37784916978567984
2023-10-06T00:00:00Z,403359.79899544275,313255.3693314672,90104.42966397553,0.37974186778262997
2023-10-07T00:00:00Z,405070.61346691963,313255.3693314672,91815.24413545242,0.377111098451399
2023-10-08T00:00:00Z,405154.11594112316,313255.3693314672,91898.74660965595,0.37698269426036657
2023-10-09T00:00:00Z,405035.1084778882,313255.3693314672,91779.73914642101,0.3771656955090033
2023-10-10T00:00:00Z,403956.1513112112,313255.3693314672,90700.78197974399,0.3788248394262017
2023-10-11T00:00:00Z,403290.10401697364,313255.3693314672,90034.73468550645,0.37984903978459406
2023-10-12T00:00:00Z,401099.31751752604,401099.31751752604,0.0,0.38321787610794256
2023-10-13T00:00:00Z,401099.31751752604,401099.31751752604,0.0,0.38321787610794256
2023-10-14T00:00:00Z,401099.31751752604,401099.31751752604,0.0,0.38321787610794256
2023-10-15T00:00:00Z,401099.31751752604,401099.31751752604,0.0,0.38321787610794256
2023-10-16T00:00:00Z,401099.31751752604,401099.31751752604,0.0,0.38321787610794256
2023-10-17T00:00:00Z,401099.31751752604,401099.31751752604,0.0,0.38321787610794256
2023-10-18T00:00:00Z,401099.31751752604,401099.31751752604,0.0,0.38321787610794256
2023-10-19T00:00:00Z,401099.31751752604,401099.31751752604,0.0,0.38321787610794256
2023-10-20T00:00:00Z,401099.31751752604,401099.31751752604,0.0,0.38321787610794256
2023-10-21T00:00:00Z,401099.31751752604,401099.31751752604,0.0,0.38321787610794256
2023-10-22T00:00:00Z,401099.31751752604,401099.31751752604,0.0,0.38321787610794256
2023-10-23T00:00:00Z,401099.31751752604,401099.31751752604,0.0,0.38321787610794256
2023-10-24T00:00:00Z,401099.31751752604,401099.31751752604,0.0,0.38321787610794256
2023-10-25T00:00:00Z,402479.0048019105,344373.1721995543,58105.83260235618,0.38109629071399004
2023-10-26T00:00:00Z,403450.0899873243,344373.1721995543,59076.91778777004,0.37960302468988744
2023-10-27T00:00:00Z,402859.0467818811,344373.1721995543,58485.8745823268,0.3805118890724586
2023-10-28T00:00:00Z,402417.8624013474,344373.1721995543,58044.69020179309,0.3811903111673595
2023-10-29T00:00:00Z,402747.038014463,344373.1721995543,58373.865814908684,0.3806841282223286
2023-10-30T00:00:00Z,403500.6138197224,344373.1721995543,59127.441620168116,0.3795253327186158
2023-10-31T00:00:00Z,403414.9802054884,344373.1721995543,59041.808005934094,0.3796570140258559
2023-11-01T00:00:00Z,403699.28380474536,344373.1721995543,59326.11160519106,0.3792198320858188
2023-11-02T00:00:00Z,405038.93606582243,344373.1721995543,60665.76386626816,0.37715980971535484
2023-11-03T00:00:00Z,404206.91986992466,344373.1721995543,59833.747670370365,0.37843922529649954
2023-11-04T00:00:00Z,404529.18175596313,303168.6191014478,101360.56265451532,0.37794367379132504
2023-11-05T00:00:00Z,404971.0461680368,303168.6191014478,101802.427066589,0.377264205992083
2023-11-06T00:00:00Z,406674.5600568504,303168.6191014478,103505.94095540256,0.37464466297983107
2023-11-07T00:00:00Z,409352.6804394291,303168.6191014478,106184.0613379813,0.37052643912487937
2023-11-08T00:00:00Z,408502.3780545839,303168.6191014478,105333.75895313609,0.3718339739123261
2023-11-09T00:00:00Z,409743.19490627677,303168.6191014478,106574.57580482893,0.369925933634709
2023-11-10T00:00:00Z,412929.0406850261,303168.6191014478,109760.42158357827,0.36502696562356624
2023-11-11T00:00:00Z,416222.5589700355,303168.6191014478,113053.93986858772,0.35996242645786025
2023-11-12T00:00:00Z,415729.2941763322,303168.6191014478,112560.67507488435,0.36072093412370343
2023-11-13T00:00:00Z,415479.4379895121,303168.6191014478,112310.81888806433,0.3611051452725238
2023-11-14T00:00:00Z,411052.92347953736,303168.6191014478,107884.30437808955,0.367911925792119
2023-11-15T00:00:00Z,409606.7663396631,303168.6191014478,106438.14723821532,0.3701357238223271
2023-11-16T00:00:00Z,416224.5277773675,303168.6191014478,113055.9086759197,0.35995939896537965
2023-11-17T00:00:00Z,412316.05410525366,303168.6191014478,109147.43500380588,0.3659695729731109
2023-11-18T00:00:00Z,412618.9414099831,303168.6191014478,109450.32230853531,0.3655038143269302
2023-11-19T00:00:00Z,413836.1577526656,303168.6191014478,110667.53865121778,0.36363206524063807
2023-11-20T00:00:00Z,416043.3582939458,303168.6191014478,112874.73919249797,0.3602379885662318
2023-11-21T00:00:00Z,415725.89242367994,303168.6191014478,112557.27332223213,0.36072616509801375
2023-11-22T00:00:00Z,409804.4537378537,303168.6191014478,106635.83463640588,0.36983173414197235
2023-11-23T00:00:00Z,415674.52730320295,303168.6191014478,112505.90820175516,0.36080515074251157
2023-11-24T00:00:00Z,416366.9841094997,303168.6191014478,113198.36500805191,0.35974033970684444
2023-11-25T00:00:00Z,416916.39821979735,303168.6191014478,113747.77911834953,0.3588954895985397
2023-11-26T00:00:00Z,418056.0364377599,303168.6191014478,114887.4173363121,0.3571430346582174
2023-11-27T00:00:00Z,416628.88811045396,303168.6191014478,113460.26900900614,0.3593376022826968
2023-11-28T00:00:00Z,415058.33319259324,303168.6191014478,111889.71409114545,0.36175269040581465
2023-11-29T00:00:00Z,417061.0940965195,303168.6191014478,113892.4749950717,0.3586729865269426
2023-11-30T00:00:00Z,416585.53843603615,303168.6191014478,113416.91933458834,0.35940426234191336
2023-12-01T00:00:00Z,415638.7341736639,303168.6191014478,112470.11507221611,0.36086019088218196
2023-12-02T00:00:00Z,418353.3752193568,303168.6191014478,115184.75611790897,0.35668580813795336
2023-12-03T00:00:00Z,421395.044789484,303168.6191014478,118226.4256880362,0.3520085440896072
2023-12-04T00:00:00Z,421904.5570148409,303168.6191014478,118735.93791339308,0.35122505227403994
2023-12-05T00:00:00Z,426904.96301109163,303168.6191014478,123736.34390964381,0.34353578207089297
2023-12-06T00:00:00Z,432872.0405871144,303168.6191014478,129703.4214856666,0.3343600327738197
2023-12-07T00:00:00Z,434440.8070829267,303168.6191014478,131272.18798147887,0.33194769475946867
2023-12-08T00:00:00Z,435296.6545473217,303168.6191014478,132128.0354458739,0.3306316331414028
2023-12-09T00:00:00Z,448271.45463418256,303168.6191014478,145102.83553273475,0.3106799044668727
2023-12-10T00:00:00Z,451728.77669811086,303168.6191014478,148560.15759666305,0.3053634794508282
2023-12-11T00:00:00Z,453898.93945866066,303168.6191014478,150730.32035721288,0.30202635685254586
2023-12-12T00:00:00Z,443922.3129348654,303168.6191014478,140753.6938334176,0.3173677065579225
2023-12-13T00:00:00Z,447862.9367703915,303168.6191014478,144694.31766894367,0.3113080943058293
2023-12-14T00:00:00Z,461536.6012633923,303168.6191014478,158367.9821619445,0.290281701442391
2023-12-15T00:00:00Z,458778.4927085611,303168.6191014478,155609.87360711332,0.29452292544372405
2023-12-16T00:00:00Z,451441.12905388774,303168.6191014478,148272.50995243993,0.3058058036263829
2023-12-17T00:00:00Z,452975.84665471176,303168.6191014478,149807.22755326392,0.3034458235913398
2023-12-18T00:00:00Z,447948.64434981695,303168.6191014478,144780.02524836917,0.3111762992601561
2023-12-19T00:00:00Z,452948.1974539726,303168.6191014478,149779.57835252478,0.3034883405740696
2023-12-20T00:00:00Z,448928.5114756011,303168.6191014478,145759.8923741533,0.3096695289901051
2023-12-21T00:00:00Z,453023.24425285665,303168.6191014478,149854.62515140884,0.3033729389216971
2023-12-22T00:00:00Z,459182.94249959406,303168.6191014478,156014.32339814625,0.29390099119894664
2023-12-23T00:00:00Z,457754.5961938589,303168.6191014478,154585.97709241108,0.2960974009898115
2023-12-24T00:00:00Z,456025.7362858939,303168.6191014478,152857.11718444608,0.29875591931526313
2023-12-25T00:00:00Z,452194.942821678,303168.6191014478,149026.32372023023,0.3046466422007431
2023-12-26T00:00:00Z,457281.2809081674,303168.6191014478,154112.6618067196,0.2968252317150947
2023-12-27T00:00:00Z,453489.8189697815,303168.6191014478,150321.19986833367,0.3026554733656838
2023-12-28T00:00:00Z,458200.308699753,303168.6191014478,155031.6895983052,0.2954120158644214
2023-12-29T00:00:00Z,454505.5341256097,303168.6191014478,151336.91502416186,0.3010935785338541
2023-12-30T00:00:00Z,452647.2736650586,303168.6191014478,149478.6545636108,0.30395107986468906
2023-12-31T00:00:00Z,451859.8727728418,303168.6191014478,148691.25367139396,0.3051618891915705
2024-01-01T00:00:00Z,451250.4155342022,303168.6191014478,148081.79643275437,0.3060990693702755
2024-01-02T00:00:00Z,458182.1826196384,303168.6191014478,155013.56351819058,0.2954398888666996
2024-01-03T00:00:00Z,457163.9853633104,303168.6191014478,153995.36626186257,0.29700560049689106
2024-01-04T00:00:00Z,447456.5920063148,303168.6191014478,144287.97290486697,0.31193294250594794
2024-01-05T00:00:00Z,451346.39117466443,303168.6191014478,148177.77207321662,0.3059514848275428
2024-01-06T00:00:00Z,447697.93928380904,303168.6191014478,144529.32018236123,0.3115618157552723
2024-01-07T00:00:00Z,445052.43293844187,303168.6191014478,141883.81383699406,0.31562988805358577
2024-01-08T00:00:00Z,441366.1610862219,303168.6191014478,138197.5419847741,0.32129837583942294
2024-01-09T00:00:00Z,452470.817913701,303168.6191014478,149302.1988122532,0.30422242102220814
2024-01-10T00:00:00Z,447365.98443337297,303168.6191014478,144197.36533192516,0.312072272414624
2024-01-11T00:00:00Z,455139.59345677216,303168.6191014478,151970.97435532438,0.3001185669996326
2024-01-12T00:00:00Z,456625.1717103972,303168.6191014478,153456.55260894937,0.2978341499725738
2024-01-13T00:00:00Z,446186.8848087068,303168.6191014478,143018.26570725898,0.3138854083114462
2024-01-14T00:00:00Z,446450.6756823815,303168.6191014478,143282.05658093368,0.3134797693880609
2024-01-15T00:00:00Z,441487.08875979786,303168.6191014478,138318.46965835005,0.32111242182731664
2024-01-16T00:00:00Z,443183.1495263269,303168.6191014478,140014.5304248791,0.3185043396986701
2024-01-17T00:00:00Z,445249.9993795491,303168.6191014478,142081.3802781013,0.31532608437246734
2024-01-18T00:00:00Z,443685.0793194757,303168.6191014478,140516.4602180279,0.3177325076103508
2024-01-19T00:00:00Z,437871.83924700005,303168.6191014478,134703.22014555224,0.32667169648952227
2024-01-20T00:00:00Z,438711.5290565856,303168.6191014478,135542.90995513785,0.32538048096870786
2024-01-21T00:00:00Z,440266.1264726214,303168.6191014478,137097.5073711736,0.32298993116175695
2024-01-22T00:00:00Z,438455.05453274364,303168.6191014478,135286.43543129586,0.32577486932747773
2024-01-23T00:00:00Z,431828.84214731003,303168.6191014478,128660.22304586225,0.3359641894533317
2024-01-24T00:00:00Z,432292.31281935336,303168.6191014478,129123.69371790555,0.3352514970777031
2024-01-25T00:00:00Z,432498.9383137177,303168.6191014478,129330.31921226991,0.33493376302606453
2024-01-26T00:00:00Z,431043.8141921459,303168.6191014478,127875.19509069808,0.3371713498456692
2024-01-27T00:00:00Z,436529.5318960549,303168.6191014478,133360.9127946071,0.328735801669147
2024-01-28T00:00:00Z,437214.6037431344,303168.6191014478,134045.98464168663,0.32768234670074786
2024-01-29T00:00:00Z,437579.8235841592,303168.6191014478,134411.2044827114,0.32712073749475623
2024-01-30T00:00:00Z,444317.3218576217,303168.6191014478,141148.7027561739,0.31676028981176135
2024-01-31T00:00:00Z,442127.55084885564,303168.6191014478,138958.9317474078,0.3201275645854587
2024-02-01T00:00:00Z,439453.16161824355,303168.6191014478,136284.54251679571,0.32424005093916314
2024-02-02T00:00:00Z,441617.987102286,303168.6191014478,138449.3680008382,0.3209111356266981
2024-02-03T00:00:00Z,442673.1227965023,303168.6191014478,139504.50369505453,0.31928862268276964
2024-02-04T00:00:00Z,442068.5530505481,303168.6191014478,138899.9339491003,0.32021828722136425
2024-02-05T00:00:00Z,438929.9960274842,303168.6191014478,135761.37692603638,0.32504453793309
2024-02-06T00:00:00Z,439249.8683104542,303168.6191014478,136081.24920900638,0.3245526609902782
2024-02-07T00:00:00Z,440422.01146670384,303168.6191014478,137253.39236525603,0.32275022225791705
2024-02-08T00:00:00Z,443066.98207469215,303168.6191014478,139898.3629732443,0.3186829737786029
2024-02-09T00:00:00Z,448273.8245096792,303168.6191014478,145105.20540823144,0.31067626024017286
2024-02-10T00:00:00Z,452695.8763782962,303168.6191014478,149527.25727684837,0.3038763420544053
2024-02-11T00:00:00Z,455191.0536465387,303168.6191014478,152022.4345450909,0.30003943516431425
2024-02-12T00:00:00Z,454837.4023770299,303168.6191014478,151668.78327558207,0.30058325504033595
2024-02-13T00:00:00Z,459879.1732989718,303168.6191014478,156710.55419752398,0.29283037678400065
2024-02-14T00:00:00Z,457661.2832844976,303168.6191014478,154492.6641830498,0.2962408909732366
2024-02-15T00:00:00Z,465321.3601784291,303168.6191014478,162152.7410769813,0.2844617672263878
2024-02-16T00:00:00Z,469514.99633851624,303168.6191014478,166346.3772370684,0.2780130905403796
2024-02-17T00:00:00Z,468666.4969781623,303168.6191014478,165497.8778767145,0.2793178527644571
2024-02-18T00:00:00Z,469219.9269425646,303168.6191014478,166051.3078411168,0.27846682736012035
2024-02-19T00:00:00Z,471311.8799424531,303168.6191014478,168143.2608410053,0.2752499701928248
2024-02-20T00:00:00Z,472182.2222508784,303168.6191014478,169013.6031494306,0.2739116194301606
2024-02-21T00:00:00Z,471884.53953042126,303168.6191014478,168715.92042897342,0.27436937483524554
2024-02-22T00:00:00Z,468221.2707930654,303168.6191014478,165052.65169161765,0.2800024900601673
2024-02-23T00:00:00Z,465610.23545298126,303168.6191014478,162441.61635153345,0.28401755528785616
2024-02-24T00:00:00Z,464262.42128160124,303168.6191014478,161093.80218015343,0.2860901284659425
2024-02-25T00:00:00Z,467444.12993049726,303168.6191014478,164275.51082904945,0.2811975222400891
2024-02-26T00:00:00Z,467073.2219897262,303168.6191014478,163904.60288827837,0.2817678782030289
2024-02-27T00:00:00Z,475308.82359449693,303168.6191014478,172140.2044930491,0.26910375331556285
2024-02-28T00:00:00Z,480293.64267823694,303168.6191014478,177125.02357678916,0.2614384515625813
2024-02-29T00:00:00Z,490161.65179013746,303168.6191014478,186993.03268868965,0.2462641260207328
2024-03-01T00:00:00Z,491264.9230141316,303168.6191014478,188096.3039126838,0.24456759366815814
2024-03-02T00:00:00Z,501617.99293121067,303168.6191014478,198449.3738297629,0.22864737597299847
2024-03-03T00:00:00Z,503757.97325458704,303168.6191014478,200589.35415313923,0.2253566657890261
2024-03-04T00:00:00Z,503951.05601174186,303168.6191014478,200782.43691029408,0.22505975679954698
2024-03-05T00:00:00Z,518115.3946702041,303168.6191014478,214946.77556875627,0.20327883995490298
2024-03-06T00:00:00Z,500443.07857228,303168.6191014478,197274.4594708322,0.23045407606458082
2024-03-07T00:00:00Z,509922.2986450557,303168.6191014478,206753.67954360787,0.21587760277234855
2024-03-08T00:00:00Z,512172.70488363225,303168.6191014478,209004.08578218444,0.21241708743654636
2024-03-09T00:00:00Z,511858.53019932925,303168.6191014478,208689.91109788147,0.21290020301564244
2024-03-10T00:00:00Z,514598.354797496,303168.6191014478,211429.73569604818,0.20868709478796477
2024-03-11T00:00:00Z,512500.92742998304,303168.6191014478,209332.30832853523,0.21191237005008845
2024-03-12T00:00:00Z,525340.3992406478,303168.6191014478,222171.78013919995,0.19216873961449693
2024-03-13T00:00:00Z,520779.83694427356,303168.6191014478,217611.21784282575,0.1991816493265082
2024-03-14T00:00:00Z,525554.5306510804,303168.6191014478,222385.91154963267,0.1918394634967113
2024-03-15T00:00:00Z,521060.9590924294,303168.6191014478,217892.33999098156,0.19874935959665826
2024-03-16T00:00:00Z,514758.0452909956,303168.6191014478,211589.42618954778,0.20844153405663352
2024-03-17T00:00:00Z,498895.44457634905,303168.6191014478,195726.82547490124,0.2328339180172566
2024-03-18T00:00:00Z,507035.7858943894,303168.6191014478,203867.16679294154,0.22031627765221712
2024-03-19T00:00:00Z,503013.3133489303,303168.6191014478,199844.69424748255,0.22650175105377013
2024-03-20T00:00:00Z,483919.2219079099,303168.6191014478,180750.6028064621,0.25586329259333446
2024-03-21T00:00:00Z,500788.6484589072,303168.6191014478,197620.0293574594,0.22992268316681616
2024-03-22T00:00:00Z,495792.92368226446,303168.6191014478,192624.30458081665,0.23760475492198252
2024-03-23T00:00:00Z,490679.8109691463,303168.6191014478,187511.19186769854,0.24546733753223263
2024-03-24T00:00:00Z,492105.8881431467,303168.6191014478,188937.2690416989,0.24327441705144545
2024-03-25T00:00:00Z,500634.35211730894,303168.6191014478,197465.73301586113,0.2301599491533772
2024-03-26T00:00:00Z,506439.0264677296,303168.6191014478,203270.40736628175,0.22123393203494177
2024-03-27T00:00:00Z,507740.99458320125,303168.6191014478,204572.37548175344,0.21923185767472983
2024-03-28T00:00:00Z,504644.6053883017,303168.6191014478,201475.9862868539,0.22399326568670708
2024-03-29T00:00:00Z,507298.12634999055,303168.6191014478,204129.50724854274,0.21991286907902394
2024-03-30T00:00:00Z,507393.18718698324,303168.6191014478,204224.56808553543,0.2197666912562787
2024-03-31T00:00:00Z,504286.03417167143,303168.6191014478,201117.41507022362,0.22454465110897254
2024-04-01T00:00:00Z,508027.02411614393,303168.6191014478,204858.4050146961,0.21879202171610462
2024-04-02T00:00:00Z,501548.88328034856,303168.6191014478,198380.26417890075,0.2287536478996225
2024-04-03T00:00:00Z,489237.0850370048,303168.6191014478,186068.46593555697,0.2476858592941938
2024-04-04T00:00:00Z,488652.15057430224,303168.6191014478,185483.53147285443,0.24858533008481054
2024-04-05T00:00:00Z,494735.5778337837,303168.6191014478,191566.9587323359,0.2392306664846117
2024-04-06T00:00:00Z,492428.94059791183,303168.6191014478,189260.32149646402,0.24277764986567263
2024-04-07T00:00:00Z,495485.6841705698,303168.6191014478,192317.065069122,0.23807720608380306
2024-04-08T00:00:00Z,496942.5038755578,303168.6191014478,193773.88477411002,0.23583701191610534
2024-04-09T00:00:00Z,504011.8618616961,303168.6191014478,200843.24276024834,0.2249662538698687
2024-04-10T00:00:00Z,496867.5432832121,303168.6191014478,193698.92418176433,0.23595228100616847
2024-04-11T00:00:00Z,498794.003870596,303168.6191014478,195625.3847691482,0.23298990635034758
2024-04-12T00:00:00Z,497683.32811487734,303168.6191014478,194514.70901342953,0.23469782486740573
2024-04-13T00:00:00Z,482114.00205977645,303168.6191014478,178945.38295832864,0.25863923182682663
2024-04-14T00:00:00Z,469287.7874549102,303168.6191014478,166119.16835346242,0.2783624762702407
2024-04-15T00:00:00Z,475153.47680865903,303168.6191014478,171984.85770721122,0.26934263460088126
2024-04-16T00:00:00Z,470481.88042680174,303168.6191014478,167313.26132535396,0.27652628466591156
2024-04-17T00:00:00Z,470795.63165953587,303168.6191014478,167627.01255808806,0.2760438202406485
2024-04-18T00:00:00Z,466380.4846769463,361438.54563988873,104941.93903705759,0.28283312058169985
2024-04-19T00:00:00Z,470138.9440056777,361438.54563988873,108700.39836578899,0.2770536280069323
2024-04-20T00:00:00Z,470730.67228003487,361438.54563988873,109292.12664014612,0.2761437101739032
2024-04-21T00:00:00Z,472658.2849364428,361438.54563988873,111219.73929655405,0.27317956394792875
2024-04-22T00:00:00Z,472661.7102810121,361438.54563988873,111223.16464112341,0.27317429669563925
2024-04-23T00:00:00Z,475862.35224662314,361438.54563988873,114423.80660673438,0.26825257615623355
2024-04-24T00:00:00Z,475186.7030303166,361438.54563988873,113748.1573904279,0.2692915416703579
2024-04-25T00:00:00Z,471547.2744253705,361438.54563988873,110108.72878548178,0.27488799722806173
2024-04-26T00:00:00Z,471907.9632085242,361438.54563988873,110469.4175686355,0.2743333555619665
2024-04-27T00:00:00Z,470652.5744238534,361438.54563988873,109214.02878396468,0.2762638035261062
2024-04-28T00:00:00Z,470112.05505080824,361438.54563988873,108673.5094109195,0.2770949759374056
2024-04-29T00:00:00Z,469547.3869985491,361438.54563988873,108108.84135866034,0.27796328247734675
2024-04-30T00:00:00Z,470809.45520513016,361438.54563988873,109370.90956524141,0.2760225633712423
2024-05-01T00:00:00Z,465347.0582203701,361438.54563988873,103908.51258048134,0.2844222505974732
2024-05-02T00:00:00Z,461366.97909800103,361438.54563988873,99928.43345811227,0.2905425343953781
2024-05-03T00:00:00Z,462583.8327562665,361438.54563988873,101145.28711637779,0.28867134301949643
2024-05-04T00:00:00Z,469128.1248232593,361438.54563988873,107689.57918337054,0.27860799415759424
2024-05-05T00:00:00Z,470862.2055114983,361438.54563988873,109423.65987160958,0.27594144768598244
2024-05-06T00:00:00Z,471074.4056075702,361438.54563988873,109635.85996768149,0.27561514140664156
2024-05-07T00:00:00Z,469620.0043034195,361438.54563988873,108181.4586635308,0.27785161672880726
2024-05-08T00:00:00Z,468162.86272361333,361438.54563988873,106724.3170837246,0.2800923058528046
2024-05-09T00:00:00Z,466232.16725709295,361438.54563988873,104793.62161720423,0.2830611926058397
2024-05-10T00:00:00Z,469468.09027176833,361438.54563988873,108029.54463187962,0.2780852193678512
2024-05-11T00:00:00Z,465568.1642123223,361438.54563988873,104129.6185724336,0.2840822494621793
2024-05-12T00:00:00Z,465615.4339673795,361438.54563988873,104176.88832749079,0.2840095613805828
2024-05-13T00:00:00Z,466740.6596584146,361438.54563988873,105302.11401852588,0.282279269003448
2024-05-14T00:00:00Z,469231.05642756855,361438.54563988873,107792.51078767983,0.27844971322629175
2024-05-15T00:00:00Z,466900.10944811837,361438.54563988873,105461.56380822964,0.28203407840936695
2024-05-16T00:00:00Z,474835.94774641405,361438.54563988873,113397.40210652533,0.2698309083048133
2024-05-17T00:00:00Z,473169.3463461914,361438.54563988873,111730.8007063027,0.27239368990631996
2024-05-18T00:00:00Z,476220.30075412133,361438.54563988873,114781.75511423261,0.26770214829197003
2024-05-19T00:00:00Z,476040.2988970014,361438.54563988873,114601.75325711268,0.26797894239978864
2024-05-20T00:00:00Z,474936.3103422963,361438.54563988873,113497.7647024076,0.26967657781272797
2024-05-21T00:00:00Z,483725.4019728198,361438.54563988873,122286.85633293111,0.25616133516283407
2024-05-22T00:00:00Z,483508.34795700875,303748.8470796163,179759.50087739248,0.2564951054561864
2024-05-23T00:00:00Z,481014.2178888116,303748.8470796163,177265.37080919533,0.2603304020362123
2024-05-24T00:00:00Z,479682.92968682863,303748.8470796163,175934.08260721233,0.26237756274895924
2024-05-25T00:00:00Z,479828.3924336217,303748.8470796163,176079.54535400544,0.2621538804388784
2024-05-26T00:00:00Z,481413.99810289935,303748.8470796163,177665.15102328308,0.25971564833615324
2024-05-27T00:00:00Z,481267.9019901118,303748.8470796163,177519.0549104955,0.25994030459160433
2024-05-28T00:00:00Z,483919.3226220148,303748.8470796163,180170.47554239855,0.25586313772231667
2024-05-29T00:00:00Z,481371.6851558104,303748.8470796163,177622.8380761941,0.25978071418950643
2024-05-30T00:00:00Z,478886.0942105219,303748.8470796163,175137.24713090566,0.26360287991107967
2024-05-31T00:00:00Z,479775.8610505287,303748.8470796163,176027.01397091246,0.26223465947943025
2024-06-01T00:00:00Z,478587.3067324209,303748.8470796163,174838.45965280468,0.2640623341342283
2024-06-02T00:00:00Z,479826.9135735263,303748.8470796163,176078.06649391007,0.26215615452519747
2024-06-03T00:00:00Z,479291.0939068919,303748.8470796163,175542.24682727558,0.26298010006082023
2024-06-04T00:00:00Z,480857.89628852357,303748.8470796163,177109.0492089073,0.26057078232215397
2024-06-05T00:00:00Z,484490.0219480789,303748.8470796163,180741.17486846258,0.2549855567166642
2024-06-06T00:00:00Z,486344.3642562538,303748.8470796163,182595.5171766375,0.2521340804430625
2024-06-07T00:00:00Z,485000.25559242064,303748.8470796163,181251.40851280437,0.2542009555540742
2024-06-08T00:00:00Z,480373.5316605944,303748.8470796163,176624.68458097812,0.26131560394339565
2024-06-09T00:00:00Z,480363.82320832903,303748.8470796163,176614.97612871276,0.261330532913719
2024-06-10T00:00:00Z,481326.3161548753,303748.8470796163,177577.46907525905,0.25985047942602885
2024-06-11T00:00:00Z,480548.6437654726,303748.8470796163,176799.7966858563,0.26104632895027313
2024-06-12T00:00:00Z,474045.3073258584,303748.8470796163,170296.46024624215,0.2710466991489449
2024-06-13T00:00:00Z,476679.09172272874,303748.8470796163,172930.24464311247,0.26699665203286005
2024-06-14T00:00:00Z,472676.53498935257,303748.8470796163,168927.6879097363,0.2731515003090662
2024-06-15T00:00:00Z,471623.01644456695,303748.8470796163,167874.16936495068,0.27477152651512965
2024-06-16T00:00:00Z,473315.4580204381,303748.8470796163,169566.61094082185,0.27216900972155916
2024-06-17T00:00:00Z,474961.93255256274,303748.8470796163,171213.08547294646,0.269637177792392
2024-06-18T00:00:00Z,472861.8491641992,303748.8470796163,169113.00208458293,0.27286653729527544
2024-06-19T00:00:00Z,468094.93184278236,356464.49373236194,111630.43811042042,0.28019676515035735
2024-06-20T00:00:00Z,467737.3258697411,356464.49373236194,111272.83213737914,0.28074666628939193
2024-06-21T00:00:00Z,467580.6163556928,356464.49373236194,111116.12262333087,0.28098764308164137
2024-06-22T00:00:00Z,466333.9621996739,356464.49373236194,109869.46846731192,0.28290465955244254
2024-06-23T00:00:00Z,466530.5769779552,356464.49373236194,110066.08324559324,0.2826023192710193
2024-06-24T00:00:00Z,464719.0835024486,356464.49373236194,108254.58977008665,0.2853879056443762
2024-06-25T00:00:00Z,459725.7874564625,356464.49373236194,103261.29372410057,0.29306624266954584
2024-06-26T00:00:00Z,462313.1214769294,356464.49373236194,105848.62774456744,0.2890876236525937
2024-06-27T00:00:00Z,460692.24842670775,356464.49373236194,104227.7546943458,0.29158008743603414
2024-06-28T00:00:00Z,462139.7990417197,356464.49373236194,105675.30530935778,0.2893541466184477
2024-06-29T00:00:00Z,459977.03648062516,356464.49373236194,103512.54274826321,0.2926798897141034
2024-06-30T00:00:00Z,460910.27160854754,356464.49373236194,104445.77787618562,0.29124482682780095
2024-07-01T00:00:00Z,463967.9054383877,356464.49373236194,107503.41170602577,0.28654301407148625
2024-07-02T00:00:00Z,464191.23790431005,356464.49373236194,107726.74417194811,0.2861995892222041
2024-07-03T00:00:00Z,462884.4689510988,356464.49373236194,106419.97521873687,0.2882090459706879
2024-07-04T00:00:00Z,459590.1438115158,356464.49373236194,103125.65007915389,0.29327482586021414
2024-07-05T00:00:00Z,454182.0385381801,356464.49373236194,97717.54480581818,0.30159102713765484
2024-07-06T00:00:00Z,453452.4401449062,356464.49373236194,96987.94641254428,0.30271295187534036
2024-07-07T00:00:00Z,456205.9033769871,356464.49373236194,99741.40964462516,0.29847887112234256
2024-07-08T00:00:00Z,452122.72138308024,356464.49373236194,95658.22765071831,0.3047576992141645
2024-07-09T00:00:00Z,453591.1665999653,356464.49373236194,97126.6728676034,0.3024996281576115
2024-07-10T00:00:00Z,455861.1424460809,356464.49373236194,99396.64871371897,0.2990090200652911
2024-07-11T00:00:00Z,455325.0760209759,356464.49373236194,98860.58228861396,0.2998333450486141
2024-07-12T00:00:00Z,454654.0510198381,356464.49373236194,98189.55728747613,0.30086519977214743
2024-07-13T00:00:00Z,455610.2359563752,356464.49373236194,99145.74222401327,0.2993948462955046
2024-07-14T00:00:00Z,457865.31155361404,356464.49373236194,101400.81782125212,0.2959271507506441
2024-07-15T00:00:00Z,460576.47178026335,356464.49373236194,104111.97804790139,0.29175812056342276
2024-07-16T00:00:00Z,467306.246255687,356464.49373236194,110841.75252332505,0.2814095499900386
2024-07-17T00:00:00Z,467871.4281096315,356464.49373236194,111406.93437726962,0.280540453362254
2024-07-18T00:00:00Z,466217.50048431556,356464.49373236194,109753.00675195364,0.28308374613028914
2024-07-19T00:00:00Z,466055.13915172784,356464.49373236194,109590.64541936592,0.28333341388881633
2024-07-20T00:00:00Z,470619.92459208687,356464.49373236194,114155.43085972492,0.27631401012507606
2024-07-21T00:00:00Z,471423.16789360205,356464.49373236194,114958.67416124008,0.27507883946316397
2024-07-22T00:00:00Z,473219.076051318,356464.49373236194,116754.58231895609,0.2723172190877248
2024-07-23T00:00:00Z,472133.0705556021,356464.49373236194,115668.57682324016,0.2739872014261437
2024-07-24T00:00:00Z,469390.91096060013,356464.49373236194,112926.41722823819,0.2782039002465858
2024-07-25T00:00:00Z,468449.45500571124,356464.49373236194,111984.9612733493,0.2796516045383834
2024-07-26T00:00:00Z,469151.4793752018,356464.49373236194,112686.98564283985,0.27857208118162907
2024-07-27T00:00:00Z,472776.0077312712,356464.49373236194,116311.51399890924,0.27299853817138503
2024-07-28T00:00:00Z,472781.83081703907,356464.49373236194,116317.33708467714,0.2729895838424928
2024-07-29T00:00:00Z,473349.0678777253,356464.49373236194,116884.57414536334,0.2721173268633344
2024-07-30T00:00:00Z,470841.2018512676,356464.49373236194,114376.70811890566,0.27597374562716764
2024-07-31T00:00:00Z,469825.929720909,356464.49373236194,113361.43598854705,0.2775349592058062
2024-08-01T00:00:00Z,467160.49784426065,356464.49373236194,110696.00411189873,0.2816336715749613
2024-08-02T00:00:00Z,468388.1413379197,356464.49373236194,111923.64760555774,0.27974588835436726
2024-08-03T00:00:00Z,461783.2206720492,356464.49373236194,105318.7269396873,0.2899024675817955
2024-08-04T00:00:00Z,460451.61797071015,356464.49373236194,103987.12423834819,0.2919501119093788
2024-08-05T00:00:00Z,456069.9171975835,356464.49373236194,99605.42346522152,0.2986879810382398
2024-08-06T00:00:00Z,448965.2387590432,356464.49373236194,92500.7450266813,0.30961305237472114
2024-08-07T00:00:00Z,452441.9634969447,356464.49373236194,95977.46976458277,0.30426679130077344
2024-08-08T00:00:00Z,450880.00637331605,356464.49373236194,94415.51264095413,0.3066686583448327
2024-08-09T00:00:00Z,450746.9808327739,450746.9808327739,0.0,0.30687321559996666
2024-08-10T00:00:00Z,450746.9808327739,450746.9808327739,0.0,0.30687321559996666
2024-08-11T00:00:00Z,450746.9808327739,450746.9808327739,0.0,0.30687321559996666
2024-08-12T00:00:00Z,450746.9808327739,450746.9808327739,0.0,0.30687321559996666
2024-08-13T00:00:00Z,450746.9808327739,450746.9808327739,0.0,0.30687321559996666
2024-08-14T00:00:00Z,450746.9808327739,450746.9808327739,0.0,0.30687321559996666
2024-08-15T00:00:00Z,450746.9808327739,450746.9808327739,0.0,0.30687321559996666
2024-08-16T00:00:00Z,450746.9808327739,450746.9808327739,0.0,0.30687321559996666
2024-08-17T00:00:00Z,450746.9808327739,450746.9808327739,0.0,0.30687321559996666
2024-08-18T00:00:00Z,450746.9808327739,450746.9808327739,0.0,0.30687321559996666
2024-08-19T00:00:00Z,450746.9808327739,450746.9808327739,0.0,0.30687321559996666
2024-08-20T00:00:00Z,450746.9808327739,450746.9808327739,0.0,0.30687321559996666
2024-08-21T00:00:00Z,450746.9808327739,450746.9808327739,0.0,0.30687321559996666
2024-08-22T00:00:00Z,450746.9808327739,450746.9808327739,0.0,0.30687321559996666
2024-08-23T00:00:00Z,450746.9808327739,450746.9808327739,0.0,0.30687321559996666
2024-08-24T00:00:00Z,450746.9808327739,450746.9808327739,0.0,0.30687321559996666
2024-08-25T00:00:00Z,450983.1470816117,346670.0781674018,104313.0689142099,0.3065100558682291
2024-08-26T00:00:00Z,449939.32408890885,346670.0781674018,103269.2459215071,0.3081151729409563
2024-08-27T00:00:00Z,446293.02920940646,346670.0781674018,99622.9510420047,0.31372218696939064
2024-08-28T00:00:00Z,441538.69131080084,441538.69131080084,0.0,0.32103307107897117
2024-08-29T00:00:00Z,441538.69131080084,441538.69131080084,0.0,0.32103307107897117
2024-08-30T00:00:00Z,441538.69131080084,441538.69131080084,0.0,0.32103307107897117
2024-08-31T00:00:00Z,441538.69131080084,441538.69131080084,0.0,0.32103307107897117
2024-09-01T00:00:00Z,441538.69131080084,441538.69131080084,0.0,0.32103307107897117
2024-09-02T00:00:00Z,441538.69131080084,441538.69131080084,0.0,0.32103307107897117
2024-09-03T00:00:00Z,441538.69131080084,441538.69131080084,0.0,0.32103307107897117
2024-09-04T00:00:00Z,441538.69131080084,441538.69131080084,0.0,0.32103307107897117
2024-09-05T00:00:00Z,441538.69131080084,441538.69131080084,0.0,0.32103307107897117
2024-09-06T00:00:00Z,441538.69131080084,441538.69131080084,0.0,0.32103307107897117
2024-09-07T00:00:00Z,441538.69131080084,441538.69131080084,0.0,0.32103307107897117
2024-09-08T00:00:00Z,441538.69131080084,441538.69131080084,0.0,0.32103307107897117
2024-09-09T00:00:00Z,441538.69131080084,441538.69131080084,0.0,0.32103307107897117
2024-09-10T00:00:00Z,441538.69131080084,441538.69131080084,0.0,0.32103307107897117
2024-09-11T00:00:00Z,441538.69131080084,441538.69131080084,0.0,0.32103307107897117
2024-09-12T00:00:00Z,441538.69131080084,441538.69131080084,0.0,0.32103307107897117
2024-09-13T00:00:00Z,441538.69131080084,441538.69131080084,0.0,0.32103307107897117
2024-09-14T00:00:00Z,441538.69131080084,441538.69131080084,0.0,0.32103307107897117
2024-09-15T00:00:00Z,441538.69131080084,441538.69131080084,0.0,0.32103307107897117
2024-09-16T00:00:00Z,441538.69131080084,441538.69131080084,0.0,0.32103307107897117
2024-09-17T00:00:00Z,441538.69131080084,441538.69131080084,0.0,0.32103307107897117
2024-09-18T00:00:00Z,441538.69131080084,441538.69131080084,0.0,0.32103307107897117
2024-09-19T00:00:00Z,441538.69131080084,441538.69131080084,0.0,0.32103307107897117
2024-09-20T00:00:00Z,442575.71107268496,383382.1745100921,59193.536562592846,0.31943841553277974
2024-09-21T00:00:00Z,442815.58677128446,383382.1745100921,59433.41226119234,0.3190695516719086
2024-09-22T00:00:00Z,442945.3509673124,383382.1745100921,59563.17645722028,0.31887000948139427
2024-09-23T00:00:00Z,443163.88139598555,383382.1745100921,59781.70688589344,0.31853396886490487
2024-09-24T00:00:00Z,442933.97309215344,383382.1745100921,59551.79858206131,0.31888750557201184
2024-09-25T00:00:00Z,443816.2755931174,383382.1745100921,60434.101083025256,0.31753076327230434
2024-09-26T00:00:00Z,441778.9667808241,332065.9505182029,109713.01626262121,0.3206635924779171
2024-09-27T00:00:00Z,446391.8870210467,332065.9505182029,114325.9365028438,0.3135701704279411
2024-09-28T00:00:00Z,446974.2757011085,332065.9505182029,114908.3251829056,0.3126746143615723
2024-09-29T00:00:00Z,446894.9450970524,332065.9505182029,114828.99457884944,0.3127966033461515
2024-09-30T00:00:00Z,446270.0624925661,332065.9505182029,114204.11197436322,0.31375750356000287
2024-10-01T00:00:00Z,440953.1250660541,332065.9505182029,108887.1745478512,0.32193351337927156
2024-10-02T00:00:00Z,436044.3166208285,378857.79962346796,57186.51699736056,0.329481931355558
2024-10-03T00:00:00Z,435889.5399058561,378857.79962346796,57031.7402823881,0.32971993602627286
2024-10-04T00:00:00Z,435982.25548359775,378857.79962346796,57124.455860129805,0.32957736457710834
2024-10-05T00:00:00Z,437238.9935125206,378857.79962346796,58381.19388905266,0.32764484184071374
2024-10-06T00:00:00Z,437217.9303386726,378857.79962346796,58360.13071520464,0.3276772312977248
2024-10-07T00:00:00Z,437928.15423186036,378857.79962346796,59070.3546083924,0.3265850992941342
2024-10-08T00:00:00Z,437367.5352922092,378857.79962346796,58509.73566874121,0.32744717939547235
2024-10-09T00:00:00Z,437311.30414059706,378857.79962346796,58453.504517129106,0.32753364767802856
2024-10-10T00:00:00Z,435877.40977448825,378857.79962346796,57019.610151020264,0.3297385888832123
2024-10-11T00:00:00Z,435577.4476112062,378857.79962346796,56719.647987738266,0.330199849454039
2024-10-12T00:00:00Z,435492.3964990486,435492.3964990486,0.0,0.3303306350308398
2024-10-13T00:00:00Z,435492.3964990486,435492.3964990486,0.0,0.3303306350308398
2024-10-14T00:00:00Z,435492.3964990486,435492.3964990486,0.0,0.3303306350308398
2024-10-15T00:00:00Z,435492.3964990486,435492.3964990486,0.0,0.3303306350308398
2024-10-16T00:00:00Z,436393.7601310464,368115.6803929719,68278.07973807454,0.3289445818737726
2024-10-17T00:00:00Z,436950.1923375963,368115.6803929719,68834.51194462442,0.32808893983408555
2024-10-18T00:00:00Z,436753.0080741336,368115.6803929719,68637.32768116171,0.3283921558294888
2024-10-19T00:00:00Z,437773.23558493546,368115.6803929719,69657.55519196358,0.32682332221775373
2024-10-20T00:00:00Z,437723.65957238706,368115.6803929719,69607.97917941514,0.3268995566987869
2024-10-21T00:00:00Z,438391.96865325054,368115.6803929719,70276.28826027866,0.325871878325105
2024-10-22T00:00:00Z,436703.12666520395,368115.6803929719,68587.44627223207,0.3284688599274483
2024-10-23T00:00:00Z,436748.22353082814,368115.6803929719,68632.54313785622,0.3283995131613338
2024-10-24T00:00:00Z,435979.8462357241,368115.6803929719,67864.1658427522,0.3295810693478611
2024-10-25T00:00:00Z,437542.4577195406,368115.6803929719,69426.77732656867,0.327178196075048
2024-10-26T00:00:00Z,436012.2182521315,368115.6803929719,67896.53785915961,0.32953128995367514
2024-10-27T00:00:00Z,436417.275652399,368115.6803929719,68301.59525942708,0.32890842137044884
2024-10-28T00:00:00Z,437361.0522691066,368115.6803929719,69245.37187613473,0.32745714852925994
2024-10-29T00:00:00Z,439335.54167237075,368115.6803929719,71219.86127939883,0.3244209185618669
2024-10-30T00:00:00Z,442159.54200934485,368115.6803929719,74043.86161637295,0.32007837084453084
2024-10-31T00:00:00Z,441762.6285125761,368115.6803929719,73646.9481196042,0.3206887163097229
2024-11-01T00:00:00Z,439678.40000966674,368115.6803929719,71562.71961669486,0.32389369529262685
2024-11-02T00:00:00Z,438860.95569598296,368115.6803929719,70745.27530301106,0.3251507032653102
2024-11-03T00:00:00Z,438740.42592420196,368115.6803929719,70624.74553123004,0.3253360454122164
2024-11-04T00:00:00Z,438124.23782573023,368115.6803929719,70008.55743275832,0.32628357583047946
2024-11-05T00:00:00Z,437193.4914546205,368115.6803929719,69077.81106164861,0.3277148116828137
2024-11-06T00:00:00Z,438738.491747121,368115.6803929719,70622.81135414909,0.3253390196527496
2024-11-07T00:00:00Z,445056.93927660113,368115.6803929719,76941.25888362924,0.31562295852591155
2024-11-08T00:00:00Z,445345.74245442444,368115.6803929719,77230.06206145253,0.31517885745262353
2024-11-09T00:00:00Z,449907.2545308117,325672.9969939679,124234.25753684377,0.3081644872361734
2024-11-10T00:00:00Z,455529.6805770899,325672.9969939679,129856.68358312195,0.2995187186526904
2024-11-11T00:00:00Z,468987.6301471308,325672.9969939679,143314.6331531629,0.27882403692045504
2024-11-12T00:00:00Z,479832.81091226806,325672.9969939679,154159.81391830015,0.2621470860153407
2024-11-13T00:00:00Z,474710.0879406508,325672.9969939679,149037.0909466829,0.2700244466004947
2024-11-14T00:00:00Z,477963.92825995304,325672.9969939679,152290.93126598513,0.26502092140038724
2024-11-15T00:00:00Z,474939.41397742776,325672.9969939679,149266.41698345984,0.26967180526242795
2024-11-16T00:00:00Z,492070.6897332014,325672.9969939679,166397.6927392335,0.24332854267344364
2024-11-17T00:00:00Z,495179.47586922994,325672.9969939679,169506.47887526202,0.23854807152337223
2024-11-18T00:00:00Z,490433.778452712,325672.9969939679,164760.78145874408,0.24584566891153306
2024-11-19T00:00:00Z,494152.61037406407,325672.9969939679,168479.61338009613,0.24012711255734806
2024-11-20T00:00:00Z,496626.95985784644,325672.9969939679,170953.96286387852,0.2363222331591381
2024-11-21T00:00:00Z,505025.6037551258,325672.9969939679,179352.60676115786,0.22340739338120538
2024-11-22T00:00:00Z,511423.7105982342,325672.9969939679,185750.7136042663,0.21356883780348793
2024-11-23T00:00:00Z,532421.3002392588,325672.9969939679,206748.3032452909,0.18128023154117703
2024-11-24T00:00:00Z,536217.3075354256,325672.9969939679,210544.31054145776,0.17544300036130292
2024-11-25T00:00:00Z,531935.51472074,325672.9969939679,206262.51772677206,0.18202723810733734
2024-11-26T00:00:00Z,518708.14077628526,325672.9969939679,193035.14378231735,0.2023673569723334
2024-11-27T00:00:00Z,519410.60678479826,325672.9969939679,193737.60979083035,0.2012871544943681
2024-11-28T00:00:00Z,528714.4727597393,325672.9969939679,203041.47576577135,0.18698032831488845
2024-11-29T00:00:00Z,530615.0076551605,325672.9969939679,204942.0106611926,0.18405782035206286
2024-11-30T00:00:00Z,536998.4005061395,325672.9969939679,211325.4035121716,0.17424189090937023
2024-12-01T00:00:00Z,536291.8977309067,325672.9969939679,210618.90073693875,0.17532830084130602
2024-12-02T00:00:00Z,544456.8204543381,325672.9969939679,218783.82346037024,0.1627728609319562
2024-12-03T00:00:00Z,548567.6420364268,325672.9969939679,222894.64504245896,0.15645153063891426
2024-12-04T00:00:00Z,547429.2597121187,325672.9969939679,221756.2627181508,0.15820205435491952
2024-12-05T00:00:00Z,549741.2975600527,325672.9969939679,224068.3005660848,0.15464676629511054
2024-12-06T00:00:00Z,545215.4577759476,325672.9969939679,219542.46078197967,0.16160628218686604
2024-12-07T00:00:00Z,555136.3567173203,325672.9969939679,229463.35972335236,0.1463506264110097
2024-12-08T00:00:00Z,553489.952378823,325672.9969939679,227816.95538485498,0.14888235040138798
2024-12-09T00:00:00Z,553014.4557960259,325672.9969939679,227341.45880205795,0.14961353537087663
2024-12-10T00:00:00Z,529439.2405199081,325672.9969939679,203766.2435259402,0.18586583178267754
2024-12-11T00:00:00Z,530539.6019527828,325672.9969939679,204866.60495881486,0.18417377390080963
2024-12-12T00:00:00Z,541873.714749628,325672.9969939679,216200.71775566012,0.16674497794439458
2024-12-13T00:00:00Z,544593.2514182492,325672.9969939679,218920.2544242813,0.16256306705794377
2024-12-14T00:00:00Z,545747.435051946,325672.9969939679,220074.438057978,0.16078824520743829
2024-12-15T00:00:00Z,539508.3443826993,325672.9969939679,213835.34738873137,0.170382276974807
2024-12-16T00:00:00Z,546658.5531613522,325672.9969939679,220985.55616738426,0.15938719230584236
2024-12-17T00:00:00Z,545963.9453649492,325672.9969939679,220290.9483709813,0.16045531098175786
2024-12-18T00:00:00Z,543417.540682417,325672.9969939679,217744.54368844908,0.16437099176152448
2024-12-19T00:00:00Z,528595.8375896318,325672.9969939679,202922.8405956639,0.18716275707752025
2024-12-20T00:00:00Z,516709.2222884699,325672.9969939679,191036.22529450202,0.20544115225583692
2024-12-21T00:00:00Z,524252.19682477106,325672.9969939679,198579.19983080315,0.19384210022114917
2024-12-22T00:00:00Z,519063.01200532494,325672.9969939679,193390.01501135703,0.2018216611289449
2024-12-23T00:00:00Z,514658.61650732416,325672.9969939679,188985.61951335624,0.20859442859843538
2024-12-24T00:00:00Z,518846.2454378059,325672.9969939679,193173.24844383798,0.2021549894046714
2024-12-25T00:00:00Z,523680.3736124163,325672.9969939679,198007.3766184484,0.19472140945954378
2024-12-26T00:00:00Z,522549.11361279705,325672.9969939679,196876.11661882914,0.19646098096905854
2024-12-27T00:00:00Z,512954.5718722551,325672.9969939679,187281.5748782872,0.21121478775469055
2024-12-28T00:00:00Z,513064.67708226986,325672.9969939679,187391.68008830195,0.211045475760582
2024-12-29T00:00:00Z,515438.08181388513,325672.9969939679,189765.08481991722,0.20739582205316287
2024-12-30T00:00:00Z,510642.30880568887,325672.9969939679,184969.31181172095,0.21477042213976172
2024-12-31T00:00:00Z,509655.74941355694,509655.74941355694,0.0,0.21628748330304381
