timestamp,equity,cash,market_value,drawdown
2020-01-21T00:00:00Z,100000.0,100000.0,0.0,0.0
2020-01-22T00:00:00Z,100000.0,100000.0,0.0,0.0
2020-01-23T00:00:00Z,100000.0,100000.0,0.0,0.0
2020-01-24T00:00:00Z,100000.0,100000.0,0.0,0.0
2020-01-25T00:00:00Z,100000.0,100000.0,0.0,0.0
2020-01-26T00:00:00Z,100000.0,100000.0,0.0,0.0
2020-01-27T00:00:00Z,100000.0,100000.0,0.0,0.0
2020-01-28T00:00:00Z,100000.0,100000.0,0.0,0.0
2020-01-29T00:00:00Z,100000.0,100000.0,0.0,0.0
2020-01-30T00:00:00Z,100000.0,100000.0,0.0,0.0
2020-01-31T00:00:00Z,100000.0,100000.0,0.0,0.0
2020-02-01T00:00:00Z,100000.0,100000.0,0.0,0.0
2020-02-02T00:00:00Z,100000.0,100000.0,0.0,0.0
2020-02-03T00:00:00Z,100000.0,100000.0,0.0,0.0
2020-02-04T00:00:00Z,100000.0,100000.0,0.0,0.0
2020-02-05T00:00:00Z,100000.0,100000.0,0.0,0.0
2020-02-06T00:00:00Z,100000.0,100000.0,0.0,0.0
2020-02-07T00:00:00Z,100000.0,100000.0,0.0,0.0
2020-02-08T00:00:00Z,100000.0,100000.0,0.0,0.0
2020-02-09T00:00:00Z,100000.0,100000.0,0.0,0.0
2020-02-10T00:00:00Z,100000.0,100000.0,0.0,0.0
2020-02-11T00:00:00Z,100000.0,100000.0,0.0,0.0
2020-02-12T00:00:00Z,100000.0,100000.0,0.0,0.0
2020-02-13T00:00:00Z,100000.0,100000.0,0.0,0.0
2020-02-14T00:00:00Z,100000.0,100000.0,0.0,0.0
2020-02-15T00:00:00Z,100000.0,100000.0,0.0,0.0
2020-02-16T00:00:00Z,100000.0,100000.0,0.0,0.0
2020-02-17T00:00:00Z,100000.0,100000.0,0.0,0.0
2020-02-18T00:00:00Z,100000.0,100000.0,0.0,0.0
2020-02-19T00:00:00Z,100000.0,100000.0,0.0,0.0
2020-02-20T00:00:00Z,100000.0,100000.0,0.0,0.0
2020-02-21T00:00:00Z,100000.0,100000.0,0.0,0.0
2020-02-22T00:00:00Z,100000.0,100000.0,0.0,0.0
2020-02-23T00:00:00Z,100000.0,100000.0,0.0,0.0
2020-02-24T00:00:00Z,100000.0,100000.0,0.0,0.0
2020-02-25T00:00:00Z,100000.0,100000.0,0.0,0.0
2020-02-26T00:00:00Z,100000.0,100000.0,0.0,0.0
2020-02-27T00:00:00Z,100000.0,100000.0,0.0,0.0
2020-02-28T00:00:00Z,100000.0,100000.0,0.0,0.0
2020-02-29T00:00:00Z,100000.0,100000.0,0.0,0.0
2020-03-01T00:00:00Z,100000.0,100000.0,0.0,0.0
2020-03-02T00:00:00Z,100000.0,100000.0,0.0,0.0
2020-03-03T00:00:00Z,100000.0,100000.0,0.0,0.0
2020-03-04T00:00:00Z,100000.0,100000.0,0.0,0.0
2020-03-05T00:00:00Z,100000.0,100000.0,0.0,0.0
2020-03-06T00:00:00Z,100000.0,100000.0,0.0,0.0
2020-03-07T00:00:00Z,100000.0,100000.0,0.0,0.0
2020-03-08T00:00:00Z,100000.0,100000.0,0.0,0.0
2020-03-09T00:00:00Z,100000.0,100000.0,0.0,0.0
2020-03-10T00:00:00Z,100000.0,100000.0,0.0,0.0
2020-03-11T00:00:00Z,100000.0,100000.0,0.0,0.0
2020-03-12T00:00:00Z,100000.0,100000.0,0.0,0.0
2020-03-13T00:00:00Z,100000.0,100000.0,0.0,0.0
2020-03-14T00:00:00Z,100000.0,100000.0,0.0,0.0
2020-03-15T00:00:00Z,100000.0,100000.0,0.0,0.0
2020-03-16T00:00:00Z,100000.0,100000.0,0.0,0.0
2020-03-17T00:00:00Z,100000.0,100000.0,0.0,0.0
2020-03-18T00:00:00Z,100000.0,100000.0,0.0,0.0
2020-03-19T00:00:00Z,100000.0,100000.0,0.0,0.0
2020-03-20T00:00:00Z,100000.0,100000.0,0.0,0.0
2020-03-21T00:00:00Z,100000.0,100000.0,0.0,0.0
2020-03-22T00:00:00Z,100000.0,100000.0,0.0,0.0
2020-03-23T00:00:00Z,100000.0,100000.0,0.0,0.0
2020-03-24T00:00:00Z,100000.0,100000.0,0.0,0.0
2020-03-25T00:00:00Z,100000.0,100000.0,0.0,0.0
2020-03-26T00:00:00Z,100000.0,100000.0,0.0,0.0
2020-03-27T00:00:00Z,100000.0,100000.0,0.0,0.0
2020-03-28T00:00:00Z,100000.0,100000.0,0.0,0.0
2020-03-29T00:00:00Z,100000.0,100000.0,0.0,0.0
2020-03-30T00:00:00Z,100000.0,100000.0,0.0,0.0
2020-03-31T00:00:00Z,100000.0,100000.0,0.0,0.0
2020-04-01T00:00:00Z,100000.0,100000.0,0.0,0.0
2020-04-02T00:00:00Z,100000.0,100000.0,0.0,0.0
2020-04-03T00:00:00Z,100000.0,100000.0,0.0,0.0
2020-04-04T00:00:00Z,100000.0,100000.0,0.0,0.0
2020-04-05T00:00:00Z,100000.0,100000.0,0.0,0.0
2020-04-06T00:00:00Z,100000.0,100000.0,0.0,0.0
2020-04-07T00:00:00Z,100000.0,100000.0,0.0,0.0
2020-04-08T00:00:00Z,100000.0,100000.0,0.0,0.0
2020-04-09T00:00:00Z,100000.0,100000.0,0.0,0.0
2020-04-10T00:00:00Z,100000.0,100000.0,0.0,0.0
2020-04-11T00:00:00Z,100000.0,100000.0,0.0,0.0
2020-04-12T00:00:00Z,100000.0,100000.0,0.0,0.0
2020-04-13T00:00:00Z,100000.0,100000.0,0.0,0.0
2020-04-14T00:00:00Z,100000.0,100000.0,0.0,0.0
2020-04-15T00:00:00Z,100000.0,100000.0,0.0,0.0
2020-04-16T00:00:00Z,100000.0,100000.0,0.0,0.0
2020-04-17T00:00:00Z,100000.0,100000.0,0.0,0.0
2020-04-18T00:00:00Z,100000.0,100000.0,0.0,0.0
2020-04-19T00:00:00Z,100000.0,100000.0,0.0,0.0
2020-04-20T00:00:00Z,100000.0,100000.0,0.0,0.0
2020-04-21T00:00:00Z,100000.0,100000.0,0.0,0.0
2020-04-22T00:00:00Z,100000.0,100000.0,0.0,0.0
2020-04-23T00:00:00Z,100000.0,100000.0,0.0,0.0
2020-04-24T00:00:00Z,100000.0,100000.0,0.0,0.0
2020-04-25T00:00:00Z,100000.0,100000.0,0.0,0.0
2020-04-26T00:00:00Z,100000.0,100000.0,0.0,0.0
2020-04-27T00:00:00Z,100000.0,100000.0,0.0,0.0
2020-04-28T00:00:00Z,100000.0,100000.0,0.0,0.0
2020-04-29T00:00:00Z,100000.0,100000.0,0.0,0.0
2020-04-30T00:00:00Z,100000.0,100000.0,0.0,0.0
2020-05-01T00:00:00Z,100000.0,100000.0,0.0,0.0
2020-05-02T00:00:00Z,100000.0,100000.0,0.0,0.0
2020-05-03T00:00:00Z,100000.0,100000.0,0.0,0.0
2020-05-04T00:00:00Z,100000.0,100000.0,0.0,0.0
2020-05-05T00:00:00Z,100000.0,100000.0,0.0,0.0
2020-05-06T00:00:00Z,100000.0,100000.0,0.0,0.0
2020-05-07T00:00:00Z,100000.0,100000.0,0.0,0.0
2020-05-08T00:00:00Z,100000.0,100000.0,0.0,0.0
2020-05-09T00:00:00Z,100000.0,100000.0,0.0,0.0
2020-05-10T00:00:00Z,100000.0,100000.0,0.0,0.0
2020-05-11T00:00:00Z,100000.0,100000.0,0.0,0.0
2020-05-12T00:00:00Z,100000.0,100000.0,0.0,0.0
2020-05-13T00:00:00Z,100000.0,100000.0,0.0,0.0
2020-05-14T00:00:00Z,100000.0,100000.0,0.0,0.0
2020-05-15T00:00:00Z,100000.0,100000.0,0.0,0.0
2020-05-16T00:00:00Z,100000.0,100000.0,0.0,0.0
2020-05-17T00:00:00Z,100000.0,100000.0,0.0,0.0
2020-05-18T00:00:00Z,100000.0,100000.0,0.0,0.0
2020-05-19T00:00:00Z,100000.0,100000.0,0.0,0.0
2020-05-20T00:00:00Z,100000.0,100000.0,0.0,0.0
2020-05-21T00:00:00Z,100001.00856441897,91585.88970523342,8415.118859185553,0.0
2020-05-22T00:00:00Z,99298.20710367522,91585.88970523342,7712.317398441797,0.007027943726097701
2020-05-23T00:00:00Z,99836.29640905831,91585.88970523342,8250.406703824889,0.0016471049414921745
2020-05-24T00:00:00Z,99742.32316678156,91585.88970523342,8156.4334615481375,0.00258682788654847
2020-05-25T00:00:00Z,99174.78397917315,91585.88970523342,7588.894273939735,0.008262162523226698
2020-05-26T00:00:00Z,99554.08070351223,91585.88970523342,7968.190998278807,0.004469233533968181
2020-05-27T00:00:00Z,99490.29729025037,91585.88970523342,7904.407585016949,0.005107061233683538
2020-05-28T00:00:00Z,99724.86042254746,91585.88970523342,8138.970717314032,0.0027614535676769906
2020-05-29T00:00:00Z,101204.45802299303,91585.88970523342,9618.568317759615,0.0
2020-05-30T00:00:00Z,101162.57703470277,91585.88970523342,9576.687329469349,0.00041382552812784033
2020-05-31T00:00:00Z,102960.94371209972,91585.88970523342,11375.0540068663,0.0
2020-06-01T00:00:00Z,101998.20303420692,80895.18720081596,21103.015833390964,0.009350542479338786
2020-06-02T00:00:00Z,103741.5516557699,80895.18720081596,22846.36445495394,0.0
2020-06-03T00:00:00Z,102972.86812604673,80895.18720081596,22077.680925230776,0.007409601239373992
2020-06-04T00:00:00Z,104256.03942102156,80895.18720081596,23360.852220205612,0.0
2020-06-05T00:00:00Z,104689.80183756983,80895.18720081596,23794.614636753875,0.0
2020-06-06T00:00:00Z,104028.06089808872,80895.18720081596,23132.873697272767,0.006320968498037919
2020-06-07T00:00:00Z,104249.10687921973,80895.18720081596,23353.919678403778,0.004209530924834991
2020-06-08T00:00:00Z,104416.17564731496,80895.18720081596,23520.988446499003,0.0026136852439496783
2020-06-09T00:00:00Z,104489.09015168597,80895.18720081596,23593.902950870015,0.0019172037998053334
2020-06-10T00:00:00Z,103846.37771673422,80895.18720081596,22951.190515918257,0.00805641147496119
2020-06-11T00:00:00Z,104115.36445033917,80895.18720081596,23220.17724952322,0.005487042454449592
2020-06-12T00:00:00Z,102132.46556940963,80895.18720081596,21237.27836859367,0.024427749630551453
2020-06-13T00:00:00Z,103064.35954581684,80895.18720081596,22169.172345000894,0.015526271549113476
2020-06-14T00:00:00Z,103040.37011130509,80895.18720081596,22145.18291048913,0.015755419317957004
2020-06-15T00:00:00Z,102366.75059655106,80895.18720081596,21471.56339573511,0.022189852308853036
2020-06-16T00:00:00Z,102095.75782562666,90531.12945126978,11564.628374356877,0.02477838305557145
2020-06-17T00:00:00Z,102256.17828960775,90531.12945126978,11725.048838337972,0.02324604216691459
2020-06-18T00:00:00Z,102880.9893587297,90531.12945126978,12349.859907459922,0.017277828853344984
2020-06-19T00:00:00Z,102656.48950277091,90531.12945126978,12125.360051501137,0.019422257938301168
2020-06-20T00:00:00Z,102624.1218503778,102624.1218503778,0.0,0.019731434685462658
2020-06-21T00:00:00Z,102624.1218503778,102624.1218503778,0.0,0.019731434685462658
2020-06-22T00:00:00Z,102624.1218503778,102624.1218503778,0.0,0.019731434685462658
2020-06-23T00:00:00Z,102624.1218503778,102624.1218503778,0.0,0.019731434685462658
2020-06-24T00:00:00Z,102624.1218503778,102624.1218503778,0.0,0.019731434685462658
2020-06-25T00:00:00Z,102624.1218503778,102624.1218503778,0.0,0.019731434685462658
2020-06-26T00:00:00Z,102624.1218503778,102624.1218503778,0.0,0.019731434685462658
2020-06-27T00:00:00Z,102624.1218503778,102624.1218503778,0.0,0.019731434685462658
2020-06-28T00:00:00Z,102624.1218503778,102624.1218503778,0.0,0.019731434685462658
2020-06-29T00:00:00Z,102624.1218503778,102624.1218503778,0.0,0.019731434685462658
2020-06-30T00:00:00Z,102624.1218503778,102624.1218503778,0.0,0.019731434685462658
2020-07-01T00:00:00Z,102624.1218503778,102624.1218503778,0.0,0.019731434685462658
2020-07-02T00:00:00Z,102624.1218503778,102624.1218503778,0.0,0.019731434685462658
2020-07-03T00:00:00Z,102231.01626527512,92871.9644668871,9359.051798388007,0.02348639054747292
2020-07-04T00:00:00Z,102597.02507964795,92871.9644668871,9725.06061276084,0.01999026381928681
2020-07-05T00:00:00Z,102940.98274399391,92871.9644668871,10069.018277106808,0.0167047703107632
2020-07-06T00:00:00Z,102755.5114273296,92871.9644668871,9883.5469604425,0.018476397665183747
2020-07-07T00:00:00Z,103473.13035993901,92871.9644668871,10601.165893051902,0.011621680968682446
2020-07-08T00:00:00Z,104724.91071214892,92871.9644668871,11852.94624526182,0.0
2020-07-09T00:00:00Z,105958.96959219113,92871.9644668871,13087.005125304033,0.0
2020-07-10T00:00:00Z,105358.15127159617,92871.9644668871,12486.186804709068,0.0056702922169529985
2020-07-11T00:00:00Z,104793.78279716434,92871.9644668871,11921.818330277232,0.010996584805527048
2020-07-12T00:00:00Z,105475.85809525555,92871.9644668871,12603.893628368447,0.00455942048884541
2020-07-13T00:00:00Z,105635.85479567878,92871.9644668871,12763.890328791673,0.003049433169800902
2020-07-14T00:00:00Z,105388.55970679304,92871.9644668871,12516.595239905932,0.005383309101565058
2020-07-15T00:00:00Z,106217.23991099892,92871.9644668871,13345.27544411182,0.0
2020-07-16T00:00:00Z,106019.78646258486,92871.9644668871,13147.821995697757,0.001858958569997768
2020-07-17T00:00:00Z,105555.50402982747,92871.9644668871,12683.539562940361,0.006230023315668247
2020-07-18T00:00:00Z,105181.03724010187,92871.9644668871,12309.072773214759,0.009755503642961369
2020-07-19T00:00:00Z,105226.75058307993,92871.9644668871,12354.786116192825,0.00932512771701592
2020-07-20T00:00:00Z,105349.89467660895,92871.9644668871,12477.930209721842,0.008165767017828103
2020-07-21T00:00:00Z,104731.05281329795,92871.9644668871,11859.088346410856,0.013991957416199732
2020-07-22T00:00:00Z,105282.02949342124,92871.9644668871,12410.065026534141,0.008804695154584171
2020-07-23T00:00:00Z,105341.3360110734,92871.9644668871,12469.3715441863,0.008246344008368576
2020-07-24T00:00:00Z,106240.3596955783,61995.30286748757,44245.05682809073,0.0
2020-07-25T00:00:00Z,106319.1458332005,61995.30286748757,44323.84296571293,0.0
2020-07-26T00:00:00Z,108437.95937432749,61995.30286748757,46442.65650683992,0.0
2020-07-27T00:00:00Z,109439.60012790834,61995.30286748757,47444.297260420775,0.0
2020-07-28T00:00:00Z,113164.42247269022,61995.30286748757,51169.11960520265,0.0
2020-07-29T00:00:00Z,112519.82756443627,61995.30286748757,50524.52469694871,0.0056960915292039215
2020-07-30T00:00:00Z,113111.56997592773,61995.30286748757,51116.267108440166,0.00046704163382478537
2020-07-31T00:00:00Z,114222.28751516395,61995.30286748757,52226.98464767638,0.0
2020-08-01T00:00:00Z,115597.31847614795,61995.30286748757,53602.01560866038,0.0
2020-08-02T00:00:00Z,119489.19499782538,61995.30286748757,57493.892130337816,0.0
2020-08-03T00:00:00Z,116535.05172972966,61995.30286748757,54539.7488622421,0.024723099591971356
2020-08-04T00:00:00Z,117811.36582177682,61995.30286748757,55816.062954289264,0.014041681141789384
2020-08-05T00:00:00Z,117969.82788618369,61995.30286748757,55974.52501869612,0.012715518852305823
2020-08-06T00:00:00Z,120212.19164316563,61995.30286748757,58216.88877567805,0.0
2020-08-07T00:00:00Z,119903.203286904,61995.30286748757,57907.90041941643,0.0025703578982972258
2020-08-08T00:00:00Z,118425.63444036007,61995.30286748757,56430.33157287249,0.014861697290310833
2020-08-09T00:00:00Z,120038.40327844318,61995.30286748757,58043.10041095561,0.0014456800291797356
2020-08-10T00:00:00Z,119359.71461959416,61995.30286748757,57364.4117521066,0.0070914356682052326
2020-08-11T00:00:00Z,120279.01827717802,61995.30286748757,58283.71540969046,0.0
2020-08-12T00:00:00Z,117850.11567791726,61995.30286748757,55854.8128104297,0.020193901098057337
2020-08-13T00:00:00Z,118847.81323795376,61995.30286748757,56852.51037046618,0.011899041576196727
2020-08-14T00:00:00Z,121827.91250626877,61995.30286748757,59832.60963878119,0.0
2020-08-15T00:00:00Z,122662.11312994617,61995.30286748757,60666.8102624586,0.0
2020-08-16T00:00:00Z,122539.85625097051,61995.30286748757,60544.55338348294,0.0009966963380628013
2020-08-17T00:00:00Z,122789.62023888214,61995.30286748757,60794.31737139457,0.0
2020-08-18T00:00:00Z,123639.4572101529,61995.30286748757,61644.15434266534,0.0
2020-08-19T00:00:00Z,122136.26972116248,61995.30286748757,60140.96685367491,0.012157829894346956
2020-08-20T00:00:00Z,120671.573209744,61995.30286748757,58676.27034225643,0.024004343495008372
2020-08-21T00:00:00Z,121508.46647403593,61995.30286748757,59513.16360654836,0.017235523223746285
2020-08-22T00:00:00Z,118804.14931146699,61995.30286748757,56808.84644397942,0.03910812945795476
2020-08-23T00:00:00Z,118718.68829907302,118718.68829907302,0.0,0.03979934093948613
2020-08-24T00:00:00Z,118718.68829907302,118718.68829907302,0.0,0.03979934093948613
2020-08-25T00:00:00Z,118718.68829907302,118718.68829907302,0.0,0.03979934093948613
2020-08-26T00:00:00Z,118718.68829907302,118718.68829907302,0.0,0.03979934093948613
2020-08-27T00:00:00Z,118718.68829907302,118718.68829907302,0.0,0.03979934093948613
2020-08-28T00:00:00Z,118718.68829907302,118718.68829907302,0.0,0.03979934093948613
2020-08-29T00:00:00Z,118718.68829907302,118718.68829907302,0.0,0.03979934093948613
2020-08-30T00:00:00Z,118718.68829907302,118718.68829907302,0.0,0.03979934093948613
2020-08-31T00:00:00Z,118718.68829907302,118718.68829907302,0.0,0.03979934093948613
2020-09-01T00:00:00Z,118718.68829907302,118718.68829907302,0.0,0.03979934093948613
2020-09-02T00:00:00Z,118718.68829907302,118718.68829907302,0.0,0.03979934093948613
2020-09-03T00:00:00Z,117505.97837339625,117505.97837339625,0.0,0.04960777873952837
2020-09-04T00:00:00Z,117505.97837339625,117505.97837339625,0.0,0.04960777873952837
2020-09-05T00:00:00Z,117505.97837339625,117505.97837339625,0.0,0.04960777873952837
2020-09-06T00:00:00Z,117505.97837339625,117505.97837339625,0.0,0.04960777873952837
2020-09-07T00:00:00Z,117505.97837339625,117505.97837339625,0.0,0.04960777873952837
2020-09-08T00:00:00Z,117505.97837339625,117505.97837339625,0.0,0.04960777873952837
2020-09-09T00:00:00Z,117505.97837339625,117505.97837339625,0.0,0.04960777873952837
2020-09-10T00:00:00Z,117505.97837339625,117505.97837339625,0.0,0.04960777873952837
2020-09-11T00:00:00Z,117505.97837339625,117505.97837339625,0.0,0.04960777873952837
2020-09-12T00:00:00Z,117505.97837339625,117505.97837339625,0.0,0.04960777873952837
2020-09-13T00:00:00Z,117505.97837339625,117505.97837339625,0.0,0.04960777873952837
2020-09-14T00:00:00Z,117505.97837339625,117505.97837339625,0.0,0.04960777873952837
2020-09-15T00:00:00Z,117505.97837339625,117505.97837339625,0.0,0.04960777873952837
2020-09-16T00:00:00Z,117505.97837339625,117505.97837339625,0.0,0.04960777873952837
2020-09-17T00:00:00Z,117505.97837339625,117505.97837339625,0.0,0.04960777873952837
2020-09-18T00:00:00Z,117505.97837339625,117505.97837339625,0.0,0.04960777873952837
2020-09-19T00:00:00Z,117505.97837339625,117505.97837339625,0.0,0.04960777873952837
2020-09-20T00:00:00Z,117505.97837339625,117505.97837339625,0.0,0.04960777873952837
2020-09-21T00:00:00Z,117505.97837339625,117505.97837339625,0.0,0.04960777873952837
2020-09-22T00:00:00Z,117505.97837339625,117505.97837339625,0.0,0.04960777873952837
2020-09-23T00:00:00Z,117505.97837339625,117505.97837339625,0.0,0.04960777873952837
2020-09-24T00:00:00Z,117505.97837339625,117505.97837339625,0.0,0.04960777873952837
2020-09-25T00:00:00Z,117505.97837339625,117505.97837339625,0.0,0.04960777873952837
2020-09-26T00:00:00Z,117505.97837339625,117505.97837339625,0.0,0.04960777873952837
2020-09-27T00:00:00Z,117505.97837339625,117505.97837339625,0.0,0.04960777873952837
2020-09-28T00:00:00Z,117505.97837339625,117505.97837339625,0.0,0.04960777873952837
2020-09-29T00:00:00Z,117505.97837339625,117505.97837339625,0.0,0.04960777873952837
2020-09-30T00:00:00Z,117505.97837339625,117505.97837339625,0.0,0.04960777873952837
2020-10-01T00:00:00Z,117505.97837339625,117505.97837339625,0.0,0.04960777873952837
2020-10-02T00:00:00Z,117505.97837339625,117505.97837339625,0.0,0.04960777873952837
2020-10-03T00:00:00Z,117505.97837339625,117505.97837339625,0.0,0.04960777873952837
2020-10-04T00:00:00Z,117505.97837339625,117505.97837339625,0.0,0.04960777873952837
2020-10-05T00:00:00Z,117505.97837339625,117505.97837339625,0.0,0.04960777873952837
2020-10-06T00:00:00Z,117505.97837339625,117505.97837339625,0.0,0.04960777873952837
2020-10-07T00:00:00Z,117505.97837339625,117505.97837339625,0.0,0.04960777873952837
2020-10-08T00:00:00Z,117505.97837339625,117505.97837339625,0.0,0.04960777873952837
2020-10-09T00:00:00Z,117505.97837339625,117505.97837339625,0.0,0.04960777873952837
2020-10-10T00:00:00Z,117505.97837339625,117505.97837339625,0.0,0.04960777873952837
2020-10-11T00:00:00Z,117505.97837339625,117505.97837339625,0.0,0.04960777873952837
2020-10-12T00:00:00Z,117505.97837339625,117505.97837339625,0.0,0.04960777873952837
2020-10-13T00:00:00Z,117505.97837339625,117505.97837339625,0.0,0.04960777873952837
2020-10-14T00:00:00Z,117238.95345711012,93509.57748428511,23729.375972825022,0.0517674850526373
2020-10-15T00:00:00Z,117232.7194931612,93509.57748428511,23723.14200887609,0.05181790555827189
2020-10-16T00:00:00Z,117414.54344167182,93509.57748428511,23904.96595738671,0.050347307477259885
2020-10-17T00:00:00Z,117028.03767683782,93509.57748428511,23518.460192552702,0.05347337882661115
2020-10-18T00:00:00Z,117118.22235529908,93509.57748428511,23608.64487101397,0.05274396217842926
2020-10-19T00:00:00Z,117411.21866089906,93509.57748428511,23901.641176613943,0.050374198413598345
2020-10-20T00:00:00Z,117925.93628428284,93509.57748428511,24416.358799997728,0.046211145331693404
2020-10-21T00:00:00Z,118257.58316636621,93509.57748428511,24748.0056820811,0.04352877443192747
2020-10-22T00:00:00Z,120076.86164546391,93509.57748428511,26567.284161178803,0.028814390204201273
2020-10-23T00:00:00Z,120456.3022511558,93509.57748428511,26946.724766870684,0.02574546209456927
2020-10-24T00:00:00Z,120185.41228297244,79029.95236197447,41155.459920997964,0.027936429074656537
2020-10-25T00:00:00Z,120669.02616129097,79029.95236197447,41639.073799316495,0.024024944106742767
2020-10-26T00:00:00Z,120291.51206995273,79029.95236197447,41261.55970797826,0.027078290504863597
2020-10-27T00:00:00Z,119876.10318024429,79029.95236197447,40846.150818269816,0.03043813127966062
2020-10-28T00:00:00Z,121459.81967417474,79029.95236197447,42429.86731220026,0.01762898014242642
2020-10-29T00:00:00Z,120171.95984465614,79029.95236197447,41142.00748268167,0.028045232838599207
2020-10-30T00:00:00Z,120513.15736959325,79029.95236197447,41483.20500761877,0.025285616025034898
2020-10-31T00:00:00Z,120441.32472554495,92270.66503669991,28170.659688845037,0.02586660081475455
2020-11-01T00:00:00Z,120930.48309673808,92270.66503669991,28659.818060038182,0.02191027180595199
2020-11-02T00:00:00Z,120861.07829810661,92270.66503669991,28590.413261406702,0.02247162010201819
2020-11-03T00:00:00Z,120429.27239524366,92270.66503669991,28158.60735854376,0.025964080458981742
2020-11-04T00:00:00Z,121403.6409604623,92270.66503669991,29132.97592376239,0.018083355428278297
2020-11-05T00:00:00Z,121656.11650039419,92270.66503669991,29385.451463694284,0.01604132495007308
2020-11-06T00:00:00Z,124666.0820937386,92270.66503669991,32395.417057038685,0.0
2020-11-07T00:00:00Z,124642.18523193435,92270.66503669991,32371.520195234432,0.0001916869560903331
2020-11-08T00:00:00Z,122445.842280422,79272.89528562006,43172.94699480194,0.017809493777522917
2020-11-09T00:00:00Z,124373.63021725486,79272.89528562006,45100.73493163479,0.002345881667026654
2020-11-10T00:00:00Z,123772.40140192017,79272.89528562006,44499.50611630011,0.007168595313250128
2020-11-11T00:00:00Z,123885.43365707158,79272.89528562006,44612.53837145151,0.0062619152182871686
2020-11-12T00:00:00Z,125059.33272053456,79272.89528562006,45786.4374349145,0.0
2020-11-13T00:00:00Z,124988.00045257666,111820.37554104954,13167.624911527122,0.0005703874025723707
2020-11-14T00:00:00Z,125383.7409634312,111820.37554104954,13563.365422381667,0.0
2020-11-15T00:00:00Z,124935.04524752706,111820.37554104954,13114.66970647752,0.003578579746117265
2020-11-16T00:00:00Z,124581.4411363894,111820.37554104954,12761.065595339864,0.00639875490136953
2020-11-17T00:00:00Z,124920.52527194894,111820.37554104954,13100.149730899404,0.0036943840399320123
2020-11-18T00:00:00Z,125549.15480286033,111820.37554104954,13728.779261810796,0.0
2020-11-19T00:00:00Z,125440.39733872621,111820.37554104954,13620.021797676669,0.0008662540524856008
2020-11-20T00:00:00Z,125235.40944821162,111820.37554104954,13415.033907162086,0.002498984203767501
2020-11-21T00:00:00Z,126342.62876239387,111820.37554104954,14522.253221344334,0.0
2020-11-22T00:00:00Z,127546.36320836007,111820.37554104954,15725.987667310532,0.0
2020-11-23T00:00:00Z,127765.30166364578,111820.37554104954,15944.926122596245,0.0
2020-11-24T00:00:00Z,129156.08755970653,111820.37554104954,17335.712018657003,0.0
2020-11-25T00:00:00Z,129049.60773880035,111820.37554104954,17229.232197750815,0.0008244274266744176
2020-11-26T00:00:00Z,128032.9247429287,111820.37554104954,16212.549201879177,0.008696166305429525
2020-11-27T00:00:00Z,126619.36241458856,111820.37554104954,14798.986873539021,0.019640771047243856
2020-11-28T00:00:00Z,126585.76717697644,111820.37554104954,14765.39163592691,0.01990088451341387
2020-11-29T00:00:00Z,127126.13803280517,111820.37554104954,15305.762491755635,0.015717025540611454
2020-11-30T00:00:00Z,128222.5385416547,111820.37554104954,16402.163000605167,0.007228068267554649
2020-12-01T00:00:00Z,129371.32484474685,111820.37554104954,17550.949303697318,0.0
2020-12-02T00:00:00Z,128008.4005696321,101771.64166134803,26236.758908284064,0.010534979654497182
2020-12-03T00:00:00Z,128553.70624188115,101771.64166134803,26782.064580533122,0.006319936847264151
2020-12-04T00:00:00Z,129205.61214966362,101771.64166134803,27433.970488315586,0.0012809074598416348
2020-12-05T00:00:00Z,127427.20165021959,101771.64166134803,25655.559988871562,0.015027466069937219
2020-12-06T00:00:00Z,128517.38315997558,101771.64166134803,26745.741498627547,0.006600702943995131
2020-12-07T00:00:00Z,128765.3100567541,101771.64166134803,26993.66839540607,0.004684305341388494
2020-12-08T00:00:00Z,128645.7711847501,118879.5210535377,9766.250131212402,0.005608303546921639
2020-12-09T00:00:00Z,128216.98935008935,118879.5210535377,9337.468296551655,0.008922653424495485
2020-12-10T00:00:00Z,128325.40757064045,118879.5210535377,9445.886517102756,0.008084614387010086
2020-12-11T00:00:00Z,128178.21760862347,118879.5210535377,9298.696555085779,0.009222346896077475
2020-12-12T00:00:00Z,128063.99126911428,118879.5210535377,9184.470215576583,0.010105280881999511
2020-12-13T00:00:00Z,128461.28698521272,118879.5210535377,9581.765931675025,0.007034308882793234
2020-12-14T00:00:00Z,128649.43947040784,118879.5210535377,9769.918416870145,0.005579948842645857
2020-12-15T00:00:00Z,128697.8404617253,118879.5210535377,9818.3194081876,0.005205824272339908
2020-12-16T00:00:00Z,128776.45386130724,118879.5210535377,9896.932807769532,0.004598167207095498
2020-12-17T00:00:00Z,129752.31974309096,118879.5210535377,10872.798689553267,0.0
2020-12-18T00:00:00Z,130498.66302920613,118879.5210535377,11619.141975668435,0.0
2020-12-19T00:00:00Z,130841.67267989043,106749.23640580231,24092.436274088115,0.0
2020-12-20T00:00:00Z,131288.27803752068,106749.23640580231,24539.041631718374,0.0
2020-12-21T00:00:00Z,130734.27810214733,106749.23640580231,23985.04169634502,0.004219721239812567
2020-12-22T00:00:00Z,129120.40736993893,117546.20189357786,11574.20547636107,0.016512294166598784
2020-12-23T00:00:00Z,129678.59817085898,117546.20189357786,12132.396277281117,0.012260651832158756
2020-12-24T00:00:00Z,129381.87461987702,117546.20189357786,11835.672726299157,0.014520743558681045
2020-12-25T00:00:00Z,129636.05624691152,117546.20189357786,12089.854353333669,0.01258468627440576
2020-12-26T00:00:00Z,130133.87317971454,117546.20189357786,12587.671286136681,0.00879290120231616
2020-12-27T00:00:00Z,131040.85680859175,117546.20189357786,13494.65491501389,0.0018845645066516744
2020-12-28T00:00:00Z,130936.71825464135,117546.20189357786,13390.51636106349,0.0026777697760561187
2020-12-29T00:00:00Z,131922.11299982987,108575.47985633544,23346.633143494444,0.0
2020-12-30T00:00:00Z,132097.5820439968,108575.47985633544,23522.10218766136,0.0
2020-12-31T00:00:00Z,133117.96738907092,108575.47985633544,24542.48753273549,0.0
2021-01-01T00:00:00Z,132888.94752253997,123261.31482400913,9627.632698530831,0.001720427910843843
2021-01-02T00:00:00Z,132795.05129491776,123261.31482400913,9533.736470908647,0.002425788948604925
2021-01-03T00:00:00Z,133391.6454319824,123261.31482400913,10130.330607973272,0.0
2021-01-04T00:00:00Z,136053.6950273545,123261.31482400913,12792.380203345367,0.0
2021-01-05T00:00:00Z,136886.72980444823,123261.31482400913,13625.41498043911,0.0
2021-01-06T00:00:00Z,137645.48455746204,123261.31482400913,14384.169733452909,0.0
2021-01-07T00:00:00Z,139067.3977648938,123261.31482400913,15806.082940884664,0.0
2021-01-08T00:00:00Z,139273.62945146786,123261.31482400913,16012.314627458734,0.0
2021-01-09T00:00:00Z,139167.30962826894,123261.31482400913,15905.994804259799,0.0007633880413518737
2021-01-10T00:00:00Z,139955.09636252525,123261.31482400913,16693.781538516112,0.0
2021-01-11T00:00:00Z,139670.3998617822,123261.31482400913,16409.085037773086,0.002034198883373224
2021-01-12T00:00:00Z,137478.746827353,123261.31482400913,14217.43200334388,0.01769388610728238
2021-01-13T00:00:00Z,136990.8264579124,123261.31482400913,13729.511633903256,0.021180149788432967
2021-01-14T00:00:00Z,138035.58545857202,123261.31482400913,14774.270634562898,0.013715191185186442
2021-01-15T00:00:00Z,139373.14899077214,123261.31482400913,16111.834166763025,0.00415810061139675
2021-01-16T00:00:00Z,138542.86048217432,123261.31482400913,15281.545658165194,0.010090635618533081
2021-01-17T00:00:00Z,139316.26200049967,123261.31482400913,16054.947176490534,0.004564566626218496
2021-01-18T00:00:00Z,139377.20300617086,123261.31482400913,16115.888182161754,0.004129134067811778
2021-01-19T00:00:00Z,139717.21720090302,123261.31482400913,16455.902376893893,0.0016996820251979398
2021-01-20T00:00:00Z,141125.13751647464,123261.31482400913,17863.822692465517,0.0
2021-01-21T00:00:00Z,141272.78214180257,123261.31482400913,18011.467317793435,0.0
2021-01-22T00:00:00Z,137802.0218617291,123261.31482400913,14540.707037719976,0.024567791668388742
2021-01-23T00:00:00Z,137780.21807152603,137780.21807152603,0.0,0.024722129891735806
2021-01-24T00:00:00Z,137780.21807152603,137780.21807152603,0.0,0.024722129891735806
2021-01-25T00:00:00Z,137780.21807152603,137780.21807152603,0.0,0.024722129891735806
2021-01-26T00:00:00Z,137780.21807152603,137780.21807152603,0.0,0.024722129891735806
2021-01-27T00:00:00Z,137780.21807152603,137780.21807152603,0.0,0.024722129891735806
2021-01-28T00:00:00Z,137780.21807152603,137780.21807152603,0.0,0.024722129891735806
2021-01-29T00:00:00Z,137780.21807152603,137780.21807152603,0.0,0.024722129891735806
2021-01-30T00:00:00Z,137780.21807152603,137780.21807152603,0.0,0.024722129891735806
2021-01-31T00:00:00Z,137780.21807152603,137780.21807152603,0.0,0.024722129891735806
2021-02-01T00:00:00Z,137780.21807152603,137780.21807152603,0.0,0.024722129891735806
2021-02-02T00:00:00Z,137780.21807152603,137780.21807152603,0.0,0.024722129891735806
2021-02-03T00:00:00Z,137780.21807152603,137780.21807152603,0.0,0.024722129891735806
2021-02-04T00:00:00Z,137780.21807152603,137780.21807152603,0.0,0.024722129891735806
2021-02-05T00:00:00Z,137780.21807152603,137780.21807152603,0.0,0.024722129891735806
2021-02-06T00:00:00Z,137780.21807152603,137780.21807152603,0.0,0.024722129891735806
2021-02-07T00:00:00Z,137780.21807152603,137780.21807152603,0.0,0.024722129891735806
2021-02-08T00:00:00Z,137780.21807152603,137780.21807152603,0.0,0.024722129891735806
2021-02-09T00:00:00Z,137780.21807152603,137780.21807152603,0.0,0.024722129891735806
2021-02-10T00:00:00Z,137780.21807152603,137780.21807152603,0.0,0.024722129891735806
2021-02-11T00:00:00Z,137780.21807152603,137780.21807152603,0.0,0.024722129891735806
2021-02-12T00:00:00Z,137780.21807152603,137780.21807152603,0.0,0.024722129891735806
2021-02-13T00:00:00Z,137780.21807152603,137780.21807152603,0.0,0.024722129891735806
2021-02-14T00:00:00Z,137780.21807152603,137780.21807152603,0.0,0.024722129891735806
2021-02-15T00:00:00Z,137780.21807152603,137780.21807152603,0.0,0.024722129891735806
2021-02-16T00:00:00Z,137780.21807152603,137780.21807152603,0.0,0.024722129891735806
2021-02-17T00:00:00Z,137780.21807152603,137780.21807152603,0.0,0.024722129891735806
2021-02-18T00:00:00Z,137780.21807152603,137780.21807152603,0.0,0.024722129891735806
2021-02-19T00:00:00Z,137780.21807152603,137780.21807152603,0.0,0.024722129891735806
2021-02-20T00:00:00Z,137780.21807152603,137780.21807152603,0.0,0.024722129891735806
2021-02-21T00:00:00Z,137780.21807152603,137780.21807152603,0.0,0.024722129891735806
2021-02-22T00:00:00Z,137780.21807152603,137780.21807152603,0.0,0.024722129891735806
2021-02-23T00:00:00Z,137780.21807152603,137780.21807152603,0.0,0.024722129891735806
2021-02-24T00:00:00Z,137780.21807152603,137780.21807152603,0.0,0.024722129891735806
2021-02-25T00:00:00Z,137780.21807152603,137780.21807152603,0.0,0.024722129891735806
2021-02-26T00:00:00Z,137780.21807152603,137780.21807152603,0.0,0.024722129891735806
2021-02-27T00:00:00Z,137780.21807152603,137780.21807152603,0.0,0.024722129891735806
2021-02-28T00:00:00Z,137780.21807152603,137780.21807152603,0.0,0.024722129891735806
2021-03-01T00:00:00Z,137780.21807152603,137780.21807152603,0.0,0.024722129891735806
2021-03-02T00:00:00Z,137780.21807152603,137780.21807152603,0.0,0.024722129891735806
2021-03-03T00:00:00Z,137780.21807152603,137780.21807152603,0.0,0.024722129891735806
2021-03-04T00:00:00Z,137780.21807152603,137780.21807152603,0.0,0.024722129891735806
2021-03-05T00:00:00Z,137780.21807152603,137780.21807152603,0.0,0.024722129891735806
2021-03-06T00:00:00Z,137780.21807152603,137780.21807152603,0.0,0.024722129891735806
2021-03-07T00:00:00Z,137780.21807152603,137780.21807152603,0.0,0.024722129891735806
2021-03-08T00:00:00Z,137780.21807152603,137780.21807152603,0.0,0.024722129891735806
2021-03-09T00:00:00Z,137780.21807152603,137780.21807152603,0.0,0.024722129891735806
2021-03-10T00:00:00Z,137780.21807152603,137780.21807152603,0.0,0.024722129891735806
2021-03-11T00:00:00Z,137780.21807152603,137780.21807152603,0.0,0.024722129891735806
2021-03-12T00:00:00Z,137780.21807152603,137780.21807152603,0.0,0.024722129891735806
2021-03-13T00:00:00Z,137780.21807152603,137780.21807152603,0.0,0.024722129891735806
2021-03-14T00:00:00Z,137780.21807152603,137780.21807152603,0.0,0.024722129891735806
2021-03-15T00:00:00Z,137780.21807152603,137780.21807152603,0.0,0.024722129891735806
2021-03-16T00:00:00Z,137780.21807152603,137780.21807152603,0.0,0.024722129891735806
2021-03-17T00:00:00Z,137780.21807152603,137780.21807152603,0.0,0.024722129891735806
2021-03-18T00:00:00Z,137780.21807152603,137780.21807152603,0.0,0.024722129891735806
2021-03-19T00:00:00Z,137780.21807152603,137780.21807152603,0.0,0.024722129891735806
2021-03-20T00:00:00Z,137780.21807152603,137780.21807152603,0.0,0.024722129891735806
2021-03-21T00:00:00Z,137780.21807152603,137780.21807152603,0.0,0.024722129891735806
2021-03-22T00:00:00Z,137780.21807152603,137780.21807152603,0.0,0.024722129891735806
2021-03-23T00:00:00Z,137780.21807152603,137780.21807152603,0.0,0.024722129891735806
2021-03-24T00:00:00Z,137780.21807152603,137780.21807152603,0.0,0.024722129891735806
2021-03-25T00:00:00Z,137780.21807152603,137780.21807152603,0.0,0.024722129891735806
2021-03-26T00:00:00Z,137780.21807152603,137780.21807152603,0.0,0.024722129891735806
2021-03-27T00:00:00Z,137780.21807152603,137780.21807152603,0.0,0.024722129891735806
2021-03-28T00:00:00Z,137780.21807152603,137780.21807152603,0.0,0.024722129891735806
2021-03-29T00:00:00Z,137780.21807152603,137780.21807152603,0.0,0.024722129891735806
2021-03-30T00:00:00Z,137780.21807152603,137780.21807152603,0.0,0.024722129891735806
2021-03-31T00:00:00Z,137780.21807152603,137780.21807152603,0.0,0.024722129891735806
2021-04-01T00:00:00Z,137780.21807152603,137780.21807152603,0.0,0.024722129891735806
2021-04-02T00:00:00Z,137780.21807152603,137780.21807152603,0.0,0.024722129891735806
2021-04-03T00:00:00Z,138823.42866001758,125133.46271239106,13689.965947626515,0.017337759224748953
2021-04-04T00:00:00Z,138019.72137246802,125133.46271239106,12886.258660076963,0.023026804739141413
2021-04-05T00:00:00Z,138449.83210461104,125133.46271239106,13316.36939221997,0.019982264059597823
2021-04-06T00:00:00Z,138648.36942243096,125133.46271239106,13514.906710039899,0.018576916795886116
2021-04-07T00:00:00Z,138675.24733395487,125133.46271239106,13541.784621563826,0.018386661382802105
2021-04-08T00:00:00Z,137726.11707403127,125133.46271239106,12592.654361640192,0.025105084036720807
2021-04-09T00:00:00Z,138475.94024301256,125133.46271239106,13342.477530621492,0.019797457488893205
2021-04-10T00:00:00Z,138390.68786970637,125133.46271239106,13257.225157315295,0.02040091678242241
2021-04-11T00:00:00Z,138820.86274960957,125133.46271239106,13687.400037218504,0.017355922032680604
2021-04-12T00:00:00Z,138931.9025225163,125133.46271239106,13798.43981012522,0.016569926519438265
2021-04-13T00:00:00Z,138845.75208056727,125133.46271239106,13712.28936817622,0.0171797427957437
2021-04-14T00:00:00Z,139881.28937348071,125133.46271239106,14747.826661089653,0.009849687584726296
2021-04-15T00:00:00Z,141018.8360098528,113927.93984824073,27090.896161612065,0.001797558794410095
2021-04-16T00:00:00Z,141764.85772955368,113927.93984824073,27836.91788131295,0.0
2021-04-17T00:00:00Z,140634.81042134025,113927.93984824073,26706.87057309953,0.007971279528028237
2021-04-18T00:00:00Z,139635.74486382716,113927.93984824073,25707.805015586426,0.015018622385162992
2021-04-19T00:00:00Z,138050.4743056772,123708.76711441565,14341.707191261557,0.0262010168342457
2021-04-20T00:00:00Z,137570.71320713917,123708.76711441565,13861.946092723518,0.029585220128501292
2021-04-21T00:00:00Z,138660.07047086066,123708.76711441565,14951.303356445005,0.02190096550314361
2021-04-22T00:00:00Z,138821.85112208582,123708.76711441565,15113.084007670159,0.02075977540980055
2021-04-23T00:00:00Z,139092.55467013107,123708.76711441565,15383.787555715422,0.018850250352739715
2021-04-24T00:00:00Z,138893.82490903055,123708.76711441565,15185.057794614895,0.02025207704154886
2021-04-25T00:00:00Z,137905.37207210413,123708.76711441565,14196.604957688482,0.027224558464357444
2021-04-26T00:00:00Z,138591.04748088514,123708.76711441565,14882.280366469482,0.02238784914328521
2021-04-27T00:00:00Z,139953.61005529968,123708.76711441565,16244.842940884042,0.012776422191382144
2021-04-28T00:00:00Z,140810.17509725428,123708.76711441565,17101.407982838642,0.00673426861627908
2021-04-29T00:00:00Z,141340.80536963115,123708.76711441565,17632.03825521552,0.0029912375091681485
2021-04-30T00:00:00Z,141400.78352541846,123708.76711441565,17692.0164110028,0.002568155535624835
2021-05-01T00:00:00Z,141491.55260610188,123708.76711441565,17782.785491686223,0.0019278763991933262
2021-05-02T00:00:00Z,142602.52766501086,123708.76711441565,18893.76055059521,0.0
2021-05-03T00:00:00Z,142574.2605226359,142574.2605226359,0.0,0.00019822329125450966
2021-05-04T00:00:00Z,142574.2605226359,142574.2605226359,0.0,0.00019822329125450966
2021-05-05T00:00:00Z,142574.2605226359,142574.2605226359,0.0,0.00019822329125450966
2021-05-06T00:00:00Z,142574.2605226359,142574.2605226359,0.0,0.00019822329125450966
2021-05-07T00:00:00Z,142574.2605226359,142574.2605226359,0.0,0.00019822329125450966
2021-05-08T00:00:00Z,142574.2605226359,142574.2605226359,0.0,0.00019822329125450966
2021-05-09T00:00:00Z,142574.2605226359,142574.2605226359,0.0,0.00019822329125450966
2021-05-10T00:00:00Z,142574.2605226359,142574.2605226359,0.0,0.00019822329125450966
2021-05-11T00:00:00Z,142574.2605226359,142574.2605226359,0.0,0.00019822329125450966
2021-05-12T00:00:00Z,142574.2605226359,142574.2605226359,0.0,0.00019822329125450966
2021-05-13T00:00:00Z,142574.2605226359,142574.2605226359,0.0,0.00019822329125450966
2021-05-14T00:00:00Z,142574.2605226359,142574.2605226359,0.0,0.00019822329125450966
2021-05-15T00:00:00Z,142574.2605226359,142574.2605226359,0.0,0.00019822329125450966
2021-05-16T00:00:00Z,142574.2605226359,142574.2605226359,0.0,0.00019822329125450966
2021-05-17T00:00:00Z,142574.2605226359,142574.2605226359,0.0,0.00019822329125450966
2021-05-18T00:00:00Z,142574.2605226359,142574.2605226359,0.0,0.00019822329125450966
2021-05-19T00:00:00Z,142574.2605226359,142574.2605226359,0.0,0.00019822329125450966
2021-05-20T00:00:00Z,142574.2605226359,142574.2605226359,0.0,0.00019822329125450966
2021-05-21T00:00:00Z,142574.2605226359,142574.2605226359,0.0,0.00019822329125450966
2021-05-22T00:00:00Z,142574.2605226359,142574.2605226359,0.0,0.00019822329125450966
2021-05-23T00:00:00Z,142574.2605226359,142574.2605226359,0.0,0.00019822329125450966
2021-05-24T00:00:00Z,142574.2605226359,142574.2605226359,0.0,0.00019822329125450966
2021-05-25T00:00:00Z,142574.2605226359,142574.2605226359,0.0,0.00019822329125450966
2021-05-26T00:00:00Z,142574.2605226359,142574.2605226359,0.0,0.00019822329125450966
2021-05-27T00:00:00Z,142574.2605226359,142574.2605226359,0.0,0.00019822329125450966
2021-05-28T00:00:00Z,142574.2605226359,142574.2605226359,0.0,0.00019822329125450966
2021-05-29T00:00:00Z,142574.2605226359,142574.2605226359,0.0,0.00019822329125450966
2021-05-30T00:00:00Z,142574.2605226359,142574.2605226359,0.0,0.00019822329125450966
2021-05-31T00:00:00Z,142574.2605226359,142574.2605226359,0.0,0.00019822329125450966
2021-06-01T00:00:00Z,142574.2605226359,142574.2605226359,0.0,0.00019822329125450966
2021-06-02T00:00:00Z,142574.2605226359,142574.2605226359,0.0,0.00019822329125450966
2021-06-03T00:00:00Z,142574.2605226359,142574.2605226359,0.0,0.00019822329125450966
2021-06-04T00:00:00Z,142574.2605226359,142574.2605226359,0.0,0.00019822329125450966
2021-06-05T00:00:00Z,142574.2605226359,142574.2605226359,0.0,0.00019822329125450966
2021-06-06T00:00:00Z,142574.2605226359,142574.2605226359,0.0,0.00019822329125450966
2021-06-07T00:00:00Z,142574.2605226359,142574.2605226359,0.0,0.00019822329125450966
2021-06-08T00:00:00Z,142574.2605226359,142574.2605226359,0.0,0.00019822329125450966
2021-06-09T00:00:00Z,142574.2605226359,142574.2605226359,0.0,0.00019822329125450966
2021-06-10T00:00:00Z,142574.2605226359,142574.2605226359,0.0,0.00019822329125450966
2021-06-11T00:00:00Z,142574.2605226359,142574.2605226359,0.0,0.00019822329125450966
2021-06-12T00:00:00Z,142574.2605226359,142574.2605226359,0.0,0.00019822329125450966
2021-06-13T00:00:00Z,142574.2605226359,142574.2605226359,0.0,0.00019822329125450966
2021-06-14T00:00:00Z,142574.2605226359,142574.2605226359,0.0,0.00019822329125450966
2021-06-15T00:00:00Z,142574.2605226359,142574.2605226359,0.0,0.00019822329125450966
2021-06-16T00:00:00Z,142574.2605226359,142574.2605226359,0.0,0.00019822329125450966
2021-06-17T00:00:00Z,142574.2605226359,142574.2605226359,0.0,0.00019822329125450966
2021-06-18T00:00:00Z,142574.2605226359,142574.2605226359,0.0,0.00019822329125450966
2021-06-19T00:00:00Z,142574.2605226359,142574.2605226359,0.0,0.00019822329125450966
2021-06-20T00:00:00Z,142574.2605226359,142574.2605226359,0.0,0.00019822329125450966
2021-06-21T00:00:00Z,142574.2605226359,142574.2605226359,0.0,0.00019822329125450966
2021-06-22T00:00:00Z,142574.2605226359,142574.2605226359,0.0,0.00019822329125450966
2021-06-23T00:00:00Z,142574.2605226359,142574.2605226359,0.0,0.00019822329125450966
2021-06-24T00:00:00Z,142574.2605226359,142574.2605226359,0.0,0.00019822329125450966
2021-06-25T00:00:00Z,142574.2605226359,142574.2605226359,0.0,0.00019822329125450966
2021-06-26T00:00:00Z,142574.2605226359,142574.2605226359,0.0,0.00019822329125450966
2021-06-27T00:00:00Z,142574.2605226359,142574.2605226359,0.0,0.00019822329125450966
2021-06-28T00:00:00Z,142574.2605226359,142574.2605226359,0.0,0.00019822329125450966
2021-06-29T00:00:00Z,142574.2605226359,142574.2605226359,0.0,0.00019822329125450966
2021-06-30T00:00:00Z,142574.2605226359,142574.2605226359,0.0,0.00019822329125450966
2021-07-01T00:00:00Z,142574.2605226359,142574.2605226359,0.0,0.00019822329125450966
2021-07-02T00:00:00Z,142574.2605226359,142574.2605226359,0.0,0.00019822329125450966
2021-07-03T00:00:00Z,142574.2605226359,142574.2605226359,0.0,0.00019822329125450966
2021-07-04T00:00:00Z,142574.2605226359,142574.2605226359,0.0,0.00019822329125450966
2021-07-05T00:00:00Z,142574.2605226359,142574.2605226359,0.0,0.00019822329125450966
2021-07-06T00:00:00Z,142574.2605226359,142574.2605226359,0.0,0.00019822329125450966
2021-07-07T00:00:00Z,142574.2605226359,142574.2605226359,0.0,0.00019822329125450966
2021-07-08T00:00:00Z,142574.2605226359,142574.2605226359,0.0,0.00019822329125450966
2021-07-09T00:00:00Z,142574.2605226359,142574.2605226359,0.0,0.00019822329125450966
2021-07-10T00:00:00Z,142574.2605226359,142574.2605226359,0.0,0.00019822329125450966
2021-07-11T00:00:00Z,142574.2605226359,142574.2605226359,0.0,0.00019822329125450966
2021-07-12T00:00:00Z,142574.2605226359,142574.2605226359,0.0,0.00019822329125450966
2021-07-13T00:00:00Z,142574.2605226359,142574.2605226359,0.0,0.00019822329125450966
2021-07-14T00:00:00Z,142574.2605226359,142574.2605226359,0.0,0.00019822329125450966
2021-07-15T00:00:00Z,142574.2605226359,142574.2605226359,0.0,0.00019822329125450966
2021-07-16T00:00:00Z,142574.2605226359,142574.2605226359,0.0,0.00019822329125450966
2021-07-17T00:00:00Z,142574.2605226359,142574.2605226359,0.0,0.00019822329125450966
2021-07-18T00:00:00Z,142574.2605226359,142574.2605226359,0.0,0.00019822329125450966
2021-07-19T00:00:00Z,142574.2605226359,142574.2605226359,0.0,0.00019822329125450966
2021-07-20T00:00:00Z,142574.2605226359,142574.2605226359,0.0,0.00019822329125450966
2021-07-21T00:00:00Z,142574.2605226359,142574.2605226359,0.0,0.00019822329125450966
2021-07-22T00:00:00Z,142574.2605226359,142574.2605226359,0.0,0.00019822329125450966
2021-07-23T00:00:00Z,142574.2605226359,142574.2605226359,0.0,0.00019822329125450966
2021-07-24T00:00:00Z,142574.2605226359,142574.2605226359,0.0,0.00019822329125450966
2021-07-25T00:00:00Z,142574.2605226359,142574.2605226359,0.0,0.00019822329125450966
2021-07-26T00:00:00Z,142574.2605226359,142574.2605226359,0.0,0.00019822329125450966
2021-07-27T00:00:00Z,142574.2605226359,142574.2605226359,0.0,0.00019822329125450966
2021-07-28T00:00:00Z,142574.2605226359,142574.2605226359,0.0,0.00019822329125450966
2021-07-29T00:00:00Z,142574.2605226359,142574.2605226359,0.0,0.00019822329125450966
2021-07-30T00:00:00Z,142574.2605226359,142574.2605226359,0.0,0.00019822329125450966
2021-07-31T00:00:00Z,142574.2605226359,142574.2605226359,0.0,0.00019822329125450966
2021-08-01T00:00:00Z,142574.2605226359,142574.2605226359,0.0,0.00019822329125450966
2021-08-02T00:00:00Z,142574.2605226359,142574.2605226359,0.0,0.00019822329125450966
2021-08-03T00:00:00Z,142574.2605226359,142574.2605226359,0.0,0.00019822329125450966
2021-08-04T00:00:00Z,142574.2605226359,142574.2605226359,0.0,0.00019822329125450966
2021-08-05T00:00:00Z,142574.2605226359,142574.2605226359,0.0,0.00019822329125450966
2021-08-06T00:00:00Z,142574.2605226359,142574.2605226359,0.0,0.00019822329125450966
2021-08-07T00:00:00Z,142574.2605226359,142574.2605226359,0.0,0.00019822329125450966
2021-08-08T00:00:00Z,142574.2605226359,142574.2605226359,0.0,0.00019822329125450966
2021-08-09T00:00:00Z,142574.2605226359,142574.2605226359,0.0,0.00019822329125450966
2021-08-10T00:00:00Z,142574.2605226359,142574.2605226359,0.0,0.00019822329125450966
2021-08-11T00:00:00Z,142574.2605226359,142574.2605226359,0.0,0.00019822329125450966
2021-08-12T00:00:00Z,142574.2605226359,142574.2605226359,0.0,0.00019822329125450966
2021-08-13T00:00:00Z,142574.2605226359,142574.2605226359,0.0,0.00019822329125450966
2021-08-14T00:00:00Z,142574.2605226359,142574.2605226359,0.0,0.00019822329125450966
2021-08-15T00:00:00Z,142574.2605226359,142574.2605226359,0.0,0.00019822329125450966
2021-08-16T00:00:00Z,142574.2605226359,142574.2605226359,0.0,0.00019822329125450966
2021-08-17T00:00:00Z,142574.2605226359,142574.2605226359,0.0,0.00019822329125450966
2021-08-18T00:00:00Z,142574.2605226359,142574.2605226359,0.0,0.00019822329125450966
2021-08-19T00:00:00Z,142574.2605226359,142574.2605226359,0.0,0.00019822329125450966
2021-08-20T00:00:00Z,142574.2605226359,142574.2605226359,0.0,0.00019822329125450966
2021-08-21T00:00:00Z,142574.2605226359,142574.2605226359,0.0,0.00019822329125450966
2021-08-22T00:00:00Z,142574.2605226359,142574.2605226359,0.0,0.00019822329125450966
2021-08-23T00:00:00Z,142574.2605226359,142574.2605226359,0.0,0.00019822329125450966
2021-08-24T00:00:00Z,142574.2605226359,142574.2605226359,0.0,0.00019822329125450966
2021-08-25T00:00:00Z,142574.2605226359,142574.2605226359,0.0,0.00019822329125450966
2021-08-26T00:00:00Z,142574.2605226359,142574.2605226359,0.0,0.00019822329125450966
2021-08-27T00:00:00Z,142574.2605226359,142574.2605226359,0.0,0.00019822329125450966
2021-08-28T00:00:00Z,142574.2605226359,142574.2605226359,0.0,0.00019822329125450966
2021-08-29T00:00:00Z,142574.2605226359,142574.2605226359,0.0,0.00019822329125450966
2021-08-30T00:00:00Z,142574.2605226359,142574.2605226359,0.0,0.00019822329125450966
2021-08-31T00:00:00Z,142574.2605226359,142574.2605226359,0.0,0.00019822329125450966
2021-09-01T00:00:00Z,142574.2605226359,142574.2605226359,0.0,0.00019822329125450966
2021-09-02T00:00:00Z,144174.65940922423,128580.9319155415,15593.727493682745,0.0
2021-09-03T00:00:00Z,144002.38791228645,128580.9319155415,15421.455996744944,0.0011948805542089803
2021-09-04T00:00:00Z,144631.22572222468,128580.9319155415,16050.29380668319,0.0
2021-09-05T00:00:00Z,144414.51151940864,128580.9319155415,15833.579603867134,0.0014983915246093629
2021-09-06T00:00:00Z,144671.06528808072,128580.9319155415,16090.133372539225,0.0
2021-09-07T00:00:00Z,144575.25479841468,128580.9319155415,15994.322882873179,0.0006622643544875504
2021-09-08T00:00:00Z,141115.7144349761,141115.7144349761,0.0,0.02457541075006884
2021-09-09T00:00:00Z,141115.7144349761,141115.7144349761,0.0,0.02457541075006884
2021-09-10T00:00:00Z,141115.7144349761,141115.7144349761,0.0,0.02457541075006884
2021-09-11T00:00:00Z,141115.7144349761,141115.7144349761,0.0,0.02457541075006884
2021-09-12T00:00:00Z,141115.7144349761,141115.7144349761,0.0,0.02457541075006884
2021-09-13T00:00:00Z,141115.7144349761,141115.7144349761,0.0,0.02457541075006884
2021-09-14T00:00:00Z,141115.7144349761,141115.7144349761,0.0,0.02457541075006884
2021-09-15T00:00:00Z,141115.7144349761,141115.7144349761,0.0,0.02457541075006884
2021-09-16T00:00:00Z,141115.7144349761,141115.7144349761,0.0,0.02457541075006884
2021-09-17T00:00:00Z,141115.7144349761,141115.7144349761,0.0,0.02457541075006884
2021-09-18T00:00:00Z,141115.7144349761,141115.7144349761,0.0,0.02457541075006884
2021-09-19T00:00:00Z,141115.7144349761,141115.7144349761,0.0,0.02457541075006884
2021-09-20T00:00:00Z,141115.7144349761,141115.7144349761,0.0,0.02457541075006884
2021-09-21T00:00:00Z,141115.7144349761,141115.7144349761,0.0,0.02457541075006884
2021-09-22T00:00:00Z,141115.7144349761,141115.7144349761,0.0,0.02457541075006884
2021-09-23T00:00:00Z,141115.7144349761,141115.7144349761,0.0,0.02457541075006884
2021-09-24T00:00:00Z,141115.7144349761,141115.7144349761,0.0,0.02457541075006884
2021-09-25T00:00:00Z,141115.7144349761,141115.7144349761,0.0,0.02457541075006884
2021-09-26T00:00:00Z,141115.7144349761,141115.7144349761,0.0,0.02457541075006884
2021-09-27T00:00:00Z,141115.7144349761,141115.7144349761,0.0,0.02457541075006884
2021-09-28T00:00:00Z,141115.7144349761,141115.7144349761,0.0,0.02457541075006884
2021-09-29T00:00:00Z,141115.7144349761,141115.7144349761,0.0,0.02457541075006884
2021-09-30T00:00:00Z,141115.7144349761,141115.7144349761,0.0,0.02457541075006884
2021-10-01T00:00:00Z,141115.7144349761,141115.7144349761,0.0,0.02457541075006884
2021-10-02T00:00:00Z,141115.7144349761,141115.7144349761,0.0,0.02457541075006884
2021-10-03T00:00:00Z,141115.7144349761,141115.7144349761,0.0,0.02457541075006884
2021-10-04T00:00:00Z,141115.7144349761,141115.7144349761,0.0,0.02457541075006884
2021-10-05T00:00:00Z,141115.7144349761,141115.7144349761,0.0,0.02457541075006884
2021-10-06T00:00:00Z,141677.5635068792,128320.74113800343,13356.822368875773,0.020691779487768416
2021-10-07T00:00:00Z,142677.43763791994,128320.74113800343,14356.696499916496,0.01378041729485372
2021-10-08T00:00:00Z,142278.7493779543,128320.74113800343,13958.00823995085,0.016536243134469625
2021-10-09T00:00:00Z,142323.15765949854,128320.74113800343,14002.416521495099,0.01622928277957196
2021-10-10T00:00:00Z,142582.18433969235,128320.74113800343,14261.443201688911,0.014438830212723037
2021-10-11T00:00:00Z,142508.44738594178,128320.74113800343,14187.70624793835,0.01494851716086116
2021-10-12T00:00:00Z,143237.32977671162,128320.74113800343,14916.588638708172,0.009910312808674845
2021-10-13T00:00:00Z,142856.4723112643,128320.74113800343,14535.731173260876,0.012542888055763202
2021-10-14T00:00:00Z,143210.15533441072,128320.74113800343,14889.414196407277,0.010098148864535642
2021-10-15T00:00:00Z,143204.36746370097,128320.74113800343,14883.626325697536,0.010138155970989375
2021-10-16T00:00:00Z,144327.94110955167,128320.74113800343,16007.19997154825,0.002371754005168836
2021-10-17T00:00:00Z,144121.47244813468,128320.74113800343,15800.73131013124,0.0037989133407682132
2021-10-18T00:00:00Z,144289.6061990661,128320.74113800343,15968.865061062652,0.002636733808899719
2021-10-19T00:00:00Z,144419.7943581695,128320.74113800343,16099.053220166077,0.001736843019790115
2021-10-20T00:00:00Z,145005.74489244362,128320.74113800343,16685.003754440175,0.0
2021-10-21T00:00:00Z,145452.63080222087,128320.74113800343,17131.889664217433,0.0
2021-10-22T00:00:00Z,144057.48073394186,113316.09077589307,30741.389958048792,0.009591782978309007
2021-10-23T00:00:00Z,143371.1580240127,113316.09077589307,30055.067248119638,0.014310313720199787
2021-10-24T00:00:00Z,144228.38214648,113316.09077589307,30912.29137058693,0.008416820300799795
2021-10-25T00:00:00Z,143804.25975175633,113316.09077589307,30488.16897586327,0.011332700146935906
2021-10-26T00:00:00Z,144883.6806378883,113316.09077589307,31567.58986199522,0.0039115838688831145
2021-10-27T00:00:00Z,143843.76379652185,113316.09077589307,30527.673020628787,0.01106110626411893
2021-10-28T00:00:00Z,142593.42064311824,113316.09077589307,29277.329867225173,0.019657328597861106
2021-10-29T00:00:00Z,144471.12108456407,113316.09077589307,31155.03030867099,0.0067479681339789686
2021-10-30T00:00:00Z,145385.226961584,113316.09077589307,32069.136185690935,0.000463407504320193
2021-10-31T00:00:00Z,144932.37579287332,113316.09077589307,31616.28501698027,0.0035768002715259256
2021-11-01T00:00:00Z,144657.62385031514,113316.09077589307,31341.53307442207,0.005465744741232897
2021-11-02T00:00:00Z,144673.04301389251,113316.09077589307,31356.952237999452,0.0053597365962283474
2021-11-03T00:00:00Z,146245.6054027534,113316.09077589307,32929.51462686034,0.0
2021-11-04T00:00:00Z,146209.06485511296,113316.09077589307,32892.97407921988,0.0002498574062434922
2021-11-05T00:00:00Z,145934.5386634313,129615.45898216411,16319.079681267198,0.002127015977440354
2021-11-06T00:00:00Z,145724.76445654818,129615.45898216411,16109.305474384068,0.0035614126302862315
2021-11-07T00:00:00Z,145878.19807071256,129615.45898216411,16262.739088548458,0.002512262375536092
2021-11-08T00:00:00Z,146223.8737073166,129615.45898216411,16608.41472515251,0.0001485972544401398
2021-11-09T00:00:00Z,146922.8930611951,129615.45898216411,17307.434079030965,0.0
2021-11-10T00:00:00Z,146485.19830540736,112606.21819118003,33878.98011422732,0.0029790779821183035
2021-11-11T00:00:00Z,145602.13706792702,112606.21819118003,32995.91887674699,0.00898944994717715
2021-11-12T00:00:00Z,145892.71258081074,112606.21819118003,33286.494389630716,0.007011708379273971
2021-11-13T00:00:00Z,145535.8344781649,112606.21819118003,32929.616286984885,0.009440724683065288
2021-11-14T00:00:00Z,145519.4794456844,112606.21819118003,32913.261254504396,0.009552041797367444
2021-11-15T00:00:00Z,145740.76509953314,112606.21819118003,33134.54690835309,0.008045907190035985
2021-11-16T00:00:00Z,145036.47637064685,112606.21819118003,32430.25817946683,0.01283950139589565
2021-11-17T00:00:00Z,143253.58699703214,128106.2476427998,15147.339354232336,0.02497436572144443
2021-11-18T00:00:00Z,143232.23952472478,143232.23952472478,0.0,0.025119662835206464
2021-11-19T00:00:00Z,143232.23952472478,143232.23952472478,0.0,0.025119662835206464
2021-11-20T00:00:00Z,143232.23952472478,143232.23952472478,0.0,0.025119662835206464
2021-11-21T00:00:00Z,143232.23952472478,143232.23952472478,0.0,0.025119662835206464
2021-11-22T00:00:00Z,143232.23952472478,143232.23952472478,0.0,0.025119662835206464
2021-11-23T00:00:00Z,143232.23952472478,143232.23952472478,0.0,0.025119662835206464
2021-11-24T00:00:00Z,143232.23952472478,143232.23952472478,0.0,0.025119662835206464
2021-11-25T00:00:00Z,143232.23952472478,143232.23952472478,0.0,0.025119662835206464
2021-11-26T00:00:00Z,143232.23952472478,143232.23952472478,0.0,0.025119662835206464
2021-11-27T00:00:00Z,143232.23952472478,143232.23952472478,0.0,0.025119662835206464
2021-11-28T00:00:00Z,143232.23952472478,143232.23952472478,0.0,0.025119662835206464
2021-11-29T00:00:00Z,143232.23952472478,143232.23952472478,0.0,0.025119662835206464
2021-11-30T00:00:00Z,143232.23952472478,143232.23952472478,0.0,0.025119662835206464
2021-12-01T00:00:00Z,143232.23952472478,143232.23952472478,0.0,0.025119662835206464
2021-12-02T00:00:00Z,143232.23952472478,143232.23952472478,0.0,0.025119662835206464
2021-12-03T00:00:00Z,143232.23952472478,143232.23952472478,0.0,0.025119662835206464
2021-12-04T00:00:00Z,143232.23952472478,143232.23952472478,0.0,0.025119662835206464
2021-12-05T00:00:00Z,143232.23952472478,143232.23952472478,0.0,0.025119662835206464
2021-12-06T00:00:00Z,143232.23952472478,143232.23952472478,0.0,0.025119662835206464
2021-12-07T00:00:00Z,143232.23952472478,143232.23952472478,0.0,0.025119662835206464
2021-12-08T00:00:00Z,143232.23952472478,143232.23952472478,0.0,0.025119662835206464
2021-12-09T00:00:00Z,143232.23952472478,143232.23952472478,0.0,0.025119662835206464
2021-12-10T00:00:00Z,143232.23952472478,143232.23952472478,0.0,0.025119662835206464
2021-12-11T00:00:00Z,143232.23952472478,143232.23952472478,0.0,0.025119662835206464
2021-12-12T00:00:00Z,143232.23952472478,143232.23952472478,0.0,0.025119662835206464
2021-12-13T00:00:00Z,143232.23952472478,143232.23952472478,0.0,0.025119662835206464
2021-12-14T00:00:00Z,143232.23952472478,143232.23952472478,0.0,0.025119662835206464
2021-12-15T00:00:00Z,143232.23952472478,143232.23952472478,0.0,0.025119662835206464
2021-12-16T00:00:00Z,143232.23952472478,143232.23952472478,0.0,0.025119662835206464
2021-12-17T00:00:00Z,143232.23952472478,143232.23952472478,0.0,0.025119662835206464
2021-12-18T00:00:00Z,143232.23952472478,143232.23952472478,0.0,0.025119662835206464
2021-12-19T00:00:00Z,143232.23952472478,143232.23952472478,0.0,0.025119662835206464
2021-12-20T00:00:00Z,143232.23952472478,143232.23952472478,0.0,0.025119662835206464
2021-12-21T00:00:00Z,143232.23952472478,143232.23952472478,0.0,0.025119662835206464
2021-12-22T00:00:00Z,143232.23952472478,143232.23952472478,0.0,0.025119662835206464
2021-12-23T00:00:00Z,143232.23952472478,143232.23952472478,0.0,0.025119662835206464
2021-12-24T00:00:00Z,143232.23952472478,143232.23952472478,0.0,0.025119662835206464
2021-12-25T00:00:00Z,143232.23952472478,143232.23952472478,0.0,0.025119662835206464
2021-12-26T00:00:00Z,143232.23952472478,143232.23952472478,0.0,0.025119662835206464
2021-12-27T00:00:00Z,143232.23952472478,143232.23952472478,0.0,0.025119662835206464
2021-12-28T00:00:00Z,143232.23952472478,143232.23952472478,0.0,0.025119662835206464
2021-12-29T00:00:00Z,143232.23952472478,143232.23952472478,0.0,0.025119662835206464
2021-12-30T00:00:00Z,143232.23952472478,143232.23952472478,0.0,0.025119662835206464
2021-12-31T00:00:00Z,143232.23952472478,143232.23952472478,0.0,0.025119662835206464
2022-01-01T00:00:00Z,143232.23952472478,143232.23952472478,0.0,0.025119662835206464
2022-01-02T00:00:00Z,143232.23952472478,143232.23952472478,0.0,0.025119662835206464
2022-01-03T00:00:00Z,143232.23952472478,143232.23952472478,0.0,0.025119662835206464
2022-01-04T00:00:00Z,143232.23952472478,143232.23952472478,0.0,0.025119662835206464
2022-01-05T00:00:00Z,143232.23952472478,143232.23952472478,0.0,0.025119662835206464
2022-01-06T00:00:00Z,143232.23952472478,143232.23952472478,0.0,0.025119662835206464
2022-01-07T00:00:00Z,143232.23952472478,143232.23952472478,0.0,0.025119662835206464
2022-01-08T00:00:00Z,143232.23952472478,143232.23952472478,0.0,0.025119662835206464
2022-01-09T00:00:00Z,143232.23952472478,143232.23952472478,0.0,0.025119662835206464
2022-01-10T00:00:00Z,143232.23952472478,143232.23952472478,0.0,0.025119662835206464
2022-01-11T00:00:00Z,143232.23952472478,143232.23952472478,0.0,0.025119662835206464
2022-01-12T00:00:00Z,143232.23952472478,143232.23952472478,0.0,0.025119662835206464
2022-01-13T00:00:00Z,143232.23952472478,143232.23952472478,0.0,0.025119662835206464
2022-01-14T00:00:00Z,143232.23952472478,143232.23952472478,0.0,0.025119662835206464
2022-01-15T00:00:00Z,143232.23952472478,143232.23952472478,0.0,0.025119662835206464
2022-01-16T00:00:00Z,143232.23952472478,143232.23952472478,0.0,0.025119662835206464
2022-01-17T00:00:00Z,143232.23952472478,143232.23952472478,0.0,0.025119662835206464
2022-01-18T00:00:00Z,143232.23952472478,143232.23952472478,0.0,0.025119662835206464
2022-01-19T00:00:00Z,143232.23952472478,143232.23952472478,0.0,0.025119662835206464
2022-01-20T00:00:00Z,143232.23952472478,143232.23952472478,0.0,0.025119662835206464
2022-01-21T00:00:00Z,143232.23952472478,143232.23952472478,0.0,0.025119662835206464
2022-01-22T00:00:00Z,143232.23952472478,143232.23952472478,0.0,0.025119662835206464
2022-01-23T00:00:00Z,143232.23952472478,143232.23952472478,0.0,0.025119662835206464
2022-01-24T00:00:00Z,143232.23952472478,143232.23952472478,0.0,0.025119662835206464
2022-01-25T00:00:00Z,143232.23952472478,143232.23952472478,0.0,0.025119662835206464
2022-01-26T00:00:00Z,143232.23952472478,143232.23952472478,0.0,0.025119662835206464
2022-01-27T00:00:00Z,143232.23952472478,143232.23952472478,0.0,0.025119662835206464
2022-01-28T00:00:00Z,143232.23952472478,143232.23952472478,0.0,0.025119662835206464
2022-01-29T00:00:00Z,143232.23952472478,143232.23952472478,0.0,0.025119662835206464
2022-01-30T00:00:00Z,143232.23952472478,143232.23952472478,0.0,0.025119662835206464
2022-01-31T00:00:00Z,143232.23952472478,143232.23952472478,0.0,0.025119662835206464
2022-02-01T00:00:00Z,143232.23952472478,143232.23952472478,0.0,0.025119662835206464
2022-02-02T00:00:00Z,143232.23952472478,143232.23952472478,0.0,0.025119662835206464
2022-02-03T00:00:00Z,143232.23952472478,143232.23952472478,0.0,0.025119662835206464
2022-02-04T00:00:00Z,143232.23952472478,143232.23952472478,0.0,0.025119662835206464
2022-02-05T00:00:00Z,143232.23952472478,143232.23952472478,0.0,0.025119662835206464
2022-02-06T00:00:00Z,143232.23952472478,143232.23952472478,0.0,0.025119662835206464
2022-02-07T00:00:00Z,143232.23952472478,143232.23952472478,0.0,0.025119662835206464
2022-02-08T00:00:00Z,143232.23952472478,143232.23952472478,0.0,0.025119662835206464
2022-02-09T00:00:00Z,143232.23952472478,143232.23952472478,0.0,0.025119662835206464
2022-02-10T00:00:00Z,143232.23952472478,143232.23952472478,0.0,0.025119662835206464
2022-02-11T00:00:00Z,143232.23952472478,143232.23952472478,0.0,0.025119662835206464
2022-02-12T00:00:00Z,143232.23952472478,143232.23952472478,0.0,0.025119662835206464
2022-02-13T00:00:00Z,143232.23952472478,143232.23952472478,0.0,0.025119662835206464
2022-02-14T00:00:00Z,143232.23952472478,143232.23952472478,0.0,0.025119662835206464
2022-02-15T00:00:00Z,143232.23952472478,143232.23952472478,0.0,0.025119662835206464
2022-02-16T00:00:00Z,143232.23952472478,143232.23952472478,0.0,0.025119662835206464
2022-02-17T00:00:00Z,143232.23952472478,143232.23952472478,0.0,0.025119662835206464
2022-02-18T00:00:00Z,143232.23952472478,143232.23952472478,0.0,0.025119662835206464
2022-02-19T00:00:00Z,143232.23952472478,143232.23952472478,0.0,0.025119662835206464
2022-02-20T00:00:00Z,143232.23952472478,143232.23952472478,0.0,0.025119662835206464
2022-02-21T00:00:00Z,143232.23952472478,143232.23952472478,0.0,0.025119662835206464
2022-02-22T00:00:00Z,143232.23952472478,143232.23952472478,0.0,0.025119662835206464
2022-02-23T00:00:00Z,143232.23952472478,143232.23952472478,0.0,0.025119662835206464
2022-02-24T00:00:00Z,143232.23952472478,143232.23952472478,0.0,0.025119662835206464
2022-02-25T00:00:00Z,143232.23952472478,143232.23952472478,0.0,0.025119662835206464
2022-02-26T00:00:00Z,143232.23952472478,143232.23952472478,0.0,0.025119662835206464
2022-02-27T00:00:00Z,143232.23952472478,143232.23952472478,0.0,0.025119662835206464
2022-02-28T00:00:00Z,143232.23952472478,143232.23952472478,0.0,0.025119662835206464
2022-03-01T00:00:00Z,143232.23952472478,143232.23952472478,0.0,0.025119662835206464
2022-03-02T00:00:00Z,143232.23952472478,143232.23952472478,0.0,0.025119662835206464
2022-03-03T00:00:00Z,143232.23952472478,143232.23952472478,0.0,0.025119662835206464
2022-03-04T00:00:00Z,143232.23952472478,143232.23952472478,0.0,0.025119662835206464
2022-03-05T00:00:00Z,143232.23952472478,143232.23952472478,0.0,0.025119662835206464
2022-03-06T00:00:00Z,143232.23952472478,143232.23952472478,0.0,0.025119662835206464
2022-03-07T00:00:00Z,143232.23952472478,143232.23952472478,0.0,0.025119662835206464
2022-03-08T00:00:00Z,143232.23952472478,143232.23952472478,0.0,0.025119662835206464
2022-03-09T00:00:00Z,143232.23952472478,143232.23952472478,0.0,0.025119662835206464
2022-03-10T00:00:00Z,143232.23952472478,143232.23952472478,0.0,0.025119662835206464
2022-03-11T00:00:00Z,143232.23952472478,143232.23952472478,0.0,0.025119662835206464
2022-03-12T00:00:00Z,143232.23952472478,143232.23952472478,0.0,0.025119662835206464
2022-03-13T00:00:00Z,143232.23952472478,143232.23952472478,0.0,0.025119662835206464
2022-03-14T00:00:00Z,143232.23952472478,143232.23952472478,0.0,0.025119662835206464
2022-03-15T00:00:00Z,143232.23952472478,143232.23952472478,0.0,0.025119662835206464
2022-03-16T00:00:00Z,143232.23952472478,143232.23952472478,0.0,0.025119662835206464
2022-03-17T00:00:00Z,143232.23952472478,143232.23952472478,0.0,0.025119662835206464
2022-03-18T00:00:00Z,143232.23952472478,143232.23952472478,0.0,0.025119662835206464
2022-03-19T00:00:00Z,143232.23952472478,143232.23952472478,0.0,0.025119662835206464
2022-03-20T00:00:00Z,143232.23952472478,143232.23952472478,0.0,0.025119662835206464
2022-03-21T00:00:00Z,143232.23952472478,143232.23952472478,0.0,0.025119662835206464
2022-03-22T00:00:00Z,143232.23952472478,143232.23952472478,0.0,0.025119662835206464
2022-03-23T00:00:00Z,143232.23952472478,143232.23952472478,0.0,0.025119662835206464
2022-03-24T00:00:00Z,143232.23952472478,143232.23952472478,0.0,0.025119662835206464
2022-03-25T00:00:00Z,143232.23952472478,143232.23952472478,0.0,0.025119662835206464
2022-03-26T00:00:00Z,143232.23952472478,143232.23952472478,0.0,0.025119662835206464
2022-03-27T00:00:00Z,143232.23952472478,143232.23952472478,0.0,0.025119662835206464
2022-03-28T00:00:00Z,143232.23952472478,143232.23952472478,0.0,0.025119662835206464
2022-03-29T00:00:00Z,143232.23952472478,143232.23952472478,0.0,0.025119662835206464
2022-03-30T00:00:00Z,143232.23952472478,143232.23952472478,0.0,0.025119662835206464
2022-03-31T00:00:00Z,143232.23952472478,143232.23952472478,0.0,0.025119662835206464
2022-04-01T00:00:00Z,143232.23952472478,143232.23952472478,0.0,0.025119662835206464
2022-04-02T00:00:00Z,143232.23952472478,143232.23952472478,0.0,0.025119662835206464
2022-04-03T00:00:00Z,143232.23952472478,143232.23952472478,0.0,0.025119662835206464
2022-04-04T00:00:00Z,143232.23952472478,143232.23952472478,0.0,0.025119662835206464
2022-04-05T00:00:00Z,143232.23952472478,143232.23952472478,0.0,0.025119662835206464
2022-04-06T00:00:00Z,143232.23952472478,143232.23952472478,0.0,0.025119662835206464
2022-04-07T00:00:00Z,143232.23952472478,143232.23952472478,0.0,0.025119662835206464
2022-04-08T00:00:00Z,143232.23952472478,143232.23952472478,0.0,0.025119662835206464
2022-04-09T00:00:00Z,143232.23952472478,143232.23952472478,0.0,0.025119662835206464
2022-04-10T00:00:00Z,143232.23952472478,143232.23952472478,0.0,0.025119662835206464
2022-04-11T00:00:00Z,143232.23952472478,143232.23952472478,0.0,0.025119662835206464
2022-04-12T00:00:00Z,143232.23952472478,143232.23952472478,0.0,0.025119662835206464
2022-04-13T00:00:00Z,143232.23952472478,143232.23952472478,0.0,0.025119662835206464
2022-04-14T00:00:00Z,143232.23952472478,143232.23952472478,0.0,0.025119662835206464
2022-04-15T00:00:00Z,143232.23952472478,143232.23952472478,0.0,0.025119662835206464
2022-04-16T00:00:00Z,143232.23952472478,143232.23952472478,0.0,0.025119662835206464
2022-04-17T00:00:00Z,143232.23952472478,143232.23952472478,0.0,0.025119662835206464
2022-04-18T00:00:00Z,143232.23952472478,143232.23952472478,0.0,0.025119662835206464
2022-04-19T00:00:00Z,143232.23952472478,143232.23952472478,0.0,0.025119662835206464
2022-04-20T00:00:00Z,143232.23952472478,143232.23952472478,0.0,0.025119662835206464
2022-04-21T00:00:00Z,143232.23952472478,143232.23952472478,0.0,0.025119662835206464
2022-04-22T00:00:00Z,143232.23952472478,143232.23952472478,0.0,0.025119662835206464
2022-04-23T00:00:00Z,143232.23952472478,143232.23952472478,0.0,0.025119662835206464
2022-04-24T00:00:00Z,143232.23952472478,143232.23952472478,0.0,0.025119662835206464
2022-04-25T00:00:00Z,143232.23952472478,143232.23952472478,0.0,0.025119662835206464
2022-04-26T00:00:00Z,143232.23952472478,143232.23952472478,0.0,0.025119662835206464
2022-04-27T00:00:00Z,143232.23952472478,143232.23952472478,0.0,0.025119662835206464
2022-04-28T00:00:00Z,143232.23952472478,143232.23952472478,0.0,0.025119662835206464
2022-04-29T00:00:00Z,143232.23952472478,143232.23952472478,0.0,0.025119662835206464
2022-04-30T00:00:00Z,143232.23952472478,143232.23952472478,0.0,0.025119662835206464
2022-05-01T00:00:00Z,143232.23952472478,143232.23952472478,0.0,0.025119662835206464
2022-05-02T00:00:00Z,143232.23952472478,143232.23952472478,0.0,0.025119662835206464
2022-05-03T00:00:00Z,143232.23952472478,143232.23952472478,0.0,0.025119662835206464
2022-05-04T00:00:00Z,143232.23952472478,143232.23952472478,0.0,0.025119662835206464
2022-05-05T00:00:00Z,143232.23952472478,143232.23952472478,0.0,0.025119662835206464
2022-05-06T00:00:00Z,143232.23952472478,143232.23952472478,0.0,0.025119662835206464
2022-05-07T00:00:00Z,143232.23952472478,143232.23952472478,0.0,0.025119662835206464
2022-05-08T00:00:00Z,143232.23952472478,143232.23952472478,0.0,0.025119662835206464
2022-05-09T00:00:00Z,143232.23952472478,143232.23952472478,0.0,0.025119662835206464
2022-05-10T00:00:00Z,143232.23952472478,143232.23952472478,0.0,0.025119662835206464
2022-05-11T00:00:00Z,143232.23952472478,143232.23952472478,0.0,0.025119662835206464
2022-05-12T00:00:00Z,143232.23952472478,143232.23952472478,0.0,0.025119662835206464
2022-05-13T00:00:00Z,143232.23952472478,143232.23952472478,0.0,0.025119662835206464
2022-05-14T00:00:00Z,143232.23952472478,143232.23952472478,0.0,0.025119662835206464
2022-05-15T00:00:00Z,143232.23952472478,143232.23952472478,0.0,0.025119662835206464
2022-05-16T00:00:00Z,143232.23952472478,143232.23952472478,0.0,0.025119662835206464
2022-05-17T00:00:00Z,143232.23952472478,143232.23952472478,0.0,0.025119662835206464
2022-05-18T00:00:00Z,143232.23952472478,143232.23952472478,0.0,0.025119662835206464
2022-05-19T00:00:00Z,143232.23952472478,143232.23952472478,0.0,0.025119662835206464
2022-05-20T00:00:00Z,143232.23952472478,143232.23952472478,0.0,0.025119662835206464
2022-05-21T00:00:00Z,143232.23952472478,143232.23952472478,0.0,0.025119662835206464
2022-05-22T00:00:00Z,143232.23952472478,143232.23952472478,0.0,0.025119662835206464
2022-05-23T00:00:00Z,143232.23952472478,143232.23952472478,0.0,0.025119662835206464
2022-05-24T00:00:00Z,143232.23952472478,143232.23952472478,0.0,0.025119662835206464
2022-05-25T00:00:00Z,143232.23952472478,143232.23952472478,0.0,0.025119662835206464
2022-05-26T00:00:00Z,143232.23952472478,143232.23952472478,0.0,0.025119662835206464
2022-05-27T00:00:00Z,143232.23952472478,143232.23952472478,0.0,0.025119662835206464
2022-05-28T00:00:00Z,143232.23952472478,143232.23952472478,0.0,0.025119662835206464
2022-05-29T00:00:00Z,143232.23952472478,143232.23952472478,0.0,0.025119662835206464
2022-05-30T00:00:00Z,143232.23952472478,143232.23952472478,0.0,0.025119662835206464
2022-05-31T00:00:00Z,143232.23952472478,143232.23952472478,0.0,0.025119662835206464
2022-06-01T00:00:00Z,143232.23952472478,143232.23952472478,0.0,0.025119662835206464
2022-06-02T00:00:00Z,143232.23952472478,143232.23952472478,0.0,0.025119662835206464
2022-06-03T00:00:00Z,143232.23952472478,143232.23952472478,0.0,0.025119662835206464
2022-06-04T00:00:00Z,143232.23952472478,143232.23952472478,0.0,0.025119662835206464
2022-06-05T00:00:00Z,143232.23952472478,143232.23952472478,0.0,0.025119662835206464
2022-06-06T00:00:00Z,143232.23952472478,143232.23952472478,0.0,0.025119662835206464
2022-06-07T00:00:00Z,143232.23952472478,143232.23952472478,0.0,0.025119662835206464
2022-06-08T00:00:00Z,143232.23952472478,143232.23952472478,0.0,0.025119662835206464
2022-06-09T00:00:00Z,143232.23952472478,143232.23952472478,0.0,0.025119662835206464
2022-06-10T00:00:00Z,143232.23952472478,143232.23952472478,0.0,0.025119662835206464
2022-06-11T00:00:00Z,143232.23952472478,143232.23952472478,0.0,0.025119662835206464
2022-06-12T00:00:00Z,143232.23952472478,143232.23952472478,0.0,0.025119662835206464
2022-06-13T00:00:00Z,143232.23952472478,143232.23952472478,0.0,0.025119662835206464
2022-06-14T00:00:00Z,143232.23952472478,143232.23952472478,0.0,0.025119662835206464
2022-06-15T00:00:00Z,143232.23952472478,143232.23952472478,0.0,0.025119662835206464
2022-06-16T00:00:00Z,143232.23952472478,143232.23952472478,0.0,0.025119662835206464
2022-06-17T00:00:00Z,143232.23952472478,143232.23952472478,0.0,0.025119662835206464
2022-06-18T00:00:00Z,143232.23952472478,143232.23952472478,0.0,0.025119662835206464
2022-06-19T00:00:00Z,143232.23952472478,143232.23952472478,0.0,0.025119662835206464
2022-06-20T00:00:00Z,143232.23952472478,143232.23952472478,0.0,0.025119662835206464
2022-06-21T00:00:00Z,143232.23952472478,143232.23952472478,0.0,0.025119662835206464
2022-06-22T00:00:00Z,143232.23952472478,143232.23952472478,0.0,0.025119662835206464
2022-06-23T00:00:00Z,143232.23952472478,143232.23952472478,0.0,0.025119662835206464
2022-06-24T00:00:00Z,143232.23952472478,143232.23952472478,0.0,0.025119662835206464
2022-06-25T00:00:00Z,143232.23952472478,143232.23952472478,0.0,0.025119662835206464
2022-06-26T00:00:00Z,143232.23952472478,143232.23952472478,0.0,0.025119662835206464
2022-06-27T00:00:00Z,143232.23952472478,143232.23952472478,0.0,0.025119662835206464
2022-06-28T00:00:00Z,143232.23952472478,143232.23952472478,0.0,0.025119662835206464
2022-06-29T00:00:00Z,143232.23952472478,143232.23952472478,0.0,0.025119662835206464
2022-06-30T00:00:00Z,143232.23952472478,143232.23952472478,0.0,0.025119662835206464
2022-07-01T00:00:00Z,143232.23952472478,143232.23952472478,0.0,0.025119662835206464
2022-07-02T00:00:00Z,143232.23952472478,143232.23952472478,0.0,0.025119662835206464
2022-07-03T00:00:00Z,143232.23952472478,143232.23952472478,0.0,0.025119662835206464
2022-07-04T00:00:00Z,143232.23952472478,143232.23952472478,0.0,0.025119662835206464
2022-07-05T00:00:00Z,143232.23952472478,143232.23952472478,0.0,0.025119662835206464
2022-07-06T00:00:00Z,143232.23952472478,143232.23952472478,0.0,0.025119662835206464
2022-07-07T00:00:00Z,143232.23952472478,143232.23952472478,0.0,0.025119662835206464
2022-07-08T00:00:00Z,143232.23952472478,143232.23952472478,0.0,0.025119662835206464
2022-07-09T00:00:00Z,143232.23952472478,143232.23952472478,0.0,0.025119662835206464
2022-07-10T00:00:00Z,143232.23952472478,143232.23952472478,0.0,0.025119662835206464
2022-07-11T00:00:00Z,143232.23952472478,143232.23952472478,0.0,0.025119662835206464
2022-07-12T00:00:00Z,143232.23952472478,143232.23952472478,0.0,0.025119662835206464
2022-07-13T00:00:00Z,143232.23952472478,143232.23952472478,0.0,0.025119662835206464
2022-07-14T00:00:00Z,143232.23952472478,143232.23952472478,0.0,0.025119662835206464
2022-07-15T00:00:00Z,143232.23952472478,143232.23952472478,0.0,0.025119662835206464
2022-07-16T00:00:00Z,143232.23952472478,143232.23952472478,0.0,0.025119662835206464
2022-07-17T00:00:00Z,143232.23952472478,143232.23952472478,0.0,0.025119662835206464
2022-07-18T00:00:00Z,143232.23952472478,143232.23952472478,0.0,0.025119662835206464
2022-07-19T00:00:00Z,143232.23952472478,143232.23952472478,0.0,0.025119662835206464
2022-07-20T00:00:00Z,143232.23952472478,143232.23952472478,0.0,0.025119662835206464
2022-07-21T00:00:00Z,143232.23952472478,143232.23952472478,0.0,0.025119662835206464
2022-07-22T00:00:00Z,143232.23952472478,143232.23952472478,0.0,0.025119662835206464
2022-07-23T00:00:00Z,143232.23952472478,143232.23952472478,0.0,0.025119662835206464
2022-07-24T00:00:00Z,143232.23952472478,143232.23952472478,0.0,0.025119662835206464
2022-07-25T00:00:00Z,143232.23952472478,143232.23952472478,0.0,0.025119662835206464
2022-07-26T00:00:00Z,143232.23952472478,143232.23952472478,0.0,0.025119662835206464
2022-07-27T00:00:00Z,143232.23952472478,143232.23952472478,0.0,0.025119662835206464
2022-07-28T00:00:00Z,143232.23952472478,143232.23952472478,0.0,0.025119662835206464
2022-07-29T00:00:00Z,143232.23952472478,143232.23952472478,0.0,0.025119662835206464
2022-07-30T00:00:00Z,143232.23952472478,143232.23952472478,0.0,0.025119662835206464
2022-07-31T00:00:00Z,143232.23952472478,143232.23952472478,0.0,0.025119662835206464
2022-08-01T00:00:00Z,143232.23952472478,143232.23952472478,0.0,0.025119662835206464
2022-08-02T00:00:00Z,143232.23952472478,143232.23952472478,0.0,0.025119662835206464
2022-08-03T00:00:00Z,143232.23952472478,143232.23952472478,0.0,0.025119662835206464
2022-08-04T00:00:00Z,143232.23952472478,143232.23952472478,0.0,0.025119662835206464
2022-08-05T00:00:00Z,143232.23952472478,143232.23952472478,0.0,0.025119662835206464
2022-08-06T00:00:00Z,143232.23952472478,143232.23952472478,0.0,0.025119662835206464
2022-08-07T00:00:00Z,143232.23952472478,143232.23952472478,0.0,0.025119662835206464
2022-08-08T00:00:00Z,143232.23952472478,143232.23952472478,0.0,0.025119662835206464
2022-08-09T00:00:00Z,143232.23952472478,143232.23952472478,0.0,0.025119662835206464
2022-08-10T00:00:00Z,143232.23952472478,143232.23952472478,0.0,0.025119662835206464
2022-08-11T00:00:00Z,143232.23952472478,143232.23952472478,0.0,0.025119662835206464
2022-08-12T00:00:00Z,143232.23952472478,143232.23952472478,0.0,0.025119662835206464
2022-08-13T00:00:00Z,143232.23952472478,143232.23952472478,0.0,0.025119662835206464
2022-08-14T00:00:00Z,143232.23952472478,143232.23952472478,0.0,0.025119662835206464
2022-08-15T00:00:00Z,143232.23952472478,143232.23952472478,0.0,0.025119662835206464
2022-08-16T00:00:00Z,143232.23952472478,143232.23952472478,0.0,0.025119662835206464
2022-08-17T00:00:00Z,143232.23952472478,143232.23952472478,0.0,0.025119662835206464
2022-08-18T00:00:00Z,143232.23952472478,143232.23952472478,0.0,0.025119662835206464
2022-08-19T00:00:00Z,143232.23952472478,143232.23952472478,0.0,0.025119662835206464
2022-08-20T00:00:00Z,143232.23952472478,143232.23952472478,0.0,0.025119662835206464
2022-08-21T00:00:00Z,143232.23952472478,143232.23952472478,0.0,0.025119662835206464
2022-08-22T00:00:00Z,143232.23952472478,143232.23952472478,0.0,0.025119662835206464
2022-08-23T00:00:00Z,143232.23952472478,143232.23952472478,0.0,0.025119662835206464
2022-08-24T00:00:00Z,143232.23952472478,143232.23952472478,0.0,0.025119662835206464
2022-08-25T00:00:00Z,143232.23952472478,143232.23952472478,0.0,0.025119662835206464
2022-08-26T00:00:00Z,143232.23952472478,143232.23952472478,0.0,0.025119662835206464
2022-08-27T00:00:00Z,143232.23952472478,143232.23952472478,0.0,0.025119662835206464
2022-08-28T00:00:00Z,143232.23952472478,143232.23952472478,0.0,0.025119662835206464
2022-08-29T00:00:00Z,143232.23952472478,143232.23952472478,0.0,0.025119662835206464
2022-08-30T00:00:00Z,143232.23952472478,143232.23952472478,0.0,0.025119662835206464
2022-08-31T00:00:00Z,143232.23952472478,143232.23952472478,0.0,0.025119662835206464
2022-09-01T00:00:00Z,143232.23952472478,143232.23952472478,0.0,0.025119662835206464
2022-09-02T00:00:00Z,143232.23952472478,143232.23952472478,0.0,0.025119662835206464
2022-09-03T00:00:00Z,143232.23952472478,143232.23952472478,0.0,0.025119662835206464
2022-09-04T00:00:00Z,143232.23952472478,143232.23952472478,0.0,0.025119662835206464
2022-09-05T00:00:00Z,143232.23952472478,143232.23952472478,0.0,0.025119662835206464
2022-09-06T00:00:00Z,143232.23952472478,143232.23952472478,0.0,0.025119662835206464
2022-09-07T00:00:00Z,143232.23952472478,143232.23952472478,0.0,0.025119662835206464
2022-09-08T00:00:00Z,143232.23952472478,143232.23952472478,0.0,0.025119662835206464
2022-09-09T00:00:00Z,143232.23952472478,143232.23952472478,0.0,0.025119662835206464
2022-09-10T00:00:00Z,143232.23952472478,143232.23952472478,0.0,0.025119662835206464
2022-09-11T00:00:00Z,143232.23952472478,143232.23952472478,0.0,0.025119662835206464
2022-09-12T00:00:00Z,143232.23952472478,143232.23952472478,0.0,0.025119662835206464
2022-09-13T00:00:00Z,143232.23952472478,143232.23952472478,0.0,0.025119662835206464
2022-09-14T00:00:00Z,143232.23952472478,143232.23952472478,0.0,0.025119662835206464
2022-09-15T00:00:00Z,143232.23952472478,143232.23952472478,0.0,0.025119662835206464
2022-09-16T00:00:00Z,143232.23952472478,143232.23952472478,0.0,0.025119662835206464
2022-09-17T00:00:00Z,143232.23952472478,143232.23952472478,0.0,0.025119662835206464
2022-09-18T00:00:00Z,143232.23952472478,143232.23952472478,0.0,0.025119662835206464
2022-09-19T00:00:00Z,143232.23952472478,143232.23952472478,0.0,0.025119662835206464
2022-09-20T00:00:00Z,143232.23952472478,143232.23952472478,0.0,0.025119662835206464
2022-09-21T00:00:00Z,143232.23952472478,143232.23952472478,0.0,0.025119662835206464
2022-09-22T00:00:00Z,143232.23952472478,143232.23952472478,0.0,0.025119662835206464
2022-09-23T00:00:00Z,143232.23952472478,143232.23952472478,0.0,0.025119662835206464
2022-09-24T00:00:00Z,143232.23952472478,143232.23952472478,0.0,0.025119662835206464
2022-09-25T00:00:00Z,143232.23952472478,143232.23952472478,0.0,0.025119662835206464
2022-09-26T00:00:00Z,143232.23952472478,143232.23952472478,0.0,0.025119662835206464
2022-09-27T00:00:00Z,143232.23952472478,143232.23952472478,0.0,0.025119662835206464
2022-09-28T00:00:00Z,143232.23952472478,143232.23952472478,0.0,0.025119662835206464
2022-09-29T00:00:00Z,143232.23952472478,143232.23952472478,0.0,0.025119662835206464
2022-09-30T00:00:00Z,143232.23952472478,143232.23952472478,0.0,0.025119662835206464
2022-10-01T00:00:00Z,143232.23952472478,143232.23952472478,0.0,0.025119662835206464
2022-10-02T00:00:00Z,143232.23952472478,143232.23952472478,0.0,0.025119662835206464
2022-10-03T00:00:00Z,143232.23952472478,143232.23952472478,0.0,0.025119662835206464
2022-10-04T00:00:00Z,143232.23952472478,143232.23952472478,0.0,0.025119662835206464
2022-10-05T00:00:00Z,143232.23952472478,143232.23952472478,0.0,0.025119662835206464
2022-10-06T00:00:00Z,143232.23952472478,143232.23952472478,0.0,0.025119662835206464
2022-10-07T00:00:00Z,143232.23952472478,143232.23952472478,0.0,0.025119662835206464
2022-10-08T00:00:00Z,143232.23952472478,143232.23952472478,0.0,0.025119662835206464
2022-10-09T00:00:00Z,143232.23952472478,143232.23952472478,0.0,0.025119662835206464
2022-10-10T00:00:00Z,143232.23952472478,143232.23952472478,0.0,0.025119662835206464
2022-10-11T00:00:00Z,143232.23952472478,143232.23952472478,0.0,0.025119662835206464
2022-10-12T00:00:00Z,143232.23952472478,143232.23952472478,0.0,0.025119662835206464
2022-10-13T00:00:00Z,143232.23952472478,143232.23952472478,0.0,0.025119662835206464
2022-10-14T00:00:00Z,143232.23952472478,143232.23952472478,0.0,0.025119662835206464
2022-10-15T00:00:00Z,143232.23952472478,143232.23952472478,0.0,0.025119662835206464
2022-10-16T00:00:00Z,143232.23952472478,143232.23952472478,0.0,0.025119662835206464
2022-10-17T00:00:00Z,143232.23952472478,143232.23952472478,0.0,0.025119662835206464
2022-10-18T00:00:00Z,143232.23952472478,143232.23952472478,0.0,0.025119662835206464
2022-10-19T00:00:00Z,143232.23952472478,143232.23952472478,0.0,0.025119662835206464
2022-10-20T00:00:00Z,143232.23952472478,143232.23952472478,0.0,0.025119662835206464
2022-10-21T00:00:00Z,143232.23952472478,143232.23952472478,0.0,0.025119662835206464
2022-10-22T00:00:00Z,143232.23952472478,143232.23952472478,0.0,0.025119662835206464
2022-10-23T00:00:00Z,143232.23952472478,143232.23952472478,0.0,0.025119662835206464
2022-10-24T00:00:00Z,143232.23952472478,143232.23952472478,0.0,0.025119662835206464
2022-10-25T00:00:00Z,143232.23952472478,143232.23952472478,0.0,0.025119662835206464
2022-10-26T00:00:00Z,143232.23952472478,143232.23952472478,0.0,0.025119662835206464
2022-10-27T00:00:00Z,143232.23952472478,143232.23952472478,0.0,0.025119662835206464
2022-10-28T00:00:00Z,143232.23952472478,143232.23952472478,0.0,0.025119662835206464
2022-10-29T00:00:00Z,143232.23952472478,143232.23952472478,0.0,0.025119662835206464
2022-10-30T00:00:00Z,143232.23952472478,143232.23952472478,0.0,0.025119662835206464
2022-10-31T00:00:00Z,143232.23952472478,143232.23952472478,0.0,0.025119662835206464
2022-11-01T00:00:00Z,143232.23952472478,143232.23952472478,0.0,0.025119662835206464
2022-11-02T00:00:00Z,143232.23952472478,143232.23952472478,0.0,0.025119662835206464
2022-11-03T00:00:00Z,143232.23952472478,143232.23952472478,0.0,0.025119662835206464
2022-11-04T00:00:00Z,143232.23952472478,143232.23952472478,0.0,0.025119662835206464
2022-11-05T00:00:00Z,143232.23952472478,143232.23952472478,0.0,0.025119662835206464
2022-11-06T00:00:00Z,143232.23952472478,143232.23952472478,0.0,0.025119662835206464
2022-11-07T00:00:00Z,143232.23952472478,143232.23952472478,0.0,0.025119662835206464
2022-11-08T00:00:00Z,143232.23952472478,143232.23952472478,0.0,0.025119662835206464
2022-11-09T00:00:00Z,143232.23952472478,143232.23952472478,0.0,0.025119662835206464
2022-11-10T00:00:00Z,143232.23952472478,143232.23952472478,0.0,0.025119662835206464
2022-11-11T00:00:00Z,143232.23952472478,143232.23952472478,0.0,0.025119662835206464
2022-11-12T00:00:00Z,143232.23952472478,143232.23952472478,0.0,0.025119662835206464
2022-11-13T00:00:00Z,143232.23952472478,143232.23952472478,0.0,0.025119662835206464
2022-11-14T00:00:00Z,143232.23952472478,143232.23952472478,0.0,0.025119662835206464
2022-11-15T00:00:00Z,143232.23952472478,143232.23952472478,0.0,0.025119662835206464
2022-11-16T00:00:00Z,143232.23952472478,143232.23952472478,0.0,0.025119662835206464
2022-11-17T00:00:00Z,143232.23952472478,143232.23952472478,0.0,0.025119662835206464
2022-11-18T00:00:00Z,143232.23952472478,143232.23952472478,0.0,0.025119662835206464
2022-11-19T00:00:00Z,143232.23952472478,143232.23952472478,0.0,0.025119662835206464
2022-11-20T00:00:00Z,143232.23952472478,143232.23952472478,0.0,0.025119662835206464
2022-11-21T00:00:00Z,143232.23952472478,143232.23952472478,0.0,0.025119662835206464
2022-11-22T00:00:00Z,143232.23952472478,143232.23952472478,0.0,0.025119662835206464
2022-11-23T00:00:00Z,143232.23952472478,143232.23952472478,0.0,0.025119662835206464
2022-11-24T00:00:00Z,143232.23952472478,143232.23952472478,0.0,0.025119662835206464
2022-11-25T00:00:00Z,143232.23952472478,143232.23952472478,0.0,0.025119662835206464
2022-11-26T00:00:00Z,143232.23952472478,143232.23952472478,0.0,0.025119662835206464
2022-11-27T00:00:00Z,143232.23952472478,143232.23952472478,0.0,0.025119662835206464
2022-11-28T00:00:00Z,143232.23952472478,143232.23952472478,0.0,0.025119662835206464
2022-11-29T00:00:00Z,143232.23952472478,143232.23952472478,0.0,0.025119662835206464
2022-11-30T00:00:00Z,143232.23952472478,143232.23952472478,0.0,0.025119662835206464
2022-12-01T00:00:00Z,143232.23952472478,143232.23952472478,0.0,0.025119662835206464
2022-12-02T00:00:00Z,143232.23952472478,143232.23952472478,0.0,0.025119662835206464
2022-12-03T00:00:00Z,143232.23952472478,143232.23952472478,0.0,0.025119662835206464
2022-12-04T00:00:00Z,143232.23952472478,143232.23952472478,0.0,0.025119662835206464
2022-12-05T00:00:00Z,143232.23952472478,143232.23952472478,0.0,0.025119662835206464
2022-12-06T00:00:00Z,143232.23952472478,143232.23952472478,0.0,0.025119662835206464
2022-12-07T00:00:00Z,143232.23952472478,143232.23952472478,0.0,0.025119662835206464
2022-12-08T00:00:00Z,143232.23952472478,143232.23952472478,0.0,0.025119662835206464
2022-12-09T00:00:00Z,143232.23952472478,143232.23952472478,0.0,0.025119662835206464
2022-12-10T00:00:00Z,143232.23952472478,143232.23952472478,0.0,0.025119662835206464
2022-12-11T00:00:00Z,143232.23952472478,143232.23952472478,0.0,0.025119662835206464
2022-12-12T00:00:00Z,143232.23952472478,143232.23952472478,0.0,0.025119662835206464
2022-12-13T00:00:00Z,143232.23952472478,143232.23952472478,0.0,0.025119662835206464
2022-12-14T00:00:00Z,143232.23952472478,143232.23952472478,0.0,0.025119662835206464
2022-12-15T00:00:00Z,143232.23952472478,143232.23952472478,0.0,0.025119662835206464
2022-12-16T00:00:00Z,143232.23952472478,143232.23952472478,0.0,0.025119662835206464
2022-12-17T00:00:00Z,143232.23952472478,143232.23952472478,0.0,0.025119662835206464
2022-12-18T00:00:00Z,143232.23952472478,143232.23952472478,0.0,0.025119662835206464
2022-12-19T00:00:00Z,143232.23952472478,143232.23952472478,0.0,0.025119662835206464
2022-12-20T00:00:00Z,143232.23952472478,143232.23952472478,0.0,0.025119662835206464
2022-12-21T00:00:00Z,143232.23952472478,143232.23952472478,0.0,0.025119662835206464
2022-12-22T00:00:00Z,143232.23952472478,143232.23952472478,0.0,0.025119662835206464
2022-12-23T00:00:00Z,143232.23952472478,143232.23952472478,0.0,0.025119662835206464
2022-12-24T00:00:00Z,143232.23952472478,143232.23952472478,0.0,0.025119662835206464
2022-12-25T00:00:00Z,143232.23952472478,143232.23952472478,0.0,0.025119662835206464
2022-12-26T00:00:00Z,143232.23952472478,143232.23952472478,0.0,0.025119662835206464
2022-12-27T00:00:00Z,143232.23952472478,143232.23952472478,0.0,0.025119662835206464
2022-12-28T00:00:00Z,143232.23952472478,143232.23952472478,0.0,0.025119662835206464
2022-12-29T00:00:00Z,143232.23952472478,143232.23952472478,0.0,0.025119662835206464
2022-12-30T00:00:00Z,143232.23952472478,143232.23952472478,0.0,0.025119662835206464
2022-12-31T00:00:00Z,143232.23952472478,143232.23952472478,0.0,0.025119662835206464
2023-01-01T00:00:00Z,143232.23952472478,143232.23952472478,0.0,0.025119662835206464
2023-01-02T00:00:00Z,143232.23952472478,143232.23952472478,0.0,0.025119662835206464
2023-01-03T00:00:00Z,143232.23952472478,143232.23952472478,0.0,0.025119662835206464
2023-01-04T00:00:00Z,143232.23952472478,143232.23952472478,0.0,0.025119662835206464
2023-01-05T00:00:00Z,143232.23952472478,143232.23952472478,0.0,0.025119662835206464
2023-01-06T00:00:00Z,143232.23952472478,143232.23952472478,0.0,0.025119662835206464
2023-01-07T00:00:00Z,143232.23952472478,143232.23952472478,0.0,0.025119662835206464
2023-01-08T00:00:00Z,143232.23952472478,143232.23952472478,0.0,0.025119662835206464
2023-01-09T00:00:00Z,143232.23952472478,143232.23952472478,0.0,0.025119662835206464
2023-01-10T00:00:00Z,143232.23952472478,143232.23952472478,0.0,0.025119662835206464
2023-01-11T00:00:00Z,143232.23952472478,143232.23952472478,0.0,0.025119662835206464
2023-01-12T00:00:00Z,143232.23952472478,143232.23952472478,0.0,0.025119662835206464
2023-01-13T00:00:00Z,143232.23952472478,143232.23952472478,0.0,0.025119662835206464
2023-01-14T00:00:00Z,143232.23952472478,143232.23952472478,0.0,0.025119662835206464
2023-01-15T00:00:00Z,143232.23952472478,143232.23952472478,0.0,0.025119662835206464
2023-01-16T00:00:00Z,143232.23952472478,143232.23952472478,0.0,0.025119662835206464
2023-01-17T00:00:00Z,143232.23952472478,143232.23952472478,0.0,0.025119662835206464
2023-01-18T00:00:00Z,143232.23952472478,143232.23952472478,0.0,0.025119662835206464
2023-01-19T00:00:00Z,143232.23952472478,143232.23952472478,0.0,0.025119662835206464
2023-01-20T00:00:00Z,143232.23952472478,143232.23952472478,0.0,0.025119662835206464
2023-01-21T00:00:00Z,143232.23952472478,143232.23952472478,0.0,0.025119662835206464
2023-01-22T00:00:00Z,143232.23952472478,143232.23952472478,0.0,0.025119662835206464
2023-01-23T00:00:00Z,143232.23952472478,143232.23952472478,0.0,0.025119662835206464
2023-01-24T00:00:00Z,143232.23952472478,143232.23952472478,0.0,0.025119662835206464
2023-01-25T00:00:00Z,143232.23952472478,143232.23952472478,0.0,0.025119662835206464
2023-01-26T00:00:00Z,143232.23952472478,143232.23952472478,0.0,0.025119662835206464
2023-01-27T00:00:00Z,143232.23952472478,143232.23952472478,0.0,0.025119662835206464
2023-01-28T00:00:00Z,143232.23952472478,143232.23952472478,0.0,0.025119662835206464
2023-01-29T00:00:00Z,143232.23952472478,143232.23952472478,0.0,0.025119662835206464
2023-01-30T00:00:00Z,143232.23952472478,143232.23952472478,0.0,0.025119662835206464
2023-01-31T00:00:00Z,143232.23952472478,143232.23952472478,0.0,0.025119662835206464
2023-02-01T00:00:00Z,143232.23952472478,143232.23952472478,0.0,0.025119662835206464
2023-02-02T00:00:00Z,143232.23952472478,143232.23952472478,0.0,0.025119662835206464
2023-02-03T00:00:00Z,143232.23952472478,143232.23952472478,0.0,0.025119662835206464
2023-02-04T00:00:00Z,143232.23952472478,143232.23952472478,0.0,0.025119662835206464
2023-02-05T00:00:00Z,143232.23952472478,143232.23952472478,0.0,0.025119662835206464
2023-02-06T00:00:00Z,143232.23952472478,143232.23952472478,0.0,0.025119662835206464
2023-02-07T00:00:00Z,143232.23952472478,143232.23952472478,0.0,0.025119662835206464
2023-02-08T00:00:00Z,143232.23952472478,143232.23952472478,0.0,0.025119662835206464
2023-02-09T00:00:00Z,143232.23952472478,143232.23952472478,0.0,0.025119662835206464
2023-02-10T00:00:00Z,143232.23952472478,143232.23952472478,0.0,0.025119662835206464
2023-02-11T00:00:00Z,143232.23952472478,143232.23952472478,0.0,0.025119662835206464
2023-02-12T00:00:00Z,143232.23952472478,143232.23952472478,0.0,0.025119662835206464
2023-02-13T00:00:00Z,143232.23952472478,143232.23952472478,0.0,0.025119662835206464
2023-02-14T00:00:00Z,143232.23952472478,143232.23952472478,0.0,0.025119662835206464
2023-02-15T00:00:00Z,143232.23952472478,143232.23952472478,0.0,0.025119662835206464
2023-02-16T00:00:00Z,143232.23952472478,143232.23952472478,0.0,0.025119662835206464
2023-02-17T00:00:00Z,143232.23952472478,143232.23952472478,0.0,0.025119662835206464
2023-02-18T00:00:00Z,143232.23952472478,143232.23952472478,0.0,0.025119662835206464
2023-02-19T00:00:00Z,143232.23952472478,143232.23952472478,0.0,0.025119662835206464
2023-02-20T00:00:00Z,143232.23952472478,143232.23952472478,0.0,0.025119662835206464
2023-02-21T00:00:00Z,143232.23952472478,143232.23952472478,0.0,0.025119662835206464
2023-02-22T00:00:00Z,143232.23952472478,143232.23952472478,0.0,0.025119662835206464
2023-02-23T00:00:00Z,143232.23952472478,143232.23952472478,0.0,0.025119662835206464
2023-02-24T00:00:00Z,143232.23952472478,143232.23952472478,0.0,0.025119662835206464
2023-02-25T00:00:00Z,143232.23952472478,143232.23952472478,0.0,0.025119662835206464
2023-02-26T00:00:00Z,143232.23952472478,143232.23952472478,0.0,0.025119662835206464
2023-02-27T00:00:00Z,143232.23952472478,143232.23952472478,0.0,0.025119662835206464
2023-02-28T00:00:00Z,143232.23952472478,143232.23952472478,0.0,0.025119662835206464
2023-03-01T00:00:00Z,143232.23952472478,143232.23952472478,0.0,0.025119662835206464
2023-03-02T00:00:00Z,143232.23952472478,143232.23952472478,0.0,0.025119662835206464
2023-03-03T00:00:00Z,143232.23952472478,143232.23952472478,0.0,0.025119662835206464
2023-03-04T00:00:00Z,143232.23952472478,143232.23952472478,0.0,0.025119662835206464
2023-03-05T00:00:00Z,143232.23952472478,143232.23952472478,0.0,0.025119662835206464
2023-03-06T00:00:00Z,143232.23952472478,143232.23952472478,0.0,0.025119662835206464
2023-03-07T00:00:00Z,143232.23952472478,143232.23952472478,0.0,0.025119662835206464
2023-03-08T00:00:00Z,143232.23952472478,143232.23952472478,0.0,0.025119662835206464
2023-03-09T00:00:00Z,143232.23952472478,143232.23952472478,0.0,0.025119662835206464
2023-03-10T00:00:00Z,143232.23952472478,143232.23952472478,0.0,0.025119662835206464
2023-03-11T00:00:00Z,143232.23952472478,143232.23952472478,0.0,0.025119662835206464
2023-03-12T00:00:00Z,143232.23952472478,143232.23952472478,0.0,0.025119662835206464
2023-03-13T00:00:00Z,143232.23952472478,143232.23952472478,0.0,0.025119662835206464
2023-03-14T00:00:00Z,143232.23952472478,143232.23952472478,0.0,0.025119662835206464
2023-03-15T00:00:00Z,143232.23952472478,143232.23952472478,0.0,0.025119662835206464
2023-03-16T00:00:00Z,142499.53388782812,112546.98755536665,29952.546332461483,0.03010667079312544
2023-03-17T00:00:00Z,143157.26567027575,112546.98755536665,30610.27811490909,0.02562995672397298
2023-03-18T00:00:00Z,145686.9894544804,112546.98755536665,33140.00189911376,0.008411919891884462
2023-03-19T00:00:00Z,145111.5957009316,112546.98755536665,32564.608145564933,0.012328217356222877
2023-03-20T00:00:00Z,145971.08646099904,112546.98755536665,33424.09890563239,0.006478272925102392
2023-03-21T00:00:00Z,145388.91653008354,112546.98755536665,32841.928974716895,0.010440691026092366
2023-03-22T00:00:00Z,146240.4173142904,112546.98755536665,33693.42975892373,0.00464512869767984
2023-03-23T00:00:00Z,145110.2167678436,112546.98755536665,32563.229212476966,0.012337602776420166
2023-03-24T00:00:00Z,146470.69968816405,112546.98755536665,33923.71213279739,0.003077759793653786
2023-03-25T00:00:00Z,145369.7229542523,112546.98755536665,32822.73539888565,0.010571328093137133
2023-03-26T00:00:00Z,145308.28272346954,112546.98755536665,32761.295168102894,0.010989508197698268
2023-03-27T00:00:00Z,145910.88910875993,112546.98755536665,33363.90155339327,0.006887993636319482
2023-03-28T00:00:00Z,144859.46269731596,112546.98755536665,32312.475141949297,0.014044308010050474
2023-03-29T00:00:00Z,145459.23507881555,112546.98755536665,32912.2475234489,0.009962082503847216
2023-03-30T00:00:00Z,146319.1108184435,112546.98755536665,33772.12326307686,0.004109517789716479
2023-03-31T00:00:00Z,146124.08248574298,112546.98755536665,33577.09493037635,0.005436937422130637
2023-04-01T00:00:00Z,146652.83243340207,112546.98755536665,34105.844878035416,0.0018381112852204505
2023-04-02T00:00:00Z,146634.49092176458,112546.98755536665,34087.50336639791,0.0019629489552073654
2023-04-03T00:00:00Z,146222.033085068,112546.98755536665,33675.045529701325,0.004770257115990679
2023-04-04T00:00:00Z,146133.92521706145,112546.98755536665,33586.9376616948,0.005369944926179948
2023-04-05T00:00:00Z,146898.878194148,112546.98755536665,34351.89063878136,0.00016345217921265884
2023-04-06T00:00:00Z,147245.59506719775,112546.98755536665,34698.6075118311,0.0
2023-04-07T00:00:00Z,146832.44449459028,112546.98755536665,34285.45693922362,0.002805860320771707
2023-04-08T00:00:00Z,146676.40761072113,112546.98755536665,34129.42005535449,0.0038655652565827946
2023-04-09T00:00:00Z,146563.2647627686,112546.98755536665,34016.27720740195,0.004633960724718095
2023-04-10T00:00:00Z,146889.39954067534,112546.98755536665,34342.41198530869,0.002419057265243517
2023-04-11T00:00:00Z,148172.31426661508,112546.98755536665,35625.32671124842,0.0
2023-04-12T00:00:00Z,148342.94048741524,112546.98755536665,35795.952932048574,0.0
2023-04-13T00:00:00Z,148393.4244966244,112546.98755536665,35846.43694125775,0.0
2023-04-14T00:00:00Z,149542.83064863077,112546.98755536665,36995.84309326412,0.0
2023-04-15T00:00:00Z,149487.29298674315,149487.29298674315,0.0,0.0003713829786872937
2023-04-16T00:00:00Z,149487.29298674315,149487.29298674315,0.0,0.0003713829786872937
2023-04-17T00:00:00Z,149487.29298674315,149487.29298674315,0.0,0.0003713829786872937
2023-04-18T00:00:00Z,149487.29298674315,149487.29298674315,0.0,0.0003713829786872937
2023-04-19T00:00:00Z,149487.29298674315,149487.29298674315,0.0,0.0003713829786872937
2023-04-20T00:00:00Z,149487.29298674315,149487.29298674315,0.0,0.0003713829786872937
2023-04-21T00:00:00Z,149487.29298674315,149487.29298674315,0.0,0.0003713829786872937
2023-04-22T00:00:00Z,149487.29298674315,149487.29298674315,0.0,0.0003713829786872937
2023-04-23T00:00:00Z,149487.29298674315,149487.29298674315,0.0,0.0003713829786872937
2023-04-24T00:00:00Z,149487.29298674315,149487.29298674315,0.0,0.0003713829786872937
2023-04-25T00:00:00Z,149487.29298674315,149487.29298674315,0.0,0.0003713829786872937
2023-04-26T00:00:00Z,149487.29298674315,149487.29298674315,0.0,0.0003713829786872937
2023-04-27T00:00:00Z,149487.29298674315,149487.29298674315,0.0,0.0003713829786872937
2023-04-28T00:00:00Z,149487.29298674315,149487.29298674315,0.0,0.0003713829786872937
2023-04-29T00:00:00Z,149487.29298674315,149487.29298674315,0.0,0.0003713829786872937
2023-04-30T00:00:00Z,149487.29298674315,149487.29298674315,0.0,0.0003713829786872937
2023-05-01T00:00:00Z,149487.29298674315,149487.29298674315,0.0,0.0003713829786872937
2023-05-02T00:00:00Z,149487.29298674315,149487.29298674315,0.0,0.0003713829786872937
2023-05-03T00:00:00Z,149487.29298674315,149487.29298674315,0.0,0.0003713829786872937
2023-05-04T00:00:00Z,149487.29298674315,149487.29298674315,0.0,0.0003713829786872937
2023-05-05T00:00:00Z,149487.29298674315,149487.29298674315,0.0,0.0003713829786872937
2023-05-06T00:00:00Z,149487.29298674315,149487.29298674315,0.0,0.0003713829786872937
2023-05-07T00:00:00Z,149487.29298674315,149487.29298674315,0.0,0.0003713829786872937
2023-05-08T00:00:00Z,149487.29298674315,149487.29298674315,0.0,0.0003713829786872937
2023-05-09T00:00:00Z,149487.29298674315,149487.29298674315,0.0,0.0003713829786872937
2023-05-10T00:00:00Z,149487.29298674315,149487.29298674315,0.0,0.0003713829786872937
2023-05-11T00:00:00Z,149487.29298674315,149487.29298674315,0.0,0.0003713829786872937
2023-05-12T00:00:00Z,149487.29298674315,149487.29298674315,0.0,0.0003713829786872937
2023-05-13T00:00:00Z,149487.29298674315,149487.29298674315,0.0,0.0003713829786872937
2023-05-14T00:00:00Z,149487.29298674315,149487.29298674315,0.0,0.0003713829786872937
2023-05-15T00:00:00Z,149487.29298674315,149487.29298674315,0.0,0.0003713829786872937
2023-05-16T00:00:00Z,149487.29298674315,149487.29298674315,0.0,0.0003713829786872937
2023-05-17T00:00:00Z,149487.29298674315,149487.29298674315,0.0,0.0003713829786872937
2023-05-18T00:00:00Z,149487.29298674315,149487.29298674315,0.0,0.0003713829786872937
2023-05-19T00:00:00Z,149487.29298674315,149487.29298674315,0.0,0.0003713829786872937
2023-05-20T00:00:00Z,149487.29298674315,149487.29298674315,0.0,0.0003713829786872937
2023-05-21T00:00:00Z,149487.29298674315,149487.29298674315,0.0,0.0003713829786872937
2023-05-22T00:00:00Z,149487.29298674315,149487.29298674315,0.0,0.0003713829786872937
2023-05-23T00:00:00Z,149487.29298674315,149487.29298674315,0.0,0.0003713829786872937
2023-05-24T00:00:00Z,149487.29298674315,149487.29298674315,0.0,0.0003713829786872937
2023-05-25T00:00:00Z,149487.29298674315,149487.29298674315,0.0,0.0003713829786872937
2023-05-26T00:00:00Z,149487.29298674315,149487.29298674315,0.0,0.0003713829786872937
2023-05-27T00:00:00Z,149487.29298674315,149487.29298674315,0.0,0.0003713829786872937
2023-05-28T00:00:00Z,149487.29298674315,149487.29298674315,0.0,0.0003713829786872937
2023-05-29T00:00:00Z,149487.29298674315,149487.29298674315,0.0,0.0003713829786872937
2023-05-30T00:00:00Z,149487.29298674315,149487.29298674315,0.0,0.0003713829786872937
2023-05-31T00:00:00Z,149487.29298674315,149487.29298674315,0.0,0.0003713829786872937
2023-06-01T00:00:00Z,149487.29298674315,149487.29298674315,0.0,0.0003713829786872937
2023-06-02T00:00:00Z,149487.29298674315,149487.29298674315,0.0,0.0003713829786872937
2023-06-03T00:00:00Z,149487.29298674315,149487.29298674315,0.0,0.0003713829786872937
2023-06-04T00:00:00Z,149487.29298674315,149487.29298674315,0.0,0.0003713829786872937
2023-06-05T00:00:00Z,149487.29298674315,149487.29298674315,0.0,0.0003713829786872937
2023-06-06T00:00:00Z,149487.29298674315,149487.29298674315,0.0,0.0003713829786872937
2023-06-07T00:00:00Z,149487.29298674315,149487.29298674315,0.0,0.0003713829786872937
2023-06-08T00:00:00Z,149487.29298674315,149487.29298674315,0.0,0.0003713829786872937
2023-06-09T00:00:00Z,149487.29298674315,149487.29298674315,0.0,0.0003713829786872937
2023-06-10T00:00:00Z,149487.29298674315,149487.29298674315,0.0,0.0003713829786872937
2023-06-11T00:00:00Z,149487.29298674315,149487.29298674315,0.0,0.0003713829786872937
2023-06-12T00:00:00Z,149487.29298674315,149487.29298674315,0.0,0.0003713829786872937
2023-06-13T00:00:00Z,149487.29298674315,149487.29298674315,0.0,0.0003713829786872937
2023-06-14T00:00:00Z,149487.29298674315,149487.29298674315,0.0,0.0003713829786872937
2023-06-15T00:00:00Z,149487.29298674315,149487.29298674315,0.0,0.0003713829786872937
2023-06-16T00:00:00Z,149487.29298674315,149487.29298674315,0.0,0.0003713829786872937
2023-06-17T00:00:00Z,149487.29298674315,149487.29298674315,0.0,0.0003713829786872937
2023-06-18T00:00:00Z,149487.29298674315,149487.29298674315,0.0,0.0003713829786872937
2023-06-19T00:00:00Z,149487.29298674315,149487.29298674315,0.0,0.0003713829786872937
2023-06-20T00:00:00Z,149487.29298674315,149487.29298674315,0.0,0.0003713829786872937
2023-06-21T00:00:00Z,149487.29298674315,149487.29298674315,0.0,0.0003713829786872937
2023-06-22T00:00:00Z,150849.97901889947,125980.65554127384,24869.32347762564,0.0
2023-06-23T00:00:00Z,150763.573935179,125980.65554127384,24782.918393905184,0.0005727881719468485
2023-06-24T00:00:00Z,151430.02082372154,125980.65554127384,25449.365282447707,0.0
2023-06-25T00:00:00Z,151298.50598420078,125980.65554127384,25317.850442926938,0.0008684859105570657
2023-06-26T00:00:00Z,151242.36755648605,125980.65554127384,25261.712015212204,0.001239207828241276
2023-06-27T00:00:00Z,151082.4103525544,125980.65554127384,25101.754811280574,0.0022955188758230875
2023-06-28T00:00:00Z,151431.51342593553,125980.65554127384,25450.85788466169,0.0
2023-06-29T00:00:00Z,150922.8677603489,125980.65554127384,24942.212219075045,0.0033589155525108804
2023-06-30T00:00:00Z,151229.51459297678,125980.65554127384,25248.859051702926,0.0013339286413296474
2023-07-01T00:00:00Z,151251.32316976992,125980.65554127384,25270.667628496092,0.0011899125359645351
2023-07-02T00:00:00Z,151342.8694388941,125980.65554127384,25362.213897620262,0.0005853734472830702
2023-07-03T00:00:00Z,151367.41445307957,125980.65554127384,25386.758911805726,0.0004232868800277904
2023-07-04T00:00:00Z,151816.35603010695,125980.65554127384,25835.70048883313,0.0
2023-07-05T00:00:00Z,151492.4613496731,125980.65554127384,25511.80580839925,0.0021334636721857315
2023-07-06T00:00:00Z,151275.5364945745,125980.65554127384,25294.88095330067,0.003562327206860317
2023-07-07T00:00:00Z,150770.29064514194,125980.65554127384,24789.6351038681,0.006890333902873842
2023-07-08T00:00:00Z,151142.11444111366,125980.65554127384,25161.458899839814,0.004441165672950147
2023-07-09T00:00:00Z,151096.4242288968,125980.65554127384,25115.76868762295,0.004742122785949273
2023-07-10T00:00:00Z,150992.77129737032,125980.65554127384,25012.11575609649,0.005424874857181456
2023-07-11T00:00:00Z,151200.49177214934,125980.65554127384,25219.836230875517,0.0040566397064324125
2023-07-12T00:00:00Z,151372.47271613806,125980.65554127384,25391.81717486422,0.0029238174698440716
2023-07-13T00:00:00Z,151172.7957088455,125980.65554127384,25192.140167571648,0.004239071059865516
2023-07-14T00:00:00Z,152061.3086378903,125980.65554127384,26080.65309661646,0.0
2023-07-15T00:00:00Z,150253.04817577434,101060.16434813784,49192.88382763651,0.011891653954011658
2023-07-16T00:00:00Z,150151.54395339516,101060.16434813784,49091.37960525733,0.012559175648309967
2023-07-17T00:00:00Z,149991.76607050645,101060.16434813784,48931.6017223686,0.013609922115770633
2023-07-18T00:00:00Z,149393.88599082452,124400.09607302191,24993.789917802613,0.017541757801241963
2023-07-19T00:00:00Z,149356.4078028428,149356.4078028428,0.0,0.017788225415636755
2023-07-20T00:00:00Z,149356.4078028428,149356.4078028428,0.0,0.017788225415636755
2023-07-21T00:00:00Z,149356.4078028428,149356.4078028428,0.0,0.017788225415636755
2023-07-22T00:00:00Z,149356.4078028428,149356.4078028428,0.0,0.017788225415636755
2023-07-23T00:00:00Z,149356.4078028428,149356.4078028428,0.0,0.017788225415636755
2023-07-24T00:00:00Z,149356.4078028428,149356.4078028428,0.0,0.017788225415636755
2023-07-25T00:00:00Z,149356.4078028428,149356.4078028428,0.0,0.017788225415636755
2023-07-26T00:00:00Z,149356.4078028428,149356.4078028428,0.0,0.017788225415636755
2023-07-27T00:00:00Z,149356.4078028428,149356.4078028428,0.0,0.017788225415636755
2023-07-28T00:00:00Z,149356.4078028428,149356.4078028428,0.0,0.017788225415636755
2023-07-29T00:00:00Z,149356.4078028428,149356.4078028428,0.0,0.017788225415636755
2023-07-30T00:00:00Z,149356.4078028428,149356.4078028428,0.0,0.017788225415636755
2023-07-31T00:00:00Z,149356.4078028428,149356.4078028428,0.0,0.017788225415636755
2023-08-01T00:00:00Z,149356.4078028428,149356.4078028428,0.0,0.017788225415636755
2023-08-02T00:00:00Z,149356.4078028428,149356.4078028428,0.0,0.017788225415636755
2023-08-03T00:00:00Z,149356.4078028428,149356.4078028428,0.0,0.017788225415636755
2023-08-04T00:00:00Z,149356.4078028428,149356.4078028428,0.0,0.017788225415636755
2023-08-05T00:00:00Z,149356.4078028428,149356.4078028428,0.0,0.017788225415636755
2023-08-06T00:00:00Z,149356.4078028428,149356.4078028428,0.0,0.017788225415636755
2023-08-07T00:00:00Z,149356.4078028428,149356.4078028428,0.0,0.017788225415636755
2023-08-08T00:00:00Z,149356.4078028428,149356.4078028428,0.0,0.017788225415636755
2023-08-09T00:00:00Z,149356.4078028428,149356.4078028428,0.0,0.017788225415636755
2023-08-10T00:00:00Z,149356.4078028428,149356.4078028428,0.0,0.017788225415636755
2023-08-11T00:00:00Z,149356.4078028428,149356.4078028428,0.0,0.017788225415636755
2023-08-12T00:00:00Z,149356.4078028428,149356.4078028428,0.0,0.017788225415636755
2023-08-13T00:00:00Z,149356.4078028428,149356.4078028428,0.0,0.017788225415636755
2023-08-14T00:00:00Z,149356.4078028428,149356.4078028428,0.0,0.017788225415636755
2023-08-15T00:00:00Z,149356.4078028428,149356.4078028428,0.0,0.017788225415636755
2023-08-16T00:00:00Z,149356.4078028428,149356.4078028428,0.0,0.017788225415636755
2023-08-17T00:00:00Z,149356.4078028428,149356.4078028428,0.0,0.017788225415636755
2023-08-18T00:00:00Z,149356.4078028428,149356.4078028428,0.0,0.017788225415636755
2023-08-19T00:00:00Z,149356.4078028428,149356.4078028428,0.0,0.017788225415636755
2023-08-20T00:00:00Z,149356.4078028428,149356.4078028428,0.0,0.017788225415636755
2023-08-21T00:00:00Z,149356.4078028428,149356.4078028428,0.0,0.017788225415636755
2023-08-22T00:00:00Z,149356.4078028428,149356.4078028428,0.0,0.017788225415636755
2023-08-23T00:00:00Z,149356.4078028428,149356.4078028428,0.0,0.017788225415636755
2023-08-24T00:00:00Z,149356.4078028428,149356.4078028428,0.0,0.017788225415636755
2023-08-25T00:00:00Z,149356.4078028428,149356.4078028428,0.0,0.017788225415636755
2023-08-26T00:00:00Z,149356.4078028428,149356.4078028428,0.0,0.017788225415636755
2023-08-27T00:00:00Z,149356.4078028428,149356.4078028428,0.0,0.017788225415636755
2023-08-28T00:00:00Z,149356.4078028428,149356.4078028428,0.0,0.017788225415636755
2023-08-29T00:00:00Z,149356.4078028428,149356.4078028428,0.0,0.017788225415636755
2023-08-30T00:00:00Z,149356.4078028428,149356.4078028428,0.0,0.017788225415636755
2023-08-31T00:00:00Z,149356.4078028428,149356.4078028428,0.0,0.017788225415636755
2023-09-01T00:00:00Z,149356.4078028428,149356.4078028428,0.0,0.017788225415636755
2023-09-02T00:00:00Z,149356.4078028428,149356.4078028428,0.0,0.017788225415636755
2023-09-03T00:00:00Z,149356.4078028428,149356.4078028428,0.0,0.017788225415636755
2023-09-04T00:00:00Z,149356.4078028428,149356.4078028428,0.0,0.017788225415636755
2023-09-05T00:00:00Z,149356.4078028428,149356.4078028428,0.0,0.017788225415636755
2023-09-06T00:00:00Z,149356.4078028428,149356.4078028428,0.0,0.017788225415636755
2023-09-07T00:00:00Z,149356.4078028428,149356.4078028428,0.0,0.017788225415636755
2023-09-08T00:00:00Z,149356.4078028428,149356.4078028428,0.0,0.017788225415636755
2023-09-09T00:00:00Z,149356.4078028428,149356.4078028428,0.0,0.017788225415636755
2023-09-10T00:00:00Z,149356.4078028428,149356.4078028428,0.0,0.017788225415636755
2023-09-11T00:00:00Z,149356.4078028428,149356.4078028428,0.0,0.017788225415636755
2023-09-12T00:00:00Z,149356.4078028428,149356.4078028428,0.0,0.017788225415636755
2023-09-13T00:00:00Z,149356.4078028428,149356.4078028428,0.0,0.017788225415636755
2023-09-14T00:00:00Z,149356.4078028428,149356.4078028428,0.0,0.017788225415636755
2023-09-15T00:00:00Z,149356.4078028428,149356.4078028428,0.0,0.017788225415636755
2023-09-16T00:00:00Z,149356.4078028428,149356.4078028428,0.0,0.017788225415636755
2023-09-17T00:00:00Z,149356.4078028428,149356.4078028428,0.0,0.017788225415636755
2023-09-18T00:00:00Z,149356.4078028428,149356.4078028428,0.0,0.017788225415636755
2023-09-19T00:00:00Z,149356.4078028428,149356.4078028428,0.0,0.017788225415636755
2023-09-20T00:00:00Z,149356.4078028428,149356.4078028428,0.0,0.017788225415636755
2023-09-21T00:00:00Z,149356.4078028428,149356.4078028428,0.0,0.017788225415636755
2023-09-22T00:00:00Z,149356.4078028428,149356.4078028428,0.0,0.017788225415636755
2023-09-23T00:00:00Z,149356.4078028428,149356.4078028428,0.0,0.017788225415636755
2023-09-24T00:00:00Z,149356.4078028428,149356.4078028428,0.0,0.017788225415636755
2023-09-25T00:00:00Z,149356.4078028428,149356.4078028428,0.0,0.017788225415636755
2023-09-26T00:00:00Z,149356.4078028428,149356.4078028428,0.0,0.017788225415636755
2023-09-27T00:00:00Z,149356.4078028428,149356.4078028428,0.0,0.017788225415636755
2023-09-28T00:00:00Z,149356.4078028428,149356.4078028428,0.0,0.017788225415636755
2023-09-29T00:00:00Z,149356.4078028428,149356.4078028428,0.0,0.017788225415636755
2023-09-30T00:00:00Z,149356.4078028428,149356.4078028428,0.0,0.017788225415636755
2023-10-01T00:00:00Z,149356.4078028428,149356.4078028428,0.0,0.017788225415636755
2023-10-02T00:00:00Z,149356.4078028428,149356.4078028428,0.0,0.017788225415636755
2023-10-03T00:00:00Z,149356.4078028428,149356.4078028428,0.0,0.017788225415636755
2023-10-04T00:00:00Z,149356.4078028428,149356.4078028428,0.0,0.017788225415636755
2023-10-05T00:00:00Z,149356.4078028428,149356.4078028428,0.0,0.017788225415636755
2023-10-06T00:00:00Z,149356.4078028428,149356.4078028428,0.0,0.017788225415636755
2023-10-07T00:00:00Z,149356.4078028428,149356.4078028428,0.0,0.017788225415636755
2023-10-08T00:00:00Z,149356.4078028428,149356.4078028428,0.0,0.017788225415636755
2023-10-09T00:00:00Z,149356.4078028428,149356.4078028428,0.0,0.017788225415636755
2023-10-10T00:00:00Z,149356.4078028428,149356.4078028428,0.0,0.017788225415636755
2023-10-11T00:00:00Z,149356.4078028428,149356.4078028428,0.0,0.017788225415636755
2023-10-12T00:00:00Z,149356.4078028428,149356.4078028428,0.0,0.017788225415636755
2023-10-13T00:00:00Z,149356.4078028428,149356.4078028428,0.0,0.017788225415636755
2023-10-14T00:00:00Z,149356.4078028428,149356.4078028428,0.0,0.017788225415636755
2023-10-15T00:00:00Z,149356.4078028428,149356.4078028428,0.0,0.017788225415636755
2023-10-16T00:00:00Z,149356.4078028428,149356.4078028428,0.0,0.017788225415636755
2023-10-17T00:00:00Z,149356.4078028428,149356.4078028428,0.0,0.017788225415636755
2023-10-18T00:00:00Z,149356.4078028428,149356.4078028428,0.0,0.017788225415636755
2023-10-19T00:00:00Z,149356.4078028428,149356.4078028428,0.0,0.017788225415636755
2023-10-20T00:00:00Z,149356.4078028428,149356.4078028428,0.0,0.017788225415636755
2023-10-21T00:00:00Z,149356.4078028428,149356.4078028428,0.0,0.017788225415636755
2023-10-22T00:00:00Z,149356.4078028428,149356.4078028428,0.0,0.017788225415636755
2023-10-23T00:00:00Z,149356.4078028428,149356.4078028428,0.0,0.017788225415636755
2023-10-24T00:00:00Z,149356.4078028428,149356.4078028428,0.0,0.017788225415636755
2023-10-25T00:00:00Z,149356.4078028428,149356.4078028428,0.0,0.017788225415636755
2023-10-26T00:00:00Z,149356.4078028428,149356.4078028428,0.0,0.017788225415636755
2023-10-27T00:00:00Z,149356.4078028428,149356.4078028428,0.0,0.017788225415636755
2023-10-28T00:00:00Z,149356.4078028428,149356.4078028428,0.0,0.017788225415636755
2023-10-29T00:00:00Z,149356.4078028428,149356.4078028428,0.0,0.017788225415636755
2023-10-30T00:00:00Z,149356.4078028428,149356.4078028428,0.0,0.017788225415636755
2023-10-31T00:00:00Z,149356.4078028428,149356.4078028428,0.0,0.017788225415636755
2023-11-01T00:00:00Z,149356.4078028428,149356.4078028428,0.0,0.017788225415636755
2023-11-02T00:00:00Z,149356.4078028428,149356.4078028428,0.0,0.017788225415636755
2023-11-03T00:00:00Z,149356.4078028428,149356.4078028428,0.0,0.017788225415636755
2023-11-04T00:00:00Z,149356.4078028428,149356.4078028428,0.0,0.017788225415636755
2023-11-05T00:00:00Z,149356.4078028428,149356.4078028428,0.0,0.017788225415636755
2023-11-06T00:00:00Z,149356.4078028428,149356.4078028428,0.0,0.017788225415636755
2023-11-07T00:00:00Z,149356.4078028428,149356.4078028428,0.0,0.017788225415636755
2023-11-08T00:00:00Z,149356.4078028428,149356.4078028428,0.0,0.017788225415636755
2023-11-09T00:00:00Z,149356.4078028428,149356.4078028428,0.0,0.017788225415636755
2023-11-10T00:00:00Z,149356.4078028428,149356.4078028428,0.0,0.017788225415636755
2023-11-11T00:00:00Z,149356.4078028428,149356.4078028428,0.0,0.017788225415636755
2023-11-12T00:00:00Z,149356.4078028428,149356.4078028428,0.0,0.017788225415636755
2023-11-13T00:00:00Z,149356.4078028428,149356.4078028428,0.0,0.017788225415636755
2023-11-14T00:00:00Z,149356.4078028428,149356.4078028428,0.0,0.017788225415636755
2023-11-15T00:00:00Z,149356.4078028428,149356.4078028428,0.0,0.017788225415636755
2023-11-16T00:00:00Z,149356.4078028428,149356.4078028428,0.0,0.017788225415636755
2023-11-17T00:00:00Z,149356.4078028428,149356.4078028428,0.0,0.017788225415636755
2023-11-18T00:00:00Z,149356.4078028428,149356.4078028428,0.0,0.017788225415636755
2023-11-19T00:00:00Z,149356.4078028428,149356.4078028428,0.0,0.017788225415636755
2023-11-20T00:00:00Z,149356.4078028428,149356.4078028428,0.0,0.017788225415636755
2023-11-21T00:00:00Z,149356.4078028428,149356.4078028428,0.0,0.017788225415636755
2023-11-22T00:00:00Z,149356.4078028428,149356.4078028428,0.0,0.017788225415636755
2023-11-23T00:00:00Z,149356.4078028428,149356.4078028428,0.0,0.017788225415636755
2023-11-24T00:00:00Z,149356.4078028428,149356.4078028428,0.0,0.017788225415636755
2023-11-25T00:00:00Z,149356.4078028428,149356.4078028428,0.0,0.017788225415636755
2023-11-26T00:00:00Z,149356.4078028428,149356.4078028428,0.0,0.017788225415636755
2023-11-27T00:00:00Z,149356.4078028428,149356.4078028428,0.0,0.017788225415636755
2023-11-28T00:00:00Z,149356.4078028428,149356.4078028428,0.0,0.017788225415636755
2023-11-29T00:00:00Z,149356.4078028428,149356.4078028428,0.0,0.017788225415636755
2023-11-30T00:00:00Z,149356.4078028428,149356.4078028428,0.0,0.017788225415636755
2023-12-01T00:00:00Z,149356.4078028428,149356.4078028428,0.0,0.017788225415636755
2023-12-02T00:00:00Z,149356.4078028428,149356.4078028428,0.0,0.017788225415636755
2023-12-03T00:00:00Z,149845.7774740225,122811.05661788798,27034.72085613453,0.014569986170142263
2023-12-04T00:00:00Z,150201.75895793404,122811.05661788798,27390.702340046064,0.01222894697285865
2023-12-05T00:00:00Z,151580.87028521096,122811.05661788798,28769.813667322986,0.0031595042616884626
2023-12-06T00:00:00Z,153476.08467376296,100198.80292383964,53277.281749923306,0.0
2023-12-07T00:00:00Z,152662.58839792578,100198.80292383964,52463.78547408614,0.0053004758204927855
2023-12-08T00:00:00Z,153562.80712037036,100198.80292383964,53364.00419653072,0.0
2023-12-09T00:00:00Z,154202.5983954523,100198.80292383964,54003.795471612684,0.0
2023-12-10T00:00:00Z,153711.42359791056,100198.80292383964,53512.6206740709,0.0031852562969278634
2023-12-11T00:00:00Z,153873.61080756178,100198.80292383964,53674.807883722155,0.0021334762923179893
2023-12-12T00:00:00Z,150858.58761661217,100198.80292383964,50659.78469277253,0.021685826397454252
2023-12-13T00:00:00Z,150806.04344499105,100198.80292383964,50607.24052115143,0.022026574038336227
2023-12-14T00:00:00Z,152322.0602614271,100198.80292383964,52123.25733758746,0.012195242840218355
2023-12-15T00:00:00Z,152984.943737151,100198.80292383964,52786.14081331137,0.007896460053018195
2023-12-16T00:00:00Z,151286.04862120992,100198.80292383964,51087.24569737027,0.01891375245677056
2023-12-17T00:00:00Z,151599.8994836893,100198.80292383964,51401.09655984967,0.016878437450764498
2023-12-18T00:00:00Z,150657.27350911975,100198.80292383964,50458.47058528011,0.022991343357526162
2023-12-19T00:00:00Z,151763.31469007855,100198.80292383964,51564.51176623891,0.015818693917972908
2023-12-20T00:00:00Z,151081.2067467129,100198.80292383964,50882.40382287328,0.02024214689777534
2023-12-21T00:00:00Z,151008.86431490848,151008.86431490848,0.0,0.02071128576156352
2023-12-22T00:00:00Z,151008.86431490848,151008.86431490848,0.0,0.02071128576156352
2023-12-23T00:00:00Z,151008.86431490848,151008.86431490848,0.0,0.02071128576156352
2023-12-24T00:00:00Z,151008.86431490848,151008.86431490848,0.0,0.02071128576156352
2023-12-25T00:00:00Z,151008.86431490848,151008.86431490848,0.0,0.02071128576156352
2023-12-26T00:00:00Z,151008.86431490848,151008.86431490848,0.0,0.02071128576156352
2023-12-27T00:00:00Z,151008.86431490848,151008.86431490848,0.0,0.02071128576156352
2023-12-28T00:00:00Z,151008.86431490848,151008.86431490848,0.0,0.02071128576156352
2023-12-29T00:00:00Z,151008.86431490848,151008.86431490848,0.0,0.02071128576156352
2023-12-30T00:00:00Z,151008.86431490848,151008.86431490848,0.0,0.02071128576156352
2023-12-31T00:00:00Z,151008.86431490848,151008.86431490848,0.0,0.02071128576156352
2024-01-01T00:00:00Z,151008.86431490848,151008.86431490848,0.0,0.02071128576156352
2024-01-02T00:00:00Z,151008.86431490848,151008.86431490848,0.0,0.02071128576156352
2024-01-03T00:00:00Z,151008.86431490848,151008.86431490848,0.0,0.02071128576156352
2024-01-04T00:00:00Z,149441.57993161495,149441.57993161495,0.0,0.03087508585054927
2024-01-05T00:00:00Z,149441.57993161495,149441.57993161495,0.0,0.03087508585054927
2024-01-06T00:00:00Z,149441.57993161495,149441.57993161495,0.0,0.03087508585054927
2024-01-07T00:00:00Z,149441.57993161495,149441.57993161495,0.0,0.03087508585054927
2024-01-08T00:00:00Z,149441.57993161495,149441.57993161495,0.0,0.03087508585054927
2024-01-09T00:00:00Z,149441.57993161495,149441.57993161495,0.0,0.03087508585054927
2024-01-10T00:00:00Z,149097.53201482896,131523.80784773204,17573.72416709693,0.0331062279996827
2024-01-11T00:00:00Z,149298.73691977092,131523.80784773204,17774.929072038885,0.031801419215423635
2024-01-12T00:00:00Z,149353.0830216069,116362.44029958657,32990.642722020326,0.03144898610209431
2024-01-13T00:00:00Z,147517.332008984,132743.2967300513,14774.035278932699,0.04335378557839835
2024-01-14T00:00:00Z,147844.81346955622,132743.2967300513,15101.516739504917,0.041230076484130074
2024-01-15T00:00:00Z,147231.96451195166,132743.2967300513,14488.667781900353,0.04520438667073863
2024-01-16T00:00:00Z,147456.06468511376,132743.2967300513,14712.767955062453,0.04375110264378995
2024-01-17T00:00:00Z,147900.10635075462,132743.2967300513,15156.809620703305,0.040871503530277485
2024-01-18T00:00:00Z,147563.78037210935,132743.2967300513,14820.48364205804,0.04305256910339294
2024-01-19T00:00:00Z,147217.14555120675,132743.2967300513,14473.848821155445,0.04530048726112501
2024-01-20T00:00:00Z,147340.50022049044,132743.2967300513,14597.203490439131,0.04450053531111082
2024-01-21T00:00:00Z,147223.23713981337,132743.2967300513,14479.940409762046,0.045260983461124185
2024-01-22T00:00:00Z,147132.3904674207,132743.2967300513,14389.093737369361,0.04585012186305764
2024-01-23T00:00:00Z,146395.35698289357,146395.35698289357,0.0,0.05062976560574602
2024-01-24T00:00:00Z,146395.35698289357,146395.35698289357,0.0,0.05062976560574602
2024-01-25T00:00:00Z,146395.35698289357,146395.35698289357,0.0,0.05062976560574602
2024-01-26T00:00:00Z,146395.35698289357,146395.35698289357,0.0,0.05062976560574602
2024-01-27T00:00:00Z,146395.35698289357,146395.35698289357,0.0,0.05062976560574602
2024-01-28T00:00:00Z,146395.35698289357,146395.35698289357,0.0,0.05062976560574602
2024-01-29T00:00:00Z,146395.35698289357,146395.35698289357,0.0,0.05062976560574602
2024-01-30T00:00:00Z,146395.35698289357,146395.35698289357,0.0,0.05062976560574602
2024-01-31T00:00:00Z,146395.35698289357,146395.35698289357,0.0,0.05062976560574602
2024-02-01T00:00:00Z,146395.35698289357,146395.35698289357,0.0,0.05062976560574602
2024-02-02T00:00:00Z,146395.35698289357,146395.35698289357,0.0,0.05062976560574602
2024-02-03T00:00:00Z,146395.35698289357,146395.35698289357,0.0,0.05062976560574602
2024-02-04T00:00:00Z,146395.35698289357,146395.35698289357,0.0,0.05062976560574602
2024-02-05T00:00:00Z,146395.35698289357,146395.35698289357,0.0,0.05062976560574602
2024-02-06T00:00:00Z,146395.35698289357,146395.35698289357,0.0,0.05062976560574602
2024-02-07T00:00:00Z,146395.35698289357,146395.35698289357,0.0,0.05062976560574602
2024-02-08T00:00:00Z,146395.35698289357,146395.35698289357,0.0,0.05062976560574602
2024-02-09T00:00:00Z,146395.35698289357,146395.35698289357,0.0,0.05062976560574602
2024-02-10T00:00:00Z,146395.35698289357,146395.35698289357,0.0,0.05062976560574602
2024-02-11T00:00:00Z,146703.3994535395,129629.43255568513,17073.966897854356,0.04863211787573864
2024-02-12T00:00:00Z,146389.42734111057,129629.43255568513,16759.994785425446,0.05066821918463967
2024-02-13T00:00:00Z,146937.94999257597,129629.43255568513,17308.51743689086,0.04711106348705071
2024-02-14T00:00:00Z,146494.38390984543,129629.43255568513,16864.95135416031,0.04998757845726551
2024-02-15T00:00:00Z,147483.09892950524,129629.43255568513,17853.666373820117,0.04357578624398353
2024-02-16T00:00:00Z,148465.65459877337,129629.43255568513,18836.222043088233,0.037203937264186415
2024-02-17T00:00:00Z,148159.2037031544,129629.43255568513,18529.77114746928,0.03919126366988728
2024-02-18T00:00:00Z,148492.30384845802,129629.43255568513,18862.871292772903,0.03703111754544014
2024-02-19T00:00:00Z,148797.26907162069,129629.43255568513,19167.836515935567,0.03505342568851964
2024-02-20T00:00:00Z,149156.98751509946,129629.43255568513,19527.554959414352,0.03272066056509234
2024-02-21T00:00:00Z,148882.01430464812,129629.43255568513,19252.58174896301,0.034503854968510696
2024-02-22T00:00:00Z,148162.05124202897,129629.43255568513,18532.618686343838,0.0391727974513916
2024-02-23T00:00:00Z,147762.46725430645,129629.43255568513,18133.034698621315,0.04176408963375671
2024-02-24T00:00:00Z,147661.07010916478,129629.43255568513,18031.637553479646,0.04242164758801141
2024-02-25T00:00:00Z,148094.79361187242,129629.43255568513,18465.361056187285,0.03960896150346597
2024-02-26T00:00:00Z,147936.44568923968,129629.43255568513,18307.01313355457,0.0406358438276318
2024-02-27T00:00:00Z,148795.04056293625,129629.43255568513,19165.608007251136,0.03506787751169009
2024-02-28T00:00:00Z,150058.754141577,105022.60166894487,45036.152472632115,0.026872726510408295
2024-02-29T00:00:00Z,152644.9811571603,105022.60166894487,47622.37948821545,0.010101108895049213
2024-03-01T00:00:00Z,152868.44756896351,105022.60166894487,47845.84590001863,0.008651934794687238
2024-03-02T00:00:00Z,155428.0324977229,105022.60166894487,50405.43082877803,0.0
2024-03-03T00:00:00Z,155934.31215783587,105022.60166894487,50911.710488890996,0.0
2024-03-04T00:00:00Z,156020.30981272098,105022.60166894487,50997.7081437761,0.0
2024-03-05T00:00:00Z,159641.97651898055,105022.60166894487,54619.37485003568,0.0
2024-03-06T00:00:00Z,155188.7467338247,105022.60166894487,50166.14506487982,0.027895105549675964
2024-03-07T00:00:00Z,157574.89717888928,105022.60166894487,52552.295509944415,0.01294821941674909
2024-03-08T00:00:00Z,158147.8370191274,105022.60166894487,53125.2353501825,0.009359314714294562
2024-03-09T00:00:00Z,158116.78281726065,105022.60166894487,53094.18114831577,0.009553838752043747
2024-03-10T00:00:00Z,158789.32297016855,105022.60166894487,53766.721301223675,0.005341036032027724
2024-03-11T00:00:00Z,158301.76890768163,105022.60166894487,53279.16723873674,0.008395082800416048
2024-03-12T00:00:00Z,159683.01633746672,127168.48387605813,32514.532461408588,0.0
2024-03-13T00:00:00Z,159396.37082097278,127168.48387605813,32227.88694491463,0.0017950908184760012
2024-03-14T00:00:00Z,160130.73363042015,127168.48387605813,32962.24975436201,0.0
2024-03-15T00:00:00Z,159368.36029921938,127168.48387605813,32199.876423161244,0.004760943223805598
2024-03-16T00:00:00Z,158513.250039315,127168.48387605813,31344.766163256852,0.010101019051335154
2024-03-17T00:00:00Z,156626.08060350214,127168.48387605813,29457.596727443994,0.021886198529550895
2024-03-18T00:00:00Z,158018.75833241912,127168.48387605813,30850.27445636098,0.013189069019538983
2024-03-19T00:00:00Z,157666.98045938427,127168.48387605813,30498.49658332614,0.015385885739599418
2024-03-20T00:00:00Z,155103.1381615034,127168.48387605813,27934.65428544526,0.03139681780588345
2024-03-21T00:00:00Z,155061.25014740237,155061.25014740237,0.0,0.03165840415568244
2024-03-22T00:00:00Z,155061.25014740237,155061.25014740237,0.0,0.03165840415568244
2024-03-23T00:00:00Z,155061.25014740237,155061.25014740237,0.0,0.03165840415568244
2024-03-24T00:00:00Z,155061.25014740237,155061.25014740237,0.0,0.03165840415568244
2024-03-25T00:00:00Z,155061.25014740237,155061.25014740237,0.0,0.03165840415568244
2024-03-26T00:00:00Z,155061.25014740237,155061.25014740237,0.0,0.03165840415568244
2024-03-27T00:00:00Z,155061.25014740237,155061.25014740237,0.0,0.03165840415568244
2024-03-28T00:00:00Z,155061.25014740237,155061.25014740237,0.0,0.03165840415568244
2024-03-29T00:00:00Z,155061.25014740237,155061.25014740237,0.0,0.03165840415568244
2024-03-30T00:00:00Z,155061.25014740237,155061.25014740237,0.0,0.03165840415568244
2024-03-31T00:00:00Z,155061.25014740237,155061.25014740237,0.0,0.03165840415568244
2024-04-01T00:00:00Z,155061.25014740237,155061.25014740237,0.0,0.03165840415568244
2024-04-02T00:00:00Z,155061.25014740237,155061.25014740237,0.0,0.03165840415568244
2024-04-03T00:00:00Z,155061.25014740237,155061.25014740237,0.0,0.03165840415568244
2024-04-04T00:00:00Z,155061.25014740237,155061.25014740237,0.0,0.03165840415568244
2024-04-05T00:00:00Z,155061.25014740237,155061.25014740237,0.0,0.03165840415568244
2024-04-06T00:00:00Z,155061.25014740237,155061.25014740237,0.0,0.03165840415568244
2024-04-07T00:00:00Z,155061.25014740237,155061.25014740237,0.0,0.03165840415568244
2024-04-08T00:00:00Z,155061.25014740237,155061.25014740237,0.0,0.03165840415568244
2024-04-09T00:00:00Z,155061.25014740237,155061.25014740237,0.0,0.03165840415568244
2024-04-10T00:00:00Z,155061.25014740237,155061.25014740237,0.0,0.03165840415568244
2024-04-11T00:00:00Z,155061.25014740237,155061.25014740237,0.0,0.03165840415568244
2024-04-12T00:00:00Z,155061.25014740237,155061.25014740237,0.0,0.03165840415568244
2024-04-13T00:00:00Z,155061.25014740237,155061.25014740237,0.0,0.03165840415568244
2024-04-14T00:00:00Z,155061.25014740237,155061.25014740237,0.0,0.03165840415568244
2024-04-15T00:00:00Z,155061.25014740237,155061.25014740237,0.0,0.03165840415568244
2024-04-16T00:00:00Z,155061.25014740237,155061.25014740237,0.0,0.03165840415568244
2024-04-17T00:00:00Z,155061.25014740237,155061.25014740237,0.0,0.03165840415568244
2024-04-18T00:00:00Z,155061.25014740237,155061.25014740237,0.0,0.03165840415568244
2024-04-19T00:00:00Z,155061.25014740237,155061.25014740237,0.0,0.03165840415568244
2024-04-20T00:00:00Z,155061.25014740237,155061.25014740237,0.0,0.03165840415568244
2024-04-21T00:00:00Z,155061.25014740237,155061.25014740237,0.0,0.03165840415568244
2024-04-22T00:00:00Z,155061.25014740237,155061.25014740237,0.0,0.03165840415568244
2024-04-23T00:00:00Z,155061.25014740237,155061.25014740237,0.0,0.03165840415568244
2024-04-24T00:00:00Z,155061.25014740237,155061.25014740237,0.0,0.03165840415568244
2024-04-25T00:00:00Z,155061.25014740237,155061.25014740237,0.0,0.03165840415568244
2024-04-26T00:00:00Z,155061.25014740237,155061.25014740237,0.0,0.03165840415568244
2024-04-27T00:00:00Z,155061.25014740237,155061.25014740237,0.0,0.03165840415568244
2024-04-28T00:00:00Z,155061.25014740237,155061.25014740237,0.0,0.03165840415568244
2024-04-29T00:00:00Z,155061.25014740237,155061.25014740237,0.0,0.03165840415568244
2024-04-30T00:00:00Z,155061.25014740237,155061.25014740237,0.0,0.03165840415568244
2024-05-01T00:00:00Z,155061.25014740237,155061.25014740237,0.0,0.03165840415568244
2024-05-02T00:00:00Z,155061.25014740237,155061.25014740237,0.0,0.03165840415568244
2024-05-03T00:00:00Z,155061.25014740237,155061.25014740237,0.0,0.03165840415568244
2024-05-04T00:00:00Z,155061.25014740237,155061.25014740237,0.0,0.03165840415568244
2024-05-05T00:00:00Z,155061.25014740237,155061.25014740237,0.0,0.03165840415568244
2024-05-06T00:00:00Z,155061.25014740237,155061.25014740237,0.0,0.03165840415568244
2024-05-07T00:00:00Z,155061.25014740237,155061.25014740237,0.0,0.03165840415568244
2024-05-08T00:00:00Z,155061.25014740237,155061.25014740237,0.0,0.03165840415568244
2024-05-09T00:00:00Z,155061.25014740237,155061.25014740237,0.0,0.03165840415568244
2024-05-10T00:00:00Z,155061.25014740237,155061.25014740237,0.0,0.03165840415568244
2024-05-11T00:00:00Z,155061.25014740237,155061.25014740237,0.0,0.03165840415568244
2024-05-12T00:00:00Z,155061.25014740237,155061.25014740237,0.0,0.03165840415568244
2024-05-13T00:00:00Z,155061.25014740237,155061.25014740237,0.0,0.03165840415568244
2024-05-14T00:00:00Z,155061.25014740237,155061.25014740237,0.0,0.03165840415568244
2024-05-15T00:00:00Z,155061.25014740237,155061.25014740237,0.0,0.03165840415568244
2024-05-16T00:00:00Z,155061.25014740237,155061.25014740237,0.0,0.03165840415568244
2024-05-17T00:00:00Z,154741.99292590338,135321.39492270336,19420.598003200023,0.03365213274394854
2024-05-18T00:00:00Z,155272.29753938454,135321.39492270336,19950.902616681193,0.030340434848995432
2024-05-19T00:00:00Z,155241.01034118264,135321.39492270336,19919.61541847929,0.030535820191287748
2024-05-20T00:00:00Z,155049.11949474167,135321.39492270336,19727.724572038307,0.031734158836783856
2024-05-21T00:00:00Z,156576.80402121673,135321.39492270336,21255.409098513366,0.02219392572949705
2024-05-22T00:00:00Z,156827.19266840772,116702.28670546654,40124.90596294118,0.02063027432096177
2024-05-23T00:00:00Z,156271.39857402473,116702.28670546654,39569.111868558175,0.024101151408590406
2024-05-24T00:00:00Z,156147.0217727302,116702.28670546654,39444.73506726365,0.0248778717699771
2024-05-25T00:00:00Z,156042.22931471083,116702.28670546654,39339.94260924429,0.025532289917221868
2024-05-26T00:00:00Z,156368.13435316412,116702.28670546654,39665.84764769758,0.023497046394229747
2024-05-27T00:00:00Z,156522.76673530205,116702.28670546654,39820.48002983552,0.022531383035097056
2024-05-28T00:00:00Z,157142.30866020086,116702.28670546654,40440.02195473433,0.01866240728726404
2024-05-29T00:00:00Z,156581.36100725457,116702.28670546654,39879.074301788016,0.022165467819297482
2024-05-30T00:00:00Z,155970.72852602508,116702.28670546654,39268.44182055854,0.025978805005641883
2024-05-31T00:00:00Z,156079.6045138012,116702.28670546654,39377.31780833466,0.025298885634090117
2024-06-01T00:00:00Z,155904.29211684543,116702.28670546654,39202.0054113789,0.02639369356371831
2024-06-02T00:00:00Z,156246.9032060389,116702.28670546654,39544.61650057236,0.024254122468114588
2024-06-03T00:00:00Z,156072.26070069813,116702.28670546654,39369.9739952316,0.02534474699334686
2024-06-04T00:00:00Z,156312.59236334584,116702.28670546654,39610.305657879304,0.023843900421305297
2024-06-05T00:00:00Z,156498.5525007359,137155.24948574218,19343.303014993715,0.022682598445263272
2024-06-06T00:00:00Z,156783.23310161906,137155.24948574218,19627.98361587688,0.020904797304726518
2024-06-07T00:00:00Z,156519.01376026077,137155.24948574218,19363.76427451858,0.022554819979125184
2024-06-08T00:00:00Z,155830.79447276812,137155.24948574218,18675.54498702592,0.026852678809155008
2024-06-09T00:00:00Z,155846.17849667885,137155.24948574218,18690.929010936678,0.02675660715843589
2024-06-10T00:00:00Z,155973.41402116846,137155.24948574218,18818.164535426284,0.025962034364038655
2024-06-11T00:00:00Z,155945.2468796706,155945.2468796706,0.0,0.026137935272373167
2024-06-12T00:00:00Z,155945.2468796706,155945.2468796706,0.0,0.026137935272373167
2024-06-13T00:00:00Z,155945.2468796706,155945.2468796706,0.0,0.026137935272373167
2024-06-14T00:00:00Z,155945.2468796706,155945.2468796706,0.0,0.026137935272373167
2024-06-15T00:00:00Z,155945.2468796706,155945.2468796706,0.0,0.026137935272373167
2024-06-16T00:00:00Z,155945.2468796706,155945.2468796706,0.0,0.026137935272373167
2024-06-17T00:00:00Z,155945.2468796706,155945.2468796706,0.0,0.026137935272373167
2024-06-18T00:00:00Z,155945.2468796706,155945.2468796706,0.0,0.026137935272373167
2024-06-19T00:00:00Z,155945.2468796706,155945.2468796706,0.0,0.026137935272373167
2024-06-20T00:00:00Z,155945.2468796706,155945.2468796706,0.0,0.026137935272373167
2024-06-21T00:00:00Z,155945.2468796706,155945.2468796706,0.0,0.026137935272373167
2024-06-22T00:00:00Z,155945.2468796706,155945.2468796706,0.0,0.026137935272373167
2024-06-23T00:00:00Z,155945.2468796706,155945.2468796706,0.0,0.026137935272373167
2024-06-24T00:00:00Z,155945.2468796706,155945.2468796706,0.0,0.026137935272373167
2024-06-25T00:00:00Z,155945.2468796706,155945.2468796706,0.0,0.026137935272373167
2024-06-26T00:00:00Z,155945.2468796706,155945.2468796706,0.0,0.026137935272373167
2024-06-27T00:00:00Z,155945.2468796706,155945.2468796706,0.0,0.026137935272373167
2024-06-28T00:00:00Z,155945.2468796706,155945.2468796706,0.0,0.026137935272373167
2024-06-29T00:00:00Z,155945.2468796706,155945.2468796706,0.0,0.026137935272373167
2024-06-30T00:00:00Z,155945.2468796706,155945.2468796706,0.0,0.026137935272373167
2024-07-01T00:00:00Z,155945.2468796706,155945.2468796706,0.0,0.026137935272373167
2024-07-02T00:00:00Z,155945.2468796706,155945.2468796706,0.0,0.026137935272373167
2024-07-03T00:00:00Z,155945.2468796706,155945.2468796706,0.0,0.026137935272373167
2024-07-04T00:00:00Z,155945.2468796706,155945.2468796706,0.0,0.026137935272373167
2024-07-05T00:00:00Z,155945.2468796706,155945.2468796706,0.0,0.026137935272373167
2024-07-06T00:00:00Z,155945.2468796706,155945.2468796706,0.0,0.026137935272373167
2024-07-07T00:00:00Z,155945.2468796706,155945.2468796706,0.0,0.026137935272373167
2024-07-08T00:00:00Z,155945.2468796706,155945.2468796706,0.0,0.026137935272373167
2024-07-09T00:00:00Z,155945.2468796706,155945.2468796706,0.0,0.026137935272373167
2024-07-10T00:00:00Z,155945.2468796706,155945.2468796706,0.0,0.026137935272373167
2024-07-11T00:00:00Z,155945.2468796706,155945.2468796706,0.0,0.026137935272373167
2024-07-12T00:00:00Z,155945.2468796706,155945.2468796706,0.0,0.026137935272373167
2024-07-13T00:00:00Z,155945.2468796706,155945.2468796706,0.0,0.026137935272373167
2024-07-14T00:00:00Z,155945.2468796706,155945.2468796706,0.0,0.026137935272373167
2024-07-15T00:00:00Z,155945.2468796706,155945.2468796706,0.0,0.026137935272373167
2024-07-16T00:00:00Z,155945.2468796706,155945.2468796706,0.0,0.026137935272373167
2024-07-17T00:00:00Z,156010.72545814532,137634.93290981426,18375.792548331043,0.025729028268762943
2024-07-18T00:00:00Z,155737.9216950524,137634.93290981426,18102.988785238165,0.027432659776019577
2024-07-19T00:00:00Z,155711.1413318535,137634.93290981426,18076.20842203924,0.027599900396178923
2024-07-20T00:00:00Z,156464.0706782048,137634.93290981426,18829.13776839053,0.02289793388868103
2024-07-21T00:00:00Z,156596.56002778598,137634.93290981426,18961.627117971726,0.0220705514956985
2024-07-22T00:00:00Z,156892.7824840138,137634.93290981426,19257.84957419953,0.02022067265288066
2024-07-23T00:00:00Z,156713.65349346062,137634.93290981426,19078.72058364636,0.02133931481789192
2024-07-24T00:00:00Z,156261.35349854708,137634.93290981426,18626.420588732824,0.02416388187419133
2024-07-25T00:00:00Z,156106.06694105288,137634.93290981426,18471.13403123862,0.02513363049129688
2024-07-26T00:00:00Z,156221.86093762715,137634.93290981426,18586.928027812886,0.02441050886467946
2024-07-27T00:00:00Z,156819.70147178211,137634.93290981426,19184.768561967856,0.020677056075193247
2024-07-28T00:00:00Z,156820.66194894325,137634.93290981426,19185.729039128997,0.020671057993879572
2024-07-29T00:00:00Z,156914.2237241699,137634.93290981426,19279.29081435563,0.02008677430825942
2024-07-30T00:00:00Z,156500.56881032823,137634.93290981426,18865.635900513967,0.022670006798759152
2024-07-31T00:00:00Z,156333.10679235013,137634.93290981426,18698.17388253586,0.023715789917224124
2024-08-01T00:00:00Z,155893.46249650104,137634.93290981426,18258.529586686793,0.026461323431507366
2024-08-02T00:00:00Z,156095.9536815326,137634.93290981426,18461.02077171835,0.02519678675924733
2024-08-03T00:00:00Z,155006.51833684204,137634.93290981426,17371.585427027785,0.03200019869642722
2024-08-04T00:00:00Z,154980.4696444942,154980.4696444942,0.0,0.032162870107200564
2024-08-05T00:00:00Z,154980.4696444942,154980.4696444942,0.0,0.032162870107200564
2024-08-06T00:00:00Z,154980.4696444942,154980.4696444942,0.0,0.032162870107200564
2024-08-07T00:00:00Z,154980.4696444942,154980.4696444942,0.0,0.032162870107200564
2024-08-08T00:00:00Z,154980.4696444942,154980.4696444942,0.0,0.032162870107200564
2024-08-09T00:00:00Z,154980.4696444942,154980.4696444942,0.0,0.032162870107200564
2024-08-10T00:00:00Z,154980.4696444942,154980.4696444942,0.0,0.032162870107200564
2024-08-11T00:00:00Z,154980.4696444942,154980.4696444942,0.0,0.032162870107200564
2024-08-12T00:00:00Z,154980.4696444942,154980.4696444942,0.0,0.032162870107200564
2024-08-13T00:00:00Z,154980.4696444942,154980.4696444942,0.0,0.032162870107200564
2024-08-14T00:00:00Z,154980.4696444942,154980.4696444942,0.0,0.032162870107200564
2024-08-15T00:00:00Z,154980.4696444942,154980.4696444942,0.0,0.032162870107200564
2024-08-16T00:00:00Z,154980.4696444942,154980.4696444942,0.0,0.032162870107200564
2024-08-17T00:00:00Z,154980.4696444942,154980.4696444942,0.0,0.032162870107200564
2024-08-18T00:00:00Z,154980.4696444942,154980.4696444942,0.0,0.032162870107200564
2024-08-19T00:00:00Z,154980.4696444942,154980.4696444942,0.0,0.032162870107200564
2024-08-20T00:00:00Z,154980.4696444942,154980.4696444942,0.0,0.032162870107200564
2024-08-21T00:00:00Z,154980.4696444942,154980.4696444942,0.0,0.032162870107200564
2024-08-22T00:00:00Z,154980.4696444942,154980.4696444942,0.0,0.032162870107200564
2024-08-23T00:00:00Z,154980.4696444942,154980.4696444942,0.0,0.032162870107200564
2024-08-24T00:00:00Z,154980.4696444942,154980.4696444942,0.0,0.032162870107200564
2024-08-25T00:00:00Z,154984.53368752237,136632.7918986193,18351.74178890308,0.032137490575514016
2024-08-26T00:00:00Z,155004.3583162668,136632.7918986193,18371.566417647486,0.032013687803273086
2024-08-27T00:00:00Z,154606.57842782384,136632.7918986193,17973.786529204543,0.034497782389144534
2024-08-28T00:00:00Z,153387.17467387207,153387.17467387207,0.0,0.04211283370569033
2024-08-29T00:00:00Z,153387.17467387207,153387.17467387207,0.0,0.04211283370569033
2024-08-30T00:00:00Z,153387.17467387207,153387.17467387207,0.0,0.04211283370569033
2024-08-31T00:00:00Z,153387.17467387207,153387.17467387207,0.0,0.04211283370569033
2024-09-01T00:00:00Z,153387.17467387207,153387.17467387207,0.0,0.04211283370569033
2024-09-02T00:00:00Z,153387.17467387207,153387.17467387207,0.0,0.04211283370569033
2024-09-03T00:00:00Z,153387.17467387207,153387.17467387207,0.0,0.04211283370569033
2024-09-04T00:00:00Z,153387.17467387207,153387.17467387207,0.0,0.04211283370569033
2024-09-05T00:00:00Z,153387.17467387207,153387.17467387207,0.0,0.04211283370569033
2024-09-06T00:00:00Z,153387.17467387207,153387.17467387207,0.0,0.04211283370569033
2024-09-07T00:00:00Z,153387.17467387207,153387.17467387207,0.0,0.04211283370569033
2024-09-08T00:00:00Z,153387.17467387207,153387.17467387207,0.0,0.04211283370569033
2024-09-09T00:00:00Z,153387.17467387207,153387.17467387207,0.0,0.04211283370569033
2024-09-10T00:00:00Z,153387.17467387207,153387.17467387207,0.0,0.04211283370569033
2024-09-11T00:00:00Z,153387.17467387207,153387.17467387207,0.0,0.04211283370569033
2024-09-12T00:00:00Z,153387.17467387207,153387.17467387207,0.0,0.04211283370569033
2024-09-13T00:00:00Z,153387.17467387207,153387.17467387207,0.0,0.04211283370569033
2024-09-14T00:00:00Z,153387.17467387207,153387.17467387207,0.0,0.04211283370569033
2024-09-15T00:00:00Z,153387.17467387207,153387.17467387207,0.0,0.04211283370569033
2024-09-16T00:00:00Z,153387.17467387207,153387.17467387207,0.0,0.04211283370569033
2024-09-17T00:00:00Z,153387.17467387207,153387.17467387207,0.0,0.04211283370569033
2024-09-18T00:00:00Z,153387.17467387207,153387.17467387207,0.0,0.04211283370569033
2024-09-19T00:00:00Z,153387.17467387207,153387.17467387207,0.0,0.04211283370569033
2024-09-20T00:00:00Z,153747.42743198067,133184.04417481658,20563.38325716408,0.039863092197979115
2024-09-21T00:00:00Z,153830.75842064637,133184.04417481658,20646.714245829804,0.03934269872461865
2024-09-22T00:00:00Z,153875.83751290772,133184.04417481658,20691.79333809115,0.03906118441915501
2024-09-23T00:00:00Z,153951.75331755655,133184.04417481658,20767.70914273997,0.038587098009084324
2024-09-24T00:00:00Z,153871.88492583262,133184.04417481658,20687.84075101606,0.03908586791985149
2024-09-25T00:00:00Z,154178.3900872009,133184.04417481658,20994.345912384328,0.03717177463857234
2024-09-26T00:00:00Z,153814.06609010612,133184.04417481658,20630.02191528955,0.03944694061598956
2024-09-27T00:00:00Z,154471.01219479303,133184.04417481658,21286.96801997646,0.03534437960354122
2024-09-28T00:00:00Z,154668.73954657413,133184.04417481658,21484.695371757567,0.034109592581098365
2024-09-29T00:00:00Z,154691.67108481145,133184.04417481658,21507.62690999486,0.033966387477884115
2024-09-30T00:00:00Z,154612.29268322082,133184.04417481658,21428.248508404227,0.034462097450548276
2024-10-01T00:00:00Z,153871.42760170824,133184.04417481658,20687.38342689167,0.03908872386208075
2024-10-02T00:00:00Z,153050.2041383385,133184.04417481658,19866.159963521928,0.044217180122483025
2024-10-03T00:00:00Z,153019.95819310634,153019.95819310634,0.0,0.04440606294682561
2024-10-04T00:00:00Z,153019.95819310634,153019.95819310634,0.0,0.04440606294682561
2024-10-05T00:00:00Z,153019.95819310634,153019.95819310634,0.0,0.04440606294682561
2024-10-06T00:00:00Z,153019.95819310634,153019.95819310634,0.0,0.04440606294682561
2024-10-07T00:00:00Z,153019.95819310634,153019.95819310634,0.0,0.04440606294682561
2024-10-08T00:00:00Z,153019.95819310634,153019.95819310634,0.0,0.04440606294682561
2024-10-09T00:00:00Z,153019.95819310634,153019.95819310634,0.0,0.04440606294682561
2024-10-10T00:00:00Z,153019.95819310634,153019.95819310634,0.0,0.04440606294682561
2024-10-11T00:00:00Z,153019.95819310634,153019.95819310634,0.0,0.04440606294682561
2024-10-12T00:00:00Z,153019.95819310634,153019.95819310634,0.0,0.04440606294682561
2024-10-13T00:00:00Z,153019.95819310634,153019.95819310634,0.0,0.04440606294682561
2024-10-14T00:00:00Z,153019.95819310634,153019.95819310634,0.0,0.04440606294682561
2024-10-15T00:00:00Z,153019.95819310634,153019.95819310634,0.0,0.04440606294682561
2024-10-16T00:00:00Z,153019.95819310634,153019.95819310634,0.0,0.04440606294682561
2024-10-17T00:00:00Z,153019.95819310634,153019.95819310634,0.0,0.04440606294682561
2024-10-18T00:00:00Z,153019.95819310634,153019.95819310634,0.0,0.04440606294682561
2024-10-19T00:00:00Z,153019.95819310634,153019.95819310634,0.0,0.04440606294682561
2024-10-20T00:00:00Z,153019.95819310634,153019.95819310634,0.0,0.04440606294682561
2024-10-21T00:00:00Z,153019.95819310634,153019.95819310634,0.0,0.04440606294682561
2024-10-22T00:00:00Z,153019.95819310634,153019.95819310634,0.0,0.04440606294682561
2024-10-23T00:00:00Z,153019.95819310634,153019.95819310634,0.0,0.04440606294682561
2024-10-24T00:00:00Z,153019.95819310634,153019.95819310634,0.0,0.04440606294682561
2024-10-25T00:00:00Z,153019.95819310634,153019.95819310634,0.0,0.04440606294682561
2024-10-26T00:00:00Z,153019.95819310634,153019.95819310634,0.0,0.04440606294682561
2024-10-27T00:00:00Z,153019.95819310634,153019.95819310634,0.0,0.04440606294682561
2024-10-28T00:00:00Z,153019.95819310634,153019.95819310634,0.0,0.04440606294682561
2024-10-29T00:00:00Z,153019.95819310634,153019.95819310634,0.0,0.04440606294682561
2024-10-30T00:00:00Z,154084.36862044758,125077.33820847643,29007.030411971144,0.03775892905060626
2024-10-31T00:00:00Z,153928.8758946448,125077.33820847643,28851.537686168373,0.03872996516764338
2024-11-01T00:00:00Z,153112.3695935199,125077.33820847643,28035.031385043476,0.04382896323386962
2024-11-02T00:00:00Z,152792.13194586762,125077.33820847643,27714.793737391192,0.04582881448285834
2024-11-03T00:00:00Z,152744.91384190496,125077.33820847643,27667.575633428514,0.046123686696905884
2024-11-04T00:00:00Z,152503.51926142682,125077.33820847643,27426.181052950396,0.047631171081729075
2024-11-05T00:00:00Z,152138.89500084342,125077.33820847643,27061.556792366977,0.04990821217382165
2024-11-06T00:00:00Z,152744.15611895284,125077.33820847643,27666.817910476406,0.046128418598989473
2024-11-07T00:00:00Z,155219.43760269904,125077.33820847643,30142.09939422262,0.030670539729470817
2024-11-08T00:00:00Z,155332.57760349475,125077.33820847643,30255.239395018325,0.029963992034155573
2024-11-09T00:00:00Z,155588.40880021823,125077.33820847643,30511.07059174179,0.02836635246226719
2024-11-10T00:00:00Z,155659.07643554074,125077.33820847643,30581.738227064317,0.02792504033110804
2024-11-11T00:00:00Z,157124.83166615246,125077.33820847643,32047.493457676035,0.01877154932172654
2024-11-12T00:00:00Z,160425.95140738104,125077.33820847643,35348.613198904626,0.0
2024-11-13T00:00:00Z,160146.71055945312,125077.33820847643,35069.37235097669,0.001740621423642547
2024-11-14T00:00:00Z,161119.18814824527,125077.33820847643,36041.84993976884,0.0
2024-11-15T00:00:00Z,159901.6470046806,125077.33820847643,34824.308796204175,0.007556773079345621
2024-11-16T00:00:00Z,161385.1489044337,125077.33820847643,36307.810695957276,0.0
2024-11-17T00:00:00Z,161198.07109557482,125077.33820847643,36120.732887098384,0.0011592008938174695
2024-11-18T00:00:00Z,160911.3327784366,125077.33820847643,35833.99456996017,0.002935933877519831
2024-11-19T00:00:00Z,161155.1999285479,125077.33820847643,36077.861720071465,0.0014248459504906368
2024-11-20T00:00:00Z,161883.57108629652,125077.33820847643,36806.232877820075,0.0
2024-11-21T00:00:00Z,162678.34270274264,125077.33820847643,37601.0044942662,0.0
2024-11-22T00:00:00Z,164286.31056741762,125077.33820847643,39208.97235894119,0.0
2024-11-23T00:00:00Z,164515.3821798852,125077.33820847643,39438.04397140878,0.0
2024-11-24T00:00:00Z,164033.90906405632,125077.33820847643,38956.570855579885,0.002926614578218729
2024-11-25T00:00:00Z,164116.78002692322,125077.33820847643,39039.44181844681,0.002422886830886939
2024-11-26T00:00:00Z,162165.4839046345,125077.33820847643,37088.145696158055,0.014283760242439077
2024-11-27T00:00:00Z,161750.45112765848,125077.33820847643,36673.11291918205,0.01680651994719542
2024-11-28T00:00:00Z,163304.18198102497,125077.33820847643,38226.84377254856,0.00736223070944133
2024-11-29T00:00:00Z,163246.86082878808,163246.86082878808,0.0,0.007710654981247223
2024-11-30T00:00:00Z,163246.86082878808,163246.86082878808,0.0,0.007710654981247223
2024-12-01T00:00:00Z,163246.86082878808,163246.86082878808,0.0,0.007710654981247223
2024-12-02T00:00:00Z,163246.86082878808,163246.86082878808,0.0,0.007710654981247223
2024-12-03T00:00:00Z,163246.86082878808,163246.86082878808,0.0,0.007710654981247223
2024-12-04T00:00:00Z,163246.86082878808,163246.86082878808,0.0,0.007710654981247223
2024-12-05T00:00:00Z,163246.86082878808,163246.86082878808,0.0,0.007710654981247223
2024-12-06T00:00:00Z,163246.86082878808,163246.86082878808,0.0,0.007710654981247223
2024-12-07T00:00:00Z,163246.86082878808,163246.86082878808,0.0,0.007710654981247223
2024-12-08T00:00:00Z,163210.4493347902,147700.21773538415,15510.23159940604,0.007931980753435881
2024-12-09T00:00:00Z,163241.03377564315,147700.21773538415,15540.816040258987,0.007746074484686434
2024-12-10T00:00:00Z,161578.02009278076,161578.02009278076,0.0,0.017854634917315246
2024-12-11T00:00:00Z,161578.02009278076,161578.02009278076,0.0,0.017854634917315246
2024-12-12T00:00:00Z,161578.02009278076,161578.02009278076,0.0,0.017854634917315246
2024-12-13T00:00:00Z,161578.02009278076,161578.02009278076,0.0,0.017854634917315246
2024-12-14T00:00:00Z,161578.02009278076,161578.02009278076,0.0,0.017854634917315246
2024-12-15T00:00:00Z,161578.02009278076,161578.02009278076,0.0,0.017854634917315246
2024-12-16T00:00:00Z,161578.02009278076,161578.02009278076,0.0,0.017854634917315246
2024-12-17T00:00:00Z,161578.02009278076,161578.02009278076,0.0,0.017854634917315246
2024-12-18T00:00:00Z,161565.9450990383,143134.894833839,18431.050265199316,0.017928032271304017
2024-12-19T00:00:00Z,160533.35386789124,143134.894833839,17398.459034052226,0.024204595699385163
2024-12-20T00:00:00Z,159918.61021521856,159918.61021521856,0.0,0.027941289767302202
2024-12-21T00:00:00Z,159918.61021521856,159918.61021521856,0.0,0.027941289767302202
2024-12-22T00:00:00Z,159918.61021521856,159918.61021521856,0.0,0.027941289767302202
2024-12-23T00:00:00Z,159918.61021521856,159918.61021521856,0.0,0.027941289767302202
2024-12-24T00:00:00Z,159918.61021521856,159918.61021521856,0.0,0.027941289767302202
2024-12-25T00:00:00Z,159918.61021521856,159918.61021521856,0.0,0.027941289767302202
2024-12-26T00:00:00Z,159918.61021521856,159918.61021521856,0.0,0.027941289767302202
2024-12-27T00:00:00Z,159918.61021521856,159918.61021521856,0.0,0.027941289767302202
2024-12-28T00:00:00Z,159918.61021521856,159918.61021521856,0.0,0.027941289767302202
2024-12-29T00:00:00Z,159918.61021521856,159918.61021521856,0.0,0.027941289767302202
2024-12-30T00:00:00Z,159918.61021521856,159918.61021521856,0.0,0.027941289767302202
2024-12-31T00:00:00Z,159918.61021521856,159918.61021521856,0.0,0.027941289767302202
