policy_id,portfolio_id,study_portfolio,universe_id,cost_multiplier,pair,signal_time,entry_time,exit_time,holding_hours,exit_reason,entry_price,exit_price,quantity,entry_notional,exit_notional,entry_cost,exit_cost,gross_pnl,net_pnl,period_id,membership_rank,support_families,support_count,atr24_at_signal,high_water_at_exit,entry_market_state,exit_market_state,protection_floor_at_exit,shadow_memory_time,shadow_memory_reference,shadow_v2_time,shadow_v2_pending_fill_time,pre_progress_action_enabled
FULL_ADAPTIVE_LIFECYCLE_BRAIN__PRE_PROGRESS_NON_CONFIRMATION_V1,FULL_ADAPTIVE_LIFECYCLE_BRAIN__PRE_PROGRESS_NON_CONFIRMATION_V1:UNION_FOCUS:C2,UNION_FOCUS,C2,1.0,BTC-USDT,2022-02-07 00:00:00+00:00,2022-02-07 01:00:00+00:00,2022-02-08 00:00:00+00:00,23,ADAPTIVE_PROTECTION_TOUCH,42394.8,43778.15,0.21229018653231055,9000.0,9293.67162953947,11.25,11.617089536924338,293.6716295394708,270.8045400025465,ROBUSTNESS_2022,1,MOMENTUM_BREAKOUT,1,240.61666666666648,44500.0,TRANSITION,TRANSITION,43778.15,2022-02-07 08:00:00+00:00,42394.8,,,True
FULL_ADAPTIVE_LIFECYCLE_BRAIN__PRE_PROGRESS_NON_CONFIRMATION_V1,FULL_ADAPTIVE_LIFECYCLE_BRAIN__PRE_PROGRESS_NON_CONFIRMATION_V1:UNION_FOCUS:C2,UNION_FOCUS,C2,1.0,AVAX-USDT,2022-02-07 05:00:00+00:00,2022-02-07 06:00:00+00:00,2022-02-08 06:00:00+00:00,24,ADAPTIVE_PROTECTION_GAP,81.867,89.155,110.01008405165518,9006.195551056855,9807.949043625318,11.257744438821069,12.259936304531648,801.7534925684631,778.2358118251104,ROBUSTNESS_2022,5,MOMENTUM_BREAKOUT,1,1.2186250000000012,93.09,TRANSITION,TRANSITION,76.9925,2022-02-07 12:00:00+00:00,81.867,,,True
FULL_ADAPTIVE_LIFECYCLE_BRAIN__PRE_PROGRESS_NON_CONFIRMATION_V1,FULL_ADAPTIVE_LIFECYCLE_BRAIN__PRE_PROGRESS_NON_CONFIRMATION_V1:UNION_FOCUS:C2,UNION_FOCUS,C2,1.0,ETH-USDT,2022-02-07 05:00:00+00:00,2022-02-07 06:00:00+00:00,2022-02-08 09:00:00+00:00,27,ADAPTIVE_PROTECTION_TOUCH,3087.0,3140.8362500000003,2.917787127325506,9007.208862053836,9164.291579287315,11.259011077567296,11.455364474109144,157.08271723347934,134.36834168180292,ROBUSTNESS_2022,2,MOMENTUM_BREAKOUT,1,30.89124999999994,3233.51,TRANSITION,RISK_ON,3140.8362500000003,2022-02-07 16:00:00+00:00,3087.0,,,True
FULL_ADAPTIVE_LIFECYCLE_BRAIN__PRE_PROGRESS_NON_CONFIRMATION_V1,FULL_ADAPTIVE_LIFECYCLE_BRAIN__PRE_PROGRESS_NON_CONFIRMATION_V1:UNION_FOCUS:C2,UNION_FOCUS,C2,1.0,ATOM-USDT,2022-02-07 06:00:00+00:00,2022-02-07 07:00:00+00:00,2022-02-08 13:00:00+00:00,30,ADAPTIVE_PROTECTION_TOUCH,32.2995,30.26565,279.0096049688605,9011.870735691711,8444.407050625794,11.26483841961464,10.555508813282243,-567.4636850659172,-589.284032298814,ROBUSTNESS_2022,3,MOMENTUM_BREAKOUT,1,0.5084625000000002,33.1783,TRANSITION,RISK_ON,30.26565,,,,,True
FULL_ADAPTIVE_LIFECYCLE_BRAIN__PRE_PROGRESS_NON_CONFIRMATION_V1,FULL_ADAPTIVE_LIFECYCLE_BRAIN__PRE_PROGRESS_NON_CONFIRMATION_V1:UNION_FOCUS:C2,UNION_FOCUS,C2,1.0,BTC-USDT,2022-02-08 06:00:00+00:00,2022-02-08 07:00:00+00:00,2022-02-08 13:00:00+00:00,6,ADAPTIVE_PROTECTION_TOUCH,44875.1,43259.316666666666,0.20380231804372334,9145.649402443889,8816.349013654142,11.432061753054862,11.020436267067678,-329.30038878974665,-351.7528868098692,ROBUSTNESS_2022,1,MOMENTUM_BREAKOUT,1,403.9458333333341,45500.0,TRANSITION,RISK_ON,43259.316666666666,,,,,True
FULL_ADAPTIVE_LIFECYCLE_BRAIN__PRE_PROGRESS_NON_CONFIRMATION_V1,FULL_ADAPTIVE_LIFECYCLE_BRAIN__PRE_PROGRESS_NON_CONFIRMATION_V1:UNION_FOCUS:C2,UNION_FOCUS,C2,1.0,AVAX-USDT,2022-02-08 05:00:00+00:00,2022-02-08 06:00:00+00:00,2022-02-08 16:00:00+00:00,10,ADAPTIVE_PROTECTION_TOUCH,89.155,83.83433333333333,102.17345781466594,9109.274631466542,8565.643720253976,11.386593289333177,10.70705465031747,-543.6309112125655,-565.7245591522161,ROBUSTNESS_2022,5,MOMENTUM_BREAKOUT,1,1.330166666666668,92.563,TRANSITION,RISK_ON,83.83433333333333,,,,,True
FULL_ADAPTIVE_LIFECYCLE_BRAIN__PRE_PROGRESS_NON_CONFIRMATION_V1,FULL_ADAPTIVE_LIFECYCLE_BRAIN__PRE_PROGRESS_NON_CONFIRMATION_V1:UNION_FOCUS:C2,UNION_FOCUS,C2,1.0,DOT-USDT,2022-02-07 16:00:00+00:00,2022-02-07 17:00:00+00:00,2022-02-08 16:00:00+00:00,23,ADAPTIVE_PROTECTION_TOUCH,22.5751,21.18045,401.8904628968263,9072.717388942143,8512.220854863084,11.34089673617768,10.640276068578855,-560.4965340790586,-582.4777068838151,ROBUSTNESS_2022,7,MOMENTUM_BREAKOUT,1,0.3486624999999996,23.1846,TRANSITION,RISK_ON,21.18045,2022-02-08 04:00:00+00:00,22.5919,2022-02-08 08:00:00+00:00,2022-02-08 09:00:00+00:00,True
FULL_ADAPTIVE_LIFECYCLE_BRAIN__PRE_PROGRESS_NON_CONFIRMATION_V1,FULL_ADAPTIVE_LIFECYCLE_BRAIN__PRE_PROGRESS_NON_CONFIRMATION_V1:UNION_FOCUS:C2,UNION_FOCUS,C2,1.0,ETH-USDT,2022-02-09 20:00:00+00:00,2022-02-09 21:00:00+00:00,2022-02-10 22:00:00+00:00,25,ADAPTIVE_PROTECTION_TOUCH,3246.99,3101.663333333333,5.4933801802609965,17836.950511505653,17038.61588117559,22.296188139382068,21.298269851469485,-798.3346303300641,-841.9290883209156,ROBUSTNESS_2022,2,MOMENTUM_BREAKOUT,1,36.33166666666671,3284.0,RISK_ON,TRANSITION,3065.331666666666,2022-02-10 12:00:00+00:00,3248.2,2022-02-10 16:00:00+00:00,2022-02-10 17:00:00+00:00,True
FULL_ADAPTIVE_LIFECYCLE_BRAIN__PRE_PROGRESS_NON_CONFIRMATION_V1,FULL_ADAPTIVE_LIFECYCLE_BRAIN__PRE_PROGRESS_NON_CONFIRMATION_V1:UNION_FOCUS:C2,UNION_FOCUS,C2,1.0,AVAX-USDT,2022-02-10 18:00:00+00:00,2022-02-10 19:00:00+00:00,2022-02-11 01:00:00+00:00,6,ADAPTIVE_PROTECTION_TOUCH,94.271,88.41250000000001,188.78619329074039,17797.063227711387,16691.059314317587,22.246329034639235,20.863824142896984,-1106.0039133938008,-1149.114066571337,ROBUSTNESS_2022,5,MOMENTUM_BREAKOUT,1,1.4646249999999992,94.414,RISK_ON,TRANSITION,88.41250000000001,,,,,True
FULL_ADAPTIVE_LIFECYCLE_BRAIN__PRE_PROGRESS_NON_CONFIRMATION_V1,FULL_ADAPTIVE_LIFECYCLE_BRAIN__PRE_PROGRESS_NON_CONFIRMATION_V1:UNION_FOCUS:C2,UNION_FOCUS,C2,1.0,AVAX-USDT,2022-02-11 12:00:00+00:00,2022-02-11 13:00:00+00:00,2022-02-11 23:00:00+00:00,10,ADAPTIVE_PROTECTION_TOUCH,89.963,81.17816666666667,97.14306294601697,8739.281371812524,7885.895754342257,10.924101714765655,9.85736969292782,-853.3856174702669,-874.1670888779604,ROBUSTNESS_2022,5,RELATIVE_STRENGTH_ROTATION,1,2.196208333333333,91.486,TRANSITION,TRANSITION,81.17816666666667,,,,,True
FULL_ADAPTIVE_LIFECYCLE_BRAIN__PRE_PROGRESS_NON_CONFIRMATION_V1,FULL_ADAPTIVE_LIFECYCLE_BRAIN__PRE_PROGRESS_NON_CONFIRMATION_V1:UNION_FOCUS:C2,UNION_FOCUS,C2,1.0,AVAX-USDT,2022-02-15 08:00:00+00:00,2022-02-15 09:00:00+00:00,2022-02-16 14:00:00+00:00,29,ADAPTIVE_PROTECTION_TOUCH,85.128,92.23233333333334,196.94900755153407,16765.875114846993,18165.066514162278,20.95734389355874,22.706333142702846,1399.1913993152848,1355.5277222790232,ROBUSTNESS_2022,5,MOMENTUM_BREAKOUT,1,1.2844166666666652,97.37,RISK_ON,RISK_ON,92.23233333333334,2022-02-15 16:00:00+00:00,85.128,,,True
FULL_ADAPTIVE_LIFECYCLE_BRAIN__PRE_PROGRESS_NON_CONFIRMATION_V1,FULL_ADAPTIVE_LIFECYCLE_BRAIN__PRE_PROGRESS_NON_CONFIRMATION_V1:UNION_FOCUS:C2,UNION_FOCUS,C2,1.0,ETH-USDT,2022-02-15 02:00:00+00:00,2022-02-15 03:00:00+00:00,2022-02-16 14:00:00+00:00,35,ADAPTIVE_PROTECTION_TOUCH,3020.71,3070.9483333333337,5.775227032392753,17445.286049019112,17735.42382974814,21.80660756127389,22.169279787185175,290.1377807290264,246.16189338056734,ROBUSTNESS_2022,2,MOMENTUM_BREAKOUT,1,31.6554166666666,3197.57,RISK_ON,RISK_ON,3070.9483333333337,2022-02-15 08:00:00+00:00,3020.71,,,True
FULL_ADAPTIVE_LIFECYCLE_BRAIN__PRE_PROGRESS_NON_CONFIRMATION_V1,FULL_ADAPTIVE_LIFECYCLE_BRAIN__PRE_PROGRESS_NON_CONFIRMATION_V1:UNION_FOCUS:C2,UNION_FOCUS,C2,1.0,ATOM-USDT,2022-02-14 23:00:00+00:00,2022-02-15 00:00:00+00:00,2022-02-17 15:00:00+00:00,63,ADAPTIVE_PROTECTION_TOUCH,27.1108,29.5033,638.9045202512289,17321.212667627016,18849.79173232808,21.65151583453377,23.562239665410104,1528.5790647010654,1483.3653092011216,ROBUSTNESS_2022,3,RELATIVE_STRENGTH_ROTATION,1,0.4511666666666666,30.8568,RISK_ON,TRANSITION,29.052133333333334,2022-02-15 04:00:00+00:00,27.1108,,,True
FULL_ADAPTIVE_LIFECYCLE_BRAIN__PRE_PROGRESS_NON_CONFIRMATION_V1,FULL_ADAPTIVE_LIFECYCLE_BRAIN__PRE_PROGRESS_NON_CONFIRMATION_V1:UNION_FOCUS:C2,UNION_FOCUS,C2,1.0,AVAX-USDT,2022-02-17 01:00:00+00:00,2022-02-17 02:00:00+00:00,2022-02-17 15:00:00+00:00,13,ADAPTIVE_PROTECTION_GAP,98.317,91.326,181.50613017004102,17845.138199927922,16576.228843909164,22.306422749909903,20.720286054886454,-1268.9093560187575,-1311.9360648235538,ROBUSTNESS_2022,5,MOMENTUM_BREAKOUT,1,1.7428750000000015,98.621,RISK_ON,TRANSITION,89.60262499999999,,,,,True
FULL_ADAPTIVE_LIFECYCLE_BRAIN__PRE_PROGRESS_NON_CONFIRMATION_V1,FULL_ADAPTIVE_LIFECYCLE_BRAIN__PRE_PROGRESS_NON_CONFIRMATION_V1:UNION_FOCUS:C2,UNION_FOCUS,C2,1.0,BTC-USDT,2022-02-15 02:00:00+00:00,2022-02-15 03:00:00+00:00,2022-02-17 15:00:00+00:00,60,ADAPTIVE_STAGNATION_48H_CLOSE_NOT_ABOVE_ENTRY,43461.0,42253.1,0.40149127083469094,17449.212121746503,16964.25081570528,21.81151515218313,21.2053135196316,-484.961306041223,-527.9781347130377,ROBUSTNESS_2022,1,MOMENTUM_BREAKOUT,1,342.4375000000003,44800.8,RISK_ON,TRANSITION,41748.8125,2022-02-15 08:00:00+00:00,43461.0,2022-02-17 12:00:00+00:00,2022-02-17 13:00:00+00:00,True
FULL_ADAPTIVE_LIFECYCLE_BRAIN__PRE_PROGRESS_NON_CONFIRMATION_V1,FULL_ADAPTIVE_LIFECYCLE_BRAIN__PRE_PROGRESS_NON_CONFIRMATION_V1:UNION_FOCUS:C2,UNION_FOCUS,C2,1.0,NEAR-USDT,2022-02-17 08:00:00+00:00,2022-02-17 09:00:00+00:00,2022-02-17 15:00:00+00:00,6,ADAPTIVE_PROTECTION_TOUCH,11.6432,10.941033333333333,1523.384933363714,17737.075456140396,16667.405335430172,22.171344320175496,20.834256669287715,-1069.6701207102233,-1112.6757216996864,ROBUSTNESS_2022,6,MOMENTUM_BREAKOUT,1,0.1755416666666667,11.7241,RISK_ON,TRANSITION,10.765491666666666,,,,,True
FULL_ADAPTIVE_LIFECYCLE_BRAIN__PRE_PROGRESS_NON_CONFIRMATION_V1,FULL_ADAPTIVE_LIFECYCLE_BRAIN__PRE_PROGRESS_NON_CONFIRMATION_V1:UNION_FOCUS:C2,UNION_FOCUS,C2,1.0,SOL-USDT,2022-02-15 02:00:00+00:00,2022-02-15 03:00:00+00:00,2022-02-17 15:00:00+00:00,60,ADAPTIVE_STAGNATION_48H_CLOSE_NOT_ABOVE_ENTRY,102.022,97.551,170.9568608697936,17441.36085965808,16677.012734709235,21.801701074572602,20.846265918386543,-764.3481249488468,-806.996091941806,ROBUSTNESS_2022,4,MOMENTUM_BREAKOUT,1,1.5941249999999982,105.751,RISK_ON,TRANSITION,94.05137500000001,2022-02-15 12:00:00+00:00,102.327,2022-02-15 20:00:00+00:00,2022-02-15 21:00:00+00:00,True
FULL_ADAPTIVE_LIFECYCLE_BRAIN__PRE_PROGRESS_NON_CONFIRMATION_V1,FULL_ADAPTIVE_LIFECYCLE_BRAIN__PRE_PROGRESS_NON_CONFIRMATION_V1:UNION_FOCUS:C2,UNION_FOCUS,C2,1.0,SOL-USDT,2022-02-23 12:00:00+00:00,2022-02-23 13:00:00+00:00,2022-02-23 21:00:00+00:00,8,ADAPTIVE_PROTECTION_TOUCH,92.049,87.37100000000001,93.47096791061094,8603.909125203827,8166.651937317989,10.754886406504784,10.208314921647487,-437.257187885838,-458.2203892139903,ROBUSTNESS_2022,7,RELATIVE_STRENGTH_ROTATION,1,1.5593333333333337,93.335,TRANSITION,RISK_OFF,87.37100000000001,,,,,True
FULL_ADAPTIVE_LIFECYCLE_BRAIN__PRE_PROGRESS_NON_CONFIRMATION_V1,FULL_ADAPTIVE_LIFECYCLE_BRAIN__PRE_PROGRESS_NON_CONFIRMATION_V1:UNION_FOCUS:C2,UNION_FOCUS,C2,1.0,AVAX-USDT,2022-02-23 16:00:00+00:00,2022-02-23 17:00:00+00:00,2022-02-23 23:00:00+00:00,6,ADAPTIVE_PROTECTION_TOUCH,79.968,75.32225,107.2232079622153,8574.425494322433,8076.293275931971,10.718031867903042,10.095366594914964,-498.1322183904622,-518.9456168532802,ROBUSTNESS_2022,6,RELATIVE_STRENGTH_ROTATION,1,1.5485833333333343,81.424,TRANSITION,RISK_OFF,75.32225,,,,,True
FULL_ADAPTIVE_LIFECYCLE_BRAIN__PRE_PROGRESS_NON_CONFIRMATION_V1,FULL_ADAPTIVE_LIFECYCLE_BRAIN__PRE_PROGRESS_NON_CONFIRMATION_V1:UNION_FOCUS:C2,UNION_FOCUS,C2,1.0,ETH-USDT,2022-02-23 09:00:00+00:00,2022-02-23 10:00:00+00:00,2022-02-24 00:00:00+00:00,14,ADAPTIVE_PROTECTION_TOUCH,2702.24,2579.48625,3.182507303520392,8599.898535864944,8209.233829955429,10.749873169831181,10.261542287444286,-390.66470590951576,-411.6761213667912,ROBUSTNESS_2022,2,RELATIVE_STRENGTH_ROTATION,1,40.91791666666668,2752.89,TRANSITION,RISK_OFF,2579.48625,,,,,True
FULL_ADAPTIVE_LIFECYCLE_BRAIN__PRE_PROGRESS_NON_CONFIRMATION_V1,FULL_ADAPTIVE_LIFECYCLE_BRAIN__PRE_PROGRESS_NON_CONFIRMATION_V1:UNION_FOCUS:C2,UNION_FOCUS,C2,1.0,SOL-USDT,2022-02-25 23:00:00+00:00,2022-02-26 00:00:00+00:00,2022-02-27 01:00:00+00:00,25,ADAPTIVE_PROTECTION_TOUCH,94.734,88.616875,89.60285476128162,8488.436842955252,7940.324980023647,10.610546053694065,9.92540622502956,-548.1118629316052,-568.6478152103288,ROBUSTNESS_2022,7,MOMENTUM_BREAKOUT,1,2.039041666666668,95.108,TRANSITION,TRANSITION,88.616875,,,,,True
FULL_ADAPTIVE_LIFECYCLE_BRAIN__PRE_PROGRESS_NON_CONFIRMATION_V1,FULL_ADAPTIVE_LIFECYCLE_BRAIN__PRE_PROGRESS_NON_CONFIRMATION_V1:UNION_FOCUS:C2,UNION_FOCUS,C2,1.0,ATOM-USDT,2022-02-25 21:00:00+00:00,2022-02-25 22:00:00+00:00,2022-02-27 02:00:00+00:00,28,ADAPTIVE_PROTECTION_TOUCH,26.8199,28.8272375,315.9930776921569,8474.902744395878,9109.207498987758,10.593628430494848,11.386509373734699,634.3047545918798,612.3246167876503,ROBUSTNESS_2022,5,RELATIVE_STRENGTH_ROTATION,1,0.4963541666666666,30.3163,TRANSITION,TRANSITION,28.8272375,2022-02-26 04:00:00+00:00,26.8199,,,True
FULL_ADAPTIVE_LIFECYCLE_BRAIN__PRE_PROGRESS_NON_CONFIRMATION_V1,FULL_ADAPTIVE_LIFECYCLE_BRAIN__PRE_PROGRESS_NON_CONFIRMATION_V1:UNION_FOCUS:C2,UNION_FOCUS,C2,1.0,AVAX-USDT,2022-02-26 22:00:00+00:00,2022-02-26 23:00:00+00:00,2022-02-27 02:00:00+00:00,3,ADAPTIVE_PROTECTION_TOUCH,84.681,78.10916666666665,100.9207567296774,8546.070600625811,7882.836207524491,10.682588250782265,9.853545259405614,-663.2343931013202,-683.770526611508,ROBUSTNESS_2022,6,MOMENTUM_BREAKOUT,1,1.6429583333333355,84.792,TRANSITION,TRANSITION,78.10916666666665,,,,,True
FULL_ADAPTIVE_LIFECYCLE_BRAIN__PRE_PROGRESS_NON_CONFIRMATION_V1,FULL_ADAPTIVE_LIFECYCLE_BRAIN__PRE_PROGRESS_NON_CONFIRMATION_V1:UNION_FOCUS:C2,UNION_FOCUS,C2,1.0,ETH-USDT,2022-02-25 23:00:00+00:00,2022-02-26 00:00:00+00:00,2022-02-27 20:00:00+00:00,44,ADAPTIVE_PROTECTION_TOUCH,2791.95,2654.83375,3.0406675977520914,8489.39189954395,8072.466961043676,10.611739874429938,10.090583701304595,-416.92493850027495,-437.62726207600946,ROBUSTNESS_2022,2,MOMENTUM_BREAKOUT,1,45.70541666666664,2878.9,TRANSITION,TRANSITION,2654.83375,2022-02-26 04:00:00+00:00,2791.95,2022-02-26 12:00:00+00:00,2022-02-26 13:00:00+00:00,True
FULL_ADAPTIVE_LIFECYCLE_BRAIN__PRE_PROGRESS_NON_CONFIRMATION_V1,FULL_ADAPTIVE_LIFECYCLE_BRAIN__PRE_PROGRESS_NON_CONFIRMATION_V1:UNION_FOCUS:C2,UNION_FOCUS,C2,1.0,SOL-USDT,2022-02-28 16:00:00+00:00,2022-02-28 17:00:00+00:00,2022-03-02 14:00:00+00:00,45,ADAPTIVE_PROTECTION_TOUCH,95.636,100.59825,87.59217596848687,8376.96534092221,8811.619616121834,10.471206676152763,11.014524520152293,434.65427519962395,413.1685440033189,ROBUSTNESS_2022,6,MOMENTUM_BREAKOUT,1,1.9485833333333344,106.444,TRANSITION,TRANSITION,100.59825,2022-03-01 00:00:00+00:00,95.636,,,True
FULL_ADAPTIVE_LIFECYCLE_BRAIN__PRE_PROGRESS_NON_CONFIRMATION_V1,FULL_ADAPTIVE_LIFECYCLE_BRAIN__PRE_PROGRESS_NON_CONFIRMATION_V1:UNION_FOCUS:C2,UNION_FOCUS,C2,1.0,BTC-USDT,2022-02-28 16:00:00+00:00,2022-02-28 17:00:00+00:00,2022-03-02 19:00:00+00:00,50,ADAPTIVE_PROTECTION_TOUCH,40824.1,43567.275,0.20521965837718312,8377.90785555596,8940.861291924792,10.472384819444951,11.17607661490599,562.9534363688308,541.3049749344798,ROBUSTNESS_2022,1,MOMENTUM_BREAKOUT,1,600.0750000000004,45367.5,TRANSITION,TRANSITION,43567.275,2022-03-01 00:00:00+00:00,40824.1,,,True
FULL_ADAPTIVE_LIFECYCLE_BRAIN__PRE_PROGRESS_NON_CONFIRMATION_V1,FULL_ADAPTIVE_LIFECYCLE_BRAIN__PRE_PROGRESS_NON_CONFIRMATION_V1:UNION_FOCUS:C2,UNION_FOCUS,C2,1.0,AVAX-USDT,2022-03-01 01:00:00+00:00,2022-03-01 02:00:00+00:00,2022-03-03 02:00:00+00:00,48,ADAPTIVE_STAGNATION_48H_CLOSE_NOT_ABOVE_ENTRY,89.533,84.02,94.73146291865413,8481.59206949586,7959.33751442532,10.601990086869826,9.94917189303165,-522.2545550705408,-542.8057170504424,ROBUSTNESS_2022,5,MOMENTUM_BREAKOUT,1,2.096791666666667,90.813,TRANSITION,TRANSITION,81.14583333333333,,,,,True
FULL_ADAPTIVE_LIFECYCLE_BRAIN__PRE_PROGRESS_NON_CONFIRMATION_V1,FULL_ADAPTIVE_LIFECYCLE_BRAIN__PRE_PROGRESS_NON_CONFIRMATION_V1:UNION_FOCUS:C2,UNION_FOCUS,C2,1.0,ETH-USDT,2022-02-28 23:00:00+00:00,2022-03-01 00:00:00+00:00,2022-03-03 05:00:00+00:00,53,ADAPTIVE_STAGNATION_48H_CLOSE_NOT_ABOVE_ENTRY,2896.95,2894.92,2.912777303084587,8438.170208170894,8432.257270245633,10.547712760213617,10.54032158780704,-5.912937925260849,-27.000972273281505,ROBUSTNESS_2022,2,MOMENTUM_BREAKOUT,1,45.51249999999999,3044.17,TRANSITION,TRANSITION,2714.8999999999996,2022-03-01 04:00:00+00:00,2896.95,2022-03-03 04:00:00+00:00,2022-03-03 05:00:00+00:00,True
FULL_ADAPTIVE_LIFECYCLE_BRAIN__PRE_PROGRESS_NON_CONFIRMATION_V1,FULL_ADAPTIVE_LIFECYCLE_BRAIN__PRE_PROGRESS_NON_CONFIRMATION_V1:UNION_FOCUS:C2,UNION_FOCUS,C2,1.0,SOL-USDT,2022-03-02 17:00:00+00:00,2022-03-02 18:00:00+00:00,2022-03-04 02:00:00+00:00,32,ADAPTIVE_PROTECTION_TOUCH,101.5,91.65633333333332,83.2073299884555,8445.543993828232,7626.478773198539,10.55692999228529,9.533098466498174,-819.0652206296936,-839.155249088477,ROBUSTNESS_2022,6,RELATIVE_STRENGTH_ROTATION,1,2.460916666666668,103.318,TRANSITION,TRANSITION,91.65633333333332,,,,,True
FULL_ADAPTIVE_LIFECYCLE_BRAIN__PRE_PROGRESS_NON_CONFIRMATION_V1,FULL_ADAPTIVE_LIFECYCLE_BRAIN__PRE_PROGRESS_NON_CONFIRMATION_V1:UNION_FOCUS:C2,UNION_FOCUS,C2,1.0,ATOM-USDT,2022-03-01 00:00:00+00:00,2022-03-01 01:00:00+00:00,2022-03-04 17:00:00+00:00,88,ADAPTIVE_PROTECTION_GAP,31.3707,32.9743,269.58270236841753,8456.998081188916,8889.30090270691,10.571247601486146,11.111626128383637,432.3028215179929,410.6199477881231,ROBUSTNESS_2022,7,MOMENTUM_BREAKOUT,1,0.7674125000000002,34.6822,TRANSITION,RISK_OFF,32.379962500000005,2022-03-01 08:00:00+00:00,31.3707,2022-03-01 16:00:00+00:00,2022-03-01 17:00:00+00:00,True
FULL_ADAPTIVE_LIFECYCLE_BRAIN__PRE_PROGRESS_NON_CONFIRMATION_V1,FULL_ADAPTIVE_LIFECYCLE_BRAIN__PRE_PROGRESS_NON_CONFIRMATION_V1:UNION_FOCUS:C2,UNION_FOCUS,C2,1.0,AVAX-USDT,2022-03-09 04:00:00+00:00,2022-03-09 05:00:00+00:00,2022-03-10 05:00:00+00:00,24,ADAPTIVE_PROTECTION_TOUCH,79.919,74.53699999999999,104.75701220180649,8372.075658156173,7808.273418486049,10.465094572695216,9.760341773107562,-563.8022396701235,-584.0276760159263,ROBUSTNESS_2022,5,MOMENTUM_BREAKOUT|RELATIVE_STRENGTH_ROTATION,2,1.3455000000000006,80.394,TRANSITION,TRANSITION,74.53699999999999,,,,,True
FULL_ADAPTIVE_LIFECYCLE_BRAIN__PRE_PROGRESS_NON_CONFIRMATION_V1,FULL_ADAPTIVE_LIFECYCLE_BRAIN__PRE_PROGRESS_NON_CONFIRMATION_V1:UNION_FOCUS:C2,UNION_FOCUS,C2,1.0,SOL-USDT,2022-03-09 08:00:00+00:00,2022-03-09 09:00:00+00:00,2022-03-10 05:00:00+00:00,20,ADAPTIVE_PROTECTION_TOUCH,89.276,83.29316666666666,93.91263791996697,8384.14466294297,7822.281002374129,10.480180828678712,9.777851252967661,-561.8636605688416,-582.1216926504881,ROBUSTNESS_2022,7,MOMENTUM_BREAKOUT,1,1.4957083333333323,89.9,TRANSITION,TRANSITION,83.29316666666666,,,,,True
FULL_ADAPTIVE_LIFECYCLE_BRAIN__PRE_PROGRESS_NON_CONFIRMATION_V1,FULL_ADAPTIVE_LIFECYCLE_BRAIN__PRE_PROGRESS_NON_CONFIRMATION_V1:UNION_FOCUS:C2,UNION_FOCUS,C2,1.0,ATOM-USDT,2022-03-09 07:00:00+00:00,2022-03-09 08:00:00+00:00,2022-03-10 06:00:00+00:00,22,ADAPTIVE_PROTECTION_TOUCH,30.2838,28.052883333333334,276.5514041267367,8375.02741229327,7758.064275636863,10.468784265366587,9.697580344546079,-616.9631366564063,-637.1295012663189,ROBUSTNESS_2022,6,MOMENTUM_BREAKOUT,1,0.5577291666666665,31.3672,TRANSITION,TRANSITION,28.052883333333334,2022-03-09 16:00:00+00:00,30.7202,2022-03-09 20:00:00+00:00,2022-03-09 21:00:00+00:00,True
FULL_ADAPTIVE_LIFECYCLE_BRAIN__PRE_PROGRESS_NON_CONFIRMATION_V1,FULL_ADAPTIVE_LIFECYCLE_BRAIN__PRE_PROGRESS_NON_CONFIRMATION_V1:UNION_FOCUS:C2,UNION_FOCUS,C2,1.0,BTC-USDT,2022-03-09 04:00:00+00:00,2022-03-09 05:00:00+00:00,2022-03-10 06:00:00+00:00,25,ADAPTIVE_PROTECTION_TOUCH,41205.7,39369.86666666666,0.2032233330122822,8373.959693104196,8000.875524249148,10.467449616380245,10.001094405311434,-373.0841688550481,-393.5527128767398,ROBUSTNESS_2022,1,MOMENTUM_BREAKOUT,1,458.95833333333456,42581.2,TRANSITION,TRANSITION,39369.86666666666,2022-03-09 12:00:00+00:00,41205.7,2022-03-10 04:00:00+00:00,2022-03-10 05:00:00+00:00,True
FULL_ADAPTIVE_LIFECYCLE_BRAIN__PRE_PROGRESS_NON_CONFIRMATION_V1,FULL_ADAPTIVE_LIFECYCLE_BRAIN__PRE_PROGRESS_NON_CONFIRMATION_V1:UNION_FOCUS:C2,UNION_FOCUS,C2,1.0,ETH-USDT,2022-03-09 04:00:00+00:00,2022-03-09 05:00:00+00:00,2022-03-10 15:00:00+00:00,34,ADAPTIVE_PROTECTION_GAP,2698.04,2573.95,3.1033704550854404,8373.017622638721,7987.920382867169,10.466272028298402,9.984900478583961,-385.09723977155227,-405.5484122784346,ROBUSTNESS_2022,2,MOMENTUM_BREAKOUT,1,36.72874999999996,2773.91,TRANSITION,RISK_OFF,2551.125,2022-03-09 12:00:00+00:00,2698.04,2022-03-10 04:00:00+00:00,2022-03-10 05:00:00+00:00,True
FULL_ADAPTIVE_LIFECYCLE_BRAIN__PRE_PROGRESS_NON_CONFIRMATION_V1,FULL_ADAPTIVE_LIFECYCLE_BRAIN__PRE_PROGRESS_NON_CONFIRMATION_V1:UNION_FOCUS:C2,UNION_FOCUS,C2,1.0,ATOM-USDT,2022-03-10 05:00:00+00:00,2022-03-10 06:00:00+00:00,2022-03-11 06:00:00+00:00,24,ADAPTIVE_STAGNATION_24H_CLOSE_NOT_ABOVE_ENTRY,28.4897,27.2589,286.02352359776563,8148.724380243263,7796.686627399134,10.185905475304079,9.745858284248918,-352.0377528441295,-371.9695166036825,ROBUSTNESS_2022,6,RELATIVE_STRENGTH_ROTATION,1,0.5563625000000002,28.5428,TRANSITION,RISK_OFF,26.8206125,,,,,True
FULL_ADAPTIVE_LIFECYCLE_BRAIN__PRE_PROGRESS_NON_CONFIRMATION_V1,FULL_ADAPTIVE_LIFECYCLE_BRAIN__PRE_PROGRESS_NON_CONFIRMATION_V1:UNION_FOCUS:C2,UNION_FOCUS,C2,1.0,BTC-USDT,2022-03-10 06:00:00+00:00,2022-03-10 07:00:00+00:00,2022-03-11 12:00:00+00:00,29,ADAPTIVE_STAGNATION_24H_CLOSE_NOT_ABOVE_ENTRY,39209.0,39014.5,0.20731073516265075,8128.446614992374,8088.124677003238,10.160558268740468,10.110155846254047,-40.32193798913613,-60.59265210413064,ROBUSTNESS_2022,1,RELATIVE_STRENGTH_ROTATION,1,490.3333333333324,40307.0,TRANSITION,RISK_OFF,37738.0,,,,,True
FULL_ADAPTIVE_LIFECYCLE_BRAIN__PRE_PROGRESS_NON_CONFIRMATION_V1,FULL_ADAPTIVE_LIFECYCLE_BRAIN__PRE_PROGRESS_NON_CONFIRMATION_V1:UNION_FOCUS:C2,UNION_FOCUS,C2,1.0,AVAX-USDT,2022-03-11 07:00:00+00:00,2022-03-11 08:00:00+00:00,2022-03-11 20:00:00+00:00,12,ADAPTIVE_PROTECTION_TOUCH,75.624,72.0015,106.99573179953047,8091.4452216076925,7703.853183163893,10.114306527009616,9.629816478954867,-387.59203844379954,-407.336161449764,ROBUSTNESS_2022,5,RELATIVE_STRENGTH_ROTATION,1,1.2074999999999996,76.916,TRANSITION,RISK_OFF,72.0015,2022-03-11 12:00:00+00:00,75.624,2022-03-11 16:00:00+00:00,2022-03-11 17:00:00+00:00,True
FULL_ADAPTIVE_LIFECYCLE_BRAIN__PRE_PROGRESS_NON_CONFIRMATION_V1,FULL_ADAPTIVE_LIFECYCLE_BRAIN__PRE_PROGRESS_NON_CONFIRMATION_V1:UNION_FOCUS:C2,UNION_FOCUS,C2,1.0,ETH-USDT,2022-03-10 20:00:00+00:00,2022-03-10 21:00:00+00:00,2022-03-11 22:00:00+00:00,25,ADAPTIVE_STAGNATION_24H_CLOSE_NOT_ABOVE_ENTRY,2613.14,2531.51,3.1128391993331554,8134.284625345441,7880.183561503877,10.167855781681801,9.850229451879846,-254.1010638415637,-274.11914907512534,ROBUSTNESS_2022,2,RELATIVE_STRENGTH_ROTATION,1,33.43375000000003,2676.9,TRANSITION,RISK_OFF,2512.83875,2022-03-11 12:00:00+00:00,2617.16,2022-03-11 16:00:00+00:00,2022-03-11 17:00:00+00:00,True
FULL_ADAPTIVE_LIFECYCLE_BRAIN__PRE_PROGRESS_NON_CONFIRMATION_V1,FULL_ADAPTIVE_LIFECYCLE_BRAIN__PRE_PROGRESS_NON_CONFIRMATION_V1:UNION_FOCUS:C2,UNION_FOCUS,C2,1.0,XRP-USDT,2022-03-11 17:00:00+00:00,2022-03-11 18:00:00+00:00,2022-03-11 23:00:00+00:00,5,ADAPTIVE_PROTECTION_TOUCH,0.72881,0.7922412500000001,11059.759649708123,8060.4634303037765,8761.997809584327,10.075579287879721,10.95249726198041,701.5343792805506,680.5063027306905,ROBUSTNESS_2022,3,RELATIVE_STRENGTH_ROTATION,1,0.0076495833333333,0.81519,TRANSITION,TRANSITION,0.7584208333333333,,,,,True
FULL_ADAPTIVE_LIFECYCLE_BRAIN__PRE_PROGRESS_NON_CONFIRMATION_V1,FULL_ADAPTIVE_LIFECYCLE_BRAIN__PRE_PROGRESS_NON_CONFIRMATION_V1:UNION_FOCUS:C2,UNION_FOCUS,C2,1.0,XRP-USDT,2022-03-11 22:00:00+00:00,2022-03-11 23:00:00+00:00,2022-03-12 03:00:00+00:00,4,ADAPTIVE_PROTECTION_TOUCH,0.80891,0.8291975000000001,10014.376738649667,8100.729487661103,8303.896155746459,10.125911859576378,10.379870194683074,203.16666808535592,182.66088603109648,ROBUSTNESS_2022,3,MOMENTUM_BREAKOUT,1,0.0089012499999999,0.847,TRANSITION,RISK_OFF,0.7822062500000003,,,,,True
FULL_ADAPTIVE_LIFECYCLE_BRAIN__PRE_PROGRESS_NON_CONFIRMATION_V1,FULL_ADAPTIVE_LIFECYCLE_BRAIN__PRE_PROGRESS_NON_CONFIRMATION_V1:UNION_FOCUS:C2,UNION_FOCUS,C2,1.0,BTC-USDT,2022-03-14 21:00:00+00:00,2022-03-14 22:00:00+00:00,2022-03-16 04:00:00+00:00,30,ADAPTIVE_PROTECTION_TOUCH,38725.1,40621.0375,0.209610019532652,8117.168967403902,8514.576463811589,10.146461209254877,10.643220579764487,397.4074964076872,376.6178146186678,ROBUSTNESS_2022,1,RELATIVE_STRENGTH_ROTATION,1,368.2208333333335,41725.7,TRANSITION,TRANSITION,37620.4375,2022-03-15 04:00:00+00:00,38725.1,2022-03-15 08:00:00+00:00,2022-03-15 09:00:00+00:00,True
FULL_ADAPTIVE_LIFECYCLE_BRAIN__PRE_PROGRESS_NON_CONFIRMATION_V1,FULL_ADAPTIVE_LIFECYCLE_BRAIN__PRE_PROGRESS_NON_CONFIRMATION_V1:UNION_FOCUS:C2,UNION_FOCUS,C2,1.0,ETH-USDT,2022-03-15 17:00:00+00:00,2022-03-15 18:00:00+00:00,2022-03-16 04:00:00+00:00,10,ADAPTIVE_PROTECTION_TOUCH,2602.44,2654.645,3.1219090034893586,8124.580867040847,8287.560126568009,10.155726083801058,10.359450158210011,162.97925952716196,142.46408328515088,ROBUSTNESS_2022,2,RELATIVE_STRENGTH_ROTATION,1,26.15166666666664,2733.1,TRANSITION,TRANSITION,2497.8333333333335,2022-03-16 00:00:00+00:00,2602.44,,,True
FULL_ADAPTIVE_LIFECYCLE_BRAIN__PRE_PROGRESS_NON_CONFIRMATION_V1,FULL_ADAPTIVE_LIFECYCLE_BRAIN__PRE_PROGRESS_NON_CONFIRMATION_V1:UNION_FOCUS:C2,UNION_FOCUS,C2,1.0,BTC-USDT,2022-03-16 03:00:00+00:00,2022-03-16 04:00:00+00:00,2022-03-16 04:00:00+00:00,0,ADAPTIVE_PROTECTION_TOUCH,40864.5,39411.583333333336,0.2001267477707309,8178.079484277032,7887.311996995142,10.22259935534629,9.859139996243927,-290.76748728188977,-310.84922663348,ROBUSTNESS_2022,1,MOMENTUM_BREAKOUT|RELATIVE_STRENGTH_ROTATION,2,363.2291666666667,40864.5,TRANSITION,TRANSITION,,,,,,True
FULL_ADAPTIVE_LIFECYCLE_BRAIN__PRE_PROGRESS_NON_CONFIRMATION_V1,FULL_ADAPTIVE_LIFECYCLE_BRAIN__PRE_PROGRESS_NON_CONFIRMATION_V1:UNION_FOCUS:C2,UNION_FOCUS,C2,1.0,AVAX-USDT,2022-03-16 20:00:00+00:00,2022-03-16 21:00:00+00:00,2022-03-17 21:00:00+00:00,24,ADAPTIVE_PROTECTION_TOUCH,73.735,78.36274999999999,111.27488349697133,8204.85353464918,8719.805876752289,10.256066918311475,10.899757345940362,514.9523421031081,493.79651783885623,ROBUSTNESS_2022,4,MOMENTUM_BREAKOUT,1,1.11275,81.701,TRANSITION,TRANSITION,78.36274999999999,2022-03-17 04:00:00+00:00,73.735,,,True
FULL_ADAPTIVE_LIFECYCLE_BRAIN__PRE_PROGRESS_NON_CONFIRMATION_V1,FULL_ADAPTIVE_LIFECYCLE_BRAIN__PRE_PROGRESS_NON_CONFIRMATION_V1:UNION_FOCUS:C2,UNION_FOCUS,C2,1.0,SOL-USDT,2022-03-15 18:00:00+00:00,2022-03-15 19:00:00+00:00,2022-03-17 22:00:00+00:00,51,ADAPTIVE_PROTECTION_TOUCH,82.775,88.26025000000001,98.16281065727357,8125.42665215582,8663.874209313632,10.156783315194776,10.82984276164204,538.4475571578114,517.4609310809747,ROBUSTNESS_2022,7,RELATIVE_STRENGTH_ROTATION,1,0.9065833333333324,90.98,TRANSITION,TRANSITION,88.06125000000002,2022-03-16 00:00:00+00:00,82.775,2022-03-16 04:00:00+00:00,2022-03-16 05:00:00+00:00,True
FULL_ADAPTIVE_LIFECYCLE_BRAIN__PRE_PROGRESS_NON_CONFIRMATION_V1,FULL_ADAPTIVE_LIFECYCLE_BRAIN__PRE_PROGRESS_NON_CONFIRMATION_V1:UNION_FOCUS:C2,UNION_FOCUS,C2,1.0,XRP-USDT,2022-03-17 22:00:00+00:00,2022-03-17 23:00:00+00:00,2022-03-18 12:00:00+00:00,13,ADAPTIVE_PROTECTION_TOUCH,0.80175,0.7764000000000003,10326.569924267487,8279.327436781457,8017.54888920128,10.349159295976822,10.021936111501601,-261.7785475801775,-282.1496429876559,ROBUSTNESS_2022,3,MOMENTUM_BREAKOUT,1,0.0063374999999999,0.80269,TRANSITION,TRANSITION,0.7764000000000003,,,,,True
FULL_ADAPTIVE_LIFECYCLE_BRAIN__PRE_PROGRESS_NON_CONFIRMATION_V1,FULL_ADAPTIVE_LIFECYCLE_BRAIN__PRE_PROGRESS_NON_CONFIRMATION_V1:UNION_FOCUS:C2,UNION_FOCUS,C2,1.0,ATOM-USDT,2022-03-16 16:00:00+00:00,2022-03-16 17:00:00+00:00,2022-03-18 17:00:00+00:00,48,ADAPTIVE_STAGNATION_48H_CLOSE_NOT_ABOVE_ENTRY,28.1183,27.5612,289.9431596173287,8152.708745067934,7991.18141084512,10.190885931334916,9.9889767635564,-161.5273342228138,-181.70719691770512,ROBUSTNESS_2022,6,MOMENTUM_BREAKOUT,1,0.4099500000000002,29.0961,TRANSITION,TRANSITION,26.4785,2022-03-17 00:00:00+00:00,28.1183,2022-03-18 04:00:00+00:00,2022-03-18 05:00:00+00:00,True
FULL_ADAPTIVE_LIFECYCLE_BRAIN__PRE_PROGRESS_NON_CONFIRMATION_V1,FULL_ADAPTIVE_LIFECYCLE_BRAIN__PRE_PROGRESS_NON_CONFIRMATION_V1:UNION_FOCUS:C2,UNION_FOCUS,C2,1.0,ETH-USDT,2022-03-16 03:00:00+00:00,2022-03-16 04:00:00+00:00,2022-03-19 23:00:00+00:00,91,ADAPTIVE_PROTECTION_TOUCH,2690.73,2902.6099999999997,3.0289561025744014,8150.103053880019,8791.878272893482,10.187628817350024,10.989847841116854,641.7752190134634,620.5977423549964,ROBUSTNESS_2022,2,MOMENTUM_BREAKOUT,1,28.34333333333336,2987.64,TRANSITION,RISK_ON,2902.6099999999997,2022-03-16 16:00:00+00:00,2703.72,,,True
FULL_ADAPTIVE_LIFECYCLE_BRAIN__PRE_PROGRESS_NON_CONFIRMATION_V1,FULL_ADAPTIVE_LIFECYCLE_BRAIN__PRE_PROGRESS_NON_CONFIRMATION_V1:UNION_FOCUS:C2,UNION_FOCUS,C2,1.0,AVAX-USDT,2022-03-18 17:00:00+00:00,2022-03-18 18:00:00+00:00,2022-03-20 01:00:00+00:00,31,ADAPTIVE_PROTECTION_TOUCH,84.394,88.48275,97.94984835744526,8266.379502278236,8666.871944749739,10.332974377847796,10.833589930937174,400.4924424715027,379.32587816271774,ROBUSTNESS_2022,4,MOMENTUM_BREAKOUT,1,1.2894166666666678,92.351,TRANSITION,RISK_ON,88.48275,2022-03-19 00:00:00+00:00,84.394,,,True
FULL_ADAPTIVE_LIFECYCLE_BRAIN__PRE_PROGRESS_NON_CONFIRMATION_V1,FULL_ADAPTIVE_LIFECYCLE_BRAIN__PRE_PROGRESS_NON_CONFIRMATION_V1:UNION_FOCUS:C2,UNION_FOCUS,C2,1.0,ATOM-USDT,2022-03-19 02:00:00+00:00,2022-03-19 03:00:00+00:00,2022-03-20 13:00:00+00:00,34,ADAPTIVE_PROTECTION_TOUCH,29.3003,28.015166666666666,283.54054649408835,8307.823074440737,7943.435666789634,10.384778843050922,9.929294583487042,-364.3874076511038,-384.70148107764174,ROBUSTNESS_2022,6,MOMENTUM_BREAKOUT,1,0.3212833333333334,29.4215,TRANSITION,RISK_ON,28.015166666666666,,,,,True
FULL_ADAPTIVE_LIFECYCLE_BRAIN__PRE_PROGRESS_NON_CONFIRMATION_V1,FULL_ADAPTIVE_LIFECYCLE_BRAIN__PRE_PROGRESS_NON_CONFIRMATION_V1:UNION_FOCUS:C2,UNION_FOCUS,C2,1.0,XRP-USDT,2022-03-19 06:00:00+00:00,2022-03-19 07:00:00+00:00,2022-03-20 18:00:00+00:00,35,ADAPTIVE_PROTECTION_TOUCH,0.8201,0.7996183333333337,10107.126225772092,8288.854217755694,8081.843427441507,10.361067772194618,10.102304284301884,-207.01079031418703,-227.47416237068353,ROBUSTNESS_2022,3,MOMENTUM_BREAKOUT,1,0.0051204166666666,0.82683,TRANSITION,RISK_ON,0.7996183333333337,2022-03-19 20:00:00+00:00,0.82062,2022-03-20 00:00:00+00:00,2022-03-20 01:00:00+00:00,True
FULL_ADAPTIVE_LIFECYCLE_BRAIN__PRE_PROGRESS_NON_CONFIRMATION_V1,FULL_ADAPTIVE_LIFECYCLE_BRAIN__PRE_PROGRESS_NON_CONFIRMATION_V1:UNION_FOCUS:C2,UNION_FOCUS,C2,1.0,XRP-USDT,2022-03-21 17:00:00+00:00,2022-03-21 18:00:00+00:00,2022-03-22 00:00:00+00:00,6,ADAPTIVE_PROTECTION_TOUCH,0.81025,0.8332350000000001,10154.554404625327,8227.727706347672,8461.130139337985,10.28465963293459,10.576412674172483,233.40243299031317,212.5413606832061,ROBUSTNESS_2022,3,RELATIVE_STRENGTH_ROTATION,1,0.007155,0.8547,TRANSITION,TRANSITION,0.8332350000000001,,,,,True
FULL_ADAPTIVE_LIFECYCLE_BRAIN__PRE_PROGRESS_NON_CONFIRMATION_V1,FULL_ADAPTIVE_LIFECYCLE_BRAIN__PRE_PROGRESS_NON_CONFIRMATION_V1:UNION_FOCUS:C2,UNION_FOCUS,C2,1.0,BTC-USDT,2022-03-16 11:00:00+00:00,2022-03-16 12:00:00+00:00,2022-03-23 12:00:00+00:00,168,MAX_HOLD_168H,40309.0,42157.1,0.20186660263138523,8137.040885468507,8510.11055379157,10.171301106835635,10.637638192239462,373.0696683230626,352.2607290239875,ROBUSTNESS_2022,1,RELATIVE_STRENGTH_ROTATION,1,551.1625,43343.0,TRANSITION,RISK_ON,41138.35,2022-03-16 16:00:00+00:00,40309.0,,,True
FULL_ADAPTIVE_LIFECYCLE_BRAIN__PRE_PROGRESS_NON_CONFIRMATION_V1,FULL_ADAPTIVE_LIFECYCLE_BRAIN__PRE_PROGRESS_NON_CONFIRMATION_V1:UNION_FOCUS:C2,UNION_FOCUS,C2,1.0,SOL-USDT,2022-03-23 14:00:00+00:00,2022-03-23 15:00:00+00:00,2022-03-25 16:00:00+00:00,49,ADAPTIVE_PROTECTION_TOUCH,92.255,100.59416666666667,178.0467887246101,16425.706493788904,17910.46833942822,20.532133117236132,22.388085424285272,1484.7618456393138,1441.8416270977925,ROBUSTNESS_2022,6,RELATIVE_STRENGTH_ROTATION,1,1.0557083333333324,104.817,RISK_ON,RISK_ON,100.59416666666667,2022-03-23 20:00:00+00:00,92.255,,,True
FULL_ADAPTIVE_LIFECYCLE_BRAIN__PRE_PROGRESS_NON_CONFIRMATION_V1,FULL_ADAPTIVE_LIFECYCLE_BRAIN__PRE_PROGRESS_NON_CONFIRMATION_V1:UNION_FOCUS:C2,UNION_FOCUS,C2,1.0,ATOM-USDT,2022-03-25 01:00:00+00:00,2022-03-25 02:00:00+00:00,2022-03-25 17:00:00+00:00,15,ADAPTIVE_PROTECTION_TOUCH,29.7461,28.084120833333333,536.7416383701693,15965.970449122891,15073.917028269138,19.957463061403615,18.842396285336424,-892.0534208537538,-930.8532802004938,ROBUSTNESS_2022,5,MOMENTUM_BREAKOUT,1,0.3323958333333333,30.01,RISK_ON,RISK_ON,28.084120833333333,,,,,True
FULL_ADAPTIVE_LIFECYCLE_BRAIN__PRE_PROGRESS_NON_CONFIRMATION_V1,FULL_ADAPTIVE_LIFECYCLE_BRAIN__PRE_PROGRESS_NON_CONFIRMATION_V1:UNION_FOCUS:C2,UNION_FOCUS,C2,1.0,XRP-USDT,2022-03-22 22:00:00+00:00,2022-03-22 23:00:00+00:00,2022-03-25 23:00:00+00:00,72,ADAPTIVE_STAGNATION_72H_CLOSE_NOT_ABOVE_ENTRY,0.84181,0.82818,19687.570866538616,16573.19403116087,16304.852440249952,20.716492538951087,20.38106555031244,-268.34159091091897,-309.4391490001825,ROBUSTNESS_2022,3,RELATIVE_STRENGTH_ROTATION,1,0.0080458333333333,0.84997,RISK_ON,RISK_ON,0.8015808333333334,,,,,True
FULL_ADAPTIVE_LIFECYCLE_BRAIN__PRE_PROGRESS_NON_CONFIRMATION_V1,FULL_ADAPTIVE_LIFECYCLE_BRAIN__PRE_PROGRESS_NON_CONFIRMATION_V1:UNION_FOCUS:C2,UNION_FOCUS,C2,1.0,XRP-USDT,2022-03-27 22:00:00+00:00,2022-03-27 23:00:00+00:00,2022-03-28 15:00:00+00:00,16,ADAPTIVE_PROTECTION_TOUCH,0.85244,0.8832066666666668,19996.14228197531,17045.511526847033,17660.72617105581,21.306889408558792,22.07590771381976,615.214644208776,571.8318470863974,ROBUSTNESS_2022,3,MOMENTUM_BREAKOUT,1,0.0050908333333333,0.90357,RISK_ON,RISK_ON,0.8575366666666668,2022-03-28 04:00:00+00:00,0.85244,,,True
FULL_ADAPTIVE_LIFECYCLE_BRAIN__PRE_PROGRESS_NON_CONFIRMATION_V1,FULL_ADAPTIVE_LIFECYCLE_BRAIN__PRE_PROGRESS_NON_CONFIRMATION_V1:UNION_FOCUS:C2,UNION_FOCUS,C2,1.0,AVAX-USDT,2022-03-27 22:00:00+00:00,2022-03-27 23:00:00+00:00,2022-03-28 17:00:00+00:00,18,ADAPTIVE_PROTECTION_TOUCH,88.276,91.97816666666667,193.04993754535195,17041.67628675349,17756.379330535972,21.30209535844186,22.195474163169965,714.7030437824833,671.2054742608715,ROBUSTNESS_2022,4,MOMENTUM_BREAKOUT,1,0.724708333333331,94.877,RISK_ON,RISK_ON,90.96016666666667,2022-03-28 04:00:00+00:00,88.276,,,True
FULL_ADAPTIVE_LIFECYCLE_BRAIN__PRE_PROGRESS_NON_CONFIRMATION_V1,FULL_ADAPTIVE_LIFECYCLE_BRAIN__PRE_PROGRESS_NON_CONFIRMATION_V1:UNION_FOCUS:C2,UNION_FOCUS,C2,1.0,SOL-USDT,2022-03-28 00:00:00+00:00,2022-03-28 01:00:00+00:00,2022-03-28 17:00:00+00:00,16,ADAPTIVE_PROTECTION_TOUCH,107.05,109.75200000000001,139.7141833525834,14956.403327894053,15333.911051312734,18.695504159867568,19.167388814140917,377.50772341868105,339.64483044467255,ROBUSTNESS_2022,5,MOMENTUM_BREAKOUT,1,1.07725,114.061,RISK_ON,RISK_ON,109.75200000000001,2022-03-28 08:00:00+00:00,107.05,,,True
FULL_ADAPTIVE_LIFECYCLE_BRAIN__PRE_PROGRESS_NON_CONFIRMATION_V1,FULL_ADAPTIVE_LIFECYCLE_BRAIN__PRE_PROGRESS_NON_CONFIRMATION_V1:UNION_FOCUS:C2,UNION_FOCUS,C2,1.0,AVAX-USDT,2022-03-28 19:00:00+00:00,2022-03-28 20:00:00+00:00,2022-03-29 00:00:00+00:00,4,ADAPTIVE_PROTECTION_TOUCH,96.219,89.23733333333332,183.13567798117577,17621.13179967075,16342.539541232174,22.02641474958844,20.428174426540217,-1278.5922584385771,-1321.0468476147057,ROBUSTNESS_2022,4,MOMENTUM_BREAKOUT,1,1.3963333333333328,96.219,RISK_ON,RISK_ON,89.23733333333332,,,,,True
FULL_ADAPTIVE_LIFECYCLE_BRAIN__PRE_PROGRESS_NON_CONFIRMATION_V1,FULL_ADAPTIVE_LIFECYCLE_BRAIN__PRE_PROGRESS_NON_CONFIRMATION_V1:UNION_FOCUS:C2,UNION_FOCUS,C2,1.0,ETH-USDT,2022-03-22 04:00:00+00:00,2022-03-22 05:00:00+00:00,2022-03-29 00:00:00+00:00,163,ADAPTIVE_PROTECTION_TOUCH,3007.11,3312.3683333333333,5.502515347699225,16546.668927219816,18226.35759139957,20.683336159024773,22.782946989249464,1679.6886641797537,1636.2223810314795,ROBUSTNESS_2022,2,MOMENTUM_BREAKOUT,1,29.407916666666665,3430.0,RISK_ON,RISK_ON,3312.3683333333333,2022-03-22 12:00:00+00:00,3007.11,2022-03-22 16:00:00+00:00,2022-03-22 17:00:00+00:00,True
FULL_ADAPTIVE_LIFECYCLE_BRAIN__PRE_PROGRESS_NON_CONFIRMATION_V1,FULL_ADAPTIVE_LIFECYCLE_BRAIN__PRE_PROGRESS_NON_CONFIRMATION_V1:UNION_FOCUS:C2,UNION_FOCUS,C2,1.0,XRP-USDT,2022-03-28 14:00:00+00:00,2022-03-28 15:00:00+00:00,2022-03-29 00:00:00+00:00,9,ADAPTIVE_PROTECTION_TOUCH,0.89337,0.8572137500000006,19441.94727611518,17368.85243806302,16665.90453186099,21.711065547578773,20.83238066482624,-702.9479062020291,-745.4913524144341,ROBUSTNESS_2022,3,MOMENTUM_BREAKOUT,1,0.0072312499999999,0.91202,RISK_ON,RISK_ON,0.8572137500000006,2022-03-28 20:00:00+00:00,0.89337,,,True
FULL_ADAPTIVE_LIFECYCLE_BRAIN__PRE_PROGRESS_NON_CONFIRMATION_V1,FULL_ADAPTIVE_LIFECYCLE_BRAIN__PRE_PROGRESS_NON_CONFIRMATION_V1:UNION_FOCUS:C2,UNION_FOCUS,C2,1.0,ETH-USDT,2022-03-29 00:00:00+00:00,2022-03-29 01:00:00+00:00,2022-03-29 23:00:00+00:00,22,ADAPTIVE_PROTECTION_TOUCH,3333.69,3355.6416666666664,5.054756722258893,16850.99193742725,16961.952272075367,21.063739921784062,21.20244034009421,110.96033464811626,68.69415438623798,ROBUSTNESS_2022,2,RELATIVE_STRENGTH_ROTATION,1,31.57208333333332,3481.93,RISK_ON,RISK_ON,3355.6416666666664,2022-03-29 08:00:00+00:00,3333.69,,,True
FULL_ADAPTIVE_LIFECYCLE_BRAIN__PRE_PROGRESS_NON_CONFIRMATION_V1,FULL_ADAPTIVE_LIFECYCLE_BRAIN__PRE_PROGRESS_NON_CONFIRMATION_V1:UNION_FOCUS:C2,UNION_FOCUS,C2,1.0,BTC-USDT,2022-03-24 15:00:00+00:00,2022-03-24 16:00:00+00:00,2022-03-30 02:00:00+00:00,130,ADAPTIVE_PROTECTION_TOUCH,43580.3,46867.23333333334,0.3873271988290035,16879.835523127622,18152.9542038653,21.099794403909527,22.69119275483163,1273.1186807376798,1229.3276935789386,ROBUSTNESS_2022,1,MOMENTUM_BREAKOUT,1,331.9916666666659,48195.2,RISK_ON,RISK_ON,46867.23333333334,2022-03-24 20:00:00+00:00,43580.3,,,True
FULL_ADAPTIVE_LIFECYCLE_BRAIN__PRE_PROGRESS_NON_CONFIRMATION_V1,FULL_ADAPTIVE_LIFECYCLE_BRAIN__PRE_PROGRESS_NON_CONFIRMATION_V1:UNION_FOCUS:C2,UNION_FOCUS,C2,1.0,AVAX-USDT,2022-03-29 03:00:00+00:00,2022-03-29 04:00:00+00:00,2022-03-31 15:00:00+00:00,59,ADAPTIVE_PROTECTION_TOUCH,93.683,96.78925,181.36672204261703,16990.97862111849,17554.349001463368,21.238723276398115,21.94293625182921,563.370380344877,520.1887208166497,ROBUSTNESS_2022,4,RELATIVE_STRENGTH_ROTATION,1,1.727583333333334,101.972,RISK_ON,TRANSITION,96.78925,2022-03-30 16:00:00+00:00,96.405,2022-03-30 20:00:00+00:00,2022-03-30 21:00:00+00:00,True
FULL_ADAPTIVE_LIFECYCLE_BRAIN__PRE_PROGRESS_NON_CONFIRMATION_V1,FULL_ADAPTIVE_LIFECYCLE_BRAIN__PRE_PROGRESS_NON_CONFIRMATION_V1:UNION_FOCUS:C2,UNION_FOCUS,C2,1.0,SOL-USDT,2022-03-28 21:00:00+00:00,2022-03-28 22:00:00+00:00,2022-03-31 15:00:00+00:00,65,ADAPTIVE_PROTECTION_TOUCH,112.759,122.8215,136.77643076197722,15422.773556289789,16799.086390832184,19.278466945362236,20.99885798854023,1376.3128345423956,1336.0355096084932,ROBUSTNESS_2022,5,RELATIVE_STRENGTH_ROTATION,1,2.059500000000001,129.0,RISK_ON,TRANSITION,121.8135,2022-03-29 12:00:00+00:00,112.759,2022-03-29 16:00:00+00:00,2022-03-29 17:00:00+00:00,True
FULL_ADAPTIVE_LIFECYCLE_BRAIN__PRE_PROGRESS_NON_CONFIRMATION_V1,FULL_ADAPTIVE_LIFECYCLE_BRAIN__PRE_PROGRESS_NON_CONFIRMATION_V1:UNION_FOCUS:C2,UNION_FOCUS,C2,1.0,ETH-USDT,2022-03-30 01:00:00+00:00,2022-03-30 02:00:00+00:00,2022-04-01 02:00:00+00:00,48,ADAPTIVE_STAGNATION_48H_CLOSE_NOT_ABOVE_ENTRY,3372.9,3300.33,4.99854448297846,16859.590686638046,16496.8463135083,21.074488358297558,20.621057891885375,-362.74437312974624,-404.43991937992917,ROBUSTNESS_2022,2,RELATIVE_STRENGTH_ROTATION,1,34.56041666666658,3447.29,RISK_ON,TRANSITION,3234.6583333333338,2022-03-30 08:00:00+00:00,3372.9,2022-03-31 16:00:00+00:00,2022-03-31 17:00:00+00:00,True
FULL_ADAPTIVE_LIFECYCLE_BRAIN__PRE_PROGRESS_NON_CONFIRMATION_V1,FULL_ADAPTIVE_LIFECYCLE_BRAIN__PRE_PROGRESS_NON_CONFIRMATION_V1:UNION_FOCUS:C2,UNION_FOCUS,C2,1.0,AVAX-USDT,2022-04-02 13:00:00+00:00,2022-04-02 14:00:00+00:00,2022-04-03 00:00:00+00:00,10,ADAPTIVE_PROTECTION_TOUCH,102.692,96.12183333333331,84.56386509044997,8684.032433868488,8128.433746246715,10.85504054233561,10.160542182808394,-555.598687621773,-576.614270346917,ROBUSTNESS_2022,4,MOMENTUM_BREAKOUT,1,1.6425416666666692,103.626,TRANSITION,TRANSITION,96.12183333333331,,,,,True
FULL_ADAPTIVE_LIFECYCLE_BRAIN__PRE_PROGRESS_NON_CONFIRMATION_V1,FULL_ADAPTIVE_LIFECYCLE_BRAIN__PRE_PROGRESS_NON_CONFIRMATION_V1:UNION_FOCUS:C2,UNION_FOCUS,C2,1.0,ETH-USDT,2022-04-01 18:00:00+00:00,2022-04-01 19:00:00+00:00,2022-04-04 16:00:00+00:00,69,ADAPTIVE_STAGNATION_48H_CLOSE_NOT_ABOVE_ENTRY,3468.69,3447.79,2.495348850914756,8655.591605679505,8603.438814695386,10.819489507099382,10.754298518369232,-52.15279098411884,-73.72657900958745,ROBUSTNESS_2022,2,MOMENTUM_BREAKOUT,1,32.68333333333334,3580.28,TRANSITION,TRANSITION,3337.956666666667,2022-04-02 04:00:00+00:00,3472.28,2022-04-02 16:00:00+00:00,2022-04-02 17:00:00+00:00,True
FULL_ADAPTIVE_LIFECYCLE_BRAIN__PRE_PROGRESS_NON_CONFIRMATION_V1,FULL_ADAPTIVE_LIFECYCLE_BRAIN__PRE_PROGRESS_NON_CONFIRMATION_V1:UNION_FOCUS:C2,UNION_FOCUS,C2,1.0,SOL-USDT,2022-04-01 15:00:00+00:00,2022-04-01 16:00:00+00:00,2022-04-04 16:00:00+00:00,72,ADAPTIVE_STAGNATION_48H_CLOSE_NOT_ABOVE_ENTRY,132.627,131.428,65.1469189585272,8640.240420712587,8562.129264881312,10.800300525890734,10.70266158110164,-78.11115583127503,-99.6141179382674,ROBUSTNESS_2022,5,MOMENTUM_BREAKOUT,1,3.267541666666668,143.504,TRANSITION,TRANSITION,119.55683333333334,2022-04-01 20:00:00+00:00,132.627,2022-04-03 00:00:00+00:00,2022-04-03 01:00:00+00:00,True
FULL_ADAPTIVE_LIFECYCLE_BRAIN__PRE_PROGRESS_NON_CONFIRMATION_V1,FULL_ADAPTIVE_LIFECYCLE_BRAIN__PRE_PROGRESS_NON_CONFIRMATION_V1:UNION_FOCUS:C2,UNION_FOCUS,C2,1.0,ATOM-USDT,2022-04-02 19:00:00+00:00,2022-04-02 20:00:00+00:00,2022-04-04 20:00:00+00:00,48,ADAPTIVE_STAGNATION_48H_CLOSE_NOT_ABOVE_ENTRY,31.724,30.6255,271.1087868284607,8600.655153346088,8302.842151015024,10.75081894168261,10.37855268876878,-297.8130023310641,-318.9423739615155,ROBUSTNESS_2022,7,MOMENTUM_BREAKOUT,1,0.4319375000000003,33.266,TRANSITION,TRANSITION,29.99625,,,,,True
FULL_ADAPTIVE_LIFECYCLE_BRAIN__PRE_PROGRESS_NON_CONFIRMATION_V1,FULL_ADAPTIVE_LIFECYCLE_BRAIN__PRE_PROGRESS_NON_CONFIRMATION_V1:UNION_FOCUS:C2,UNION_FOCUS,C2,1.0,ATOM-USDT,2022-04-05 12:00:00+00:00,2022-04-05 13:00:00+00:00,2022-04-06 01:00:00+00:00,12,ADAPTIVE_PROTECTION_TOUCH,30.5316,28.778250000000003,559.821883924316,17092.257831223647,16110.69413104495,21.36532228902956,20.138367663806186,-981.5637001786981,-1023.0673901315339,ROBUSTNESS_2022,8,RELATIVE_STRENGTH_ROTATION,1,0.4383374999999995,31.2167,RISK_ON,TRANSITION,28.778250000000003,,,,,True
FULL_ADAPTIVE_LIFECYCLE_BRAIN__PRE_PROGRESS_NON_CONFIRMATION_V1,FULL_ADAPTIVE_LIFECYCLE_BRAIN__PRE_PROGRESS_NON_CONFIRMATION_V1:UNION_FOCUS:C2,UNION_FOCUS,C2,1.0,BTC-USDT,2022-04-05 19:00:00+00:00,2022-04-05 20:00:00+00:00,2022-04-06 01:00:00+00:00,5,ADAPTIVE_PROTECTION_TOUCH,45896.1,44610.5,0.3701711560203621,16989.41239382614,16513.520355646364,21.236765492282675,20.641900444557955,-475.89203817977614,-517.7707041166168,ROBUSTNESS_2022,1,RELATIVE_STRENGTH_ROTATION,1,321.3999999999993,46108.9,RISK_ON,TRANSITION,44610.5,,,,,True
FULL_ADAPTIVE_LIFECYCLE_BRAIN__PRE_PROGRESS_NON_CONFIRMATION_V1,FULL_ADAPTIVE_LIFECYCLE_BRAIN__PRE_PROGRESS_NON_CONFIRMATION_V1:UNION_FOCUS:C2,UNION_FOCUS,C2,1.0,ETH-USDT,2022-04-05 10:00:00+00:00,2022-04-05 11:00:00+00:00,2022-04-06 01:00:00+00:00,14,ADAPTIVE_PROTECTION_TOUCH,3508.97,3388.0416666666665,2.4349138522129063,8544.039659999522,8249.58958604117,10.680049574999403,10.311986982551462,-294.45007395835273,-315.4421105159036,ROBUSTNESS_2022,2,RELATIVE_STRENGTH_ROTATION,1,30.23208333333334,3554.74,TRANSITION,TRANSITION,3388.0416666666665,,,,,True
FULL_ADAPTIVE_LIFECYCLE_BRAIN__PRE_PROGRESS_NON_CONFIRMATION_V1,FULL_ADAPTIVE_LIFECYCLE_BRAIN__PRE_PROGRESS_NON_CONFIRMATION_V1:UNION_FOCUS:C2,UNION_FOCUS,C2,1.0,XRP-USDT,2022-04-14 23:00:00+00:00,2022-04-15 00:00:00+00:00,2022-04-15 06:00:00+00:00,6,ADAPTIVE_PROTECTION_TOUCH,0.72382,0.7752325000000001,11573.284023059265,8376.974441570757,8971.985906406293,10.471218051963447,11.214982383007866,595.0114648355357,573.3252644005644,ROBUSTNESS_2022,3,RELATIVE_STRENGTH_ROTATION,1,0.0074558333333333,0.7976,TRANSITION,TRANSITION,0.7685525000000001,2022-04-15 04:00:00+00:00,0.72382,,,True
FULL_ADAPTIVE_LIFECYCLE_BRAIN__PRE_PROGRESS_NON_CONFIRMATION_V1,FULL_ADAPTIVE_LIFECYCLE_BRAIN__PRE_PROGRESS_NON_CONFIRMATION_V1:UNION_FOCUS:C2,UNION_FOCUS,C2,1.0,JASMY-USDT,2022-04-18 20:00:00+00:00,2022-04-18 21:00:00+00:00,2022-04-19 10:00:00+00:00,13,ADAPTIVE_PROTECTION_TOUCH,0.01799,0.019052500000000097,468502.9537237654,8428.368137490539,8926.152525822086,10.535460171863175,11.157690657277609,497.78438833154723,476.09123750240644,ROBUSTNESS_2022,7,RELATIVE_STRENGTH_ROTATION,1,0.0004158333333333,0.0203,TRANSITION,TRANSITION,0.019052500000000097,2022-04-19 04:00:00+00:00,0.01799,,,True
FULL_ADAPTIVE_LIFECYCLE_BRAIN__PRE_PROGRESS_NON_CONFIRMATION_V1,FULL_ADAPTIVE_LIFECYCLE_BRAIN__PRE_PROGRESS_NON_CONFIRMATION_V1:UNION_FOCUS:C2,UNION_FOCUS,C2,1.0,JASMY-USDT,2022-04-19 18:00:00+00:00,2022-04-19 19:00:00+00:00,2022-04-20 01:00:00+00:00,6,ADAPTIVE_PROTECTION_TOUCH,0.02097,0.0221475,404610.37323144486,8484.679526663398,8961.108241143425,10.605849408329247,11.201385301429282,476.42871448002734,454.6214797702688,ROBUSTNESS_2022,7,MOMENTUM_BREAKOUT|RELATIVE_STRENGTH_ROTATION,2,0.0005675,0.02385,TRANSITION,TRANSITION,0.0217975,2022-04-20 00:00:00+00:00,0.02097,,,True
FULL_ADAPTIVE_LIFECYCLE_BRAIN__PRE_PROGRESS_NON_CONFIRMATION_V1,FULL_ADAPTIVE_LIFECYCLE_BRAIN__PRE_PROGRESS_NON_CONFIRMATION_V1:UNION_FOCUS:C2,UNION_FOCUS,C2,1.0,AVAX-USDT,2022-04-19 12:00:00+00:00,2022-04-19 13:00:00+00:00,2022-04-20 14:00:00+00:00,25,ADAPTIVE_PROTECTION_TOUCH,78.166,78.995125,108.37197290178105,8471.003633840617,8560.857545872806,10.588754542300771,10.701071932341009,89.85391203218933,68.56408555754754,ROBUSTNESS_2022,5,RELATIVE_STRENGTH_ROTATION,1,0.7676250000000007,81.298,TRANSITION,TRANSITION,75.09549999999999,2022-04-19 20:00:00+00:00,78.166,,,True
FULL_ADAPTIVE_LIFECYCLE_BRAIN__PRE_PROGRESS_NON_CONFIRMATION_V1,FULL_ADAPTIVE_LIFECYCLE_BRAIN__PRE_PROGRESS_NON_CONFIRMATION_V1:UNION_FOCUS:C2,UNION_FOCUS,C2,1.0,BTC-USDT,2022-04-18 19:00:00+00:00,2022-04-18 20:00:00+00:00,2022-04-20 16:00:00+00:00,44,ADAPTIVE_PROTECTION_TOUCH,40654.0,41183.9,0.20732458590462952,8428.573715366809,8538.435013437671,10.535717144208512,10.67304376679709,109.86129807086218,88.65253715985656,ROBUSTNESS_2022,1,RELATIVE_STRENGTH_ROTATION,1,345.0,42218.9,TRANSITION,TRANSITION,41183.9,2022-04-19 00:00:00+00:00,40654.0,,,True
FULL_ADAPTIVE_LIFECYCLE_BRAIN__PRE_PROGRESS_NON_CONFIRMATION_V1,FULL_ADAPTIVE_LIFECYCLE_BRAIN__PRE_PROGRESS_NON_CONFIRMATION_V1:UNION_FOCUS:C2,UNION_FOCUS,C2,1.0,ETH-USDT,2022-04-19 15:00:00+00:00,2022-04-19 16:00:00+00:00,2022-04-21 17:00:00+00:00,49,ADAPTIVE_STAGNATION_48H_CLOSE_NOT_ABOVE_ENTRY,3112.75,3104.76,2.7330470362297867,8507.292162024269,8485.455116204794,10.634115202530337,10.606818895255993,-21.83704581947495,-43.07797991726128,ROBUSTNESS_2022,2,MOMENTUM_BREAKOUT,1,27.231250000000028,3178.8,TRANSITION,TRANSITION,3003.825,2022-04-20 12:00:00+00:00,3125.29,2022-04-20 16:00:00+00:00,2022-04-20 17:00:00+00:00,True
FULL_ADAPTIVE_LIFECYCLE_BRAIN__PRE_PROGRESS_NON_CONFIRMATION_V1,FULL_ADAPTIVE_LIFECYCLE_BRAIN__PRE_PROGRESS_NON_CONFIRMATION_V1:UNION_FOCUS:C2,UNION_FOCUS,C2,1.0,SOL-USDT,2022-04-19 14:00:00+00:00,2022-04-19 15:00:00+00:00,2022-04-21 19:00:00+00:00,52,ADAPTIVE_STAGNATION_48H_CLOSE_NOT_ABOVE_ENTRY,106.397,106.174,79.88695538935742,8499.732392561462,8481.917601509636,10.624665490701828,10.602397001887045,-17.814791051825523,-39.041853544414394,ROBUSTNESS_2022,3,MOMENTUM_BREAKOUT|RELATIVE_STRENGTH_ROTATION,2,1.2755000000000003,110.974,TRANSITION,TRANSITION,101.295,2022-04-19 20:00:00+00:00,106.397,2022-04-20 16:00:00+00:00,2022-04-20 17:00:00+00:00,True
FULL_ADAPTIVE_LIFECYCLE_BRAIN__PRE_PROGRESS_NON_CONFIRMATION_V1,FULL_ADAPTIVE_LIFECYCLE_BRAIN__PRE_PROGRESS_NON_CONFIRMATION_V1:UNION_FOCUS:C2,UNION_FOCUS,C2,1.0,BTC-USDT,2022-04-21 11:00:00+00:00,2022-04-21 12:00:00+00:00,2022-04-21 21:00:00+00:00,9,ADAPTIVE_PROTECTION_TOUCH,42255.4,40960.88333333333,0.2028582750138705,8571.857554021104,8309.254136044397,10.714821942526381,10.386567670055497,-262.6034179767066,-283.7048075892885,ROBUSTNESS_2022,1,MOMENTUM_BREAKOUT,1,323.6291666666675,43020.0,TRANSITION,TRANSITION,40960.88333333333,,,,,True
FULL_ADAPTIVE_LIFECYCLE_BRAIN__PRE_PROGRESS_NON_CONFIRMATION_V1,FULL_ADAPTIVE_LIFECYCLE_BRAIN__PRE_PROGRESS_NON_CONFIRMATION_V1:UNION_FOCUS:C2,UNION_FOCUS,C2,1.0,JASMY-USDT,2022-04-20 10:00:00+00:00,2022-04-20 11:00:00+00:00,2022-04-21 22:00:00+00:00,35,ADAPTIVE_STAGNATION_24H_CLOSE_NOT_ABOVE_ENTRY,0.02503,0.02308,341780.8444544243,8554.77453669424,7888.301890008112,10.693468170867801,9.86037736251014,-666.4726466861275,-687.0264922195055,ROBUSTNESS_2022,7,MOMENTUM_BREAKOUT,1,0.0008837499999999,0.02845,TRANSITION,RISK_OFF,0.0214950000000004,2022-04-21 04:00:00+00:00,0.02684,2022-04-21 08:00:00+00:00,2022-04-21 09:00:00+00:00,True
FULL_ADAPTIVE_LIFECYCLE_BRAIN__PRE_PROGRESS_NON_CONFIRMATION_V1,FULL_ADAPTIVE_LIFECYCLE_BRAIN__PRE_PROGRESS_NON_CONFIRMATION_V1:UNION_FOCUS:C2,UNION_FOCUS,C2,1.0,ETH-USDT,2022-04-25 20:00:00+00:00,2022-04-25 21:00:00+00:00,2022-04-26 15:00:00+00:00,18,ADAPTIVE_PROTECTION_TOUCH,3012.15,2920.1287500000003,2.804209013806129,8446.698180936131,8188.651362224425,10.558372726170164,10.235814202780531,-258.0468187117067,-278.8410056406574,ROBUSTNESS_2022,2,MOMENTUM_BREAKOUT|RELATIVE_STRENGTH_ROTATION,2,30.673749999999966,3038.2,TRANSITION,TRANSITION,2920.1287500000003,,,,,True
FULL_ADAPTIVE_LIFECYCLE_BRAIN__PRE_PROGRESS_NON_CONFIRMATION_V1,FULL_ADAPTIVE_LIFECYCLE_BRAIN__PRE_PROGRESS_NON_CONFIRMATION_V1:UNION_FOCUS:C2,UNION_FOCUS,C2,1.0,JASMY-USDT,2022-04-26 01:00:00+00:00,2022-04-26 02:00:00+00:00,2022-04-26 15:00:00+00:00,13,ADAPTIVE_PROTECTION_TOUCH,0.02411,0.0211766666666668,350548.4534668055,8451.72321308468,7423.4477495820975,10.56465401635585,9.279309686977623,-1028.275463502583,-1048.1194272059165,ROBUSTNESS_2022,7,RELATIVE_STRENGTH_ROTATION,1,0.0007333333333333,0.02414,TRANSITION,TRANSITION,0.0211766666666668,,,,,True
FULL_ADAPTIVE_LIFECYCLE_BRAIN__PRE_PROGRESS_NON_CONFIRMATION_V1,FULL_ADAPTIVE_LIFECYCLE_BRAIN__PRE_PROGRESS_NON_CONFIRMATION_V1:UNION_FOCUS:C2,UNION_FOCUS,C2,1.0,BTC-USDT,2022-04-25 18:00:00+00:00,2022-04-25 19:00:00+00:00,2022-04-26 18:00:00+00:00,23,ADAPTIVE_PROTECTION_TOUCH,39397.0,38233.175,0.2140196145384565,8431.730753971571,8182.649376081352,10.539663442464464,10.22831172010169,-249.0813778902193,-269.8493530527855,ROBUSTNESS_2022,1,RELATIVE_STRENGTH_ROTATION,1,387.9416666666666,40800.0,TRANSITION,RISK_OFF,38233.175,2022-04-26 00:00:00+00:00,39397.0,2022-04-26 16:00:00+00:00,2022-04-26 17:00:00+00:00,True
FULL_ADAPTIVE_LIFECYCLE_BRAIN__PRE_PROGRESS_NON_CONFIRMATION_V1,FULL_ADAPTIVE_LIFECYCLE_BRAIN__PRE_PROGRESS_NON_CONFIRMATION_V1:UNION_FOCUS:C2,UNION_FOCUS,C2,1.0,SOL-USDT,2022-04-28 01:00:00+00:00,2022-04-28 02:00:00+00:00,2022-04-29 02:00:00+00:00,24,ADAPTIVE_STAGNATION_24H_CLOSE_NOT_ABOVE_ENTRY,99.032,98.538,83.69030084458186,8288.01787324063,8246.674864623406,10.360022341550787,10.308343580779258,-41.34300861722295,-62.011374539552996,ROBUSTNESS_2022,3,RELATIVE_STRENGTH_ROTATION,1,1.2401666666666675,100.546,TRANSITION,RISK_OFF,95.3115,2022-04-28 08:00:00+00:00,99.032,2022-04-28 16:00:00+00:00,2022-04-28 17:00:00+00:00,True
FULL_ADAPTIVE_LIFECYCLE_BRAIN__PRE_PROGRESS_NON_CONFIRMATION_V1,FULL_ADAPTIVE_LIFECYCLE_BRAIN__PRE_PROGRESS_NON_CONFIRMATION_V1:UNION_FOCUS:C2,UNION_FOCUS,C2,1.0,BTC-USDT,2022-04-28 13:00:00+00:00,2022-04-28 14:00:00+00:00,2022-04-29 14:00:00+00:00,24,ADAPTIVE_STAGNATION_24H_CLOSE_NOT_ABOVE_ENTRY,39559.4,38916.5,0.20938179352085326,8283.018122608843,8148.406567554286,10.353772653261053,10.185508209442858,-134.61155505455645,-155.15083591726034,ROBUSTNESS_2022,1,RELATIVE_STRENGTH_ROTATION,1,342.22083333333376,40370.0,TRANSITION,RISK_OFF,38532.7375,2022-04-28 20:00:00+00:00,39559.4,2022-04-29 04:00:00+00:00,2022-04-29 05:00:00+00:00,True
FULL_ADAPTIVE_LIFECYCLE_BRAIN__PRE_PROGRESS_NON_CONFIRMATION_V1,FULL_ADAPTIVE_LIFECYCLE_BRAIN__PRE_PROGRESS_NON_CONFIRMATION_V1:UNION_FOCUS:C2,UNION_FOCUS,C2,1.0,AVAX-USDT,2022-05-04 12:00:00+00:00,2022-05-04 13:00:00+00:00,2022-05-05 07:00:00+00:00,18,ADAPTIVE_PROTECTION_TOUCH,61.791,66.954625,133.62485865686983,8256.813641266643,8946.802302048722,10.321017051583304,11.183502877560903,689.988660782079,668.4841408529347,ROBUSTNESS_2022,8,RELATIVE_STRENGTH_ROTATION,1,0.8354583333333334,69.461,TRANSITION,TRANSITION,66.954625,2022-05-04 20:00:00+00:00,61.791,,,True
FULL_ADAPTIVE_LIFECYCLE_BRAIN__PRE_PROGRESS_NON_CONFIRMATION_V1,FULL_ADAPTIVE_LIFECYCLE_BRAIN__PRE_PROGRESS_NON_CONFIRMATION_V1:UNION_FOCUS:C2,UNION_FOCUS,C2,1.0,JASMY-USDT,2022-05-04 08:00:00+00:00,2022-05-04 09:00:00+00:00,2022-05-05 07:00:00+00:00,22,ADAPTIVE_PROTECTION_TOUCH,0.01942,0.0206337500000002,425771.02339338395,8268.473274299517,8785.25285394332,10.335591592874396,10.981566067429151,516.779579643804,495.4624219835005,ROBUSTNESS_2022,6,MOMENTUM_BREAKOUT,1,0.0003554166666666,0.0217,TRANSITION,TRANSITION,0.0200737500000002,2022-05-04 20:00:00+00:00,0.01942,,,True
FULL_ADAPTIVE_LIFECYCLE_BRAIN__PRE_PROGRESS_NON_CONFIRMATION_V1,FULL_ADAPTIVE_LIFECYCLE_BRAIN__PRE_PROGRESS_NON_CONFIRMATION_V1:UNION_FOCUS:C2,UNION_FOCUS,C2,1.0,XRP-USDT,2022-05-04 16:00:00+00:00,2022-05-04 17:00:00+00:00,2022-05-05 09:00:00+00:00,16,ADAPTIVE_PROTECTION_TOUCH,0.6134,0.6391775000000002,13399.604072795095,8219.31713825251,8564.725432238989,10.274146422815639,10.705906790298737,345.4082939864784,324.428240773364,ROBUSTNESS_2022,4,RELATIVE_STRENGTH_ROTATION,1,0.0061241666666666,0.65755,TRANSITION,TRANSITION,0.6391775000000002,2022-05-05 00:00:00+00:00,0.6134,,,True
FULL_ADAPTIVE_LIFECYCLE_BRAIN__PRE_PROGRESS_NON_CONFIRMATION_V1,FULL_ADAPTIVE_LIFECYCLE_BRAIN__PRE_PROGRESS_NON_CONFIRMATION_V1:UNION_FOCUS:C2,UNION_FOCUS,C2,1.0,ETH-USDT,2022-05-04 19:00:00+00:00,2022-05-04 20:00:00+00:00,2022-05-05 15:00:00+00:00,19,ADAPTIVE_PROTECTION_TOUCH,2934.6,2837.4616666666666,2.843516579861271,8344.583755260886,8068.369293887462,10.430729694076108,10.085461617359327,-276.21446137342446,-296.7306526848599,ROBUSTNESS_2022,2,MOMENTUM_BREAKOUT,1,24.28458333333328,2969.26,TRANSITION,TRANSITION,2837.4616666666666,2022-05-05 00:00:00+00:00,2934.6,2022-05-05 08:00:00+00:00,2022-05-05 09:00:00+00:00,True
FULL_ADAPTIVE_LIFECYCLE_BRAIN__PRE_PROGRESS_NON_CONFIRMATION_V1,FULL_ADAPTIVE_LIFECYCLE_BRAIN__PRE_PROGRESS_NON_CONFIRMATION_V1:UNION_FOCUS:C2,UNION_FOCUS,C2,1.0,BTC-USDT,2022-05-04 17:00:00+00:00,2022-05-04 18:00:00+00:00,2022-05-05 16:00:00+00:00,22,ADAPTIVE_PROTECTION_GAP,39193.2,38217.5,0.21034947627762993,8244.269093644405,8039.031109640322,10.305336367055506,10.048788887050403,-205.23798400408305,-225.59210925818894,ROBUSTNESS_2022,1,MOMENTUM_BREAKOUT,1,271.8125000000006,40039.0,TRANSITION,RISK_OFF,38105.95,2022-05-05 00:00:00+00:00,39193.2,,,True
FULL_ADAPTIVE_LIFECYCLE_BRAIN__PRE_PROGRESS_NON_CONFIRMATION_V1,FULL_ADAPTIVE_LIFECYCLE_BRAIN__PRE_PROGRESS_NON_CONFIRMATION_V1:UNION_FOCUS:C2,UNION_FOCUS,C2,1.0,AVAX-USDT,2022-05-15 03:00:00+00:00,2022-05-15 04:00:00+00:00,2022-05-16 05:00:00+00:00,25,ADAPTIVE_PROTECTION_GAP,32.375,34.217,257.4218125201189,8334.03118033885,8808.202159000908,10.417538975423563,11.010252698751135,474.1709786620577,452.743186987883,ROBUSTNESS_2022,8,RELATIVE_STRENGTH_ROTATION,1,1.1207083333333328,37.096,TRANSITION,RISK_OFF,33.733875,2022-05-15 08:00:00+00:00,32.375,,,True
FULL_ADAPTIVE_LIFECYCLE_BRAIN__PRE_PROGRESS_NON_CONFIRMATION_V1,FULL_ADAPTIVE_LIFECYCLE_BRAIN__PRE_PROGRESS_NON_CONFIRMATION_V1:UNION_FOCUS:C2,UNION_FOCUS,C2,1.0,SOL-USDT,2022-05-15 21:00:00+00:00,2022-05-15 22:00:00+00:00,2022-05-16 11:00:00+00:00,13,ADAPTIVE_PROTECTION_TOUCH,56.849,52.612624999999994,149.8406663923752,8518.292043740137,7883.510790652138,10.647865054675172,9.854388488315173,-634.7812530879992,-655.2835066309896,ROBUSTNESS_2022,5,MOMENTUM_BREAKOUT,1,1.4121249999999996,59.348,TRANSITION,RISK_OFF,52.612624999999994,,,,,True
FULL_ADAPTIVE_LIFECYCLE_BRAIN__PRE_PROGRESS_NON_CONFIRMATION_V1,FULL_ADAPTIVE_LIFECYCLE_BRAIN__PRE_PROGRESS_NON_CONFIRMATION_V1:UNION_FOCUS:C2,UNION_FOCUS,C2,1.0,JASMY-USDT,2022-05-15 02:00:00+00:00,2022-05-15 03:00:00+00:00,2022-05-16 16:00:00+00:00,37,ADAPTIVE_PROTECTION_TOUCH,0.00993,0.0119575,841431.8185346953,8355.417958049524,10061.420970128618,10.444272447561906,12.576776212660773,1706.0030120790943,1682.9819634188718,ROBUSTNESS_2022,6,RELATIVE_STRENGTH_ROTATION,1,0.00041125,0.01278,TRANSITION,RISK_OFF,0.0119575,2022-05-15 12:00:00+00:00,0.01007,2022-05-15 16:00:00+00:00,2022-05-15 17:00:00+00:00,True
FULL_ADAPTIVE_LIFECYCLE_BRAIN__PRE_PROGRESS_NON_CONFIRMATION_V1,FULL_ADAPTIVE_LIFECYCLE_BRAIN__PRE_PROGRESS_NON_CONFIRMATION_V1:UNION_FOCUS:C2,UNION_FOCUS,C2,1.0,JASMY-USDT,2022-05-21 17:00:00+00:00,2022-05-21 18:00:00+00:00,2022-05-22 18:00:00+00:00,24,ADAPTIVE_STAGNATION_24H_CLOSE_NOT_ABOVE_ENTRY,0.01325,0.0125,640653.4117727806,8488.657705989343,8008.1676471597575,10.610822132486678,10.010209558949697,-480.490058829585,-501.1110905210214,ROBUSTNESS_2022,7,RELATIVE_STRENGTH_ROTATION,1,0.0003416666666666,0.01378,TRANSITION,RISK_OFF,0.0122250000000002,,,,,True
FULL_ADAPTIVE_LIFECYCLE_BRAIN__PRE_PROGRESS_NON_CONFIRMATION_V1,FULL_ADAPTIVE_LIFECYCLE_BRAIN__PRE_PROGRESS_NON_CONFIRMATION_V1:UNION_FOCUS:C2,UNION_FOCUS,C2,1.0,AVAX-USDT,2022-05-22 15:00:00+00:00,2022-05-22 16:00:00+00:00,2022-05-23 20:00:00+00:00,28,ADAPTIVE_PROTECTION_TOUCH,32.349,30.595124999999996,260.88192321454756,8439.269334067398,7981.715050989484,10.549086667584247,9.977143813736856,-457.5542830779141,-478.08051355923516,ROBUSTNESS_2022,8,MOMENTUM_BREAKOUT|RELATIVE_STRENGTH_ROTATION,2,0.5846250000000001,33.062,TRANSITION,TRANSITION,30.595124999999996,,,,,True
FULL_ADAPTIVE_LIFECYCLE_BRAIN__PRE_PROGRESS_NON_CONFIRMATION_V1,FULL_ADAPTIVE_LIFECYCLE_BRAIN__PRE_PROGRESS_NON_CONFIRMATION_V1:UNION_FOCUS:C2,UNION_FOCUS,C2,1.0,ETH-USDT,2022-05-23 08:00:00+00:00,2022-05-23 09:00:00+00:00,2022-05-23 20:00:00+00:00,11,ADAPTIVE_PROTECTION_TOUCH,2066.9,2013.6575,4.089099022896763,8451.75877042532,8234.044915698738,10.56469846303165,10.292556144623422,-217.7138547265822,-238.5711093342373,ROBUSTNESS_2022,2,MOMENTUM_BREAKOUT,1,17.74750000000002,2089.29,TRANSITION,TRANSITION,2013.6575,,,,,True
FULL_ADAPTIVE_LIFECYCLE_BRAIN__PRE_PROGRESS_NON_CONFIRMATION_V1,FULL_ADAPTIVE_LIFECYCLE_BRAIN__PRE_PROGRESS_NON_CONFIRMATION_V1:UNION_FOCUS:C2,UNION_FOCUS,C2,1.0,NEAR-USDT,2022-05-23 06:00:00+00:00,2022-05-23 07:00:00+00:00,2022-05-23 23:00:00+00:00,16,ADAPTIVE_PROTECTION_TOUCH,6.2395,5.9105,1348.8646452541186,8416.240954063072,7972.464485774468,10.52030119257884,9.965580607218085,-443.7764682886045,-464.26235008840143,ROBUSTNESS_2022,5,RELATIVE_STRENGTH_ROTATION,1,0.1096666666666666,6.5314,TRANSITION,TRANSITION,5.9105,2022-05-23 12:00:00+00:00,6.2395,2022-05-23 20:00:00+00:00,2022-05-23 21:00:00+00:00,True
FULL_ADAPTIVE_LIFECYCLE_BRAIN__PRE_PROGRESS_NON_CONFIRMATION_V1,FULL_ADAPTIVE_LIFECYCLE_BRAIN__PRE_PROGRESS_NON_CONFIRMATION_V1:UNION_FOCUS:C2,UNION_FOCUS,C2,1.0,AVAX-USDT,2022-05-23 21:00:00+00:00,2022-05-23 22:00:00+00:00,2022-05-24 14:00:00+00:00,16,ADAPTIVE_PROTECTION_TOUCH,30.363,28.058249999999997,275.2447416108351,8357.256089529787,7722.8857713022135,10.446570111912234,9.653607214127767,-634.3703182275731,-654.4704955536131,ROBUSTNESS_2022,7,RELATIVE_STRENGTH_ROTATION,1,0.7682500000000004,30.493,TRANSITION,RISK_OFF,28.058249999999997,,,,,True
FULL_ADAPTIVE_LIFECYCLE_BRAIN__PRE_PROGRESS_NON_CONFIRMATION_V1,FULL_ADAPTIVE_LIFECYCLE_BRAIN__PRE_PROGRESS_NON_CONFIRMATION_V1:UNION_FOCUS:C2,UNION_FOCUS,C2,1.0,NEAR-USDT,2022-05-23 22:00:00+00:00,2022-05-23 23:00:00+00:00,2022-05-24 14:00:00+00:00,15,ADAPTIVE_PROTECTION_TOUCH,6.0117,5.628725,1385.1976241843527,8327.392557309073,7796.896497187071,10.409240696636342,9.746120621483838,-530.4960601220018,-550.6514214401219,ROBUSTNESS_2022,5,RELATIVE_STRENGTH_ROTATION,1,0.1276583333333333,6.0117,TRANSITION,RISK_OFF,5.628725,,,,,True
FULL_ADAPTIVE_LIFECYCLE_BRAIN__PRE_PROGRESS_NON_CONFIRMATION_V1,FULL_ADAPTIVE_LIFECYCLE_BRAIN__PRE_PROGRESS_NON_CONFIRMATION_V1:UNION_FOCUS:C2,UNION_FOCUS,C2,1.0,ETH-USDT,2022-05-24 11:00:00+00:00,2022-05-24 12:00:00+00:00,2022-05-24 15:00:00+00:00,3,ADAPTIVE_PROTECTION_TOUCH,1977.1,1913.4525,4.184969102939828,8274.102413422333,8007.739592442971,10.342628016777917,10.009674490553714,-266.36282097936237,-286.715123486694,ROBUSTNESS_2022,2,RELATIVE_STRENGTH_ROTATION,1,21.215833333333297,1985.29,TRANSITION,RISK_OFF,1913.4525,,,,,True
FULL_ADAPTIVE_LIFECYCLE_BRAIN__PRE_PROGRESS_NON_CONFIRMATION_V1,FULL_ADAPTIVE_LIFECYCLE_BRAIN__PRE_PROGRESS_NON_CONFIRMATION_V1:UNION_FOCUS:C2,UNION_FOCUS,C2,1.0,SOL-USDT,2022-05-24 12:00:00+00:00,2022-05-24 13:00:00+00:00,2022-05-25 13:00:00+00:00,24,ADAPTIVE_STAGNATION_24H_CLOSE_NOT_ABOVE_ENTRY,49.536,47.678,166.7282414424755,8259.050168094467,7949.269095494346,10.323812710118084,9.936586369367934,-309.78107260012075,-330.0414716796068,ROBUSTNESS_2022,4,RELATIVE_STRENGTH_ROTATION,1,0.9355833333333332,50.848,TRANSITION,RISK_OFF,46.72925,,,,,True
FULL_ADAPTIVE_LIFECYCLE_BRAIN__PRE_PROGRESS_NON_CONFIRMATION_V1,FULL_ADAPTIVE_LIFECYCLE_BRAIN__PRE_PROGRESS_NON_CONFIRMATION_V1:UNION_FOCUS:C2,UNION_FOCUS,C2,1.0,ETH-USDT,2022-05-24 22:00:00+00:00,2022-05-24 23:00:00+00:00,2022-05-25 23:00:00+00:00,24,ADAPTIVE_STAGNATION_24H_CLOSE_NOT_ABOVE_ENTRY,1983.99,1968.24,4.135480501370894,8204.75195991484,8139.618142018249,10.25593994989355,10.174522677522813,-65.1338178965907,-85.56428052400706,ROBUSTNESS_2022,2,RELATIVE_STRENGTH_ROTATION,1,21.22875000000001,2022.38,TRANSITION,RISK_OFF,1920.30375,2022-05-25 04:00:00+00:00,1983.99,2022-05-25 08:00:00+00:00,2022-05-25 09:00:00+00:00,True
FULL_ADAPTIVE_LIFECYCLE_BRAIN__PRE_PROGRESS_NON_CONFIRMATION_V1,FULL_ADAPTIVE_LIFECYCLE_BRAIN__PRE_PROGRESS_NON_CONFIRMATION_V1:UNION_FOCUS:C2,UNION_FOCUS,C2,1.0,BTC-USDT,2022-05-24 23:00:00+00:00,2022-05-25 00:00:00+00:00,2022-05-26 01:00:00+00:00,25,ADAPTIVE_STAGNATION_24H_CLOSE_NOT_ABOVE_ENTRY,29607.6,29543.6,0.2770276596586433,8202.124136109247,8184.394365891093,10.25265517013656,10.230492957363866,-17.729770218154044,-38.21291834565447,ROBUSTNESS_2022,1,RELATIVE_STRENGTH_ROTATION,1,254.620833333334,30220.6,TRANSITION,RISK_OFF,28843.737499999996,2022-05-25 04:00:00+00:00,29607.6,2022-05-25 12:00:00+00:00,2022-05-25 13:00:00+00:00,True
FULL_ADAPTIVE_LIFECYCLE_BRAIN__PRE_PROGRESS_NON_CONFIRMATION_V1,FULL_ADAPTIVE_LIFECYCLE_BRAIN__PRE_PROGRESS_NON_CONFIRMATION_V1:UNION_FOCUS:C2,UNION_FOCUS,C2,1.0,NEAR-USDT,2022-05-30 02:00:00+00:00,2022-05-30 03:00:00+00:00,2022-05-30 12:00:00+00:00,9,ADAPTIVE_PROTECTION_TOUCH,5.304,5.490925,1546.0087358311698,8200.030334848525,8489.018017793765,10.250037918560656,10.611272522242206,288.9876829452405,268.12637250443765,ROBUSTNESS_2022,7,MOMENTUM_BREAKOUT,1,0.0787583333333333,5.7272,TRANSITION,TRANSITION,5.490925,2022-05-30 08:00:00+00:00,5.304,,,True
FULL_ADAPTIVE_LIFECYCLE_BRAIN__PRE_PROGRESS_NON_CONFIRMATION_V1,FULL_ADAPTIVE_LIFECYCLE_BRAIN__PRE_PROGRESS_NON_CONFIRMATION_V1:UNION_FOCUS:C2,UNION_FOCUS,C2,1.0,AVAX-USDT,2022-05-29 09:00:00+00:00,2022-05-29 10:00:00+00:00,2022-05-30 13:00:00+00:00,27,ADAPTIVE_PROTECTION_TOUCH,25.388,26.507875,321.49702364429675,8162.166436281406,8522.202915635062,10.202708045351757,10.652753644543827,360.0364793536555,339.1810176637599,ROBUSTNESS_2022,7,RELATIVE_STRENGTH_ROTATION,1,0.6497083333333338,28.457,TRANSITION,TRANSITION,26.507875,2022-05-29 16:00:00+00:00,25.388,2022-05-29 20:00:00+00:00,2022-05-29 21:00:00+00:00,True
FULL_ADAPTIVE_LIFECYCLE_BRAIN__PRE_PROGRESS_NON_CONFIRMATION_V1,FULL_ADAPTIVE_LIFECYCLE_BRAIN__PRE_PROGRESS_NON_CONFIRMATION_V1:UNION_FOCUS:C2,UNION_FOCUS,C2,1.0,BTC-USDT,2022-05-30 02:00:00+00:00,2022-05-30 03:00:00+00:00,2022-05-30 13:00:00+00:00,10,ADAPTIVE_PROTECTION_TOUCH,29772.8,30476.462499999998,0.2755131686604254,8202.798467893113,8396.66675293563,10.253498084866392,10.495833441169536,193.8682850425157,173.1189535164798,ROBUSTNESS_2022,1,MOMENTUM_BREAKOUT,1,145.11250000000018,30911.8,TRANSITION,TRANSITION,30476.462499999998,2022-05-30 08:00:00+00:00,29772.8,,,True
FULL_ADAPTIVE_LIFECYCLE_BRAIN__PRE_PROGRESS_NON_CONFIRMATION_V1,FULL_ADAPTIVE_LIFECYCLE_BRAIN__PRE_PROGRESS_NON_CONFIRMATION_V1:UNION_FOCUS:C2,UNION_FOCUS,C2,1.0,ETH-USDT,2022-05-30 02:00:00+00:00,2022-05-30 03:00:00+00:00,2022-05-30 13:00:00+00:00,10,ADAPTIVE_PROTECTION_TOUCH,1845.51,1875.4037500000002,4.444232571519783,8201.875653065475,8334.730430500345,10.252344566331844,10.418413038125433,132.8547774348699,112.18401983041262,ROBUSTNESS_2022,2,MOMENTUM_BREAKOUT,1,14.162083333333328,1917.89,TRANSITION,TRANSITION,1875.4037500000002,2022-05-30 08:00:00+00:00,1845.51,,,True
FULL_ADAPTIVE_LIFECYCLE_BRAIN__PRE_PROGRESS_NON_CONFIRMATION_V1,FULL_ADAPTIVE_LIFECYCLE_BRAIN__PRE_PROGRESS_NON_CONFIRMATION_V1:UNION_FOCUS:C2,UNION_FOCUS,C2,1.0,NEAR-USDT,2022-05-31 01:00:00+00:00,2022-05-31 02:00:00+00:00,2022-05-31 06:00:00+00:00,4,ADAPTIVE_PROTECTION_TOUCH,6.0511,6.210487499999999,1370.5007374191066,8293.037012196755,8511.477698482142,10.366296265245944,10.639347123102677,218.44068628538662,197.435042897038,ROBUSTNESS_2022,7,MOMENTUM_BREAKOUT|RELATIVE_STRENGTH_ROTATION,2,0.1139708333333334,6.5524,TRANSITION,TRANSITION,6.210487499999999,,,,,True
FULL_ADAPTIVE_LIFECYCLE_BRAIN__PRE_PROGRESS_NON_CONFIRMATION_V1,FULL_ADAPTIVE_LIFECYCLE_BRAIN__PRE_PROGRESS_NON_CONFIRMATION_V1:UNION_FOCUS:C2,UNION_FOCUS,C2,1.0,XRP-USDT,2022-05-30 21:00:00+00:00,2022-05-30 22:00:00+00:00,2022-05-31 07:00:00+00:00,9,ADAPTIVE_PROTECTION_TOUCH,0.40869,0.42374750000000017,20221.18105979448,8264.194487327406,8568.674921135264,10.330243109159257,10.71084365141908,304.4804338078575,283.43934704727917,ROBUSTNESS_2022,3,MOMENTUM_BREAKOUT,1,0.0034841666666666,0.4342,TRANSITION,TRANSITION,0.4139475000000002,2022-05-31 04:00:00+00:00,0.40869,,,True
FULL_ADAPTIVE_LIFECYCLE_BRAIN__PRE_PROGRESS_NON_CONFIRMATION_V1,FULL_ADAPTIVE_LIFECYCLE_BRAIN__PRE_PROGRESS_NON_CONFIRMATION_V1:UNION_FOCUS:C2,UNION_FOCUS,C2,1.0,XRP-USDT,2022-05-31 06:00:00+00:00,2022-05-31 07:00:00+00:00,2022-05-31 15:00:00+00:00,8,ADAPTIVE_PROTECTION_TOUCH,0.42521,0.4075666666666668,19582.043807719274,8326.480847480312,7980.988321232788,10.40810105935039,9.976235401540984,-345.49252624752444,-365.8768627084158,ROBUSTNESS_2022,3,MOMENTUM_BREAKOUT,1,0.0044108333333333,0.42595,TRANSITION,TRANSITION,0.4075666666666668,,,,,True
FULL_ADAPTIVE_LIFECYCLE_BRAIN__PRE_PROGRESS_NON_CONFIRMATION_V1,FULL_ADAPTIVE_LIFECYCLE_BRAIN__PRE_PROGRESS_NON_CONFIRMATION_V1:UNION_FOCUS:C2,UNION_FOCUS,C2,1.0,BTC-USDT,2022-05-30 21:00:00+00:00,2022-05-30 22:00:00+00:00,2022-05-31 19:00:00+00:00,21,ADAPTIVE_PROTECTION_TOUCH,31281.2,31668.65,0.2642499087284139,8266.054244915262,8368.437872052085,10.332567806144077,10.460547340065107,102.38362713682363,81.59051199061444,ROBUSTNESS_2022,1,MOMENTUM_BREAKOUT,1,246.01666666666688,32406.7,TRANSITION,TRANSITION,31668.65,2022-05-31 04:00:00+00:00,31281.2,,,True
FULL_ADAPTIVE_LIFECYCLE_BRAIN__PRE_PROGRESS_NON_CONFIRMATION_V1,FULL_ADAPTIVE_LIFECYCLE_BRAIN__PRE_PROGRESS_NON_CONFIRMATION_V1:UNION_FOCUS:C2,UNION_FOCUS,C2,1.0,SOL-USDT,2022-05-30 02:00:00+00:00,2022-05-30 03:00:00+00:00,2022-06-01 04:00:00+00:00,49,ADAPTIVE_STAGNATION_48H_CLOSE_NOT_ABOVE_ENTRY,45.777,45.582,179.15007409953702,8200.952942054506,8166.018677605097,10.251191177568133,10.20752334700637,-34.934264449409056,-55.39297897398356,ROBUSTNESS_2022,4,MOMENTUM_BREAKOUT,1,0.7234166666666674,48.5,TRANSITION,TRANSITION,42.88333333333333,2022-05-30 08:00:00+00:00,45.777,2022-05-30 20:00:00+00:00,2022-05-30 21:00:00+00:00,True
FULL_ADAPTIVE_LIFECYCLE_BRAIN__PRE_PROGRESS_NON_CONFIRMATION_V1,FULL_ADAPTIVE_LIFECYCLE_BRAIN__PRE_PROGRESS_NON_CONFIRMATION_V1:UNION_FOCUS:C2,UNION_FOCUS,C2,1.0,ETH-USDT,2022-05-30 21:00:00+00:00,2022-05-30 22:00:00+00:00,2022-06-01 17:00:00+00:00,43,ADAPTIVE_PROTECTION_TOUCH,1954.52,1869.3233333333333,4.2287233253242285,8265.12431381271,7904.851182239504,10.331405392265887,9.88106397779938,-360.27313157320623,-380.4856009432715,ROBUSTNESS_2022,2,MOMENTUM_BREAKOUT,1,21.299166666666697,2016.3,TRANSITION,TRANSITION,1869.3233333333333,2022-05-31 04:00:00+00:00,1954.52,2022-05-31 20:00:00+00:00,2022-05-31 21:00:00+00:00,True
FULL_ADAPTIVE_LIFECYCLE_BRAIN__PRE_PROGRESS_NON_CONFIRMATION_V1,FULL_ADAPTIVE_LIFECYCLE_BRAIN__PRE_PROGRESS_NON_CONFIRMATION_V1:UNION_FOCUS:C2,UNION_FOCUS,C2,1.0,XRP-USDT,2022-06-02 01:00:00+00:00,2022-06-02 02:00:00+00:00,2022-06-03 12:00:00+00:00,34,ADAPTIVE_STAGNATION_24H_CLOSE_NOT_ABOVE_ENTRY,0.39595,0.39343,20762.634727454468,8220.965220335596,8168.643380822411,10.276206525419495,10.210804226028014,-52.321839513185296,-72.80885026463281,ROBUSTNESS_2022,3,RELATIVE_STRENGTH_ROTATION,1,0.0049895833333333,0.41044,TRANSITION,RISK_OFF,0.3809812500000001,2022-06-03 00:00:00+00:00,0.40155,,,True
FULL_ADAPTIVE_LIFECYCLE_BRAIN__PRE_PROGRESS_NON_CONFIRMATION_V1,FULL_ADAPTIVE_LIFECYCLE_BRAIN__PRE_PROGRESS_NON_CONFIRMATION_V1:UNION_FOCUS:C2,UNION_FOCUS,C2,1.0,AVAX-USDT,2022-06-04 22:00:00+00:00,2022-06-04 23:00:00+00:00,2022-06-06 12:00:00+00:00,37,ADAPTIVE_PROTECTION_TOUCH,24.145,26.72125,340.21173840595486,8214.41242381178,9090.882914880121,10.268015529764725,11.363603643600152,876.4704910683413,854.8388718949764,ROBUSTNESS_2022,5,RELATIVE_STRENGTH_ROTATION,1,0.3519166666666664,27.777,TRANSITION,TRANSITION,26.72125,2022-06-05 04:00:00+00:00,24.145,,,True
FULL_ADAPTIVE_LIFECYCLE_BRAIN__PRE_PROGRESS_NON_CONFIRMATION_V1,FULL_ADAPTIVE_LIFECYCLE_BRAIN__PRE_PROGRESS_NON_CONFIRMATION_V1:UNION_FOCUS:C2,UNION_FOCUS,C2,1.0,SOL-USDT,2022-06-06 04:00:00+00:00,2022-06-06 05:00:00+00:00,2022-06-06 15:00:00+00:00,10,ADAPTIVE_PROTECTION_TOUCH,41.815,42.798500000000004,198.45780820625902,8298.51325014472,8493.696504515578,10.373141562680901,10.617120630644472,195.18325437085696,174.19299217753158,ROBUSTNESS_2022,3,MOMENTUM_BREAKOUT,1,0.6771666666666659,44.83,TRANSITION,TRANSITION,42.798500000000004,2022-06-06 12:00:00+00:00,41.815,,,True
FULL_ADAPTIVE_LIFECYCLE_BRAIN__PRE_PROGRESS_NON_CONFIRMATION_V1,FULL_ADAPTIVE_LIFECYCLE_BRAIN__PRE_PROGRESS_NON_CONFIRMATION_V1:UNION_FOCUS:C2,UNION_FOCUS,C2,1.0,BTC-USDT,2022-06-06 02:00:00+00:00,2022-06-06 03:00:00+00:00,2022-06-06 16:00:00+00:00,13,ADAPTIVE_PROTECTION_TOUCH,30840.7,31261.125,0.26794600371878424,8263.64231688991,8376.29351550338,10.329552896112387,10.470366894379223,112.65119861347011,91.8512788229785,ROBUSTNESS_2022,1,MOMENTUM_BREAKOUT,1,168.6250000000003,31767.0,TRANSITION,TRANSITION,31113.025,2022-06-06 08:00:00+00:00,30840.7,,,True
FULL_ADAPTIVE_LIFECYCLE_BRAIN__PRE_PROGRESS_NON_CONFIRMATION_V1,FULL_ADAPTIVE_LIFECYCLE_BRAIN__PRE_PROGRESS_NON_CONFIRMATION_V1:UNION_FOCUS:C2,UNION_FOCUS,C2,1.0,ETH-USDT,2022-06-06 02:00:00+00:00,2022-06-06 03:00:00+00:00,2022-06-07 01:00:00+00:00,22,ADAPTIVE_PROTECTION_TOUCH,1863.93,1803.4866666666667,4.432952233790571,8262.71265712926,7994.770247611511,10.328390821411574,9.993462809514389,-267.9424095177483,-288.2642631486742,ROBUSTNESS_2022,2,MOMENTUM_BREAKOUT,1,15.110833333333336,1919.68,TRANSITION,TRANSITION,1803.4866666666667,2022-06-06 08:00:00+00:00,1863.93,2022-06-07 00:00:00+00:00,2022-06-07 01:00:00+00:00,True
FULL_ADAPTIVE_LIFECYCLE_BRAIN__PRE_PROGRESS_NON_CONFIRMATION_V1,FULL_ADAPTIVE_LIFECYCLE_BRAIN__PRE_PROGRESS_NON_CONFIRMATION_V1:UNION_FOCUS:C2,UNION_FOCUS,C2,1.0,NEAR-USDT,2022-06-06 07:00:00+00:00,2022-06-06 08:00:00+00:00,2022-06-07 01:00:00+00:00,17,ADAPTIVE_PROTECTION_TOUCH,5.6403,5.337283333333334,1481.7285912213922,8357.393773066018,7908.405314449416,10.446742216332522,9.88550664306177,-448.98845861660175,-469.320707475996,ROBUSTNESS_2022,6,MOMENTUM_BREAKOUT,1,0.0757541666666666,5.7639,TRANSITION,TRANSITION,5.337283333333334,,,,,True
FULL_ADAPTIVE_LIFECYCLE_BRAIN__PRE_PROGRESS_NON_CONFIRMATION_V1,FULL_ADAPTIVE_LIFECYCLE_BRAIN__PRE_PROGRESS_NON_CONFIRMATION_V1:UNION_FOCUS:C2,UNION_FOCUS,C2,1.0,BTC-USDT,2022-06-07 22:00:00+00:00,2022-06-07 23:00:00+00:00,2022-06-08 04:00:00+00:00,5,ADAPTIVE_PROTECTION_TOUCH,31397.5,29985.2,0.2622979929616493,8235.501234013384,7865.057778553647,10.29437654251673,9.831322223192059,-370.44345545973647,-390.56915422544523,ROBUSTNESS_2022,1,RELATIVE_STRENGTH_ROTATION,1,353.0749999999998,31566.0,TRANSITION,TRANSITION,29985.2,,,,,True
FULL_ADAPTIVE_LIFECYCLE_BRAIN__PRE_PROGRESS_NON_CONFIRMATION_V1,FULL_ADAPTIVE_LIFECYCLE_BRAIN__PRE_PROGRESS_NON_CONFIRMATION_V1:UNION_FOCUS:C2,UNION_FOCUS,C2,1.0,XRP-USDT,2022-06-07 20:00:00+00:00,2022-06-07 21:00:00+00:00,2022-06-08 04:00:00+00:00,7,ADAPTIVE_PROTECTION_TOUCH,0.4142,0.3976566666666668,19910.934957306024,8247.109259316156,7917.716025339126,10.308886574145195,9.897145031673908,-329.3932339770299,-349.59926558284906,ROBUSTNESS_2022,4,MOMENTUM_BREAKOUT,1,0.0041358333333333,0.41747,TRANSITION,TRANSITION,0.3976566666666668,,,,,True
FULL_ADAPTIVE_LIFECYCLE_BRAIN__PRE_PROGRESS_NON_CONFIRMATION_V1,FULL_ADAPTIVE_LIFECYCLE_BRAIN__PRE_PROGRESS_NON_CONFIRMATION_V1:UNION_FOCUS:C2,UNION_FOCUS,C2,1.0,SOL-USDT,2022-06-08 02:00:00+00:00,2022-06-08 03:00:00+00:00,2022-06-09 03:00:00+00:00,24,ADAPTIVE_STAGNATION_24H_CLOSE_NOT_ABOVE_ENTRY,39.849,38.599,206.4275358313356,8225.930875342892,7967.896455553722,10.282413594178616,9.959870569442153,-258.03441978917,-278.27670395279074,ROBUSTNESS_2022,3,RELATIVE_STRENGTH_ROTATION,1,0.8952500000000002,40.953,TRANSITION,RISK_OFF,37.16325,,,,,True
FULL_ADAPTIVE_LIFECYCLE_BRAIN__PRE_PROGRESS_NON_CONFIRMATION_V1,FULL_ADAPTIVE_LIFECYCLE_BRAIN__PRE_PROGRESS_NON_CONFIRMATION_V1:UNION_FOCUS:C2,UNION_FOCUS,C2,1.0,BTC-USDT,2022-06-08 06:00:00+00:00,2022-06-08 07:00:00+00:00,2022-06-09 07:00:00+00:00,24,ADAPTIVE_STAGNATION_24H_CLOSE_NOT_ABOVE_ENTRY,30552.5,30316.0,0.26754856924641085,8174.277661900968,8111.002425274191,10.217847077376211,10.13875303159274,-63.27523662677686,-83.63183673574581,ROBUSTNESS_2022,1,RELATIVE_STRENGTH_ROTATION,1,404.4291666666666,30891.8,TRANSITION,RISK_OFF,29339.2125,,,,,True
FULL_ADAPTIVE_LIFECYCLE_BRAIN__PRE_PROGRESS_NON_CONFIRMATION_V1,FULL_ADAPTIVE_LIFECYCLE_BRAIN__PRE_PROGRESS_NON_CONFIRMATION_V1:UNION_FOCUS:C2,UNION_FOCUS,C2,1.0,AVAX-USDT,2022-06-09 00:00:00+00:00,2022-06-09 01:00:00+00:00,2022-06-10 01:00:00+00:00,24,ADAPTIVE_STAGNATION_24H_CLOSE_NOT_ABOVE_ENTRY,24.511,24.415,332.78328697342874,8156.851147005712,8124.903951456263,10.19606393375714,10.156129939320328,-31.947195549449134,-52.2993894225266,ROBUSTNESS_2022,5,RELATIVE_STRENGTH_ROTATION,1,0.498375,25.387,TRANSITION,RISK_OFF,23.015874999999998,2022-06-09 08:00:00+00:00,24.511,2022-06-09 20:00:00+00:00,2022-06-09 21:00:00+00:00,True
FULL_ADAPTIVE_LIFECYCLE_BRAIN__PRE_PROGRESS_NON_CONFIRMATION_V1,FULL_ADAPTIVE_LIFECYCLE_BRAIN__PRE_PROGRESS_NON_CONFIRMATION_V1:UNION_FOCUS:C2,UNION_FOCUS,C2,1.0,XRP-USDT,2022-06-08 04:00:00+00:00,2022-06-08 05:00:00+00:00,2022-06-10 14:00:00+00:00,57,ADAPTIVE_STAGNATION_48H_CLOSE_NOT_ABOVE_ENTRY,0.39694,0.39294,20547.728969570544,8156.215537181332,8074.02462130305,10.195269421476665,10.092530776628813,-82.1909158782828,-102.47871607638828,ROBUSTNESS_2022,4,RELATIVE_STRENGTH_ROTATION,1,0.0045999999999999,0.41171,TRANSITION,TRANSITION,0.3831400000000003,2022-06-08 12:00:00+00:00,0.39694,,,True
FULL_ADAPTIVE_LIFECYCLE_BRAIN__PRE_PROGRESS_NON_CONFIRMATION_V1,FULL_ADAPTIVE_LIFECYCLE_BRAIN__PRE_PROGRESS_NON_CONFIRMATION_V1:UNION_FOCUS:C2,UNION_FOCUS,C2,1.0,SOL-USDT,2022-06-10 12:00:00+00:00,2022-06-10 13:00:00+00:00,2022-06-10 17:00:00+00:00,4,ADAPTIVE_PROTECTION_TOUCH,39.304,37.25325,207.34650550468,8149.547052355943,7724.331206192221,10.18693381544493,9.655414007740276,-425.21584616372274,-445.05819398690795,ROBUSTNESS_2022,3,RELATIVE_STRENGTH_ROTATION,1,0.6835833333333335,39.828,TRANSITION,RISK_OFF,37.25325,,,,,True
FULL_ADAPTIVE_LIFECYCLE_BRAIN__PRE_PROGRESS_NON_CONFIRMATION_V1,FULL_ADAPTIVE_LIFECYCLE_BRAIN__PRE_PROGRESS_NON_CONFIRMATION_V1:UNION_FOCUS:C2,UNION_FOCUS,C2,1.0,XRP-USDT,2022-06-10 13:00:00+00:00,2022-06-10 14:00:00+00:00,2022-06-10 17:00:00+00:00,3,ADAPTIVE_PROTECTION_TOUCH,0.39294,0.3834387500000001,20648.142806950054,8113.481234562954,7917.298067718422,10.141851543203693,9.896622584648028,-196.18316684453202,-216.22164097238374,ROBUSTNESS_2022,4,RELATIVE_STRENGTH_ROTATION,1,0.0031670833333333,0.39407,TRANSITION,RISK_OFF,0.3834387500000001,,,,,True
FULL_ADAPTIVE_LIFECYCLE_BRAIN__PRE_PROGRESS_NON_CONFIRMATION_V1,FULL_ADAPTIVE_LIFECYCLE_BRAIN__PRE_PROGRESS_NON_CONFIRMATION_V1:UNION_FOCUS:C2,UNION_FOCUS,C2,1.0,AVAX-USDT,2022-06-22 11:00:00+00:00,2022-06-22 12:00:00+00:00,2022-06-23 12:00:00+00:00,24,PRE_PROGRESS_THESIS_NON_CONFIRMATION_24H_NO_MEMORY,16.793,18.059,480.823981315441,8074.4771182302,8683.20027857555,10.09309639778775,10.854000348219438,608.7231603453502,587.7760635993429,ROBUSTNESS_2022,6,RELATIVE_STRENGTH_ROTATION,1,0.4180833333333337,18.141,TRANSITION,RISK_OFF,15.538749999999999,,,,,True
FULL_ADAPTIVE_LIFECYCLE_BRAIN__PRE_PROGRESS_NON_CONFIRMATION_V1,FULL_ADAPTIVE_LIFECYCLE_BRAIN__PRE_PROGRESS_NON_CONFIRMATION_V1:UNION_FOCUS:C2,UNION_FOCUS,C2,1.0,XRP-USDT,2022-06-24 01:00:00+00:00,2022-06-24 02:00:00+00:00,2022-06-24 03:00:00+00:00,1,ADAPTIVE_PROTECTION_GAP,0.34405,0.36099,23622.66229895114,8127.376963954141,8527.544863298372,10.159221204942677,10.659431079122966,400.16789934423105,379.3492470601654,ROBUSTNESS_2022,5,MOMENTUM_BREAKOUT,1,0.00322625,0.37731,TRANSITION,TRANSITION,0.331145,,,,,True
FULL_ADAPTIVE_LIFECYCLE_BRAIN__PRE_PROGRESS_NON_CONFIRMATION_V1,FULL_ADAPTIVE_LIFECYCLE_BRAIN__PRE_PROGRESS_NON_CONFIRMATION_V1:UNION_FOCUS:C2,UNION_FOCUS,C2,1.0,XRP-USDT,2022-06-24 02:00:00+00:00,2022-06-24 03:00:00+00:00,2022-06-24 10:00:00+00:00,7,ADAPTIVE_PROTECTION_TOUCH,0.36099,0.37758749999999996,22608.710480039765,8161.518396189555,8536.766468382013,10.201897995236944,10.670958085477517,375.2480721924585,354.375216111744,ROBUSTNESS_2022,5,RELATIVE_STRENGTH_ROTATION,1,0.00330625,0.3842,TRANSITION,RISK_OFF,0.3693875,2022-06-24 08:00:00+00:00,0.36099,,,True
FULL_ADAPTIVE_LIFECYCLE_BRAIN__PRE_PROGRESS_NON_CONFIRMATION_V1,FULL_ADAPTIVE_LIFECYCLE_BRAIN__PRE_PROGRESS_NON_CONFIRMATION_V1:UNION_FOCUS:C2,UNION_FOCUS,C2,1.0,AVAX-USDT,2022-06-24 03:00:00+00:00,2022-06-24 04:00:00+00:00,2022-06-25 13:00:00+00:00,33,ADAPTIVE_PROTECTION_TOUCH,19.595,20.40525,416.83826462898435,8167.945795404948,8505.688999320582,10.209932244256185,10.632111249150729,337.7432039156347,316.90116042222775,ROBUSTNESS_2022,6,MOMENTUM_BREAKOUT|RELATIVE_STRENGTH_ROTATION,2,0.4255833333333336,21.682,TRANSITION,TRANSITION,20.40525,2022-06-25 00:00:00+00:00,20.053,,,True
FULL_ADAPTIVE_LIFECYCLE_BRAIN__PRE_PROGRESS_NON_CONFIRMATION_V1,FULL_ADAPTIVE_LIFECYCLE_BRAIN__PRE_PROGRESS_NON_CONFIRMATION_V1:UNION_FOCUS:C2,UNION_FOCUS,C2,1.0,ETH-USDT,2022-06-24 12:00:00+00:00,2022-06-24 13:00:00+00:00,2022-06-26 14:00:00+00:00,49,ADAPTIVE_PROTECTION_TOUCH,1195.88,1225.6387499999998,6.8505981133036995,8192.493271737629,8396.358508341904,10.240616589672037,10.49544813542738,203.8652366042752,183.12917187917577,ROBUSTNESS_2022,2,MOMENTUM_BREAKOUT,1,18.57374999999999,1281.36,TRANSITION,TRANSITION,1221.07875,2022-06-24 20:00:00+00:00,1195.88,2022-06-25 16:00:00+00:00,2022-06-25 17:00:00+00:00,True
FULL_ADAPTIVE_LIFECYCLE_BRAIN__PRE_PROGRESS_NON_CONFIRMATION_V1,FULL_ADAPTIVE_LIFECYCLE_BRAIN__PRE_PROGRESS_NON_CONFIRMATION_V1:UNION_FOCUS:C2,UNION_FOCUS,C2,1.0,ADA-USDT,2022-06-26 07:00:00+00:00,2022-06-26 08:00:00+00:00,2022-06-26 19:00:00+00:00,11,ADAPTIVE_PROTECTION_TOUCH,0.522947,0.4978621666666668,15829.359156855724,8277.91588300023,7880.839046777033,10.347394853750288,9.851048808471292,-397.07683622319746,-417.2752798854191,ROBUSTNESS_2022,4,MOMENTUM_BREAKOUT,1,0.0062712083333333,0.52976,TRANSITION,TRANSITION,0.4978621666666668,,,,,True
FULL_ADAPTIVE_LIFECYCLE_BRAIN__PRE_PROGRESS_NON_CONFIRMATION_V1,FULL_ADAPTIVE_LIFECYCLE_BRAIN__PRE_PROGRESS_NON_CONFIRMATION_V1:UNION_FOCUS:C2,UNION_FOCUS,C2,1.0,SOL-USDT,2022-06-24 12:00:00+00:00,2022-06-24 13:00:00+00:00,2022-06-26 19:00:00+00:00,54,ADAPTIVE_STAGNATION_48H_CLOSE_NOT_ABOVE_ENTRY,40.299,40.278,203.26984829014512,8191.571616244558,8187.302949430465,10.239464520305697,10.23412868678808,-4.268666814093194,-24.742260021186972,ROBUSTNESS_2022,3,MOMENTUM_BREAKOUT,1,0.9741250000000004,42.919,TRANSITION,TRANSITION,37.376625,2022-06-24 20:00:00+00:00,40.299,2022-06-25 16:00:00+00:00,2022-06-25 17:00:00+00:00,True
FULL_ADAPTIVE_LIFECYCLE_BRAIN__PRE_PROGRESS_NON_CONFIRMATION_V1,FULL_ADAPTIVE_LIFECYCLE_BRAIN__PRE_PROGRESS_NON_CONFIRMATION_V1:UNION_FOCUS:C2,UNION_FOCUS,C2,1.0,BTC-USDT,2022-06-26 12:00:00+00:00,2022-06-26 13:00:00+00:00,2022-06-26 23:00:00+00:00,10,ADAPTIVE_PROTECTION_TOUCH,21709.7,21073.783333333333,0.38207620879891135,8294.759870161726,8051.791241049685,10.368449837702158,10.064739051312106,-242.96862911204153,-263.4018180010558,ROBUSTNESS_2022,1,MOMENTUM_BREAKOUT,1,158.9791666666671,21888.0,TRANSITION,TRANSITION,21073.783333333333,,,,,True
FULL_ADAPTIVE_LIFECYCLE_BRAIN__PRE_PROGRESS_NON_CONFIRMATION_V1,FULL_ADAPTIVE_LIFECYCLE_BRAIN__PRE_PROGRESS_NON_CONFIRMATION_V1:UNION_FOCUS:C2,UNION_FOCUS,C2,1.0,AVAX-USDT,2022-06-27 08:00:00+00:00,2022-06-27 09:00:00+00:00,2022-06-27 17:00:00+00:00,8,ADAPTIVE_PROTECTION_TOUCH,20.855,19.67025,391.9888349717117,8174.9271533350475,7710.518381102312,10.21865894166881,9.63814797637789,-464.4087722327358,-484.2655791507825,ROBUSTNESS_2022,6,RELATIVE_STRENGTH_ROTATION,1,0.3949166666666667,21.395,TRANSITION,RISK_OFF,19.67025,,,,,True
FULL_ADAPTIVE_LIFECYCLE_BRAIN__PRE_PROGRESS_NON_CONFIRMATION_V1,FULL_ADAPTIVE_LIFECYCLE_BRAIN__PRE_PROGRESS_NON_CONFIRMATION_V1:UNION_FOCUS:C2,UNION_FOCUS,C2,1.0,SOL-USDT,2022-07-04 12:00:00+00:00,2022-07-04 13:00:00+00:00,2022-07-05 03:00:00+00:00,14,ADAPTIVE_PROTECTION_TOUCH,34.412,35.747,236.24066610171647,8129.513801892267,8444.895091138058,10.161892252365334,10.556118863922572,315.38128924579087,294.663278129503,ROBUSTNESS_2022,3,MOMENTUM_BREAKOUT,1,0.4143333333333337,36.99,TRANSITION,TRANSITION,35.747,2022-07-04 20:00:00+00:00,34.412,,,True
FULL_ADAPTIVE_LIFECYCLE_BRAIN__PRE_PROGRESS_NON_CONFIRMATION_V1,FULL_ADAPTIVE_LIFECYCLE_BRAIN__PRE_PROGRESS_NON_CONFIRMATION_V1:UNION_FOCUS:C2,UNION_FOCUS,C2,1.0,AVAX-USDT,2022-07-04 12:00:00+00:00,2022-07-04 13:00:00+00:00,2022-07-05 09:00:00+00:00,20,ADAPTIVE_PROTECTION_TOUCH,17.234,17.536374999999996,471.6075643597539,8127.684764176,8270.287101449278,10.15960595522,10.337858876811596,142.60233727327795,122.10487244124636,ROBUSTNESS_2022,6,MOMENTUM_BREAKOUT,1,0.235541666666667,18.243,TRANSITION,TRANSITION,17.536374999999996,2022-07-04 20:00:00+00:00,17.234,,,True
FULL_ADAPTIVE_LIFECYCLE_BRAIN__PRE_PROGRESS_NON_CONFIRMATION_V1,FULL_ADAPTIVE_LIFECYCLE_BRAIN__PRE_PROGRESS_NON_CONFIRMATION_V1:UNION_FOCUS:C2,UNION_FOCUS,C2,1.0,BTC-USDT,2022-07-04 12:00:00+00:00,2022-07-04 13:00:00+00:00,2022-07-05 09:00:00+00:00,20,ADAPTIVE_PROTECTION_TOUCH,19805.4,20070.125,0.41056193014084424,8131.343251211477,8240.029258168011,10.164179064014347,10.300036572710015,108.68600695653458,88.22179131981022,ROBUSTNESS_2022,1,MOMENTUM_BREAKOUT,1,139.62499999999957,20489.0,TRANSITION,TRANSITION,20070.125,2022-07-04 20:00:00+00:00,19805.4,,,True
FULL_ADAPTIVE_LIFECYCLE_BRAIN__PRE_PROGRESS_NON_CONFIRMATION_V1,FULL_ADAPTIVE_LIFECYCLE_BRAIN__PRE_PROGRESS_NON_CONFIRMATION_V1:UNION_FOCUS:C2,UNION_FOCUS,C2,1.0,ETH-USDT,2022-07-04 12:00:00+00:00,2022-07-04 13:00:00+00:00,2022-07-05 09:00:00+00:00,20,ADAPTIVE_PROTECTION_TOUCH,1101.12,1140.1087499999999,7.383780582584747,8130.428475095716,8418.312850284967,10.163035593869646,10.522891062856209,287.88437518925093,267.19844853252505,ROBUSTNESS_2022,2,MOMENTUM_BREAKOUT,1,11.160416666666691,1173.59,TRANSITION,TRANSITION,1140.1087499999999,2022-07-04 20:00:00+00:00,1101.12,,,True
FULL_ADAPTIVE_LIFECYCLE_BRAIN__PRE_PROGRESS_NON_CONFIRMATION_V1,FULL_ADAPTIVE_LIFECYCLE_BRAIN__PRE_PROGRESS_NON_CONFIRMATION_V1:UNION_FOCUS:C2,UNION_FOCUS,C2,1.0,ADA-USDT,2022-07-04 12:00:00+00:00,2022-07-04 13:00:00+00:00,2022-07-05 12:00:00+00:00,23,ADAPTIVE_PROTECTION_TOUCH,0.466848,0.4507961666666668,17411.66125074875,8128.599231589553,7849.110147136078,10.16074903948694,9.811387683920097,-279.4890844534748,-299.4612211768818,ROBUSTNESS_2022,4,MOMENTUM_BREAKOUT,1,0.0040129583333333,0.47595,TRANSITION,TRANSITION,0.4507961666666668,2022-07-05 00:00:00+00:00,0.466848,2022-07-05 04:00:00+00:00,2022-07-05 05:00:00+00:00,True
FULL_ADAPTIVE_LIFECYCLE_BRAIN__PRE_PROGRESS_NON_CONFIRMATION_V1,FULL_ADAPTIVE_LIFECYCLE_BRAIN__PRE_PROGRESS_NON_CONFIRMATION_V1:UNION_FOCUS:C2,UNION_FOCUS,C2,1.0,ETH-USDT,2022-07-05 08:00:00+00:00,2022-07-05 09:00:00+00:00,2022-07-05 14:00:00+00:00,5,ADAPTIVE_PROTECTION_TOUCH,1158.07,1089.9216666666666,7.079362962222705,8198.397865661247,7715.951078724041,10.24799733207656,9.644938848405051,-482.4467869372065,-502.33972311768815,ROBUSTNESS_2022,2,RELATIVE_STRENGTH_ROTATION,1,17.037083333333317,1158.51,TRANSITION,TRANSITION,1089.9216666666666,,,,,True
FULL_ADAPTIVE_LIFECYCLE_BRAIN__PRE_PROGRESS_NON_CONFIRMATION_V1,FULL_ADAPTIVE_LIFECYCLE_BRAIN__PRE_PROGRESS_NON_CONFIRMATION_V1:UNION_FOCUS:C2,UNION_FOCUS,C2,1.0,ETH-USDT,2022-07-05 17:00:00+00:00,2022-07-05 18:00:00+00:00,2022-07-06 02:00:00+00:00,8,ADAPTIVE_PROTECTION_TOUCH,1095.44,1118.8287500000001,7.413359086311026,8120.89007750855,8294.279279838507,10.151112596885689,10.367849099798134,173.3892023299568,152.87024063327297,ROBUSTNESS_2022,2,RELATIVE_STRENGTH_ROTATION,1,17.05708333333332,1170.0,TRANSITION,TRANSITION,1118.8287500000001,2022-07-06 00:00:00+00:00,1095.44,,,True
FULL_ADAPTIVE_LIFECYCLE_BRAIN__PRE_PROGRESS_NON_CONFIRMATION_V1,FULL_ADAPTIVE_LIFECYCLE_BRAIN__PRE_PROGRESS_NON_CONFIRMATION_V1:UNION_FOCUS:C2,UNION_FOCUS,C2,1.0,BTC-USDT,2022-07-07 15:00:00+00:00,2022-07-07 16:00:00+00:00,2022-07-08 03:00:00+00:00,11,ADAPTIVE_PROTECTION_TOUCH,20920.4,22031.75,0.39779573649032934,8322.045925672286,8764.136217420813,10.402557407090358,10.955170271776018,442.0902917485273,420.73256406966095,ROBUSTNESS_2022,1,MOMENTUM_BREAKOUT,1,156.08333333333348,22500.0,TRANSITION,TRANSITION,21367.95,2022-07-07 20:00:00+00:00,20920.4,,,True
FULL_ADAPTIVE_LIFECYCLE_BRAIN__PRE_PROGRESS_NON_CONFIRMATION_V1,FULL_ADAPTIVE_LIFECYCLE_BRAIN__PRE_PROGRESS_NON_CONFIRMATION_V1:UNION_FOCUS:C2,UNION_FOCUS,C2,1.0,XRP-USDT,2022-07-06 23:00:00+00:00,2022-07-07 00:00:00+00:00,2022-07-08 03:00:00+00:00,27,ADAPTIVE_PROTECTION_TOUCH,0.33172,0.34912500000000013,24825.18301720617,8235.009710467632,8667.092020882108,10.29376213808454,10.833865026102636,432.0823104144765,410.95468325028935,ROBUSTNESS_2022,5,MOMENTUM_BREAKOUT,1,0.0032783333333333,0.35896,TRANSITION,TRANSITION,0.3435150000000001,2022-07-07 20:00:00+00:00,0.33596,,,True
FULL_ADAPTIVE_LIFECYCLE_BRAIN__PRE_PROGRESS_NON_CONFIRMATION_V1,FULL_ADAPTIVE_LIFECYCLE_BRAIN__PRE_PROGRESS_NON_CONFIRMATION_V1:UNION_FOCUS:C2,UNION_FOCUS,C2,1.0,AVAX-USDT,2022-07-05 15:00:00+00:00,2022-07-05 16:00:00+00:00,2022-07-08 07:00:00+00:00,63,ADAPTIVE_PROTECTION_TOUCH,16.923,20.089125000000003,480.3331632312855,8128.678121363043,9649.4729577987,10.160847651703804,12.061841197248375,1520.794836435657,1498.572147586705,ROBUSTNESS_2022,6,RELATIVE_STRENGTH_ROTATION,1,0.344625,21.123,TRANSITION,TRANSITION,20.089125000000003,2022-07-05 20:00:00+00:00,16.923,,,True
FULL_ADAPTIVE_LIFECYCLE_BRAIN__PRE_PROGRESS_NON_CONFIRMATION_V1,FULL_ADAPTIVE_LIFECYCLE_BRAIN__PRE_PROGRESS_NON_CONFIRMATION_V1:UNION_FOCUS:C2,UNION_FOCUS,C2,1.0,ADA-USDT,2022-07-08 02:00:00+00:00,2022-07-08 03:00:00+00:00,2022-07-08 09:00:00+00:00,6,ADAPTIVE_PROTECTION_TOUCH,0.487341,0.470553,17375.062567833404,8467.5803668705,8175.8878164817115,10.584475458588125,10.21985977060214,-291.6925503887878,-312.4968856179781,ROBUSTNESS_2022,4,MOMENTUM_BREAKOUT,1,0.004197,0.488088,TRANSITION,TRANSITION,0.470553,,,,,True
FULL_ADAPTIVE_LIFECYCLE_BRAIN__PRE_PROGRESS_NON_CONFIRMATION_V1,FULL_ADAPTIVE_LIFECYCLE_BRAIN__PRE_PROGRESS_NON_CONFIRMATION_V1:UNION_FOCUS:C2,UNION_FOCUS,C2,1.0,ETH-USDT,2022-07-06 23:00:00+00:00,2022-07-07 00:00:00+00:00,2022-07-08 09:00:00+00:00,33,ADAPTIVE_PROTECTION_TOUCH,1190.64,1221.8287500000001,6.917234641282104,8235.936253296126,8451.676155214413,10.294920316620157,10.564595194018016,215.7399019182867,194.88038640764853,ROBUSTNESS_2022,2,MOMENTUM_BREAKOUT,1,18.287083333333328,1276.69,TRANSITION,TRANSITION,1221.8287500000001,2022-07-07 16:00:00+00:00,1193.84,,,True
FULL_ADAPTIVE_LIFECYCLE_BRAIN__PRE_PROGRESS_NON_CONFIRMATION_V1,FULL_ADAPTIVE_LIFECYCLE_BRAIN__PRE_PROGRESS_NON_CONFIRMATION_V1:UNION_FOCUS:C2,UNION_FOCUS,C2,1.0,BTC-USDT,2022-07-08 02:00:00+00:00,2022-07-08 03:00:00+00:00,2022-07-08 10:00:00+00:00,7,ADAPTIVE_PROTECTION_TOUCH,22138.3,21306.166666666664,0.38252860774502306,8468.533076841644,8150.218271383418,10.585666346052056,10.187772839229273,-318.31480545822615,-339.0882446435075,ROBUSTNESS_2022,1,MOMENTUM_BREAKOUT,1,208.0333333333336,22238.0,TRANSITION,TRANSITION,21306.166666666664,,,,,True
FULL_ADAPTIVE_LIFECYCLE_BRAIN__PRE_PROGRESS_NON_CONFIRMATION_V1,FULL_ADAPTIVE_LIFECYCLE_BRAIN__PRE_PROGRESS_NON_CONFIRMATION_V1:UNION_FOCUS:C2,UNION_FOCUS,C2,1.0,SOL-USDT,2022-07-07 00:00:00+00:00,2022-07-07 01:00:00+00:00,2022-07-10 12:00:00+00:00,83,ADAPTIVE_STAGNATION_48H_CLOSE_NOT_ABOVE_ENTRY,37.049,36.928,222.29922941251994,8235.964150504451,8209.065943745536,10.294955188130563,10.26133242968192,-26.898206758914966,-47.45449437672745,ROBUSTNESS_2022,3,MOMENTUM_BREAKOUT,1,0.7105000000000002,39.7,TRANSITION,TRANSITION,34.207,2022-07-07 12:00:00+00:00,37.124,,,True
FULL_ADAPTIVE_LIFECYCLE_BRAIN__PRE_PROGRESS_NON_CONFIRMATION_V1,FULL_ADAPTIVE_LIFECYCLE_BRAIN__PRE_PROGRESS_NON_CONFIRMATION_V1:UNION_FOCUS:C2,UNION_FOCUS,C2,1.0,BTC-USDT,2022-07-09 18:00:00+00:00,2022-07-09 19:00:00+00:00,2022-07-10 14:00:00+00:00,19,ADAPTIVE_PROTECTION_TOUCH,21879.7,21106.316666666666,0.3818339620912571,8354.412540368077,8059.108517986067,10.443015675460098,10.073885647482584,-295.30402238200986,-315.8209237049526,ROBUSTNESS_2022,1,RELATIVE_STRENGTH_ROTATION,1,193.3458333333333,21914.2,TRANSITION,TRANSITION,21106.316666666666,,,,,True
FULL_ADAPTIVE_LIFECYCLE_BRAIN__PRE_PROGRESS_NON_CONFIRMATION_V1,FULL_ADAPTIVE_LIFECYCLE_BRAIN__PRE_PROGRESS_NON_CONFIRMATION_V1:UNION_FOCUS:C2,UNION_FOCUS,C2,1.0,AVAX-USDT,2022-07-09 03:00:00+00:00,2022-07-09 04:00:00+00:00,2022-07-10 16:00:00+00:00,36,ADAPTIVE_STAGNATION_24H_CLOSE_NOT_ABOVE_ENTRY,19.804,18.89,421.0997766096015,8339.459975976548,7954.5747801553725,10.424324969970685,9.943218475194216,-384.88519582117533,-405.25273926634026,ROBUSTNESS_2022,6,RELATIVE_STRENGTH_ROTATION,1,0.3922083333333327,20.269,TRANSITION,RISK_OFF,18.235166666666668,2022-07-09 08:00:00+00:00,19.804,2022-07-10 04:00:00+00:00,2022-07-10 05:00:00+00:00,True
FULL_ADAPTIVE_LIFECYCLE_BRAIN__PRE_PROGRESS_NON_CONFIRMATION_V1,FULL_ADAPTIVE_LIFECYCLE_BRAIN__PRE_PROGRESS_NON_CONFIRMATION_V1:UNION_FOCUS:C2,UNION_FOCUS,C2,1.0,XRP-USDT,2022-07-14 18:00:00+00:00,2022-07-14 19:00:00+00:00,2022-07-15 07:00:00+00:00,12,ADAPTIVE_PROTECTION_TOUCH,0.32748,0.3382100000000002,25159.116596117885,8239.107502896684,8509.064823973034,10.298884378620855,10.636331029966293,269.9573210763501,249.02210566776296,ROBUSTNESS_2022,4,MOMENTUM_BREAKOUT,1,0.0036566666666666,0.34918,TRANSITION,TRANSITION,0.3382100000000002,2022-07-15 00:00:00+00:00,0.32748,,,True
FULL_ADAPTIVE_LIFECYCLE_BRAIN__PRE_PROGRESS_NON_CONFIRMATION_V1,FULL_ADAPTIVE_LIFECYCLE_BRAIN__PRE_PROGRESS_NON_CONFIRMATION_V1:UNION_FOCUS:C2,UNION_FOCUS,C2,1.0,SOL-USDT,2022-07-14 18:00:00+00:00,2022-07-14 19:00:00+00:00,2022-07-15 22:00:00+00:00,27,ADAPTIVE_PROTECTION_TOUCH,36.556,37.7275,225.4085377716024,8240.034506778697,8504.10060877813,10.300043133473372,10.630125760972662,264.06610199943316,243.13593310498712,ROBUSTNESS_2022,3,MOMENTUM_BREAKOUT,1,0.5138333333333328,39.269,TRANSITION,TRANSITION,37.3425,2022-07-15 00:00:00+00:00,36.556,,,True
FULL_ADAPTIVE_LIFECYCLE_BRAIN__PRE_PROGRESS_NON_CONFIRMATION_V1,FULL_ADAPTIVE_LIFECYCLE_BRAIN__PRE_PROGRESS_NON_CONFIRMATION_V1:UNION_FOCUS:C2,UNION_FOCUS,C2,1.0,ETH-USDT,2022-07-14 18:00:00+00:00,2022-07-14 19:00:00+00:00,2022-07-16 00:00:00+00:00,29,ADAPTIVE_PROTECTION_TOUCH,1195.71,1237.0712500000002,6.892107296050362,8240.961614960379,8526.027787859142,10.301202018700474,10.657534734823928,285.0661728987634,264.10743614523903,ROBUSTNESS_2022,2,MOMENTUM_BREAKOUT,1,16.776249999999994,1287.4,TRANSITION,TRANSITION,1237.0712500000002,2022-07-15 20:00:00+00:00,1237.5,,,True
FULL_ADAPTIVE_LIFECYCLE_BRAIN__PRE_PROGRESS_NON_CONFIRMATION_V1,FULL_ADAPTIVE_LIFECYCLE_BRAIN__PRE_PROGRESS_NON_CONFIRMATION_V1:UNION_FOCUS:C2,UNION_FOCUS,C2,1.0,AVAX-USDT,2022-07-14 18:00:00+00:00,2022-07-14 19:00:00+00:00,2022-07-17 17:00:00+00:00,70,ADAPTIVE_PROTECTION_TOUCH,19.62,21.06275,419.88688090227356,8238.180603302608,8843.972400724362,10.29772575412826,11.054965500905453,605.7917974217544,584.4391061667206,ROBUSTNESS_2022,5,MOMENTUM_BREAKOUT,1,0.3490833333333333,22.11,TRANSITION,TRANSITION,21.06275,2022-07-15 00:00:00+00:00,19.62,2022-07-15 16:00:00+00:00,2022-07-15 17:00:00+00:00,True
FULL_ADAPTIVE_LIFECYCLE_BRAIN__PRE_PROGRESS_NON_CONFIRMATION_V1,FULL_ADAPTIVE_LIFECYCLE_BRAIN__PRE_PROGRESS_NON_CONFIRMATION_V1:UNION_FOCUS:C2,UNION_FOCUS,C2,1.0,AVAX-USDT,2022-07-18 05:00:00+00:00,2022-07-18 06:00:00+00:00,2022-07-18 18:00:00+00:00,12,ADAPTIVE_PROTECTION_TOUCH,22.227,23.147875,379.4384783638505,8433.779058593305,8783.194467356616,10.542223823241631,10.97899308419577,349.41540876331055,327.89419185587315,ROBUSTNESS_2022,5,MOMENTUM_BREAKOUT,1,0.3923750000000001,24.325,TRANSITION,TRANSITION,23.147875,2022-07-18 12:00:00+00:00,22.227,,,True
FULL_ADAPTIVE_LIFECYCLE_BRAIN__PRE_PROGRESS_NON_CONFIRMATION_V1,FULL_ADAPTIVE_LIFECYCLE_BRAIN__PRE_PROGRESS_NON_CONFIRMATION_V1:UNION_FOCUS:C2,UNION_FOCUS,C2,1.0,BTC-USDT,2022-07-14 18:00:00+00:00,2022-07-14 19:00:00+00:00,2022-07-18 18:00:00+00:00,95,ADAPTIVE_PROTECTION_TOUCH,20732.1,22041.6875,0.39754240175638117,8241.88882745347,8762.505387513605,10.302361034316837,10.953131734392008,520.6165600601362,499.36106729142733,ROBUSTNESS_2022,1,MOMENTUM_BREAKOUT,1,244.20416666666688,22774.3,TRANSITION,TRANSITION,22041.6875,2022-07-15 20:00:00+00:00,21095.0,2022-07-16 00:00:00+00:00,2022-07-16 01:00:00+00:00,True
FULL_ADAPTIVE_LIFECYCLE_BRAIN__PRE_PROGRESS_NON_CONFIRMATION_V1,FULL_ADAPTIVE_LIFECYCLE_BRAIN__PRE_PROGRESS_NON_CONFIRMATION_V1:UNION_FOCUS:C2,UNION_FOCUS,C2,1.0,ETH-USDT,2022-07-16 17:00:00+00:00,2022-07-16 18:00:00+00:00,2022-07-18 18:00:00+00:00,48,ADAPTIVE_PROTECTION_TOUCH,1358.86,1474.1437500000002,6.176670616819466,8393.230634371299,9105.300385593062,10.491538292964124,11.381625481991328,712.069751221763,690.1965874468075,ROBUSTNESS_2022,2,MOMENTUM_BREAKOUT,1,18.858749999999983,1530.72,TRANSITION,TRANSITION,1473.4237500000002,2022-07-18 04:00:00+00:00,1392.51,,,True
FULL_ADAPTIVE_LIFECYCLE_BRAIN__PRE_PROGRESS_NON_CONFIRMATION_V1,FULL_ADAPTIVE_LIFECYCLE_BRAIN__PRE_PROGRESS_NON_CONFIRMATION_V1:UNION_FOCUS:C2,UNION_FOCUS,C2,1.0,SOL-USDT,2022-07-16 17:00:00+00:00,2022-07-16 18:00:00+00:00,2022-07-18 18:00:00+00:00,48,ADAPTIVE_PROTECTION_TOUCH,40.043,41.09025,209.58185939926912,8392.286395924933,8611.770998180817,10.490357994906168,10.76471374772602,219.48460225588315,198.22953051325095,ROBUSTNESS_2022,3,MOMENTUM_BREAKOUT,1,0.5349166666666673,42.695,TRANSITION,TRANSITION,41.09025,2022-07-18 08:00:00+00:00,41.091,,,True
FULL_ADAPTIVE_LIFECYCLE_BRAIN__PRE_PROGRESS_NON_CONFIRMATION_V1,FULL_ADAPTIVE_LIFECYCLE_BRAIN__PRE_PROGRESS_NON_CONFIRMATION_V1:UNION_FOCUS:C2,UNION_FOCUS,C2,1.0,XRP-USDT,2022-07-16 17:00:00+00:00,2022-07-16 18:00:00+00:00,2022-07-18 18:00:00+00:00,48,ADAPTIVE_PROTECTION_TOUCH,0.35388,0.3587137500000001,23712.394777058304,8391.342263705392,8505.962051959,10.48917782963174,10.632452564948752,114.61978825360893,93.49815785902844,ROBUSTNESS_2022,4,MOMENTUM_BREAKOUT,1,0.0037620833333333,0.37,TRANSITION,TRANSITION,0.3587137500000001,2022-07-17 08:00:00+00:00,0.35435,2022-07-17 12:00:00+00:00,2022-07-17 13:00:00+00:00,True
FULL_ADAPTIVE_LIFECYCLE_BRAIN__PRE_PROGRESS_NON_CONFIRMATION_V1,FULL_ADAPTIVE_LIFECYCLE_BRAIN__PRE_PROGRESS_NON_CONFIRMATION_V1:UNION_FOCUS:C2,UNION_FOCUS,C2,1.0,ETH-USDT,2022-07-18 17:00:00+00:00,2022-07-18 18:00:00+00:00,2022-07-19 02:00:00+00:00,8,ADAPTIVE_PROTECTION_TOUCH,1495.81,1541.89375,5.699506219304637,8525.378397898068,8788.03301763195,10.656722997372585,10.985041272039936,262.6546197338812,241.01285546446866,ROBUSTNESS_2022,2,RELATIVE_STRENGTH_ROTATION,1,29.96208333333335,1631.78,TRANSITION,TRANSITION,1375.9616666666666,2022-07-19 00:00:00+00:00,1495.81,,,True
FULL_ADAPTIVE_LIFECYCLE_BRAIN__PRE_PROGRESS_NON_CONFIRMATION_V1,FULL_ADAPTIVE_LIFECYCLE_BRAIN__PRE_PROGRESS_NON_CONFIRMATION_V1:UNION_FOCUS:C2,UNION_FOCUS,C2,1.0,SOL-USDT,2022-07-19 00:00:00+00:00,2022-07-19 01:00:00+00:00,2022-07-20 00:00:00+00:00,23,ADAPTIVE_PROTECTION_TOUCH,43.529,45.02525,196.8359441053541,8568.07181096196,8862.587592329593,10.710089763702449,11.078234490411992,294.5157813676342,272.72745711351973,ROBUSTNESS_2022,3,MOMENTUM_BREAKOUT,1,0.7749166666666673,47.35,TRANSITION,TRANSITION,45.02525,2022-07-19 12:00:00+00:00,44.142,,,True
FULL_ADAPTIVE_LIFECYCLE_BRAIN__PRE_PROGRESS_NON_CONFIRMATION_V1,FULL_ADAPTIVE_LIFECYCLE_BRAIN__PRE_PROGRESS_NON_CONFIRMATION_V1:UNION_FOCUS:C2,UNION_FOCUS,C2,1.0,ADA-USDT,2022-07-19 14:00:00+00:00,2022-07-19 15:00:00+00:00,2022-07-20 09:00:00+00:00,18,ADAPTIVE_PROTECTION_TOUCH,0.503634,0.5227626250000001,17089.47257697295,8606.839431831195,8933.737544203896,10.758549289788993,11.16717193025487,326.8981123727008,304.9723911526569,ROBUSTNESS_2022,6,MOMENTUM_BREAKOUT,1,0.0086457916666666,0.5487,TRANSITION,TRANSITION,0.5137026250000002,2022-07-19 20:00:00+00:00,0.503634,,,True
FULL_ADAPTIVE_LIFECYCLE_BRAIN__PRE_PROGRESS_NON_CONFIRMATION_V1,FULL_ADAPTIVE_LIFECYCLE_BRAIN__PRE_PROGRESS_NON_CONFIRMATION_V1:UNION_FOCUS:C2,UNION_FOCUS,C2,1.0,ADA-USDT,2022-07-20 08:00:00+00:00,2022-07-20 09:00:00+00:00,2022-07-20 21:00:00+00:00,12,ADAPTIVE_PROTECTION_TOUCH,0.530113,0.49306749999999994,16220.034377987293,8598.451084217977,7997.571800668248,10.748063855272472,9.99696475083531,-600.8792835497288,-621.6243121558366,ROBUSTNESS_2022,6,RELATIVE_STRENGTH_ROTATION,1,0.009261375,0.53952,TRANSITION,TRANSITION,0.49306749999999994,,,,,True
FULL_ADAPTIVE_LIFECYCLE_BRAIN__PRE_PROGRESS_NON_CONFIRMATION_V1,FULL_ADAPTIVE_LIFECYCLE_BRAIN__PRE_PROGRESS_NON_CONFIRMATION_V1:UNION_FOCUS:C2,UNION_FOCUS,C2,1.0,XRP-USDT,2022-07-19 22:00:00+00:00,2022-07-19 23:00:00+00:00,2022-07-21 03:00:00+00:00,28,ADAPTIVE_PROTECTION_TOUCH,0.37424,0.354045,23082.441185417814,8638.372789230763,8172.22288949125,10.797965986538454,10.215278611864063,-466.1498997395138,-487.16314433791626,ROBUSTNESS_2022,4,MOMENTUM_BREAKOUT,1,0.00504875,0.38165,TRANSITION,RISK_ON,0.354045,2022-07-20 04:00:00+00:00,0.37424,2022-07-20 08:00:00+00:00,2022-07-20 09:00:00+00:00,True
FULL_ADAPTIVE_LIFECYCLE_BRAIN__PRE_PROGRESS_NON_CONFIRMATION_V1,FULL_ADAPTIVE_LIFECYCLE_BRAIN__PRE_PROGRESS_NON_CONFIRMATION_V1:UNION_FOCUS:C2,UNION_FOCUS,C2,1.0,AVAX-USDT,2022-07-19 14:00:00+00:00,2022-07-19 15:00:00+00:00,2022-07-21 05:00:00+00:00,38,ADAPTIVE_PROTECTION_TOUCH,25.107,22.753166666666665,342.844936081963,8607.807810209844,7800.807971495584,10.759759762762306,9.75100996436948,-806.9998387142605,-827.5106084413923,ROBUSTNESS_2022,5,MOMENTUM_BREAKOUT|RELATIVE_STRENGTH_ROTATION,2,0.5884583333333336,26.347,TRANSITION,TRANSITION,22.753166666666665,,,,,True
FULL_ADAPTIVE_LIFECYCLE_BRAIN__PRE_PROGRESS_NON_CONFIRMATION_V1,FULL_ADAPTIVE_LIFECYCLE_BRAIN__PRE_PROGRESS_NON_CONFIRMATION_V1:UNION_FOCUS:C2,UNION_FOCUS,C2,1.0,ETH-USDT,2022-07-20 12:00:00+00:00,2022-07-20 13:00:00+00:00,2022-07-21 05:00:00+00:00,16,ADAPTIVE_PROTECTION_TOUCH,1603.37,1480.6066666666666,5.372091296381753,8613.450021879611,7953.954187364799,10.766812527349513,9.942442734205999,-659.4958345148125,-680.205089776368,ROBUSTNESS_2022,2,RELATIVE_STRENGTH_ROTATION,1,30.690833333333348,1620.67,TRANSITION,TRANSITION,1480.6066666666666,,,,,True
FULL_ADAPTIVE_LIFECYCLE_BRAIN__PRE_PROGRESS_NON_CONFIRMATION_V1,FULL_ADAPTIVE_LIFECYCLE_BRAIN__PRE_PROGRESS_NON_CONFIRMATION_V1:UNION_FOCUS:C2,UNION_FOCUS,C2,1.0,BTC-USDT,2022-07-19 16:00:00+00:00,2022-07-19 17:00:00+00:00,2022-07-21 17:00:00+00:00,48,ADAPTIVE_STAGNATION_48H_CLOSE_NOT_ABOVE_ENTRY,23127.4,22638.0,0.37194874243432957,8602.207345775714,8420.175631228352,10.752759182219643,10.52521953903544,-182.03171454736184,-203.30969326861694,ROBUSTNESS_2022,1,MOMENTUM_BREAKOUT,1,385.20833333333366,24270.0,TRANSITION,TRANSITION,21586.566666666666,2022-07-20 00:00:00+00:00,23127.4,2022-07-21 04:00:00+00:00,2022-07-21 05:00:00+00:00,True
FULL_ADAPTIVE_LIFECYCLE_BRAIN__PRE_PROGRESS_NON_CONFIRMATION_V1,FULL_ADAPTIVE_LIFECYCLE_BRAIN__PRE_PROGRESS_NON_CONFIRMATION_V1:UNION_FOCUS:C2,UNION_FOCUS,C2,1.0,ETH-USDT,2022-07-22 10:00:00+00:00,2022-07-22 11:00:00+00:00,2022-07-22 20:00:00+00:00,9,ADAPTIVE_PROTECTION_TOUCH,1630.73,1526.775,10.344372844531218,16868.879128762394,15793.529849709152,21.08609891095299,19.74191231213644,-1075.3492790532418,-1116.1772902763314,ROBUSTNESS_2022,2,MOMENTUM_BREAKOUT,1,25.988749999999964,1643.7,RISK_ON,TRANSITION,1526.775,,,,,True
FULL_ADAPTIVE_LIFECYCLE_BRAIN__PRE_PROGRESS_NON_CONFIRMATION_V1,FULL_ADAPTIVE_LIFECYCLE_BRAIN__PRE_PROGRESS_NON_CONFIRMATION_V1:UNION_FOCUS:C2,UNION_FOCUS,C2,1.0,ADA-USDT,2022-07-21 08:00:00+00:00,2022-07-21 09:00:00+00:00,2022-07-23 10:00:00+00:00,49,ADAPTIVE_STAGNATION_48H_CLOSE_NOT_ABOVE_ENTRY,0.490217,0.484132,34091.577277705896,16712.270738345152,16504.82349061031,20.890338422931443,20.631029363262886,-207.44724773484268,-248.968615521037,ROBUSTNESS_2022,6,RELATIVE_STRENGTH_ROTATION,1,0.0108849999999999,0.5112,RISK_ON,TRANSITION,0.44667700000000043,2022-07-21 20:00:00+00:00,0.49082,2022-07-22 20:00:00+00:00,2022-07-22 21:00:00+00:00,True
FULL_ADAPTIVE_LIFECYCLE_BRAIN__PRE_PROGRESS_NON_CONFIRMATION_V1,FULL_ADAPTIVE_LIFECYCLE_BRAIN__PRE_PROGRESS_NON_CONFIRMATION_V1:UNION_FOCUS:C2,UNION_FOCUS,C2,1.0,BTC-USDT,2022-07-22 09:00:00+00:00,2022-07-22 10:00:00+00:00,2022-07-23 12:00:00+00:00,26,ADAPTIVE_PROTECTION_TOUCH,23303.2,22281.216666666667,0.7215243294705488,16813.825754518093,16076.439915204683,21.01728219314762,20.095549894005853,-737.3858393134105,-778.498671400564,ROBUSTNESS_2022,1,RELATIVE_STRENGTH_ROTATION,1,255.4958333333337,23754.0,RISK_ON,TRANSITION,22281.216666666667,,,,,True
FULL_ADAPTIVE_LIFECYCLE_BRAIN__PRE_PROGRESS_NON_CONFIRMATION_V1,FULL_ADAPTIVE_LIFECYCLE_BRAIN__PRE_PROGRESS_NON_CONFIRMATION_V1:UNION_FOCUS:C2,UNION_FOCUS,C2,1.0,AVAX-USDT,2022-07-21 16:00:00+00:00,2022-07-21 17:00:00+00:00,2022-07-23 17:00:00+00:00,48,ADAPTIVE_STAGNATION_48H_CLOSE_NOT_ABOVE_ENTRY,24.117,23.548,344.9860453408949,8320.028455486363,8123.731395687393,10.400035569357954,10.154664244609242,-196.2970597989697,-216.85175961293692,ROBUSTNESS_2022,5,RELATIVE_STRENGTH_ROTATION,1,0.5773333333333328,25.55,TRANSITION,TRANSITION,21.80766666666667,2022-07-22 00:00:00+00:00,24.117,2022-07-22 20:00:00+00:00,2022-07-22 21:00:00+00:00,True
FULL_ADAPTIVE_LIFECYCLE_BRAIN__PRE_PROGRESS_NON_CONFIRMATION_V1,FULL_ADAPTIVE_LIFECYCLE_BRAIN__PRE_PROGRESS_NON_CONFIRMATION_V1:UNION_FOCUS:C2,UNION_FOCUS,C2,1.0,ADA-USDT,2022-07-23 21:00:00+00:00,2022-07-23 22:00:00+00:00,2022-07-24 18:00:00+00:00,20,ADAPTIVE_PROTECTION_TOUCH,0.497226,0.5184610000000002,16356.414818618967,8132.834714602634,8480.16318327601,10.166043393253293,10.600203979095014,347.32846867337594,326.56222130102765,ROBUSTNESS_2022,6,RELATIVE_STRENGTH_ROTATION,1,0.0059486666666666,0.536307,TRANSITION,TRANSITION,0.5184610000000002,2022-07-24 04:00:00+00:00,0.497226,,,True
FULL_ADAPTIVE_LIFECYCLE_BRAIN__PRE_PROGRESS_NON_CONFIRMATION_V1,FULL_ADAPTIVE_LIFECYCLE_BRAIN__PRE_PROGRESS_NON_CONFIRMATION_V1:UNION_FOCUS:C2,UNION_FOCUS,C2,1.0,ETH-USDT,2022-07-24 06:00:00+00:00,2022-07-24 07:00:00+00:00,2022-07-25 04:00:00+00:00,21,ADAPTIVE_PROTECTION_GAP,1601.35,1520.17,5.095014504103528,8158.901476146184,7745.2881987030605,10.19862684518273,9.681610248378826,-413.6132774431235,-433.49351453668504,ROBUSTNESS_2022,2,RELATIVE_STRENGTH_ROTATION,1,22.50750000000001,1665.0,TRANSITION,RISK_OFF,1511.32,2022-07-24 12:00:00+00:00,1601.35,2022-07-25 00:00:00+00:00,2022-07-25 01:00:00+00:00,True
FULL_ADAPTIVE_LIFECYCLE_BRAIN__PRE_PROGRESS_NON_CONFIRMATION_V1,FULL_ADAPTIVE_LIFECYCLE_BRAIN__PRE_PROGRESS_NON_CONFIRMATION_V1:UNION_FOCUS:C2,UNION_FOCUS,C2,1.0,ETH-USDT,2022-07-27 23:00:00+00:00,2022-07-28 00:00:00+00:00,2022-07-29 12:00:00+00:00,36,ADAPTIVE_PROTECTION_TOUCH,1625.58,1679.3250000000003,9.994230856938971,16246.421796422852,16783.56173382904,20.308027245528564,20.9794521672863,537.1399374061875,495.85245799337264,ROBUSTNESS_2022,2,RELATIVE_STRENGTH_ROTATION,1,26.211249999999968,1784.17,RISK_ON,RISK_ON,1679.3250000000003,2022-07-28 04:00:00+00:00,1625.58,2022-07-28 08:00:00+00:00,2022-07-28 09:00:00+00:00,True
FULL_ADAPTIVE_LIFECYCLE_BRAIN__PRE_PROGRESS_NON_CONFIRMATION_V1,FULL_ADAPTIVE_LIFECYCLE_BRAIN__PRE_PROGRESS_NON_CONFIRMATION_V1:UNION_FOCUS:C2,UNION_FOCUS,C2,1.0,ADA-USDT,2022-07-28 03:00:00+00:00,2022-07-28 04:00:00+00:00,2022-07-29 13:00:00+00:00,33,ADAPTIVE_PROTECTION_TOUCH,0.515582,0.516475,31612.057805806395,16298.607987633271,16326.837555253858,20.37325998454159,20.40854694406732,28.22956762058675,-12.552239308022163,ROBUSTNESS_2022,7,MOMENTUM_BREAKOUT,1,0.00727125,0.54556,RISK_ON,RISK_ON,0.516475,2022-07-29 04:00:00+00:00,0.52421,2022-07-29 12:00:00+00:00,2022-07-29 13:00:00+00:00,True
FULL_ADAPTIVE_LIFECYCLE_BRAIN__PRE_PROGRESS_NON_CONFIRMATION_V1,FULL_ADAPTIVE_LIFECYCLE_BRAIN__PRE_PROGRESS_NON_CONFIRMATION_V1:UNION_FOCUS:C2,UNION_FOCUS,C2,1.0,BTC-USDT,2022-07-28 03:00:00+00:00,2022-07-28 04:00:00+00:00,2022-07-29 13:00:00+00:00,33,ADAPTIVE_PROTECTION_TOUCH,23281.4,23505.18333333333,0.7002274777175433,16302.275999733214,16458.975238788436,20.377844999666518,20.573719048485547,156.69923905522228,115.74767500707023,ROBUSTNESS_2022,1,MOMENTUM_BREAKOUT,1,232.45416666666705,24435.0,RISK_ON,RISK_ON,23505.18333333333,2022-07-28 16:00:00+00:00,23281.4,,,True
FULL_ADAPTIVE_LIFECYCLE_BRAIN__PRE_PROGRESS_NON_CONFIRMATION_V1,FULL_ADAPTIVE_LIFECYCLE_BRAIN__PRE_PROGRESS_NON_CONFIRMATION_V1:UNION_FOCUS:C2,UNION_FOCUS,C2,1.0,XRP-USDT,2022-07-28 16:00:00+00:00,2022-07-28 17:00:00+00:00,2022-07-30 20:00:00+00:00,51,ADAPTIVE_PROTECTION_TOUCH,0.36468,0.39231,43081.4608670578,15710.947148998639,16901.287912755444,19.6386839362483,21.126609890944305,1190.3407637568052,1149.5754699296126,ROBUSTNESS_2022,4,MOMENTUM_BREAKOUT,1,0.0044375,0.41006,RISK_ON,RISK_ON,0.39231,2022-07-29 00:00:00+00:00,0.36468,,,True
FULL_ADAPTIVE_LIFECYCLE_BRAIN__PRE_PROGRESS_NON_CONFIRMATION_V1,FULL_ADAPTIVE_LIFECYCLE_BRAIN__PRE_PROGRESS_NON_CONFIRMATION_V1:UNION_FOCUS:C2,UNION_FOCUS,C2,1.0,SOL-USDT,2022-07-28 16:00:00+00:00,2022-07-28 17:00:00+00:00,2022-07-31 01:00:00+00:00,56,ADAPTIVE_PROTECTION_TOUCH,41.937,43.3025,392.46210085446853,16458.683123533847,16994.590122250625,20.57335390441731,21.24323765281328,535.9069987167786,494.090407159548,ROBUSTNESS_2022,3,MOMENTUM_BREAKOUT,1,0.8371250000000003,46.651,RISK_ON,RISK_ON,43.3025,2022-07-29 00:00:00+00:00,41.937,2022-07-29 12:00:00+00:00,2022-07-29 13:00:00+00:00,True
FULL_ADAPTIVE_LIFECYCLE_BRAIN__PRE_PROGRESS_NON_CONFIRMATION_V1,FULL_ADAPTIVE_LIFECYCLE_BRAIN__PRE_PROGRESS_NON_CONFIRMATION_V1:UNION_FOCUS:C2,UNION_FOCUS,C2,1.0,AVAX-USDT,2022-07-29 16:00:00+00:00,2022-07-29 17:00:00+00:00,2022-07-31 19:00:00+00:00,50,ADAPTIVE_STAGNATION_48H_CLOSE_NOT_ABOVE_ENTRY,25.021,24.735,656.4996006097382,16426.27650685626,16238.517621081874,20.532845633570325,20.298147026352343,-187.7588857743849,-228.5898784343076,ROBUSTNESS_2022,5,RELATIVE_STRENGTH_ROTATION,1,0.5348333333333333,25.827,RISK_ON,TRANSITION,22.346833333333336,2022-07-30 16:00:00+00:00,25.077,2022-07-30 20:00:00+00:00,2022-07-30 21:00:00+00:00,True
FULL_ADAPTIVE_LIFECYCLE_BRAIN__PRE_PROGRESS_NON_CONFIRMATION_V1,FULL_ADAPTIVE_LIFECYCLE_BRAIN__PRE_PROGRESS_NON_CONFIRMATION_V1:UNION_FOCUS:C2,UNION_FOCUS,C2,1.0,BTC-USDT,2022-07-30 14:00:00+00:00,2022-07-30 15:00:00+00:00,2022-07-31 19:00:00+00:00,28,ADAPTIVE_PROTECTION_TOUCH,24490.8,23538.016666666663,0.6739458151149047,16505.472168816108,15863.347828604876,20.631840211020137,19.829184785756095,-642.1243402112323,-682.5853652080085,ROBUSTNESS_2022,1,MOMENTUM_BREAKOUT,1,238.1958333333338,24600.6,RISK_ON,TRANSITION,23299.82083333333,,,,,True
FULL_ADAPTIVE_LIFECYCLE_BRAIN__PRE_PROGRESS_NON_CONFIRMATION_V1,FULL_ADAPTIVE_LIFECYCLE_BRAIN__PRE_PROGRESS_NON_CONFIRMATION_V1:UNION_FOCUS:C2,UNION_FOCUS,C2,1.0,ETH-USDT,2022-07-29 17:00:00+00:00,2022-07-29 18:00:00+00:00,2022-08-01 00:00:00+00:00,54,ADAPTIVE_STAGNATION_48H_CLOSE_NOT_ABOVE_ENTRY,1690.39,1684.8,9.627780602963766,16274.70405344392,16220.884759873352,20.3433800668049,20.27610594984169,-53.819293570568334,-94.43877958721492,ROBUSTNESS_2022,2,RELATIVE_STRENGTH_ROTATION,1,30.33333333333337,1765.0,RISK_ON,TRANSITION,1569.0566666666666,2022-07-30 00:00:00+00:00,1690.39,,,True
FULL_ADAPTIVE_LIFECYCLE_BRAIN__PRE_PROGRESS_NON_CONFIRMATION_V1,FULL_ADAPTIVE_LIFECYCLE_BRAIN__PRE_PROGRESS_NON_CONFIRMATION_V1:UNION_FOCUS:C2,UNION_FOCUS,C2,1.0,XRP-USDT,2022-07-31 03:00:00+00:00,2022-07-31 04:00:00+00:00,2022-08-02 04:00:00+00:00,48,ADAPTIVE_STAGNATION_48H_CLOSE_NOT_ABOVE_ENTRY,0.39073,0.37159,42230.646939897364,16500.780678826097,15692.48609639646,20.625975848532622,19.615607620495577,-808.2945824296366,-848.5361658986649,ROBUSTNESS_2022,4,RELATIVE_STRENGTH_ROTATION,1,0.0060458333333333,0.3999,RISK_ON,TRANSITION,0.3665466666666668,2022-07-31 08:00:00+00:00,0.39073,2022-07-31 16:00:00+00:00,2022-07-31 17:00:00+00:00,True
FULL_ADAPTIVE_LIFECYCLE_BRAIN__PRE_PROGRESS_NON_CONFIRMATION_V1,FULL_ADAPTIVE_LIFECYCLE_BRAIN__PRE_PROGRESS_NON_CONFIRMATION_V1:UNION_FOCUS:C2,UNION_FOCUS,C2,1.0,SOL-USDT,2022-07-31 04:00:00+00:00,2022-07-31 05:00:00+00:00,2022-08-02 05:00:00+00:00,48,ADAPTIVE_STAGNATION_48H_CLOSE_NOT_ABOVE_ENTRY,43.232,40.25,380.9315941301946,16468.434677436573,15332.496663740332,20.585543346795717,19.165620829675415,-1135.938013696241,-1175.689177872712,ROBUSTNESS_2022,3,RELATIVE_STRENGTH_ROTATION,1,0.8358750000000003,45.196,RISK_ON,TRANSITION,39.8885,2022-07-31 12:00:00+00:00,43.232,2022-08-01 00:00:00+00:00,2022-08-01 01:00:00+00:00,True
FULL_ADAPTIVE_LIFECYCLE_BRAIN__PRE_PROGRESS_NON_CONFIRMATION_V1,FULL_ADAPTIVE_LIFECYCLE_BRAIN__PRE_PROGRESS_NON_CONFIRMATION_V1:UNION_FOCUS:C2,UNION_FOCUS,C2,1.0,AVAX-USDT,2022-08-05 12:00:00+00:00,2022-08-05 13:00:00+00:00,2022-08-07 01:00:00+00:00,36,ADAPTIVE_PROTECTION_TOUCH,24.669,25.916125,652.6861900679326,16101.115622785828,16915.0968875743,20.126394528482287,21.143871109467874,813.9812647884701,772.7109991505199,ROBUSTNESS_2022,5,MOMENTUM_BREAKOUT,1,0.3286250000000003,26.935,RISK_ON,RISK_ON,25.916125,2022-08-06 00:00:00+00:00,24.669,,,True
FULL_ADAPTIVE_LIFECYCLE_BRAIN__PRE_PROGRESS_NON_CONFIRMATION_V1,FULL_ADAPTIVE_LIFECYCLE_BRAIN__PRE_PROGRESS_NON_CONFIRMATION_V1:UNION_FOCUS:C2,UNION_FOCUS,C2,1.0,AVAX-USDT,2022-08-07 13:00:00+00:00,2022-08-07 14:00:00+00:00,2022-08-08 15:00:00+00:00,25,ADAPTIVE_PROTECTION_TOUCH,27.373,29.293666666666667,593.437977027075,16244.177745162124,17383.974286372126,20.305222181452656,21.729967857965157,1139.796541210002,1097.7613511705842,ROBUSTNESS_2022,5,MOMENTUM_BREAKOUT,1,0.3948333333333336,30.873,RISK_ON,RISK_ON,29.293666666666667,2022-08-07 20:00:00+00:00,27.373,,,True
FULL_ADAPTIVE_LIFECYCLE_BRAIN__PRE_PROGRESS_NON_CONFIRMATION_V1,FULL_ADAPTIVE_LIFECYCLE_BRAIN__PRE_PROGRESS_NON_CONFIRMATION_V1:UNION_FOCUS:C2,UNION_FOCUS,C2,1.0,ADA-USDT,2022-08-05 12:00:00+00:00,2022-08-05 13:00:00+00:00,2022-08-08 17:00:00+00:00,76,ADAPTIVE_PROTECTION_TOUCH,0.516752,0.5312905000000003,31151.2928286116,16097.4928717707,16550.385942559482,20.121866089713375,20.68798242819935,452.8930707887812,412.0832222708685,ROBUSTNESS_2022,7,MOMENTUM_BREAKOUT,1,0.0045146249999999,0.549349,RISK_ON,RISK_ON,0.5312905000000003,2022-08-06 00:00:00+00:00,0.516752,2022-08-06 04:00:00+00:00,2022-08-06 05:00:00+00:00,True
FULL_ADAPTIVE_LIFECYCLE_BRAIN__PRE_PROGRESS_NON_CONFIRMATION_V1,FULL_ADAPTIVE_LIFECYCLE_BRAIN__PRE_PROGRESS_NON_CONFIRMATION_V1:UNION_FOCUS:C2,UNION_FOCUS,C2,1.0,SOL-USDT,2022-08-08 04:00:00+00:00,2022-08-08 05:00:00+00:00,2022-08-08 17:00:00+00:00,12,ADAPTIVE_PROTECTION_TOUCH,41.926,42.34283333333333,391.2723779372942,16404.485717399,16567.581086935857,20.505607146748748,20.70947635866982,163.09536953685893,121.88028603144035,ROBUSTNESS_2022,3,MOMENTUM_BREAKOUT,1,0.348291666666667,43.736,RISK_ON,RISK_ON,42.34283333333333,2022-08-08 12:00:00+00:00,41.926,,,True
FULL_ADAPTIVE_LIFECYCLE_BRAIN__PRE_PROGRESS_NON_CONFIRMATION_V1,FULL_ADAPTIVE_LIFECYCLE_BRAIN__PRE_PROGRESS_NON_CONFIRMATION_V1:UNION_FOCUS:C2,UNION_FOCUS,C2,1.0,BTC-USDT,2022-08-08 07:00:00+00:00,2022-08-08 08:00:00+00:00,2022-08-08 20:00:00+00:00,12,ADAPTIVE_PROTECTION_TOUCH,23726.5,23809.933333333334,0.6776641879712839,16078.599355900667,16135.139137983739,20.098249194875834,20.168923922479674,56.53978208307126,16.27260896571575,ROBUSTNESS_2022,1,MOMENTUM_BREAKOUT,1,108.61666666666709,24244.4,RISK_ON,RISK_ON,23809.933333333334,2022-08-08 12:00:00+00:00,23726.5,,,True
FULL_ADAPTIVE_LIFECYCLE_BRAIN__PRE_PROGRESS_NON_CONFIRMATION_V1,FULL_ADAPTIVE_LIFECYCLE_BRAIN__PRE_PROGRESS_NON_CONFIRMATION_V1:UNION_FOCUS:C2,UNION_FOCUS,C2,1.0,ETH-USDT,2022-08-05 12:00:00+00:00,2022-08-05 13:00:00+00:00,2022-08-09 10:00:00+00:00,93,ADAPTIVE_PROTECTION_TOUCH,1713.42,1737.2483333333332,9.399177778421738,16104.739189103375,16328.705930266866,20.13092398637922,20.410882412833583,223.96674116349095,183.42493476427813,ROBUSTNESS_2022,2,MOMENTUM_BREAKOUT,1,20.220416666666704,1818.13,RISK_ON,RISK_ON,1737.2483333333332,2022-08-06 00:00:00+00:00,1713.42,2022-08-06 12:00:00+00:00,2022-08-06 13:00:00+00:00,True
FULL_ADAPTIVE_LIFECYCLE_BRAIN__PRE_PROGRESS_NON_CONFIRMATION_V1,FULL_ADAPTIVE_LIFECYCLE_BRAIN__PRE_PROGRESS_NON_CONFIRMATION_V1:UNION_FOCUS:C2,UNION_FOCUS,C2,1.0,ETH-USDT,2022-08-10 13:00:00+00:00,2022-08-10 14:00:00+00:00,2022-08-12 00:00:00+00:00,34,ADAPTIVE_PROTECTION_TOUCH,1822.87,1870.7483333333332,9.09197211075227,16573.48320152699,17008.791672902957,20.716854001908736,21.260989591128695,435.3084713759672,393.33062778292975,ROBUSTNESS_2022,2,MOMENTUM_BREAKOUT,1,17.70791666666666,1941.58,RISK_ON,RISK_ON,1870.7483333333332,2022-08-11 00:00:00+00:00,1849.49,,,True
FULL_ADAPTIVE_LIFECYCLE_BRAIN__PRE_PROGRESS_NON_CONFIRMATION_V1,FULL_ADAPTIVE_LIFECYCLE_BRAIN__PRE_PROGRESS_NON_CONFIRMATION_V1:UNION_FOCUS:C2,UNION_FOCUS,C2,1.0,BTC-USDT,2022-08-11 02:00:00+00:00,2022-08-11 03:00:00+00:00,2022-08-14 03:00:00+00:00,72,PRE_PROGRESS_THESIS_NON_CONFIRMATION_72H_NO_MEMORY,24436.2,24588.2,0.6836771662873299,16706.47197083045,16810.390900106126,20.883089963538065,21.012988625132657,103.9189292756746,62.022850687003874,ROBUSTNESS_2022,1,MOMENTUM_BREAKOUT,1,226.375,24904.8,RISK_ON,RISK_ON,23304.325,,,,,True
FULL_ADAPTIVE_LIFECYCLE_BRAIN__PRE_PROGRESS_NON_CONFIRMATION_V1,FULL_ADAPTIVE_LIFECYCLE_BRAIN__PRE_PROGRESS_NON_CONFIRMATION_V1:UNION_FOCUS:C2,UNION_FOCUS,C2,1.0,ADA-USDT,2022-08-13 06:00:00+00:00,2022-08-13 07:00:00+00:00,2022-08-14 14:00:00+00:00,31,ADAPTIVE_PROTECTION_TOUCH,0.553102,0.5813842500000004,30745.725109098745,17005.522049292733,17875.080333259553,21.256902561615917,22.34385041657444,869.5582839668205,825.9575309886301,ROBUSTNESS_2022,7,MOMENTUM_BREAKOUT,1,0.0044082499999999,0.594609,RISK_ON,TRANSITION,0.5769760000000005,2022-08-13 12:00:00+00:00,0.553102,,,True
FULL_ADAPTIVE_LIFECYCLE_BRAIN__PRE_PROGRESS_NON_CONFIRMATION_V1,FULL_ADAPTIVE_LIFECYCLE_BRAIN__PRE_PROGRESS_NON_CONFIRMATION_V1:UNION_FOCUS:C2,UNION_FOCUS,C2,1.0,SOL-USDT,2022-08-11 04:00:00+00:00,2022-08-11 05:00:00+00:00,2022-08-14 14:00:00+00:00,81,ADAPTIVE_PROTECTION_GAP,43.83,46.4,379.78840509478874,16646.12579530459,17622.181996398198,20.807657244130738,22.027727495497746,976.0562010936083,933.2208163539798,ROBUSTNESS_2022,3,MOMENTUM_BREAKOUT,1,0.5989166666666662,48.362,RISK_ON,TRANSITION,45.96633333333334,2022-08-11 12:00:00+00:00,43.83,2022-08-11 16:00:00+00:00,2022-08-11 17:00:00+00:00,True
FULL_ADAPTIVE_LIFECYCLE_BRAIN__PRE_PROGRESS_NON_CONFIRMATION_V1,FULL_ADAPTIVE_LIFECYCLE_BRAIN__PRE_PROGRESS_NON_CONFIRMATION_V1:UNION_FOCUS:C2,UNION_FOCUS,C2,1.0,XRP-USDT,2022-08-14 10:00:00+00:00,2022-08-14 11:00:00+00:00,2022-08-14 14:00:00+00:00,3,ADAPTIVE_PROTECTION_TOUCH,0.39059,0.38022666666666677,43941.80954279134,17163.23138931887,16707.84776975708,21.454039236648587,20.884809712196354,-455.3836195617878,-497.7224685106327,ROBUSTNESS_2022,4,MOMENTUM_BREAKOUT,1,0.0025908333333333,0.39077,RISK_ON,TRANSITION,0.3776358333333335,,,,,True
FULL_ADAPTIVE_LIFECYCLE_BRAIN__PRE_PROGRESS_NON_CONFIRMATION_V1,FULL_ADAPTIVE_LIFECYCLE_BRAIN__PRE_PROGRESS_NON_CONFIRMATION_V1:UNION_FOCUS:C2,UNION_FOCUS,C2,1.0,ETH-USDT,2022-08-13 00:00:00+00:00,2022-08-13 01:00:00+00:00,2022-08-15 09:00:00+00:00,56,ADAPTIVE_PROTECTION_TOUCH,1958.08,1880.0299999999997,8.551550632075081,16744.620261653574,16077.171734820113,20.930775327066968,20.09646466852514,-667.4485268334611,-708.4757668290532,ROBUSTNESS_2022,2,MOMENTUM_BREAKOUT,1,19.512500000000017,2031.3,RISK_ON,RISK_ON,1880.0299999999997,2022-08-13 08:00:00+00:00,1958.08,2022-08-14 20:00:00+00:00,2022-08-14 21:00:00+00:00,True
FULL_ADAPTIVE_LIFECYCLE_BRAIN__PRE_PROGRESS_NON_CONFIRMATION_V1,FULL_ADAPTIVE_LIFECYCLE_BRAIN__PRE_PROGRESS_NON_CONFIRMATION_V1:UNION_FOCUS:C2,UNION_FOCUS,C2,1.0,BTC-USDT,2022-08-23 02:00:00+00:00,2022-08-23 03:00:00+00:00,2022-08-24 04:00:00+00:00,25,ADAPTIVE_STAGNATION_24H_CLOSE_NOT_ABOVE_ENTRY,21305.0,21198.5,0.3934699113817274,8382.876461987702,8340.971916425548,10.478595577484628,10.426214895531935,-41.90454556215445,-62.809356035171014,ROBUSTNESS_2022,2,RELATIVE_STRENGTH_ROTATION,1,182.76250000000027,21676.9,TRANSITION,RISK_OFF,20756.712499999998,2022-08-23 08:00:00+00:00,21305.0,,,True
FULL_ADAPTIVE_LIFECYCLE_BRAIN__PRE_PROGRESS_NON_CONFIRMATION_V1,FULL_ADAPTIVE_LIFECYCLE_BRAIN__PRE_PROGRESS_NON_CONFIRMATION_V1:UNION_FOCUS:C2,UNION_FOCUS,C2,1.0,ADA-USDT,2022-08-23 14:00:00+00:00,2022-08-23 15:00:00+00:00,2022-08-25 00:00:00+00:00,33,ADAPTIVE_STAGNATION_24H_CLOSE_NOT_ABOVE_ENTRY,0.463789,0.458016,18102.027884128514,8395.52141035208,8291.018403377006,10.494401762940099,10.363773004221256,-104.50300697507373,-125.36118174223509,ROBUSTNESS_2022,5,RELATIVE_STRENGTH_ROTATION,1,0.0056425833333333,0.469712,TRANSITION,RISK_OFF,0.4468612500000001,2022-08-24 00:00:00+00:00,0.46435,2022-08-24 04:00:00+00:00,2022-08-24 05:00:00+00:00,True
FULL_ADAPTIVE_LIFECYCLE_BRAIN__PRE_PROGRESS_NON_CONFIRMATION_V1,FULL_ADAPTIVE_LIFECYCLE_BRAIN__PRE_PROGRESS_NON_CONFIRMATION_V1:UNION_FOCUS:C2,UNION_FOCUS,C2,1.0,AVAX-USDT,2022-08-23 15:00:00+00:00,2022-08-23 16:00:00+00:00,2022-08-25 00:00:00+00:00,32,ADAPTIVE_STAGNATION_24H_CLOSE_NOT_ABOVE_ENTRY,23.141,23.075,362.2036379772088,8381.754386430588,8357.848946324093,10.477192983038234,10.447311182905116,-23.905440106495007,-44.82994427243836,ROBUSTNESS_2022,6,RELATIVE_STRENGTH_ROTATION,1,0.3358749999999998,23.734,TRANSITION,RISK_OFF,22.133374999999997,2022-08-23 20:00:00+00:00,23.141,2022-08-24 04:00:00+00:00,2022-08-24 05:00:00+00:00,True
FULL_ADAPTIVE_LIFECYCLE_BRAIN__PRE_PROGRESS_NON_CONFIRMATION_V1,FULL_ADAPTIVE_LIFECYCLE_BRAIN__PRE_PROGRESS_NON_CONFIRMATION_V1:UNION_FOCUS:C2,UNION_FOCUS,C2,1.0,XRP-USDT,2022-08-22 22:00:00+00:00,2022-08-22 23:00:00+00:00,2022-08-25 00:00:00+00:00,49,ADAPTIVE_PROTECTION_GAP,0.33842,0.34584,24754.717876916417,8377.491623906053,8561.171630552773,10.471864529882566,10.701464538190967,183.68000664672036,162.50667757864682,ROBUSTNESS_2022,4,RELATIVE_STRENGTH_ROTATION,1,0.0032995833333333,0.35264,TRANSITION,RISK_OFF,0.3427412500000001,2022-08-23 04:00:00+00:00,0.33842,2022-08-23 08:00:00+00:00,2022-08-23 09:00:00+00:00,True
FULL_ADAPTIVE_LIFECYCLE_BRAIN__PRE_PROGRESS_NON_CONFIRMATION_V1,FULL_ADAPTIVE_LIFECYCLE_BRAIN__PRE_PROGRESS_NON_CONFIRMATION_V1:UNION_FOCUS:C2,UNION_FOCUS,C2,1.0,ETH-USDT,2022-08-23 19:00:00+00:00,2022-08-23 20:00:00+00:00,2022-08-25 01:00:00+00:00,29,ADAPTIVE_STAGNATION_24H_CLOSE_NOT_ABOVE_ENTRY,1656.6,1656.44,5.070718739015517,8400.152663053104,8399.341348054862,10.50019082881638,10.499176685068578,-0.811314998241869,-21.810682512126828,ROBUSTNESS_2022,1,MOMENTUM_BREAKOUT,1,22.76333333333333,1694.4,TRANSITION,RISK_OFF,1588.31,2022-08-24 00:00:00+00:00,1656.6,2022-08-24 04:00:00+00:00,2022-08-24 05:00:00+00:00,True
FULL_ADAPTIVE_LIFECYCLE_BRAIN__PRE_PROGRESS_NON_CONFIRMATION_V1,FULL_ADAPTIVE_LIFECYCLE_BRAIN__PRE_PROGRESS_NON_CONFIRMATION_V1:UNION_FOCUS:C2,UNION_FOCUS,C2,1.0,ETH-USDT,2022-08-25 07:00:00+00:00,2022-08-25 08:00:00+00:00,2022-08-26 10:00:00+00:00,26,ADAPTIVE_STAGNATION_24H_CLOSE_NOT_ABOVE_ENTRY,1702.42,1659.36,4.916051397468046,8369.184220077552,8157.499046902577,10.46148027509694,10.196873808628222,-211.6851731749748,-232.34352725869996,ROBUSTNESS_2022,1,MOMENTUM_BREAKOUT,1,17.95291666666671,1722.0,TRANSITION,RISK_OFF,1630.6083333333331,2022-08-25 12:00:00+00:00,1702.42,2022-08-25 16:00:00+00:00,2022-08-25 17:00:00+00:00,True
FULL_ADAPTIVE_LIFECYCLE_BRAIN__PRE_PROGRESS_NON_CONFIRMATION_V1,FULL_ADAPTIVE_LIFECYCLE_BRAIN__PRE_PROGRESS_NON_CONFIRMATION_V1:UNION_FOCUS:C2,UNION_FOCUS,C2,1.0,ADA-USDT,2022-08-25 21:00:00+00:00,2022-08-25 22:00:00+00:00,2022-08-26 16:00:00+00:00,18,ADAPTIVE_PROTECTION_TOUCH,0.473122,0.4613038750000003,17693.015485242235,8370.954872408776,8161.856603777253,10.463693590510971,10.202320754721567,-209.09826863152284,-229.76428297675537,ROBUSTNESS_2022,5,MOMENTUM_BREAKOUT,1,0.0039393749999999,0.482179,TRANSITION,RISK_OFF,0.4613038750000003,2022-08-26 08:00:00+00:00,0.473122,2022-08-26 12:00:00+00:00,2022-08-26 13:00:00+00:00,True
FULL_ADAPTIVE_LIFECYCLE_BRAIN__PRE_PROGRESS_NON_CONFIRMATION_V1,FULL_ADAPTIVE_LIFECYCLE_BRAIN__PRE_PROGRESS_NON_CONFIRMATION_V1:UNION_FOCUS:C2,UNION_FOCUS,C2,1.0,ADA-USDT,2022-08-30 11:00:00+00:00,2022-08-30 12:00:00+00:00,2022-08-30 15:00:00+00:00,3,ADAPTIVE_PROTECTION_TOUCH,0.461738,0.4460131666666668,18041.987785828907,8330.671356253068,8046.964105318875,10.413339195316334,10.058705131648594,-283.7072509341924,-304.17929526115734,ROBUSTNESS_2022,6,MOMENTUM_BREAKOUT,1,0.0039312083333333,0.463059,TRANSITION,TRANSITION,0.4460131666666668,,,,,True
FULL_ADAPTIVE_LIFECYCLE_BRAIN__PRE_PROGRESS_NON_CONFIRMATION_V1,FULL_ADAPTIVE_LIFECYCLE_BRAIN__PRE_PROGRESS_NON_CONFIRMATION_V1:UNION_FOCUS:C2,UNION_FOCUS,C2,1.0,BTC-USDT,2022-08-30 05:00:00+00:00,2022-08-30 06:00:00+00:00,2022-08-30 15:00:00+00:00,9,ADAPTIVE_PROTECTION_TOUCH,20468.9,19911.316666666666,0.4071721644093664,8334.36631607888,8107.333903406957,10.417957895098601,10.134167379258697,-227.03241267192334,-247.58453794628062,ROBUSTNESS_2022,2,MOMENTUM_BREAKOUT,1,139.39583333333348,20577.4,TRANSITION,TRANSITION,19911.316666666666,,,,,True
FULL_ADAPTIVE_LIFECYCLE_BRAIN__PRE_PROGRESS_NON_CONFIRMATION_V1,FULL_ADAPTIVE_LIFECYCLE_BRAIN__PRE_PROGRESS_NON_CONFIRMATION_V1:UNION_FOCUS:C2,UNION_FOCUS,C2,1.0,SOL-USDT,2022-08-30 00:00:00+00:00,2022-08-30 01:00:00+00:00,2022-08-30 15:00:00+00:00,14,ADAPTIVE_PROTECTION_TOUCH,32.419,31.121125,256.87388621352795,8327.594517156362,7994.20432208698,10.409493146445453,9.992755402608726,-333.39019506938166,-353.79244361843587,ROBUSTNESS_2022,3,MOMENTUM_BREAKOUT,1,0.4326249999999998,33.153,TRANSITION,TRANSITION,31.121125,2022-08-30 08:00:00+00:00,32.419,,,True
FULL_ADAPTIVE_LIFECYCLE_BRAIN__PRE_PROGRESS_NON_CONFIRMATION_V1,FULL_ADAPTIVE_LIFECYCLE_BRAIN__PRE_PROGRESS_NON_CONFIRMATION_V1:UNION_FOCUS:C2,UNION_FOCUS,C2,1.0,ETH-USDT,2022-08-30 05:00:00+00:00,2022-08-30 06:00:00+00:00,2022-08-30 16:00:00+00:00,10,ADAPTIVE_PROTECTION_GAP,1582.43,1523.79,5.267407744913284,8335.30403778313,8026.423247621414,10.419130047228911,10.033029059526767,-308.8807901617156,-329.3329492684713,ROBUSTNESS_2022,1,MOMENTUM_BREAKOUT|RELATIVE_STRENGTH_ROTATION,2,18.865416666666658,1605.98,TRANSITION,RISK_OFF,1506.9683333333335,2022-08-30 12:00:00+00:00,1582.43,,,True
FULL_ADAPTIVE_LIFECYCLE_BRAIN__PRE_PROGRESS_NON_CONFIRMATION_V1,FULL_ADAPTIVE_LIFECYCLE_BRAIN__PRE_PROGRESS_NON_CONFIRMATION_V1:UNION_FOCUS:C2,UNION_FOCUS,C2,1.0,ETH-USDT,2022-08-31 04:00:00+00:00,2022-08-31 05:00:00+00:00,2022-09-01 15:00:00+00:00,34,ADAPTIVE_STAGNATION_24H_CLOSE_NOT_ABOVE_ENTRY,1606.65,1567.62,5.114028871756681,8216.454486807872,8016.853939943208,10.27056810850984,10.021067424929011,-199.60054686466356,-219.89218239810242,ROBUSTNESS_2022,1,MOMENTUM_BREAKOUT,1,28.76458333333333,1619.64,TRANSITION,RISK_OFF,1520.35625,,,,,True
FULL_ADAPTIVE_LIFECYCLE_BRAIN__PRE_PROGRESS_NON_CONFIRMATION_V1,FULL_ADAPTIVE_LIFECYCLE_BRAIN__PRE_PROGRESS_NON_CONFIRMATION_V1:UNION_FOCUS:C2,UNION_FOCUS,C2,1.0,AVAX-USDT,2022-09-01 06:00:00+00:00,2022-09-01 07:00:00+00:00,2022-09-02 12:00:00+00:00,29,ADAPTIVE_STAGNATION_24H_CLOSE_NOT_ABOVE_ENTRY,19.141,19.093,427.93140171298086,8191.034960188165,8170.4942529059435,10.238793700235206,10.21311781613243,-20.540707282221774,-40.99261879858941,ROBUSTNESS_2022,5,RELATIVE_STRENGTH_ROTATION,1,0.2927916666666667,19.61,TRANSITION,RISK_OFF,18.262625,2022-09-01 12:00:00+00:00,19.141,2022-09-01 16:00:00+00:00,2022-09-01 17:00:00+00:00,True
FULL_ADAPTIVE_LIFECYCLE_BRAIN__PRE_PROGRESS_NON_CONFIRMATION_V1,FULL_ADAPTIVE_LIFECYCLE_BRAIN__PRE_PROGRESS_NON_CONFIRMATION_V1:UNION_FOCUS:C2,UNION_FOCUS,C2,1.0,ADA-USDT,2022-09-02 16:00:00+00:00,2022-09-02 17:00:00+00:00,2022-09-02 20:00:00+00:00,3,ADAPTIVE_PROTECTION_TOUCH,0.465292,0.4498725,17608.243543194745,8192.974854700169,7921.464543385878,10.241218568375212,9.901830679232347,-271.51031131429136,-291.6533605618989,ROBUSTNESS_2022,6,MOMENTUM_BREAKOUT,1,0.003854875,0.46571,TRANSITION,TRANSITION,0.4498725,,,,,True
FULL_ADAPTIVE_LIFECYCLE_BRAIN__PRE_PROGRESS_NON_CONFIRMATION_V1,FULL_ADAPTIVE_LIFECYCLE_BRAIN__PRE_PROGRESS_NON_CONFIRMATION_V1:UNION_FOCUS:C2,UNION_FOCUS,C2,1.0,BTC-USDT,2022-09-06 01:00:00+00:00,2022-09-06 02:00:00+00:00,2022-09-06 03:00:00+00:00,1,ADAPTIVE_PROTECTION_GAP,20097.4,19774.3,0.40635734235521,8166.726052249598,8035.431994934628,10.208407565311997,10.044289993668285,-131.2940573149699,-151.5467548739502,ROBUSTNESS_2022,2,MOMENTUM_BREAKOUT,1,103.87916666666706,20176.0,TRANSITION,RISK_OFF,19681.88333333333,,,,,True
FULL_ADAPTIVE_LIFECYCLE_BRAIN__PRE_PROGRESS_NON_CONFIRMATION_V1,FULL_ADAPTIVE_LIFECYCLE_BRAIN__PRE_PROGRESS_NON_CONFIRMATION_V1:UNION_FOCUS:C2,UNION_FOCUS,C2,1.0,SOL-USDT,2022-09-06 01:00:00+00:00,2022-09-06 02:00:00+00:00,2022-09-06 03:00:00+00:00,1,ADAPTIVE_PROTECTION_TOUCH,33.174,32.3645,246.15081978563697,8165.80729556872,7966.548206952248,10.2072591194609,9.95818525869031,-199.25908861647258,-219.4245329946238,ROBUSTNESS_2022,3,MOMENTUM_BREAKOUT,1,0.2698333333333338,33.484,TRANSITION,RISK_OFF,32.09466666666666,,,,,True
FULL_ADAPTIVE_LIFECYCLE_BRAIN__PRE_PROGRESS_NON_CONFIRMATION_V1,FULL_ADAPTIVE_LIFECYCLE_BRAIN__PRE_PROGRESS_NON_CONFIRMATION_V1:UNION_FOCUS:C2,UNION_FOCUS,C2,1.0,XRP-USDT,2022-09-06 01:00:00+00:00,2022-09-06 02:00:00+00:00,2022-09-06 03:00:00+00:00,1,ADAPTIVE_PROTECTION_GAP,0.34141,0.33479,23915.200615822527,8164.888642247969,8006.570014171223,10.206110802809961,10.008212517714028,-158.31862807674588,-178.53295139726987,ROBUSTNESS_2022,4,MOMENTUM_BREAKOUT,1,0.0019370833333333,0.34312,TRANSITION,RISK_OFF,0.3336616666666668,,,,,True
FULL_ADAPTIVE_LIFECYCLE_BRAIN__PRE_PROGRESS_NON_CONFIRMATION_V1,FULL_ADAPTIVE_LIFECYCLE_BRAIN__PRE_PROGRESS_NON_CONFIRMATION_V1:UNION_FOCUS:C2,UNION_FOCUS,C2,1.0,ETH-USDT,2022-09-06 12:00:00+00:00,2022-09-06 13:00:00+00:00,2022-09-06 18:00:00+00:00,5,ADAPTIVE_PROTECTION_TOUCH,1668.29,1608.395,4.865623285349473,8117.270670715673,7825.844164039666,10.146588338394592,9.782305205049582,-291.4265066760072,-311.3554002194513,ROBUSTNESS_2022,1,RELATIVE_STRENGTH_ROTATION,1,19.965,1687.4,TRANSITION,RISK_OFF,1608.395,,,,,True
FULL_ADAPTIVE_LIFECYCLE_BRAIN__PRE_PROGRESS_NON_CONFIRMATION_V1,FULL_ADAPTIVE_LIFECYCLE_BRAIN__PRE_PROGRESS_NON_CONFIRMATION_V1:UNION_FOCUS:C2,UNION_FOCUS,C2,1.0,SOL-USDT,2022-09-06 16:00:00+00:00,2022-09-06 17:00:00+00:00,2022-09-06 18:00:00+00:00,1,ADAPTIVE_PROTECTION_TOUCH,33.794,32.447874999999996,240.19448930444977,8117.1325715545745,7793.800764639623,10.146415714443219,9.742250955799529,-323.3318069149518,-343.22047358519455,ROBUSTNESS_2022,3,MOMENTUM_BREAKOUT|RELATIVE_STRENGTH_ROTATION,2,0.4487083333333328,33.845,TRANSITION,RISK_OFF,31.999166666666667,,,,,True
FULL_ADAPTIVE_LIFECYCLE_BRAIN__PRE_PROGRESS_NON_CONFIRMATION_V1,FULL_ADAPTIVE_LIFECYCLE_BRAIN__PRE_PROGRESS_NON_CONFIRMATION_V1:UNION_FOCUS:C2,UNION_FOCUS,C2,1.0,BTC-USDT,2022-09-09 05:00:00+00:00,2022-09-09 06:00:00+00:00,2022-09-10 01:00:00+00:00,19,ADAPTIVE_PROTECTION_TOUCH,20356.8,21160.75,0.3961336991786914,8064.014487440785,8382.486174895494,10.080018109300982,10.478107718619368,318.47168745470844,297.9135616267881,ROBUSTNESS_2022,2,MOMENTUM_BREAKOUT,1,155.8166666666666,21628.2,TRANSITION,TRANSITION,20967.25,2022-09-09 12:00:00+00:00,20356.8,,,True
FULL_ADAPTIVE_LIFECYCLE_BRAIN__PRE_PROGRESS_NON_CONFIRMATION_V1,FULL_ADAPTIVE_LIFECYCLE_BRAIN__PRE_PROGRESS_NON_CONFIRMATION_V1:UNION_FOCUS:C2,UNION_FOCUS,C2,1.0,SOL-USDT,2022-09-09 04:00:00+00:00,2022-09-09 05:00:00+00:00,2022-09-11 06:00:00+00:00,49,ADAPTIVE_STAGNATION_48H_CLOSE_NOT_ABOVE_ENTRY,34.76,34.691,231.82850523801076,8058.358842073254,8042.362675211832,10.072948552591567,10.05295334401479,-15.996166861422353,-36.12206875802871,ROBUSTNESS_2022,3,MOMENTUM_BREAKOUT,1,0.4786666666666666,35.954,TRANSITION,TRANSITION,32.84533333333333,2022-09-09 12:00:00+00:00,34.76,2022-09-10 00:00:00+00:00,2022-09-10 01:00:00+00:00,True
FULL_ADAPTIVE_LIFECYCLE_BRAIN__PRE_PROGRESS_NON_CONFIRMATION_V1,FULL_ADAPTIVE_LIFECYCLE_BRAIN__PRE_PROGRESS_NON_CONFIRMATION_V1:UNION_FOCUS:C2,UNION_FOCUS,C2,1.0,ETH-USDT,2022-09-09 05:00:00+00:00,2022-09-09 06:00:00+00:00,2022-09-11 22:00:00+00:00,64,ADAPTIVE_PROTECTION_TOUCH,1695.74,1724.7962499999999,4.755989592238367,8064.921791142288,8203.113013731765,10.08115223892786,10.253891267164706,138.19122258947664,117.85617908338406,ROBUSTNESS_2022,1,MOMENTUM_BREAKOUT,1,21.734583333333365,1790.0,TRANSITION,TRANSITION,1724.7962499999999,2022-09-09 12:00:00+00:00,1695.74,,,True
FULL_ADAPTIVE_LIFECYCLE_BRAIN__PRE_PROGRESS_NON_CONFIRMATION_V1,FULL_ADAPTIVE_LIFECYCLE_BRAIN__PRE_PROGRESS_NON_CONFIRMATION_V1:UNION_FOCUS:C2,UNION_FOCUS,C2,1.0,AVAX-USDT,2022-09-10 01:00:00+00:00,2022-09-10 02:00:00+00:00,2022-09-12 02:00:00+00:00,48,ADAPTIVE_STAGNATION_48H_CLOSE_NOT_ABOVE_ENTRY,20.759,20.152,390.6503772460324,8109.511181250387,7872.3864022620455,10.136888976562984,9.840483002827558,-237.12477898834186,-257.10215096773237,ROBUSTNESS_2022,5,RELATIVE_STRENGTH_ROTATION,1,0.2562500000000003,21.174,TRANSITION,TRANSITION,19.733999999999998,,,,,True
FULL_ADAPTIVE_LIFECYCLE_BRAIN__PRE_PROGRESS_NON_CONFIRMATION_V1,FULL_ADAPTIVE_LIFECYCLE_BRAIN__PRE_PROGRESS_NON_CONFIRMATION_V1:UNION_FOCUS:C2,UNION_FOCUS,C2,1.0,ADA-USDT,2022-09-10 02:00:00+00:00,2022-09-10 03:00:00+00:00,2022-09-12 03:00:00+00:00,48,ADAPTIVE_STAGNATION_48H_CLOSE_NOT_ABOVE_ENTRY,0.517373,0.51291,15665.400823050495,8104.855420024103,8034.940736150829,10.131069275030129,10.043675920188537,-69.91468387327404,-90.0894290684927,ROBUSTNESS_2022,6,MOMENTUM_BREAKOUT,1,0.0058074583333333,0.52417,TRANSITION,TRANSITION,0.4941431666666668,,,,,True
FULL_ADAPTIVE_LIFECYCLE_BRAIN__PRE_PROGRESS_NON_CONFIRMATION_V1,FULL_ADAPTIVE_LIFECYCLE_BRAIN__PRE_PROGRESS_NON_CONFIRMATION_V1:UNION_FOCUS:C2,UNION_FOCUS,C2,1.0,AVAX-USDT,2022-09-12 11:00:00+00:00,2022-09-12 12:00:00+00:00,2022-09-13 13:00:00+00:00,25,ADAPTIVE_PROTECTION_TOUCH,21.493,20.2035,376.2616924364053,8086.992555535659,7601.803103138915,10.108740694419575,9.502253878923643,-485.18945239674485,-504.80044697008805,ROBUSTNESS_2022,8,MOMENTUM_BREAKOUT|RELATIVE_STRENGTH_ROTATION,2,0.3223750000000002,21.911,TRANSITION,TRANSITION,20.2035,,,,,True
FULL_ADAPTIVE_LIFECYCLE_BRAIN__PRE_PROGRESS_NON_CONFIRMATION_V1,FULL_ADAPTIVE_LIFECYCLE_BRAIN__PRE_PROGRESS_NON_CONFIRMATION_V1:UNION_FOCUS:C2,UNION_FOCUS,C2,1.0,BTC-USDT,2022-09-12 02:00:00+00:00,2022-09-12 03:00:00+00:00,2022-09-13 13:00:00+00:00,34,ADAPTIVE_PROTECTION_TOUCH,22041.2,22221.387499999997,0.36642504235502277,8076.447643555528,8142.472855874872,10.09555955444441,10.17809106984359,66.02521231934406,45.75156169505607,ROBUSTNESS_2022,1,MOMENTUM_BREAKOUT,1,162.57083333333335,22709.1,TRANSITION,TRANSITION,21390.916666666668,2022-09-12 08:00:00+00:00,22041.2,,,True
FULL_ADAPTIVE_LIFECYCLE_BRAIN__PRE_PROGRESS_NON_CONFIRMATION_V1,FULL_ADAPTIVE_LIFECYCLE_BRAIN__PRE_PROGRESS_NON_CONFIRMATION_V1:UNION_FOCUS:C2,UNION_FOCUS,C2,1.0,XRP-USDT,2022-09-09 05:00:00+00:00,2022-09-09 06:00:00+00:00,2022-09-13 14:00:00+00:00,104,ADAPTIVE_STAGNATION_48H_CLOSE_NOT_ABOVE_ENTRY,0.34851,0.34318,23135.942399962554,8063.107285810949,7939.792712819149,10.078884107263686,9.924740891023935,-123.31457299180056,-143.31819799008818,ROBUSTNESS_2022,4,MOMENTUM_BREAKOUT,1,0.0037316666666666,0.362,TRANSITION,TRANSITION,0.33358333333333356,2022-09-09 12:00:00+00:00,0.34851,2022-09-09 16:00:00+00:00,2022-09-09 17:00:00+00:00,True
FULL_ADAPTIVE_LIFECYCLE_BRAIN__PRE_PROGRESS_NON_CONFIRMATION_V1,FULL_ADAPTIVE_LIFECYCLE_BRAIN__PRE_PROGRESS_NON_CONFIRMATION_V1:UNION_FOCUS:C2,UNION_FOCUS,C2,1.0,SOL-USDT,2022-09-12 10:00:00+00:00,2022-09-12 11:00:00+00:00,2022-09-13 15:00:00+00:00,28,ADAPTIVE_PROTECTION_TOUCH,37.433,35.24366666666666,215.7738313580933,8077.061829227507,7604.660987774187,10.096327286534384,9.505826234717734,-472.40084145332,-492.0029949745722,ROBUSTNESS_2022,5,MOMENTUM_BREAKOUT,1,0.547333333333334,38.999,TRANSITION,TRANSITION,35.24366666666666,2022-09-13 04:00:00+00:00,38.38,,,True
FULL_ADAPTIVE_LIFECYCLE_BRAIN__PRE_PROGRESS_NON_CONFIRMATION_V1,FULL_ADAPTIVE_LIFECYCLE_BRAIN__PRE_PROGRESS_NON_CONFIRMATION_V1:UNION_FOCUS:C2,UNION_FOCUS,C2,1.0,BTC-USDT,2022-09-21 18:00:00+00:00,2022-09-21 19:00:00+00:00,2022-09-21 19:00:00+00:00,0,ADAPTIVE_PROTECTION_TOUCH,19857.8,19164.88333333333,0.40099037070088905,7962.786583304114,7684.933672272623,9.953483229130143,9.60616709034078,-277.8529110314912,-297.4125613509621,ROBUSTNESS_2022,1,MOMENTUM_BREAKOUT,1,173.22916666666697,19857.8,TRANSITION,TRANSITION,,,,,,True
FULL_ADAPTIVE_LIFECYCLE_BRAIN__PRE_PROGRESS_NON_CONFIRMATION_V1,FULL_ADAPTIVE_LIFECYCLE_BRAIN__PRE_PROGRESS_NON_CONFIRMATION_V1:UNION_FOCUS:C2,UNION_FOCUS,C2,1.0,ETH-USDT,2022-09-21 18:00:00+00:00,2022-09-21 19:00:00+00:00,2022-09-21 19:00:00+00:00,0,ADAPTIVE_PROTECTION_TOUCH,1400.34,1336.8733333333332,5.667209001230079,7936.019452782528,7576.340588171126,9.92002431597816,9.470425735213908,-359.6788646114019,-379.0693146625939,ROBUSTNESS_2022,2,MOMENTUM_BREAKOUT,1,15.866666666666674,1400.34,TRANSITION,TRANSITION,,,,,,True
FULL_ADAPTIVE_LIFECYCLE_BRAIN__PRE_PROGRESS_NON_CONFIRMATION_V1,FULL_ADAPTIVE_LIFECYCLE_BRAIN__PRE_PROGRESS_NON_CONFIRMATION_V1:UNION_FOCUS:C2,UNION_FOCUS,C2,1.0,ADA-USDT,2022-09-23 04:00:00+00:00,2022-09-23 05:00:00+00:00,2022-09-23 09:00:00+00:00,4,ADAPTIVE_PROTECTION_TOUCH,0.477719,0.45906800000000003,16539.041257206158,7901.014250351268,7592.544591863117,9.876267812939085,9.490680739828896,-308.46965848815125,-327.83660704091926,ROBUSTNESS_2022,6,MOMENTUM_BREAKOUT,1,0.006217,0.478509,TRANSITION,RISK_OFF,0.45906800000000003,,,,,True
FULL_ADAPTIVE_LIFECYCLE_BRAIN__PRE_PROGRESS_NON_CONFIRMATION_V1,FULL_ADAPTIVE_LIFECYCLE_BRAIN__PRE_PROGRESS_NON_CONFIRMATION_V1:UNION_FOCUS:C2,UNION_FOCUS,C2,1.0,XRP-USDT,2022-09-23 04:00:00+00:00,2022-09-23 05:00:00+00:00,2022-09-23 09:00:00+00:00,4,ADAPTIVE_PROTECTION_TOUCH,0.53883,0.49835125000000025,14664.928111766038,7901.9032144628945,7308.285255658748,9.877379018078619,9.135356569573435,-593.6179588041468,-612.6306943917989,ROBUSTNESS_2022,4,MOMENTUM_BREAKOUT,1,0.0134929166666666,0.55894,TRANSITION,RISK_OFF,0.49835125000000025,,,,,True
FULL_ADAPTIVE_LIFECYCLE_BRAIN__PRE_PROGRESS_NON_CONFIRMATION_V1,FULL_ADAPTIVE_LIFECYCLE_BRAIN__PRE_PROGRESS_NON_CONFIRMATION_V1:UNION_FOCUS:C2,UNION_FOCUS,C2,1.0,SOL-USDT,2022-09-23 22:00:00+00:00,2022-09-23 23:00:00+00:00,2022-09-25 18:00:00+00:00,43,ADAPTIVE_STAGNATION_24H_CLOSE_NOT_ABOVE_ENTRY,33.511,32.896,233.27448173238486,7817.26115733395,7673.797351068532,9.771576446667437,9.592246688835665,-143.4638062654176,-162.8276294009207,ROBUSTNESS_2022,5,MOMENTUM_BREAKOUT,1,0.4759166666666667,34.88,TRANSITION,RISK_OFF,32.08325,2022-09-24 04:00:00+00:00,33.511,2022-09-25 00:00:00+00:00,2022-09-25 01:00:00+00:00,True
FULL_ADAPTIVE_LIFECYCLE_BRAIN__PRE_PROGRESS_NON_CONFIRMATION_V1,FULL_ADAPTIVE_LIFECYCLE_BRAIN__PRE_PROGRESS_NON_CONFIRMATION_V1:UNION_FOCUS:C2,UNION_FOCUS,C2,1.0,BTC-USDT,2022-09-27 01:00:00+00:00,2022-09-27 02:00:00+00:00,2022-09-27 17:00:00+00:00,15,ADAPTIVE_PROTECTION_TOUCH,19346.1,19857.975,0.4033167755096824,7802.606670687866,8009.054445151885,9.753258338359833,10.011318056439857,206.44777446401895,186.68319806921926,ROBUSTNESS_2022,1,MOMENTUM_BREAKOUT,1,174.0083333333338,20380.0,TRANSITION,TRANSITION,19857.975,2022-09-27 08:00:00+00:00,19346.1,,,True
FULL_ADAPTIVE_LIFECYCLE_BRAIN__PRE_PROGRESS_NON_CONFIRMATION_V1,FULL_ADAPTIVE_LIFECYCLE_BRAIN__PRE_PROGRESS_NON_CONFIRMATION_V1:UNION_FOCUS:C2,UNION_FOCUS,C2,1.0,ETH-USDT,2022-09-27 02:00:00+00:00,2022-09-27 03:00:00+00:00,2022-09-27 19:00:00+00:00,16,ADAPTIVE_PROTECTION_GAP,1366.69,1314.19,5.719639604849439,7816.97425155168,7516.693172297085,9.7712178144396,9.395866465371356,-300.28107925459517,-319.4481635344061,ROBUSTNESS_2022,2,MOMENTUM_BREAKOUT,1,16.19625000000003,1400.27,TRANSITION,RISK_OFF,1301.905,2022-09-27 08:00:00+00:00,1366.69,2022-09-27 16:00:00+00:00,2022-09-27 17:00:00+00:00,True
FULL_ADAPTIVE_LIFECYCLE_BRAIN__PRE_PROGRESS_NON_CONFIRMATION_V1,FULL_ADAPTIVE_LIFECYCLE_BRAIN__PRE_PROGRESS_NON_CONFIRMATION_V1:UNION_FOCUS:C2,UNION_FOCUS,C2,1.0,XRP-USDT,2022-09-29 22:00:00+00:00,2022-09-29 23:00:00+00:00,2022-09-30 03:00:00+00:00,4,ADAPTIVE_PROTECTION_TOUCH,0.49861,0.4754212500000001,15633.604453320662,7795.071516470215,7432.547771203277,9.743839395587768,9.290684714004097,-362.523745266938,-381.5582693765299,ROBUSTNESS_2022,4,MOMENTUM_BREAKOUT|RELATIVE_STRENGTH_ROTATION,2,0.0077295833333333,0.5015,TRANSITION,RISK_OFF,0.4676916666666668,,,,,True
FULL_ADAPTIVE_LIFECYCLE_BRAIN__PRE_PROGRESS_NON_CONFIRMATION_V1,FULL_ADAPTIVE_LIFECYCLE_BRAIN__PRE_PROGRESS_NON_CONFIRMATION_V1:UNION_FOCUS:C2,UNION_FOCUS,C2,1.0,SOL-USDT,2022-09-29 10:00:00+00:00,2022-09-29 11:00:00+00:00,2022-10-01 11:00:00+00:00,48,ADAPTIVE_STAGNATION_48H_CLOSE_NOT_ABOVE_ENTRY,33.708,33.108,231.12192428491758,7790.657823796001,7651.98466922505,9.738322279745002,9.564980836531314,-138.67315457095083,-157.97645768722714,ROBUSTNESS_2022,5,RELATIVE_STRENGTH_ROTATION,1,0.4335416666666658,35.207,TRANSITION,TRANSITION,32.407375,2022-09-29 16:00:00+00:00,33.708,2022-10-01 00:00:00+00:00,2022-10-01 01:00:00+00:00,True
FULL_ADAPTIVE_LIFECYCLE_BRAIN__PRE_PROGRESS_NON_CONFIRMATION_V1,FULL_ADAPTIVE_LIFECYCLE_BRAIN__PRE_PROGRESS_NON_CONFIRMATION_V1:UNION_FOCUS:C2,UNION_FOCUS,C2,1.0,BTC-USDT,2022-09-29 19:00:00+00:00,2022-09-29 20:00:00+00:00,2022-10-01 18:00:00+00:00,46,ADAPTIVE_STAGNATION_24H_CLOSE_NOT_ABOVE_ENTRY,19298.1,19290.1,0.40357235685666104,7788.17969985553,7784.951121000677,9.735224624819413,9.731188901250846,-3.2285788548533674,-22.694992380923626,ROBUSTNESS_2022,1,RELATIVE_STRENGTH_ROTATION,1,220.27916666666715,20177.9,TRANSITION,RISK_OFF,18637.262499999997,2022-09-30 00:00:00+00:00,19298.1,,,True
FULL_ADAPTIVE_LIFECYCLE_BRAIN__PRE_PROGRESS_NON_CONFIRMATION_V1,FULL_ADAPTIVE_LIFECYCLE_BRAIN__PRE_PROGRESS_NON_CONFIRMATION_V1:UNION_FOCUS:C2,UNION_FOCUS,C2,1.0,XRP-USDT,2022-09-30 18:00:00+00:00,2022-09-30 19:00:00+00:00,2022-10-01 19:00:00+00:00,24,ADAPTIVE_STAGNATION_24H_CLOSE_NOT_ABOVE_ENTRY,0.49427,0.47418,15732.576176054165,7776.140426538292,7460.072971161364,9.720175533172865,9.325091213951705,-316.0674553769277,-335.11272212405225,ROBUSTNESS_2022,4,RELATIVE_STRENGTH_ROTATION,1,0.0119845833333333,0.4989,TRANSITION,RISK_OFF,0.4583162500000001,,,,,True
FULL_ADAPTIVE_LIFECYCLE_BRAIN__PRE_PROGRESS_NON_CONFIRMATION_V1,FULL_ADAPTIVE_LIFECYCLE_BRAIN__PRE_PROGRESS_NON_CONFIRMATION_V1:UNION_FOCUS:C2,UNION_FOCUS,C2,1.0,LUNC-USDT,2022-09-30 19:00:00+00:00,2022-09-30 20:00:00+00:00,2022-10-01 20:00:00+00:00,24,ADAPTIVE_STAGNATION_24H_CLOSE_NOT_ABOVE_ENTRY,0.00030385,0.00030241,25548036.205427025,7762.770801019001,7725.981628883187,9.70346350127375,9.657477036103984,-36.789172135813715,-56.15011267319145,ROBUSTNESS_2022,3,RELATIVE_STRENGTH_ROTATION,1,6.035000000000003e-06,0.000309,TRANSITION,RISK_OFF,0.00028574499999999996,,,,,True
FULL_ADAPTIVE_LIFECYCLE_BRAIN__PRE_PROGRESS_NON_CONFIRMATION_V1,FULL_ADAPTIVE_LIFECYCLE_BRAIN__PRE_PROGRESS_NON_CONFIRMATION_V1:UNION_FOCUS:C2,UNION_FOCUS,C2,1.0,BTC-USDT,2022-10-04 07:00:00+00:00,2022-10-04 08:00:00+00:00,2022-10-05 05:00:00+00:00,21,ADAPTIVE_PROTECTION_TOUCH,19841.5,20095.350000000002,0.3883196075858291,7704.843493914228,7803.418426299892,9.631054367392785,9.754273032874865,98.5749323856644,79.18960498539676,ROBUSTNESS_2022,1,MOMENTUM_BREAKOUT,1,122.01666666666628,20461.4,TRANSITION,TRANSITION,20095.350000000002,2022-10-04 12:00:00+00:00,19841.5,,,True
FULL_ADAPTIVE_LIFECYCLE_BRAIN__PRE_PROGRESS_NON_CONFIRMATION_V1,FULL_ADAPTIVE_LIFECYCLE_BRAIN__PRE_PROGRESS_NON_CONFIRMATION_V1:UNION_FOCUS:C2,UNION_FOCUS,C2,1.0,ETH-USDT,2022-10-04 07:00:00+00:00,2022-10-04 08:00:00+00:00,2022-10-06 15:00:00+00:00,55,ADAPTIVE_PROTECTION_TOUCH,1338.04,1354.40375,5.757657991555681,7703.976699021163,7798.1935749804825,9.629970873776454,9.747741968725604,94.21687595931962,74.83916311681756,ROBUSTNESS_2022,2,MOMENTUM_BREAKOUT,1,9.76208333333336,1383.69,TRANSITION,TRANSITION,1354.40375,2022-10-04 12:00:00+00:00,1338.04,2022-10-05 12:00:00+00:00,2022-10-05 13:00:00+00:00,True
FULL_ADAPTIVE_LIFECYCLE_BRAIN__PRE_PROGRESS_NON_CONFIRMATION_V1,FULL_ADAPTIVE_LIFECYCLE_BRAIN__PRE_PROGRESS_NON_CONFIRMATION_V1:UNION_FOCUS:C2,UNION_FOCUS,C2,1.0,SOL-USDT,2022-10-04 07:00:00+00:00,2022-10-04 08:00:00+00:00,2022-10-06 23:00:00+00:00,63,ADAPTIVE_STAGNATION_48H_CLOSE_NOT_ABOVE_ENTRY,33.616,33.435,229.15010714072235,7703.110001642523,7661.633832250052,9.628887502053153,9.577042290312566,-41.47616939247018,-60.682099184835906,ROBUSTNESS_2022,5,MOMENTUM_BREAKOUT,1,0.2682500000000007,34.5,TRANSITION,TRANSITION,32.543,2022-10-04 12:00:00+00:00,33.616,2022-10-05 12:00:00+00:00,2022-10-05 13:00:00+00:00,True
FULL_ADAPTIVE_LIFECYCLE_BRAIN__PRE_PROGRESS_NON_CONFIRMATION_V1,FULL_ADAPTIVE_LIFECYCLE_BRAIN__PRE_PROGRESS_NON_CONFIRMATION_V1:UNION_FOCUS:C2,UNION_FOCUS,C2,1.0,XRP-USDT,2022-10-05 06:00:00+00:00,2022-10-05 07:00:00+00:00,2022-10-07 07:00:00+00:00,48,ADAPTIVE_STAGNATION_48H_CLOSE_NOT_ABOVE_ENTRY,0.48948,0.48906,15788.2067928886,7728.011460983113,7721.380414130099,9.660014326228891,9.651725517662625,-6.631046853013686,-25.942786696905202,ROBUSTNESS_2022,4,MOMENTUM_BREAKOUT,1,0.0062329166666666,0.50601,TRANSITION,TRANSITION,0.4645483333333336,2022-10-05 20:00:00+00:00,0.49237,2022-10-06 00:00:00+00:00,2022-10-06 01:00:00+00:00,True
FULL_ADAPTIVE_LIFECYCLE_BRAIN__PRE_PROGRESS_NON_CONFIRMATION_V1,FULL_ADAPTIVE_LIFECYCLE_BRAIN__PRE_PROGRESS_NON_CONFIRMATION_V1:UNION_FOCUS:C2,UNION_FOCUS,C2,1.0,BTC-USDT,2022-10-13 19:00:00+00:00,2022-10-13 20:00:00+00:00,2022-10-15 10:00:00+00:00,38,ADAPTIVE_STAGNATION_24H_CLOSE_NOT_ABOVE_ENTRY,19421.1,19068.7,0.39703774983466805,7710.909843314071,7570.993740272335,9.63863730414259,9.46374217534042,-139.91610304173537,-159.01848252121837,ROBUSTNESS_2022,1,MOMENTUM_BREAKOUT,1,167.6958333333332,19952.2,TRANSITION,RISK_OFF,18750.316666666666,2022-10-14 04:00:00+00:00,19492.3,2022-10-14 16:00:00+00:00,2022-10-14 17:00:00+00:00,True
FULL_ADAPTIVE_LIFECYCLE_BRAIN__PRE_PROGRESS_NON_CONFIRMATION_V1,FULL_ADAPTIVE_LIFECYCLE_BRAIN__PRE_PROGRESS_NON_CONFIRMATION_V1:UNION_FOCUS:C2,UNION_FOCUS,C2,1.0,ETH-USDT,2022-10-14 02:00:00+00:00,2022-10-14 03:00:00+00:00,2022-10-15 10:00:00+00:00,31,ADAPTIVE_STAGNATION_24H_CLOSE_NOT_ABOVE_ENTRY,1328.83,1280.37,5.821553153182968,7735.854476544123,7453.742010740876,9.669818095680155,9.317177513426095,-282.1124658032468,-301.09946141235304,ROBUSTNESS_2022,2,MOMENTUM_BREAKOUT,1,17.62833333333332,1343.24,TRANSITION,RISK_OFF,1258.3166666666666,,,,,True
FULL_ADAPTIVE_LIFECYCLE_BRAIN__PRE_PROGRESS_NON_CONFIRMATION_V1,FULL_ADAPTIVE_LIFECYCLE_BRAIN__PRE_PROGRESS_NON_CONFIRMATION_V1:UNION_FOCUS:C2,UNION_FOCUS,C2,1.0,LUNC-USDT,2022-10-14 01:00:00+00:00,2022-10-14 02:00:00+00:00,2022-10-15 10:00:00+00:00,32,ADAPTIVE_STAGNATION_24H_CLOSE_NOT_ABOVE_ENTRY,0.00027919,0.00027048,27613987.76844229,7709.549245071404,7469.031411608272,9.636936556339254,9.33628926451034,-240.51783346313186,-259.4910592839815,ROBUSTNESS_2022,4,RELATIVE_STRENGTH_ROTATION,1,6.356666666666664e-06,0.00028995,TRANSITION,RISK_OFF,0.0002537633333333334,2022-10-14 08:00:00+00:00,0.00027919,2022-10-14 12:00:00+00:00,2022-10-14 13:00:00+00:00,True
FULL_ADAPTIVE_LIFECYCLE_BRAIN__PRE_PROGRESS_NON_CONFIRMATION_V1,FULL_ADAPTIVE_LIFECYCLE_BRAIN__PRE_PROGRESS_NON_CONFIRMATION_V1:UNION_FOCUS:C2,UNION_FOCUS,C2,1.0,XRP-USDT,2022-10-14 03:00:00+00:00,2022-10-14 04:00:00+00:00,2022-10-15 10:00:00+00:00,30,ADAPTIVE_STAGNATION_24H_CLOSE_NOT_ABOVE_ENTRY,0.50373,0.47939,15366.823107598011,7740.729803990346,7366.701329551411,9.675912254987933,9.208376661939264,-374.0284744389355,-392.9127633558627,ROBUSTNESS_2022,3,MOMENTUM_BREAKOUT,1,0.0089670833333333,0.513,TRANSITION,RISK_OFF,0.46786166666666684,,,,,True
FULL_ADAPTIVE_LIFECYCLE_BRAIN__PRE_PROGRESS_NON_CONFIRMATION_V1,FULL_ADAPTIVE_LIFECYCLE_BRAIN__PRE_PROGRESS_NON_CONFIRMATION_V1:UNION_FOCUS:C2,UNION_FOCUS,C2,1.0,XRP-USDT,2022-10-16 02:00:00+00:00,2022-10-16 03:00:00+00:00,2022-10-16 19:00:00+00:00,16,ADAPTIVE_PROTECTION_GAP,0.48623,0.47356,15652.63945935558,7610.782884322463,7412.463942372428,9.51347860540308,9.265579927965536,-198.31894195003497,-217.09800048340358,ROBUSTNESS_2022,3,RELATIVE_STRENGTH_ROTATION,1,0.0035370833333333,0.48736,TRANSITION,RISK_OFF,0.4720816666666668,,,,,True
FULL_ADAPTIVE_LIFECYCLE_BRAIN__PRE_PROGRESS_NON_CONFIRMATION_V1,FULL_ADAPTIVE_LIFECYCLE_BRAIN__PRE_PROGRESS_NON_CONFIRMATION_V1:UNION_FOCUS:C2,UNION_FOCUS,C2,1.0,ETH-USDT,2022-10-16 13:00:00+00:00,2022-10-16 14:00:00+00:00,2022-10-16 22:00:00+00:00,8,ADAPTIVE_PROTECTION_TOUCH,1282.26,1302.49,5.930404048939868,7604.319895793636,7724.29196970369,9.505399869742044,9.655364962129612,119.97207391005395,100.81130907818229,ROBUSTNESS_2022,2,RELATIVE_STRENGTH_ROTATION,1,6.609999999999995,1315.71,TRANSITION,RISK_OFF,1289.27,2022-10-16 20:00:00+00:00,1282.26,,,True
FULL_ADAPTIVE_LIFECYCLE_BRAIN__PRE_PROGRESS_NON_CONFIRMATION_V1,FULL_ADAPTIVE_LIFECYCLE_BRAIN__PRE_PROGRESS_NON_CONFIRMATION_V1:UNION_FOCUS:C2,UNION_FOCUS,C2,1.0,ETH-USDT,2022-10-17 20:00:00+00:00,2022-10-17 21:00:00+00:00,2022-10-19 15:00:00+00:00,42,ADAPTIVE_STAGNATION_24H_CLOSE_NOT_ABOVE_ENTRY,1325.68,1293.35,5.734165119079037,7601.668015060699,7416.282456760872,9.502085018825873,9.27035307095109,-185.3855582998267,-204.15799638960368,ROBUSTNESS_2022,2,RELATIVE_STRENGTH_ROTATION,1,11.40958333333335,1342.04,TRANSITION,RISK_OFF,1280.0416666666667,2022-10-18 04:00:00+00:00,1325.68,2022-10-18 16:00:00+00:00,2022-10-18 17:00:00+00:00,True
FULL_ADAPTIVE_LIFECYCLE_BRAIN__PRE_PROGRESS_NON_CONFIRMATION_V1,FULL_ADAPTIVE_LIFECYCLE_BRAIN__PRE_PROGRESS_NON_CONFIRMATION_V1:UNION_FOCUS:C2,UNION_FOCUS,C2,1.0,SOL-USDT,2022-10-17 19:00:00+00:00,2022-10-17 20:00:00+00:00,2022-10-19 15:00:00+00:00,43,ADAPTIVE_PROTECTION_GAP,30.698,29.632,247.58346088005715,7600.317082095994,7336.393112797854,9.500396352619992,9.170491390997318,-263.92396929814004,-282.59485704175734,ROBUSTNESS_2022,5,RELATIVE_STRENGTH_ROTATION,1,0.29025,31.48,TRANSITION,RISK_OFF,29.537,2022-10-18 00:00:00+00:00,30.698,2022-10-18 16:00:00+00:00,2022-10-18 17:00:00+00:00,True
FULL_ADAPTIVE_LIFECYCLE_BRAIN__PRE_PROGRESS_NON_CONFIRMATION_V1,FULL_ADAPTIVE_LIFECYCLE_BRAIN__PRE_PROGRESS_NON_CONFIRMATION_V1:UNION_FOCUS:C2,UNION_FOCUS,C2,1.0,XRP-USDT,2022-10-22 14:00:00+00:00,2022-10-22 15:00:00+00:00,2022-10-23 11:00:00+00:00,20,ADAPTIVE_PROTECTION_TOUCH,0.46833,0.4557950000000001,16135.010196415284,7556.50932528717,7354.2569724751065,9.445636656608963,9.192821215593883,-202.2523528120637,-220.89081068426654,ROBUSTNESS_2022,3,MOMENTUM_BREAKOUT,1,0.0041783333333333,0.46912,TRANSITION,RISK_OFF,0.4557950000000001,,,,,True
FULL_ADAPTIVE_LIFECYCLE_BRAIN__PRE_PROGRESS_NON_CONFIRMATION_V1,FULL_ADAPTIVE_LIFECYCLE_BRAIN__PRE_PROGRESS_NON_CONFIRMATION_V1:UNION_FOCUS:C2,UNION_FOCUS,C2,1.0,ETH-USDT,2022-10-22 17:00:00+00:00,2022-10-22 18:00:00+00:00,2022-10-23 18:00:00+00:00,24,ADAPTIVE_STAGNATION_24H_CLOSE_NOT_ABOVE_ENTRY,1314.8,1312.31,5.740205522631862,7547.222221156371,7532.929109405019,9.434027776445465,9.416161386756274,-14.293111751352626,-33.143300914554366,ROBUSTNESS_2022,2,RELATIVE_STRENGTH_ROTATION,1,5.844166666666648,1318.4,TRANSITION,RISK_OFF,1297.2675,,,,,True
FULL_ADAPTIVE_LIFECYCLE_BRAIN__PRE_PROGRESS_NON_CONFIRMATION_V1,FULL_ADAPTIVE_LIFECYCLE_BRAIN__PRE_PROGRESS_NON_CONFIRMATION_V1:UNION_FOCUS:C2,UNION_FOCUS,C2,1.0,BTC-USDT,2022-10-23 18:00:00+00:00,2022-10-23 19:00:00+00:00,2022-10-24 00:00:00+00:00,5,ADAPTIVE_PROTECTION_TOUCH,19473.4,19580.675,0.38686856199961367,7533.646255243278,7575.1475802317855,9.417057819054097,9.468934475289732,41.501324988507804,22.61533269416398,ROBUSTNESS_2022,1,MOMENTUM_BREAKOUT,1,38.10833333333343,19695.0,TRANSITION,TRANSITION,19320.966666666667,,,,,True
FULL_ADAPTIVE_LIFECYCLE_BRAIN__PRE_PROGRESS_NON_CONFIRMATION_V1,FULL_ADAPTIVE_LIFECYCLE_BRAIN__PRE_PROGRESS_NON_CONFIRMATION_V1:UNION_FOCUS:C2,UNION_FOCUS,C2,1.0,ETH-USDT,2022-10-23 18:00:00+00:00,2022-10-23 19:00:00+00:00,2022-10-24 02:00:00+00:00,7,ADAPTIVE_PROTECTION_TOUCH,1328.75,1356.0425,5.669086524959219,7532.798720039563,7687.522264022012,9.415998400049453,9.609402830027514,154.72354398244897,135.698142752372,ROBUSTNESS_2022,2,MOMENTUM_BREAKOUT,1,4.985833333333346,1371.0,TRANSITION,TRANSITION,1356.0425,2022-10-24 00:00:00+00:00,1328.75,,,True
FULL_ADAPTIVE_LIFECYCLE_BRAIN__PRE_PROGRESS_NON_CONFIRMATION_V1,FULL_ADAPTIVE_LIFECYCLE_BRAIN__PRE_PROGRESS_NON_CONFIRMATION_V1:UNION_FOCUS:C2,UNION_FOCUS,C2,1.0,SOL-USDT,2022-10-23 23:00:00+00:00,2022-10-24 00:00:00+00:00,2022-10-24 15:00:00+00:00,15,ADAPTIVE_PROTECTION_TOUCH,29.199,28.223833333333335,258.9708618356369,7561.690194738763,7309.150442638711,9.452112743423454,9.13643805329839,-252.53975210005228,-271.12830289677413,ROBUSTNESS_2022,5,MOMENTUM_BREAKOUT,1,0.2437916666666663,29.5,TRANSITION,TRANSITION,28.223833333333335,,,,,True
FULL_ADAPTIVE_LIFECYCLE_BRAIN__PRE_PROGRESS_NON_CONFIRMATION_V1,FULL_ADAPTIVE_LIFECYCLE_BRAIN__PRE_PROGRESS_NON_CONFIRMATION_V1:UNION_FOCUS:C2,UNION_FOCUS,C2,1.0,XRP-USDT,2022-10-23 19:00:00+00:00,2022-10-23 20:00:00+00:00,2022-10-24 15:00:00+00:00,19,ADAPTIVE_PROTECTION_TOUCH,0.46267,0.44972000000000045,16277.36104695409,7531.04663559425,7320.254810036201,9.413808294492812,9.150318512545251,-210.7918255580489,-229.35595236508698,ROBUSTNESS_2022,3,RELATIVE_STRENGTH_ROTATION,1,0.0032374999999999,0.4732,TRANSITION,TRANSITION,0.44972000000000045,2022-10-24 00:00:00+00:00,0.46267,2022-10-24 04:00:00+00:00,2022-10-24 05:00:00+00:00,True
FULL_ADAPTIVE_LIFECYCLE_BRAIN__PRE_PROGRESS_NON_CONFIRMATION_V1,FULL_ADAPTIVE_LIFECYCLE_BRAIN__PRE_PROGRESS_NON_CONFIRMATION_V1:UNION_FOCUS:C2,UNION_FOCUS,C2,1.0,ETH-USDT,2022-10-24 21:00:00+00:00,2022-10-24 22:00:00+00:00,2022-10-25 19:00:00+00:00,21,ADAPTIVE_PROTECTION_GAP,1350.71,1482.02,5.554339678004334,7502.302146477235,8231.642489595983,9.377877683096543,10.289553111994978,729.340343118748,709.6729123236564,ROBUSTNESS_2022,2,RELATIVE_STRENGTH_ROTATION,1,11.359999999999983,1519.8,TRANSITION,TRANSITION,1396.28,2022-10-25 16:00:00+00:00,1352.09,,,True
FULL_ADAPTIVE_LIFECYCLE_BRAIN__PRE_PROGRESS_NON_CONFIRMATION_V1,FULL_ADAPTIVE_LIFECYCLE_BRAIN__PRE_PROGRESS_NON_CONFIRMATION_V1:UNION_FOCUS:C2,UNION_FOCUS,C2,1.0,SOL-USDT,2022-10-25 16:00:00+00:00,2022-10-25 17:00:00+00:00,2022-10-25 19:00:00+00:00,2,ADAPTIVE_PROTECTION_TOUCH,29.692,31.63675,254.37936997393615,7553.032253266112,8047.736533022924,9.44129031658264,10.059670666278656,494.70427975681196,475.2033187739507,ROBUSTNESS_2022,5,MOMENTUM_BREAKOUT,1,0.2137500000000001,32.278,TRANSITION,TRANSITION,30.73975,,,,,True
FULL_ADAPTIVE_LIFECYCLE_BRAIN__PRE_PROGRESS_NON_CONFIRMATION_V1,FULL_ADAPTIVE_LIFECYCLE_BRAIN__PRE_PROGRESS_NON_CONFIRMATION_V1:UNION_FOCUS:C2,UNION_FOCUS,C2,1.0,ADA-USDT,2022-10-23 23:00:00+00:00,2022-10-24 00:00:00+00:00,2022-10-25 20:00:00+00:00,44,ADAPTIVE_PROTECTION_GAP,0.360689,0.408155,20962.212611396117,7560.839504591854,8555.831888404382,9.451049380739818,10.694789860505479,994.9923838125278,974.8465445712825,ROBUSTNESS_2022,6,MOMENTUM_BREAKOUT,1,0.0023997083333333,0.417126,TRANSITION,TRANSITION,0.40741087500000006,2022-10-25 16:00:00+00:00,0.365291,,,True
FULL_ADAPTIVE_LIFECYCLE_BRAIN__PRE_PROGRESS_NON_CONFIRMATION_V1,FULL_ADAPTIVE_LIFECYCLE_BRAIN__PRE_PROGRESS_NON_CONFIRMATION_V1:UNION_FOCUS:C2,UNION_FOCUS,C2,1.0,BTC-USDT,2022-10-25 16:00:00+00:00,2022-10-25 17:00:00+00:00,2022-10-25 21:00:00+00:00,4,ADAPTIVE_PROTECTION_TOUCH,19748.5,20201.087499999998,0.3825040922094551,7553.882064998424,7726.99863583127,9.442352581248029,9.658748294789088,173.11657083284626,154.01546995680914,ROBUSTNESS_2022,1,MOMENTUM_BREAKOUT,1,70.97083333333391,20414.0,TRANSITION,TRANSITION,20196.887499999997,,,,,True
FULL_ADAPTIVE_LIFECYCLE_BRAIN__PRE_PROGRESS_NON_CONFIRMATION_V1,FULL_ADAPTIVE_LIFECYCLE_BRAIN__PRE_PROGRESS_NON_CONFIRMATION_V1:UNION_FOCUS:C2,UNION_FOCUS,C2,1.0,ETH-USDT,2022-10-26 02:00:00+00:00,2022-10-26 03:00:00+00:00,2022-10-27 04:00:00+00:00,25,ADAPTIVE_PROTECTION_TOUCH,1480.03,1535.19875,5.210088530074532,7711.087327166209,7998.521398759758,9.638859158957763,9.998151748449699,287.43407159354865,267.7970606861412,ROBUSTNESS_2022,2,RELATIVE_STRENGTH_ROTATION,1,20.42375,1596.47,TRANSITION,TRANSITION,1535.19875,2022-10-26 08:00:00+00:00,1480.03,,,True
FULL_ADAPTIVE_LIFECYCLE_BRAIN__PRE_PROGRESS_NON_CONFIRMATION_V1,FULL_ADAPTIVE_LIFECYCLE_BRAIN__PRE_PROGRESS_NON_CONFIRMATION_V1:UNION_FOCUS:C2,UNION_FOCUS,C2,1.0,LUNC-USDT,2022-10-26 08:00:00+00:00,2022-10-26 09:00:00+00:00,2022-10-27 21:00:00+00:00,36,ADAPTIVE_PROTECTION_TOUCH,0.0002481,0.00023682500000000002,31138861.317153044,7725.55149278567,7374.460831434771,9.656939365982089,9.218076039293463,-351.0906613508996,-369.9656767561752,ROBUSTNESS_2022,4,MOMENTUM_BREAKOUT,1,2.818749999999998e-06,0.00025284,TRANSITION,RISK_ON,0.00023682500000000002,,,,,True
FULL_ADAPTIVE_LIFECYCLE_BRAIN__PRE_PROGRESS_NON_CONFIRMATION_V1,FULL_ADAPTIVE_LIFECYCLE_BRAIN__PRE_PROGRESS_NON_CONFIRMATION_V1:UNION_FOCUS:C2,UNION_FOCUS,C2,1.0,XRP-USDT,2022-10-27 01:00:00+00:00,2022-10-27 02:00:00+00:00,2022-10-27 21:00:00+00:00,19,ADAPTIVE_PROTECTION_TOUCH,0.47693,0.4591566666666668,16272.623016039206,7760.902095039579,7471.683341967844,9.701127618799473,9.339604177459805,-289.2187530717347,-308.259484867994,ROBUSTNESS_2022,3,MOMENTUM_BREAKOUT,1,0.0044433333333333,0.47881,TRANSITION,RISK_ON,0.4591566666666668,,,,,True
FULL_ADAPTIVE_LIFECYCLE_BRAIN__PRE_PROGRESS_NON_CONFIRMATION_V1,FULL_ADAPTIVE_LIFECYCLE_BRAIN__PRE_PROGRESS_NON_CONFIRMATION_V1:UNION_FOCUS:C2,UNION_FOCUS,C2,1.0,BTC-USDT,2022-10-26 09:00:00+00:00,2022-10-26 10:00:00+00:00,2022-10-28 09:00:00+00:00,47,ADAPTIVE_PROTECTION_TOUCH,20672.0,20033.283333333333,0.3743865644109366,7739.319059502882,7500.192121037542,9.674148824378603,9.375240151296929,-239.12693846533966,-258.1763274410152,ROBUSTNESS_2022,1,MOMENTUM_BREAKOUT,1,159.67916666666648,21016.2,TRANSITION,RISK_ON,20033.283333333333,2022-10-26 16:00:00+00:00,20672.0,2022-10-27 12:00:00+00:00,2022-10-27 13:00:00+00:00,True
FULL_ADAPTIVE_LIFECYCLE_BRAIN__PRE_PROGRESS_NON_CONFIRMATION_V1,FULL_ADAPTIVE_LIFECYCLE_BRAIN__PRE_PROGRESS_NON_CONFIRMATION_V1:UNION_FOCUS:C2,UNION_FOCUS,C2,1.0,ADA-USDT,2022-10-26 05:00:00+00:00,2022-10-26 06:00:00+00:00,2022-10-29 19:00:00+00:00,85,ADAPTIVE_PROTECTION_TOUCH,0.400469,0.4204500000000002,19253.1276774924,7710.280787877705,8094.977532001684,9.637850984847132,10.118721915002105,384.69674412397944,364.9401712241302,ROBUSTNESS_2022,7,RELATIVE_STRENGTH_ROTATION,1,0.0065166666666666,0.44,TRANSITION,TRANSITION,0.4139333333333336,2022-10-26 12:00:00+00:00,0.400469,2022-10-27 16:00:00+00:00,2022-10-27 17:00:00+00:00,True
FULL_ADAPTIVE_LIFECYCLE_BRAIN__PRE_PROGRESS_NON_CONFIRMATION_V1,FULL_ADAPTIVE_LIFECYCLE_BRAIN__PRE_PROGRESS_NON_CONFIRMATION_V1:UNION_FOCUS:C2,UNION_FOCUS,C2,1.0,SOL-USDT,2022-10-29 04:00:00+00:00,2022-10-29 05:00:00+00:00,2022-10-31 14:00:00+00:00,57,ADAPTIVE_PROTECTION_TOUCH,32.897,32.902,465.88792166858144,15326.314959131323,15328.644398739667,19.157893698914155,19.160805498424583,2.3294396083438187,-35.98925958899492,ROBUSTNESS_2022,5,MOMENTUM_BREAKOUT,1,0.3729999999999993,34.394,RISK_ON,RISK_ON,32.902,2022-10-29 12:00:00+00:00,32.897,2022-10-30 00:00:00+00:00,2022-10-30 01:00:00+00:00,True
FULL_ADAPTIVE_LIFECYCLE_BRAIN__PRE_PROGRESS_NON_CONFIRMATION_V1,FULL_ADAPTIVE_LIFECYCLE_BRAIN__PRE_PROGRESS_NON_CONFIRMATION_V1:UNION_FOCUS:C2,UNION_FOCUS,C2,1.0,ETH-USDT,2022-10-29 09:00:00+00:00,2022-10-29 10:00:00+00:00,2022-10-31 15:00:00+00:00,53,ADAPTIVE_STAGNATION_48H_CLOSE_NOT_ABOVE_ENTRY,1628.82,1559.56,9.453173444551403,15397.517969954215,14742.791177184587,19.24689746244277,18.428488971480732,-654.7267927696284,-692.402179203552,ROBUSTNESS_2022,2,MOMENTUM_BREAKOUT,1,18.329583333333336,1663.71,RISK_ON,TRANSITION,1555.5016666666666,2022-10-29 16:00:00+00:00,1628.82,2022-10-29 20:00:00+00:00,2022-10-29 21:00:00+00:00,True
FULL_ADAPTIVE_LIFECYCLE_BRAIN__PRE_PROGRESS_NON_CONFIRMATION_V1,FULL_ADAPTIVE_LIFECYCLE_BRAIN__PRE_PROGRESS_NON_CONFIRMATION_V1:UNION_FOCUS:C2,UNION_FOCUS,C2,1.0,LUNC-USDT,2022-10-30 09:00:00+00:00,2022-10-30 10:00:00+00:00,2022-10-31 15:00:00+00:00,29,ADAPTIVE_PROTECTION_GAP,0.00025584,0.00024115,59940266.19542539,15335.117703437632,14454.595193026833,19.16889712929704,18.06824399128354,-880.5225104107994,-917.7596515313801,ROBUSTNESS_2022,4,MOMENTUM_BREAKOUT,1,3.4574999999999974e-06,0.0002574,RISK_ON,TRANSITION,0.00023855250000000004,,,,,True
FULL_ADAPTIVE_LIFECYCLE_BRAIN__PRE_PROGRESS_NON_CONFIRMATION_V1,FULL_ADAPTIVE_LIFECYCLE_BRAIN__PRE_PROGRESS_NON_CONFIRMATION_V1:UNION_FOCUS:C2,UNION_FOCUS,C2,1.0,LUNC-USDT,2022-11-01 16:00:00+00:00,2022-11-01 17:00:00+00:00,2022-11-02 00:00:00+00:00,7,ADAPTIVE_PROTECTION_TOUCH,0.00023691,0.00022773333333333333,31740663.224276897,7519.68052446344,7228.407038275325,9.3996006555793,9.035508797844157,-291.2734861881145,-309.70859564153795,ROBUSTNESS_2022,4,RELATIVE_STRENGTH_ROTATION,1,2.294166666666669e-06,0.00023695,TRANSITION,TRANSITION,0.00022773333333333333,,,,,True
FULL_ADAPTIVE_LIFECYCLE_BRAIN__PRE_PROGRESS_NON_CONFIRMATION_V1,FULL_ADAPTIVE_LIFECYCLE_BRAIN__PRE_PROGRESS_NON_CONFIRMATION_V1:UNION_FOCUS:C2,UNION_FOCUS,C2,1.0,ADA-USDT,2022-11-01 07:00:00+00:00,2022-11-01 08:00:00+00:00,2022-11-02 08:00:00+00:00,24,ADAPTIVE_PROTECTION_TOUCH,0.412438,0.39394150000000044,18270.87694609399,7535.603945893114,7197.656670459694,9.419504932366392,8.997070838074618,-337.94727543341924,-356.36385120386024,ROBUSTNESS_2022,7,RELATIVE_STRENGTH_ROTATION,1,0.0046241249999999,0.41536,TRANSITION,TRANSITION,0.39394150000000044,,,,,True
FULL_ADAPTIVE_LIFECYCLE_BRAIN__PRE_PROGRESS_NON_CONFIRMATION_V1,FULL_ADAPTIVE_LIFECYCLE_BRAIN__PRE_PROGRESS_NON_CONFIRMATION_V1:UNION_FOCUS:C2,UNION_FOCUS,C2,1.0,XRP-USDT,2022-11-04 06:00:00+00:00,2022-11-04 07:00:00+00:00,2022-11-04 11:00:00+00:00,4,ADAPTIVE_PROTECTION_TOUCH,0.46172,0.4946662500000002,16195.956672195649,7477.997114686175,8011.593152197504,9.34749639335772,10.01449144024688,533.5960375113291,514.2340496777246,ROBUSTNESS_2022,3,RELATIVE_STRENGTH_ROTATION,1,0.0030079166666666,0.50369,TRANSITION,TRANSITION,0.4739762500000002,,,,,True
FULL_ADAPTIVE_LIFECYCLE_BRAIN__PRE_PROGRESS_NON_CONFIRMATION_V1,FULL_ADAPTIVE_LIFECYCLE_BRAIN__PRE_PROGRESS_NON_CONFIRMATION_V1:UNION_FOCUS:C2,UNION_FOCUS,C2,1.0,LUNC-USDT,2022-11-04 21:00:00+00:00,2022-11-04 22:00:00+00:00,2022-11-05 01:00:00+00:00,3,ADAPTIVE_PROTECTION_TOUCH,0.00024597,0.0002548066666666667,61153053.82967528,15041.816650485227,15582.205802826795,18.802270813106535,19.477757253533493,540.3891523415678,502.1091242749277,ROBUSTNESS_2022,4,MOMENTUM_BREAKOUT,1,3.578333333333335e-06,0.00026912,RISK_ON,RISK_ON,0.00022807833333333331,,,,,True
FULL_ADAPTIVE_LIFECYCLE_BRAIN__PRE_PROGRESS_NON_CONFIRMATION_V1,FULL_ADAPTIVE_LIFECYCLE_BRAIN__PRE_PROGRESS_NON_CONFIRMATION_V1:UNION_FOCUS:C2,UNION_FOCUS,C2,1.0,ADA-USDT,2022-11-04 04:00:00+00:00,2022-11-04 05:00:00+00:00,2022-11-05 09:00:00+00:00,28,ADAPTIVE_PROTECTION_TOUCH,0.406558,0.42271512500000014,18387.677590102834,7475.657425677027,7772.749430960021,9.344571782096285,9.715936788700025,297.09200528299334,278.031496712197,ROBUSTNESS_2022,7,RELATIVE_STRENGTH_ROTATION,1,0.0041749583333333,0.43524,TRANSITION,RISK_ON,0.42271512500000014,2022-11-04 20:00:00+00:00,0.42176,2022-11-05 00:00:00+00:00,2022-11-05 01:00:00+00:00,True
FULL_ADAPTIVE_LIFECYCLE_BRAIN__PRE_PROGRESS_NON_CONFIRMATION_V1,FULL_ADAPTIVE_LIFECYCLE_BRAIN__PRE_PROGRESS_NON_CONFIRMATION_V1:UNION_FOCUS:C2,UNION_FOCUS,C2,1.0,SOL-USDT,2022-11-04 15:00:00+00:00,2022-11-04 16:00:00+00:00,2022-11-05 18:00:00+00:00,26,ADAPTIVE_PROTECTION_TOUCH,33.723,37.14266666666666,447.07139072223,15076.58850932576,16605.42364179888,18.8457356366572,20.7567795522486,1528.8351324731193,1489.2326172842133,ROBUSTNESS_2022,5,MOMENTUM_BREAKOUT,1,0.4098333333333334,38.782,RISK_ON,RISK_ON,36.46066666666667,2022-11-05 00:00:00+00:00,33.723,,,True
FULL_ADAPTIVE_LIFECYCLE_BRAIN__PRE_PROGRESS_NON_CONFIRMATION_V1,FULL_ADAPTIVE_LIFECYCLE_BRAIN__PRE_PROGRESS_NON_CONFIRMATION_V1:UNION_FOCUS:C2,UNION_FOCUS,C2,1.0,ETH-USDT,2022-11-04 15:00:00+00:00,2022-11-04 16:00:00+00:00,2022-11-06 23:00:00+00:00,55,ADAPTIVE_PROTECTION_TOUCH,1660.37,1600.4599999999998,9.084345817256972,15083.375264598959,14539.132106687091,18.8542190807487,18.173915133358864,-544.2431579118675,-581.271292125975,ROBUSTNESS_2022,1,MOMENTUM_BREAKOUT,1,14.977500000000012,1666.9,RISK_ON,RISK_ON,1600.4599999999998,,,,,True
FULL_ADAPTIVE_LIFECYCLE_BRAIN__PRE_PROGRESS_NON_CONFIRMATION_V1,FULL_ADAPTIVE_LIFECYCLE_BRAIN__PRE_PROGRESS_NON_CONFIRMATION_V1:UNION_FOCUS:C2,UNION_FOCUS,C2,1.0,LUNC-USDT,2022-11-05 00:00:00+00:00,2022-11-05 01:00:00+00:00,2022-11-06 23:00:00+00:00,46,ADAPTIVE_PROTECTION_TOUCH,0.0002584,0.00023820666666666667,58584849.506482586,15138.3251124751,13955.301718107528,18.922906390593877,17.44412714763441,-1183.023394367572,-1219.3904279058004,ROBUSTNESS_2022,4,MOMENTUM_BREAKOUT,1,5.048333333333333e-06,0.00027854,RISK_ON,RISK_ON,0.00023820666666666667,2022-11-05 08:00:00+00:00,0.0002584,2022-11-05 12:00:00+00:00,2022-11-05 13:00:00+00:00,True
FULL_ADAPTIVE_LIFECYCLE_BRAIN__PRE_PROGRESS_NON_CONFIRMATION_V1,FULL_ADAPTIVE_LIFECYCLE_BRAIN__PRE_PROGRESS_NON_CONFIRMATION_V1:UNION_FOCUS:C2,UNION_FOCUS,C2,1.0,SOL-USDT,2022-11-06 04:00:00+00:00,2022-11-06 05:00:00+00:00,2022-11-07 01:00:00+00:00,20,ADAPTIVE_PROTECTION_TOUCH,36.007,32.165333333333336,424.39787575446945,15281.29431229118,13650.899139601097,19.101617890363976,17.06362392450137,-1630.3951726900832,-1666.5604145049485,ROBUSTNESS_2022,5,RELATIVE_STRENGTH_ROTATION,1,0.7683333333333323,36.406,RISK_ON,RISK_ON,32.165333333333336,,,,,True
FULL_ADAPTIVE_LIFECYCLE_BRAIN__PRE_PROGRESS_NON_CONFIRMATION_V1,FULL_ADAPTIVE_LIFECYCLE_BRAIN__PRE_PROGRESS_NON_CONFIRMATION_V1:UNION_FOCUS:C2,UNION_FOCUS,C2,1.0,BTC-USDT,2022-11-04 15:00:00+00:00,2022-11-04 16:00:00+00:00,2022-11-07 08:00:00+00:00,64,ADAPTIVE_PROTECTION_TOUCH,21218.3,20757.083333333332,0.7107063951949225,15079.981505164424,14752.191870593939,18.84997688145553,18.440239838242423,-327.78963457048485,-365.0798512901828,ROBUSTNESS_2022,2,MOMENTUM_BREAKOUT,1,115.30416666666665,21480.0,RISK_ON,RISK_ON,20757.083333333332,2022-11-05 04:00:00+00:00,21218.3,2022-11-06 08:00:00+00:00,2022-11-06 09:00:00+00:00,True
FULL_ADAPTIVE_LIFECYCLE_BRAIN__PRE_PROGRESS_NON_CONFIRMATION_V1,FULL_ADAPTIVE_LIFECYCLE_BRAIN__PRE_PROGRESS_NON_CONFIRMATION_V1:UNION_FOCUS:C2,UNION_FOCUS,C2,1.0,LUNC-USDT,2022-11-06 22:00:00+00:00,2022-11-06 23:00:00+00:00,2022-11-07 23:00:00+00:00,24,ADAPTIVE_PROTECTION_TOUCH,0.00024027,0.00022763,62176462.90725326,14939.13874272574,14153.228251578059,18.673923428407175,17.691535314472574,-785.9104911476807,-822.2759498905605,ROBUSTNESS_2022,4,RELATIVE_STRENGTH_ROTATION,1,3.160000000000004e-06,0.00024084,RISK_ON,TRANSITION,0.00022763,,,,,True
FULL_ADAPTIVE_LIFECYCLE_BRAIN__PRE_PROGRESS_NON_CONFIRMATION_V1,FULL_ADAPTIVE_LIFECYCLE_BRAIN__PRE_PROGRESS_NON_CONFIRMATION_V1:UNION_FOCUS:C2,UNION_FOCUS,C2,1.0,SOL-USDT,2022-11-07 01:00:00+00:00,2022-11-07 02:00:00+00:00,2022-11-07 23:00:00+00:00,21,ADAPTIVE_PROTECTION_TOUCH,32.378,30.139166666666664,451.89187222527164,14631.355038909845,13619.644452309498,18.289193798637307,17.024555565386873,-1011.7105866003476,-1047.0243359643719,ROBUSTNESS_2022,4,RELATIVE_STRENGTH_ROTATION,1,0.5597083333333336,33.135,RISK_ON,TRANSITION,30.139166666666664,2022-11-07 16:00:00+00:00,32.552,2022-11-07 20:00:00+00:00,2022-11-07 21:00:00+00:00,True
FULL_ADAPTIVE_LIFECYCLE_BRAIN__PRE_PROGRESS_NON_CONFIRMATION_V1,FULL_ADAPTIVE_LIFECYCLE_BRAIN__PRE_PROGRESS_NON_CONFIRMATION_V1:UNION_FOCUS:C2,UNION_FOCUS,C2,1.0,ETH-USDT,2022-11-12 23:00:00+00:00,2022-11-13 00:00:00+00:00,2022-11-13 22:00:00+00:00,22,ADAPTIVE_PROTECTION_TOUCH,1260.88,1212.7225,5.720637869695036,7213.037877141078,6937.546258931238,9.016297346426347,8.671932823664049,-275.49161820983954,-293.17984837993,ROBUSTNESS_2022,1,RELATIVE_STRENGTH_ROTATION,1,16.05250000000002,1274.23,TRANSITION,RISK_OFF,1212.7225,2022-11-13 04:00:00+00:00,1260.88,2022-11-13 08:00:00+00:00,2022-11-13 09:00:00+00:00,True
FULL_ADAPTIVE_LIFECYCLE_BRAIN__PRE_PROGRESS_NON_CONFIRMATION_V1,FULL_ADAPTIVE_LIFECYCLE_BRAIN__PRE_PROGRESS_NON_CONFIRMATION_V1:UNION_FOCUS:C2,UNION_FOCUS,C2,1.0,SOL-USDT,2022-11-17 01:00:00+00:00,2022-11-17 02:00:00+00:00,2022-11-17 13:00:00+00:00,11,ADAPTIVE_PROTECTION_TOUCH,14.438,13.763875,497.7595020630893,7186.651690786884,6851.0995664586035,8.983314613483605,8.563874458073254,-335.5521243282801,-353.099313399837,ROBUSTNESS_2022,5,RELATIVE_STRENGTH_ROTATION,1,0.2247083333333333,14.473,TRANSITION,RISK_OFF,13.763875,,,,,True
FULL_ADAPTIVE_LIFECYCLE_BRAIN__PRE_PROGRESS_NON_CONFIRMATION_V1,FULL_ADAPTIVE_LIFECYCLE_BRAIN__PRE_PROGRESS_NON_CONFIRMATION_V1:UNION_FOCUS:C2,UNION_FOCUS,C2,1.0,XRP-USDT,2022-11-17 04:00:00+00:00,2022-11-17 05:00:00+00:00,2022-11-18 09:00:00+00:00,28,PRE_PROGRESS_THESIS_NON_CONFIRMATION_24H_NO_MEMORY,0.37613,0.38106,19083.00292938047,7177.689891827876,7271.769096269722,8.972112364784845,9.089711370337152,94.07920444184583,76.01738070672383,ROBUSTNESS_2022,4,RELATIVE_STRENGTH_ROTATION,1,0.0051120833333333,0.38771,TRANSITION,RISK_OFF,0.36079375000000014,,,,,True
FULL_ADAPTIVE_LIFECYCLE_BRAIN__PRE_PROGRESS_NON_CONFIRMATION_V1,FULL_ADAPTIVE_LIFECYCLE_BRAIN__PRE_PROGRESS_NON_CONFIRMATION_V1:UNION_FOCUS:C2,UNION_FOCUS,C2,1.0,XRP-USDT,2022-11-20 01:00:00+00:00,2022-11-20 02:00:00+00:00,2022-11-20 11:00:00+00:00,9,ADAPTIVE_PROTECTION_TOUCH,0.38953,0.3820975000000003,18385.526960297037,7161.7143168445045,7025.063887712103,8.952142896055632,8.78132985964013,-136.65042913240177,-154.3839018880975,ROBUSTNESS_2022,4,MOMENTUM_BREAKOUT,1,0.0024774999999999,0.39675,TRANSITION,TRANSITION,0.3820975000000003,,,,,True
FULL_ADAPTIVE_LIFECYCLE_BRAIN__PRE_PROGRESS_NON_CONFIRMATION_V1,FULL_ADAPTIVE_LIFECYCLE_BRAIN__PRE_PROGRESS_NON_CONFIRMATION_V1:UNION_FOCUS:C2,UNION_FOCUS,C2,1.0,XRP-USDT,2022-11-24 02:00:00+00:00,2022-11-24 03:00:00+00:00,2022-11-25 02:00:00+00:00,23,ADAPTIVE_PROTECTION_TOUCH,0.38336,0.3925100000000002,18640.994356980107,7146.211596691894,7316.776695058265,8.932764495864868,9.145970868822833,170.56509836637179,152.48636300168408,ROBUSTNESS_2022,4,MOMENTUM_BREAKOUT,1,0.0041866666666666,0.40507,TRANSITION,TRANSITION,0.3925100000000002,2022-11-24 16:00:00+00:00,0.3845,,,True
FULL_ADAPTIVE_LIFECYCLE_BRAIN__PRE_PROGRESS_NON_CONFIRMATION_V1,FULL_ADAPTIVE_LIFECYCLE_BRAIN__PRE_PROGRESS_NON_CONFIRMATION_V1:UNION_FOCUS:C2,UNION_FOCUS,C2,1.0,DOGE-USDT,2022-11-25 11:00:00+00:00,2022-11-25 12:00:00+00:00,2022-11-25 13:00:00+00:00,1,ADAPTIVE_PROTECTION_GAP,0.08702,0.08786,81617.79886678964,7102.380857388035,7170.939808436137,8.877976071735045,8.963674760545173,68.55895104810224,50.71730021582202,ROBUSTNESS_2022,3,MOMENTUM_BREAKOUT,1,0.0008779166666666,0.0918,TRANSITION,TRANSITION,0.0835083333333336,,,,,True
FULL_ADAPTIVE_LIFECYCLE_BRAIN__PRE_PROGRESS_NON_CONFIRMATION_V1,FULL_ADAPTIVE_LIFECYCLE_BRAIN__PRE_PROGRESS_NON_CONFIRMATION_V1:UNION_FOCUS:C2,UNION_FOCUS,C2,1.0,BTC-USDT,2022-11-24 02:00:00+00:00,2022-11-24 03:00:00+00:00,2022-11-26 03:00:00+00:00,48,ADAPTIVE_STAGNATION_48H_CLOSE_NOT_ABOVE_ENTRY,16746.1,16633.5,0.4268348908506802,7147.819765674575,7099.758156964789,8.934774707093219,8.874697696205986,-48.061608709786015,-65.87108111308522,ROBUSTNESS_2022,1,MOMENTUM_BREAKOUT,1,135.4166666666671,16803.0,TRANSITION,TRANSITION,16204.43333333333,,,,,True
FULL_ADAPTIVE_LIFECYCLE_BRAIN__PRE_PROGRESS_NON_CONFIRMATION_V1,FULL_ADAPTIVE_LIFECYCLE_BRAIN__PRE_PROGRESS_NON_CONFIRMATION_V1:UNION_FOCUS:C2,UNION_FOCUS,C2,1.0,SOL-USDT,2022-11-24 03:00:00+00:00,2022-11-24 04:00:00+00:00,2022-11-26 04:00:00+00:00,48,ADAPTIVE_STAGNATION_48H_CLOSE_NOT_ABOVE_ENTRY,14.651,14.379,487.2534496102791,7138.750290240199,7006.217351946203,8.923437862800249,8.757771689932754,-132.53293829399627,-150.21414784672928,ROBUSTNESS_2022,5,MOMENTUM_BREAKOUT,1,0.3782083333333333,14.792,TRANSITION,TRANSITION,13.138166666666667,,,,,True
FULL_ADAPTIVE_LIFECYCLE_BRAIN__PRE_PROGRESS_NON_CONFIRMATION_V1,FULL_ADAPTIVE_LIFECYCLE_BRAIN__PRE_PROGRESS_NON_CONFIRMATION_V1:UNION_FOCUS:C2,UNION_FOCUS,C2,1.0,XRP-USDT,2022-11-25 07:00:00+00:00,2022-11-25 08:00:00+00:00,2022-11-26 12:00:00+00:00,28,ADAPTIVE_STAGNATION_24H_CLOSE_NOT_ABOVE_ENTRY,0.41565,0.40791,17113.82864137231,7113.362874786401,6980.901841102179,8.891703593483001,8.726127301377725,-132.46103368422246,-150.07886457908316,ROBUSTNESS_2022,4,MOMENTUM_BREAKOUT,1,0.0054070833333333,0.42,TRANSITION,RISK_OFF,0.3940216666666668,,,,,True
FULL_ADAPTIVE_LIFECYCLE_BRAIN__PRE_PROGRESS_NON_CONFIRMATION_V1,FULL_ADAPTIVE_LIFECYCLE_BRAIN__PRE_PROGRESS_NON_CONFIRMATION_V1:UNION_FOCUS:C2,UNION_FOCUS,C2,1.0,ETH-USDT,2022-11-24 02:00:00+00:00,2022-11-24 03:00:00+00:00,2022-11-27 00:00:00+00:00,69,ADAPTIVE_STAGNATION_24H_CLOSE_NOT_ABOVE_ENTRY,1202.52,1201.16,5.94336529617049,7147.015635950937,7138.932659148146,8.933769544938672,8.923665823935183,-8.082976802791563,-25.940412171665415,ROBUSTNESS_2022,2,MOMENTUM_BREAKOUT,1,13.099999999999984,1234.96,TRANSITION,RISK_OFF,1163.22,2022-11-24 08:00:00+00:00,1202.52,2022-11-24 12:00:00+00:00,2022-11-24 13:00:00+00:00,True
FULL_ADAPTIVE_LIFECYCLE_BRAIN__PRE_PROGRESS_NON_CONFIRMATION_V1,FULL_ADAPTIVE_LIFECYCLE_BRAIN__PRE_PROGRESS_NON_CONFIRMATION_V1:UNION_FOCUS:C2,UNION_FOCUS,C2,1.0,DOGE-USDT,2022-11-26 00:00:00+00:00,2022-11-26 01:00:00+00:00,2022-11-27 01:00:00+00:00,24,ADAPTIVE_STAGNATION_24H_CLOSE_NOT_ABOVE_ENTRY,0.08952,0.08895,79450.4570035052,7112.4049109537855,7067.118150461788,8.890506138692231,8.833897688077235,-45.286760491997484,-63.01116431876695,ROBUSTNESS_2022,3,RELATIVE_STRENGTH_ROTATION,1,0.0016395833333333,0.09575,TRANSITION,RISK_OFF,0.0846012500000001,2022-11-26 08:00:00+00:00,0.08952,2022-11-27 00:00:00+00:00,2022-11-27 01:00:00+00:00,True
FULL_ADAPTIVE_LIFECYCLE_BRAIN__PRE_PROGRESS_NON_CONFIRMATION_V1,FULL_ADAPTIVE_LIFECYCLE_BRAIN__PRE_PROGRESS_NON_CONFIRMATION_V1:UNION_FOCUS:C2,UNION_FOCUS,C2,1.0,DOGE-USDT,2022-11-30 01:00:00+00:00,2022-11-30 02:00:00+00:00,2022-11-30 19:00:00+00:00,17,ADAPTIVE_PROTECTION_TOUCH,0.10801,0.0999783333333336,65952.63972789579,7123.544617010023,6593.834998928825,8.904430771262529,8.242293748661032,-529.7096180811977,-546.8563426011214,ROBUSTNESS_2022,3,MOMENTUM_BREAKOUT,1,0.0020079166666666,0.1094,TRANSITION,TRANSITION,0.0999783333333336,,,,,True
FULL_ADAPTIVE_LIFECYCLE_BRAIN__PRE_PROGRESS_NON_CONFIRMATION_V1,FULL_ADAPTIVE_LIFECYCLE_BRAIN__PRE_PROGRESS_NON_CONFIRMATION_V1:UNION_FOCUS:C2,UNION_FOCUS,C2,1.0,BTC-USDT,2022-11-30 01:00:00+00:00,2022-11-30 02:00:00+00:00,2022-12-01 14:00:00+00:00,36,ADAPTIVE_PROTECTION_TOUCH,16849.4,17003.6375,0.4228724871545284,7125.147685061512,7190.370480299008,8.90643460632689,8.98796310037376,65.22279523749603,47.32839753079538,ROBUSTNESS_2022,1,MOMENTUM_BREAKOUT,1,79.95416666666681,17243.5,TRANSITION,TRANSITION,17003.6375,2022-11-30 08:00:00+00:00,16849.4,,,True
FULL_ADAPTIVE_LIFECYCLE_BRAIN__PRE_PROGRESS_NON_CONFIRMATION_V1,FULL_ADAPTIVE_LIFECYCLE_BRAIN__PRE_PROGRESS_NON_CONFIRMATION_V1:UNION_FOCUS:C2,UNION_FOCUS,C2,1.0,LUNC-USDT,2022-11-30 23:00:00+00:00,2022-12-01 00:00:00+00:00,2022-12-01 19:00:00+00:00,19,ADAPTIVE_PROTECTION_GAP,0.00016515,0.00016794,42978833.939768046,7097.954425152693,7217.865371844646,8.872443031440866,9.022331714805807,119.91094669195263,102.01617194570596,ROBUSTNESS_2022,6,MOMENTUM_BREAKOUT,1,1.6870833333333362e-06,0.00017623,TRANSITION,TRANSITION,0.00015840166666666666,,,,,True
FULL_ADAPTIVE_LIFECYCLE_BRAIN__PRE_PROGRESS_NON_CONFIRMATION_V1,FULL_ADAPTIVE_LIFECYCLE_BRAIN__PRE_PROGRESS_NON_CONFIRMATION_V1:UNION_FOCUS:C2,UNION_FOCUS,C2,1.0,ETH-USDT,2022-11-30 01:00:00+00:00,2022-11-30 02:00:00+00:00,2022-12-02 03:00:00+00:00,49,ADAPTIVE_STAGNATION_48H_CLOSE_NOT_ABOVE_ENTRY,1274.69,1272.38,5.589081349933664,7124.346105946942,7111.435328028596,8.905432632433678,8.889294160035744,-12.910777918345957,-30.705504710815383,ROBUSTNESS_2022,2,MOMENTUM_BREAKOUT,1,10.53000000000001,1309.99,TRANSITION,TRANSITION,1232.57,2022-11-30 20:00:00+00:00,1276.7,2022-12-01 16:00:00+00:00,2022-12-01 17:00:00+00:00,True
FULL_ADAPTIVE_LIFECYCLE_BRAIN__PRE_PROGRESS_NON_CONFIRMATION_V1,FULL_ADAPTIVE_LIFECYCLE_BRAIN__PRE_PROGRESS_NON_CONFIRMATION_V1:UNION_FOCUS:C2,UNION_FOCUS,C2,1.0,LUNC-USDT,2022-12-02 02:00:00+00:00,2022-12-02 03:00:00+00:00,2022-12-02 04:00:00+00:00,1,ADAPTIVE_PROTECTION_TOUCH,0.00017499,0.00018455,40351709.4080643,7061.145629317172,7446.907971258267,8.826432036646466,9.308634964072834,385.76234194109475,367.62727494037546,ROBUSTNESS_2022,6,RELATIVE_STRENGTH_ROTATION,1,2.426666666666667e-06,0.00019183,TRANSITION,TRANSITION,0.00016528333333333333,,,,,True
FULL_ADAPTIVE_LIFECYCLE_BRAIN__PRE_PROGRESS_NON_CONFIRMATION_V1,FULL_ADAPTIVE_LIFECYCLE_BRAIN__PRE_PROGRESS_NON_CONFIRMATION_V1:UNION_FOCUS:C2,UNION_FOCUS,C2,1.0,LUNC-USDT,2022-12-02 03:00:00+00:00,2022-12-02 04:00:00+00:00,2022-12-02 10:00:00+00:00,6,ADAPTIVE_PROTECTION_TOUCH,0.00018789,0.00017758166666666665,37683688.019368835,7080.38814195921,6691.932124626216,8.850485177449013,8.36491515578277,-388.4560173329937,-405.6714176662255,ROBUSTNESS_2022,6,MOMENTUM_BREAKOUT,1,2.577083333333334e-06,0.000192,TRANSITION,TRANSITION,0.00017758166666666665,,,,,True
FULL_ADAPTIVE_LIFECYCLE_BRAIN__PRE_PROGRESS_NON_CONFIRMATION_V1,FULL_ADAPTIVE_LIFECYCLE_BRAIN__PRE_PROGRESS_NON_CONFIRMATION_V1:UNION_FOCUS:C2,UNION_FOCUS,C2,1.0,DOGE-USDT,2022-12-01 01:00:00+00:00,2022-12-01 02:00:00+00:00,2022-12-03 02:00:00+00:00,48,ADAPTIVE_STAGNATION_48H_CLOSE_NOT_ABOVE_ENTRY,0.10551,0.10175,67170.99516058638,7087.211699393469,6834.648757589664,8.859014624241835,8.543310946987079,-252.5629418038052,-269.9652673750341,ROBUSTNESS_2022,3,RELATIVE_STRENGTH_ROTATION,1,0.0022745833333333,0.10584,TRANSITION,TRANSITION,0.09641166666666681,,,,,True
FULL_ADAPTIVE_LIFECYCLE_BRAIN__PRE_PROGRESS_NON_CONFIRMATION_V1,FULL_ADAPTIVE_LIFECYCLE_BRAIN__PRE_PROGRESS_NON_CONFIRMATION_V1:UNION_FOCUS:C2,UNION_FOCUS,C2,1.0,DOGE-USDT,2022-12-05 03:00:00+00:00,2022-12-05 04:00:00+00:00,2022-12-05 10:00:00+00:00,6,ADAPTIVE_PROTECTION_TOUCH,0.10415,0.1084137500000001,67852.51505286014,7066.839442755384,7356.145603812022,8.83354930344423,9.195182004765028,289.3061610566383,271.2774297484291,ROBUSTNESS_2022,4,RELATIVE_STRENGTH_ROTATION,1,0.0011120833333333,0.11175,TRANSITION,TRANSITION,0.0997016666666668,,,,,True
FULL_ADAPTIVE_LIFECYCLE_BRAIN__PRE_PROGRESS_NON_CONFIRMATION_V1,FULL_ADAPTIVE_LIFECYCLE_BRAIN__PRE_PROGRESS_NON_CONFIRMATION_V1:UNION_FOCUS:C2,UNION_FOCUS,C2,1.0,DOGE-USDT,2022-12-05 09:00:00+00:00,2022-12-05 10:00:00+00:00,2022-12-05 14:00:00+00:00,4,ADAPTIVE_PROTECTION_TOUCH,0.10877,0.1046483333333336,65200.6640086885,7091.876224225049,6823.140820735922,8.864845280281312,8.528926025919903,-268.73540348912684,-286.1291747953281,ROBUSTNESS_2022,4,MOMENTUM_BREAKOUT|RELATIVE_STRENGTH_ROTATION,2,0.0010304166666666,0.10877,TRANSITION,TRANSITION,0.1046483333333336,,,,,True
FULL_ADAPTIVE_LIFECYCLE_BRAIN__PRE_PROGRESS_NON_CONFIRMATION_V1,FULL_ADAPTIVE_LIFECYCLE_BRAIN__PRE_PROGRESS_NON_CONFIRMATION_V1:UNION_FOCUS:C2,UNION_FOCUS,C2,1.0,LTC-USDT,2022-12-05 05:00:00+00:00,2022-12-05 06:00:00+00:00,2022-12-05 17:00:00+00:00,11,ADAPTIVE_PROTECTION_TOUCH,83.024,80.99533333333333,85.14858018978796,7069.375721676955,6896.637635331939,8.836719652096194,8.620797044164924,-172.7380863450162,-190.19560304127734,ROBUSTNESS_2022,6,MOMENTUM_BREAKOUT|RELATIVE_STRENGTH_ROTATION,2,0.5071666666666671,84.989,TRANSITION,TRANSITION,80.99533333333333,2022-12-05 12:00:00+00:00,83.024,2022-12-05 16:00:00+00:00,2022-12-05 17:00:00+00:00,True
FULL_ADAPTIVE_LIFECYCLE_BRAIN__PRE_PROGRESS_NON_CONFIRMATION_V1,FULL_ADAPTIVE_LIFECYCLE_BRAIN__PRE_PROGRESS_NON_CONFIRMATION_V1:UNION_FOCUS:C2,UNION_FOCUS,C2,1.0,BTC-USDT,2022-12-05 01:00:00+00:00,2022-12-05 02:00:00+00:00,2022-12-05 20:00:00+00:00,18,ADAPTIVE_PROTECTION_TOUCH,17213.0,16968.183333333334,0.41009047133836296,7058.887283147242,6958.490300922422,8.823609103934052,8.698112876153028,-100.39698222482002,-117.9187042049071,ROBUSTNESS_2022,1,MOMENTUM_BREAKOUT,1,61.20416666666612,17421.8,TRANSITION,TRANSITION,16968.183333333334,2022-12-05 08:00:00+00:00,17213.0,2022-12-05 16:00:00+00:00,2022-12-05 17:00:00+00:00,True
FULL_ADAPTIVE_LIFECYCLE_BRAIN__PRE_PROGRESS_NON_CONFIRMATION_V1,FULL_ADAPTIVE_LIFECYCLE_BRAIN__PRE_PROGRESS_NON_CONFIRMATION_V1:UNION_FOCUS:C2,UNION_FOCUS,C2,1.0,SOL-USDT,2022-12-05 01:00:00+00:00,2022-12-05 02:00:00+00:00,2022-12-05 21:00:00+00:00,19,ADAPTIVE_PROTECTION_TOUCH,13.927,13.67775,506.7920699596387,7058.093158327888,6931.775234890448,8.82261644790986,8.66471904361306,-126.31792343744019,-143.8052589289631,ROBUSTNESS_2022,5,MOMENTUM_BREAKOUT|RELATIVE_STRENGTH_ROTATION,2,0.0830833333333332,14.212,TRANSITION,RISK_OFF,13.594666666666667,2022-12-05 08:00:00+00:00,13.927,2022-12-05 16:00:00+00:00,2022-12-05 17:00:00+00:00,True
FULL_ADAPTIVE_LIFECYCLE_BRAIN__PRE_PROGRESS_NON_CONFIRMATION_V1,FULL_ADAPTIVE_LIFECYCLE_BRAIN__PRE_PROGRESS_NON_CONFIRMATION_V1:UNION_FOCUS:C2,UNION_FOCUS,C2,1.0,LTC-USDT,2022-12-06 11:00:00+00:00,2022-12-06 12:00:00+00:00,2022-12-07 08:00:00+00:00,20,ADAPTIVE_PROTECTION_TOUCH,79.18,76.220875,88.6193213581366,7016.877865137257,6754.642215823361,8.77109733142157,8.443302769779201,-262.2356493138959,-279.4500494150967,ROBUSTNESS_2022,6,RELATIVE_STRENGTH_ROTATION,1,0.9863749999999994,80.445,TRANSITION,RISK_OFF,76.220875,2022-12-06 16:00:00+00:00,79.18,2022-12-06 20:00:00+00:00,2022-12-06 21:00:00+00:00,True
FULL_ADAPTIVE_LIFECYCLE_BRAIN__PRE_PROGRESS_NON_CONFIRMATION_V1,FULL_ADAPTIVE_LIFECYCLE_BRAIN__PRE_PROGRESS_NON_CONFIRMATION_V1:UNION_FOCUS:C2,UNION_FOCUS,C2,1.0,SOL-USDT,2022-12-06 12:00:00+00:00,2022-12-06 13:00:00+00:00,2022-12-07 09:00:00+00:00,20,ADAPTIVE_PROTECTION_TOUCH,14.006,13.519375,501.17422907780156,7019.446252463688,6775.562343238704,8.774307815579611,8.46945292904838,-243.88390922498456,-261.12766996961255,ROBUSTNESS_2022,5,RELATIVE_STRENGTH_ROTATION,1,0.1622083333333331,14.384,TRANSITION,RISK_OFF,13.519375,2022-12-06 20:00:00+00:00,14.006,2022-12-07 08:00:00+00:00,2022-12-07 09:00:00+00:00,True
FULL_ADAPTIVE_LIFECYCLE_BRAIN__PRE_PROGRESS_NON_CONFIRMATION_V1,FULL_ADAPTIVE_LIFECYCLE_BRAIN__PRE_PROGRESS_NON_CONFIRMATION_V1:UNION_FOCUS:C2,UNION_FOCUS,C2,1.0,ETH-USDT,2022-12-08 19:00:00+00:00,2022-12-08 20:00:00+00:00,2022-12-09 22:00:00+00:00,26,ADAPTIVE_PROTECTION_TOUCH,1287.41,1258.5916666666667,5.411983707585162,6967.441944982214,6811.477594502456,8.709302431227767,8.51434699312807,-155.96435047975865,-173.1879999041145,ROBUSTNESS_2022,2,MOMENTUM_BREAKOUT|RELATIVE_STRENGTH_ROTATION,2,7.204583333333336,1296.64,TRANSITION,TRANSITION,1258.5916666666667,,,,,True
FULL_ADAPTIVE_LIFECYCLE_BRAIN__PRE_PROGRESS_NON_CONFIRMATION_V1,FULL_ADAPTIVE_LIFECYCLE_BRAIN__PRE_PROGRESS_NON_CONFIRMATION_V1:UNION_FOCUS:C2,UNION_FOCUS,C2,1.0,BTC-USDT,2022-12-08 19:00:00+00:00,2022-12-08 20:00:00+00:00,2022-12-10 20:00:00+00:00,48,ADAPTIVE_STAGNATION_48H_CLOSE_NOT_ABOVE_ENTRY,17246.0,17184.3,0.40404881540024545,6968.225870392633,6943.296058482438,8.71028233799079,8.679120073103048,-24.929811910194985,-42.319214321288825,ROBUSTNESS_2022,1,MOMENTUM_BREAKOUT,1,50.24166666666618,17338.7,TRANSITION,TRANSITION,17045.033333333336,,,,,True
FULL_ADAPTIVE_LIFECYCLE_BRAIN__PRE_PROGRESS_NON_CONFIRMATION_V1,FULL_ADAPTIVE_LIFECYCLE_BRAIN__PRE_PROGRESS_NON_CONFIRMATION_V1:UNION_FOCUS:C2,UNION_FOCUS,C2,1.0,XRP-USDT,2022-12-08 23:00:00+00:00,2022-12-09 00:00:00+00:00,2022-12-11 00:00:00+00:00,48,ADAPTIVE_STAGNATION_48H_CLOSE_NOT_ABOVE_ENTRY,0.39417,0.38626,17666.15283595401,6963.467463347992,6823.728194415596,8.70433432918499,8.529660243019494,-139.73926893239604,-156.97326350460054,ROBUSTNESS_2022,3,MOMENTUM_BREAKOUT,1,0.0029195833333333,0.39539,TRANSITION,TRANSITION,0.38249166666666684,,,,,True
FULL_ADAPTIVE_LIFECYCLE_BRAIN__PRE_PROGRESS_NON_CONFIRMATION_V1,FULL_ADAPTIVE_LIFECYCLE_BRAIN__PRE_PROGRESS_NON_CONFIRMATION_V1:UNION_FOCUS:C2,UNION_FOCUS,C2,1.0,ETH-USDT,2022-12-10 07:00:00+00:00,2022-12-10 08:00:00+00:00,2022-12-11 23:00:00+00:00,39,ADAPTIVE_STAGNATION_24H_CLOSE_NOT_ABOVE_ENTRY,1265.22,1264.85,5.483474359863173,6937.801429586084,6935.772544072935,8.672251786982605,8.66971568009117,-2.028885513149362,-19.370852980223134,ROBUSTNESS_2022,2,RELATIVE_STRENGTH_ROTATION,1,6.838750000000014,1285.0,TRANSITION,RISK_OFF,1244.70375,2022-12-10 12:00:00+00:00,1265.22,,,True
FULL_ADAPTIVE_LIFECYCLE_BRAIN__PRE_PROGRESS_NON_CONFIRMATION_V1,FULL_ADAPTIVE_LIFECYCLE_BRAIN__PRE_PROGRESS_NON_CONFIRMATION_V1:UNION_FOCUS:C2,UNION_FOCUS,C2,1.0,LTC-USDT,2022-12-11 17:00:00+00:00,2022-12-11 18:00:00+00:00,2022-12-12 01:00:00+00:00,7,ADAPTIVE_PROTECTION_TOUCH,77.443,76.164875,89.59214876666466,6938.284776936812,6823.7748117944175,8.672855971171016,8.529718514743022,-114.50996514239432,-131.71253962830835,ROBUSTNESS_2022,6,RELATIVE_STRENGTH_ROTATION,1,0.4260416666666676,78.414,TRANSITION,RISK_OFF,76.164875,,,,,True
FULL_ADAPTIVE_LIFECYCLE_BRAIN__PRE_PROGRESS_NON_CONFIRMATION_V1,FULL_ADAPTIVE_LIFECYCLE_BRAIN__PRE_PROGRESS_NON_CONFIRMATION_V1:UNION_FOCUS:C2,UNION_FOCUS,C2,1.0,LTC-USDT,2022-12-13 03:00:00+00:00,2022-12-13 04:00:00+00:00,2022-12-13 08:00:00+00:00,4,ADAPTIVE_PROTECTION_TOUCH,77.188,74.62683333333334,89.68433579380662,6922.554511252346,6692.857979895109,8.653193139065433,8.366072474868886,-229.6965313572373,-246.71579697117159,ROBUSTNESS_2022,6,RELATIVE_STRENGTH_ROTATION,1,0.6402916666666668,77.271,TRANSITION,TRANSITION,74.62683333333334,,,,,True
FULL_ADAPTIVE_LIFECYCLE_BRAIN__PRE_PROGRESS_NON_CONFIRMATION_V1,FULL_ADAPTIVE_LIFECYCLE_BRAIN__PRE_PROGRESS_NON_CONFIRMATION_V1:UNION_FOCUS:C2,UNION_FOCUS,C2,1.0,BTC-USDT,2022-12-13 10:00:00+00:00,2022-12-13 11:00:00+00:00,2022-12-13 16:00:00+00:00,5,ADAPTIVE_PROTECTION_TOUCH,17422.0,17820.712499999998,0.39624327197372794,6903.350284326289,7061.337429903112,8.629187855407862,8.82667178737889,157.98714557682342,140.53128593403667,ROBUSTNESS_2022,1,MOMENTUM_BREAKOUT|RELATIVE_STRENGTH_ROTATION,2,49.42916666666709,17969.0,TRANSITION,TRANSITION,17820.712499999998,,,,,True
FULL_ADAPTIVE_LIFECYCLE_BRAIN__PRE_PROGRESS_NON_CONFIRMATION_V1,FULL_ADAPTIVE_LIFECYCLE_BRAIN__PRE_PROGRESS_NON_CONFIRMATION_V1:UNION_FOCUS:C2,UNION_FOCUS,C2,1.0,ETH-USDT,2022-12-12 21:00:00+00:00,2022-12-12 22:00:00+00:00,2022-12-13 16:00:00+00:00,18,ADAPTIVE_PROTECTION_TOUCH,1266.48,1326.53,5.464835703731733,6921.105122062166,7249.268506071256,8.651381402577707,9.06158563258907,328.1633840090899,310.4504169739231,ROBUSTNESS_2022,2,RELATIVE_STRENGTH_ROTATION,1,6.643333333333335,1346.46,TRANSITION,TRANSITION,1326.53,2022-12-13 04:00:00+00:00,1266.48,,,True
FULL_ADAPTIVE_LIFECYCLE_BRAIN__PRE_PROGRESS_NON_CONFIRMATION_V1,FULL_ADAPTIVE_LIFECYCLE_BRAIN__PRE_PROGRESS_NON_CONFIRMATION_V1:UNION_FOCUS:C2,UNION_FOCUS,C2,1.0,SOL-USDT,2022-12-13 14:00:00+00:00,2022-12-13 15:00:00+00:00,2022-12-13 18:00:00+00:00,3,ADAPTIVE_PROTECTION_TOUCH,14.078,13.613666666666665,493.5814746056185,6948.6399994978965,6719.453668122687,8.685799999372371,8.39931708515336,-229.1863313752092,-246.27144845973493,ROBUSTNESS_2022,5,MOMENTUM_BREAKOUT,1,0.1160833333333334,14.118,TRANSITION,TRANSITION,13.613666666666665,,,,,True
FULL_ADAPTIVE_LIFECYCLE_BRAIN__PRE_PROGRESS_NON_CONFIRMATION_V1,FULL_ADAPTIVE_LIFECYCLE_BRAIN__PRE_PROGRESS_NON_CONFIRMATION_V1:UNION_FOCUS:C2,UNION_FOCUS,C2,1.0,LTC-USDT,2022-12-13 14:00:00+00:00,2022-12-13 15:00:00+00:00,2022-12-14 19:00:00+00:00,28,ADAPTIVE_PROTECTION_TOUCH,79.055,76.43100000000001,87.88638640817092,6947.858277497952,6717.244399562913,8.684822846872441,8.39655549945364,-230.61387793503945,-247.69525628136552,ROBUSTNESS_2022,6,MOMENTUM_BREAKOUT,1,0.6560000000000006,79.787,TRANSITION,TRANSITION,76.43100000000001,,,,,True
FULL_ADAPTIVE_LIFECYCLE_BRAIN__PRE_PROGRESS_NON_CONFIRMATION_V1,FULL_ADAPTIVE_LIFECYCLE_BRAIN__PRE_PROGRESS_NON_CONFIRMATION_V1:UNION_FOCUS:C2,UNION_FOCUS,C2,1.0,BTC-USDT,2022-12-14 06:00:00+00:00,2022-12-14 07:00:00+00:00,2022-12-14 20:00:00+00:00,13,ADAPTIVE_PROTECTION_TOUCH,17787.9,17929.483333333337,0.38790232312291606,6899.967733478119,6954.888237393607,8.62495966684765,8.693610296742008,54.92050391548764,37.60193395189798,ROBUSTNESS_2022,1,RELATIVE_STRENGTH_ROTATION,1,111.97916666666622,18377.4,TRANSITION,RISK_ON,17339.983333333337,2022-12-14 12:00:00+00:00,17787.9,,,True
FULL_ADAPTIVE_LIFECYCLE_BRAIN__PRE_PROGRESS_NON_CONFIRMATION_V1,FULL_ADAPTIVE_LIFECYCLE_BRAIN__PRE_PROGRESS_NON_CONFIRMATION_V1:UNION_FOCUS:C2,UNION_FOCUS,C2,1.0,SOL-USDT,2022-12-14 13:00:00+00:00,2022-12-14 14:00:00+00:00,2022-12-14 20:00:00+00:00,6,ADAPTIVE_PROTECTION_TOUCH,14.19,14.323666666666668,487.14434535673723,6912.578260612101,6977.693221441453,8.640722825765126,8.722116526801816,65.11496082935173,47.752121476784794,ROBUSTNESS_2022,5,MOMENTUM_BREAKOUT,1,0.1550833333333331,14.944,TRANSITION,RISK_ON,13.569666666666667,,,,,True
FULL_ADAPTIVE_LIFECYCLE_BRAIN__PRE_PROGRESS_NON_CONFIRMATION_V1,FULL_ADAPTIVE_LIFECYCLE_BRAIN__PRE_PROGRESS_NON_CONFIRMATION_V1:UNION_FOCUS:C2,UNION_FOCUS,C2,1.0,XRP-USDT,2022-12-13 14:00:00+00:00,2022-12-13 15:00:00+00:00,2022-12-14 20:00:00+00:00,29,ADAPTIVE_PROTECTION_TOUCH,0.39546,0.38425499999999996,17573.00816631634,6949.421809451459,6752.516252947885,8.686777261814324,8.440645316184856,-196.9055565035742,-214.03297908157336,ROBUSTNESS_2022,3,MOMENTUM_BREAKOUT,1,0.00280125,0.39602,TRANSITION,RISK_ON,0.38425499999999996,,,,,True
FULL_ADAPTIVE_LIFECYCLE_BRAIN__PRE_PROGRESS_NON_CONFIRMATION_V1,FULL_ADAPTIVE_LIFECYCLE_BRAIN__PRE_PROGRESS_NON_CONFIRMATION_V1:UNION_FOCUS:C2,UNION_FOCUS,C2,1.0,BTC-USDT,2022-12-14 19:00:00+00:00,2022-12-14 20:00:00+00:00,2022-12-14 20:00:00+00:00,0,ADAPTIVE_PROTECTION_TOUCH,18207.3,17840.925,0.7565922203766634,13775.501534064024,13498.305059323524,17.219376917580032,16.872881324154406,-277.1964747405,-311.28873298223436,ROBUSTNESS_2022,1,MOMENTUM_BREAKOUT,1,73.27499999999979,18207.3,RISK_ON,RISK_ON,,,,,,True
FULL_ADAPTIVE_LIFECYCLE_BRAIN__PRE_PROGRESS_NON_CONFIRMATION_V1,FULL_ADAPTIVE_LIFECYCLE_BRAIN__PRE_PROGRESS_NON_CONFIRMATION_V1:UNION_FOCUS:C2,UNION_FOCUS,C2,1.0,ETH-USDT,2022-12-14 07:00:00+00:00,2022-12-14 08:00:00+00:00,2022-12-15 14:00:00+00:00,30,ADAPTIVE_PROTECTION_TOUCH,1322.29,1276.4766666666665,5.217326667608209,6898.818879311658,6659.795753579633,8.623523599139572,8.32474469197454,-239.0231257320247,-255.9713940231388,ROBUSTNESS_2022,2,RELATIVE_STRENGTH_ROTATION,1,11.453333333333347,1353.0,TRANSITION,TRANSITION,1276.4766666666665,2022-12-14 12:00:00+00:00,1322.29,2022-12-14 20:00:00+00:00,2022-12-14 21:00:00+00:00,True
FULL_ADAPTIVE_LIFECYCLE_BRAIN__PRE_PROGRESS_NON_CONFIRMATION_V1,FULL_ADAPTIVE_LIFECYCLE_BRAIN__PRE_PROGRESS_NON_CONFIRMATION_V1:UNION_FOCUS:C2,UNION_FOCUS,C2,1.0,BTC-USDT,2022-12-20 15:00:00+00:00,2022-12-20 16:00:00+00:00,2022-12-22 00:00:00+00:00,32,ADAPTIVE_STAGNATION_24H_CLOSE_NOT_ABOVE_ENTRY,16903.4,16761.5,0.40443127657385375,6836.26364043848,6778.874842292649,8.5453295505481,8.473593552865811,-57.38879814583106,-74.40772124924497,ROBUSTNESS_2022,1,MOMENTUM_BREAKOUT,1,105.0291666666667,17040.0,TRANSITION,RISK_OFF,16588.3125,,,,,True
FULL_ADAPTIVE_LIFECYCLE_BRAIN__PRE_PROGRESS_NON_CONFIRMATION_V1,FULL_ADAPTIVE_LIFECYCLE_BRAIN__PRE_PROGRESS_NON_CONFIRMATION_V1:UNION_FOCUS:C2,UNION_FOCUS,C2,1.0,ETH-USDT,2022-12-20 05:00:00+00:00,2022-12-20 06:00:00+00:00,2022-12-22 16:00:00+00:00,58,ADAPTIVE_STAGNATION_24H_CLOSE_NOT_ABOVE_ENTRY,1208.67,1192.74,5.6528229670716845,6832.397535610534,6742.348065745081,8.540496919513167,8.427935082181351,-90.04946986545292,-107.01790186714744,ROBUSTNESS_2022,2,MOMENTUM_BREAKOUT,1,9.115416666666649,1230.0,TRANSITION,RISK_OFF,1181.32375,2022-12-20 12:00:00+00:00,1208.67,2022-12-21 20:00:00+00:00,2022-12-21 21:00:00+00:00,True
FULL_ADAPTIVE_LIFECYCLE_BRAIN__PRE_PROGRESS_NON_CONFIRMATION_V1,FULL_ADAPTIVE_LIFECYCLE_BRAIN__PRE_PROGRESS_NON_CONFIRMATION_V1:UNION_FOCUS:C2,UNION_FOCUS,C2,1.0,LTC-USDT,2022-12-21 02:00:00+00:00,2022-12-21 03:00:00+00:00,2022-12-22 16:00:00+00:00,37,ADAPTIVE_STAGNATION_24H_CLOSE_NOT_ABOVE_ENTRY,66.163,64.946,103.24803531413632,6831.199760489201,6705.546901511897,8.538999700611502,8.381933626889872,-125.65285897730428,-142.57379230480564,ROBUSTNESS_2022,5,RELATIVE_STRENGTH_ROTATION,1,0.6689999999999999,66.805,TRANSITION,RISK_OFF,64.15599999999999,2022-12-22 08:00:00+00:00,66.163,,,True
FULL_ADAPTIVE_LIFECYCLE_BRAIN__PRE_PROGRESS_NON_CONFIRMATION_V1,FULL_ADAPTIVE_LIFECYCLE_BRAIN__PRE_PROGRESS_NON_CONFIRMATION_V1:UNION_FOCUS:C2,UNION_FOCUS,C2,1.0,DOGE-USDT,2022-12-22 21:00:00+00:00,2022-12-22 22:00:00+00:00,2022-12-25 13:00:00+00:00,63,ADAPTIVE_STAGNATION_24H_CLOSE_NOT_ABOVE_ENTRY,0.0766,0.07646,88815.11211778886,6803.237588222627,6790.803472526136,8.504046985278285,8.48850434065767,-12.434115696491062,-29.42666702242702,ROBUSTNESS_2022,4,RELATIVE_STRENGTH_ROTATION,1,0.0008370833333333,0.07899,TRANSITION,RISK_OFF,0.0740887500000001,2022-12-23 04:00:00+00:00,0.0766,2022-12-25 12:00:00+00:00,2022-12-25 13:00:00+00:00,True
FULL_ADAPTIVE_LIFECYCLE_BRAIN__PRE_PROGRESS_NON_CONFIRMATION_V1,FULL_ADAPTIVE_LIFECYCLE_BRAIN__PRE_PROGRESS_NON_CONFIRMATION_V1:MOMENTUM_BREAKOUT:C2,MOMENTUM_BREAKOUT,C2,1.0,BTC-USDT,2022-02-07 00:00:00+00:00,2022-02-07 01:00:00+00:00,2022-02-08 00:00:00+00:00,23,ADAPTIVE_PROTECTION_TOUCH,42394.8,43778.15,0.21229018653231055,9000.0,9293.67162953947,11.25,11.617089536924338,293.6716295394708,270.8045400025465,ROBUSTNESS_2022,1,MOMENTUM_BREAKOUT,1,240.61666666666648,44500.0,TRANSITION,TRANSITION,43778.15,2022-02-07 08:00:00+00:00,42394.8,,,True
FULL_ADAPTIVE_LIFECYCLE_BRAIN__PRE_PROGRESS_NON_CONFIRMATION_V1,FULL_ADAPTIVE_LIFECYCLE_BRAIN__PRE_PROGRESS_NON_CONFIRMATION_V1:MOMENTUM_BREAKOUT:C2,MOMENTUM_BREAKOUT,C2,1.0,AVAX-USDT,2022-02-07 05:00:00+00:00,2022-02-07 06:00:00+00:00,2022-02-08 06:00:00+00:00,24,ADAPTIVE_PROTECTION_GAP,81.867,89.155,110.01008405165518,9006.195551056855,9807.949043625318,11.257744438821069,12.259936304531648,801.7534925684631,778.2358118251104,ROBUSTNESS_2022,5,MOMENTUM_BREAKOUT,1,1.2186250000000012,93.09,TRANSITION,TRANSITION,76.9925,2022-02-07 12:00:00+00:00,81.867,,,True
FULL_ADAPTIVE_LIFECYCLE_BRAIN__PRE_PROGRESS_NON_CONFIRMATION_V1,FULL_ADAPTIVE_LIFECYCLE_BRAIN__PRE_PROGRESS_NON_CONFIRMATION_V1:MOMENTUM_BREAKOUT:C2,MOMENTUM_BREAKOUT,C2,1.0,ETH-USDT,2022-02-07 05:00:00+00:00,2022-02-07 06:00:00+00:00,2022-02-08 09:00:00+00:00,27,ADAPTIVE_PROTECTION_TOUCH,3087.0,3140.8362500000003,2.917787127325506,9007.208862053836,9164.291579287315,11.259011077567296,11.455364474109144,157.08271723347934,134.36834168180292,ROBUSTNESS_2022,2,MOMENTUM_BREAKOUT,1,30.89124999999994,3233.51,TRANSITION,RISK_ON,3140.8362500000003,2022-02-07 16:00:00+00:00,3087.0,,,True
FULL_ADAPTIVE_LIFECYCLE_BRAIN__PRE_PROGRESS_NON_CONFIRMATION_V1,FULL_ADAPTIVE_LIFECYCLE_BRAIN__PRE_PROGRESS_NON_CONFIRMATION_V1:MOMENTUM_BREAKOUT:C2,MOMENTUM_BREAKOUT,C2,1.0,ATOM-USDT,2022-02-07 06:00:00+00:00,2022-02-07 07:00:00+00:00,2022-02-08 13:00:00+00:00,30,ADAPTIVE_PROTECTION_TOUCH,32.2995,30.26565,279.0096049688605,9011.870735691711,8444.407050625794,11.26483841961464,10.555508813282243,-567.4636850659172,-589.284032298814,ROBUSTNESS_2022,3,MOMENTUM_BREAKOUT,1,0.5084625000000002,33.1783,TRANSITION,RISK_ON,30.26565,,,,,True
FULL_ADAPTIVE_LIFECYCLE_BRAIN__PRE_PROGRESS_NON_CONFIRMATION_V1,FULL_ADAPTIVE_LIFECYCLE_BRAIN__PRE_PROGRESS_NON_CONFIRMATION_V1:MOMENTUM_BREAKOUT:C2,MOMENTUM_BREAKOUT,C2,1.0,BTC-USDT,2022-02-08 06:00:00+00:00,2022-02-08 07:00:00+00:00,2022-02-08 13:00:00+00:00,6,ADAPTIVE_PROTECTION_TOUCH,44875.1,43259.316666666666,0.20380231804372334,9145.649402443889,8816.349013654142,11.432061753054862,11.020436267067678,-329.30038878974665,-351.7528868098692,ROBUSTNESS_2022,1,MOMENTUM_BREAKOUT,1,403.9458333333341,45500.0,TRANSITION,RISK_ON,43259.316666666666,,,,,True
FULL_ADAPTIVE_LIFECYCLE_BRAIN__PRE_PROGRESS_NON_CONFIRMATION_V1,FULL_ADAPTIVE_LIFECYCLE_BRAIN__PRE_PROGRESS_NON_CONFIRMATION_V1:MOMENTUM_BREAKOUT:C2,MOMENTUM_BREAKOUT,C2,1.0,AVAX-USDT,2022-02-08 05:00:00+00:00,2022-02-08 06:00:00+00:00,2022-02-08 16:00:00+00:00,10,ADAPTIVE_PROTECTION_TOUCH,89.155,83.83433333333333,102.17345781466594,9109.274631466542,8565.643720253976,11.386593289333177,10.70705465031747,-543.6309112125655,-565.7245591522161,ROBUSTNESS_2022,5,MOMENTUM_BREAKOUT,1,1.330166666666668,92.563,TRANSITION,RISK_ON,83.83433333333333,,,,,True
FULL_ADAPTIVE_LIFECYCLE_BRAIN__PRE_PROGRESS_NON_CONFIRMATION_V1,FULL_ADAPTIVE_LIFECYCLE_BRAIN__PRE_PROGRESS_NON_CONFIRMATION_V1:MOMENTUM_BREAKOUT:C2,MOMENTUM_BREAKOUT,C2,1.0,DOT-USDT,2022-02-07 16:00:00+00:00,2022-02-07 17:00:00+00:00,2022-02-08 16:00:00+00:00,23,ADAPTIVE_PROTECTION_TOUCH,22.5751,21.18045,401.8904628968263,9072.717388942143,8512.220854863084,11.34089673617768,10.640276068578855,-560.4965340790586,-582.4777068838151,ROBUSTNESS_2022,7,MOMENTUM_BREAKOUT,1,0.3486624999999996,23.1846,TRANSITION,RISK_ON,21.18045,2022-02-08 04:00:00+00:00,22.5919,2022-02-08 08:00:00+00:00,2022-02-08 09:00:00+00:00,True
FULL_ADAPTIVE_LIFECYCLE_BRAIN__PRE_PROGRESS_NON_CONFIRMATION_V1,FULL_ADAPTIVE_LIFECYCLE_BRAIN__PRE_PROGRESS_NON_CONFIRMATION_V1:MOMENTUM_BREAKOUT:C2,MOMENTUM_BREAKOUT,C2,1.0,ETH-USDT,2022-02-09 20:00:00+00:00,2022-02-09 21:00:00+00:00,2022-02-10 22:00:00+00:00,25,ADAPTIVE_PROTECTION_TOUCH,3246.99,3101.663333333333,5.4933801802609965,17836.950511505653,17038.61588117559,22.296188139382068,21.298269851469485,-798.3346303300641,-841.9290883209156,ROBUSTNESS_2022,2,MOMENTUM_BREAKOUT,1,36.33166666666671,3284.0,RISK_ON,TRANSITION,3065.331666666666,2022-02-10 12:00:00+00:00,3248.2,2022-02-10 16:00:00+00:00,2022-02-10 17:00:00+00:00,True
FULL_ADAPTIVE_LIFECYCLE_BRAIN__PRE_PROGRESS_NON_CONFIRMATION_V1,FULL_ADAPTIVE_LIFECYCLE_BRAIN__PRE_PROGRESS_NON_CONFIRMATION_V1:MOMENTUM_BREAKOUT:C2,MOMENTUM_BREAKOUT,C2,1.0,AVAX-USDT,2022-02-10 18:00:00+00:00,2022-02-10 19:00:00+00:00,2022-02-11 01:00:00+00:00,6,ADAPTIVE_PROTECTION_TOUCH,94.271,88.41250000000001,188.78619329074039,17797.063227711387,16691.059314317587,22.246329034639235,20.863824142896984,-1106.0039133938008,-1149.114066571337,ROBUSTNESS_2022,5,MOMENTUM_BREAKOUT,1,1.4646249999999992,94.414,RISK_ON,TRANSITION,88.41250000000001,,,,,True
FULL_ADAPTIVE_LIFECYCLE_BRAIN__PRE_PROGRESS_NON_CONFIRMATION_V1,FULL_ADAPTIVE_LIFECYCLE_BRAIN__PRE_PROGRESS_NON_CONFIRMATION_V1:MOMENTUM_BREAKOUT:C2,MOMENTUM_BREAKOUT,C2,1.0,AVAX-USDT,2022-02-15 08:00:00+00:00,2022-02-15 09:00:00+00:00,2022-02-16 14:00:00+00:00,29,ADAPTIVE_PROTECTION_TOUCH,85.128,92.23233333333334,205.72942743475087,17513.334698665472,18974.905127637758,21.89166837333184,23.718631409547196,1461.5704289722853,1415.9601291894062,ROBUSTNESS_2022,5,MOMENTUM_BREAKOUT,1,1.2844166666666652,97.37,RISK_ON,RISK_ON,92.23233333333334,2022-02-15 16:00:00+00:00,85.128,,,True
FULL_ADAPTIVE_LIFECYCLE_BRAIN__PRE_PROGRESS_NON_CONFIRMATION_V1,FULL_ADAPTIVE_LIFECYCLE_BRAIN__PRE_PROGRESS_NON_CONFIRMATION_V1:MOMENTUM_BREAKOUT:C2,MOMENTUM_BREAKOUT,C2,1.0,ETH-USDT,2022-02-15 02:00:00+00:00,2022-02-15 03:00:00+00:00,2022-02-16 14:00:00+00:00,35,ADAPTIVE_PROTECTION_TOUCH,3020.71,3070.9483333333337,5.784941310820216,17474.630067007733,17765.25587689449,21.843287583759665,22.206569846118114,290.62580988675836,246.5759524568806,ROBUSTNESS_2022,2,MOMENTUM_BREAKOUT,1,31.6554166666666,3197.57,RISK_ON,RISK_ON,3070.9483333333337,2022-02-15 08:00:00+00:00,3020.71,,,True
FULL_ADAPTIVE_LIFECYCLE_BRAIN__PRE_PROGRESS_NON_CONFIRMATION_V1,FULL_ADAPTIVE_LIFECYCLE_BRAIN__PRE_PROGRESS_NON_CONFIRMATION_V1:MOMENTUM_BREAKOUT:C2,MOMENTUM_BREAKOUT,C2,1.0,ATOM-USDT,2022-02-15 11:00:00+00:00,2022-02-15 12:00:00+00:00,2022-02-17 15:00:00+00:00,51,ADAPTIVE_PROTECTION_TOUCH,28.6153,29.4596125,600.2679291247612,17176.84687228378,17683.660588192928,21.471058590354723,22.10457573524116,506.8137159091493,463.2380815835534,ROBUSTNESS_2022,3,MOMENTUM_BREAKOUT,1,0.4657291666666664,30.8568,RISK_ON,TRANSITION,28.993883333333333,2022-02-17 08:00:00+00:00,29.5558,,,True
FULL_ADAPTIVE_LIFECYCLE_BRAIN__PRE_PROGRESS_NON_CONFIRMATION_V1,FULL_ADAPTIVE_LIFECYCLE_BRAIN__PRE_PROGRESS_NON_CONFIRMATION_V1:MOMENTUM_BREAKOUT:C2,MOMENTUM_BREAKOUT,C2,1.0,AVAX-USDT,2022-02-17 01:00:00+00:00,2022-02-17 02:00:00+00:00,2022-02-17 15:00:00+00:00,13,ADAPTIVE_PROTECTION_GAP,98.317,91.326,181.449964168037,17839.616127108893,16571.09942761015,22.299520158886118,20.713874284512684,-1268.5166994987449,-1311.5300939421436,ROBUSTNESS_2022,5,MOMENTUM_BREAKOUT,1,1.7428750000000015,98.621,RISK_ON,TRANSITION,89.60262499999999,,,,,True
FULL_ADAPTIVE_LIFECYCLE_BRAIN__PRE_PROGRESS_NON_CONFIRMATION_V1,FULL_ADAPTIVE_LIFECYCLE_BRAIN__PRE_PROGRESS_NON_CONFIRMATION_V1:MOMENTUM_BREAKOUT:C2,MOMENTUM_BREAKOUT,C2,1.0,BTC-USDT,2022-02-15 02:00:00+00:00,2022-02-15 03:00:00+00:00,2022-02-17 15:00:00+00:00,60,ADAPTIVE_STAGNATION_48H_CLOSE_NOT_ABOVE_ENTRY,43461.0,42253.1,0.4021666032448643,17478.562743625047,16992.785703565576,21.84820342953131,21.24098212945697,-485.7770400594709,-528.8662256184591,ROBUSTNESS_2022,1,MOMENTUM_BREAKOUT,1,342.4375000000003,44800.8,RISK_ON,TRANSITION,41748.8125,2022-02-15 08:00:00+00:00,43461.0,2022-02-17 12:00:00+00:00,2022-02-17 13:00:00+00:00,True
FULL_ADAPTIVE_LIFECYCLE_BRAIN__PRE_PROGRESS_NON_CONFIRMATION_V1,FULL_ADAPTIVE_LIFECYCLE_BRAIN__PRE_PROGRESS_NON_CONFIRMATION_V1:MOMENTUM_BREAKOUT:C2,MOMENTUM_BREAKOUT,C2,1.0,NEAR-USDT,2022-02-17 08:00:00+00:00,2022-02-17 09:00:00+00:00,2022-02-17 15:00:00+00:00,6,ADAPTIVE_PROTECTION_TOUCH,11.6432,10.941033333333333,1533.4428159189008,17854.181394306946,16777.448963729224,22.317726742883682,20.97181120466153,-1076.732430577722,-1120.021968525267,ROBUSTNESS_2022,6,MOMENTUM_BREAKOUT,1,0.1755416666666667,11.7241,RISK_ON,TRANSITION,10.765491666666666,,,,,True
FULL_ADAPTIVE_LIFECYCLE_BRAIN__PRE_PROGRESS_NON_CONFIRMATION_V1,FULL_ADAPTIVE_LIFECYCLE_BRAIN__PRE_PROGRESS_NON_CONFIRMATION_V1:MOMENTUM_BREAKOUT:C2,MOMENTUM_BREAKOUT,C2,1.0,SOL-USDT,2022-02-15 02:00:00+00:00,2022-02-15 03:00:00+00:00,2022-02-17 15:00:00+00:00,60,ADAPTIVE_STAGNATION_48H_CLOSE_NOT_ABOVE_ENTRY,102.022,97.551,171.24442056853084,17470.698275242656,16705.064470880752,21.83837284405332,20.881330588600942,-765.6338043619035,-808.3535077945577,ROBUSTNESS_2022,4,MOMENTUM_BREAKOUT,1,1.5941249999999982,105.751,RISK_ON,TRANSITION,94.05137500000001,2022-02-15 12:00:00+00:00,102.327,2022-02-15 20:00:00+00:00,2022-02-15 21:00:00+00:00,True
FULL_ADAPTIVE_LIFECYCLE_BRAIN__PRE_PROGRESS_NON_CONFIRMATION_V1,FULL_ADAPTIVE_LIFECYCLE_BRAIN__PRE_PROGRESS_NON_CONFIRMATION_V1:MOMENTUM_BREAKOUT:C2,MOMENTUM_BREAKOUT,C2,1.0,SOL-USDT,2022-02-25 23:00:00+00:00,2022-02-26 00:00:00+00:00,2022-02-27 01:00:00+00:00,25,ADAPTIVE_PROTECTION_TOUCH,94.734,88.616875,90.67051277851414,8589.580357559758,8034.93749707949,10.736975446949698,10.043671871349362,-554.6428604802686,-575.4235077985677,ROBUSTNESS_2022,7,MOMENTUM_BREAKOUT,1,2.039041666666668,95.108,TRANSITION,TRANSITION,88.616875,,,,,True
FULL_ADAPTIVE_LIFECYCLE_BRAIN__PRE_PROGRESS_NON_CONFIRMATION_V1,FULL_ADAPTIVE_LIFECYCLE_BRAIN__PRE_PROGRESS_NON_CONFIRMATION_V1:MOMENTUM_BREAKOUT:C2,MOMENTUM_BREAKOUT,C2,1.0,ATOM-USDT,2022-02-25 22:00:00+00:00,2022-02-25 23:00:00+00:00,2022-02-27 02:00:00+00:00,27,ADAPTIVE_PROTECTION_TOUCH,27.3593,28.7072625,314.02161549725207,8591.41158487397,9014.700946753683,10.739264481092462,11.268376183442104,423.2893618797134,401.28172121517883,ROBUSTNESS_2022,5,MOMENTUM_BREAKOUT,1,0.5363458333333333,30.3163,TRANSITION,TRANSITION,28.7072625,2022-02-26 04:00:00+00:00,27.3593,,,True
FULL_ADAPTIVE_LIFECYCLE_BRAIN__PRE_PROGRESS_NON_CONFIRMATION_V1,FULL_ADAPTIVE_LIFECYCLE_BRAIN__PRE_PROGRESS_NON_CONFIRMATION_V1:MOMENTUM_BREAKOUT:C2,MOMENTUM_BREAKOUT,C2,1.0,AVAX-USDT,2022-02-26 22:00:00+00:00,2022-02-26 23:00:00+00:00,2022-02-27 02:00:00+00:00,3,ADAPTIVE_PROTECTION_TOUCH,84.681,78.10916666666665,102.10743749125692,8646.559914197127,7975.526852910833,10.808199892746408,9.969408566138542,-671.0330612862936,-691.8106697451785,ROBUSTNESS_2022,6,MOMENTUM_BREAKOUT,1,1.6429583333333355,84.792,TRANSITION,TRANSITION,78.10916666666665,,,,,True
FULL_ADAPTIVE_LIFECYCLE_BRAIN__PRE_PROGRESS_NON_CONFIRMATION_V1,FULL_ADAPTIVE_LIFECYCLE_BRAIN__PRE_PROGRESS_NON_CONFIRMATION_V1:MOMENTUM_BREAKOUT:C2,MOMENTUM_BREAKOUT,C2,1.0,ETH-USDT,2022-02-25 23:00:00+00:00,2022-02-26 00:00:00+00:00,2022-02-27 20:00:00+00:00,44,ADAPTIVE_PROTECTION_TOUCH,2791.95,2654.83375,3.0768985096703347,8590.546794074091,8168.654008797505,10.738183492592613,10.210817510996883,-421.8927852765855,-442.84178628017503,ROBUSTNESS_2022,2,MOMENTUM_BREAKOUT,1,45.70541666666664,2878.9,TRANSITION,TRANSITION,2654.83375,2022-02-26 04:00:00+00:00,2791.95,2022-02-26 12:00:00+00:00,2022-02-26 13:00:00+00:00,True
FULL_ADAPTIVE_LIFECYCLE_BRAIN__PRE_PROGRESS_NON_CONFIRMATION_V1,FULL_ADAPTIVE_LIFECYCLE_BRAIN__PRE_PROGRESS_NON_CONFIRMATION_V1:MOMENTUM_BREAKOUT:C2,MOMENTUM_BREAKOUT,C2,1.0,SOL-USDT,2022-02-28 16:00:00+00:00,2022-02-28 17:00:00+00:00,2022-03-02 14:00:00+00:00,45,ADAPTIVE_PROTECTION_TOUCH,95.636,100.59825,88.59286064638411,8472.666820777591,8912.28674352011,10.59083352597199,11.140358429400138,439.6199227425186,417.88873078714647,ROBUSTNESS_2022,6,MOMENTUM_BREAKOUT,1,1.9485833333333344,106.444,TRANSITION,TRANSITION,100.59825,2022-03-01 00:00:00+00:00,95.636,,,True
FULL_ADAPTIVE_LIFECYCLE_BRAIN__PRE_PROGRESS_NON_CONFIRMATION_V1,FULL_ADAPTIVE_LIFECYCLE_BRAIN__PRE_PROGRESS_NON_CONFIRMATION_V1:MOMENTUM_BREAKOUT:C2,MOMENTUM_BREAKOUT,C2,1.0,BTC-USDT,2022-02-28 16:00:00+00:00,2022-02-28 17:00:00+00:00,2022-03-02 19:00:00+00:00,50,ADAPTIVE_PROTECTION_TOUCH,40824.1,43567.275,0.20756416192982044,8473.620103039182,9043.004922941018,10.592025128798978,11.303756153676273,569.3848199018357,547.4890386193605,ROBUSTNESS_2022,1,MOMENTUM_BREAKOUT,1,600.0750000000004,45367.5,TRANSITION,TRANSITION,43567.275,2022-03-01 00:00:00+00:00,40824.1,,,True
FULL_ADAPTIVE_LIFECYCLE_BRAIN__PRE_PROGRESS_NON_CONFIRMATION_V1,FULL_ADAPTIVE_LIFECYCLE_BRAIN__PRE_PROGRESS_NON_CONFIRMATION_V1:MOMENTUM_BREAKOUT:C2,MOMENTUM_BREAKOUT,C2,1.0,AVAX-USDT,2022-03-01 01:00:00+00:00,2022-03-01 02:00:00+00:00,2022-03-03 02:00:00+00:00,48,ADAPTIVE_STAGNATION_48H_CLOSE_NOT_ABOVE_ENTRY,89.533,84.02,95.8137093911198,8578.488842915129,8050.267863041885,10.723111053643912,10.062834828802357,-528.2209798732438,-549.0069257556901,ROBUSTNESS_2022,5,MOMENTUM_BREAKOUT,1,2.096791666666667,90.813,TRANSITION,TRANSITION,81.14583333333333,,,,,True
FULL_ADAPTIVE_LIFECYCLE_BRAIN__PRE_PROGRESS_NON_CONFIRMATION_V1,FULL_ADAPTIVE_LIFECYCLE_BRAIN__PRE_PROGRESS_NON_CONFIRMATION_V1:MOMENTUM_BREAKOUT:C2,MOMENTUM_BREAKOUT,C2,1.0,ETH-USDT,2022-02-28 23:00:00+00:00,2022-03-01 00:00:00+00:00,2022-03-03 05:00:00+00:00,53,ADAPTIVE_STAGNATION_48H_CLOSE_NOT_ABOVE_ENTRY,2896.95,2894.92,2.9460539237998002,8534.57091455183,8528.590425086519,10.668213643189787,10.660738031358148,-5.980489465311621,-27.30944113985956,ROBUSTNESS_2022,2,MOMENTUM_BREAKOUT,1,45.51249999999999,3044.17,TRANSITION,TRANSITION,2714.8999999999996,2022-03-01 04:00:00+00:00,2896.95,2022-03-03 04:00:00+00:00,2022-03-03 05:00:00+00:00,True
FULL_ADAPTIVE_LIFECYCLE_BRAIN__PRE_PROGRESS_NON_CONFIRMATION_V1,FULL_ADAPTIVE_LIFECYCLE_BRAIN__PRE_PROGRESS_NON_CONFIRMATION_V1:MOMENTUM_BREAKOUT:C2,MOMENTUM_BREAKOUT,C2,1.0,ATOM-USDT,2022-03-01 00:00:00+00:00,2022-03-01 01:00:00+00:00,2022-03-04 17:00:00+00:00,88,ADAPTIVE_PROTECTION_GAP,31.3707,32.9743,272.6625125992224,8553.613883996426,8990.85548920054,10.692017354995533,11.238569361500675,437.2416052041135,415.31101848761733,ROBUSTNESS_2022,7,MOMENTUM_BREAKOUT,1,0.7674125000000002,34.6822,TRANSITION,RISK_OFF,32.379962500000005,2022-03-01 08:00:00+00:00,31.3707,2022-03-01 16:00:00+00:00,2022-03-01 17:00:00+00:00,True
FULL_ADAPTIVE_LIFECYCLE_BRAIN__PRE_PROGRESS_NON_CONFIRMATION_V1,FULL_ADAPTIVE_LIFECYCLE_BRAIN__PRE_PROGRESS_NON_CONFIRMATION_V1:MOMENTUM_BREAKOUT:C2,MOMENTUM_BREAKOUT,C2,1.0,AVAX-USDT,2022-03-09 04:00:00+00:00,2022-03-09 05:00:00+00:00,2022-03-10 05:00:00+00:00,24,ADAPTIVE_PROTECTION_TOUCH,79.919,74.53699999999999,106.9093816992809,8544.09087602483,7968.7045837193,10.680113595031036,9.960880729649125,-575.3862923055294,-596.0272866302096,ROBUSTNESS_2022,5,MOMENTUM_BREAKOUT,1,1.3455000000000006,80.394,TRANSITION,TRANSITION,74.53699999999999,,,,,True
FULL_ADAPTIVE_LIFECYCLE_BRAIN__PRE_PROGRESS_NON_CONFIRMATION_V1,FULL_ADAPTIVE_LIFECYCLE_BRAIN__PRE_PROGRESS_NON_CONFIRMATION_V1:MOMENTUM_BREAKOUT:C2,MOMENTUM_BREAKOUT,C2,1.0,SOL-USDT,2022-03-09 08:00:00+00:00,2022-03-09 09:00:00+00:00,2022-03-10 05:00:00+00:00,20,ADAPTIVE_PROTECTION_TOUCH,89.276,83.29316666666666,95.84219559861569,8556.407854262014,7982.999971694763,10.695509817827517,9.978749964618455,-573.4078825672505,-594.0821423496965,ROBUSTNESS_2022,7,MOMENTUM_BREAKOUT,1,1.4957083333333323,89.9,TRANSITION,TRANSITION,83.29316666666666,,,,,True
FULL_ADAPTIVE_LIFECYCLE_BRAIN__PRE_PROGRESS_NON_CONFIRMATION_V1,FULL_ADAPTIVE_LIFECYCLE_BRAIN__PRE_PROGRESS_NON_CONFIRMATION_V1:MOMENTUM_BREAKOUT:C2,MOMENTUM_BREAKOUT,C2,1.0,ATOM-USDT,2022-03-09 07:00:00+00:00,2022-03-09 08:00:00+00:00,2022-03-10 06:00:00+00:00,22,ADAPTIVE_PROTECTION_TOUCH,30.2838,28.052883333333334,282.23351355516735,8547.103277801976,7917.463828519862,10.68387909725247,9.896829785649826,-629.6394492821146,-650.2201581650169,ROBUSTNESS_2022,6,MOMENTUM_BREAKOUT,1,0.5577291666666665,31.3672,TRANSITION,TRANSITION,28.052883333333334,2022-03-09 16:00:00+00:00,30.7202,2022-03-09 20:00:00+00:00,2022-03-09 21:00:00+00:00,True
FULL_ADAPTIVE_LIFECYCLE_BRAIN__PRE_PROGRESS_NON_CONFIRMATION_V1,FULL_ADAPTIVE_LIFECYCLE_BRAIN__PRE_PROGRESS_NON_CONFIRMATION_V1:MOMENTUM_BREAKOUT:C2,MOMENTUM_BREAKOUT,C2,1.0,BTC-USDT,2022-03-09 04:00:00+00:00,2022-03-09 05:00:00+00:00,2022-03-10 06:00:00+00:00,25,ADAPTIVE_PROTECTION_TOUCH,41205.7,39369.86666666666,0.20739882154481187,8546.013620929054,8165.263951043036,10.682517026161317,10.206579938803795,-380.7496698860177,-401.6387668509828,ROBUSTNESS_2022,1,MOMENTUM_BREAKOUT,1,458.95833333333456,42581.2,TRANSITION,TRANSITION,39369.86666666666,2022-03-09 12:00:00+00:00,41205.7,2022-03-10 04:00:00+00:00,2022-03-10 05:00:00+00:00,True
FULL_ADAPTIVE_LIFECYCLE_BRAIN__PRE_PROGRESS_NON_CONFIRMATION_V1,FULL_ADAPTIVE_LIFECYCLE_BRAIN__PRE_PROGRESS_NON_CONFIRMATION_V1:MOMENTUM_BREAKOUT:C2,MOMENTUM_BREAKOUT,C2,1.0,ETH-USDT,2022-03-09 04:00:00+00:00,2022-03-09 05:00:00+00:00,2022-03-10 15:00:00+00:00,34,ADAPTIVE_PROTECTION_GAP,2698.04,2573.95,3.1671332502100413,8545.0521943967,8152.042629378136,10.681315242995876,10.19005328672267,-393.009565018564,-413.88093354828254,ROBUSTNESS_2022,2,MOMENTUM_BREAKOUT,1,36.72874999999996,2773.91,TRANSITION,RISK_OFF,2551.125,2022-03-09 12:00:00+00:00,2698.04,2022-03-10 04:00:00+00:00,2022-03-10 05:00:00+00:00,True
FULL_ADAPTIVE_LIFECYCLE_BRAIN__PRE_PROGRESS_NON_CONFIRMATION_V1,FULL_ADAPTIVE_LIFECYCLE_BRAIN__PRE_PROGRESS_NON_CONFIRMATION_V1:MOMENTUM_BREAKOUT:C2,MOMENTUM_BREAKOUT,C2,1.0,XRP-USDT,2022-03-11 22:00:00+00:00,2022-03-11 23:00:00+00:00,2022-03-12 03:00:00+00:00,4,ADAPTIVE_PROTECTION_TOUCH,0.80891,0.8291975000000001,10269.358995500213,8306.987185050079,8515.32680567129,10.383733981312599,10.644158507089113,208.339620621211,187.3117281328093,ROBUSTNESS_2022,3,MOMENTUM_BREAKOUT,1,0.0089012499999999,0.847,TRANSITION,RISK_OFF,0.7822062500000003,,,,,True
FULL_ADAPTIVE_LIFECYCLE_BRAIN__PRE_PROGRESS_NON_CONFIRMATION_V1,FULL_ADAPTIVE_LIFECYCLE_BRAIN__PRE_PROGRESS_NON_CONFIRMATION_V1:MOMENTUM_BREAKOUT:C2,MOMENTUM_BREAKOUT,C2,1.0,BTC-USDT,2022-03-16 03:00:00+00:00,2022-03-16 04:00:00+00:00,2022-03-16 04:00:00+00:00,0,ADAPTIVE_PROTECTION_TOUCH,40864.5,39411.583333333336,0.2040094771168849,8336.745277642944,8040.33650818187,10.420931597053679,10.050420635227338,-296.40876946107346,-316.88012169335445,ROBUSTNESS_2022,1,MOMENTUM_BREAKOUT,1,363.2291666666667,40864.5,TRANSITION,TRANSITION,,,,,,True
FULL_ADAPTIVE_LIFECYCLE_BRAIN__PRE_PROGRESS_NON_CONFIRMATION_V1,FULL_ADAPTIVE_LIFECYCLE_BRAIN__PRE_PROGRESS_NON_CONFIRMATION_V1:MOMENTUM_BREAKOUT:C2,MOMENTUM_BREAKOUT,C2,1.0,SOL-USDT,2022-03-15 19:00:00+00:00,2022-03-15 20:00:00+00:00,2022-03-16 05:00:00+00:00,9,ADAPTIVE_PROTECTION_TOUCH,84.883,82.245125,98.05153927161464,8322.908807992466,8064.261103836356,10.403636009990583,10.080326379795444,-258.6477041561102,-279.1316665458962,ROBUSTNESS_2022,7,MOMENTUM_BREAKOUT,1,0.8792916666666658,86.344,TRANSITION,RISK_OFF,81.36583333333333,,,,,True
FULL_ADAPTIVE_LIFECYCLE_BRAIN__PRE_PROGRESS_NON_CONFIRMATION_V1,FULL_ADAPTIVE_LIFECYCLE_BRAIN__PRE_PROGRESS_NON_CONFIRMATION_V1:MOMENTUM_BREAKOUT:C2,MOMENTUM_BREAKOUT,C2,1.0,AVAX-USDT,2022-03-16 20:00:00+00:00,2022-03-16 21:00:00+00:00,2022-03-17 21:00:00+00:00,24,ADAPTIVE_PROTECTION_TOUCH,73.735,78.36274999999999,112.87939599151261,8323.162263434182,8845.539888233903,10.403952829292727,11.05692486029238,522.3776247997212,500.91674711013604,ROBUSTNESS_2022,4,MOMENTUM_BREAKOUT,1,1.11275,81.701,TRANSITION,TRANSITION,78.36274999999999,2022-03-17 04:00:00+00:00,73.735,,,True
FULL_ADAPTIVE_LIFECYCLE_BRAIN__PRE_PROGRESS_NON_CONFIRMATION_V1,FULL_ADAPTIVE_LIFECYCLE_BRAIN__PRE_PROGRESS_NON_CONFIRMATION_V1:MOMENTUM_BREAKOUT:C2,MOMENTUM_BREAKOUT,C2,1.0,ATOM-USDT,2022-03-16 16:00:00+00:00,2022-03-16 17:00:00+00:00,2022-03-18 17:00:00+00:00,48,ADAPTIVE_STAGNATION_48H_CLOSE_NOT_ABOVE_ENTRY,28.1183,27.5612,294.8762989885942,8291.420237850989,8127.144651684443,10.364275297313737,10.158930814605553,-164.27558616654642,-184.7987922784657,ROBUSTNESS_2022,6,MOMENTUM_BREAKOUT,1,0.4099500000000002,29.0961,TRANSITION,TRANSITION,26.4785,2022-03-17 00:00:00+00:00,28.1183,2022-03-18 04:00:00+00:00,2022-03-18 05:00:00+00:00,True
FULL_ADAPTIVE_LIFECYCLE_BRAIN__PRE_PROGRESS_NON_CONFIRMATION_V1,FULL_ADAPTIVE_LIFECYCLE_BRAIN__PRE_PROGRESS_NON_CONFIRMATION_V1:MOMENTUM_BREAKOUT:C2,MOMENTUM_BREAKOUT,C2,1.0,XRP-USDT,2022-03-17 01:00:00+00:00,2022-03-17 02:00:00+00:00,2022-03-19 02:00:00+00:00,48,PRE_PROGRESS_THESIS_NON_CONFIRMATION_48H_NO_MEMORY,0.79519,0.79799,10482.596711367312,8335.656078912172,8365.007349704001,10.419570098640216,10.456259187130001,29.351270791828938,8.475441506058722,ROBUSTNESS_2022,3,MOMENTUM_BREAKOUT,1,0.00903,0.80269,TRANSITION,TRANSITION,0.7590699999999999,,,,,True
FULL_ADAPTIVE_LIFECYCLE_BRAIN__PRE_PROGRESS_NON_CONFIRMATION_V1,FULL_ADAPTIVE_LIFECYCLE_BRAIN__PRE_PROGRESS_NON_CONFIRMATION_V1:MOMENTUM_BREAKOUT:C2,MOMENTUM_BREAKOUT,C2,1.0,ETH-USDT,2022-03-15 19:00:00+00:00,2022-03-15 20:00:00+00:00,2022-03-19 23:00:00+00:00,99,ADAPTIVE_PROTECTION_TOUCH,2626.62,2905.745,3.1690329170500604,8323.84524058203,9208.401553553627,10.404806550727537,11.510501941942035,884.5563129715974,862.6410044789278,ROBUSTNESS_2022,2,MOMENTUM_BREAKOUT,1,27.298333333333307,2987.64,TRANSITION,RISK_ON,2905.745,2022-03-16 20:00:00+00:00,2733.1,,,True
FULL_ADAPTIVE_LIFECYCLE_BRAIN__PRE_PROGRESS_NON_CONFIRMATION_V1,FULL_ADAPTIVE_LIFECYCLE_BRAIN__PRE_PROGRESS_NON_CONFIRMATION_V1:MOMENTUM_BREAKOUT:C2,MOMENTUM_BREAKOUT,C2,1.0,AVAX-USDT,2022-03-18 17:00:00+00:00,2022-03-18 18:00:00+00:00,2022-03-20 01:00:00+00:00,31,ADAPTIVE_PROTECTION_TOUCH,84.394,88.48275,99.71109509831545,8415.018159727235,8822.71189981047,10.518772699659044,11.02838987476309,407.69374008323575,386.1465775088136,ROBUSTNESS_2022,4,MOMENTUM_BREAKOUT,1,1.2894166666666678,92.351,TRANSITION,RISK_ON,88.48275,2022-03-19 00:00:00+00:00,84.394,,,True
FULL_ADAPTIVE_LIFECYCLE_BRAIN__PRE_PROGRESS_NON_CONFIRMATION_V1,FULL_ADAPTIVE_LIFECYCLE_BRAIN__PRE_PROGRESS_NON_CONFIRMATION_V1:MOMENTUM_BREAKOUT:C2,MOMENTUM_BREAKOUT,C2,1.0,SOL-USDT,2022-03-16 21:00:00+00:00,2022-03-16 22:00:00+00:00,2022-03-20 03:00:00+00:00,77,ADAPTIVE_PROTECTION_TOUCH,86.353,90.63075,96.43916406920326,8327.811134867909,8740.353768964944,10.409763918584886,10.92544221120618,412.54263409703526,391.2074279672442,ROBUSTNESS_2022,7,MOMENTUM_BREAKOUT,1,1.3087499999999987,94.557,TRANSITION,RISK_ON,90.63075,2022-03-17 04:00:00+00:00,86.353,2022-03-18 04:00:00+00:00,2022-03-18 05:00:00+00:00,True
FULL_ADAPTIVE_LIFECYCLE_BRAIN__PRE_PROGRESS_NON_CONFIRMATION_V1,FULL_ADAPTIVE_LIFECYCLE_BRAIN__PRE_PROGRESS_NON_CONFIRMATION_V1:MOMENTUM_BREAKOUT:C2,MOMENTUM_BREAKOUT,C2,1.0,ATOM-USDT,2022-03-19 02:00:00+00:00,2022-03-19 03:00:00+00:00,2022-03-20 13:00:00+00:00,34,ADAPTIVE_PROTECTION_TOUCH,29.3003,28.015166666666666,288.2366452863998,8445.4201778851,8074.997657139371,10.556775222356375,10.093747071424215,-370.42252074572934,-391.0730430395099,ROBUSTNESS_2022,6,MOMENTUM_BREAKOUT,1,0.3212833333333334,29.4215,TRANSITION,RISK_ON,28.015166666666666,,,,,True
FULL_ADAPTIVE_LIFECYCLE_BRAIN__PRE_PROGRESS_NON_CONFIRMATION_V1,FULL_ADAPTIVE_LIFECYCLE_BRAIN__PRE_PROGRESS_NON_CONFIRMATION_V1:MOMENTUM_BREAKOUT:C2,MOMENTUM_BREAKOUT,C2,1.0,BTC-USDT,2022-03-18 20:00:00+00:00,2022-03-18 21:00:00+00:00,2022-03-21 03:00:00+00:00,54,ADAPTIVE_PROTECTION_TOUCH,42047.9,40905.55,0.20108075307868478,8455.02339737723,8225.318799097795,10.568779246721538,10.281648498872244,-229.70459827943523,-250.555026025029,ROBUSTNESS_2022,1,MOMENTUM_BREAKOUT,1,285.58750000000026,42386.2,TRANSITION,RISK_ON,40905.55,2022-03-20 00:00:00+00:00,42168.0,2022-03-20 04:00:00+00:00,2022-03-20 05:00:00+00:00,True
FULL_ADAPTIVE_LIFECYCLE_BRAIN__PRE_PROGRESS_NON_CONFIRMATION_V1,FULL_ADAPTIVE_LIFECYCLE_BRAIN__PRE_PROGRESS_NON_CONFIRMATION_V1:MOMENTUM_BREAKOUT:C2,MOMENTUM_BREAKOUT,C2,1.0,XRP-USDT,2022-03-21 18:00:00+00:00,2022-03-21 19:00:00+00:00,2022-03-22 16:00:00+00:00,21,ADAPTIVE_PROTECTION_TOUCH,0.83131,0.8369516666666668,10091.627202837733,8389.270609991036,8446.204206793713,10.486588262488794,10.557755258492142,56.93359680267713,35.88925328169619,ROBUSTNESS_2022,3,MOMENTUM_BREAKOUT,1,0.0070620833333333,0.8652,TRANSITION,RISK_ON,0.8369516666666668,2022-03-22 00:00:00+00:00,0.83131,,,True
FULL_ADAPTIVE_LIFECYCLE_BRAIN__PRE_PROGRESS_NON_CONFIRMATION_V1,FULL_ADAPTIVE_LIFECYCLE_BRAIN__PRE_PROGRESS_NON_CONFIRMATION_V1:MOMENTUM_BREAKOUT:C2,MOMENTUM_BREAKOUT,C2,1.0,SOL-USDT,2022-03-23 15:00:00+00:00,2022-03-23 16:00:00+00:00,2022-03-25 16:00:00+00:00,48,ADAPTIVE_PROTECTION_TOUCH,94.844,100.65183333333333,176.40906992435924,16731.341827905926,17755.89630451495,20.91417728488241,22.19487038064369,1024.5544766090243,981.4454289434982,ROBUSTNESS_2022,6,MOMENTUM_BREAKOUT,1,1.0412916666666654,104.817,RISK_ON,RISK_ON,100.65183333333333,2022-03-24 08:00:00+00:00,96.135,,,True
FULL_ADAPTIVE_LIFECYCLE_BRAIN__PRE_PROGRESS_NON_CONFIRMATION_V1,FULL_ADAPTIVE_LIFECYCLE_BRAIN__PRE_PROGRESS_NON_CONFIRMATION_V1:MOMENTUM_BREAKOUT:C2,MOMENTUM_BREAKOUT,C2,1.0,ATOM-USDT,2022-03-25 01:00:00+00:00,2022-03-25 02:00:00+00:00,2022-03-25 17:00:00+00:00,15,ADAPTIVE_PROTECTION_TOUCH,29.7461,28.084120833333333,576.4488770259813,17147.105940902544,16189.059916636967,21.43388242612818,20.23632489579621,-958.0460242655772,-999.7162315875016,ROBUSTNESS_2022,5,MOMENTUM_BREAKOUT,1,0.3323958333333333,30.01,RISK_ON,RISK_ON,28.084120833333333,,,,,True
FULL_ADAPTIVE_LIFECYCLE_BRAIN__PRE_PROGRESS_NON_CONFIRMATION_V1,FULL_ADAPTIVE_LIFECYCLE_BRAIN__PRE_PROGRESS_NON_CONFIRMATION_V1:MOMENTUM_BREAKOUT:C2,MOMENTUM_BREAKOUT,C2,1.0,XRP-USDT,2022-03-27 22:00:00+00:00,2022-03-27 23:00:00+00:00,2022-03-28 15:00:00+00:00,16,ADAPTIVE_PROTECTION_TOUCH,0.85244,0.8832066666666668,20291.201424818588,17297.031742572355,17921.324373075946,21.621289678215444,22.401655466344934,624.2926305035908,580.2696853590304,ROBUSTNESS_2022,3,MOMENTUM_BREAKOUT,1,0.0050908333333333,0.90357,RISK_ON,RISK_ON,0.8575366666666668,2022-03-28 04:00:00+00:00,0.85244,,,True
FULL_ADAPTIVE_LIFECYCLE_BRAIN__PRE_PROGRESS_NON_CONFIRMATION_V1,FULL_ADAPTIVE_LIFECYCLE_BRAIN__PRE_PROGRESS_NON_CONFIRMATION_V1:MOMENTUM_BREAKOUT:C2,MOMENTUM_BREAKOUT,C2,1.0,AVAX-USDT,2022-03-27 22:00:00+00:00,2022-03-27 23:00:00+00:00,2022-03-28 17:00:00+00:00,18,ADAPTIVE_PROTECTION_TOUCH,88.276,91.97816666666667,195.89854445636726,17293.139910430276,18018.38897176516,21.616424888037844,22.52298621470645,725.2490613348818,681.1096502321376,ROBUSTNESS_2022,4,MOMENTUM_BREAKOUT,1,0.724708333333331,94.877,RISK_ON,RISK_ON,90.96016666666667,2022-03-28 04:00:00+00:00,88.276,,,True
FULL_ADAPTIVE_LIFECYCLE_BRAIN__PRE_PROGRESS_NON_CONFIRMATION_V1,FULL_ADAPTIVE_LIFECYCLE_BRAIN__PRE_PROGRESS_NON_CONFIRMATION_V1:MOMENTUM_BREAKOUT:C2,MOMENTUM_BREAKOUT,C2,1.0,SOL-USDT,2022-03-28 00:00:00+00:00,2022-03-28 01:00:00+00:00,2022-03-28 17:00:00+00:00,16,ADAPTIVE_PROTECTION_TOUCH,107.05,109.75200000000001,142.16030869200537,15218.261045479174,15602.378199564975,19.022826306848966,19.50297274945622,384.1171540858013,345.5913550294961,ROBUSTNESS_2022,5,MOMENTUM_BREAKOUT,1,1.07725,114.061,RISK_ON,RISK_ON,109.75200000000001,2022-03-28 08:00:00+00:00,107.05,,,True
FULL_ADAPTIVE_LIFECYCLE_BRAIN__PRE_PROGRESS_NON_CONFIRMATION_V1,FULL_ADAPTIVE_LIFECYCLE_BRAIN__PRE_PROGRESS_NON_CONFIRMATION_V1:MOMENTUM_BREAKOUT:C2,MOMENTUM_BREAKOUT,C2,1.0,ATOM-USDT,2022-03-28 21:00:00+00:00,2022-03-28 22:00:00+00:00,2022-03-29 00:00:00+00:00,2,ADAPTIVE_PROTECTION_TOUCH,31.4642,29.3640125,498.7427657673106,15692.542130655815,14645.088808275881,19.61567766331977,18.30636101034485,-1047.4533223799335,-1085.375361053598,ROBUSTNESS_2022,7,MOMENTUM_BREAKOUT,1,0.4200375000000004,31.4825,RISK_ON,RISK_ON,29.3640125,,,,,True
FULL_ADAPTIVE_LIFECYCLE_BRAIN__PRE_PROGRESS_NON_CONFIRMATION_V1,FULL_ADAPTIVE_LIFECYCLE_BRAIN__PRE_PROGRESS_NON_CONFIRMATION_V1:MOMENTUM_BREAKOUT:C2,MOMENTUM_BREAKOUT,C2,1.0,AVAX-USDT,2022-03-28 19:00:00+00:00,2022-03-28 20:00:00+00:00,2022-03-29 00:00:00+00:00,4,ADAPTIVE_PROTECTION_TOUCH,96.219,89.23733333333332,185.8379738057975,17881.14400162003,16583.68521449922,22.351430002025037,20.729606518124026,-1297.4587871208096,-1340.5398236409585,ROBUSTNESS_2022,4,MOMENTUM_BREAKOUT,1,1.3963333333333328,96.219,RISK_ON,RISK_ON,89.23733333333332,,,,,True
FULL_ADAPTIVE_LIFECYCLE_BRAIN__PRE_PROGRESS_NON_CONFIRMATION_V1,FULL_ADAPTIVE_LIFECYCLE_BRAIN__PRE_PROGRESS_NON_CONFIRMATION_V1:MOMENTUM_BREAKOUT:C2,MOMENTUM_BREAKOUT,C2,1.0,ETH-USDT,2022-03-22 04:00:00+00:00,2022-03-22 05:00:00+00:00,2022-03-29 00:00:00+00:00,163,ADAPTIVE_PROTECTION_TOUCH,3007.11,3312.3683333333333,5.591542109053328,16814.382191555353,18521.247016528123,21.01797773944419,23.151558770660156,1706.8648249727703,1662.695288462666,ROBUSTNESS_2022,2,MOMENTUM_BREAKOUT,1,29.407916666666665,3430.0,RISK_ON,RISK_ON,3312.3683333333333,2022-03-22 12:00:00+00:00,3007.11,2022-03-22 16:00:00+00:00,2022-03-22 17:00:00+00:00,True
FULL_ADAPTIVE_LIFECYCLE_BRAIN__PRE_PROGRESS_NON_CONFIRMATION_V1,FULL_ADAPTIVE_LIFECYCLE_BRAIN__PRE_PROGRESS_NON_CONFIRMATION_V1:MOMENTUM_BREAKOUT:C2,MOMENTUM_BREAKOUT,C2,1.0,XRP-USDT,2022-03-28 14:00:00+00:00,2022-03-28 15:00:00+00:00,2022-03-29 00:00:00+00:00,9,ADAPTIVE_PROTECTION_TOUCH,0.89337,0.8572137500000006,19728.69015319896,17625.019922163356,16911.704468811768,22.031274902704194,21.13963058601471,-713.3154533515881,-756.486358840307,ROBUSTNESS_2022,3,MOMENTUM_BREAKOUT,1,0.0072312499999999,0.91202,RISK_ON,RISK_ON,0.8572137500000006,2022-03-28 20:00:00+00:00,0.89337,,,True
FULL_ADAPTIVE_LIFECYCLE_BRAIN__PRE_PROGRESS_NON_CONFIRMATION_V1,FULL_ADAPTIVE_LIFECYCLE_BRAIN__PRE_PROGRESS_NON_CONFIRMATION_V1:MOMENTUM_BREAKOUT:C2,MOMENTUM_BREAKOUT,C2,1.0,BTC-USDT,2022-03-22 05:00:00+00:00,2022-03-22 06:00:00+00:00,2022-03-29 06:00:00+00:00,168,MAX_HOLD_168H,42994.0,47601.2,0.39160649355469473,16836.729583890545,18640.939020995735,21.04591197986318,23.301173776244667,1804.2094371051899,1759.862351349082,ROBUSTNESS_2022,1,MOMENTUM_BREAKOUT,1,328.09583333333376,48195.2,RISK_ON,RISK_ON,46882.816666666666,2022-03-24 16:00:00+00:00,43500.0,,,True
FULL_ADAPTIVE_LIFECYCLE_BRAIN__PRE_PROGRESS_NON_CONFIRMATION_V1,FULL_ADAPTIVE_LIFECYCLE_BRAIN__PRE_PROGRESS_NON_CONFIRMATION_V1:MOMENTUM_BREAKOUT:C2,MOMENTUM_BREAKOUT,C2,1.0,ETH-USDT,2022-03-29 12:00:00+00:00,2022-03-29 13:00:00+00:00,2022-03-31 13:00:00+00:00,48,ADAPTIVE_STAGNATION_48H_CLOSE_NOT_ABOVE_ENTRY,3465.08,3409.4,4.939047688000974,17114.195362738414,16839.18918747052,21.392744203423018,21.04898648433815,-275.0061752678921,-317.4479059556533,ROBUSTNESS_2022,2,MOMENTUM_BREAKOUT,1,34.51374999999994,3481.93,RISK_ON,TRANSITION,3327.025,,,,,True
FULL_ADAPTIVE_LIFECYCLE_BRAIN__PRE_PROGRESS_NON_CONFIRMATION_V1,FULL_ADAPTIVE_LIFECYCLE_BRAIN__PRE_PROGRESS_NON_CONFIRMATION_V1:MOMENTUM_BREAKOUT:C2,MOMENTUM_BREAKOUT,C2,1.0,SOL-USDT,2022-03-29 13:00:00+00:00,2022-03-29 14:00:00+00:00,2022-03-31 15:00:00+00:00,49,ADAPTIVE_PROTECTION_TOUCH,114.811,122.328625,149.03084399513241,17110.380229925147,18230.738228514056,21.387975287406434,22.78842278564257,1120.3579985889082,1076.1816005158594,ROBUSTNESS_2022,5,MOMENTUM_BREAKOUT,1,2.2237916666666666,129.0,RISK_ON,TRANSITION,121.320625,2022-03-30 16:00:00+00:00,114.811,,,True
FULL_ADAPTIVE_LIFECYCLE_BRAIN__PRE_PROGRESS_NON_CONFIRMATION_V1,FULL_ADAPTIVE_LIFECYCLE_BRAIN__PRE_PROGRESS_NON_CONFIRMATION_V1:MOMENTUM_BREAKOUT:C2,MOMENTUM_BREAKOUT,C2,1.0,AVAX-USDT,2022-03-30 16:00:00+00:00,2022-03-30 17:00:00+00:00,2022-04-01 03:00:00+00:00,34,ADAPTIVE_PROTECTION_TOUCH,97.087,90.88316666666668,177.59416492319107,17242.084689897853,16140.320089741865,21.552605862372317,20.175400112177332,-1101.7646001559879,-1143.4926061305375,ROBUSTNESS_2022,4,MOMENTUM_BREAKOUT,1,1.550958333333332,101.972,RISK_ON,TRANSITION,90.88316666666668,2022-03-31 04:00:00+00:00,97.315,2022-03-31 20:00:00+00:00,2022-03-31 21:00:00+00:00,True
FULL_ADAPTIVE_LIFECYCLE_BRAIN__PRE_PROGRESS_NON_CONFIRMATION_V1,FULL_ADAPTIVE_LIFECYCLE_BRAIN__PRE_PROGRESS_NON_CONFIRMATION_V1:MOMENTUM_BREAKOUT:C2,MOMENTUM_BREAKOUT,C2,1.0,AVAX-USDT,2022-04-02 13:00:00+00:00,2022-04-02 14:00:00+00:00,2022-04-03 00:00:00+00:00,10,ADAPTIVE_PROTECTION_TOUCH,102.692,96.12183333333331,83.41121493602324,8565.664484210098,8017.638900211268,10.707080605262622,10.022048625264086,-548.0255839988295,-568.7547132293562,ROBUSTNESS_2022,4,MOMENTUM_BREAKOUT,1,1.6425416666666692,103.626,TRANSITION,TRANSITION,96.12183333333331,,,,,True
FULL_ADAPTIVE_LIFECYCLE_BRAIN__PRE_PROGRESS_NON_CONFIRMATION_V1,FULL_ADAPTIVE_LIFECYCLE_BRAIN__PRE_PROGRESS_NON_CONFIRMATION_V1:MOMENTUM_BREAKOUT:C2,MOMENTUM_BREAKOUT,C2,1.0,ETH-USDT,2022-04-01 18:00:00+00:00,2022-04-01 19:00:00+00:00,2022-04-04 16:00:00+00:00,69,ADAPTIVE_STAGNATION_48H_CLOSE_NOT_ABOVE_ENTRY,3468.69,3447.79,2.4613359278384634,8537.611319534,8486.169398642176,10.672014149417501,10.60771174830272,-51.44192089182434,-72.72164678954456,ROBUSTNESS_2022,2,MOMENTUM_BREAKOUT,1,32.68333333333334,3580.28,TRANSITION,TRANSITION,3337.956666666667,2022-04-02 04:00:00+00:00,3472.28,2022-04-02 16:00:00+00:00,2022-04-02 17:00:00+00:00,True
FULL_ADAPTIVE_LIFECYCLE_BRAIN__PRE_PROGRESS_NON_CONFIRMATION_V1,FULL_ADAPTIVE_LIFECYCLE_BRAIN__PRE_PROGRESS_NON_CONFIRMATION_V1:MOMENTUM_BREAKOUT:C2,MOMENTUM_BREAKOUT,C2,1.0,SOL-USDT,2022-04-01 15:00:00+00:00,2022-04-01 16:00:00+00:00,2022-04-04 16:00:00+00:00,72,ADAPTIVE_STAGNATION_48H_CLOSE_NOT_ABOVE_ENTRY,132.627,131.428,64.25893203742734,8522.469379327877,8445.422919815,10.653086724159847,10.55677864976875,-77.04645951287603,-98.25632488680462,ROBUSTNESS_2022,5,MOMENTUM_BREAKOUT,1,3.267541666666668,143.504,TRANSITION,TRANSITION,119.55683333333334,2022-04-01 20:00:00+00:00,132.627,2022-04-03 00:00:00+00:00,2022-04-03 01:00:00+00:00,True
FULL_ADAPTIVE_LIFECYCLE_BRAIN__PRE_PROGRESS_NON_CONFIRMATION_V1,FULL_ADAPTIVE_LIFECYCLE_BRAIN__PRE_PROGRESS_NON_CONFIRMATION_V1:MOMENTUM_BREAKOUT:C2,MOMENTUM_BREAKOUT,C2,1.0,ATOM-USDT,2022-04-02 19:00:00+00:00,2022-04-02 20:00:00+00:00,2022-04-04 20:00:00+00:00,48,ADAPTIVE_STAGNATION_48H_CLOSE_NOT_ABOVE_ENTRY,31.724,30.6255,267.41343084313496,8483.423680067614,8189.67002628643,10.604279600084517,10.237087532858038,-293.75365378118386,-314.5950209141264,ROBUSTNESS_2022,7,MOMENTUM_BREAKOUT,1,0.4319375000000003,33.266,TRANSITION,TRANSITION,29.99625,,,,,True
FULL_ADAPTIVE_LIFECYCLE_BRAIN__PRE_PROGRESS_NON_CONFIRMATION_V1,FULL_ADAPTIVE_LIFECYCLE_BRAIN__PRE_PROGRESS_NON_CONFIRMATION_V1:MOMENTUM_BREAKOUT:C2,MOMENTUM_BREAKOUT,C2,1.0,XRP-USDT,2022-04-15 02:00:00+00:00,2022-04-15 03:00:00+00:00,2022-04-15 06:00:00+00:00,3,ADAPTIVE_PROTECTION_TOUCH,0.7414,0.7744575000000001,11367.116112495405,8427.579885804093,8803.348326692912,10.534474857255116,11.00418540836614,375.7684408888199,354.2297806231986,ROBUSTNESS_2022,3,MOMENTUM_BREAKOUT,1,0.0077141666666666,0.7976,TRANSITION,TRANSITION,0.7677775000000001,,,,,True
FULL_ADAPTIVE_LIFECYCLE_BRAIN__PRE_PROGRESS_NON_CONFIRMATION_V1,FULL_ADAPTIVE_LIFECYCLE_BRAIN__PRE_PROGRESS_NON_CONFIRMATION_V1:MOMENTUM_BREAKOUT:C2,MOMENTUM_BREAKOUT,C2,1.0,JASMY-USDT,2022-04-19 18:00:00+00:00,2022-04-19 19:00:00+00:00,2022-04-20 01:00:00+00:00,6,ADAPTIVE_PROTECTION_TOUCH,0.02097,0.0221475,402607.4606089052,8442.678448968742,8916.748733835728,10.553348061210928,11.14593591729466,474.0702848669862,452.3710008884806,ROBUSTNESS_2022,7,MOMENTUM_BREAKOUT,1,0.0005675,0.02385,TRANSITION,TRANSITION,0.0217975,2022-04-20 00:00:00+00:00,0.02097,,,True
FULL_ADAPTIVE_LIFECYCLE_BRAIN__PRE_PROGRESS_NON_CONFIRMATION_V1,FULL_ADAPTIVE_LIFECYCLE_BRAIN__PRE_PROGRESS_NON_CONFIRMATION_V1:MOMENTUM_BREAKOUT:C2,MOMENTUM_BREAKOUT,C2,1.0,AVAX-USDT,2022-04-19 14:00:00+00:00,2022-04-19 15:00:00+00:00,2022-04-21 15:00:00+00:00,48,ADAPTIVE_STAGNATION_48H_CLOSE_NOT_ABOVE_ENTRY,79.708,79.619,106.10675584003944,8457.557294497863,8448.1137932281,10.571946618122329,10.560142241535125,-9.443501269763146,-30.5755901294206,ROBUSTNESS_2022,5,MOMENTUM_BREAKOUT,1,0.7454999999999998,81.298,TRANSITION,TRANSITION,76.726,2022-04-20 12:00:00+00:00,80.486,2022-04-20 16:00:00+00:00,2022-04-20 17:00:00+00:00,True
FULL_ADAPTIVE_LIFECYCLE_BRAIN__PRE_PROGRESS_NON_CONFIRMATION_V1,FULL_ADAPTIVE_LIFECYCLE_BRAIN__PRE_PROGRESS_NON_CONFIRMATION_V1:MOMENTUM_BREAKOUT:C2,MOMENTUM_BREAKOUT,C2,1.0,BTC-USDT,2022-04-19 14:00:00+00:00,2022-04-19 15:00:00+00:00,2022-04-21 17:00:00+00:00,50,ADAPTIVE_PROTECTION_TOUCH,41467.1,42028.3375,0.20400415187124682,8459.46056606018,8573.955346246019,10.574325707575225,10.717444182807524,114.49478018583977,93.20301029545702,ROBUSTNESS_2022,1,MOMENTUM_BREAKOUT,1,330.55416666666616,43020.0,TRANSITION,TRANSITION,42028.3375,2022-04-20 12:00:00+00:00,41624.4,2022-04-20 16:00:00+00:00,2022-04-20 17:00:00+00:00,True
FULL_ADAPTIVE_LIFECYCLE_BRAIN__PRE_PROGRESS_NON_CONFIRMATION_V1,FULL_ADAPTIVE_LIFECYCLE_BRAIN__PRE_PROGRESS_NON_CONFIRMATION_V1:MOMENTUM_BREAKOUT:C2,MOMENTUM_BREAKOUT,C2,1.0,ETH-USDT,2022-04-19 15:00:00+00:00,2022-04-19 16:00:00+00:00,2022-04-21 17:00:00+00:00,49,ADAPTIVE_STAGNATION_48H_CLOSE_NOT_ABOVE_ENTRY,3112.75,3104.76,2.719458185520926,8464.993466980262,8443.26499607795,10.581241833725327,10.55408124509744,-21.72847090231153,-42.86379398113429,ROBUSTNESS_2022,2,MOMENTUM_BREAKOUT,1,27.231250000000028,3178.8,TRANSITION,TRANSITION,3003.825,2022-04-20 12:00:00+00:00,3125.29,2022-04-20 16:00:00+00:00,2022-04-20 17:00:00+00:00,True
FULL_ADAPTIVE_LIFECYCLE_BRAIN__PRE_PROGRESS_NON_CONFIRMATION_V1,FULL_ADAPTIVE_LIFECYCLE_BRAIN__PRE_PROGRESS_NON_CONFIRMATION_V1:MOMENTUM_BREAKOUT:C2,MOMENTUM_BREAKOUT,C2,1.0,SOL-USDT,2022-04-19 14:00:00+00:00,2022-04-19 15:00:00+00:00,2022-04-21 19:00:00+00:00,52,ADAPTIVE_STAGNATION_48H_CLOSE_NOT_ABOVE_ENTRY,106.397,106.174,79.4995054066045,8458.508876746499,8440.780487040827,10.573136095933123,10.550975608801034,-17.72838970567136,-38.852501410405516,ROBUSTNESS_2022,3,MOMENTUM_BREAKOUT,1,1.2755000000000003,110.974,TRANSITION,TRANSITION,101.295,2022-04-19 20:00:00+00:00,106.397,2022-04-20 16:00:00+00:00,2022-04-20 17:00:00+00:00,True
FULL_ADAPTIVE_LIFECYCLE_BRAIN__PRE_PROGRESS_NON_CONFIRMATION_V1,FULL_ADAPTIVE_LIFECYCLE_BRAIN__PRE_PROGRESS_NON_CONFIRMATION_V1:MOMENTUM_BREAKOUT:C2,MOMENTUM_BREAKOUT,C2,1.0,JASMY-USDT,2022-04-20 10:00:00+00:00,2022-04-20 11:00:00+00:00,2022-04-21 22:00:00+00:00,35,ADAPTIVE_STAGNATION_24H_CLOSE_NOT_ABOVE_ENTRY,0.02503,0.02308,340083.692037592,8512.294811700927,7849.131612227623,10.640368514626159,9.811414515284529,-663.1631994733043,-683.6149825032151,ROBUSTNESS_2022,7,MOMENTUM_BREAKOUT,1,0.0008837499999999,0.02845,TRANSITION,RISK_OFF,0.0214950000000004,2022-04-21 04:00:00+00:00,0.02684,2022-04-21 08:00:00+00:00,2022-04-21 09:00:00+00:00,True
FULL_ADAPTIVE_LIFECYCLE_BRAIN__PRE_PROGRESS_NON_CONFIRMATION_V1,FULL_ADAPTIVE_LIFECYCLE_BRAIN__PRE_PROGRESS_NON_CONFIRMATION_V1:MOMENTUM_BREAKOUT:C2,MOMENTUM_BREAKOUT,C2,1.0,ETH-USDT,2022-04-25 20:00:00+00:00,2022-04-25 21:00:00+00:00,2022-04-26 15:00:00+00:00,18,ADAPTIVE_PROTECTION_TOUCH,3012.15,2920.1287500000003,2.8009662895090073,8436.930608944556,8179.1821897760765,10.546163261180695,10.223977737220096,-257.7484191684798,-278.5185601668806,ROBUSTNESS_2022,2,MOMENTUM_BREAKOUT,1,30.673749999999966,3038.2,TRANSITION,TRANSITION,2920.1287500000003,,,,,True
FULL_ADAPTIVE_LIFECYCLE_BRAIN__PRE_PROGRESS_NON_CONFIRMATION_V1,FULL_ADAPTIVE_LIFECYCLE_BRAIN__PRE_PROGRESS_NON_CONFIRMATION_V1:MOMENTUM_BREAKOUT:C2,MOMENTUM_BREAKOUT,C2,1.0,AVAX-USDT,2022-05-04 19:00:00+00:00,2022-05-04 20:00:00+00:00,2022-05-05 07:00:00+00:00,11,ADAPTIVE_PROTECTION_TOUCH,65.062,66.93424999999999,129.30966367426555,8413.145337975066,8655.245355789208,10.516431672468832,10.81905669473651,242.10001781414212,220.7645294469368,ROBUSTNESS_2022,8,MOMENTUM_BREAKOUT,1,0.8422499999999999,69.461,TRANSITION,TRANSITION,66.93424999999999,2022-05-05 00:00:00+00:00,65.062,,,True
FULL_ADAPTIVE_LIFECYCLE_BRAIN__PRE_PROGRESS_NON_CONFIRMATION_V1,FULL_ADAPTIVE_LIFECYCLE_BRAIN__PRE_PROGRESS_NON_CONFIRMATION_V1:MOMENTUM_BREAKOUT:C2,MOMENTUM_BREAKOUT,C2,1.0,JASMY-USDT,2022-05-04 08:00:00+00:00,2022-05-04 09:00:00+00:00,2022-05-05 07:00:00+00:00,22,ADAPTIVE_PROTECTION_TOUCH,0.01942,0.0206337500000002,433154.68272551685,8411.863938529537,8937.60543468772,10.514829923161923,11.172006793359651,525.7414961581835,504.054659441662,ROBUSTNESS_2022,6,MOMENTUM_BREAKOUT,1,0.0003554166666666,0.0217,TRANSITION,TRANSITION,0.0200737500000002,2022-05-04 20:00:00+00:00,0.01942,,,True
FULL_ADAPTIVE_LIFECYCLE_BRAIN__PRE_PROGRESS_NON_CONFIRMATION_V1,FULL_ADAPTIVE_LIFECYCLE_BRAIN__PRE_PROGRESS_NON_CONFIRMATION_V1:MOMENTUM_BREAKOUT:C2,MOMENTUM_BREAKOUT,C2,1.0,ETH-USDT,2022-05-04 19:00:00+00:00,2022-05-04 20:00:00+00:00,2022-05-05 15:00:00+00:00,19,ADAPTIVE_PROTECTION_TOUCH,2934.6,2837.4616666666666,2.8675249148642554,8415.038615160644,8136.492024138922,10.518798268950805,10.170615030173652,-278.5465910217217,-299.23600432084623,ROBUSTNESS_2022,2,MOMENTUM_BREAKOUT,1,24.28458333333328,2969.26,TRANSITION,TRANSITION,2837.4616666666666,2022-05-05 00:00:00+00:00,2934.6,2022-05-05 08:00:00+00:00,2022-05-05 09:00:00+00:00,True
FULL_ADAPTIVE_LIFECYCLE_BRAIN__PRE_PROGRESS_NON_CONFIRMATION_V1,FULL_ADAPTIVE_LIFECYCLE_BRAIN__PRE_PROGRESS_NON_CONFIRMATION_V1:MOMENTUM_BREAKOUT:C2,MOMENTUM_BREAKOUT,C2,1.0,XRP-USDT,2022-05-04 19:00:00+00:00,2022-05-04 20:00:00+00:00,2022-05-05 15:00:00+00:00,19,ADAPTIVE_PROTECTION_TOUCH,0.64284,0.6176766666666668,13088.936474576005,8414.091923316439,8084.730651827859,10.517614904145548,10.105913314784825,-329.3612714885794,-349.98479970750975,ROBUSTNESS_2022,4,MOMENTUM_BREAKOUT,1,0.0062908333333333,0.65755,TRANSITION,TRANSITION,0.6176766666666668,2022-05-05 00:00:00+00:00,0.64284,2022-05-05 12:00:00+00:00,2022-05-05 13:00:00+00:00,True
FULL_ADAPTIVE_LIFECYCLE_BRAIN__PRE_PROGRESS_NON_CONFIRMATION_V1,FULL_ADAPTIVE_LIFECYCLE_BRAIN__PRE_PROGRESS_NON_CONFIRMATION_V1:MOMENTUM_BREAKOUT:C2,MOMENTUM_BREAKOUT,C2,1.0,BTC-USDT,2022-05-04 17:00:00+00:00,2022-05-04 18:00:00+00:00,2022-05-05 16:00:00+00:00,22,ADAPTIVE_PROTECTION_GAP,39193.2,38217.5,0.213935028945534,8384.798376468103,8176.061968725946,10.480997970585129,10.220077460907433,-208.7364077421571,-229.43748317364964,ROBUSTNESS_2022,1,MOMENTUM_BREAKOUT,1,271.8125000000006,40039.0,TRANSITION,RISK_OFF,38105.95,2022-05-05 00:00:00+00:00,39193.2,,,True
FULL_ADAPTIVE_LIFECYCLE_BRAIN__PRE_PROGRESS_NON_CONFIRMATION_V1,FULL_ADAPTIVE_LIFECYCLE_BRAIN__PRE_PROGRESS_NON_CONFIRMATION_V1:MOMENTUM_BREAKOUT:C2,MOMENTUM_BREAKOUT,C2,1.0,SOL-USDT,2022-05-15 21:00:00+00:00,2022-05-15 22:00:00+00:00,2022-05-16 11:00:00+00:00,13,ADAPTIVE_PROTECTION_TOUCH,56.849,52.612624999999994,147.72499814739626,8398.01841968133,7772.199930654653,10.497523024601662,9.715249913318317,-625.8184890266766,-646.0312619645965,ROBUSTNESS_2022,5,MOMENTUM_BREAKOUT,1,1.4121249999999996,59.348,TRANSITION,RISK_OFF,52.612624999999994,,,,,True
FULL_ADAPTIVE_LIFECYCLE_BRAIN__PRE_PROGRESS_NON_CONFIRMATION_V1,FULL_ADAPTIVE_LIFECYCLE_BRAIN__PRE_PROGRESS_NON_CONFIRMATION_V1:MOMENTUM_BREAKOUT:C2,MOMENTUM_BREAKOUT,C2,1.0,AVAX-USDT,2022-05-22 15:00:00+00:00,2022-05-22 16:00:00+00:00,2022-05-23 20:00:00+00:00,28,ADAPTIVE_PROTECTION_TOUCH,32.349,30.595124999999996,257.8093791494179,8339.875606104519,7887.710181248834,10.424844507630649,9.859637726561042,-452.16542485568516,-472.4499070898769,ROBUSTNESS_2022,8,MOMENTUM_BREAKOUT,1,0.5846250000000001,33.062,TRANSITION,TRANSITION,30.595124999999996,,,,,True
FULL_ADAPTIVE_LIFECYCLE_BRAIN__PRE_PROGRESS_NON_CONFIRMATION_V1,FULL_ADAPTIVE_LIFECYCLE_BRAIN__PRE_PROGRESS_NON_CONFIRMATION_V1:MOMENTUM_BREAKOUT:C2,MOMENTUM_BREAKOUT,C2,1.0,ETH-USDT,2022-05-23 08:00:00+00:00,2022-05-23 09:00:00+00:00,2022-05-23 20:00:00+00:00,11,ADAPTIVE_PROTECTION_TOUCH,2066.9,2013.6575,4.031831191810599,8333.391890353327,8118.727118123351,10.41673986294166,10.148408897654189,-214.66477222997582,-235.22992099057166,ROBUSTNESS_2022,2,MOMENTUM_BREAKOUT,1,17.74750000000002,2089.29,TRANSITION,TRANSITION,2013.6575,,,,,True
FULL_ADAPTIVE_LIFECYCLE_BRAIN__PRE_PROGRESS_NON_CONFIRMATION_V1,FULL_ADAPTIVE_LIFECYCLE_BRAIN__PRE_PROGRESS_NON_CONFIRMATION_V1:MOMENTUM_BREAKOUT:C2,MOMENTUM_BREAKOUT,C2,1.0,NEAR-USDT,2022-05-30 02:00:00+00:00,2022-05-30 03:00:00+00:00,2022-05-30 12:00:00+00:00,9,ADAPTIVE_PROTECTION_TOUCH,5.304,5.490925,1563.7968648073331,8294.378570938095,8586.691299892205,10.36797321367262,10.733364124865258,292.31272895410984,271.211391615572,ROBUSTNESS_2022,7,MOMENTUM_BREAKOUT,1,0.0787583333333333,5.7272,TRANSITION,TRANSITION,5.490925,2022-05-30 08:00:00+00:00,5.304,,,True
FULL_ADAPTIVE_LIFECYCLE_BRAIN__PRE_PROGRESS_NON_CONFIRMATION_V1,FULL_ADAPTIVE_LIFECYCLE_BRAIN__PRE_PROGRESS_NON_CONFIRMATION_V1:MOMENTUM_BREAKOUT:C2,MOMENTUM_BREAKOUT,C2,1.0,BTC-USDT,2022-05-30 02:00:00+00:00,2022-05-30 03:00:00+00:00,2022-05-30 13:00:00+00:00,10,ADAPTIVE_PROTECTION_TOUCH,29772.8,30476.462499999998,0.27868317906539786,8297.178553678277,8493.277456167381,10.371473192097847,10.616596820209226,196.09890248910415,175.11083247679707,ROBUSTNESS_2022,1,MOMENTUM_BREAKOUT,1,145.11250000000018,30911.8,TRANSITION,TRANSITION,30476.462499999998,2022-05-30 08:00:00+00:00,29772.8,,,True
FULL_ADAPTIVE_LIFECYCLE_BRAIN__PRE_PROGRESS_NON_CONFIRMATION_V1,FULL_ADAPTIVE_LIFECYCLE_BRAIN__PRE_PROGRESS_NON_CONFIRMATION_V1:MOMENTUM_BREAKOUT:C2,MOMENTUM_BREAKOUT,C2,1.0,ETH-USDT,2022-05-30 02:00:00+00:00,2022-05-30 03:00:00+00:00,2022-05-30 13:00:00+00:00,10,ADAPTIVE_PROTECTION_TOUCH,1845.51,1875.4037500000002,4.495367199901918,8296.24512109099,8430.628504323058,10.370306401363736,10.538285630403823,134.3833832320688,113.47479120030125,ROBUSTNESS_2022,2,MOMENTUM_BREAKOUT,1,14.162083333333328,1917.89,TRANSITION,TRANSITION,1875.4037500000002,2022-05-30 08:00:00+00:00,1845.51,,,True
FULL_ADAPTIVE_LIFECYCLE_BRAIN__PRE_PROGRESS_NON_CONFIRMATION_V1,FULL_ADAPTIVE_LIFECYCLE_BRAIN__PRE_PROGRESS_NON_CONFIRMATION_V1:MOMENTUM_BREAKOUT:C2,MOMENTUM_BREAKOUT,C2,1.0,AVAX-USDT,2022-05-29 12:00:00+00:00,2022-05-29 13:00:00+00:00,2022-05-31 07:00:00+00:00,42,ADAPTIVE_PROTECTION_TOUCH,26.057,26.98425,317.6184680345887,8276.184421577278,8570.69614606235,10.345230526971598,10.713370182577938,294.5117244850717,273.45312377552216,ROBUSTNESS_2022,7,MOMENTUM_BREAKOUT,1,0.7139166666666671,29.126,TRANSITION,TRANSITION,26.98425,2022-05-30 04:00:00+00:00,26.418,,,True
FULL_ADAPTIVE_LIFECYCLE_BRAIN__PRE_PROGRESS_NON_CONFIRMATION_V1,FULL_ADAPTIVE_LIFECYCLE_BRAIN__PRE_PROGRESS_NON_CONFIRMATION_V1:MOMENTUM_BREAKOUT:C2,MOMENTUM_BREAKOUT,C2,1.0,XRP-USDT,2022-05-30 21:00:00+00:00,2022-05-30 22:00:00+00:00,2022-05-31 07:00:00+00:00,9,ADAPTIVE_PROTECTION_TOUCH,0.40869,0.42374750000000017,20530.03669770916,8390.420697986758,8699.551725562516,10.488025872483448,10.874439656953145,309.1310275757587,287.76856204632213,ROBUSTNESS_2022,3,MOMENTUM_BREAKOUT,1,0.0034841666666666,0.4342,TRANSITION,TRANSITION,0.4139475000000002,2022-05-31 04:00:00+00:00,0.40869,,,True
FULL_ADAPTIVE_LIFECYCLE_BRAIN__PRE_PROGRESS_NON_CONFIRMATION_V1,FULL_ADAPTIVE_LIFECYCLE_BRAIN__PRE_PROGRESS_NON_CONFIRMATION_V1:MOMENTUM_BREAKOUT:C2,MOMENTUM_BREAKOUT,C2,1.0,XRP-USDT,2022-05-31 06:00:00+00:00,2022-05-31 07:00:00+00:00,2022-05-31 15:00:00+00:00,8,ADAPTIVE_PROTECTION_TOUCH,0.42521,0.4075666666666668,19797.992929895187,8418.304573720732,8069.001985127617,10.522880717150915,10.086252481409522,-349.3025885931147,-369.9117217916752,ROBUSTNESS_2022,3,MOMENTUM_BREAKOUT,1,0.0044108333333333,0.42595,TRANSITION,TRANSITION,0.4075666666666668,,,,,True
FULL_ADAPTIVE_LIFECYCLE_BRAIN__PRE_PROGRESS_NON_CONFIRMATION_V1,FULL_ADAPTIVE_LIFECYCLE_BRAIN__PRE_PROGRESS_NON_CONFIRMATION_V1:MOMENTUM_BREAKOUT:C2,MOMENTUM_BREAKOUT,C2,1.0,BTC-USDT,2022-05-30 21:00:00+00:00,2022-05-30 22:00:00+00:00,2022-05-31 19:00:00+00:00,21,ADAPTIVE_PROTECTION_TOUCH,31281.2,31668.65,0.26828602679134383,8392.308861265385,8496.256282345692,10.49038607658173,10.620320352932115,103.94742108030732,82.83671465079348,ROBUSTNESS_2022,1,MOMENTUM_BREAKOUT,1,246.01666666666688,32406.7,TRANSITION,TRANSITION,31668.65,2022-05-31 04:00:00+00:00,31281.2,,,True
FULL_ADAPTIVE_LIFECYCLE_BRAIN__PRE_PROGRESS_NON_CONFIRMATION_V1,FULL_ADAPTIVE_LIFECYCLE_BRAIN__PRE_PROGRESS_NON_CONFIRMATION_V1:MOMENTUM_BREAKOUT:C2,MOMENTUM_BREAKOUT,C2,1.0,SOL-USDT,2022-05-30 02:00:00+00:00,2022-05-30 03:00:00+00:00,2022-06-01 04:00:00+00:00,49,ADAPTIVE_STAGNATION_48H_CLOSE_NOT_ABOVE_ENTRY,45.777,45.582,181.21134616761398,8295.311793514866,8259.97558101218,10.369139741893582,10.324969476265226,-35.33621250268516,-56.030321720843965,ROBUSTNESS_2022,4,MOMENTUM_BREAKOUT,1,0.7234166666666674,48.5,TRANSITION,TRANSITION,42.88333333333333,2022-05-30 08:00:00+00:00,45.777,2022-05-30 20:00:00+00:00,2022-05-30 21:00:00+00:00,True
FULL_ADAPTIVE_LIFECYCLE_BRAIN__PRE_PROGRESS_NON_CONFIRMATION_V1,FULL_ADAPTIVE_LIFECYCLE_BRAIN__PRE_PROGRESS_NON_CONFIRMATION_V1:MOMENTUM_BREAKOUT:C2,MOMENTUM_BREAKOUT,C2,1.0,ETH-USDT,2022-05-30 21:00:00+00:00,2022-05-30 22:00:00+00:00,2022-06-01 17:00:00+00:00,43,ADAPTIVE_PROTECTION_TOUCH,1954.52,1869.3233333333333,4.293312284611308,8391.364726518494,8025.5888309105585,10.489205908148117,10.031986038638198,-365.7758956079351,-386.29708755472143,ROBUSTNESS_2022,2,MOMENTUM_BREAKOUT,1,21.299166666666697,2016.3,TRANSITION,TRANSITION,1869.3233333333333,2022-05-31 04:00:00+00:00,1954.52,2022-05-31 20:00:00+00:00,2022-05-31 21:00:00+00:00,True
FULL_ADAPTIVE_LIFECYCLE_BRAIN__PRE_PROGRESS_NON_CONFIRMATION_V1,FULL_ADAPTIVE_LIFECYCLE_BRAIN__PRE_PROGRESS_NON_CONFIRMATION_V1:MOMENTUM_BREAKOUT:C2,MOMENTUM_BREAKOUT,C2,1.0,AVAX-USDT,2022-06-06 02:00:00+00:00,2022-06-06 03:00:00+00:00,2022-06-06 15:00:00+00:00,12,ADAPTIVE_PROTECTION_TOUCH,25.783,26.480625,322.28832644250156,8309.559920667018,8534.396314401467,10.386949900833772,10.667995393001833,224.8363937344493,203.7814484406137,ROBUSTNESS_2022,5,MOMENTUM_BREAKOUT,1,0.4321250000000005,27.777,TRANSITION,TRANSITION,26.480625,2022-06-06 08:00:00+00:00,25.783,,,True
FULL_ADAPTIVE_LIFECYCLE_BRAIN__PRE_PROGRESS_NON_CONFIRMATION_V1,FULL_ADAPTIVE_LIFECYCLE_BRAIN__PRE_PROGRESS_NON_CONFIRMATION_V1:MOMENTUM_BREAKOUT:C2,MOMENTUM_BREAKOUT,C2,1.0,SOL-USDT,2022-06-06 04:00:00+00:00,2022-06-06 05:00:00+00:00,2022-06-06 15:00:00+00:00,10,ADAPTIVE_PROTECTION_TOUCH,41.815,42.798500000000004,199.55352479797895,8344.33063942749,8540.591531066302,10.430413299284362,10.675739413832877,196.2608916388126,175.15473892569537,ROBUSTNESS_2022,3,MOMENTUM_BREAKOUT,1,0.6771666666666659,44.83,TRANSITION,TRANSITION,42.798500000000004,2022-06-06 12:00:00+00:00,41.815,,,True
FULL_ADAPTIVE_LIFECYCLE_BRAIN__PRE_PROGRESS_NON_CONFIRMATION_V1,FULL_ADAPTIVE_LIFECYCLE_BRAIN__PRE_PROGRESS_NON_CONFIRMATION_V1:MOMENTUM_BREAKOUT:C2,MOMENTUM_BREAKOUT,C2,1.0,BTC-USDT,2022-06-06 02:00:00+00:00,2022-06-06 03:00:00+00:00,2022-06-06 16:00:00+00:00,13,ADAPTIVE_PROTECTION_TOUCH,30840.7,31261.125,0.2694955006598456,8311.429887200102,8424.732533065016,10.389287359000127,10.530915666331271,113.30264586491467,92.38244283958328,ROBUSTNESS_2022,1,MOMENTUM_BREAKOUT,1,168.6250000000003,31767.0,TRANSITION,TRANSITION,31113.025,2022-06-06 08:00:00+00:00,30840.7,,,True
FULL_ADAPTIVE_LIFECYCLE_BRAIN__PRE_PROGRESS_NON_CONFIRMATION_V1,FULL_ADAPTIVE_LIFECYCLE_BRAIN__PRE_PROGRESS_NON_CONFIRMATION_V1:MOMENTUM_BREAKOUT:C2,MOMENTUM_BREAKOUT,C2,1.0,ETH-USDT,2022-06-06 02:00:00+00:00,2022-06-06 03:00:00+00:00,2022-06-07 01:00:00+00:00,22,ADAPTIVE_PROTECTION_TOUCH,1863.93,1803.4866666666667,4.4585874208461655,8310.494851337793,8041.002965663782,10.388118564172242,10.051253707079727,-269.4918856740114,-289.93125794526344,ROBUSTNESS_2022,2,MOMENTUM_BREAKOUT,1,15.110833333333336,1919.68,TRANSITION,TRANSITION,1803.4866666666667,2022-06-06 08:00:00+00:00,1863.93,2022-06-07 00:00:00+00:00,2022-06-07 01:00:00+00:00,True
FULL_ADAPTIVE_LIFECYCLE_BRAIN__PRE_PROGRESS_NON_CONFIRMATION_V1,FULL_ADAPTIVE_LIFECYCLE_BRAIN__PRE_PROGRESS_NON_CONFIRMATION_V1:MOMENTUM_BREAKOUT:C2,MOMENTUM_BREAKOUT,C2,1.0,NEAR-USDT,2022-06-06 07:00:00+00:00,2022-06-06 08:00:00+00:00,2022-06-07 01:00:00+00:00,17,ADAPTIVE_PROTECTION_TOUCH,5.6403,5.337283333333334,1489.5538266700544,8401.530448567108,7950.170813188971,10.501913060708885,9.937713516486214,-451.3596353781368,-471.7992619553319,ROBUSTNESS_2022,6,MOMENTUM_BREAKOUT,1,0.0757541666666666,5.7639,TRANSITION,TRANSITION,5.337283333333334,,,,,True
FULL_ADAPTIVE_LIFECYCLE_BRAIN__PRE_PROGRESS_NON_CONFIRMATION_V1,FULL_ADAPTIVE_LIFECYCLE_BRAIN__PRE_PROGRESS_NON_CONFIRMATION_V1:MOMENTUM_BREAKOUT:C2,MOMENTUM_BREAKOUT,C2,1.0,XRP-USDT,2022-06-07 20:00:00+00:00,2022-06-07 21:00:00+00:00,2022-06-08 04:00:00+00:00,7,ADAPTIVE_PROTECTION_TOUCH,0.4142,0.3976566666666668,20003.12123884012,8285.292817127578,7954.374514766369,10.356616021409472,9.942968143457962,-330.9183023612086,-351.21788652607603,ROBUSTNESS_2022,4,MOMENTUM_BREAKOUT,1,0.0041358333333333,0.41747,TRANSITION,TRANSITION,0.3976566666666668,,,,,True
FULL_ADAPTIVE_LIFECYCLE_BRAIN__PRE_PROGRESS_NON_CONFIRMATION_V1,FULL_ADAPTIVE_LIFECYCLE_BRAIN__PRE_PROGRESS_NON_CONFIRMATION_V1:MOMENTUM_BREAKOUT:C2,MOMENTUM_BREAKOUT,C2,1.0,XRP-USDT,2022-06-24 01:00:00+00:00,2022-06-24 02:00:00+00:00,2022-06-24 03:00:00+00:00,1,ADAPTIVE_PROTECTION_GAP,0.34405,0.36099,23989.778251243228,8253.683207340233,8660.070050916293,10.317104009175292,10.825087563645367,406.3868435760596,385.24465200323897,ROBUSTNESS_2022,5,MOMENTUM_BREAKOUT,1,0.00322625,0.37731,TRANSITION,TRANSITION,0.331145,,,,,True
FULL_ADAPTIVE_LIFECYCLE_BRAIN__PRE_PROGRESS_NON_CONFIRMATION_V1,FULL_ADAPTIVE_LIFECYCLE_BRAIN__PRE_PROGRESS_NON_CONFIRMATION_V1:MOMENTUM_BREAKOUT:C2,MOMENTUM_BREAKOUT,C2,1.0,AVAX-USDT,2022-06-24 03:00:00+00:00,2022-06-24 04:00:00+00:00,2022-06-25 13:00:00+00:00,33,ADAPTIVE_PROTECTION_TOUCH,19.595,20.40525,422.9831705037267,8288.355226020523,8631.077339921168,10.360444032525654,10.78884667490146,342.7221139006451,321.572823193218,ROBUSTNESS_2022,6,MOMENTUM_BREAKOUT,1,0.4255833333333336,21.682,TRANSITION,TRANSITION,20.40525,2022-06-25 00:00:00+00:00,20.053,,,True
FULL_ADAPTIVE_LIFECYCLE_BRAIN__PRE_PROGRESS_NON_CONFIRMATION_V1,FULL_ADAPTIVE_LIFECYCLE_BRAIN__PRE_PROGRESS_NON_CONFIRMATION_V1:MOMENTUM_BREAKOUT:C2,MOMENTUM_BREAKOUT,C2,1.0,ETH-USDT,2022-06-24 12:00:00+00:00,2022-06-24 13:00:00+00:00,2022-06-26 14:00:00+00:00,49,ADAPTIVE_PROTECTION_TOUCH,1195.88,1225.6387499999998,6.929978581511184,8287.422786057596,8493.65028617014,10.359278482571995,10.617062857712675,206.22750011254357,185.2511587722589,ROBUSTNESS_2022,2,MOMENTUM_BREAKOUT,1,18.57374999999999,1281.36,TRANSITION,TRANSITION,1221.07875,2022-06-24 20:00:00+00:00,1195.88,2022-06-25 16:00:00+00:00,2022-06-25 17:00:00+00:00,True
FULL_ADAPTIVE_LIFECYCLE_BRAIN__PRE_PROGRESS_NON_CONFIRMATION_V1,FULL_ADAPTIVE_LIFECYCLE_BRAIN__PRE_PROGRESS_NON_CONFIRMATION_V1:MOMENTUM_BREAKOUT:C2,MOMENTUM_BREAKOUT,C2,1.0,ADA-USDT,2022-06-26 07:00:00+00:00,2022-06-26 08:00:00+00:00,2022-06-26 19:00:00+00:00,11,ADAPTIVE_PROTECTION_TOUCH,0.522947,0.4978621666666668,16012.957498014808,8373.928084714351,7972.245714702901,10.467410105892938,9.965307143378626,-401.6823700114501,-422.1150872607217,ROBUSTNESS_2022,4,MOMENTUM_BREAKOUT,1,0.0062712083333333,0.52976,TRANSITION,TRANSITION,0.4978621666666668,,,,,True
FULL_ADAPTIVE_LIFECYCLE_BRAIN__PRE_PROGRESS_NON_CONFIRMATION_V1,FULL_ADAPTIVE_LIFECYCLE_BRAIN__PRE_PROGRESS_NON_CONFIRMATION_V1:MOMENTUM_BREAKOUT:C2,MOMENTUM_BREAKOUT,C2,1.0,SOL-USDT,2022-06-24 12:00:00+00:00,2022-06-24 13:00:00+00:00,2022-06-26 19:00:00+00:00,54,ADAPTIVE_STAGNATION_48H_CLOSE_NOT_ABOVE_ENTRY,40.299,40.278,205.6252128091061,8286.490450994166,8282.172321525175,10.358113063742708,10.352715401906469,-4.318129468991174,-25.028957934640353,ROBUSTNESS_2022,3,MOMENTUM_BREAKOUT,1,0.9741250000000004,42.919,TRANSITION,TRANSITION,37.376625,2022-06-24 20:00:00+00:00,40.299,2022-06-25 16:00:00+00:00,2022-06-25 17:00:00+00:00,True
FULL_ADAPTIVE_LIFECYCLE_BRAIN__PRE_PROGRESS_NON_CONFIRMATION_V1,FULL_ADAPTIVE_LIFECYCLE_BRAIN__PRE_PROGRESS_NON_CONFIRMATION_V1:MOMENTUM_BREAKOUT:C2,MOMENTUM_BREAKOUT,C2,1.0,BTC-USDT,2022-06-26 12:00:00+00:00,2022-06-26 13:00:00+00:00,2022-06-26 23:00:00+00:00,10,ADAPTIVE_PROTECTION_TOUCH,21709.7,21073.783333333333,0.38650774588091685,8390.967210750941,8145.1804933495005,10.488709013438678,10.181475616686877,-245.7867174014409,-266.45690203156647,ROBUSTNESS_2022,1,MOMENTUM_BREAKOUT,1,158.9791666666671,21888.0,TRANSITION,TRANSITION,21073.783333333333,,,,,True
FULL_ADAPTIVE_LIFECYCLE_BRAIN__PRE_PROGRESS_NON_CONFIRMATION_V1,FULL_ADAPTIVE_LIFECYCLE_BRAIN__PRE_PROGRESS_NON_CONFIRMATION_V1:MOMENTUM_BREAKOUT:C2,MOMENTUM_BREAKOUT,C2,1.0,SOL-USDT,2022-07-04 12:00:00+00:00,2022-07-04 13:00:00+00:00,2022-07-05 03:00:00+00:00,14,ADAPTIVE_PROTECTION_TOUCH,34.412,35.747,240.26167357662,8267.884711118648,8588.634045343435,10.33485588889831,10.735792556679295,320.74933422478716,299.67868577920956,ROBUSTNESS_2022,3,MOMENTUM_BREAKOUT,1,0.4143333333333337,36.99,TRANSITION,TRANSITION,35.747,2022-07-04 20:00:00+00:00,34.412,,,True
FULL_ADAPTIVE_LIFECYCLE_BRAIN__PRE_PROGRESS_NON_CONFIRMATION_V1,FULL_ADAPTIVE_LIFECYCLE_BRAIN__PRE_PROGRESS_NON_CONFIRMATION_V1:MOMENTUM_BREAKOUT:C2,MOMENTUM_BREAKOUT,C2,1.0,AVAX-USDT,2022-07-04 12:00:00+00:00,2022-07-04 13:00:00+00:00,2022-07-05 09:00:00+00:00,20,ADAPTIVE_PROTECTION_TOUCH,17.234,17.536374999999996,479.6347070731729,8266.024541699062,8411.05408625031,10.332530677123827,10.513817607812888,145.02954455124745,124.18319626631074,ROBUSTNESS_2022,6,MOMENTUM_BREAKOUT,1,0.235541666666667,18.243,TRANSITION,TRANSITION,17.536374999999996,2022-07-04 20:00:00+00:00,17.234,,,True
FULL_ADAPTIVE_LIFECYCLE_BRAIN__PRE_PROGRESS_NON_CONFIRMATION_V1,FULL_ADAPTIVE_LIFECYCLE_BRAIN__PRE_PROGRESS_NON_CONFIRMATION_V1:MOMENTUM_BREAKOUT:C2,MOMENTUM_BREAKOUT,C2,1.0,BTC-USDT,2022-07-04 12:00:00+00:00,2022-07-04 13:00:00+00:00,2022-07-05 09:00:00+00:00,20,ADAPTIVE_PROTECTION_TOUCH,19805.4,20070.125,0.41755002671730895,8269.74529914699,8380.28122996973,10.33718162393374,10.475351537462164,110.53593082273983,89.72339766134392,ROBUSTNESS_2022,1,MOMENTUM_BREAKOUT,1,139.62499999999957,20489.0,TRANSITION,TRANSITION,20070.125,2022-07-04 20:00:00+00:00,19805.4,,,True
FULL_ADAPTIVE_LIFECYCLE_BRAIN__PRE_PROGRESS_NON_CONFIRMATION_V1,FULL_ADAPTIVE_LIFECYCLE_BRAIN__PRE_PROGRESS_NON_CONFIRMATION_V1:MOMENTUM_BREAKOUT:C2,MOMENTUM_BREAKOUT,C2,1.0,ETH-USDT,2022-07-04 12:00:00+00:00,2022-07-04 13:00:00+00:00,2022-07-05 09:00:00+00:00,20,ADAPTIVE_PROTECTION_TOUCH,1101.12,1140.1087499999999,7.509458508428544,8268.814952800838,8561.59935322133,10.336018691001048,10.701999191526664,292.7844004204926,271.74638253796485,ROBUSTNESS_2022,2,MOMENTUM_BREAKOUT,1,11.160416666666691,1173.59,TRANSITION,TRANSITION,1140.1087499999999,2022-07-04 20:00:00+00:00,1101.12,,,True
FULL_ADAPTIVE_LIFECYCLE_BRAIN__PRE_PROGRESS_NON_CONFIRMATION_V1,FULL_ADAPTIVE_LIFECYCLE_BRAIN__PRE_PROGRESS_NON_CONFIRMATION_V1:MOMENTUM_BREAKOUT:C2,MOMENTUM_BREAKOUT,C2,1.0,ADA-USDT,2022-07-04 12:00:00+00:00,2022-07-04 13:00:00+00:00,2022-07-05 12:00:00+00:00,23,ADAPTIVE_PROTECTION_TOUCH,0.466848,0.4507961666666668,17708.02182742273,8266.954574088646,7982.7083590518305,10.333693217610808,9.97838544881479,-284.24621503681556,-304.55829370324113,ROBUSTNESS_2022,4,MOMENTUM_BREAKOUT,1,0.0040129583333333,0.47595,TRANSITION,TRANSITION,0.4507961666666668,2022-07-05 00:00:00+00:00,0.466848,2022-07-05 04:00:00+00:00,2022-07-05 05:00:00+00:00,True
FULL_ADAPTIVE_LIFECYCLE_BRAIN__PRE_PROGRESS_NON_CONFIRMATION_V1,FULL_ADAPTIVE_LIFECYCLE_BRAIN__PRE_PROGRESS_NON_CONFIRMATION_V1:MOMENTUM_BREAKOUT:C2,MOMENTUM_BREAKOUT,C2,1.0,BTC-USDT,2022-07-07 15:00:00+00:00,2022-07-07 16:00:00+00:00,2022-07-08 03:00:00+00:00,11,ADAPTIVE_PROTECTION_TOUCH,20920.4,22031.75,0.40288989237386197,8428.617704418142,8876.369386307833,10.535772130522679,11.095461732884791,447.7516818896911,426.1204480262836,ROBUSTNESS_2022,1,MOMENTUM_BREAKOUT,1,156.08333333333348,22500.0,TRANSITION,TRANSITION,21367.95,2022-07-07 20:00:00+00:00,20920.4,,,True
FULL_ADAPTIVE_LIFECYCLE_BRAIN__PRE_PROGRESS_NON_CONFIRMATION_V1,FULL_ADAPTIVE_LIFECYCLE_BRAIN__PRE_PROGRESS_NON_CONFIRMATION_V1:MOMENTUM_BREAKOUT:C2,MOMENTUM_BREAKOUT,C2,1.0,XRP-USDT,2022-07-06 23:00:00+00:00,2022-07-07 00:00:00+00:00,2022-07-08 03:00:00+00:00,27,ADAPTIVE_PROTECTION_TOUCH,0.33172,0.34912500000000013,25150.422596863616,8342.8981838316,8780.641289130013,10.428622729789499,10.975801611412518,437.74310529841387,416.33868095721186,ROBUSTNESS_2022,5,MOMENTUM_BREAKOUT,1,0.0032783333333333,0.35896,TRANSITION,TRANSITION,0.3435150000000001,2022-07-07 20:00:00+00:00,0.33596,,,True
FULL_ADAPTIVE_LIFECYCLE_BRAIN__PRE_PROGRESS_NON_CONFIRMATION_V1,FULL_ADAPTIVE_LIFECYCLE_BRAIN__PRE_PROGRESS_NON_CONFIRMATION_V1:MOMENTUM_BREAKOUT:C2,MOMENTUM_BREAKOUT,C2,1.0,AVAX-USDT,2022-07-05 22:00:00+00:00,2022-07-05 23:00:00+00:00,2022-07-08 07:00:00+00:00,56,ADAPTIVE_PROTECTION_TOUCH,18.329,20.001,453.54437788835907,8313.014902315734,9071.34110214507,10.391268627894668,11.339176377681339,758.3261998293365,736.5957548237604,ROBUSTNESS_2022,6,MOMENTUM_BREAKOUT,1,0.3740000000000003,21.123,TRANSITION,TRANSITION,20.001,2022-07-06 08:00:00+00:00,18.432,2022-07-06 12:00:00+00:00,2022-07-06 13:00:00+00:00,True
FULL_ADAPTIVE_LIFECYCLE_BRAIN__PRE_PROGRESS_NON_CONFIRMATION_V1,FULL_ADAPTIVE_LIFECYCLE_BRAIN__PRE_PROGRESS_NON_CONFIRMATION_V1:MOMENTUM_BREAKOUT:C2,MOMENTUM_BREAKOUT,C2,1.0,ADA-USDT,2022-07-08 02:00:00+00:00,2022-07-08 03:00:00+00:00,2022-07-08 09:00:00+00:00,6,ADAPTIVE_PROTECTION_TOUCH,0.487341,0.470553,17592.03643258346,8573.320627091656,8277.985519461445,10.716650783864571,10.347481899326807,-295.3351076302115,-316.39924031340286,ROBUSTNESS_2022,4,MOMENTUM_BREAKOUT,1,0.004197,0.488088,TRANSITION,TRANSITION,0.470553,,,,,True
FULL_ADAPTIVE_LIFECYCLE_BRAIN__PRE_PROGRESS_NON_CONFIRMATION_V1,FULL_ADAPTIVE_LIFECYCLE_BRAIN__PRE_PROGRESS_NON_CONFIRMATION_V1:MOMENTUM_BREAKOUT:C2,MOMENTUM_BREAKOUT,C2,1.0,ETH-USDT,2022-07-06 23:00:00+00:00,2022-07-07 00:00:00+00:00,2022-07-08 09:00:00+00:00,33,ADAPTIVE_PROTECTION_TOUCH,1190.64,1221.8287500000001,7.007858685647186,8343.836865478967,8562.403218060945,10.429796081848709,10.70300402257618,218.5663525819782,197.43355247755332,ROBUSTNESS_2022,2,MOMENTUM_BREAKOUT,1,18.287083333333328,1276.69,TRANSITION,TRANSITION,1221.8287500000001,2022-07-07 16:00:00+00:00,1193.84,,,True
FULL_ADAPTIVE_LIFECYCLE_BRAIN__PRE_PROGRESS_NON_CONFIRMATION_V1,FULL_ADAPTIVE_LIFECYCLE_BRAIN__PRE_PROGRESS_NON_CONFIRMATION_V1:MOMENTUM_BREAKOUT:C2,MOMENTUM_BREAKOUT,C2,1.0,BTC-USDT,2022-07-08 02:00:00+00:00,2022-07-08 03:00:00+00:00,2022-07-08 10:00:00+00:00,7,ADAPTIVE_PROTECTION_TOUCH,22138.3,21306.166666666664,0.3873054947390044,8574.285234180501,8251.995421825017,10.717856542725626,10.31499427728127,-322.2898123554842,-343.322663175491,ROBUSTNESS_2022,1,MOMENTUM_BREAKOUT,1,208.0333333333336,22238.0,TRANSITION,TRANSITION,21306.166666666664,,,,,True
FULL_ADAPTIVE_LIFECYCLE_BRAIN__PRE_PROGRESS_NON_CONFIRMATION_V1,FULL_ADAPTIVE_LIFECYCLE_BRAIN__PRE_PROGRESS_NON_CONFIRMATION_V1:MOMENTUM_BREAKOUT:C2,MOMENTUM_BREAKOUT,C2,1.0,SOL-USDT,2022-07-07 00:00:00+00:00,2022-07-07 01:00:00+00:00,2022-07-10 12:00:00+00:00,83,ADAPTIVE_STAGNATION_48H_CLOSE_NOT_ABOVE_ENTRY,37.049,36.928,225.20590936211894,8343.653735957145,8316.403820924328,10.42956716994643,10.395504776155411,-27.249915032816716,-48.07498697891856,ROBUSTNESS_2022,3,MOMENTUM_BREAKOUT,1,0.7105000000000002,39.7,TRANSITION,TRANSITION,34.207,2022-07-07 12:00:00+00:00,37.124,,,True
FULL_ADAPTIVE_LIFECYCLE_BRAIN__PRE_PROGRESS_NON_CONFIRMATION_V1,FULL_ADAPTIVE_LIFECYCLE_BRAIN__PRE_PROGRESS_NON_CONFIRMATION_V1:MOMENTUM_BREAKOUT:C2,MOMENTUM_BREAKOUT,C2,1.0,XRP-USDT,2022-07-14 18:00:00+00:00,2022-07-14 19:00:00+00:00,2022-07-15 07:00:00+00:00,12,ADAPTIVE_PROTECTION_TOUCH,0.32748,0.3382100000000002,25669.840468666058,8406.35935667876,8681.796744907551,10.50794919584845,10.852245931134439,275.43738822879095,254.0771931018081,ROBUSTNESS_2022,4,MOMENTUM_BREAKOUT,1,0.0036566666666666,0.34918,TRANSITION,TRANSITION,0.3382100000000002,2022-07-15 00:00:00+00:00,0.32748,,,True
FULL_ADAPTIVE_LIFECYCLE_BRAIN__PRE_PROGRESS_NON_CONFIRMATION_V1,FULL_ADAPTIVE_LIFECYCLE_BRAIN__PRE_PROGRESS_NON_CONFIRMATION_V1:MOMENTUM_BREAKOUT:C2,MOMENTUM_BREAKOUT,C2,1.0,SOL-USDT,2022-07-14 18:00:00+00:00,2022-07-14 19:00:00+00:00,2022-07-15 22:00:00+00:00,27,ADAPTIVE_PROTECTION_TOUCH,36.556,37.7275,229.98427559118457,8407.305178511342,8676.731757366415,10.509131473139178,10.84591469670802,269.4265788550729,248.0715326852257,ROBUSTNESS_2022,3,MOMENTUM_BREAKOUT,1,0.5138333333333328,39.269,TRANSITION,TRANSITION,37.3425,2022-07-15 00:00:00+00:00,36.556,,,True
FULL_ADAPTIVE_LIFECYCLE_BRAIN__PRE_PROGRESS_NON_CONFIRMATION_V1,FULL_ADAPTIVE_LIFECYCLE_BRAIN__PRE_PROGRESS_NON_CONFIRMATION_V1:MOMENTUM_BREAKOUT:C2,MOMENTUM_BREAKOUT,C2,1.0,ETH-USDT,2022-07-14 18:00:00+00:00,2022-07-14 19:00:00+00:00,2022-07-16 00:00:00+00:00,29,ADAPTIVE_PROTECTION_TOUCH,1195.71,1237.0712500000002,7.032015377274466,8408.251106760852,8699.104052784147,10.510313883451065,10.873880065980185,290.85294602329486,269.4687520738636,ROBUSTNESS_2022,2,MOMENTUM_BREAKOUT,1,16.776249999999994,1287.4,TRANSITION,TRANSITION,1237.0712500000002,2022-07-15 20:00:00+00:00,1237.5,,,True
FULL_ADAPTIVE_LIFECYCLE_BRAIN__PRE_PROGRESS_NON_CONFIRMATION_V1,FULL_ADAPTIVE_LIFECYCLE_BRAIN__PRE_PROGRESS_NON_CONFIRMATION_V1:MOMENTUM_BREAKOUT:C2,MOMENTUM_BREAKOUT,C2,1.0,AVAX-USDT,2022-07-14 18:00:00+00:00,2022-07-14 19:00:00+00:00,2022-07-17 17:00:00+00:00,70,ADAPTIVE_PROTECTION_TOUCH,19.62,21.06275,428.41048120546054,8405.413641251136,9023.502863010315,10.506767051563921,11.279378578762895,618.089221759179,596.3030761288522,ROBUSTNESS_2022,5,MOMENTUM_BREAKOUT,1,0.3490833333333333,22.11,TRANSITION,TRANSITION,21.06275,2022-07-15 00:00:00+00:00,19.62,2022-07-15 16:00:00+00:00,2022-07-15 17:00:00+00:00,True
FULL_ADAPTIVE_LIFECYCLE_BRAIN__PRE_PROGRESS_NON_CONFIRMATION_V1,FULL_ADAPTIVE_LIFECYCLE_BRAIN__PRE_PROGRESS_NON_CONFIRMATION_V1:MOMENTUM_BREAKOUT:C2,MOMENTUM_BREAKOUT,C2,1.0,AVAX-USDT,2022-07-18 05:00:00+00:00,2022-07-18 06:00:00+00:00,2022-07-18 18:00:00+00:00,12,ADAPTIVE_PROTECTION_TOUCH,22.227,23.147875,387.14098605419105,8604.982697026504,8961.491152559158,10.75622837128313,11.201863940698948,356.5084555326539,334.5503632206718,ROBUSTNESS_2022,5,MOMENTUM_BREAKOUT,1,0.3923750000000001,24.325,TRANSITION,TRANSITION,23.147875,2022-07-18 12:00:00+00:00,22.227,,,True
FULL_ADAPTIVE_LIFECYCLE_BRAIN__PRE_PROGRESS_NON_CONFIRMATION_V1,FULL_ADAPTIVE_LIFECYCLE_BRAIN__PRE_PROGRESS_NON_CONFIRMATION_V1:MOMENTUM_BREAKOUT:C2,MOMENTUM_BREAKOUT,C2,1.0,BTC-USDT,2022-07-14 18:00:00+00:00,2022-07-14 19:00:00+00:00,2022-07-18 18:00:00+00:00,95,ADAPTIVE_PROTECTION_TOUCH,20732.1,22041.6875,0.4056124146342756,8409.197141439265,8940.38208948913,10.51149642679908,11.175477611861414,531.1849480498659,509.4979740112053,ROBUSTNESS_2022,1,MOMENTUM_BREAKOUT,1,244.20416666666688,22774.3,TRANSITION,TRANSITION,22041.6875,2022-07-15 20:00:00+00:00,21095.0,2022-07-16 00:00:00+00:00,2022-07-16 01:00:00+00:00,True
FULL_ADAPTIVE_LIFECYCLE_BRAIN__PRE_PROGRESS_NON_CONFIRMATION_V1,FULL_ADAPTIVE_LIFECYCLE_BRAIN__PRE_PROGRESS_NON_CONFIRMATION_V1:MOMENTUM_BREAKOUT:C2,MOMENTUM_BREAKOUT,C2,1.0,ETH-USDT,2022-07-16 17:00:00+00:00,2022-07-16 18:00:00+00:00,2022-07-18 18:00:00+00:00,48,ADAPTIVE_PROTECTION_TOUCH,1358.86,1474.1437500000002,6.30205550960077,8563.611149776101,9290.13574163104,10.704513937220126,11.6126696770388,726.524591854939,704.2074082406801,ROBUSTNESS_2022,2,MOMENTUM_BREAKOUT,1,18.858749999999983,1530.72,TRANSITION,TRANSITION,1473.4237500000002,2022-07-18 04:00:00+00:00,1392.51,,,True
FULL_ADAPTIVE_LIFECYCLE_BRAIN__PRE_PROGRESS_NON_CONFIRMATION_V1,FULL_ADAPTIVE_LIFECYCLE_BRAIN__PRE_PROGRESS_NON_CONFIRMATION_V1:MOMENTUM_BREAKOUT:C2,MOMENTUM_BREAKOUT,C2,1.0,SOL-USDT,2022-07-16 17:00:00+00:00,2022-07-16 18:00:00+00:00,2022-07-18 18:00:00+00:00,48,ADAPTIVE_PROTECTION_TOUCH,40.043,41.09025,213.83631954453347,8562.647743521753,8786.587829164766,10.703309679402192,10.983234786455958,223.94008564301294,202.25354117715477,ROBUSTNESS_2022,3,MOMENTUM_BREAKOUT,1,0.5349166666666673,42.695,TRANSITION,TRANSITION,41.09025,2022-07-18 08:00:00+00:00,41.091,,,True
FULL_ADAPTIVE_LIFECYCLE_BRAIN__PRE_PROGRESS_NON_CONFIRMATION_V1,FULL_ADAPTIVE_LIFECYCLE_BRAIN__PRE_PROGRESS_NON_CONFIRMATION_V1:MOMENTUM_BREAKOUT:C2,MOMENTUM_BREAKOUT,C2,1.0,XRP-USDT,2022-07-16 17:00:00+00:00,2022-07-16 18:00:00+00:00,2022-07-18 18:00:00+00:00,48,ADAPTIVE_PROTECTION_TOUCH,0.35388,0.3587137500000001,24193.75055287275,8561.684445650608,8678.630987385559,10.70210555706326,10.848288734231948,116.9465417349511,95.39614744365589,ROBUSTNESS_2022,4,MOMENTUM_BREAKOUT,1,0.0037620833333333,0.37,TRANSITION,TRANSITION,0.3587137500000001,2022-07-17 08:00:00+00:00,0.35435,2022-07-17 12:00:00+00:00,2022-07-17 13:00:00+00:00,True
FULL_ADAPTIVE_LIFECYCLE_BRAIN__PRE_PROGRESS_NON_CONFIRMATION_V1,FULL_ADAPTIVE_LIFECYCLE_BRAIN__PRE_PROGRESS_NON_CONFIRMATION_V1:MOMENTUM_BREAKOUT:C2,MOMENTUM_BREAKOUT,C2,1.0,SOL-USDT,2022-07-19 00:00:00+00:00,2022-07-19 01:00:00+00:00,2022-07-20 00:00:00+00:00,23,ADAPTIVE_PROTECTION_TOUCH,43.529,45.02525,199.80847034621064,8697.462905700204,8996.42632945572,10.871828632125256,11.24553291181965,298.9634237555165,276.8460622115716,ROBUSTNESS_2022,3,MOMENTUM_BREAKOUT,1,0.7749166666666673,47.35,TRANSITION,TRANSITION,45.02525,2022-07-19 12:00:00+00:00,44.142,,,True
FULL_ADAPTIVE_LIFECYCLE_BRAIN__PRE_PROGRESS_NON_CONFIRMATION_V1,FULL_ADAPTIVE_LIFECYCLE_BRAIN__PRE_PROGRESS_NON_CONFIRMATION_V1:MOMENTUM_BREAKOUT:C2,MOMENTUM_BREAKOUT,C2,1.0,ADA-USDT,2022-07-19 14:00:00+00:00,2022-07-19 15:00:00+00:00,2022-07-20 09:00:00+00:00,18,ADAPTIVE_PROTECTION_TOUCH,0.503634,0.5227626250000001,17369.309209139967,8747.774674235998,9080.025676606685,10.934718342794998,11.350032095758356,332.2510023706873,309.9662519321339,ROBUSTNESS_2022,6,MOMENTUM_BREAKOUT,1,0.0086457916666666,0.5487,TRANSITION,TRANSITION,0.5137026250000002,2022-07-19 20:00:00+00:00,0.503634,,,True
FULL_ADAPTIVE_LIFECYCLE_BRAIN__PRE_PROGRESS_NON_CONFIRMATION_V1,FULL_ADAPTIVE_LIFECYCLE_BRAIN__PRE_PROGRESS_NON_CONFIRMATION_V1:MOMENTUM_BREAKOUT:C2,MOMENTUM_BREAKOUT,C2,1.0,ETH-USDT,2022-07-19 00:00:00+00:00,2022-07-19 01:00:00+00:00,2022-07-21 01:00:00+00:00,48,ADAPTIVE_STAGNATION_48H_CLOSE_NOT_ABOVE_ENTRY,1580.91,1521.27,5.502173735612239,8698.441480366744,8370.29183877483,10.873051850458431,10.462864798468539,-328.1496415919137,-349.48555824084065,ROBUSTNESS_2022,2,MOMENTUM_BREAKOUT,1,30.80708333333336,1631.78,TRANSITION,TRANSITION,1457.6816666666666,2022-07-20 12:00:00+00:00,1590.0,2022-07-20 20:00:00+00:00,2022-07-20 21:00:00+00:00,True
FULL_ADAPTIVE_LIFECYCLE_BRAIN__PRE_PROGRESS_NON_CONFIRMATION_V1,FULL_ADAPTIVE_LIFECYCLE_BRAIN__PRE_PROGRESS_NON_CONFIRMATION_V1:MOMENTUM_BREAKOUT:C2,MOMENTUM_BREAKOUT,C2,1.0,XRP-USDT,2022-07-20 04:00:00+00:00,2022-07-20 05:00:00+00:00,2022-07-21 03:00:00+00:00,22,ADAPTIVE_PROTECTION_TOUCH,0.37684,0.35712,23251.604366694275,8762.13458954507,8303.612951433859,10.952668236931338,10.379516189292325,-458.52163811121136,-479.853822537435,ROBUSTNESS_2022,4,MOMENTUM_BREAKOUT,1,0.00493,0.38165,TRANSITION,RISK_ON,0.35712,,,,,True
FULL_ADAPTIVE_LIFECYCLE_BRAIN__PRE_PROGRESS_NON_CONFIRMATION_V1,FULL_ADAPTIVE_LIFECYCLE_BRAIN__PRE_PROGRESS_NON_CONFIRMATION_V1:MOMENTUM_BREAKOUT:C2,MOMENTUM_BREAKOUT,C2,1.0,AVAX-USDT,2022-07-19 14:00:00+00:00,2022-07-19 15:00:00+00:00,2022-07-21 05:00:00+00:00,38,ADAPTIVE_PROTECTION_TOUCH,25.107,22.753166666666665,348.458952069675,8748.758909613329,7928.544612933326,10.935948637016661,9.910680766166658,-820.2142966800029,-841.0609260831862,ROBUSTNESS_2022,5,MOMENTUM_BREAKOUT,1,0.5884583333333336,26.347,TRANSITION,TRANSITION,22.753166666666665,,,,,True
FULL_ADAPTIVE_LIFECYCLE_BRAIN__PRE_PROGRESS_NON_CONFIRMATION_V1,FULL_ADAPTIVE_LIFECYCLE_BRAIN__PRE_PROGRESS_NON_CONFIRMATION_V1:MOMENTUM_BREAKOUT:C2,MOMENTUM_BREAKOUT,C2,1.0,BTC-USDT,2022-07-19 16:00:00+00:00,2022-07-19 17:00:00+00:00,2022-07-21 17:00:00+00:00,48,ADAPTIVE_STAGNATION_48H_CLOSE_NOT_ABOVE_ENTRY,23127.4,22638.0,0.3776138886218003,8733.227447711824,8548.423210620314,10.91653430963978,10.685529013275394,-184.80423709151,-206.40630041442517,ROBUSTNESS_2022,1,MOMENTUM_BREAKOUT,1,385.20833333333366,24270.0,TRANSITION,TRANSITION,21586.566666666666,2022-07-20 00:00:00+00:00,23127.4,2022-07-21 04:00:00+00:00,2022-07-21 05:00:00+00:00,True
FULL_ADAPTIVE_LIFECYCLE_BRAIN__PRE_PROGRESS_NON_CONFIRMATION_V1,FULL_ADAPTIVE_LIFECYCLE_BRAIN__PRE_PROGRESS_NON_CONFIRMATION_V1:MOMENTUM_BREAKOUT:C2,MOMENTUM_BREAKOUT,C2,1.0,ETH-USDT,2022-07-22 10:00:00+00:00,2022-07-22 11:00:00+00:00,2022-07-22 20:00:00+00:00,9,ADAPTIVE_PROTECTION_TOUCH,1630.73,1526.775,10.525766980413495,17164.6839879697,16070.477881520816,21.455854984962127,20.08809735190102,-1094.2061064488844,-1135.7500587857476,ROBUSTNESS_2022,2,MOMENTUM_BREAKOUT,1,25.988749999999964,1643.7,RISK_ON,TRANSITION,1526.775,,,,,True
FULL_ADAPTIVE_LIFECYCLE_BRAIN__PRE_PROGRESS_NON_CONFIRMATION_V1,FULL_ADAPTIVE_LIFECYCLE_BRAIN__PRE_PROGRESS_NON_CONFIRMATION_V1:MOMENTUM_BREAKOUT:C2,MOMENTUM_BREAKOUT,C2,1.0,ADA-USDT,2022-07-23 23:00:00+00:00,2022-07-24 00:00:00+00:00,2022-07-25 04:00:00+00:00,28,ADAPTIVE_STAGNATION_24H_CLOSE_NOT_ABOVE_ENTRY,0.51361,0.493499,16510.824338883845,8480.124488694131,8148.075300414839,10.600155610867665,10.18509412551855,-332.04918827929214,-352.83443801567836,ROBUSTNESS_2022,6,MOMENTUM_BREAKOUT,1,0.0069169583333333,0.536307,TRANSITION,RISK_OFF,0.4859421666666668,2022-07-24 12:00:00+00:00,0.525767,2022-07-24 20:00:00+00:00,2022-07-24 21:00:00+00:00,True
FULL_ADAPTIVE_LIFECYCLE_BRAIN__PRE_PROGRESS_NON_CONFIRMATION_V1,FULL_ADAPTIVE_LIFECYCLE_BRAIN__PRE_PROGRESS_NON_CONFIRMATION_V1:MOMENTUM_BREAKOUT:C2,MOMENTUM_BREAKOUT,C2,1.0,ETH-USDT,2022-07-28 03:00:00+00:00,2022-07-28 04:00:00+00:00,2022-07-29 12:00:00+00:00,32,ADAPTIVE_PROTECTION_TOUCH,1658.66,1684.3083333333336,10.184689455536558,16892.937012320268,17154.157322372357,21.116171265400336,21.44269665296545,261.2203100520892,218.6614421337234,ROBUSTNESS_2022,2,MOMENTUM_BREAKOUT,1,24.96541666666663,1784.17,RISK_ON,RISK_ON,1684.3083333333336,2022-07-28 16:00:00+00:00,1658.66,,,True
FULL_ADAPTIVE_LIFECYCLE_BRAIN__PRE_PROGRESS_NON_CONFIRMATION_V1,FULL_ADAPTIVE_LIFECYCLE_BRAIN__PRE_PROGRESS_NON_CONFIRMATION_V1:MOMENTUM_BREAKOUT:C2,MOMENTUM_BREAKOUT,C2,1.0,ADA-USDT,2022-07-28 03:00:00+00:00,2022-07-28 04:00:00+00:00,2022-07-29 13:00:00+00:00,33,ADAPTIVE_PROTECTION_TOUCH,0.515582,0.516475,32757.41996712938,16889.1361014925,16918.388477523145,21.111420126865625,21.147985596903933,29.2523760306467,-13.007029693122856,ROBUSTNESS_2022,7,MOMENTUM_BREAKOUT,1,0.00727125,0.54556,RISK_ON,RISK_ON,0.516475,2022-07-29 04:00:00+00:00,0.52421,2022-07-29 12:00:00+00:00,2022-07-29 13:00:00+00:00,True
FULL_ADAPTIVE_LIFECYCLE_BRAIN__PRE_PROGRESS_NON_CONFIRMATION_V1,FULL_ADAPTIVE_LIFECYCLE_BRAIN__PRE_PROGRESS_NON_CONFIRMATION_V1:MOMENTUM_BREAKOUT:C2,MOMENTUM_BREAKOUT,C2,1.0,BTC-USDT,2022-07-28 03:00:00+00:00,2022-07-28 04:00:00+00:00,2022-07-29 13:00:00+00:00,33,ADAPTIVE_PROTECTION_TOUCH,23281.4,23505.18333333333,0.7257612849117939,16896.73877854544,17059.152058087282,21.1209234731818,21.3239400726091,162.4132795418409,119.96841599605,ROBUSTNESS_2022,1,MOMENTUM_BREAKOUT,1,232.45416666666705,24435.0,RISK_ON,RISK_ON,23505.18333333333,2022-07-28 16:00:00+00:00,23281.4,,,True
FULL_ADAPTIVE_LIFECYCLE_BRAIN__PRE_PROGRESS_NON_CONFIRMATION_V1,FULL_ADAPTIVE_LIFECYCLE_BRAIN__PRE_PROGRESS_NON_CONFIRMATION_V1:MOMENTUM_BREAKOUT:C2,MOMENTUM_BREAKOUT,C2,1.0,XRP-USDT,2022-07-28 16:00:00+00:00,2022-07-28 17:00:00+00:00,2022-07-30 20:00:00+00:00,51,ADAPTIVE_PROTECTION_TOUCH,0.36468,0.39231,45420.845315977465,16564.073869830663,17819.05182591112,20.70509233728833,22.2738147823889,1254.9779560804564,1211.9990489607792,ROBUSTNESS_2022,4,MOMENTUM_BREAKOUT,1,0.0044375,0.41006,RISK_ON,RISK_ON,0.39231,2022-07-29 00:00:00+00:00,0.36468,,,True
FULL_ADAPTIVE_LIFECYCLE_BRAIN__PRE_PROGRESS_NON_CONFIRMATION_V1,FULL_ADAPTIVE_LIFECYCLE_BRAIN__PRE_PROGRESS_NON_CONFIRMATION_V1:MOMENTUM_BREAKOUT:C2,MOMENTUM_BREAKOUT,C2,1.0,SOL-USDT,2022-07-28 16:00:00+00:00,2022-07-28 17:00:00+00:00,2022-07-31 01:00:00+00:00,56,ADAPTIVE_PROTECTION_TOUCH,41.937,43.3025,406.6311349261291,17052.889905397074,17608.144720138705,21.316112381746343,22.01018090017338,555.254814741631,511.9285214597112,ROBUSTNESS_2022,3,MOMENTUM_BREAKOUT,1,0.8371250000000003,46.651,RISK_ON,RISK_ON,43.3025,2022-07-29 00:00:00+00:00,41.937,2022-07-29 12:00:00+00:00,2022-07-29 13:00:00+00:00,True
FULL_ADAPTIVE_LIFECYCLE_BRAIN__PRE_PROGRESS_NON_CONFIRMATION_V1,FULL_ADAPTIVE_LIFECYCLE_BRAIN__PRE_PROGRESS_NON_CONFIRMATION_V1:MOMENTUM_BREAKOUT:C2,MOMENTUM_BREAKOUT,C2,1.0,BTC-USDT,2022-07-30 14:00:00+00:00,2022-07-30 15:00:00+00:00,2022-07-31 19:00:00+00:00,28,ADAPTIVE_PROTECTION_TOUCH,24490.8,23538.016666666663,0.7119223855577358,17435.548760217396,16757.240976631074,21.794435950271744,20.946551220788844,-678.3077835863223,-721.0487707573828,ROBUSTNESS_2022,1,MOMENTUM_BREAKOUT,1,238.1958333333338,24600.6,RISK_ON,TRANSITION,23299.82083333333,,,,,True
FULL_ADAPTIVE_LIFECYCLE_BRAIN__PRE_PROGRESS_NON_CONFIRMATION_V1,FULL_ADAPTIVE_LIFECYCLE_BRAIN__PRE_PROGRESS_NON_CONFIRMATION_V1:MOMENTUM_BREAKOUT:C2,MOMENTUM_BREAKOUT,C2,1.0,AVAX-USDT,2022-07-30 16:00:00+00:00,2022-07-30 17:00:00+00:00,2022-07-31 23:00:00+00:00,30,ADAPTIVE_PROTECTION_TOUCH,25.672,23.806,684.3078071798029,17567.5500259199,16290.63165772239,21.959437532399875,20.363289572152986,-1276.91836819751,-1319.241095302063,ROBUSTNESS_2022,5,MOMENTUM_BREAKOUT,1,0.4665000000000002,25.776,RISK_ON,TRANSITION,23.806,,,,,True
FULL_ADAPTIVE_LIFECYCLE_BRAIN__PRE_PROGRESS_NON_CONFIRMATION_V1,FULL_ADAPTIVE_LIFECYCLE_BRAIN__PRE_PROGRESS_NON_CONFIRMATION_V1:MOMENTUM_BREAKOUT:C2,MOMENTUM_BREAKOUT,C2,1.0,AVAX-USDT,2022-08-05 12:00:00+00:00,2022-08-05 13:00:00+00:00,2022-08-07 01:00:00+00:00,36,ADAPTIVE_PROTECTION_TOUCH,24.669,25.916125,684.8515761957224,16894.603533172274,17748.699055135367,21.118254416465344,22.18587381891921,854.0955219630923,810.7913937277078,ROBUSTNESS_2022,5,MOMENTUM_BREAKOUT,1,0.3286250000000003,26.935,RISK_ON,RISK_ON,25.916125,2022-08-06 00:00:00+00:00,24.669,,,True
FULL_ADAPTIVE_LIFECYCLE_BRAIN__PRE_PROGRESS_NON_CONFIRMATION_V1,FULL_ADAPTIVE_LIFECYCLE_BRAIN__PRE_PROGRESS_NON_CONFIRMATION_V1:MOMENTUM_BREAKOUT:C2,MOMENTUM_BREAKOUT,C2,1.0,AVAX-USDT,2022-08-07 13:00:00+00:00,2022-08-07 14:00:00+00:00,2022-08-08 15:00:00+00:00,25,ADAPTIVE_PROTECTION_TOUCH,27.373,29.293666666666667,622.683519470655,17044.71597847024,18240.683458200212,21.305894973087803,22.800854322750265,1195.9674797299704,1151.8607304341324,ROBUSTNESS_2022,5,MOMENTUM_BREAKOUT,1,0.3948333333333336,30.873,RISK_ON,RISK_ON,29.293666666666667,2022-08-07 20:00:00+00:00,27.373,,,True
FULL_ADAPTIVE_LIFECYCLE_BRAIN__PRE_PROGRESS_NON_CONFIRMATION_V1,FULL_ADAPTIVE_LIFECYCLE_BRAIN__PRE_PROGRESS_NON_CONFIRMATION_V1:MOMENTUM_BREAKOUT:C2,MOMENTUM_BREAKOUT,C2,1.0,ADA-USDT,2022-08-05 12:00:00+00:00,2022-08-05 13:00:00+00:00,2022-08-08 17:00:00+00:00,76,ADAPTIVE_PROTECTION_TOUCH,0.516752,0.5312905000000003,32686.476776823918,16890.802247377313,17366.01458999718,21.11350280922164,21.707518237496476,475.21234261986683,432.39132157314873,ROBUSTNESS_2022,7,MOMENTUM_BREAKOUT,1,0.0045146249999999,0.549349,RISK_ON,RISK_ON,0.5312905000000003,2022-08-06 00:00:00+00:00,0.516752,2022-08-06 04:00:00+00:00,2022-08-06 05:00:00+00:00,True
FULL_ADAPTIVE_LIFECYCLE_BRAIN__PRE_PROGRESS_NON_CONFIRMATION_V1,FULL_ADAPTIVE_LIFECYCLE_BRAIN__PRE_PROGRESS_NON_CONFIRMATION_V1:MOMENTUM_BREAKOUT:C2,MOMENTUM_BREAKOUT,C2,1.0,SOL-USDT,2022-08-08 04:00:00+00:00,2022-08-08 05:00:00+00:00,2022-08-08 17:00:00+00:00,12,ADAPTIVE_PROTECTION_TOUCH,41.926,42.34283333333333,410.55488660532916,17212.92417581503,17384.05713771502,21.516155219768788,21.730071422143773,171.132961899988,127.88673525807545,ROBUSTNESS_2022,3,MOMENTUM_BREAKOUT,1,0.348291666666667,43.736,RISK_ON,RISK_ON,42.34283333333333,2022-08-08 12:00:00+00:00,41.926,,,True
FULL_ADAPTIVE_LIFECYCLE_BRAIN__PRE_PROGRESS_NON_CONFIRMATION_V1,FULL_ADAPTIVE_LIFECYCLE_BRAIN__PRE_PROGRESS_NON_CONFIRMATION_V1:MOMENTUM_BREAKOUT:C2,MOMENTUM_BREAKOUT,C2,1.0,BTC-USDT,2022-08-08 07:00:00+00:00,2022-08-08 08:00:00+00:00,2022-08-08 20:00:00+00:00,12,ADAPTIVE_PROTECTION_TOUCH,23726.5,23809.933333333334,0.7110605285140534,16870.97762978869,16930.30377988438,21.08872203723586,21.162879724855475,59.32615009569054,17.0745483335992,ROBUSTNESS_2022,1,MOMENTUM_BREAKOUT,1,108.61666666666709,24244.4,RISK_ON,RISK_ON,23809.933333333334,2022-08-08 12:00:00+00:00,23726.5,,,True
FULL_ADAPTIVE_LIFECYCLE_BRAIN__PRE_PROGRESS_NON_CONFIRMATION_V1,FULL_ADAPTIVE_LIFECYCLE_BRAIN__PRE_PROGRESS_NON_CONFIRMATION_V1:MOMENTUM_BREAKOUT:C2,MOMENTUM_BREAKOUT,C2,1.0,ETH-USDT,2022-08-05 12:00:00+00:00,2022-08-05 13:00:00+00:00,2022-08-09 10:00:00+00:00,93,ADAPTIVE_PROTECTION_TOUCH,1713.42,1737.2483333333332,9.862383813921296,16898.405674449026,17133.409843428413,21.123007093061283,21.416762304285516,235.00416897938703,192.46439958204022,ROBUSTNESS_2022,2,MOMENTUM_BREAKOUT,1,20.220416666666704,1818.13,RISK_ON,RISK_ON,1737.2483333333332,2022-08-06 00:00:00+00:00,1713.42,2022-08-06 12:00:00+00:00,2022-08-06 13:00:00+00:00,True
FULL_ADAPTIVE_LIFECYCLE_BRAIN__PRE_PROGRESS_NON_CONFIRMATION_V1,FULL_ADAPTIVE_LIFECYCLE_BRAIN__PRE_PROGRESS_NON_CONFIRMATION_V1:MOMENTUM_BREAKOUT:C2,MOMENTUM_BREAKOUT,C2,1.0,ETH-USDT,2022-08-10 13:00:00+00:00,2022-08-10 14:00:00+00:00,2022-08-12 00:00:00+00:00,34,ADAPTIVE_PROTECTION_TOUCH,1822.87,1870.7483333333332,9.540038575242665,17390.250117652595,17847.011264570923,21.737812647065745,22.308764080713654,456.76114691832845,412.714570190549,ROBUSTNESS_2022,2,MOMENTUM_BREAKOUT,1,17.70791666666666,1941.58,RISK_ON,RISK_ON,1870.7483333333332,2022-08-11 00:00:00+00:00,1849.49,,,True
FULL_ADAPTIVE_LIFECYCLE_BRAIN__PRE_PROGRESS_NON_CONFIRMATION_V1,FULL_ADAPTIVE_LIFECYCLE_BRAIN__PRE_PROGRESS_NON_CONFIRMATION_V1:MOMENTUM_BREAKOUT:C2,MOMENTUM_BREAKOUT,C2,1.0,BTC-USDT,2022-08-11 02:00:00+00:00,2022-08-11 03:00:00+00:00,2022-08-14 03:00:00+00:00,72,PRE_PROGRESS_THESIS_NON_CONFIRMATION_72H_NO_MEMORY,24436.2,24588.2,0.7173698357125806,17529.792779439762,17638.832994468074,21.912240974299703,22.048541243085094,109.04021502831165,65.07943281092685,ROBUSTNESS_2022,1,MOMENTUM_BREAKOUT,1,226.375,24904.8,RISK_ON,RISK_ON,23304.325,,,,,True
FULL_ADAPTIVE_LIFECYCLE_BRAIN__PRE_PROGRESS_NON_CONFIRMATION_V1,FULL_ADAPTIVE_LIFECYCLE_BRAIN__PRE_PROGRESS_NON_CONFIRMATION_V1:MOMENTUM_BREAKOUT:C2,MOMENTUM_BREAKOUT,C2,1.0,ADA-USDT,2022-08-13 06:00:00+00:00,2022-08-13 07:00:00+00:00,2022-08-14 14:00:00+00:00,31,ADAPTIVE_PROTECTION_TOUCH,0.553102,0.5813842500000004,32260.92205207393,17843.580508846193,18755.991971553474,22.30447563605774,23.44498996444184,912.4114627072813,866.6619971067818,ROBUSTNESS_2022,7,MOMENTUM_BREAKOUT,1,0.0044082499999999,0.594609,RISK_ON,TRANSITION,0.5769760000000005,2022-08-13 12:00:00+00:00,0.553102,,,True
FULL_ADAPTIVE_LIFECYCLE_BRAIN__PRE_PROGRESS_NON_CONFIRMATION_V1,FULL_ADAPTIVE_LIFECYCLE_BRAIN__PRE_PROGRESS_NON_CONFIRMATION_V1:MOMENTUM_BREAKOUT:C2,MOMENTUM_BREAKOUT,C2,1.0,SOL-USDT,2022-08-11 04:00:00+00:00,2022-08-11 05:00:00+00:00,2022-08-14 14:00:00+00:00,81,ADAPTIVE_PROTECTION_GAP,43.83,46.4,398.5049657982715,17466.472650938238,18490.630413039795,21.833090813672797,23.113288016299744,1024.1577621015567,979.2113832715842,ROBUSTNESS_2022,3,MOMENTUM_BREAKOUT,1,0.5989166666666662,48.362,RISK_ON,TRANSITION,45.96633333333334,2022-08-11 12:00:00+00:00,43.83,2022-08-11 16:00:00+00:00,2022-08-11 17:00:00+00:00,True
FULL_ADAPTIVE_LIFECYCLE_BRAIN__PRE_PROGRESS_NON_CONFIRMATION_V1,FULL_ADAPTIVE_LIFECYCLE_BRAIN__PRE_PROGRESS_NON_CONFIRMATION_V1:MOMENTUM_BREAKOUT:C2,MOMENTUM_BREAKOUT,C2,1.0,XRP-USDT,2022-08-14 10:00:00+00:00,2022-08-14 11:00:00+00:00,2022-08-14 14:00:00+00:00,3,ADAPTIVE_PROTECTION_TOUCH,0.39059,0.38022666666666677,46107.32996072845,18009.062009360925,17531.236379867914,22.511327511701158,21.914045474834893,-477.82562949301064,-522.2510024795467,ROBUSTNESS_2022,4,MOMENTUM_BREAKOUT,1,0.0025908333333333,0.39077,RISK_ON,TRANSITION,0.3776358333333335,,,,,True
FULL_ADAPTIVE_LIFECYCLE_BRAIN__PRE_PROGRESS_NON_CONFIRMATION_V1,FULL_ADAPTIVE_LIFECYCLE_BRAIN__PRE_PROGRESS_NON_CONFIRMATION_V1:MOMENTUM_BREAKOUT:C2,MOMENTUM_BREAKOUT,C2,1.0,ETH-USDT,2022-08-13 00:00:00+00:00,2022-08-13 01:00:00+00:00,2022-08-15 09:00:00+00:00,56,ADAPTIVE_PROTECTION_TOUCH,1958.08,1880.0299999999997,8.972984289256356,17569.821077107084,16869.479653330625,21.962276346383856,21.086849566663282,-700.3414237764591,-743.3905496895063,ROBUSTNESS_2022,2,MOMENTUM_BREAKOUT,1,19.512500000000017,2031.3,RISK_ON,RISK_ON,1880.0299999999997,2022-08-13 08:00:00+00:00,1958.08,2022-08-14 20:00:00+00:00,2022-08-14 21:00:00+00:00,True
FULL_ADAPTIVE_LIFECYCLE_BRAIN__PRE_PROGRESS_NON_CONFIRMATION_V1,FULL_ADAPTIVE_LIFECYCLE_BRAIN__PRE_PROGRESS_NON_CONFIRMATION_V1:MOMENTUM_BREAKOUT:C2,MOMENTUM_BREAKOUT,C2,1.0,ETH-USDT,2022-08-23 19:00:00+00:00,2022-08-23 20:00:00+00:00,2022-08-25 01:00:00+00:00,29,ADAPTIVE_STAGNATION_24H_CLOSE_NOT_ABOVE_ENTRY,1656.6,1656.44,5.306258229889695,8790.34738363527,8789.498382318487,10.987934229544088,10.98687297789811,-0.8490013167829602,-22.823808524225157,ROBUSTNESS_2022,1,MOMENTUM_BREAKOUT,1,22.76333333333333,1694.4,TRANSITION,RISK_OFF,1588.31,2022-08-24 00:00:00+00:00,1656.6,2022-08-24 04:00:00+00:00,2022-08-24 05:00:00+00:00,True
FULL_ADAPTIVE_LIFECYCLE_BRAIN__PRE_PROGRESS_NON_CONFIRMATION_V1,FULL_ADAPTIVE_LIFECYCLE_BRAIN__PRE_PROGRESS_NON_CONFIRMATION_V1:MOMENTUM_BREAKOUT:C2,MOMENTUM_BREAKOUT,C2,1.0,ETH-USDT,2022-08-25 07:00:00+00:00,2022-08-25 08:00:00+00:00,2022-08-26 10:00:00+00:00,26,ADAPTIVE_STAGNATION_24H_CLOSE_NOT_ABOVE_ENTRY,1702.42,1659.36,5.161467886049245,8786.986158567955,8564.733351394674,10.983732698209945,10.705916689243343,-222.25280717328133,-243.9424565607346,ROBUSTNESS_2022,1,MOMENTUM_BREAKOUT,1,17.95291666666671,1722.0,TRANSITION,RISK_OFF,1630.6083333333331,2022-08-25 12:00:00+00:00,1702.42,2022-08-25 16:00:00+00:00,2022-08-25 17:00:00+00:00,True
FULL_ADAPTIVE_LIFECYCLE_BRAIN__PRE_PROGRESS_NON_CONFIRMATION_V1,FULL_ADAPTIVE_LIFECYCLE_BRAIN__PRE_PROGRESS_NON_CONFIRMATION_V1:MOMENTUM_BREAKOUT:C2,MOMENTUM_BREAKOUT,C2,1.0,XRP-USDT,2022-08-24 20:00:00+00:00,2022-08-24 21:00:00+00:00,2022-08-26 10:00:00+00:00,37,PRE_PROGRESS_THESIS_NON_CONFIRMATION_24H_NO_MEMORY,0.34966,0.37011,25166.809631615102,8799.826655790537,9314.487912757066,10.999783319738171,11.643109890946333,514.6612569665285,492.018363755844,ROBUSTNESS_2022,4,MOMENTUM_BREAKOUT,1,0.0027045833333333,0.37112,TRANSITION,RISK_OFF,0.3415462500000001,,,,,True
FULL_ADAPTIVE_LIFECYCLE_BRAIN__PRE_PROGRESS_NON_CONFIRMATION_V1,FULL_ADAPTIVE_LIFECYCLE_BRAIN__PRE_PROGRESS_NON_CONFIRMATION_V1:MOMENTUM_BREAKOUT:C2,MOMENTUM_BREAKOUT,C2,1.0,ADA-USDT,2022-08-25 21:00:00+00:00,2022-08-25 22:00:00+00:00,2022-08-26 16:00:00+00:00,18,ADAPTIVE_PROTECTION_TOUCH,0.473122,0.4613038750000003,18584.319532962218,8792.65042607415,8573.018614793667,10.990813032592687,10.716273268492085,-219.631811280482,-241.33889758156675,ROBUSTNESS_2022,5,MOMENTUM_BREAKOUT,1,0.0039393749999999,0.482179,TRANSITION,RISK_OFF,0.4613038750000003,2022-08-26 08:00:00+00:00,0.473122,2022-08-26 12:00:00+00:00,2022-08-26 13:00:00+00:00,True
FULL_ADAPTIVE_LIFECYCLE_BRAIN__PRE_PROGRESS_NON_CONFIRMATION_V1,FULL_ADAPTIVE_LIFECYCLE_BRAIN__PRE_PROGRESS_NON_CONFIRMATION_V1:MOMENTUM_BREAKOUT:C2,MOMENTUM_BREAKOUT,C2,1.0,ADA-USDT,2022-08-30 11:00:00+00:00,2022-08-30 12:00:00+00:00,2022-08-30 15:00:00+00:00,3,ADAPTIVE_PROTECTION_TOUCH,0.461738,0.4460131666666668,19041.41927148444,8792.146851576681,8492.72370710247,10.990183564470852,10.615904633878088,-299.42314447421086,-321.0292326725598,ROBUSTNESS_2022,6,MOMENTUM_BREAKOUT,1,0.0039312083333333,0.463059,TRANSITION,TRANSITION,0.4460131666666668,,,,,True
FULL_ADAPTIVE_LIFECYCLE_BRAIN__PRE_PROGRESS_NON_CONFIRMATION_V1,FULL_ADAPTIVE_LIFECYCLE_BRAIN__PRE_PROGRESS_NON_CONFIRMATION_V1:MOMENTUM_BREAKOUT:C2,MOMENTUM_BREAKOUT,C2,1.0,BTC-USDT,2022-08-30 05:00:00+00:00,2022-08-30 06:00:00+00:00,2022-08-30 15:00:00+00:00,9,ADAPTIVE_PROTECTION_TOUCH,20468.9,19911.316666666666,0.42972736653143306,8796.04649279525,8556.437675340097,10.995058115994064,10.695547094175122,-239.60881745515326,-261.2994226653224,ROBUSTNESS_2022,2,MOMENTUM_BREAKOUT,1,139.39583333333348,20577.4,TRANSITION,TRANSITION,19911.316666666666,,,,,True
FULL_ADAPTIVE_LIFECYCLE_BRAIN__PRE_PROGRESS_NON_CONFIRMATION_V1,FULL_ADAPTIVE_LIFECYCLE_BRAIN__PRE_PROGRESS_NON_CONFIRMATION_V1:MOMENTUM_BREAKOUT:C2,MOMENTUM_BREAKOUT,C2,1.0,SOL-USDT,2022-08-30 00:00:00+00:00,2022-08-30 01:00:00+00:00,2022-08-30 15:00:00+00:00,14,ADAPTIVE_PROTECTION_TOUCH,32.419,31.121125,271.1033521001052,8788.89957173331,8437.041308626387,10.986124464666636,10.546301635782983,-351.8582631069221,-373.39068920737174,ROBUSTNESS_2022,3,MOMENTUM_BREAKOUT,1,0.4326249999999998,33.153,TRANSITION,TRANSITION,31.121125,2022-08-30 08:00:00+00:00,32.419,,,True
FULL_ADAPTIVE_LIFECYCLE_BRAIN__PRE_PROGRESS_NON_CONFIRMATION_V1,FULL_ADAPTIVE_LIFECYCLE_BRAIN__PRE_PROGRESS_NON_CONFIRMATION_V1:MOMENTUM_BREAKOUT:C2,MOMENTUM_BREAKOUT,C2,1.0,ETH-USDT,2022-08-30 05:00:00+00:00,2022-08-30 06:00:00+00:00,2022-08-30 16:00:00+00:00,10,ADAPTIVE_PROTECTION_GAP,1582.43,1523.79,5.559194504251803,8797.03615936318,8471.044993633854,10.996295199203976,10.588806242042317,-325.9911657293269,-347.5762671705732,ROBUSTNESS_2022,1,MOMENTUM_BREAKOUT,1,18.865416666666658,1605.98,TRANSITION,RISK_OFF,1506.9683333333335,2022-08-30 12:00:00+00:00,1582.43,,,True
FULL_ADAPTIVE_LIFECYCLE_BRAIN__PRE_PROGRESS_NON_CONFIRMATION_V1,FULL_ADAPTIVE_LIFECYCLE_BRAIN__PRE_PROGRESS_NON_CONFIRMATION_V1:MOMENTUM_BREAKOUT:C2,MOMENTUM_BREAKOUT,C2,1.0,ETH-USDT,2022-08-31 04:00:00+00:00,2022-08-31 05:00:00+00:00,2022-09-01 15:00:00+00:00,34,ADAPTIVE_STAGNATION_24H_CLOSE_NOT_ABOVE_ENTRY,1606.65,1567.62,5.397319246057875,8671.602966678885,8460.945596505246,10.839503708348607,10.576181995631558,-210.65737017363972,-232.07305587761988,ROBUSTNESS_2022,1,MOMENTUM_BREAKOUT,1,28.76458333333333,1619.64,TRANSITION,RISK_OFF,1520.35625,,,,,True
FULL_ADAPTIVE_LIFECYCLE_BRAIN__PRE_PROGRESS_NON_CONFIRMATION_V1,FULL_ADAPTIVE_LIFECYCLE_BRAIN__PRE_PROGRESS_NON_CONFIRMATION_V1:MOMENTUM_BREAKOUT:C2,MOMENTUM_BREAKOUT,C2,1.0,ADA-USDT,2022-09-02 16:00:00+00:00,2022-09-02 17:00:00+00:00,2022-09-02 20:00:00+00:00,3,ADAPTIVE_PROTECTION_TOUCH,0.465292,0.4498725,18592.016178335107,8650.716391649898,8364.03679818806,10.813395489562373,10.455045997735077,-286.6795934618367,-307.9480349491341,ROBUSTNESS_2022,6,MOMENTUM_BREAKOUT,1,0.003854875,0.46571,TRANSITION,TRANSITION,0.4498725,,,,,True
FULL_ADAPTIVE_LIFECYCLE_BRAIN__PRE_PROGRESS_NON_CONFIRMATION_V1,FULL_ADAPTIVE_LIFECYCLE_BRAIN__PRE_PROGRESS_NON_CONFIRMATION_V1:MOMENTUM_BREAKOUT:C2,MOMENTUM_BREAKOUT,C2,1.0,BTC-USDT,2022-09-06 01:00:00+00:00,2022-09-06 02:00:00+00:00,2022-09-06 03:00:00+00:00,1,ADAPTIVE_PROTECTION_GAP,20097.4,19774.3,0.4290605286506949,8623.001068504476,8484.371611697436,10.778751335630595,10.605464514621795,-138.6294568070407,-160.01367265729309,ROBUSTNESS_2022,2,MOMENTUM_BREAKOUT,1,103.87916666666706,20176.0,TRANSITION,RISK_OFF,19681.88333333333,,,,,True
FULL_ADAPTIVE_LIFECYCLE_BRAIN__PRE_PROGRESS_NON_CONFIRMATION_V1,FULL_ADAPTIVE_LIFECYCLE_BRAIN__PRE_PROGRESS_NON_CONFIRMATION_V1:MOMENTUM_BREAKOUT:C2,MOMENTUM_BREAKOUT,C2,1.0,SOL-USDT,2022-09-06 01:00:00+00:00,2022-09-06 02:00:00+00:00,2022-09-06 03:00:00+00:00,1,ADAPTIVE_PROTECTION_TOUCH,33.174,32.3645,259.9032670429936,8622.03098088427,8411.639286212967,10.777538726105337,10.514549107766209,-210.3916946713034,-231.68378250517497,ROBUSTNESS_2022,3,MOMENTUM_BREAKOUT,1,0.2698333333333338,33.484,TRANSITION,RISK_OFF,32.09466666666666,,,,,True
FULL_ADAPTIVE_LIFECYCLE_BRAIN__PRE_PROGRESS_NON_CONFIRMATION_V1,FULL_ADAPTIVE_LIFECYCLE_BRAIN__PRE_PROGRESS_NON_CONFIRMATION_V1:MOMENTUM_BREAKOUT:C2,MOMENTUM_BREAKOUT,C2,1.0,XRP-USDT,2022-09-06 01:00:00+00:00,2022-09-06 02:00:00+00:00,2022-09-06 03:00:00+00:00,1,ADAPTIVE_PROTECTION_GAP,0.34141,0.33479,25251.342967103832,8621.06100239892,8453.897111956692,10.776326252998649,10.567371389945865,-167.16389044222706,-188.50758808517156,ROBUSTNESS_2022,4,MOMENTUM_BREAKOUT,1,0.0019370833333333,0.34312,TRANSITION,RISK_OFF,0.3336616666666668,,,,,True
FULL_ADAPTIVE_LIFECYCLE_BRAIN__PRE_PROGRESS_NON_CONFIRMATION_V1,FULL_ADAPTIVE_LIFECYCLE_BRAIN__PRE_PROGRESS_NON_CONFIRMATION_V1:MOMENTUM_BREAKOUT:C2,MOMENTUM_BREAKOUT,C2,1.0,SOL-USDT,2022-09-06 16:00:00+00:00,2022-09-06 17:00:00+00:00,2022-09-06 18:00:00+00:00,1,ADAPTIVE_PROTECTION_TOUCH,33.794,32.447874999999996,253.61847116683992,8570.782614612188,8229.380450112725,10.713478268265234,10.286725562640907,-341.40216449946274,-362.4023683303689,ROBUSTNESS_2022,3,MOMENTUM_BREAKOUT,1,0.4487083333333328,33.845,TRANSITION,RISK_OFF,31.999166666666667,,,,,True
FULL_ADAPTIVE_LIFECYCLE_BRAIN__PRE_PROGRESS_NON_CONFIRMATION_V1,FULL_ADAPTIVE_LIFECYCLE_BRAIN__PRE_PROGRESS_NON_CONFIRMATION_V1:MOMENTUM_BREAKOUT:C2,MOMENTUM_BREAKOUT,C2,1.0,BTC-USDT,2022-09-09 05:00:00+00:00,2022-09-09 06:00:00+00:00,2022-09-10 01:00:00+00:00,19,ADAPTIVE_PROTECTION_TOUCH,20356.8,21160.75,0.419720132485978,8544.158792990556,8881.59279350266,10.680198491238196,11.101990991878324,337.434000512103,315.6518110289865,ROBUSTNESS_2022,2,MOMENTUM_BREAKOUT,1,155.8166666666666,21628.2,TRANSITION,TRANSITION,20967.25,2022-09-09 12:00:00+00:00,20356.8,,,True
FULL_ADAPTIVE_LIFECYCLE_BRAIN__PRE_PROGRESS_NON_CONFIRMATION_V1,FULL_ADAPTIVE_LIFECYCLE_BRAIN__PRE_PROGRESS_NON_CONFIRMATION_V1:MOMENTUM_BREAKOUT:C2,MOMENTUM_BREAKOUT,C2,1.0,SOL-USDT,2022-09-09 04:00:00+00:00,2022-09-09 05:00:00+00:00,2022-09-11 06:00:00+00:00,49,ADAPTIVE_STAGNATION_48H_CLOSE_NOT_ABOVE_ENTRY,34.76,34.691,245.6319448061696,8538.166401462455,8521.21779727083,10.672708001828068,10.651522246588538,-16.948604191624327,-38.27283444004094,ROBUSTNESS_2022,3,MOMENTUM_BREAKOUT,1,0.4786666666666666,35.954,TRANSITION,TRANSITION,32.84533333333333,2022-09-09 12:00:00+00:00,34.76,2022-09-10 00:00:00+00:00,2022-09-10 01:00:00+00:00,True
FULL_ADAPTIVE_LIFECYCLE_BRAIN__PRE_PROGRESS_NON_CONFIRMATION_V1,FULL_ADAPTIVE_LIFECYCLE_BRAIN__PRE_PROGRESS_NON_CONFIRMATION_V1:MOMENTUM_BREAKOUT:C2,MOMENTUM_BREAKOUT,C2,1.0,ETH-USDT,2022-09-09 05:00:00+00:00,2022-09-09 06:00:00+00:00,2022-09-11 22:00:00+00:00,64,ADAPTIVE_PROTECTION_TOUCH,1695.74,1724.7962499999999,5.039168810669056,8545.120119003946,8691.539467758948,10.681400148754934,10.864424334698686,146.41934875500192,124.8735242715483,ROBUSTNESS_2022,1,MOMENTUM_BREAKOUT,1,21.734583333333365,1790.0,TRANSITION,TRANSITION,1724.7962499999999,2022-09-09 12:00:00+00:00,1695.74,,,True
FULL_ADAPTIVE_LIFECYCLE_BRAIN__PRE_PROGRESS_NON_CONFIRMATION_V1,FULL_ADAPTIVE_LIFECYCLE_BRAIN__PRE_PROGRESS_NON_CONFIRMATION_V1:MOMENTUM_BREAKOUT:C2,MOMENTUM_BREAKOUT,C2,1.0,ADA-USDT,2022-09-10 02:00:00+00:00,2022-09-10 03:00:00+00:00,2022-09-12 03:00:00+00:00,48,ADAPTIVE_STAGNATION_48H_CLOSE_NOT_ABOVE_ENTRY,0.517373,0.51291,16604.83631771293,8590.893980204091,8516.786595718138,10.738617475255115,10.645983244647674,-74.10738448595293,-95.49198520585571,ROBUSTNESS_2022,6,MOMENTUM_BREAKOUT,1,0.0058074583333333,0.52417,TRANSITION,TRANSITION,0.4941431666666668,,,,,True
FULL_ADAPTIVE_LIFECYCLE_BRAIN__PRE_PROGRESS_NON_CONFIRMATION_V1,FULL_ADAPTIVE_LIFECYCLE_BRAIN__PRE_PROGRESS_NON_CONFIRMATION_V1:MOMENTUM_BREAKOUT:C2,MOMENTUM_BREAKOUT,C2,1.0,AVAX-USDT,2022-09-12 11:00:00+00:00,2022-09-12 12:00:00+00:00,2022-09-13 13:00:00+00:00,25,ADAPTIVE_PROTECTION_TOUCH,21.493,20.2035,399.8072342029857,8593.05688472477,8077.50545622002,10.741321105905964,10.096881820275026,-515.5514285047502,-536.3896314309312,ROBUSTNESS_2022,8,MOMENTUM_BREAKOUT,1,0.3223750000000002,21.911,TRANSITION,TRANSITION,20.2035,,,,,True
FULL_ADAPTIVE_LIFECYCLE_BRAIN__PRE_PROGRESS_NON_CONFIRMATION_V1,FULL_ADAPTIVE_LIFECYCLE_BRAIN__PRE_PROGRESS_NON_CONFIRMATION_V1:MOMENTUM_BREAKOUT:C2,MOMENTUM_BREAKOUT,C2,1.0,BTC-USDT,2022-09-12 02:00:00+00:00,2022-09-12 03:00:00+00:00,2022-09-13 13:00:00+00:00,34,ADAPTIVE_PROTECTION_TOUCH,22041.2,22221.387499999997,0.3893547408189726,8581.845713339138,8652.002570700457,10.727307141673924,10.815003213375572,70.15685736131854,48.61454700626905,ROBUSTNESS_2022,1,MOMENTUM_BREAKOUT,1,162.57083333333335,22709.1,TRANSITION,TRANSITION,21390.916666666668,2022-09-12 08:00:00+00:00,22041.2,,,True
FULL_ADAPTIVE_LIFECYCLE_BRAIN__PRE_PROGRESS_NON_CONFIRMATION_V1,FULL_ADAPTIVE_LIFECYCLE_BRAIN__PRE_PROGRESS_NON_CONFIRMATION_V1:MOMENTUM_BREAKOUT:C2,MOMENTUM_BREAKOUT,C2,1.0,XRP-USDT,2022-09-09 05:00:00+00:00,2022-09-09 06:00:00+00:00,2022-09-13 14:00:00+00:00,104,ADAPTIVE_STAGNATION_48H_CLOSE_NOT_ABOVE_ENTRY,0.34851,0.34318,24513.49337214526,8543.197575126345,8412.54065545281,10.678996968907931,10.515675819316014,-130.6569196735345,-151.85159246175846,ROBUSTNESS_2022,4,MOMENTUM_BREAKOUT,1,0.0037316666666666,0.362,TRANSITION,TRANSITION,0.33358333333333356,2022-09-09 12:00:00+00:00,0.34851,2022-09-09 16:00:00+00:00,2022-09-09 17:00:00+00:00,True
FULL_ADAPTIVE_LIFECYCLE_BRAIN__PRE_PROGRESS_NON_CONFIRMATION_V1,FULL_ADAPTIVE_LIFECYCLE_BRAIN__PRE_PROGRESS_NON_CONFIRMATION_V1:MOMENTUM_BREAKOUT:C2,MOMENTUM_BREAKOUT,C2,1.0,SOL-USDT,2022-09-12 10:00:00+00:00,2022-09-12 11:00:00+00:00,2022-09-13 15:00:00+00:00,28,ADAPTIVE_PROTECTION_TOUCH,37.433,35.24366666666666,229.2764735051666,8582.5062327189,8080.543606724922,10.728132790898625,10.100679508406152,-501.9626259939787,-522.7914382932835,ROBUSTNESS_2022,5,MOMENTUM_BREAKOUT,1,0.547333333333334,38.999,TRANSITION,TRANSITION,35.24366666666666,2022-09-13 04:00:00+00:00,38.38,,,True
FULL_ADAPTIVE_LIFECYCLE_BRAIN__PRE_PROGRESS_NON_CONFIRMATION_V1,FULL_ADAPTIVE_LIFECYCLE_BRAIN__PRE_PROGRESS_NON_CONFIRMATION_V1:MOMENTUM_BREAKOUT:C2,MOMENTUM_BREAKOUT,C2,1.0,BTC-USDT,2022-09-21 18:00:00+00:00,2022-09-21 19:00:00+00:00,2022-09-21 19:00:00+00:00,0,ADAPTIVE_PROTECTION_TOUCH,19857.8,19164.88333333333,0.4260873418759983,8461.157217505199,8165.91419686362,10.576446521881499,10.207392746079526,-295.24302064157837,-316.0268599095394,ROBUSTNESS_2022,1,MOMENTUM_BREAKOUT,1,173.22916666666697,19857.8,TRANSITION,TRANSITION,,,,,,True
FULL_ADAPTIVE_LIFECYCLE_BRAIN__PRE_PROGRESS_NON_CONFIRMATION_V1,FULL_ADAPTIVE_LIFECYCLE_BRAIN__PRE_PROGRESS_NON_CONFIRMATION_V1:MOMENTUM_BREAKOUT:C2,MOMENTUM_BREAKOUT,C2,1.0,ETH-USDT,2022-09-21 18:00:00+00:00,2022-09-21 19:00:00+00:00,2022-09-21 19:00:00+00:00,0,ADAPTIVE_PROTECTION_TOUCH,1400.34,1336.8733333333332,6.021905251662696,8432.71480011334,8050.524546807814,10.540893500141674,10.063155683509768,-382.1902533055254,-402.79430248917686,ROBUSTNESS_2022,2,MOMENTUM_BREAKOUT,1,15.866666666666674,1400.34,TRANSITION,TRANSITION,,,,,,True
FULL_ADAPTIVE_LIFECYCLE_BRAIN__PRE_PROGRESS_NON_CONFIRMATION_V1,FULL_ADAPTIVE_LIFECYCLE_BRAIN__PRE_PROGRESS_NON_CONFIRMATION_V1:MOMENTUM_BREAKOUT:C2,MOMENTUM_BREAKOUT,C2,1.0,ADA-USDT,2022-09-23 04:00:00+00:00,2022-09-23 05:00:00+00:00,2022-09-23 09:00:00+00:00,4,ADAPTIVE_PROTECTION_TOUCH,0.477719,0.45906800000000003,17574.177938843997,8395.518710766615,8067.742718029237,10.494398388458269,10.084678397536546,-327.77599273737815,-348.35506952337295,ROBUSTNESS_2022,6,MOMENTUM_BREAKOUT,1,0.006217,0.478509,TRANSITION,RISK_OFF,0.45906800000000003,,,,,True
FULL_ADAPTIVE_LIFECYCLE_BRAIN__PRE_PROGRESS_NON_CONFIRMATION_V1,FULL_ADAPTIVE_LIFECYCLE_BRAIN__PRE_PROGRESS_NON_CONFIRMATION_V1:MOMENTUM_BREAKOUT:C2,MOMENTUM_BREAKOUT,C2,1.0,XRP-USDT,2022-09-23 04:00:00+00:00,2022-09-23 05:00:00+00:00,2022-09-23 09:00:00+00:00,4,ADAPTIVE_PROTECTION_TOUCH,0.53883,0.49835125000000025,15582.768800715094,8396.463312889315,7765.6923102973715,10.495579141111644,9.707115387871715,-630.7710025919432,-650.9736971209265,ROBUSTNESS_2022,4,MOMENTUM_BREAKOUT,1,0.0134929166666666,0.55894,TRANSITION,RISK_OFF,0.49835125000000025,,,,,True
FULL_ADAPTIVE_LIFECYCLE_BRAIN__PRE_PROGRESS_NON_CONFIRMATION_V1,FULL_ADAPTIVE_LIFECYCLE_BRAIN__PRE_PROGRESS_NON_CONFIRMATION_V1:MOMENTUM_BREAKOUT:C2,MOMENTUM_BREAKOUT,C2,1.0,SOL-USDT,2022-09-23 22:00:00+00:00,2022-09-23 23:00:00+00:00,2022-09-25 18:00:00+00:00,43,ADAPTIVE_STAGNATION_24H_CLOSE_NOT_ABOVE_ENTRY,33.511,32.896,247.87454041632085,8306.523723891329,8154.080881535291,10.38315465486416,10.192601101919115,-152.44284235603754,-173.01859811282083,ROBUSTNESS_2022,5,MOMENTUM_BREAKOUT,1,0.4759166666666667,34.88,TRANSITION,RISK_OFF,32.08325,2022-09-24 04:00:00+00:00,33.511,2022-09-25 00:00:00+00:00,2022-09-25 01:00:00+00:00,True
FULL_ADAPTIVE_LIFECYCLE_BRAIN__PRE_PROGRESS_NON_CONFIRMATION_V1,FULL_ADAPTIVE_LIFECYCLE_BRAIN__PRE_PROGRESS_NON_CONFIRMATION_V1:MOMENTUM_BREAKOUT:C2,MOMENTUM_BREAKOUT,C2,1.0,BTC-USDT,2022-09-27 01:00:00+00:00,2022-09-27 02:00:00+00:00,2022-09-27 17:00:00+00:00,15,ADAPTIVE_PROTECTION_TOUCH,19346.1,19857.975,0.428559350466563,8290.952050061174,8510.320867581246,10.363690062576469,10.637901084476557,219.3688175200714,198.36722637301835,ROBUSTNESS_2022,1,MOMENTUM_BREAKOUT,1,174.0083333333338,20380.0,TRANSITION,TRANSITION,19857.975,2022-09-27 08:00:00+00:00,19346.1,,,True
FULL_ADAPTIVE_LIFECYCLE_BRAIN__PRE_PROGRESS_NON_CONFIRMATION_V1,FULL_ADAPTIVE_LIFECYCLE_BRAIN__PRE_PROGRESS_NON_CONFIRMATION_V1:MOMENTUM_BREAKOUT:C2,MOMENTUM_BREAKOUT,C2,1.0,ETH-USDT,2022-09-27 02:00:00+00:00,2022-09-27 03:00:00+00:00,2022-09-27 19:00:00+00:00,16,ADAPTIVE_PROTECTION_GAP,1366.69,1314.19,6.07761735390116,8306.218861403177,7987.143950323366,10.382773576753971,9.983929937904207,-319.0749110798106,-339.4416145944688,ROBUSTNESS_2022,2,MOMENTUM_BREAKOUT,1,16.19625000000003,1400.27,TRANSITION,RISK_OFF,1301.905,2022-09-27 08:00:00+00:00,1366.69,2022-09-27 16:00:00+00:00,2022-09-27 17:00:00+00:00,True
FULL_ADAPTIVE_LIFECYCLE_BRAIN__PRE_PROGRESS_NON_CONFIRMATION_V1,FULL_ADAPTIVE_LIFECYCLE_BRAIN__PRE_PROGRESS_NON_CONFIRMATION_V1:MOMENTUM_BREAKOUT:C2,MOMENTUM_BREAKOUT,C2,1.0,XRP-USDT,2022-09-29 22:00:00+00:00,2022-09-29 23:00:00+00:00,2022-09-30 03:00:00+00:00,4,ADAPTIVE_PROTECTION_TOUCH,0.49861,0.4754212500000001,16602.666122061815,8278.255355121242,7893.260281083282,10.347819193901554,9.866575351354102,-384.99507403795997,-405.20946858321565,ROBUSTNESS_2022,4,MOMENTUM_BREAKOUT,1,0.0077295833333333,0.5015,TRANSITION,RISK_OFF,0.4676916666666668,,,,,True
FULL_ADAPTIVE_LIFECYCLE_BRAIN__PRE_PROGRESS_NON_CONFIRMATION_V1,FULL_ADAPTIVE_LIFECYCLE_BRAIN__PRE_PROGRESS_NON_CONFIRMATION_V1:MOMENTUM_BREAKOUT:C2,MOMENTUM_BREAKOUT,C2,1.0,BTC-USDT,2022-10-04 07:00:00+00:00,2022-10-04 08:00:00+00:00,2022-10-05 05:00:00+00:00,21,ADAPTIVE_PROTECTION_TOUCH,19841.5,20095.350000000002,0.4153812213264498,8241.786502948753,8347.231025982474,10.302233128685941,10.434038782478092,105.44452303372054,84.7082511225565,ROBUSTNESS_2022,1,MOMENTUM_BREAKOUT,1,122.01666666666628,20461.4,TRANSITION,TRANSITION,20095.350000000002,2022-10-04 12:00:00+00:00,19841.5,,,True
FULL_ADAPTIVE_LIFECYCLE_BRAIN__PRE_PROGRESS_NON_CONFIRMATION_V1,FULL_ADAPTIVE_LIFECYCLE_BRAIN__PRE_PROGRESS_NON_CONFIRMATION_V1:MOMENTUM_BREAKOUT:C2,MOMENTUM_BREAKOUT,C2,1.0,ETH-USDT,2022-10-04 07:00:00+00:00,2022-10-04 08:00:00+00:00,2022-10-06 15:00:00+00:00,55,ADAPTIVE_PROTECTION_TOUCH,1338.04,1354.40375,6.158903546954629,8240.859301967172,8341.64205988365,10.301074127458964,10.427052574854564,100.78275791647866,80.05463121416514,ROBUSTNESS_2022,2,MOMENTUM_BREAKOUT,1,9.76208333333336,1383.69,TRANSITION,TRANSITION,1354.40375,2022-10-04 12:00:00+00:00,1338.04,2022-10-05 12:00:00+00:00,2022-10-05 13:00:00+00:00,True
FULL_ADAPTIVE_LIFECYCLE_BRAIN__PRE_PROGRESS_NON_CONFIRMATION_V1,FULL_ADAPTIVE_LIFECYCLE_BRAIN__PRE_PROGRESS_NON_CONFIRMATION_V1:MOMENTUM_BREAKOUT:C2,MOMENTUM_BREAKOUT,C2,1.0,SOL-USDT,2022-10-04 07:00:00+00:00,2022-10-04 08:00:00+00:00,2022-10-06 23:00:00+00:00,63,ADAPTIVE_STAGNATION_48H_CLOSE_NOT_ABOVE_ENTRY,33.616,33.435,245.1193540366403,8239.9322052957,8195.565602215069,10.299915256619625,10.244457002768836,-44.36660308063074,-64.9109753400192,ROBUSTNESS_2022,5,MOMENTUM_BREAKOUT,1,0.2682500000000007,34.5,TRANSITION,TRANSITION,32.543,2022-10-04 12:00:00+00:00,33.616,2022-10-05 12:00:00+00:00,2022-10-05 13:00:00+00:00,True
FULL_ADAPTIVE_LIFECYCLE_BRAIN__PRE_PROGRESS_NON_CONFIRMATION_V1,FULL_ADAPTIVE_LIFECYCLE_BRAIN__PRE_PROGRESS_NON_CONFIRMATION_V1:MOMENTUM_BREAKOUT:C2,MOMENTUM_BREAKOUT,C2,1.0,XRP-USDT,2022-10-05 06:00:00+00:00,2022-10-05 07:00:00+00:00,2022-10-07 07:00:00+00:00,48,ADAPTIVE_STAGNATION_48H_CLOSE_NOT_ABOVE_ENTRY,0.48948,0.48906,16888.471486042832,8266.569022988246,8259.475864964108,10.333211278735307,10.324344831205135,-7.093158024137665,-27.750714134078105,ROBUSTNESS_2022,4,MOMENTUM_BREAKOUT,1,0.0062329166666666,0.50601,TRANSITION,TRANSITION,0.4645483333333336,2022-10-05 20:00:00+00:00,0.49237,2022-10-06 00:00:00+00:00,2022-10-06 01:00:00+00:00,True
FULL_ADAPTIVE_LIFECYCLE_BRAIN__PRE_PROGRESS_NON_CONFIRMATION_V1,FULL_ADAPTIVE_LIFECYCLE_BRAIN__PRE_PROGRESS_NON_CONFIRMATION_V1:MOMENTUM_BREAKOUT:C2,MOMENTUM_BREAKOUT,C2,1.0,BTC-USDT,2022-10-13 19:00:00+00:00,2022-10-13 20:00:00+00:00,2022-10-15 10:00:00+00:00,38,ADAPTIVE_STAGNATION_24H_CLOSE_NOT_ABOVE_ENTRY,19421.1,19068.7,0.42470692238371616,8248.27561030639,8098.608890858369,10.310344512882986,10.123261113572962,-149.66671944802056,-170.1003250744765,ROBUSTNESS_2022,1,MOMENTUM_BREAKOUT,1,167.6958333333332,19952.2,TRANSITION,RISK_OFF,18750.316666666666,2022-10-14 04:00:00+00:00,19492.3,2022-10-14 16:00:00+00:00,2022-10-14 17:00:00+00:00,True
FULL_ADAPTIVE_LIFECYCLE_BRAIN__PRE_PROGRESS_NON_CONFIRMATION_V1,FULL_ADAPTIVE_LIFECYCLE_BRAIN__PRE_PROGRESS_NON_CONFIRMATION_V1:MOMENTUM_BREAKOUT:C2,MOMENTUM_BREAKOUT,C2,1.0,ETH-USDT,2022-10-14 02:00:00+00:00,2022-10-14 03:00:00+00:00,2022-10-15 10:00:00+00:00,31,ADAPTIVE_STAGNATION_24H_CLOSE_NOT_ABOVE_ENTRY,1328.83,1280.37,6.2191670598470425,8264.215764136545,7962.834928416357,10.33026970517068,9.953543660520447,-301.38083572018786,-321.664649085879,ROBUSTNESS_2022,2,MOMENTUM_BREAKOUT,1,17.62833333333332,1343.24,TRANSITION,RISK_OFF,1258.3166666666666,,,,,True
FULL_ADAPTIVE_LIFECYCLE_BRAIN__PRE_PROGRESS_NON_CONFIRMATION_V1,FULL_ADAPTIVE_LIFECYCLE_BRAIN__PRE_PROGRESS_NON_CONFIRMATION_V1:MOMENTUM_BREAKOUT:C2,MOMENTUM_BREAKOUT,C2,1.0,XRP-USDT,2022-10-14 03:00:00+00:00,2022-10-14 04:00:00+00:00,2022-10-15 10:00:00+00:00,30,ADAPTIVE_STAGNATION_24H_CLOSE_NOT_ABOVE_ENTRY,0.50373,0.47939,16405.837322942032,8264.11243468559,7864.79435424518,10.330140543356988,9.830992942806475,-399.3180804404101,-419.47921392657355,ROBUSTNESS_2022,3,MOMENTUM_BREAKOUT,1,0.0089670833333333,0.513,TRANSITION,RISK_OFF,0.46786166666666684,,,,,True
FULL_ADAPTIVE_LIFECYCLE_BRAIN__PRE_PROGRESS_NON_CONFIRMATION_V1,FULL_ADAPTIVE_LIFECYCLE_BRAIN__PRE_PROGRESS_NON_CONFIRMATION_V1:MOMENTUM_BREAKOUT:C2,MOMENTUM_BREAKOUT,C2,1.0,SOL-USDT,2022-10-18 00:00:00+00:00,2022-10-18 01:00:00+00:00,2022-10-18 16:00:00+00:00,15,ADAPTIVE_PROTECTION_TOUCH,31.209,30.164166666666667,261.6637390938052,8166.263633378566,7892.868636648722,10.207829541723207,9.866085795810902,-273.394996729844,-293.4689120673781,ROBUSTNESS_2022,5,MOMENTUM_BREAKOUT,1,0.2612083333333334,31.48,TRANSITION,TRANSITION,30.164166666666667,,,,,True
FULL_ADAPTIVE_LIFECYCLE_BRAIN__PRE_PROGRESS_NON_CONFIRMATION_V1,FULL_ADAPTIVE_LIFECYCLE_BRAIN__PRE_PROGRESS_NON_CONFIRMATION_V1:MOMENTUM_BREAKOUT:C2,MOMENTUM_BREAKOUT,C2,1.0,XRP-USDT,2022-10-22 14:00:00+00:00,2022-10-22 15:00:00+00:00,2022-10-23 11:00:00+00:00,20,ADAPTIVE_PROTECTION_TOUCH,0.46833,0.4557950000000001,17380.589394855124,8139.851431292501,7921.985743227993,10.174814289115627,9.902482179034992,-217.8656880645076,-237.94298453265822,ROBUSTNESS_2022,3,MOMENTUM_BREAKOUT,1,0.0041783333333333,0.46912,TRANSITION,RISK_OFF,0.4557950000000001,,,,,True
FULL_ADAPTIVE_LIFECYCLE_BRAIN__PRE_PROGRESS_NON_CONFIRMATION_V1,FULL_ADAPTIVE_LIFECYCLE_BRAIN__PRE_PROGRESS_NON_CONFIRMATION_V1:MOMENTUM_BREAKOUT:C2,MOMENTUM_BREAKOUT,C2,1.0,BTC-USDT,2022-10-23 18:00:00+00:00,2022-10-23 19:00:00+00:00,2022-10-24 00:00:00+00:00,5,ADAPTIVE_PROTECTION_TOUCH,19473.4,19580.675,0.4168987728226484,8118.436562684562,8163.1593785391115,10.148045703355702,10.20394922317389,44.72281585454948,24.370820928019885,ROBUSTNESS_2022,1,MOMENTUM_BREAKOUT,1,38.10833333333343,19695.0,TRANSITION,TRANSITION,19320.966666666667,,,,,True
FULL_ADAPTIVE_LIFECYCLE_BRAIN__PRE_PROGRESS_NON_CONFIRMATION_V1,FULL_ADAPTIVE_LIFECYCLE_BRAIN__PRE_PROGRESS_NON_CONFIRMATION_V1:MOMENTUM_BREAKOUT:C2,MOMENTUM_BREAKOUT,C2,1.0,ETH-USDT,2022-10-23 18:00:00+00:00,2022-10-23 19:00:00+00:00,2022-10-24 02:00:00+00:00,7,ADAPTIVE_PROTECTION_TOUCH,1328.75,1356.0425,6.109142606638766,8117.523238571261,8284.257013162949,10.146904048214076,10.355321266453686,166.73377459168842,146.23154927702063,ROBUSTNESS_2022,2,MOMENTUM_BREAKOUT,1,4.985833333333346,1371.0,TRANSITION,TRANSITION,1356.0425,2022-10-24 00:00:00+00:00,1328.75,,,True
FULL_ADAPTIVE_LIFECYCLE_BRAIN__PRE_PROGRESS_NON_CONFIRMATION_V1,FULL_ADAPTIVE_LIFECYCLE_BRAIN__PRE_PROGRESS_NON_CONFIRMATION_V1:MOMENTUM_BREAKOUT:C2,MOMENTUM_BREAKOUT,C2,1.0,SOL-USDT,2022-10-23 23:00:00+00:00,2022-10-24 00:00:00+00:00,2022-10-24 15:00:00+00:00,15,ADAPTIVE_PROTECTION_TOUCH,29.199,28.223833333333335,278.77138700566314,8139.845729178358,7867.997164950003,10.174807161472948,9.834996456187504,-271.8485642283549,-291.85836784601537,ROBUSTNESS_2022,5,MOMENTUM_BREAKOUT,1,0.2437916666666663,29.5,TRANSITION,TRANSITION,28.223833333333335,,,,,True
FULL_ADAPTIVE_LIFECYCLE_BRAIN__PRE_PROGRESS_NON_CONFIRMATION_V1,FULL_ADAPTIVE_LIFECYCLE_BRAIN__PRE_PROGRESS_NON_CONFIRMATION_V1:MOMENTUM_BREAKOUT:C2,MOMENTUM_BREAKOUT,C2,1.0,ETH-USDT,2022-10-25 14:00:00+00:00,2022-10-25 15:00:00+00:00,2022-10-25 19:00:00+00:00,4,ADAPTIVE_PROTECTION_GAP,1381.54,1482.02,5.877135421951006,8119.497670842193,8710.03223803983,10.149372088552742,10.887540297549789,590.5345671976374,569.497654811535,ROBUSTNESS_2022,2,MOMENTUM_BREAKOUT,1,8.76916666666663,1519.8,TRANSITION,TRANSITION,1404.0525,,,,,True
FULL_ADAPTIVE_LIFECYCLE_BRAIN__PRE_PROGRESS_NON_CONFIRMATION_V1,FULL_ADAPTIVE_LIFECYCLE_BRAIN__PRE_PROGRESS_NON_CONFIRMATION_V1:MOMENTUM_BREAKOUT:C2,MOMENTUM_BREAKOUT,C2,1.0,SOL-USDT,2022-10-25 16:00:00+00:00,2022-10-25 17:00:00+00:00,2022-10-25 19:00:00+00:00,2,ADAPTIVE_PROTECTION_TOUCH,29.692,31.63675,274.3062575334721,8144.701398683854,8678.158493022072,10.180876748354818,10.847698116277591,533.4570943382187,512.4285194735863,ROBUSTNESS_2022,5,MOMENTUM_BREAKOUT,1,0.2137500000000001,32.278,TRANSITION,TRANSITION,30.73975,,,,,True
FULL_ADAPTIVE_LIFECYCLE_BRAIN__PRE_PROGRESS_NON_CONFIRMATION_V1,FULL_ADAPTIVE_LIFECYCLE_BRAIN__PRE_PROGRESS_NON_CONFIRMATION_V1:MOMENTUM_BREAKOUT:C2,MOMENTUM_BREAKOUT,C2,1.0,ADA-USDT,2022-10-23 23:00:00+00:00,2022-10-24 00:00:00+00:00,2022-10-25 20:00:00+00:00,44,ADAPTIVE_PROTECTION_GAP,0.360689,0.408155,22564.952068218958,8138.929996533827,9209.998011403908,10.173662495667283,11.512497514254886,1071.0680148700812,1049.3818548601591,ROBUSTNESS_2022,6,MOMENTUM_BREAKOUT,1,0.0023997083333333,0.417126,TRANSITION,TRANSITION,0.40741087500000006,2022-10-25 16:00:00+00:00,0.365291,,,True
FULL_ADAPTIVE_LIFECYCLE_BRAIN__PRE_PROGRESS_NON_CONFIRMATION_V1,FULL_ADAPTIVE_LIFECYCLE_BRAIN__PRE_PROGRESS_NON_CONFIRMATION_V1:MOMENTUM_BREAKOUT:C2,MOMENTUM_BREAKOUT,C2,1.0,BTC-USDT,2022-10-25 16:00:00+00:00,2022-10-25 17:00:00+00:00,2022-10-25 21:00:00+00:00,4,ADAPTIVE_PROTECTION_TOUCH,19748.5,20201.087499999998,0.4124676699842611,8145.617780684181,8332.29549227318,10.182022225855226,10.415369365341476,186.67771158899995,166.08031999780326,ROBUSTNESS_2022,1,MOMENTUM_BREAKOUT,1,70.97083333333391,20414.0,TRANSITION,TRANSITION,20196.887499999997,,,,,True
FULL_ADAPTIVE_LIFECYCLE_BRAIN__PRE_PROGRESS_NON_CONFIRMATION_V1,FULL_ADAPTIVE_LIFECYCLE_BRAIN__PRE_PROGRESS_NON_CONFIRMATION_V1:MOMENTUM_BREAKOUT:C2,MOMENTUM_BREAKOUT,C2,1.0,LUNC-USDT,2022-10-26 08:00:00+00:00,2022-10-26 09:00:00+00:00,2022-10-27 21:00:00+00:00,36,ADAPTIVE_PROTECTION_TOUCH,0.0002481,0.00023682500000000002,33511843.91100261,8314.288474319748,7936.442434223194,10.392860592899686,9.920553042778993,-377.84604009655413,-398.1594537322328,ROBUSTNESS_2022,4,MOMENTUM_BREAKOUT,1,2.818749999999998e-06,0.00025284,TRANSITION,RISK_ON,0.00023682500000000002,,,,,True
FULL_ADAPTIVE_LIFECYCLE_BRAIN__PRE_PROGRESS_NON_CONFIRMATION_V1,FULL_ADAPTIVE_LIFECYCLE_BRAIN__PRE_PROGRESS_NON_CONFIRMATION_V1:MOMENTUM_BREAKOUT:C2,MOMENTUM_BREAKOUT,C2,1.0,XRP-USDT,2022-10-27 01:00:00+00:00,2022-10-27 02:00:00+00:00,2022-10-27 21:00:00+00:00,19,ADAPTIVE_PROTECTION_TOUCH,0.47693,0.4591566666666668,17443.351121930315,8319.257450582225,8009.230956641786,10.399071813227781,10.011538695802233,-310.02649394043874,-330.4371044494688,ROBUSTNESS_2022,3,MOMENTUM_BREAKOUT,1,0.0044433333333333,0.47881,TRANSITION,RISK_ON,0.4591566666666668,,,,,True
FULL_ADAPTIVE_LIFECYCLE_BRAIN__PRE_PROGRESS_NON_CONFIRMATION_V1,FULL_ADAPTIVE_LIFECYCLE_BRAIN__PRE_PROGRESS_NON_CONFIRMATION_V1:MOMENTUM_BREAKOUT:C2,MOMENTUM_BREAKOUT,C2,1.0,BTC-USDT,2022-10-26 09:00:00+00:00,2022-10-26 10:00:00+00:00,2022-10-28 09:00:00+00:00,47,ADAPTIVE_PROTECTION_TOUCH,20672.0,20033.283333333333,0.401904290026556,8308.165483428966,8051.4625149841695,10.385206854286208,10.064328143730211,-256.70296844479617,-277.1525034428126,ROBUSTNESS_2022,1,MOMENTUM_BREAKOUT,1,159.67916666666648,21016.2,TRANSITION,RISK_ON,20033.283333333333,2022-10-26 16:00:00+00:00,20672.0,2022-10-27 12:00:00+00:00,2022-10-27 13:00:00+00:00,True
FULL_ADAPTIVE_LIFECYCLE_BRAIN__PRE_PROGRESS_NON_CONFIRMATION_V1,FULL_ADAPTIVE_LIFECYCLE_BRAIN__PRE_PROGRESS_NON_CONFIRMATION_V1:MOMENTUM_BREAKOUT:C2,MOMENTUM_BREAKOUT,C2,1.0,ADA-USDT,2022-10-29 17:00:00+00:00,2022-10-29 18:00:00+00:00,2022-10-30 09:00:00+00:00,15,ADAPTIVE_PROTECTION_TOUCH,0.430292,0.4127446666666668,38480.549512137295,16557.872610676583,15882.641581537277,20.69734076334573,19.853301976921596,-675.231029139306,-715.7816718795733,ROBUSTNESS_2022,7,MOMENTUM_BREAKOUT,1,0.0043868333333333,0.4325,RISK_ON,RISK_ON,0.4127446666666668,,,,,True
FULL_ADAPTIVE_LIFECYCLE_BRAIN__PRE_PROGRESS_NON_CONFIRMATION_V1,FULL_ADAPTIVE_LIFECYCLE_BRAIN__PRE_PROGRESS_NON_CONFIRMATION_V1:MOMENTUM_BREAKOUT:C2,MOMENTUM_BREAKOUT,C2,1.0,ETH-USDT,2022-10-26 09:00:00+00:00,2022-10-26 10:00:00+00:00,2022-10-30 11:00:00+00:00,97,ADAPTIVE_PROTECTION_TOUCH,1536.84,1591.4762500000002,5.405397318401447,8307.23081481208,8602.561454049592,10.3840385185151,10.75320181756199,295.3306392375125,274.1933989014354,ROBUSTNESS_2022,2,MOMENTUM_BREAKOUT,1,24.077916666666663,1663.71,TRANSITION,RISK_ON,1591.4762500000002,2022-10-26 16:00:00+00:00,1536.84,2022-10-28 00:00:00+00:00,2022-10-28 01:00:00+00:00,True
FULL_ADAPTIVE_LIFECYCLE_BRAIN__PRE_PROGRESS_NON_CONFIRMATION_V1,FULL_ADAPTIVE_LIFECYCLE_BRAIN__PRE_PROGRESS_NON_CONFIRMATION_V1:MOMENTUM_BREAKOUT:C2,MOMENTUM_BREAKOUT,C2,1.0,SOL-USDT,2022-10-29 04:00:00+00:00,2022-10-29 05:00:00+00:00,2022-10-31 14:00:00+00:00,57,ADAPTIVE_PROTECTION_TOUCH,32.897,32.902,501.4703696949485,16496.87075185472,16499.378103703195,20.6210884398184,20.624222629628996,2.507351848475082,-38.737959220972314,ROBUSTNESS_2022,5,MOMENTUM_BREAKOUT,1,0.3729999999999993,34.394,RISK_ON,RISK_ON,32.902,2022-10-29 12:00:00+00:00,32.897,2022-10-30 00:00:00+00:00,2022-10-30 01:00:00+00:00,True
FULL_ADAPTIVE_LIFECYCLE_BRAIN__PRE_PROGRESS_NON_CONFIRMATION_V1,FULL_ADAPTIVE_LIFECYCLE_BRAIN__PRE_PROGRESS_NON_CONFIRMATION_V1:MOMENTUM_BREAKOUT:C2,MOMENTUM_BREAKOUT,C2,1.0,LUNC-USDT,2022-10-30 09:00:00+00:00,2022-10-30 10:00:00+00:00,2022-10-31 15:00:00+00:00,29,ADAPTIVE_PROTECTION_GAP,0.00025584,0.00024115,64048216.74199704,16386.095771272525,15445.227467332586,20.482619714090657,19.306534334165733,-940.8683039399384,-980.6574579881948,ROBUSTNESS_2022,4,MOMENTUM_BREAKOUT,1,3.4574999999999974e-06,0.0002574,RISK_ON,TRANSITION,0.00023855250000000004,,,,,True
FULL_ADAPTIVE_LIFECYCLE_BRAIN__PRE_PROGRESS_NON_CONFIRMATION_V1,FULL_ADAPTIVE_LIFECYCLE_BRAIN__PRE_PROGRESS_NON_CONFIRMATION_V1:MOMENTUM_BREAKOUT:C2,MOMENTUM_BREAKOUT,C2,1.0,XRP-USDT,2022-11-04 09:00:00+00:00,2022-11-04 10:00:00+00:00,2022-11-04 11:00:00+00:00,1,ADAPTIVE_PROTECTION_TOUCH,0.48071,0.4940462500000001,16834.02160690787,8092.282526656683,8316.78524731181,10.115353158320854,10.395981559139761,224.5027206551258,203.9913859376652,ROBUSTNESS_2022,3,MOMENTUM_BREAKOUT,1,0.0032145833333333,0.50369,TRANSITION,TRANSITION,0.46785166666666683,,,,,True
FULL_ADAPTIVE_LIFECYCLE_BRAIN__PRE_PROGRESS_NON_CONFIRMATION_V1,FULL_ADAPTIVE_LIFECYCLE_BRAIN__PRE_PROGRESS_NON_CONFIRMATION_V1:MOMENTUM_BREAKOUT:C2,MOMENTUM_BREAKOUT,C2,1.0,LUNC-USDT,2022-11-04 21:00:00+00:00,2022-11-04 22:00:00+00:00,2022-11-05 01:00:00+00:00,3,ADAPTIVE_PROTECTION_TOUCH,0.00024597,0.0002548066666666667,65702914.216780744,16160.945809901557,16741.540561863847,20.201182262376946,20.926925702329807,580.5947519622896,539.4666439975829,ROBUSTNESS_2022,4,MOMENTUM_BREAKOUT,1,3.578333333333335e-06,0.00026912,RISK_ON,RISK_ON,0.00022807833333333331,,,,,True
FULL_ADAPTIVE_LIFECYCLE_BRAIN__PRE_PROGRESS_NON_CONFIRMATION_V1,FULL_ADAPTIVE_LIFECYCLE_BRAIN__PRE_PROGRESS_NON_CONFIRMATION_V1:MOMENTUM_BREAKOUT:C2,MOMENTUM_BREAKOUT,C2,1.0,SOL-USDT,2022-11-04 15:00:00+00:00,2022-11-04 16:00:00+00:00,2022-11-05 18:00:00+00:00,26,ADAPTIVE_PROTECTION_TOUCH,33.723,37.14266666666666,480.7990020581909,16213.984746408372,17858.157067113363,20.267480933010464,22.322696333891706,1644.1723207049909,1601.5821434380887,ROBUSTNESS_2022,5,MOMENTUM_BREAKOUT,1,0.4098333333333334,38.782,RISK_ON,RISK_ON,36.46066666666667,2022-11-05 00:00:00+00:00,33.723,,,True
FULL_ADAPTIVE_LIFECYCLE_BRAIN__PRE_PROGRESS_NON_CONFIRMATION_V1,FULL_ADAPTIVE_LIFECYCLE_BRAIN__PRE_PROGRESS_NON_CONFIRMATION_V1:MOMENTUM_BREAKOUT:C2,MOMENTUM_BREAKOUT,C2,1.0,ETH-USDT,2022-11-04 15:00:00+00:00,2022-11-04 16:00:00+00:00,2022-11-06 23:00:00+00:00,55,ADAPTIVE_PROTECTION_TOUCH,1660.37,1600.4599999999998,9.769679952529946,16221.283502782147,15635.981976826077,20.276604378477685,19.544977471032595,-585.3015259560707,-625.123107805581,ROBUSTNESS_2022,1,MOMENTUM_BREAKOUT,1,14.977500000000012,1666.9,RISK_ON,RISK_ON,1600.4599999999998,,,,,True
FULL_ADAPTIVE_LIFECYCLE_BRAIN__PRE_PROGRESS_NON_CONFIRMATION_V1,FULL_ADAPTIVE_LIFECYCLE_BRAIN__PRE_PROGRESS_NON_CONFIRMATION_V1:MOMENTUM_BREAKOUT:C2,MOMENTUM_BREAKOUT,C2,1.0,LUNC-USDT,2022-11-05 00:00:00+00:00,2022-11-05 01:00:00+00:00,2022-11-06 23:00:00+00:00,46,ADAPTIVE_PROTECTION_TOUCH,0.0002584,0.00023820666666666667,63024851.7859256,16285.621701483175,15012.93986108605,20.357027126853968,18.766174826357563,-1272.6818403971247,-1311.8050423503364,ROBUSTNESS_2022,4,MOMENTUM_BREAKOUT,1,5.048333333333333e-06,0.00027854,RISK_ON,RISK_ON,0.00023820666666666667,2022-11-05 08:00:00+00:00,0.0002584,2022-11-05 12:00:00+00:00,2022-11-05 13:00:00+00:00,True
FULL_ADAPTIVE_LIFECYCLE_BRAIN__PRE_PROGRESS_NON_CONFIRMATION_V1,FULL_ADAPTIVE_LIFECYCLE_BRAIN__PRE_PROGRESS_NON_CONFIRMATION_V1:MOMENTUM_BREAKOUT:C2,MOMENTUM_BREAKOUT,C2,1.0,ADA-USDT,2022-11-04 15:00:00+00:00,2022-11-04 16:00:00+00:00,2022-11-07 08:00:00+00:00,64,ADAPTIVE_PROTECTION_TOUCH,0.419,0.39945000000000036,38688.15417623014,16210.33659984043,15453.983185695144,20.26292074980054,19.31747898211893,-756.3534141452856,-795.933813877205,ROBUSTNESS_2022,7,MOMENTUM_BREAKOUT,1,0.0048874999999999,0.437699,RISK_ON,RISK_ON,0.39945000000000036,2022-11-04 20:00:00+00:00,0.419,2022-11-07 00:00:00+00:00,2022-11-07 01:00:00+00:00,True
FULL_ADAPTIVE_LIFECYCLE_BRAIN__PRE_PROGRESS_NON_CONFIRMATION_V1,FULL_ADAPTIVE_LIFECYCLE_BRAIN__PRE_PROGRESS_NON_CONFIRMATION_V1:MOMENTUM_BREAKOUT:C2,MOMENTUM_BREAKOUT,C2,1.0,BTC-USDT,2022-11-04 15:00:00+00:00,2022-11-04 16:00:00+00:00,2022-11-07 08:00:00+00:00,64,ADAPTIVE_PROTECTION_TOUCH,21218.3,20757.083333333332,0.7643229530166894,16217.63371399402,15865.115229346839,20.272042142492527,19.831394036683548,-352.51848464718205,-392.6219208263581,ROBUSTNESS_2022,2,MOMENTUM_BREAKOUT,1,115.30416666666665,21480.0,RISK_ON,RISK_ON,20757.083333333332,2022-11-05 04:00:00+00:00,21218.3,2022-11-06 08:00:00+00:00,2022-11-06 09:00:00+00:00,True
FULL_ADAPTIVE_LIFECYCLE_BRAIN__PRE_PROGRESS_NON_CONFIRMATION_V1,FULL_ADAPTIVE_LIFECYCLE_BRAIN__PRE_PROGRESS_NON_CONFIRMATION_V1:MOMENTUM_BREAKOUT:C2,MOMENTUM_BREAKOUT,C2,1.0,XRP-USDT,2022-11-20 01:00:00+00:00,2022-11-20 02:00:00+00:00,2022-11-20 11:00:00+00:00,9,ADAPTIVE_PROTECTION_TOUCH,0.38953,0.3820975000000003,20594.158582453038,8022.042592622931,7868.976508958856,10.027553240778664,9.83622063619857,-153.06608366407454,-172.92985754105177,ROBUSTNESS_2022,4,MOMENTUM_BREAKOUT,1,0.0024774999999999,0.39675,TRANSITION,TRANSITION,0.3820975000000003,,,,,True
FULL_ADAPTIVE_LIFECYCLE_BRAIN__PRE_PROGRESS_NON_CONFIRMATION_V1,FULL_ADAPTIVE_LIFECYCLE_BRAIN__PRE_PROGRESS_NON_CONFIRMATION_V1:MOMENTUM_BREAKOUT:C2,MOMENTUM_BREAKOUT,C2,1.0,XRP-USDT,2022-11-24 02:00:00+00:00,2022-11-24 03:00:00+00:00,2022-11-25 02:00:00+00:00,23,ADAPTIVE_PROTECTION_TOUCH,0.38336,0.3925100000000002,20880.314975538684,8004.67754902251,8195.732431048693,10.005846936278138,10.244665538810866,191.0548820261829,170.80436955109388,ROBUSTNESS_2022,4,MOMENTUM_BREAKOUT,1,0.0041866666666666,0.40507,TRANSITION,TRANSITION,0.3925100000000002,2022-11-24 16:00:00+00:00,0.3845,,,True
FULL_ADAPTIVE_LIFECYCLE_BRAIN__PRE_PROGRESS_NON_CONFIRMATION_V1,FULL_ADAPTIVE_LIFECYCLE_BRAIN__PRE_PROGRESS_NON_CONFIRMATION_V1:MOMENTUM_BREAKOUT:C2,MOMENTUM_BREAKOUT,C2,1.0,DOGE-USDT,2022-11-25 11:00:00+00:00,2022-11-25 12:00:00+00:00,2022-11-25 13:00:00+00:00,1,ADAPTIVE_PROTECTION_GAP,0.08702,0.08786,91422.44857289997,7955.581474813755,8032.376331614991,9.944476843517194,10.040470414518738,76.79485680123526,56.809909543199325,ROBUSTNESS_2022,3,MOMENTUM_BREAKOUT,1,0.0008779166666666,0.0918,TRANSITION,TRANSITION,0.0835083333333336,,,,,True
FULL_ADAPTIVE_LIFECYCLE_BRAIN__PRE_PROGRESS_NON_CONFIRMATION_V1,FULL_ADAPTIVE_LIFECYCLE_BRAIN__PRE_PROGRESS_NON_CONFIRMATION_V1:MOMENTUM_BREAKOUT:C2,MOMENTUM_BREAKOUT,C2,1.0,BTC-USDT,2022-11-24 02:00:00+00:00,2022-11-24 03:00:00+00:00,2022-11-26 03:00:00+00:00,48,ADAPTIVE_STAGNATION_48H_CLOSE_NOT_ABOVE_ENTRY,16746.1,16633.5,0.47811006177224774,8006.478905444237,7952.6437124886825,10.008098631805296,9.940804640610853,-53.8351929555547,-73.78409622797085,ROBUSTNESS_2022,1,MOMENTUM_BREAKOUT,1,135.4166666666671,16803.0,TRANSITION,TRANSITION,16204.43333333333,,,,,True
FULL_ADAPTIVE_LIFECYCLE_BRAIN__PRE_PROGRESS_NON_CONFIRMATION_V1,FULL_ADAPTIVE_LIFECYCLE_BRAIN__PRE_PROGRESS_NON_CONFIRMATION_V1:MOMENTUM_BREAKOUT:C2,MOMENTUM_BREAKOUT,C2,1.0,SOL-USDT,2022-11-24 03:00:00+00:00,2022-11-24 04:00:00+00:00,2022-11-26 04:00:00+00:00,48,ADAPTIVE_STAGNATION_48H_CLOSE_NOT_ABOVE_ENTRY,14.651,14.379,545.786630581257,7996.319924645996,7847.865961127894,9.995399905807496,9.809832451409868,-148.45396351810268,-168.25919587532005,ROBUSTNESS_2022,5,MOMENTUM_BREAKOUT,1,0.3782083333333333,14.792,TRANSITION,TRANSITION,13.138166666666667,,,,,True
FULL_ADAPTIVE_LIFECYCLE_BRAIN__PRE_PROGRESS_NON_CONFIRMATION_V1,FULL_ADAPTIVE_LIFECYCLE_BRAIN__PRE_PROGRESS_NON_CONFIRMATION_V1:MOMENTUM_BREAKOUT:C2,MOMENTUM_BREAKOUT,C2,1.0,XRP-USDT,2022-11-25 07:00:00+00:00,2022-11-25 08:00:00+00:00,2022-11-26 12:00:00+00:00,28,ADAPTIVE_STAGNATION_24H_CLOSE_NOT_ABOVE_ENTRY,0.41565,0.40791,19169.692647615797,7967.882748981507,7819.50932788896,9.959853436226883,9.7743866598612,-148.37342109254678,-168.10766118863486,ROBUSTNESS_2022,4,MOMENTUM_BREAKOUT,1,0.0054070833333333,0.42,TRANSITION,RISK_OFF,0.3940216666666668,,,,,True
FULL_ADAPTIVE_LIFECYCLE_BRAIN__PRE_PROGRESS_NON_CONFIRMATION_V1,FULL_ADAPTIVE_LIFECYCLE_BRAIN__PRE_PROGRESS_NON_CONFIRMATION_V1:MOMENTUM_BREAKOUT:C2,MOMENTUM_BREAKOUT,C2,1.0,DOGE-USDT,2022-11-26 01:00:00+00:00,2022-11-26 02:00:00+00:00,2022-11-26 23:00:00+00:00,21,ADAPTIVE_PROTECTION_TOUCH,0.0935,0.0884875000000001,85360.47060409674,7981.204001483045,7553.334642580018,9.976505001853807,9.441668303225024,-427.8693589030272,-447.28753220810603,ROBUSTNESS_2022,3,MOMENTUM_BREAKOUT,1,0.0016708333333333,0.09575,TRANSITION,TRANSITION,0.0884875000000001,,,,,True
FULL_ADAPTIVE_LIFECYCLE_BRAIN__PRE_PROGRESS_NON_CONFIRMATION_V1,FULL_ADAPTIVE_LIFECYCLE_BRAIN__PRE_PROGRESS_NON_CONFIRMATION_V1:MOMENTUM_BREAKOUT:C2,MOMENTUM_BREAKOUT,C2,1.0,ETH-USDT,2022-11-24 02:00:00+00:00,2022-11-24 03:00:00+00:00,2022-11-27 00:00:00+00:00,69,ADAPTIVE_STAGNATION_24H_CLOSE_NOT_ABOVE_ENTRY,1202.52,1201.16,6.6573347441767075,8005.578176567375,7996.524201315295,10.006972720709218,9.995655251644118,-9.053975252079908,-29.056603224433246,ROBUSTNESS_2022,2,MOMENTUM_BREAKOUT,1,13.099999999999984,1234.96,TRANSITION,RISK_OFF,1163.22,2022-11-24 08:00:00+00:00,1202.52,2022-11-24 12:00:00+00:00,2022-11-24 13:00:00+00:00,True
FULL_ADAPTIVE_LIFECYCLE_BRAIN__PRE_PROGRESS_NON_CONFIRMATION_V1,FULL_ADAPTIVE_LIFECYCLE_BRAIN__PRE_PROGRESS_NON_CONFIRMATION_V1:MOMENTUM_BREAKOUT:C2,MOMENTUM_BREAKOUT,C2,1.0,DOGE-USDT,2022-11-30 01:00:00+00:00,2022-11-30 02:00:00+00:00,2022-11-30 19:00:00+00:00,17,ADAPTIVE_PROTECTION_TOUCH,0.10801,0.0999783333333336,73561.6296430116,7945.391617741683,7354.569128992248,9.931739522177104,9.193211411240311,-590.8224887494353,-609.9474396828526,ROBUSTNESS_2022,3,MOMENTUM_BREAKOUT,1,0.0020079166666666,0.1094,TRANSITION,TRANSITION,0.0999783333333336,,,,,True
FULL_ADAPTIVE_LIFECYCLE_BRAIN__PRE_PROGRESS_NON_CONFIRMATION_V1,FULL_ADAPTIVE_LIFECYCLE_BRAIN__PRE_PROGRESS_NON_CONFIRMATION_V1:MOMENTUM_BREAKOUT:C2,MOMENTUM_BREAKOUT,C2,1.0,BTC-USDT,2022-11-30 01:00:00+00:00,2022-11-30 02:00:00+00:00,2022-12-01 14:00:00+00:00,36,ADAPTIVE_PROTECTION_TOUCH,16849.4,17003.6375,0.4716595031619832,7947.17963257752,8019.927215196466,9.9339745407219,10.024909018995583,72.74758261894567,52.78869905922819,ROBUSTNESS_2022,1,MOMENTUM_BREAKOUT,1,79.95416666666681,17243.5,TRANSITION,TRANSITION,17003.6375,2022-11-30 08:00:00+00:00,16849.4,,,True
FULL_ADAPTIVE_LIFECYCLE_BRAIN__PRE_PROGRESS_NON_CONFIRMATION_V1,FULL_ADAPTIVE_LIFECYCLE_BRAIN__PRE_PROGRESS_NON_CONFIRMATION_V1:MOMENTUM_BREAKOUT:C2,MOMENTUM_BREAKOUT,C2,1.0,LUNC-USDT,2022-11-30 23:00:00+00:00,2022-12-01 00:00:00+00:00,2022-12-01 19:00:00+00:00,19,ADAPTIVE_PROTECTION_GAP,0.00016515,0.00016794,47937324.08300353,7916.849072308033,8050.5942064996125,9.896061340385042,10.063242758124515,133.74513419157938,113.78583009306982,ROBUSTNESS_2022,6,MOMENTUM_BREAKOUT,1,1.6870833333333362e-06,0.00017623,TRANSITION,TRANSITION,0.00015840166666666666,,,,,True
FULL_ADAPTIVE_LIFECYCLE_BRAIN__PRE_PROGRESS_NON_CONFIRMATION_V1,FULL_ADAPTIVE_LIFECYCLE_BRAIN__PRE_PROGRESS_NON_CONFIRMATION_V1:MOMENTUM_BREAKOUT:C2,MOMENTUM_BREAKOUT,C2,1.0,ETH-USDT,2022-11-30 01:00:00+00:00,2022-11-30 02:00:00+00:00,2022-12-02 03:00:00+00:00,49,ADAPTIVE_STAGNATION_48H_CLOSE_NOT_ABOVE_ENTRY,1274.69,1272.38,6.233896535525387,7946.285574868856,7931.885273871793,9.932856968586071,9.914856592339742,-14.400300997062914,-34.248014557988725,ROBUSTNESS_2022,2,MOMENTUM_BREAKOUT,1,10.53000000000001,1309.99,TRANSITION,TRANSITION,1232.57,2022-11-30 20:00:00+00:00,1276.7,2022-12-01 16:00:00+00:00,2022-12-01 17:00:00+00:00,True
FULL_ADAPTIVE_LIFECYCLE_BRAIN__PRE_PROGRESS_NON_CONFIRMATION_V1,FULL_ADAPTIVE_LIFECYCLE_BRAIN__PRE_PROGRESS_NON_CONFIRMATION_V1:MOMENTUM_BREAKOUT:C2,MOMENTUM_BREAKOUT,C2,1.0,LUNC-USDT,2022-12-02 03:00:00+00:00,2022-12-02 04:00:00+00:00,2022-12-02 10:00:00+00:00,6,ADAPTIVE_PROTECTION_TOUCH,0.00018789,0.00017758166666666665,42068198.14423095,7904.193749319553,7470.540740116105,9.880242186649442,9.338175925145132,-433.65300920344816,-452.8714273152428,ROBUSTNESS_2022,6,MOMENTUM_BREAKOUT,1,2.577083333333334e-06,0.000192,TRANSITION,TRANSITION,0.00017758166666666665,,,,,True
FULL_ADAPTIVE_LIFECYCLE_BRAIN__PRE_PROGRESS_NON_CONFIRMATION_V1,FULL_ADAPTIVE_LIFECYCLE_BRAIN__PRE_PROGRESS_NON_CONFIRMATION_V1:MOMENTUM_BREAKOUT:C2,MOMENTUM_BREAKOUT,C2,1.0,DOGE-USDT,2022-12-05 09:00:00+00:00,2022-12-05 10:00:00+00:00,2022-12-05 14:00:00+00:00,4,ADAPTIVE_PROTECTION_TOUCH,0.10877,0.1046483333333336,72381.9665525292,7872.9865019186,7574.652163111279,9.841233127398251,9.4683152038891,-298.3343388073208,-317.6438871386082,ROBUSTNESS_2022,4,MOMENTUM_BREAKOUT,1,0.0010304166666666,0.10877,TRANSITION,TRANSITION,0.1046483333333336,,,,,True
FULL_ADAPTIVE_LIFECYCLE_BRAIN__PRE_PROGRESS_NON_CONFIRMATION_V1,FULL_ADAPTIVE_LIFECYCLE_BRAIN__PRE_PROGRESS_NON_CONFIRMATION_V1:MOMENTUM_BREAKOUT:C2,MOMENTUM_BREAKOUT,C2,1.0,LTC-USDT,2022-12-05 05:00:00+00:00,2022-12-05 06:00:00+00:00,2022-12-05 17:00:00+00:00,11,ADAPTIVE_PROTECTION_TOUCH,83.024,80.99533333333333,94.79126976928005,7869.950381324707,7677.6504920527605,9.837437976655885,9.59706311506595,-192.299889271947,-211.7343903636688,ROBUSTNESS_2022,6,MOMENTUM_BREAKOUT,1,0.5071666666666671,84.989,TRANSITION,TRANSITION,80.99533333333333,2022-12-05 12:00:00+00:00,83.024,2022-12-05 16:00:00+00:00,2022-12-05 17:00:00+00:00,True
FULL_ADAPTIVE_LIFECYCLE_BRAIN__PRE_PROGRESS_NON_CONFIRMATION_V1,FULL_ADAPTIVE_LIFECYCLE_BRAIN__PRE_PROGRESS_NON_CONFIRMATION_V1:MOMENTUM_BREAKOUT:C2,MOMENTUM_BREAKOUT,C2,1.0,BTC-USDT,2022-12-05 01:00:00+00:00,2022-12-05 02:00:00+00:00,2022-12-05 20:00:00+00:00,18,ADAPTIVE_PROTECTION_TOUCH,17213.0,16968.183333333334,0.4568311927532203,7863.435320861181,7751.595431021981,9.829294151076477,9.689494288777476,-111.83988983919971,-131.35867827905366,ROBUSTNESS_2022,1,MOMENTUM_BREAKOUT,1,61.20416666666612,17421.8,TRANSITION,TRANSITION,16968.183333333334,2022-12-05 08:00:00+00:00,17213.0,2022-12-05 16:00:00+00:00,2022-12-05 17:00:00+00:00,True
FULL_ADAPTIVE_LIFECYCLE_BRAIN__PRE_PROGRESS_NON_CONFIRMATION_V1,FULL_ADAPTIVE_LIFECYCLE_BRAIN__PRE_PROGRESS_NON_CONFIRMATION_V1:MOMENTUM_BREAKOUT:C2,MOMENTUM_BREAKOUT,C2,1.0,SOL-USDT,2022-12-05 01:00:00+00:00,2022-12-05 02:00:00+00:00,2022-12-05 21:00:00+00:00,19,ADAPTIVE_PROTECTION_TOUCH,13.927,13.67775,564.5545116958128,7862.550684387585,7721.835472347404,9.828188355484482,9.652294340434254,-140.71521204018063,-160.19569473609937,ROBUSTNESS_2022,5,MOMENTUM_BREAKOUT,1,0.0830833333333332,14.212,TRANSITION,RISK_OFF,13.594666666666667,2022-12-05 08:00:00+00:00,13.927,2022-12-05 16:00:00+00:00,2022-12-05 17:00:00+00:00,True
FULL_ADAPTIVE_LIFECYCLE_BRAIN__PRE_PROGRESS_NON_CONFIRMATION_V1,FULL_ADAPTIVE_LIFECYCLE_BRAIN__PRE_PROGRESS_NON_CONFIRMATION_V1:MOMENTUM_BREAKOUT:C2,MOMENTUM_BREAKOUT,C2,1.0,ETH-USDT,2022-12-08 19:00:00+00:00,2022-12-08 20:00:00+00:00,2022-12-09 22:00:00+00:00,26,ADAPTIVE_PROTECTION_TOUCH,1287.41,1258.5916666666667,6.049879259741732,7788.675057784104,7614.327620650446,9.73584382223013,9.517909525813058,-174.34743713365788,-193.60119048170105,ROBUSTNESS_2022,2,MOMENTUM_BREAKOUT,1,7.204583333333336,1296.64,TRANSITION,TRANSITION,1258.5916666666667,,,,,True
FULL_ADAPTIVE_LIFECYCLE_BRAIN__PRE_PROGRESS_NON_CONFIRMATION_V1,FULL_ADAPTIVE_LIFECYCLE_BRAIN__PRE_PROGRESS_NON_CONFIRMATION_V1:MOMENTUM_BREAKOUT:C2,MOMENTUM_BREAKOUT,C2,1.0,BTC-USDT,2022-12-08 19:00:00+00:00,2022-12-08 20:00:00+00:00,2022-12-10 20:00:00+00:00,48,ADAPTIVE_STAGNATION_48H_CLOSE_NOT_ABOVE_ENTRY,17246.0,17184.3,0.4516729318285176,7789.551382314614,7761.683162420794,9.736939227893268,9.702103953025993,-27.868219893819514,-47.30726307473877,ROBUSTNESS_2022,1,MOMENTUM_BREAKOUT,1,50.24166666666618,17338.7,TRANSITION,TRANSITION,17045.033333333336,,,,,True
FULL_ADAPTIVE_LIFECYCLE_BRAIN__PRE_PROGRESS_NON_CONFIRMATION_V1,FULL_ADAPTIVE_LIFECYCLE_BRAIN__PRE_PROGRESS_NON_CONFIRMATION_V1:MOMENTUM_BREAKOUT:C2,MOMENTUM_BREAKOUT,C2,1.0,XRP-USDT,2022-12-08 23:00:00+00:00,2022-12-09 00:00:00+00:00,2022-12-11 00:00:00+00:00,48,ADAPTIVE_STAGNATION_48H_CLOSE_NOT_ABOVE_ENTRY,0.39417,0.38626,19748.41341297292,7784.232114991537,7628.02216489492,9.730290143739422,9.535027706118651,-156.20995009661692,-175.475267946475,ROBUSTNESS_2022,3,MOMENTUM_BREAKOUT,1,0.0029195833333333,0.39539,TRANSITION,TRANSITION,0.38249166666666684,,,,,True
FULL_ADAPTIVE_LIFECYCLE_BRAIN__PRE_PROGRESS_NON_CONFIRMATION_V1,FULL_ADAPTIVE_LIFECYCLE_BRAIN__PRE_PROGRESS_NON_CONFIRMATION_V1:MOMENTUM_BREAKOUT:C2,MOMENTUM_BREAKOUT,C2,1.0,BTC-USDT,2022-12-13 10:00:00+00:00,2022-12-13 11:00:00+00:00,2022-12-13 16:00:00+00:00,5,ADAPTIVE_PROTECTION_TOUCH,17422.0,17820.712499999998,0.4449590659728706,7752.076847379351,7929.487588971059,9.690096059224189,9.911859486213825,177.41074159170785,157.80878604626986,ROBUSTNESS_2022,1,MOMENTUM_BREAKOUT,1,49.42916666666709,17969.0,TRANSITION,TRANSITION,17820.712499999998,,,,,True
FULL_ADAPTIVE_LIFECYCLE_BRAIN__PRE_PROGRESS_NON_CONFIRMATION_V1,FULL_ADAPTIVE_LIFECYCLE_BRAIN__PRE_PROGRESS_NON_CONFIRMATION_V1:MOMENTUM_BREAKOUT:C2,MOMENTUM_BREAKOUT,C2,1.0,ETH-USDT,2022-12-13 13:00:00+00:00,2022-12-13 14:00:00+00:00,2022-12-13 16:00:00+00:00,2,ADAPTIVE_PROTECTION_TOUCH,1289.82,1323.3700000000001,6.009561639851411,7751.252794313146,7952.873587330162,9.689065992891432,9.941091984162703,201.62079301701579,181.99063503996163,ROBUSTNESS_2022,2,MOMENTUM_BREAKOUT,1,7.696666666666658,1346.46,TRANSITION,TRANSITION,1323.3700000000001,,,,,True
FULL_ADAPTIVE_LIFECYCLE_BRAIN__PRE_PROGRESS_NON_CONFIRMATION_V1,FULL_ADAPTIVE_LIFECYCLE_BRAIN__PRE_PROGRESS_NON_CONFIRMATION_V1:MOMENTUM_BREAKOUT:C2,MOMENTUM_BREAKOUT,C2,1.0,SOL-USDT,2022-12-13 14:00:00+00:00,2022-12-13 15:00:00+00:00,2022-12-13 18:00:00+00:00,3,ADAPTIVE_PROTECTION_TOUCH,14.078,13.613666666666665,553.6649316212648,7794.494907364166,7537.409824114691,9.743118634205207,9.421762280143364,-257.08508324947434,-276.2499641638229,ROBUSTNESS_2022,5,MOMENTUM_BREAKOUT,1,0.1160833333333334,14.118,TRANSITION,TRANSITION,13.613666666666665,,,,,True
FULL_ADAPTIVE_LIFECYCLE_BRAIN__PRE_PROGRESS_NON_CONFIRMATION_V1,FULL_ADAPTIVE_LIFECYCLE_BRAIN__PRE_PROGRESS_NON_CONFIRMATION_V1:MOMENTUM_BREAKOUT:C2,MOMENTUM_BREAKOUT,C2,1.0,LTC-USDT,2022-12-13 14:00:00+00:00,2022-12-13 15:00:00+00:00,2022-12-14 19:00:00+00:00,28,ADAPTIVE_PROTECTION_TOUCH,79.055,76.43100000000001,98.584757784923,7793.618026687088,7534.931622259451,9.74202253335886,9.418664527824314,-258.68640442763717,-277.84709148882035,ROBUSTNESS_2022,6,MOMENTUM_BREAKOUT,1,0.6560000000000006,79.787,TRANSITION,TRANSITION,76.43100000000001,,,,,True
FULL_ADAPTIVE_LIFECYCLE_BRAIN__PRE_PROGRESS_NON_CONFIRMATION_V1,FULL_ADAPTIVE_LIFECYCLE_BRAIN__PRE_PROGRESS_NON_CONFIRMATION_V1:MOMENTUM_BREAKOUT:C2,MOMENTUM_BREAKOUT,C2,1.0,BTC-USDT,2022-12-14 15:00:00+00:00,2022-12-14 16:00:00+00:00,2022-12-14 20:00:00+00:00,4,ADAPTIVE_PROTECTION_TOUCH,18061.6,18070.783333333336,0.4291710555905065,7751.515937653492,7755.457158513999,9.689394922066866,9.6943214481425,3.941220860507201,-15.442495509702164,ROBUSTNESS_2022,1,MOMENTUM_BREAKOUT,1,76.6541666666664,18377.4,TRANSITION,RISK_ON,17754.983333333334,,,,,True
FULL_ADAPTIVE_LIFECYCLE_BRAIN__PRE_PROGRESS_NON_CONFIRMATION_V1,FULL_ADAPTIVE_LIFECYCLE_BRAIN__PRE_PROGRESS_NON_CONFIRMATION_V1:MOMENTUM_BREAKOUT:C2,MOMENTUM_BREAKOUT,C2,1.0,SOL-USDT,2022-12-14 13:00:00+00:00,2022-12-14 14:00:00+00:00,2022-12-14 20:00:00+00:00,6,ADAPTIVE_PROTECTION_TOUCH,14.19,14.323666666666668,545.7267271987826,7743.862258950725,7816.807731486296,9.679827823688406,9.77100966435787,72.94547253557084,53.49463504752457,ROBUSTNESS_2022,5,MOMENTUM_BREAKOUT,1,0.1550833333333331,14.944,TRANSITION,RISK_ON,13.569666666666667,,,,,True
FULL_ADAPTIVE_LIFECYCLE_BRAIN__PRE_PROGRESS_NON_CONFIRMATION_V1,FULL_ADAPTIVE_LIFECYCLE_BRAIN__PRE_PROGRESS_NON_CONFIRMATION_V1:MOMENTUM_BREAKOUT:C2,MOMENTUM_BREAKOUT,C2,1.0,XRP-USDT,2022-12-13 14:00:00+00:00,2022-12-13 15:00:00+00:00,2022-12-14 20:00:00+00:00,29,ADAPTIVE_PROTECTION_TOUCH,0.39546,0.38425499999999996,19712.162764126388,7795.37188670142,7574.497102929384,9.744214858376775,9.46812137866173,-220.8747837720366,-240.0871200090751,ROBUSTNESS_2022,3,MOMENTUM_BREAKOUT,1,0.00280125,0.39602,TRANSITION,RISK_ON,0.38425499999999996,,,,,True
FULL_ADAPTIVE_LIFECYCLE_BRAIN__PRE_PROGRESS_NON_CONFIRMATION_V1,FULL_ADAPTIVE_LIFECYCLE_BRAIN__PRE_PROGRESS_NON_CONFIRMATION_V1:MOMENTUM_BREAKOUT:C2,MOMENTUM_BREAKOUT,C2,1.0,BTC-USDT,2022-12-14 19:00:00+00:00,2022-12-14 20:00:00+00:00,2022-12-14 20:00:00+00:00,0,ADAPTIVE_PROTECTION_TOUCH,18207.3,17840.925,0.8474191024507711,15429.213824051925,15118.740650391523,19.286517280064906,18.898425812989405,-310.4731736604026,-348.6581167534569,ROBUSTNESS_2022,1,MOMENTUM_BREAKOUT,1,73.27499999999979,18207.3,RISK_ON,RISK_ON,,,,,,True
FULL_ADAPTIVE_LIFECYCLE_BRAIN__PRE_PROGRESS_NON_CONFIRMATION_V1,FULL_ADAPTIVE_LIFECYCLE_BRAIN__PRE_PROGRESS_NON_CONFIRMATION_V1:MOMENTUM_BREAKOUT:C2,MOMENTUM_BREAKOUT,C2,1.0,BTC-USDT,2022-12-20 15:00:00+00:00,2022-12-20 16:00:00+00:00,2022-12-22 00:00:00+00:00,32,ADAPTIVE_STAGNATION_24H_CLOSE_NOT_ABOVE_ENTRY,16903.4,16761.5,0.4547946110056503,7687.575227672909,7623.039872371207,9.609469034591136,9.528799840464009,-64.53535530170211,-83.67362417675726,ROBUSTNESS_2022,1,MOMENTUM_BREAKOUT,1,105.0291666666667,17040.0,TRANSITION,RISK_OFF,16588.3125,,,,,True
FULL_ADAPTIVE_LIFECYCLE_BRAIN__PRE_PROGRESS_NON_CONFIRMATION_V1,FULL_ADAPTIVE_LIFECYCLE_BRAIN__PRE_PROGRESS_NON_CONFIRMATION_V1:MOMENTUM_BREAKOUT:C2,MOMENTUM_BREAKOUT,C2,1.0,ETH-USDT,2022-12-20 05:00:00+00:00,2022-12-20 06:00:00+00:00,2022-12-22 16:00:00+00:00,58,ADAPTIVE_STAGNATION_24H_CLOSE_NOT_ABOVE_ENTRY,1208.67,1192.74,6.356762128222055,7683.227681518151,7581.964460815574,9.60403460189769,9.477455576019468,-101.2632207025772,-120.34471088049436,ROBUSTNESS_2022,2,MOMENTUM_BREAKOUT,1,9.115416666666649,1230.0,TRANSITION,RISK_OFF,1181.32375,2022-12-20 12:00:00+00:00,1208.67,2022-12-21 20:00:00+00:00,2022-12-21 21:00:00+00:00,True
FULL_ADAPTIVE_LIFECYCLE_BRAIN__PRE_PROGRESS_NON_CONFIRMATION_V1,FULL_ADAPTIVE_LIFECYCLE_BRAIN__PRE_PROGRESS_NON_CONFIRMATION_V1:RELATIVE_STRENGTH_ROTATION:C2,RELATIVE_STRENGTH_ROTATION,C2,1.0,AVAX-USDT,2022-02-08 04:00:00+00:00,2022-02-08 05:00:00+00:00,2022-02-08 06:00:00+00:00,1,ADAPTIVE_PROTECTION_TOUCH,83.856,88.941625,107.3612213467702,9002.88257725476,9548.88148856643,11.25360322156845,11.936101860708039,545.9989113116699,522.8092062293933,ROBUSTNESS_2022,5,RELATIVE_STRENGTH_ROTATION,1,1.3827916666666678,93.09,TRANSITION,TRANSITION,78.32483333333332,,,,,True
FULL_ADAPTIVE_LIFECYCLE_BRAIN__PRE_PROGRESS_NON_CONFIRMATION_V1,FULL_ADAPTIVE_LIFECYCLE_BRAIN__PRE_PROGRESS_NON_CONFIRMATION_V1:RELATIVE_STRENGTH_ROTATION:C2,RELATIVE_STRENGTH_ROTATION,C2,1.0,DOT-USDT,2022-02-07 17:00:00+00:00,2022-02-07 18:00:00+00:00,2022-02-08 16:00:00+00:00,22,ADAPTIVE_PROTECTION_TOUCH,22.5423,21.140033333333335,399.2494111071186,9000.0,8440.14585911819,11.25,10.550182323897738,-559.8541408818091,-581.6543232057069,ROBUSTNESS_2022,7,RELATIVE_STRENGTH_ROTATION,1,0.3505666666666663,23.1846,TRANSITION,RISK_ON,21.140033333333335,2022-02-08 04:00:00+00:00,22.5919,2022-02-08 08:00:00+00:00,2022-02-08 09:00:00+00:00,True
FULL_ADAPTIVE_LIFECYCLE_BRAIN__PRE_PROGRESS_NON_CONFIRMATION_V1,FULL_ADAPTIVE_LIFECYCLE_BRAIN__PRE_PROGRESS_NON_CONFIRMATION_V1:RELATIVE_STRENGTH_ROTATION:C2,RELATIVE_STRENGTH_ROTATION,C2,1.0,AVAX-USDT,2022-02-11 12:00:00+00:00,2022-02-11 13:00:00+00:00,2022-02-11 23:00:00+00:00,10,ADAPTIVE_PROTECTION_TOUCH,89.963,81.17816666666667,99.98225870048944,8994.70393947213,8116.376460498115,11.243379924340163,10.145470575622644,-878.3274789740153,-899.7163294739781,ROBUSTNESS_2022,5,RELATIVE_STRENGTH_ROTATION,1,2.196208333333333,91.486,TRANSITION,TRANSITION,81.17816666666667,,,,,True
FULL_ADAPTIVE_LIFECYCLE_BRAIN__PRE_PROGRESS_NON_CONFIRMATION_V1,FULL_ADAPTIVE_LIFECYCLE_BRAIN__PRE_PROGRESS_NON_CONFIRMATION_V1:RELATIVE_STRENGTH_ROTATION:C2,RELATIVE_STRENGTH_ROTATION,C2,1.0,AVAX-USDT,2022-02-15 11:00:00+00:00,2022-02-15 12:00:00+00:00,2022-02-16 14:00:00+00:00,26,ADAPTIVE_PROTECTION_TOUCH,89.069,91.98450000000001,202.81096923450187,18064.170218747848,18655.46559955104,22.58021277343481,23.319331999438802,591.2953808031925,545.395836030319,ROBUSTNESS_2022,5,RELATIVE_STRENGTH_ROTATION,1,1.3463749999999994,97.37,RISK_ON,RISK_ON,91.98450000000001,2022-02-15 20:00:00+00:00,89.401,,,True
FULL_ADAPTIVE_LIFECYCLE_BRAIN__PRE_PROGRESS_NON_CONFIRMATION_V1,FULL_ADAPTIVE_LIFECYCLE_BRAIN__PRE_PROGRESS_NON_CONFIRMATION_V1:RELATIVE_STRENGTH_ROTATION:C2,RELATIVE_STRENGTH_ROTATION,C2,1.0,ATOM-USDT,2022-02-14 23:00:00+00:00,2022-02-15 00:00:00+00:00,2022-02-17 15:00:00+00:00,63,ADAPTIVE_PROTECTION_TOUCH,27.1108,29.5033,657.5777527641733,17827.45893963895,19400.713713127232,22.284323674548688,24.25089214140904,1573.2547734882828,1526.7195576723252,ROBUSTNESS_2022,3,RELATIVE_STRENGTH_ROTATION,1,0.4511666666666666,30.8568,RISK_ON,TRANSITION,29.052133333333334,2022-02-15 04:00:00+00:00,27.1108,,,True
FULL_ADAPTIVE_LIFECYCLE_BRAIN__PRE_PROGRESS_NON_CONFIRMATION_V1,FULL_ADAPTIVE_LIFECYCLE_BRAIN__PRE_PROGRESS_NON_CONFIRMATION_V1:RELATIVE_STRENGTH_ROTATION:C2,RELATIVE_STRENGTH_ROTATION,C2,1.0,SOL-USDT,2022-02-15 07:00:00+00:00,2022-02-15 08:00:00+00:00,2022-02-17 15:00:00+00:00,55,ADAPTIVE_STAGNATION_48H_CLOSE_NOT_ABOVE_ENTRY,100.94,97.551,177.66837586663456,17933.845859978093,17331.72773416607,22.41730732497262,21.66465966770759,-602.1181258120232,-646.2000928047034,ROBUSTNESS_2022,4,RELATIVE_STRENGTH_ROTATION,1,1.6275416666666658,105.751,RISK_ON,TRANSITION,92.80229166666666,2022-02-15 12:00:00+00:00,100.94,2022-02-16 16:00:00+00:00,2022-02-16 17:00:00+00:00,True
FULL_ADAPTIVE_LIFECYCLE_BRAIN__PRE_PROGRESS_NON_CONFIRMATION_V1,FULL_ADAPTIVE_LIFECYCLE_BRAIN__PRE_PROGRESS_NON_CONFIRMATION_V1:RELATIVE_STRENGTH_ROTATION:C2,RELATIVE_STRENGTH_ROTATION,C2,1.0,SOL-USDT,2022-02-23 12:00:00+00:00,2022-02-23 13:00:00+00:00,2022-02-23 21:00:00+00:00,8,ADAPTIVE_PROTECTION_TOUCH,92.049,87.37100000000001,98.2767725936167,9046.278640469824,8586.539898276886,11.30784830058728,10.733174872846106,-459.73874219293793,-481.77976536637135,ROBUSTNESS_2022,7,RELATIVE_STRENGTH_ROTATION,1,1.5593333333333337,93.335,TRANSITION,RISK_OFF,87.37100000000001,,,,,True
FULL_ADAPTIVE_LIFECYCLE_BRAIN__PRE_PROGRESS_NON_CONFIRMATION_V1,FULL_ADAPTIVE_LIFECYCLE_BRAIN__PRE_PROGRESS_NON_CONFIRMATION_V1:RELATIVE_STRENGTH_ROTATION:C2,RELATIVE_STRENGTH_ROTATION,C2,1.0,AVAX-USDT,2022-02-23 16:00:00+00:00,2022-02-23 17:00:00+00:00,2022-02-23 23:00:00+00:00,6,ADAPTIVE_PROTECTION_TOUCH,79.968,75.32225,112.73608331239362,9015.279110325493,8491.535451276939,11.269098887906866,10.614419314096175,-523.743659048554,-545.6271772505571,ROBUSTNESS_2022,6,RELATIVE_STRENGTH_ROTATION,1,1.5485833333333343,81.424,TRANSITION,RISK_OFF,75.32225,,,,,True
FULL_ADAPTIVE_LIFECYCLE_BRAIN__PRE_PROGRESS_NON_CONFIRMATION_V1,FULL_ADAPTIVE_LIFECYCLE_BRAIN__PRE_PROGRESS_NON_CONFIRMATION_V1:RELATIVE_STRENGTH_ROTATION:C2,RELATIVE_STRENGTH_ROTATION,C2,1.0,ETH-USDT,2022-02-23 09:00:00+00:00,2022-02-23 10:00:00+00:00,2022-02-24 00:00:00+00:00,14,ADAPTIVE_PROTECTION_TOUCH,2702.24,2579.48625,3.3461357417921014,9042.061846900287,8631.311136586275,11.30257730862536,10.789138920732844,-410.7507103140124,-432.8424265433706,ROBUSTNESS_2022,2,RELATIVE_STRENGTH_ROTATION,1,40.91791666666668,2752.89,TRANSITION,RISK_OFF,2579.48625,,,,,True
FULL_ADAPTIVE_LIFECYCLE_BRAIN__PRE_PROGRESS_NON_CONFIRMATION_V1,FULL_ADAPTIVE_LIFECYCLE_BRAIN__PRE_PROGRESS_NON_CONFIRMATION_V1:RELATIVE_STRENGTH_ROTATION:C2,RELATIVE_STRENGTH_ROTATION,C2,1.0,ATOM-USDT,2022-02-25 21:00:00+00:00,2022-02-25 22:00:00+00:00,2022-02-27 02:00:00+00:00,28,ADAPTIVE_PROTECTION_TOUCH,26.8199,28.8272375,332.23984443177875,8910.639403675863,9577.556902397939,11.138299254594829,11.971946127997423,666.9174987220758,643.8072533394836,ROBUSTNESS_2022,5,RELATIVE_STRENGTH_ROTATION,1,0.4963541666666666,30.3163,TRANSITION,TRANSITION,28.8272375,2022-02-26 04:00:00+00:00,26.8199,,,True
FULL_ADAPTIVE_LIFECYCLE_BRAIN__PRE_PROGRESS_NON_CONFIRMATION_V1,FULL_ADAPTIVE_LIFECYCLE_BRAIN__PRE_PROGRESS_NON_CONFIRMATION_V1:RELATIVE_STRENGTH_ROTATION:C2,RELATIVE_STRENGTH_ROTATION,C2,1.0,SOL-USDT,2022-03-02 04:00:00+00:00,2022-03-02 05:00:00+00:00,2022-03-03 16:00:00+00:00,35,ADAPTIVE_PROTECTION_TOUCH,104.329,96.03416666666666,85.97519643577465,8969.706268947933,8256.556343712587,11.212132836184917,10.320695429640734,-713.149925235346,-734.6827535011716,ROBUSTNESS_2022,6,RELATIVE_STRENGTH_ROTATION,1,2.0737083333333324,106.444,TRANSITION,RISK_ON,96.03416666666666,2022-03-02 12:00:00+00:00,104.329,2022-03-02 16:00:00+00:00,2022-03-02 17:00:00+00:00,True
FULL_ADAPTIVE_LIFECYCLE_BRAIN__PRE_PROGRESS_NON_CONFIRMATION_V1,FULL_ADAPTIVE_LIFECYCLE_BRAIN__PRE_PROGRESS_NON_CONFIRMATION_V1:RELATIVE_STRENGTH_ROTATION:C2,RELATIVE_STRENGTH_ROTATION,C2,1.0,BTC-USDT,2022-03-01 10:00:00+00:00,2022-03-01 11:00:00+00:00,2022-03-04 00:00:00+00:00,61,ADAPTIVE_STAGNATION_48H_CLOSE_NOT_ABOVE_ENTRY,43256.1,42487.1,0.2073368162288421,8968.582056476416,8809.140044796437,11.210727570595521,11.011425055995547,-159.44201167997926,-181.6641643065703,ROBUSTNESS_2022,1,RELATIVE_STRENGTH_ROTATION,1,622.1125000000005,45367.5,TRANSITION,TRANSITION,40767.649999999994,2022-03-01 16:00:00+00:00,43256.1,2022-03-03 16:00:00+00:00,2022-03-03 17:00:00+00:00,True
FULL_ADAPTIVE_LIFECYCLE_BRAIN__PRE_PROGRESS_NON_CONFIRMATION_V1,FULL_ADAPTIVE_LIFECYCLE_BRAIN__PRE_PROGRESS_NON_CONFIRMATION_V1:RELATIVE_STRENGTH_ROTATION:C2,RELATIVE_STRENGTH_ROTATION,C2,1.0,ATOM-USDT,2022-03-01 11:00:00+00:00,2022-03-01 12:00:00+00:00,2022-03-04 20:00:00+00:00,80,ADAPTIVE_STAGNATION_24H_CLOSE_NOT_ABOVE_ENTRY,31.6686,31.6183,283.363207283754,8973.71606618629,8959.462896859919,11.217145082732864,11.1993286210749,-14.25316932637179,-36.66964303017955,ROBUSTNESS_2022,7,RELATIVE_STRENGTH_ROTATION,1,0.7709208333333336,34.6822,TRANSITION,RISK_OFF,29.3558375,2022-03-03 04:00:00+00:00,32.7943,2022-03-03 08:00:00+00:00,2022-03-03 09:00:00+00:00,True
FULL_ADAPTIVE_LIFECYCLE_BRAIN__PRE_PROGRESS_NON_CONFIRMATION_V1,FULL_ADAPTIVE_LIFECYCLE_BRAIN__PRE_PROGRESS_NON_CONFIRMATION_V1:RELATIVE_STRENGTH_ROTATION:C2,RELATIVE_STRENGTH_ROTATION,C2,1.0,AVAX-USDT,2022-03-09 04:00:00+00:00,2022-03-09 05:00:00+00:00,2022-03-10 05:00:00+00:00,24,ADAPTIVE_PROTECTION_TOUCH,79.919,74.53699999999999,111.14766908996614,8882.810566001004,8284.613810958806,11.103513207501255,10.355767263698509,-598.1967550421978,-619.6560355133975,ROBUSTNESS_2022,5,RELATIVE_STRENGTH_ROTATION,1,1.3455000000000006,80.394,TRANSITION,TRANSITION,74.53699999999999,,,,,True
FULL_ADAPTIVE_LIFECYCLE_BRAIN__PRE_PROGRESS_NON_CONFIRMATION_V1,FULL_ADAPTIVE_LIFECYCLE_BRAIN__PRE_PROGRESS_NON_CONFIRMATION_V1:RELATIVE_STRENGTH_ROTATION:C2,RELATIVE_STRENGTH_ROTATION,C2,1.0,BTC-USDT,2022-03-09 05:00:00+00:00,2022-03-09 06:00:00+00:00,2022-03-10 05:00:00+00:00,23,ADAPTIVE_PROTECTION_TOUCH,41638.4,39488.73333333333,0.21302973784894605,8870.217436449555,8412.274509986937,11.087771795561943,10.515343137483672,-457.94292646261783,-479.54604139566345,ROBUSTNESS_2022,1,RELATIVE_STRENGTH_ROTATION,1,537.4166666666675,42581.2,TRANSITION,TRANSITION,39488.73333333333,2022-03-09 12:00:00+00:00,41638.4,2022-03-10 04:00:00+00:00,2022-03-10 05:00:00+00:00,True
FULL_ADAPTIVE_LIFECYCLE_BRAIN__PRE_PROGRESS_NON_CONFIRMATION_V1,FULL_ADAPTIVE_LIFECYCLE_BRAIN__PRE_PROGRESS_NON_CONFIRMATION_V1:RELATIVE_STRENGTH_ROTATION:C2,RELATIVE_STRENGTH_ROTATION,C2,1.0,ATOM-USDT,2022-03-10 05:00:00+00:00,2022-03-10 06:00:00+00:00,2022-03-11 06:00:00+00:00,24,ADAPTIVE_STAGNATION_24H_CLOSE_NOT_ABOVE_ENTRY,28.4897,27.2589,308.31782641021806,8783.882379079188,8404.404798333493,10.979852973848987,10.505505997916867,-379.4775807456954,-400.96293971746127,ROBUSTNESS_2022,6,RELATIVE_STRENGTH_ROTATION,1,0.5563625000000002,28.5428,TRANSITION,RISK_OFF,26.8206125,,,,,True
FULL_ADAPTIVE_LIFECYCLE_BRAIN__PRE_PROGRESS_NON_CONFIRMATION_V1,FULL_ADAPTIVE_LIFECYCLE_BRAIN__PRE_PROGRESS_NON_CONFIRMATION_V1:RELATIVE_STRENGTH_ROTATION:C2,RELATIVE_STRENGTH_ROTATION,C2,1.0,BTC-USDT,2022-03-10 06:00:00+00:00,2022-03-10 07:00:00+00:00,2022-03-11 12:00:00+00:00,29,ADAPTIVE_STAGNATION_24H_CLOSE_NOT_ABOVE_ENTRY,39209.0,39014.5,0.22354934287923853,8765.146184952064,8721.665837762052,10.95643273119008,10.902082297202565,-43.48034719001225,-65.3388622184049,ROBUSTNESS_2022,1,RELATIVE_STRENGTH_ROTATION,1,490.3333333333324,40307.0,TRANSITION,RISK_OFF,37738.0,,,,,True
FULL_ADAPTIVE_LIFECYCLE_BRAIN__PRE_PROGRESS_NON_CONFIRMATION_V1,FULL_ADAPTIVE_LIFECYCLE_BRAIN__PRE_PROGRESS_NON_CONFIRMATION_V1:RELATIVE_STRENGTH_ROTATION:C2,RELATIVE_STRENGTH_ROTATION,C2,1.0,ETH-USDT,2022-03-10 10:00:00+00:00,2022-03-10 11:00:00+00:00,2022-03-11 12:00:00+00:00,25,PRE_PROGRESS_THESIS_NON_CONFIRMATION_24H_NO_MEMORY,2599.9,2599.56,3.3727342440881327,8768.771761204736,8767.625031561745,10.96096470150592,10.959531289452181,-1.1467296429909766,-23.06722563394908,ROBUSTNESS_2022,2,RELATIVE_STRENGTH_ROTATION,1,31.51375,2647.64,TRANSITION,RISK_OFF,2505.35875,,,,,True
FULL_ADAPTIVE_LIFECYCLE_BRAIN__PRE_PROGRESS_NON_CONFIRMATION_V1,FULL_ADAPTIVE_LIFECYCLE_BRAIN__PRE_PROGRESS_NON_CONFIRMATION_V1:RELATIVE_STRENGTH_ROTATION:C2,RELATIVE_STRENGTH_ROTATION,C2,1.0,AVAX-USDT,2022-03-11 07:00:00+00:00,2022-03-11 08:00:00+00:00,2022-03-11 20:00:00+00:00,12,ADAPTIVE_PROTECTION_TOUCH,75.624,72.0015,115.51608172700537,8735.788164523054,8317.331158466977,10.919735205653817,10.396663948083722,-418.45700605607635,-439.77340520981386,ROBUSTNESS_2022,5,RELATIVE_STRENGTH_ROTATION,1,1.2074999999999996,76.916,TRANSITION,RISK_OFF,72.0015,2022-03-11 12:00:00+00:00,75.624,2022-03-11 16:00:00+00:00,2022-03-11 17:00:00+00:00,True
FULL_ADAPTIVE_LIFECYCLE_BRAIN__PRE_PROGRESS_NON_CONFIRMATION_V1,FULL_ADAPTIVE_LIFECYCLE_BRAIN__PRE_PROGRESS_NON_CONFIRMATION_V1:RELATIVE_STRENGTH_ROTATION:C2,RELATIVE_STRENGTH_ROTATION,C2,1.0,XRP-USDT,2022-03-11 17:00:00+00:00,2022-03-11 18:00:00+00:00,2022-03-11 23:00:00+00:00,5,ADAPTIVE_PROTECTION_TOUCH,0.72881,0.7922412500000001,11955.619019993192,8713.374697961237,9471.734556923182,10.891718372451546,11.839668196153978,758.3598589619451,735.6284723933395,ROBUSTNESS_2022,3,RELATIVE_STRENGTH_ROTATION,1,0.0076495833333333,0.81519,TRANSITION,TRANSITION,0.7584208333333333,,,,,True
FULL_ADAPTIVE_LIFECYCLE_BRAIN__PRE_PROGRESS_NON_CONFIRMATION_V1,FULL_ADAPTIVE_LIFECYCLE_BRAIN__PRE_PROGRESS_NON_CONFIRMATION_V1:RELATIVE_STRENGTH_ROTATION:C2,RELATIVE_STRENGTH_ROTATION,C2,1.0,BTC-USDT,2022-03-14 21:00:00+00:00,2022-03-14 22:00:00+00:00,2022-03-16 04:00:00+00:00,30,ADAPTIVE_PROTECTION_TOUCH,38725.1,40621.0375,0.226376849191982,8766.466122644422,9195.662480159346,10.958082653305528,11.494578100199183,429.1963575149239,406.74369676141913,ROBUSTNESS_2022,1,RELATIVE_STRENGTH_ROTATION,1,368.2208333333335,41725.7,TRANSITION,TRANSITION,37620.4375,2022-03-15 04:00:00+00:00,38725.1,2022-03-15 08:00:00+00:00,2022-03-15 09:00:00+00:00,True
FULL_ADAPTIVE_LIFECYCLE_BRAIN__PRE_PROGRESS_NON_CONFIRMATION_V1,FULL_ADAPTIVE_LIFECYCLE_BRAIN__PRE_PROGRESS_NON_CONFIRMATION_V1:RELATIVE_STRENGTH_ROTATION:C2,RELATIVE_STRENGTH_ROTATION,C2,1.0,ETH-USDT,2022-03-15 17:00:00+00:00,2022-03-15 18:00:00+00:00,2022-03-16 04:00:00+00:00,10,ADAPTIVE_PROTECTION_TOUCH,2602.44,2654.645,3.37163235445389,8774.470904524982,8950.486971589247,10.968088630656228,11.188108714486559,176.01606706426537,153.85986971912257,ROBUSTNESS_2022,2,RELATIVE_STRENGTH_ROTATION,1,26.15166666666664,2733.1,TRANSITION,TRANSITION,2497.8333333333335,2022-03-16 00:00:00+00:00,2602.44,,,True
FULL_ADAPTIVE_LIFECYCLE_BRAIN__PRE_PROGRESS_NON_CONFIRMATION_V1,FULL_ADAPTIVE_LIFECYCLE_BRAIN__PRE_PROGRESS_NON_CONFIRMATION_V1:RELATIVE_STRENGTH_ROTATION:C2,RELATIVE_STRENGTH_ROTATION,C2,1.0,BTC-USDT,2022-03-16 03:00:00+00:00,2022-03-16 04:00:00+00:00,2022-03-16 04:00:00+00:00,0,ADAPTIVE_PROTECTION_TOUCH,40864.5,39411.583333333336,0.21613500490285162,8832.24890785258,8518.222756979145,11.040311134815724,10.647778446223931,-314.02615087343474,-335.7142404544744,ROBUSTNESS_2022,1,RELATIVE_STRENGTH_ROTATION,1,363.2291666666667,40864.5,TRANSITION,TRANSITION,,,,,,True
FULL_ADAPTIVE_LIFECYCLE_BRAIN__PRE_PROGRESS_NON_CONFIRMATION_V1,FULL_ADAPTIVE_LIFECYCLE_BRAIN__PRE_PROGRESS_NON_CONFIRMATION_V1:RELATIVE_STRENGTH_ROTATION:C2,RELATIVE_STRENGTH_ROTATION,C2,1.0,SOL-USDT,2022-03-15 18:00:00+00:00,2022-03-15 19:00:00+00:00,2022-03-17 22:00:00+00:00,51,ADAPTIVE_PROTECTION_TOUCH,82.775,88.26025000000001,106.01491204460818,8775.384344492442,9356.90264078513,10.969230430615553,11.696128300981414,581.5182962926883,558.8529375610914,ROBUSTNESS_2022,7,RELATIVE_STRENGTH_ROTATION,1,0.9065833333333324,90.98,TRANSITION,TRANSITION,88.06125000000002,2022-03-16 00:00:00+00:00,82.775,2022-03-16 04:00:00+00:00,2022-03-16 05:00:00+00:00,True
FULL_ADAPTIVE_LIFECYCLE_BRAIN__PRE_PROGRESS_NON_CONFIRMATION_V1,FULL_ADAPTIVE_LIFECYCLE_BRAIN__PRE_PROGRESS_NON_CONFIRMATION_V1:RELATIVE_STRENGTH_ROTATION:C2,RELATIVE_STRENGTH_ROTATION,C2,1.0,ATOM-USDT,2022-03-16 23:00:00+00:00,2022-03-17 00:00:00+00:00,2022-03-19 00:00:00+00:00,48,ADAPTIVE_STAGNATION_48H_CLOSE_NOT_ABOVE_ENTRY,28.6809,28.5482,308.4899381064624,8847.769065837638,8806.83245105091,11.059711332297047,11.008540563813638,-40.93661478672766,-63.00486668283835,ROBUSTNESS_2022,6,RELATIVE_STRENGTH_ROTATION,1,0.4208125000000001,29.0536,TRANSITION,TRANSITION,26.99765,,,,,True
FULL_ADAPTIVE_LIFECYCLE_BRAIN__PRE_PROGRESS_NON_CONFIRMATION_V1,FULL_ADAPTIVE_LIFECYCLE_BRAIN__PRE_PROGRESS_NON_CONFIRMATION_V1:RELATIVE_STRENGTH_ROTATION:C2,RELATIVE_STRENGTH_ROTATION,C2,1.0,AVAX-USDT,2022-03-17 03:00:00+00:00,2022-03-17 04:00:00+00:00,2022-03-20 01:00:00+00:00,69,ADAPTIVE_PROTECTION_TOUCH,76.913,88.4225,115.56986829163453,8888.825279914487,10218.976679017054,11.111031599893108,12.773720848771319,1330.1513991025677,1306.2666466539033,ROBUSTNESS_2022,4,RELATIVE_STRENGTH_ROTATION,1,1.3094999999999988,92.351,TRANSITION,RISK_ON,88.4225,2022-03-17 12:00:00+00:00,76.955,,,True
FULL_ADAPTIVE_LIFECYCLE_BRAIN__PRE_PROGRESS_NON_CONFIRMATION_V1,FULL_ADAPTIVE_LIFECYCLE_BRAIN__PRE_PROGRESS_NON_CONFIRMATION_V1:RELATIVE_STRENGTH_ROTATION:C2,RELATIVE_STRENGTH_ROTATION,C2,1.0,ETH-USDT,2022-03-16 13:00:00+00:00,2022-03-16 14:00:00+00:00,2022-03-20 12:00:00+00:00,94,ADAPTIVE_PROTECTION_TOUCH,2669.97,2881.5562499999996,3.2931863532946295,8792.70876770606,9489.501718750847,10.990885959632577,11.861877148438559,696.7929510447866,673.9401879367155,ROBUSTNESS_2022,2,RELATIVE_STRENGTH_ROTATION,1,35.36125000000002,2987.64,TRANSITION,RISK_ON,2881.5562499999996,2022-03-16 20:00:00+00:00,2669.97,,,True
FULL_ADAPTIVE_LIFECYCLE_BRAIN__PRE_PROGRESS_NON_CONFIRMATION_V1,FULL_ADAPTIVE_LIFECYCLE_BRAIN__PRE_PROGRESS_NON_CONFIRMATION_V1:RELATIVE_STRENGTH_ROTATION:C2,RELATIVE_STRENGTH_ROTATION,C2,1.0,XRP-USDT,2022-03-21 17:00:00+00:00,2022-03-21 18:00:00+00:00,2022-03-22 00:00:00+00:00,6,ADAPTIVE_PROTECTION_TOUCH,0.81025,0.8332350000000001,11129.679755250381,9017.823021691622,9273.638710866053,11.272278777114527,11.592048388582567,255.8156891744311,232.951362008734,ROBUSTNESS_2022,3,RELATIVE_STRENGTH_ROTATION,1,0.007155,0.8547,TRANSITION,TRANSITION,0.8332350000000001,,,,,True
FULL_ADAPTIVE_LIFECYCLE_BRAIN__PRE_PROGRESS_NON_CONFIRMATION_V1,FULL_ADAPTIVE_LIFECYCLE_BRAIN__PRE_PROGRESS_NON_CONFIRMATION_V1:RELATIVE_STRENGTH_ROTATION:C2,RELATIVE_STRENGTH_ROTATION,C2,1.0,BTC-USDT,2022-03-16 11:00:00+00:00,2022-03-16 12:00:00+00:00,2022-03-23 12:00:00+00:00,168,MAX_HOLD_168H,40309.0,42157.1,0.21815144263117991,8793.466501020232,9196.632182146914,10.99183312627529,11.495790227683642,403.1656811266821,380.67805777272315,ROBUSTNESS_2022,1,RELATIVE_STRENGTH_ROTATION,1,551.1625,43343.0,TRANSITION,RISK_ON,41138.35,2022-03-16 16:00:00+00:00,40309.0,,,True
FULL_ADAPTIVE_LIFECYCLE_BRAIN__PRE_PROGRESS_NON_CONFIRMATION_V1,FULL_ADAPTIVE_LIFECYCLE_BRAIN__PRE_PROGRESS_NON_CONFIRMATION_V1:RELATIVE_STRENGTH_ROTATION:C2,RELATIVE_STRENGTH_ROTATION,C2,1.0,SOL-USDT,2022-03-23 14:00:00+00:00,2022-03-23 15:00:00+00:00,2022-03-25 16:00:00+00:00,49,ADAPTIVE_PROTECTION_TOUCH,92.255,100.59416666666667,195.21329566305886,18009.402591395494,19637.31879947902,22.511753239244367,24.546648499348777,1627.9162080835267,1580.8578063449336,ROBUSTNESS_2022,6,RELATIVE_STRENGTH_ROTATION,1,1.0557083333333324,104.817,RISK_ON,RISK_ON,100.59416666666667,2022-03-23 20:00:00+00:00,92.255,,,True
FULL_ADAPTIVE_LIFECYCLE_BRAIN__PRE_PROGRESS_NON_CONFIRMATION_V1,FULL_ADAPTIVE_LIFECYCLE_BRAIN__PRE_PROGRESS_NON_CONFIRMATION_V1:RELATIVE_STRENGTH_ROTATION:C2,RELATIVE_STRENGTH_ROTATION,C2,1.0,ETH-USDT,2022-03-22 19:00:00+00:00,2022-03-22 20:00:00+00:00,2022-03-25 18:00:00+00:00,70,ADAPTIVE_PROTECTION_TOUCH,3000.41,3079.918333333334,6.0483035816833475,18147.39054951853,18628.28108679221,22.684238186898167,23.28535135849026,480.8905372736772,434.92094772828875,ROBUSTNESS_2022,2,RELATIVE_STRENGTH_ROTATION,1,28.465416666666613,3193.78,RISK_ON,RISK_ON,3079.918333333334,2022-03-23 16:00:00+00:00,3015.77,2022-03-23 20:00:00+00:00,2022-03-23 21:00:00+00:00,True
FULL_ADAPTIVE_LIFECYCLE_BRAIN__PRE_PROGRESS_NON_CONFIRMATION_V1,FULL_ADAPTIVE_LIFECYCLE_BRAIN__PRE_PROGRESS_NON_CONFIRMATION_V1:RELATIVE_STRENGTH_ROTATION:C2,RELATIVE_STRENGTH_ROTATION,C2,1.0,XRP-USDT,2022-03-22 22:00:00+00:00,2022-03-22 23:00:00+00:00,2022-03-25 23:00:00+00:00,72,ADAPTIVE_STAGNATION_72H_CLOSE_NOT_ABOVE_ENTRY,0.84181,0.82818,21585.468898363622,18170.86357333148,17876.653632246784,22.713579466664353,22.34581704030848,-294.20994108469677,-339.26933759166957,ROBUSTNESS_2022,3,RELATIVE_STRENGTH_ROTATION,1,0.0080458333333333,0.84997,RISK_ON,RISK_ON,0.8015808333333334,,,,,True
FULL_ADAPTIVE_LIFECYCLE_BRAIN__PRE_PROGRESS_NON_CONFIRMATION_V1,FULL_ADAPTIVE_LIFECYCLE_BRAIN__PRE_PROGRESS_NON_CONFIRMATION_V1:RELATIVE_STRENGTH_ROTATION:C2,RELATIVE_STRENGTH_ROTATION,C2,1.0,BTC-USDT,2022-03-27 10:00:00+00:00,2022-03-27 11:00:00+00:00,2022-03-27 22:00:00+00:00,11,ADAPTIVE_PROTECTION_TOUCH,44544.1,45885.71666666666,0.4137770703075217,18431.327197485276,18986.457411294352,23.039158996856596,23.73307176411794,555.1302138090759,508.3579830481014,ROBUSTNESS_2022,1,RELATIVE_STRENGTH_ROTATION,1,178.57083333333443,46600.0,RISK_ON,RISK_ON,43651.24583333333,2022-03-27 16:00:00+00:00,44544.1,,,True
FULL_ADAPTIVE_LIFECYCLE_BRAIN__PRE_PROGRESS_NON_CONFIRMATION_V1,FULL_ADAPTIVE_LIFECYCLE_BRAIN__PRE_PROGRESS_NON_CONFIRMATION_V1:RELATIVE_STRENGTH_ROTATION:C2,RELATIVE_STRENGTH_ROTATION,C2,1.0,BTC-USDT,2022-03-27 21:00:00+00:00,2022-03-27 22:00:00+00:00,2022-03-28 02:00:00+00:00,4,ADAPTIVE_PROTECTION_TOUCH,46109.1,46861.45,0.404182548331962,18636.493539293268,18940.58027953082,23.295616924116583,23.675725349413526,304.08674023755157,257.11539796402144,ROBUSTNESS_2022,1,RELATIVE_STRENGTH_ROTATION,1,196.1375000000008,47646.0,RISK_ON,RISK_ON,46168.649999999994,,,,,True
FULL_ADAPTIVE_LIFECYCLE_BRAIN__PRE_PROGRESS_NON_CONFIRMATION_V1,FULL_ADAPTIVE_LIFECYCLE_BRAIN__PRE_PROGRESS_NON_CONFIRMATION_V1:RELATIVE_STRENGTH_ROTATION:C2,RELATIVE_STRENGTH_ROTATION,C2,1.0,ETH-USDT,2022-03-27 13:00:00+00:00,2022-03-27 14:00:00+00:00,2022-03-28 17:00:00+00:00,27,ADAPTIVE_PROTECTION_TOUCH,3127.01,3340.2833333333338,5.890370687150998,18419.248042428044,19675.507033445698,23.024060053035054,24.59438379180712,1256.258991017654,1208.6405471728117,ROBUSTNESS_2022,2,RELATIVE_STRENGTH_ROTATION,1,15.039166666666594,3400.44,RISK_ON,RISK_ON,3336.433333333334,2022-03-27 20:00:00+00:00,3127.01,,,True
FULL_ADAPTIVE_LIFECYCLE_BRAIN__PRE_PROGRESS_NON_CONFIRMATION_V1,FULL_ADAPTIVE_LIFECYCLE_BRAIN__PRE_PROGRESS_NON_CONFIRMATION_V1:RELATIVE_STRENGTH_ROTATION:C2,RELATIVE_STRENGTH_ROTATION,C2,1.0,ETH-USDT,2022-03-29 00:00:00+00:00,2022-03-29 01:00:00+00:00,2022-03-29 23:00:00+00:00,22,ADAPTIVE_PROTECTION_TOUCH,3333.69,3355.6416666666664,5.5268442034567125,18424.78525262161,18546.108694294486,23.03098156577701,23.182635867868107,121.32344167287738,75.10982423923227,ROBUSTNESS_2022,2,RELATIVE_STRENGTH_ROTATION,1,31.57208333333332,3481.93,RISK_ON,RISK_ON,3355.6416666666664,2022-03-29 08:00:00+00:00,3333.69,,,True
FULL_ADAPTIVE_LIFECYCLE_BRAIN__PRE_PROGRESS_NON_CONFIRMATION_V1,FULL_ADAPTIVE_LIFECYCLE_BRAIN__PRE_PROGRESS_NON_CONFIRMATION_V1:RELATIVE_STRENGTH_ROTATION:C2,RELATIVE_STRENGTH_ROTATION,C2,1.0,SOL-USDT,2022-03-28 06:00:00+00:00,2022-03-28 07:00:00+00:00,2022-03-30 20:00:00+00:00,61,ADAPTIVE_PROTECTION_TOUCH,111.155,120.35116666666667,168.89374931521843,18773.384705133103,20326.559772794073,23.466730881416378,25.40819971599259,1553.17506766097,1504.300137063561,ROBUSTNESS_2022,5,RELATIVE_STRENGTH_ROTATION,1,1.2114583333333335,125.197,RISK_ON,RISK_ON,120.35116666666667,2022-03-30 16:00:00+00:00,115.68,,,True
FULL_ADAPTIVE_LIFECYCLE_BRAIN__PRE_PROGRESS_NON_CONFIRMATION_V1,FULL_ADAPTIVE_LIFECYCLE_BRAIN__PRE_PROGRESS_NON_CONFIRMATION_V1:RELATIVE_STRENGTH_ROTATION:C2,RELATIVE_STRENGTH_ROTATION,C2,1.0,AVAX-USDT,2022-03-28 20:00:00+00:00,2022-03-28 21:00:00+00:00,2022-03-31 06:00:00+00:00,57,ADAPTIVE_PROTECTION_TOUCH,95.119,97.546875,198.28064496631063,18860.2566685505,19341.65728944808,23.575320835688128,24.177071611810103,481.40062089758067,433.64822845008246,ROBUSTNESS_2022,4,RELATIVE_STRENGTH_ROTATION,1,1.4750416666666666,101.972,RISK_ON,TRANSITION,96.07183333333333,2022-03-30 16:00:00+00:00,96.405,2022-03-30 20:00:00+00:00,2022-03-30 21:00:00+00:00,True
FULL_ADAPTIVE_LIFECYCLE_BRAIN__PRE_PROGRESS_NON_CONFIRMATION_V1,FULL_ADAPTIVE_LIFECYCLE_BRAIN__PRE_PROGRESS_NON_CONFIRMATION_V1:RELATIVE_STRENGTH_ROTATION:C2,RELATIVE_STRENGTH_ROTATION,C2,1.0,BTC-USDT,2022-03-28 07:00:00+00:00,2022-03-28 08:00:00+00:00,2022-03-31 16:00:00+00:00,80,ADAPTIVE_STAGNATION_48H_CLOSE_NOT_ABOVE_ENTRY,46905.8,46693.3,0.39844633928240264,18689.444301112522,18604.774454015012,23.361805376390652,23.255968067518765,-84.66984709750977,-131.2876205414192,ROBUSTNESS_2022,1,RELATIVE_STRENGTH_ROTATION,1,355.6583333333335,48195.2,RISK_ON,TRANSITION,45483.16666666667,2022-03-28 12:00:00+00:00,46905.8,,,True
FULL_ADAPTIVE_LIFECYCLE_BRAIN__PRE_PROGRESS_NON_CONFIRMATION_V1,FULL_ADAPTIVE_LIFECYCLE_BRAIN__PRE_PROGRESS_NON_CONFIRMATION_V1:RELATIVE_STRENGTH_ROTATION:C2,RELATIVE_STRENGTH_ROTATION,C2,1.0,ETH-USDT,2022-03-30 01:00:00+00:00,2022-03-30 02:00:00+00:00,2022-04-01 02:00:00+00:00,48,ADAPTIVE_STAGNATION_48H_CLOSE_NOT_ABOVE_ENTRY,3372.9,3300.33,5.5239388877309565,18631.693474427742,18230.821229345107,23.28961684303468,22.788526536681385,-400.87224508263535,-446.9503884623514,ROBUSTNESS_2022,2,RELATIVE_STRENGTH_ROTATION,1,34.56041666666658,3447.29,RISK_ON,TRANSITION,3234.6583333333338,2022-03-30 08:00:00+00:00,3372.9,2022-03-31 16:00:00+00:00,2022-03-31 17:00:00+00:00,True
FULL_ADAPTIVE_LIFECYCLE_BRAIN__PRE_PROGRESS_NON_CONFIRMATION_V1,FULL_ADAPTIVE_LIFECYCLE_BRAIN__PRE_PROGRESS_NON_CONFIRMATION_V1:RELATIVE_STRENGTH_ROTATION:C2,RELATIVE_STRENGTH_ROTATION,C2,1.0,SOL-USDT,2022-04-03 18:00:00+00:00,2022-04-03 19:00:00+00:00,2022-04-04 18:00:00+00:00,23,ADAPTIVE_PROTECTION_TOUCH,135.833,126.06466666666667,139.9072394086889,19004.020050600437,17637.359500309896,23.755025063250546,22.04669937538737,-1366.6605502905404,-1412.4622747291783,ROBUSTNESS_2022,5,RELATIVE_STRENGTH_ROTATION,1,2.4420833333333327,139.654,RISK_ON,TRANSITION,126.06466666666667,2022-04-04 00:00:00+00:00,135.833,2022-04-04 04:00:00+00:00,2022-04-04 05:00:00+00:00,True
FULL_ADAPTIVE_LIFECYCLE_BRAIN__PRE_PROGRESS_NON_CONFIRMATION_V1,FULL_ADAPTIVE_LIFECYCLE_BRAIN__PRE_PROGRESS_NON_CONFIRMATION_V1:RELATIVE_STRENGTH_ROTATION:C2,RELATIVE_STRENGTH_ROTATION,C2,1.0,ATOM-USDT,2022-04-03 15:00:00+00:00,2022-04-03 16:00:00+00:00,2022-04-05 16:00:00+00:00,48,ADAPTIVE_STAGNATION_48H_CLOSE_NOT_ABOVE_ENTRY,32.687,29.9535,291.32277873609394,9522.467668546702,8726.136852871588,11.903084585683377,10.907671066089486,-796.3308156751136,-819.1415713268865,ROBUSTNESS_2022,7,RELATIVE_STRENGTH_ROTATION,1,0.7168791666666666,32.9402,TRANSITION,TRANSITION,29.81948333333333,,,,,True
FULL_ADAPTIVE_LIFECYCLE_BRAIN__PRE_PROGRESS_NON_CONFIRMATION_V1,FULL_ADAPTIVE_LIFECYCLE_BRAIN__PRE_PROGRESS_NON_CONFIRMATION_V1:RELATIVE_STRENGTH_ROTATION:C2,RELATIVE_STRENGTH_ROTATION,C2,1.0,BTC-USDT,2022-04-05 19:00:00+00:00,2022-04-05 20:00:00+00:00,2022-04-06 01:00:00+00:00,5,ADAPTIVE_PROTECTION_TOUCH,45896.1,44610.5,0.4054917145260718,18610.488279060042,18089.188130865325,23.26311034882505,22.611485163581655,-521.3001481947176,-567.1747437071243,ROBUSTNESS_2022,1,RELATIVE_STRENGTH_ROTATION,1,321.3999999999993,46108.9,RISK_ON,TRANSITION,44610.5,,,,,True
FULL_ADAPTIVE_LIFECYCLE_BRAIN__PRE_PROGRESS_NON_CONFIRMATION_V1,FULL_ADAPTIVE_LIFECYCLE_BRAIN__PRE_PROGRESS_NON_CONFIRMATION_V1:RELATIVE_STRENGTH_ROTATION:C2,RELATIVE_STRENGTH_ROTATION,C2,1.0,ETH-USDT,2022-04-05 10:00:00+00:00,2022-04-05 11:00:00+00:00,2022-04-06 01:00:00+00:00,14,ADAPTIVE_PROTECTION_TOUCH,3508.97,3388.0416666666665,2.660833314358415,9336.784275084246,9015.014137101074,11.670980343855309,11.268767671376343,-321.7701379831724,-344.70988599840405,ROBUSTNESS_2022,2,RELATIVE_STRENGTH_ROTATION,1,30.23208333333334,3554.74,TRANSITION,TRANSITION,3388.0416666666665,,,,,True
FULL_ADAPTIVE_LIFECYCLE_BRAIN__PRE_PROGRESS_NON_CONFIRMATION_V1,FULL_ADAPTIVE_LIFECYCLE_BRAIN__PRE_PROGRESS_NON_CONFIRMATION_V1:RELATIVE_STRENGTH_ROTATION:C2,RELATIVE_STRENGTH_ROTATION,C2,1.0,XRP-USDT,2022-04-14 23:00:00+00:00,2022-04-15 00:00:00+00:00,2022-04-15 06:00:00+00:00,6,ADAPTIVE_PROTECTION_TOUCH,0.72382,0.7752325000000001,12764.98812650681,9239.55370572816,9895.833657782192,11.5494421321602,12.36979207222774,656.279952054032,632.3607178496442,ROBUSTNESS_2022,3,RELATIVE_STRENGTH_ROTATION,1,0.0074558333333333,0.7976,TRANSITION,TRANSITION,0.7685525000000001,2022-04-15 04:00:00+00:00,0.72382,,,True
FULL_ADAPTIVE_LIFECYCLE_BRAIN__PRE_PROGRESS_NON_CONFIRMATION_V1,FULL_ADAPTIVE_LIFECYCLE_BRAIN__PRE_PROGRESS_NON_CONFIRMATION_V1:RELATIVE_STRENGTH_ROTATION:C2,RELATIVE_STRENGTH_ROTATION,C2,1.0,JASMY-USDT,2022-04-18 20:00:00+00:00,2022-04-18 21:00:00+00:00,2022-04-19 10:00:00+00:00,13,ADAPTIVE_PROTECTION_TOUCH,0.01799,0.019052500000000097,516744.82623959455,9296.239424050305,9845.280801929925,11.620299280062882,12.306601002412407,549.0413778796192,525.1144775971438,ROBUSTNESS_2022,7,RELATIVE_STRENGTH_ROTATION,1,0.0004158333333333,0.0203,TRANSITION,TRANSITION,0.019052500000000097,2022-04-19 04:00:00+00:00,0.01799,,,True
FULL_ADAPTIVE_LIFECYCLE_BRAIN__PRE_PROGRESS_NON_CONFIRMATION_V1,FULL_ADAPTIVE_LIFECYCLE_BRAIN__PRE_PROGRESS_NON_CONFIRMATION_V1:RELATIVE_STRENGTH_ROTATION:C2,RELATIVE_STRENGTH_ROTATION,C2,1.0,JASMY-USDT,2022-04-19 18:00:00+00:00,2022-04-19 19:00:00+00:00,2022-04-20 01:00:00+00:00,6,ADAPTIVE_PROTECTION_TOUCH,0.02097,0.0221475,446594.33420857304,9365.083188353776,9890.948016884371,11.70635398544222,12.363685021105464,525.8648285305953,501.79478952404764,ROBUSTNESS_2022,7,RELATIVE_STRENGTH_ROTATION,1,0.0005675,0.02385,TRANSITION,TRANSITION,0.0217975,2022-04-20 00:00:00+00:00,0.02097,,,True
FULL_ADAPTIVE_LIFECYCLE_BRAIN__PRE_PROGRESS_NON_CONFIRMATION_V1,FULL_ADAPTIVE_LIFECYCLE_BRAIN__PRE_PROGRESS_NON_CONFIRMATION_V1:RELATIVE_STRENGTH_ROTATION:C2,RELATIVE_STRENGTH_ROTATION,C2,1.0,AVAX-USDT,2022-04-19 12:00:00+00:00,2022-04-19 13:00:00+00:00,2022-04-20 14:00:00+00:00,25,ADAPTIVE_PROTECTION_TOUCH,78.166,78.995125,119.53106348907143,9343.265108686757,9442.371301702135,11.679081385858447,11.802964127127668,99.10619301537736,75.62414750239124,ROBUSTNESS_2022,5,RELATIVE_STRENGTH_ROTATION,1,0.7676250000000007,81.298,TRANSITION,TRANSITION,75.09549999999999,2022-04-19 20:00:00+00:00,78.166,,,True
FULL_ADAPTIVE_LIFECYCLE_BRAIN__PRE_PROGRESS_NON_CONFIRMATION_V1,FULL_ADAPTIVE_LIFECYCLE_BRAIN__PRE_PROGRESS_NON_CONFIRMATION_V1:RELATIVE_STRENGTH_ROTATION:C2,RELATIVE_STRENGTH_ROTATION,C2,1.0,BTC-USDT,2022-04-18 19:00:00+00:00,2022-04-18 20:00:00+00:00,2022-04-20 16:00:00+00:00,44,ADAPTIVE_PROTECTION_TOUCH,40654.0,41183.9,0.2286728531100169,9296.466170334626,9417.639915197626,11.620582712918283,11.772049893997032,121.17374486299923,97.78111225608392,ROBUSTNESS_2022,1,RELATIVE_STRENGTH_ROTATION,1,345.0,42218.9,TRANSITION,TRANSITION,41183.9,2022-04-19 00:00:00+00:00,40654.0,,,True
FULL_ADAPTIVE_LIFECYCLE_BRAIN__PRE_PROGRESS_NON_CONFIRMATION_V1,FULL_ADAPTIVE_LIFECYCLE_BRAIN__PRE_PROGRESS_NON_CONFIRMATION_V1:RELATIVE_STRENGTH_ROTATION:C2,RELATIVE_STRENGTH_ROTATION,C2,1.0,SOL-USDT,2022-04-19 14:00:00+00:00,2022-04-19 15:00:00+00:00,2022-04-21 19:00:00+00:00,52,ADAPTIVE_STAGNATION_48H_CLOSE_NOT_ABOVE_ENTRY,106.397,106.174,88.11293622243326,9374.952075258232,9355.30289048063,11.718690094072791,11.694128613100789,-19.649184777601477,-43.062003484775055,ROBUSTNESS_2022,3,RELATIVE_STRENGTH_ROTATION,1,1.2755000000000003,110.974,TRANSITION,TRANSITION,101.295,2022-04-19 20:00:00+00:00,106.397,2022-04-20 16:00:00+00:00,2022-04-20 17:00:00+00:00,True
FULL_ADAPTIVE_LIFECYCLE_BRAIN__PRE_PROGRESS_NON_CONFIRMATION_V1,FULL_ADAPTIVE_LIFECYCLE_BRAIN__PRE_PROGRESS_NON_CONFIRMATION_V1:RELATIVE_STRENGTH_ROTATION:C2,RELATIVE_STRENGTH_ROTATION,C2,1.0,ETH-USDT,2022-04-25 20:00:00+00:00,2022-04-25 21:00:00+00:00,2022-04-26 15:00:00+00:00,18,ADAPTIVE_PROTECTION_TOUCH,3012.15,2920.1287500000003,3.1264399939645937,9417.30622782045,9129.607311525837,11.771632784775564,11.412009139407296,-287.6989162946138,-310.8825582187967,ROBUSTNESS_2022,2,RELATIVE_STRENGTH_ROTATION,1,30.673749999999966,3038.2,TRANSITION,TRANSITION,2920.1287500000003,,,,,True
FULL_ADAPTIVE_LIFECYCLE_BRAIN__PRE_PROGRESS_NON_CONFIRMATION_V1,FULL_ADAPTIVE_LIFECYCLE_BRAIN__PRE_PROGRESS_NON_CONFIRMATION_V1:RELATIVE_STRENGTH_ROTATION:C2,RELATIVE_STRENGTH_ROTATION,C2,1.0,JASMY-USDT,2022-04-26 01:00:00+00:00,2022-04-26 02:00:00+00:00,2022-04-26 15:00:00+00:00,13,ADAPTIVE_PROTECTION_TOUCH,0.02411,0.0211766666666668,390829.89154703135,9422.908685198925,8276.474336661018,11.778635856498656,10.345592920826274,-1146.4343485379068,-1168.5585773152316,ROBUSTNESS_2022,7,RELATIVE_STRENGTH_ROTATION,1,0.0007333333333333,0.02414,TRANSITION,TRANSITION,0.0211766666666668,,,,,True
FULL_ADAPTIVE_LIFECYCLE_BRAIN__PRE_PROGRESS_NON_CONFIRMATION_V1,FULL_ADAPTIVE_LIFECYCLE_BRAIN__PRE_PROGRESS_NON_CONFIRMATION_V1:RELATIVE_STRENGTH_ROTATION:C2,RELATIVE_STRENGTH_ROTATION,C2,1.0,BTC-USDT,2022-04-25 18:00:00+00:00,2022-04-25 19:00:00+00:00,2022-04-26 18:00:00+00:00,23,ADAPTIVE_PROTECTION_TOUCH,39397.0,38233.175,0.23861255672868925,9400.61889744017,9122.915638605404,11.750773621800214,11.403644548256755,-277.70325883476653,-300.8576770048235,ROBUSTNESS_2022,1,RELATIVE_STRENGTH_ROTATION,1,387.9416666666666,40800.0,TRANSITION,RISK_OFF,38233.175,2022-04-26 00:00:00+00:00,39397.0,2022-04-26 16:00:00+00:00,2022-04-26 17:00:00+00:00,True
FULL_ADAPTIVE_LIFECYCLE_BRAIN__PRE_PROGRESS_NON_CONFIRMATION_V1,FULL_ADAPTIVE_LIFECYCLE_BRAIN__PRE_PROGRESS_NON_CONFIRMATION_V1:RELATIVE_STRENGTH_ROTATION:C2,RELATIVE_STRENGTH_ROTATION,C2,1.0,SOL-USDT,2022-04-28 01:00:00+00:00,2022-04-28 02:00:00+00:00,2022-04-29 02:00:00+00:00,24,ADAPTIVE_STAGNATION_24H_CLOSE_NOT_ABOVE_ENTRY,99.032,98.538,93.3071330914419,9240.392004311674,9194.2982805645,11.550490005389593,11.492872850705625,-46.0937237471735,-69.13708660326871,ROBUSTNESS_2022,3,RELATIVE_STRENGTH_ROTATION,1,1.2401666666666675,100.546,TRANSITION,RISK_OFF,95.3115,2022-04-28 08:00:00+00:00,99.032,2022-04-28 16:00:00+00:00,2022-04-28 17:00:00+00:00,True
FULL_ADAPTIVE_LIFECYCLE_BRAIN__PRE_PROGRESS_NON_CONFIRMATION_V1,FULL_ADAPTIVE_LIFECYCLE_BRAIN__PRE_PROGRESS_NON_CONFIRMATION_V1:RELATIVE_STRENGTH_ROTATION:C2,RELATIVE_STRENGTH_ROTATION,C2,1.0,BTC-USDT,2022-04-28 13:00:00+00:00,2022-04-28 14:00:00+00:00,2022-04-29 14:00:00+00:00,24,ADAPTIVE_STAGNATION_24H_CLOSE_NOT_ABOVE_ENTRY,39559.4,38916.5,0.23344180481865104,9234.817733542945,9084.737997225033,11.54352216692868,11.35592249653129,-150.07973631791174,-172.9791809813717,ROBUSTNESS_2022,1,RELATIVE_STRENGTH_ROTATION,1,342.22083333333376,40370.0,TRANSITION,RISK_OFF,38532.7375,2022-04-28 20:00:00+00:00,39559.4,2022-04-29 04:00:00+00:00,2022-04-29 05:00:00+00:00,True
FULL_ADAPTIVE_LIFECYCLE_BRAIN__PRE_PROGRESS_NON_CONFIRMATION_V1,FULL_ADAPTIVE_LIFECYCLE_BRAIN__PRE_PROGRESS_NON_CONFIRMATION_V1:RELATIVE_STRENGTH_ROTATION:C2,RELATIVE_STRENGTH_ROTATION,C2,1.0,AVAX-USDT,2022-05-04 12:00:00+00:00,2022-05-04 13:00:00+00:00,2022-05-05 07:00:00+00:00,18,ADAPTIVE_PROTECTION_TOUCH,61.791,66.954625,149.19003641677685,9218.601540229058,9988.962942021637,11.523251925286322,12.486203677527046,770.3614017925793,746.3519461897658,ROBUSTNESS_2022,8,RELATIVE_STRENGTH_ROTATION,1,0.8354583333333334,69.461,TRANSITION,TRANSITION,66.954625,2022-05-04 20:00:00+00:00,61.791,,,True
FULL_ADAPTIVE_LIFECYCLE_BRAIN__PRE_PROGRESS_NON_CONFIRMATION_V1,FULL_ADAPTIVE_LIFECYCLE_BRAIN__PRE_PROGRESS_NON_CONFIRMATION_V1:RELATIVE_STRENGTH_ROTATION:C2,RELATIVE_STRENGTH_ROTATION,C2,1.0,XRP-USDT,2022-05-04 16:00:00+00:00,2022-05-04 17:00:00+00:00,2022-05-05 09:00:00+00:00,16,ADAPTIVE_PROTECTION_TOUCH,0.6134,0.6391775000000002,15002.991384513132,9202.834915260355,9589.574525674645,11.503543644075444,11.986968157093306,386.7396104142899,363.2490986131212,ROBUSTNESS_2022,4,RELATIVE_STRENGTH_ROTATION,1,0.0061241666666666,0.65755,TRANSITION,TRANSITION,0.6391775000000002,2022-05-05 00:00:00+00:00,0.6134,,,True
FULL_ADAPTIVE_LIFECYCLE_BRAIN__PRE_PROGRESS_NON_CONFIRMATION_V1,FULL_ADAPTIVE_LIFECYCLE_BRAIN__PRE_PROGRESS_NON_CONFIRMATION_V1:RELATIVE_STRENGTH_ROTATION:C2,RELATIVE_STRENGTH_ROTATION,C2,1.0,AVAX-USDT,2022-05-15 03:00:00+00:00,2022-05-15 04:00:00+00:00,2022-05-16 05:00:00+00:00,25,ADAPTIVE_PROTECTION_GAP,32.375,34.217,287.09231848384456,9294.613810914469,9823.43786156171,11.618267263643085,12.279297326952138,528.8240506472412,504.9264860566459,ROBUSTNESS_2022,8,RELATIVE_STRENGTH_ROTATION,1,1.1207083333333328,37.096,TRANSITION,RISK_OFF,33.733875,2022-05-15 08:00:00+00:00,32.375,,,True
FULL_ADAPTIVE_LIFECYCLE_BRAIN__PRE_PROGRESS_NON_CONFIRMATION_V1,FULL_ADAPTIVE_LIFECYCLE_BRAIN__PRE_PROGRESS_NON_CONFIRMATION_V1:RELATIVE_STRENGTH_ROTATION:C2,RELATIVE_STRENGTH_ROTATION,C2,1.0,JASMY-USDT,2022-05-15 02:00:00+00:00,2022-05-15 03:00:00+00:00,2022-05-16 16:00:00+00:00,37,ADAPTIVE_PROTECTION_TOUCH,0.00993,0.0119575,938415.4717282294,9318.465634261318,11221.103003190303,11.648082042826648,14.02637875398788,1902.6373689289849,1876.9629081321702,ROBUSTNESS_2022,6,RELATIVE_STRENGTH_ROTATION,1,0.00041125,0.01278,TRANSITION,RISK_OFF,0.0119575,2022-05-15 12:00:00+00:00,0.01007,2022-05-15 16:00:00+00:00,2022-05-15 17:00:00+00:00,True
FULL_ADAPTIVE_LIFECYCLE_BRAIN__PRE_PROGRESS_NON_CONFIRMATION_V1,FULL_ADAPTIVE_LIFECYCLE_BRAIN__PRE_PROGRESS_NON_CONFIRMATION_V1:RELATIVE_STRENGTH_ROTATION:C2,RELATIVE_STRENGTH_ROTATION,C2,1.0,JASMY-USDT,2022-05-21 17:00:00+00:00,2022-05-21 18:00:00+00:00,2022-05-22 18:00:00+00:00,24,ADAPTIVE_STAGNATION_24H_CLOSE_NOT_ABOVE_ENTRY,0.01325,0.0125,719459.2965840236,9532.835679738313,8993.241207300296,11.916044599672892,11.24155150912537,-539.594472438017,-562.7520685468152,ROBUSTNESS_2022,7,RELATIVE_STRENGTH_ROTATION,1,0.0003416666666666,0.01378,TRANSITION,RISK_OFF,0.0122250000000002,,,,,True
FULL_ADAPTIVE_LIFECYCLE_BRAIN__PRE_PROGRESS_NON_CONFIRMATION_V1,FULL_ADAPTIVE_LIFECYCLE_BRAIN__PRE_PROGRESS_NON_CONFIRMATION_V1:RELATIVE_STRENGTH_ROTATION:C2,RELATIVE_STRENGTH_ROTATION,C2,1.0,AVAX-USDT,2022-05-22 15:00:00+00:00,2022-05-22 16:00:00+00:00,2022-05-23 20:00:00+00:00,28,ADAPTIVE_PROTECTION_TOUCH,32.349,30.595124999999996,292.9726456120001,9477.37211290259,8963.534714079844,11.84671514112824,11.204418392599806,-513.8373988227468,-536.8885323564748,ROBUSTNESS_2022,8,RELATIVE_STRENGTH_ROTATION,1,0.5846250000000001,33.062,TRANSITION,TRANSITION,30.595124999999996,,,,,True
FULL_ADAPTIVE_LIFECYCLE_BRAIN__PRE_PROGRESS_NON_CONFIRMATION_V1,FULL_ADAPTIVE_LIFECYCLE_BRAIN__PRE_PROGRESS_NON_CONFIRMATION_V1:RELATIVE_STRENGTH_ROTATION:C2,RELATIVE_STRENGTH_ROTATION,C2,1.0,NEAR-USDT,2022-05-23 06:00:00+00:00,2022-05-23 07:00:00+00:00,2022-05-23 23:00:00+00:00,16,ADAPTIVE_PROTECTION_TOUCH,6.2395,5.9105,1514.786608528631,9451.511043914392,8953.146249708472,11.81438880489299,11.19143281213559,-498.3647942059197,-521.3706158229483,ROBUSTNESS_2022,5,RELATIVE_STRENGTH_ROTATION,1,0.1096666666666666,6.5314,TRANSITION,TRANSITION,5.9105,2022-05-23 12:00:00+00:00,6.2395,2022-05-23 20:00:00+00:00,2022-05-23 21:00:00+00:00,True
FULL_ADAPTIVE_LIFECYCLE_BRAIN__PRE_PROGRESS_NON_CONFIRMATION_V1,FULL_ADAPTIVE_LIFECYCLE_BRAIN__PRE_PROGRESS_NON_CONFIRMATION_V1:RELATIVE_STRENGTH_ROTATION:C2,RELATIVE_STRENGTH_ROTATION,C2,1.0,AVAX-USDT,2022-05-23 21:00:00+00:00,2022-05-23 22:00:00+00:00,2022-05-24 14:00:00+00:00,16,ADAPTIVE_PROTECTION_TOUCH,30.363,28.058249999999997,309.8963574127559,9409.383100123507,8695.149470376457,11.761728875154384,10.86893683797057,-714.2336297470501,-736.8642954601751,ROBUSTNESS_2022,7,RELATIVE_STRENGTH_ROTATION,1,0.7682500000000004,30.493,TRANSITION,RISK_OFF,28.058249999999997,,,,,True
FULL_ADAPTIVE_LIFECYCLE_BRAIN__PRE_PROGRESS_NON_CONFIRMATION_V1,FULL_ADAPTIVE_LIFECYCLE_BRAIN__PRE_PROGRESS_NON_CONFIRMATION_V1:RELATIVE_STRENGTH_ROTATION:C2,RELATIVE_STRENGTH_ROTATION,C2,1.0,NEAR-USDT,2022-05-23 22:00:00+00:00,2022-05-23 23:00:00+00:00,2022-05-24 14:00:00+00:00,15,ADAPTIVE_PROTECTION_TOUCH,6.0117,5.628725,1559.595053309687,9375.817581981846,8778.53166644057,11.719771977477308,10.973164583050712,-597.2859155412771,-619.978852101805,ROBUSTNESS_2022,5,RELATIVE_STRENGTH_ROTATION,1,0.1276583333333333,6.0117,TRANSITION,RISK_OFF,5.628725,,,,,True
FULL_ADAPTIVE_LIFECYCLE_BRAIN__PRE_PROGRESS_NON_CONFIRMATION_V1,FULL_ADAPTIVE_LIFECYCLE_BRAIN__PRE_PROGRESS_NON_CONFIRMATION_V1:RELATIVE_STRENGTH_ROTATION:C2,RELATIVE_STRENGTH_ROTATION,C2,1.0,ETH-USDT,2022-05-24 11:00:00+00:00,2022-05-24 12:00:00+00:00,2022-05-24 15:00:00+00:00,3,ADAPTIVE_PROTECTION_TOUCH,1977.1,1913.4525,4.711859984211759,9315.818374785067,9015.92026643995,11.644772968481334,11.26990033304994,-299.89810834511627,-322.8127816466475,ROBUSTNESS_2022,2,RELATIVE_STRENGTH_ROTATION,1,21.215833333333297,1985.29,TRANSITION,RISK_OFF,1913.4525,,,,,True
FULL_ADAPTIVE_LIFECYCLE_BRAIN__PRE_PROGRESS_NON_CONFIRMATION_V1,FULL_ADAPTIVE_LIFECYCLE_BRAIN__PRE_PROGRESS_NON_CONFIRMATION_V1:RELATIVE_STRENGTH_ROTATION:C2,RELATIVE_STRENGTH_ROTATION,C2,1.0,SOL-USDT,2022-05-24 12:00:00+00:00,2022-05-24 13:00:00+00:00,2022-05-25 13:00:00+00:00,24,ADAPTIVE_STAGNATION_24H_CLOSE_NOT_ABOVE_ENTRY,49.536,47.678,187.7194580861029,9298.871075753194,8950.088322629214,11.623588844691492,11.187610403286516,-348.78275312398,-371.593952371958,ROBUSTNESS_2022,4,RELATIVE_STRENGTH_ROTATION,1,0.9355833333333332,50.848,TRANSITION,RISK_OFF,46.72925,,,,,True
FULL_ADAPTIVE_LIFECYCLE_BRAIN__PRE_PROGRESS_NON_CONFIRMATION_V1,FULL_ADAPTIVE_LIFECYCLE_BRAIN__PRE_PROGRESS_NON_CONFIRMATION_V1:RELATIVE_STRENGTH_ROTATION:C2,RELATIVE_STRENGTH_ROTATION,C2,1.0,ETH-USDT,2022-05-24 22:00:00+00:00,2022-05-24 23:00:00+00:00,2022-05-25 23:00:00+00:00,24,ADAPTIVE_STAGNATION_24H_CLOSE_NOT_ABOVE_ENTRY,1983.99,1968.24,4.65614079674126,9237.736779326693,9164.402561778019,11.547170974158366,11.455503202222523,-73.33421754867413,-96.33689172505501,ROBUSTNESS_2022,2,RELATIVE_STRENGTH_ROTATION,1,21.22875000000001,2022.38,TRANSITION,RISK_OFF,1920.30375,2022-05-25 04:00:00+00:00,1983.99,2022-05-25 08:00:00+00:00,2022-05-25 09:00:00+00:00,True
FULL_ADAPTIVE_LIFECYCLE_BRAIN__PRE_PROGRESS_NON_CONFIRMATION_V1,FULL_ADAPTIVE_LIFECYCLE_BRAIN__PRE_PROGRESS_NON_CONFIRMATION_V1:RELATIVE_STRENGTH_ROTATION:C2,RELATIVE_STRENGTH_ROTATION,C2,1.0,BTC-USDT,2022-05-24 23:00:00+00:00,2022-05-25 00:00:00+00:00,2022-05-26 01:00:00+00:00,25,ADAPTIVE_STAGNATION_24H_CLOSE_NOT_ABOVE_ENTRY,29607.6,29543.6,0.3119056630873236,9234.778110424242,9214.816147986652,11.543472638030304,11.518520184983315,-19.961962437590046,-43.023955260603664,ROBUSTNESS_2022,1,RELATIVE_STRENGTH_ROTATION,1,254.620833333334,30220.6,TRANSITION,RISK_OFF,28843.737499999996,2022-05-25 04:00:00+00:00,29607.6,2022-05-25 12:00:00+00:00,2022-05-25 13:00:00+00:00,True
FULL_ADAPTIVE_LIFECYCLE_BRAIN__PRE_PROGRESS_NON_CONFIRMATION_V1,FULL_ADAPTIVE_LIFECYCLE_BRAIN__PRE_PROGRESS_NON_CONFIRMATION_V1:RELATIVE_STRENGTH_ROTATION:C2,RELATIVE_STRENGTH_ROTATION,C2,1.0,AVAX-USDT,2022-05-29 09:00:00+00:00,2022-05-29 10:00:00+00:00,2022-05-30 13:00:00+00:00,27,ADAPTIVE_PROTECTION_TOUCH,25.388,26.507875,361.9737555011025,9189.789704661991,9595.155064103787,11.48723713082749,11.993943830129734,405.3653594417956,381.88417848083833,ROBUSTNESS_2022,7,RELATIVE_STRENGTH_ROTATION,1,0.6497083333333338,28.457,TRANSITION,TRANSITION,26.507875,2022-05-29 16:00:00+00:00,25.388,2022-05-29 20:00:00+00:00,2022-05-29 21:00:00+00:00,True
FULL_ADAPTIVE_LIFECYCLE_BRAIN__PRE_PROGRESS_NON_CONFIRMATION_V1,FULL_ADAPTIVE_LIFECYCLE_BRAIN__PRE_PROGRESS_NON_CONFIRMATION_V1:RELATIVE_STRENGTH_ROTATION:C2,RELATIVE_STRENGTH_ROTATION,C2,1.0,NEAR-USDT,2022-05-31 01:00:00+00:00,2022-05-31 02:00:00+00:00,2022-05-31 06:00:00+00:00,4,ADAPTIVE_PROTECTION_TOUCH,6.0511,6.210487499999999,1524.3772670630572,9224.159280725265,9467.125962379278,11.530199100906582,11.833907452974097,242.96668165401206,219.6025751001314,ROBUSTNESS_2022,7,RELATIVE_STRENGTH_ROTATION,1,0.1139708333333334,6.5524,TRANSITION,TRANSITION,6.210487499999999,,,,,True
FULL_ADAPTIVE_LIFECYCLE_BRAIN__PRE_PROGRESS_NON_CONFIRMATION_V1,FULL_ADAPTIVE_LIFECYCLE_BRAIN__PRE_PROGRESS_NON_CONFIRMATION_V1:RELATIVE_STRENGTH_ROTATION:C2,RELATIVE_STRENGTH_ROTATION,C2,1.0,XRP-USDT,2022-06-02 01:00:00+00:00,2022-06-02 02:00:00+00:00,2022-06-03 12:00:00+00:00,34,ADAPTIVE_STAGNATION_24H_CLOSE_NOT_ABOVE_ENTRY,0.39595,0.39343,23346.18894427144,9243.923512484276,9185.091116344713,11.554904390605346,11.48136389543089,-58.83239613956357,-81.8686644255998,ROBUSTNESS_2022,3,RELATIVE_STRENGTH_ROTATION,1,0.0049895833333333,0.41044,TRANSITION,RISK_OFF,0.3809812500000001,2022-06-03 00:00:00+00:00,0.40155,,,True
FULL_ADAPTIVE_LIFECYCLE_BRAIN__PRE_PROGRESS_NON_CONFIRMATION_V1,FULL_ADAPTIVE_LIFECYCLE_BRAIN__PRE_PROGRESS_NON_CONFIRMATION_V1:RELATIVE_STRENGTH_ROTATION:C2,RELATIVE_STRENGTH_ROTATION,C2,1.0,AVAX-USDT,2022-06-04 22:00:00+00:00,2022-06-04 23:00:00+00:00,2022-06-06 12:00:00+00:00,37,ADAPTIVE_PROTECTION_TOUCH,24.145,26.72125,382.54526124191227,9236.555332685972,10222.087561960449,11.545694165857466,12.77760945245056,985.5322292744768,961.2089256561688,ROBUSTNESS_2022,5,RELATIVE_STRENGTH_ROTATION,1,0.3519166666666664,27.777,TRANSITION,TRANSITION,26.72125,2022-06-05 04:00:00+00:00,24.145,,,True
FULL_ADAPTIVE_LIFECYCLE_BRAIN__PRE_PROGRESS_NON_CONFIRMATION_V1,FULL_ADAPTIVE_LIFECYCLE_BRAIN__PRE_PROGRESS_NON_CONFIRMATION_V1:RELATIVE_STRENGTH_ROTATION:C2,RELATIVE_STRENGTH_ROTATION,C2,1.0,BTC-USDT,2022-06-07 22:00:00+00:00,2022-06-07 23:00:00+00:00,2022-06-08 04:00:00+00:00,5,ADAPTIVE_PROTECTION_TOUCH,31397.5,29985.2,0.2969365120151295,9323.064135995028,8903.70070007606,11.653830169993785,11.129625875095076,-419.3634359189673,-442.1468919640562,ROBUSTNESS_2022,1,RELATIVE_STRENGTH_ROTATION,1,353.0749999999998,31566.0,TRANSITION,TRANSITION,29985.2,,,,,True
FULL_ADAPTIVE_LIFECYCLE_BRAIN__PRE_PROGRESS_NON_CONFIRMATION_V1,FULL_ADAPTIVE_LIFECYCLE_BRAIN__PRE_PROGRESS_NON_CONFIRMATION_V1:RELATIVE_STRENGTH_ROTATION:C2,RELATIVE_STRENGTH_ROTATION,C2,1.0,SOL-USDT,2022-06-08 02:00:00+00:00,2022-06-08 03:00:00+00:00,2022-06-09 03:00:00+00:00,24,ADAPTIVE_STAGNATION_24H_CLOSE_NOT_ABOVE_ENTRY,39.849,38.599,233.7444280918817,9314.481715033393,9022.30117991854,11.643102143791742,11.277876474898177,-292.1805351148523,-315.1015137335422,ROBUSTNESS_2022,3,RELATIVE_STRENGTH_ROTATION,1,0.8952500000000002,40.953,TRANSITION,RISK_OFF,37.16325,,,,,True
FULL_ADAPTIVE_LIFECYCLE_BRAIN__PRE_PROGRESS_NON_CONFIRMATION_V1,FULL_ADAPTIVE_LIFECYCLE_BRAIN__PRE_PROGRESS_NON_CONFIRMATION_V1:RELATIVE_STRENGTH_ROTATION:C2,RELATIVE_STRENGTH_ROTATION,C2,1.0,BTC-USDT,2022-06-08 06:00:00+00:00,2022-06-08 07:00:00+00:00,2022-06-09 07:00:00+00:00,24,ADAPTIVE_STAGNATION_24H_CLOSE_NOT_ABOVE_ENTRY,30552.5,30316.0,0.30361651463933226,9276.2435635182,9204.438257805998,11.595304454397748,11.505547822257498,-71.80530571220152,-94.90615798885676,ROBUSTNESS_2022,1,RELATIVE_STRENGTH_ROTATION,1,404.4291666666666,30891.8,TRANSITION,RISK_OFF,29339.2125,,,,,True
FULL_ADAPTIVE_LIFECYCLE_BRAIN__PRE_PROGRESS_NON_CONFIRMATION_V1,FULL_ADAPTIVE_LIFECYCLE_BRAIN__PRE_PROGRESS_NON_CONFIRMATION_V1:RELATIVE_STRENGTH_ROTATION:C2,RELATIVE_STRENGTH_ROTATION,C2,1.0,AVAX-USDT,2022-06-09 00:00:00+00:00,2022-06-09 01:00:00+00:00,2022-06-10 01:00:00+00:00,24,ADAPTIVE_STAGNATION_24H_CLOSE_NOT_ABOVE_ENTRY,24.511,24.415,377.64637543541994,9256.490308297578,9220.236256255777,11.570612885371972,11.525295320319723,-36.254052041800605,-59.3499602474923,ROBUSTNESS_2022,5,RELATIVE_STRENGTH_ROTATION,1,0.498375,25.387,TRANSITION,RISK_OFF,23.015874999999998,2022-06-09 08:00:00+00:00,24.511,2022-06-09 20:00:00+00:00,2022-06-09 21:00:00+00:00,True
FULL_ADAPTIVE_LIFECYCLE_BRAIN__PRE_PROGRESS_NON_CONFIRMATION_V1,FULL_ADAPTIVE_LIFECYCLE_BRAIN__PRE_PROGRESS_NON_CONFIRMATION_V1:RELATIVE_STRENGTH_ROTATION:C2,RELATIVE_STRENGTH_ROTATION,C2,1.0,XRP-USDT,2022-06-08 04:00:00+00:00,2022-06-08 05:00:00+00:00,2022-06-10 14:00:00+00:00,57,ADAPTIVE_STAGNATION_48H_CLOSE_NOT_ABOVE_ENTRY,0.39694,0.39294,23317.83022465684,9255.779529375286,9162.508208476658,11.569724411719108,11.453135260595824,-93.27132089862789,-116.29418057094283,ROBUSTNESS_2022,4,RELATIVE_STRENGTH_ROTATION,1,0.0045999999999999,0.41171,TRANSITION,TRANSITION,0.3831400000000003,2022-06-08 12:00:00+00:00,0.39694,,,True
FULL_ADAPTIVE_LIFECYCLE_BRAIN__PRE_PROGRESS_NON_CONFIRMATION_V1,FULL_ADAPTIVE_LIFECYCLE_BRAIN__PRE_PROGRESS_NON_CONFIRMATION_V1:RELATIVE_STRENGTH_ROTATION:C2,RELATIVE_STRENGTH_ROTATION,C2,1.0,SOL-USDT,2022-06-10 12:00:00+00:00,2022-06-10 13:00:00+00:00,2022-06-10 17:00:00+00:00,4,ADAPTIVE_PROTECTION_TOUCH,39.304,37.25325,235.2995619821692,9248.213984147178,8765.673407412245,11.560267480183972,10.957091759265307,-482.540576734933,-505.0579359743823,ROBUSTNESS_2022,3,RELATIVE_STRENGTH_ROTATION,1,0.6835833333333335,39.828,TRANSITION,RISK_OFF,37.25325,,,,,True
FULL_ADAPTIVE_LIFECYCLE_BRAIN__PRE_PROGRESS_NON_CONFIRMATION_V1,FULL_ADAPTIVE_LIFECYCLE_BRAIN__PRE_PROGRESS_NON_CONFIRMATION_V1:RELATIVE_STRENGTH_ROTATION:C2,RELATIVE_STRENGTH_ROTATION,C2,1.0,XRP-USDT,2022-06-10 13:00:00+00:00,2022-06-10 14:00:00+00:00,2022-06-10 17:00:00+00:00,3,ADAPTIVE_PROTECTION_TOUCH,0.39294,0.3834387500000001,23431.78607397836,9207.286019909057,8984.654762473672,11.509107524886321,11.230818453092091,-222.63125743538512,-245.37118341336355,ROBUSTNESS_2022,4,RELATIVE_STRENGTH_ROTATION,1,0.0031670833333333,0.39407,TRANSITION,RISK_OFF,0.3834387500000001,,,,,True
FULL_ADAPTIVE_LIFECYCLE_BRAIN__PRE_PROGRESS_NON_CONFIRMATION_V1,FULL_ADAPTIVE_LIFECYCLE_BRAIN__PRE_PROGRESS_NON_CONFIRMATION_V1:RELATIVE_STRENGTH_ROTATION:C2,RELATIVE_STRENGTH_ROTATION,C2,1.0,AVAX-USDT,2022-06-22 11:00:00+00:00,2022-06-22 12:00:00+00:00,2022-06-23 12:00:00+00:00,24,PRE_PROGRESS_THESIS_NON_CONFIRMATION_24H_NO_MEMORY,16.793,18.059,545.6454255847492,9163.023631844693,9853.810740634986,11.453779539805867,12.317263425793733,690.7871087902931,667.0160658246936,ROBUSTNESS_2022,6,RELATIVE_STRENGTH_ROTATION,1,0.4180833333333337,18.141,TRANSITION,RISK_OFF,15.538749999999999,,,,,True
FULL_ADAPTIVE_LIFECYCLE_BRAIN__PRE_PROGRESS_NON_CONFIRMATION_V1,FULL_ADAPTIVE_LIFECYCLE_BRAIN__PRE_PROGRESS_NON_CONFIRMATION_V1:RELATIVE_STRENGTH_ROTATION:C2,RELATIVE_STRENGTH_ROTATION,C2,1.0,XRP-USDT,2022-06-24 02:00:00+00:00,2022-06-24 03:00:00+00:00,2022-06-24 10:00:00+00:00,7,ADAPTIVE_PROTECTION_TOUCH,0.36099,0.37758749999999996,25549.336762151073,9223.055077768915,9647.110194678717,11.528818847211143,12.058887743348397,424.05511690980165,400.4674103192421,ROBUSTNESS_2022,5,RELATIVE_STRENGTH_ROTATION,1,0.00330625,0.3842,TRANSITION,RISK_OFF,0.3693875,2022-06-24 08:00:00+00:00,0.36099,,,True
FULL_ADAPTIVE_LIFECYCLE_BRAIN__PRE_PROGRESS_NON_CONFIRMATION_V1,FULL_ADAPTIVE_LIFECYCLE_BRAIN__PRE_PROGRESS_NON_CONFIRMATION_V1:RELATIVE_STRENGTH_ROTATION:C2,RELATIVE_STRENGTH_ROTATION,C2,1.0,AVAX-USDT,2022-06-24 03:00:00+00:00,2022-06-24 04:00:00+00:00,2022-06-25 13:00:00+00:00,33,ADAPTIVE_PROTECTION_TOUCH,19.595,20.40525,471.0547825254754,9230.31846358669,9611.990601127956,11.537898079483362,12.014988251409946,381.67213754126715,358.1192512103739,ROBUSTNESS_2022,6,RELATIVE_STRENGTH_ROTATION,1,0.4255833333333336,21.682,TRANSITION,TRANSITION,20.40525,2022-06-25 00:00:00+00:00,20.053,,,True
FULL_ADAPTIVE_LIFECYCLE_BRAIN__PRE_PROGRESS_NON_CONFIRMATION_V1,FULL_ADAPTIVE_LIFECYCLE_BRAIN__PRE_PROGRESS_NON_CONFIRMATION_V1:RELATIVE_STRENGTH_ROTATION:C2,RELATIVE_STRENGTH_ROTATION,C2,1.0,AVAX-USDT,2022-06-27 08:00:00+00:00,2022-06-27 09:00:00+00:00,2022-06-27 17:00:00+00:00,8,ADAPTIVE_PROTECTION_TOUCH,20.855,19.67025,445.52039689794196,9291.32787730658,8763.497587081743,11.614159846633225,10.95437198385218,-527.8302902248361,-550.3988220553215,ROBUSTNESS_2022,6,RELATIVE_STRENGTH_ROTATION,1,0.3949166666666667,21.395,TRANSITION,RISK_OFF,19.67025,,,,,True
FULL_ADAPTIVE_LIFECYCLE_BRAIN__PRE_PROGRESS_NON_CONFIRMATION_V1,FULL_ADAPTIVE_LIFECYCLE_BRAIN__PRE_PROGRESS_NON_CONFIRMATION_V1:RELATIVE_STRENGTH_ROTATION:C2,RELATIVE_STRENGTH_ROTATION,C2,1.0,SOL-USDT,2022-07-04 22:00:00+00:00,2022-07-04 23:00:00+00:00,2022-07-05 12:00:00+00:00,13,ADAPTIVE_PROTECTION_TOUCH,35.975,33.949666666666666,256.8948431778068,9241.7919833216,8721.494294272148,11.552239979152,10.901867867840185,-520.297689049452,-542.7517968964441,ROBUSTNESS_2022,3,RELATIVE_STRENGTH_ROTATION,1,0.506333333333334,36.99,TRANSITION,TRANSITION,33.949666666666666,,,,,True
FULL_ADAPTIVE_LIFECYCLE_BRAIN__PRE_PROGRESS_NON_CONFIRMATION_V1,FULL_ADAPTIVE_LIFECYCLE_BRAIN__PRE_PROGRESS_NON_CONFIRMATION_V1:RELATIVE_STRENGTH_ROTATION:C2,RELATIVE_STRENGTH_ROTATION,C2,1.0,AVAX-USDT,2022-07-04 23:00:00+00:00,2022-07-05 00:00:00+00:00,2022-07-05 13:00:00+00:00,13,ADAPTIVE_PROTECTION_TOUCH,17.918,16.689,516.4045543104924,9252.936804135401,8618.275606887806,11.56617100516925,10.772844508609758,-634.6611972475948,-657.0002127613739,ROBUSTNESS_2022,6,RELATIVE_STRENGTH_ROTATION,1,0.3072500000000002,18.243,TRANSITION,TRANSITION,16.689,,,,,True
FULL_ADAPTIVE_LIFECYCLE_BRAIN__PRE_PROGRESS_NON_CONFIRMATION_V1,FULL_ADAPTIVE_LIFECYCLE_BRAIN__PRE_PROGRESS_NON_CONFIRMATION_V1:RELATIVE_STRENGTH_ROTATION:C2,RELATIVE_STRENGTH_ROTATION,C2,1.0,ETH-USDT,2022-07-05 03:00:00+00:00,2022-07-05 04:00:00+00:00,2022-07-05 16:00:00+00:00,12,ADAPTIVE_PROTECTION_TOUCH,1143.91,1077.9716666666668,8.056907393914019,9216.376936972185,8685.117891596485,11.520471171215231,10.856397364495606,-531.2590453757002,-553.6359139114111,ROBUSTNESS_2022,2,RELATIVE_STRENGTH_ROTATION,1,16.484583333333347,1173.59,TRANSITION,TRANSITION,1077.9716666666668,2022-07-05 08:00:00+00:00,1143.91,2022-07-05 12:00:00+00:00,2022-07-05 13:00:00+00:00,True
FULL_ADAPTIVE_LIFECYCLE_BRAIN__PRE_PROGRESS_NON_CONFIRMATION_V1,FULL_ADAPTIVE_LIFECYCLE_BRAIN__PRE_PROGRESS_NON_CONFIRMATION_V1:RELATIVE_STRENGTH_ROTATION:C2,RELATIVE_STRENGTH_ROTATION,C2,1.0,ETH-USDT,2022-07-05 17:00:00+00:00,2022-07-05 18:00:00+00:00,2022-07-06 02:00:00+00:00,8,ADAPTIVE_PROTECTION_TOUCH,1095.44,1118.8287500000001,8.28460139291498,9075.283749854787,9269.050220683328,11.344104687318485,11.58631277585416,193.76647082854106,170.8360533653684,ROBUSTNESS_2022,2,RELATIVE_STRENGTH_ROTATION,1,17.05708333333332,1170.0,TRANSITION,TRANSITION,1118.8287500000001,2022-07-06 00:00:00+00:00,1095.44,,,True
FULL_ADAPTIVE_LIFECYCLE_BRAIN__PRE_PROGRESS_NON_CONFIRMATION_V1,FULL_ADAPTIVE_LIFECYCLE_BRAIN__PRE_PROGRESS_NON_CONFIRMATION_V1:RELATIVE_STRENGTH_ROTATION:C2,RELATIVE_STRENGTH_ROTATION,C2,1.0,AVAX-USDT,2022-07-05 15:00:00+00:00,2022-07-05 16:00:00+00:00,2022-07-08 07:00:00+00:00,63,ADAPTIVE_PROTECTION_TOUCH,16.923,20.089125000000003,536.7834940731768,9083.98707020037,10783.51071037281,11.354983837750463,13.479388387966011,1699.5236401724396,1674.689267946723,ROBUSTNESS_2022,6,RELATIVE_STRENGTH_ROTATION,1,0.344625,21.123,TRANSITION,TRANSITION,20.089125000000003,2022-07-05 20:00:00+00:00,16.923,,,True
FULL_ADAPTIVE_LIFECYCLE_BRAIN__PRE_PROGRESS_NON_CONFIRMATION_V1,FULL_ADAPTIVE_LIFECYCLE_BRAIN__PRE_PROGRESS_NON_CONFIRMATION_V1:RELATIVE_STRENGTH_ROTATION:C2,RELATIVE_STRENGTH_ROTATION,C2,1.0,BTC-USDT,2022-07-09 18:00:00+00:00,2022-07-09 19:00:00+00:00,2022-07-10 14:00:00+00:00,19,ADAPTIVE_PROTECTION_TOUCH,21879.7,21106.316666666666,0.4238310112812924,9273.295377531294,8945.51153725653,11.591619221914119,11.181889421570663,-327.78384027476386,-350.55734891824864,ROBUSTNESS_2022,1,RELATIVE_STRENGTH_ROTATION,1,193.3458333333333,21914.2,TRANSITION,TRANSITION,21106.316666666666,,,,,True
FULL_ADAPTIVE_LIFECYCLE_BRAIN__PRE_PROGRESS_NON_CONFIRMATION_V1,FULL_ADAPTIVE_LIFECYCLE_BRAIN__PRE_PROGRESS_NON_CONFIRMATION_V1:RELATIVE_STRENGTH_ROTATION:C2,RELATIVE_STRENGTH_ROTATION,C2,1.0,AVAX-USDT,2022-07-09 03:00:00+00:00,2022-07-09 04:00:00+00:00,2022-07-10 16:00:00+00:00,36,ADAPTIVE_STAGNATION_24H_CLOSE_NOT_ABOVE_ENTRY,19.804,18.89,467.4179177223017,9256.744442572463,8829.524465774279,11.570930553215579,11.036905582217848,-427.2199767981838,-449.8278129336172,ROBUSTNESS_2022,6,RELATIVE_STRENGTH_ROTATION,1,0.3922083333333327,20.269,TRANSITION,RISK_OFF,18.235166666666668,2022-07-09 08:00:00+00:00,19.804,2022-07-10 04:00:00+00:00,2022-07-10 05:00:00+00:00,True
FULL_ADAPTIVE_LIFECYCLE_BRAIN__PRE_PROGRESS_NON_CONFIRMATION_V1,FULL_ADAPTIVE_LIFECYCLE_BRAIN__PRE_PROGRESS_NON_CONFIRMATION_V1:RELATIVE_STRENGTH_ROTATION:C2,RELATIVE_STRENGTH_ROTATION,C2,1.0,SOL-USDT,2022-07-09 02:00:00+00:00,2022-07-09 03:00:00+00:00,2022-07-10 16:00:00+00:00,37,ADAPTIVE_STAGNATION_24H_CLOSE_NOT_ABOVE_ENTRY,38.162,36.516,242.3899258193611,9250.084349118459,8851.11053121979,11.562605436398073,11.063888164024739,-398.97381789866813,-421.60031149909094,ROBUSTNESS_2022,3,RELATIVE_STRENGTH_ROTATION,1,0.7492916666666662,38.954,TRANSITION,RISK_OFF,35.164833333333334,2022-07-09 08:00:00+00:00,38.162,2022-07-09 16:00:00+00:00,2022-07-09 17:00:00+00:00,True
FULL_ADAPTIVE_LIFECYCLE_BRAIN__PRE_PROGRESS_NON_CONFIRMATION_V1,FULL_ADAPTIVE_LIFECYCLE_BRAIN__PRE_PROGRESS_NON_CONFIRMATION_V1:RELATIVE_STRENGTH_ROTATION:C2,RELATIVE_STRENGTH_ROTATION,C2,1.0,ETH-USDT,2022-07-15 10:00:00+00:00,2022-07-15 11:00:00+00:00,2022-07-16 18:00:00+00:00,31,ADAPTIVE_PROTECTION_GAP,1218.52,1358.86,7.500989443354951,9140.105656516875,10192.794514997307,11.425132070646093,12.740993143746635,1052.6888584804328,1028.5227332660402,ROBUSTNESS_2022,2,RELATIVE_STRENGTH_ROTATION,1,20.76791666666665,1422.64,TRANSITION,TRANSITION,1135.4483333333333,2022-07-15 16:00:00+00:00,1218.52,2022-07-16 08:00:00+00:00,2022-07-16 09:00:00+00:00,True
FULL_ADAPTIVE_LIFECYCLE_BRAIN__PRE_PROGRESS_NON_CONFIRMATION_V1,FULL_ADAPTIVE_LIFECYCLE_BRAIN__PRE_PROGRESS_NON_CONFIRMATION_V1:RELATIVE_STRENGTH_ROTATION:C2,RELATIVE_STRENGTH_ROTATION,C2,1.0,ETH-USDT,2022-07-18 17:00:00+00:00,2022-07-18 18:00:00+00:00,2022-07-19 02:00:00+00:00,8,ADAPTIVE_PROTECTION_TOUCH,1495.81,1541.89375,6.1671932022155795,9224.949263806086,9509.156653538688,11.531186579757607,11.886445816923361,284.2073897326027,260.7897573359217,ROBUSTNESS_2022,2,RELATIVE_STRENGTH_ROTATION,1,29.96208333333335,1631.78,TRANSITION,TRANSITION,1375.9616666666666,2022-07-19 00:00:00+00:00,1495.81,,,True
FULL_ADAPTIVE_LIFECYCLE_BRAIN__PRE_PROGRESS_NON_CONFIRMATION_V1,FULL_ADAPTIVE_LIFECYCLE_BRAIN__PRE_PROGRESS_NON_CONFIRMATION_V1:RELATIVE_STRENGTH_ROTATION:C2,RELATIVE_STRENGTH_ROTATION,C2,1.0,AVAX-USDT,2022-07-18 14:00:00+00:00,2022-07-18 15:00:00+00:00,2022-07-19 23:00:00+00:00,32,ADAPTIVE_PROTECTION_TOUCH,23.742,24.767125000000004,388.8751032984086,9232.672702510818,9631.318292779599,11.540840878138523,12.039147865974499,398.64559026878123,375.06560152466824,ROBUSTNESS_2022,5,RELATIVE_STRENGTH_ROTATION,1,0.5022916666666662,26.274,TRANSITION,TRANSITION,24.767125000000004,2022-07-19 16:00:00+00:00,24.765,,,True
FULL_ADAPTIVE_LIFECYCLE_BRAIN__PRE_PROGRESS_NON_CONFIRMATION_V1,FULL_ADAPTIVE_LIFECYCLE_BRAIN__PRE_PROGRESS_NON_CONFIRMATION_V1:RELATIVE_STRENGTH_ROTATION:C2,RELATIVE_STRENGTH_ROTATION,C2,1.0,ADA-USDT,2022-07-20 08:00:00+00:00,2022-07-20 09:00:00+00:00,2022-07-20 21:00:00+00:00,12,ADAPTIVE_PROTECTION_TOUCH,0.530113,0.49306749999999994,17524.3762835627,9289.899684808272,8640.70040319555,11.61237460601034,10.800875503994437,-649.1992816127222,-671.612531722727,ROBUSTNESS_2022,6,RELATIVE_STRENGTH_ROTATION,1,0.009261375,0.53952,TRANSITION,TRANSITION,0.49306749999999994,,,,,True
FULL_ADAPTIVE_LIFECYCLE_BRAIN__PRE_PROGRESS_NON_CONFIRMATION_V1,FULL_ADAPTIVE_LIFECYCLE_BRAIN__PRE_PROGRESS_NON_CONFIRMATION_V1:RELATIVE_STRENGTH_ROTATION:C2,RELATIVE_STRENGTH_ROTATION,C2,1.0,AVAX-USDT,2022-07-20 10:00:00+00:00,2022-07-20 11:00:00+00:00,2022-07-21 05:00:00+00:00,18,ADAPTIVE_PROTECTION_TOUCH,25.113,22.722833333333334,369.8612126768971,9288.324633954917,8404.294692121686,11.610405792443647,10.505368365152108,-884.0299418332306,-906.1457159908264,ROBUSTNESS_2022,5,RELATIVE_STRENGTH_ROTATION,1,0.5975416666666667,26.347,TRANSITION,TRANSITION,22.722833333333334,2022-07-20 16:00:00+00:00,25.113,2022-07-20 20:00:00+00:00,2022-07-20 21:00:00+00:00,True
FULL_ADAPTIVE_LIFECYCLE_BRAIN__PRE_PROGRESS_NON_CONFIRMATION_V1,FULL_ADAPTIVE_LIFECYCLE_BRAIN__PRE_PROGRESS_NON_CONFIRMATION_V1:RELATIVE_STRENGTH_ROTATION:C2,RELATIVE_STRENGTH_ROTATION,C2,1.0,ETH-USDT,2022-07-20 12:00:00+00:00,2022-07-20 13:00:00+00:00,2022-07-21 05:00:00+00:00,16,ADAPTIVE_PROTECTION_TOUCH,1603.37,1480.6066666666666,5.792518179323263,9287.54987318154,8576.441033093884,11.609437341476927,10.720551291367356,-711.1088400876561,-733.4388287205003,ROBUSTNESS_2022,2,RELATIVE_STRENGTH_ROTATION,1,30.690833333333348,1620.67,TRANSITION,TRANSITION,1480.6066666666666,,,,,True
FULL_ADAPTIVE_LIFECYCLE_BRAIN__PRE_PROGRESS_NON_CONFIRMATION_V1,FULL_ADAPTIVE_LIFECYCLE_BRAIN__PRE_PROGRESS_NON_CONFIRMATION_V1:RELATIVE_STRENGTH_ROTATION:C2,RELATIVE_STRENGTH_ROTATION,C2,1.0,ADA-USDT,2022-07-21 08:00:00+00:00,2022-07-21 09:00:00+00:00,2022-07-23 10:00:00+00:00,49,ADAPTIVE_STAGNATION_48H_CLOSE_NOT_ABOVE_ENTRY,0.490217,0.484132,37083.77867260842,18179.098729550085,17953.44393632726,22.723873411937607,22.441804920409076,-225.65479322282408,-270.82047155517074,ROBUSTNESS_2022,6,RELATIVE_STRENGTH_ROTATION,1,0.0108849999999999,0.5112,RISK_ON,TRANSITION,0.44667700000000043,2022-07-21 20:00:00+00:00,0.49082,2022-07-22 20:00:00+00:00,2022-07-22 21:00:00+00:00,True
FULL_ADAPTIVE_LIFECYCLE_BRAIN__PRE_PROGRESS_NON_CONFIRMATION_V1,FULL_ADAPTIVE_LIFECYCLE_BRAIN__PRE_PROGRESS_NON_CONFIRMATION_V1:RELATIVE_STRENGTH_ROTATION:C2,RELATIVE_STRENGTH_ROTATION,C2,1.0,BTC-USDT,2022-07-21 03:00:00+00:00,2022-07-21 04:00:00+00:00,2022-07-23 10:00:00+00:00,54,ADAPTIVE_STAGNATION_48H_CLOSE_NOT_ABOVE_ENTRY,22693.3,22607.6,0.40070200644703924,9093.250842904596,9058.910680952084,11.366563553630744,11.323638351190105,-34.34016195251206,-57.03036385733291,ROBUSTNESS_2022,1,RELATIVE_STRENGTH_ROTATION,1,356.35000000000053,23754.0,TRANSITION,TRANSITION,21267.899999999998,2022-07-21 08:00:00+00:00,22693.3,2022-07-21 12:00:00+00:00,2022-07-21 13:00:00+00:00,True
FULL_ADAPTIVE_LIFECYCLE_BRAIN__PRE_PROGRESS_NON_CONFIRMATION_V1,FULL_ADAPTIVE_LIFECYCLE_BRAIN__PRE_PROGRESS_NON_CONFIRMATION_V1:RELATIVE_STRENGTH_ROTATION:C2,RELATIVE_STRENGTH_ROTATION,C2,1.0,AVAX-USDT,2022-07-21 16:00:00+00:00,2022-07-21 17:00:00+00:00,2022-07-23 17:00:00+00:00,48,ADAPTIVE_STAGNATION_48H_CLOSE_NOT_ABOVE_ENTRY,24.117,23.548,375.3123303861502,9051.407471922785,8837.854755933065,11.314259339903481,11.047318444916332,-213.55271598971922,-235.91429377453903,ROBUSTNESS_2022,5,RELATIVE_STRENGTH_ROTATION,1,0.5773333333333328,25.55,TRANSITION,TRANSITION,21.80766666666667,2022-07-22 00:00:00+00:00,24.117,2022-07-22 20:00:00+00:00,2022-07-22 21:00:00+00:00,True
FULL_ADAPTIVE_LIFECYCLE_BRAIN__PRE_PROGRESS_NON_CONFIRMATION_V1,FULL_ADAPTIVE_LIFECYCLE_BRAIN__PRE_PROGRESS_NON_CONFIRMATION_V1:RELATIVE_STRENGTH_ROTATION:C2,RELATIVE_STRENGTH_ROTATION,C2,1.0,ADA-USDT,2022-07-23 21:00:00+00:00,2022-07-23 22:00:00+00:00,2022-07-24 18:00:00+00:00,20,ADAPTIVE_PROTECTION_TOUCH,0.497226,0.5184610000000002,18055.022023875226,8977.426380843383,9360.824773520377,11.221782976054229,11.701030966900472,383.39839267699426,360.4755787340396,ROBUSTNESS_2022,6,RELATIVE_STRENGTH_ROTATION,1,0.0059486666666666,0.536307,TRANSITION,TRANSITION,0.5184610000000002,2022-07-24 04:00:00+00:00,0.497226,,,True
FULL_ADAPTIVE_LIFECYCLE_BRAIN__PRE_PROGRESS_NON_CONFIRMATION_V1,FULL_ADAPTIVE_LIFECYCLE_BRAIN__PRE_PROGRESS_NON_CONFIRMATION_V1:RELATIVE_STRENGTH_ROTATION:C2,RELATIVE_STRENGTH_ROTATION,C2,1.0,ETH-USDT,2022-07-22 16:00:00+00:00,2022-07-22 17:00:00+00:00,2022-07-25 02:00:00+00:00,57,ADAPTIVE_STAGNATION_48H_CLOSE_NOT_ABOVE_ENTRY,1574.63,1558.43,11.571684638471153,18221.121782275834,18033.6604911326,22.77640222784479,22.54207561391575,-187.46129114323412,-232.77976898499466,ROBUSTNESS_2022,2,RELATIVE_STRENGTH_ROTATION,1,25.4545833333333,1665.0,RISK_ON,TRANSITION,1472.811666666667,2022-07-24 08:00:00+00:00,1596.89,,,True
FULL_ADAPTIVE_LIFECYCLE_BRAIN__PRE_PROGRESS_NON_CONFIRMATION_V1,FULL_ADAPTIVE_LIFECYCLE_BRAIN__PRE_PROGRESS_NON_CONFIRMATION_V1:RELATIVE_STRENGTH_ROTATION:C2,RELATIVE_STRENGTH_ROTATION,C2,1.0,ETH-USDT,2022-07-27 23:00:00+00:00,2022-07-28 00:00:00+00:00,2022-07-29 12:00:00+00:00,36,ADAPTIVE_PROTECTION_TOUCH,1625.58,1679.3250000000003,11.125439177622495,18085.291418359575,18683.228146960897,22.606614272949468,23.35403518370112,597.9367286013221,551.9760791446714,ROBUSTNESS_2022,2,RELATIVE_STRENGTH_ROTATION,1,26.211249999999968,1784.17,RISK_ON,RISK_ON,1679.3250000000003,2022-07-28 04:00:00+00:00,1625.58,2022-07-28 08:00:00+00:00,2022-07-28 09:00:00+00:00,True
FULL_ADAPTIVE_LIFECYCLE_BRAIN__PRE_PROGRESS_NON_CONFIRMATION_V1,FULL_ADAPTIVE_LIFECYCLE_BRAIN__PRE_PROGRESS_NON_CONFIRMATION_V1:RELATIVE_STRENGTH_ROTATION:C2,RELATIVE_STRENGTH_ROTATION,C2,1.0,AVAX-USDT,2022-07-29 16:00:00+00:00,2022-07-29 17:00:00+00:00,2022-07-31 19:00:00+00:00,50,ADAPTIVE_STAGNATION_48H_CLOSE_NOT_ABOVE_ENTRY,25.021,24.735,723.0188228243882,18090.653965889018,17883.87058256124,22.613317457361273,22.35483822820155,-206.7833833277764,-251.7515390133392,ROBUSTNESS_2022,5,RELATIVE_STRENGTH_ROTATION,1,0.5348333333333333,25.827,RISK_ON,TRANSITION,22.346833333333336,2022-07-30 16:00:00+00:00,25.077,2022-07-30 20:00:00+00:00,2022-07-30 21:00:00+00:00,True
FULL_ADAPTIVE_LIFECYCLE_BRAIN__PRE_PROGRESS_NON_CONFIRMATION_V1,FULL_ADAPTIVE_LIFECYCLE_BRAIN__PRE_PROGRESS_NON_CONFIRMATION_V1:RELATIVE_STRENGTH_ROTATION:C2,RELATIVE_STRENGTH_ROTATION,C2,1.0,SOL-USDT,2022-07-29 06:00:00+00:00,2022-07-29 07:00:00+00:00,2022-07-31 20:00:00+00:00,61,ADAPTIVE_STAGNATION_48H_CLOSE_NOT_ABOVE_ENTRY,43.84,43.742,417.1466275966989,18287.70815383928,18246.827784334804,22.859635192299102,22.808534730418504,-40.88036950447713,-86.54853942719474,ROBUSTNESS_2022,3,RELATIVE_STRENGTH_ROTATION,1,0.885666666666666,46.651,RISK_ON,TRANSITION,40.29733333333334,2022-07-30 16:00:00+00:00,43.84,2022-07-31 00:00:00+00:00,2022-07-31 01:00:00+00:00,True
FULL_ADAPTIVE_LIFECYCLE_BRAIN__PRE_PROGRESS_NON_CONFIRMATION_V1,FULL_ADAPTIVE_LIFECYCLE_BRAIN__PRE_PROGRESS_NON_CONFIRMATION_V1:RELATIVE_STRENGTH_ROTATION:C2,RELATIVE_STRENGTH_ROTATION,C2,1.0,ETH-USDT,2022-07-29 17:00:00+00:00,2022-07-29 18:00:00+00:00,2022-08-01 00:00:00+00:00,54,ADAPTIVE_STAGNATION_48H_CLOSE_NOT_ABOVE_ENTRY,1690.39,1684.8,10.627208392751282,17964.12679502284,17904.72070010736,22.45515849377855,22.3809008751342,-59.406094915480935,-104.24215428439369,ROBUSTNESS_2022,2,RELATIVE_STRENGTH_ROTATION,1,30.33333333333337,1765.0,RISK_ON,TRANSITION,1569.0566666666666,2022-07-30 00:00:00+00:00,1690.39,,,True
FULL_ADAPTIVE_LIFECYCLE_BRAIN__PRE_PROGRESS_NON_CONFIRMATION_V1,FULL_ADAPTIVE_LIFECYCLE_BRAIN__PRE_PROGRESS_NON_CONFIRMATION_V1:RELATIVE_STRENGTH_ROTATION:C2,RELATIVE_STRENGTH_ROTATION,C2,1.0,XRP-USDT,2022-07-31 03:00:00+00:00,2022-07-31 04:00:00+00:00,2022-08-02 04:00:00+00:00,48,ADAPTIVE_STAGNATION_48H_CLOSE_NOT_ABOVE_ENTRY,0.39073,0.37159,46280.61906916239,18083.226288893824,17197.415239910053,22.60403286111728,21.49676904988757,-885.8110489837709,-929.9118508947757,ROBUSTNESS_2022,4,RELATIVE_STRENGTH_ROTATION,1,0.0060458333333333,0.3999,RISK_ON,TRANSITION,0.3665466666666668,2022-07-31 08:00:00+00:00,0.39073,2022-07-31 16:00:00+00:00,2022-07-31 17:00:00+00:00,True
FULL_ADAPTIVE_LIFECYCLE_BRAIN__PRE_PROGRESS_NON_CONFIRMATION_V1,FULL_ADAPTIVE_LIFECYCLE_BRAIN__PRE_PROGRESS_NON_CONFIRMATION_V1:RELATIVE_STRENGTH_ROTATION:C2,RELATIVE_STRENGTH_ROTATION,C2,1.0,ETH-USDT,2022-08-10 14:00:00+00:00,2022-08-10 15:00:00+00:00,2022-08-14 17:00:00+00:00,98,ADAPTIVE_PROTECTION_TOUCH,1828.72,1963.24,9.808830973333299,17937.60537755407,19257.089320086867,22.42200672194259,24.071361650108585,1319.4839425327955,1272.9905741607442,ROBUSTNESS_2022,2,RELATIVE_STRENGTH_ROTATION,1,22.686666666666657,2031.3,RISK_ON,RISK_ON,1963.24,2022-08-11 00:00:00+00:00,1849.49,,,True
FULL_ADAPTIVE_LIFECYCLE_BRAIN__PRE_PROGRESS_NON_CONFIRMATION_V1,FULL_ADAPTIVE_LIFECYCLE_BRAIN__PRE_PROGRESS_NON_CONFIRMATION_V1:RELATIVE_STRENGTH_ROTATION:C2,RELATIVE_STRENGTH_ROTATION,C2,1.0,SOL-USDT,2022-08-13 01:00:00+00:00,2022-08-13 02:00:00+00:00,2022-08-14 19:00:00+00:00,41,ADAPTIVE_PROTECTION_TOUCH,47.074,44.65933333333333,386.2179245540028,18180.82258045513,17248.235031965396,22.72602822556891,21.560293789956745,-932.5875484897333,-976.873870505259,ROBUSTNESS_2022,3,RELATIVE_STRENGTH_ROTATION,1,0.6036666666666669,48.362,RISK_ON,TRANSITION,44.65933333333333,2022-08-13 08:00:00+00:00,47.074,2022-08-13 12:00:00+00:00,2022-08-13 13:00:00+00:00,True
FULL_ADAPTIVE_LIFECYCLE_BRAIN__PRE_PROGRESS_NON_CONFIRMATION_V1,FULL_ADAPTIVE_LIFECYCLE_BRAIN__PRE_PROGRESS_NON_CONFIRMATION_V1:RELATIVE_STRENGTH_ROTATION:C2,RELATIVE_STRENGTH_ROTATION,C2,1.0,ADA-USDT,2022-08-14 03:00:00+00:00,2022-08-14 04:00:00+00:00,2022-08-15 07:00:00+00:00,27,ADAPTIVE_PROTECTION_TOUCH,0.590353,0.5595171666666668,30816.281933706854,18192.484488409642,17242.23875474885,22.740605610512052,21.552798443436064,-950.2457336607913,-994.5391377147394,ROBUSTNESS_2022,7,RELATIVE_STRENGTH_ROTATION,1,0.0077089583333333,0.594609,RISK_ON,RISK_ON,0.5595171666666668,,,,,True
FULL_ADAPTIVE_LIFECYCLE_BRAIN__PRE_PROGRESS_NON_CONFIRMATION_V1,FULL_ADAPTIVE_LIFECYCLE_BRAIN__PRE_PROGRESS_NON_CONFIRMATION_V1:RELATIVE_STRENGTH_ROTATION:C2,RELATIVE_STRENGTH_ROTATION,C2,1.0,BTC-USDT,2022-08-23 02:00:00+00:00,2022-08-23 03:00:00+00:00,2022-08-24 04:00:00+00:00,25,ADAPTIVE_STAGNATION_24H_CLOSE_NOT_ABOVE_ENTRY,21305.0,21198.5,0.4182900344492577,8911.669183941436,8867.12129527259,11.139586479926795,11.083901619090737,-44.54788866884701,-66.77137676786454,ROBUSTNESS_2022,2,RELATIVE_STRENGTH_ROTATION,1,182.76250000000027,21676.9,TRANSITION,RISK_OFF,20756.712499999998,2022-08-23 08:00:00+00:00,21305.0,,,True
FULL_ADAPTIVE_LIFECYCLE_BRAIN__PRE_PROGRESS_NON_CONFIRMATION_V1,FULL_ADAPTIVE_LIFECYCLE_BRAIN__PRE_PROGRESS_NON_CONFIRMATION_V1:RELATIVE_STRENGTH_ROTATION:C2,RELATIVE_STRENGTH_ROTATION,C2,1.0,ADA-USDT,2022-08-23 14:00:00+00:00,2022-08-23 15:00:00+00:00,2022-08-25 00:00:00+00:00,33,ADAPTIVE_STAGNATION_24H_CLOSE_NOT_ABOVE_ENTRY,0.463789,0.458016,19243.90569195929,8925.111776968108,8814.016709408426,11.156389721210134,11.017520886760533,-111.09506755968141,-133.26897816765208,ROBUSTNESS_2022,5,RELATIVE_STRENGTH_ROTATION,1,0.0056425833333333,0.469712,TRANSITION,RISK_OFF,0.4468612500000001,2022-08-24 00:00:00+00:00,0.46435,2022-08-24 04:00:00+00:00,2022-08-24 05:00:00+00:00,True
FULL_ADAPTIVE_LIFECYCLE_BRAIN__PRE_PROGRESS_NON_CONFIRMATION_V1,FULL_ADAPTIVE_LIFECYCLE_BRAIN__PRE_PROGRESS_NON_CONFIRMATION_V1:RELATIVE_STRENGTH_ROTATION:C2,RELATIVE_STRENGTH_ROTATION,C2,1.0,AVAX-USDT,2022-08-23 15:00:00+00:00,2022-08-23 16:00:00+00:00,2022-08-25 00:00:00+00:00,32,ADAPTIVE_STAGNATION_24H_CLOSE_NOT_ABOVE_ENTRY,23.141,23.075,385.05148125582707,8910.476327741093,8885.062929978209,11.138095409676366,11.10632866247276,-25.413397762884415,-47.657821835033545,ROBUSTNESS_2022,6,RELATIVE_STRENGTH_ROTATION,1,0.3358749999999998,23.734,TRANSITION,RISK_OFF,22.133374999999997,2022-08-23 20:00:00+00:00,23.141,2022-08-24 04:00:00+00:00,2022-08-24 05:00:00+00:00,True
FULL_ADAPTIVE_LIFECYCLE_BRAIN__PRE_PROGRESS_NON_CONFIRMATION_V1,FULL_ADAPTIVE_LIFECYCLE_BRAIN__PRE_PROGRESS_NON_CONFIRMATION_V1:RELATIVE_STRENGTH_ROTATION:C2,RELATIVE_STRENGTH_ROTATION,C2,1.0,XRP-USDT,2022-08-22 22:00:00+00:00,2022-08-22 23:00:00+00:00,2022-08-25 00:00:00+00:00,49,ADAPTIVE_PROTECTION_GAP,0.33842,0.34584,26316.248063683302,8905.944669711704,9101.211230344234,11.13243083713963,11.376514037930292,195.26656063252994,172.75761575746003,ROBUSTNESS_2022,4,RELATIVE_STRENGTH_ROTATION,1,0.0032995833333333,0.35264,TRANSITION,RISK_OFF,0.3427412500000001,2022-08-23 04:00:00+00:00,0.33842,2022-08-23 08:00:00+00:00,2022-08-23 09:00:00+00:00,True
FULL_ADAPTIVE_LIFECYCLE_BRAIN__PRE_PROGRESS_NON_CONFIRMATION_V1,FULL_ADAPTIVE_LIFECYCLE_BRAIN__PRE_PROGRESS_NON_CONFIRMATION_V1:RELATIVE_STRENGTH_ROTATION:C2,RELATIVE_STRENGTH_ROTATION,C2,1.0,ADA-USDT,2022-08-26 07:00:00+00:00,2022-08-26 08:00:00+00:00,2022-08-26 12:00:00+00:00,4,ADAPTIVE_PROTECTION_TOUCH,0.478758,0.46487875000000023,18598.55934249525,8904.209073694341,8646.075018940017,11.130261342117926,10.807593773675022,-258.1340547543241,-280.07190987011705,ROBUSTNESS_2022,5,RELATIVE_STRENGTH_ROTATION,1,0.0046264166666666,0.482179,TRANSITION,RISK_OFF,0.46487875000000023,,,,,True
FULL_ADAPTIVE_LIFECYCLE_BRAIN__PRE_PROGRESS_NON_CONFIRMATION_V1,FULL_ADAPTIVE_LIFECYCLE_BRAIN__PRE_PROGRESS_NON_CONFIRMATION_V1:RELATIVE_STRENGTH_ROTATION:C2,RELATIVE_STRENGTH_ROTATION,C2,1.0,ETH-USDT,2022-08-23 21:00:00+00:00,2022-08-23 22:00:00+00:00,2022-08-26 13:00:00+00:00,63,ADAPTIVE_STAGNATION_24H_CLOSE_NOT_ABOVE_ENTRY,1647.09,1629.21,5.418694942036373,8925.078252078689,8828.19198651508,11.15634781509836,11.03523998314385,-96.88626556360941,-119.07785336185162,ROBUSTNESS_2022,1,RELATIVE_STRENGTH_ROTATION,1,23.63458333333333,1722.0,TRANSITION,RISK_OFF,1576.18625,2022-08-24 16:00:00+00:00,1666.51,2022-08-25 00:00:00+00:00,2022-08-25 01:00:00+00:00,True
FULL_ADAPTIVE_LIFECYCLE_BRAIN__PRE_PROGRESS_NON_CONFIRMATION_V1,FULL_ADAPTIVE_LIFECYCLE_BRAIN__PRE_PROGRESS_NON_CONFIRMATION_V1:RELATIVE_STRENGTH_ROTATION:C2,RELATIVE_STRENGTH_ROTATION,C2,1.0,ETH-USDT,2022-08-30 05:00:00+00:00,2022-08-30 06:00:00+00:00,2022-08-30 16:00:00+00:00,10,ADAPTIVE_PROTECTION_GAP,1582.43,1523.79,5.601054416643797,8863.276540529645,8534.830709537651,11.079095675662057,10.668538386922064,-328.4458309919937,-350.19346505457787,ROBUSTNESS_2022,1,RELATIVE_STRENGTH_ROTATION,1,18.865416666666658,1605.98,TRANSITION,RISK_OFF,1506.9683333333335,2022-08-30 12:00:00+00:00,1582.43,,,True
FULL_ADAPTIVE_LIFECYCLE_BRAIN__PRE_PROGRESS_NON_CONFIRMATION_V1,FULL_ADAPTIVE_LIFECYCLE_BRAIN__PRE_PROGRESS_NON_CONFIRMATION_V1:RELATIVE_STRENGTH_ROTATION:C2,RELATIVE_STRENGTH_ROTATION,C2,1.0,AVAX-USDT,2022-09-01 06:00:00+00:00,2022-09-01 07:00:00+00:00,2022-09-02 12:00:00+00:00,29,ADAPTIVE_STAGNATION_24H_CLOSE_NOT_ABOVE_ENTRY,19.141,19.093,461.4053147001063,8831.759128674734,8809.61167356913,11.039698910843418,11.012014591961414,-22.147455105603512,-44.19916860840834,ROBUSTNESS_2022,5,RELATIVE_STRENGTH_ROTATION,1,0.2927916666666667,19.61,TRANSITION,RISK_OFF,18.262625,2022-09-01 12:00:00+00:00,19.141,2022-09-01 16:00:00+00:00,2022-09-01 17:00:00+00:00,True
FULL_ADAPTIVE_LIFECYCLE_BRAIN__PRE_PROGRESS_NON_CONFIRMATION_V1,FULL_ADAPTIVE_LIFECYCLE_BRAIN__PRE_PROGRESS_NON_CONFIRMATION_V1:RELATIVE_STRENGTH_ROTATION:C2,RELATIVE_STRENGTH_ROTATION,C2,1.0,ETH-USDT,2022-09-01 07:00:00+00:00,2022-09-01 08:00:00+00:00,2022-09-03 09:00:00+00:00,49,ADAPTIVE_STAGNATION_24H_CLOSE_NOT_ABOVE_ENTRY,1550.54,1544.21,5.692900343881493,8827.06969920201,8791.03364002524,11.033837124002511,10.98879205003155,-36.03605917676941,-58.05868835080347,ROBUSTNESS_2022,1,RELATIVE_STRENGTH_ROTATION,1,25.57375,1648.8,TRANSITION,RISK_OFF,1473.81875,2022-09-01 12:00:00+00:00,1550.54,2022-09-01 16:00:00+00:00,2022-09-01 17:00:00+00:00,True
FULL_ADAPTIVE_LIFECYCLE_BRAIN__PRE_PROGRESS_NON_CONFIRMATION_V1,FULL_ADAPTIVE_LIFECYCLE_BRAIN__PRE_PROGRESS_NON_CONFIRMATION_V1:RELATIVE_STRENGTH_ROTATION:C2,RELATIVE_STRENGTH_ROTATION,C2,1.0,ETH-USDT,2022-09-06 12:00:00+00:00,2022-09-06 13:00:00+00:00,2022-09-06 18:00:00+00:00,5,ADAPTIVE_PROTECTION_TOUCH,1668.29,1608.395,5.288382668210206,8822.555921548405,8505.808241635954,11.028194901935505,10.632260302044942,-316.7476799124506,-338.408135116431,ROBUSTNESS_2022,1,RELATIVE_STRENGTH_ROTATION,1,19.965,1687.4,TRANSITION,RISK_OFF,1608.395,,,,,True
FULL_ADAPTIVE_LIFECYCLE_BRAIN__PRE_PROGRESS_NON_CONFIRMATION_V1,FULL_ADAPTIVE_LIFECYCLE_BRAIN__PRE_PROGRESS_NON_CONFIRMATION_V1:RELATIVE_STRENGTH_ROTATION:C2,RELATIVE_STRENGTH_ROTATION,C2,1.0,SOL-USDT,2022-09-06 16:00:00+00:00,2022-09-06 17:00:00+00:00,2022-09-06 18:00:00+00:00,1,ADAPTIVE_PROTECTION_TOUCH,33.794,32.447874999999996,261.06426653744086,8822.405823366276,8470.980687573563,11.028007279207845,10.588725859466955,-351.42513579271326,-373.041868931388,ROBUSTNESS_2022,3,RELATIVE_STRENGTH_ROTATION,1,0.4487083333333328,33.845,TRANSITION,RISK_OFF,31.999166666666667,,,,,True
FULL_ADAPTIVE_LIFECYCLE_BRAIN__PRE_PROGRESS_NON_CONFIRMATION_V1,FULL_ADAPTIVE_LIFECYCLE_BRAIN__PRE_PROGRESS_NON_CONFIRMATION_V1:RELATIVE_STRENGTH_ROTATION:C2,RELATIVE_STRENGTH_ROTATION,C2,1.0,AVAX-USDT,2022-09-10 01:00:00+00:00,2022-09-10 02:00:00+00:00,2022-09-12 02:00:00+00:00,48,ADAPTIVE_STAGNATION_48H_CLOSE_NOT_ABOVE_ENTRY,20.759,20.152,422.0050350864659,8760.402523359946,8504.245467062461,10.950503154199932,10.630306833828076,-256.1570562974848,-277.7378662855128,ROBUSTNESS_2022,5,RELATIVE_STRENGTH_ROTATION,1,0.2562500000000003,21.174,TRANSITION,TRANSITION,19.733999999999998,,,,,True
FULL_ADAPTIVE_LIFECYCLE_BRAIN__PRE_PROGRESS_NON_CONFIRMATION_V1,FULL_ADAPTIVE_LIFECYCLE_BRAIN__PRE_PROGRESS_NON_CONFIRMATION_V1:RELATIVE_STRENGTH_ROTATION:C2,RELATIVE_STRENGTH_ROTATION,C2,1.0,SOL-USDT,2022-09-09 19:00:00+00:00,2022-09-09 20:00:00+00:00,2022-09-12 02:00:00+00:00,54,ADAPTIVE_STAGNATION_48H_CLOSE_NOT_ABOVE_ENTRY,34.525,34.412,253.55228105559402,8753.892503444384,8725.241095685102,10.94236562930548,10.906551369606378,-28.651407759281938,-50.50032475819379,ROBUSTNESS_2022,3,RELATIVE_STRENGTH_ROTATION,1,0.4869583333333332,36.021,TRANSITION,TRANSITION,32.57716666666666,2022-09-10 00:00:00+00:00,34.525,2022-09-10 08:00:00+00:00,2022-09-10 09:00:00+00:00,True
FULL_ADAPTIVE_LIFECYCLE_BRAIN__PRE_PROGRESS_NON_CONFIRMATION_V1,FULL_ADAPTIVE_LIFECYCLE_BRAIN__PRE_PROGRESS_NON_CONFIRMATION_V1:RELATIVE_STRENGTH_ROTATION:C2,RELATIVE_STRENGTH_ROTATION,C2,1.0,BTC-USDT,2022-09-09 16:00:00+00:00,2022-09-09 17:00:00+00:00,2022-09-12 03:00:00+00:00,58,ADAPTIVE_PROTECTION_TOUCH,21264.9,21725.625,0.41187710363952335,8758.5254211841,8948.287499758419,10.948156776480126,11.185359374698024,189.76207857431837,167.62856242314024,ROBUSTNESS_2022,2,RELATIVE_STRENGTH_ROTATION,1,212.79166666666663,22364.0,TRANSITION,TRANSITION,20413.733333333334,2022-09-10 00:00:00+00:00,21264.9,2022-09-10 16:00:00+00:00,2022-09-10 17:00:00+00:00,True
FULL_ADAPTIVE_LIFECYCLE_BRAIN__PRE_PROGRESS_NON_CONFIRMATION_V1,FULL_ADAPTIVE_LIFECYCLE_BRAIN__PRE_PROGRESS_NON_CONFIRMATION_V1:RELATIVE_STRENGTH_ROTATION:C2,RELATIVE_STRENGTH_ROTATION,C2,1.0,ETH-USDT,2022-09-10 03:00:00+00:00,2022-09-10 04:00:00+00:00,2022-09-12 04:00:00+00:00,48,ADAPTIVE_STAGNATION_48H_CLOSE_NOT_ABOVE_ENTRY,1740.14,1736.23,5.034544748395637,8760.812698473184,8741.127628506958,10.95101587309148,10.926409535633697,-19.685069966226365,-41.56249537495154,ROBUSTNESS_2022,1,RELATIVE_STRENGTH_ROTATION,1,21.39958333333333,1790.0,TRANSITION,TRANSITION,1654.5416666666667,2022-09-11 00:00:00+00:00,1745.59,,,True
FULL_ADAPTIVE_LIFECYCLE_BRAIN__PRE_PROGRESS_NON_CONFIRMATION_V1,FULL_ADAPTIVE_LIFECYCLE_BRAIN__PRE_PROGRESS_NON_CONFIRMATION_V1:RELATIVE_STRENGTH_ROTATION:C2,RELATIVE_STRENGTH_ROTATION,C2,1.0,AVAX-USDT,2022-09-12 11:00:00+00:00,2022-09-12 12:00:00+00:00,2022-09-13 13:00:00+00:00,25,ADAPTIVE_PROTECTION_TOUCH,21.493,20.2035,406.65937421600074,8740.329930024503,8215.942666972971,10.92541241253063,10.269928333716214,-524.3872630515325,-545.5826037977793,ROBUSTNESS_2022,8,RELATIVE_STRENGTH_ROTATION,1,0.3223750000000002,21.911,TRANSITION,TRANSITION,20.2035,,,,,True
FULL_ADAPTIVE_LIFECYCLE_BRAIN__PRE_PROGRESS_NON_CONFIRMATION_V1,FULL_ADAPTIVE_LIFECYCLE_BRAIN__PRE_PROGRESS_NON_CONFIRMATION_V1:RELATIVE_STRENGTH_ROTATION:C2,RELATIVE_STRENGTH_ROTATION,C2,1.0,SOL-USDT,2022-09-12 14:00:00+00:00,2022-09-12 15:00:00+00:00,2022-09-13 14:00:00+00:00,23,ADAPTIVE_PROTECTION_TOUCH,38.068,35.38133333333333,229.78350579270915,8747.398498516852,8130.046812953773,10.934248123146064,10.162558516192217,-617.3516855630787,-638.448492202417,ROBUSTNESS_2022,5,RELATIVE_STRENGTH_ROTATION,1,0.6716666666666677,38.999,TRANSITION,TRANSITION,35.38133333333333,2022-09-13 04:00:00+00:00,38.068,,,True
FULL_ADAPTIVE_LIFECYCLE_BRAIN__PRE_PROGRESS_NON_CONFIRMATION_V1,FULL_ADAPTIVE_LIFECYCLE_BRAIN__PRE_PROGRESS_NON_CONFIRMATION_V1:RELATIVE_STRENGTH_ROTATION:C2,RELATIVE_STRENGTH_ROTATION,C2,1.0,XRP-USDT,2022-09-29 22:00:00+00:00,2022-09-29 23:00:00+00:00,2022-09-30 03:00:00+00:00,4,ADAPTIVE_PROTECTION_TOUCH,0.49861,0.4754212500000001,17325.481792034156,8638.65847632615,8236.90221042112,10.798323095407689,10.2961277630264,-401.7562659050309,-422.85071676346496,ROBUSTNESS_2022,4,RELATIVE_STRENGTH_ROTATION,1,0.0077295833333333,0.5015,TRANSITION,RISK_OFF,0.4676916666666668,,,,,True
FULL_ADAPTIVE_LIFECYCLE_BRAIN__PRE_PROGRESS_NON_CONFIRMATION_V1,FULL_ADAPTIVE_LIFECYCLE_BRAIN__PRE_PROGRESS_NON_CONFIRMATION_V1:RELATIVE_STRENGTH_ROTATION:C2,RELATIVE_STRENGTH_ROTATION,C2,1.0,SOL-USDT,2022-09-29 10:00:00+00:00,2022-09-29 11:00:00+00:00,2022-10-01 11:00:00+00:00,48,ADAPTIVE_STAGNATION_48H_CLOSE_NOT_ABOVE_ENTRY,33.708,33.108,256.1340670281383,8633.767131384486,8480.086691167602,10.792208914230608,10.600108363959503,-153.68044021688365,-175.07275749507374,ROBUSTNESS_2022,5,RELATIVE_STRENGTH_ROTATION,1,0.4335416666666658,35.207,TRANSITION,TRANSITION,32.407375,2022-09-29 16:00:00+00:00,33.708,2022-10-01 00:00:00+00:00,2022-10-01 01:00:00+00:00,True
FULL_ADAPTIVE_LIFECYCLE_BRAIN__PRE_PROGRESS_NON_CONFIRMATION_V1,FULL_ADAPTIVE_LIFECYCLE_BRAIN__PRE_PROGRESS_NON_CONFIRMATION_V1:RELATIVE_STRENGTH_ROTATION:C2,RELATIVE_STRENGTH_ROTATION,C2,1.0,BTC-USDT,2022-09-29 19:00:00+00:00,2022-09-29 20:00:00+00:00,2022-10-01 18:00:00+00:00,46,ADAPTIVE_STAGNATION_24H_CLOSE_NOT_ABOVE_ENTRY,19298.1,19290.1,0.44724718099179195,8631.0208234977,8627.442846049766,10.788776029372125,10.784303557562207,-3.577977447934245,-25.15105703486858,ROBUSTNESS_2022,1,RELATIVE_STRENGTH_ROTATION,1,220.27916666666715,20177.9,TRANSITION,RISK_OFF,18637.262499999997,2022-09-30 00:00:00+00:00,19298.1,,,True
FULL_ADAPTIVE_LIFECYCLE_BRAIN__PRE_PROGRESS_NON_CONFIRMATION_V1,FULL_ADAPTIVE_LIFECYCLE_BRAIN__PRE_PROGRESS_NON_CONFIRMATION_V1:RELATIVE_STRENGTH_ROTATION:C2,RELATIVE_STRENGTH_ROTATION,C2,1.0,XRP-USDT,2022-09-30 18:00:00+00:00,2022-09-30 19:00:00+00:00,2022-10-01 19:00:00+00:00,24,ADAPTIVE_STAGNATION_24H_CLOSE_NOT_ABOVE_ENTRY,0.49427,0.47418,17435.164289456006,8617.67865334942,8267.40620277425,10.772098316686774,10.334257753467812,-350.2724505751703,-371.37880664532486,ROBUSTNESS_2022,4,RELATIVE_STRENGTH_ROTATION,1,0.0119845833333333,0.4989,TRANSITION,RISK_OFF,0.4583162500000001,,,,,True
FULL_ADAPTIVE_LIFECYCLE_BRAIN__PRE_PROGRESS_NON_CONFIRMATION_V1,FULL_ADAPTIVE_LIFECYCLE_BRAIN__PRE_PROGRESS_NON_CONFIRMATION_V1:RELATIVE_STRENGTH_ROTATION:C2,RELATIVE_STRENGTH_ROTATION,C2,1.0,LUNC-USDT,2022-09-30 19:00:00+00:00,2022-09-30 20:00:00+00:00,2022-10-01 20:00:00+00:00,24,ADAPTIVE_STAGNATION_24H_CLOSE_NOT_ABOVE_ENTRY,0.00030385,0.00030241,28312858.84333206,8602.862159546446,8562.091642812049,10.753577699433059,10.702614553515062,-40.77051673439746,-62.22670898734558,ROBUSTNESS_2022,3,RELATIVE_STRENGTH_ROTATION,1,6.035000000000003e-06,0.000309,TRANSITION,RISK_OFF,0.00028574499999999996,,,,,True
FULL_ADAPTIVE_LIFECYCLE_BRAIN__PRE_PROGRESS_NON_CONFIRMATION_V1,FULL_ADAPTIVE_LIFECYCLE_BRAIN__PRE_PROGRESS_NON_CONFIRMATION_V1:RELATIVE_STRENGTH_ROTATION:C2,RELATIVE_STRENGTH_ROTATION,C2,1.0,SOL-USDT,2022-10-04 15:00:00+00:00,2022-10-04 16:00:00+00:00,2022-10-06 16:00:00+00:00,48,ADAPTIVE_STAGNATION_48H_CLOSE_NOT_ABOVE_ENTRY,34.289,34.033,249.0205584053527,8538.665927161139,8474.916664209368,10.673332408951424,10.59364583026171,-63.749262951771016,-85.01624119098415,ROBUSTNESS_2022,5,RELATIVE_STRENGTH_ROTATION,1,0.2937500000000008,34.5,TRANSITION,TRANSITION,33.114,,,,,True
FULL_ADAPTIVE_LIFECYCLE_BRAIN__PRE_PROGRESS_NON_CONFIRMATION_V1,FULL_ADAPTIVE_LIFECYCLE_BRAIN__PRE_PROGRESS_NON_CONFIRMATION_V1:RELATIVE_STRENGTH_ROTATION:C2,RELATIVE_STRENGTH_ROTATION,C2,1.0,BTC-USDT,2022-10-04 16:00:00+00:00,2022-10-04 17:00:00+00:00,2022-10-06 17:00:00+00:00,48,ADAPTIVE_STAGNATION_48H_CLOSE_NOT_ABOVE_ENTRY,20095.7,20012.7,0.4247341307402652,8535.329671117148,8500.076738265707,10.669162088896435,10.625095922832134,-35.252932851441074,-56.54719086316965,ROBUSTNESS_2022,1,RELATIVE_STRENGTH_ROTATION,1,144.1291666666663,20461.4,TRANSITION,TRANSITION,19519.183333333334,2022-10-05 00:00:00+00:00,20095.7,2022-10-05 12:00:00+00:00,2022-10-05 13:00:00+00:00,True
FULL_ADAPTIVE_LIFECYCLE_BRAIN__PRE_PROGRESS_NON_CONFIRMATION_V1,FULL_ADAPTIVE_LIFECYCLE_BRAIN__PRE_PROGRESS_NON_CONFIRMATION_V1:RELATIVE_STRENGTH_ROTATION:C2,RELATIVE_STRENGTH_ROTATION,C2,1.0,XRP-USDT,2022-10-05 13:00:00+00:00,2022-10-05 14:00:00+00:00,2022-10-07 20:00:00+00:00,54,ADAPTIVE_PROTECTION_GAP,0.48083,0.51712,17709.725953747464,8515.367530340392,9158.053485201888,10.644209412925491,11.44756685650236,642.6859548614957,620.5941785920678,ROBUSTNESS_2022,4,RELATIVE_STRENGTH_ROTATION,1,0.00672125,0.53529,TRANSITION,RISK_OFF,0.4953575,2022-10-05 20:00:00+00:00,0.48083,,,True
FULL_ADAPTIVE_LIFECYCLE_BRAIN__PRE_PROGRESS_NON_CONFIRMATION_V1,FULL_ADAPTIVE_LIFECYCLE_BRAIN__PRE_PROGRESS_NON_CONFIRMATION_V1:RELATIVE_STRENGTH_ROTATION:C2,RELATIVE_STRENGTH_ROTATION,C2,1.0,BTC-USDT,2022-10-14 04:00:00+00:00,2022-10-14 05:00:00+00:00,2022-10-15 10:00:00+00:00,29,ADAPTIVE_PROTECTION_GAP,19816.4,19068.7,0.4338791434185652,8597.922657639656,8273.511222105595,10.74740332204957,10.341889027631995,-324.41143553406073,-345.50072788374234,ROBUSTNESS_2022,1,RELATIVE_STRENGTH_ROTATION,1,213.4333333333329,19850.0,TRANSITION,RISK_OFF,18962.66666666667,,,,,True
FULL_ADAPTIVE_LIFECYCLE_BRAIN__PRE_PROGRESS_NON_CONFIRMATION_V1,FULL_ADAPTIVE_LIFECYCLE_BRAIN__PRE_PROGRESS_NON_CONFIRMATION_V1:RELATIVE_STRENGTH_ROTATION:C2,RELATIVE_STRENGTH_ROTATION,C2,1.0,ETH-USDT,2022-10-14 03:00:00+00:00,2022-10-14 04:00:00+00:00,2022-10-15 10:00:00+00:00,30,ADAPTIVE_STAGNATION_24H_CLOSE_NOT_ABOVE_ENTRY,1332.56,1280.37,6.452610571516102,8598.490743179496,8261.72899745207,10.74811342897437,10.327161246815088,-336.7617457274264,-357.83702040321583,ROBUSTNESS_2022,2,RELATIVE_STRENGTH_ROTATION,1,19.176249999999985,1343.24,TRANSITION,RISK_OFF,1255.855,,,,,True
FULL_ADAPTIVE_LIFECYCLE_BRAIN__PRE_PROGRESS_NON_CONFIRMATION_V1,FULL_ADAPTIVE_LIFECYCLE_BRAIN__PRE_PROGRESS_NON_CONFIRMATION_V1:RELATIVE_STRENGTH_ROTATION:C2,RELATIVE_STRENGTH_ROTATION,C2,1.0,LUNC-USDT,2022-10-14 01:00:00+00:00,2022-10-14 02:00:00+00:00,2022-10-15 10:00:00+00:00,32,ADAPTIVE_STAGNATION_24H_CLOSE_NOT_ABOVE_ENTRY,0.00027919,0.00027048,30738130.643466998,8581.778694349552,8314.049576444955,10.72722336793694,10.392561970556194,-267.72911790459693,-288.84890324309004,ROBUSTNESS_2022,4,RELATIVE_STRENGTH_ROTATION,1,6.356666666666664e-06,0.00028995,TRANSITION,RISK_OFF,0.0002537633333333334,2022-10-14 08:00:00+00:00,0.00027919,2022-10-14 12:00:00+00:00,2022-10-14 13:00:00+00:00,True
FULL_ADAPTIVE_LIFECYCLE_BRAIN__PRE_PROGRESS_NON_CONFIRMATION_V1,FULL_ADAPTIVE_LIFECYCLE_BRAIN__PRE_PROGRESS_NON_CONFIRMATION_V1:RELATIVE_STRENGTH_ROTATION:C2,RELATIVE_STRENGTH_ROTATION,C2,1.0,XRP-USDT,2022-10-14 10:00:00+00:00,2022-10-14 11:00:00+00:00,2022-10-15 11:00:00+00:00,24,ADAPTIVE_STAGNATION_24H_CLOSE_NOT_ABOVE_ENTRY,0.50224,0.48223,17083.39862936906,8579.966127614318,8238.127321040642,10.724957659517898,10.297659151300802,-341.83880657367627,-362.86142338449497,ROBUSTNESS_2022,3,RELATIVE_STRENGTH_ROTATION,1,0.00843375,0.513,TRANSITION,RISK_OFF,0.47693875,,,,,True
FULL_ADAPTIVE_LIFECYCLE_BRAIN__PRE_PROGRESS_NON_CONFIRMATION_V1,FULL_ADAPTIVE_LIFECYCLE_BRAIN__PRE_PROGRESS_NON_CONFIRMATION_V1:RELATIVE_STRENGTH_ROTATION:C2,RELATIVE_STRENGTH_ROTATION,C2,1.0,XRP-USDT,2022-10-16 02:00:00+00:00,2022-10-16 03:00:00+00:00,2022-10-16 19:00:00+00:00,16,ADAPTIVE_PROTECTION_GAP,0.48623,0.47356,17398.812018195593,8459.824367607243,8239.381419336705,10.574780459509055,10.299226774170881,-220.44294827053818,-241.3169555042181,ROBUSTNESS_2022,3,RELATIVE_STRENGTH_ROTATION,1,0.0035370833333333,0.48736,TRANSITION,RISK_OFF,0.4720816666666668,,,,,True
FULL_ADAPTIVE_LIFECYCLE_BRAIN__PRE_PROGRESS_NON_CONFIRMATION_V1,FULL_ADAPTIVE_LIFECYCLE_BRAIN__PRE_PROGRESS_NON_CONFIRMATION_V1:RELATIVE_STRENGTH_ROTATION:C2,RELATIVE_STRENGTH_ROTATION,C2,1.0,ETH-USDT,2022-10-16 13:00:00+00:00,2022-10-16 14:00:00+00:00,2022-10-16 22:00:00+00:00,8,ADAPTIVE_PROTECTION_TOUCH,1282.26,1302.49,6.591986323289325,8452.64038290097,8585.996266221113,10.565800478626214,10.732495332776391,133.3558833201423,112.0575875087397,ROBUSTNESS_2022,2,RELATIVE_STRENGTH_ROTATION,1,6.609999999999995,1315.71,TRANSITION,RISK_OFF,1289.27,2022-10-16 20:00:00+00:00,1282.26,,,True
FULL_ADAPTIVE_LIFECYCLE_BRAIN__PRE_PROGRESS_NON_CONFIRMATION_V1,FULL_ADAPTIVE_LIFECYCLE_BRAIN__PRE_PROGRESS_NON_CONFIRMATION_V1:RELATIVE_STRENGTH_ROTATION:C2,RELATIVE_STRENGTH_ROTATION,C2,1.0,ETH-USDT,2022-10-17 20:00:00+00:00,2022-10-17 21:00:00+00:00,2022-10-19 15:00:00+00:00,42,ADAPTIVE_STAGNATION_24H_CLOSE_NOT_ABOVE_ENTRY,1325.68,1293.35,6.373855428486167,8449.692664435543,8243.625918432585,10.562115830544428,10.304532398040731,-206.0667460029581,-226.93339423154325,ROBUSTNESS_2022,2,RELATIVE_STRENGTH_ROTATION,1,11.40958333333335,1342.04,TRANSITION,RISK_OFF,1280.0416666666667,2022-10-18 04:00:00+00:00,1325.68,2022-10-18 16:00:00+00:00,2022-10-18 17:00:00+00:00,True
FULL_ADAPTIVE_LIFECYCLE_BRAIN__PRE_PROGRESS_NON_CONFIRMATION_V1,FULL_ADAPTIVE_LIFECYCLE_BRAIN__PRE_PROGRESS_NON_CONFIRMATION_V1:RELATIVE_STRENGTH_ROTATION:C2,RELATIVE_STRENGTH_ROTATION,C2,1.0,SOL-USDT,2022-10-17 19:00:00+00:00,2022-10-17 20:00:00+00:00,2022-10-19 15:00:00+00:00,43,ADAPTIVE_PROTECTION_GAP,30.698,29.632,275.2033039444802,8448.191024487653,8154.824302482837,10.560238780609566,10.193530378103546,-293.36672200481553,-314.12049116352864,ROBUSTNESS_2022,5,RELATIVE_STRENGTH_ROTATION,1,0.29025,31.48,TRANSITION,RISK_OFF,29.537,2022-10-18 00:00:00+00:00,30.698,2022-10-18 16:00:00+00:00,2022-10-18 17:00:00+00:00,True
FULL_ADAPTIVE_LIFECYCLE_BRAIN__PRE_PROGRESS_NON_CONFIRMATION_V1,FULL_ADAPTIVE_LIFECYCLE_BRAIN__PRE_PROGRESS_NON_CONFIRMATION_V1:RELATIVE_STRENGTH_ROTATION:C2,RELATIVE_STRENGTH_ROTATION,C2,1.0,XRP-USDT,2022-10-22 23:00:00+00:00,2022-10-23 00:00:00+00:00,2022-10-23 11:00:00+00:00,11,ADAPTIVE_PROTECTION_TOUCH,0.46564,0.45491875,18036.810569291094,8398.660473484704,8205.283318168693,10.498325591855881,10.256604147710867,-193.37715531601134,-214.1320850555781,ROBUSTNESS_2022,3,RELATIVE_STRENGTH_ROTATION,1,0.00357375,0.46646,TRANSITION,RISK_OFF,0.451345,,,,,True
FULL_ADAPTIVE_LIFECYCLE_BRAIN__PRE_PROGRESS_NON_CONFIRMATION_V1,FULL_ADAPTIVE_LIFECYCLE_BRAIN__PRE_PROGRESS_NON_CONFIRMATION_V1:RELATIVE_STRENGTH_ROTATION:C2,RELATIVE_STRENGTH_ROTATION,C2,1.0,ETH-USDT,2022-10-22 17:00:00+00:00,2022-10-22 18:00:00+00:00,2022-10-23 18:00:00+00:00,24,ADAPTIVE_STAGNATION_24H_CLOSE_NOT_ABOVE_ENTRY,1314.8,1312.31,6.388421185581151,8399.496174802096,8383.589006049999,10.49937021850262,10.479486257562499,-15.907168752097277,-36.886025228162396,ROBUSTNESS_2022,2,RELATIVE_STRENGTH_ROTATION,1,5.844166666666648,1318.4,TRANSITION,RISK_OFF,1297.2675,,,,,True
FULL_ADAPTIVE_LIFECYCLE_BRAIN__PRE_PROGRESS_NON_CONFIRMATION_V1,FULL_ADAPTIVE_LIFECYCLE_BRAIN__PRE_PROGRESS_NON_CONFIRMATION_V1:RELATIVE_STRENGTH_ROTATION:C2,RELATIVE_STRENGTH_ROTATION,C2,1.0,ETH-USDT,2022-10-23 23:00:00+00:00,2022-10-24 00:00:00+00:00,2022-10-24 05:00:00+00:00,5,ADAPTIVE_PROTECTION_TOUCH,1365.36,1341.1366666666665,6.141969789425508,8385.99987169001,8237.220890157492,10.482499839612514,10.296526112696865,-148.77898153251772,-169.55800748482707,ROBUSTNESS_2022,2,RELATIVE_STRENGTH_ROTATION,1,6.055833333333358,1370.78,TRANSITION,TRANSITION,1341.1366666666665,,,,,True
FULL_ADAPTIVE_LIFECYCLE_BRAIN__PRE_PROGRESS_NON_CONFIRMATION_V1,FULL_ADAPTIVE_LIFECYCLE_BRAIN__PRE_PROGRESS_NON_CONFIRMATION_V1:RELATIVE_STRENGTH_ROTATION:C2,RELATIVE_STRENGTH_ROTATION,C2,1.0,XRP-USDT,2022-10-23 19:00:00+00:00,2022-10-23 20:00:00+00:00,2022-10-24 15:00:00+00:00,19,ADAPTIVE_PROTECTION_TOUCH,0.46267,0.44972000000000045,18105.57102227626,8376.904544876557,8142.437400138088,10.471130681095698,10.17804675017261,-234.46714473846896,-255.11632216973726,ROBUSTNESS_2022,3,RELATIVE_STRENGTH_ROTATION,1,0.0032374999999999,0.4732,TRANSITION,TRANSITION,0.44972000000000045,2022-10-24 00:00:00+00:00,0.46267,2022-10-24 04:00:00+00:00,2022-10-24 05:00:00+00:00,True
FULL_ADAPTIVE_LIFECYCLE_BRAIN__PRE_PROGRESS_NON_CONFIRMATION_V1,FULL_ADAPTIVE_LIFECYCLE_BRAIN__PRE_PROGRESS_NON_CONFIRMATION_V1:RELATIVE_STRENGTH_ROTATION:C2,RELATIVE_STRENGTH_ROTATION,C2,1.0,ETH-USDT,2022-10-24 21:00:00+00:00,2022-10-24 22:00:00+00:00,2022-10-25 19:00:00+00:00,21,ADAPTIVE_PROTECTION_GAP,1350.71,1482.02,6.173556022541957,8338.683855207648,9149.333496527632,10.42335481900956,11.43666687065954,810.6496413199839,788.7896196303147,ROBUSTNESS_2022,2,RELATIVE_STRENGTH_ROTATION,1,11.359999999999983,1519.8,TRANSITION,TRANSITION,1396.28,2022-10-25 16:00:00+00:00,1352.09,,,True
FULL_ADAPTIVE_LIFECYCLE_BRAIN__PRE_PROGRESS_NON_CONFIRMATION_V1,FULL_ADAPTIVE_LIFECYCLE_BRAIN__PRE_PROGRESS_NON_CONFIRMATION_V1:RELATIVE_STRENGTH_ROTATION:C2,RELATIVE_STRENGTH_ROTATION,C2,1.0,ADA-USDT,2022-10-25 02:00:00+00:00,2022-10-25 03:00:00+00:00,2022-10-25 21:00:00+00:00,18,ADAPTIVE_PROTECTION_TOUCH,0.362363,0.40727750000000007,22993.089991052042,8331.84506842759,9364.5682088307,10.414806335534488,11.705710261038375,1032.72314040311,1010.602623806537,ROBUSTNESS_2022,7,RELATIVE_STRENGTH_ROTATION,1,0.0032828333333333,0.417126,TRANSITION,TRANSITION,0.40727750000000007,2022-10-25 16:00:00+00:00,0.362727,,,True
FULL_ADAPTIVE_LIFECYCLE_BRAIN__PRE_PROGRESS_NON_CONFIRMATION_V1,FULL_ADAPTIVE_LIFECYCLE_BRAIN__PRE_PROGRESS_NON_CONFIRMATION_V1:RELATIVE_STRENGTH_ROTATION:C2,RELATIVE_STRENGTH_ROTATION,C2,1.0,ETH-USDT,2022-10-26 02:00:00+00:00,2022-10-26 03:00:00+00:00,2022-10-27 04:00:00+00:00,25,ADAPTIVE_PROTECTION_TOUCH,1480.03,1535.19875,5.7395927692502555,8494.769486273455,8811.41564486203,10.618461857841819,11.014269556077538,316.6461585885754,295.0134271746561,ROBUSTNESS_2022,2,RELATIVE_STRENGTH_ROTATION,1,20.42375,1596.47,TRANSITION,TRANSITION,1535.19875,2022-10-26 08:00:00+00:00,1480.03,,,True
FULL_ADAPTIVE_LIFECYCLE_BRAIN__PRE_PROGRESS_NON_CONFIRMATION_V1,FULL_ADAPTIVE_LIFECYCLE_BRAIN__PRE_PROGRESS_NON_CONFIRMATION_V1:RELATIVE_STRENGTH_ROTATION:C2,RELATIVE_STRENGTH_ROTATION,C2,1.0,SOL-USDT,2022-10-25 17:00:00+00:00,2022-10-25 18:00:00+00:00,2022-10-27 08:00:00+00:00,38,ADAPTIVE_PROTECTION_TOUCH,31.37,31.63425,268.8030296403245,8432.35103981698,8503.382240399436,10.540438799771225,10.629227800499295,71.03120058245622,49.861533982185705,ROBUSTNESS_2022,5,RELATIVE_STRENGTH_ROTATION,1,0.2395833333333333,32.353,TRANSITION,TRANSITION,30.41166666666667,,,,,True
FULL_ADAPTIVE_LIFECYCLE_BRAIN__PRE_PROGRESS_NON_CONFIRMATION_V1,FULL_ADAPTIVE_LIFECYCLE_BRAIN__PRE_PROGRESS_NON_CONFIRMATION_V1:RELATIVE_STRENGTH_ROTATION:C2,RELATIVE_STRENGTH_ROTATION,C2,1.0,ADA-USDT,2022-10-26 05:00:00+00:00,2022-10-26 06:00:00+00:00,2022-10-29 19:00:00+00:00,85,ADAPTIVE_PROTECTION_TOUCH,0.400469,0.4204500000000002,21208.142438757943,8493.203594306955,8916.96348837578,10.616504492883694,11.146204360469726,423.7598940688258,401.9971852154724,ROBUSTNESS_2022,7,RELATIVE_STRENGTH_ROTATION,1,0.0065166666666666,0.44,TRANSITION,TRANSITION,0.4139333333333336,2022-10-26 12:00:00+00:00,0.400469,2022-10-27 16:00:00+00:00,2022-10-27 17:00:00+00:00,True
FULL_ADAPTIVE_LIFECYCLE_BRAIN__PRE_PROGRESS_NON_CONFIRMATION_V1,FULL_ADAPTIVE_LIFECYCLE_BRAIN__PRE_PROGRESS_NON_CONFIRMATION_V1:RELATIVE_STRENGTH_ROTATION:C2,RELATIVE_STRENGTH_ROTATION,C2,1.0,ETH-USDT,2022-10-29 11:00:00+00:00,2022-10-29 12:00:00+00:00,2022-10-31 15:00:00+00:00,51,ADAPTIVE_STAGNATION_48H_CLOSE_NOT_ABOVE_ENTRY,1622.07,1559.56,10.51598305930239,17057.66064100263,16400.306539965637,21.322075801253288,20.500383174957047,-657.3541010369918,-699.1765600132021,ROBUSTNESS_2022,2,RELATIVE_STRENGTH_ROTATION,1,19.58125000000001,1663.71,RISK_ON,TRANSITION,1543.745,2022-10-29 16:00:00+00:00,1622.07,2022-10-30 00:00:00+00:00,2022-10-30 01:00:00+00:00,True
FULL_ADAPTIVE_LIFECYCLE_BRAIN__PRE_PROGRESS_NON_CONFIRMATION_V1,FULL_ADAPTIVE_LIFECYCLE_BRAIN__PRE_PROGRESS_NON_CONFIRMATION_V1:RELATIVE_STRENGTH_ROTATION:C2,RELATIVE_STRENGTH_ROTATION,C2,1.0,SOL-USDT,2022-10-29 08:00:00+00:00,2022-10-29 09:00:00+00:00,2022-10-31 15:00:00+00:00,54,ADAPTIVE_STAGNATION_48H_CLOSE_NOT_ABOVE_ENTRY,33.296,32.756,513.2669137918095,17089.73516161209,16812.571028164515,21.362168952015114,21.015713785205644,-277.1641334475753,-319.54201618479607,ROBUSTNESS_2022,5,RELATIVE_STRENGTH_ROTATION,1,0.4117499999999998,34.394,RISK_ON,TRANSITION,31.649,2022-10-31 12:00:00+00:00,33.754,,,True
FULL_ADAPTIVE_LIFECYCLE_BRAIN__PRE_PROGRESS_NON_CONFIRMATION_V1,FULL_ADAPTIVE_LIFECYCLE_BRAIN__PRE_PROGRESS_NON_CONFIRMATION_V1:RELATIVE_STRENGTH_ROTATION:C2,RELATIVE_STRENGTH_ROTATION,C2,1.0,LUNC-USDT,2022-10-30 11:00:00+00:00,2022-10-30 12:00:00+00:00,2022-11-01 12:00:00+00:00,48,ADAPTIVE_STAGNATION_48H_CLOSE_NOT_ABOVE_ENTRY,0.00025338,0.00023977,67162668.93525656,17017.677054815307,16103.593130606463,21.272096318519136,20.12949141325808,-914.0839242088441,-955.4855119406213,ROBUSTNESS_2022,4,RELATIVE_STRENGTH_ROTATION,1,5.148333333333332e-06,0.0002574,RISK_ON,TRANSITION,0.00023278666666666666,,,,,True
FULL_ADAPTIVE_LIFECYCLE_BRAIN__PRE_PROGRESS_NON_CONFIRMATION_V1,FULL_ADAPTIVE_LIFECYCLE_BRAIN__PRE_PROGRESS_NON_CONFIRMATION_V1:RELATIVE_STRENGTH_ROTATION:C2,RELATIVE_STRENGTH_ROTATION,C2,1.0,LUNC-USDT,2022-11-01 16:00:00+00:00,2022-11-01 17:00:00+00:00,2022-11-02 00:00:00+00:00,7,ADAPTIVE_PROTECTION_TOUCH,0.00023691,0.00022773333333333333,35340035.34836179,8372.407774380392,8048.104050000258,10.46550971797549,10.060130062500322,-324.30372438013364,-344.82936416060943,ROBUSTNESS_2022,4,RELATIVE_STRENGTH_ROTATION,1,2.294166666666669e-06,0.00023695,TRANSITION,TRANSITION,0.00022773333333333333,,,,,True
FULL_ADAPTIVE_LIFECYCLE_BRAIN__PRE_PROGRESS_NON_CONFIRMATION_V1,FULL_ADAPTIVE_LIFECYCLE_BRAIN__PRE_PROGRESS_NON_CONFIRMATION_V1:RELATIVE_STRENGTH_ROTATION:C2,RELATIVE_STRENGTH_ROTATION,C2,1.0,ADA-USDT,2022-11-01 07:00:00+00:00,2022-11-01 08:00:00+00:00,2022-11-02 08:00:00+00:00,24,ADAPTIVE_PROTECTION_TOUCH,0.412438,0.39394150000000044,20379.937067487706,8405.460484240495,8028.502978271717,10.50682560530062,10.035628722839647,-376.9575059687777,-397.49996029691795,ROBUSTNESS_2022,7,RELATIVE_STRENGTH_ROTATION,1,0.0046241249999999,0.41536,TRANSITION,TRANSITION,0.39394150000000044,,,,,True
FULL_ADAPTIVE_LIFECYCLE_BRAIN__PRE_PROGRESS_NON_CONFIRMATION_V1,FULL_ADAPTIVE_LIFECYCLE_BRAIN__PRE_PROGRESS_NON_CONFIRMATION_V1:RELATIVE_STRENGTH_ROTATION:C2,RELATIVE_STRENGTH_ROTATION,C2,1.0,XRP-USDT,2022-11-04 06:00:00+00:00,2022-11-04 07:00:00+00:00,2022-11-04 11:00:00+00:00,4,ADAPTIVE_PROTECTION_TOUCH,0.46172,0.4946662500000002,18032.497273704477,8325.964641214832,8920.067804518621,10.407455801518541,11.150084755648278,594.1031633037892,572.5456227466224,ROBUSTNESS_2022,3,RELATIVE_STRENGTH_ROTATION,1,0.0030079166666666,0.50369,TRANSITION,TRANSITION,0.4739762500000002,,,,,True
FULL_ADAPTIVE_LIFECYCLE_BRAIN__PRE_PROGRESS_NON_CONFIRMATION_V1,FULL_ADAPTIVE_LIFECYCLE_BRAIN__PRE_PROGRESS_NON_CONFIRMATION_V1:RELATIVE_STRENGTH_ROTATION:C2,RELATIVE_STRENGTH_ROTATION,C2,1.0,LUNC-USDT,2022-11-04 22:00:00+00:00,2022-11-04 23:00:00+00:00,2022-11-05 05:00:00+00:00,6,ADAPTIVE_PROTECTION_TOUCH,0.00025179,0.00026535750000000004,66750870.17551552,16807.201601493052,17712.84403259936,21.009002001866317,22.1410550407492,905.6424311063092,862.4923740636938,ROBUSTNESS_2022,4,RELATIVE_STRENGTH_ROTATION,1,4.394166666666667e-06,0.00027854,RISK_ON,TRANSITION,0.00023421333333333334,2022-11-05 04:00:00+00:00,0.00025179,,,True
FULL_ADAPTIVE_LIFECYCLE_BRAIN__PRE_PROGRESS_NON_CONFIRMATION_V1,FULL_ADAPTIVE_LIFECYCLE_BRAIN__PRE_PROGRESS_NON_CONFIRMATION_V1:RELATIVE_STRENGTH_ROTATION:C2,RELATIVE_STRENGTH_ROTATION,C2,1.0,ADA-USDT,2022-11-04 04:00:00+00:00,2022-11-04 05:00:00+00:00,2022-11-05 09:00:00+00:00,28,ADAPTIVE_PROTECTION_TOUCH,0.406558,0.42271512500000014,20472.748397908337,8323.359643156817,8654.140398115374,10.404199553946022,10.817675497644219,330.78075495855774,309.5588799069675,ROBUSTNESS_2022,7,RELATIVE_STRENGTH_ROTATION,1,0.0041749583333333,0.43524,TRANSITION,RISK_ON,0.42271512500000014,2022-11-04 20:00:00+00:00,0.42176,2022-11-05 00:00:00+00:00,2022-11-05 01:00:00+00:00,True
FULL_ADAPTIVE_LIFECYCLE_BRAIN__PRE_PROGRESS_NON_CONFIRMATION_V1,FULL_ADAPTIVE_LIFECYCLE_BRAIN__PRE_PROGRESS_NON_CONFIRMATION_V1:RELATIVE_STRENGTH_ROTATION:C2,RELATIVE_STRENGTH_ROTATION,C2,1.0,SOL-USDT,2022-11-05 16:00:00+00:00,2022-11-05 17:00:00+00:00,2022-11-06 17:00:00+00:00,24,ADAPTIVE_PROTECTION_TOUCH,37.227,34.76470833333333,455.6033718570593,16960.746724122746,15838.918338293874,21.20093340515343,19.798647922867342,-1121.8283858288723,-1162.827967156893,ROBUSTNESS_2022,5,RELATIVE_STRENGTH_ROTATION,1,0.4924583333333331,38.782,RISK_ON,RISK_ON,34.76470833333333,,,,,True
FULL_ADAPTIVE_LIFECYCLE_BRAIN__PRE_PROGRESS_NON_CONFIRMATION_V1,FULL_ADAPTIVE_LIFECYCLE_BRAIN__PRE_PROGRESS_NON_CONFIRMATION_V1:RELATIVE_STRENGTH_ROTATION:C2,RELATIVE_STRENGTH_ROTATION,C2,1.0,SOL-USDT,2022-11-06 21:00:00+00:00,2022-11-06 22:00:00+00:00,2022-11-07 08:00:00+00:00,10,ADAPTIVE_PROTECTION_TOUCH,34.14,31.364375000000003,487.4012026835262,16639.877059615585,15287.034096417123,20.799846324519482,19.108792620521402,-1352.8429631984618,-1392.7516021435026,ROBUSTNESS_2022,5,RELATIVE_STRENGTH_ROTATION,1,0.555125,34.148,RISK_ON,RISK_ON,31.364375000000003,,,,,True
FULL_ADAPTIVE_LIFECYCLE_BRAIN__PRE_PROGRESS_NON_CONFIRMATION_V1,FULL_ADAPTIVE_LIFECYCLE_BRAIN__PRE_PROGRESS_NON_CONFIRMATION_V1:RELATIVE_STRENGTH_ROTATION:C2,RELATIVE_STRENGTH_ROTATION,C2,1.0,LUNC-USDT,2022-11-06 03:00:00+00:00,2022-11-06 04:00:00+00:00,2022-11-07 23:00:00+00:00,43,ADAPTIVE_PROTECTION_TOUCH,0.00025005,0.0002290483333333333,67348771.61715692,16840.56034287009,15426.123890957095,21.05070042858761,19.28265486369637,-1414.436451912994,-1454.7698072052779,ROBUSTNESS_2022,4,RELATIVE_STRENGTH_ROTATION,1,5.250416666666673e-06,0.00025147,RISK_ON,TRANSITION,0.0002290483333333333,,,,,True
FULL_ADAPTIVE_LIFECYCLE_BRAIN__PRE_PROGRESS_NON_CONFIRMATION_V1,FULL_ADAPTIVE_LIFECYCLE_BRAIN__PRE_PROGRESS_NON_CONFIRMATION_V1:RELATIVE_STRENGTH_ROTATION:C2,RELATIVE_STRENGTH_ROTATION,C2,1.0,ETH-USDT,2022-11-12 23:00:00+00:00,2022-11-13 00:00:00+00:00,2022-11-13 22:00:00+00:00,22,ADAPTIVE_PROTECTION_TOUCH,1260.88,1212.7225,6.439504090933208,8119.441918175864,7809.331499916748,10.149302397719831,9.761664374895934,-310.11041825911616,-330.02138503173194,ROBUSTNESS_2022,1,RELATIVE_STRENGTH_ROTATION,1,16.05250000000002,1274.23,TRANSITION,RISK_OFF,1212.7225,2022-11-13 04:00:00+00:00,1260.88,2022-11-13 08:00:00+00:00,2022-11-13 09:00:00+00:00,True
FULL_ADAPTIVE_LIFECYCLE_BRAIN__PRE_PROGRESS_NON_CONFIRMATION_V1,FULL_ADAPTIVE_LIFECYCLE_BRAIN__PRE_PROGRESS_NON_CONFIRMATION_V1:RELATIVE_STRENGTH_ROTATION:C2,RELATIVE_STRENGTH_ROTATION,C2,1.0,SOL-USDT,2022-11-17 01:00:00+00:00,2022-11-17 02:00:00+00:00,2022-11-17 13:00:00+00:00,11,ADAPTIVE_PROTECTION_TOUCH,14.438,13.763875,560.3089066022308,8089.739993523009,7712.021751859779,10.11217499190376,9.640027189824725,-377.7182416632295,-397.47044384495797,ROBUSTNESS_2022,5,RELATIVE_STRENGTH_ROTATION,1,0.2247083333333333,14.473,TRANSITION,RISK_OFF,13.763875,,,,,True
FULL_ADAPTIVE_LIFECYCLE_BRAIN__PRE_PROGRESS_NON_CONFIRMATION_V1,FULL_ADAPTIVE_LIFECYCLE_BRAIN__PRE_PROGRESS_NON_CONFIRMATION_V1:RELATIVE_STRENGTH_ROTATION:C2,RELATIVE_STRENGTH_ROTATION,C2,1.0,XRP-USDT,2022-11-17 04:00:00+00:00,2022-11-17 05:00:00+00:00,2022-11-18 09:00:00+00:00,28,PRE_PROGRESS_THESIS_NON_CONFIRMATION_24H_NO_MEMORY,0.37613,0.38106,21481.009326253134,8079.652037883592,8185.55341386202,10.09956504735449,10.231941767327525,105.9013759784275,85.56986916374548,ROBUSTNESS_2022,4,RELATIVE_STRENGTH_ROTATION,1,0.0051120833333333,0.38771,TRANSITION,RISK_OFF,0.36079375000000014,,,,,True
FULL_ADAPTIVE_LIFECYCLE_BRAIN__PRE_PROGRESS_NON_CONFIRMATION_V1,FULL_ADAPTIVE_LIFECYCLE_BRAIN__PRE_PROGRESS_NON_CONFIRMATION_V1:RELATIVE_STRENGTH_ROTATION:C2,RELATIVE_STRENGTH_ROTATION,C2,1.0,DOGE-USDT,2022-11-26 00:00:00+00:00,2022-11-26 01:00:00+00:00,2022-11-27 01:00:00+00:00,24,ADAPTIVE_STAGNATION_24H_CLOSE_NOT_ABOVE_ENTRY,0.08952,0.08895,90054.38943031388,8061.668941801699,8010.33793982642,10.077086177252124,10.012922424783024,-51.33100197527892,-71.42101057731408,ROBUSTNESS_2022,3,RELATIVE_STRENGTH_ROTATION,1,0.0016395833333333,0.09575,TRANSITION,RISK_OFF,0.0846012500000001,2022-11-26 08:00:00+00:00,0.08952,2022-11-27 00:00:00+00:00,2022-11-27 01:00:00+00:00,True
FULL_ADAPTIVE_LIFECYCLE_BRAIN__PRE_PROGRESS_NON_CONFIRMATION_V1,FULL_ADAPTIVE_LIFECYCLE_BRAIN__PRE_PROGRESS_NON_CONFIRMATION_V1:RELATIVE_STRENGTH_ROTATION:C2,RELATIVE_STRENGTH_ROTATION,C2,1.0,LUNC-USDT,2022-12-02 02:00:00+00:00,2022-12-02 03:00:00+00:00,2022-12-02 04:00:00+00:00,1,ADAPTIVE_PROTECTION_TOUCH,0.00017499,0.00018455,45887221.736840986,8029.804931729805,8468.486771534004,10.037256164662256,10.585608464417506,438.6818398041996,418.0589751751198,ROBUSTNESS_2022,6,RELATIVE_STRENGTH_ROTATION,1,2.426666666666667e-06,0.00019183,TRANSITION,TRANSITION,0.00016528333333333333,,,,,True
FULL_ADAPTIVE_LIFECYCLE_BRAIN__PRE_PROGRESS_NON_CONFIRMATION_V1,FULL_ADAPTIVE_LIFECYCLE_BRAIN__PRE_PROGRESS_NON_CONFIRMATION_V1:RELATIVE_STRENGTH_ROTATION:C2,RELATIVE_STRENGTH_ROTATION,C2,1.0,DOGE-USDT,2022-12-01 01:00:00+00:00,2022-12-01 02:00:00+00:00,2022-12-03 02:00:00+00:00,48,ADAPTIVE_STAGNATION_48H_CLOSE_NOT_ABOVE_ENTRY,0.10551,0.10175,76476.75515241799,8069.062436131622,7781.50983675853,10.086328045164528,9.726887295948162,-287.55259937309256,-307.36581471420527,ROBUSTNESS_2022,3,RELATIVE_STRENGTH_ROTATION,1,0.0022745833333333,0.10584,TRANSITION,TRANSITION,0.09641166666666681,,,,,True
FULL_ADAPTIVE_LIFECYCLE_BRAIN__PRE_PROGRESS_NON_CONFIRMATION_V1,FULL_ADAPTIVE_LIFECYCLE_BRAIN__PRE_PROGRESS_NON_CONFIRMATION_V1:RELATIVE_STRENGTH_ROTATION:C2,RELATIVE_STRENGTH_ROTATION,C2,1.0,ETH-USDT,2022-11-30 11:00:00+00:00,2022-11-30 12:00:00+00:00,2022-12-03 22:00:00+00:00,82,ADAPTIVE_STAGNATION_24H_CLOSE_NOT_ABOVE_ENTRY,1264.6,1264.55,6.369793650838005,8055.241050849741,8054.922561167199,10.069051313562177,10.068653201458998,-0.31848968254234933,-20.456194197563526,ROBUSTNESS_2022,2,RELATIVE_STRENGTH_ROTATION,1,11.365833333333342,1309.99,TRANSITION,RISK_OFF,1230.5024999999998,2022-11-30 16:00:00+00:00,1264.6,,,True
FULL_ADAPTIVE_LIFECYCLE_BRAIN__PRE_PROGRESS_NON_CONFIRMATION_V1,FULL_ADAPTIVE_LIFECYCLE_BRAIN__PRE_PROGRESS_NON_CONFIRMATION_V1:RELATIVE_STRENGTH_ROTATION:C2,RELATIVE_STRENGTH_ROTATION,C2,1.0,DOGE-USDT,2022-12-05 03:00:00+00:00,2022-12-05 04:00:00+00:00,2022-12-05 10:00:00+00:00,6,ADAPTIVE_PROTECTION_TOUCH,0.10415,0.1084137500000001,77504.0139112333,8072.043048854948,8402.500788168976,10.090053811068685,10.50312598521122,330.457739314028,309.8645595177481,ROBUSTNESS_2022,4,RELATIVE_STRENGTH_ROTATION,1,0.0011120833333333,0.11175,TRANSITION,TRANSITION,0.0997016666666668,,,,,True
FULL_ADAPTIVE_LIFECYCLE_BRAIN__PRE_PROGRESS_NON_CONFIRMATION_V1,FULL_ADAPTIVE_LIFECYCLE_BRAIN__PRE_PROGRESS_NON_CONFIRMATION_V1:RELATIVE_STRENGTH_ROTATION:C2,RELATIVE_STRENGTH_ROTATION,C2,1.0,DOGE-USDT,2022-12-05 09:00:00+00:00,2022-12-05 10:00:00+00:00,2022-12-05 14:00:00+00:00,4,ADAPTIVE_PROTECTION_TOUCH,0.10877,0.1046483333333336,74430.92099786938,8095.851276938253,7789.071830892055,10.119814096172817,9.73633978861507,-306.77944604619825,-326.63559993098613,ROBUSTNESS_2022,4,RELATIVE_STRENGTH_ROTATION,1,0.0010304166666666,0.10877,TRANSITION,TRANSITION,0.1046483333333336,,,,,True
FULL_ADAPTIVE_LIFECYCLE_BRAIN__PRE_PROGRESS_NON_CONFIRMATION_V1,FULL_ADAPTIVE_LIFECYCLE_BRAIN__PRE_PROGRESS_NON_CONFIRMATION_V1:RELATIVE_STRENGTH_ROTATION:C2,RELATIVE_STRENGTH_ROTATION,C2,1.0,LTC-USDT,2022-12-05 05:00:00+00:00,2022-12-05 06:00:00+00:00,2022-12-05 17:00:00+00:00,11,ADAPTIVE_PROTECTION_TOUCH,83.024,80.99533333333333,97.20515268433518,8070.360596464244,7873.163743385289,10.087950745580304,9.841454679231612,-197.19685307895452,-217.12625850376645,ROBUSTNESS_2022,6,RELATIVE_STRENGTH_ROTATION,1,0.5071666666666671,84.989,TRANSITION,TRANSITION,80.99533333333333,2022-12-05 12:00:00+00:00,83.024,2022-12-05 16:00:00+00:00,2022-12-05 17:00:00+00:00,True
FULL_ADAPTIVE_LIFECYCLE_BRAIN__PRE_PROGRESS_NON_CONFIRMATION_V1,FULL_ADAPTIVE_LIFECYCLE_BRAIN__PRE_PROGRESS_NON_CONFIRMATION_V1:RELATIVE_STRENGTH_ROTATION:C2,RELATIVE_STRENGTH_ROTATION,C2,1.0,SOL-USDT,2022-12-05 01:00:00+00:00,2022-12-05 02:00:00+00:00,2022-12-05 21:00:00+00:00,19,ADAPTIVE_PROTECTION_TOUCH,13.927,13.67775,578.9733882252776,8063.3623778134415,7919.0532607982905,10.079202972266803,9.898816575997863,-144.30911701515106,-164.28713656341574,ROBUSTNESS_2022,5,RELATIVE_STRENGTH_ROTATION,1,0.0830833333333332,14.212,TRANSITION,RISK_OFF,13.594666666666667,2022-12-05 08:00:00+00:00,13.927,2022-12-05 16:00:00+00:00,2022-12-05 17:00:00+00:00,True
FULL_ADAPTIVE_LIFECYCLE_BRAIN__PRE_PROGRESS_NON_CONFIRMATION_V1,FULL_ADAPTIVE_LIFECYCLE_BRAIN__PRE_PROGRESS_NON_CONFIRMATION_V1:RELATIVE_STRENGTH_ROTATION:C2,RELATIVE_STRENGTH_ROTATION,C2,1.0,LTC-USDT,2022-12-06 11:00:00+00:00,2022-12-06 12:00:00+00:00,2022-12-07 08:00:00+00:00,20,ADAPTIVE_PROTECTION_TOUCH,79.18,76.220875,101.38325055089925,8027.525778620203,7727.520067333773,10.034407223275254,9.659400084167217,-300.0057112864297,-319.69951859387214,ROBUSTNESS_2022,6,RELATIVE_STRENGTH_ROTATION,1,0.9863749999999994,80.445,TRANSITION,RISK_OFF,76.220875,2022-12-06 16:00:00+00:00,79.18,2022-12-06 20:00:00+00:00,2022-12-06 21:00:00+00:00,True
FULL_ADAPTIVE_LIFECYCLE_BRAIN__PRE_PROGRESS_NON_CONFIRMATION_V1,FULL_ADAPTIVE_LIFECYCLE_BRAIN__PRE_PROGRESS_NON_CONFIRMATION_V1:RELATIVE_STRENGTH_ROTATION:C2,RELATIVE_STRENGTH_ROTATION,C2,1.0,SOL-USDT,2022-12-06 12:00:00+00:00,2022-12-06 13:00:00+00:00,2022-12-07 09:00:00+00:00,20,ADAPTIVE_PROTECTION_TOUCH,14.006,13.519375,573.358852872589,8030.464093333481,7751.453341554357,10.038080116666851,9.689316676942948,-279.0107517791239,-298.7381485727337,ROBUSTNESS_2022,5,RELATIVE_STRENGTH_ROTATION,1,0.1622083333333331,14.384,TRANSITION,RISK_OFF,13.519375,2022-12-06 20:00:00+00:00,14.006,2022-12-07 08:00:00+00:00,2022-12-07 09:00:00+00:00,True
FULL_ADAPTIVE_LIFECYCLE_BRAIN__PRE_PROGRESS_NON_CONFIRMATION_V1,FULL_ADAPTIVE_LIFECYCLE_BRAIN__PRE_PROGRESS_NON_CONFIRMATION_V1:RELATIVE_STRENGTH_ROTATION:C2,RELATIVE_STRENGTH_ROTATION,C2,1.0,ETH-USDT,2022-12-08 19:00:00+00:00,2022-12-08 20:00:00+00:00,2022-12-09 22:00:00+00:00,26,ADAPTIVE_PROTECTION_TOUCH,1287.41,1258.5916666666667,6.192173735309813,7971.866388575208,7793.418261813137,9.96483298571901,9.741772827266422,-178.4481267620704,-198.15473257505582,ROBUSTNESS_2022,2,RELATIVE_STRENGTH_ROTATION,1,7.204583333333336,1296.64,TRANSITION,TRANSITION,1258.5916666666667,,,,,True
FULL_ADAPTIVE_LIFECYCLE_BRAIN__PRE_PROGRESS_NON_CONFIRMATION_V1,FULL_ADAPTIVE_LIFECYCLE_BRAIN__PRE_PROGRESS_NON_CONFIRMATION_V1:RELATIVE_STRENGTH_ROTATION:C2,RELATIVE_STRENGTH_ROTATION,C2,1.0,BTC-USDT,2022-12-09 01:00:00+00:00,2022-12-09 02:00:00+00:00,2022-12-11 02:00:00+00:00,48,ADAPTIVE_STAGNATION_48H_CLOSE_NOT_ABOVE_ENTRY,17200.7,17144.2,0.46307264698472983,7965.1736789902425,7939.010074435606,9.956467098737804,9.923762593044508,-26.16360455463655,-46.04383424641886,ROBUSTNESS_2022,1,RELATIVE_STRENGTH_ROTATION,1,69.35416666666606,17338.7,TRANSITION,TRANSITION,16923.283333333336,2022-12-09 08:00:00+00:00,17200.7,2022-12-09 16:00:00+00:00,2022-12-09 17:00:00+00:00,True
FULL_ADAPTIVE_LIFECYCLE_BRAIN__PRE_PROGRESS_NON_CONFIRMATION_V1,FULL_ADAPTIVE_LIFECYCLE_BRAIN__PRE_PROGRESS_NON_CONFIRMATION_V1:RELATIVE_STRENGTH_ROTATION:C2,RELATIVE_STRENGTH_ROTATION,C2,1.0,XRP-USDT,2022-12-09 02:00:00+00:00,2022-12-09 03:00:00+00:00,2022-12-11 03:00:00+00:00,48,ADAPTIVE_STAGNATION_48H_CLOSE_NOT_ABOVE_ENTRY,0.39409,0.38811,20219.06171035809,7968.13002943502,7847.220040407079,9.960162536793776,9.809025050508849,-120.90998902794126,-140.67917661524388,ROBUSTNESS_2022,3,RELATIVE_STRENGTH_ROTATION,1,0.0029704166666666,0.39471,TRANSITION,TRANSITION,0.3822083333333336,,,,,True
FULL_ADAPTIVE_LIFECYCLE_BRAIN__PRE_PROGRESS_NON_CONFIRMATION_V1,FULL_ADAPTIVE_LIFECYCLE_BRAIN__PRE_PROGRESS_NON_CONFIRMATION_V1:RELATIVE_STRENGTH_ROTATION:C2,RELATIVE_STRENGTH_ROTATION,C2,1.0,ETH-USDT,2022-12-10 07:00:00+00:00,2022-12-10 08:00:00+00:00,2022-12-11 23:00:00+00:00,39,ADAPTIVE_STAGNATION_24H_CLOSE_NOT_ABOVE_ENTRY,1265.22,1264.85,6.27486119952489,7939.079886862882,7936.758188219057,9.923849858578603,9.920947735273822,-2.321698643824675,-22.1664962376771,ROBUSTNESS_2022,2,RELATIVE_STRENGTH_ROTATION,1,6.838750000000014,1285.0,TRANSITION,RISK_OFF,1244.70375,2022-12-10 12:00:00+00:00,1265.22,,,True
FULL_ADAPTIVE_LIFECYCLE_BRAIN__PRE_PROGRESS_NON_CONFIRMATION_V1,FULL_ADAPTIVE_LIFECYCLE_BRAIN__PRE_PROGRESS_NON_CONFIRMATION_V1:RELATIVE_STRENGTH_ROTATION:C2,RELATIVE_STRENGTH_ROTATION,C2,1.0,LTC-USDT,2022-12-11 17:00:00+00:00,2022-12-11 18:00:00+00:00,2022-12-12 01:00:00+00:00,7,ADAPTIVE_PROTECTION_TOUCH,77.443,76.164875,102.54414891919181,7941.326524748972,7810.262284411629,9.926658155936215,9.762827855514535,-131.0642403373431,-150.75372634879386,ROBUSTNESS_2022,6,RELATIVE_STRENGTH_ROTATION,1,0.4260416666666676,78.414,TRANSITION,RISK_OFF,76.164875,,,,,True
FULL_ADAPTIVE_LIFECYCLE_BRAIN__PRE_PROGRESS_NON_CONFIRMATION_V1,FULL_ADAPTIVE_LIFECYCLE_BRAIN__PRE_PROGRESS_NON_CONFIRMATION_V1:RELATIVE_STRENGTH_ROTATION:C2,RELATIVE_STRENGTH_ROTATION,C2,1.0,LTC-USDT,2022-12-13 03:00:00+00:00,2022-12-13 04:00:00+00:00,2022-12-13 08:00:00+00:00,4,ADAPTIVE_PROTECTION_TOUCH,77.188,74.62683333333334,102.64967992229617,7923.323493842197,7660.42055528121,9.904154367302747,9.575525694101513,-262.9029385609874,-282.38261862239165,ROBUSTNESS_2022,6,RELATIVE_STRENGTH_ROTATION,1,0.6402916666666668,77.271,TRANSITION,TRANSITION,74.62683333333334,,,,,True
FULL_ADAPTIVE_LIFECYCLE_BRAIN__PRE_PROGRESS_NON_CONFIRMATION_V1,FULL_ADAPTIVE_LIFECYCLE_BRAIN__PRE_PROGRESS_NON_CONFIRMATION_V1:RELATIVE_STRENGTH_ROTATION:C2,RELATIVE_STRENGTH_ROTATION,C2,1.0,BTC-USDT,2022-12-13 10:00:00+00:00,2022-12-13 11:00:00+00:00,2022-12-13 16:00:00+00:00,5,ADAPTIVE_PROTECTION_TOUCH,17422.0,17820.712499999998,0.4535267466660036,7901.342980415115,8082.1697633951835,9.876678725518893,10.10271220424398,180.82678298006886,160.84739205030598,ROBUSTNESS_2022,1,RELATIVE_STRENGTH_ROTATION,1,49.42916666666709,17969.0,TRANSITION,TRANSITION,17820.712499999998,,,,,True
FULL_ADAPTIVE_LIFECYCLE_BRAIN__PRE_PROGRESS_NON_CONFIRMATION_V1,FULL_ADAPTIVE_LIFECYCLE_BRAIN__PRE_PROGRESS_NON_CONFIRMATION_V1:RELATIVE_STRENGTH_ROTATION:C2,RELATIVE_STRENGTH_ROTATION,C2,1.0,ETH-USDT,2022-12-12 21:00:00+00:00,2022-12-12 22:00:00+00:00,2022-12-13 16:00:00+00:00,18,ADAPTIVE_PROTECTION_TOUCH,1266.48,1326.53,6.2548674843922685,7921.66457163312,8297.269364070875,9.9020807145414,10.371586705088594,375.60479243775444,355.33112501812445,ROBUSTNESS_2022,2,RELATIVE_STRENGTH_ROTATION,1,6.643333333333335,1346.46,TRANSITION,TRANSITION,1326.53,2022-12-13 04:00:00+00:00,1266.48,,,True
FULL_ADAPTIVE_LIFECYCLE_BRAIN__PRE_PROGRESS_NON_CONFIRMATION_V1,FULL_ADAPTIVE_LIFECYCLE_BRAIN__PRE_PROGRESS_NON_CONFIRMATION_V1:RELATIVE_STRENGTH_ROTATION:C2,RELATIVE_STRENGTH_ROTATION,C2,1.0,BTC-USDT,2022-12-14 06:00:00+00:00,2022-12-14 07:00:00+00:00,2022-12-14 20:00:00+00:00,13,ADAPTIVE_PROTECTION_TOUCH,17787.9,17929.483333333337,0.44652298486573805,7942.706202493263,8005.9264151005045,9.928382753116578,10.007408018875632,63.22021260724159,43.28442183524938,ROBUSTNESS_2022,1,RELATIVE_STRENGTH_ROTATION,1,111.97916666666622,18377.4,TRANSITION,RISK_ON,17339.983333333337,2022-12-14 12:00:00+00:00,17787.9,,,True
FULL_ADAPTIVE_LIFECYCLE_BRAIN__PRE_PROGRESS_NON_CONFIRMATION_V1,FULL_ADAPTIVE_LIFECYCLE_BRAIN__PRE_PROGRESS_NON_CONFIRMATION_V1:RELATIVE_STRENGTH_ROTATION:C2,RELATIVE_STRENGTH_ROTATION,C2,1.0,SOL-USDT,2022-12-14 16:00:00+00:00,2022-12-14 17:00:00+00:00,2022-12-15 02:00:00+00:00,9,ADAPTIVE_PROTECTION_TOUCH,14.489,13.993333333333334,549.4113910648322,7960.421645138354,7688.096732300552,9.950527056422942,9.61012091537569,-272.324912837802,-291.8855608096007,ROBUSTNESS_2022,5,RELATIVE_STRENGTH_ROTATION,1,0.1239166666666665,14.944,TRANSITION,RISK_ON,13.993333333333334,,,,,True
FULL_ADAPTIVE_LIFECYCLE_BRAIN__PRE_PROGRESS_NON_CONFIRMATION_V1,FULL_ADAPTIVE_LIFECYCLE_BRAIN__PRE_PROGRESS_NON_CONFIRMATION_V1:RELATIVE_STRENGTH_ROTATION:C2,RELATIVE_STRENGTH_ROTATION,C2,1.0,ETH-USDT,2022-12-14 07:00:00+00:00,2022-12-14 08:00:00+00:00,2022-12-15 14:00:00+00:00,30,ADAPTIVE_PROTECTION_TOUCH,1322.29,1276.4766666666665,6.005980443824022,7941.647881064066,7666.493896997674,9.927059851330082,9.583117371247093,-275.1539840663918,-294.66416128896896,ROBUSTNESS_2022,2,RELATIVE_STRENGTH_ROTATION,1,11.453333333333347,1353.0,TRANSITION,TRANSITION,1276.4766666666665,2022-12-14 12:00:00+00:00,1322.29,2022-12-14 20:00:00+00:00,2022-12-14 21:00:00+00:00,True
FULL_ADAPTIVE_LIFECYCLE_BRAIN__PRE_PROGRESS_NON_CONFIRMATION_V1,FULL_ADAPTIVE_LIFECYCLE_BRAIN__PRE_PROGRESS_NON_CONFIRMATION_V1:RELATIVE_STRENGTH_ROTATION:C2,RELATIVE_STRENGTH_ROTATION,C2,1.0,ETH-USDT,2022-12-21 04:00:00+00:00,2022-12-21 05:00:00+00:00,2022-12-22 16:00:00+00:00,35,ADAPTIVE_STAGNATION_24H_CLOSE_NOT_ABOVE_ENTRY,1210.11,1192.74,6.516761624656739,7885.998409613365,7772.802260193079,9.857498012016706,9.716002825241349,-113.19614942028602,-132.76965025754407,ROBUSTNESS_2022,2,RELATIVE_STRENGTH_ROTATION,1,8.443333333333328,1222.22,TRANSITION,RISK_OFF,1184.78,2022-12-21 12:00:00+00:00,1210.11,2022-12-21 20:00:00+00:00,2022-12-21 21:00:00+00:00,True
FULL_ADAPTIVE_LIFECYCLE_BRAIN__PRE_PROGRESS_NON_CONFIRMATION_V1,FULL_ADAPTIVE_LIFECYCLE_BRAIN__PRE_PROGRESS_NON_CONFIRMATION_V1:RELATIVE_STRENGTH_ROTATION:C2,RELATIVE_STRENGTH_ROTATION,C2,1.0,LTC-USDT,2022-12-21 02:00:00+00:00,2022-12-21 03:00:00+00:00,2022-12-22 16:00:00+00:00,37,ADAPTIVE_STAGNATION_24H_CLOSE_NOT_ABOVE_ENTRY,66.163,64.946,119.30856106085824,7893.812325469563,7748.613806658499,9.867265406836953,9.685767258323123,-145.19851881106388,-164.75155147622397,ROBUSTNESS_2022,5,RELATIVE_STRENGTH_ROTATION,1,0.6689999999999999,66.805,TRANSITION,RISK_OFF,64.15599999999999,2022-12-22 08:00:00+00:00,66.163,,,True
FULL_ADAPTIVE_LIFECYCLE_BRAIN__PRE_PROGRESS_NON_CONFIRMATION_V1,FULL_ADAPTIVE_LIFECYCLE_BRAIN__PRE_PROGRESS_NON_CONFIRMATION_V1:RELATIVE_STRENGTH_ROTATION:C2,RELATIVE_STRENGTH_ROTATION,C2,1.0,DOGE-USDT,2022-12-22 21:00:00+00:00,2022-12-22 22:00:00+00:00,2022-12-25 13:00:00+00:00,63,ADAPTIVE_STAGNATION_24H_CLOSE_NOT_ABOVE_ENTRY,0.0766,0.07646,102702.81223646895,7867.035417313522,7852.657023600415,9.833794271641903,9.81582127950052,-14.378393713106561,-34.028009264248986,ROBUSTNESS_2022,4,RELATIVE_STRENGTH_ROTATION,1,0.0008370833333333,0.07899,TRANSITION,RISK_OFF,0.0740887500000001,2022-12-23 04:00:00+00:00,0.0766,2022-12-25 12:00:00+00:00,2022-12-25 13:00:00+00:00,True
