asset,canonical_symbol,day,source_timestamp,available_at,market_cap_usd,rebalance_time,market_cap_rank,top6_member,top10_member,fixed6_symbol,fixed10_symbol
btc,BTC,2021-01-03 00:00:00+00:00,2021-01-03 00:00:00+00:00,2021-01-04 00:00:00+00:00,618626936448.978,2021-01-04 00:00:00+00:00,1,True,True,True,True
eth,ETH,2021-01-03 00:00:00+00:00,2021-01-03 00:00:00+00:00,2021-01-04 00:00:00+00:00,113022171397.96152,2021-01-04 00:00:00+00:00,2,True,True,True,True
xrp,XRP,2021-01-03 00:00:00+00:00,2021-01-03 00:00:00+00:00,2021-01-04 00:00:00+00:00,22697316038.74482,2021-01-04 00:00:00+00:00,3,True,True,False,True
xlm,XLM,2021-01-03 00:00:00+00:00,2021-01-03 00:00:00+00:00,2021-01-04 00:00:00+00:00,14369176581.40838,2021-01-04 00:00:00+00:00,4,True,True,False,False
link,LINK,2021-01-03 00:00:00+00:00,2021-01-03 00:00:00+00:00,2021-01-04 00:00:00+00:00,13804014049.6833,2021-01-04 00:00:00+00:00,5,True,True,True,True
ltc,LTC,2021-01-03 00:00:00+00:00,2021-01-03 00:00:00+00:00,2021-01-04 00:00:00+00:00,10737693162.064533,2021-01-04 00:00:00+00:00,6,True,True,False,True
dot,DOT,2021-01-03 00:00:00+00:00,2021-01-03 00:00:00+00:00,2021-01-04 00:00:00+00:00,10492233044.669643,2021-01-04 00:00:00+00:00,7,False,True,False,False
bch,BCH,2021-01-03 00:00:00+00:00,2021-01-03 00:00:00+00:00,2021-01-04 00:00:00+00:00,7894877072.046677,2021-01-04 00:00:00+00:00,8,False,True,False,False
ada,ADA,2021-01-03 00:00:00+00:00,2021-01-03 00:00:00+00:00,2021-01-04 00:00:00+00:00,6582025469.578494,2021-01-04 00:00:00+00:00,9,False,True,False,True
cro,CRO,2021-01-03 00:00:00+00:00,2021-01-03 00:00:00+00:00,2021-01-04 00:00:00+00:00,6036316279.05837,2021-01-04 00:00:00+00:00,10,False,True,False,False
uni,UNI,2021-01-03 00:00:00+00:00,2021-01-03 00:00:00+00:00,2021-01-04 00:00:00+00:00,5502748606.98052,2021-01-04 00:00:00+00:00,11,False,False,False,False
algo,ALGO,2021-01-03 00:00:00+00:00,2021-01-03 00:00:00+00:00,2021-01-04 00:00:00+00:00,4200380059.67589,2021-01-04 00:00:00+00:00,12,False,False,False,False
bsv,BSV,2021-01-03 00:00:00+00:00,2021-01-03 00:00:00+00:00,2021-01-04 00:00:00+00:00,3210575665.3563056,2021-01-04 00:00:00+00:00,13,False,False,False,False
ht,HT,2021-01-03 00:00:00+00:00,2021-01-03 00:00:00+00:00,2021-01-04 00:00:00+00:00,2463876124.31473,2021-01-04 00:00:00+00:00,14,False,False,False,False
xmr,XMR,2021-01-03 00:00:00+00:00,2021-01-03 00:00:00+00:00,2021-01-04 00:00:00+00:00,2409576530.8970337,2021-01-04 00:00:00+00:00,15,False,False,False,False
ftt,FTT,2021-01-03 00:00:00+00:00,2021-01-03 00:00:00+00:00,2021-01-04 00:00:00+00:00,2384391495.3653994,2021-01-04 00:00:00+00:00,16,False,False,False,False
snx,SNX,2021-01-03 00:00:00+00:00,2021-01-03 00:00:00+00:00,2021-01-04 00:00:00+00:00,2039996302.9698172,2021-01-04 00:00:00+00:00,17,False,False,False,False
xem,XEM,2021-01-03 00:00:00+00:00,2021-01-03 00:00:00+00:00,2021-01-04 00:00:00+00:00,1915811802.198963,2021-01-04 00:00:00+00:00,18,False,False,False,False
xtz,XTZ,2021-01-03 00:00:00+00:00,2021-01-03 00:00:00+00:00,2021-01-04 00:00:00+00:00,1768911236.3940322,2021-01-04 00:00:00+00:00,19,False,False,False,False
1inch,1INCH,2021-01-03 00:00:00+00:00,2021-01-03 00:00:00+00:00,2021-01-04 00:00:00+00:00,1679718479.50206,2021-01-04 00:00:00+00:00,20,False,False,False,False
neo,NEO,2021-01-03 00:00:00+00:00,2021-01-03 00:00:00+00:00,2021-01-04 00:00:00+00:00,1610835312.01233,2021-01-04 00:00:00+00:00,21,False,False,False,False
aave,AAVE,2021-01-03 00:00:00+00:00,2021-01-03 00:00:00+00:00,2021-01-04 00:00:00+00:00,1502455320.6708224,2021-01-04 00:00:00+00:00,22,False,False,False,False
comp,COMP,2021-01-03 00:00:00+00:00,2021-01-03 00:00:00+00:00,2021-01-04 00:00:00+00:00,1480408247.00351,2021-01-04 00:00:00+00:00,23,False,False,False,False
doge,DOGE,2021-01-03 00:00:00+00:00,2021-01-03 00:00:00+00:00,2021-01-04 00:00:00+00:00,1278625894.4635656,2021-01-04 00:00:00+00:00,24,False,False,False,False
lend,LEND,2021-01-03 00:00:00+00:00,2021-01-03 00:00:00+00:00,2021-01-04 00:00:00+00:00,1220744893.3023024,2021-01-04 00:00:00+00:00,25,False,False,False,False
crv,CRV,2021-01-03 00:00:00+00:00,2021-01-03 00:00:00+00:00,2021-01-04 00:00:00+00:00,949362069.0466913,2021-01-04 00:00:00+00:00,26,False,False,False,False
gno,GNO,2021-01-03 00:00:00+00:00,2021-01-03 00:00:00+00:00,2021-01-04 00:00:00+00:00,905443158.292061,2021-01-04 00:00:00+00:00,27,False,False,False,False
dash,DASH,2021-01-03 00:00:00+00:00,2021-01-03 00:00:00+00:00,2021-01-04 00:00:00+00:00,887866208.4593154,2021-01-04 00:00:00+00:00,28,False,False,False,False
uma,UMA,2021-01-03 00:00:00+00:00,2021-01-03 00:00:00+00:00,2021-01-04 00:00:00+00:00,860489168.1662275,2021-01-04 00:00:00+00:00,29,False,False,False,False
etc,ETC,2021-01-03 00:00:00+00:00,2021-01-03 00:00:00+00:00,2021-01-04 00:00:00+00:00,824778796.7530739,2021-01-04 00:00:00+00:00,30,False,False,False,False
btc,BTC,2021-01-10 00:00:00+00:00,2021-01-10 00:00:00+00:00,2021-01-11 00:00:00+00:00,712801739056.71,2021-01-11 00:00:00+00:00,1,True,True,True,True
eth,ETH,2021-01-10 00:00:00+00:00,2021-01-10 00:00:00+00:00,2021-01-11 00:00:00+00:00,144538541298.19492,2021-01-11 00:00:00+00:00,2,True,True,True,True
xrp,XRP,2021-01-10 00:00:00+00:00,2021-01-10 00:00:00+00:00,2021-01-11 00:00:00+00:00,31539130512.845234,2021-01-11 00:00:00+00:00,3,True,True,False,True
xlm,XLM,2021-01-10 00:00:00+00:00,2021-01-10 00:00:00+00:00,2021-01-11 00:00:00+00:00,30230747391.32418,2021-01-11 00:00:00+00:00,4,True,True,False,False
link,LINK,2021-01-10 00:00:00+00:00,2021-01-10 00:00:00+00:00,2021-01-11 00:00:00+00:00,16234920489.1799,2021-01-11 00:00:00+00:00,5,True,True,True,True
ltc,LTC,2021-01-10 00:00:00+00:00,2021-01-10 00:00:00+00:00,2021-01-11 00:00:00+00:00,11407839898.868034,2021-01-11 00:00:00+00:00,6,True,True,False,True
bch,BCH,2021-01-10 00:00:00+00:00,2021-01-10 00:00:00+00:00,2021-01-11 00:00:00+00:00,11201668375.89551,2021-01-11 00:00:00+00:00,7,False,True,False,False
ada,ADA,2021-01-10 00:00:00+00:00,2021-01-10 00:00:00+00:00,2021-01-11 00:00:00+00:00,9687636477.079222,2021-01-11 00:00:00+00:00,8,False,True,False,True
dot,DOT,2021-01-10 00:00:00+00:00,2021-01-10 00:00:00+00:00,2021-01-11 00:00:00+00:00,9515690914.13994,2021-01-11 00:00:00+00:00,9,False,True,False,False
cro,CRO,2021-01-10 00:00:00+00:00,2021-01-10 00:00:00+00:00,2021-01-11 00:00:00+00:00,7790729576.64061,2021-01-11 00:00:00+00:00,10,False,True,False,False
uni,UNI,2021-01-10 00:00:00+00:00,2021-01-10 00:00:00+00:00,2021-01-11 00:00:00+00:00,6011646974.26237,2021-01-11 00:00:00+00:00,11,False,False,False,False
bsv,BSV,2021-01-10 00:00:00+00:00,2021-01-10 00:00:00+00:00,2021-01-11 00:00:00+00:00,4720052560.935946,2021-01-11 00:00:00+00:00,12,False,False,False,False
algo,ALGO,2021-01-10 00:00:00+00:00,2021-01-10 00:00:00+00:00,2021-01-11 00:00:00+00:00,4610728750.80575,2021-01-11 00:00:00+00:00,13,False,False,False,False
xmr,XMR,2021-01-10 00:00:00+00:00,2021-01-10 00:00:00+00:00,2021-01-11 00:00:00+00:00,3208866927.276694,2021-01-11 00:00:00+00:00,14,False,False,False,False
ftt,FTT,2021-01-10 00:00:00+00:00,2021-01-10 00:00:00+00:00,2021-01-11 00:00:00+00:00,3180833463.956881,2021-01-11 00:00:00+00:00,15,False,False,False,False
snx,SNX,2021-01-10 00:00:00+00:00,2021-01-10 00:00:00+00:00,2021-01-11 00:00:00+00:00,3064020944.009339,2021-01-11 00:00:00+00:00,16,False,False,False,False
ht,HT,2021-01-10 00:00:00+00:00,2021-01-10 00:00:00+00:00,2021-01-11 00:00:00+00:00,2792026794.82336,2021-01-11 00:00:00+00:00,17,False,False,False,False
neo,NEO,2021-01-10 00:00:00+00:00,2021-01-10 00:00:00+00:00,2021-01-11 00:00:00+00:00,2504533569.08788,2021-01-11 00:00:00+00:00,18,False,False,False,False
xtz,XTZ,2021-01-10 00:00:00+00:00,2021-01-10 00:00:00+00:00,2021-01-11 00:00:00+00:00,2273736274.3195043,2021-01-11 00:00:00+00:00,19,False,False,False,False
xem,XEM,2021-01-10 00:00:00+00:00,2021-01-10 00:00:00+00:00,2021-01-11 00:00:00+00:00,2096854581.2502682,2021-01-11 00:00:00+00:00,20,False,False,False,False
aave,AAVE,2021-01-10 00:00:00+00:00,2021-01-10 00:00:00+00:00,2021-01-11 00:00:00+00:00,2044401461.117968,2021-01-11 00:00:00+00:00,21,False,False,False,False
comp,COMP,2021-01-10 00:00:00+00:00,2021-01-10 00:00:00+00:00,2021-01-11 00:00:00+00:00,1956659188.63393,2021-01-11 00:00:00+00:00,22,False,False,False,False
1inch,1INCH,2021-01-10 00:00:00+00:00,2021-01-10 00:00:00+00:00,2021-01-11 00:00:00+00:00,1824851518.288545,2021-01-11 00:00:00+00:00,23,False,False,False,False
lend,LEND,2021-01-10 00:00:00+00:00,2021-01-10 00:00:00+00:00,2021-01-11 00:00:00+00:00,1661076112.669519,2021-01-11 00:00:00+00:00,24,False,False,False,False
mkr,MKR,2021-01-10 00:00:00+00:00,2021-01-10 00:00:00+00:00,2021-01-11 00:00:00+00:00,1517016555.0119202,2021-01-11 00:00:00+00:00,25,False,False,False,False
dash,DASH,2021-01-10 00:00:00+00:00,2021-01-10 00:00:00+00:00,2021-01-11 00:00:00+00:00,1452390683.0826757,2021-01-11 00:00:00+00:00,26,False,False,False,False
etc,ETC,2021-01-10 00:00:00+00:00,2021-01-10 00:00:00+00:00,2021-01-11 00:00:00+00:00,1394006126.900584,2021-01-11 00:00:00+00:00,27,False,False,False,False
doge,DOGE,2021-01-10 00:00:00+00:00,2021-01-10 00:00:00+00:00,2021-01-11 00:00:00+00:00,1254885495.6440008,2021-01-11 00:00:00+00:00,28,False,False,False,False
gno,GNO,2021-01-10 00:00:00+00:00,2021-01-10 00:00:00+00:00,2021-01-11 00:00:00+00:00,1146439407.06098,2021-01-11 00:00:00+00:00,29,False,False,False,False
crv,CRV,2021-01-10 00:00:00+00:00,2021-01-10 00:00:00+00:00,2021-01-11 00:00:00+00:00,1069050822.773099,2021-01-11 00:00:00+00:00,30,False,False,False,False
btc,BTC,2021-01-17 00:00:00+00:00,2021-01-17 00:00:00+00:00,2021-01-18 00:00:00+00:00,671017747596.7164,2021-01-18 00:00:00+00:00,1,True,True,True,True
eth,ETH,2021-01-17 00:00:00+00:00,2021-01-17 00:00:00+00:00,2021-01-18 00:00:00+00:00,141990281349.43542,2021-01-18 00:00:00+00:00,2,True,True,True,True
xlm,XLM,2021-01-17 00:00:00+00:00,2021-01-17 00:00:00+00:00,2021-01-18 00:00:00+00:00,32210768442.804478,2021-01-18 00:00:00+00:00,3,True,True,False,False
xrp,XRP,2021-01-17 00:00:00+00:00,2021-01-17 00:00:00+00:00,2021-01-18 00:00:00+00:00,27831711728.323456,2021-01-18 00:00:00+00:00,4,True,True,False,True
link,LINK,2021-01-17 00:00:00+00:00,2021-01-17 00:00:00+00:00,2021-01-18 00:00:00+00:00,23306589144.4011,2021-01-18 00:00:00+00:00,5,True,True,True,True
dot,DOT,2021-01-17 00:00:00+00:00,2021-01-17 00:00:00+00:00,2021-01-18 00:00:00+00:00,17484104192.992123,2021-01-18 00:00:00+00:00,6,True,True,False,False
ada,ADA,2021-01-17 00:00:00+00:00,2021-01-17 00:00:00+00:00,2021-01-18 00:00:00+00:00,12226690665.955704,2021-01-18 00:00:00+00:00,7,False,True,False,True
ltc,LTC,2021-01-17 00:00:00+00:00,2021-01-17 00:00:00+00:00,2021-01-18 00:00:00+00:00,9577399089.87275,2021-01-18 00:00:00+00:00,8,False,True,False,True
bch,BCH,2021-01-17 00:00:00+00:00,2021-01-17 00:00:00+00:00,2021-01-18 00:00:00+00:00,8987675452.88636,2021-01-18 00:00:00+00:00,9,False,True,False,False
uni,UNI,2021-01-17 00:00:00+00:00,2021-01-17 00:00:00+00:00,2021-01-18 00:00:00+00:00,8750660209.31421,2021-01-18 00:00:00+00:00,10,False,True,False,False
cro,CRO,2021-01-17 00:00:00+00:00,2021-01-17 00:00:00+00:00,2021-01-18 00:00:00+00:00,8043745551.97344,2021-01-18 00:00:00+00:00,11,False,False,False,False
algo,ALGO,2021-01-17 00:00:00+00:00,2021-01-17 00:00:00+00:00,2021-01-18 00:00:00+00:00,5781996386.29282,2021-01-18 00:00:00+00:00,12,False,False,False,False
bsv,BSV,2021-01-17 00:00:00+00:00,2021-01-17 00:00:00+00:00,2021-01-18 00:00:00+00:00,3728432480.8963833,2021-01-18 00:00:00+00:00,13,False,False,False,False
ftt,FTT,2021-01-17 00:00:00+00:00,2021-01-17 00:00:00+00:00,2021-01-18 00:00:00+00:00,3427759100.2043433,2021-01-18 00:00:00+00:00,14,False,False,False,False
snx,SNX,2021-01-17 00:00:00+00:00,2021-01-17 00:00:00+00:00,2021-01-18 00:00:00+00:00,3399232447.2673473,2021-01-18 00:00:00+00:00,15,False,False,False,False
1inch,1INCH,2021-01-17 00:00:00+00:00,2021-01-17 00:00:00+00:00,2021-01-18 00:00:00+00:00,3090305418.760875,2021-01-18 00:00:00+00:00,16,False,False,False,False
aave,AAVE,2021-01-17 00:00:00+00:00,2021-01-17 00:00:00+00:00,2021-01-18 00:00:00+00:00,3019031351.029712,2021-01-18 00:00:00+00:00,17,False,False,False,False
xmr,XMR,2021-01-17 00:00:00+00:00,2021-01-17 00:00:00+00:00,2021-01-18 00:00:00+00:00,2786977698.7708564,2021-01-18 00:00:00+00:00,18,False,False,False,False
ht,HT,2021-01-17 00:00:00+00:00,2021-01-17 00:00:00+00:00,2021-01-18 00:00:00+00:00,2686425664.863425,2021-01-18 00:00:00+00:00,19,False,False,False,False
xtz,XTZ,2021-01-17 00:00:00+00:00,2021-01-17 00:00:00+00:00,2021-01-18 00:00:00+00:00,2480381641.881917,2021-01-18 00:00:00+00:00,20,False,False,False,False
lend,LEND,2021-01-17 00:00:00+00:00,2021-01-17 00:00:00+00:00,2021-01-18 00:00:00+00:00,2452962862.711664,2021-01-18 00:00:00+00:00,21,False,False,False,False
neo,NEO,2021-01-17 00:00:00+00:00,2021-01-17 00:00:00+00:00,2021-01-18 00:00:00+00:00,2415406128.3062,2021-01-18 00:00:00+00:00,22,False,False,False,False
crv,CRV,2021-01-17 00:00:00+00:00,2021-01-17 00:00:00+00:00,2021-01-18 00:00:00+00:00,2404717007.30153,2021-01-18 00:00:00+00:00,23,False,False,False,False
comp,COMP,2021-01-17 00:00:00+00:00,2021-01-17 00:00:00+00:00,2021-01-18 00:00:00+00:00,2172350383.73933,2021-01-18 00:00:00+00:00,24,False,False,False,False
xem,XEM,2021-01-17 00:00:00+00:00,2021-01-17 00:00:00+00:00,2021-01-18 00:00:00+00:00,2023353079.499685,2021-01-18 00:00:00+00:00,25,False,False,False,False
hedg,HEDG,2021-01-17 00:00:00+00:00,2021-01-17 00:00:00+00:00,2021-01-18 00:00:00+00:00,1770851886.22038,2021-01-18 00:00:00+00:00,26,False,False,False,False
mkr,MKR,2021-01-17 00:00:00+00:00,2021-01-17 00:00:00+00:00,2021-01-18 00:00:00+00:00,1451889247.7641053,2021-01-18 00:00:00+00:00,27,False,False,False,False
sushi,SUSHI,2021-01-17 00:00:00+00:00,2021-01-17 00:00:00+00:00,2021-01-18 00:00:00+00:00,1298967947.136156,2021-01-18 00:00:00+00:00,28,False,False,False,False
dash,DASH,2021-01-17 00:00:00+00:00,2021-01-17 00:00:00+00:00,2021-01-18 00:00:00+00:00,1233451191.4226646,2021-01-18 00:00:00+00:00,29,False,False,False,False
doge,DOGE,2021-01-17 00:00:00+00:00,2021-01-17 00:00:00+00:00,2021-01-18 00:00:00+00:00,1167315373.7999258,2021-01-18 00:00:00+00:00,30,False,False,False,False
btc,BTC,2021-01-24 00:00:00+00:00,2021-01-24 00:00:00+00:00,2021-01-25 00:00:00+00:00,599525276803.4537,2021-01-25 00:00:00+00:00,1,True,True,True,True
eth,ETH,2021-01-24 00:00:00+00:00,2021-01-24 00:00:00+00:00,2021-01-25 00:00:00+00:00,158724870354.9694,2021-01-25 00:00:00+00:00,2,True,True,True,True
xlm,XLM,2021-01-24 00:00:00+00:00,2021-01-24 00:00:00+00:00,2021-01-25 00:00:00+00:00,28633507754.417854,2021-01-25 00:00:00+00:00,3,True,True,False,False
xrp,XRP,2021-01-24 00:00:00+00:00,2021-01-24 00:00:00+00:00,2021-01-25 00:00:00+00:00,27359122798.989582,2021-01-25 00:00:00+00:00,4,True,True,False,True
link,LINK,2021-01-24 00:00:00+00:00,2021-01-24 00:00:00+00:00,2021-01-25 00:00:00+00:00,24541856549.676,2021-01-25 00:00:00+00:00,5,True,True,True,True
dot,DOT,2021-01-24 00:00:00+00:00,2021-01-24 00:00:00+00:00,2021-01-25 00:00:00+00:00,18455290076.85009,2021-01-25 00:00:00+00:00,6,True,True,False,False
uni,UNI,2021-01-24 00:00:00+00:00,2021-01-24 00:00:00+00:00,2021-01-25 00:00:00+00:00,11985038093.2179,2021-01-25 00:00:00+00:00,7,False,True,False,False
ada,ADA,2021-01-24 00:00:00+00:00,2021-01-24 00:00:00+00:00,2021-01-25 00:00:00+00:00,11205504548.400707,2021-01-25 00:00:00+00:00,8,False,True,False,True
ltc,LTC,2021-01-24 00:00:00+00:00,2021-01-24 00:00:00+00:00,2021-01-25 00:00:00+00:00,9411358614.228611,2021-01-25 00:00:00+00:00,9,False,True,False,True
bch,BCH,2021-01-24 00:00:00+00:00,2021-01-24 00:00:00+00:00,2021-01-25 00:00:00+00:00,8175186671.996445,2021-01-25 00:00:00+00:00,10,False,True,False,False
cro,CRO,2021-01-24 00:00:00+00:00,2021-01-24 00:00:00+00:00,2021-01-25 00:00:00+00:00,7248081195.45379,2021-01-25 00:00:00+00:00,11,False,False,False,False
algo,ALGO,2021-01-24 00:00:00+00:00,2021-01-24 00:00:00+00:00,2021-01-25 00:00:00+00:00,5616071060.18214,2021-01-25 00:00:00+00:00,12,False,False,False,False
aave,AAVE,2021-01-24 00:00:00+00:00,2021-01-24 00:00:00+00:00,2021-01-25 00:00:00+00:00,4294912484.522544,2021-01-25 00:00:00+00:00,13,False,False,False,False
snx,SNX,2021-01-24 00:00:00+00:00,2021-01-24 00:00:00+00:00,2021-01-25 00:00:00+00:00,3761897908.5374913,2021-01-25 00:00:00+00:00,14,False,False,False,False
1inch,1INCH,2021-01-24 00:00:00+00:00,2021-01-24 00:00:00+00:00,2021-01-25 00:00:00+00:00,3665436521.831445,2021-01-25 00:00:00+00:00,15,False,False,False,False
ftt,FTT,2021-01-24 00:00:00+00:00,2021-01-24 00:00:00+00:00,2021-01-25 00:00:00+00:00,3506564378.967952,2021-01-25 00:00:00+00:00,16,False,False,False,False
lend,LEND,2021-01-24 00:00:00+00:00,2021-01-24 00:00:00+00:00,2021-01-25 00:00:00+00:00,3489616237.1871977,2021-01-25 00:00:00+00:00,17,False,False,False,False
crv,CRV,2021-01-24 00:00:00+00:00,2021-01-24 00:00:00+00:00,2021-01-25 00:00:00+00:00,3249993028.9147725,2021-01-25 00:00:00+00:00,18,False,False,False,False
bsv,BSV,2021-01-24 00:00:00+00:00,2021-01-24 00:00:00+00:00,2021-01-25 00:00:00+00:00,3249780646.036492,2021-01-25 00:00:00+00:00,19,False,False,False,False
ht,HT,2021-01-24 00:00:00+00:00,2021-01-24 00:00:00+00:00,2021-01-25 00:00:00+00:00,2884852490.68984,2021-01-25 00:00:00+00:00,20,False,False,False,False
xtz,XTZ,2021-01-24 00:00:00+00:00,2021-01-24 00:00:00+00:00,2021-01-25 00:00:00+00:00,2529843947.1159616,2021-01-25 00:00:00+00:00,21,False,False,False,False
comp,COMP,2021-01-24 00:00:00+00:00,2021-01-24 00:00:00+00:00,2021-01-25 00:00:00+00:00,2493509724.7105,2021-01-25 00:00:00+00:00,22,False,False,False,False
neo,NEO,2021-01-24 00:00:00+00:00,2021-01-24 00:00:00+00:00,2021-01-25 00:00:00+00:00,2445314496.10348,2021-01-25 00:00:00+00:00,23,False,False,False,False
xmr,XMR,2021-01-24 00:00:00+00:00,2021-01-24 00:00:00+00:00,2021-01-25 00:00:00+00:00,2389178751.317019,2021-01-25 00:00:00+00:00,24,False,False,False,False
xem,XEM,2021-01-24 00:00:00+00:00,2021-01-24 00:00:00+00:00,2021-01-25 00:00:00+00:00,1929023433.452528,2021-01-25 00:00:00+00:00,25,False,False,False,False
hedg,HEDG,2021-01-24 00:00:00+00:00,2021-01-24 00:00:00+00:00,2021-01-25 00:00:00+00:00,1645920768.20029,2021-01-25 00:00:00+00:00,26,False,False,False,False
sushi,SUSHI,2021-01-24 00:00:00+00:00,2021-01-24 00:00:00+00:00,2021-01-25 00:00:00+00:00,1572376329.8911142,2021-01-25 00:00:00+00:00,27,False,False,False,False
mkr,MKR,2021-01-24 00:00:00+00:00,2021-01-24 00:00:00+00:00,2021-01-25 00:00:00+00:00,1442426694.9004726,2021-01-25 00:00:00+00:00,28,False,False,False,False
gno,GNO,2021-01-24 00:00:00+00:00,2021-01-24 00:00:00+00:00,2021-01-25 00:00:00+00:00,1197170104.28575,2021-01-25 00:00:00+00:00,29,False,False,False,False
uma,UMA,2021-01-24 00:00:00+00:00,2021-01-24 00:00:00+00:00,2021-01-25 00:00:00+00:00,1166358443.8683555,2021-01-25 00:00:00+00:00,30,False,False,False,False
btc,BTC,2021-01-31 00:00:00+00:00,2021-01-31 00:00:00+00:00,2021-02-01 00:00:00+00:00,617261741250.7816,2021-02-01 00:00:00+00:00,1,True,True,True,True
eth,ETH,2021-01-31 00:00:00+00:00,2021-01-31 00:00:00+00:00,2021-02-01 00:00:00+00:00,150859483437.80832,2021-02-01 00:00:00+00:00,2,True,True,True,True
xrp,XRP,2021-01-31 00:00:00+00:00,2021-01-31 00:00:00+00:00,2021-02-01 00:00:00+00:00,49293009481.97234,2021-02-01 00:00:00+00:00,3,True,True,False,True
xlm,XLM,2021-01-31 00:00:00+00:00,2021-01-31 00:00:00+00:00,2021-02-01 00:00:00+00:00,32311802891.26844,2021-02-01 00:00:00+00:00,4,True,True,False,False
link,LINK,2021-01-31 00:00:00+00:00,2021-01-31 00:00:00+00:00,2021-02-01 00:00:00+00:00,22596227212.8693,2021-02-01 00:00:00+00:00,5,True,True,True,True
uni,UNI,2021-01-31 00:00:00+00:00,2021-01-31 00:00:00+00:00,2021-02-01 00:00:00+00:00,17794533498.7345,2021-02-01 00:00:00+00:00,6,True,True,False,False
dot,DOT,2021-01-31 00:00:00+00:00,2021-01-31 00:00:00+00:00,2021-02-01 00:00:00+00:00,16608526866.37782,2021-02-01 00:00:00+00:00,7,False,True,False,False
ada,ADA,2021-01-31 00:00:00+00:00,2021-01-31 00:00:00+00:00,2021-02-01 00:00:00+00:00,11059331869.344397,2021-02-01 00:00:00+00:00,8,False,True,False,True
ltc,LTC,2021-01-31 00:00:00+00:00,2021-01-31 00:00:00+00:00,2021-02-01 00:00:00+00:00,8683419493.321184,2021-02-01 00:00:00+00:00,9,False,True,False,True
1inch,1INCH,2021-01-31 00:00:00+00:00,2021-01-31 00:00:00+00:00,2021-02-01 00:00:00+00:00,7492382977.481565,2021-02-01 00:00:00+00:00,10,False,True,False,False
bch,BCH,2021-01-31 00:00:00+00:00,2021-01-31 00:00:00+00:00,2021-02-01 00:00:00+00:00,7476076988.839807,2021-02-01 00:00:00+00:00,11,False,False,False,False
algo,ALGO,2021-01-31 00:00:00+00:00,2021-01-31 00:00:00+00:00,2021-02-01 00:00:00+00:00,6488099710.80635,2021-02-01 00:00:00+00:00,12,False,False,False,False
cro,CRO,2021-01-31 00:00:00+00:00,2021-01-31 00:00:00+00:00,2021-02-01 00:00:00+00:00,6222063800.27671,2021-02-01 00:00:00+00:00,13,False,False,False,False
doge,DOGE,2021-01-31 00:00:00+00:00,2021-01-31 00:00:00+00:00,2021-02-01 00:00:00+00:00,4881787622.39986,2021-02-01 00:00:00+00:00,14,False,False,False,False
aave,AAVE,2021-01-31 00:00:00+00:00,2021-01-31 00:00:00+00:00,2021-02-01 00:00:00+00:00,4816653885.889568,2021-02-01 00:00:00+00:00,15,False,False,False,False
lend,LEND,2021-01-31 00:00:00+00:00,2021-01-31 00:00:00+00:00,2021-02-01 00:00:00+00:00,3913531106.787986,2021-02-01 00:00:00+00:00,16,False,False,False,False
ftt,FTT,2021-01-31 00:00:00+00:00,2021-01-31 00:00:00+00:00,2021-02-01 00:00:00+00:00,3776541783.4309907,2021-02-01 00:00:00+00:00,17,False,False,False,False
snx,SNX,2021-01-31 00:00:00+00:00,2021-01-31 00:00:00+00:00,2021-02-01 00:00:00+00:00,3761990377.626861,2021-02-01 00:00:00+00:00,18,False,False,False,False
crv,CRV,2021-01-31 00:00:00+00:00,2021-01-31 00:00:00+00:00,2021-02-01 00:00:00+00:00,3584299887.507924,2021-02-01 00:00:00+00:00,19,False,False,False,False
comp,COMP,2021-01-31 00:00:00+00:00,2021-01-31 00:00:00+00:00,2021-02-01 00:00:00+00:00,3450874151.94628,2021-02-01 00:00:00+00:00,20,False,False,False,False
ht,HT,2021-01-31 00:00:00+00:00,2021-01-31 00:00:00+00:00,2021-02-01 00:00:00+00:00,3436392668.99079,2021-02-01 00:00:00+00:00,21,False,False,False,False
bsv,BSV,2021-01-31 00:00:00+00:00,2021-01-31 00:00:00+00:00,2021-02-01 00:00:00+00:00,3255765295.1237907,2021-02-01 00:00:00+00:00,22,False,False,False,False
xmr,XMR,2021-01-31 00:00:00+00:00,2021-01-31 00:00:00+00:00,2021-02-01 00:00:00+00:00,2389949658.5838585,2021-02-01 00:00:00+00:00,23,False,False,False,False
xtz,XTZ,2021-01-31 00:00:00+00:00,2021-01-31 00:00:00+00:00,2021-02-01 00:00:00+00:00,2346598224.9856634,2021-02-01 00:00:00+00:00,24,False,False,False,False
neo,NEO,2021-01-31 00:00:00+00:00,2021-01-31 00:00:00+00:00,2021-02-01 00:00:00+00:00,2231462947.18351,2021-02-01 00:00:00+00:00,25,False,False,False,False
xem,XEM,2021-01-31 00:00:00+00:00,2021-01-31 00:00:00+00:00,2021-02-01 00:00:00+00:00,2114389786.1992147,2021-02-01 00:00:00+00:00,26,False,False,False,False
alpha,ALPHA,2021-01-31 00:00:00+00:00,2021-01-31 00:00:00+00:00,2021-02-01 00:00:00+00:00,2029891257.15203,2021-02-01 00:00:00+00:00,27,False,False,False,False
sushi,SUSHI,2021-01-31 00:00:00+00:00,2021-01-31 00:00:00+00:00,2021-02-01 00:00:00+00:00,1964718504.656104,2021-02-01 00:00:00+00:00,28,False,False,False,False
mkr,MKR,2021-01-31 00:00:00+00:00,2021-01-31 00:00:00+00:00,2021-02-01 00:00:00+00:00,1478040372.6483676,2021-02-01 00:00:00+00:00,29,False,False,False,False
hedg,HEDG,2021-01-31 00:00:00+00:00,2021-01-31 00:00:00+00:00,2021-02-01 00:00:00+00:00,1411528932.69722,2021-02-01 00:00:00+00:00,30,False,False,False,False
btc,BTC,2021-02-07 00:00:00+00:00,2021-02-07 00:00:00+00:00,2021-02-08 00:00:00+00:00,726334667736.0049,2021-02-08 00:00:00+00:00,1,True,True,True,True
eth,ETH,2021-02-07 00:00:00+00:00,2021-02-07 00:00:00+00:00,2021-02-08 00:00:00+00:00,185226378182.62646,2021-02-08 00:00:00+00:00,2,True,True,True,True
xrp,XRP,2021-02-07 00:00:00+00:00,2021-02-07 00:00:00+00:00,2021-02-08 00:00:00+00:00,42139560143.15586,2021-02-08 00:00:00+00:00,3,True,True,False,True
xlm,XLM,2021-02-07 00:00:00+00:00,2021-02-07 00:00:00+00:00,2021-02-08 00:00:00+00:00,40901648043.52351,2021-02-08 00:00:00+00:00,4,True,True,False,False
link,LINK,2021-02-07 00:00:00+00:00,2021-02-07 00:00:00+00:00,2021-02-08 00:00:00+00:00,24826282112.3442,2021-02-08 00:00:00+00:00,5,True,True,True,True
ada,ADA,2021-02-07 00:00:00+00:00,2021-02-07 00:00:00+00:00,2021-02-08 00:00:00+00:00,20995546356.04348,2021-02-08 00:00:00+00:00,6,True,True,False,True
dot,DOT,2021-02-07 00:00:00+00:00,2021-02-07 00:00:00+00:00,2021-02-08 00:00:00+00:00,20363375912.779133,2021-02-08 00:00:00+00:00,7,False,True,False,False
uni,UNI,2021-02-07 00:00:00+00:00,2021-02-07 00:00:00+00:00,2021-02-08 00:00:00+00:00,18614612605.8046,2021-02-08 00:00:00+00:00,8,False,True,False,False
doge,DOGE,2021-02-07 00:00:00+00:00,2021-02-07 00:00:00+00:00,2021-02-08 00:00:00+00:00,10288670729.698158,2021-02-08 00:00:00+00:00,9,False,True,False,False
ltc,LTC,2021-02-07 00:00:00+00:00,2021-02-07 00:00:00+00:00,2021-02-08 00:00:00+00:00,10146180233.129036,2021-02-08 00:00:00+00:00,10,False,True,False,True
algo,ALGO,2021-02-07 00:00:00+00:00,2021-02-07 00:00:00+00:00,2021-02-08 00:00:00+00:00,8450949980.95321,2021-02-08 00:00:00+00:00,11,False,False,False,False
bch,BCH,2021-02-07 00:00:00+00:00,2021-02-07 00:00:00+00:00,2021-02-08 00:00:00+00:00,8328377200.1721325,2021-02-08 00:00:00+00:00,12,False,False,False,False
aave,AAVE,2021-02-07 00:00:00+00:00,2021-02-07 00:00:00+00:00,2021-02-08 00:00:00+00:00,7645383590.362048,2021-02-08 00:00:00+00:00,13,False,False,False,False
1inch,1INCH,2021-02-07 00:00:00+00:00,2021-02-07 00:00:00+00:00,2021-02-08 00:00:00+00:00,7441443656.994375,2021-02-08 00:00:00+00:00,14,False,False,False,False
cro,CRO,2021-02-07 00:00:00+00:00,2021-02-07 00:00:00+00:00,2021-02-08 00:00:00+00:00,6607383823.52326,2021-02-08 00:00:00+00:00,15,False,False,False,False
lend,LEND,2021-02-07 00:00:00+00:00,2021-02-07 00:00:00+00:00,2021-02-08 00:00:00+00:00,6211873888.605638,2021-02-08 00:00:00+00:00,16,False,False,False,False
ftt,FTT,2021-02-07 00:00:00+00:00,2021-02-07 00:00:00+00:00,2021-02-08 00:00:00+00:00,4900028261.114685,2021-02-08 00:00:00+00:00,17,False,False,False,False
comp,COMP,2021-02-07 00:00:00+00:00,2021-02-07 00:00:00+00:00,2021-02-08 00:00:00+00:00,4583906121.66359,2021-02-08 00:00:00+00:00,18,False,False,False,False
ht,HT,2021-02-07 00:00:00+00:00,2021-02-07 00:00:00+00:00,2021-02-08 00:00:00+00:00,4469375946.570175,2021-02-08 00:00:00+00:00,19,False,False,False,False
snx,SNX,2021-02-07 00:00:00+00:00,2021-02-07 00:00:00+00:00,2021-02-08 00:00:00+00:00,4354306720.310045,2021-02-08 00:00:00+00:00,20,False,False,False,False
crv,CRV,2021-02-07 00:00:00+00:00,2021-02-07 00:00:00+00:00,2021-02-08 00:00:00+00:00,4278131117.06194,2021-02-08 00:00:00+00:00,21,False,False,False,False
bsv,BSV,2021-02-07 00:00:00+00:00,2021-02-07 00:00:00+00:00,2021-02-08 00:00:00+00:00,3426155335.7207823,2021-02-08 00:00:00+00:00,22,False,False,False,False
uma,UMA,2021-02-07 00:00:00+00:00,2021-02-07 00:00:00+00:00,2021-02-08 00:00:00+00:00,2874711425.9406433,2021-02-08 00:00:00+00:00,23,False,False,False,False
xem,XEM,2021-02-07 00:00:00+00:00,2021-02-07 00:00:00+00:00,2021-02-08 00:00:00+00:00,2789417523.3048067,2021-02-08 00:00:00+00:00,24,False,False,False,False
xtz,XTZ,2021-02-07 00:00:00+00:00,2021-02-07 00:00:00+00:00,2021-02-08 00:00:00+00:00,2752655966.601904,2021-02-08 00:00:00+00:00,25,False,False,False,False
xmr,XMR,2021-02-07 00:00:00+00:00,2021-02-07 00:00:00+00:00,2021-02-08 00:00:00+00:00,2614961082.8608475,2021-02-08 00:00:00+00:00,26,False,False,False,False
sushi,SUSHI,2021-02-07 00:00:00+00:00,2021-02-07 00:00:00+00:00,2021-02-08 00:00:00+00:00,2547238834.8550773,2021-02-08 00:00:00+00:00,27,False,False,False,False
neo,NEO,2021-02-07 00:00:00+00:00,2021-02-07 00:00:00+00:00,2021-02-08 00:00:00+00:00,2458130321.07394,2021-02-08 00:00:00+00:00,28,False,False,False,False
mkr,MKR,2021-02-07 00:00:00+00:00,2021-02-07 00:00:00+00:00,2021-02-08 00:00:00+00:00,2445509908.8696103,2021-02-08 00:00:00+00:00,29,False,False,False,False
alpha,ALPHA,2021-02-07 00:00:00+00:00,2021-02-07 00:00:00+00:00,2021-02-08 00:00:00+00:00,2235663532.28245,2021-02-08 00:00:00+00:00,30,False,False,False,False
btc,BTC,2021-02-14 00:00:00+00:00,2021-02-14 00:00:00+00:00,2021-02-15 00:00:00+00:00,909647017116.4132,2021-02-15 00:00:00+00:00,1,True,True,True,True
eth,ETH,2021-02-14 00:00:00+00:00,2021-02-14 00:00:00+00:00,2021-02-15 00:00:00+00:00,207817376822.73398,2021-02-15 00:00:00+00:00,2,True,True,True,True
xrp,XRP,2021-02-14 00:00:00+00:00,2021-02-14 00:00:00+00:00,2021-02-15 00:00:00+00:00,59629745307.55086,2021-02-15 00:00:00+00:00,3,True,True,False,True
xlm,XLM,2021-02-14 00:00:00+00:00,2021-02-14 00:00:00+00:00,2021-02-15 00:00:00+00:00,55113010121.499146,2021-02-15 00:00:00+00:00,4,True,True,False,False
link,LINK,2021-02-14 00:00:00+00:00,2021-02-14 00:00:00+00:00,2021-02-15 00:00:00+00:00,33493246929.7146,2021-02-15 00:00:00+00:00,5,True,True,True,True
dot,DOT,2021-02-14 00:00:00+00:00,2021-02-14 00:00:00+00:00,2021-02-15 00:00:00+00:00,28149923000.395836,2021-02-15 00:00:00+00:00,6,True,True,False,False
ada,ADA,2021-02-14 00:00:00+00:00,2021-02-14 00:00:00+00:00,2021-02-15 00:00:00+00:00,27272378288.12057,2021-02-15 00:00:00+00:00,7,False,True,False,True
uni,UNI,2021-02-14 00:00:00+00:00,2021-02-14 00:00:00+00:00,2021-02-15 00:00:00+00:00,21055961625.2068,2021-02-15 00:00:00+00:00,8,False,True,False,False
algo,ALGO,2021-02-14 00:00:00+00:00,2021-02-14 00:00:00+00:00,2021-02-15 00:00:00+00:00,14830422850.87,2021-02-15 00:00:00+00:00,9,False,True,False,False
ltc,LTC,2021-02-14 00:00:00+00:00,2021-02-14 00:00:00+00:00,2021-02-15 00:00:00+00:00,14458086278.9891,2021-02-15 00:00:00+00:00,10,False,True,False,True
bch,BCH,2021-02-14 00:00:00+00:00,2021-02-14 00:00:00+00:00,2021-02-15 00:00:00+00:00,13585383624.580574,2021-02-15 00:00:00+00:00,11,False,False,False,False
cro,CRO,2021-02-14 00:00:00+00:00,2021-02-14 00:00:00+00:00,2021-02-15 00:00:00+00:00,8976874689.79067,2021-02-15 00:00:00+00:00,12,False,False,False,False
1inch,1INCH,2021-02-14 00:00:00+00:00,2021-02-14 00:00:00+00:00,2021-02-15 00:00:00+00:00,7956265355.963565,2021-02-15 00:00:00+00:00,13,False,False,False,False
doge,DOGE,2021-02-14 00:00:00+00:00,2021-02-14 00:00:00+00:00,2021-02-15 00:00:00+00:00,7863513096.268931,2021-02-15 00:00:00+00:00,14,False,False,False,False
aave,AAVE,2021-02-14 00:00:00+00:00,2021-02-14 00:00:00+00:00,2021-02-15 00:00:00+00:00,7588137172.172224,2021-02-15 00:00:00+00:00,15,False,False,False,False
ftt,FTT,2021-02-14 00:00:00+00:00,2021-02-14 00:00:00+00:00,2021-02-15 00:00:00+00:00,7076340337.6274605,2021-02-15 00:00:00+00:00,16,False,False,False,False
lend,LEND,2021-02-14 00:00:00+00:00,2021-02-14 00:00:00+00:00,2021-02-15 00:00:00+00:00,6165361175.912209,2021-02-15 00:00:00+00:00,17,False,False,False,False
ht,HT,2021-02-14 00:00:00+00:00,2021-02-14 00:00:00+00:00,2021-02-15 00:00:00+00:00,6149615375.9589,2021-02-15 00:00:00+00:00,18,False,False,False,False
snx,SNX,2021-02-14 00:00:00+00:00,2021-02-14 00:00:00+00:00,2021-02-15 00:00:00+00:00,5518917497.277242,2021-02-15 00:00:00+00:00,19,False,False,False,False
bsv,BSV,2021-02-14 00:00:00+00:00,2021-02-14 00:00:00+00:00,2021-02-15 00:00:00+00:00,4927778158.500534,2021-02-15 00:00:00+00:00,20,False,False,False,False
comp,COMP,2021-02-14 00:00:00+00:00,2021-02-14 00:00:00+00:00,2021-02-15 00:00:00+00:00,4741392997.35492,2021-02-15 00:00:00+00:00,21,False,False,False,False
neo,NEO,2021-02-14 00:00:00+00:00,2021-02-14 00:00:00+00:00,2021-02-15 00:00:00+00:00,4450768793.37377,2021-02-15 00:00:00+00:00,22,False,False,False,False
crv,CRV,2021-02-14 00:00:00+00:00,2021-02-14 00:00:00+00:00,2021-02-15 00:00:00+00:00,4311077232.037611,2021-02-15 00:00:00+00:00,23,False,False,False,False
xtz,XTZ,2021-02-14 00:00:00+00:00,2021-02-14 00:00:00+00:00,2021-02-15 00:00:00+00:00,4098452826.54427,2021-02-15 00:00:00+00:00,24,False,False,False,False
xmr,XMR,2021-02-14 00:00:00+00:00,2021-02-14 00:00:00+00:00,2021-02-15 00:00:00+00:00,4023727009.592291,2021-02-15 00:00:00+00:00,25,False,False,False,False
xem,XEM,2021-02-14 00:00:00+00:00,2021-02-14 00:00:00+00:00,2021-02-15 00:00:00+00:00,3379368933.6630335,2021-02-15 00:00:00+00:00,26,False,False,False,False
sushi,SUSHI,2021-02-14 00:00:00+00:00,2021-02-14 00:00:00+00:00,2021-02-15 00:00:00+00:00,2955401765.558992,2021-02-15 00:00:00+00:00,27,False,False,False,False
uma,UMA,2021-02-14 00:00:00+00:00,2021-02-14 00:00:00+00:00,2021-02-15 00:00:00+00:00,2940648214.6462793,2021-02-15 00:00:00+00:00,28,False,False,False,False
mkr,MKR,2021-02-14 00:00:00+00:00,2021-02-14 00:00:00+00:00,2021-02-15 00:00:00+00:00,2520792983.1660604,2021-02-15 00:00:00+00:00,29,False,False,False,False
dash,DASH,2021-02-14 00:00:00+00:00,2021-02-14 00:00:00+00:00,2021-02-15 00:00:00+00:00,2328460108.801706,2021-02-15 00:00:00+00:00,30,False,False,False,False
btc,BTC,2021-02-21 00:00:00+00:00,2021-02-21 00:00:00+00:00,2021-02-22 00:00:00+00:00,1071530978098.8727,2021-02-22 00:00:00+00:00,1,True,True,True,True
eth,ETH,2021-02-21 00:00:00+00:00,2021-02-21 00:00:00+00:00,2021-02-22 00:00:00+00:00,222042492338.9616,2021-02-22 00:00:00+00:00,2,True,True,True,True
xrp,XRP,2021-02-21 00:00:00+00:00,2021-02-21 00:00:00+00:00,2021-02-22 00:00:00+00:00,54682604266.990585,2021-02-22 00:00:00+00:00,3,True,True,False,True
xlm,XLM,2021-02-21 00:00:00+00:00,2021-02-21 00:00:00+00:00,2021-02-22 00:00:00+00:00,52387580562.648315,2021-02-22 00:00:00+00:00,4,True,True,False,False
dot,DOT,2021-02-21 00:00:00+00:00,2021-02-21 00:00:00+00:00,2021-02-22 00:00:00+00:00,40639195078.0848,2021-02-22 00:00:00+00:00,5,True,True,False,False
ada,ADA,2021-02-21 00:00:00+00:00,2021-02-21 00:00:00+00:00,2021-02-22 00:00:00+00:00,35206501686.94417,2021-02-22 00:00:00+00:00,6,True,True,False,True
link,LINK,2021-02-21 00:00:00+00:00,2021-02-21 00:00:00+00:00,2021-02-22 00:00:00+00:00,34061263556.6392,2021-02-22 00:00:00+00:00,7,False,True,True,True
uni,UNI,2021-02-21 00:00:00+00:00,2021-02-21 00:00:00+00:00,2021-02-22 00:00:00+00:00,28854823212.003,2021-02-22 00:00:00+00:00,8,False,True,False,False
ltc,LTC,2021-02-21 00:00:00+00:00,2021-02-21 00:00:00+00:00,2021-02-22 00:00:00+00:00,15240934995.617588,2021-02-22 00:00:00+00:00,9,False,True,False,True
cro,CRO,2021-02-21 00:00:00+00:00,2021-02-21 00:00:00+00:00,2021-02-22 00:00:00+00:00,14034541801.3944,2021-02-22 00:00:00+00:00,10,False,True,False,False
bch,BCH,2021-02-21 00:00:00+00:00,2021-02-21 00:00:00+00:00,2021-02-22 00:00:00+00:00,13207252825.257853,2021-02-22 00:00:00+00:00,11,False,False,False,False
algo,ALGO,2021-02-21 00:00:00+00:00,2021-02-21 00:00:00+00:00,2021-02-22 00:00:00+00:00,13118906713.8012,2021-02-22 00:00:00+00:00,12,False,False,False,False
ht,HT,2021-02-21 00:00:00+00:00,2021-02-21 00:00:00+00:00,2021-02-22 00:00:00+00:00,12658067860.4036,2021-02-22 00:00:00+00:00,13,False,False,False,False
ftt,FTT,2021-02-21 00:00:00+00:00,2021-02-21 00:00:00+00:00,2021-02-22 00:00:00+00:00,11646142719.30676,2021-02-22 00:00:00+00:00,14,False,False,False,False
1inch,1INCH,2021-02-21 00:00:00+00:00,2021-02-21 00:00:00+00:00,2021-02-22 00:00:00+00:00,7579566260.11572,2021-02-22 00:00:00+00:00,15,False,False,False,False
doge,DOGE,2021-02-21 00:00:00+00:00,2021-02-21 00:00:00+00:00,2021-02-22 00:00:00+00:00,7247623913.702838,2021-02-22 00:00:00+00:00,16,False,False,False,False
aave,AAVE,2021-02-21 00:00:00+00:00,2021-02-21 00:00:00+00:00,2021-02-22 00:00:00+00:00,6970087505.760752,2021-02-22 00:00:00+00:00,17,False,False,False,False
lend,LEND,2021-02-21 00:00:00+00:00,2021-02-21 00:00:00+00:00,2021-02-22 00:00:00+00:00,5663195844.4718485,2021-02-22 00:00:00+00:00,18,False,False,False,False
neo,NEO,2021-02-21 00:00:00+00:00,2021-02-21 00:00:00+00:00,2021-02-22 00:00:00+00:00,5440835876.84636,2021-02-22 00:00:00+00:00,19,False,False,False,False
xem,XEM,2021-02-21 00:00:00+00:00,2021-02-21 00:00:00+00:00,2021-02-22 00:00:00+00:00,5097216175.633866,2021-02-22 00:00:00+00:00,20,False,False,False,False
snx,SNX,2021-02-21 00:00:00+00:00,2021-02-21 00:00:00+00:00,2021-02-22 00:00:00+00:00,4996391436.477635,2021-02-22 00:00:00+00:00,21,False,False,False,False
bsv,BSV,2021-02-21 00:00:00+00:00,2021-02-21 00:00:00+00:00,2021-02-22 00:00:00+00:00,4534981872.925567,2021-02-22 00:00:00+00:00,22,False,False,False,False
comp,COMP,2021-02-21 00:00:00+00:00,2021-02-21 00:00:00+00:00,2021-02-22 00:00:00+00:00,4534509792.52427,2021-02-22 00:00:00+00:00,23,False,False,False,False
xmr,XMR,2021-02-21 00:00:00+00:00,2021-02-21 00:00:00+00:00,2021-02-22 00:00:00+00:00,4308428932.316313,2021-02-22 00:00:00+00:00,24,False,False,False,False
crv,CRV,2021-02-21 00:00:00+00:00,2021-02-21 00:00:00+00:00,2021-02-22 00:00:00+00:00,4181553906.5575366,2021-02-22 00:00:00+00:00,25,False,False,False,False
xtz,XTZ,2021-02-21 00:00:00+00:00,2021-02-21 00:00:00+00:00,2021-02-22 00:00:00+00:00,3894986381.732258,2021-02-22 00:00:00+00:00,26,False,False,False,False
sushi,SUSHI,2021-02-21 00:00:00+00:00,2021-02-21 00:00:00+00:00,2021-02-22 00:00:00+00:00,3404708197.9849195,2021-02-22 00:00:00+00:00,27,False,False,False,False
dash,DASH,2021-02-21 00:00:00+00:00,2021-02-21 00:00:00+00:00,2021-02-22 00:00:00+00:00,3010380295.5815253,2021-02-22 00:00:00+00:00,28,False,False,False,False
uma,UMA,2021-02-21 00:00:00+00:00,2021-02-21 00:00:00+00:00,2021-02-22 00:00:00+00:00,2712496911.938295,2021-02-22 00:00:00+00:00,29,False,False,False,False
mkr,MKR,2021-02-21 00:00:00+00:00,2021-02-21 00:00:00+00:00,2021-02-22 00:00:00+00:00,2598453191.2222266,2021-02-22 00:00:00+00:00,30,False,False,False,False
btc,BTC,2021-02-28 00:00:00+00:00,2021-02-28 00:00:00+00:00,2021-03-01 00:00:00+00:00,845561698558.5697,2021-03-01 00:00:00+00:00,1,True,True,True,True
eth,ETH,2021-02-28 00:00:00+00:00,2021-02-28 00:00:00+00:00,2021-03-01 00:00:00+00:00,163800981512.8203,2021-03-01 00:00:00+00:00,2,True,True,True,True
xlm,XLM,2021-02-28 00:00:00+00:00,2021-02-28 00:00:00+00:00,2021-03-01 00:00:00+00:00,43074137511.25605,2021-03-01 00:00:00+00:00,3,True,True,False,False
ada,ADA,2021-02-28 00:00:00+00:00,2021-02-28 00:00:00+00:00,2021-03-01 00:00:00+00:00,41955547824.2218,2021-03-01 00:00:00+00:00,4,True,True,False,True
xrp,XRP,2021-02-28 00:00:00+00:00,2021-02-28 00:00:00+00:00,2021-03-01 00:00:00+00:00,41756956751.43014,2021-03-01 00:00:00+00:00,5,True,True,False,True
dot,DOT,2021-02-28 00:00:00+00:00,2021-02-28 00:00:00+00:00,2021-03-01 00:00:00+00:00,35195047952.921394,2021-03-01 00:00:00+00:00,6,True,True,False,False
link,LINK,2021-02-28 00:00:00+00:00,2021-02-28 00:00:00+00:00,2021-03-01 00:00:00+00:00,24859410869.2746,2021-03-01 00:00:00+00:00,7,False,True,True,True
uni,UNI,2021-02-28 00:00:00+00:00,2021-02-28 00:00:00+00:00,2021-03-01 00:00:00+00:00,22416989604.8252,2021-03-01 00:00:00+00:00,8,False,True,False,False
cro,CRO,2021-02-28 00:00:00+00:00,2021-02-28 00:00:00+00:00,2021-03-01 00:00:00+00:00,13525826368.8846,2021-03-01 00:00:00+00:00,9,False,True,False,False
ltc,LTC,2021-02-28 00:00:00+00:00,2021-02-28 00:00:00+00:00,2021-03-01 00:00:00+00:00,11137142609.696705,2021-03-01 00:00:00+00:00,10,False,True,False,True
algo,ALGO,2021-02-28 00:00:00+00:00,2021-02-28 00:00:00+00:00,2021-03-01 00:00:00+00:00,10316876186.6685,2021-03-01 00:00:00+00:00,11,False,False,False,False
ftt,FTT,2021-02-28 00:00:00+00:00,2021-02-28 00:00:00+00:00,2021-03-01 00:00:00+00:00,8833789768.52799,2021-03-01 00:00:00+00:00,12,False,False,False,False
bch,BCH,2021-02-28 00:00:00+00:00,2021-02-28 00:00:00+00:00,2021-03-01 00:00:00+00:00,8630389295.903952,2021-03-01 00:00:00+00:00,13,False,False,False,False
ht,HT,2021-02-28 00:00:00+00:00,2021-02-28 00:00:00+00:00,2021-03-01 00:00:00+00:00,6887826048.4298,2021-03-01 00:00:00+00:00,14,False,False,False,False
doge,DOGE,2021-02-28 00:00:00+00:00,2021-02-28 00:00:00+00:00,2021-03-01 00:00:00+00:00,6240694605.670112,2021-03-01 00:00:00+00:00,15,False,False,False,False
1inch,1INCH,2021-02-28 00:00:00+00:00,2021-02-28 00:00:00+00:00,2021-03-01 00:00:00+00:00,5805595003.78866,2021-03-01 00:00:00+00:00,16,False,False,False,False
aave,AAVE,2021-02-28 00:00:00+00:00,2021-02-28 00:00:00+00:00,2021-03-01 00:00:00+00:00,5712591193.019296,2021-03-01 00:00:00+00:00,17,False,False,False,False
xem,XEM,2021-02-28 00:00:00+00:00,2021-02-28 00:00:00+00:00,2021-03-01 00:00:00+00:00,5445290605.031786,2021-03-01 00:00:00+00:00,18,False,False,False,False
lend,LEND,2021-02-28 00:00:00+00:00,2021-02-28 00:00:00+00:00,2021-03-01 00:00:00+00:00,4641480136.186948,2021-03-01 00:00:00+00:00,19,False,False,False,False
snx,SNX,2021-02-28 00:00:00+00:00,2021-02-28 00:00:00+00:00,2021-03-01 00:00:00+00:00,4135943268.649696,2021-03-01 00:00:00+00:00,20,False,False,False,False
comp,COMP,2021-02-28 00:00:00+00:00,2021-02-28 00:00:00+00:00,2021-03-01 00:00:00+00:00,4036017380.19384,2021-03-01 00:00:00+00:00,21,False,False,False,False
xmr,XMR,2021-02-28 00:00:00+00:00,2021-02-28 00:00:00+00:00,2021-03-01 00:00:00+00:00,3821882304.2821927,2021-03-01 00:00:00+00:00,22,False,False,False,False
neo,NEO,2021-02-28 00:00:00+00:00,2021-02-28 00:00:00+00:00,2021-03-01 00:00:00+00:00,3538396625.62119,2021-03-01 00:00:00+00:00,23,False,False,False,False
bsv,BSV,2021-02-28 00:00:00+00:00,2021-02-28 00:00:00+00:00,2021-03-01 00:00:00+00:00,3320091256.064975,2021-03-01 00:00:00+00:00,24,False,False,False,False
sushi,SUSHI,2021-02-28 00:00:00+00:00,2021-02-28 00:00:00+00:00,2021-03-01 00:00:00+00:00,3059397221.39337,2021-03-01 00:00:00+00:00,25,False,False,False,False
xtz,XTZ,2021-02-28 00:00:00+00:00,2021-02-28 00:00:00+00:00,2021-03-01 00:00:00+00:00,2859892723.146506,2021-03-01 00:00:00+00:00,26,False,False,False,False
crv,CRV,2021-02-28 00:00:00+00:00,2021-02-28 00:00:00+00:00,2021-03-01 00:00:00+00:00,2566375662.567188,2021-03-01 00:00:00+00:00,27,False,False,False,False
mkr,MKR,2021-02-28 00:00:00+00:00,2021-02-28 00:00:00+00:00,2021-03-01 00:00:00+00:00,2038218059.0884306,2021-03-01 00:00:00+00:00,28,False,False,False,False
uma,UMA,2021-02-28 00:00:00+00:00,2021-02-28 00:00:00+00:00,2021-03-01 00:00:00+00:00,1984555146.2274263,2021-03-01 00:00:00+00:00,29,False,False,False,False
dash,DASH,2021-02-28 00:00:00+00:00,2021-02-28 00:00:00+00:00,2021-03-01 00:00:00+00:00,1982589341.3461788,2021-03-01 00:00:00+00:00,30,False,False,False,False
btc,BTC,2021-03-07 00:00:00+00:00,2021-03-07 00:00:00+00:00,2021-03-08 00:00:00+00:00,952640081754.0469,2021-03-08 00:00:00+00:00,1,True,True,True,True
eth,ETH,2021-03-07 00:00:00+00:00,2021-03-07 00:00:00+00:00,2021-03-08 00:00:00+00:00,197733228967.94928,2021-03-08 00:00:00+00:00,2,True,True,True,True
xrp,XRP,2021-03-07 00:00:00+00:00,2021-03-07 00:00:00+00:00,2021-03-08 00:00:00+00:00,46512394621.3102,2021-03-08 00:00:00+00:00,3,True,True,False,True
xlm,XLM,2021-03-07 00:00:00+00:00,2021-03-07 00:00:00+00:00,2021-03-08 00:00:00+00:00,43412727574.28452,2021-03-08 00:00:00+00:00,4,True,True,False,False
dot,DOT,2021-03-07 00:00:00+00:00,2021-03-07 00:00:00+00:00,2021-03-08 00:00:00+00:00,36378150395.776634,2021-03-08 00:00:00+00:00,5,True,True,False,False
ada,ADA,2021-03-07 00:00:00+00:00,2021-03-07 00:00:00+00:00,2021-03-08 00:00:00+00:00,36123099878.81262,2021-03-08 00:00:00+00:00,6,True,True,False,True
uni,UNI,2021-03-07 00:00:00+00:00,2021-03-07 00:00:00+00:00,2021-03-08 00:00:00+00:00,34368960545.0794,2021-03-08 00:00:00+00:00,7,False,True,False,False
link,LINK,2021-03-07 00:00:00+00:00,2021-03-07 00:00:00+00:00,2021-03-08 00:00:00+00:00,28444026483.0332,2021-03-08 00:00:00+00:00,8,False,True,True,True
cro,CRO,2021-03-07 00:00:00+00:00,2021-03-07 00:00:00+00:00,2021-03-08 00:00:00+00:00,15929208256.9789,2021-03-08 00:00:00+00:00,9,False,True,False,False
ltc,LTC,2021-03-07 00:00:00+00:00,2021-03-07 00:00:00+00:00,2021-03-08 00:00:00+00:00,12790297772.245403,2021-03-08 00:00:00+00:00,10,False,True,False,True
algo,ALGO,2021-03-07 00:00:00+00:00,2021-03-07 00:00:00+00:00,2021-03-08 00:00:00+00:00,11034540215.5228,2021-03-08 00:00:00+00:00,11,False,False,False,False
ftt,FTT,2021-03-07 00:00:00+00:00,2021-03-07 00:00:00+00:00,2021-03-08 00:00:00+00:00,10445839596.673325,2021-03-08 00:00:00+00:00,12,False,False,False,False
bch,BCH,2021-03-07 00:00:00+00:00,2021-03-07 00:00:00+00:00,2021-03-08 00:00:00+00:00,9633783912.95784,2021-03-08 00:00:00+00:00,13,False,False,False,False
ht,HT,2021-03-07 00:00:00+00:00,2021-03-07 00:00:00+00:00,2021-03-08 00:00:00+00:00,7777318860.50435,2021-03-08 00:00:00+00:00,14,False,False,False,False
doge,DOGE,2021-03-07 00:00:00+00:00,2021-03-07 00:00:00+00:00,2021-03-08 00:00:00+00:00,6663130586.067719,2021-03-08 00:00:00+00:00,15,False,False,False,False
aave,AAVE,2021-03-07 00:00:00+00:00,2021-03-07 00:00:00+00:00,2021-03-08 00:00:00+00:00,6573340566.354912,2021-03-08 00:00:00+00:00,16,False,False,False,False
xem,XEM,2021-03-07 00:00:00+00:00,2021-03-07 00:00:00+00:00,2021-03-08 00:00:00+00:00,6472212728.413186,2021-03-08 00:00:00+00:00,17,False,False,False,False
1inch,1INCH,2021-03-07 00:00:00+00:00,2021-03-07 00:00:00+00:00,2021-03-08 00:00:00+00:00,5946241611.7458,2021-03-08 00:00:00+00:00,18,False,False,False,False
lend,LEND,2021-03-07 00:00:00+00:00,2021-03-07 00:00:00+00:00,2021-03-08 00:00:00+00:00,5340838970.660285,2021-03-08 00:00:00+00:00,19,False,False,False,False
comp,COMP,2021-03-07 00:00:00+00:00,2021-03-07 00:00:00+00:00,2021-03-08 00:00:00+00:00,4881159817.03823,2021-03-08 00:00:00+00:00,20,False,False,False,False
snx,SNX,2021-03-07 00:00:00+00:00,2021-03-07 00:00:00+00:00,2021-03-08 00:00:00+00:00,4745783747.877185,2021-03-08 00:00:00+00:00,21,False,False,False,False
neo,NEO,2021-03-07 00:00:00+00:00,2021-03-07 00:00:00+00:00,2021-03-08 00:00:00+00:00,3921333371.16979,2021-03-08 00:00:00+00:00,22,False,False,False,False
xmr,XMR,2021-03-07 00:00:00+00:00,2021-03-07 00:00:00+00:00,2021-03-08 00:00:00+00:00,3623584302.5864873,2021-03-08 00:00:00+00:00,23,False,False,False,False
sushi,SUSHI,2021-03-07 00:00:00+00:00,2021-03-07 00:00:00+00:00,2021-03-08 00:00:00+00:00,3605444533.1125975,2021-03-08 00:00:00+00:00,24,False,False,False,False
xtz,XTZ,2021-03-07 00:00:00+00:00,2021-03-07 00:00:00+00:00,2021-03-08 00:00:00+00:00,3499242796.167961,2021-03-08 00:00:00+00:00,25,False,False,False,False
bsv,BSV,2021-03-07 00:00:00+00:00,2021-03-07 00:00:00+00:00,2021-03-08 00:00:00+00:00,3458466571.8783183,2021-03-08 00:00:00+00:00,26,False,False,False,False
crv,CRV,2021-03-07 00:00:00+00:00,2021-03-07 00:00:00+00:00,2021-03-08 00:00:00+00:00,3222025945.963082,2021-03-08 00:00:00+00:00,27,False,False,False,False
uma,UMA,2021-03-07 00:00:00+00:00,2021-03-07 00:00:00+00:00,2021-03-08 00:00:00+00:00,2258902412.31204,2021-03-08 00:00:00+00:00,28,False,False,False,False
mkr,MKR,2021-03-07 00:00:00+00:00,2021-03-07 00:00:00+00:00,2021-03-08 00:00:00+00:00,2230486348.955018,2021-03-08 00:00:00+00:00,29,False,False,False,False
dash,DASH,2021-03-07 00:00:00+00:00,2021-03-07 00:00:00+00:00,2021-03-08 00:00:00+00:00,2143624065.165216,2021-03-08 00:00:00+00:00,30,False,False,False,False
btc,BTC,2021-03-14 00:00:00+00:00,2021-03-14 00:00:00+00:00,2021-03-15 00:00:00+00:00,1117480223465.9626,2021-03-15 00:00:00+00:00,1,True,True,True,True
eth,ETH,2021-03-14 00:00:00+00:00,2021-03-14 00:00:00+00:00,2021-03-15 00:00:00+00:00,215747658136.02332,2021-03-15 00:00:00+00:00,2,True,True,True,True
xrp,XRP,2021-03-14 00:00:00+00:00,2021-03-14 00:00:00+00:00,2021-03-15 00:00:00+00:00,44435435716.66958,2021-03-15 00:00:00+00:00,3,True,True,False,True
xlm,XLM,2021-03-14 00:00:00+00:00,2021-03-14 00:00:00+00:00,2021-03-15 00:00:00+00:00,41628663630.10463,2021-03-15 00:00:00+00:00,4,True,True,False,False
dot,DOT,2021-03-14 00:00:00+00:00,2021-03-14 00:00:00+00:00,2021-03-15 00:00:00+00:00,38609742967.45308,2021-03-15 00:00:00+00:00,5,True,True,False,False
ada,ADA,2021-03-14 00:00:00+00:00,2021-03-14 00:00:00+00:00,2021-03-15 00:00:00+00:00,34217807584.62565,2021-03-15 00:00:00+00:00,6,True,True,False,True
uni,UNI,2021-03-14 00:00:00+00:00,2021-03-14 00:00:00+00:00,2021-03-15 00:00:00+00:00,31126044550.9549,2021-03-15 00:00:00+00:00,7,False,True,False,False
link,LINK,2021-03-14 00:00:00+00:00,2021-03-14 00:00:00+00:00,2021-03-15 00:00:00+00:00,29127907043.9134,2021-03-15 00:00:00+00:00,8,False,True,True,True
cro,CRO,2021-03-14 00:00:00+00:00,2021-03-14 00:00:00+00:00,2021-03-15 00:00:00+00:00,18672060138.5647,2021-03-15 00:00:00+00:00,9,False,True,False,False
ltc,LTC,2021-03-14 00:00:00+00:00,2021-03-14 00:00:00+00:00,2021-03-15 00:00:00+00:00,14637210407.904522,2021-03-15 00:00:00+00:00,10,False,True,False,True
ftt,FTT,2021-03-14 00:00:00+00:00,2021-03-14 00:00:00+00:00,2021-03-15 00:00:00+00:00,14358456438.05024,2021-03-15 00:00:00+00:00,11,False,False,False,False
algo,ALGO,2021-03-14 00:00:00+00:00,2021-03-14 00:00:00+00:00,2021-03-15 00:00:00+00:00,11513119126.1381,2021-03-15 00:00:00+00:00,12,False,False,False,False
bch,BCH,2021-03-14 00:00:00+00:00,2021-03-14 00:00:00+00:00,2021-03-15 00:00:00+00:00,10550460641.299477,2021-03-15 00:00:00+00:00,13,False,False,False,False
doge,DOGE,2021-03-14 00:00:00+00:00,2021-03-14 00:00:00+00:00,2021-03-15 00:00:00+00:00,7628702163.291186,2021-03-15 00:00:00+00:00,14,False,False,False,False
ht,HT,2021-03-14 00:00:00+00:00,2021-03-14 00:00:00+00:00,2021-03-15 00:00:00+00:00,7492836091.73215,2021-03-15 00:00:00+00:00,15,False,False,False,False
aave,AAVE,2021-03-14 00:00:00+00:00,2021-03-14 00:00:00+00:00,2021-03-15 00:00:00+00:00,6210654798.015456,2021-03-15 00:00:00+00:00,16,False,False,False,False
1inch,1INCH,2021-03-14 00:00:00+00:00,2021-03-14 00:00:00+00:00,2021-03-15 00:00:00+00:00,5891149799.505075,2021-03-15 00:00:00+00:00,17,False,False,False,False
lend,LEND,2021-03-14 00:00:00+00:00,2021-03-14 00:00:00+00:00,2021-03-15 00:00:00+00:00,5046156797.099122,2021-03-15 00:00:00+00:00,18,False,False,False,False
comp,COMP,2021-03-14 00:00:00+00:00,2021-03-14 00:00:00+00:00,2021-03-15 00:00:00+00:00,4456637880.6604,2021-03-15 00:00:00+00:00,19,False,False,False,False
snx,SNX,2021-03-14 00:00:00+00:00,2021-03-14 00:00:00+00:00,2021-03-15 00:00:00+00:00,4365276674.101192,2021-03-15 00:00:00+00:00,20,False,False,False,False
sushi,SUSHI,2021-03-14 00:00:00+00:00,2021-03-14 00:00:00+00:00,2021-03-15 00:00:00+00:00,4354119402.46374,2021-03-15 00:00:00+00:00,21,False,False,False,False
xmr,XMR,2021-03-14 00:00:00+00:00,2021-03-14 00:00:00+00:00,2021-03-15 00:00:00+00:00,4104841986.5209665,2021-03-15 00:00:00+00:00,22,False,False,False,False
neo,NEO,2021-03-14 00:00:00+00:00,2021-03-14 00:00:00+00:00,2021-03-15 00:00:00+00:00,4027654311.46563,2021-03-15 00:00:00+00:00,23,False,False,False,False
bsv,BSV,2021-03-14 00:00:00+00:00,2021-03-14 00:00:00+00:00,2021-03-15 00:00:00+00:00,3795114165.0486693,2021-03-15 00:00:00+00:00,24,False,False,False,False
xtz,XTZ,2021-03-14 00:00:00+00:00,2021-03-14 00:00:00+00:00,2021-03-15 00:00:00+00:00,3351838139.1385403,2021-03-15 00:00:00+00:00,25,False,False,False,False
crv,CRV,2021-03-14 00:00:00+00:00,2021-03-14 00:00:00+00:00,2021-03-15 00:00:00+00:00,3145265627.0938325,2021-03-15 00:00:00+00:00,26,False,False,False,False
xem,XEM,2021-03-14 00:00:00+00:00,2021-03-14 00:00:00+00:00,2021-03-15 00:00:00+00:00,3052629084.920276,2021-03-15 00:00:00+00:00,27,False,False,False,False
uma,UMA,2021-03-14 00:00:00+00:00,2021-03-14 00:00:00+00:00,2021-03-15 00:00:00+00:00,2494186865.351745,2021-03-15 00:00:00+00:00,28,False,False,False,False
dash,DASH,2021-03-14 00:00:00+00:00,2021-03-14 00:00:00+00:00,2021-03-15 00:00:00+00:00,2370282263.811767,2021-03-15 00:00:00+00:00,29,False,False,False,False
mana,MANA,2021-03-14 00:00:00+00:00,2021-03-14 00:00:00+00:00,2021-03-15 00:00:00+00:00,2288144636.5613356,2021-03-15 00:00:00+00:00,30,False,False,False,False
btc,BTC,2021-03-21 00:00:00+00:00,2021-03-21 00:00:00+00:00,2021-03-22 00:00:00+00:00,1072009014284.5457,2021-03-22 00:00:00+00:00,1,True,True,True,True
eth,ETH,2021-03-21 00:00:00+00:00,2021-03-21 00:00:00+00:00,2021-03-22 00:00:00+00:00,205632497854.89957,2021-03-22 00:00:00+00:00,2,True,True,True,True
xrp,XRP,2021-03-21 00:00:00+00:00,2021-03-21 00:00:00+00:00,2021-03-22 00:00:00+00:00,51948785689.94407,2021-03-22 00:00:00+00:00,3,True,True,False,True
xlm,XLM,2021-03-21 00:00:00+00:00,2021-03-21 00:00:00+00:00,2021-03-22 00:00:00+00:00,42679643230.126656,2021-03-22 00:00:00+00:00,4,True,True,False,False
dot,DOT,2021-03-21 00:00:00+00:00,2021-03-21 00:00:00+00:00,2021-03-22 00:00:00+00:00,38385532945.20055,2021-03-22 00:00:00+00:00,5,True,True,False,False
ada,ADA,2021-03-21 00:00:00+00:00,2021-03-21 00:00:00+00:00,2021-03-22 00:00:00+00:00,38036783395.43804,2021-03-22 00:00:00+00:00,6,True,True,False,True
uni,UNI,2021-03-21 00:00:00+00:00,2021-03-21 00:00:00+00:00,2021-03-22 00:00:00+00:00,32832039249.6413,2021-03-22 00:00:00+00:00,7,False,True,False,False
link,LINK,2021-03-21 00:00:00+00:00,2021-03-21 00:00:00+00:00,2021-03-22 00:00:00+00:00,29274202020.5823,2021-03-22 00:00:00+00:00,8,False,True,True,True
cro,CRO,2021-03-21 00:00:00+00:00,2021-03-21 00:00:00+00:00,2021-03-22 00:00:00+00:00,21794995786.4423,2021-03-22 00:00:00+00:00,9,False,True,False,False
ftt,FTT,2021-03-21 00:00:00+00:00,2021-03-21 00:00:00+00:00,2021-03-22 00:00:00+00:00,13421277954.232815,2021-03-22 00:00:00+00:00,10,False,True,False,False
ltc,LTC,2021-03-21 00:00:00+00:00,2021-03-21 00:00:00+00:00,2021-03-22 00:00:00+00:00,13162547916.51009,2021-03-22 00:00:00+00:00,11,False,False,False,True
algo,ALGO,2021-03-21 00:00:00+00:00,2021-03-21 00:00:00+00:00,2021-03-22 00:00:00+00:00,11835143863.4864,2021-03-22 00:00:00+00:00,12,False,False,False,False
bch,BCH,2021-03-21 00:00:00+00:00,2021-03-21 00:00:00+00:00,2021-03-22 00:00:00+00:00,9795356745.49145,2021-03-22 00:00:00+00:00,13,False,False,False,False
doge,DOGE,2021-03-21 00:00:00+00:00,2021-03-21 00:00:00+00:00,2021-03-22 00:00:00+00:00,7409559528.251881,2021-03-22 00:00:00+00:00,14,False,False,False,False
1inch,1INCH,2021-03-21 00:00:00+00:00,2021-03-21 00:00:00+00:00,2021-03-22 00:00:00+00:00,7005549677.99988,2021-03-22 00:00:00+00:00,15,False,False,False,False
ht,HT,2021-03-21 00:00:00+00:00,2021-03-21 00:00:00+00:00,2021-03-22 00:00:00+00:00,6949836683.59975,2021-03-22 00:00:00+00:00,16,False,False,False,False
aave,AAVE,2021-03-21 00:00:00+00:00,2021-03-21 00:00:00+00:00,2021-03-22 00:00:00+00:00,5864825907.45112,2021-03-22 00:00:00+00:00,17,False,False,False,False
lend,LEND,2021-03-21 00:00:00+00:00,2021-03-21 00:00:00+00:00,2021-03-22 00:00:00+00:00,4765170836.116054,2021-03-22 00:00:00+00:00,18,False,False,False,False
snx,SNX,2021-03-21 00:00:00+00:00,2021-03-21 00:00:00+00:00,2021-03-22 00:00:00+00:00,4326024020.623431,2021-03-22 00:00:00+00:00,19,False,False,False,False
neo,NEO,2021-03-21 00:00:00+00:00,2021-03-21 00:00:00+00:00,2021-03-22 00:00:00+00:00,4249087330.33269,2021-03-22 00:00:00+00:00,20,False,False,False,False
xmr,XMR,2021-03-21 00:00:00+00:00,2021-03-21 00:00:00+00:00,2021-03-22 00:00:00+00:00,4037253515.1714044,2021-03-22 00:00:00+00:00,21,False,False,False,False
comp,COMP,2021-03-21 00:00:00+00:00,2021-03-21 00:00:00+00:00,2021-03-22 00:00:00+00:00,4027315324.34731,2021-03-22 00:00:00+00:00,22,False,False,False,False
sushi,SUSHI,2021-03-21 00:00:00+00:00,2021-03-21 00:00:00+00:00,2021-03-22 00:00:00+00:00,3897109225.565456,2021-03-22 00:00:00+00:00,23,False,False,False,False
crv,CRV,2021-03-21 00:00:00+00:00,2021-03-21 00:00:00+00:00,2021-03-22 00:00:00+00:00,3787368154.642768,2021-03-22 00:00:00+00:00,24,False,False,False,False
bsv,BSV,2021-03-21 00:00:00+00:00,2021-03-21 00:00:00+00:00,2021-03-22 00:00:00+00:00,3766291004.3376045,2021-03-22 00:00:00+00:00,25,False,False,False,False
xtz,XTZ,2021-03-21 00:00:00+00:00,2021-03-21 00:00:00+00:00,2021-03-22 00:00:00+00:00,3494377812.238056,2021-03-22 00:00:00+00:00,26,False,False,False,False
xem,XEM,2021-03-21 00:00:00+00:00,2021-03-21 00:00:00+00:00,2021-03-22 00:00:00+00:00,3284665612.746305,2021-03-22 00:00:00+00:00,27,False,False,False,False
uma,UMA,2021-03-21 00:00:00+00:00,2021-03-21 00:00:00+00:00,2021-03-22 00:00:00+00:00,2564239301.1337953,2021-03-22 00:00:00+00:00,28,False,False,False,False
bal,BAL,2021-03-21 00:00:00+00:00,2021-03-21 00:00:00+00:00,2021-03-22 00:00:00+00:00,2386705561.199156,2021-03-22 00:00:00+00:00,29,False,False,False,False
dash,DASH,2021-03-21 00:00:00+00:00,2021-03-21 00:00:00+00:00,2021-03-22 00:00:00+00:00,2217153805.8443327,2021-03-22 00:00:00+00:00,30,False,False,False,False
btc,BTC,2021-03-28 00:00:00+00:00,2021-03-28 00:00:00+00:00,2021-03-29 00:00:00+00:00,1040008229552.0004,2021-03-29 00:00:00+00:00,1,True,True,True,True
eth,ETH,2021-03-28 00:00:00+00:00,2021-03-28 00:00:00+00:00,2021-03-29 00:00:00+00:00,194330488098.80048,2021-03-29 00:00:00+00:00,2,True,True,True,True
xrp,XRP,2021-03-28 00:00:00+00:00,2021-03-28 00:00:00+00:00,2021-03-29 00:00:00+00:00,54700670338.403114,2021-03-29 00:00:00+00:00,3,True,True,False,True
xlm,XLM,2021-03-28 00:00:00+00:00,2021-03-28 00:00:00+00:00,2021-03-29 00:00:00+00:00,41682189864.60632,2021-03-29 00:00:00+00:00,4,True,True,False,False
ada,ADA,2021-03-28 00:00:00+00:00,2021-03-28 00:00:00+00:00,2021-03-29 00:00:00+00:00,38082006050.09333,2021-03-29 00:00:00+00:00,5,True,True,False,True
dot,DOT,2021-03-28 00:00:00+00:00,2021-03-28 00:00:00+00:00,2021-03-29 00:00:00+00:00,33683231086.75503,2021-03-29 00:00:00+00:00,6,True,True,False,False
uni,UNI,2021-03-28 00:00:00+00:00,2021-03-28 00:00:00+00:00,2021-03-29 00:00:00+00:00,27839944682.3049,2021-03-29 00:00:00+00:00,7,False,True,False,False
link,LINK,2021-03-28 00:00:00+00:00,2021-03-28 00:00:00+00:00,2021-03-29 00:00:00+00:00,26646403477.3511,2021-03-29 00:00:00+00:00,8,False,True,True,True
cro,CRO,2021-03-28 00:00:00+00:00,2021-03-28 00:00:00+00:00,2021-03-29 00:00:00+00:00,19848413960.4245,2021-03-29 00:00:00+00:00,9,False,True,False,False
ftt,FTT,2021-03-28 00:00:00+00:00,2021-03-28 00:00:00+00:00,2021-03-29 00:00:00+00:00,12412601206.168215,2021-03-29 00:00:00+00:00,10,False,True,False,False
ltc,LTC,2021-03-28 00:00:00+00:00,2021-03-28 00:00:00+00:00,2021-03-29 00:00:00+00:00,12374983460.219704,2021-03-29 00:00:00+00:00,11,False,False,False,True
algo,ALGO,2021-03-28 00:00:00+00:00,2021-03-28 00:00:00+00:00,2021-03-29 00:00:00+00:00,12350898560.4103,2021-03-29 00:00:00+00:00,12,False,False,False,False
bch,BCH,2021-03-28 00:00:00+00:00,2021-03-28 00:00:00+00:00,2021-03-29 00:00:00+00:00,9273403857.83788,2021-03-29 00:00:00+00:00,13,False,False,False,False
doge,DOGE,2021-03-28 00:00:00+00:00,2021-03-28 00:00:00+00:00,2021-03-29 00:00:00+00:00,6904540981.563014,2021-03-29 00:00:00+00:00,14,False,False,False,False
ht,HT,2021-03-28 00:00:00+00:00,2021-03-28 00:00:00+00:00,2021-03-29 00:00:00+00:00,6749303664.42595,2021-03-29 00:00:00+00:00,15,False,False,False,False
1inch,1INCH,2021-03-28 00:00:00+00:00,2021-03-28 00:00:00+00:00,2021-03-29 00:00:00+00:00,6120782913.45573,2021-03-29 00:00:00+00:00,16,False,False,False,False
aave,AAVE,2021-03-28 00:00:00+00:00,2021-03-28 00:00:00+00:00,2021-03-29 00:00:00+00:00,5499863336.668384,2021-03-29 00:00:00+00:00,17,False,False,False,False
lend,LEND,2021-03-28 00:00:00+00:00,2021-03-28 00:00:00+00:00,2021-03-29 00:00:00+00:00,4468638760.652682,2021-03-29 00:00:00+00:00,18,False,False,False,False
neo,NEO,2021-03-28 00:00:00+00:00,2021-03-28 00:00:00+00:00,2021-03-29 00:00:00+00:00,4467893144.13458,2021-03-29 00:00:00+00:00,19,False,False,False,False
crv,CRV,2021-03-28 00:00:00+00:00,2021-03-28 00:00:00+00:00,2021-03-29 00:00:00+00:00,4405651319.494732,2021-03-29 00:00:00+00:00,20,False,False,False,False
xmr,XMR,2021-03-28 00:00:00+00:00,2021-03-28 00:00:00+00:00,2021-03-29 00:00:00+00:00,4026306069.463206,2021-03-29 00:00:00+00:00,21,False,False,False,False
bsv,BSV,2021-03-28 00:00:00+00:00,2021-03-28 00:00:00+00:00,2021-03-29 00:00:00+00:00,3707812247.112752,2021-03-29 00:00:00+00:00,22,False,False,False,False
snx,SNX,2021-03-28 00:00:00+00:00,2021-03-28 00:00:00+00:00,2021-03-29 00:00:00+00:00,3656012909.0520296,2021-03-29 00:00:00+00:00,23,False,False,False,False
comp,COMP,2021-03-28 00:00:00+00:00,2021-03-28 00:00:00+00:00,2021-03-29 00:00:00+00:00,3619272073.52344,2021-03-29 00:00:00+00:00,24,False,False,False,False
xtz,XTZ,2021-03-28 00:00:00+00:00,2021-03-28 00:00:00+00:00,2021-03-29 00:00:00+00:00,3535903867.424124,2021-03-29 00:00:00+00:00,25,False,False,False,False
xem,XEM,2021-03-28 00:00:00+00:00,2021-03-28 00:00:00+00:00,2021-03-29 00:00:00+00:00,3219168988.5311894,2021-03-29 00:00:00+00:00,26,False,False,False,False
sushi,SUSHI,2021-03-28 00:00:00+00:00,2021-03-28 00:00:00+00:00,2021-03-29 00:00:00+00:00,3193355147.934345,2021-03-29 00:00:00+00:00,27,False,False,False,False
mana,MANA,2021-03-28 00:00:00+00:00,2021-03-28 00:00:00+00:00,2021-03-29 00:00:00+00:00,2440115048.7218356,2021-03-29 00:00:00+00:00,28,False,False,False,False
uma,UMA,2021-03-28 00:00:00+00:00,2021-03-28 00:00:00+00:00,2021-03-29 00:00:00+00:00,2203777641.6517,2021-03-29 00:00:00+00:00,29,False,False,False,False
dcr,DCR,2021-03-28 00:00:00+00:00,2021-03-28 00:00:00+00:00,2021-03-29 00:00:00+00:00,2122465198.0466516,2021-03-29 00:00:00+00:00,30,False,False,False,False
btc,BTC,2021-04-04 00:00:00+00:00,2021-04-04 00:00:00+00:00,2021-04-05 00:00:00+00:00,1086843565004.3843,2021-04-05 00:00:00+00:00,1,True,True,True,True
eth,ETH,2021-04-04 00:00:00+00:00,2021-04-04 00:00:00+00:00,2021-04-05 00:00:00+00:00,239771287366.75482,2021-04-05 00:00:00+00:00,2,True,True,True,True
xrp,XRP,2021-04-04 00:00:00+00:00,2021-04-04 00:00:00+00:00,2021-04-05 00:00:00+00:00,62939503250.486626,2021-04-05 00:00:00+00:00,3,True,True,False,True
dot,DOT,2021-04-04 00:00:00+00:00,2021-04-04 00:00:00+00:00,2021-04-05 00:00:00+00:00,46083181822.20703,2021-04-05 00:00:00+00:00,4,True,True,False,False
xlm,XLM,2021-04-04 00:00:00+00:00,2021-04-04 00:00:00+00:00,2021-04-05 00:00:00+00:00,45037625419.07742,2021-04-05 00:00:00+00:00,5,True,True,False,False
ada,ADA,2021-04-04 00:00:00+00:00,2021-04-04 00:00:00+00:00,2021-04-05 00:00:00+00:00,37802127940.30019,2021-04-05 00:00:00+00:00,6,True,True,False,True
uni,UNI,2021-04-04 00:00:00+00:00,2021-04-04 00:00:00+00:00,2021-04-05 00:00:00+00:00,31052837268.0521,2021-04-05 00:00:00+00:00,7,False,True,False,False
link,LINK,2021-04-04 00:00:00+00:00,2021-04-04 00:00:00+00:00,2021-04-05 00:00:00+00:00,30745150003.8068,2021-04-05 00:00:00+00:00,8,False,True,True,True
cro,CRO,2021-04-04 00:00:00+00:00,2021-04-04 00:00:00+00:00,2021-04-05 00:00:00+00:00,21401872728.4613,2021-04-05 00:00:00+00:00,9,False,True,False,False
ftt,FTT,2021-04-04 00:00:00+00:00,2021-04-04 00:00:00+00:00,2021-04-05 00:00:00+00:00,14035680198.4118,2021-04-05 00:00:00+00:00,10,False,True,False,False
ltc,LTC,2021-04-04 00:00:00+00:00,2021-04-04 00:00:00+00:00,2021-04-05 00:00:00+00:00,13655091466.771978,2021-04-05 00:00:00+00:00,11,False,False,False,True
algo,ALGO,2021-04-04 00:00:00+00:00,2021-04-04 00:00:00+00:00,2021-04-05 00:00:00+00:00,13076327099.6932,2021-04-05 00:00:00+00:00,12,False,False,False,False
bch,BCH,2021-04-04 00:00:00+00:00,2021-04-04 00:00:00+00:00,2021-04-05 00:00:00+00:00,10460489741.796656,2021-04-05 00:00:00+00:00,13,False,False,False,False
ht,HT,2021-04-04 00:00:00+00:00,2021-04-04 00:00:00+00:00,2021-04-05 00:00:00+00:00,8160776007.7564,2021-04-05 00:00:00+00:00,14,False,False,False,False
doge,DOGE,2021-04-04 00:00:00+00:00,2021-04-04 00:00:00+00:00,2021-04-05 00:00:00+00:00,7395030207.437467,2021-04-05 00:00:00+00:00,15,False,False,False,False
1inch,1INCH,2021-04-04 00:00:00+00:00,2021-04-04 00:00:00+00:00,2021-04-05 00:00:00+00:00,6877391228.784795,2021-04-05 00:00:00+00:00,16,False,False,False,False
aave,AAVE,2021-04-04 00:00:00+00:00,2021-04-04 00:00:00+00:00,2021-04-05 00:00:00+00:00,6463469736.384976,2021-04-05 00:00:00+00:00,17,False,False,False,False
comp,COMP,2021-04-04 00:00:00+00:00,2021-04-04 00:00:00+00:00,2021-04-05 00:00:00+00:00,5485351115.945,2021-04-05 00:00:00+00:00,18,False,False,False,False
neo,NEO,2021-04-04 00:00:00+00:00,2021-04-04 00:00:00+00:00,2021-04-05 00:00:00+00:00,5432453736.49617,2021-04-05 00:00:00+00:00,19,False,False,False,False
lend,LEND,2021-04-04 00:00:00+00:00,2021-04-04 00:00:00+00:00,2021-04-05 00:00:00+00:00,5251568925.312913,2021-04-05 00:00:00+00:00,20,False,False,False,False
snx,SNX,2021-04-04 00:00:00+00:00,2021-04-04 00:00:00+00:00,2021-04-05 00:00:00+00:00,4596760050.526936,2021-04-05 00:00:00+00:00,21,False,False,False,False
xmr,XMR,2021-04-04 00:00:00+00:00,2021-04-04 00:00:00+00:00,2021-04-05 00:00:00+00:00,4587974495.480802,2021-04-05 00:00:00+00:00,22,False,False,False,False
crv,CRV,2021-04-04 00:00:00+00:00,2021-04-04 00:00:00+00:00,2021-04-05 00:00:00+00:00,4560004380.372362,2021-04-05 00:00:00+00:00,23,False,False,False,False
xtz,XTZ,2021-04-04 00:00:00+00:00,2021-04-04 00:00:00+00:00,2021-04-05 00:00:00+00:00,4290835129.91512,2021-04-05 00:00:00+00:00,24,False,False,False,False
bsv,BSV,2021-04-04 00:00:00+00:00,2021-04-04 00:00:00+00:00,2021-04-05 00:00:00+00:00,4266617584.306044,2021-04-05 00:00:00+00:00,25,False,False,False,False
xem,XEM,2021-04-04 00:00:00+00:00,2021-04-04 00:00:00+00:00,2021-04-05 00:00:00+00:00,3481410932.6632795,2021-04-05 00:00:00+00:00,26,False,False,False,False
sushi,SUSHI,2021-04-04 00:00:00+00:00,2021-04-04 00:00:00+00:00,2021-04-05 00:00:00+00:00,3232964641.083198,2021-04-05 00:00:00+00:00,27,False,False,False,False
dash,DASH,2021-04-04 00:00:00+00:00,2021-04-04 00:00:00+00:00,2021-04-05 00:00:00+00:00,2729801492.0706716,2021-04-05 00:00:00+00:00,28,False,False,False,False
uma,UMA,2021-04-04 00:00:00+00:00,2021-04-04 00:00:00+00:00,2021-04-05 00:00:00+00:00,2599648528.4300375,2021-04-05 00:00:00+00:00,29,False,False,False,False
bal,BAL,2021-04-04 00:00:00+00:00,2021-04-04 00:00:00+00:00,2021-04-05 00:00:00+00:00,2442395683.859628,2021-04-05 00:00:00+00:00,30,False,False,False,False
btc,BTC,2021-04-11 00:00:00+00:00,2021-04-11 00:00:00+00:00,2021-04-12 00:00:00+00:00,1119553954624.0093,2021-04-12 00:00:00+00:00,1,True,True,True,True
eth,ETH,2021-04-11 00:00:00+00:00,2021-04-11 00:00:00+00:00,2021-04-12 00:00:00+00:00,247717304501.33264,2021-04-12 00:00:00+00:00,2,True,True,True,True
xrp,XRP,2021-04-11 00:00:00+00:00,2021-04-11 00:00:00+00:00,2021-04-12 00:00:00+00:00,135079554665.17723,2021-04-12 00:00:00+00:00,3,True,True,False,True
xlm,XLM,2021-04-11 00:00:00+00:00,2021-04-11 00:00:00+00:00,2021-04-12 00:00:00+00:00,62059292530.88978,2021-04-12 00:00:00+00:00,4,True,True,False,False
dot,DOT,2021-04-11 00:00:00+00:00,2021-04-11 00:00:00+00:00,2021-04-12 00:00:00+00:00,43463620169.79236,2021-04-12 00:00:00+00:00,5,True,True,False,False
ada,ADA,2021-04-11 00:00:00+00:00,2021-04-11 00:00:00+00:00,2021-04-12 00:00:00+00:00,40578550144.36503,2021-04-12 00:00:00+00:00,6,True,True,False,True
link,LINK,2021-04-11 00:00:00+00:00,2021-04-11 00:00:00+00:00,2021-04-12 00:00:00+00:00,33779366594.7474,2021-04-12 00:00:00+00:00,7,False,True,True,True
uni,UNI,2021-04-11 00:00:00+00:00,2021-04-11 00:00:00+00:00,2021-04-12 00:00:00+00:00,29860222561.5563,2021-04-12 00:00:00+00:00,8,False,True,False,False
cro,CRO,2021-04-11 00:00:00+00:00,2021-04-11 00:00:00+00:00,2021-04-12 00:00:00+00:00,21313466850.7496,2021-04-12 00:00:00+00:00,9,False,True,False,False
ftt,FTT,2021-04-11 00:00:00+00:00,2021-04-11 00:00:00+00:00,2021-04-12 00:00:00+00:00,17323511809.50403,2021-04-12 00:00:00+00:00,10,False,True,False,False
ltc,LTC,2021-04-11 00:00:00+00:00,2021-04-11 00:00:00+00:00,2021-04-12 00:00:00+00:00,16929984803.808062,2021-04-12 00:00:00+00:00,11,False,False,False,True
algo,ALGO,2021-04-11 00:00:00+00:00,2021-04-11 00:00:00+00:00,2021-04-12 00:00:00+00:00,15079713395.5436,2021-04-12 00:00:00+00:00,12,False,False,False,False
bch,BCH,2021-04-11 00:00:00+00:00,2021-04-11 00:00:00+00:00,2021-04-12 00:00:00+00:00,12867937744.92385,2021-04-12 00:00:00+00:00,13,False,False,False,False
ht,HT,2021-04-11 00:00:00+00:00,2021-04-11 00:00:00+00:00,2021-04-12 00:00:00+00:00,10032497050.43065,2021-04-12 00:00:00+00:00,14,False,False,False,False
doge,DOGE,2021-04-11 00:00:00+00:00,2021-04-11 00:00:00+00:00,2021-04-12 00:00:00+00:00,9647639402.519773,2021-04-12 00:00:00+00:00,15,False,False,False,False
1inch,1INCH,2021-04-11 00:00:00+00:00,2021-04-11 00:00:00+00:00,2021-04-12 00:00:00+00:00,8495268039.365865,2021-04-12 00:00:00+00:00,16,False,False,False,False
neo,NEO,2021-04-11 00:00:00+00:00,2021-04-11 00:00:00+00:00,2021-04-12 00:00:00+00:00,6390703380.237,2021-04-12 00:00:00+00:00,17,False,False,False,False
aave,AAVE,2021-04-11 00:00:00+00:00,2021-04-11 00:00:00+00:00,2021-04-12 00:00:00+00:00,5902257168.506912,2021-04-12 00:00:00+00:00,18,False,False,False,False
xmr,XMR,2021-04-11 00:00:00+00:00,2021-04-11 00:00:00+00:00,2021-04-12 00:00:00+00:00,5688098021.838362,2021-04-12 00:00:00+00:00,19,False,False,False,False
xtz,XTZ,2021-04-11 00:00:00+00:00,2021-04-11 00:00:00+00:00,2021-04-12 00:00:00+00:00,5411398421.7948475,2021-04-12 00:00:00+00:00,20,False,False,False,False
bsv,BSV,2021-04-11 00:00:00+00:00,2021-04-11 00:00:00+00:00,2021-04-12 00:00:00+00:00,5144857885.329243,2021-04-12 00:00:00+00:00,21,False,False,False,False
lend,LEND,2021-04-11 00:00:00+00:00,2021-04-11 00:00:00+00:00,2021-04-12 00:00:00+00:00,4795583734.360058,2021-04-12 00:00:00+00:00,22,False,False,False,False
comp,COMP,2021-04-11 00:00:00+00:00,2021-04-11 00:00:00+00:00,2021-04-12 00:00:00+00:00,4591866416.9275,2021-04-12 00:00:00+00:00,23,False,False,False,False
crv,CRV,2021-04-11 00:00:00+00:00,2021-04-11 00:00:00+00:00,2021-04-12 00:00:00+00:00,4566986843.721345,2021-04-12 00:00:00+00:00,24,False,False,False,False
snx,SNX,2021-04-11 00:00:00+00:00,2021-04-11 00:00:00+00:00,2021-04-12 00:00:00+00:00,4247111508.775025,2021-04-12 00:00:00+00:00,25,False,False,False,False
xem,XEM,2021-04-11 00:00:00+00:00,2021-04-11 00:00:00+00:00,2021-04-12 00:00:00+00:00,3970006619.654201,2021-04-12 00:00:00+00:00,26,False,False,False,False
sushi,SUSHI,2021-04-11 00:00:00+00:00,2021-04-11 00:00:00+00:00,2021-04-12 00:00:00+00:00,3017863843.2762733,2021-04-12 00:00:00+00:00,27,False,False,False,False
dash,DASH,2021-04-11 00:00:00+00:00,2021-04-11 00:00:00+00:00,2021-04-12 00:00:00+00:00,2892508721.3583884,2021-04-12 00:00:00+00:00,28,False,False,False,False
uma,UMA,2021-04-11 00:00:00+00:00,2021-04-11 00:00:00+00:00,2021-04-12 00:00:00+00:00,2756791781.4506154,2021-04-12 00:00:00+00:00,29,False,False,False,False
etc,ETC,2021-04-11 00:00:00+00:00,2021-04-11 00:00:00+00:00,2021-04-12 00:00:00+00:00,2565996554.5554237,2021-04-12 00:00:00+00:00,30,False,False,False,False
btc,BTC,2021-04-18 00:00:00+00:00,2021-04-18 00:00:00+00:00,2021-04-19 00:00:00+00:00,1053684397565.0662,2021-04-19 00:00:00+00:00,1,True,True,True,True
eth,ETH,2021-04-18 00:00:00+00:00,2021-04-18 00:00:00+00:00,2021-04-19 00:00:00+00:00,259391685368.7708,2021-04-19 00:00:00+00:00,2,True,True,True,True
xrp,XRP,2021-04-18 00:00:00+00:00,2021-04-18 00:00:00+00:00,2021-04-19 00:00:00+00:00,141864805174.9242,2021-04-19 00:00:00+00:00,3,True,True,False,True
xlm,XLM,2021-04-18 00:00:00+00:00,2021-04-18 00:00:00+00:00,2021-04-19 00:00:00+00:00,57787967896.03404,2021-04-19 00:00:00+00:00,4,True,True,False,False
doge,DOGE,2021-04-18 00:00:00+00:00,2021-04-18 00:00:00+00:00,2021-04-19 00:00:00+00:00,41612975696.37446,2021-04-19 00:00:00+00:00,5,True,True,False,False
ada,ADA,2021-04-18 00:00:00+00:00,2021-04-18 00:00:00+00:00,2021-04-19 00:00:00+00:00,41032293891.7184,2021-04-19 00:00:00+00:00,6,True,True,False,True
dot,DOT,2021-04-18 00:00:00+00:00,2021-04-18 00:00:00+00:00,2021-04-19 00:00:00+00:00,39491856247.94675,2021-04-19 00:00:00+00:00,7,False,True,False,False
link,LINK,2021-04-18 00:00:00+00:00,2021-04-18 00:00:00+00:00,2021-04-19 00:00:00+00:00,39291497607.5177,2021-04-19 00:00:00+00:00,8,False,True,True,True
uni,UNI,2021-04-18 00:00:00+00:00,2021-04-18 00:00:00+00:00,2021-04-19 00:00:00+00:00,31909735646.1773,2021-04-19 00:00:00+00:00,9,False,True,False,False
cro,CRO,2021-04-18 00:00:00+00:00,2021-04-18 00:00:00+00:00,2021-04-19 00:00:00+00:00,20717100582.6539,2021-04-19 00:00:00+00:00,10,False,True,False,False
ltc,LTC,2021-04-18 00:00:00+00:00,2021-04-18 00:00:00+00:00,2021-04-19 00:00:00+00:00,18539151323.492325,2021-04-19 00:00:00+00:00,11,False,False,False,True
bch,BCH,2021-04-18 00:00:00+00:00,2021-04-18 00:00:00+00:00,2021-04-19 00:00:00+00:00,18111026824.88043,2021-04-19 00:00:00+00:00,12,False,False,False,False
ftt,FTT,2021-04-18 00:00:00+00:00,2021-04-18 00:00:00+00:00,2021-04-19 00:00:00+00:00,17056751692.921867,2021-04-19 00:00:00+00:00,13,False,False,False,False
algo,ALGO,2021-04-18 00:00:00+00:00,2021-04-18 00:00:00+00:00,2021-04-19 00:00:00+00:00,14587694191.2686,2021-04-19 00:00:00+00:00,14,False,False,False,False
neo,NEO,2021-04-18 00:00:00+00:00,2021-04-18 00:00:00+00:00,2021-04-19 00:00:00+00:00,11686147342.763,2021-04-19 00:00:00+00:00,15,False,False,False,False
ht,HT,2021-04-18 00:00:00+00:00,2021-04-18 00:00:00+00:00,2021-04-19 00:00:00+00:00,8754024714.5188,2021-04-19 00:00:00+00:00,16,False,False,False,False
1inch,1INCH,2021-04-18 00:00:00+00:00,2021-04-18 00:00:00+00:00,2021-04-19 00:00:00+00:00,7947553739.137005,2021-04-19 00:00:00+00:00,17,False,False,False,False
bsv,BSV,2021-04-18 00:00:00+00:00,2021-04-18 00:00:00+00:00,2021-04-19 00:00:00+00:00,6263833824.085669,2021-04-19 00:00:00+00:00,18,False,False,False,False
aave,AAVE,2021-04-18 00:00:00+00:00,2021-04-18 00:00:00+00:00,2021-04-19 00:00:00+00:00,6128227793.682304,2021-04-19 00:00:00+00:00,19,False,False,False,False
xmr,XMR,2021-04-18 00:00:00+00:00,2021-04-18 00:00:00+00:00,2021-04-19 00:00:00+00:00,5926246576.502985,2021-04-19 00:00:00+00:00,20,False,False,False,False
xtz,XTZ,2021-04-18 00:00:00+00:00,2021-04-18 00:00:00+00:00,2021-04-19 00:00:00+00:00,5228350103.915041,2021-04-19 00:00:00+00:00,21,False,False,False,False
lend,LEND,2021-04-18 00:00:00+00:00,2021-04-18 00:00:00+00:00,2021-04-19 00:00:00+00:00,4979184859.081706,2021-04-19 00:00:00+00:00,22,False,False,False,False
comp,COMP,2021-04-18 00:00:00+00:00,2021-04-18 00:00:00+00:00,2021-04-19 00:00:00+00:00,4887208725.94514,2021-04-19 00:00:00+00:00,23,False,False,False,False
crv,CRV,2021-04-18 00:00:00+00:00,2021-04-18 00:00:00+00:00,2021-04-19 00:00:00+00:00,4800308724.346875,2021-04-19 00:00:00+00:00,24,False,False,False,False
etc,ETC,2021-04-18 00:00:00+00:00,2021-04-18 00:00:00+00:00,2021-04-19 00:00:00+00:00,4773987670.953736,2021-04-19 00:00:00+00:00,25,False,False,False,False
snx,SNX,2021-04-18 00:00:00+00:00,2021-04-18 00:00:00+00:00,2021-04-19 00:00:00+00:00,4040112966.90408,2021-04-19 00:00:00+00:00,26,False,False,False,False
xem,XEM,2021-04-18 00:00:00+00:00,2021-04-18 00:00:00+00:00,2021-04-19 00:00:00+00:00,3650172294.717235,2021-04-19 00:00:00+00:00,27,False,False,False,False
uma,UMA,2021-04-18 00:00:00+00:00,2021-04-18 00:00:00+00:00,2021-04-19 00:00:00+00:00,3246631545.8423734,2021-04-19 00:00:00+00:00,28,False,False,False,False
mkr,MKR,2021-04-18 00:00:00+00:00,2021-04-18 00:00:00+00:00,2021-04-19 00:00:00+00:00,3239462598.669166,2021-04-19 00:00:00+00:00,29,False,False,False,False
dash,DASH,2021-04-18 00:00:00+00:00,2021-04-18 00:00:00+00:00,2021-04-19 00:00:00+00:00,3192634481.939785,2021-04-19 00:00:00+00:00,30,False,False,False,False
btc,BTC,2021-04-25 00:00:00+00:00,2021-04-25 00:00:00+00:00,2021-04-26 00:00:00+00:00,914885342157.6127,2021-04-26 00:00:00+00:00,1,True,True,True,True
eth,ETH,2021-04-25 00:00:00+00:00,2021-04-25 00:00:00+00:00,2021-04-26 00:00:00+00:00,266223290830.88727,2021-04-26 00:00:00+00:00,2,True,True,True,True
xrp,XRP,2021-04-25 00:00:00+00:00,2021-04-25 00:00:00+00:00,2021-04-26 00:00:00+00:00,103420283441.69377,2021-04-26 00:00:00+00:00,3,True,True,False,True
xlm,XLM,2021-04-25 00:00:00+00:00,2021-04-25 00:00:00+00:00,2021-04-26 00:00:00+00:00,43814908788.74886,2021-04-26 00:00:00+00:00,4,True,True,False,False
ada,ADA,2021-04-25 00:00:00+00:00,2021-04-25 00:00:00+00:00,2021-04-26 00:00:00+00:00,34836679721.335785,2021-04-26 00:00:00+00:00,5,True,True,False,True
uni,UNI,2021-04-25 00:00:00+00:00,2021-04-25 00:00:00+00:00,2021-04-26 00:00:00+00:00,33651920555.3833,2021-04-26 00:00:00+00:00,6,True,True,False,False
doge,DOGE,2021-04-25 00:00:00+00:00,2021-04-25 00:00:00+00:00,2021-04-26 00:00:00+00:00,32781029149.204887,2021-04-26 00:00:00+00:00,7,False,True,False,False
link,LINK,2021-04-25 00:00:00+00:00,2021-04-25 00:00:00+00:00,2021-04-26 00:00:00+00:00,31484344936.4044,2021-04-26 00:00:00+00:00,8,False,True,True,True
dot,DOT,2021-04-25 00:00:00+00:00,2021-04-25 00:00:00+00:00,2021-04-26 00:00:00+00:00,31362040072.405678,2021-04-26 00:00:00+00:00,9,False,True,False,False
cro,CRO,2021-04-25 00:00:00+00:00,2021-04-25 00:00:00+00:00,2021-04-26 00:00:00+00:00,16865692359.1134,2021-04-26 00:00:00+00:00,10,False,True,False,False
ftt,FTT,2021-04-25 00:00:00+00:00,2021-04-25 00:00:00+00:00,2021-04-26 00:00:00+00:00,15690512228.78365,2021-04-26 00:00:00+00:00,11,False,False,False,False
ltc,LTC,2021-04-25 00:00:00+00:00,2021-04-25 00:00:00+00:00,2021-04-26 00:00:00+00:00,15045746824.941101,2021-04-26 00:00:00+00:00,12,False,False,False,True
bch,BCH,2021-04-25 00:00:00+00:00,2021-04-25 00:00:00+00:00,2021-04-26 00:00:00+00:00,14154502225.999733,2021-04-26 00:00:00+00:00,13,False,False,False,False
algo,ALGO,2021-04-25 00:00:00+00:00,2021-04-25 00:00:00+00:00,2021-04-26 00:00:00+00:00,10966345821.807,2021-04-26 00:00:00+00:00,14,False,False,False,False
ht,HT,2021-04-25 00:00:00+00:00,2021-04-25 00:00:00+00:00,2021-04-26 00:00:00+00:00,8608089428.60515,2021-04-26 00:00:00+00:00,15,False,False,False,False
neo,NEO,2021-04-25 00:00:00+00:00,2021-04-25 00:00:00+00:00,2021-04-26 00:00:00+00:00,7902679974.67518,2021-04-26 00:00:00+00:00,16,False,False,False,False
xmr,XMR,2021-04-25 00:00:00+00:00,2021-04-25 00:00:00+00:00,2021-04-26 00:00:00+00:00,6184576931.121576,2021-04-26 00:00:00+00:00,17,False,False,False,False
1inch,1INCH,2021-04-25 00:00:00+00:00,2021-04-25 00:00:00+00:00,2021-04-26 00:00:00+00:00,5961837211.039605,2021-04-26 00:00:00+00:00,18,False,False,False,False
aave,AAVE,2021-04-25 00:00:00+00:00,2021-04-25 00:00:00+00:00,2021-04-26 00:00:00+00:00,5545779266.852656,2021-04-26 00:00:00+00:00,19,False,False,False,False
comp,COMP,2021-04-25 00:00:00+00:00,2021-04-25 00:00:00+00:00,2021-04-26 00:00:00+00:00,5510183868.54027,2021-04-26 00:00:00+00:00,20,False,False,False,False
lend,LEND,2021-04-25 00:00:00+00:00,2021-04-25 00:00:00+00:00,2021-04-26 00:00:00+00:00,4505945452.254433,2021-04-26 00:00:00+00:00,21,False,False,False,False
bsv,BSV,2021-04-25 00:00:00+00:00,2021-04-25 00:00:00+00:00,2021-04-26 00:00:00+00:00,4408517441.534604,2021-04-26 00:00:00+00:00,22,False,False,False,False
mkr,MKR,2021-04-25 00:00:00+00:00,2021-04-25 00:00:00+00:00,2021-04-26 00:00:00+00:00,3806939146.636237,2021-04-26 00:00:00+00:00,23,False,False,False,False
xtz,XTZ,2021-04-25 00:00:00+00:00,2021-04-25 00:00:00+00:00,2021-04-26 00:00:00+00:00,3735580671.355105,2021-04-26 00:00:00+00:00,24,False,False,False,False
etc,ETC,2021-04-25 00:00:00+00:00,2021-04-25 00:00:00+00:00,2021-04-26 00:00:00+00:00,3707203740.5326967,2021-04-26 00:00:00+00:00,25,False,False,False,False
crv,CRV,2021-04-25 00:00:00+00:00,2021-04-25 00:00:00+00:00,2021-04-26 00:00:00+00:00,3504294234.0473404,2021-04-26 00:00:00+00:00,26,False,False,False,False
snx,SNX,2021-04-25 00:00:00+00:00,2021-04-25 00:00:00+00:00,2021-04-26 00:00:00+00:00,3148937283.717238,2021-04-26 00:00:00+00:00,27,False,False,False,False
dash,DASH,2021-04-25 00:00:00+00:00,2021-04-25 00:00:00+00:00,2021-04-26 00:00:00+00:00,2480282004.838365,2021-04-26 00:00:00+00:00,28,False,False,False,False
xem,XEM,2021-04-25 00:00:00+00:00,2021-04-25 00:00:00+00:00,2021-04-26 00:00:00+00:00,2414164829.7445154,2021-04-26 00:00:00+00:00,29,False,False,False,False
dcr,DCR,2021-04-25 00:00:00+00:00,2021-04-25 00:00:00+00:00,2021-04-26 00:00:00+00:00,2387421648.435801,2021-04-26 00:00:00+00:00,30,False,False,False,False
btc,BTC,2021-05-02 00:00:00+00:00,2021-05-02 00:00:00+00:00,2021-05-03 00:00:00+00:00,1057768979625.265,2021-05-03 00:00:00+00:00,1,True,True,True,True
eth,ETH,2021-05-02 00:00:00+00:00,2021-05-02 00:00:00+00:00,2021-05-03 00:00:00+00:00,341961340071.94617,2021-05-03 00:00:00+00:00,2,True,True,True,True
xrp,XRP,2021-05-02 00:00:00+00:00,2021-05-02 00:00:00+00:00,2021-05-03 00:00:00+00:00,155855218068.37183,2021-05-03 00:00:00+00:00,3,True,True,False,True
xlm,XLM,2021-05-02 00:00:00+00:00,2021-05-02 00:00:00+00:00,2021-05-03 00:00:00+00:00,58452431565.00461,2021-05-03 00:00:00+00:00,4,True,True,False,False
doge,DOGE,2021-05-02 00:00:00+00:00,2021-05-02 00:00:00+00:00,2021-05-03 00:00:00+00:00,48975023697.86477,2021-05-03 00:00:00+00:00,5,True,True,False,False
ada,ADA,2021-05-02 00:00:00+00:00,2021-05-02 00:00:00+00:00,2021-05-03 00:00:00+00:00,42556870333.96219,2021-05-03 00:00:00+00:00,6,True,True,False,True
uni,UNI,2021-05-02 00:00:00+00:00,2021-05-02 00:00:00+00:00,2021-05-03 00:00:00+00:00,42501630920.125,2021-05-03 00:00:00+00:00,7,False,True,False,False
link,LINK,2021-05-02 00:00:00+00:00,2021-05-02 00:00:00+00:00,2021-05-03 00:00:00+00:00,39463489295.1228,2021-05-03 00:00:00+00:00,8,False,True,True,True
dot,DOT,2021-05-02 00:00:00+00:00,2021-05-02 00:00:00+00:00,2021-05-03 00:00:00+00:00,38574023217.19642,2021-05-03 00:00:00+00:00,9,False,True,False,False
cro,CRO,2021-05-02 00:00:00+00:00,2021-05-02 00:00:00+00:00,2021-05-03 00:00:00+00:00,18661989655.1123,2021-05-03 00:00:00+00:00,10,False,True,False,False
ftt,FTT,2021-05-02 00:00:00+00:00,2021-05-02 00:00:00+00:00,2021-05-03 00:00:00+00:00,18607041516.78673,2021-05-03 00:00:00+00:00,11,False,False,False,False
bch,BCH,2021-05-02 00:00:00+00:00,2021-05-02 00:00:00+00:00,2021-05-03 00:00:00+00:00,18221814784.146248,2021-05-03 00:00:00+00:00,12,False,False,False,False
ltc,LTC,2021-05-02 00:00:00+00:00,2021-05-02 00:00:00+00:00,2021-05-03 00:00:00+00:00,18172751871.02603,2021-05-03 00:00:00+00:00,13,False,False,False,True
algo,ALGO,2021-05-02 00:00:00+00:00,2021-05-02 00:00:00+00:00,2021-05-03 00:00:00+00:00,13843186038.2049,2021-05-03 00:00:00+00:00,14,False,False,False,False
ht,HT,2021-05-02 00:00:00+00:00,2021-05-02 00:00:00+00:00,2021-05-03 00:00:00+00:00,13686730138.0816,2021-05-03 00:00:00+00:00,15,False,False,False,False
neo,NEO,2021-05-02 00:00:00+00:00,2021-05-02 00:00:00+00:00,2021-05-03 00:00:00+00:00,10671654106.0353,2021-05-03 00:00:00+00:00,16,False,False,False,False
comp,COMP,2021-05-02 00:00:00+00:00,2021-05-02 00:00:00+00:00,2021-05-03 00:00:00+00:00,8116948251.48325,2021-05-03 00:00:00+00:00,17,False,False,False,False
1inch,1INCH,2021-05-02 00:00:00+00:00,2021-05-02 00:00:00+00:00,2021-05-03 00:00:00+00:00,8047208238.07704,2021-05-03 00:00:00+00:00,18,False,False,False,False
aave,AAVE,2021-05-02 00:00:00+00:00,2021-05-02 00:00:00+00:00,2021-05-03 00:00:00+00:00,7703103246.830432,2021-05-03 00:00:00+00:00,19,False,False,False,False
xmr,XMR,2021-05-02 00:00:00+00:00,2021-05-02 00:00:00+00:00,2021-05-03 00:00:00+00:00,7053244241.358949,2021-05-03 00:00:00+00:00,20,False,False,False,False
lend,LEND,2021-05-02 00:00:00+00:00,2021-05-02 00:00:00+00:00,2021-05-03 00:00:00+00:00,6258771107.383154,2021-05-03 00:00:00+00:00,21,False,False,False,False
bsv,BSV,2021-05-02 00:00:00+00:00,2021-05-02 00:00:00+00:00,2021-05-03 00:00:00+00:00,6217228765.340785,2021-05-03 00:00:00+00:00,22,False,False,False,False
etc,ETC,2021-05-02 00:00:00+00:00,2021-05-02 00:00:00+00:00,2021-05-03 00:00:00+00:00,5689934623.561062,2021-05-03 00:00:00+00:00,23,False,False,False,False
mkr,MKR,2021-05-02 00:00:00+00:00,2021-05-02 00:00:00+00:00,2021-05-03 00:00:00+00:00,4889224921.41378,2021-05-03 00:00:00+00:00,24,False,False,False,False
crv,CRV,2021-05-02 00:00:00+00:00,2021-05-02 00:00:00+00:00,2021-05-03 00:00:00+00:00,4854272863.070122,2021-05-03 00:00:00+00:00,25,False,False,False,False
xtz,XTZ,2021-05-02 00:00:00+00:00,2021-05-02 00:00:00+00:00,2021-05-03 00:00:00+00:00,4717506447.48136,2021-05-03 00:00:00+00:00,26,False,False,False,False
snx,SNX,2021-05-02 00:00:00+00:00,2021-05-02 00:00:00+00:00,2021-05-03 00:00:00+00:00,3885600393.4858394,2021-05-03 00:00:00+00:00,27,False,False,False,False
dash,DASH,2021-05-02 00:00:00+00:00,2021-05-02 00:00:00+00:00,2021-05-03 00:00:00+00:00,3183854889.157479,2021-05-03 00:00:00+00:00,28,False,False,False,False
mana,MANA,2021-05-02 00:00:00+00:00,2021-05-02 00:00:00+00:00,2021-05-03 00:00:00+00:00,3088411414.572054,2021-05-03 00:00:00+00:00,29,False,False,False,False
xem,XEM,2021-05-02 00:00:00+00:00,2021-05-02 00:00:00+00:00,2021-05-03 00:00:00+00:00,3067440840.6088443,2021-05-03 00:00:00+00:00,30,False,False,False,False
btc,BTC,2021-05-09 00:00:00+00:00,2021-05-09 00:00:00+00:00,2021-05-10 00:00:00+00:00,1090293033441.2048,2021-05-10 00:00:00+00:00,1,True,True,True,True
eth,ETH,2021-05-09 00:00:00+00:00,2021-05-09 00:00:00+00:00,2021-05-10 00:00:00+00:00,453962679013.81714,2021-05-10 00:00:00+00:00,2,True,True,True,True
xrp,XRP,2021-05-09 00:00:00+00:00,2021-05-09 00:00:00+00:00,2021-05-10 00:00:00+00:00,153436725711.86145,2021-05-10 00:00:00+00:00,3,True,True,False,True
doge,DOGE,2021-05-09 00:00:00+00:00,2021-05-09 00:00:00+00:00,2021-05-10 00:00:00+00:00,74249424965.1172,2021-05-10 00:00:00+00:00,4,True,True,False,False
xlm,XLM,2021-05-09 00:00:00+00:00,2021-05-09 00:00:00+00:00,2021-05-10 00:00:00+00:00,65991605147.80759,2021-05-10 00:00:00+00:00,5,True,True,False,False
ada,ADA,2021-05-09 00:00:00+00:00,2021-05-09 00:00:00+00:00,2021-05-10 00:00:00+00:00,57022025716.06039,2021-05-10 00:00:00+00:00,6,True,True,False,True
link,LINK,2021-05-09 00:00:00+00:00,2021-05-09 00:00:00+00:00,2021-05-10 00:00:00+00:00,51746697770.1087,2021-05-10 00:00:00+00:00,7,False,True,True,True
dot,DOT,2021-05-09 00:00:00+00:00,2021-05-09 00:00:00+00:00,2021-05-10 00:00:00+00:00,42673273838.659515,2021-05-10 00:00:00+00:00,8,False,True,False,False
uni,UNI,2021-05-09 00:00:00+00:00,2021-05-09 00:00:00+00:00,2021-05-10 00:00:00+00:00,39444195306.4623,2021-05-10 00:00:00+00:00,9,False,True,False,False
bch,BCH,2021-05-09 00:00:00+00:00,2021-05-09 00:00:00+00:00,2021-05-10 00:00:00+00:00,26510673946.2183,2021-05-10 00:00:00+00:00,10,False,True,False,False
ltc,LTC,2021-05-09 00:00:00+00:00,2021-05-09 00:00:00+00:00,2021-05-10 00:00:00+00:00,26065174107.009754,2021-05-10 00:00:00+00:00,11,False,False,False,True
ftt,FTT,2021-05-09 00:00:00+00:00,2021-05-09 00:00:00+00:00,2021-05-10 00:00:00+00:00,20599834051.680443,2021-05-10 00:00:00+00:00,12,False,False,False,False
cro,CRO,2021-05-09 00:00:00+00:00,2021-05-09 00:00:00+00:00,2021-05-10 00:00:00+00:00,17786396703.5416,2021-05-10 00:00:00+00:00,13,False,False,False,False
algo,ALGO,2021-05-09 00:00:00+00:00,2021-05-09 00:00:00+00:00,2021-05-10 00:00:00+00:00,15119472490.632,2021-05-10 00:00:00+00:00,14,False,False,False,False
etc,ETC,2021-05-09 00:00:00+00:00,2021-05-09 00:00:00+00:00,2021-05-10 00:00:00+00:00,14924988381.619862,2021-05-10 00:00:00+00:00,15,False,False,False,False
ht,HT,2021-05-09 00:00:00+00:00,2021-05-09 00:00:00+00:00,2021-05-10 00:00:00+00:00,13877889674.96365,2021-05-10 00:00:00+00:00,16,False,False,False,False
neo,NEO,2021-05-09 00:00:00+00:00,2021-05-09 00:00:00+00:00,2021-05-10 00:00:00+00:00,11854331723.9391,2021-05-10 00:00:00+00:00,17,False,False,False,False
1inch,1INCH,2021-05-09 00:00:00+00:00,2021-05-09 00:00:00+00:00,2021-05-10 00:00:00+00:00,10564449927.208454,2021-05-10 00:00:00+00:00,18,False,False,False,False
xmr,XMR,2021-05-09 00:00:00+00:00,2021-05-09 00:00:00+00:00,2021-05-10 00:00:00+00:00,8391934979.752335,2021-05-10 00:00:00+00:00,19,False,False,False,False
comp,COMP,2021-05-09 00:00:00+00:00,2021-05-09 00:00:00+00:00,2021-05-10 00:00:00+00:00,7692871000.88316,2021-05-10 00:00:00+00:00,20,False,False,False,False
aave,AAVE,2021-05-09 00:00:00+00:00,2021-05-09 00:00:00+00:00,2021-05-10 00:00:00+00:00,7341681354.333328,2021-05-10 00:00:00+00:00,21,False,False,False,False
bsv,BSV,2021-05-09 00:00:00+00:00,2021-05-09 00:00:00+00:00,2021-05-10 00:00:00+00:00,6724129279.007821,2021-05-10 00:00:00+00:00,22,False,False,False,False
xtz,XTZ,2021-05-09 00:00:00+00:00,2021-05-09 00:00:00+00:00,2021-05-10 00:00:00+00:00,5976121908.483232,2021-05-10 00:00:00+00:00,23,False,False,False,False
lend,LEND,2021-05-09 00:00:00+00:00,2021-05-09 00:00:00+00:00,2021-05-10 00:00:00+00:00,5965115832.897852,2021-05-10 00:00:00+00:00,24,False,False,False,False
mkr,MKR,2021-05-09 00:00:00+00:00,2021-05-09 00:00:00+00:00,2021-05-10 00:00:00+00:00,5247610768.372545,2021-05-10 00:00:00+00:00,25,False,False,False,False
crv,CRV,2021-05-09 00:00:00+00:00,2021-05-09 00:00:00+00:00,2021-05-10 00:00:00+00:00,5151755707.924839,2021-05-10 00:00:00+00:00,26,False,False,False,False
dash,DASH,2021-05-09 00:00:00+00:00,2021-05-09 00:00:00+00:00,2021-05-10 00:00:00+00:00,4089328328.85567,2021-05-10 00:00:00+00:00,27,False,False,False,False
snx,SNX,2021-05-09 00:00:00+00:00,2021-05-09 00:00:00+00:00,2021-05-10 00:00:00+00:00,4000824994.393164,2021-05-10 00:00:00+00:00,28,False,False,False,False
sushi,SUSHI,2021-05-09 00:00:00+00:00,2021-05-09 00:00:00+00:00,2021-05-10 00:00:00+00:00,3407051731.7027974,2021-05-10 00:00:00+00:00,29,False,False,False,False
zec,ZEC,2021-05-09 00:00:00+00:00,2021-05-09 00:00:00+00:00,2021-05-10 00:00:00+00:00,3402248184.491119,2021-05-10 00:00:00+00:00,30,False,False,False,False
btc,BTC,2021-05-16 00:00:00+00:00,2021-05-16 00:00:00+00:00,2021-05-17 00:00:00+00:00,861166199739.0121,2021-05-17 00:00:00+00:00,1,True,True,True,True
eth,ETH,2021-05-16 00:00:00+00:00,2021-05-16 00:00:00+00:00,2021-05-17 00:00:00+00:00,413722726911.7529,2021-05-17 00:00:00+00:00,2,True,True,True,True
xrp,XRP,2021-05-16 00:00:00+00:00,2021-05-16 00:00:00+00:00,2021-05-17 00:00:00+00:00,144690031353.69144,2021-05-17 00:00:00+00:00,3,True,True,False,True
icp,ICP,2021-05-16 00:00:00+00:00,2021-05-16 00:00:00+00:00,2021-05-17 00:00:00+00:00,106074751042.25417,2021-05-17 00:00:00+00:00,4,True,True,False,False
xlm,XLM,2021-05-16 00:00:00+00:00,2021-05-16 00:00:00+00:00,2021-05-17 00:00:00+00:00,75298439866.15546,2021-05-17 00:00:00+00:00,5,True,True,False,False
ada,ADA,2021-05-16 00:00:00+00:00,2021-05-16 00:00:00+00:00,2021-05-17 00:00:00+00:00,72607048862.2946,2021-05-17 00:00:00+00:00,6,True,True,False,True
doge,DOGE,2021-05-16 00:00:00+00:00,2021-05-16 00:00:00+00:00,2021-05-17 00:00:00+00:00,66521233685.70932,2021-05-17 00:00:00+00:00,7,False,True,False,False
dot,DOT,2021-05-16 00:00:00+00:00,2021-05-16 00:00:00+00:00,2021-05-17 00:00:00+00:00,44730370643.55091,2021-05-17 00:00:00+00:00,8,False,True,False,False
link,LINK,2021-05-16 00:00:00+00:00,2021-05-16 00:00:00+00:00,2021-05-17 00:00:00+00:00,40527226539.9404,2021-05-17 00:00:00+00:00,9,False,True,True,True
uni,UNI,2021-05-16 00:00:00+00:00,2021-05-16 00:00:00+00:00,2021-05-17 00:00:00+00:00,36379291980.2165,2021-05-17 00:00:00+00:00,10,False,True,False,False
bch,BCH,2021-05-16 00:00:00+00:00,2021-05-16 00:00:00+00:00,2021-05-17 00:00:00+00:00,21805740691.27712,2021-05-17 00:00:00+00:00,11,False,False,False,False
ltc,LTC,2021-05-16 00:00:00+00:00,2021-05-16 00:00:00+00:00,2021-05-17 00:00:00+00:00,19912494510.726856,2021-05-17 00:00:00+00:00,12,False,False,False,True
ftt,FTT,2021-05-16 00:00:00+00:00,2021-05-16 00:00:00+00:00,2021-05-17 00:00:00+00:00,18174309095.686916,2021-05-17 00:00:00+00:00,13,False,False,False,False
cro,CRO,2021-05-16 00:00:00+00:00,2021-05-16 00:00:00+00:00,2021-05-17 00:00:00+00:00,15319058645.4461,2021-05-17 00:00:00+00:00,14,False,False,False,False
ht,HT,2021-05-16 00:00:00+00:00,2021-05-16 00:00:00+00:00,2021-05-17 00:00:00+00:00,14580026423.7584,2021-05-17 00:00:00+00:00,15,False,False,False,False
algo,ALGO,2021-05-16 00:00:00+00:00,2021-05-16 00:00:00+00:00,2021-05-17 00:00:00+00:00,13987384620.0383,2021-05-17 00:00:00+00:00,16,False,False,False,False
etc,ETC,2021-05-16 00:00:00+00:00,2021-05-16 00:00:00+00:00,2021-05-17 00:00:00+00:00,11895309685.479832,2021-05-17 00:00:00+00:00,17,False,False,False,False
neo,NEO,2021-05-16 00:00:00+00:00,2021-05-16 00:00:00+00:00,2021-05-17 00:00:00+00:00,9222223171.02452,2021-05-17 00:00:00+00:00,18,False,False,False,False
aave,AAVE,2021-05-16 00:00:00+00:00,2021-05-16 00:00:00+00:00,2021-05-17 00:00:00+00:00,8339890929.35768,2021-05-17 00:00:00+00:00,19,False,False,False,False
1inch,1INCH,2021-05-16 00:00:00+00:00,2021-05-16 00:00:00+00:00,2021-05-17 00:00:00+00:00,7555767521.78106,2021-05-17 00:00:00+00:00,20,False,False,False,False
comp,COMP,2021-05-16 00:00:00+00:00,2021-05-16 00:00:00+00:00,2021-05-17 00:00:00+00:00,6834257756.73519,2021-05-17 00:00:00+00:00,21,False,False,False,False
xmr,XMR,2021-05-16 00:00:00+00:00,2021-05-16 00:00:00+00:00,2021-05-17 00:00:00+00:00,6777115951.133413,2021-05-17 00:00:00+00:00,22,False,False,False,False
lend,LEND,2021-05-16 00:00:00+00:00,2021-05-16 00:00:00+00:00,2021-05-17 00:00:00+00:00,6776161076.234853,2021-05-17 00:00:00+00:00,23,False,False,False,False
bsv,BSV,2021-05-16 00:00:00+00:00,2021-05-16 00:00:00+00:00,2021-05-17 00:00:00+00:00,5889262770.610238,2021-05-17 00:00:00+00:00,24,False,False,False,False
crv,CRV,2021-05-16 00:00:00+00:00,2021-05-16 00:00:00+00:00,2021-05-17 00:00:00+00:00,4882088684.857341,2021-05-17 00:00:00+00:00,25,False,False,False,False
xtz,XTZ,2021-05-16 00:00:00+00:00,2021-05-16 00:00:00+00:00,2021-05-17 00:00:00+00:00,4781916864.308296,2021-05-17 00:00:00+00:00,26,False,False,False,False
mkr,MKR,2021-05-16 00:00:00+00:00,2021-05-16 00:00:00+00:00,2021-05-17 00:00:00+00:00,4501184956.548838,2021-05-17 00:00:00+00:00,27,False,False,False,False
snx,SNX,2021-05-16 00:00:00+00:00,2021-05-16 00:00:00+00:00,2021-05-17 00:00:00+00:00,4244741781.594205,2021-05-17 00:00:00+00:00,28,False,False,False,False
sushi,SUSHI,2021-05-16 00:00:00+00:00,2021-05-16 00:00:00+00:00,2021-05-17 00:00:00+00:00,3612209758.633608,2021-05-17 00:00:00+00:00,29,False,False,False,False
dash,DASH,2021-05-16 00:00:00+00:00,2021-05-16 00:00:00+00:00,2021-05-17 00:00:00+00:00,3345227652.943847,2021-05-17 00:00:00+00:00,30,False,False,False,False
btc,BTC,2021-05-23 00:00:00+00:00,2021-05-23 00:00:00+00:00,2021-05-24 00:00:00+00:00,650864282818.4021,2021-05-24 00:00:00+00:00,1,True,True,True,True
eth,ETH,2021-05-23 00:00:00+00:00,2021-05-23 00:00:00+00:00,2021-05-24 00:00:00+00:00,244512106465.54172,2021-05-24 00:00:00+00:00,2,True,True,True,True
xrp,XRP,2021-05-23 00:00:00+00:00,2021-05-23 00:00:00+00:00,2021-05-24 00:00:00+00:00,79517155487.65045,2021-05-24 00:00:00+00:00,3,True,True,False,True
icp,ICP,2021-05-23 00:00:00+00:00,2021-05-23 00:00:00+00:00,2021-05-24 00:00:00+00:00,66055216676.053154,2021-05-24 00:00:00+00:00,4,True,True,False,False
ada,ADA,2021-05-23 00:00:00+00:00,2021-05-23 00:00:00+00:00,2021-05-24 00:00:00+00:00,42575026545.486984,2021-05-24 00:00:00+00:00,5,True,True,False,True
doge,DOGE,2021-05-23 00:00:00+00:00,2021-05-23 00:00:00+00:00,2021-05-24 00:00:00+00:00,39953422886.74043,2021-05-24 00:00:00+00:00,6,True,True,False,False
xlm,XLM,2021-05-23 00:00:00+00:00,2021-05-23 00:00:00+00:00,2021-05-24 00:00:00+00:00,38411729423.185524,2021-05-24 00:00:00+00:00,7,False,True,False,False
link,LINK,2021-05-23 00:00:00+00:00,2021-05-23 00:00:00+00:00,2021-05-24 00:00:00+00:00,20066366864.0031,2021-05-24 00:00:00+00:00,8,False,True,True,True
dot,DOT,2021-05-23 00:00:00+00:00,2021-05-23 00:00:00+00:00,2021-05-24 00:00:00+00:00,19044428309.188484,2021-05-24 00:00:00+00:00,9,False,True,False,False
uni,UNI,2021-05-23 00:00:00+00:00,2021-05-23 00:00:00+00:00,2021-05-24 00:00:00+00:00,16861020374.9547,2021-05-24 00:00:00+00:00,10,False,True,False,False
bch,BCH,2021-05-23 00:00:00+00:00,2021-05-23 00:00:00+00:00,2021-05-24 00:00:00+00:00,10402496917.078749,2021-05-24 00:00:00+00:00,11,False,False,False,False
ltc,LTC,2021-05-23 00:00:00+00:00,2021-05-23 00:00:00+00:00,2021-05-24 00:00:00+00:00,9703765249.790802,2021-05-24 00:00:00+00:00,12,False,False,False,True
cro,CRO,2021-05-23 00:00:00+00:00,2021-05-23 00:00:00+00:00,2021-05-24 00:00:00+00:00,9626720026.25283,2021-05-24 00:00:00+00:00,13,False,False,False,False
ftt,FTT,2021-05-23 00:00:00+00:00,2021-05-23 00:00:00+00:00,2021-05-24 00:00:00+00:00,9140234791.635963,2021-05-24 00:00:00+00:00,14,False,False,False,False
algo,ALGO,2021-05-23 00:00:00+00:00,2021-05-23 00:00:00+00:00,2021-05-24 00:00:00+00:00,8233631607.95584,2021-05-24 00:00:00+00:00,15,False,False,False,False
etc,ETC,2021-05-23 00:00:00+00:00,2021-05-23 00:00:00+00:00,2021-05-24 00:00:00+00:00,6614198824.563689,2021-05-24 00:00:00+00:00,16,False,False,False,False
ht,HT,2021-05-23 00:00:00+00:00,2021-05-23 00:00:00+00:00,2021-05-24 00:00:00+00:00,6380507144.05895,2021-05-24 00:00:00+00:00,17,False,False,False,False
aave,AAVE,2021-05-23 00:00:00+00:00,2021-05-23 00:00:00+00:00,2021-05-24 00:00:00+00:00,4696722085.042832,2021-05-24 00:00:00+00:00,18,False,False,False,False
neo,NEO,2021-05-23 00:00:00+00:00,2021-05-23 00:00:00+00:00,2021-05-24 00:00:00+00:00,4342435260.39728,2021-05-24 00:00:00+00:00,19,False,False,False,False
xmr,XMR,2021-05-23 00:00:00+00:00,2021-05-23 00:00:00+00:00,2021-05-24 00:00:00+00:00,3964420845.3415833,2021-05-24 00:00:00+00:00,20,False,False,False,False
lend,LEND,2021-05-23 00:00:00+00:00,2021-05-23 00:00:00+00:00,2021-05-24 00:00:00+00:00,3816086522.96979,2021-05-24 00:00:00+00:00,21,False,False,False,False
1inch,1INCH,2021-05-23 00:00:00+00:00,2021-05-23 00:00:00+00:00,2021-05-24 00:00:00+00:00,3525155761.698225,2021-05-24 00:00:00+00:00,22,False,False,False,False
comp,COMP,2021-05-23 00:00:00+00:00,2021-05-23 00:00:00+00:00,2021-05-24 00:00:00+00:00,3419646291.03121,2021-05-24 00:00:00+00:00,23,False,False,False,False
bsv,BSV,2021-05-23 00:00:00+00:00,2021-05-23 00:00:00+00:00,2021-05-24 00:00:00+00:00,2796643300.1875477,2021-05-24 00:00:00+00:00,24,False,False,False,False
mkr,MKR,2021-05-23 00:00:00+00:00,2021-05-23 00:00:00+00:00,2021-05-24 00:00:00+00:00,2715661359.5511775,2021-05-24 00:00:00+00:00,25,False,False,False,False
snx,SNX,2021-05-23 00:00:00+00:00,2021-05-23 00:00:00+00:00,2021-05-24 00:00:00+00:00,2667517973.8471136,2021-05-24 00:00:00+00:00,26,False,False,False,False
xtz,XTZ,2021-05-23 00:00:00+00:00,2021-05-23 00:00:00+00:00,2021-05-24 00:00:00+00:00,2474211299.584401,2021-05-24 00:00:00+00:00,27,False,False,False,False
crv,CRV,2021-05-23 00:00:00+00:00,2021-05-23 00:00:00+00:00,2021-05-24 00:00:00+00:00,1988005893.09787,2021-05-24 00:00:00+00:00,28,False,False,False,False
sushi,SUSHI,2021-05-23 00:00:00+00:00,2021-05-23 00:00:00+00:00,2021-05-24 00:00:00+00:00,1979003560.2614043,2021-05-24 00:00:00+00:00,29,False,False,False,False
dash,DASH,2021-05-23 00:00:00+00:00,2021-05-23 00:00:00+00:00,2021-05-24 00:00:00+00:00,1530639060.3706253,2021-05-24 00:00:00+00:00,30,False,False,False,False
btc,BTC,2021-05-30 00:00:00+00:00,2021-05-30 00:00:00+00:00,2021-05-31 00:00:00+00:00,667490155247.0142,2021-05-31 00:00:00+00:00,1,True,True,True,True
eth,ETH,2021-05-30 00:00:00+00:00,2021-05-30 00:00:00+00:00,2021-05-31 00:00:00+00:00,277978165597.6894,2021-05-31 00:00:00+00:00,2,True,True,True,True
xrp,XRP,2021-05-30 00:00:00+00:00,2021-05-30 00:00:00+00:00,2021-05-31 00:00:00+00:00,90433942583.33691,2021-05-31 00:00:00+00:00,3,True,True,False,True
icp,ICP,2021-05-30 00:00:00+00:00,2021-05-30 00:00:00+00:00,2021-05-31 00:00:00+00:00,52143926862.127014,2021-05-31 00:00:00+00:00,4,True,True,False,False
ada,ADA,2021-05-30 00:00:00+00:00,2021-05-30 00:00:00+00:00,2021-05-31 00:00:00+00:00,50545500895.94055,2021-05-31 00:00:00+00:00,5,True,True,False,True
xlm,XLM,2021-05-30 00:00:00+00:00,2021-05-30 00:00:00+00:00,2021-05-31 00:00:00+00:00,39442595742.325485,2021-05-31 00:00:00+00:00,6,True,True,False,False
doge,DOGE,2021-05-30 00:00:00+00:00,2021-05-30 00:00:00+00:00,2021-05-31 00:00:00+00:00,39268560320.26199,2021-05-31 00:00:00+00:00,7,False,True,False,False
link,LINK,2021-05-30 00:00:00+00:00,2021-05-30 00:00:00+00:00,2021-05-31 00:00:00+00:00,26905041812.9103,2021-05-31 00:00:00+00:00,8,False,True,True,True
uni,UNI,2021-05-30 00:00:00+00:00,2021-05-30 00:00:00+00:00,2021-05-31 00:00:00+00:00,25699902485.563,2021-05-31 00:00:00+00:00,9,False,True,False,False
dot,DOT,2021-05-30 00:00:00+00:00,2021-05-30 00:00:00+00:00,2021-05-31 00:00:00+00:00,21727707585.248432,2021-05-31 00:00:00+00:00,10,False,True,False,False
bch,BCH,2021-05-30 00:00:00+00:00,2021-05-30 00:00:00+00:00,2021-05-31 00:00:00+00:00,12401584052.828785,2021-05-31 00:00:00+00:00,11,False,False,False,False
ltc,LTC,2021-05-30 00:00:00+00:00,2021-05-30 00:00:00+00:00,2021-05-31 00:00:00+00:00,11589655947.59485,2021-05-31 00:00:00+00:00,12,False,False,False,True
cro,CRO,2021-05-30 00:00:00+00:00,2021-05-30 00:00:00+00:00,2021-05-31 00:00:00+00:00,11222406736.3411,2021-05-31 00:00:00+00:00,13,False,False,False,False
ftt,FTT,2021-05-30 00:00:00+00:00,2021-05-30 00:00:00+00:00,2021-05-31 00:00:00+00:00,10629894554.415491,2021-05-31 00:00:00+00:00,14,False,False,False,False
algo,ALGO,2021-05-30 00:00:00+00:00,2021-05-30 00:00:00+00:00,2021-05-31 00:00:00+00:00,8474293969.29975,2021-05-31 00:00:00+00:00,15,False,False,False,False
etc,ETC,2021-05-30 00:00:00+00:00,2021-05-30 00:00:00+00:00,2021-05-31 00:00:00+00:00,8422288749.693193,2021-05-31 00:00:00+00:00,16,False,False,False,False
ht,HT,2021-05-30 00:00:00+00:00,2021-05-30 00:00:00+00:00,2021-05-31 00:00:00+00:00,7339420611.5151,2021-05-31 00:00:00+00:00,17,False,False,False,False
aave,AAVE,2021-05-30 00:00:00+00:00,2021-05-30 00:00:00+00:00,2021-05-31 00:00:00+00:00,5197629058.167376,2021-05-31 00:00:00+00:00,18,False,False,False,False
neo,NEO,2021-05-30 00:00:00+00:00,2021-05-30 00:00:00+00:00,2021-05-31 00:00:00+00:00,5148181231.74537,2021-05-31 00:00:00+00:00,19,False,False,False,False
xmr,XMR,2021-05-30 00:00:00+00:00,2021-05-30 00:00:00+00:00,2021-05-31 00:00:00+00:00,4540673889.477238,2021-05-31 00:00:00+00:00,20,False,False,False,False
1inch,1INCH,2021-05-30 00:00:00+00:00,2021-05-30 00:00:00+00:00,2021-05-31 00:00:00+00:00,4326144674.277585,2021-05-31 00:00:00+00:00,21,False,False,False,False
lend,LEND,2021-05-30 00:00:00+00:00,2021-05-30 00:00:00+00:00,2021-05-31 00:00:00+00:00,4223073420.382676,2021-05-31 00:00:00+00:00,22,False,False,False,False
comp,COMP,2021-05-30 00:00:00+00:00,2021-05-30 00:00:00+00:00,2021-05-31 00:00:00+00:00,4054466843.22905,2021-05-31 00:00:00+00:00,23,False,False,False,False
mkr,MKR,2021-05-30 00:00:00+00:00,2021-05-30 00:00:00+00:00,2021-05-31 00:00:00+00:00,3283942567.3533273,2021-05-31 00:00:00+00:00,24,False,False,False,False
bsv,BSV,2021-05-30 00:00:00+00:00,2021-05-30 00:00:00+00:00,2021-05-31 00:00:00+00:00,3116700098.582694,2021-05-31 00:00:00+00:00,25,False,False,False,False
xtz,XTZ,2021-05-30 00:00:00+00:00,2021-05-30 00:00:00+00:00,2021-05-31 00:00:00+00:00,2784493841.2120643,2021-05-31 00:00:00+00:00,26,False,False,False,False
snx,SNX,2021-05-30 00:00:00+00:00,2021-05-30 00:00:00+00:00,2021-05-31 00:00:00+00:00,2665129480.3899574,2021-05-31 00:00:00+00:00,27,False,False,False,False
crv,CRV,2021-05-30 00:00:00+00:00,2021-05-30 00:00:00+00:00,2021-05-31 00:00:00+00:00,2525335112.578138,2021-05-31 00:00:00+00:00,28,False,False,False,False
sushi,SUSHI,2021-05-30 00:00:00+00:00,2021-05-30 00:00:00+00:00,2021-05-31 00:00:00+00:00,2407447507.935688,2021-05-31 00:00:00+00:00,29,False,False,False,False
dcr,DCR,2021-05-30 00:00:00+00:00,2021-05-30 00:00:00+00:00,2021-05-31 00:00:00+00:00,2007806529.3233814,2021-05-31 00:00:00+00:00,30,False,False,False,False
btc,BTC,2021-06-06 00:00:00+00:00,2021-06-06 00:00:00+00:00,2021-06-07 00:00:00+00:00,668996465742.4117,2021-06-07 00:00:00+00:00,1,True,True,True,True
eth,ETH,2021-06-06 00:00:00+00:00,2021-06-06 00:00:00+00:00,2021-06-07 00:00:00+00:00,314791964111.4247,2021-06-07 00:00:00+00:00,2,True,True,True,True
xrp,XRP,2021-06-06 00:00:00+00:00,2021-06-06 00:00:00+00:00,2021-06-07 00:00:00+00:00,93854461118.21951,2021-06-07 00:00:00+00:00,3,True,True,False,True
ada,ADA,2021-06-06 00:00:00+00:00,2021-06-06 00:00:00+00:00,2021-06-07 00:00:00+00:00,53756581722.844086,2021-06-07 00:00:00+00:00,4,True,True,False,True
icp,ICP,2021-06-06 00:00:00+00:00,2021-06-06 00:00:00+00:00,2021-06-07 00:00:00+00:00,48969597434.21308,2021-06-07 00:00:00+00:00,5,True,True,False,False
doge,DOGE,2021-06-06 00:00:00+00:00,2021-06-06 00:00:00+00:00,2021-06-07 00:00:00+00:00,48172564488.42825,2021-06-07 00:00:00+00:00,6,True,True,False,False
xlm,XLM,2021-06-06 00:00:00+00:00,2021-06-06 00:00:00+00:00,2021-06-07 00:00:00+00:00,39971710307.69725,2021-06-07 00:00:00+00:00,7,False,True,False,False
link,LINK,2021-06-06 00:00:00+00:00,2021-06-06 00:00:00+00:00,2021-06-07 00:00:00+00:00,27396819614.6008,2021-06-07 00:00:00+00:00,8,False,True,True,True
uni,UNI,2021-06-06 00:00:00+00:00,2021-06-06 00:00:00+00:00,2021-06-07 00:00:00+00:00,25801626010.05,2021-06-07 00:00:00+00:00,9,False,True,False,False
dot,DOT,2021-06-06 00:00:00+00:00,2021-06-06 00:00:00+00:00,2021-06-07 00:00:00+00:00,25669455972.66794,2021-06-07 00:00:00+00:00,10,False,True,False,False
cro,CRO,2021-06-06 00:00:00+00:00,2021-06-06 00:00:00+00:00,2021-06-07 00:00:00+00:00,12350470270.6775,2021-06-07 00:00:00+00:00,11,False,False,False,False
bch,BCH,2021-06-06 00:00:00+00:00,2021-06-06 00:00:00+00:00,2021-06-07 00:00:00+00:00,12269833549.353935,2021-06-07 00:00:00+00:00,12,False,False,False,False
ltc,LTC,2021-06-06 00:00:00+00:00,2021-06-06 00:00:00+00:00,2021-06-07 00:00:00+00:00,11917766163.604057,2021-06-07 00:00:00+00:00,13,False,False,False,True
ftt,FTT,2021-06-06 00:00:00+00:00,2021-06-06 00:00:00+00:00,2021-06-07 00:00:00+00:00,11421335573.835875,2021-06-07 00:00:00+00:00,14,False,False,False,False
algo,ALGO,2021-06-06 00:00:00+00:00,2021-06-06 00:00:00+00:00,2021-06-07 00:00:00+00:00,10191657143.8852,2021-06-07 00:00:00+00:00,15,False,False,False,False
etc,ETC,2021-06-06 00:00:00+00:00,2021-06-06 00:00:00+00:00,2021-06-07 00:00:00+00:00,8173793869.081529,2021-06-07 00:00:00+00:00,16,False,False,False,False
ht,HT,2021-06-06 00:00:00+00:00,2021-06-06 00:00:00+00:00,2021-06-07 00:00:00+00:00,7693888877.8747,2021-06-07 00:00:00+00:00,17,False,False,False,False
aave,AAVE,2021-06-06 00:00:00+00:00,2021-06-06 00:00:00+00:00,2021-06-07 00:00:00+00:00,5829752610.773728,2021-06-07 00:00:00+00:00,18,False,False,False,False
1inch,1INCH,2021-06-06 00:00:00+00:00,2021-06-06 00:00:00+00:00,2021-06-07 00:00:00+00:00,5789772368.76567,2021-06-07 00:00:00+00:00,19,False,False,False,False
neo,NEO,2021-06-06 00:00:00+00:00,2021-06-06 00:00:00+00:00,2021-06-07 00:00:00+00:00,5652406938.2028,2021-06-07 00:00:00+00:00,20,False,False,False,False
lend,LEND,2021-06-06 00:00:00+00:00,2021-06-06 00:00:00+00:00,2021-06-07 00:00:00+00:00,4736673783.843586,2021-06-07 00:00:00+00:00,21,False,False,False,False
xmr,XMR,2021-06-06 00:00:00+00:00,2021-06-06 00:00:00+00:00,2021-06-07 00:00:00+00:00,4724491956.766835,2021-06-07 00:00:00+00:00,22,False,False,False,False
comp,COMP,2021-06-06 00:00:00+00:00,2021-06-06 00:00:00+00:00,2021-06-07 00:00:00+00:00,3870051453.3378,2021-06-07 00:00:00+00:00,23,False,False,False,False
crv,CRV,2021-06-06 00:00:00+00:00,2021-06-06 00:00:00+00:00,2021-06-07 00:00:00+00:00,3703620058.4827785,2021-06-07 00:00:00+00:00,24,False,False,False,False
mkr,MKR,2021-06-06 00:00:00+00:00,2021-06-06 00:00:00+00:00,2021-06-07 00:00:00+00:00,3572284438.089782,2021-06-07 00:00:00+00:00,25,False,False,False,False
bsv,BSV,2021-06-06 00:00:00+00:00,2021-06-06 00:00:00+00:00,2021-06-07 00:00:00+00:00,3332596508.7761884,2021-06-07 00:00:00+00:00,26,False,False,False,False
xtz,XTZ,2021-06-06 00:00:00+00:00,2021-06-06 00:00:00+00:00,2021-06-07 00:00:00+00:00,3262274895.489329,2021-06-07 00:00:00+00:00,27,False,False,False,False
snx,SNX,2021-06-06 00:00:00+00:00,2021-06-06 00:00:00+00:00,2021-06-07 00:00:00+00:00,2700006374.6272616,2021-06-07 00:00:00+00:00,28,False,False,False,False
sushi,SUSHI,2021-06-06 00:00:00+00:00,2021-06-06 00:00:00+00:00,2021-06-07 00:00:00+00:00,2564606306.885064,2021-06-07 00:00:00+00:00,29,False,False,False,False
dash,DASH,2021-06-06 00:00:00+00:00,2021-06-06 00:00:00+00:00,2021-06-07 00:00:00+00:00,2285653410.222686,2021-06-07 00:00:00+00:00,30,False,False,False,False
btc,BTC,2021-06-13 00:00:00+00:00,2021-06-13 00:00:00+00:00,2021-06-14 00:00:00+00:00,729235864486.0723,2021-06-14 00:00:00+00:00,1,True,True,True,True
eth,ETH,2021-06-13 00:00:00+00:00,2021-06-13 00:00:00+00:00,2021-06-14 00:00:00+00:00,291610564458.4109,2021-06-14 00:00:00+00:00,2,True,True,True,True
xrp,XRP,2021-06-13 00:00:00+00:00,2021-06-13 00:00:00+00:00,2021-06-14 00:00:00+00:00,88223327569.94162,2021-06-14 00:00:00+00:00,3,True,True,False,True
ada,ADA,2021-06-13 00:00:00+00:00,2021-06-13 00:00:00+00:00,2021-06-14 00:00:00+00:00,50043816340.411896,2021-06-14 00:00:00+00:00,4,True,True,False,True
doge,DOGE,2021-06-13 00:00:00+00:00,2021-06-13 00:00:00+00:00,2021-06-14 00:00:00+00:00,41979559559.44794,2021-06-14 00:00:00+00:00,5,True,True,False,False
xlm,XLM,2021-06-13 00:00:00+00:00,2021-06-13 00:00:00+00:00,2021-06-14 00:00:00+00:00,36289466395.647224,2021-06-14 00:00:00+00:00,6,True,True,False,False
icp,ICP,2021-06-13 00:00:00+00:00,2021-06-13 00:00:00+00:00,2021-06-14 00:00:00+00:00,30221680014.145317,2021-06-14 00:00:00+00:00,7,False,True,False,False
dot,DOT,2021-06-13 00:00:00+00:00,2021-06-13 00:00:00+00:00,2021-06-14 00:00:00+00:00,23483656692.22726,2021-06-14 00:00:00+00:00,8,False,True,False,False
link,LINK,2021-06-13 00:00:00+00:00,2021-06-13 00:00:00+00:00,2021-06-14 00:00:00+00:00,23308877490.0016,2021-06-14 00:00:00+00:00,9,False,True,True,True
uni,UNI,2021-06-13 00:00:00+00:00,2021-06-13 00:00:00+00:00,2021-06-14 00:00:00+00:00,23201072404.3381,2021-06-14 00:00:00+00:00,10,False,True,False,False
cro,CRO,2021-06-13 00:00:00+00:00,2021-06-13 00:00:00+00:00,2021-06-14 00:00:00+00:00,11982638681.3129,2021-06-14 00:00:00+00:00,11,False,False,False,False
ltc,LTC,2021-06-13 00:00:00+00:00,2021-06-13 00:00:00+00:00,2021-06-14 00:00:00+00:00,11576318273.493149,2021-06-14 00:00:00+00:00,12,False,False,False,True
bch,BCH,2021-06-13 00:00:00+00:00,2021-06-13 00:00:00+00:00,2021-06-14 00:00:00+00:00,11497204892.447716,2021-06-14 00:00:00+00:00,13,False,False,False,False
ftt,FTT,2021-06-13 00:00:00+00:00,2021-06-13 00:00:00+00:00,2021-06-14 00:00:00+00:00,11062645200.65853,2021-06-14 00:00:00+00:00,14,False,False,False,False
algo,ALGO,2021-06-13 00:00:00+00:00,2021-06-13 00:00:00+00:00,2021-06-14 00:00:00+00:00,10378537132.5211,2021-06-14 00:00:00+00:00,15,False,False,False,False
etc,ETC,2021-06-13 00:00:00+00:00,2021-06-13 00:00:00+00:00,2021-06-14 00:00:00+00:00,7587702150.644768,2021-06-14 00:00:00+00:00,16,False,False,False,False
ht,HT,2021-06-13 00:00:00+00:00,2021-06-13 00:00:00+00:00,2021-06-14 00:00:00+00:00,6857953286.64595,2021-06-14 00:00:00+00:00,17,False,False,False,False
aave,AAVE,2021-06-13 00:00:00+00:00,2021-06-13 00:00:00+00:00,2021-06-14 00:00:00+00:00,5049007494.663568,2021-06-14 00:00:00+00:00,18,False,False,False,False
neo,NEO,2021-06-13 00:00:00+00:00,2021-06-13 00:00:00+00:00,2021-06-14 00:00:00+00:00,4906418329.54351,2021-06-14 00:00:00+00:00,19,False,False,False,False
xmr,XMR,2021-06-13 00:00:00+00:00,2021-06-13 00:00:00+00:00,2021-06-14 00:00:00+00:00,4535202187.488223,2021-06-14 00:00:00+00:00,20,False,False,False,False
1inch,1INCH,2021-06-13 00:00:00+00:00,2021-06-13 00:00:00+00:00,2021-06-14 00:00:00+00:00,4502133690.637065,2021-06-14 00:00:00+00:00,21,False,False,False,False
lend,LEND,2021-06-13 00:00:00+00:00,2021-06-13 00:00:00+00:00,2021-06-14 00:00:00+00:00,4102318405.450936,2021-06-14 00:00:00+00:00,22,False,False,False,False
crv,CRV,2021-06-13 00:00:00+00:00,2021-06-13 00:00:00+00:00,2021-06-14 00:00:00+00:00,3360937775.694895,2021-06-14 00:00:00+00:00,23,False,False,False,False
comp,COMP,2021-06-13 00:00:00+00:00,2021-06-13 00:00:00+00:00,2021-06-14 00:00:00+00:00,3226555751.03644,2021-06-14 00:00:00+00:00,24,False,False,False,False
bsv,BSV,2021-06-13 00:00:00+00:00,2021-06-13 00:00:00+00:00,2021-06-14 00:00:00+00:00,3207238861.7258806,2021-06-14 00:00:00+00:00,25,False,False,False,False
mkr,MKR,2021-06-13 00:00:00+00:00,2021-06-13 00:00:00+00:00,2021-06-14 00:00:00+00:00,3117133047.018689,2021-06-14 00:00:00+00:00,26,False,False,False,False
xtz,XTZ,2021-06-13 00:00:00+00:00,2021-06-13 00:00:00+00:00,2021-06-14 00:00:00+00:00,2797330258.768965,2021-06-14 00:00:00+00:00,27,False,False,False,False
snx,SNX,2021-06-13 00:00:00+00:00,2021-06-13 00:00:00+00:00,2021-06-14 00:00:00+00:00,2077658124.1934505,2021-06-14 00:00:00+00:00,28,False,False,False,False
sushi,SUSHI,2021-06-13 00:00:00+00:00,2021-06-13 00:00:00+00:00,2021-06-14 00:00:00+00:00,1938553266.711463,2021-06-14 00:00:00+00:00,29,False,False,False,False
dcr,DCR,2021-06-13 00:00:00+00:00,2021-06-13 00:00:00+00:00,2021-06-14 00:00:00+00:00,1800619969.7759237,2021-06-14 00:00:00+00:00,30,False,False,False,False
btc,BTC,2021-06-20 00:00:00+00:00,2021-06-20 00:00:00+00:00,2021-06-21 00:00:00+00:00,667125112359.2637,2021-06-21 00:00:00+00:00,1,True,True,True,True
eth,ETH,2021-06-20 00:00:00+00:00,2021-06-20 00:00:00+00:00,2021-06-21 00:00:00+00:00,261335606239.54117,2021-06-21 00:00:00+00:00,2,True,True,True,True
xrp,XRP,2021-06-20 00:00:00+00:00,2021-06-20 00:00:00+00:00,2021-06-21 00:00:00+00:00,77513624909.62672,2021-06-21 00:00:00+00:00,3,True,True,False,True
ada,ADA,2021-06-20 00:00:00+00:00,2021-06-20 00:00:00+00:00,2021-06-21 00:00:00+00:00,45872772656.82557,2021-06-21 00:00:00+00:00,4,True,True,False,True
doge,DOGE,2021-06-20 00:00:00+00:00,2021-06-20 00:00:00+00:00,2021-06-21 00:00:00+00:00,36478956513.15818,2021-06-21 00:00:00+00:00,5,True,True,False,False
xlm,XLM,2021-06-20 00:00:00+00:00,2021-06-20 00:00:00+00:00,2021-06-21 00:00:00+00:00,31307010416.75777,2021-06-21 00:00:00+00:00,6,True,True,False,False
icp,ICP,2021-06-20 00:00:00+00:00,2021-06-20 00:00:00+00:00,2021-06-21 00:00:00+00:00,22154185769.52737,2021-06-21 00:00:00+00:00,7,False,True,False,False
dot,DOT,2021-06-20 00:00:00+00:00,2021-06-20 00:00:00+00:00,2021-06-21 00:00:00+00:00,22098596248.289062,2021-06-21 00:00:00+00:00,8,False,True,False,False
link,LINK,2021-06-20 00:00:00+00:00,2021-06-20 00:00:00+00:00,2021-06-21 00:00:00+00:00,21665271007.5575,2021-06-21 00:00:00+00:00,9,False,True,True,True
uni,UNI,2021-06-20 00:00:00+00:00,2021-06-20 00:00:00+00:00,2021-06-21 00:00:00+00:00,20720957165.9109,2021-06-21 00:00:00+00:00,10,False,True,False,False
cro,CRO,2021-06-20 00:00:00+00:00,2021-06-20 00:00:00+00:00,2021-06-21 00:00:00+00:00,10740412996.7222,2021-06-21 00:00:00+00:00,11,False,False,False,False
ltc,LTC,2021-06-20 00:00:00+00:00,2021-06-20 00:00:00+00:00,2021-06-21 00:00:00+00:00,10509588122.241299,2021-06-21 00:00:00+00:00,12,False,False,False,True
bch,BCH,2021-06-20 00:00:00+00:00,2021-06-20 00:00:00+00:00,2021-06-21 00:00:00+00:00,10435915573.820024,2021-06-21 00:00:00+00:00,13,False,False,False,False
ftt,FTT,2021-06-20 00:00:00+00:00,2021-06-20 00:00:00+00:00,2021-06-21 00:00:00+00:00,10104199123.968372,2021-06-21 00:00:00+00:00,14,False,False,False,False
algo,ALGO,2021-06-20 00:00:00+00:00,2021-06-20 00:00:00+00:00,2021-06-21 00:00:00+00:00,9357365833.27131,2021-06-21 00:00:00+00:00,15,False,False,False,False
etc,ETC,2021-06-20 00:00:00+00:00,2021-06-20 00:00:00+00:00,2021-06-21 00:00:00+00:00,6522222930.820133,2021-06-21 00:00:00+00:00,16,False,False,False,False
ht,HT,2021-06-20 00:00:00+00:00,2021-06-20 00:00:00+00:00,2021-06-21 00:00:00+00:00,5960404685.404,2021-06-21 00:00:00+00:00,17,False,False,False,False
1inch,1INCH,2021-06-20 00:00:00+00:00,2021-06-20 00:00:00+00:00,2021-06-21 00:00:00+00:00,5094231291.152385,2021-06-21 00:00:00+00:00,18,False,False,False,False
xmr,XMR,2021-06-20 00:00:00+00:00,2021-06-20 00:00:00+00:00,2021-06-21 00:00:00+00:00,4598609077.432256,2021-06-21 00:00:00+00:00,19,False,False,False,False
neo,NEO,2021-06-20 00:00:00+00:00,2021-06-20 00:00:00+00:00,2021-06-21 00:00:00+00:00,4472554948.10193,2021-06-21 00:00:00+00:00,20,False,False,False,False
aave,AAVE,2021-06-20 00:00:00+00:00,2021-06-20 00:00:00+00:00,2021-06-21 00:00:00+00:00,4371454675.55384,2021-06-21 00:00:00+00:00,21,False,False,False,False
lend,LEND,2021-06-20 00:00:00+00:00,2021-06-20 00:00:00+00:00,2021-06-21 00:00:00+00:00,3551806764.611272,2021-06-21 00:00:00+00:00,22,False,False,False,False
comp,COMP,2021-06-20 00:00:00+00:00,2021-06-20 00:00:00+00:00,2021-06-21 00:00:00+00:00,2928701878.91573,2021-06-21 00:00:00+00:00,23,False,False,False,False
crv,CRV,2021-06-20 00:00:00+00:00,2021-06-20 00:00:00+00:00,2021-06-21 00:00:00+00:00,2928695476.673039,2021-06-21 00:00:00+00:00,24,False,False,False,False
bsv,BSV,2021-06-20 00:00:00+00:00,2021-06-20 00:00:00+00:00,2021-06-21 00:00:00+00:00,2866774219.8419824,2021-06-21 00:00:00+00:00,25,False,False,False,False
mkr,MKR,2021-06-20 00:00:00+00:00,2021-06-20 00:00:00+00:00,2021-06-21 00:00:00+00:00,2686191579.055848,2021-06-21 00:00:00+00:00,26,False,False,False,False
xtz,XTZ,2021-06-20 00:00:00+00:00,2021-06-20 00:00:00+00:00,2021-06-21 00:00:00+00:00,2615415517.4935317,2021-06-21 00:00:00+00:00,27,False,False,False,False
snx,SNX,2021-06-20 00:00:00+00:00,2021-06-20 00:00:00+00:00,2021-06-21 00:00:00+00:00,1935940927.6603324,2021-06-21 00:00:00+00:00,28,False,False,False,False
sushi,SUSHI,2021-06-20 00:00:00+00:00,2021-06-20 00:00:00+00:00,2021-06-21 00:00:00+00:00,1901510411.1506352,2021-06-21 00:00:00+00:00,29,False,False,False,False
qnt,QNT,2021-06-20 00:00:00+00:00,2021-06-20 00:00:00+00:00,2021-06-21 00:00:00+00:00,1780566716.6011486,2021-06-21 00:00:00+00:00,30,False,False,False,False
btc,BTC,2021-06-27 00:00:00+00:00,2021-06-27 00:00:00+00:00,2021-06-28 00:00:00+00:00,646776516888.432,2021-06-28 00:00:00+00:00,1,True,True,True,True
eth,ETH,2021-06-27 00:00:00+00:00,2021-06-27 00:00:00+00:00,2021-06-28 00:00:00+00:00,229122056912.11487,2021-06-28 00:00:00+00:00,2,True,True,True,True
xrp,XRP,2021-06-27 00:00:00+00:00,2021-06-27 00:00:00+00:00,2021-06-28 00:00:00+00:00,64666269206.820564,2021-06-28 00:00:00+00:00,3,True,True,False,True
ada,ADA,2021-06-27 00:00:00+00:00,2021-06-27 00:00:00+00:00,2021-06-28 00:00:00+00:00,43074550396.98263,2021-06-28 00:00:00+00:00,4,True,True,False,True
doge,DOGE,2021-06-27 00:00:00+00:00,2021-06-27 00:00:00+00:00,2021-06-28 00:00:00+00:00,33608673726.10676,2021-06-28 00:00:00+00:00,5,True,True,False,False
xlm,XLM,2021-06-27 00:00:00+00:00,2021-06-27 00:00:00+00:00,2021-06-28 00:00:00+00:00,27159587217.07457,2021-06-28 00:00:00+00:00,6,True,True,False,False
icp,ICP,2021-06-27 00:00:00+00:00,2021-06-27 00:00:00+00:00,2021-06-28 00:00:00+00:00,20292675772.76462,2021-06-28 00:00:00+00:00,7,False,True,False,False
link,LINK,2021-06-27 00:00:00+00:00,2021-06-27 00:00:00+00:00,2021-06-28 00:00:00+00:00,18224392034.0659,2021-06-28 00:00:00+00:00,8,False,True,True,True
uni,UNI,2021-06-27 00:00:00+00:00,2021-06-27 00:00:00+00:00,2021-06-28 00:00:00+00:00,16995260187.9721,2021-06-28 00:00:00+00:00,9,False,True,False,False
dot,DOT,2021-06-27 00:00:00+00:00,2021-06-27 00:00:00+00:00,2021-06-28 00:00:00+00:00,15977061047.011412,2021-06-28 00:00:00+00:00,10,False,True,False,False
cro,CRO,2021-06-27 00:00:00+00:00,2021-06-27 00:00:00+00:00,2021-06-28 00:00:00+00:00,10528057519.2481,2021-06-28 00:00:00+00:00,11,False,False,False,False
ltc,LTC,2021-06-27 00:00:00+00:00,2021-06-27 00:00:00+00:00,2021-06-28 00:00:00+00:00,8940628428.21936,2021-06-28 00:00:00+00:00,12,False,False,False,True
bch,BCH,2021-06-27 00:00:00+00:00,2021-06-27 00:00:00+00:00,2021-06-28 00:00:00+00:00,8909071742.912315,2021-06-28 00:00:00+00:00,13,False,False,False,False
algo,ALGO,2021-06-27 00:00:00+00:00,2021-06-27 00:00:00+00:00,2021-06-28 00:00:00+00:00,8278608287.14456,2021-06-28 00:00:00+00:00,14,False,False,False,False
ftt,FTT,2021-06-27 00:00:00+00:00,2021-06-27 00:00:00+00:00,2021-06-28 00:00:00+00:00,8249479961.334206,2021-06-28 00:00:00+00:00,15,False,False,False,False
etc,ETC,2021-06-27 00:00:00+00:00,2021-06-27 00:00:00+00:00,2021-06-28 00:00:00+00:00,5394663884.663796,2021-06-28 00:00:00+00:00,16,False,False,False,False
ht,HT,2021-06-27 00:00:00+00:00,2021-06-27 00:00:00+00:00,2021-06-28 00:00:00+00:00,5072751517.861,2021-06-28 00:00:00+00:00,17,False,False,False,False
1inch,1INCH,2021-06-27 00:00:00+00:00,2021-06-27 00:00:00+00:00,2021-06-28 00:00:00+00:00,3739359563.35332,2021-06-28 00:00:00+00:00,18,False,False,False,False
xmr,XMR,2021-06-27 00:00:00+00:00,2021-06-27 00:00:00+00:00,2021-06-28 00:00:00+00:00,3682013643.8029685,2021-06-28 00:00:00+00:00,19,False,False,False,False
aave,AAVE,2021-06-27 00:00:00+00:00,2021-06-27 00:00:00+00:00,2021-06-28 00:00:00+00:00,3214557226.622448,2021-06-28 00:00:00+00:00,20,False,False,False,False
neo,NEO,2021-06-27 00:00:00+00:00,2021-06-27 00:00:00+00:00,2021-06-28 00:00:00+00:00,3169695725.75424,2021-06-28 00:00:00+00:00,21,False,False,False,False
lend,LEND,2021-06-27 00:00:00+00:00,2021-06-27 00:00:00+00:00,2021-06-28 00:00:00+00:00,2611827629.5066752,2021-06-28 00:00:00+00:00,22,False,False,False,False
comp,COMP,2021-06-27 00:00:00+00:00,2021-06-27 00:00:00+00:00,2021-06-28 00:00:00+00:00,2552272599.25931,2021-06-28 00:00:00+00:00,23,False,False,False,False
bsv,BSV,2021-06-27 00:00:00+00:00,2021-06-27 00:00:00+00:00,2021-06-28 00:00:00+00:00,2447317423.0668,2021-06-28 00:00:00+00:00,24,False,False,False,False
crv,CRV,2021-06-27 00:00:00+00:00,2021-06-27 00:00:00+00:00,2021-06-28 00:00:00+00:00,2425807751.4090466,2021-06-28 00:00:00+00:00,25,False,False,False,False
xtz,XTZ,2021-06-27 00:00:00+00:00,2021-06-27 00:00:00+00:00,2021-06-28 00:00:00+00:00,2226533172.6343603,2021-06-28 00:00:00+00:00,26,False,False,False,False
mkr,MKR,2021-06-27 00:00:00+00:00,2021-06-27 00:00:00+00:00,2021-06-28 00:00:00+00:00,2098434225.6427393,2021-06-28 00:00:00+00:00,27,False,False,False,False
qnt,QNT,2021-06-27 00:00:00+00:00,2021-06-27 00:00:00+00:00,2021-06-28 00:00:00+00:00,2037206488.1113424,2021-06-28 00:00:00+00:00,28,False,False,False,False
dcr,DCR,2021-06-27 00:00:00+00:00,2021-06-27 00:00:00+00:00,2021-06-28 00:00:00+00:00,1609855283.6170673,2021-06-28 00:00:00+00:00,29,False,False,False,False
sushi,SUSHI,2021-06-27 00:00:00+00:00,2021-06-27 00:00:00+00:00,2021-06-28 00:00:00+00:00,1604155298.3657317,2021-06-28 00:00:00+00:00,30,False,False,False,False
btc,BTC,2021-07-04 00:00:00+00:00,2021-07-04 00:00:00+00:00,2021-07-05 00:00:00+00:00,662845391401.1702,2021-07-05 00:00:00+00:00,1,True,True,True,True
eth,ETH,2021-07-04 00:00:00+00:00,2021-07-04 00:00:00+00:00,2021-07-05 00:00:00+00:00,271507121938.9128,2021-07-05 00:00:00+00:00,2,True,True,True,True
xrp,XRP,2021-07-04 00:00:00+00:00,2021-07-04 00:00:00+00:00,2021-07-05 00:00:00+00:00,69628446016.79439,2021-07-05 00:00:00+00:00,3,True,True,False,True
ada,ADA,2021-07-04 00:00:00+00:00,2021-07-04 00:00:00+00:00,2021-07-05 00:00:00+00:00,47001453414.9694,2021-07-05 00:00:00+00:00,4,True,True,False,True
doge,DOGE,2021-07-04 00:00:00+00:00,2021-07-04 00:00:00+00:00,2021-07-05 00:00:00+00:00,32109924540.120247,2021-07-05 00:00:00+00:00,5,True,True,False,False
xlm,XLM,2021-07-04 00:00:00+00:00,2021-07-04 00:00:00+00:00,2021-07-05 00:00:00+00:00,28233575208.578445,2021-07-05 00:00:00+00:00,6,True,True,False,False
icp,ICP,2021-07-04 00:00:00+00:00,2021-07-04 00:00:00+00:00,2021-07-05 00:00:00+00:00,22107550585.11558,2021-07-05 00:00:00+00:00,7,False,True,False,False
uni,UNI,2021-07-04 00:00:00+00:00,2021-07-04 00:00:00+00:00,2021-07-05 00:00:00+00:00,20833490889.009,2021-07-05 00:00:00+00:00,8,False,True,False,False
link,LINK,2021-07-04 00:00:00+00:00,2021-07-04 00:00:00+00:00,2021-07-05 00:00:00+00:00,19313562553.4966,2021-07-05 00:00:00+00:00,9,False,True,True,True
dot,DOT,2021-07-04 00:00:00+00:00,2021-07-04 00:00:00+00:00,2021-07-05 00:00:00+00:00,17205797505.284283,2021-07-05 00:00:00+00:00,10,False,True,False,False
cro,CRO,2021-07-04 00:00:00+00:00,2021-07-04 00:00:00+00:00,2021-07-05 00:00:00+00:00,12250709867.836,2021-07-05 00:00:00+00:00,11,False,False,False,False
bch,BCH,2021-07-04 00:00:00+00:00,2021-07-04 00:00:00+00:00,2021-07-05 00:00:00+00:00,9932212193.167652,2021-07-05 00:00:00+00:00,12,False,False,False,False
ltc,LTC,2021-07-04 00:00:00+00:00,2021-07-04 00:00:00+00:00,2021-07-05 00:00:00+00:00,9876704765.929426,2021-07-05 00:00:00+00:00,13,False,False,False,True
ftt,FTT,2021-07-04 00:00:00+00:00,2021-07-04 00:00:00+00:00,2021-07-05 00:00:00+00:00,9297953269.644695,2021-07-05 00:00:00+00:00,14,False,False,False,False
algo,ALGO,2021-07-04 00:00:00+00:00,2021-07-04 00:00:00+00:00,2021-07-05 00:00:00+00:00,8810947077.52809,2021-07-05 00:00:00+00:00,15,False,False,False,False
etc,ETC,2021-07-04 00:00:00+00:00,2021-07-04 00:00:00+00:00,2021-07-05 00:00:00+00:00,7280226787.374394,2021-07-05 00:00:00+00:00,16,False,False,False,False
ht,HT,2021-07-04 00:00:00+00:00,2021-07-04 00:00:00+00:00,2021-07-05 00:00:00+00:00,5394456501.26245,2021-07-05 00:00:00+00:00,17,False,False,False,False
comp,COMP,2021-07-04 00:00:00+00:00,2021-07-04 00:00:00+00:00,2021-07-05 00:00:00+00:00,4453522705.95527,2021-07-05 00:00:00+00:00,18,False,False,False,False
aave,AAVE,2021-07-04 00:00:00+00:00,2021-07-04 00:00:00+00:00,2021-07-05 00:00:00+00:00,4452044579.395376,2021-07-05 00:00:00+00:00,19,False,False,False,False
xmr,XMR,2021-07-04 00:00:00+00:00,2021-07-04 00:00:00+00:00,2021-07-05 00:00:00+00:00,3842490260.9541297,2021-07-05 00:00:00+00:00,20,False,False,False,False
1inch,1INCH,2021-07-04 00:00:00+00:00,2021-07-04 00:00:00+00:00,2021-07-05 00:00:00+00:00,3810442580.524095,2021-07-05 00:00:00+00:00,21,False,False,False,False
neo,NEO,2021-07-04 00:00:00+00:00,2021-07-04 00:00:00+00:00,2021-07-05 00:00:00+00:00,3763475427.02205,2021-07-05 00:00:00+00:00,22,False,False,False,False
lend,LEND,2021-07-04 00:00:00+00:00,2021-07-04 00:00:00+00:00,2021-07-05 00:00:00+00:00,3617286058.546184,2021-07-05 00:00:00+00:00,23,False,False,False,False
crv,CRV,2021-07-04 00:00:00+00:00,2021-07-04 00:00:00+00:00,2021-07-05 00:00:00+00:00,2835853941.7947555,2021-07-05 00:00:00+00:00,24,False,False,False,False
bsv,BSV,2021-07-04 00:00:00+00:00,2021-07-04 00:00:00+00:00,2021-07-05 00:00:00+00:00,2815580258.160712,2021-07-05 00:00:00+00:00,25,False,False,False,False
mkr,MKR,2021-07-04 00:00:00+00:00,2021-07-04 00:00:00+00:00,2021-07-05 00:00:00+00:00,2791802481.133723,2021-07-05 00:00:00+00:00,26,False,False,False,False
xtz,XTZ,2021-07-04 00:00:00+00:00,2021-07-04 00:00:00+00:00,2021-07-05 00:00:00+00:00,2593256516.4781485,2021-07-05 00:00:00+00:00,27,False,False,False,False
qnt,QNT,2021-07-04 00:00:00+00:00,2021-07-04 00:00:00+00:00,2021-07-05 00:00:00+00:00,2044285887.390846,2021-07-05 00:00:00+00:00,28,False,False,False,False
snx,SNX,2021-07-04 00:00:00+00:00,2021-07-04 00:00:00+00:00,2021-07-05 00:00:00+00:00,1974535764.7679696,2021-07-05 00:00:00+00:00,29,False,False,False,False
dcr,DCR,2021-07-04 00:00:00+00:00,2021-07-04 00:00:00+00:00,2021-07-05 00:00:00+00:00,1817813496.0362706,2021-07-05 00:00:00+00:00,30,False,False,False,False
btc,BTC,2021-07-11 00:00:00+00:00,2021-07-11 00:00:00+00:00,2021-07-12 00:00:00+00:00,642479813682.0225,2021-07-12 00:00:00+00:00,1,True,True,True,True
eth,ETH,2021-07-11 00:00:00+00:00,2021-07-11 00:00:00+00:00,2021-07-12 00:00:00+00:00,250044331347.50507,2021-07-12 00:00:00+00:00,2,True,True,True,True
xrp,XRP,2021-07-11 00:00:00+00:00,2021-07-11 00:00:00+00:00,2021-07-12 00:00:00+00:00,63596112969.96132,2021-07-12 00:00:00+00:00,3,True,True,False,True
ada,ADA,2021-07-11 00:00:00+00:00,2021-07-11 00:00:00+00:00,2021-07-12 00:00:00+00:00,43407558644.88363,2021-07-12 00:00:00+00:00,4,True,True,False,True
doge,DOGE,2021-07-11 00:00:00+00:00,2021-07-11 00:00:00+00:00,2021-07-12 00:00:00+00:00,28131639785.734818,2021-07-12 00:00:00+00:00,5,True,True,False,False
xlm,XLM,2021-07-11 00:00:00+00:00,2021-07-11 00:00:00+00:00,2021-07-12 00:00:00+00:00,25856266448.215252,2021-07-12 00:00:00+00:00,6,True,True,False,False
uni,UNI,2021-07-11 00:00:00+00:00,2021-07-11 00:00:00+00:00,2021-07-12 00:00:00+00:00,20627507797.0659,2021-07-12 00:00:00+00:00,7,False,True,False,False
icp,ICP,2021-07-11 00:00:00+00:00,2021-07-11 00:00:00+00:00,2021-07-12 00:00:00+00:00,18656192884.74557,2021-07-12 00:00:00+00:00,8,False,True,False,False
link,LINK,2021-07-11 00:00:00+00:00,2021-07-11 00:00:00+00:00,2021-07-12 00:00:00+00:00,18337689289.3181,2021-07-12 00:00:00+00:00,9,False,True,True,True
dot,DOT,2021-07-11 00:00:00+00:00,2021-07-11 00:00:00+00:00,2021-07-12 00:00:00+00:00,16646197615.298782,2021-07-12 00:00:00+00:00,10,False,True,False,False
cro,CRO,2021-07-11 00:00:00+00:00,2021-07-11 00:00:00+00:00,2021-07-12 00:00:00+00:00,13060530068.4318,2021-07-12 00:00:00+00:00,11,False,False,False,False
ftt,FTT,2021-07-11 00:00:00+00:00,2021-07-11 00:00:00+00:00,2021-07-12 00:00:00+00:00,10462048778.238468,2021-07-12 00:00:00+00:00,12,False,False,False,False
bch,BCH,2021-07-11 00:00:00+00:00,2021-07-11 00:00:00+00:00,2021-07-12 00:00:00+00:00,9351889870.428293,2021-07-12 00:00:00+00:00,13,False,False,False,False
ltc,LTC,2021-07-11 00:00:00+00:00,2021-07-11 00:00:00+00:00,2021-07-12 00:00:00+00:00,9128537419.595736,2021-07-12 00:00:00+00:00,14,False,False,False,True
algo,ALGO,2021-07-11 00:00:00+00:00,2021-07-11 00:00:00+00:00,2021-07-12 00:00:00+00:00,8927727853.92958,2021-07-12 00:00:00+00:00,15,False,False,False,False
etc,ETC,2021-07-11 00:00:00+00:00,2021-07-11 00:00:00+00:00,2021-07-12 00:00:00+00:00,6390623842.041973,2021-07-12 00:00:00+00:00,16,False,False,False,False
aave,AAVE,2021-07-11 00:00:00+00:00,2021-07-11 00:00:00+00:00,2021-07-12 00:00:00+00:00,4874624544.057296,2021-07-12 00:00:00+00:00,17,False,False,False,False
ht,HT,2021-07-11 00:00:00+00:00,2021-07-11 00:00:00+00:00,2021-07-12 00:00:00+00:00,4706981784.438695,2021-07-12 00:00:00+00:00,18,False,False,False,False
comp,COMP,2021-07-11 00:00:00+00:00,2021-07-11 00:00:00+00:00,2021-07-12 00:00:00+00:00,4347292509.97927,2021-07-12 00:00:00+00:00,19,False,False,False,False
lend,LEND,2021-07-11 00:00:00+00:00,2021-07-11 00:00:00+00:00,2021-07-12 00:00:00+00:00,3960632264.4370728,2021-07-12 00:00:00+00:00,20,False,False,False,False
1inch,1INCH,2021-07-11 00:00:00+00:00,2021-07-11 00:00:00+00:00,2021-07-12 00:00:00+00:00,3778215171.81063,2021-07-12 00:00:00+00:00,21,False,False,False,False
xmr,XMR,2021-07-11 00:00:00+00:00,2021-07-11 00:00:00+00:00,2021-07-12 00:00:00+00:00,3693662513.2051244,2021-07-12 00:00:00+00:00,22,False,False,False,False
neo,NEO,2021-07-11 00:00:00+00:00,2021-07-11 00:00:00+00:00,2021-07-12 00:00:00+00:00,3418884069.60662,2021-07-12 00:00:00+00:00,23,False,False,False,False
snx,SNX,2021-07-11 00:00:00+00:00,2021-07-11 00:00:00+00:00,2021-07-12 00:00:00+00:00,2863985192.390531,2021-07-12 00:00:00+00:00,24,False,False,False,False
crv,CRV,2021-07-11 00:00:00+00:00,2021-07-11 00:00:00+00:00,2021-07-12 00:00:00+00:00,2717375261.974771,2021-07-12 00:00:00+00:00,25,False,False,False,False
mkr,MKR,2021-07-11 00:00:00+00:00,2021-07-11 00:00:00+00:00,2021-07-12 00:00:00+00:00,2646536176.6387625,2021-07-12 00:00:00+00:00,26,False,False,False,False
bsv,BSV,2021-07-11 00:00:00+00:00,2021-07-11 00:00:00+00:00,2021-07-12 00:00:00+00:00,2606984797.7295485,2021-07-12 00:00:00+00:00,27,False,False,False,False
xtz,XTZ,2021-07-11 00:00:00+00:00,2021-07-11 00:00:00+00:00,2021-07-12 00:00:00+00:00,2425550839.6719027,2021-07-12 00:00:00+00:00,28,False,False,False,False
qnt,QNT,2021-07-11 00:00:00+00:00,2021-07-11 00:00:00+00:00,2021-07-12 00:00:00+00:00,1931991117.449996,2021-07-12 00:00:00+00:00,29,False,False,False,False
sushi,SUSHI,2021-07-11 00:00:00+00:00,2021-07-11 00:00:00+00:00,2021-07-12 00:00:00+00:00,1858549369.7641604,2021-07-12 00:00:00+00:00,30,False,False,False,False
btc,BTC,2021-07-18 00:00:00+00:00,2021-07-18 00:00:00+00:00,2021-07-19 00:00:00+00:00,594841083620.5983,2021-07-19 00:00:00+00:00,1,True,True,True,True
eth,ETH,2021-07-18 00:00:00+00:00,2021-07-18 00:00:00+00:00,2021-07-19 00:00:00+00:00,221318343722.37848,2021-07-19 00:00:00+00:00,2,True,True,True,True
xrp,XRP,2021-07-18 00:00:00+00:00,2021-07-18 00:00:00+00:00,2021-07-19 00:00:00+00:00,58575056143.833046,2021-07-19 00:00:00+00:00,3,True,True,False,True
ada,ADA,2021-07-18 00:00:00+00:00,2021-07-18 00:00:00+00:00,2021-07-19 00:00:00+00:00,38049190339.372665,2021-07-19 00:00:00+00:00,4,True,True,False,True
xlm,XLM,2021-07-18 00:00:00+00:00,2021-07-18 00:00:00+00:00,2021-07-19 00:00:00+00:00,24266630621.192696,2021-07-19 00:00:00+00:00,5,True,True,False,False
doge,DOGE,2021-07-18 00:00:00+00:00,2021-07-18 00:00:00+00:00,2021-07-19 00:00:00+00:00,23726103284.714157,2021-07-19 00:00:00+00:00,6,True,True,False,False
uni,UNI,2021-07-18 00:00:00+00:00,2021-07-18 00:00:00+00:00,2021-07-19 00:00:00+00:00,16343810989.7363,2021-07-19 00:00:00+00:00,7,False,True,False,False
link,LINK,2021-07-18 00:00:00+00:00,2021-07-18 00:00:00+00:00,2021-07-19 00:00:00+00:00,15503734415.3122,2021-07-19 00:00:00+00:00,8,False,True,True,True
icp,ICP,2021-07-18 00:00:00+00:00,2021-07-18 00:00:00+00:00,2021-07-19 00:00:00+00:00,15228851911.340382,2021-07-19 00:00:00+00:00,9,False,True,False,False
dot,DOT,2021-07-18 00:00:00+00:00,2021-07-18 00:00:00+00:00,2021-07-19 00:00:00+00:00,13621261141.41909,2021-07-19 00:00:00+00:00,10,False,True,False,False
cro,CRO,2021-07-18 00:00:00+00:00,2021-07-18 00:00:00+00:00,2021-07-19 00:00:00+00:00,11131937171.3633,2021-07-19 00:00:00+00:00,11,False,False,False,False
ftt,FTT,2021-07-18 00:00:00+00:00,2021-07-18 00:00:00+00:00,2021-07-19 00:00:00+00:00,8797341604.411095,2021-07-19 00:00:00+00:00,12,False,False,False,False
bch,BCH,2021-07-18 00:00:00+00:00,2021-07-18 00:00:00+00:00,2021-07-19 00:00:00+00:00,8230514757.086708,2021-07-19 00:00:00+00:00,13,False,False,False,False
ltc,LTC,2021-07-18 00:00:00+00:00,2021-07-18 00:00:00+00:00,2021-07-19 00:00:00+00:00,8108346869.896209,2021-07-19 00:00:00+00:00,14,False,False,False,True
algo,ALGO,2021-07-18 00:00:00+00:00,2021-07-18 00:00:00+00:00,2021-07-19 00:00:00+00:00,7961005211.793,2021-07-19 00:00:00+00:00,15,False,False,False,False
etc,ETC,2021-07-18 00:00:00+00:00,2021-07-18 00:00:00+00:00,2021-07-19 00:00:00+00:00,5391401597.959714,2021-07-19 00:00:00+00:00,16,False,False,False,False
ht,HT,2021-07-18 00:00:00+00:00,2021-07-18 00:00:00+00:00,2021-07-19 00:00:00+00:00,4269324097.174145,2021-07-19 00:00:00+00:00,17,False,False,False,False
aave,AAVE,2021-07-18 00:00:00+00:00,2021-07-18 00:00:00+00:00,2021-07-19 00:00:00+00:00,4076344283.35672,2021-07-19 00:00:00+00:00,18,False,False,False,False
comp,COMP,2021-07-18 00:00:00+00:00,2021-07-18 00:00:00+00:00,2021-07-19 00:00:00+00:00,3788303022.66647,2021-07-19 00:00:00+00:00,19,False,False,False,False
xmr,XMR,2021-07-18 00:00:00+00:00,2021-07-18 00:00:00+00:00,2021-07-19 00:00:00+00:00,3473988259.6868863,2021-07-19 00:00:00+00:00,20,False,False,False,False
lend,LEND,2021-07-18 00:00:00+00:00,2021-07-18 00:00:00+00:00,2021-07-19 00:00:00+00:00,3312029581.703612,2021-07-19 00:00:00+00:00,21,False,False,False,False
1inch,1INCH,2021-07-18 00:00:00+00:00,2021-07-18 00:00:00+00:00,2021-07-19 00:00:00+00:00,3038469848.875725,2021-07-19 00:00:00+00:00,22,False,False,False,False
neo,NEO,2021-07-18 00:00:00+00:00,2021-07-18 00:00:00+00:00,2021-07-19 00:00:00+00:00,2965095409.01301,2021-07-19 00:00:00+00:00,23,False,False,False,False
mkr,MKR,2021-07-18 00:00:00+00:00,2021-07-18 00:00:00+00:00,2021-07-19 00:00:00+00:00,2449382424.4622383,2021-07-19 00:00:00+00:00,24,False,False,False,False
bsv,BSV,2021-07-18 00:00:00+00:00,2021-07-18 00:00:00+00:00,2021-07-19 00:00:00+00:00,2314965789.340114,2021-07-19 00:00:00+00:00,25,False,False,False,False
crv,CRV,2021-07-18 00:00:00+00:00,2021-07-18 00:00:00+00:00,2021-07-19 00:00:00+00:00,2189878127.084526,2021-07-19 00:00:00+00:00,26,False,False,False,False
xtz,XTZ,2021-07-18 00:00:00+00:00,2021-07-18 00:00:00+00:00,2021-07-19 00:00:00+00:00,2069811123.878671,2021-07-19 00:00:00+00:00,27,False,False,False,False
snx,SNX,2021-07-18 00:00:00+00:00,2021-07-18 00:00:00+00:00,2021-07-19 00:00:00+00:00,2058046802.0761187,2021-07-19 00:00:00+00:00,28,False,False,False,False
qnt,QNT,2021-07-18 00:00:00+00:00,2021-07-18 00:00:00+00:00,2021-07-19 00:00:00+00:00,1730573443.2690263,2021-07-19 00:00:00+00:00,29,False,False,False,False
sushi,SUSHI,2021-07-18 00:00:00+00:00,2021-07-18 00:00:00+00:00,2021-07-19 00:00:00+00:00,1618691985.932453,2021-07-19 00:00:00+00:00,30,False,False,False,False
btc,BTC,2021-07-25 00:00:00+00:00,2021-07-25 00:00:00+00:00,2021-07-26 00:00:00+00:00,659081599893.7745,2021-07-26 00:00:00+00:00,1,True,True,True,True
eth,ETH,2021-07-25 00:00:00+00:00,2021-07-25 00:00:00+00:00,2021-07-26 00:00:00+00:00,256006429055.66943,2021-07-26 00:00:00+00:00,2,True,True,True,True
xrp,XRP,2021-07-25 00:00:00+00:00,2021-07-25 00:00:00+00:00,2021-07-26 00:00:00+00:00,60585401328.33686,2021-07-26 00:00:00+00:00,3,True,True,False,True
ada,ADA,2021-07-25 00:00:00+00:00,2021-07-25 00:00:00+00:00,2021-07-26 00:00:00+00:00,39484164834.220055,2021-07-26 00:00:00+00:00,4,True,True,False,True
xlm,XLM,2021-07-25 00:00:00+00:00,2021-07-25 00:00:00+00:00,2021-07-26 00:00:00+00:00,27545090979.683712,2021-07-26 00:00:00+00:00,5,True,True,False,False
doge,DOGE,2021-07-25 00:00:00+00:00,2021-07-25 00:00:00+00:00,2021-07-26 00:00:00+00:00,25737112327.42897,2021-07-26 00:00:00+00:00,6,True,True,False,False
icp,ICP,2021-07-25 00:00:00+00:00,2021-07-25 00:00:00+00:00,2021-07-26 00:00:00+00:00,20035543757.09556,2021-07-26 00:00:00+00:00,7,False,True,False,False
uni,UNI,2021-07-25 00:00:00+00:00,2021-07-25 00:00:00+00:00,2021-07-26 00:00:00+00:00,18164485035.1894,2021-07-26 00:00:00+00:00,8,False,True,False,False
link,LINK,2021-07-25 00:00:00+00:00,2021-07-25 00:00:00+00:00,2021-07-26 00:00:00+00:00,16633933881.6765,2021-07-26 00:00:00+00:00,9,False,True,True,True
dot,DOT,2021-07-25 00:00:00+00:00,2021-07-25 00:00:00+00:00,2021-07-26 00:00:00+00:00,14702256335.296665,2021-07-26 00:00:00+00:00,10,False,True,False,False
cro,CRO,2021-07-25 00:00:00+00:00,2021-07-25 00:00:00+00:00,2021-07-26 00:00:00+00:00,11598407574.2731,2021-07-26 00:00:00+00:00,11,False,False,False,False
ftt,FTT,2021-07-25 00:00:00+00:00,2021-07-25 00:00:00+00:00,2021-07-26 00:00:00+00:00,10267657929.672985,2021-07-26 00:00:00+00:00,12,False,False,False,False
algo,ALGO,2021-07-25 00:00:00+00:00,2021-07-25 00:00:00+00:00,2021-07-26 00:00:00+00:00,8903442599.70475,2021-07-26 00:00:00+00:00,13,False,False,False,False
ltc,LTC,2021-07-25 00:00:00+00:00,2021-07-25 00:00:00+00:00,2021-07-26 00:00:00+00:00,8639291341.519066,2021-07-26 00:00:00+00:00,14,False,False,False,True
bch,BCH,2021-07-25 00:00:00+00:00,2021-07-25 00:00:00+00:00,2021-07-26 00:00:00+00:00,8499670448.163305,2021-07-26 00:00:00+00:00,15,False,False,False,False
etc,ETC,2021-07-25 00:00:00+00:00,2021-07-25 00:00:00+00:00,2021-07-26 00:00:00+00:00,6218084440.176789,2021-07-26 00:00:00+00:00,16,False,False,False,False
ht,HT,2021-07-25 00:00:00+00:00,2021-07-25 00:00:00+00:00,2021-07-26 00:00:00+00:00,4714196270.910295,2021-07-26 00:00:00+00:00,17,False,False,False,False
aave,AAVE,2021-07-25 00:00:00+00:00,2021-07-25 00:00:00+00:00,2021-07-26 00:00:00+00:00,4592601888.312304,2021-07-26 00:00:00+00:00,18,False,False,False,False
comp,COMP,2021-07-25 00:00:00+00:00,2021-07-25 00:00:00+00:00,2021-07-26 00:00:00+00:00,3901455798.09302,2021-07-26 00:00:00+00:00,19,False,False,False,False
lend,LEND,2021-07-25 00:00:00+00:00,2021-07-25 00:00:00+00:00,2021-07-26 00:00:00+00:00,3731488866.9199095,2021-07-26 00:00:00+00:00,20,False,False,False,False
xmr,XMR,2021-07-25 00:00:00+00:00,2021-07-25 00:00:00+00:00,2021-07-26 00:00:00+00:00,3727327001.7563825,2021-07-26 00:00:00+00:00,21,False,False,False,False
neo,NEO,2021-07-25 00:00:00+00:00,2021-07-25 00:00:00+00:00,2021-07-26 00:00:00+00:00,3055136578.00247,2021-07-26 00:00:00+00:00,22,False,False,False,False
1inch,1INCH,2021-07-25 00:00:00+00:00,2021-07-25 00:00:00+00:00,2021-07-26 00:00:00+00:00,3042452933.528625,2021-07-26 00:00:00+00:00,23,False,False,False,False
mkr,MKR,2021-07-25 00:00:00+00:00,2021-07-25 00:00:00+00:00,2021-07-26 00:00:00+00:00,2540466169.108897,2021-07-26 00:00:00+00:00,24,False,False,False,False
xtz,XTZ,2021-07-25 00:00:00+00:00,2021-07-25 00:00:00+00:00,2021-07-26 00:00:00+00:00,2469293234.0029063,2021-07-26 00:00:00+00:00,25,False,False,False,False
bsv,BSV,2021-07-25 00:00:00+00:00,2021-07-25 00:00:00+00:00,2021-07-26 00:00:00+00:00,2405912736.3241854,2021-07-26 00:00:00+00:00,26,False,False,False,False
qnt,QNT,2021-07-25 00:00:00+00:00,2021-07-25 00:00:00+00:00,2021-07-26 00:00:00+00:00,2365749408.4872384,2021-07-26 00:00:00+00:00,27,False,False,False,False
crv,CRV,2021-07-25 00:00:00+00:00,2021-07-25 00:00:00+00:00,2021-07-26 00:00:00+00:00,2359213034.578673,2021-07-26 00:00:00+00:00,28,False,False,False,False
snx,SNX,2021-07-25 00:00:00+00:00,2021-07-25 00:00:00+00:00,2021-07-26 00:00:00+00:00,1933641179.507031,2021-07-26 00:00:00+00:00,29,False,False,False,False
sushi,SUSHI,2021-07-25 00:00:00+00:00,2021-07-25 00:00:00+00:00,2021-07-26 00:00:00+00:00,1893203182.037497,2021-07-26 00:00:00+00:00,30,False,False,False,False
btc,BTC,2021-08-01 00:00:00+00:00,2021-08-01 00:00:00+00:00,2021-08-02 00:00:00+00:00,750359938437.9125,2021-08-02 00:00:00+00:00,1,True,True,True,True
eth,ETH,2021-08-01 00:00:00+00:00,2021-08-01 00:00:00+00:00,2021-08-02 00:00:00+00:00,300301563867.27374,2021-08-02 00:00:00+00:00,2,True,True,True,True
xrp,XRP,2021-08-01 00:00:00+00:00,2021-08-01 00:00:00+00:00,2021-08-02 00:00:00+00:00,72690801997.45543,2021-08-02 00:00:00+00:00,3,True,True,False,True
ada,ADA,2021-08-01 00:00:00+00:00,2021-08-01 00:00:00+00:00,2021-08-02 00:00:00+00:00,42393986163.65059,2021-08-02 00:00:00+00:00,4,True,True,False,True
xlm,XLM,2021-08-01 00:00:00+00:00,2021-08-01 00:00:00+00:00,2021-08-02 00:00:00+00:00,29279776392.151554,2021-08-02 00:00:00+00:00,5,True,True,False,False
doge,DOGE,2021-08-01 00:00:00+00:00,2021-08-01 00:00:00+00:00,2021-08-02 00:00:00+00:00,26690508772.201305,2021-08-02 00:00:00+00:00,6,True,True,False,False
link,LINK,2021-08-01 00:00:00+00:00,2021-08-01 00:00:00+00:00,2021-08-02 00:00:00+00:00,22203360576.2351,2021-08-02 00:00:00+00:00,7,False,True,True,True
uni,UNI,2021-08-01 00:00:00+00:00,2021-08-01 00:00:00+00:00,2021-08-02 00:00:00+00:00,22054012699.9524,2021-08-02 00:00:00+00:00,8,False,True,False,False
dot,DOT,2021-08-01 00:00:00+00:00,2021-08-01 00:00:00+00:00,2021-08-02 00:00:00+00:00,19870487150.264782,2021-08-02 00:00:00+00:00,9,False,True,False,False
icp,ICP,2021-08-01 00:00:00+00:00,2021-08-01 00:00:00+00:00,2021-08-02 00:00:00+00:00,19340751322.80661,2021-08-02 00:00:00+00:00,10,False,True,False,False
cro,CRO,2021-08-01 00:00:00+00:00,2021-08-01 00:00:00+00:00,2021-08-02 00:00:00+00:00,12385208470.7092,2021-08-02 00:00:00+00:00,11,False,False,False,False
ftt,FTT,2021-08-01 00:00:00+00:00,2021-08-01 00:00:00+00:00,2021-08-02 00:00:00+00:00,11778346483.225843,2021-08-02 00:00:00+00:00,12,False,False,False,False
bch,BCH,2021-08-01 00:00:00+00:00,2021-08-01 00:00:00+00:00,2021-08-02 00:00:00+00:00,9950145855.002464,2021-08-02 00:00:00+00:00,13,False,False,False,False
ltc,LTC,2021-08-01 00:00:00+00:00,2021-08-01 00:00:00+00:00,2021-08-02 00:00:00+00:00,9614790241.066433,2021-08-02 00:00:00+00:00,14,False,False,False,True
algo,ALGO,2021-08-01 00:00:00+00:00,2021-08-01 00:00:00+00:00,2021-08-02 00:00:00+00:00,8163503321.53075,2021-08-02 00:00:00+00:00,15,False,False,False,False
etc,ETC,2021-08-01 00:00:00+00:00,2021-08-01 00:00:00+00:00,2021-08-02 00:00:00+00:00,6501745038.059204,2021-08-02 00:00:00+00:00,16,False,False,False,False
ht,HT,2021-08-01 00:00:00+00:00,2021-08-01 00:00:00+00:00,2021-08-02 00:00:00+00:00,5381383842.523,2021-08-02 00:00:00+00:00,17,False,False,False,False
aave,AAVE,2021-08-01 00:00:00+00:00,2021-08-01 00:00:00+00:00,2021-08-02 00:00:00+00:00,5082908362.97264,2021-08-02 00:00:00+00:00,18,False,False,False,False
qnt,QNT,2021-08-01 00:00:00+00:00,2021-08-01 00:00:00+00:00,2021-08-02 00:00:00+00:00,4244035440.2424774,2021-08-02 00:00:00+00:00,19,False,False,False,False
neo,NEO,2021-08-01 00:00:00+00:00,2021-08-01 00:00:00+00:00,2021-08-02 00:00:00+00:00,4233263612.48431,2021-08-02 00:00:00+00:00,20,False,False,False,False
lend,LEND,2021-08-01 00:00:00+00:00,2021-08-01 00:00:00+00:00,2021-08-02 00:00:00+00:00,4129862859.7168612,2021-08-02 00:00:00+00:00,21,False,False,False,False
xmr,XMR,2021-08-01 00:00:00+00:00,2021-08-01 00:00:00+00:00,2021-08-02 00:00:00+00:00,4124184077.881994,2021-08-02 00:00:00+00:00,22,False,False,False,False
comp,COMP,2021-08-01 00:00:00+00:00,2021-08-01 00:00:00+00:00,2021-08-02 00:00:00+00:00,4105790933.84642,2021-08-02 00:00:00+00:00,23,False,False,False,False
1inch,1INCH,2021-08-01 00:00:00+00:00,2021-08-01 00:00:00+00:00,2021-08-02 00:00:00+00:00,3500097752.49171,2021-08-02 00:00:00+00:00,24,False,False,False,False
mkr,MKR,2021-08-01 00:00:00+00:00,2021-08-01 00:00:00+00:00,2021-08-02 00:00:00+00:00,2903758556.1167474,2021-08-02 00:00:00+00:00,25,False,False,False,False
bsv,BSV,2021-08-01 00:00:00+00:00,2021-08-01 00:00:00+00:00,2021-08-02 00:00:00+00:00,2675897536.3702006,2021-08-02 00:00:00+00:00,26,False,False,False,False
crv,CRV,2021-08-01 00:00:00+00:00,2021-08-01 00:00:00+00:00,2021-08-02 00:00:00+00:00,2597195353.4810953,2021-08-02 00:00:00+00:00,27,False,False,False,False
xtz,XTZ,2021-08-01 00:00:00+00:00,2021-08-01 00:00:00+00:00,2021-08-02 00:00:00+00:00,2533731125.168548,2021-08-02 00:00:00+00:00,28,False,False,False,False
snx,SNX,2021-08-01 00:00:00+00:00,2021-08-01 00:00:00+00:00,2021-08-02 00:00:00+00:00,2202774979.521043,2021-08-02 00:00:00+00:00,29,False,False,False,False
perp,PERP,2021-08-01 00:00:00+00:00,2021-08-01 00:00:00+00:00,2021-08-02 00:00:00+00:00,2097200631.511755,2021-08-02 00:00:00+00:00,30,False,False,False,False
btc,BTC,2021-08-08 00:00:00+00:00,2021-08-08 00:00:00+00:00,2021-08-09 00:00:00+00:00,825816854268.8342,2021-08-09 00:00:00+00:00,1,True,True,True,True
eth,ETH,2021-08-08 00:00:00+00:00,2021-08-08 00:00:00+00:00,2021-08-09 00:00:00+00:00,354865825056.6813,2021-08-09 00:00:00+00:00,2,True,True,True,True
xrp,XRP,2021-08-08 00:00:00+00:00,2021-08-08 00:00:00+00:00,2021-08-09 00:00:00+00:00,78532856380.22574,2021-08-09 00:00:00+00:00,3,True,True,False,True
ada,ADA,2021-08-08 00:00:00+00:00,2021-08-08 00:00:00+00:00,2021-08-09 00:00:00+00:00,46222179993.30342,2021-08-09 00:00:00+00:00,4,True,True,False,True
doge,DOGE,2021-08-08 00:00:00+00:00,2021-08-08 00:00:00+00:00,2021-08-09 00:00:00+00:00,31567241538.287876,2021-08-09 00:00:00+00:00,5,True,True,False,False
xlm,XLM,2021-08-08 00:00:00+00:00,2021-08-08 00:00:00+00:00,2021-08-09 00:00:00+00:00,30468667081.848843,2021-08-09 00:00:00+00:00,6,True,True,False,False
uni,UNI,2021-08-08 00:00:00+00:00,2021-08-08 00:00:00+00:00,2021-08-09 00:00:00+00:00,26820207597.4177,2021-08-09 00:00:00+00:00,7,False,True,False,False
icp,ICP,2021-08-08 00:00:00+00:00,2021-08-08 00:00:00+00:00,2021-08-09 00:00:00+00:00,26331679330.754425,2021-08-09 00:00:00+00:00,8,False,True,False,False
link,LINK,2021-08-08 00:00:00+00:00,2021-08-08 00:00:00+00:00,2021-08-09 00:00:00+00:00,23222513626.5083,2021-08-09 00:00:00+00:00,9,False,True,True,True
dot,DOT,2021-08-08 00:00:00+00:00,2021-08-08 00:00:00+00:00,2021-08-09 00:00:00+00:00,21439400875.138947,2021-08-09 00:00:00+00:00,10,False,True,False,False
ftt,FTT,2021-08-08 00:00:00+00:00,2021-08-08 00:00:00+00:00,2021-08-09 00:00:00+00:00,14719278443.22424,2021-08-09 00:00:00+00:00,11,False,False,False,False
cro,CRO,2021-08-08 00:00:00+00:00,2021-08-08 00:00:00+00:00,2021-08-09 00:00:00+00:00,13763892712.1981,2021-08-09 00:00:00+00:00,12,False,False,False,False
bch,BCH,2021-08-08 00:00:00+00:00,2021-08-08 00:00:00+00:00,2021-08-09 00:00:00+00:00,10503240373.348978,2021-08-09 00:00:00+00:00,13,False,False,False,False
ltc,LTC,2021-08-08 00:00:00+00:00,2021-08-08 00:00:00+00:00,2021-08-09 00:00:00+00:00,10258907313.178986,2021-08-09 00:00:00+00:00,14,False,False,False,True
algo,ALGO,2021-08-08 00:00:00+00:00,2021-08-08 00:00:00+00:00,2021-08-09 00:00:00+00:00,8297061050.72283,2021-08-09 00:00:00+00:00,15,False,False,False,False
etc,ETC,2021-08-08 00:00:00+00:00,2021-08-08 00:00:00+00:00,2021-08-09 00:00:00+00:00,7428792692.312479,2021-08-09 00:00:00+00:00,16,False,False,False,False
ht,HT,2021-08-08 00:00:00+00:00,2021-08-08 00:00:00+00:00,2021-08-09 00:00:00+00:00,6121957438.87985,2021-08-09 00:00:00+00:00,17,False,False,False,False
aave,AAVE,2021-08-08 00:00:00+00:00,2021-08-08 00:00:00+00:00,2021-08-09 00:00:00+00:00,5812672126.180656,2021-08-09 00:00:00+00:00,18,False,False,False,False
lend,LEND,2021-08-08 00:00:00+00:00,2021-08-08 00:00:00+00:00,2021-08-09 00:00:00+00:00,4722795890.734052,2021-08-09 00:00:00+00:00,19,False,False,False,False
comp,COMP,2021-08-08 00:00:00+00:00,2021-08-08 00:00:00+00:00,2021-08-09 00:00:00+00:00,4702325774.40094,2021-08-09 00:00:00+00:00,20,False,False,False,False
neo,NEO,2021-08-08 00:00:00+00:00,2021-08-08 00:00:00+00:00,2021-08-09 00:00:00+00:00,4533444435.7363,2021-08-09 00:00:00+00:00,21,False,False,False,False
xmr,XMR,2021-08-08 00:00:00+00:00,2021-08-08 00:00:00+00:00,2021-08-09 00:00:00+00:00,4514309943.519091,2021-08-09 00:00:00+00:00,22,False,False,False,False
1inch,1INCH,2021-08-08 00:00:00+00:00,2021-08-08 00:00:00+00:00,2021-08-09 00:00:00+00:00,3759981309.78846,2021-08-09 00:00:00+00:00,23,False,False,False,False
qnt,QNT,2021-08-08 00:00:00+00:00,2021-08-08 00:00:00+00:00,2021-08-09 00:00:00+00:00,3717986508.2869344,2021-08-09 00:00:00+00:00,24,False,False,False,False
mkr,MKR,2021-08-08 00:00:00+00:00,2021-08-08 00:00:00+00:00,2021-08-09 00:00:00+00:00,3219356460.946327,2021-08-09 00:00:00+00:00,25,False,False,False,False
crv,CRV,2021-08-08 00:00:00+00:00,2021-08-08 00:00:00+00:00,2021-08-09 00:00:00+00:00,2765034974.40448,2021-08-09 00:00:00+00:00,26,False,False,False,False
bsv,BSV,2021-08-08 00:00:00+00:00,2021-08-08 00:00:00+00:00,2021-08-09 00:00:00+00:00,2735578055.0314198,2021-08-09 00:00:00+00:00,27,False,False,False,False
xtz,XTZ,2021-08-08 00:00:00+00:00,2021-08-08 00:00:00+00:00,2021-08-09 00:00:00+00:00,2729203985.1624002,2021-08-09 00:00:00+00:00,28,False,False,False,False
snx,SNX,2021-08-08 00:00:00+00:00,2021-08-08 00:00:00+00:00,2021-08-09 00:00:00+00:00,2259439279.8201923,2021-08-09 00:00:00+00:00,29,False,False,False,False
gno,GNO,2021-08-08 00:00:00+00:00,2021-08-08 00:00:00+00:00,2021-08-09 00:00:00+00:00,2179197381.64816,2021-08-09 00:00:00+00:00,30,False,False,False,False
btc,BTC,2021-08-15 00:00:00+00:00,2021-08-15 00:00:00+00:00,2021-08-16 00:00:00+00:00,884399444211.284,2021-08-16 00:00:00+00:00,1,True,True,True,True
eth,ETH,2021-08-15 00:00:00+00:00,2021-08-15 00:00:00+00:00,2021-08-16 00:00:00+00:00,388309546924.6943,2021-08-16 00:00:00+00:00,2,True,True,True,True
xrp,XRP,2021-08-15 00:00:00+00:00,2021-08-15 00:00:00+00:00,2021-08-16 00:00:00+00:00,128671787382.73172,2021-08-16 00:00:00+00:00,3,True,True,False,True
ada,ADA,2021-08-15 00:00:00+00:00,2021-08-15 00:00:00+00:00,2021-08-16 00:00:00+00:00,70146627226.19873,2021-08-16 00:00:00+00:00,4,True,True,False,True
doge,DOGE,2021-08-15 00:00:00+00:00,2021-08-15 00:00:00+00:00,2021-08-16 00:00:00+00:00,44388468211.96724,2021-08-16 00:00:00+00:00,5,True,True,False,False
xlm,XLM,2021-08-15 00:00:00+00:00,2021-08-15 00:00:00+00:00,2021-08-16 00:00:00+00:00,41304716941.537445,2021-08-16 00:00:00+00:00,6,True,True,False,False
uni,UNI,2021-08-15 00:00:00+00:00,2021-08-15 00:00:00+00:00,2021-08-16 00:00:00+00:00,30236880503.5389,2021-08-16 00:00:00+00:00,7,False,True,False,False
icp,ICP,2021-08-15 00:00:00+00:00,2021-08-15 00:00:00+00:00,2021-08-16 00:00:00+00:00,29849864860.84843,2021-08-16 00:00:00+00:00,8,False,True,False,False
link,LINK,2021-08-15 00:00:00+00:00,2021-08-15 00:00:00+00:00,2021-08-16 00:00:00+00:00,27810323130.7962,2021-08-16 00:00:00+00:00,9,False,True,True,True
dot,DOT,2021-08-15 00:00:00+00:00,2021-08-15 00:00:00+00:00,2021-08-16 00:00:00+00:00,25127088804.306072,2021-08-16 00:00:00+00:00,10,False,True,False,False
ftt,FTT,2021-08-15 00:00:00+00:00,2021-08-15 00:00:00+00:00,2021-08-16 00:00:00+00:00,17382143394.53085,2021-08-16 00:00:00+00:00,11,False,False,False,False
cro,CRO,2021-08-15 00:00:00+00:00,2021-08-15 00:00:00+00:00,2021-08-16 00:00:00+00:00,15073256238.6668,2021-08-16 00:00:00+00:00,12,False,False,False,False
bch,BCH,2021-08-15 00:00:00+00:00,2021-08-15 00:00:00+00:00,2021-08-16 00:00:00+00:00,13237271037.370281,2021-08-16 00:00:00+00:00,13,False,False,False,False
ltc,LTC,2021-08-15 00:00:00+00:00,2021-08-15 00:00:00+00:00,2021-08-16 00:00:00+00:00,12627511980.655201,2021-08-16 00:00:00+00:00,14,False,False,False,True
algo,ALGO,2021-08-15 00:00:00+00:00,2021-08-15 00:00:00+00:00,2021-08-16 00:00:00+00:00,9983977253.28957,2021-08-16 00:00:00+00:00,15,False,False,False,False
etc,ETC,2021-08-15 00:00:00+00:00,2021-08-15 00:00:00+00:00,2021-08-16 00:00:00+00:00,9702957755.173122,2021-08-16 00:00:00+00:00,16,False,False,False,False
ht,HT,2021-08-15 00:00:00+00:00,2021-08-15 00:00:00+00:00,2021-08-16 00:00:00+00:00,6716551611.95945,2021-08-16 00:00:00+00:00,17,False,False,False,False
aave,AAVE,2021-08-15 00:00:00+00:00,2021-08-15 00:00:00+00:00,2021-08-16 00:00:00+00:00,6576829630.849248,2021-08-16 00:00:00+00:00,18,False,False,False,False
neo,NEO,2021-08-15 00:00:00+00:00,2021-08-15 00:00:00+00:00,2021-08-16 00:00:00+00:00,5900959535.58748,2021-08-16 00:00:00+00:00,19,False,False,False,False
lend,LEND,2021-08-15 00:00:00+00:00,2021-08-15 00:00:00+00:00,2021-08-16 00:00:00+00:00,5343673835.434807,2021-08-16 00:00:00+00:00,20,False,False,False,False
comp,COMP,2021-08-15 00:00:00+00:00,2021-08-15 00:00:00+00:00,2021-08-16 00:00:00+00:00,4895187350.35493,2021-08-16 00:00:00+00:00,21,False,False,False,False
xmr,XMR,2021-08-15 00:00:00+00:00,2021-08-15 00:00:00+00:00,2021-08-16 00:00:00+00:00,4760623341.574968,2021-08-16 00:00:00+00:00,22,False,False,False,False
1inch,1INCH,2021-08-15 00:00:00+00:00,2021-08-15 00:00:00+00:00,2021-08-16 00:00:00+00:00,4584493866.175845,2021-08-16 00:00:00+00:00,23,False,False,False,False
qnt,QNT,2021-08-15 00:00:00+00:00,2021-08-15 00:00:00+00:00,2021-08-16 00:00:00+00:00,4022822713.4596376,2021-08-16 00:00:00+00:00,24,False,False,False,False
mkr,MKR,2021-08-15 00:00:00+00:00,2021-08-15 00:00:00+00:00,2021-08-16 00:00:00+00:00,3771830576.1017103,2021-08-16 00:00:00+00:00,25,False,False,False,False
crv,CRV,2021-08-15 00:00:00+00:00,2021-08-15 00:00:00+00:00,2021-08-16 00:00:00+00:00,3486998351.249125,2021-08-16 00:00:00+00:00,26,False,False,False,False
xtz,XTZ,2021-08-15 00:00:00+00:00,2021-08-15 00:00:00+00:00,2021-08-16 00:00:00+00:00,3197729019.9655633,2021-08-16 00:00:00+00:00,27,False,False,False,False
bsv,BSV,2021-08-15 00:00:00+00:00,2021-08-15 00:00:00+00:00,2021-08-16 00:00:00+00:00,3182532642.784421,2021-08-16 00:00:00+00:00,28,False,False,False,False
snx,SNX,2021-08-15 00:00:00+00:00,2021-08-15 00:00:00+00:00,2021-08-16 00:00:00+00:00,3000329134.2829685,2021-08-16 00:00:00+00:00,29,False,False,False,False
sushi,SUSHI,2021-08-15 00:00:00+00:00,2021-08-15 00:00:00+00:00,2021-08-16 00:00:00+00:00,2912137724.195263,2021-08-16 00:00:00+00:00,30,False,False,False,False
btc,BTC,2021-08-22 00:00:00+00:00,2021-08-22 00:00:00+00:00,2021-08-23 00:00:00+00:00,927746814154.6776,2021-08-23 00:00:00+00:00,1,True,True,True,True
eth,ETH,2021-08-22 00:00:00+00:00,2021-08-22 00:00:00+00:00,2021-08-23 00:00:00+00:00,380953369343.33887,2021-08-23 00:00:00+00:00,2,True,True,True,True
xrp,XRP,2021-08-22 00:00:00+00:00,2021-08-22 00:00:00+00:00,2021-08-23 00:00:00+00:00,122739229215.01338,2021-08-23 00:00:00+00:00,3,True,True,False,True
ada,ADA,2021-08-22 00:00:00+00:00,2021-08-22 00:00:00+00:00,2021-08-23 00:00:00+00:00,86368482422.62593,2021-08-23 00:00:00+00:00,4,True,True,False,True
doge,DOGE,2021-08-22 00:00:00+00:00,2021-08-22 00:00:00+00:00,2021-08-23 00:00:00+00:00,41222490293.95084,2021-08-23 00:00:00+00:00,5,True,True,False,False
xlm,XLM,2021-08-22 00:00:00+00:00,2021-08-22 00:00:00+00:00,2021-08-23 00:00:00+00:00,39229425028.22144,2021-08-23 00:00:00+00:00,6,True,True,False,False
icp,ICP,2021-08-22 00:00:00+00:00,2021-08-22 00:00:00+00:00,2021-08-23 00:00:00+00:00,30575581300.43291,2021-08-23 00:00:00+00:00,7,False,True,False,False
dot,DOT,2021-08-22 00:00:00+00:00,2021-08-22 00:00:00+00:00,2021-08-23 00:00:00+00:00,30208313657.594994,2021-08-23 00:00:00+00:00,8,False,True,False,False
uni,UNI,2021-08-22 00:00:00+00:00,2021-08-22 00:00:00+00:00,2021-08-23 00:00:00+00:00,28450315873.4681,2021-08-23 00:00:00+00:00,9,False,True,False,False
link,LINK,2021-08-22 00:00:00+00:00,2021-08-22 00:00:00+00:00,2021-08-23 00:00:00+00:00,28025670797.3812,2021-08-23 00:00:00+00:00,10,False,True,True,True
ftt,FTT,2021-08-22 00:00:00+00:00,2021-08-22 00:00:00+00:00,2021-08-23 00:00:00+00:00,16959960747.751337,2021-08-23 00:00:00+00:00,11,False,False,False,False
cro,CRO,2021-08-22 00:00:00+00:00,2021-08-22 00:00:00+00:00,2021-08-23 00:00:00+00:00,15601279230.4431,2021-08-23 00:00:00+00:00,12,False,False,False,False
ltc,LTC,2021-08-22 00:00:00+00:00,2021-08-22 00:00:00+00:00,2021-08-23 00:00:00+00:00,12710706434.830141,2021-08-23 00:00:00+00:00,13,False,False,False,True
bch,BCH,2021-08-22 00:00:00+00:00,2021-08-22 00:00:00+00:00,2021-08-23 00:00:00+00:00,12664567823.572472,2021-08-23 00:00:00+00:00,14,False,False,False,False
algo,ALGO,2021-08-22 00:00:00+00:00,2021-08-22 00:00:00+00:00,2021-08-23 00:00:00+00:00,11593375617.0309,2021-08-23 00:00:00+00:00,15,False,False,False,False
etc,ETC,2021-08-22 00:00:00+00:00,2021-08-22 00:00:00+00:00,2021-08-23 00:00:00+00:00,8744040897.349943,2021-08-23 00:00:00+00:00,16,False,False,False,False
ht,HT,2021-08-22 00:00:00+00:00,2021-08-22 00:00:00+00:00,2021-08-23 00:00:00+00:00,7217650186.202,2021-08-23 00:00:00+00:00,17,False,False,False,False
aave,AAVE,2021-08-22 00:00:00+00:00,2021-08-22 00:00:00+00:00,2021-08-23 00:00:00+00:00,6436415409.301296,2021-08-23 00:00:00+00:00,18,False,False,False,False
neo,NEO,2021-08-22 00:00:00+00:00,2021-08-22 00:00:00+00:00,2021-08-23 00:00:00+00:00,5550873577.98909,2021-08-23 00:00:00+00:00,19,False,False,False,False
xmr,XMR,2021-08-22 00:00:00+00:00,2021-08-22 00:00:00+00:00,2021-08-23 00:00:00+00:00,5334270979.796144,2021-08-23 00:00:00+00:00,20,False,False,False,False
lend,LEND,2021-08-22 00:00:00+00:00,2021-08-22 00:00:00+00:00,2021-08-23 00:00:00+00:00,5229587285.543161,2021-08-23 00:00:00+00:00,21,False,False,False,False
1inch,1INCH,2021-08-22 00:00:00+00:00,2021-08-22 00:00:00+00:00,2021-08-23 00:00:00+00:00,5074050957.70884,2021-08-23 00:00:00+00:00,22,False,False,False,False
comp,COMP,2021-08-22 00:00:00+00:00,2021-08-22 00:00:00+00:00,2021-08-23 00:00:00+00:00,4593327714.09873,2021-08-23 00:00:00+00:00,23,False,False,False,False
qnt,QNT,2021-08-22 00:00:00+00:00,2021-08-22 00:00:00+00:00,2021-08-23 00:00:00+00:00,4517644248.777817,2021-08-23 00:00:00+00:00,24,False,False,False,False
crv,CRV,2021-08-22 00:00:00+00:00,2021-08-22 00:00:00+00:00,2021-08-23 00:00:00+00:00,3848232726.2801504,2021-08-23 00:00:00+00:00,25,False,False,False,False
mkr,MKR,2021-08-22 00:00:00+00:00,2021-08-22 00:00:00+00:00,2021-08-23 00:00:00+00:00,3773877950.565967,2021-08-23 00:00:00+00:00,26,False,False,False,False
xtz,XTZ,2021-08-22 00:00:00+00:00,2021-08-22 00:00:00+00:00,2021-08-23 00:00:00+00:00,3251764115.4295654,2021-08-23 00:00:00+00:00,27,False,False,False,False
sushi,SUSHI,2021-08-22 00:00:00+00:00,2021-08-22 00:00:00+00:00,2021-08-23 00:00:00+00:00,3191644710.749828,2021-08-23 00:00:00+00:00,28,False,False,False,False
snx,SNX,2021-08-22 00:00:00+00:00,2021-08-22 00:00:00+00:00,2021-08-23 00:00:00+00:00,3151743357.745853,2021-08-23 00:00:00+00:00,29,False,False,False,False
bsv,BSV,2021-08-22 00:00:00+00:00,2021-08-22 00:00:00+00:00,2021-08-23 00:00:00+00:00,3114573626.0119195,2021-08-23 00:00:00+00:00,30,False,False,False,False
btc,BTC,2021-08-29 00:00:00+00:00,2021-08-29 00:00:00+00:00,2021-08-30 00:00:00+00:00,920284316512.38,2021-08-30 00:00:00+00:00,1,True,True,True,True
eth,ETH,2021-08-29 00:00:00+00:00,2021-08-29 00:00:00+00:00,2021-08-30 00:00:00+00:00,379343810431.96533,2021-08-30 00:00:00+00:00,2,True,True,True,True
xrp,XRP,2021-08-29 00:00:00+00:00,2021-08-29 00:00:00+00:00,2021-08-30 00:00:00+00:00,114602467049.53001,2021-08-30 00:00:00+00:00,3,True,True,False,True
ada,ADA,2021-08-29 00:00:00+00:00,2021-08-29 00:00:00+00:00,2021-08-30 00:00:00+00:00,92486066522.60684,2021-08-30 00:00:00+00:00,4,True,True,False,True
doge,DOGE,2021-08-29 00:00:00+00:00,2021-08-29 00:00:00+00:00,2021-08-30 00:00:00+00:00,36888367954.90541,2021-08-30 00:00:00+00:00,5,True,True,False,False
xlm,XLM,2021-08-29 00:00:00+00:00,2021-08-29 00:00:00+00:00,2021-08-30 00:00:00+00:00,36508377242.96506,2021-08-30 00:00:00+00:00,6,True,True,False,False
icp,ICP,2021-08-29 00:00:00+00:00,2021-08-29 00:00:00+00:00,2021-08-30 00:00:00+00:00,34620921878.78783,2021-08-30 00:00:00+00:00,7,False,True,False,False
dot,DOT,2021-08-29 00:00:00+00:00,2021-08-29 00:00:00+00:00,2021-08-30 00:00:00+00:00,28055070124.39921,2021-08-30 00:00:00+00:00,8,False,True,False,False
uni,UNI,2021-08-29 00:00:00+00:00,2021-08-29 00:00:00+00:00,2021-08-30 00:00:00+00:00,26819841331.5772,2021-08-30 00:00:00+00:00,9,False,True,False,False
link,LINK,2021-08-29 00:00:00+00:00,2021-08-29 00:00:00+00:00,2021-08-30 00:00:00+00:00,25793459194.6801,2021-08-30 00:00:00+00:00,10,False,True,True,True
ftt,FTT,2021-08-29 00:00:00+00:00,2021-08-29 00:00:00+00:00,2021-08-30 00:00:00+00:00,16082291439.322447,2021-08-30 00:00:00+00:00,11,False,False,False,False
cro,CRO,2021-08-29 00:00:00+00:00,2021-08-29 00:00:00+00:00,2021-08-30 00:00:00+00:00,16000857420.7417,2021-08-30 00:00:00+00:00,12,False,False,False,False
bch,BCH,2021-08-29 00:00:00+00:00,2021-08-29 00:00:00+00:00,2021-08-30 00:00:00+00:00,12476175567.842724,2021-08-30 00:00:00+00:00,13,False,False,False,False
ltc,LTC,2021-08-29 00:00:00+00:00,2021-08-29 00:00:00+00:00,2021-08-30 00:00:00+00:00,11989546311.303707,2021-08-30 00:00:00+00:00,14,False,False,False,True
algo,ALGO,2021-08-29 00:00:00+00:00,2021-08-29 00:00:00+00:00,2021-08-30 00:00:00+00:00,10279958741.2213,2021-08-30 00:00:00+00:00,15,False,False,False,False
etc,ETC,2021-08-29 00:00:00+00:00,2021-08-29 00:00:00+00:00,2021-08-30 00:00:00+00:00,8211187377.30765,2021-08-30 00:00:00+00:00,16,False,False,False,False
ht,HT,2021-08-29 00:00:00+00:00,2021-08-29 00:00:00+00:00,2021-08-30 00:00:00+00:00,7190037418.0367,2021-08-30 00:00:00+00:00,17,False,False,False,False
aave,AAVE,2021-08-29 00:00:00+00:00,2021-08-29 00:00:00+00:00,2021-08-30 00:00:00+00:00,5844294495.569248,2021-08-30 00:00:00+00:00,18,False,False,False,False
neo,NEO,2021-08-29 00:00:00+00:00,2021-08-29 00:00:00+00:00,2021-08-30 00:00:00+00:00,5469564901.45119,2021-08-30 00:00:00+00:00,19,False,False,False,False
xmr,XMR,2021-08-29 00:00:00+00:00,2021-08-29 00:00:00+00:00,2021-08-30 00:00:00+00:00,5110558466.24568,2021-08-30 00:00:00+00:00,20,False,False,False,False
xtz,XTZ,2021-08-29 00:00:00+00:00,2021-08-29 00:00:00+00:00,2021-08-30 00:00:00+00:00,5062500495.22458,2021-08-30 00:00:00+00:00,21,False,False,False,False
lend,LEND,2021-08-29 00:00:00+00:00,2021-08-29 00:00:00+00:00,2021-08-30 00:00:00+00:00,4748489064.710106,2021-08-30 00:00:00+00:00,22,False,False,False,False
1inch,1INCH,2021-08-29 00:00:00+00:00,2021-08-29 00:00:00+00:00,2021-08-30 00:00:00+00:00,4741109711.458455,2021-08-30 00:00:00+00:00,23,False,False,False,False
qnt,QNT,2021-08-29 00:00:00+00:00,2021-08-29 00:00:00+00:00,2021-08-30 00:00:00+00:00,4662764954.93836,2021-08-30 00:00:00+00:00,24,False,False,False,False
comp,COMP,2021-08-29 00:00:00+00:00,2021-08-29 00:00:00+00:00,2021-08-30 00:00:00+00:00,4188162705.34278,2021-08-30 00:00:00+00:00,25,False,False,False,False
mkr,MKR,2021-08-29 00:00:00+00:00,2021-08-29 00:00:00+00:00,2021-08-30 00:00:00+00:00,3431274151.186209,2021-08-30 00:00:00+00:00,26,False,False,False,False
crv,CRV,2021-08-29 00:00:00+00:00,2021-08-29 00:00:00+00:00,2021-08-30 00:00:00+00:00,3344602488.445101,2021-08-30 00:00:00+00:00,27,False,False,False,False
bsv,BSV,2021-08-29 00:00:00+00:00,2021-08-29 00:00:00+00:00,2021-08-30 00:00:00+00:00,3179119535.1544595,2021-08-30 00:00:00+00:00,28,False,False,False,False
gno,GNO,2021-08-29 00:00:00+00:00,2021-08-29 00:00:00+00:00,2021-08-30 00:00:00+00:00,2950023670.36821,2021-08-30 00:00:00+00:00,29,False,False,False,False
perp,PERP,2021-08-29 00:00:00+00:00,2021-08-29 00:00:00+00:00,2021-08-30 00:00:00+00:00,2797423362.68058,2021-08-30 00:00:00+00:00,30,False,False,False,False
btc,BTC,2021-09-05 00:00:00+00:00,2021-09-05 00:00:00+00:00,2021-09-06 00:00:00+00:00,973248018531.037,2021-09-06 00:00:00+00:00,1,True,True,True,True
eth,ETH,2021-09-05 00:00:00+00:00,2021-09-05 00:00:00+00:00,2021-09-06 00:00:00+00:00,464418124113.2662,2021-09-06 00:00:00+00:00,2,True,True,True,True
xrp,XRP,2021-09-05 00:00:00+00:00,2021-09-05 00:00:00+00:00,2021-09-06 00:00:00+00:00,130163826335.81598,2021-09-06 00:00:00+00:00,3,True,True,False,True
ada,ADA,2021-09-05 00:00:00+00:00,2021-09-05 00:00:00+00:00,2021-09-06 00:00:00+00:00,94318689454.84818,2021-09-06 00:00:00+00:00,4,True,True,False,True
xlm,XLM,2021-09-05 00:00:00+00:00,2021-09-05 00:00:00+00:00,2021-09-06 00:00:00+00:00,41760905141.17613,2021-09-06 00:00:00+00:00,5,True,True,False,False
doge,DOGE,2021-09-05 00:00:00+00:00,2021-09-05 00:00:00+00:00,2021-09-06 00:00:00+00:00,41091218347.150185,2021-09-06 00:00:00+00:00,6,True,True,False,False
icp,ICP,2021-09-05 00:00:00+00:00,2021-09-05 00:00:00+00:00,2021-09-06 00:00:00+00:00,37590934929.823044,2021-09-06 00:00:00+00:00,7,False,True,False,False
dot,DOT,2021-09-05 00:00:00+00:00,2021-09-05 00:00:00+00:00,2021-09-06 00:00:00+00:00,37438298595.06299,2021-09-06 00:00:00+00:00,8,False,True,False,False
link,LINK,2021-09-05 00:00:00+00:00,2021-09-05 00:00:00+00:00,2021-09-06 00:00:00+00:00,33310549870.8555,2021-09-06 00:00:00+00:00,9,False,True,True,True
uni,UNI,2021-09-05 00:00:00+00:00,2021-09-05 00:00:00+00:00,2021-09-06 00:00:00+00:00,29329988291.4007,2021-09-06 00:00:00+00:00,10,False,True,False,False
ftt,FTT,2021-09-05 00:00:00+00:00,2021-09-05 00:00:00+00:00,2021-09-06 00:00:00+00:00,21422908616.465137,2021-09-06 00:00:00+00:00,11,False,False,False,False
cro,CRO,2021-09-05 00:00:00+00:00,2021-09-05 00:00:00+00:00,2021-09-06 00:00:00+00:00,18604578805.4408,2021-09-06 00:00:00+00:00,12,False,False,False,False
ltc,LTC,2021-09-05 00:00:00+00:00,2021-09-05 00:00:00+00:00,2021-09-06 00:00:00+00:00,15646364232.368315,2021-09-06 00:00:00+00:00,13,False,False,False,True
bch,BCH,2021-09-05 00:00:00+00:00,2021-09-05 00:00:00+00:00,2021-09-06 00:00:00+00:00,14250237562.858007,2021-09-06 00:00:00+00:00,14,False,False,False,False
algo,ALGO,2021-09-05 00:00:00+00:00,2021-09-05 00:00:00+00:00,2021-09-06 00:00:00+00:00,13135974189.6323,2021-09-06 00:00:00+00:00,15,False,False,False,False
etc,ETC,2021-09-05 00:00:00+00:00,2021-09-05 00:00:00+00:00,2021-09-06 00:00:00+00:00,9535563189.57197,2021-09-06 00:00:00+00:00,16,False,False,False,False
ht,HT,2021-09-05 00:00:00+00:00,2021-09-05 00:00:00+00:00,2021-09-06 00:00:00+00:00,8082828654.29015,2021-09-06 00:00:00+00:00,17,False,False,False,False
qnt,QNT,2021-09-05 00:00:00+00:00,2021-09-05 00:00:00+00:00,2021-09-06 00:00:00+00:00,7618900236.776735,2021-09-06 00:00:00+00:00,18,False,False,False,False
aave,AAVE,2021-09-05 00:00:00+00:00,2021-09-05 00:00:00+00:00,2021-09-06 00:00:00+00:00,6669763069.244048,2021-09-06 00:00:00+00:00,19,False,False,False,False
neo,NEO,2021-09-05 00:00:00+00:00,2021-09-05 00:00:00+00:00,2021-09-06 00:00:00+00:00,6536446066.50088,2021-09-06 00:00:00+00:00,20,False,False,False,False
1inch,1INCH,2021-09-05 00:00:00+00:00,2021-09-05 00:00:00+00:00,2021-09-06 00:00:00+00:00,5762776669.22658,2021-09-06 00:00:00+00:00,21,False,False,False,False
xmr,XMR,2021-09-05 00:00:00+00:00,2021-09-05 00:00:00+00:00,2021-09-06 00:00:00+00:00,5490595230.811172,2021-09-06 00:00:00+00:00,22,False,False,False,False
lend,LEND,2021-09-05 00:00:00+00:00,2021-09-05 00:00:00+00:00,2021-09-06 00:00:00+00:00,5419182250.744504,2021-09-06 00:00:00+00:00,23,False,False,False,False
comp,COMP,2021-09-05 00:00:00+00:00,2021-09-05 00:00:00+00:00,2021-09-06 00:00:00+00:00,5105702196.98967,2021-09-06 00:00:00+00:00,24,False,False,False,False
xtz,XTZ,2021-09-05 00:00:00+00:00,2021-09-05 00:00:00+00:00,2021-09-06 00:00:00+00:00,4755815212.723094,2021-09-06 00:00:00+00:00,25,False,False,False,False
crv,CRV,2021-09-05 00:00:00+00:00,2021-09-05 00:00:00+00:00,2021-09-06 00:00:00+00:00,3914381230.080546,2021-09-06 00:00:00+00:00,26,False,False,False,False
mkr,MKR,2021-09-05 00:00:00+00:00,2021-09-05 00:00:00+00:00,2021-09-06 00:00:00+00:00,3679891931.6707807,2021-09-06 00:00:00+00:00,27,False,False,False,False
bsv,BSV,2021-09-05 00:00:00+00:00,2021-09-05 00:00:00+00:00,2021-09-06 00:00:00+00:00,3613015923.958237,2021-09-06 00:00:00+00:00,28,False,False,False,False
sushi,SUSHI,2021-09-05 00:00:00+00:00,2021-09-05 00:00:00+00:00,2021-09-06 00:00:00+00:00,3316681645.9232807,2021-09-06 00:00:00+00:00,29,False,False,False,False
gno,GNO,2021-09-05 00:00:00+00:00,2021-09-05 00:00:00+00:00,2021-09-06 00:00:00+00:00,3124324787.1316,2021-09-06 00:00:00+00:00,30,False,False,False,False
btc,BTC,2021-09-12 00:00:00+00:00,2021-09-12 00:00:00+00:00,2021-09-13 00:00:00+00:00,868844353747.6371,2021-09-13 00:00:00+00:00,1,True,True,True,True
eth,ETH,2021-09-12 00:00:00+00:00,2021-09-12 00:00:00+00:00,2021-09-13 00:00:00+00:00,401470193959.9134,2021-09-13 00:00:00+00:00,2,True,True,True,True
xrp,XRP,2021-09-12 00:00:00+00:00,2021-09-12 00:00:00+00:00,2021-09-13 00:00:00+00:00,111921445583.24251,2021-09-13 00:00:00+00:00,3,True,True,False,True
ada,ADA,2021-09-12 00:00:00+00:00,2021-09-12 00:00:00+00:00,2021-09-13 00:00:00+00:00,84089782626.3231,2021-09-13 00:00:00+00:00,4,True,True,False,True
dot,DOT,2021-09-12 00:00:00+00:00,2021-09-12 00:00:00+00:00,2021-09-13 00:00:00+00:00,39198449162.400215,2021-09-13 00:00:00+00:00,5,True,True,False,False
xlm,XLM,2021-09-12 00:00:00+00:00,2021-09-12 00:00:00+00:00,2021-09-13 00:00:00+00:00,35200448690.553696,2021-09-13 00:00:00+00:00,6,True,True,False,False
doge,DOGE,2021-09-12 00:00:00+00:00,2021-09-12 00:00:00+00:00,2021-09-13 00:00:00+00:00,33016488971.24815,2021-09-13 00:00:00+00:00,7,False,True,False,False
link,LINK,2021-09-12 00:00:00+00:00,2021-09-12 00:00:00+00:00,2021-09-13 00:00:00+00:00,29405818699.709,2021-09-13 00:00:00+00:00,8,False,True,True,True
icp,ICP,2021-09-12 00:00:00+00:00,2021-09-12 00:00:00+00:00,2021-09-13 00:00:00+00:00,28310572320.34237,2021-09-13 00:00:00+00:00,9,False,True,False,False
ftt,FTT,2021-09-12 00:00:00+00:00,2021-09-12 00:00:00+00:00,2021-09-13 00:00:00+00:00,24943068476.6005,2021-09-13 00:00:00+00:00,10,False,True,False,False
algo,ALGO,2021-09-12 00:00:00+00:00,2021-09-12 00:00:00+00:00,2021-09-13 00:00:00+00:00,23951440838.4957,2021-09-13 00:00:00+00:00,11,False,False,False,False
uni,UNI,2021-09-12 00:00:00+00:00,2021-09-12 00:00:00+00:00,2021-09-13 00:00:00+00:00,23761289149.8598,2021-09-13 00:00:00+00:00,12,False,False,False,False
cro,CRO,2021-09-12 00:00:00+00:00,2021-09-12 00:00:00+00:00,2021-09-13 00:00:00+00:00,18262109700.6722,2021-09-13 00:00:00+00:00,13,False,False,False,False
ltc,LTC,2021-09-12 00:00:00+00:00,2021-09-12 00:00:00+00:00,2021-09-13 00:00:00+00:00,12585045187.334063,2021-09-13 00:00:00+00:00,14,False,False,False,True
bch,BCH,2021-09-12 00:00:00+00:00,2021-09-12 00:00:00+00:00,2021-09-13 00:00:00+00:00,12225250457.291744,2021-09-13 00:00:00+00:00,15,False,False,False,False
qnt,QNT,2021-09-12 00:00:00+00:00,2021-09-12 00:00:00+00:00,2021-09-13 00:00:00+00:00,8863759969.533585,2021-09-13 00:00:00+00:00,16,False,False,False,False
etc,ETC,2021-09-12 00:00:00+00:00,2021-09-12 00:00:00+00:00,2021-09-13 00:00:00+00:00,7572380648.8246155,2021-09-13 00:00:00+00:00,17,False,False,False,False
ht,HT,2021-09-12 00:00:00+00:00,2021-09-12 00:00:00+00:00,2021-09-13 00:00:00+00:00,7341241435.10635,2021-09-13 00:00:00+00:00,18,False,False,False,False
xtz,XTZ,2021-09-12 00:00:00+00:00,2021-09-12 00:00:00+00:00,2021-09-13 00:00:00+00:00,6028607334.097567,2021-09-13 00:00:00+00:00,19,False,False,False,False
ldo,LDO,2021-09-12 00:00:00+00:00,2021-09-12 00:00:00+00:00,2021-09-13 00:00:00+00:00,5715899149.62125,2021-09-13 00:00:00+00:00,20,False,False,False,False
aave,AAVE,2021-09-12 00:00:00+00:00,2021-09-12 00:00:00+00:00,2021-09-13 00:00:00+00:00,5346009970.13176,2021-09-13 00:00:00+00:00,21,False,False,False,False
neo,NEO,2021-09-12 00:00:00+00:00,2021-09-12 00:00:00+00:00,2021-09-13 00:00:00+00:00,5160273041.46411,2021-09-13 00:00:00+00:00,22,False,False,False,False
xmr,XMR,2021-09-12 00:00:00+00:00,2021-09-12 00:00:00+00:00,2021-09-13 00:00:00+00:00,4498135028.834977,2021-09-13 00:00:00+00:00,23,False,False,False,False
1inch,1INCH,2021-09-12 00:00:00+00:00,2021-09-12 00:00:00+00:00,2021-09-13 00:00:00+00:00,4493338360.64091,2021-09-13 00:00:00+00:00,24,False,False,False,False
lend,LEND,2021-09-12 00:00:00+00:00,2021-09-12 00:00:00+00:00,2021-09-13 00:00:00+00:00,4343632905.947402,2021-09-13 00:00:00+00:00,25,False,False,False,False
comp,COMP,2021-09-12 00:00:00+00:00,2021-09-12 00:00:00+00:00,2021-09-13 00:00:00+00:00,4046881719.85596,2021-09-13 00:00:00+00:00,26,False,False,False,False
crv,CRV,2021-09-12 00:00:00+00:00,2021-09-12 00:00:00+00:00,2021-09-13 00:00:00+00:00,3833671642.433727,2021-09-13 00:00:00+00:00,27,False,False,False,False
bsv,BSV,2021-09-12 00:00:00+00:00,2021-09-12 00:00:00+00:00,2021-09-13 00:00:00+00:00,2927715840.0095434,2021-09-13 00:00:00+00:00,28,False,False,False,False
mkr,MKR,2021-09-12 00:00:00+00:00,2021-09-12 00:00:00+00:00,2021-09-13 00:00:00+00:00,2858895329.0167346,2021-09-13 00:00:00+00:00,29,False,False,False,False
gno,GNO,2021-09-12 00:00:00+00:00,2021-09-12 00:00:00+00:00,2021-09-13 00:00:00+00:00,2844191046.2781,2021-09-13 00:00:00+00:00,30,False,False,False,False
btc,BTC,2021-09-19 00:00:00+00:00,2021-09-19 00:00:00+00:00,2021-09-20 00:00:00+00:00,888685620898.3403,2021-09-20 00:00:00+00:00,1,True,True,True,True
eth,ETH,2021-09-19 00:00:00+00:00,2021-09-19 00:00:00+00:00,2021-09-20 00:00:00+00:00,390184716258.94293,2021-09-20 00:00:00+00:00,2,True,True,True,True
xrp,XRP,2021-09-19 00:00:00+00:00,2021-09-19 00:00:00+00:00,2021-09-20 00:00:00+00:00,104692851410.81448,2021-09-20 00:00:00+00:00,3,True,True,False,True
ada,ADA,2021-09-19 00:00:00+00:00,2021-09-19 00:00:00+00:00,2021-09-20 00:00:00+00:00,73924350594.95956,2021-09-20 00:00:00+00:00,4,True,True,False,True
dot,DOT,2021-09-19 00:00:00+00:00,2021-09-19 00:00:00+00:00,2021-09-20 00:00:00+00:00,36771104604.61375,2021-09-20 00:00:00+00:00,5,True,True,False,False
xlm,XLM,2021-09-19 00:00:00+00:00,2021-09-19 00:00:00+00:00,2021-09-20 00:00:00+00:00,33045993093.676968,2021-09-20 00:00:00+00:00,6,True,True,False,False
doge,DOGE,2021-09-19 00:00:00+00:00,2021-09-19 00:00:00+00:00,2021-09-20 00:00:00+00:00,30540677702.992325,2021-09-20 00:00:00+00:00,7,False,True,False,False
link,LINK,2021-09-19 00:00:00+00:00,2021-09-19 00:00:00+00:00,2021-09-20 00:00:00+00:00,27322792719.3675,2021-09-20 00:00:00+00:00,8,False,True,True,True
icp,ICP,2021-09-19 00:00:00+00:00,2021-09-19 00:00:00+00:00,2021-09-20 00:00:00+00:00,26974733670.126724,2021-09-20 00:00:00+00:00,9,False,True,False,False
uni,UNI,2021-09-19 00:00:00+00:00,2021-09-19 00:00:00+00:00,2021-09-20 00:00:00+00:00,23819772330.6317,2021-09-20 00:00:00+00:00,10,False,True,False,False
ftt,FTT,2021-09-19 00:00:00+00:00,2021-09-19 00:00:00+00:00,2021-09-20 00:00:00+00:00,20377494053.47486,2021-09-20 00:00:00+00:00,11,False,False,False,False
algo,ALGO,2021-09-19 00:00:00+00:00,2021-09-19 00:00:00+00:00,2021-09-20 00:00:00+00:00,19726350619.7643,2021-09-20 00:00:00+00:00,12,False,False,False,False
cro,CRO,2021-09-19 00:00:00+00:00,2021-09-19 00:00:00+00:00,2021-09-20 00:00:00+00:00,18568933969.9109,2021-09-20 00:00:00+00:00,13,False,False,False,False
ltc,LTC,2021-09-19 00:00:00+00:00,2021-09-19 00:00:00+00:00,2021-09-20 00:00:00+00:00,12014822029.947336,2021-09-20 00:00:00+00:00,14,False,False,False,True
bch,BCH,2021-09-19 00:00:00+00:00,2021-09-19 00:00:00+00:00,2021-09-20 00:00:00+00:00,11493233250.606136,2021-09-20 00:00:00+00:00,15,False,False,False,False
qnt,QNT,2021-09-19 00:00:00+00:00,2021-09-19 00:00:00+00:00,2021-09-20 00:00:00+00:00,8465089623.0287075,2021-09-20 00:00:00+00:00,16,False,False,False,False
etc,ETC,2021-09-19 00:00:00+00:00,2021-09-19 00:00:00+00:00,2021-09-20 00:00:00+00:00,7186761645.466782,2021-09-20 00:00:00+00:00,17,False,False,False,False
ht,HT,2021-09-19 00:00:00+00:00,2021-09-19 00:00:00+00:00,2021-09-20 00:00:00+00:00,7065210408.25,2021-09-20 00:00:00+00:00,18,False,False,False,False
ldo,LDO,2021-09-19 00:00:00+00:00,2021-09-19 00:00:00+00:00,2021-09-20 00:00:00+00:00,5786993045.27293,2021-09-20 00:00:00+00:00,19,False,False,False,False
xtz,XTZ,2021-09-19 00:00:00+00:00,2021-09-19 00:00:00+00:00,2021-09-20 00:00:00+00:00,5618050634.503963,2021-09-20 00:00:00+00:00,20,False,False,False,False
aave,AAVE,2021-09-19 00:00:00+00:00,2021-09-19 00:00:00+00:00,2021-09-20 00:00:00+00:00,5428116235.497872,2021-09-20 00:00:00+00:00,21,False,False,False,False
crv,CRV,2021-09-19 00:00:00+00:00,2021-09-19 00:00:00+00:00,2021-09-20 00:00:00+00:00,4856004421.536298,2021-09-20 00:00:00+00:00,22,False,False,False,False
neo,NEO,2021-09-19 00:00:00+00:00,2021-09-19 00:00:00+00:00,2021-09-20 00:00:00+00:00,4805841891.03609,2021-09-20 00:00:00+00:00,23,False,False,False,False
xmr,XMR,2021-09-19 00:00:00+00:00,2021-09-19 00:00:00+00:00,2021-09-20 00:00:00+00:00,4553307270.773994,2021-09-20 00:00:00+00:00,24,False,False,False,False
1inch,1INCH,2021-09-19 00:00:00+00:00,2021-09-19 00:00:00+00:00,2021-09-20 00:00:00+00:00,4439379082.578105,2021-09-20 00:00:00+00:00,25,False,False,False,False
lend,LEND,2021-09-19 00:00:00+00:00,2021-09-19 00:00:00+00:00,2021-09-20 00:00:00+00:00,4410344243.565784,2021-09-20 00:00:00+00:00,26,False,False,False,False
comp,COMP,2021-09-19 00:00:00+00:00,2021-09-19 00:00:00+00:00,2021-09-20 00:00:00+00:00,3915290314.13224,2021-09-20 00:00:00+00:00,27,False,False,False,False
snx,SNX,2021-09-19 00:00:00+00:00,2021-09-19 00:00:00+00:00,2021-09-20 00:00:00+00:00,3000988712.324544,2021-09-20 00:00:00+00:00,28,False,False,False,False
bsv,BSV,2021-09-19 00:00:00+00:00,2021-09-19 00:00:00+00:00,2021-09-20 00:00:00+00:00,2930577466.1963224,2021-09-20 00:00:00+00:00,29,False,False,False,False
sushi,SUSHI,2021-09-19 00:00:00+00:00,2021-09-19 00:00:00+00:00,2021-09-20 00:00:00+00:00,2804201152.324062,2021-09-20 00:00:00+00:00,30,False,False,False,False
btc,BTC,2021-09-26 00:00:00+00:00,2021-09-26 00:00:00+00:00,2021-09-27 00:00:00+00:00,812036112156.6569,2021-09-27 00:00:00+00:00,1,True,True,True,True
eth,ETH,2021-09-26 00:00:00+00:00,2021-09-26 00:00:00+00:00,2021-09-27 00:00:00+00:00,358460273448.98596,2021-09-27 00:00:00+00:00,2,True,True,True,True
xrp,XRP,2021-09-26 00:00:00+00:00,2021-09-26 00:00:00+00:00,2021-09-27 00:00:00+00:00,94129266177.5157,2021-09-27 00:00:00+00:00,3,True,True,False,True
ada,ADA,2021-09-26 00:00:00+00:00,2021-09-26 00:00:00+00:00,2021-09-27 00:00:00+00:00,71383115430.80812,2021-09-27 00:00:00+00:00,4,True,True,False,True
dot,DOT,2021-09-26 00:00:00+00:00,2021-09-26 00:00:00+00:00,2021-09-27 00:00:00+00:00,31401421616.417294,2021-09-27 00:00:00+00:00,5,True,True,False,False
xlm,XLM,2021-09-26 00:00:00+00:00,2021-09-26 00:00:00+00:00,2021-09-27 00:00:00+00:00,29046555192.717056,2021-09-27 00:00:00+00:00,6,True,True,False,False
doge,DOGE,2021-09-26 00:00:00+00:00,2021-09-26 00:00:00+00:00,2021-09-27 00:00:00+00:00,26830690794.53913,2021-09-27 00:00:00+00:00,7,False,True,False,False
link,LINK,2021-09-26 00:00:00+00:00,2021-09-26 00:00:00+00:00,2021-09-27 00:00:00+00:00,24436795360.8377,2021-09-27 00:00:00+00:00,8,False,True,True,True
uni,UNI,2021-09-26 00:00:00+00:00,2021-09-26 00:00:00+00:00,2021-09-27 00:00:00+00:00,23650307636.074,2021-09-27 00:00:00+00:00,9,False,True,False,False
icp,ICP,2021-09-26 00:00:00+00:00,2021-09-26 00:00:00+00:00,2021-09-27 00:00:00+00:00,20622394883.09815,2021-09-27 00:00:00+00:00,10,False,True,False,False
ftt,FTT,2021-09-26 00:00:00+00:00,2021-09-26 00:00:00+00:00,2021-09-27 00:00:00+00:00,18765933995.683815,2021-09-27 00:00:00+00:00,11,False,False,False,False
algo,ALGO,2021-09-26 00:00:00+00:00,2021-09-26 00:00:00+00:00,2021-09-27 00:00:00+00:00,17421727794.5773,2021-09-27 00:00:00+00:00,12,False,False,False,False
cro,CRO,2021-09-26 00:00:00+00:00,2021-09-26 00:00:00+00:00,2021-09-27 00:00:00+00:00,15716625460.8566,2021-09-27 00:00:00+00:00,13,False,False,False,False
ltc,LTC,2021-09-26 00:00:00+00:00,2021-09-26 00:00:00+00:00,2021-09-27 00:00:00+00:00,10288081674.314177,2021-09-27 00:00:00+00:00,14,False,False,False,True
bch,BCH,2021-09-26 00:00:00+00:00,2021-09-26 00:00:00+00:00,2021-09-27 00:00:00+00:00,9456763480.489555,2021-09-27 00:00:00+00:00,15,False,False,False,False
qnt,QNT,2021-09-26 00:00:00+00:00,2021-09-26 00:00:00+00:00,2021-09-27 00:00:00+00:00,7179450653.77419,2021-09-27 00:00:00+00:00,16,False,False,False,False
etc,ETC,2021-09-26 00:00:00+00:00,2021-09-26 00:00:00+00:00,2021-09-27 00:00:00+00:00,6108196208.799514,2021-09-27 00:00:00+00:00,17,False,False,False,False
xtz,XTZ,2021-09-26 00:00:00+00:00,2021-09-26 00:00:00+00:00,2021-09-27 00:00:00+00:00,5604489870.569903,2021-09-27 00:00:00+00:00,18,False,False,False,False
ldo,LDO,2021-09-26 00:00:00+00:00,2021-09-26 00:00:00+00:00,2021-09-27 00:00:00+00:00,4919336566.67142,2021-09-27 00:00:00+00:00,19,False,False,False,False
aave,AAVE,2021-09-26 00:00:00+00:00,2021-09-26 00:00:00+00:00,2021-09-27 00:00:00+00:00,4665033952.946352,2021-09-27 00:00:00+00:00,20,False,False,False,False
xmr,XMR,2021-09-26 00:00:00+00:00,2021-09-26 00:00:00+00:00,2021-09-27 00:00:00+00:00,4085610563.544588,2021-09-27 00:00:00+00:00,21,False,False,False,False
crv,CRV,2021-09-26 00:00:00+00:00,2021-09-26 00:00:00+00:00,2021-09-27 00:00:00+00:00,4040978787.9521375,2021-09-27 00:00:00+00:00,22,False,False,False,False
1inch,1INCH,2021-09-26 00:00:00+00:00,2021-09-26 00:00:00+00:00,2021-09-27 00:00:00+00:00,3999529656.052995,2021-09-27 00:00:00+00:00,23,False,False,False,False
neo,NEO,2021-09-26 00:00:00+00:00,2021-09-26 00:00:00+00:00,2021-09-27 00:00:00+00:00,3858332653.51379,2021-09-27 00:00:00+00:00,24,False,False,False,False
lend,LEND,2021-09-26 00:00:00+00:00,2021-09-26 00:00:00+00:00,2021-09-27 00:00:00+00:00,3790339916.7959733,2021-09-27 00:00:00+00:00,25,False,False,False,False
comp,COMP,2021-09-26 00:00:00+00:00,2021-09-26 00:00:00+00:00,2021-09-27 00:00:00+00:00,3497122903.17396,2021-09-27 00:00:00+00:00,26,False,False,False,False
ht,HT,2021-09-26 00:00:00+00:00,2021-09-26 00:00:00+00:00,2021-09-27 00:00:00+00:00,3470114175.33448,2021-09-27 00:00:00+00:00,27,False,False,False,False
sushi,SUSHI,2021-09-26 00:00:00+00:00,2021-09-26 00:00:00+00:00,2021-09-27 00:00:00+00:00,2623993732.5020843,2021-09-27 00:00:00+00:00,28,False,False,False,False
gno,GNO,2021-09-26 00:00:00+00:00,2021-09-26 00:00:00+00:00,2021-09-27 00:00:00+00:00,2477434031.59184,2021-09-27 00:00:00+00:00,29,False,False,False,False
snx,SNX,2021-09-26 00:00:00+00:00,2021-09-26 00:00:00+00:00,2021-09-27 00:00:00+00:00,2442846085.4738793,2021-09-27 00:00:00+00:00,30,False,False,False,False
btc,BTC,2021-10-03 00:00:00+00:00,2021-10-03 00:00:00+00:00,2021-10-04 00:00:00+00:00,907841574218.3805,2021-10-04 00:00:00+00:00,1,True,True,True,True
eth,ETH,2021-10-03 00:00:00+00:00,2021-10-03 00:00:00+00:00,2021-10-04 00:00:00+00:00,402353509667.626,2021-10-04 00:00:00+00:00,2,True,True,True,True
xrp,XRP,2021-10-03 00:00:00+00:00,2021-10-03 00:00:00+00:00,2021-10-04 00:00:00+00:00,105463395908.5238,2021-10-04 00:00:00+00:00,3,True,True,False,True
ada,ADA,2021-10-03 00:00:00+00:00,2021-10-03 00:00:00+00:00,2021-10-04 00:00:00+00:00,73076771588.92491,2021-10-04 00:00:00+00:00,4,True,True,False,True
dot,DOT,2021-10-03 00:00:00+00:00,2021-10-03 00:00:00+00:00,2021-10-04 00:00:00+00:00,35303922233.90071,2021-10-04 00:00:00+00:00,5,True,True,False,False
xlm,XLM,2021-10-03 00:00:00+00:00,2021-10-03 00:00:00+00:00,2021-10-04 00:00:00+00:00,33179201479.07413,2021-10-04 00:00:00+00:00,6,True,True,False,False
doge,DOGE,2021-10-03 00:00:00+00:00,2021-10-03 00:00:00+00:00,2021-10-04 00:00:00+00:00,29114228349.417603,2021-10-04 00:00:00+00:00,7,False,True,False,False
link,LINK,2021-10-03 00:00:00+00:00,2021-10-03 00:00:00+00:00,2021-10-04 00:00:00+00:00,27570003285.1931,2021-10-04 00:00:00+00:00,8,False,True,True,True
uni,UNI,2021-10-03 00:00:00+00:00,2021-10-03 00:00:00+00:00,2021-10-04 00:00:00+00:00,25988040232.512,2021-10-04 00:00:00+00:00,9,False,True,False,False
icp,ICP,2021-10-03 00:00:00+00:00,2021-10-03 00:00:00+00:00,2021-10-04 00:00:00+00:00,23809732168.568947,2021-10-04 00:00:00+00:00,10,False,True,False,False
algo,ALGO,2021-10-03 00:00:00+00:00,2021-10-03 00:00:00+00:00,2021-10-04 00:00:00+00:00,19869148154.4117,2021-10-04 00:00:00+00:00,11,False,False,False,False
ftt,FTT,2021-10-03 00:00:00+00:00,2021-10-03 00:00:00+00:00,2021-10-04 00:00:00+00:00,19113543629.511803,2021-10-04 00:00:00+00:00,12,False,False,False,False
cro,CRO,2021-10-03 00:00:00+00:00,2021-10-03 00:00:00+00:00,2021-10-04 00:00:00+00:00,18106033361.9592,2021-10-04 00:00:00+00:00,13,False,False,False,False
ltc,LTC,2021-10-03 00:00:00+00:00,2021-10-03 00:00:00+00:00,2021-10-04 00:00:00+00:00,11723429883.674871,2021-10-04 00:00:00+00:00,14,False,False,False,True
bch,BCH,2021-10-03 00:00:00+00:00,2021-10-03 00:00:00+00:00,2021-10-04 00:00:00+00:00,10774071318.200909,2021-10-04 00:00:00+00:00,15,False,False,False,False
qnt,QNT,2021-10-03 00:00:00+00:00,2021-10-03 00:00:00+00:00,2021-10-04 00:00:00+00:00,7748095681.634261,2021-10-04 00:00:00+00:00,16,False,False,False,False
xtz,XTZ,2021-10-03 00:00:00+00:00,2021-10-03 00:00:00+00:00,2021-10-04 00:00:00+00:00,7386685677.168965,2021-10-04 00:00:00+00:00,17,False,False,False,False
etc,ETC,2021-10-03 00:00:00+00:00,2021-10-03 00:00:00+00:00,2021-10-04 00:00:00+00:00,7005530254.6303,2021-10-04 00:00:00+00:00,18,False,False,False,False
aave,AAVE,2021-10-03 00:00:00+00:00,2021-10-03 00:00:00+00:00,2021-10-04 00:00:00+00:00,4965474378.24696,2021-10-04 00:00:00+00:00,19,False,False,False,False
ldo,LDO,2021-10-03 00:00:00+00:00,2021-10-03 00:00:00+00:00,2021-10-04 00:00:00+00:00,4822344450.16366,2021-10-04 00:00:00+00:00,20,False,False,False,False
1inch,1INCH,2021-10-03 00:00:00+00:00,2021-10-03 00:00:00+00:00,2021-10-04 00:00:00+00:00,4610436923.870565,2021-10-04 00:00:00+00:00,21,False,False,False,False
crv,CRV,2021-10-03 00:00:00+00:00,2021-10-03 00:00:00+00:00,2021-10-04 00:00:00+00:00,4539634338.83926,2021-10-04 00:00:00+00:00,22,False,False,False,False
xmr,XMR,2021-10-03 00:00:00+00:00,2021-10-03 00:00:00+00:00,2021-10-04 00:00:00+00:00,4535304922.766766,2021-10-04 00:00:00+00:00,23,False,False,False,False
neo,NEO,2021-10-03 00:00:00+00:00,2021-10-03 00:00:00+00:00,2021-10-04 00:00:00+00:00,4448010774.34208,2021-10-04 00:00:00+00:00,24,False,False,False,False
ht,HT,2021-10-03 00:00:00+00:00,2021-10-03 00:00:00+00:00,2021-10-04 00:00:00+00:00,4069946489.48858,2021-10-04 00:00:00+00:00,25,False,False,False,False
lend,LEND,2021-10-03 00:00:00+00:00,2021-10-03 00:00:00+00:00,2021-10-04 00:00:00+00:00,4034447751.4060144,2021-10-04 00:00:00+00:00,26,False,False,False,False
comp,COMP,2021-10-03 00:00:00+00:00,2021-10-03 00:00:00+00:00,2021-10-04 00:00:00+00:00,3268908148.67888,2021-10-04 00:00:00+00:00,27,False,False,False,False
gno,GNO,2021-10-03 00:00:00+00:00,2021-10-03 00:00:00+00:00,2021-10-04 00:00:00+00:00,2784703209.35797,2021-10-04 00:00:00+00:00,28,False,False,False,False
bsv,BSV,2021-10-03 00:00:00+00:00,2021-10-03 00:00:00+00:00,2021-10-04 00:00:00+00:00,2737581153.514375,2021-10-04 00:00:00+00:00,29,False,False,False,False
sushi,SUSHI,2021-10-03 00:00:00+00:00,2021-10-03 00:00:00+00:00,2021-10-04 00:00:00+00:00,2544238419.1010523,2021-10-04 00:00:00+00:00,30,False,False,False,False
btc,BTC,2021-10-10 00:00:00+00:00,2021-10-10 00:00:00+00:00,2021-10-11 00:00:00+00:00,1030585445349.3352,2021-10-11 00:00:00+00:00,1,True,True,True,True
eth,ETH,2021-10-10 00:00:00+00:00,2021-10-10 00:00:00+00:00,2021-10-11 00:00:00+00:00,403815267127.6764,2021-10-11 00:00:00+00:00,2,True,True,True,True
xrp,XRP,2021-10-10 00:00:00+00:00,2021-10-10 00:00:00+00:00,2021-10-11 00:00:00+00:00,114149558734.7936,2021-10-11 00:00:00+00:00,3,True,True,False,True
ada,ADA,2021-10-10 00:00:00+00:00,2021-10-10 00:00:00+00:00,2021-10-11 00:00:00+00:00,71204930846.39012,2021-10-11 00:00:00+00:00,4,True,True,False,True
dot,DOT,2021-10-10 00:00:00+00:00,2021-10-10 00:00:00+00:00,2021-10-11 00:00:00+00:00,37975401743.93747,2021-10-11 00:00:00+00:00,5,True,True,False,False
xlm,XLM,2021-10-10 00:00:00+00:00,2021-10-10 00:00:00+00:00,2021-10-11 00:00:00+00:00,35079129483.33459,2021-10-11 00:00:00+00:00,6,True,True,False,False
doge,DOGE,2021-10-10 00:00:00+00:00,2021-10-10 00:00:00+00:00,2021-10-11 00:00:00+00:00,30204557625.632545,2021-10-11 00:00:00+00:00,7,False,True,False,False
link,LINK,2021-10-10 00:00:00+00:00,2021-10-10 00:00:00+00:00,2021-10-11 00:00:00+00:00,25644738350.7783,2021-10-11 00:00:00+00:00,8,False,True,True,True
uni,UNI,2021-10-10 00:00:00+00:00,2021-10-10 00:00:00+00:00,2021-10-11 00:00:00+00:00,24281350620.5983,2021-10-11 00:00:00+00:00,9,False,True,False,False
icp,ICP,2021-10-10 00:00:00+00:00,2021-10-10 00:00:00+00:00,2021-10-11 00:00:00+00:00,21321344301.450733,2021-10-11 00:00:00+00:00,10,False,True,False,False
cro,CRO,2021-10-10 00:00:00+00:00,2021-10-10 00:00:00+00:00,2021-10-11 00:00:00+00:00,18808164883.2537,2021-10-11 00:00:00+00:00,11,False,False,False,False
ftt,FTT,2021-10-10 00:00:00+00:00,2021-10-10 00:00:00+00:00,2021-10-11 00:00:00+00:00,18006976547.246803,2021-10-11 00:00:00+00:00,12,False,False,False,False
algo,ALGO,2021-10-10 00:00:00+00:00,2021-10-10 00:00:00+00:00,2021-10-11 00:00:00+00:00,17787117385.4478,2021-10-11 00:00:00+00:00,13,False,False,False,False
ltc,LTC,2021-10-10 00:00:00+00:00,2021-10-10 00:00:00+00:00,2021-10-11 00:00:00+00:00,12056230081.50315,2021-10-11 00:00:00+00:00,14,False,False,False,True
bch,BCH,2021-10-10 00:00:00+00:00,2021-10-10 00:00:00+00:00,2021-10-11 00:00:00+00:00,11052756291.339624,2021-10-11 00:00:00+00:00,15,False,False,False,False
qnt,QNT,2021-10-10 00:00:00+00:00,2021-10-10 00:00:00+00:00,2021-10-11 00:00:00+00:00,7171587314.86427,2021-10-11 00:00:00+00:00,16,False,False,False,False
etc,ETC,2021-10-10 00:00:00+00:00,2021-10-10 00:00:00+00:00,2021-10-11 00:00:00+00:00,6923922877.552693,2021-10-11 00:00:00+00:00,17,False,False,False,False
xtz,XTZ,2021-10-10 00:00:00+00:00,2021-10-10 00:00:00+00:00,2021-10-11 00:00:00+00:00,6035816540.451112,2021-10-11 00:00:00+00:00,18,False,False,False,False
xmr,XMR,2021-10-10 00:00:00+00:00,2021-10-10 00:00:00+00:00,2021-10-11 00:00:00+00:00,4744770382.335559,2021-10-11 00:00:00+00:00,19,False,False,False,False
aave,AAVE,2021-10-10 00:00:00+00:00,2021-10-10 00:00:00+00:00,2021-10-11 00:00:00+00:00,4632915633.947296,2021-10-11 00:00:00+00:00,20,False,False,False,False
neo,NEO,2021-10-10 00:00:00+00:00,2021-10-10 00:00:00+00:00,2021-10-11 00:00:00+00:00,4548307924.3429,2021-10-11 00:00:00+00:00,21,False,False,False,False
1inch,1INCH,2021-10-10 00:00:00+00:00,2021-10-10 00:00:00+00:00,2021-10-11 00:00:00+00:00,4449154135.077525,2021-10-11 00:00:00+00:00,22,False,False,False,False
crv,CRV,2021-10-10 00:00:00+00:00,2021-10-10 00:00:00+00:00,2021-10-11 00:00:00+00:00,4339954067.098491,2021-10-11 00:00:00+00:00,23,False,False,False,False
ldo,LDO,2021-10-10 00:00:00+00:00,2021-10-10 00:00:00+00:00,2021-10-11 00:00:00+00:00,4124781705.82474,2021-10-11 00:00:00+00:00,24,False,False,False,False
ht,HT,2021-10-10 00:00:00+00:00,2021-10-10 00:00:00+00:00,2021-10-11 00:00:00+00:00,3788293102.596625,2021-10-11 00:00:00+00:00,25,False,False,False,False
lend,LEND,2021-10-10 00:00:00+00:00,2021-10-10 00:00:00+00:00,2021-10-11 00:00:00+00:00,3764243783.779488,2021-10-11 00:00:00+00:00,26,False,False,False,False
bsv,BSV,2021-10-10 00:00:00+00:00,2021-10-10 00:00:00+00:00,2021-10-11 00:00:00+00:00,3271079017.7830215,2021-10-11 00:00:00+00:00,27,False,False,False,False
comp,COMP,2021-10-10 00:00:00+00:00,2021-10-10 00:00:00+00:00,2021-10-11 00:00:00+00:00,3057099151.17842,2021-10-11 00:00:00+00:00,28,False,False,False,False
gno,GNO,2021-10-10 00:00:00+00:00,2021-10-10 00:00:00+00:00,2021-10-11 00:00:00+00:00,2971752949.38505,2021-10-11 00:00:00+00:00,29,False,False,False,False
mkr,MKR,2021-10-10 00:00:00+00:00,2021-10-10 00:00:00+00:00,2021-10-11 00:00:00+00:00,2444933482.704876,2021-10-11 00:00:00+00:00,30,False,False,False,False
btc,BTC,2021-10-17 00:00:00+00:00,2021-10-17 00:00:00+00:00,2021-10-18 00:00:00+00:00,1158355075187.0894,2021-10-18 00:00:00+00:00,1,True,True,True,True
eth,ETH,2021-10-17 00:00:00+00:00,2021-10-17 00:00:00+00:00,2021-10-18 00:00:00+00:00,451540875443.9622,2021-10-18 00:00:00+00:00,2,True,True,True,True
xrp,XRP,2021-10-17 00:00:00+00:00,2021-10-17 00:00:00+00:00,2021-10-18 00:00:00+00:00,109144652877.47,2021-10-18 00:00:00+00:00,3,True,True,False,True
ada,ADA,2021-10-17 00:00:00+00:00,2021-10-17 00:00:00+00:00,2021-10-18 00:00:00+00:00,69813740350.41899,2021-10-18 00:00:00+00:00,4,True,True,False,True
dot,DOT,2021-10-17 00:00:00+00:00,2021-10-17 00:00:00+00:00,2021-10-18 00:00:00+00:00,46312697286.96995,2021-10-18 00:00:00+00:00,5,True,True,False,False
xlm,XLM,2021-10-17 00:00:00+00:00,2021-10-17 00:00:00+00:00,2021-10-18 00:00:00+00:00,40428321134.89181,2021-10-18 00:00:00+00:00,6,True,True,False,False
doge,DOGE,2021-10-17 00:00:00+00:00,2021-10-17 00:00:00+00:00,2021-10-18 00:00:00+00:00,31249920272.879784,2021-10-18 00:00:00+00:00,7,False,True,False,False
link,LINK,2021-10-17 00:00:00+00:00,2021-10-17 00:00:00+00:00,2021-10-18 00:00:00+00:00,26461438460.876,2021-10-18 00:00:00+00:00,8,False,True,True,True
uni,UNI,2021-10-17 00:00:00+00:00,2021-10-17 00:00:00+00:00,2021-10-18 00:00:00+00:00,25868452547.731,2021-10-18 00:00:00+00:00,9,False,True,False,False
icp,ICP,2021-10-17 00:00:00+00:00,2021-10-17 00:00:00+00:00,2021-10-18 00:00:00+00:00,20777551073.501312,2021-10-18 00:00:00+00:00,10,False,True,False,False
ftt,FTT,2021-10-17 00:00:00+00:00,2021-10-17 00:00:00+00:00,2021-10-18 00:00:00+00:00,18934337287.55856,2021-10-18 00:00:00+00:00,11,False,False,False,False
cro,CRO,2021-10-17 00:00:00+00:00,2021-10-17 00:00:00+00:00,2021-10-18 00:00:00+00:00,18719471240.7208,2021-10-18 00:00:00+00:00,12,False,False,False,False
algo,ALGO,2021-10-17 00:00:00+00:00,2021-10-17 00:00:00+00:00,2021-10-18 00:00:00+00:00,17639376142.8356,2021-10-18 00:00:00+00:00,13,False,False,False,False
ltc,LTC,2021-10-17 00:00:00+00:00,2021-10-17 00:00:00+00:00,2021-10-18 00:00:00+00:00,12623747773.022297,2021-10-18 00:00:00+00:00,14,False,False,False,True
bch,BCH,2021-10-17 00:00:00+00:00,2021-10-17 00:00:00+00:00,2021-10-18 00:00:00+00:00,11523880278.675898,2021-10-18 00:00:00+00:00,15,False,False,False,False
qnt,QNT,2021-10-17 00:00:00+00:00,2021-10-17 00:00:00+00:00,2021-10-18 00:00:00+00:00,7336458656.864227,2021-10-18 00:00:00+00:00,16,False,False,False,False
etc,ETC,2021-10-17 00:00:00+00:00,2021-10-17 00:00:00+00:00,2021-10-18 00:00:00+00:00,6912974310.2581215,2021-10-18 00:00:00+00:00,17,False,False,False,False
xtz,XTZ,2021-10-17 00:00:00+00:00,2021-10-17 00:00:00+00:00,2021-10-18 00:00:00+00:00,5709315992.711544,2021-10-18 00:00:00+00:00,18,False,False,False,False
1inch,1INCH,2021-10-17 00:00:00+00:00,2021-10-17 00:00:00+00:00,2021-10-18 00:00:00+00:00,5265787514.722335,2021-10-18 00:00:00+00:00,19,False,False,False,False
aave,AAVE,2021-10-17 00:00:00+00:00,2021-10-17 00:00:00+00:00,2021-10-18 00:00:00+00:00,4863378223.039328,2021-10-18 00:00:00+00:00,20,False,False,False,False
crv,CRV,2021-10-17 00:00:00+00:00,2021-10-17 00:00:00+00:00,2021-10-18 00:00:00+00:00,4604628315.796141,2021-10-18 00:00:00+00:00,21,False,False,False,False
xmr,XMR,2021-10-17 00:00:00+00:00,2021-10-17 00:00:00+00:00,2021-10-18 00:00:00+00:00,4569263035.053041,2021-10-18 00:00:00+00:00,22,False,False,False,False
neo,NEO,2021-10-17 00:00:00+00:00,2021-10-17 00:00:00+00:00,2021-10-18 00:00:00+00:00,4311629079.32652,2021-10-18 00:00:00+00:00,23,False,False,False,False
lend,LEND,2021-10-17 00:00:00+00:00,2021-10-17 00:00:00+00:00,2021-10-18 00:00:00+00:00,3951494629.01974,2021-10-18 00:00:00+00:00,24,False,False,False,False
ldo,LDO,2021-10-17 00:00:00+00:00,2021-10-17 00:00:00+00:00,2021-10-18 00:00:00+00:00,3793149569.25195,2021-10-18 00:00:00+00:00,25,False,False,False,False
ht,HT,2021-10-17 00:00:00+00:00,2021-10-17 00:00:00+00:00,2021-10-18 00:00:00+00:00,3749004083.48489,2021-10-18 00:00:00+00:00,26,False,False,False,False
gno,GNO,2021-10-17 00:00:00+00:00,2021-10-17 00:00:00+00:00,2021-10-18 00:00:00+00:00,3331914132.3775,2021-10-18 00:00:00+00:00,27,False,False,False,False
bsv,BSV,2021-10-17 00:00:00+00:00,2021-10-17 00:00:00+00:00,2021-10-18 00:00:00+00:00,3190868851.956334,2021-10-18 00:00:00+00:00,28,False,False,False,False
comp,COMP,2021-10-17 00:00:00+00:00,2021-10-17 00:00:00+00:00,2021-10-18 00:00:00+00:00,3102781702.40414,2021-10-18 00:00:00+00:00,29,False,False,False,False
perp,PERP,2021-10-17 00:00:00+00:00,2021-10-17 00:00:00+00:00,2021-10-18 00:00:00+00:00,2645592108.064695,2021-10-18 00:00:00+00:00,30,False,False,False,False
btc,BTC,2021-10-24 00:00:00+00:00,2021-10-24 00:00:00+00:00,2021-10-25 00:00:00+00:00,1147509590176.153,2021-10-25 00:00:00+00:00,1,True,True,True,True
eth,ETH,2021-10-24 00:00:00+00:00,2021-10-24 00:00:00+00:00,2021-10-25 00:00:00+00:00,480020502230.8012,2021-10-25 00:00:00+00:00,2,True,True,True,True
xrp,XRP,2021-10-24 00:00:00+00:00,2021-10-24 00:00:00+00:00,2021-10-25 00:00:00+00:00,108208466318.95627,2021-10-25 00:00:00+00:00,3,True,True,False,True
ada,ADA,2021-10-24 00:00:00+00:00,2021-10-24 00:00:00+00:00,2021-10-25 00:00:00+00:00,68724836707.52109,2021-10-25 00:00:00+00:00,4,True,True,False,True
dot,DOT,2021-10-24 00:00:00+00:00,2021-10-24 00:00:00+00:00,2021-10-25 00:00:00+00:00,46785046137.81708,2021-10-25 00:00:00+00:00,5,True,True,False,False
xlm,XLM,2021-10-24 00:00:00+00:00,2021-10-24 00:00:00+00:00,2021-10-25 00:00:00+00:00,39243657721.95668,2021-10-25 00:00:00+00:00,6,True,True,False,False
doge,DOGE,2021-10-24 00:00:00+00:00,2021-10-24 00:00:00+00:00,2021-10-25 00:00:00+00:00,36287669316.374855,2021-10-25 00:00:00+00:00,7,False,True,False,False
link,LINK,2021-10-24 00:00:00+00:00,2021-10-24 00:00:00+00:00,2021-10-25 00:00:00+00:00,29680214899.1711,2021-10-25 00:00:00+00:00,8,False,True,True,True
uni,UNI,2021-10-24 00:00:00+00:00,2021-10-24 00:00:00+00:00,2021-10-25 00:00:00+00:00,25800228883.0498,2021-10-25 00:00:00+00:00,9,False,True,False,False
ftt,FTT,2021-10-24 00:00:00+00:00,2021-10-24 00:00:00+00:00,2021-10-25 00:00:00+00:00,20752710152.56419,2021-10-25 00:00:00+00:00,10,False,True,False,False
icp,ICP,2021-10-24 00:00:00+00:00,2021-10-24 00:00:00+00:00,2021-10-25 00:00:00+00:00,20586615258.067856,2021-10-25 00:00:00+00:00,11,False,False,False,False
cro,CRO,2021-10-24 00:00:00+00:00,2021-10-24 00:00:00+00:00,2021-10-25 00:00:00+00:00,19087874770.2624,2021-10-25 00:00:00+00:00,12,False,False,False,False
algo,ALGO,2021-10-24 00:00:00+00:00,2021-10-24 00:00:00+00:00,2021-10-25 00:00:00+00:00,18155090668.2491,2021-10-25 00:00:00+00:00,13,False,False,False,False
ltc,LTC,2021-10-24 00:00:00+00:00,2021-10-24 00:00:00+00:00,2021-10-25 00:00:00+00:00,13087730020.931103,2021-10-25 00:00:00+00:00,14,False,False,False,True
bch,BCH,2021-10-24 00:00:00+00:00,2021-10-24 00:00:00+00:00,2021-10-25 00:00:00+00:00,11642417059.553997,2021-10-25 00:00:00+00:00,15,False,False,False,False
etc,ETC,2021-10-24 00:00:00+00:00,2021-10-24 00:00:00+00:00,2021-10-25 00:00:00+00:00,7176800234.218784,2021-10-25 00:00:00+00:00,16,False,False,False,False
qnt,QNT,2021-10-24 00:00:00+00:00,2021-10-24 00:00:00+00:00,2021-10-25 00:00:00+00:00,7108112011.8304405,2021-10-25 00:00:00+00:00,17,False,False,False,False
1inch,1INCH,2021-10-24 00:00:00+00:00,2021-10-24 00:00:00+00:00,2021-10-25 00:00:00+00:00,5727632542.88088,2021-10-25 00:00:00+00:00,18,False,False,False,False
crv,CRV,2021-10-24 00:00:00+00:00,2021-10-24 00:00:00+00:00,2021-10-25 00:00:00+00:00,5687504424.311724,2021-10-25 00:00:00+00:00,19,False,False,False,False
xtz,XTZ,2021-10-24 00:00:00+00:00,2021-10-24 00:00:00+00:00,2021-10-25 00:00:00+00:00,5591348818.505798,2021-10-25 00:00:00+00:00,20,False,False,False,False
ht,HT,2021-10-24 00:00:00+00:00,2021-10-24 00:00:00+00:00,2021-10-25 00:00:00+00:00,5112500193.2471,2021-10-25 00:00:00+00:00,21,False,False,False,False
xmr,XMR,2021-10-24 00:00:00+00:00,2021-10-24 00:00:00+00:00,2021-10-25 00:00:00+00:00,5086613712.60011,2021-10-25 00:00:00+00:00,22,False,False,False,False
aave,AAVE,2021-10-24 00:00:00+00:00,2021-10-24 00:00:00+00:00,2021-10-25 00:00:00+00:00,4918951532.089168,2021-10-25 00:00:00+00:00,23,False,False,False,False
neo,NEO,2021-10-24 00:00:00+00:00,2021-10-24 00:00:00+00:00,2021-10-25 00:00:00+00:00,4373630756.0136,2021-10-25 00:00:00+00:00,24,False,False,False,False
lend,LEND,2021-10-24 00:00:00+00:00,2021-10-24 00:00:00+00:00,2021-10-25 00:00:00+00:00,3996647940.5978923,2021-10-25 00:00:00+00:00,25,False,False,False,False
gno,GNO,2021-10-24 00:00:00+00:00,2021-10-24 00:00:00+00:00,2021-10-25 00:00:00+00:00,3788543084.97902,2021-10-25 00:00:00+00:00,26,False,False,False,False
ldo,LDO,2021-10-24 00:00:00+00:00,2021-10-24 00:00:00+00:00,2021-10-25 00:00:00+00:00,3567139392.30451,2021-10-25 00:00:00+00:00,27,False,False,False,False
bsv,BSV,2021-10-24 00:00:00+00:00,2021-10-24 00:00:00+00:00,2021-10-25 00:00:00+00:00,3247532999.480806,2021-10-25 00:00:00+00:00,28,False,False,False,False
comp,COMP,2021-10-24 00:00:00+00:00,2021-10-24 00:00:00+00:00,2021-10-25 00:00:00+00:00,3075811720.43506,2021-10-25 00:00:00+00:00,29,False,False,False,False
sushi,SUSHI,2021-10-24 00:00:00+00:00,2021-10-24 00:00:00+00:00,2021-10-25 00:00:00+00:00,2477912203.615347,2021-10-25 00:00:00+00:00,30,False,False,False,False
btc,BTC,2021-10-31 00:00:00+00:00,2021-10-31 00:00:00+00:00,2021-11-01 00:00:00+00:00,1158634265024.8484,2021-11-01 00:00:00+00:00,1,True,True,True,True
eth,ETH,2021-10-31 00:00:00+00:00,2021-10-31 00:00:00+00:00,2021-11-01 00:00:00+00:00,505647872219.575,2021-11-01 00:00:00+00:00,2,True,True,True,True
xrp,XRP,2021-10-31 00:00:00+00:00,2021-10-31 00:00:00+00:00,2021-11-01 00:00:00+00:00,111453759798.47952,2021-11-01 00:00:00+00:00,3,True,True,False,True
ada,ADA,2021-10-31 00:00:00+00:00,2021-10-31 00:00:00+00:00,2021-11-01 00:00:00+00:00,64485696380.33965,2021-11-01 00:00:00+00:00,4,True,True,False,True
dot,DOT,2021-10-31 00:00:00+00:00,2021-10-31 00:00:00+00:00,2021-11-01 00:00:00+00:00,47508432498.55341,2021-11-01 00:00:00+00:00,5,True,True,False,False
xlm,XLM,2021-10-31 00:00:00+00:00,2021-10-31 00:00:00+00:00,2021-11-01 00:00:00+00:00,39333151065.73124,2021-11-01 00:00:00+00:00,6,True,True,False,False
doge,DOGE,2021-10-31 00:00:00+00:00,2021-10-31 00:00:00+00:00,2021-11-01 00:00:00+00:00,37050410660.691895,2021-11-01 00:00:00+00:00,7,False,True,False,False
link,LINK,2021-10-31 00:00:00+00:00,2021-10-31 00:00:00+00:00,2021-11-01 00:00:00+00:00,30046809439.6488,2021-11-01 00:00:00+00:00,8,False,True,True,True
uni,UNI,2021-10-31 00:00:00+00:00,2021-10-31 00:00:00+00:00,2021-11-01 00:00:00+00:00,25017796954.9941,2021-11-01 00:00:00+00:00,9,False,True,False,False
icp,ICP,2021-10-31 00:00:00+00:00,2021-10-31 00:00:00+00:00,2021-11-01 00:00:00+00:00,21390347895.56887,2021-11-01 00:00:00+00:00,10,False,True,False,False
cro,CRO,2021-10-31 00:00:00+00:00,2021-10-31 00:00:00+00:00,2021-11-01 00:00:00+00:00,21125561941.6742,2021-11-01 00:00:00+00:00,11,False,False,False,False
ftt,FTT,2021-10-31 00:00:00+00:00,2021-10-31 00:00:00+00:00,2021-11-01 00:00:00+00:00,19993634520.724617,2021-11-01 00:00:00+00:00,12,False,False,False,False
algo,ALGO,2021-10-31 00:00:00+00:00,2021-10-31 00:00:00+00:00,2021-11-01 00:00:00+00:00,18291479334.7428,2021-11-01 00:00:00+00:00,13,False,False,False,False
ltc,LTC,2021-10-31 00:00:00+00:00,2021-10-31 00:00:00+00:00,2021-11-01 00:00:00+00:00,13230024141.284237,2021-11-01 00:00:00+00:00,14,False,False,False,True
bch,BCH,2021-10-31 00:00:00+00:00,2021-10-31 00:00:00+00:00,2021-11-01 00:00:00+00:00,11282567229.681704,2021-11-01 00:00:00+00:00,15,False,False,False,False
crv,CRV,2021-10-31 00:00:00+00:00,2021-10-31 00:00:00+00:00,2021-11-01 00:00:00+00:00,7168364411.795232,2021-11-01 00:00:00+00:00,16,False,False,False,False
etc,ETC,2021-10-31 00:00:00+00:00,2021-10-31 00:00:00+00:00,2021-11-01 00:00:00+00:00,7123110321.507063,2021-11-01 00:00:00+00:00,17,False,False,False,False
qnt,QNT,2021-10-31 00:00:00+00:00,2021-10-31 00:00:00+00:00,2021-11-01 00:00:00+00:00,6935049195.281955,2021-11-01 00:00:00+00:00,18,False,False,False,False
1inch,1INCH,2021-10-31 00:00:00+00:00,2021-10-31 00:00:00+00:00,2021-11-01 00:00:00+00:00,6863422752.438675,2021-11-01 00:00:00+00:00,19,False,False,False,False
mana,MANA,2021-10-31 00:00:00+00:00,2021-10-31 00:00:00+00:00,2021-11-01 00:00:00+00:00,6184918205.927657,2021-11-01 00:00:00+00:00,20,False,False,False,False
xtz,XTZ,2021-10-31 00:00:00+00:00,2021-10-31 00:00:00+00:00,2021-11-01 00:00:00+00:00,5485392743.715473,2021-11-01 00:00:00+00:00,21,False,False,False,False
aave,AAVE,2021-10-31 00:00:00+00:00,2021-10-31 00:00:00+00:00,2021-11-01 00:00:00+00:00,5034526789.701184,2021-11-01 00:00:00+00:00,22,False,False,False,False
ht,HT,2021-10-31 00:00:00+00:00,2021-10-31 00:00:00+00:00,2021-11-01 00:00:00+00:00,4952428836.19761,2021-11-01 00:00:00+00:00,23,False,False,False,False
xmr,XMR,2021-10-31 00:00:00+00:00,2021-10-31 00:00:00+00:00,2021-11-01 00:00:00+00:00,4809804266.734031,2021-11-01 00:00:00+00:00,24,False,False,False,False
gno,GNO,2021-10-31 00:00:00+00:00,2021-10-31 00:00:00+00:00,2021-11-01 00:00:00+00:00,4489129176.88016,2021-11-01 00:00:00+00:00,25,False,False,False,False
neo,NEO,2021-10-31 00:00:00+00:00,2021-10-31 00:00:00+00:00,2021-11-01 00:00:00+00:00,4464846207.08512,2021-11-01 00:00:00+00:00,26,False,False,False,False
lend,LEND,2021-10-31 00:00:00+00:00,2021-10-31 00:00:00+00:00,2021-11-01 00:00:00+00:00,4090552833.196611,2021-11-01 00:00:00+00:00,27,False,False,False,False
comp,COMP,2021-10-31 00:00:00+00:00,2021-10-31 00:00:00+00:00,2021-11-01 00:00:00+00:00,3446354725.98203,2021-11-01 00:00:00+00:00,28,False,False,False,False
ldo,LDO,2021-10-31 00:00:00+00:00,2021-10-31 00:00:00+00:00,2021-11-01 00:00:00+00:00,3306100540.06768,2021-11-01 00:00:00+00:00,29,False,False,False,False
bsv,BSV,2021-10-31 00:00:00+00:00,2021-10-31 00:00:00+00:00,2021-11-01 00:00:00+00:00,3123876032.7440295,2021-11-01 00:00:00+00:00,30,False,False,False,False
btc,BTC,2021-11-07 00:00:00+00:00,2021-11-07 00:00:00+00:00,2021-11-08 00:00:00+00:00,1189437680906.6013,2021-11-08 00:00:00+00:00,1,True,True,True,True
eth,ETH,2021-11-07 00:00:00+00:00,2021-11-07 00:00:00+00:00,2021-11-08 00:00:00+00:00,542845482844.76886,2021-11-08 00:00:00+00:00,2,True,True,True,True
xrp,XRP,2021-11-07 00:00:00+00:00,2021-11-07 00:00:00+00:00,2021-11-08 00:00:00+00:00,121664391820.73587,2021-11-08 00:00:00+00:00,3,True,True,False,True
ada,ADA,2021-11-07 00:00:00+00:00,2021-11-07 00:00:00+00:00,2021-11-08 00:00:00+00:00,66201376728.04323,2021-11-08 00:00:00+00:00,4,True,True,False,True
dot,DOT,2021-11-07 00:00:00+00:00,2021-11-07 00:00:00+00:00,2021-11-08 00:00:00+00:00,57886391100.49223,2021-11-08 00:00:00+00:00,5,True,True,False,False
xlm,XLM,2021-11-07 00:00:00+00:00,2021-11-07 00:00:00+00:00,2021-11-08 00:00:00+00:00,38286209477.44126,2021-11-08 00:00:00+00:00,6,True,True,False,False
doge,DOGE,2021-11-07 00:00:00+00:00,2021-11-07 00:00:00+00:00,2021-11-08 00:00:00+00:00,35096168220.886925,2021-11-08 00:00:00+00:00,7,False,True,False,False
cro,CRO,2021-11-07 00:00:00+00:00,2021-11-07 00:00:00+00:00,2021-11-08 00:00:00+00:00,34887000140.9166,2021-11-08 00:00:00+00:00,8,False,True,False,False
link,LINK,2021-11-07 00:00:00+00:00,2021-11-07 00:00:00+00:00,2021-11-08 00:00:00+00:00,32248815340.0782,2021-11-08 00:00:00+00:00,9,False,True,True,True
icp,ICP,2021-11-07 00:00:00+00:00,2021-11-07 00:00:00+00:00,2021-11-08 00:00:00+00:00,25368728943.216503,2021-11-08 00:00:00+00:00,10,False,True,False,False
uni,UNI,2021-11-07 00:00:00+00:00,2021-11-07 00:00:00+00:00,2021-11-08 00:00:00+00:00,25302995234.0512,2021-11-08 00:00:00+00:00,11,False,False,False,False
ftt,FTT,2021-11-07 00:00:00+00:00,2021-11-07 00:00:00+00:00,2021-11-08 00:00:00+00:00,21378953141.00843,2021-11-08 00:00:00+00:00,12,False,False,False,False
algo,ALGO,2021-11-07 00:00:00+00:00,2021-11-07 00:00:00+00:00,2021-11-08 00:00:00+00:00,18626084481.5346,2021-11-08 00:00:00+00:00,13,False,False,False,False
ltc,LTC,2021-11-07 00:00:00+00:00,2021-11-07 00:00:00+00:00,2021-11-08 00:00:00+00:00,13870395388.149197,2021-11-08 00:00:00+00:00,14,False,False,False,True
bch,BCH,2021-11-07 00:00:00+00:00,2021-11-07 00:00:00+00:00,2021-11-08 00:00:00+00:00,11320564216.66422,2021-11-08 00:00:00+00:00,15,False,False,False,False
crv,CRV,2021-11-07 00:00:00+00:00,2021-11-07 00:00:00+00:00,2021-11-08 00:00:00+00:00,7328647856.1128645,2021-11-08 00:00:00+00:00,16,False,False,False,False
etc,ETC,2021-11-07 00:00:00+00:00,2021-11-07 00:00:00+00:00,2021-11-08 00:00:00+00:00,7044432010.049171,2021-11-08 00:00:00+00:00,17,False,False,False,False
1inch,1INCH,2021-11-07 00:00:00+00:00,2021-11-07 00:00:00+00:00,2021-11-08 00:00:00+00:00,6832075048.669545,2021-11-08 00:00:00+00:00,18,False,False,False,False
qnt,QNT,2021-11-07 00:00:00+00:00,2021-11-07 00:00:00+00:00,2021-11-08 00:00:00+00:00,6390649039.680961,2021-11-08 00:00:00+00:00,19,False,False,False,False
mana,MANA,2021-11-07 00:00:00+00:00,2021-11-07 00:00:00+00:00,2021-11-08 00:00:00+00:00,6199181794.435133,2021-11-08 00:00:00+00:00,20,False,False,False,False
xtz,XTZ,2021-11-07 00:00:00+00:00,2021-11-07 00:00:00+00:00,2021-11-08 00:00:00+00:00,5501524836.600869,2021-11-08 00:00:00+00:00,21,False,False,False,False
gno,GNO,2021-11-07 00:00:00+00:00,2021-11-07 00:00:00+00:00,2021-11-08 00:00:00+00:00,5384452796.62252,2021-11-08 00:00:00+00:00,22,False,False,False,False
ht,HT,2021-11-07 00:00:00+00:00,2021-11-07 00:00:00+00:00,2021-11-08 00:00:00+00:00,5353660150.74905,2021-11-08 00:00:00+00:00,23,False,False,False,False
aave,AAVE,2021-11-07 00:00:00+00:00,2021-11-07 00:00:00+00:00,2021-11-08 00:00:00+00:00,5107695971.973296,2021-11-08 00:00:00+00:00,24,False,False,False,False
xmr,XMR,2021-11-07 00:00:00+00:00,2021-11-07 00:00:00+00:00,2021-11-08 00:00:00+00:00,4674487171.482342,2021-11-08 00:00:00+00:00,25,False,False,False,False
neo,NEO,2021-11-07 00:00:00+00:00,2021-11-07 00:00:00+00:00,2021-11-08 00:00:00+00:00,4609181459.11903,2021-11-08 00:00:00+00:00,26,False,False,False,False
lend,LEND,2021-11-07 00:00:00+00:00,2021-11-07 00:00:00+00:00,2021-11-08 00:00:00+00:00,4150002791.1267447,2021-11-08 00:00:00+00:00,27,False,False,False,False
ldo,LDO,2021-11-07 00:00:00+00:00,2021-11-07 00:00:00+00:00,2021-11-08 00:00:00+00:00,3743586636.52995,2021-11-08 00:00:00+00:00,28,False,False,False,False
comp,COMP,2021-11-07 00:00:00+00:00,2021-11-07 00:00:00+00:00,2021-11-08 00:00:00+00:00,3619255628.56306,2021-11-08 00:00:00+00:00,29,False,False,False,False
avaxc,AVAXC,2021-11-07 00:00:00+00:00,2021-11-07 00:00:00+00:00,2021-11-08 00:00:00+00:00,3205764520.085268,2021-11-08 00:00:00+00:00,30,False,False,False,False
btc,BTC,2021-11-14 00:00:00+00:00,2021-11-14 00:00:00+00:00,2021-11-15 00:00:00+00:00,1227377584620.3755,2021-11-15 00:00:00+00:00,1,True,True,True,True
eth,ETH,2021-11-14 00:00:00+00:00,2021-11-14 00:00:00+00:00,2021-11-15 00:00:00+00:00,542921206398.5056,2021-11-15 00:00:00+00:00,2,True,True,True,True
xrp,XRP,2021-11-14 00:00:00+00:00,2021-11-14 00:00:00+00:00,2021-11-15 00:00:00+00:00,118420012108.73834,2021-11-15 00:00:00+00:00,3,True,True,False,True
ada,ADA,2021-11-14 00:00:00+00:00,2021-11-14 00:00:00+00:00,2021-11-15 00:00:00+00:00,66715125490.92476,2021-11-15 00:00:00+00:00,4,True,True,False,True
dot,DOT,2021-11-14 00:00:00+00:00,2021-11-14 00:00:00+00:00,2021-11-15 00:00:00+00:00,51242583528.334366,2021-11-15 00:00:00+00:00,5,True,True,False,False
cro,CRO,2021-11-14 00:00:00+00:00,2021-11-14 00:00:00+00:00,2021-11-15 00:00:00+00:00,43585861233.5185,2021-11-15 00:00:00+00:00,6,True,True,False,False
xlm,XLM,2021-11-14 00:00:00+00:00,2021-11-14 00:00:00+00:00,2021-11-15 00:00:00+00:00,39706689883.27594,2021-11-15 00:00:00+00:00,7,False,True,False,False
doge,DOGE,2021-11-14 00:00:00+00:00,2021-11-14 00:00:00+00:00,2021-11-15 00:00:00+00:00,34605893303.37634,2021-11-15 00:00:00+00:00,8,False,True,False,False
link,LINK,2021-11-14 00:00:00+00:00,2021-11-14 00:00:00+00:00,2021-11-15 00:00:00+00:00,33603930751.6655,2021-11-15 00:00:00+00:00,9,False,True,True,True
uni,UNI,2021-11-14 00:00:00+00:00,2021-11-14 00:00:00+00:00,2021-11-15 00:00:00+00:00,24453941612.1548,2021-11-15 00:00:00+00:00,10,False,True,False,False
icp,ICP,2021-11-14 00:00:00+00:00,2021-11-14 00:00:00+00:00,2021-11-15 00:00:00+00:00,22839315296.18573,2021-11-15 00:00:00+00:00,11,False,False,False,False
algo,ALGO,2021-11-14 00:00:00+00:00,2021-11-14 00:00:00+00:00,2021-11-15 00:00:00+00:00,19718919153.919,2021-11-15 00:00:00+00:00,12,False,False,False,False
ltc,LTC,2021-11-14 00:00:00+00:00,2021-11-14 00:00:00+00:00,2021-11-15 00:00:00+00:00,19076501553.511963,2021-11-15 00:00:00+00:00,13,False,False,False,True
ftt,FTT,2021-11-14 00:00:00+00:00,2021-11-14 00:00:00+00:00,2021-11-15 00:00:00+00:00,18704294454.756554,2021-11-15 00:00:00+00:00,14,False,False,False,False
bch,BCH,2021-11-14 00:00:00+00:00,2021-11-14 00:00:00+00:00,2021-11-15 00:00:00+00:00,12738133207.200565,2021-11-15 00:00:00+00:00,15,False,False,False,False
etc,ETC,2021-11-14 00:00:00+00:00,2021-11-14 00:00:00+00:00,2021-11-15 00:00:00+00:00,7342006487.827859,2021-11-15 00:00:00+00:00,16,False,False,False,False
mana,MANA,2021-11-14 00:00:00+00:00,2021-11-14 00:00:00+00:00,2021-11-15 00:00:00+00:00,7033076855.040166,2021-11-15 00:00:00+00:00,17,False,False,False,False
crv,CRV,2021-11-14 00:00:00+00:00,2021-11-14 00:00:00+00:00,2021-11-15 00:00:00+00:00,6705005598.111548,2021-11-15 00:00:00+00:00,18,False,False,False,False
qnt,QNT,2021-11-14 00:00:00+00:00,2021-11-14 00:00:00+00:00,2021-11-15 00:00:00+00:00,6570836409.165123,2021-11-15 00:00:00+00:00,19,False,False,False,False
1inch,1INCH,2021-11-14 00:00:00+00:00,2021-11-14 00:00:00+00:00,2021-11-15 00:00:00+00:00,6364464501.585405,2021-11-15 00:00:00+00:00,20,False,False,False,False
ldo,LDO,2021-11-14 00:00:00+00:00,2021-11-14 00:00:00+00:00,2021-11-15 00:00:00+00:00,5283724942.98495,2021-11-15 00:00:00+00:00,21,False,False,False,False
xtz,XTZ,2021-11-14 00:00:00+00:00,2021-11-14 00:00:00+00:00,2021-11-15 00:00:00+00:00,5034571638.585042,2021-11-15 00:00:00+00:00,22,False,False,False,False
aave,AAVE,2021-11-14 00:00:00+00:00,2021-11-14 00:00:00+00:00,2021-11-15 00:00:00+00:00,5032530363.658208,2021-11-15 00:00:00+00:00,23,False,False,False,False
ht,HT,2021-11-14 00:00:00+00:00,2021-11-14 00:00:00+00:00,2021-11-15 00:00:00+00:00,4958671763.427135,2021-11-15 00:00:00+00:00,24,False,False,False,False
neo,NEO,2021-11-14 00:00:00+00:00,2021-11-14 00:00:00+00:00,2021-11-15 00:00:00+00:00,4832794394.13232,2021-11-15 00:00:00+00:00,25,False,False,False,False
xmr,XMR,2021-11-14 00:00:00+00:00,2021-11-14 00:00:00+00:00,2021-11-15 00:00:00+00:00,4801747333.095538,2021-11-15 00:00:00+00:00,26,False,False,False,False
gno,GNO,2021-11-14 00:00:00+00:00,2021-11-14 00:00:00+00:00,2021-11-15 00:00:00+00:00,4611423745.34417,2021-11-15 00:00:00+00:00,27,False,False,False,False
lend,LEND,2021-11-14 00:00:00+00:00,2021-11-14 00:00:00+00:00,2021-11-15 00:00:00+00:00,4088930737.109434,2021-11-15 00:00:00+00:00,28,False,False,False,False
avaxc,AVAXC,2021-11-14 00:00:00+00:00,2021-11-14 00:00:00+00:00,2021-11-15 00:00:00+00:00,3872419239.731446,2021-11-15 00:00:00+00:00,29,False,False,False,False
comp,COMP,2021-11-14 00:00:00+00:00,2021-11-14 00:00:00+00:00,2021-11-15 00:00:00+00:00,3460066037.75198,2021-11-15 00:00:00+00:00,30,False,False,False,False
btc,BTC,2021-11-21 00:00:00+00:00,2021-11-21 00:00:00+00:00,2021-11-22 00:00:00+00:00,1114516759935.0483,2021-11-22 00:00:00+00:00,1,True,True,True,True
eth,ETH,2021-11-21 00:00:00+00:00,2021-11-21 00:00:00+00:00,2021-11-22 00:00:00+00:00,507741036264.7453,2021-11-22 00:00:00+00:00,2,True,True,True,True
xrp,XRP,2021-11-21 00:00:00+00:00,2021-11-21 00:00:00+00:00,2021-11-22 00:00:00+00:00,106983704875.2816,2021-11-22 00:00:00+00:00,3,True,True,False,True
cro,CRO,2021-11-21 00:00:00+00:00,2021-11-21 00:00:00+00:00,2021-11-22 00:00:00+00:00,73892704584.4265,2021-11-22 00:00:00+00:00,4,True,True,False,False
ada,ADA,2021-11-21 00:00:00+00:00,2021-11-21 00:00:00+00:00,2021-11-22 00:00:00+00:00,60767401644.32492,2021-11-22 00:00:00+00:00,5,True,True,False,True
dot,DOT,2021-11-21 00:00:00+00:00,2021-11-21 00:00:00+00:00,2021-11-22 00:00:00+00:00,47588328233.10001,2021-11-22 00:00:00+00:00,6,True,True,False,False
xlm,XLM,2021-11-21 00:00:00+00:00,2021-11-21 00:00:00+00:00,2021-11-22 00:00:00+00:00,36392025660.77916,2021-11-22 00:00:00+00:00,7,False,True,False,False
doge,DOGE,2021-11-21 00:00:00+00:00,2021-11-21 00:00:00+00:00,2021-11-22 00:00:00+00:00,30055888979.770424,2021-11-22 00:00:00+00:00,8,False,True,False,False
link,LINK,2021-11-21 00:00:00+00:00,2021-11-21 00:00:00+00:00,2021-11-22 00:00:00+00:00,29107673924.6472,2021-11-22 00:00:00+00:00,9,False,True,True,True
uni,UNI,2021-11-21 00:00:00+00:00,2021-11-21 00:00:00+00:00,2021-11-22 00:00:00+00:00,21852352807.9021,2021-11-22 00:00:00+00:00,10,False,True,False,False
icp,ICP,2021-11-21 00:00:00+00:00,2021-11-21 00:00:00+00:00,2021-11-22 00:00:00+00:00,20741720800.735542,2021-11-22 00:00:00+00:00,11,False,False,False,False
algo,ALGO,2021-11-21 00:00:00+00:00,2021-11-21 00:00:00+00:00,2021-11-22 00:00:00+00:00,18579321509.3787,2021-11-22 00:00:00+00:00,12,False,False,False,False
ftt,FTT,2021-11-21 00:00:00+00:00,2021-11-21 00:00:00+00:00,2021-11-22 00:00:00+00:00,17500568027.950623,2021-11-22 00:00:00+00:00,13,False,False,False,False
ltc,LTC,2021-11-21 00:00:00+00:00,2021-11-21 00:00:00+00:00,2021-11-22 00:00:00+00:00,15465213596.72803,2021-11-22 00:00:00+00:00,14,False,False,False,True
bch,BCH,2021-11-21 00:00:00+00:00,2021-11-21 00:00:00+00:00,2021-11-22 00:00:00+00:00,10953176137.630148,2021-11-22 00:00:00+00:00,15,False,False,False,False
mana,MANA,2021-11-21 00:00:00+00:00,2021-11-21 00:00:00+00:00,2021-11-22 00:00:00+00:00,8145684257.463853,2021-11-22 00:00:00+00:00,16,False,False,False,False
etc,ETC,2021-11-21 00:00:00+00:00,2021-11-21 00:00:00+00:00,2021-11-22 00:00:00+00:00,6679909790.407748,2021-11-22 00:00:00+00:00,17,False,False,False,False
crv,CRV,2021-11-21 00:00:00+00:00,2021-11-21 00:00:00+00:00,2021-11-22 00:00:00+00:00,6300754275.510328,2021-11-22 00:00:00+00:00,18,False,False,False,False
1inch,1INCH,2021-11-21 00:00:00+00:00,2021-11-21 00:00:00+00:00,2021-11-22 00:00:00+00:00,6051670625.487495,2021-11-22 00:00:00+00:00,19,False,False,False,False
avaxc,AVAXC,2021-11-21 00:00:00+00:00,2021-11-21 00:00:00+00:00,2021-11-22 00:00:00+00:00,5627683715.397541,2021-11-22 00:00:00+00:00,20,False,False,False,False
qnt,QNT,2021-11-21 00:00:00+00:00,2021-11-21 00:00:00+00:00,2021-11-22 00:00:00+00:00,5552685858.024758,2021-11-22 00:00:00+00:00,21,False,False,False,False
ht,HT,2021-11-21 00:00:00+00:00,2021-11-21 00:00:00+00:00,2021-11-22 00:00:00+00:00,5111356870.75595,2021-11-22 00:00:00+00:00,22,False,False,False,False
xtz,XTZ,2021-11-21 00:00:00+00:00,2021-11-21 00:00:00+00:00,2021-11-22 00:00:00+00:00,4591554913.843899,2021-11-22 00:00:00+00:00,23,False,False,False,False
xmr,XMR,2021-11-21 00:00:00+00:00,2021-11-21 00:00:00+00:00,2021-11-22 00:00:00+00:00,4423636892.259018,2021-11-22 00:00:00+00:00,24,False,False,False,False
aave,AAVE,2021-11-21 00:00:00+00:00,2021-11-21 00:00:00+00:00,2021-11-22 00:00:00+00:00,4304172424.326944,2021-11-22 00:00:00+00:00,25,False,False,False,False
ldo,LDO,2021-11-21 00:00:00+00:00,2021-11-21 00:00:00+00:00,2021-11-22 00:00:00+00:00,4265281633.33057,2021-11-22 00:00:00+00:00,26,False,False,False,False
neo,NEO,2021-11-21 00:00:00+00:00,2021-11-21 00:00:00+00:00,2021-11-22 00:00:00+00:00,4200749750.87982,2021-11-22 00:00:00+00:00,27,False,False,False,False
gno,GNO,2021-11-21 00:00:00+00:00,2021-11-21 00:00:00+00:00,2021-11-22 00:00:00+00:00,4108051475.04028,2021-11-22 00:00:00+00:00,28,False,False,False,False
lend,LEND,2021-11-21 00:00:00+00:00,2021-11-21 00:00:00+00:00,2021-11-22 00:00:00+00:00,3497139937.9408817,2021-11-22 00:00:00+00:00,29,False,False,False,False
comp,COMP,2021-11-21 00:00:00+00:00,2021-11-21 00:00:00+00:00,2021-11-22 00:00:00+00:00,3076637780.89377,2021-11-22 00:00:00+00:00,30,False,False,False,False
btc,BTC,2021-11-28 00:00:00+00:00,2021-11-28 00:00:00+00:00,2021-11-29 00:00:00+00:00,1081182893171.7826,2021-11-29 00:00:00+00:00,1,True,True,True,True
eth,ETH,2021-11-28 00:00:00+00:00,2021-11-28 00:00:00+00:00,2021-11-29 00:00:00+00:00,505605120970.0283,2021-11-29 00:00:00+00:00,2,True,True,True,True
xrp,XRP,2021-11-28 00:00:00+00:00,2021-11-28 00:00:00+00:00,2021-11-29 00:00:00+00:00,96649168629.96379,2021-11-29 00:00:00+00:00,3,True,True,False,True
cro,CRO,2021-11-28 00:00:00+00:00,2021-11-28 00:00:00+00:00,2021-11-29 00:00:00+00:00,75318842181.73,2021-11-29 00:00:00+00:00,4,True,True,False,False
ada,ADA,2021-11-28 00:00:00+00:00,2021-11-28 00:00:00+00:00,2021-11-29 00:00:00+00:00,52170426250.04758,2021-11-29 00:00:00+00:00,5,True,True,False,True
dot,DOT,2021-11-28 00:00:00+00:00,2021-11-28 00:00:00+00:00,2021-11-29 00:00:00+00:00,39935305288.06629,2021-11-29 00:00:00+00:00,6,True,True,False,False
xlm,XLM,2021-11-28 00:00:00+00:00,2021-11-28 00:00:00+00:00,2021-11-29 00:00:00+00:00,34013906019.136936,2021-11-29 00:00:00+00:00,7,False,True,False,False
doge,DOGE,2021-11-28 00:00:00+00:00,2021-11-28 00:00:00+00:00,2021-11-29 00:00:00+00:00,27353323888.144577,2021-11-29 00:00:00+00:00,8,False,True,False,False
link,LINK,2021-11-28 00:00:00+00:00,2021-11-28 00:00:00+00:00,2021-11-29 00:00:00+00:00,24748801191.6123,2021-11-29 00:00:00+00:00,9,False,True,True,True
uni,UNI,2021-11-28 00:00:00+00:00,2021-11-28 00:00:00+00:00,2021-11-29 00:00:00+00:00,20162289480.9673,2021-11-29 00:00:00+00:00,10,False,True,False,False
icp,ICP,2021-11-28 00:00:00+00:00,2021-11-28 00:00:00+00:00,2021-11-29 00:00:00+00:00,19860337541.9842,2021-11-29 00:00:00+00:00,11,False,False,False,False
algo,ALGO,2021-11-28 00:00:00+00:00,2021-11-28 00:00:00+00:00,2021-11-29 00:00:00+00:00,17051671819.1553,2021-11-29 00:00:00+00:00,12,False,False,False,False
ftt,FTT,2021-11-28 00:00:00+00:00,2021-11-28 00:00:00+00:00,2021-11-29 00:00:00+00:00,17015321474.413292,2021-11-29 00:00:00+00:00,13,False,False,False,False
ltc,LTC,2021-11-28 00:00:00+00:00,2021-11-28 00:00:00+00:00,2021-11-29 00:00:00+00:00,13751999931.320908,2021-11-29 00:00:00+00:00,14,False,False,False,True
mana,MANA,2021-11-28 00:00:00+00:00,2021-11-28 00:00:00+00:00,2021-11-29 00:00:00+00:00,11219214675.885103,2021-11-29 00:00:00+00:00,15,False,False,False,False
bch,BCH,2021-11-28 00:00:00+00:00,2021-11-28 00:00:00+00:00,2021-11-29 00:00:00+00:00,10732306645.937485,2021-11-29 00:00:00+00:00,16,False,False,False,False
crv,CRV,2021-11-28 00:00:00+00:00,2021-11-28 00:00:00+00:00,2021-11-29 00:00:00+00:00,7970208145.044189,2021-11-29 00:00:00+00:00,17,False,False,False,False
etc,ETC,2021-11-28 00:00:00+00:00,2021-11-28 00:00:00+00:00,2021-11-29 00:00:00+00:00,6236964069.275256,2021-11-29 00:00:00+00:00,18,False,False,False,False
1inch,1INCH,2021-11-28 00:00:00+00:00,2021-11-28 00:00:00+00:00,2021-11-29 00:00:00+00:00,5469638272.74345,2021-11-29 00:00:00+00:00,19,False,False,False,False
qnt,QNT,2021-11-28 00:00:00+00:00,2021-11-28 00:00:00+00:00,2021-11-29 00:00:00+00:00,5053322077.128496,2021-11-29 00:00:00+00:00,20,False,False,False,False
ht,HT,2021-11-28 00:00:00+00:00,2021-11-28 00:00:00+00:00,2021-11-29 00:00:00+00:00,4953726155.389305,2021-11-29 00:00:00+00:00,21,False,False,False,False
avaxc,AVAXC,2021-11-28 00:00:00+00:00,2021-11-28 00:00:00+00:00,2021-11-29 00:00:00+00:00,4915997045.017551,2021-11-29 00:00:00+00:00,22,False,False,False,False
xmr,XMR,2021-11-28 00:00:00+00:00,2021-11-28 00:00:00+00:00,2021-11-29 00:00:00+00:00,4189855494.171905,2021-11-29 00:00:00+00:00,23,False,False,False,False
gno,GNO,2021-11-28 00:00:00+00:00,2021-11-28 00:00:00+00:00,2021-11-29 00:00:00+00:00,4087557615.60454,2021-11-29 00:00:00+00:00,24,False,False,False,False
xtz,XTZ,2021-11-28 00:00:00+00:00,2021-11-28 00:00:00+00:00,2021-11-29 00:00:00+00:00,4029271421.7307386,2021-11-29 00:00:00+00:00,25,False,False,False,False
aave,AAVE,2021-11-28 00:00:00+00:00,2021-11-28 00:00:00+00:00,2021-11-29 00:00:00+00:00,3811126936.015312,2021-11-29 00:00:00+00:00,26,False,False,False,False
neo,NEO,2021-11-28 00:00:00+00:00,2021-11-28 00:00:00+00:00,2021-11-29 00:00:00+00:00,3794839080.86475,2021-11-29 00:00:00+00:00,27,False,False,False,False
ldo,LDO,2021-11-28 00:00:00+00:00,2021-11-28 00:00:00+00:00,2021-11-29 00:00:00+00:00,3616542608.71379,2021-11-29 00:00:00+00:00,28,False,False,False,False
lend,LEND,2021-11-28 00:00:00+00:00,2021-11-28 00:00:00+00:00,2021-11-29 00:00:00+00:00,3096540496.6520495,2021-11-29 00:00:00+00:00,29,False,False,False,False
mkr,MKR,2021-11-28 00:00:00+00:00,2021-11-28 00:00:00+00:00,2021-11-29 00:00:00+00:00,3047122364.7851596,2021-11-29 00:00:00+00:00,30,False,False,False,False
btc,BTC,2021-12-05 00:00:00+00:00,2021-12-05 00:00:00+00:00,2021-12-06 00:00:00+00:00,931905952036.2103,2021-12-06 00:00:00+00:00,1,True,True,True,True
eth,ETH,2021-12-05 00:00:00+00:00,2021-12-05 00:00:00+00:00,2021-12-06 00:00:00+00:00,493863538704.081,2021-12-06 00:00:00+00:00,2,True,True,True,True
xrp,XRP,2021-12-05 00:00:00+00:00,2021-12-05 00:00:00+00:00,2021-12-06 00:00:00+00:00,80336470711.05215,2021-12-06 00:00:00+00:00,3,True,True,False,True
cro,CRO,2021-12-05 00:00:00+00:00,2021-12-05 00:00:00+00:00,2021-12-06 00:00:00+00:00,56259728152.8298,2021-12-06 00:00:00+00:00,4,True,True,False,False
ada,ADA,2021-12-05 00:00:00+00:00,2021-12-05 00:00:00+00:00,2021-12-06 00:00:00+00:00,45174332252.58908,2021-12-06 00:00:00+00:00,5,True,True,False,True
dot,DOT,2021-12-05 00:00:00+00:00,2021-12-05 00:00:00+00:00,2021-12-06 00:00:00+00:00,31735353578.040287,2021-12-06 00:00:00+00:00,6,True,True,False,False
xlm,XLM,2021-12-05 00:00:00+00:00,2021-12-05 00:00:00+00:00,2021-12-06 00:00:00+00:00,30151837845.327324,2021-12-06 00:00:00+00:00,7,False,True,False,False
doge,DOGE,2021-12-05 00:00:00+00:00,2021-12-05 00:00:00+00:00,2021-12-06 00:00:00+00:00,22633314932.81024,2021-12-06 00:00:00+00:00,8,False,True,False,False
link,LINK,2021-12-05 00:00:00+00:00,2021-12-05 00:00:00+00:00,2021-12-06 00:00:00+00:00,19390930414.7613,2021-12-06 00:00:00+00:00,9,False,True,True,True
algo,ALGO,2021-12-05 00:00:00+00:00,2021-12-05 00:00:00+00:00,2021-12-06 00:00:00+00:00,17438545245.5564,2021-12-06 00:00:00+00:00,10,False,True,False,False
uni,UNI,2021-12-05 00:00:00+00:00,2021-12-05 00:00:00+00:00,2021-12-06 00:00:00+00:00,16518444981.6677,2021-12-06 00:00:00+00:00,11,False,False,False,False
ftt,FTT,2021-12-05 00:00:00+00:00,2021-12-05 00:00:00+00:00,2021-12-06 00:00:00+00:00,14696436668.589178,2021-12-06 00:00:00+00:00,12,False,False,False,False
icp,ICP,2021-12-05 00:00:00+00:00,2021-12-05 00:00:00+00:00,2021-12-06 00:00:00+00:00,14421046764.65369,2021-12-06 00:00:00+00:00,13,False,False,False,False
ltc,LTC,2021-12-05 00:00:00+00:00,2021-12-05 00:00:00+00:00,2021-12-06 00:00:00+00:00,10791624609.702948,2021-12-06 00:00:00+00:00,14,False,False,False,True
bch,BCH,2021-12-05 00:00:00+00:00,2021-12-05 00:00:00+00:00,2021-12-06 00:00:00+00:00,8582137818.642132,2021-12-06 00:00:00+00:00,15,False,False,False,False
mana,MANA,2021-12-05 00:00:00+00:00,2021-12-05 00:00:00+00:00,2021-12-06 00:00:00+00:00,8057109899.309509,2021-12-06 00:00:00+00:00,16,False,False,False,False
crv,CRV,2021-12-05 00:00:00+00:00,2021-12-05 00:00:00+00:00,2021-12-06 00:00:00+00:00,5875024445.27121,2021-12-06 00:00:00+00:00,17,False,False,False,False
etc,ETC,2021-12-05 00:00:00+00:00,2021-12-05 00:00:00+00:00,2021-12-06 00:00:00+00:00,5108924824.809034,2021-12-06 00:00:00+00:00,18,False,False,False,False
ht,HT,2021-12-05 00:00:00+00:00,2021-12-05 00:00:00+00:00,2021-12-06 00:00:00+00:00,4384931733.309605,2021-12-06 00:00:00+00:00,19,False,False,False,False
gno,GNO,2021-12-05 00:00:00+00:00,2021-12-05 00:00:00+00:00,2021-12-06 00:00:00+00:00,4222020057.05973,2021-12-06 00:00:00+00:00,20,False,False,False,False
qnt,QNT,2021-12-05 00:00:00+00:00,2021-12-05 00:00:00+00:00,2021-12-06 00:00:00+00:00,4214419851.7074413,2021-12-06 00:00:00+00:00,21,False,False,False,False
avaxc,AVAXC,2021-12-05 00:00:00+00:00,2021-12-05 00:00:00+00:00,2021-12-06 00:00:00+00:00,3974060331.8170424,2021-12-06 00:00:00+00:00,22,False,False,False,False
1inch,1INCH,2021-12-05 00:00:00+00:00,2021-12-05 00:00:00+00:00,2021-12-06 00:00:00+00:00,3930103874.11638,2021-12-06 00:00:00+00:00,23,False,False,False,False
ldo,LDO,2021-12-05 00:00:00+00:00,2021-12-05 00:00:00+00:00,2021-12-06 00:00:00+00:00,3849706476.02172,2021-12-06 00:00:00+00:00,24,False,False,False,False
xmr,XMR,2021-12-05 00:00:00+00:00,2021-12-05 00:00:00+00:00,2021-12-06 00:00:00+00:00,3526470670.858591,2021-12-06 00:00:00+00:00,25,False,False,False,False
xtz,XTZ,2021-12-05 00:00:00+00:00,2021-12-05 00:00:00+00:00,2021-12-06 00:00:00+00:00,3439974135.499733,2021-12-06 00:00:00+00:00,26,False,False,False,False
aave,AAVE,2021-12-05 00:00:00+00:00,2021-12-05 00:00:00+00:00,2021-12-06 00:00:00+00:00,3072714037.253568,2021-12-06 00:00:00+00:00,27,False,False,False,False
neo,NEO,2021-12-05 00:00:00+00:00,2021-12-05 00:00:00+00:00,2021-12-06 00:00:00+00:00,2821599521.35229,2021-12-06 00:00:00+00:00,28,False,False,False,False
mkr,MKR,2021-12-05 00:00:00+00:00,2021-12-05 00:00:00+00:00,2021-12-06 00:00:00+00:00,2550634196.791938,2021-12-06 00:00:00+00:00,29,False,False,False,False
lend,LEND,2021-12-05 00:00:00+00:00,2021-12-05 00:00:00+00:00,2021-12-06 00:00:00+00:00,2496580043.3125906,2021-12-06 00:00:00+00:00,30,False,False,False,False
btc,BTC,2021-12-12 00:00:00+00:00,2021-12-12 00:00:00+00:00,2021-12-13 00:00:00+00:00,947544868724.2345,2021-12-13 00:00:00+00:00,1,True,True,True,True
eth,ETH,2021-12-12 00:00:00+00:00,2021-12-12 00:00:00+00:00,2021-12-13 00:00:00+00:00,488223764661.8663,2021-12-13 00:00:00+00:00,2,True,True,True,True
xrp,XRP,2021-12-12 00:00:00+00:00,2021-12-12 00:00:00+00:00,2021-12-13 00:00:00+00:00,84191871943.28326,2021-12-13 00:00:00+00:00,3,True,True,False,True
cro,CRO,2021-12-12 00:00:00+00:00,2021-12-12 00:00:00+00:00,2021-12-13 00:00:00+00:00,60200427273.1609,2021-12-13 00:00:00+00:00,4,True,True,False,False
ada,ADA,2021-12-12 00:00:00+00:00,2021-12-12 00:00:00+00:00,2021-12-13 00:00:00+00:00,44367256888.24561,2021-12-13 00:00:00+00:00,5,True,True,False,True
dot,DOT,2021-12-12 00:00:00+00:00,2021-12-12 00:00:00+00:00,2021-12-13 00:00:00+00:00,33287444641.63854,2021-12-13 00:00:00+00:00,6,True,True,False,False
xlm,XLM,2021-12-12 00:00:00+00:00,2021-12-12 00:00:00+00:00,2021-12-13 00:00:00+00:00,29145545535.81877,2021-12-13 00:00:00+00:00,7,False,True,False,False
doge,DOGE,2021-12-12 00:00:00+00:00,2021-12-12 00:00:00+00:00,2021-12-13 00:00:00+00:00,22513049968.152187,2021-12-13 00:00:00+00:00,8,False,True,False,False
link,LINK,2021-12-12 00:00:00+00:00,2021-12-12 00:00:00+00:00,2021-12-13 00:00:00+00:00,20495998001.3307,2021-12-13 00:00:00+00:00,9,False,True,True,True
uni,UNI,2021-12-12 00:00:00+00:00,2021-12-12 00:00:00+00:00,2021-12-13 00:00:00+00:00,16035544257.469,2021-12-13 00:00:00+00:00,10,False,True,False,False
algo,ALGO,2021-12-12 00:00:00+00:00,2021-12-12 00:00:00+00:00,2021-12-13 00:00:00+00:00,15449776658.931,2021-12-13 00:00:00+00:00,11,False,False,False,False
ftt,FTT,2021-12-12 00:00:00+00:00,2021-12-12 00:00:00+00:00,2021-12-13 00:00:00+00:00,13854996529.177599,2021-12-13 00:00:00+00:00,12,False,False,False,False
icp,ICP,2021-12-12 00:00:00+00:00,2021-12-12 00:00:00+00:00,2021-12-13 00:00:00+00:00,13555263263.618677,2021-12-13 00:00:00+00:00,13,False,False,False,False
ltc,LTC,2021-12-12 00:00:00+00:00,2021-12-12 00:00:00+00:00,2021-12-13 00:00:00+00:00,11030525229.677008,2021-12-13 00:00:00+00:00,14,False,False,False,True
bch,BCH,2021-12-12 00:00:00+00:00,2021-12-12 00:00:00+00:00,2021-12-13 00:00:00+00:00,8689795970.118986,2021-12-13 00:00:00+00:00,15,False,False,False,False
mana,MANA,2021-12-12 00:00:00+00:00,2021-12-12 00:00:00+00:00,2021-12-13 00:00:00+00:00,7995086026.620089,2021-12-13 00:00:00+00:00,16,False,False,False,False
crv,CRV,2021-12-12 00:00:00+00:00,2021-12-12 00:00:00+00:00,2021-12-13 00:00:00+00:00,6331546344.3062935,2021-12-13 00:00:00+00:00,17,False,False,False,False
etc,ETC,2021-12-12 00:00:00+00:00,2021-12-12 00:00:00+00:00,2021-12-13 00:00:00+00:00,5004817093.079476,2021-12-13 00:00:00+00:00,18,False,False,False,False
ht,HT,2021-12-12 00:00:00+00:00,2021-12-12 00:00:00+00:00,2021-12-13 00:00:00+00:00,5002972612.27535,2021-12-13 00:00:00+00:00,19,False,False,False,False
qnt,QNT,2021-12-12 00:00:00+00:00,2021-12-12 00:00:00+00:00,2021-12-13 00:00:00+00:00,4847868147.176998,2021-12-13 00:00:00+00:00,20,False,False,False,False
gno,GNO,2021-12-12 00:00:00+00:00,2021-12-12 00:00:00+00:00,2021-12-13 00:00:00+00:00,4460438249.35142,2021-12-13 00:00:00+00:00,21,False,False,False,False
avaxc,AVAXC,2021-12-12 00:00:00+00:00,2021-12-12 00:00:00+00:00,2021-12-13 00:00:00+00:00,4185980487.5359144,2021-12-13 00:00:00+00:00,22,False,False,False,False
xtz,XTZ,2021-12-12 00:00:00+00:00,2021-12-12 00:00:00+00:00,2021-12-13 00:00:00+00:00,3944702531.271392,2021-12-13 00:00:00+00:00,23,False,False,False,False
1inch,1INCH,2021-12-12 00:00:00+00:00,2021-12-12 00:00:00+00:00,2021-12-13 00:00:00+00:00,3820158487.87818,2021-12-13 00:00:00+00:00,24,False,False,False,False
xmr,XMR,2021-12-12 00:00:00+00:00,2021-12-12 00:00:00+00:00,2021-12-13 00:00:00+00:00,3476577476.255215,2021-12-13 00:00:00+00:00,25,False,False,False,False
ldo,LDO,2021-12-12 00:00:00+00:00,2021-12-12 00:00:00+00:00,2021-12-13 00:00:00+00:00,3044756239.77268,2021-12-13 00:00:00+00:00,26,False,False,False,False
aave,AAVE,2021-12-12 00:00:00+00:00,2021-12-12 00:00:00+00:00,2021-12-13 00:00:00+00:00,2885261153.722176,2021-12-13 00:00:00+00:00,27,False,False,False,False
neo,NEO,2021-12-12 00:00:00+00:00,2021-12-12 00:00:00+00:00,2021-12-13 00:00:00+00:00,2819458093.61568,2021-12-13 00:00:00+00:00,28,False,False,False,False
bsv,BSV,2021-12-12 00:00:00+00:00,2021-12-12 00:00:00+00:00,2021-12-13 00:00:00+00:00,2537967600.363694,2021-12-13 00:00:00+00:00,29,False,False,False,False
mkr,MKR,2021-12-12 00:00:00+00:00,2021-12-12 00:00:00+00:00,2021-12-13 00:00:00+00:00,2440120128.373849,2021-12-13 00:00:00+00:00,30,False,False,False,False
btc,BTC,2021-12-19 00:00:00+00:00,2021-12-19 00:00:00+00:00,2021-12-20 00:00:00+00:00,886214966718.6549,2021-12-20 00:00:00+00:00,1,True,True,True,True
eth,ETH,2021-12-19 00:00:00+00:00,2021-12-19 00:00:00+00:00,2021-12-20 00:00:00+00:00,464449835222.0164,2021-12-20 00:00:00+00:00,2,True,True,True,True
xrp,XRP,2021-12-19 00:00:00+00:00,2021-12-19 00:00:00+00:00,2021-12-20 00:00:00+00:00,83753312875.50409,2021-12-20 00:00:00+00:00,3,True,True,False,True
cro,CRO,2021-12-19 00:00:00+00:00,2021-12-19 00:00:00+00:00,2021-12-20 00:00:00+00:00,51533936757.6189,2021-12-20 00:00:00+00:00,4,True,True,False,False
ada,ADA,2021-12-19 00:00:00+00:00,2021-12-19 00:00:00+00:00,2021-12-20 00:00:00+00:00,41070430870.774704,2021-12-20 00:00:00+00:00,5,True,True,False,True
dot,DOT,2021-12-19 00:00:00+00:00,2021-12-19 00:00:00+00:00,2021-12-20 00:00:00+00:00,27972777059.849636,2021-12-20 00:00:00+00:00,6,True,True,False,False
xlm,XLM,2021-12-19 00:00:00+00:00,2021-12-19 00:00:00+00:00,2021-12-20 00:00:00+00:00,26772007883.49227,2021-12-20 00:00:00+00:00,7,False,True,False,False
doge,DOGE,2021-12-19 00:00:00+00:00,2021-12-19 00:00:00+00:00,2021-12-20 00:00:00+00:00,22528523545.138832,2021-12-20 00:00:00+00:00,8,False,True,False,False
link,LINK,2021-12-19 00:00:00+00:00,2021-12-19 00:00:00+00:00,2021-12-20 00:00:00+00:00,18995260629.6858,2021-12-20 00:00:00+00:00,9,False,True,True,True
uni,UNI,2021-12-19 00:00:00+00:00,2021-12-19 00:00:00+00:00,2021-12-20 00:00:00+00:00,15050408970.9674,2021-12-20 00:00:00+00:00,10,False,True,False,False
algo,ALGO,2021-12-19 00:00:00+00:00,2021-12-19 00:00:00+00:00,2021-12-20 00:00:00+00:00,13634345299.322,2021-12-20 00:00:00+00:00,11,False,False,False,False
ftt,FTT,2021-12-19 00:00:00+00:00,2021-12-19 00:00:00+00:00,2021-12-20 00:00:00+00:00,13365900786.976149,2021-12-20 00:00:00+00:00,12,False,False,False,False
icp,ICP,2021-12-19 00:00:00+00:00,2021-12-19 00:00:00+00:00,2021-12-20 00:00:00+00:00,10840748845.545675,2021-12-20 00:00:00+00:00,13,False,False,False,False
ltc,LTC,2021-12-19 00:00:00+00:00,2021-12-19 00:00:00+00:00,2021-12-20 00:00:00+00:00,10657148953.102428,2021-12-20 00:00:00+00:00,14,False,False,False,True
bch,BCH,2021-12-19 00:00:00+00:00,2021-12-19 00:00:00+00:00,2021-12-20 00:00:00+00:00,8237552823.201778,2021-12-20 00:00:00+00:00,15,False,False,False,False
mana,MANA,2021-12-19 00:00:00+00:00,2021-12-19 00:00:00+00:00,2021-12-20 00:00:00+00:00,7186830547.022883,2021-12-20 00:00:00+00:00,16,False,False,False,False
crv,CRV,2021-12-19 00:00:00+00:00,2021-12-19 00:00:00+00:00,2021-12-20 00:00:00+00:00,6909056533.721099,2021-12-20 00:00:00+00:00,17,False,False,False,False
avaxc,AVAXC,2021-12-19 00:00:00+00:00,2021-12-19 00:00:00+00:00,2021-12-20 00:00:00+00:00,5231883488.610861,2021-12-20 00:00:00+00:00,18,False,False,False,False
ht,HT,2021-12-19 00:00:00+00:00,2021-12-19 00:00:00+00:00,2021-12-20 00:00:00+00:00,5067739638.4751,2021-12-20 00:00:00+00:00,19,False,False,False,False
etc,ETC,2021-12-19 00:00:00+00:00,2021-12-19 00:00:00+00:00,2021-12-20 00:00:00+00:00,4617327068.348369,2021-12-20 00:00:00+00:00,20,False,False,False,False
gno,GNO,2021-12-19 00:00:00+00:00,2021-12-19 00:00:00+00:00,2021-12-20 00:00:00+00:00,4497176487.32375,2021-12-20 00:00:00+00:00,21,False,False,False,False
qnt,QNT,2021-12-19 00:00:00+00:00,2021-12-19 00:00:00+00:00,2021-12-20 00:00:00+00:00,4475766252.989513,2021-12-20 00:00:00+00:00,22,False,False,False,False
1inch,1INCH,2021-12-19 00:00:00+00:00,2021-12-19 00:00:00+00:00,2021-12-20 00:00:00+00:00,3659639183.679045,2021-12-20 00:00:00+00:00,23,False,False,False,False
xtz,XTZ,2021-12-19 00:00:00+00:00,2021-12-19 00:00:00+00:00,2021-12-20 00:00:00+00:00,3624494840.279375,2021-12-20 00:00:00+00:00,24,False,False,False,False
xmr,XMR,2021-12-19 00:00:00+00:00,2021-12-19 00:00:00+00:00,2021-12-20 00:00:00+00:00,3230106638.134963,2021-12-20 00:00:00+00:00,25,False,False,False,False
aave,AAVE,2021-12-19 00:00:00+00:00,2021-12-19 00:00:00+00:00,2021-12-20 00:00:00+00:00,2953670909.858896,2021-12-20 00:00:00+00:00,26,False,False,False,False
ldo,LDO,2021-12-19 00:00:00+00:00,2021-12-19 00:00:00+00:00,2021-12-20 00:00:00+00:00,2907175583.81081,2021-12-20 00:00:00+00:00,27,False,False,False,False
neo,NEO,2021-12-19 00:00:00+00:00,2021-12-19 00:00:00+00:00,2021-12-20 00:00:00+00:00,2542639029.97861,2021-12-20 00:00:00+00:00,28,False,False,False,False
lend,LEND,2021-12-19 00:00:00+00:00,2021-12-19 00:00:00+00:00,2021-12-20 00:00:00+00:00,2399857506.6418176,2021-12-20 00:00:00+00:00,29,False,False,False,False
mkr,MKR,2021-12-19 00:00:00+00:00,2021-12-19 00:00:00+00:00,2021-12-20 00:00:00+00:00,2359880277.658743,2021-12-20 00:00:00+00:00,30,False,False,False,False
btc,BTC,2021-12-26 00:00:00+00:00,2021-12-26 00:00:00+00:00,2021-12-27 00:00:00+00:00,960688686557.3997,2021-12-27 00:00:00+00:00,1,True,True,True,True
eth,ETH,2021-12-26 00:00:00+00:00,2021-12-26 00:00:00+00:00,2021-12-27 00:00:00+00:00,480356471354.0349,2021-12-27 00:00:00+00:00,2,True,True,True,True
xrp,XRP,2021-12-26 00:00:00+00:00,2021-12-26 00:00:00+00:00,2021-12-27 00:00:00+00:00,92047887295.48253,2021-12-27 00:00:00+00:00,3,True,True,False,True
cro,CRO,2021-12-26 00:00:00+00:00,2021-12-26 00:00:00+00:00,2021-12-27 00:00:00+00:00,62502715904.6954,2021-12-27 00:00:00+00:00,4,True,True,False,False
ada,ADA,2021-12-26 00:00:00+00:00,2021-12-26 00:00:00+00:00,2021-12-27 00:00:00+00:00,47847339552.8572,2021-12-27 00:00:00+00:00,5,True,True,False,True
dot,DOT,2021-12-26 00:00:00+00:00,2021-12-26 00:00:00+00:00,2021-12-27 00:00:00+00:00,35323177816.74929,2021-12-27 00:00:00+00:00,6,True,True,False,False
xlm,XLM,2021-12-26 00:00:00+00:00,2021-12-26 00:00:00+00:00,2021-12-27 00:00:00+00:00,30754208152.720486,2021-12-27 00:00:00+00:00,7,False,True,False,False
doge,DOGE,2021-12-26 00:00:00+00:00,2021-12-26 00:00:00+00:00,2021-12-27 00:00:00+00:00,25224353014.73492,2021-12-27 00:00:00+00:00,8,False,True,False,False
link,LINK,2021-12-26 00:00:00+00:00,2021-12-26 00:00:00+00:00,2021-12-27 00:00:00+00:00,23016923431.9803,2021-12-27 00:00:00+00:00,9,False,True,True,True
uni,UNI,2021-12-26 00:00:00+00:00,2021-12-26 00:00:00+00:00,2021-12-27 00:00:00+00:00,18646708890.3524,2021-12-27 00:00:00+00:00,10,False,True,False,False
algo,ALGO,2021-12-26 00:00:00+00:00,2021-12-26 00:00:00+00:00,2021-12-27 00:00:00+00:00,16056548784.463,2021-12-27 00:00:00+00:00,11,False,False,False,False
ftt,FTT,2021-12-26 00:00:00+00:00,2021-12-26 00:00:00+00:00,2021-12-27 00:00:00+00:00,14271626998.223555,2021-12-27 00:00:00+00:00,12,False,False,False,False
icp,ICP,2021-12-26 00:00:00+00:00,2021-12-26 00:00:00+00:00,2021-12-27 00:00:00+00:00,12708042883.055586,2021-12-27 00:00:00+00:00,13,False,False,False,False
ltc,LTC,2021-12-26 00:00:00+00:00,2021-12-26 00:00:00+00:00,2021-12-27 00:00:00+00:00,10818286712.907717,2021-12-27 00:00:00+00:00,14,False,False,False,True
crv,CRV,2021-12-26 00:00:00+00:00,2021-12-26 00:00:00+00:00,2021-12-27 00:00:00+00:00,9504058553.82727,2021-12-27 00:00:00+00:00,15,False,False,False,False
bch,BCH,2021-12-26 00:00:00+00:00,2021-12-26 00:00:00+00:00,2021-12-27 00:00:00+00:00,8561902201.941895,2021-12-27 00:00:00+00:00,16,False,False,False,False
mana,MANA,2021-12-26 00:00:00+00:00,2021-12-26 00:00:00+00:00,2021-12-27 00:00:00+00:00,8498705990.196451,2021-12-27 00:00:00+00:00,17,False,False,False,False
avaxc,AVAXC,2021-12-26 00:00:00+00:00,2021-12-26 00:00:00+00:00,2021-12-27 00:00:00+00:00,5589528359.770626,2021-12-27 00:00:00+00:00,18,False,False,False,False
etc,ETC,2021-12-26 00:00:00+00:00,2021-12-26 00:00:00+00:00,2021-12-27 00:00:00+00:00,5007585734.455358,2021-12-27 00:00:00+00:00,19,False,False,False,False
ht,HT,2021-12-26 00:00:00+00:00,2021-12-26 00:00:00+00:00,2021-12-27 00:00:00+00:00,4963121445.297955,2021-12-27 00:00:00+00:00,20,False,False,False,False
qnt,QNT,2021-12-26 00:00:00+00:00,2021-12-26 00:00:00+00:00,2021-12-27 00:00:00+00:00,4758245556.3228,2021-12-27 00:00:00+00:00,21,False,False,False,False
gno,GNO,2021-12-26 00:00:00+00:00,2021-12-26 00:00:00+00:00,2021-12-27 00:00:00+00:00,4728899861.60513,2021-12-27 00:00:00+00:00,22,False,False,False,False
aave,AAVE,2021-12-26 00:00:00+00:00,2021-12-26 00:00:00+00:00,2021-12-27 00:00:00+00:00,4302750919.179904,2021-12-27 00:00:00+00:00,23,False,False,False,False
xtz,XTZ,2021-12-26 00:00:00+00:00,2021-12-26 00:00:00+00:00,2021-12-27 00:00:00+00:00,4216210008.3716087,2021-12-27 00:00:00+00:00,24,False,False,False,False
1inch,1INCH,2021-12-26 00:00:00+00:00,2021-12-26 00:00:00+00:00,2021-12-27 00:00:00+00:00,4138226135.23236,2021-12-27 00:00:00+00:00,25,False,False,False,False
xmr,XMR,2021-12-26 00:00:00+00:00,2021-12-26 00:00:00+00:00,2021-12-27 00:00:00+00:00,3802047519.857618,2021-12-27 00:00:00+00:00,26,False,False,False,False
lend,LEND,2021-12-26 00:00:00+00:00,2021-12-26 00:00:00+00:00,2021-12-27 00:00:00+00:00,3495984965.0607047,2021-12-27 00:00:00+00:00,27,False,False,False,False
neo,NEO,2021-12-26 00:00:00+00:00,2021-12-26 00:00:00+00:00,2021-12-27 00:00:00+00:00,2954539456.00516,2021-12-27 00:00:00+00:00,28,False,False,False,False
ldo,LDO,2021-12-26 00:00:00+00:00,2021-12-26 00:00:00+00:00,2021-12-27 00:00:00+00:00,2706345162.35845,2021-12-27 00:00:00+00:00,29,False,False,False,False
mkr,MKR,2021-12-26 00:00:00+00:00,2021-12-26 00:00:00+00:00,2021-12-27 00:00:00+00:00,2650163097.2876887,2021-12-27 00:00:00+00:00,30,False,False,False,False
btc,BTC,2022-01-02 00:00:00+00:00,2022-01-02 00:00:00+00:00,2022-01-03 00:00:00+00:00,895826639879.7356,2022-01-03 00:00:00+00:00,1,True,True,True,True
eth,ETH,2022-01-02 00:00:00+00:00,2022-01-02 00:00:00+00:00,2022-01-03 00:00:00+00:00,452429174354.97003,2022-01-03 00:00:00+00:00,2,True,True,True,True
xrp,XRP,2022-01-02 00:00:00+00:00,2022-01-02 00:00:00+00:00,2022-01-03 00:00:00+00:00,85949716924.47646,2022-01-03 00:00:00+00:00,3,True,True,False,True
cro,CRO,2022-01-02 00:00:00+00:00,2022-01-02 00:00:00+00:00,2022-01-03 00:00:00+00:00,58777276986.3213,2022-01-03 00:00:00+00:00,4,True,True,False,False
ada,ADA,2022-01-02 00:00:00+00:00,2022-01-02 00:00:00+00:00,2022-01-03 00:00:00+00:00,45345872744.50135,2022-01-03 00:00:00+00:00,5,True,True,False,True
dot,DOT,2022-01-02 00:00:00+00:00,2022-01-02 00:00:00+00:00,2022-01-03 00:00:00+00:00,33573002049.69655,2022-01-03 00:00:00+00:00,6,True,True,False,False
xlm,XLM,2022-01-02 00:00:00+00:00,2022-01-02 00:00:00+00:00,2022-01-03 00:00:00+00:00,30744497509.82964,2022-01-03 00:00:00+00:00,7,False,True,False,False
doge,DOGE,2022-01-02 00:00:00+00:00,2022-01-02 00:00:00+00:00,2022-01-03 00:00:00+00:00,23141588948.45676,2022-01-03 00:00:00+00:00,8,False,True,False,False
link,LINK,2022-01-02 00:00:00+00:00,2022-01-02 00:00:00+00:00,2022-01-03 00:00:00+00:00,21811073084.4362,2022-01-03 00:00:00+00:00,9,False,True,True,True
uni,UNI,2022-01-02 00:00:00+00:00,2022-01-02 00:00:00+00:00,2022-01-03 00:00:00+00:00,18395486140.3873,2022-01-03 00:00:00+00:00,10,False,True,False,False
algo,ALGO,2022-01-02 00:00:00+00:00,2022-01-02 00:00:00+00:00,2022-01-03 00:00:00+00:00,16739817081.1578,2022-01-03 00:00:00+00:00,11,False,False,False,False
ftt,FTT,2022-01-02 00:00:00+00:00,2022-01-02 00:00:00+00:00,2022-01-03 00:00:00+00:00,13461829749.62069,2022-01-03 00:00:00+00:00,12,False,False,False,False
icp,ICP,2022-01-02 00:00:00+00:00,2022-01-02 00:00:00+00:00,2022-01-03 00:00:00+00:00,13034539002.752676,2022-01-03 00:00:00+00:00,13,False,False,False,False
ltc,LTC,2022-01-02 00:00:00+00:00,2022-01-02 00:00:00+00:00,2022-01-03 00:00:00+00:00,10497001735.865566,2022-01-03 00:00:00+00:00,14,False,False,False,True
crv,CRV,2022-01-02 00:00:00+00:00,2022-01-02 00:00:00+00:00,2022-01-03 00:00:00+00:00,10039984903.018045,2022-01-03 00:00:00+00:00,15,False,False,False,False
bch,BCH,2022-01-02 00:00:00+00:00,2022-01-02 00:00:00+00:00,2022-01-03 00:00:00+00:00,8488466693.876067,2022-01-03 00:00:00+00:00,16,False,False,False,False
mana,MANA,2022-01-02 00:00:00+00:00,2022-01-02 00:00:00+00:00,2022-01-03 00:00:00+00:00,7329469009.696603,2022-01-03 00:00:00+00:00,17,False,False,False,False
avaxc,AVAXC,2022-01-02 00:00:00+00:00,2022-01-02 00:00:00+00:00,2022-01-03 00:00:00+00:00,5635452914.643264,2022-01-03 00:00:00+00:00,18,False,False,False,False
gno,GNO,2022-01-02 00:00:00+00:00,2022-01-02 00:00:00+00:00,2022-01-03 00:00:00+00:00,5173208276.74643,2022-01-03 00:00:00+00:00,19,False,False,False,False
ht,HT,2022-01-02 00:00:00+00:00,2022-01-02 00:00:00+00:00,2022-01-03 00:00:00+00:00,4702847959.11507,2022-01-03 00:00:00+00:00,20,False,False,False,False
etc,ETC,2022-01-02 00:00:00+00:00,2022-01-02 00:00:00+00:00,2022-01-03 00:00:00+00:00,4681737342.338215,2022-01-03 00:00:00+00:00,21,False,False,False,False
qnt,QNT,2022-01-02 00:00:00+00:00,2022-01-02 00:00:00+00:00,2022-01-03 00:00:00+00:00,4581595337.4260845,2022-01-03 00:00:00+00:00,22,False,False,False,False
aave,AAVE,2022-01-02 00:00:00+00:00,2022-01-02 00:00:00+00:00,2022-01-03 00:00:00+00:00,4266659832.4856,2022-01-03 00:00:00+00:00,23,False,False,False,False
xmr,XMR,2022-01-02 00:00:00+00:00,2022-01-02 00:00:00+00:00,2022-01-03 00:00:00+00:00,4200403151.1478624,2022-01-03 00:00:00+00:00,24,False,False,False,False
xtz,XTZ,2022-01-02 00:00:00+00:00,2022-01-02 00:00:00+00:00,2022-01-03 00:00:00+00:00,4067383435.8069763,2022-01-03 00:00:00+00:00,25,False,False,False,False
1inch,1INCH,2022-01-02 00:00:00+00:00,2022-01-02 00:00:00+00:00,2022-01-03 00:00:00+00:00,3837813703.47525,2022-01-03 00:00:00+00:00,26,False,False,False,False
ldo,LDO,2022-01-02 00:00:00+00:00,2022-01-02 00:00:00+00:00,2022-01-03 00:00:00+00:00,3647118750.01505,2022-01-03 00:00:00+00:00,27,False,False,False,False
lend,LEND,2022-01-02 00:00:00+00:00,2022-01-02 00:00:00+00:00,2022-01-03 00:00:00+00:00,3466660958.436581,2022-01-03 00:00:00+00:00,28,False,False,False,False
neo,NEO,2022-01-02 00:00:00+00:00,2022-01-02 00:00:00+00:00,2022-01-03 00:00:00+00:00,2706930715.24441,2022-01-03 00:00:00+00:00,29,False,False,False,False
mkr,MKR,2022-01-02 00:00:00+00:00,2022-01-02 00:00:00+00:00,2022-01-03 00:00:00+00:00,2438961293.5719023,2022-01-03 00:00:00+00:00,30,False,False,False,False
btc,BTC,2022-01-09 00:00:00+00:00,2022-01-09 00:00:00+00:00,2022-01-10 00:00:00+00:00,792682352625.3268,2022-01-10 00:00:00+00:00,1,True,True,True,True
eth,ETH,2022-01-09 00:00:00+00:00,2022-01-09 00:00:00+00:00,2022-01-10 00:00:00+00:00,372503346874.9416,2022-01-10 00:00:00+00:00,2,True,True,True,True
xrp,XRP,2022-01-09 00:00:00+00:00,2022-01-09 00:00:00+00:00,2022-01-10 00:00:00+00:00,75378378435.07605,2022-01-10 00:00:00+00:00,3,True,True,False,True
cro,CRO,2022-01-09 00:00:00+00:00,2022-01-09 00:00:00+00:00,2022-01-10 00:00:00+00:00,46196145894.3485,2022-01-10 00:00:00+00:00,4,True,True,False,False
ada,ADA,2022-01-09 00:00:00+00:00,2022-01-09 00:00:00+00:00,2022-01-10 00:00:00+00:00,38596365673.10361,2022-01-10 00:00:00+00:00,5,True,True,False,True
dot,DOT,2022-01-09 00:00:00+00:00,2022-01-09 00:00:00+00:00,2022-01-10 00:00:00+00:00,27798747807.828514,2022-01-10 00:00:00+00:00,6,True,True,False,False
link,LINK,2022-01-09 00:00:00+00:00,2022-01-09 00:00:00+00:00,2022-01-10 00:00:00+00:00,27582873595.8018,2022-01-10 00:00:00+00:00,7,False,True,True,True
xlm,XLM,2022-01-09 00:00:00+00:00,2022-01-09 00:00:00+00:00,2022-01-10 00:00:00+00:00,27501490922.707985,2022-01-10 00:00:00+00:00,8,False,True,False,False
doge,DOGE,2022-01-09 00:00:00+00:00,2022-01-09 00:00:00+00:00,2022-01-10 00:00:00+00:00,19984898172.177235,2022-01-10 00:00:00+00:00,9,False,True,False,False
icp,ICP,2022-01-09 00:00:00+00:00,2022-01-09 00:00:00+00:00,2022-01-10 00:00:00+00:00,17168568352.353884,2022-01-10 00:00:00+00:00,10,False,True,False,False
uni,UNI,2022-01-09 00:00:00+00:00,2022-01-09 00:00:00+00:00,2022-01-10 00:00:00+00:00,15782169491.7721,2022-01-10 00:00:00+00:00,11,False,False,False,False
algo,ALGO,2022-01-09 00:00:00+00:00,2022-01-09 00:00:00+00:00,2022-01-10 00:00:00+00:00,14007439177.8814,2022-01-10 00:00:00+00:00,12,False,False,False,False
ftt,FTT,2022-01-09 00:00:00+00:00,2022-01-09 00:00:00+00:00,2022-01-10 00:00:00+00:00,12442183569.760633,2022-01-10 00:00:00+00:00,13,False,False,False,False
ltc,LTC,2022-01-09 00:00:00+00:00,2022-01-09 00:00:00+00:00,2022-01-10 00:00:00+00:00,9090792283.746635,2022-01-10 00:00:00+00:00,14,False,False,False,True
crv,CRV,2022-01-09 00:00:00+00:00,2022-01-09 00:00:00+00:00,2022-01-10 00:00:00+00:00,7576612891.94402,2022-01-10 00:00:00+00:00,15,False,False,False,False
bch,BCH,2022-01-09 00:00:00+00:00,2022-01-09 00:00:00+00:00,2022-01-10 00:00:00+00:00,7141208627.194995,2022-01-10 00:00:00+00:00,16,False,False,False,False
mana,MANA,2022-01-09 00:00:00+00:00,2022-01-09 00:00:00+00:00,2022-01-10 00:00:00+00:00,6451263099.785187,2022-01-10 00:00:00+00:00,17,False,False,False,False
gno,GNO,2022-01-09 00:00:00+00:00,2022-01-09 00:00:00+00:00,2022-01-10 00:00:00+00:00,4748021001.58573,2022-01-10 00:00:00+00:00,18,False,False,False,False
ht,HT,2022-01-09 00:00:00+00:00,2022-01-09 00:00:00+00:00,2022-01-10 00:00:00+00:00,4490939219.86429,2022-01-10 00:00:00+00:00,19,False,False,False,False
avaxc,AVAXC,2022-01-09 00:00:00+00:00,2022-01-09 00:00:00+00:00,2022-01-10 00:00:00+00:00,4439257668.84838,2022-01-10 00:00:00+00:00,20,False,False,False,False
qnt,QNT,2022-01-09 00:00:00+00:00,2022-01-09 00:00:00+00:00,2022-01-10 00:00:00+00:00,4215114247.32562,2022-01-10 00:00:00+00:00,21,False,False,False,False
etc,ETC,2022-01-09 00:00:00+00:00,2022-01-09 00:00:00+00:00,2022-01-10 00:00:00+00:00,3939023015.0137095,2022-01-10 00:00:00+00:00,22,False,False,False,False
xtz,XTZ,2022-01-09 00:00:00+00:00,2022-01-09 00:00:00+00:00,2022-01-10 00:00:00+00:00,3667790811.16009,2022-01-10 00:00:00+00:00,23,False,False,False,False
aave,AAVE,2022-01-09 00:00:00+00:00,2022-01-09 00:00:00+00:00,2022-01-10 00:00:00+00:00,3357128842.376128,2022-01-10 00:00:00+00:00,24,False,False,False,False
xmr,XMR,2022-01-09 00:00:00+00:00,2022-01-09 00:00:00+00:00,2022-01-10 00:00:00+00:00,3341834028.583586,2022-01-10 00:00:00+00:00,25,False,False,False,False
1inch,1INCH,2022-01-09 00:00:00+00:00,2022-01-09 00:00:00+00:00,2022-01-10 00:00:00+00:00,3223657590.12594,2022-01-10 00:00:00+00:00,26,False,False,False,False
ldo,LDO,2022-01-09 00:00:00+00:00,2022-01-09 00:00:00+00:00,2022-01-10 00:00:00+00:00,2991389523.69471,2022-01-10 00:00:00+00:00,27,False,False,False,False
lend,LEND,2022-01-09 00:00:00+00:00,2022-01-09 00:00:00+00:00,2022-01-10 00:00:00+00:00,2727667062.1118693,2022-01-10 00:00:00+00:00,28,False,False,False,False
neo,NEO,2022-01-09 00:00:00+00:00,2022-01-09 00:00:00+00:00,2022-01-10 00:00:00+00:00,2365032573.00824,2022-01-10 00:00:00+00:00,29,False,False,False,False
mkr,MKR,2022-01-09 00:00:00+00:00,2022-01-09 00:00:00+00:00,2022-01-10 00:00:00+00:00,2088266212.7589703,2022-01-10 00:00:00+00:00,30,False,False,False,False
btc,BTC,2022-01-16 00:00:00+00:00,2022-01-16 00:00:00+00:00,2022-01-17 00:00:00+00:00,817252077983.4712,2022-01-17 00:00:00+00:00,1,True,True,True,True
eth,ETH,2022-01-16 00:00:00+00:00,2022-01-16 00:00:00+00:00,2022-01-17 00:00:00+00:00,396274948183.3029,2022-01-17 00:00:00+00:00,2,True,True,True,True
xrp,XRP,2022-01-16 00:00:00+00:00,2022-01-16 00:00:00+00:00,2022-01-17 00:00:00+00:00,77962462335.05908,2022-01-17 00:00:00+00:00,3,True,True,False,True
ada,ADA,2022-01-16 00:00:00+00:00,2022-01-16 00:00:00+00:00,2022-01-17 00:00:00+00:00,46583066324.297455,2022-01-17 00:00:00+00:00,4,True,True,False,True
cro,CRO,2022-01-16 00:00:00+00:00,2022-01-16 00:00:00+00:00,2022-01-17 00:00:00+00:00,46410605084.5964,2022-01-17 00:00:00+00:00,5,True,True,False,False
dot,DOT,2022-01-16 00:00:00+00:00,2022-01-16 00:00:00+00:00,2022-01-17 00:00:00+00:00,31356377139.3374,2022-01-17 00:00:00+00:00,6,True,True,False,False
xlm,XLM,2022-01-16 00:00:00+00:00,2022-01-16 00:00:00+00:00,2022-01-17 00:00:00+00:00,27312818044.663555,2022-01-17 00:00:00+00:00,7,False,True,False,False
link,LINK,2022-01-16 00:00:00+00:00,2022-01-16 00:00:00+00:00,2022-01-17 00:00:00+00:00,25624725926.0135,2022-01-17 00:00:00+00:00,8,False,True,True,True
doge,DOGE,2022-01-16 00:00:00+00:00,2022-01-16 00:00:00+00:00,2022-01-17 00:00:00+00:00,23561667850.894333,2022-01-17 00:00:00+00:00,9,False,True,False,False
uni,UNI,2022-01-16 00:00:00+00:00,2022-01-16 00:00:00+00:00,2022-01-17 00:00:00+00:00,17823219916.3317,2022-01-17 00:00:00+00:00,10,False,True,False,False
ftt,FTT,2022-01-16 00:00:00+00:00,2022-01-16 00:00:00+00:00,2022-01-17 00:00:00+00:00,15549925464.417297,2022-01-17 00:00:00+00:00,11,False,False,False,False
icp,ICP,2022-01-16 00:00:00+00:00,2022-01-16 00:00:00+00:00,2022-01-17 00:00:00+00:00,14893603020.51325,2022-01-17 00:00:00+00:00,12,False,False,False,False
algo,ALGO,2022-01-16 00:00:00+00:00,2022-01-16 00:00:00+00:00,2022-01-17 00:00:00+00:00,14314767149.2198,2022-01-17 00:00:00+00:00,13,False,False,False,False
ltc,LTC,2022-01-16 00:00:00+00:00,2022-01-16 00:00:00+00:00,2022-01-17 00:00:00+00:00,10181625314.18731,2022-01-17 00:00:00+00:00,14,False,False,False,True
crv,CRV,2022-01-16 00:00:00+00:00,2022-01-16 00:00:00+00:00,2022-01-17 00:00:00+00:00,8596664750.935707,2022-01-17 00:00:00+00:00,15,False,False,False,False
bch,BCH,2022-01-16 00:00:00+00:00,2022-01-16 00:00:00+00:00,2022-01-17 00:00:00+00:00,7372285415.801489,2022-01-17 00:00:00+00:00,16,False,False,False,False
mana,MANA,2022-01-16 00:00:00+00:00,2022-01-16 00:00:00+00:00,2022-01-17 00:00:00+00:00,6846369862.48326,2022-01-17 00:00:00+00:00,17,False,False,False,False
ht,HT,2022-01-16 00:00:00+00:00,2022-01-16 00:00:00+00:00,2022-01-17 00:00:00+00:00,5009202113.11345,2022-01-17 00:00:00+00:00,18,False,False,False,False
avaxc,AVAXC,2022-01-16 00:00:00+00:00,2022-01-16 00:00:00+00:00,2022-01-17 00:00:00+00:00,4552735411.212063,2022-01-17 00:00:00+00:00,19,False,False,False,False
etc,ETC,2022-01-16 00:00:00+00:00,2022-01-16 00:00:00+00:00,2022-01-17 00:00:00+00:00,4280531408.9116235,2022-01-17 00:00:00+00:00,20,False,False,False,False
qnt,QNT,2022-01-16 00:00:00+00:00,2022-01-16 00:00:00+00:00,2022-01-17 00:00:00+00:00,4091721833.780232,2022-01-17 00:00:00+00:00,21,False,False,False,False
xmr,XMR,2022-01-16 00:00:00+00:00,2022-01-16 00:00:00+00:00,2022-01-17 00:00:00+00:00,3947009724.118028,2022-01-17 00:00:00+00:00,22,False,False,False,False
gno,GNO,2022-01-16 00:00:00+00:00,2022-01-16 00:00:00+00:00,2022-01-17 00:00:00+00:00,3900417349.60894,2022-01-17 00:00:00+00:00,23,False,False,False,False
aave,AAVE,2022-01-16 00:00:00+00:00,2022-01-16 00:00:00+00:00,2022-01-17 00:00:00+00:00,3880872791.723744,2022-01-17 00:00:00+00:00,24,False,False,False,False
xtz,XTZ,2022-01-16 00:00:00+00:00,2022-01-16 00:00:00+00:00,2022-01-17 00:00:00+00:00,3749608225.24993,2022-01-17 00:00:00+00:00,25,False,False,False,False
1inch,1INCH,2022-01-16 00:00:00+00:00,2022-01-16 00:00:00+00:00,2022-01-17 00:00:00+00:00,3652564340.325285,2022-01-17 00:00:00+00:00,26,False,False,False,False
lend,LEND,2022-01-16 00:00:00+00:00,2022-01-16 00:00:00+00:00,2022-01-17 00:00:00+00:00,3153209001.8739243,2022-01-17 00:00:00+00:00,27,False,False,False,False
neo,NEO,2022-01-16 00:00:00+00:00,2022-01-16 00:00:00+00:00,2022-01-17 00:00:00+00:00,2518343782.67703,2022-01-17 00:00:00+00:00,28,False,False,False,False
ldo,LDO,2022-01-16 00:00:00+00:00,2022-01-16 00:00:00+00:00,2022-01-17 00:00:00+00:00,2411054164.73013,2022-01-17 00:00:00+00:00,29,False,False,False,False
mkr,MKR,2022-01-16 00:00:00+00:00,2022-01-16 00:00:00+00:00,2022-01-17 00:00:00+00:00,2221402507.7336836,2022-01-17 00:00:00+00:00,30,False,False,False,False
btc,BTC,2022-01-23 00:00:00+00:00,2022-01-23 00:00:00+00:00,2022-01-24 00:00:00+00:00,686903645043.7297,2022-01-24 00:00:00+00:00,1,True,True,True,True
eth,ETH,2022-01-23 00:00:00+00:00,2022-01-23 00:00:00+00:00,2022-01-24 00:00:00+00:00,299160671633.6106,2022-01-24 00:00:00+00:00,2,True,True,True,True
xrp,XRP,2022-01-23 00:00:00+00:00,2022-01-23 00:00:00+00:00,2022-01-24 00:00:00+00:00,62849188182.75203,2022-01-24 00:00:00+00:00,3,True,True,False,True
cro,CRO,2022-01-23 00:00:00+00:00,2022-01-23 00:00:00+00:00,2022-01-24 00:00:00+00:00,37840331658.3671,2022-01-24 00:00:00+00:00,4,True,True,False,False
ada,ADA,2022-01-23 00:00:00+00:00,2022-01-23 00:00:00+00:00,2022-01-24 00:00:00+00:00,36981147739.35025,2022-01-24 00:00:00+00:00,5,True,True,False,True
dot,DOT,2022-01-23 00:00:00+00:00,2022-01-23 00:00:00+00:00,2022-01-24 00:00:00+00:00,21314790336.12279,2022-01-24 00:00:00+00:00,6,True,True,False,False
xlm,XLM,2022-01-23 00:00:00+00:00,2022-01-23 00:00:00+00:00,2022-01-24 00:00:00+00:00,21078329493.42937,2022-01-24 00:00:00+00:00,7,False,True,False,False
doge,DOGE,2022-01-23 00:00:00+00:00,2022-01-23 00:00:00+00:00,2022-01-24 00:00:00+00:00,18817887654.87779,2022-01-24 00:00:00+00:00,8,False,True,False,False
link,LINK,2022-01-23 00:00:00+00:00,2022-01-23 00:00:00+00:00,2022-01-24 00:00:00+00:00,16512174455.8241,2022-01-24 00:00:00+00:00,9,False,True,True,True
ftt,FTT,2022-01-23 00:00:00+00:00,2022-01-23 00:00:00+00:00,2022-01-24 00:00:00+00:00,12005980545.663326,2022-01-24 00:00:00+00:00,10,False,True,False,False
uni,UNI,2022-01-23 00:00:00+00:00,2022-01-23 00:00:00+00:00,2022-01-24 00:00:00+00:00,11510704287.3647,2022-01-24 00:00:00+00:00,11,False,False,False,False
icp,ICP,2022-01-23 00:00:00+00:00,2022-01-23 00:00:00+00:00,2022-01-24 00:00:00+00:00,10135223882.87504,2022-01-24 00:00:00+00:00,12,False,False,False,False
algo,ALGO,2022-01-23 00:00:00+00:00,2022-01-23 00:00:00+00:00,2022-01-24 00:00:00+00:00,9885207720.38853,2022-01-24 00:00:00+00:00,13,False,False,False,False
ltc,LTC,2022-01-23 00:00:00+00:00,2022-01-23 00:00:00+00:00,2022-01-24 00:00:00+00:00,7776114873.720747,2022-01-24 00:00:00+00:00,14,False,False,False,True
bch,BCH,2022-01-23 00:00:00+00:00,2022-01-23 00:00:00+00:00,2022-01-24 00:00:00+00:00,5720103380.739382,2022-01-24 00:00:00+00:00,15,False,False,False,False
crv,CRV,2022-01-23 00:00:00+00:00,2022-01-23 00:00:00+00:00,2022-01-24 00:00:00+00:00,5041466987.009984,2022-01-24 00:00:00+00:00,16,False,False,False,False
mana,MANA,2022-01-23 00:00:00+00:00,2022-01-23 00:00:00+00:00,2022-01-24 00:00:00+00:00,4630543516.464075,2022-01-24 00:00:00+00:00,17,False,False,False,False
ht,HT,2022-01-23 00:00:00+00:00,2022-01-23 00:00:00+00:00,2022-01-24 00:00:00+00:00,4600960552.23577,2022-01-24 00:00:00+00:00,18,False,False,False,False
etc,ETC,2022-01-23 00:00:00+00:00,2022-01-23 00:00:00+00:00,2022-01-24 00:00:00+00:00,3325476981.5089684,2022-01-24 00:00:00+00:00,19,False,False,False,False
avaxc,AVAXC,2022-01-23 00:00:00+00:00,2022-01-23 00:00:00+00:00,2022-01-24 00:00:00+00:00,3238147281.382858,2022-01-24 00:00:00+00:00,20,False,False,False,False
xmr,XMR,2022-01-23 00:00:00+00:00,2022-01-23 00:00:00+00:00,2022-01-24 00:00:00+00:00,2735407469.972606,2022-01-24 00:00:00+00:00,21,False,False,False,False
gno,GNO,2022-01-23 00:00:00+00:00,2022-01-23 00:00:00+00:00,2022-01-24 00:00:00+00:00,2697170561.16435,2022-01-24 00:00:00+00:00,22,False,False,False,False
xtz,XTZ,2022-01-23 00:00:00+00:00,2022-01-23 00:00:00+00:00,2022-01-24 00:00:00+00:00,2676239264.638044,2022-01-24 00:00:00+00:00,23,False,False,False,False
qnt,QNT,2022-01-23 00:00:00+00:00,2022-01-23 00:00:00+00:00,2022-01-24 00:00:00+00:00,2658673844.145802,2022-01-24 00:00:00+00:00,24,False,False,False,False
aave,AAVE,2022-01-23 00:00:00+00:00,2022-01-23 00:00:00+00:00,2022-01-24 00:00:00+00:00,2526016051.472784,2022-01-24 00:00:00+00:00,25,False,False,False,False
1inch,1INCH,2022-01-23 00:00:00+00:00,2022-01-23 00:00:00+00:00,2022-01-24 00:00:00+00:00,2524088810.412975,2022-01-24 00:00:00+00:00,26,False,False,False,False
lend,LEND,2022-01-23 00:00:00+00:00,2022-01-23 00:00:00+00:00,2022-01-24 00:00:00+00:00,2052387949.7849288,2022-01-24 00:00:00+00:00,27,False,False,False,False
neo,NEO,2022-01-23 00:00:00+00:00,2022-01-23 00:00:00+00:00,2022-01-24 00:00:00+00:00,1853800013.21455,2022-01-24 00:00:00+00:00,28,False,False,False,False
mkr,MKR,2022-01-23 00:00:00+00:00,2022-01-23 00:00:00+00:00,2022-01-24 00:00:00+00:00,1794675020.4413886,2022-01-24 00:00:00+00:00,29,False,False,False,False
bsv,BSV,2022-01-23 00:00:00+00:00,2022-01-23 00:00:00+00:00,2022-01-24 00:00:00+00:00,1771903054.5066028,2022-01-24 00:00:00+00:00,30,False,False,False,False
btc,BTC,2022-01-30 00:00:00+00:00,2022-01-30 00:00:00+00:00,2022-01-31 00:00:00+00:00,719574502508.9705,2022-01-31 00:00:00+00:00,1,True,True,True,True
eth,ETH,2022-01-30 00:00:00+00:00,2022-01-30 00:00:00+00:00,2022-01-31 00:00:00+00:00,308311140628.4357,2022-01-31 00:00:00+00:00,2,True,True,True,True
xrp,XRP,2022-01-30 00:00:00+00:00,2022-01-30 00:00:00+00:00,2022-01-31 00:00:00+00:00,60397254032.7869,2022-01-31 00:00:00+00:00,3,True,True,False,True
cro,CRO,2022-01-30 00:00:00+00:00,2022-01-30 00:00:00+00:00,2022-01-31 00:00:00+00:00,42506201738.317,2022-01-31 00:00:00+00:00,4,True,True,False,False
ada,ADA,2022-01-30 00:00:00+00:00,2022-01-30 00:00:00+00:00,2022-01-31 00:00:00+00:00,34302056990.87252,2022-01-31 00:00:00+00:00,5,True,True,False,True
dot,DOT,2022-01-30 00:00:00+00:00,2022-01-30 00:00:00+00:00,2022-01-31 00:00:00+00:00,20660967230.171436,2022-01-31 00:00:00+00:00,6,True,True,False,False
xlm,XLM,2022-01-30 00:00:00+00:00,2022-01-30 00:00:00+00:00,2022-01-31 00:00:00+00:00,20624986173.430496,2022-01-31 00:00:00+00:00,7,False,True,False,False
doge,DOGE,2022-01-30 00:00:00+00:00,2022-01-30 00:00:00+00:00,2022-01-31 00:00:00+00:00,18569955013.039635,2022-01-31 00:00:00+00:00,8,False,True,False,False
link,LINK,2022-01-30 00:00:00+00:00,2022-01-30 00:00:00+00:00,2022-01-31 00:00:00+00:00,17789485359.1029,2022-01-31 00:00:00+00:00,9,False,True,True,True
ftt,FTT,2022-01-30 00:00:00+00:00,2022-01-30 00:00:00+00:00,2022-01-31 00:00:00+00:00,13751814206.32945,2022-01-31 00:00:00+00:00,10,False,True,False,False
uni,UNI,2022-01-30 00:00:00+00:00,2022-01-30 00:00:00+00:00,2022-01-31 00:00:00+00:00,10823323784.9859,2022-01-31 00:00:00+00:00,11,False,False,False,False
algo,ALGO,2022-01-30 00:00:00+00:00,2022-01-30 00:00:00+00:00,2022-01-31 00:00:00+00:00,9468978079.35286,2022-01-31 00:00:00+00:00,12,False,False,False,False
icp,ICP,2022-01-30 00:00:00+00:00,2022-01-30 00:00:00+00:00,2022-01-31 00:00:00+00:00,9194896048.738895,2022-01-31 00:00:00+00:00,13,False,False,False,False
ltc,LTC,2022-01-30 00:00:00+00:00,2022-01-30 00:00:00+00:00,2022-01-31 00:00:00+00:00,7565466366.977498,2022-01-31 00:00:00+00:00,14,False,False,False,True
mana,MANA,2022-01-30 00:00:00+00:00,2022-01-30 00:00:00+00:00,2022-01-31 00:00:00+00:00,5535684198.794086,2022-01-31 00:00:00+00:00,15,False,False,False,False
bch,BCH,2022-01-30 00:00:00+00:00,2022-01-30 00:00:00+00:00,2022-01-31 00:00:00+00:00,5521021712.16607,2022-01-31 00:00:00+00:00,16,False,False,False,False
crv,CRV,2022-01-30 00:00:00+00:00,2022-01-30 00:00:00+00:00,2022-01-31 00:00:00+00:00,5386130294.56847,2022-01-31 00:00:00+00:00,17,False,False,False,False
ht,HT,2022-01-30 00:00:00+00:00,2022-01-30 00:00:00+00:00,2022-01-31 00:00:00+00:00,4507145571.57694,2022-01-31 00:00:00+00:00,18,False,False,False,False
avaxc,AVAXC,2022-01-30 00:00:00+00:00,2022-01-30 00:00:00+00:00,2022-01-31 00:00:00+00:00,3427664119.9905963,2022-01-31 00:00:00+00:00,19,False,False,False,False
etc,ETC,2022-01-30 00:00:00+00:00,2022-01-30 00:00:00+00:00,2022-01-31 00:00:00+00:00,3341164435.0033665,2022-01-31 00:00:00+00:00,20,False,False,False,False
xtz,XTZ,2022-01-30 00:00:00+00:00,2022-01-30 00:00:00+00:00,2022-01-31 00:00:00+00:00,2873827583.3140736,2022-01-31 00:00:00+00:00,21,False,False,False,False
gno,GNO,2022-01-30 00:00:00+00:00,2022-01-30 00:00:00+00:00,2022-01-31 00:00:00+00:00,2774310805.28175,2022-01-31 00:00:00+00:00,22,False,False,False,False
xmr,XMR,2022-01-30 00:00:00+00:00,2022-01-30 00:00:00+00:00,2022-01-31 00:00:00+00:00,2603916882.299227,2022-01-31 00:00:00+00:00,23,False,False,False,False
1inch,1INCH,2022-01-30 00:00:00+00:00,2022-01-30 00:00:00+00:00,2022-01-31 00:00:00+00:00,2498936067.5019,2022-01-31 00:00:00+00:00,24,False,False,False,False
aave,AAVE,2022-01-30 00:00:00+00:00,2022-01-30 00:00:00+00:00,2022-01-31 00:00:00+00:00,2388616270.261424,2022-01-31 00:00:00+00:00,25,False,False,False,False
qnt,QNT,2022-01-30 00:00:00+00:00,2022-01-30 00:00:00+00:00,2022-01-31 00:00:00+00:00,2312523760.9505043,2022-01-31 00:00:00+00:00,26,False,False,False,False
neo,NEO,2022-01-30 00:00:00+00:00,2022-01-30 00:00:00+00:00,2022-01-31 00:00:00+00:00,1961460423.07057,2022-01-31 00:00:00+00:00,27,False,False,False,False
mkr,MKR,2022-01-30 00:00:00+00:00,2022-01-30 00:00:00+00:00,2022-01-31 00:00:00+00:00,1955581024.7260518,2022-01-31 00:00:00+00:00,28,False,False,False,False
lend,LEND,2022-01-30 00:00:00+00:00,2022-01-30 00:00:00+00:00,2022-01-31 00:00:00+00:00,1940750632.5569313,2022-01-31 00:00:00+00:00,29,False,False,False,False
ldo,LDO,2022-01-30 00:00:00+00:00,2022-01-30 00:00:00+00:00,2022-01-31 00:00:00+00:00,1763516356.40555,2022-01-31 00:00:00+00:00,30,False,False,False,False
btc,BTC,2022-02-06 00:00:00+00:00,2022-02-06 00:00:00+00:00,2022-02-07 00:00:00+00:00,802716166347.2821,2022-02-07 00:00:00+00:00,1,True,True,True,True
eth,ETH,2022-02-06 00:00:00+00:00,2022-02-06 00:00:00+00:00,2022-02-07 00:00:00+00:00,360233186220.1321,2022-02-07 00:00:00+00:00,2,True,True,True,True
xrp,XRP,2022-02-06 00:00:00+00:00,2022-02-06 00:00:00+00:00,2022-02-07 00:00:00+00:00,68272290967.84061,2022-02-07 00:00:00+00:00,3,True,True,False,True
cro,CRO,2022-02-06 00:00:00+00:00,2022-02-06 00:00:00+00:00,2022-02-07 00:00:00+00:00,46063202956.9659,2022-02-07 00:00:00+00:00,4,True,True,False,False
ada,ADA,2022-02-06 00:00:00+00:00,2022-02-06 00:00:00+00:00,2022-02-07 00:00:00+00:00,37718792290.398254,2022-02-07 00:00:00+00:00,5,True,True,False,True
dot,DOT,2022-02-06 00:00:00+00:00,2022-02-06 00:00:00+00:00,2022-02-07 00:00:00+00:00,24751905929.97192,2022-02-07 00:00:00+00:00,6,True,True,False,False
xlm,XLM,2022-02-06 00:00:00+00:00,2022-02-06 00:00:00+00:00,2022-02-07 00:00:00+00:00,23534744882.70984,2022-02-07 00:00:00+00:00,7,False,True,False,False
doge,DOGE,2022-02-06 00:00:00+00:00,2022-02-06 00:00:00+00:00,2022-02-07 00:00:00+00:00,20465342224.3145,2022-02-07 00:00:00+00:00,8,False,True,False,False
link,LINK,2022-02-06 00:00:00+00:00,2022-02-06 00:00:00+00:00,2022-02-07 00:00:00+00:00,17994374918.5802,2022-02-07 00:00:00+00:00,9,False,True,True,True
ftt,FTT,2022-02-06 00:00:00+00:00,2022-02-06 00:00:00+00:00,2022-02-07 00:00:00+00:00,15545955423.708303,2022-02-07 00:00:00+00:00,10,False,True,False,False
uni,UNI,2022-02-06 00:00:00+00:00,2022-02-06 00:00:00+00:00,2022-02-07 00:00:00+00:00,11570022335.8623,2022-02-07 00:00:00+00:00,11,False,False,False,False
icp,ICP,2022-02-06 00:00:00+00:00,2022-02-06 00:00:00+00:00,2022-02-07 00:00:00+00:00,11129087020.985289,2022-02-07 00:00:00+00:00,12,False,False,False,False
algo,ALGO,2022-02-06 00:00:00+00:00,2022-02-06 00:00:00+00:00,2022-02-07 00:00:00+00:00,10224220395.7512,2022-02-07 00:00:00+00:00,13,False,False,False,False
ltc,LTC,2022-02-06 00:00:00+00:00,2022-02-06 00:00:00+00:00,2022-02-07 00:00:00+00:00,8841855534.309626,2022-02-07 00:00:00+00:00,14,False,False,False,True
mana,MANA,2022-02-06 00:00:00+00:00,2022-02-06 00:00:00+00:00,2022-02-07 00:00:00+00:00,7225727700.915708,2022-02-07 00:00:00+00:00,15,False,False,False,False
bch,BCH,2022-02-06 00:00:00+00:00,2022-02-06 00:00:00+00:00,2022-02-07 00:00:00+00:00,6157165249.707045,2022-02-07 00:00:00+00:00,16,False,False,False,False
crv,CRV,2022-02-06 00:00:00+00:00,2022-02-06 00:00:00+00:00,2022-02-07 00:00:00+00:00,5661482760.324236,2022-02-07 00:00:00+00:00,17,False,False,False,False
ht,HT,2022-02-06 00:00:00+00:00,2022-02-06 00:00:00+00:00,2022-02-07 00:00:00+00:00,5007938321.594,2022-02-07 00:00:00+00:00,18,False,False,False,False
avaxc,AVAXC,2022-02-06 00:00:00+00:00,2022-02-06 00:00:00+00:00,2022-02-07 00:00:00+00:00,4114611684.860346,2022-02-07 00:00:00+00:00,19,False,False,False,False
etc,ETC,2022-02-06 00:00:00+00:00,2022-02-06 00:00:00+00:00,2022-02-07 00:00:00+00:00,3970806125.8665323,2022-02-07 00:00:00+00:00,20,False,False,False,False
xtz,XTZ,2022-02-06 00:00:00+00:00,2022-02-06 00:00:00+00:00,2022-02-07 00:00:00+00:00,3417262134.179626,2022-02-07 00:00:00+00:00,21,False,False,False,False
qnt,QNT,2022-02-06 00:00:00+00:00,2022-02-06 00:00:00+00:00,2022-02-07 00:00:00+00:00,3311726691.210098,2022-02-07 00:00:00+00:00,22,False,False,False,False
gno,GNO,2022-02-06 00:00:00+00:00,2022-02-06 00:00:00+00:00,2022-02-07 00:00:00+00:00,3289236987.95691,2022-02-07 00:00:00+00:00,23,False,False,False,False
xmr,XMR,2022-02-06 00:00:00+00:00,2022-02-06 00:00:00+00:00,2022-02-07 00:00:00+00:00,3045604088.601684,2022-02-07 00:00:00+00:00,24,False,False,False,False
1inch,1INCH,2022-02-06 00:00:00+00:00,2022-02-06 00:00:00+00:00,2022-02-07 00:00:00+00:00,2784898530.846705,2022-02-07 00:00:00+00:00,25,False,False,False,False
aave,AAVE,2022-02-06 00:00:00+00:00,2022-02-06 00:00:00+00:00,2022-02-07 00:00:00+00:00,2759771338.813456,2022-02-07 00:00:00+00:00,26,False,False,False,False
neo,NEO,2022-02-06 00:00:00+00:00,2022-02-06 00:00:00+00:00,2022-02-07 00:00:00+00:00,2249633701.03101,2022-02-07 00:00:00+00:00,27,False,False,False,False
lend,LEND,2022-02-06 00:00:00+00:00,2022-02-06 00:00:00+00:00,2022-02-07 00:00:00+00:00,2242314112.232229,2022-02-07 00:00:00+00:00,28,False,False,False,False
mkr,MKR,2022-02-06 00:00:00+00:00,2022-02-06 00:00:00+00:00,2022-02-07 00:00:00+00:00,2189280911.599757,2022-02-07 00:00:00+00:00,29,False,False,False,False
ldo,LDO,2022-02-06 00:00:00+00:00,2022-02-06 00:00:00+00:00,2022-02-07 00:00:00+00:00,2007165584.84885,2022-02-07 00:00:00+00:00,30,False,False,False,False
btc,BTC,2022-02-13 00:00:00+00:00,2022-02-13 00:00:00+00:00,2022-02-14 00:00:00+00:00,799914657954.3014,2022-02-14 00:00:00+00:00,1,True,True,True,True
eth,ETH,2022-02-13 00:00:00+00:00,2022-02-13 00:00:00+00:00,2022-02-14 00:00:00+00:00,340455424967.8945,2022-02-14 00:00:00+00:00,2,True,True,True,True
xrp,XRP,2022-02-13 00:00:00+00:00,2022-02-13 00:00:00+00:00,2022-02-14 00:00:00+00:00,80915569152.52264,2022-02-14 00:00:00+00:00,3,True,True,False,True
cro,CRO,2022-02-13 00:00:00+00:00,2022-02-13 00:00:00+00:00,2022-02-14 00:00:00+00:00,50654263316.4778,2022-02-14 00:00:00+00:00,4,True,True,False,False
ada,ADA,2022-02-13 00:00:00+00:00,2022-02-13 00:00:00+00:00,2022-02-14 00:00:00+00:00,34477777853.70315,2022-02-14 00:00:00+00:00,5,True,True,False,True
xlm,XLM,2022-02-13 00:00:00+00:00,2022-02-13 00:00:00+00:00,2022-02-14 00:00:00+00:00,22279779582.441647,2022-02-14 00:00:00+00:00,6,True,True,False,False
dot,DOT,2022-02-13 00:00:00+00:00,2022-02-13 00:00:00+00:00,2022-02-14 00:00:00+00:00,21348670527.411354,2022-02-14 00:00:00+00:00,7,False,True,False,False
doge,DOGE,2022-02-13 00:00:00+00:00,2022-02-13 00:00:00+00:00,2022-02-14 00:00:00+00:00,19897823967.732853,2022-02-14 00:00:00+00:00,8,False,True,False,False
link,LINK,2022-02-13 00:00:00+00:00,2022-02-13 00:00:00+00:00,2022-02-14 00:00:00+00:00,15718898418.861,2022-02-14 00:00:00+00:00,9,False,True,True,True
ftt,FTT,2022-02-13 00:00:00+00:00,2022-02-13 00:00:00+00:00,2022-02-14 00:00:00+00:00,14867439089.898066,2022-02-14 00:00:00+00:00,10,False,True,False,False
uni,UNI,2022-02-13 00:00:00+00:00,2022-02-13 00:00:00+00:00,2022-02-14 00:00:00+00:00,10372758169.3169,2022-02-14 00:00:00+00:00,11,False,False,False,False
icp,ICP,2022-02-13 00:00:00+00:00,2022-02-13 00:00:00+00:00,2022-02-14 00:00:00+00:00,9465591463.993116,2022-02-14 00:00:00+00:00,12,False,False,False,False
algo,ALGO,2022-02-13 00:00:00+00:00,2022-02-13 00:00:00+00:00,2022-02-14 00:00:00+00:00,8994725515.85688,2022-02-14 00:00:00+00:00,13,False,False,False,False
ltc,LTC,2022-02-13 00:00:00+00:00,2022-02-13 00:00:00+00:00,2022-02-14 00:00:00+00:00,8770864989.059473,2022-02-14 00:00:00+00:00,14,False,False,False,True
bch,BCH,2022-02-13 00:00:00+00:00,2022-02-13 00:00:00+00:00,2022-02-14 00:00:00+00:00,6346995959.968495,2022-02-14 00:00:00+00:00,15,False,False,False,False
mana,MANA,2022-02-13 00:00:00+00:00,2022-02-13 00:00:00+00:00,2022-02-14 00:00:00+00:00,6220647018.468336,2022-02-14 00:00:00+00:00,16,False,False,False,False
ht,HT,2022-02-13 00:00:00+00:00,2022-02-13 00:00:00+00:00,2022-02-14 00:00:00+00:00,4972325890.94875,2022-02-14 00:00:00+00:00,17,False,False,False,False
crv,CRV,2022-02-13 00:00:00+00:00,2022-02-13 00:00:00+00:00,2022-02-14 00:00:00+00:00,4660205247.684657,2022-02-14 00:00:00+00:00,18,False,False,False,False
etc,ETC,2022-02-13 00:00:00+00:00,2022-02-13 00:00:00+00:00,2022-02-14 00:00:00+00:00,4354647311.680872,2022-02-14 00:00:00+00:00,19,False,False,False,False
avaxc,AVAXC,2022-02-13 00:00:00+00:00,2022-02-13 00:00:00+00:00,2022-02-14 00:00:00+00:00,4135300890.6023436,2022-02-14 00:00:00+00:00,20,False,False,False,False
xtz,XTZ,2022-02-13 00:00:00+00:00,2022-02-13 00:00:00+00:00,2022-02-14 00:00:00+00:00,3393941525.2193885,2022-02-14 00:00:00+00:00,21,False,False,False,False
gno,GNO,2022-02-13 00:00:00+00:00,2022-02-13 00:00:00+00:00,2022-02-14 00:00:00+00:00,3393172681.01752,2022-02-14 00:00:00+00:00,22,False,False,False,False
xmr,XMR,2022-02-13 00:00:00+00:00,2022-02-13 00:00:00+00:00,2022-02-14 00:00:00+00:00,3065009448.015249,2022-02-14 00:00:00+00:00,23,False,False,False,False
qnt,QNT,2022-02-13 00:00:00+00:00,2022-02-13 00:00:00+00:00,2022-02-14 00:00:00+00:00,2986922530.202047,2022-02-14 00:00:00+00:00,24,False,False,False,False
aave,AAVE,2022-02-13 00:00:00+00:00,2022-02-13 00:00:00+00:00,2022-02-14 00:00:00+00:00,2535026130.97016,2022-02-14 00:00:00+00:00,25,False,False,False,False
1inch,1INCH,2022-02-13 00:00:00+00:00,2022-02-13 00:00:00+00:00,2022-02-14 00:00:00+00:00,2492374434.708735,2022-02-14 00:00:00+00:00,26,False,False,False,False
neo,NEO,2022-02-13 00:00:00+00:00,2022-02-13 00:00:00+00:00,2022-02-14 00:00:00+00:00,2176748612.86474,2022-02-14 00:00:00+00:00,27,False,False,False,False
lend,LEND,2022-02-13 00:00:00+00:00,2022-02-13 00:00:00+00:00,2022-02-14 00:00:00+00:00,2059708639.04826,2022-02-14 00:00:00+00:00,28,False,False,False,False
mkr,MKR,2022-02-13 00:00:00+00:00,2022-02-13 00:00:00+00:00,2022-02-14 00:00:00+00:00,1889129893.4610593,2022-02-14 00:00:00+00:00,29,False,False,False,False
bsv,BSV,2022-02-13 00:00:00+00:00,2022-02-13 00:00:00+00:00,2022-02-14 00:00:00+00:00,1765409486.4531498,2022-02-14 00:00:00+00:00,30,False,False,False,False
btc,BTC,2022-02-20 00:00:00+00:00,2022-02-20 00:00:00+00:00,2022-02-21 00:00:00+00:00,731091944780.325,2022-02-21 00:00:00+00:00,1,True,True,True,True
eth,ETH,2022-02-20 00:00:00+00:00,2022-02-20 00:00:00+00:00,2022-02-21 00:00:00+00:00,311735818583.9793,2022-02-21 00:00:00+00:00,2,True,True,True,True
xrp,XRP,2022-02-20 00:00:00+00:00,2022-02-20 00:00:00+00:00,2022-02-21 00:00:00+00:00,78039802555.88672,2022-02-21 00:00:00+00:00,3,True,True,False,True
cro,CRO,2022-02-20 00:00:00+00:00,2022-02-20 00:00:00+00:00,2022-02-21 00:00:00+00:00,40584424130.9458,2022-02-21 00:00:00+00:00,4,True,True,False,False
ada,ADA,2022-02-20 00:00:00+00:00,2022-02-20 00:00:00+00:00,2022-02-21 00:00:00+00:00,30982342265.53988,2022-02-21 00:00:00+00:00,5,True,True,False,True
xlm,XLM,2022-02-20 00:00:00+00:00,2022-02-20 00:00:00+00:00,2022-02-21 00:00:00+00:00,20594963214.037567,2022-02-21 00:00:00+00:00,6,True,True,False,False
dot,DOT,2022-02-20 00:00:00+00:00,2022-02-20 00:00:00+00:00,2022-02-21 00:00:00+00:00,19442563090.943928,2022-02-21 00:00:00+00:00,7,False,True,False,False
doge,DOGE,2022-02-20 00:00:00+00:00,2022-02-20 00:00:00+00:00,2022-02-21 00:00:00+00:00,18285934343.23831,2022-02-21 00:00:00+00:00,8,False,True,False,False
link,LINK,2022-02-20 00:00:00+00:00,2022-02-20 00:00:00+00:00,2022-02-21 00:00:00+00:00,14712496333.159,2022-02-21 00:00:00+00:00,9,False,True,True,True
ftt,FTT,2022-02-20 00:00:00+00:00,2022-02-20 00:00:00+00:00,2022-02-21 00:00:00+00:00,13702498882.44776,2022-02-21 00:00:00+00:00,10,False,True,False,False
uni,UNI,2022-02-20 00:00:00+00:00,2022-02-20 00:00:00+00:00,2022-02-21 00:00:00+00:00,9412420151.08953,2022-02-21 00:00:00+00:00,11,False,False,False,False
icp,ICP,2022-02-20 00:00:00+00:00,2022-02-20 00:00:00+00:00,2022-02-21 00:00:00+00:00,8988317844.798386,2022-02-21 00:00:00+00:00,12,False,False,False,False
algo,ALGO,2022-02-20 00:00:00+00:00,2022-02-20 00:00:00+00:00,2022-02-21 00:00:00+00:00,8514988136.79728,2022-02-21 00:00:00+00:00,13,False,False,False,False
ltc,LTC,2022-02-20 00:00:00+00:00,2022-02-20 00:00:00+00:00,2022-02-21 00:00:00+00:00,7736062442.501798,2022-02-21 00:00:00+00:00,14,False,False,False,True
mana,MANA,2022-02-20 00:00:00+00:00,2022-02-20 00:00:00+00:00,2022-02-21 00:00:00+00:00,5939192114.623881,2022-02-21 00:00:00+00:00,15,False,False,False,False
bch,BCH,2022-02-20 00:00:00+00:00,2022-02-20 00:00:00+00:00,2022-02-21 00:00:00+00:00,5769616206.258866,2022-02-21 00:00:00+00:00,16,False,False,False,False
ht,HT,2022-02-20 00:00:00+00:00,2022-02-20 00:00:00+00:00,2022-02-21 00:00:00+00:00,4800686211.314195,2022-02-21 00:00:00+00:00,17,False,False,False,False
crv,CRV,2022-02-20 00:00:00+00:00,2022-02-20 00:00:00+00:00,2022-02-21 00:00:00+00:00,4352887988.839052,2022-02-21 00:00:00+00:00,18,False,False,False,False
avaxc,AVAXC,2022-02-20 00:00:00+00:00,2022-02-20 00:00:00+00:00,2022-02-21 00:00:00+00:00,3988769869.363237,2022-02-21 00:00:00+00:00,19,False,False,False,False
etc,ETC,2022-02-20 00:00:00+00:00,2022-02-20 00:00:00+00:00,2022-02-21 00:00:00+00:00,3662281930.169628,2022-02-21 00:00:00+00:00,20,False,False,False,False
gno,GNO,2022-02-20 00:00:00+00:00,2022-02-20 00:00:00+00:00,2022-02-21 00:00:00+00:00,3237007418.10297,2022-02-21 00:00:00+00:00,21,False,False,False,False
xtz,XTZ,2022-02-20 00:00:00+00:00,2022-02-20 00:00:00+00:00,2022-02-21 00:00:00+00:00,2890738658.803275,2022-02-21 00:00:00+00:00,22,False,False,False,False
xmr,XMR,2022-02-20 00:00:00+00:00,2022-02-20 00:00:00+00:00,2022-02-21 00:00:00+00:00,2722654148.7261624,2022-02-21 00:00:00+00:00,23,False,False,False,False
qnt,QNT,2022-02-20 00:00:00+00:00,2022-02-20 00:00:00+00:00,2022-02-21 00:00:00+00:00,2646639881.3097744,2022-02-21 00:00:00+00:00,24,False,False,False,False
neo,NEO,2022-02-20 00:00:00+00:00,2022-02-20 00:00:00+00:00,2022-02-21 00:00:00+00:00,2327361012.76324,2022-02-21 00:00:00+00:00,25,False,False,False,False
1inch,1INCH,2022-02-20 00:00:00+00:00,2022-02-20 00:00:00+00:00,2022-02-21 00:00:00+00:00,2241051024.285225,2022-02-21 00:00:00+00:00,26,False,False,False,False
aave,AAVE,2022-02-20 00:00:00+00:00,2022-02-20 00:00:00+00:00,2022-02-21 00:00:00+00:00,2212360166.585888,2022-02-21 00:00:00+00:00,27,False,False,False,False
lend,LEND,2022-02-20 00:00:00+00:00,2022-02-20 00:00:00+00:00,2022-02-21 00:00:00+00:00,1797542554.7425408,2022-02-21 00:00:00+00:00,28,False,False,False,False
mkr,MKR,2022-02-20 00:00:00+00:00,2022-02-20 00:00:00+00:00,2022-02-21 00:00:00+00:00,1746763306.5467002,2022-02-21 00:00:00+00:00,29,False,False,False,False
bsv,BSV,2022-02-20 00:00:00+00:00,2022-02-20 00:00:00+00:00,2022-02-21 00:00:00+00:00,1611017534.237332,2022-02-21 00:00:00+00:00,30,False,False,False,False
btc,BTC,2022-02-27 00:00:00+00:00,2022-02-27 00:00:00+00:00,2022-02-28 00:00:00+00:00,714497979063.6005,2022-02-28 00:00:00+00:00,1,True,True,True,True
eth,ETH,2022-02-27 00:00:00+00:00,2022-02-27 00:00:00+00:00,2022-02-28 00:00:00+00:00,309300957603.4774,2022-02-28 00:00:00+00:00,2,True,True,True,True
xrp,XRP,2022-02-27 00:00:00+00:00,2022-02-27 00:00:00+00:00,2022-02-28 00:00:00+00:00,71828704323.53395,2022-02-28 00:00:00+00:00,3,True,True,False,True
cro,CRO,2022-02-27 00:00:00+00:00,2022-02-27 00:00:00+00:00,2022-02-28 00:00:00+00:00,39400035883.8348,2022-02-28 00:00:00+00:00,4,True,True,False,False
ada,ADA,2022-02-27 00:00:00+00:00,2022-02-27 00:00:00+00:00,2022-02-28 00:00:00+00:00,28225881489.4981,2022-02-28 00:00:00+00:00,5,True,True,False,True
dot,DOT,2022-02-27 00:00:00+00:00,2022-02-27 00:00:00+00:00,2022-02-28 00:00:00+00:00,19935186760.50969,2022-02-28 00:00:00+00:00,6,True,True,False,False
xlm,XLM,2022-02-27 00:00:00+00:00,2022-02-27 00:00:00+00:00,2022-02-28 00:00:00+00:00,19025730197.25174,2022-02-28 00:00:00+00:00,7,False,True,False,False
doge,DOGE,2022-02-27 00:00:00+00:00,2022-02-27 00:00:00+00:00,2022-02-28 00:00:00+00:00,16374057462.626633,2022-02-28 00:00:00+00:00,8,False,True,False,False
ftt,FTT,2022-02-27 00:00:00+00:00,2022-02-27 00:00:00+00:00,2022-02-28 00:00:00+00:00,13853114389.211205,2022-02-28 00:00:00+00:00,9,False,True,False,False
link,LINK,2022-02-27 00:00:00+00:00,2022-02-27 00:00:00+00:00,2022-02-28 00:00:00+00:00,13613768912.8394,2022-02-28 00:00:00+00:00,10,False,True,True,True
uni,UNI,2022-02-27 00:00:00+00:00,2022-02-27 00:00:00+00:00,2022-02-28 00:00:00+00:00,9721267864.5579,2022-02-28 00:00:00+00:00,11,False,False,False,False
icp,ICP,2022-02-27 00:00:00+00:00,2022-02-27 00:00:00+00:00,2022-02-28 00:00:00+00:00,8174613790.234455,2022-02-28 00:00:00+00:00,12,False,False,False,False
algo,ALGO,2022-02-27 00:00:00+00:00,2022-02-27 00:00:00+00:00,2022-02-28 00:00:00+00:00,7944947853.89088,2022-02-28 00:00:00+00:00,13,False,False,False,False
ltc,LTC,2022-02-27 00:00:00+00:00,2022-02-27 00:00:00+00:00,2022-02-28 00:00:00+00:00,7168425916.906797,2022-02-28 00:00:00+00:00,14,False,False,False,True
bch,BCH,2022-02-27 00:00:00+00:00,2022-02-27 00:00:00+00:00,2022-02-28 00:00:00+00:00,5761053338.664245,2022-02-28 00:00:00+00:00,15,False,False,False,False
mana,MANA,2022-02-27 00:00:00+00:00,2022-02-27 00:00:00+00:00,2022-02-28 00:00:00+00:00,5587961864.752704,2022-02-28 00:00:00+00:00,16,False,False,False,False
ht,HT,2022-02-27 00:00:00+00:00,2022-02-27 00:00:00+00:00,2022-02-28 00:00:00+00:00,4524122487.932645,2022-02-28 00:00:00+00:00,17,False,False,False,False
avaxc,AVAXC,2022-02-27 00:00:00+00:00,2022-02-27 00:00:00+00:00,2022-02-28 00:00:00+00:00,3811918602.248605,2022-02-28 00:00:00+00:00,18,False,False,False,False
crv,CRV,2022-02-27 00:00:00+00:00,2022-02-27 00:00:00+00:00,2022-02-28 00:00:00+00:00,3702639125.825681,2022-02-28 00:00:00+00:00,19,False,False,False,False
etc,ETC,2022-02-27 00:00:00+00:00,2022-02-27 00:00:00+00:00,2022-02-28 00:00:00+00:00,3641477359.450617,2022-02-28 00:00:00+00:00,20,False,False,False,False
gno,GNO,2022-02-27 00:00:00+00:00,2022-02-27 00:00:00+00:00,2022-02-28 00:00:00+00:00,3196679947.17261,2022-02-28 00:00:00+00:00,21,False,False,False,False
xtz,XTZ,2022-02-27 00:00:00+00:00,2022-02-27 00:00:00+00:00,2022-02-28 00:00:00+00:00,2729388528.5226398,2022-02-28 00:00:00+00:00,22,False,False,False,False
xmr,XMR,2022-02-27 00:00:00+00:00,2022-02-27 00:00:00+00:00,2022-02-28 00:00:00+00:00,2648264690.4689636,2022-02-28 00:00:00+00:00,23,False,False,False,False
qnt,QNT,2022-02-27 00:00:00+00:00,2022-02-27 00:00:00+00:00,2022-02-28 00:00:00+00:00,2579416968.7698245,2022-02-28 00:00:00+00:00,24,False,False,False,False
aave,AAVE,2022-02-27 00:00:00+00:00,2022-02-27 00:00:00+00:00,2022-02-28 00:00:00+00:00,2098021650.441888,2022-02-28 00:00:00+00:00,25,False,False,False,False
1inch,1INCH,2022-02-27 00:00:00+00:00,2022-02-27 00:00:00+00:00,2022-02-28 00:00:00+00:00,2074162933.344225,2022-02-28 00:00:00+00:00,26,False,False,False,False
neo,NEO,2022-02-27 00:00:00+00:00,2022-02-27 00:00:00+00:00,2022-02-28 00:00:00+00:00,1982604953.25654,2022-02-28 00:00:00+00:00,27,False,False,False,False
mkr,MKR,2022-02-27 00:00:00+00:00,2022-02-27 00:00:00+00:00,2022-02-28 00:00:00+00:00,1767765889.2316282,2022-02-28 00:00:00+00:00,28,False,False,False,False
lend,LEND,2022-02-27 00:00:00+00:00,2022-02-27 00:00:00+00:00,2022-02-28 00:00:00+00:00,1704642514.5415244,2022-02-28 00:00:00+00:00,29,False,False,False,False
ldo,LDO,2022-02-27 00:00:00+00:00,2022-02-27 00:00:00+00:00,2022-02-28 00:00:00+00:00,1622587836.73877,2022-02-28 00:00:00+00:00,30,False,False,False,False
btc,BTC,2022-03-06 00:00:00+00:00,2022-03-06 00:00:00+00:00,2022-03-07 00:00:00+00:00,728670905368.0938,2022-03-07 00:00:00+00:00,1,True,True,True,True
eth,ETH,2022-03-06 00:00:00+00:00,2022-03-06 00:00:00+00:00,2022-03-07 00:00:00+00:00,302789734330.08545,2022-03-07 00:00:00+00:00,2,True,True,True,True
xrp,XRP,2022-03-06 00:00:00+00:00,2022-03-06 00:00:00+00:00,2022-03-07 00:00:00+00:00,72607236980.26799,2022-03-07 00:00:00+00:00,3,True,True,False,True
cro,CRO,2022-03-06 00:00:00+00:00,2022-03-06 00:00:00+00:00,2022-03-07 00:00:00+00:00,39263666126.4204,2022-03-07 00:00:00+00:00,4,True,True,False,False
ada,ADA,2022-03-06 00:00:00+00:00,2022-03-06 00:00:00+00:00,2022-03-07 00:00:00+00:00,27266745277.03512,2022-03-07 00:00:00+00:00,5,True,True,False,True
dot,DOT,2022-03-06 00:00:00+00:00,2022-03-06 00:00:00+00:00,2022-03-07 00:00:00+00:00,19487052532.637512,2022-03-07 00:00:00+00:00,6,True,True,False,False
xlm,XLM,2022-03-06 00:00:00+00:00,2022-03-06 00:00:00+00:00,2022-03-07 00:00:00+00:00,18246459228.409428,2022-03-07 00:00:00+00:00,7,False,True,False,False
doge,DOGE,2022-03-06 00:00:00+00:00,2022-03-06 00:00:00+00:00,2022-03-07 00:00:00+00:00,16093525624.652124,2022-03-07 00:00:00+00:00,8,False,True,False,False
link,LINK,2022-03-06 00:00:00+00:00,2022-03-06 00:00:00+00:00,2022-03-07 00:00:00+00:00,13354208105.5628,2022-03-07 00:00:00+00:00,9,False,True,True,True
ftt,FTT,2022-03-06 00:00:00+00:00,2022-03-06 00:00:00+00:00,2022-03-07 00:00:00+00:00,13294122914.229946,2022-03-07 00:00:00+00:00,10,False,True,False,False
uni,UNI,2022-03-06 00:00:00+00:00,2022-03-06 00:00:00+00:00,2022-03-07 00:00:00+00:00,8500442770.12352,2022-03-07 00:00:00+00:00,11,False,False,False,False
icp,ICP,2022-03-06 00:00:00+00:00,2022-03-06 00:00:00+00:00,2022-03-07 00:00:00+00:00,8024872354.950164,2022-03-07 00:00:00+00:00,12,False,False,False,False
algo,ALGO,2022-03-06 00:00:00+00:00,2022-03-06 00:00:00+00:00,2022-03-07 00:00:00+00:00,7496046702.08977,2022-03-07 00:00:00+00:00,13,False,False,False,False
ltc,LTC,2022-03-06 00:00:00+00:00,2022-03-06 00:00:00+00:00,2022-03-07 00:00:00+00:00,7075266394.58547,2022-03-07 00:00:00+00:00,14,False,False,False,True
bch,BCH,2022-03-06 00:00:00+00:00,2022-03-06 00:00:00+00:00,2022-03-07 00:00:00+00:00,5379384057.063602,2022-03-07 00:00:00+00:00,15,False,False,False,False
mana,MANA,2022-03-06 00:00:00+00:00,2022-03-06 00:00:00+00:00,2022-03-07 00:00:00+00:00,5318867779.595205,2022-03-07 00:00:00+00:00,16,False,False,False,False
ht,HT,2022-03-06 00:00:00+00:00,2022-03-06 00:00:00+00:00,2022-03-07 00:00:00+00:00,4560409448.72417,2022-03-07 00:00:00+00:00,17,False,False,False,False
avaxc,AVAXC,2022-03-06 00:00:00+00:00,2022-03-06 00:00:00+00:00,2022-03-07 00:00:00+00:00,3818670372.579395,2022-03-07 00:00:00+00:00,18,False,False,False,False
etc,ETC,2022-03-06 00:00:00+00:00,2022-03-06 00:00:00+00:00,2022-03-07 00:00:00+00:00,3555879386.637227,2022-03-07 00:00:00+00:00,19,False,False,False,False
crv,CRV,2022-03-06 00:00:00+00:00,2022-03-06 00:00:00+00:00,2022-03-07 00:00:00+00:00,3522159714.7972484,2022-03-07 00:00:00+00:00,20,False,False,False,False
gno,GNO,2022-03-06 00:00:00+00:00,2022-03-06 00:00:00+00:00,2022-03-07 00:00:00+00:00,3058961792.56262,2022-03-07 00:00:00+00:00,21,False,False,False,False
xmr,XMR,2022-03-06 00:00:00+00:00,2022-03-06 00:00:00+00:00,2022-03-07 00:00:00+00:00,2802770596.7008452,2022-03-07 00:00:00+00:00,22,False,False,False,False
qnt,QNT,2022-03-06 00:00:00+00:00,2022-03-06 00:00:00+00:00,2022-03-07 00:00:00+00:00,2727395350.9838905,2022-03-07 00:00:00+00:00,23,False,False,False,False
xtz,XTZ,2022-03-06 00:00:00+00:00,2022-03-06 00:00:00+00:00,2022-03-07 00:00:00+00:00,2635881217.3764853,2022-03-07 00:00:00+00:00,24,False,False,False,False
ldo,LDO,2022-03-06 00:00:00+00:00,2022-03-06 00:00:00+00:00,2022-03-07 00:00:00+00:00,2076968613.43217,2022-03-07 00:00:00+00:00,25,False,False,False,False
neo,NEO,2022-03-06 00:00:00+00:00,2022-03-06 00:00:00+00:00,2022-03-07 00:00:00+00:00,2051108013.72881,2022-03-07 00:00:00+00:00,26,False,False,False,False
1inch,1INCH,2022-03-06 00:00:00+00:00,2022-03-06 00:00:00+00:00,2022-03-07 00:00:00+00:00,1958420680.63419,2022-03-07 00:00:00+00:00,27,False,False,False,False
aave,AAVE,2022-03-06 00:00:00+00:00,2022-03-06 00:00:00+00:00,2022-03-07 00:00:00+00:00,1874259210.4852,2022-03-07 00:00:00+00:00,28,False,False,False,False
mkr,MKR,2022-03-06 00:00:00+00:00,2022-03-06 00:00:00+00:00,2022-03-07 00:00:00+00:00,1693075444.8276074,2022-03-07 00:00:00+00:00,29,False,False,False,False
hbtc,HBTC,2022-03-06 00:00:00+00:00,2022-03-06 00:00:00+00:00,2022-03-07 00:00:00+00:00,1531522537.9363978,2022-03-07 00:00:00+00:00,30,False,False,False,False
btc,BTC,2022-03-13 00:00:00+00:00,2022-03-13 00:00:00+00:00,2022-03-14 00:00:00+00:00,717697507253.0143,2022-03-14 00:00:00+00:00,1,True,True,True,True
eth,ETH,2022-03-13 00:00:00+00:00,2022-03-13 00:00:00+00:00,2022-03-14 00:00:00+00:00,298100690308.7325,2022-03-14 00:00:00+00:00,2,True,True,True,True
xrp,XRP,2022-03-13 00:00:00+00:00,2022-03-13 00:00:00+00:00,2022-03-14 00:00:00+00:00,76022377347.36255,2022-03-14 00:00:00+00:00,3,True,True,False,True
cro,CRO,2022-03-13 00:00:00+00:00,2022-03-13 00:00:00+00:00,2022-03-14 00:00:00+00:00,37685797208.5231,2022-03-14 00:00:00+00:00,4,True,True,False,False
ada,ADA,2022-03-13 00:00:00+00:00,2022-03-13 00:00:00+00:00,2022-03-14 00:00:00+00:00,26115639360.970722,2022-03-14 00:00:00+00:00,5,True,True,False,True
dot,DOT,2022-03-13 00:00:00+00:00,2022-03-13 00:00:00+00:00,2022-03-14 00:00:00+00:00,19782001692.13571,2022-03-14 00:00:00+00:00,6,True,True,False,False
xlm,XLM,2022-03-13 00:00:00+00:00,2022-03-13 00:00:00+00:00,2022-03-14 00:00:00+00:00,18615123764.73668,2022-03-14 00:00:00+00:00,7,False,True,False,False
doge,DOGE,2022-03-13 00:00:00+00:00,2022-03-13 00:00:00+00:00,2022-03-14 00:00:00+00:00,14885907706.747208,2022-03-14 00:00:00+00:00,8,False,True,False,False
ftt,FTT,2022-03-13 00:00:00+00:00,2022-03-13 00:00:00+00:00,2022-03-14 00:00:00+00:00,13306016934.528526,2022-03-14 00:00:00+00:00,9,False,True,False,False
link,LINK,2022-03-13 00:00:00+00:00,2022-03-13 00:00:00+00:00,2022-03-14 00:00:00+00:00,12721071163.392,2022-03-14 00:00:00+00:00,10,False,True,True,True
uni,UNI,2022-03-13 00:00:00+00:00,2022-03-13 00:00:00+00:00,2022-03-14 00:00:00+00:00,8179441309.24249,2022-03-14 00:00:00+00:00,11,False,False,False,False
icp,ICP,2022-03-13 00:00:00+00:00,2022-03-13 00:00:00+00:00,2022-03-14 00:00:00+00:00,7518154362.463831,2022-03-14 00:00:00+00:00,12,False,False,False,False
ltc,LTC,2022-03-13 00:00:00+00:00,2022-03-13 00:00:00+00:00,2022-03-14 00:00:00+00:00,7105345732.865112,2022-03-14 00:00:00+00:00,13,False,False,False,True
algo,ALGO,2022-03-13 00:00:00+00:00,2022-03-13 00:00:00+00:00,2022-03-14 00:00:00+00:00,6821018286.81052,2022-03-14 00:00:00+00:00,14,False,False,False,False
bch,BCH,2022-03-13 00:00:00+00:00,2022-03-13 00:00:00+00:00,2022-03-14 00:00:00+00:00,5323173365.814445,2022-03-14 00:00:00+00:00,15,False,False,False,False
mana,MANA,2022-03-13 00:00:00+00:00,2022-03-13 00:00:00+00:00,2022-03-14 00:00:00+00:00,4941178805.281463,2022-03-14 00:00:00+00:00,16,False,False,False,False
ht,HT,2022-03-13 00:00:00+00:00,2022-03-13 00:00:00+00:00,2022-03-14 00:00:00+00:00,4449665356.355645,2022-03-14 00:00:00+00:00,17,False,False,False,False
avaxc,AVAXC,2022-03-13 00:00:00+00:00,2022-03-13 00:00:00+00:00,2022-03-14 00:00:00+00:00,3638473454.264768,2022-03-14 00:00:00+00:00,18,False,False,False,False
etc,ETC,2022-03-13 00:00:00+00:00,2022-03-13 00:00:00+00:00,2022-03-14 00:00:00+00:00,3393500130.4933066,2022-03-14 00:00:00+00:00,19,False,False,False,False
crv,CRV,2022-03-13 00:00:00+00:00,2022-03-13 00:00:00+00:00,2022-03-14 00:00:00+00:00,3269843305.6409464,2022-03-14 00:00:00+00:00,20,False,False,False,False
xmr,XMR,2022-03-13 00:00:00+00:00,2022-03-13 00:00:00+00:00,2022-03-14 00:00:00+00:00,3094814236.8080916,2022-03-14 00:00:00+00:00,21,False,False,False,False
gno,GNO,2022-03-13 00:00:00+00:00,2022-03-13 00:00:00+00:00,2022-03-14 00:00:00+00:00,2865915402.89201,2022-03-14 00:00:00+00:00,22,False,False,False,False
qnt,QNT,2022-03-13 00:00:00+00:00,2022-03-13 00:00:00+00:00,2022-03-14 00:00:00+00:00,2735080133.209934,2022-03-14 00:00:00+00:00,23,False,False,False,False
xtz,XTZ,2022-03-13 00:00:00+00:00,2022-03-13 00:00:00+00:00,2022-03-14 00:00:00+00:00,2582025941.43333,2022-03-14 00:00:00+00:00,24,False,False,False,False
ldo,LDO,2022-03-13 00:00:00+00:00,2022-03-13 00:00:00+00:00,2022-03-14 00:00:00+00:00,2425643314.64764,2022-03-14 00:00:00+00:00,25,False,False,False,False
1inch,1INCH,2022-03-13 00:00:00+00:00,2022-03-13 00:00:00+00:00,2022-03-14 00:00:00+00:00,1964468731.289085,2022-03-14 00:00:00+00:00,26,False,False,False,False
zec,ZEC,2022-03-13 00:00:00+00:00,2022-03-13 00:00:00+00:00,2022-03-14 00:00:00+00:00,1910822553.8873725,2022-03-14 00:00:00+00:00,27,False,False,False,False
neo,NEO,2022-03-13 00:00:00+00:00,2022-03-13 00:00:00+00:00,2022-03-14 00:00:00+00:00,1907166048.22648,2022-03-14 00:00:00+00:00,28,False,False,False,False
aave,AAVE,2022-03-13 00:00:00+00:00,2022-03-13 00:00:00+00:00,2022-03-14 00:00:00+00:00,1853683697.275696,2022-03-14 00:00:00+00:00,29,False,False,False,False
mkr,MKR,2022-03-13 00:00:00+00:00,2022-03-13 00:00:00+00:00,2022-03-14 00:00:00+00:00,1647916982.009851,2022-03-14 00:00:00+00:00,30,False,False,False,False
btc,BTC,2022-03-20 00:00:00+00:00,2022-03-20 00:00:00+00:00,2022-03-21 00:00:00+00:00,784151376119.5593,2022-03-21 00:00:00+00:00,1,True,True,True,True
eth,ETH,2022-03-20 00:00:00+00:00,2022-03-20 00:00:00+00:00,2022-03-21 00:00:00+00:00,339234082068.7267,2022-03-21 00:00:00+00:00,2,True,True,True,True
xrp,XRP,2022-03-20 00:00:00+00:00,2022-03-20 00:00:00+00:00,2022-03-21 00:00:00+00:00,80606745577.18718,2022-03-21 00:00:00+00:00,3,True,True,False,True
cro,CRO,2022-03-20 00:00:00+00:00,2022-03-20 00:00:00+00:00,2022-03-21 00:00:00+00:00,40603623372.5754,2022-03-21 00:00:00+00:00,4,True,True,False,False
ada,ADA,2022-03-20 00:00:00+00:00,2022-03-20 00:00:00+00:00,2022-03-21 00:00:00+00:00,29085191062.717693,2022-03-21 00:00:00+00:00,5,True,True,False,True
dot,DOT,2022-03-20 00:00:00+00:00,2022-03-20 00:00:00+00:00,2022-03-21 00:00:00+00:00,21445247389.74982,2022-03-21 00:00:00+00:00,6,True,True,False,False
xlm,XLM,2022-03-20 00:00:00+00:00,2022-03-20 00:00:00+00:00,2022-03-21 00:00:00+00:00,20775997139.970104,2022-03-21 00:00:00+00:00,7,False,True,False,False
doge,DOGE,2022-03-20 00:00:00+00:00,2022-03-20 00:00:00+00:00,2022-03-21 00:00:00+00:00,15944273084.847733,2022-03-21 00:00:00+00:00,8,False,True,False,False
ftt,FTT,2022-03-20 00:00:00+00:00,2022-03-20 00:00:00+00:00,2022-03-21 00:00:00+00:00,14686936051.325207,2022-03-21 00:00:00+00:00,9,False,True,False,False
link,LINK,2022-03-20 00:00:00+00:00,2022-03-20 00:00:00+00:00,2022-03-21 00:00:00+00:00,14582697989.41,2022-03-21 00:00:00+00:00,10,False,True,True,True
uni,UNI,2022-03-20 00:00:00+00:00,2022-03-20 00:00:00+00:00,2022-03-21 00:00:00+00:00,9338572911.59713,2022-03-21 00:00:00+00:00,11,False,False,False,False
icp,ICP,2022-03-20 00:00:00+00:00,2022-03-20 00:00:00+00:00,2022-03-21 00:00:00+00:00,8034110146.804277,2022-03-21 00:00:00+00:00,12,False,False,False,False
ltc,LTC,2022-03-20 00:00:00+00:00,2022-03-20 00:00:00+00:00,2022-03-21 00:00:00+00:00,8032888531.363137,2022-03-21 00:00:00+00:00,13,False,False,False,True
algo,ALGO,2022-03-20 00:00:00+00:00,2022-03-20 00:00:00+00:00,2022-03-21 00:00:00+00:00,7434911780.65676,2022-03-21 00:00:00+00:00,14,False,False,False,False
bch,BCH,2022-03-20 00:00:00+00:00,2022-03-20 00:00:00+00:00,2022-03-21 00:00:00+00:00,6210646022.199955,2022-03-21 00:00:00+00:00,15,False,False,False,False
mana,MANA,2022-03-20 00:00:00+00:00,2022-03-20 00:00:00+00:00,2022-03-21 00:00:00+00:00,5270221284.268054,2022-03-21 00:00:00+00:00,16,False,False,False,False
etc,ETC,2022-03-20 00:00:00+00:00,2022-03-20 00:00:00+00:00,2022-03-21 00:00:00+00:00,5102956040.888345,2022-03-21 00:00:00+00:00,17,False,False,False,False
ht,HT,2022-03-20 00:00:00+00:00,2022-03-20 00:00:00+00:00,2022-03-21 00:00:00+00:00,4571388160.44832,2022-03-21 00:00:00+00:00,18,False,False,False,False
avaxc,AVAXC,2022-03-20 00:00:00+00:00,2022-03-20 00:00:00+00:00,2022-03-21 00:00:00+00:00,4233838284.934593,2022-03-21 00:00:00+00:00,19,False,False,False,False
crv,CRV,2022-03-20 00:00:00+00:00,2022-03-20 00:00:00+00:00,2022-03-21 00:00:00+00:00,3682417065.661161,2022-03-21 00:00:00+00:00,20,False,False,False,False
xmr,XMR,2022-03-20 00:00:00+00:00,2022-03-20 00:00:00+00:00,2022-03-21 00:00:00+00:00,3431457267.39679,2022-03-21 00:00:00+00:00,21,False,False,False,False
gno,GNO,2022-03-20 00:00:00+00:00,2022-03-20 00:00:00+00:00,2022-03-21 00:00:00+00:00,3115216635.29327,2022-03-21 00:00:00+00:00,22,False,False,False,False
ldo,LDO,2022-03-20 00:00:00+00:00,2022-03-20 00:00:00+00:00,2022-03-21 00:00:00+00:00,3093594643.8243,2022-03-21 00:00:00+00:00,23,False,False,False,False
xtz,XTZ,2022-03-20 00:00:00+00:00,2022-03-20 00:00:00+00:00,2022-03-21 00:00:00+00:00,2943110544.063753,2022-03-21 00:00:00+00:00,24,False,False,False,False
qnt,QNT,2022-03-20 00:00:00+00:00,2022-03-20 00:00:00+00:00,2022-03-21 00:00:00+00:00,2892796200.865932,2022-03-21 00:00:00+00:00,25,False,False,False,False
aave,AAVE,2022-03-20 00:00:00+00:00,2022-03-20 00:00:00+00:00,2022-03-21 00:00:00+00:00,2450513981.41176,2022-03-21 00:00:00+00:00,26,False,False,False,False
1inch,1INCH,2022-03-20 00:00:00+00:00,2022-03-20 00:00:00+00:00,2022-03-21 00:00:00+00:00,2337051237.733305,2022-03-21 00:00:00+00:00,27,False,False,False,False
neo,NEO,2022-03-20 00:00:00+00:00,2022-03-20 00:00:00+00:00,2022-03-21 00:00:00+00:00,2266423208.23473,2022-03-21 00:00:00+00:00,28,False,False,False,False
zec,ZEC,2022-03-20 00:00:00+00:00,2022-03-20 00:00:00+00:00,2022-03-21 00:00:00+00:00,2130273160.89249,2022-03-21 00:00:00+00:00,29,False,False,False,False
lend,LEND,2022-03-20 00:00:00+00:00,2022-03-20 00:00:00+00:00,2022-03-21 00:00:00+00:00,1991042520.611304,2022-03-21 00:00:00+00:00,30,False,False,False,False
btc,BTC,2022-03-27 00:00:00+00:00,2022-03-27 00:00:00+00:00,2022-03-28 00:00:00+00:00,888562475595.7218,2022-03-28 00:00:00+00:00,1,True,True,True,True
eth,ETH,2022-03-27 00:00:00+00:00,2022-03-27 00:00:00+00:00,2022-03-28 00:00:00+00:00,390100025024.9491,2022-03-28 00:00:00+00:00,2,True,True,True,True
xrp,XRP,2022-03-27 00:00:00+00:00,2022-03-27 00:00:00+00:00,2022-03-28 00:00:00+00:00,85628738159.05142,2022-03-28 00:00:00+00:00,3,True,True,False,True
cro,CRO,2022-03-27 00:00:00+00:00,2022-03-27 00:00:00+00:00,2022-03-28 00:00:00+00:00,48508911140.2579,2022-03-28 00:00:00+00:00,4,True,True,False,False
ada,ADA,2022-03-27 00:00:00+00:00,2022-03-27 00:00:00+00:00,2022-03-28 00:00:00+00:00,39052511586.92557,2022-03-28 00:00:00+00:00,5,True,True,False,True
dot,DOT,2022-03-27 00:00:00+00:00,2022-03-27 00:00:00+00:00,2022-03-28 00:00:00+00:00,25746897470.305485,2022-03-28 00:00:00+00:00,6,True,True,False,False
xlm,XLM,2022-03-27 00:00:00+00:00,2022-03-27 00:00:00+00:00,2022-03-28 00:00:00+00:00,24192933474.440365,2022-03-28 00:00:00+00:00,7,False,True,False,False
doge,DOGE,2022-03-27 00:00:00+00:00,2022-03-27 00:00:00+00:00,2022-03-28 00:00:00+00:00,19297888090.671265,2022-03-28 00:00:00+00:00,8,False,True,False,False
ftt,FTT,2022-03-27 00:00:00+00:00,2022-03-27 00:00:00+00:00,2022-03-28 00:00:00+00:00,17326812301.28253,2022-03-28 00:00:00+00:00,9,False,True,False,False
link,LINK,2022-03-27 00:00:00+00:00,2022-03-27 00:00:00+00:00,2022-03-28 00:00:00+00:00,16819137208.273,2022-03-28 00:00:00+00:00,10,False,True,True,True
uni,UNI,2022-03-27 00:00:00+00:00,2022-03-27 00:00:00+00:00,2022-03-28 00:00:00+00:00,11361596406.5578,2022-03-28 00:00:00+00:00,11,False,False,False,False
icp,ICP,2022-03-27 00:00:00+00:00,2022-03-27 00:00:00+00:00,2022-03-28 00:00:00+00:00,10414923549.327707,2022-03-28 00:00:00+00:00,12,False,False,False,False
algo,ALGO,2022-03-27 00:00:00+00:00,2022-03-27 00:00:00+00:00,2022-03-28 00:00:00+00:00,9469303729.9851,2022-03-28 00:00:00+00:00,13,False,False,False,False
ltc,LTC,2022-03-27 00:00:00+00:00,2022-03-27 00:00:00+00:00,2022-03-28 00:00:00+00:00,9036806276.24923,2022-03-28 00:00:00+00:00,14,False,False,False,True
bch,BCH,2022-03-27 00:00:00+00:00,2022-03-27 00:00:00+00:00,2022-03-28 00:00:00+00:00,7158260328.037556,2022-03-28 00:00:00+00:00,15,False,False,False,False
etc,ETC,2022-03-27 00:00:00+00:00,2022-03-27 00:00:00+00:00,2022-03-28 00:00:00+00:00,6453545052.481782,2022-03-28 00:00:00+00:00,16,False,False,False,False
mana,MANA,2022-03-27 00:00:00+00:00,2022-03-27 00:00:00+00:00,2022-03-28 00:00:00+00:00,5973695994.346157,2022-03-28 00:00:00+00:00,17,False,False,False,False
ht,HT,2022-03-27 00:00:00+00:00,2022-03-27 00:00:00+00:00,2022-03-28 00:00:00+00:00,4542543659.244285,2022-03-28 00:00:00+00:00,18,False,False,False,False
crv,CRV,2022-03-27 00:00:00+00:00,2022-03-27 00:00:00+00:00,2022-03-28 00:00:00+00:00,4474229767.831437,2022-03-28 00:00:00+00:00,19,False,False,False,False
avaxc,AVAXC,2022-03-27 00:00:00+00:00,2022-03-27 00:00:00+00:00,2022-03-28 00:00:00+00:00,4445350381.763901,2022-03-28 00:00:00+00:00,20,False,False,False,False
gno,GNO,2022-03-27 00:00:00+00:00,2022-03-27 00:00:00+00:00,2022-03-28 00:00:00+00:00,4026538189.98865,2022-03-28 00:00:00+00:00,21,False,False,False,False
xmr,XMR,2022-03-27 00:00:00+00:00,2022-03-27 00:00:00+00:00,2022-03-28 00:00:00+00:00,3782261289.788619,2022-03-28 00:00:00+00:00,22,False,False,False,False
qnt,QNT,2022-03-27 00:00:00+00:00,2022-03-27 00:00:00+00:00,2022-03-28 00:00:00+00:00,3635599511.2730613,2022-03-28 00:00:00+00:00,23,False,False,False,False
ldo,LDO,2022-03-27 00:00:00+00:00,2022-03-27 00:00:00+00:00,2022-03-28 00:00:00+00:00,3576409307.3150897,2022-03-28 00:00:00+00:00,24,False,False,False,False
xtz,XTZ,2022-03-27 00:00:00+00:00,2022-03-27 00:00:00+00:00,2022-03-28 00:00:00+00:00,3420375052.1477547,2022-03-28 00:00:00+00:00,25,False,False,False,False
aave,AAVE,2022-03-27 00:00:00+00:00,2022-03-27 00:00:00+00:00,2022-03-28 00:00:00+00:00,2697284300.058288,2022-03-28 00:00:00+00:00,26,False,False,False,False
1inch,1INCH,2022-03-27 00:00:00+00:00,2022-03-27 00:00:00+00:00,2022-03-28 00:00:00+00:00,2624379512.23539,2022-03-28 00:00:00+00:00,27,False,False,False,False
neo,NEO,2022-03-27 00:00:00+00:00,2022-03-27 00:00:00+00:00,2022-03-28 00:00:00+00:00,2601762175.66311,2022-03-28 00:00:00+00:00,28,False,False,False,False
zec,ZEC,2022-03-27 00:00:00+00:00,2022-03-27 00:00:00+00:00,2022-03-28 00:00:00+00:00,2580848283.1875978,2022-03-28 00:00:00+00:00,29,False,False,False,False
lend,LEND,2022-03-27 00:00:00+00:00,2022-03-27 00:00:00+00:00,2022-03-28 00:00:00+00:00,2191543395.5204034,2022-03-28 00:00:00+00:00,30,False,False,False,False
btc,BTC,2022-04-03 00:00:00+00:00,2022-04-03 00:00:00+00:00,2022-04-04 00:00:00+00:00,882457046122.9756,2022-04-04 00:00:00+00:00,1,True,True,True,True
eth,ETH,2022-04-03 00:00:00+00:00,2022-04-03 00:00:00+00:00,2022-04-04 00:00:00+00:00,417953425564.6764,2022-04-04 00:00:00+00:00,2,True,True,True,True
xrp,XRP,2022-04-03 00:00:00+00:00,2022-04-03 00:00:00+00:00,2022-04-04 00:00:00+00:00,84290508127.31102,2022-04-04 00:00:00+00:00,3,True,True,False,True
cro,CRO,2022-04-03 00:00:00+00:00,2022-04-03 00:00:00+00:00,2022-04-04 00:00:00+00:00,47978170982.6528,2022-04-04 00:00:00+00:00,4,True,True,False,False
ada,ADA,2022-04-03 00:00:00+00:00,2022-04-03 00:00:00+00:00,2022-04-04 00:00:00+00:00,39259770675.07947,2022-04-04 00:00:00+00:00,5,True,True,False,True
dot,DOT,2022-04-03 00:00:00+00:00,2022-04-03 00:00:00+00:00,2022-04-04 00:00:00+00:00,26730096106.883183,2022-04-04 00:00:00+00:00,6,True,True,False,False
xlm,XLM,2022-04-03 00:00:00+00:00,2022-04-03 00:00:00+00:00,2022-04-04 00:00:00+00:00,24975893390.567776,2022-04-04 00:00:00+00:00,7,False,True,False,False
doge,DOGE,2022-04-03 00:00:00+00:00,2022-04-03 00:00:00+00:00,2022-04-04 00:00:00+00:00,19581090723.282387,2022-04-04 00:00:00+00:00,8,False,True,False,False
link,LINK,2022-04-03 00:00:00+00:00,2022-04-03 00:00:00+00:00,2022-04-04 00:00:00+00:00,18098133361.8446,2022-04-04 00:00:00+00:00,9,False,True,True,True
ftt,FTT,2022-04-03 00:00:00+00:00,2022-04-03 00:00:00+00:00,2022-04-04 00:00:00+00:00,16805149591.944904,2022-04-04 00:00:00+00:00,10,False,True,False,False
uni,UNI,2022-04-03 00:00:00+00:00,2022-04-03 00:00:00+00:00,2022-04-04 00:00:00+00:00,11860770766.0577,2022-04-04 00:00:00+00:00,11,False,False,False,False
icp,ICP,2022-04-03 00:00:00+00:00,2022-04-03 00:00:00+00:00,2022-04-04 00:00:00+00:00,10788634969.170607,2022-04-04 00:00:00+00:00,12,False,False,False,False
algo,ALGO,2022-04-03 00:00:00+00:00,2022-04-03 00:00:00+00:00,2022-04-04 00:00:00+00:00,9320197672.41622,2022-04-04 00:00:00+00:00,13,False,False,False,False
ltc,LTC,2022-04-03 00:00:00+00:00,2022-04-03 00:00:00+00:00,2022-04-04 00:00:00+00:00,9021289932.718239,2022-04-04 00:00:00+00:00,14,False,False,False,True
bch,BCH,2022-04-03 00:00:00+00:00,2022-04-03 00:00:00+00:00,2022-04-04 00:00:00+00:00,7208722717.816497,2022-04-04 00:00:00+00:00,15,False,False,False,False
etc,ETC,2022-04-03 00:00:00+00:00,2022-04-03 00:00:00+00:00,2022-04-04 00:00:00+00:00,6266951567.772977,2022-04-04 00:00:00+00:00,16,False,False,False,False
mana,MANA,2022-04-03 00:00:00+00:00,2022-04-03 00:00:00+00:00,2022-04-04 00:00:00+00:00,5978423207.871501,2022-04-04 00:00:00+00:00,17,False,False,False,False
crv,CRV,2022-04-03 00:00:00+00:00,2022-04-03 00:00:00+00:00,2022-04-04 00:00:00+00:00,5083004643.106432,2022-04-04 00:00:00+00:00,18,False,False,False,False
avaxc,AVAXC,2022-04-03 00:00:00+00:00,2022-04-03 00:00:00+00:00,2022-04-04 00:00:00+00:00,5000379894.997069,2022-04-04 00:00:00+00:00,19,False,False,False,False
ht,HT,2022-04-03 00:00:00+00:00,2022-04-03 00:00:00+00:00,2022-04-04 00:00:00+00:00,4895156186.646125,2022-04-04 00:00:00+00:00,20,False,False,False,False
ldo,LDO,2022-04-03 00:00:00+00:00,2022-04-03 00:00:00+00:00,2022-04-04 00:00:00+00:00,4789540616.133672,2022-04-04 00:00:00+00:00,21,False,False,False,False
gno,GNO,2022-04-03 00:00:00+00:00,2022-04-03 00:00:00+00:00,2022-04-04 00:00:00+00:00,4351341810.58816,2022-04-04 00:00:00+00:00,22,False,False,False,False
aave,AAVE,2022-04-03 00:00:00+00:00,2022-04-03 00:00:00+00:00,2022-04-04 00:00:00+00:00,3890907293.536224,2022-04-04 00:00:00+00:00,23,False,False,False,False
xmr,XMR,2022-04-03 00:00:00+00:00,2022-04-03 00:00:00+00:00,2022-04-04 00:00:00+00:00,3825133265.181326,2022-04-04 00:00:00+00:00,24,False,False,False,False
xtz,XTZ,2022-04-03 00:00:00+00:00,2022-04-03 00:00:00+00:00,2022-04-04 00:00:00+00:00,3576615200.0779037,2022-04-04 00:00:00+00:00,25,False,False,False,False
qnt,QNT,2022-04-03 00:00:00+00:00,2022-04-03 00:00:00+00:00,2022-04-04 00:00:00+00:00,3418889703.8338733,2022-04-04 00:00:00+00:00,26,False,False,False,False
lend,LEND,2022-04-03 00:00:00+00:00,2022-04-03 00:00:00+00:00,2022-04-04 00:00:00+00:00,3161362034.230952,2022-04-04 00:00:00+00:00,27,False,False,False,False
1inch,1INCH,2022-04-03 00:00:00+00:00,2022-04-03 00:00:00+00:00,2022-04-04 00:00:00+00:00,2959926670.92549,2022-04-04 00:00:00+00:00,28,False,False,False,False
neo,NEO,2022-04-03 00:00:00+00:00,2022-04-03 00:00:00+00:00,2022-04-04 00:00:00+00:00,2800789760.67381,2022-04-04 00:00:00+00:00,29,False,False,False,False
mkr,MKR,2022-04-03 00:00:00+00:00,2022-04-03 00:00:00+00:00,2022-04-04 00:00:00+00:00,2226368360.058742,2022-04-04 00:00:00+00:00,30,False,False,False,False
btc,BTC,2022-04-10 00:00:00+00:00,2022-04-10 00:00:00+00:00,2022-04-11 00:00:00+00:00,803372627468.9935,2022-04-11 00:00:00+00:00,1,True,True,True,True
eth,ETH,2022-04-10 00:00:00+00:00,2022-04-10 00:00:00+00:00,2022-04-11 00:00:00+00:00,382155324406.553,2022-04-11 00:00:00+00:00,2,True,True,True,True
xrp,XRP,2022-04-10 00:00:00+00:00,2022-04-10 00:00:00+00:00,2022-04-11 00:00:00+00:00,75686344313.44324,2022-04-11 00:00:00+00:00,3,True,True,False,True
cro,CRO,2022-04-10 00:00:00+00:00,2022-04-10 00:00:00+00:00,2022-04-11 00:00:00+00:00,44208989962.7102,2022-04-11 00:00:00+00:00,4,True,True,False,False
ada,ADA,2022-04-10 00:00:00+00:00,2022-04-10 00:00:00+00:00,2022-04-11 00:00:00+00:00,34272932895.97065,2022-04-11 00:00:00+00:00,5,True,True,False,True
dot,DOT,2022-04-10 00:00:00+00:00,2022-04-10 00:00:00+00:00,2022-04-11 00:00:00+00:00,22484755597.62691,2022-04-11 00:00:00+00:00,6,True,True,False,False
xlm,XLM,2022-04-10 00:00:00+00:00,2022-04-10 00:00:00+00:00,2022-04-11 00:00:00+00:00,21290058650.78549,2022-04-11 00:00:00+00:00,7,False,True,False,False
doge,DOGE,2022-04-10 00:00:00+00:00,2022-04-10 00:00:00+00:00,2022-04-11 00:00:00+00:00,20067936697.63218,2022-04-11 00:00:00+00:00,8,False,True,False,False
link,LINK,2022-04-10 00:00:00+00:00,2022-04-10 00:00:00+00:00,2022-04-11 00:00:00+00:00,15364635211.1815,2022-04-11 00:00:00+00:00,9,False,True,True,True
ftt,FTT,2022-04-10 00:00:00+00:00,2022-04-10 00:00:00+00:00,2022-04-11 00:00:00+00:00,15042541563.686596,2022-04-11 00:00:00+00:00,10,False,True,False,False
uni,UNI,2022-04-10 00:00:00+00:00,2022-04-10 00:00:00+00:00,2022-04-11 00:00:00+00:00,9941364380.64404,2022-04-11 00:00:00+00:00,11,False,False,False,False
icp,ICP,2022-04-10 00:00:00+00:00,2022-04-10 00:00:00+00:00,2022-04-11 00:00:00+00:00,8393447757.831204,2022-04-11 00:00:00+00:00,12,False,False,False,False
ltc,LTC,2022-04-10 00:00:00+00:00,2022-04-10 00:00:00+00:00,2022-04-11 00:00:00+00:00,7778734709.304564,2022-04-11 00:00:00+00:00,13,False,False,False,True
algo,ALGO,2022-04-10 00:00:00+00:00,2022-04-10 00:00:00+00:00,2022-04-11 00:00:00+00:00,7560057358.06032,2022-04-11 00:00:00+00:00,14,False,False,False,False
bch,BCH,2022-04-10 00:00:00+00:00,2022-04-10 00:00:00+00:00,2022-04-11 00:00:00+00:00,6103139731.720145,2022-04-11 00:00:00+00:00,15,False,False,False,False
etc,ETC,2022-04-10 00:00:00+00:00,2022-04-10 00:00:00+00:00,2022-04-11 00:00:00+00:00,5468562273.218702,2022-04-11 00:00:00+00:00,16,False,False,False,False
mana,MANA,2022-04-10 00:00:00+00:00,2022-04-10 00:00:00+00:00,2022-04-11 00:00:00+00:00,4989052269.729555,2022-04-11 00:00:00+00:00,17,False,False,False,False
ht,HT,2022-04-10 00:00:00+00:00,2022-04-10 00:00:00+00:00,2022-04-11 00:00:00+00:00,4760456489.267205,2022-04-11 00:00:00+00:00,18,False,False,False,False
avaxc,AVAXC,2022-04-10 00:00:00+00:00,2022-04-10 00:00:00+00:00,2022-04-11 00:00:00+00:00,4261422997.8637156,2022-04-11 00:00:00+00:00,19,False,False,False,False
crv,CRV,2022-04-10 00:00:00+00:00,2022-04-10 00:00:00+00:00,2022-04-11 00:00:00+00:00,4175411381.3680806,2022-04-11 00:00:00+00:00,20,False,False,False,False
xmr,XMR,2022-04-10 00:00:00+00:00,2022-04-10 00:00:00+00:00,2022-04-11 00:00:00+00:00,4167638022.612361,2022-04-11 00:00:00+00:00,21,False,False,False,False
gno,GNO,2022-04-10 00:00:00+00:00,2022-04-10 00:00:00+00:00,2022-04-11 00:00:00+00:00,3980156224.24148,2022-04-11 00:00:00+00:00,22,False,False,False,False
ldo,LDO,2022-04-10 00:00:00+00:00,2022-04-10 00:00:00+00:00,2022-04-11 00:00:00+00:00,3415491529.2829494,2022-04-11 00:00:00+00:00,23,False,False,False,False
qnt,QNT,2022-04-10 00:00:00+00:00,2022-04-10 00:00:00+00:00,2022-04-11 00:00:00+00:00,2968718890.206444,2022-04-11 00:00:00+00:00,24,False,False,False,False
aave,AAVE,2022-04-10 00:00:00+00:00,2022-04-10 00:00:00+00:00,2022-04-11 00:00:00+00:00,2852548534.806656,2022-04-11 00:00:00+00:00,25,False,False,False,False
xtz,XTZ,2022-04-10 00:00:00+00:00,2022-04-10 00:00:00+00:00,2022-04-11 00:00:00+00:00,2796563285.6508636,2022-04-11 00:00:00+00:00,26,False,False,False,False
1inch,1INCH,2022-04-10 00:00:00+00:00,2022-04-10 00:00:00+00:00,2022-04-11 00:00:00+00:00,2394977557.83423,2022-04-11 00:00:00+00:00,27,False,False,False,False
lend,LEND,2022-04-10 00:00:00+00:00,2022-04-10 00:00:00+00:00,2022-04-11 00:00:00+00:00,2317695580.596319,2022-04-11 00:00:00+00:00,28,False,False,False,False
neo,NEO,2022-04-10 00:00:00+00:00,2022-04-10 00:00:00+00:00,2022-04-11 00:00:00+00:00,2175161462.44104,2022-04-11 00:00:00+00:00,29,False,False,False,False
zec,ZEC,2022-04-10 00:00:00+00:00,2022-04-10 00:00:00+00:00,2022-04-11 00:00:00+00:00,2004299341.0251174,2022-04-11 00:00:00+00:00,30,False,False,False,False
btc,BTC,2022-04-17 00:00:00+00:00,2022-04-17 00:00:00+00:00,2022-04-18 00:00:00+00:00,754972012082.3365,2022-04-18 00:00:00+00:00,1,True,True,True,True
eth,ETH,2022-04-17 00:00:00+00:00,2022-04-17 00:00:00+00:00,2022-04-18 00:00:00+00:00,356077322435.2663,2022-04-18 00:00:00+00:00,2,True,True,True,True
xrp,XRP,2022-04-17 00:00:00+00:00,2022-04-17 00:00:00+00:00,2022-04-18 00:00:00+00:00,75317394021.90332,2022-04-18 00:00:00+00:00,3,True,True,False,True
cro,CRO,2022-04-17 00:00:00+00:00,2022-04-17 00:00:00+00:00,2022-04-18 00:00:00+00:00,40547707219.3444,2022-04-18 00:00:00+00:00,4,True,True,False,False
ada,ADA,2022-04-17 00:00:00+00:00,2022-04-17 00:00:00+00:00,2022-04-18 00:00:00+00:00,30469799667.321407,2022-04-18 00:00:00+00:00,5,True,True,False,True
xlm,XLM,2022-04-17 00:00:00+00:00,2022-04-17 00:00:00+00:00,2022-04-18 00:00:00+00:00,20811985750.909065,2022-04-18 00:00:00+00:00,6,True,True,False,False
dot,DOT,2022-04-17 00:00:00+00:00,2022-04-17 00:00:00+00:00,2022-04-18 00:00:00+00:00,20553403086.27882,2022-04-18 00:00:00+00:00,7,False,True,False,False
doge,DOGE,2022-04-17 00:00:00+00:00,2022-04-17 00:00:00+00:00,2022-04-18 00:00:00+00:00,18691479723.866615,2022-04-18 00:00:00+00:00,8,False,True,False,False
ftt,FTT,2022-04-17 00:00:00+00:00,2022-04-17 00:00:00+00:00,2022-04-18 00:00:00+00:00,14926617377.39876,2022-04-18 00:00:00+00:00,9,False,True,False,False
link,LINK,2022-04-17 00:00:00+00:00,2022-04-17 00:00:00+00:00,2022-04-18 00:00:00+00:00,13757424024.8399,2022-04-18 00:00:00+00:00,10,False,True,True,True
uni,UNI,2022-04-17 00:00:00+00:00,2022-04-17 00:00:00+00:00,2022-04-18 00:00:00+00:00,9255210164.25801,2022-04-18 00:00:00+00:00,11,False,False,False,False
icp,ICP,2022-04-17 00:00:00+00:00,2022-04-17 00:00:00+00:00,2022-04-18 00:00:00+00:00,7921096566.367223,2022-04-18 00:00:00+00:00,12,False,False,False,False
ltc,LTC,2022-04-17 00:00:00+00:00,2022-04-17 00:00:00+00:00,2022-04-18 00:00:00+00:00,7626326143.663139,2022-04-18 00:00:00+00:00,13,False,False,False,True
algo,ALGO,2022-04-17 00:00:00+00:00,2022-04-17 00:00:00+00:00,2022-04-18 00:00:00+00:00,7116919092.19327,2022-04-18 00:00:00+00:00,14,False,False,False,False
bch,BCH,2022-04-17 00:00:00+00:00,2022-04-17 00:00:00+00:00,2022-04-18 00:00:00+00:00,6261717456.385753,2022-04-18 00:00:00+00:00,15,False,False,False,False
etc,ETC,2022-04-17 00:00:00+00:00,2022-04-17 00:00:00+00:00,2022-04-18 00:00:00+00:00,4925406693.432778,2022-04-18 00:00:00+00:00,16,False,False,False,False
ht,HT,2022-04-17 00:00:00+00:00,2022-04-17 00:00:00+00:00,2022-04-18 00:00:00+00:00,4660375985.139215,2022-04-18 00:00:00+00:00,17,False,False,False,False
mana,MANA,2022-04-17 00:00:00+00:00,2022-04-17 00:00:00+00:00,2022-04-18 00:00:00+00:00,4513002101.375984,2022-04-18 00:00:00+00:00,18,False,False,False,False
xmr,XMR,2022-04-17 00:00:00+00:00,2022-04-17 00:00:00+00:00,2022-04-18 00:00:00+00:00,4235262541.541335,2022-04-18 00:00:00+00:00,19,False,False,False,False
avaxc,AVAXC,2022-04-17 00:00:00+00:00,2022-04-17 00:00:00+00:00,2022-04-18 00:00:00+00:00,3854613743.2411427,2022-04-18 00:00:00+00:00,20,False,False,False,False
crv,CRV,2022-04-17 00:00:00+00:00,2022-04-17 00:00:00+00:00,2022-04-18 00:00:00+00:00,3832699200.9189363,2022-04-18 00:00:00+00:00,21,False,False,False,False
gno,GNO,2022-04-17 00:00:00+00:00,2022-04-17 00:00:00+00:00,2022-04-18 00:00:00+00:00,3476720667.82005,2022-04-18 00:00:00+00:00,22,False,False,False,False
ldo,LDO,2022-04-17 00:00:00+00:00,2022-04-17 00:00:00+00:00,2022-04-18 00:00:00+00:00,2784079116.0914845,2022-04-18 00:00:00+00:00,23,False,False,False,False
xtz,XTZ,2022-04-17 00:00:00+00:00,2022-04-17 00:00:00+00:00,2022-04-18 00:00:00+00:00,2758585235.2326236,2022-04-18 00:00:00+00:00,24,False,False,False,False
qnt,QNT,2022-04-17 00:00:00+00:00,2022-04-17 00:00:00+00:00,2022-04-18 00:00:00+00:00,2719039348.2591395,2022-04-18 00:00:00+00:00,25,False,False,False,False
aave,AAVE,2022-04-17 00:00:00+00:00,2022-04-17 00:00:00+00:00,2022-04-18 00:00:00+00:00,2686802022.61656,2022-04-18 00:00:00+00:00,26,False,False,False,False
1inch,1INCH,2022-04-17 00:00:00+00:00,2022-04-17 00:00:00+00:00,2022-04-18 00:00:00+00:00,2193618857.01216,2022-04-18 00:00:00+00:00,27,False,False,False,False
lend,LEND,2022-04-17 00:00:00+00:00,2022-04-17 00:00:00+00:00,2022-04-18 00:00:00+00:00,2183026545.480926,2022-04-18 00:00:00+00:00,28,False,False,False,False
neo,NEO,2022-04-17 00:00:00+00:00,2022-04-17 00:00:00+00:00,2022-04-18 00:00:00+00:00,2055104871.20398,2022-04-18 00:00:00+00:00,29,False,False,False,False
mkr,MKR,2022-04-17 00:00:00+00:00,2022-04-17 00:00:00+00:00,2022-04-18 00:00:00+00:00,1756056532.6344533,2022-04-18 00:00:00+00:00,30,False,False,False,False
btc,BTC,2022-04-24 00:00:00+00:00,2022-04-24 00:00:00+00:00,2022-04-25 00:00:00+00:00,751560334690.4332,2022-04-25 00:00:00+00:00,1,True,True,True,True
eth,ETH,2022-04-24 00:00:00+00:00,2022-04-24 00:00:00+00:00,2022-04-25 00:00:00+00:00,347696717281.1342,2022-04-25 00:00:00+00:00,2,True,True,True,True
xrp,XRP,2022-04-24 00:00:00+00:00,2022-04-24 00:00:00+00:00,2022-04-25 00:00:00+00:00,69896527087.02322,2022-04-25 00:00:00+00:00,3,True,True,False,True
cro,CRO,2022-04-24 00:00:00+00:00,2022-04-24 00:00:00+00:00,2022-04-25 00:00:00+00:00,39776837820.0317,2022-04-25 00:00:00+00:00,4,True,True,False,False
ada,ADA,2022-04-24 00:00:00+00:00,2022-04-24 00:00:00+00:00,2022-04-25 00:00:00+00:00,29381782613.355125,2022-04-25 00:00:00+00:00,5,True,True,False,True
dot,DOT,2022-04-24 00:00:00+00:00,2022-04-24 00:00:00+00:00,2022-04-25 00:00:00+00:00,21079482872.458157,2022-04-25 00:00:00+00:00,6,True,True,False,False
xlm,XLM,2022-04-24 00:00:00+00:00,2022-04-24 00:00:00+00:00,2022-04-25 00:00:00+00:00,20037612189.28313,2022-04-25 00:00:00+00:00,7,False,True,False,False
doge,DOGE,2022-04-24 00:00:00+00:00,2022-04-24 00:00:00+00:00,2022-04-25 00:00:00+00:00,17704569846.993027,2022-04-25 00:00:00+00:00,8,False,True,False,False
ftt,FTT,2022-04-24 00:00:00+00:00,2022-04-24 00:00:00+00:00,2022-04-25 00:00:00+00:00,13593273427.767418,2022-04-25 00:00:00+00:00,9,False,True,False,False
link,LINK,2022-04-24 00:00:00+00:00,2022-04-24 00:00:00+00:00,2022-04-25 00:00:00+00:00,13280981937.3207,2022-04-25 00:00:00+00:00,10,False,True,True,True
uni,UNI,2022-04-24 00:00:00+00:00,2022-04-24 00:00:00+00:00,2022-04-25 00:00:00+00:00,8729948820.52393,2022-04-25 00:00:00+00:00,11,False,False,False,False
icp,ICP,2022-04-24 00:00:00+00:00,2022-04-24 00:00:00+00:00,2022-04-25 00:00:00+00:00,7782580041.133179,2022-04-25 00:00:00+00:00,12,False,False,False,False
ltc,LTC,2022-04-24 00:00:00+00:00,2022-04-24 00:00:00+00:00,2022-04-25 00:00:00+00:00,7346606073.396572,2022-04-25 00:00:00+00:00,13,False,False,False,True
algo,ALGO,2022-04-24 00:00:00+00:00,2022-04-24 00:00:00+00:00,2022-04-25 00:00:00+00:00,7025961013.50874,2022-04-25 00:00:00+00:00,14,False,False,False,False
bch,BCH,2022-04-24 00:00:00+00:00,2022-04-24 00:00:00+00:00,2022-04-25 00:00:00+00:00,5866801274.721832,2022-04-25 00:00:00+00:00,15,False,False,False,False
ht,HT,2022-04-24 00:00:00+00:00,2022-04-24 00:00:00+00:00,2022-04-25 00:00:00+00:00,4721206464.083475,2022-04-25 00:00:00+00:00,16,False,False,False,False
crv,CRV,2022-04-24 00:00:00+00:00,2022-04-24 00:00:00+00:00,2022-04-25 00:00:00+00:00,4679368010.627803,2022-04-25 00:00:00+00:00,17,False,False,False,False
etc,ETC,2022-04-24 00:00:00+00:00,2022-04-24 00:00:00+00:00,2022-04-25 00:00:00+00:00,4555447257.146879,2022-04-25 00:00:00+00:00,18,False,False,False,False
xmr,XMR,2022-04-24 00:00:00+00:00,2022-04-24 00:00:00+00:00,2022-04-25 00:00:00+00:00,4467003627.191851,2022-04-25 00:00:00+00:00,19,False,False,False,False
mana,MANA,2022-04-24 00:00:00+00:00,2022-04-24 00:00:00+00:00,2022-04-25 00:00:00+00:00,4405677949.196311,2022-04-25 00:00:00+00:00,20,False,False,False,False
avaxc,AVAXC,2022-04-24 00:00:00+00:00,2022-04-24 00:00:00+00:00,2022-04-25 00:00:00+00:00,3462540595.9913497,2022-04-25 00:00:00+00:00,21,False,False,False,False
gno,GNO,2022-04-24 00:00:00+00:00,2022-04-24 00:00:00+00:00,2022-04-25 00:00:00+00:00,3268457304.43222,2022-04-25 00:00:00+00:00,22,False,False,False,False
ldo,LDO,2022-04-24 00:00:00+00:00,2022-04-24 00:00:00+00:00,2022-04-25 00:00:00+00:00,3045647182.6296635,2022-04-25 00:00:00+00:00,23,False,False,False,False
qnt,QNT,2022-04-24 00:00:00+00:00,2022-04-24 00:00:00+00:00,2022-04-25 00:00:00+00:00,2698914876.2767267,2022-04-25 00:00:00+00:00,24,False,False,False,False
aave,AAVE,2022-04-24 00:00:00+00:00,2022-04-24 00:00:00+00:00,2022-04-25 00:00:00+00:00,2664574179.600048,2022-04-25 00:00:00+00:00,25,False,False,False,False
xtz,XTZ,2022-04-24 00:00:00+00:00,2022-04-24 00:00:00+00:00,2022-04-25 00:00:00+00:00,2645510713.892793,2022-04-25 00:00:00+00:00,26,False,False,False,False
lend,LEND,2022-04-24 00:00:00+00:00,2022-04-24 00:00:00+00:00,2022-04-25 00:00:00+00:00,2164966423.8398933,2022-04-25 00:00:00+00:00,27,False,False,False,False
1inch,1INCH,2022-04-24 00:00:00+00:00,2022-04-24 00:00:00+00:00,2022-04-25 00:00:00+00:00,2132224204.90914,2022-04-25 00:00:00+00:00,28,False,False,False,False
neo,NEO,2022-04-24 00:00:00+00:00,2022-04-24 00:00:00+00:00,2022-04-25 00:00:00+00:00,2024903818.15769,2022-04-25 00:00:00+00:00,29,False,False,False,False
zec,ZEC,2022-04-24 00:00:00+00:00,2022-04-24 00:00:00+00:00,2022-04-25 00:00:00+00:00,2007509562.028984,2022-04-25 00:00:00+00:00,30,False,False,False,False
btc,BTC,2022-05-01 00:00:00+00:00,2022-05-01 00:00:00+00:00,2022-05-02 00:00:00+00:00,731799466487.4058,2022-05-02 00:00:00+00:00,1,True,True,True,True
eth,ETH,2022-05-01 00:00:00+00:00,2022-05-01 00:00:00+00:00,2022-05-02 00:00:00+00:00,336406685697.2194,2022-05-02 00:00:00+00:00,2,True,True,True,True
xrp,XRP,2022-05-01 00:00:00+00:00,2022-05-01 00:00:00+00:00,2022-05-02 00:00:00+00:00,60729644793.53729,2022-05-02 00:00:00+00:00,3,True,True,False,True
cro,CRO,2022-05-01 00:00:00+00:00,2022-05-01 00:00:00+00:00,2022-05-02 00:00:00+00:00,31278264717.1484,2022-05-02 00:00:00+00:00,4,True,True,False,False
ada,ADA,2022-05-01 00:00:00+00:00,2022-05-01 00:00:00+00:00,2022-05-02 00:00:00+00:00,26172632662.37324,2022-05-02 00:00:00+00:00,5,True,True,False,True
xlm,XLM,2022-05-01 00:00:00+00:00,2022-05-01 00:00:00+00:00,2022-05-02 00:00:00+00:00,18519010160.523304,2022-05-02 00:00:00+00:00,6,True,True,False,False
dot,DOT,2022-05-01 00:00:00+00:00,2022-05-01 00:00:00+00:00,2022-05-02 00:00:00+00:00,17842136629.4507,2022-05-02 00:00:00+00:00,7,False,True,False,False
doge,DOGE,2022-05-01 00:00:00+00:00,2022-05-01 00:00:00+00:00,2022-05-02 00:00:00+00:00,17812861830.83589,2022-05-02 00:00:00+00:00,8,False,True,False,False
ftt,FTT,2022-05-01 00:00:00+00:00,2022-05-01 00:00:00+00:00,2022-05-02 00:00:00+00:00,13022155004.793451,2022-05-02 00:00:00+00:00,9,False,True,False,False
link,LINK,2022-05-01 00:00:00+00:00,2022-05-01 00:00:00+00:00,2022-05-02 00:00:00+00:00,11304160736.5909,2022-05-02 00:00:00+00:00,10,False,True,True,True
uni,UNI,2022-05-01 00:00:00+00:00,2022-05-01 00:00:00+00:00,2022-05-02 00:00:00+00:00,7111028525.62123,2022-05-02 00:00:00+00:00,11,False,False,False,False
ltc,LTC,2022-05-01 00:00:00+00:00,2022-05-01 00:00:00+00:00,2022-05-02 00:00:00+00:00,6972642084.2169075,2022-05-02 00:00:00+00:00,12,False,False,False,True
icp,ICP,2022-05-01 00:00:00+00:00,2022-05-01 00:00:00+00:00,2022-05-02 00:00:00+00:00,6258219264.577558,2022-05-02 00:00:00+00:00,13,False,False,False,False
algo,ALGO,2022-05-01 00:00:00+00:00,2022-05-01 00:00:00+00:00,2022-05-02 00:00:00+00:00,6017945603.09433,2022-05-02 00:00:00+00:00,14,False,False,False,False
bch,BCH,2022-05-01 00:00:00+00:00,2022-05-01 00:00:00+00:00,2022-05-02 00:00:00+00:00,5411438084.468634,2022-05-02 00:00:00+00:00,15,False,False,False,False
ht,HT,2022-05-01 00:00:00+00:00,2022-05-01 00:00:00+00:00,2022-05-02 00:00:00+00:00,4717384362.73158,2022-05-02 00:00:00+00:00,16,False,False,False,False
xmr,XMR,2022-05-01 00:00:00+00:00,2022-05-01 00:00:00+00:00,2022-05-02 00:00:00+00:00,3746772500.1790876,2022-05-02 00:00:00+00:00,17,False,False,False,False
etc,ETC,2022-05-01 00:00:00+00:00,2022-05-01 00:00:00+00:00,2022-05-02 00:00:00+00:00,3728448107.1226187,2022-05-02 00:00:00+00:00,18,False,False,False,False
crv,CRV,2022-05-01 00:00:00+00:00,2022-05-01 00:00:00+00:00,2022-05-02 00:00:00+00:00,3597215183.080091,2022-05-02 00:00:00+00:00,19,False,False,False,False
mana,MANA,2022-05-01 00:00:00+00:00,2022-05-01 00:00:00+00:00,2022-05-02 00:00:00+00:00,3357216776.8488836,2022-05-02 00:00:00+00:00,20,False,False,False,False
gno,GNO,2022-05-01 00:00:00+00:00,2022-05-01 00:00:00+00:00,2022-05-02 00:00:00+00:00,3136440769.70703,2022-05-02 00:00:00+00:00,21,False,False,False,False
avaxc,AVAXC,2022-05-01 00:00:00+00:00,2022-05-01 00:00:00+00:00,2022-05-02 00:00:00+00:00,2876932082.8970504,2022-05-02 00:00:00+00:00,22,False,False,False,False
ldo,LDO,2022-05-01 00:00:00+00:00,2022-05-01 00:00:00+00:00,2022-05-02 00:00:00+00:00,2869486905.261576,2022-05-02 00:00:00+00:00,23,False,False,False,False
qnt,QNT,2022-05-01 00:00:00+00:00,2022-05-01 00:00:00+00:00,2022-05-02 00:00:00+00:00,2375219427.179721,2022-05-02 00:00:00+00:00,24,False,False,False,False
aave,AAVE,2022-05-01 00:00:00+00:00,2022-05-01 00:00:00+00:00,2022-05-02 00:00:00+00:00,2341249874.534912,2022-05-02 00:00:00+00:00,25,False,False,False,False
lend,LEND,2022-05-01 00:00:00+00:00,2022-05-01 00:00:00+00:00,2022-05-02 00:00:00+00:00,1902265437.7549596,2022-05-02 00:00:00+00:00,26,False,False,False,False
neo,NEO,2022-05-01 00:00:00+00:00,2022-05-01 00:00:00+00:00,2022-05-02 00:00:00+00:00,1763494253.87237,2022-05-02 00:00:00+00:00,27,False,False,False,False
1inch,1INCH,2022-05-01 00:00:00+00:00,2022-05-01 00:00:00+00:00,2022-05-02 00:00:00+00:00,1735063696.98045,2022-05-02 00:00:00+00:00,28,False,False,False,False
zec,ZEC,2022-05-01 00:00:00+00:00,2022-05-01 00:00:00+00:00,2022-05-02 00:00:00+00:00,1546685693.8941371,2022-05-02 00:00:00+00:00,29,False,False,False,False
hbtc,HBTC,2022-05-01 00:00:00+00:00,2022-05-01 00:00:00+00:00,2022-05-02 00:00:00+00:00,1498774832.1242623,2022-05-02 00:00:00+00:00,30,False,False,False,False
btc,BTC,2022-05-08 00:00:00+00:00,2022-05-08 00:00:00+00:00,2022-05-09 00:00:00+00:00,648294631562.7058,2022-05-09 00:00:00+00:00,1,True,True,True,True
eth,ETH,2022-05-08 00:00:00+00:00,2022-05-08 00:00:00+00:00,2022-05-09 00:00:00+00:00,299792674682.86914,2022-05-09 00:00:00+00:00,2,True,True,True,True
xrp,XRP,2022-05-08 00:00:00+00:00,2022-05-08 00:00:00+00:00,2022-05-09 00:00:00+00:00,56640574433.20142,2022-05-09 00:00:00+00:00,3,True,True,False,True
cro,CRO,2022-05-08 00:00:00+00:00,2022-05-08 00:00:00+00:00,2022-05-09 00:00:00+00:00,25652940297.8885,2022-05-09 00:00:00+00:00,4,True,True,False,False
ada,ADA,2022-05-08 00:00:00+00:00,2022-05-08 00:00:00+00:00,2022-05-09 00:00:00+00:00,24679577172.11026,2022-05-09 00:00:00+00:00,5,True,True,False,True
xlm,XLM,2022-05-08 00:00:00+00:00,2022-05-08 00:00:00+00:00,2022-05-09 00:00:00+00:00,17040198208.645248,2022-05-09 00:00:00+00:00,6,True,True,False,False
doge,DOGE,2022-05-08 00:00:00+00:00,2022-05-08 00:00:00+00:00,2022-05-09 00:00:00+00:00,16685009144.444662,2022-05-09 00:00:00+00:00,7,False,True,False,False
dot,DOT,2022-05-08 00:00:00+00:00,2022-05-08 00:00:00+00:00,2022-05-09 00:00:00+00:00,15396864915.53757,2022-05-09 00:00:00+00:00,8,False,True,False,False
ftt,FTT,2022-05-08 00:00:00+00:00,2022-05-08 00:00:00+00:00,2022-05-09 00:00:00+00:00,11261145870.582306,2022-05-09 00:00:00+00:00,9,False,True,False,False
link,LINK,2022-05-08 00:00:00+00:00,2022-05-08 00:00:00+00:00,2022-05-09 00:00:00+00:00,9990781767.29592,2022-05-09 00:00:00+00:00,10,False,True,True,True
algo,ALGO,2022-05-08 00:00:00+00:00,2022-05-08 00:00:00+00:00,2022-05-09 00:00:00+00:00,7253248656.10198,2022-05-09 00:00:00+00:00,11,False,False,False,False
uni,UNI,2022-05-08 00:00:00+00:00,2022-05-08 00:00:00+00:00,2022-05-09 00:00:00+00:00,7116394816.77269,2022-05-09 00:00:00+00:00,12,False,False,False,False
ltc,LTC,2022-05-08 00:00:00+00:00,2022-05-08 00:00:00+00:00,2022-05-09 00:00:00+00:00,6599497708.088302,2022-05-09 00:00:00+00:00,13,False,False,False,True
icp,ICP,2022-05-08 00:00:00+00:00,2022-05-08 00:00:00+00:00,2022-05-09 00:00:00+00:00,5727185762.208018,2022-05-09 00:00:00+00:00,14,False,False,False,False
bch,BCH,2022-05-08 00:00:00+00:00,2022-05-08 00:00:00+00:00,2022-05-09 00:00:00+00:00,4986047237.54058,2022-05-09 00:00:00+00:00,15,False,False,False,False
ht,HT,2022-05-08 00:00:00+00:00,2022-05-08 00:00:00+00:00,2022-05-09 00:00:00+00:00,4365479926.90614,2022-05-09 00:00:00+00:00,16,False,False,False,False
crv,CRV,2022-05-08 00:00:00+00:00,2022-05-08 00:00:00+00:00,2022-05-09 00:00:00+00:00,4090003274.4056706,2022-05-09 00:00:00+00:00,17,False,False,False,False
xmr,XMR,2022-05-08 00:00:00+00:00,2022-05-08 00:00:00+00:00,2022-05-09 00:00:00+00:00,3830509601.810683,2022-05-09 00:00:00+00:00,18,False,False,False,False
etc,ETC,2022-05-08 00:00:00+00:00,2022-05-08 00:00:00+00:00,2022-05-09 00:00:00+00:00,3571115526.5184975,2022-05-09 00:00:00+00:00,19,False,False,False,False
mana,MANA,2022-05-08 00:00:00+00:00,2022-05-08 00:00:00+00:00,2022-05-09 00:00:00+00:00,2913632004.9691434,2022-05-09 00:00:00+00:00,20,False,False,False,False
ldo,LDO,2022-05-08 00:00:00+00:00,2022-05-08 00:00:00+00:00,2022-05-09 00:00:00+00:00,2795920667.63064,2022-05-09 00:00:00+00:00,21,False,False,False,False
gno,GNO,2022-05-08 00:00:00+00:00,2022-05-08 00:00:00+00:00,2022-05-09 00:00:00+00:00,2773591781.17391,2022-05-09 00:00:00+00:00,22,False,False,False,False
avaxc,AVAXC,2022-05-08 00:00:00+00:00,2022-05-08 00:00:00+00:00,2022-05-09 00:00:00+00:00,2628317257.0205407,2022-05-09 00:00:00+00:00,23,False,False,False,False
qnt,QNT,2022-05-08 00:00:00+00:00,2022-05-08 00:00:00+00:00,2022-05-09 00:00:00+00:00,2037549646.6070805,2022-05-09 00:00:00+00:00,24,False,False,False,False
aave,AAVE,2022-05-08 00:00:00+00:00,2022-05-08 00:00:00+00:00,2022-05-09 00:00:00+00:00,2016738220.987424,2022-05-09 00:00:00+00:00,25,False,False,False,False
1inch,1INCH,2022-05-08 00:00:00+00:00,2022-05-08 00:00:00+00:00,2022-05-09 00:00:00+00:00,1952401489.97976,2022-05-09 00:00:00+00:00,26,False,False,False,False
lend,LEND,2022-05-08 00:00:00+00:00,2022-05-08 00:00:00+00:00,2022-05-09 00:00:00+00:00,1638599731.0713763,2022-05-09 00:00:00+00:00,27,False,False,False,False
neo,NEO,2022-05-08 00:00:00+00:00,2022-05-08 00:00:00+00:00,2022-05-09 00:00:00+00:00,1589499812.41194,2022-05-09 00:00:00+00:00,28,False,False,False,False
zec,ZEC,2022-05-08 00:00:00+00:00,2022-05-08 00:00:00+00:00,2022-05-09 00:00:00+00:00,1426070582.0458438,2022-05-09 00:00:00+00:00,29,False,False,False,False
bsv,BSV,2022-05-08 00:00:00+00:00,2022-05-08 00:00:00+00:00,2022-05-09 00:00:00+00:00,1335412032.633749,2022-05-09 00:00:00+00:00,30,False,False,False,False
btc,BTC,2022-05-15 00:00:00+00:00,2022-05-15 00:00:00+00:00,2022-05-16 00:00:00+00:00,593741420972.2537,2022-05-16 00:00:00+00:00,1,True,True,True,True
eth,ETH,2022-05-15 00:00:00+00:00,2022-05-15 00:00:00+00:00,2022-05-16 00:00:00+00:00,254605611336.89404,2022-05-16 00:00:00+00:00,2,True,True,True,True
xrp,XRP,2022-05-15 00:00:00+00:00,2022-05-15 00:00:00+00:00,2022-05-16 00:00:00+00:00,44553710717.49121,2022-05-16 00:00:00+00:00,3,True,True,False,True
cro,CRO,2022-05-15 00:00:00+00:00,2022-05-15 00:00:00+00:00,2022-05-16 00:00:00+00:00,20180759724.4099,2022-05-16 00:00:00+00:00,4,True,True,False,False
ada,ADA,2022-05-15 00:00:00+00:00,2022-05-15 00:00:00+00:00,2022-05-16 00:00:00+00:00,19849449304.26871,2022-05-16 00:00:00+00:00,5,True,True,False,True
xlm,XLM,2022-05-15 00:00:00+00:00,2022-05-15 00:00:00+00:00,2022-05-16 00:00:00+00:00,15214012583.08639,2022-05-16 00:00:00+00:00,6,True,True,False,False
dot,DOT,2022-05-15 00:00:00+00:00,2022-05-15 00:00:00+00:00,2022-05-16 00:00:00+00:00,13654819313.16229,2022-05-16 00:00:00+00:00,7,False,True,False,False
doge,DOGE,2022-05-15 00:00:00+00:00,2022-05-15 00:00:00+00:00,2022-05-16 00:00:00+00:00,12403782365.936424,2022-05-16 00:00:00+00:00,8,False,True,False,False
ftt,FTT,2022-05-15 00:00:00+00:00,2022-05-15 00:00:00+00:00,2022-05-16 00:00:00+00:00,10816337773.372128,2022-05-16 00:00:00+00:00,9,False,True,False,False
link,LINK,2022-05-15 00:00:00+00:00,2022-05-15 00:00:00+00:00,2022-05-16 00:00:00+00:00,7882290852.12497,2022-05-16 00:00:00+00:00,10,False,True,True,True
uni,UNI,2022-05-15 00:00:00+00:00,2022-05-15 00:00:00+00:00,2022-05-16 00:00:00+00:00,5422572225.19983,2022-05-16 00:00:00+00:00,11,False,False,False,False
ltc,LTC,2022-05-15 00:00:00+00:00,2022-05-15 00:00:00+00:00,2022-05-16 00:00:00+00:00,4999616777.050645,2022-05-16 00:00:00+00:00,12,False,False,False,True
algo,ALGO,2022-05-15 00:00:00+00:00,2022-05-15 00:00:00+00:00,2022-05-16 00:00:00+00:00,4859459314.96905,2022-05-16 00:00:00+00:00,13,False,False,False,False
icp,ICP,2022-05-15 00:00:00+00:00,2022-05-15 00:00:00+00:00,2022-05-16 00:00:00+00:00,4394059405.920471,2022-05-16 00:00:00+00:00,14,False,False,False,False
bch,BCH,2022-05-15 00:00:00+00:00,2022-05-15 00:00:00+00:00,2022-05-16 00:00:00+00:00,4067813847.9732194,2022-05-16 00:00:00+00:00,15,False,False,False,False
ht,HT,2022-05-15 00:00:00+00:00,2022-05-15 00:00:00+00:00,2022-05-16 00:00:00+00:00,3605225325.514425,2022-05-16 00:00:00+00:00,16,False,False,False,False
xmr,XMR,2022-05-15 00:00:00+00:00,2022-05-15 00:00:00+00:00,2022-05-16 00:00:00+00:00,3014390327.7180643,2022-05-16 00:00:00+00:00,17,False,False,False,False
etc,ETC,2022-05-15 00:00:00+00:00,2022-05-15 00:00:00+00:00,2022-05-16 00:00:00+00:00,2969596289.724295,2022-05-16 00:00:00+00:00,18,False,False,False,False
mana,MANA,2022-05-15 00:00:00+00:00,2022-05-15 00:00:00+00:00,2022-05-16 00:00:00+00:00,2887767279.360147,2022-05-16 00:00:00+00:00,19,False,False,False,False
crv,CRV,2022-05-15 00:00:00+00:00,2022-05-15 00:00:00+00:00,2022-05-16 00:00:00+00:00,2608080390.0703993,2022-05-16 00:00:00+00:00,20,False,False,False,False
gno,GNO,2022-05-15 00:00:00+00:00,2022-05-15 00:00:00+00:00,2022-05-16 00:00:00+00:00,2389104439.5409,2022-05-16 00:00:00+00:00,21,False,False,False,False
avaxc,AVAXC,2022-05-15 00:00:00+00:00,2022-05-15 00:00:00+00:00,2022-05-16 00:00:00+00:00,1879297363.908864,2022-05-16 00:00:00+00:00,22,False,False,False,False
qnt,QNT,2022-05-15 00:00:00+00:00,2022-05-15 00:00:00+00:00,2022-05-16 00:00:00+00:00,1832214286.8224134,2022-05-16 00:00:00+00:00,23,False,False,False,False
mkr,MKR,2022-05-15 00:00:00+00:00,2022-05-15 00:00:00+00:00,2022-05-16 00:00:00+00:00,1527636047.9910972,2022-05-16 00:00:00+00:00,24,False,False,False,False
ldo,LDO,2022-05-15 00:00:00+00:00,2022-05-15 00:00:00+00:00,2022-05-16 00:00:00+00:00,1476014580.49706,2022-05-16 00:00:00+00:00,25,False,False,False,False
aave,AAVE,2022-05-15 00:00:00+00:00,2022-05-15 00:00:00+00:00,2022-05-16 00:00:00+00:00,1465228482.498083,2022-05-16 00:00:00+00:00,26,False,False,False,False
1inch,1INCH,2022-05-15 00:00:00+00:00,2022-05-15 00:00:00+00:00,2022-05-16 00:00:00+00:00,1460106500.958087,2022-05-16 00:00:00+00:00,27,False,False,False,False
zec,ZEC,2022-05-15 00:00:00+00:00,2022-05-15 00:00:00+00:00,2022-05-16 00:00:00+00:00,1401835012.2198749,2022-05-16 00:00:00+00:00,28,False,False,False,False
hbtc,HBTC,2022-05-15 00:00:00+00:00,2022-05-15 00:00:00+00:00,2022-05-16 00:00:00+00:00,1215201957.871009,2022-05-16 00:00:00+00:00,29,False,False,False,False
lend,LEND,2022-05-15 00:00:00+00:00,2022-05-15 00:00:00+00:00,2022-05-16 00:00:00+00:00,1190498088.643331,2022-05-16 00:00:00+00:00,30,False,False,False,False
btc,BTC,2022-05-22 00:00:00+00:00,2022-05-22 00:00:00+00:00,2022-05-23 00:00:00+00:00,577723026488.325,2022-05-23 00:00:00+00:00,1,True,True,True,True
eth,ETH,2022-05-22 00:00:00+00:00,2022-05-22 00:00:00+00:00,2022-05-23 00:00:00+00:00,243544487687.6871,2022-05-23 00:00:00+00:00,2,True,True,True,True
xrp,XRP,2022-05-22 00:00:00+00:00,2022-05-22 00:00:00+00:00,2022-05-23 00:00:00+00:00,42234744785.79022,2022-05-23 00:00:00+00:00,3,True,True,False,True
cro,CRO,2022-05-22 00:00:00+00:00,2022-05-22 00:00:00+00:00,2022-05-23 00:00:00+00:00,19559418184.3873,2022-05-23 00:00:00+00:00,4,True,True,False,False
ada,ADA,2022-05-22 00:00:00+00:00,2022-05-22 00:00:00+00:00,2022-05-23 00:00:00+00:00,18109720385.92893,2022-05-23 00:00:00+00:00,5,True,True,False,True
xlm,XLM,2022-05-22 00:00:00+00:00,2022-05-22 00:00:00+00:00,2022-05-23 00:00:00+00:00,14293795428.586424,2022-05-23 00:00:00+00:00,6,True,True,False,False
dot,DOT,2022-05-22 00:00:00+00:00,2022-05-22 00:00:00+00:00,2022-05-23 00:00:00+00:00,11864402879.49099,2022-05-23 00:00:00+00:00,7,False,True,False,False
doge,DOGE,2022-05-22 00:00:00+00:00,2022-05-22 00:00:00+00:00,2022-05-23 00:00:00+00:00,11566658774.31901,2022-05-23 00:00:00+00:00,8,False,True,False,False
ftt,FTT,2022-05-22 00:00:00+00:00,2022-05-22 00:00:00+00:00,2022-05-23 00:00:00+00:00,10228322079.846306,2022-05-23 00:00:00+00:00,9,False,True,False,False
link,LINK,2022-05-22 00:00:00+00:00,2022-05-22 00:00:00+00:00,2022-05-23 00:00:00+00:00,7345776131.80539,2022-05-23 00:00:00+00:00,10,False,True,True,True
uni,UNI,2022-05-22 00:00:00+00:00,2022-05-22 00:00:00+00:00,2022-05-23 00:00:00+00:00,5509549433.46584,2022-05-23 00:00:00+00:00,11,False,False,False,False
ltc,LTC,2022-05-22 00:00:00+00:00,2022-05-22 00:00:00+00:00,2022-05-23 00:00:00+00:00,5047036316.505311,2022-05-23 00:00:00+00:00,12,False,False,False,True
algo,ALGO,2022-05-22 00:00:00+00:00,2022-05-22 00:00:00+00:00,2022-05-23 00:00:00+00:00,4449693396.71213,2022-05-23 00:00:00+00:00,13,False,False,False,False
icp,ICP,2022-05-22 00:00:00+00:00,2022-05-22 00:00:00+00:00,2022-05-23 00:00:00+00:00,3968204780.3978724,2022-05-23 00:00:00+00:00,14,False,False,False,False
bch,BCH,2022-05-22 00:00:00+00:00,2022-05-22 00:00:00+00:00,2022-05-23 00:00:00+00:00,3792506162.9838715,2022-05-23 00:00:00+00:00,15,False,False,False,False
ht,HT,2022-05-22 00:00:00+00:00,2022-05-22 00:00:00+00:00,2022-05-23 00:00:00+00:00,3510699446.45494,2022-05-23 00:00:00+00:00,16,False,False,False,False
xmr,XMR,2022-05-22 00:00:00+00:00,2022-05-22 00:00:00+00:00,2022-05-23 00:00:00+00:00,3293865783.678295,2022-05-23 00:00:00+00:00,17,False,False,False,False
etc,ETC,2022-05-22 00:00:00+00:00,2022-05-22 00:00:00+00:00,2022-05-23 00:00:00+00:00,2851687585.1114864,2022-05-23 00:00:00+00:00,18,False,False,False,False
mana,MANA,2022-05-22 00:00:00+00:00,2022-05-22 00:00:00+00:00,2022-05-23 00:00:00+00:00,2431549708.992695,2022-05-23 00:00:00+00:00,19,False,False,False,False
crv,CRV,2022-05-22 00:00:00+00:00,2022-05-22 00:00:00+00:00,2022-05-23 00:00:00+00:00,2238156378.6452394,2022-05-23 00:00:00+00:00,20,False,False,False,False
gno,GNO,2022-05-22 00:00:00+00:00,2022-05-22 00:00:00+00:00,2022-05-23 00:00:00+00:00,2171100294.70791,2022-05-23 00:00:00+00:00,21,False,False,False,False
avaxc,AVAXC,2022-05-22 00:00:00+00:00,2022-05-22 00:00:00+00:00,2022-05-23 00:00:00+00:00,1710871961.5505104,2022-05-23 00:00:00+00:00,22,False,False,False,False
qnt,QNT,2022-05-22 00:00:00+00:00,2022-05-22 00:00:00+00:00,2022-05-23 00:00:00+00:00,1700991260.0607836,2022-05-23 00:00:00+00:00,23,False,False,False,False
aave,AAVE,2022-05-22 00:00:00+00:00,2022-05-22 00:00:00+00:00,2022-05-23 00:00:00+00:00,1511662408.1103137,2022-05-23 00:00:00+00:00,24,False,False,False,False
1inch,1INCH,2022-05-22 00:00:00+00:00,2022-05-22 00:00:00+00:00,2022-05-23 00:00:00+00:00,1496111133.266733,2022-05-23 00:00:00+00:00,25,False,False,False,False
mkr,MKR,2022-05-22 00:00:00+00:00,2022-05-22 00:00:00+00:00,2022-05-23 00:00:00+00:00,1400538904.4900951,2022-05-23 00:00:00+00:00,26,False,False,False,False
zec,ZEC,2022-05-22 00:00:00+00:00,2022-05-22 00:00:00+00:00,2022-05-23 00:00:00+00:00,1344219268.3138037,2022-05-23 00:00:00+00:00,27,False,False,False,False
ldo,LDO,2022-05-22 00:00:00+00:00,2022-05-22 00:00:00+00:00,2022-05-23 00:00:00+00:00,1332741281.13084,2022-05-23 00:00:00+00:00,28,False,False,False,False
lend,LEND,2022-05-22 00:00:00+00:00,2022-05-22 00:00:00+00:00,2022-05-23 00:00:00+00:00,1228225651.511424,2022-05-23 00:00:00+00:00,29,False,False,False,False
hbtc,HBTC,2022-05-22 00:00:00+00:00,2022-05-22 00:00:00+00:00,2022-05-23 00:00:00+00:00,1182047967.2725585,2022-05-23 00:00:00+00:00,30,False,False,False,False
btc,BTC,2022-05-29 00:00:00+00:00,2022-05-29 00:00:00+00:00,2022-05-30 00:00:00+00:00,560730506231.738,2022-05-30 00:00:00+00:00,1,True,True,True,True
eth,ETH,2022-05-29 00:00:00+00:00,2022-05-29 00:00:00+00:00,2022-05-30 00:00:00+00:00,215878221063.95007,2022-05-30 00:00:00+00:00,2,True,True,True,True
xrp,XRP,2022-05-29 00:00:00+00:00,2022-05-29 00:00:00+00:00,2022-05-30 00:00:00+00:00,38851143619.39067,2022-05-30 00:00:00+00:00,3,True,True,False,True
cro,CRO,2022-05-29 00:00:00+00:00,2022-05-29 00:00:00+00:00,2022-05-30 00:00:00+00:00,17435252666.0582,2022-05-30 00:00:00+00:00,4,True,True,False,False
ada,ADA,2022-05-29 00:00:00+00:00,2022-05-29 00:00:00+00:00,2022-05-30 00:00:00+00:00,16046845932.061283,2022-05-30 00:00:00+00:00,5,True,True,False,True
xlm,XLM,2022-05-29 00:00:00+00:00,2022-05-29 00:00:00+00:00,2022-05-30 00:00:00+00:00,13761419862.062262,2022-05-30 00:00:00+00:00,6,True,True,False,False
dot,DOT,2022-05-29 00:00:00+00:00,2022-05-29 00:00:00+00:00,2022-05-30 00:00:00+00:00,11633752179.163824,2022-05-30 00:00:00+00:00,7,False,True,False,False
doge,DOGE,2022-05-29 00:00:00+00:00,2022-05-29 00:00:00+00:00,2022-05-30 00:00:00+00:00,11122536906.353662,2022-05-30 00:00:00+00:00,8,False,True,False,False
ftt,FTT,2022-05-29 00:00:00+00:00,2022-05-29 00:00:00+00:00,2022-05-30 00:00:00+00:00,9047254982.544762,2022-05-30 00:00:00+00:00,9,False,True,False,False
link,LINK,2022-05-29 00:00:00+00:00,2022-05-29 00:00:00+00:00,2022-05-30 00:00:00+00:00,6707278400.7716,2022-05-30 00:00:00+00:00,10,False,True,True,True
uni,UNI,2022-05-29 00:00:00+00:00,2022-05-29 00:00:00+00:00,2022-05-30 00:00:00+00:00,4936979886.73986,2022-05-30 00:00:00+00:00,11,False,False,False,False
ltc,LTC,2022-05-29 00:00:00+00:00,2022-05-29 00:00:00+00:00,2022-05-30 00:00:00+00:00,4487045571.424234,2022-05-30 00:00:00+00:00,12,False,False,False,True
algo,ALGO,2022-05-29 00:00:00+00:00,2022-05-29 00:00:00+00:00,2022-05-30 00:00:00+00:00,3782346183.3987,2022-05-30 00:00:00+00:00,13,False,False,False,False
bch,BCH,2022-05-29 00:00:00+00:00,2022-05-29 00:00:00+00:00,2022-05-30 00:00:00+00:00,3530794025.4908514,2022-05-30 00:00:00+00:00,14,False,False,False,False
ht,HT,2022-05-29 00:00:00+00:00,2022-05-29 00:00:00+00:00,2022-05-30 00:00:00+00:00,3515163337.595555,2022-05-30 00:00:00+00:00,15,False,False,False,False
icp,ICP,2022-05-29 00:00:00+00:00,2022-05-29 00:00:00+00:00,2022-05-30 00:00:00+00:00,3431825842.594483,2022-05-30 00:00:00+00:00,16,False,False,False,False
xmr,XMR,2022-05-29 00:00:00+00:00,2022-05-29 00:00:00+00:00,2022-05-30 00:00:00+00:00,3282803426.7572145,2022-05-30 00:00:00+00:00,17,False,False,False,False
etc,ETC,2022-05-29 00:00:00+00:00,2022-05-29 00:00:00+00:00,2022-05-30 00:00:00+00:00,3189315421.4510245,2022-05-30 00:00:00+00:00,18,False,False,False,False
crv,CRV,2022-05-29 00:00:00+00:00,2022-05-29 00:00:00+00:00,2022-05-30 00:00:00+00:00,2197768277.4581146,2022-05-30 00:00:00+00:00,19,False,False,False,False
mana,MANA,2022-05-29 00:00:00+00:00,2022-05-29 00:00:00+00:00,2022-05-30 00:00:00+00:00,2127505825.2018259,2022-05-30 00:00:00+00:00,20,False,False,False,False
gno,GNO,2022-05-29 00:00:00+00:00,2022-05-29 00:00:00+00:00,2022-05-30 00:00:00+00:00,1928501373.16291,2022-05-30 00:00:00+00:00,21,False,False,False,False
qnt,QNT,2022-05-29 00:00:00+00:00,2022-05-29 00:00:00+00:00,2022-05-30 00:00:00+00:00,1612316431.2570324,2022-05-30 00:00:00+00:00,22,False,False,False,False
aave,AAVE,2022-05-29 00:00:00+00:00,2022-05-29 00:00:00+00:00,2022-05-30 00:00:00+00:00,1520851809.3277872,2022-05-30 00:00:00+00:00,23,False,False,False,False
avaxc,AVAXC,2022-05-29 00:00:00+00:00,2022-05-29 00:00:00+00:00,2022-05-30 00:00:00+00:00,1427953561.5163996,2022-05-30 00:00:00+00:00,24,False,False,False,False
1inch,1INCH,2022-05-29 00:00:00+00:00,2022-05-29 00:00:00+00:00,2022-05-30 00:00:00+00:00,1378521923.75064,2022-05-30 00:00:00+00:00,25,False,False,False,False
lend,LEND,2022-05-29 00:00:00+00:00,2022-05-29 00:00:00+00:00,2022-05-30 00:00:00+00:00,1235692039.6658006,2022-05-30 00:00:00+00:00,26,False,False,False,False
ldo,LDO,2022-05-29 00:00:00+00:00,2022-05-29 00:00:00+00:00,2022-05-30 00:00:00+00:00,1168612391.00208,2022-05-30 00:00:00+00:00,27,False,False,False,False
mkr,MKR,2022-05-29 00:00:00+00:00,2022-05-29 00:00:00+00:00,2022-05-30 00:00:00+00:00,1166623083.576221,2022-05-30 00:00:00+00:00,28,False,False,False,False
hbtc,HBTC,2022-05-29 00:00:00+00:00,2022-05-29 00:00:00+00:00,2022-05-30 00:00:00+00:00,1146904141.335255,2022-05-30 00:00:00+00:00,29,False,False,False,False
zec,ZEC,2022-05-29 00:00:00+00:00,2022-05-29 00:00:00+00:00,2022-05-30 00:00:00+00:00,1140246890.9896486,2022-05-30 00:00:00+00:00,30,False,False,False,False
btc,BTC,2022-06-05 00:00:00+00:00,2022-06-05 00:00:00+00:00,2022-06-06 00:00:00+00:00,570162600125.2587,2022-06-06 00:00:00+00:00,1,True,True,True,True
eth,ETH,2022-06-05 00:00:00+00:00,2022-06-05 00:00:00+00:00,2022-06-06 00:00:00+00:00,215360134664.82568,2022-06-06 00:00:00+00:00,2,True,True,True,True
xrp,XRP,2022-06-05 00:00:00+00:00,2022-06-05 00:00:00+00:00,2022-06-06 00:00:00+00:00,39518438792.60651,2022-06-06 00:00:00+00:00,3,True,True,False,True
ada,ADA,2022-06-05 00:00:00+00:00,2022-06-05 00:00:00+00:00,2022-06-06 00:00:00+00:00,18954869378.519897,2022-06-06 00:00:00+00:00,4,True,True,False,True
cro,CRO,2022-06-05 00:00:00+00:00,2022-06-05 00:00:00+00:00,2022-06-06 00:00:00+00:00,17882274212.7792,2022-06-06 00:00:00+00:00,5,True,True,False,False
xlm,XLM,2022-06-05 00:00:00+00:00,2022-06-05 00:00:00+00:00,2022-06-06 00:00:00+00:00,15142806465.06076,2022-06-06 00:00:00+00:00,6,True,True,False,False
doge,DOGE,2022-06-05 00:00:00+00:00,2022-06-05 00:00:00+00:00,2022-06-06 00:00:00+00:00,10942909039.589542,2022-06-06 00:00:00+00:00,7,False,True,False,False
ftt,FTT,2022-06-05 00:00:00+00:00,2022-06-05 00:00:00+00:00,2022-06-06 00:00:00+00:00,8671827338.99938,2022-06-06 00:00:00+00:00,8,False,True,False,False
link,LINK,2022-06-05 00:00:00+00:00,2022-06-05 00:00:00+00:00,2022-06-06 00:00:00+00:00,7644207649.68211,2022-06-06 00:00:00+00:00,9,False,True,True,True
uni,UNI,2022-06-05 00:00:00+00:00,2022-06-05 00:00:00+00:00,2022-06-06 00:00:00+00:00,5089054862.44143,2022-06-06 00:00:00+00:00,10,False,True,False,False
ltc,LTC,2022-06-05 00:00:00+00:00,2022-06-05 00:00:00+00:00,2022-06-06 00:00:00+00:00,4454147279.95332,2022-06-06 00:00:00+00:00,11,False,False,False,True
algo,ALGO,2022-06-05 00:00:00+00:00,2022-06-05 00:00:00+00:00,2022-06-06 00:00:00+00:00,3913896043.63841,2022-06-06 00:00:00+00:00,12,False,False,False,False
ht,HT,2022-06-05 00:00:00+00:00,2022-06-05 00:00:00+00:00,2022-06-06 00:00:00+00:00,3762714145.163225,2022-06-06 00:00:00+00:00,13,False,False,False,False
icp,ICP,2022-06-05 00:00:00+00:00,2022-06-05 00:00:00+00:00,2022-06-06 00:00:00+00:00,3546398460.4475408,2022-06-06 00:00:00+00:00,14,False,False,False,False
bch,BCH,2022-06-05 00:00:00+00:00,2022-06-05 00:00:00+00:00,2022-06-06 00:00:00+00:00,3432345986.599987,2022-06-06 00:00:00+00:00,15,False,False,False,False
xmr,XMR,2022-06-05 00:00:00+00:00,2022-06-05 00:00:00+00:00,2022-06-06 00:00:00+00:00,3313597978.2357087,2022-06-06 00:00:00+00:00,16,False,False,False,False
etc,ETC,2022-06-05 00:00:00+00:00,2022-06-05 00:00:00+00:00,2022-06-06 00:00:00+00:00,2952382733.9716353,2022-06-06 00:00:00+00:00,17,False,False,False,False
mana,MANA,2022-06-05 00:00:00+00:00,2022-06-05 00:00:00+00:00,2022-06-06 00:00:00+00:00,2141632928.0759351,2022-06-06 00:00:00+00:00,18,False,False,False,False
crv,CRV,2022-06-05 00:00:00+00:00,2022-06-05 00:00:00+00:00,2022-06-06 00:00:00+00:00,2130201639.5074997,2022-06-06 00:00:00+00:00,19,False,False,False,False
gno,GNO,2022-06-05 00:00:00+00:00,2022-06-05 00:00:00+00:00,2022-06-06 00:00:00+00:00,1911764239.7476,2022-06-06 00:00:00+00:00,20,False,False,False,False
aave,AAVE,2022-06-05 00:00:00+00:00,2022-06-05 00:00:00+00:00,2022-06-06 00:00:00+00:00,1663730533.788992,2022-06-06 00:00:00+00:00,21,False,False,False,False
qnt,QNT,2022-06-05 00:00:00+00:00,2022-06-05 00:00:00+00:00,2022-06-06 00:00:00+00:00,1584073617.4324062,2022-06-06 00:00:00+00:00,22,False,False,False,False
avaxc,AVAXC,2022-06-05 00:00:00+00:00,2022-06-05 00:00:00+00:00,2022-06-06 00:00:00+00:00,1359331603.4879801,2022-06-06 00:00:00+00:00,23,False,False,False,False
lend,LEND,2022-06-05 00:00:00+00:00,2022-06-05 00:00:00+00:00,2022-06-06 00:00:00+00:00,1351780998.0846689,2022-06-06 00:00:00+00:00,24,False,False,False,False
1inch,1INCH,2022-06-05 00:00:00+00:00,2022-06-05 00:00:00+00:00,2022-06-06 00:00:00+00:00,1288510751.8819904,2022-06-06 00:00:00+00:00,25,False,False,False,False
hbtc,HBTC,2022-06-05 00:00:00+00:00,2022-06-05 00:00:00+00:00,2022-06-06 00:00:00+00:00,1165818090.3466957,2022-06-06 00:00:00+00:00,26,False,False,False,False
mkr,MKR,2022-06-05 00:00:00+00:00,2022-06-05 00:00:00+00:00,2022-06-06 00:00:00+00:00,1152018706.3040097,2022-06-06 00:00:00+00:00,27,False,False,False,False
neo,NEO,2022-06-05 00:00:00+00:00,2022-06-05 00:00:00+00:00,2022-06-06 00:00:00+00:00,1143426879.69367,2022-06-06 00:00:00+00:00,28,False,False,False,False
zec,ZEC,2022-06-05 00:00:00+00:00,2022-06-05 00:00:00+00:00,2022-06-06 00:00:00+00:00,1127614231.762833,2022-06-06 00:00:00+00:00,29,False,False,False,False
bsv,BSV,2022-06-05 00:00:00+00:00,2022-06-05 00:00:00+00:00,2022-06-06 00:00:00+00:00,1079815035.5231247,2022-06-06 00:00:00+00:00,30,False,False,False,False
btc,BTC,2022-06-12 00:00:00+00:00,2022-06-12 00:00:00+00:00,2022-06-13 00:00:00+00:00,511541120875.3391,2022-06-13 00:00:00+00:00,1,True,True,True,True
eth,ETH,2022-06-12 00:00:00+00:00,2022-06-12 00:00:00+00:00,2022-06-13 00:00:00+00:00,172958147267.76874,2022-06-13 00:00:00+00:00,2,True,True,True,True
xrp,XRP,2022-06-12 00:00:00+00:00,2022-06-12 00:00:00+00:00,2022-06-13 00:00:00+00:00,34566761162.534615,2022-06-13 00:00:00+00:00,3,True,True,False,True
ada,ADA,2022-06-12 00:00:00+00:00,2022-06-12 00:00:00+00:00,2022-06-13 00:00:00+00:00,16715793456.666725,2022-06-13 00:00:00+00:00,4,True,True,False,True
cro,CRO,2022-06-12 00:00:00+00:00,2022-06-12 00:00:00+00:00,2022-06-13 00:00:00+00:00,14167460275.7314,2022-06-13 00:00:00+00:00,5,True,True,False,False
xlm,XLM,2022-06-12 00:00:00+00:00,2022-06-12 00:00:00+00:00,2022-06-13 00:00:00+00:00,12625483957.93767,2022-06-13 00:00:00+00:00,6,True,True,False,False
ftt,FTT,2022-06-12 00:00:00+00:00,2022-06-12 00:00:00+00:00,2022-06-13 00:00:00+00:00,9369894569.646063,2022-06-13 00:00:00+00:00,7,False,True,False,False
doge,DOGE,2022-06-12 00:00:00+00:00,2022-06-12 00:00:00+00:00,2022-06-13 00:00:00+00:00,8685991406.94816,2022-06-13 00:00:00+00:00,8,False,True,False,False
link,LINK,2022-06-12 00:00:00+00:00,2022-06-12 00:00:00+00:00,2022-06-13 00:00:00+00:00,6338935774.62963,2022-06-13 00:00:00+00:00,9,False,True,True,True
uni,UNI,2022-06-12 00:00:00+00:00,2022-06-12 00:00:00+00:00,2022-06-13 00:00:00+00:00,4140308717.83143,2022-06-13 00:00:00+00:00,10,False,True,False,False
ltc,LTC,2022-06-12 00:00:00+00:00,2022-06-12 00:00:00+00:00,2022-06-13 00:00:00+00:00,3407717824.1422925,2022-06-13 00:00:00+00:00,11,False,False,False,True
ht,HT,2022-06-12 00:00:00+00:00,2022-06-12 00:00:00+00:00,2022-06-13 00:00:00+00:00,3374846189.12292,2022-06-13 00:00:00+00:00,12,False,False,False,False
algo,ALGO,2022-06-12 00:00:00+00:00,2022-06-12 00:00:00+00:00,2022-06-13 00:00:00+00:00,3277959278.50859,2022-06-13 00:00:00+00:00,13,False,False,False,False
xmr,XMR,2022-06-12 00:00:00+00:00,2022-06-12 00:00:00+00:00,2022-06-13 00:00:00+00:00,2826608207.579796,2022-06-13 00:00:00+00:00,14,False,False,False,False
bch,BCH,2022-06-12 00:00:00+00:00,2022-06-12 00:00:00+00:00,2022-06-13 00:00:00+00:00,2820467041.3701773,2022-06-13 00:00:00+00:00,15,False,False,False,False
icp,ICP,2022-06-12 00:00:00+00:00,2022-06-12 00:00:00+00:00,2022-06-13 00:00:00+00:00,2766729631.572154,2022-06-13 00:00:00+00:00,16,False,False,False,False
etc,ETC,2022-06-12 00:00:00+00:00,2022-06-12 00:00:00+00:00,2022-06-13 00:00:00+00:00,2267091227.7684264,2022-06-13 00:00:00+00:00,17,False,False,False,False
mana,MANA,2022-06-12 00:00:00+00:00,2022-06-12 00:00:00+00:00,2022-06-13 00:00:00+00:00,1762967530.9141316,2022-06-13 00:00:00+00:00,18,False,False,False,False
crv,CRV,2022-06-12 00:00:00+00:00,2022-06-12 00:00:00+00:00,2022-06-13 00:00:00+00:00,1533332779.0298624,2022-06-13 00:00:00+00:00,19,False,False,False,False
gno,GNO,2022-06-12 00:00:00+00:00,2022-06-12 00:00:00+00:00,2022-06-13 00:00:00+00:00,1522409069.40338,2022-06-13 00:00:00+00:00,20,False,False,False,False
qnt,QNT,2022-06-12 00:00:00+00:00,2022-06-12 00:00:00+00:00,2022-06-13 00:00:00+00:00,1228418330.4514458,2022-06-13 00:00:00+00:00,21,False,False,False,False
neo,NEO,2022-06-12 00:00:00+00:00,2022-06-12 00:00:00+00:00,2022-06-13 00:00:00+00:00,1184058270.14295,2022-06-13 00:00:00+00:00,22,False,False,False,False
aave,AAVE,2022-06-12 00:00:00+00:00,2022-06-12 00:00:00+00:00,2022-06-13 00:00:00+00:00,1139556124.7078288,2022-06-13 00:00:00+00:00,23,False,False,False,False
hbtc,HBTC,2022-06-12 00:00:00+00:00,2022-06-12 00:00:00+00:00,2022-06-13 00:00:00+00:00,1045589250.6185263,2022-06-13 00:00:00+00:00,24,False,False,False,False
zec,ZEC,2022-06-12 00:00:00+00:00,2022-06-12 00:00:00+00:00,2022-06-13 00:00:00+00:00,1012532706.0080268,2022-06-13 00:00:00+00:00,25,False,False,False,False
avaxc,AVAXC,2022-06-12 00:00:00+00:00,2022-06-12 00:00:00+00:00,2022-06-13 00:00:00+00:00,996759640.0993756,2022-06-13 00:00:00+00:00,26,False,False,False,False
1inch,1INCH,2022-06-12 00:00:00+00:00,2022-06-12 00:00:00+00:00,2022-06-13 00:00:00+00:00,982516483.8791475,2022-06-13 00:00:00+00:00,27,False,False,False,False
bsv,BSV,2022-06-12 00:00:00+00:00,2022-06-12 00:00:00+00:00,2022-06-13 00:00:00+00:00,935618377.2635342,2022-06-13 00:00:00+00:00,28,False,False,False,False
lend,LEND,2022-06-12 00:00:00+00:00,2022-06-12 00:00:00+00:00,2022-06-13 00:00:00+00:00,925889309.804791,2022-06-13 00:00:00+00:00,29,False,False,False,False
pax,PAX,2022-06-12 00:00:00+00:00,2022-06-12 00:00:00+00:00,2022-06-13 00:00:00+00:00,925129490.4918634,2022-06-13 00:00:00+00:00,30,False,False,False,False
btc,BTC,2022-06-19 00:00:00+00:00,2022-06-19 00:00:00+00:00,2022-06-20 00:00:00+00:00,390825178945.0636,2022-06-20 00:00:00+00:00,1,True,True,True,True
eth,ETH,2022-06-19 00:00:00+00:00,2022-06-19 00:00:00+00:00,2022-06-20 00:00:00+00:00,134248636330.19833,2022-06-20 00:00:00+00:00,2,True,True,True,True
xrp,XRP,2022-06-19 00:00:00+00:00,2022-06-19 00:00:00+00:00,2022-06-20 00:00:00+00:00,32500556385.65595,2022-06-20 00:00:00+00:00,3,True,True,False,True
ada,ADA,2022-06-19 00:00:00+00:00,2022-06-19 00:00:00+00:00,2022-06-20 00:00:00+00:00,16106097710.405676,2022-06-20 00:00:00+00:00,4,True,True,False,True
xlm,XLM,2022-06-19 00:00:00+00:00,2022-06-19 00:00:00+00:00,2022-06-20 00:00:00+00:00,12026782894.835857,2022-06-20 00:00:00+00:00,5,True,True,False,False
cro,CRO,2022-06-19 00:00:00+00:00,2022-06-19 00:00:00+00:00,2022-06-20 00:00:00+00:00,11424084315.2634,2022-06-20 00:00:00+00:00,6,True,True,False,False
ftt,FTT,2022-06-19 00:00:00+00:00,2022-06-19 00:00:00+00:00,2022-06-20 00:00:00+00:00,8275735977.963284,2022-06-20 00:00:00+00:00,7,False,True,False,False
doge,DOGE,2022-06-19 00:00:00+00:00,2022-06-19 00:00:00+00:00,2022-06-20 00:00:00+00:00,8107543434.926917,2022-06-20 00:00:00+00:00,8,False,True,False,False
link,LINK,2022-06-19 00:00:00+00:00,2022-06-19 00:00:00+00:00,2022-06-20 00:00:00+00:00,6573861022.76517,2022-06-20 00:00:00+00:00,9,False,True,True,True
uni,UNI,2022-06-19 00:00:00+00:00,2022-06-19 00:00:00+00:00,2022-06-20 00:00:00+00:00,4161311611.21774,2022-06-20 00:00:00+00:00,10,False,True,False,False
ltc,LTC,2022-06-19 00:00:00+00:00,2022-06-19 00:00:00+00:00,2022-06-20 00:00:00+00:00,3821133634.6818037,2022-06-20 00:00:00+00:00,11,False,False,False,True
algo,ALGO,2022-06-19 00:00:00+00:00,2022-06-19 00:00:00+00:00,2022-06-20 00:00:00+00:00,3132929873.102,2022-06-20 00:00:00+00:00,12,False,False,False,False
icp,ICP,2022-06-19 00:00:00+00:00,2022-06-19 00:00:00+00:00,2022-06-20 00:00:00+00:00,2627408747.8730993,2022-06-20 00:00:00+00:00,13,False,False,False,False
ht,HT,2022-06-19 00:00:00+00:00,2022-06-19 00:00:00+00:00,2022-06-20 00:00:00+00:00,2560417736.176675,2022-06-20 00:00:00+00:00,14,False,False,False,False
bch,BCH,2022-06-19 00:00:00+00:00,2022-06-19 00:00:00+00:00,2022-06-20 00:00:00+00:00,2280714700.075268,2022-06-20 00:00:00+00:00,15,False,False,False,False
etc,ETC,2022-06-19 00:00:00+00:00,2022-06-19 00:00:00+00:00,2022-06-20 00:00:00+00:00,2076387410.3921275,2022-06-20 00:00:00+00:00,16,False,False,False,False
xmr,XMR,2022-06-19 00:00:00+00:00,2022-06-19 00:00:00+00:00,2022-06-20 00:00:00+00:00,2007357033.8503423,2022-06-20 00:00:00+00:00,17,False,False,False,False
mana,MANA,2022-06-19 00:00:00+00:00,2022-06-19 00:00:00+00:00,2022-06-20 00:00:00+00:00,1805782222.7766354,2022-06-20 00:00:00+00:00,18,False,False,False,False
qnt,QNT,2022-06-19 00:00:00+00:00,2022-06-19 00:00:00+00:00,2022-06-20 00:00:00+00:00,1327995195.664965,2022-06-20 00:00:00+00:00,19,False,False,False,False
gno,GNO,2022-06-19 00:00:00+00:00,2022-06-19 00:00:00+00:00,2022-06-20 00:00:00+00:00,1175892647.09059,2022-06-20 00:00:00+00:00,20,False,False,False,False
bsv,BSV,2022-06-19 00:00:00+00:00,2022-06-19 00:00:00+00:00,2022-06-20 00:00:00+00:00,1150507338.0578063,2022-06-20 00:00:00+00:00,21,False,False,False,False
crv,CRV,2022-06-19 00:00:00+00:00,2022-06-19 00:00:00+00:00,2022-06-20 00:00:00+00:00,1140221893.1746292,2022-06-20 00:00:00+00:00,22,False,False,False,False
avaxc,AVAXC,2022-06-19 00:00:00+00:00,2022-06-19 00:00:00+00:00,2022-06-20 00:00:00+00:00,908482976.5959265,2022-06-20 00:00:00+00:00,23,False,False,False,False
neo,NEO,2022-06-19 00:00:00+00:00,2022-06-19 00:00:00+00:00,2022-06-20 00:00:00+00:00,904297055.393384,2022-06-20 00:00:00+00:00,24,False,False,False,False
pax,PAX,2022-06-19 00:00:00+00:00,2022-06-19 00:00:00+00:00,2022-06-20 00:00:00+00:00,884326899.2030714,2022-06-20 00:00:00+00:00,25,False,False,False,False
mkr,MKR,2022-06-19 00:00:00+00:00,2022-06-19 00:00:00+00:00,2022-06-20 00:00:00+00:00,878305625.3077468,2022-06-20 00:00:00+00:00,26,False,False,False,False
1inch,1INCH,2022-06-19 00:00:00+00:00,2022-06-19 00:00:00+00:00,2022-06-20 00:00:00+00:00,866953519.3577055,2022-06-20 00:00:00+00:00,27,False,False,False,False
aave,AAVE,2022-06-19 00:00:00+00:00,2022-06-19 00:00:00+00:00,2022-06-20 00:00:00+00:00,858888062.469496,2022-06-20 00:00:00+00:00,28,False,False,False,False
zec,ZEC,2022-06-19 00:00:00+00:00,2022-06-19 00:00:00+00:00,2022-06-20 00:00:00+00:00,849527529.1546175,2022-06-20 00:00:00+00:00,29,False,False,False,False
hbtc,HBTC,2022-06-19 00:00:00+00:00,2022-06-19 00:00:00+00:00,2022-06-20 00:00:00+00:00,798594736.8990598,2022-06-20 00:00:00+00:00,30,False,False,False,False
btc,BTC,2022-06-26 00:00:00+00:00,2022-06-26 00:00:00+00:00,2022-06-27 00:00:00+00:00,401907776246.90607,2022-06-27 00:00:00+00:00,1,True,True,True,True
eth,ETH,2022-06-26 00:00:00+00:00,2022-06-26 00:00:00+00:00,2022-06-27 00:00:00+00:00,143867796717.28784,2022-06-27 00:00:00+00:00,2,True,True,True,True
xrp,XRP,2022-06-26 00:00:00+00:00,2022-06-26 00:00:00+00:00,2022-06-27 00:00:00+00:00,35917547540.54317,2022-06-27 00:00:00+00:00,3,True,True,False,True
ada,ADA,2022-06-26 00:00:00+00:00,2022-06-26 00:00:00+00:00,2022-06-27 00:00:00+00:00,16420429547.887442,2022-06-27 00:00:00+00:00,4,True,True,False,True
xlm,XLM,2022-06-26 00:00:00+00:00,2022-06-26 00:00:00+00:00,2022-06-27 00:00:00+00:00,12706140151.88456,2022-06-27 00:00:00+00:00,5,True,True,False,False
cro,CRO,2022-06-26 00:00:00+00:00,2022-06-26 00:00:00+00:00,2022-06-27 00:00:00+00:00,12470571799.4999,2022-06-27 00:00:00+00:00,6,True,True,False,False
doge,DOGE,2022-06-26 00:00:00+00:00,2022-06-26 00:00:00+00:00,2022-06-27 00:00:00+00:00,9919346898.89512,2022-06-27 00:00:00+00:00,7,False,True,False,False
ftt,FTT,2022-06-26 00:00:00+00:00,2022-06-26 00:00:00+00:00,2022-06-27 00:00:00+00:00,9035240186.92675,2022-06-27 00:00:00+00:00,8,False,True,False,False
link,LINK,2022-06-26 00:00:00+00:00,2022-06-26 00:00:00+00:00,2022-06-27 00:00:00+00:00,6782414488.53018,2022-06-27 00:00:00+00:00,9,False,True,True,True
uni,UNI,2022-06-26 00:00:00+00:00,2022-06-26 00:00:00+00:00,2022-06-27 00:00:00+00:00,5639701582.2787,2022-06-27 00:00:00+00:00,10,False,True,False,False
ltc,LTC,2022-06-26 00:00:00+00:00,2022-06-26 00:00:00+00:00,2022-06-27 00:00:00+00:00,4029063293.9403048,2022-06-27 00:00:00+00:00,11,False,False,False,True
algo,ALGO,2022-06-26 00:00:00+00:00,2022-06-26 00:00:00+00:00,2022-06-27 00:00:00+00:00,3335053665.73795,2022-06-27 00:00:00+00:00,12,False,False,False,False
icp,ICP,2022-06-26 00:00:00+00:00,2022-06-26 00:00:00+00:00,2022-06-27 00:00:00+00:00,2810827115.8105197,2022-06-27 00:00:00+00:00,13,False,False,False,False
ht,HT,2022-06-26 00:00:00+00:00,2022-06-26 00:00:00+00:00,2022-06-27 00:00:00+00:00,2639247994.95547,2022-06-27 00:00:00+00:00,14,False,False,False,False
etc,ETC,2022-06-26 00:00:00+00:00,2022-06-26 00:00:00+00:00,2022-06-27 00:00:00+00:00,2265209729.147642,2022-06-27 00:00:00+00:00,15,False,False,False,False
xmr,XMR,2022-06-26 00:00:00+00:00,2022-06-26 00:00:00+00:00,2022-06-27 00:00:00+00:00,2229255456.801187,2022-06-27 00:00:00+00:00,16,False,False,False,False
bch,BCH,2022-06-26 00:00:00+00:00,2022-06-26 00:00:00+00:00,2022-06-27 00:00:00+00:00,2165370395.491397,2022-06-27 00:00:00+00:00,17,False,False,False,False
mana,MANA,2022-06-26 00:00:00+00:00,2022-06-26 00:00:00+00:00,2022-06-27 00:00:00+00:00,2056545982.8349137,2022-06-27 00:00:00+00:00,18,False,False,False,False
qnt,QNT,2022-06-26 00:00:00+00:00,2022-06-26 00:00:00+00:00,2022-06-27 00:00:00+00:00,1518063893.4035892,2022-06-27 00:00:00+00:00,19,False,False,False,False
crv,CRV,2022-06-26 00:00:00+00:00,2022-06-26 00:00:00+00:00,2022-06-27 00:00:00+00:00,1343774939.615414,2022-06-27 00:00:00+00:00,20,False,False,False,False
gno,GNO,2022-06-26 00:00:00+00:00,2022-06-26 00:00:00+00:00,2022-06-27 00:00:00+00:00,1228029859.79801,2022-06-27 00:00:00+00:00,21,False,False,False,False
bsv,BSV,2022-06-26 00:00:00+00:00,2022-06-26 00:00:00+00:00,2022-06-27 00:00:00+00:00,1171746563.2691164,2022-06-27 00:00:00+00:00,22,False,False,False,False
avaxc,AVAXC,2022-06-26 00:00:00+00:00,2022-06-26 00:00:00+00:00,2022-06-27 00:00:00+00:00,1124446828.8256376,2022-06-27 00:00:00+00:00,23,False,False,False,False
aave,AAVE,2022-06-26 00:00:00+00:00,2022-06-26 00:00:00+00:00,2022-06-27 00:00:00+00:00,1053464266.5556208,2022-06-27 00:00:00+00:00,24,False,False,False,False
1inch,1INCH,2022-06-26 00:00:00+00:00,2022-06-26 00:00:00+00:00,2022-06-27 00:00:00+00:00,1042873725.785859,2022-06-27 00:00:00+00:00,25,False,False,False,False
mkr,MKR,2022-06-26 00:00:00+00:00,2022-06-26 00:00:00+00:00,2022-06-27 00:00:00+00:00,984973180.7344286,2022-06-27 00:00:00+00:00,26,False,False,False,False
neo,NEO,2022-06-26 00:00:00+00:00,2022-06-26 00:00:00+00:00,2022-06-27 00:00:00+00:00,953984982.036034,2022-06-27 00:00:00+00:00,27,False,False,False,False
pax,PAX,2022-06-26 00:00:00+00:00,2022-06-26 00:00:00+00:00,2022-06-27 00:00:00+00:00,871572838.053513,2022-06-27 00:00:00+00:00,28,False,False,False,False
lend,LEND,2022-06-26 00:00:00+00:00,2022-06-26 00:00:00+00:00,2022-06-27 00:00:00+00:00,855939678.1929237,2022-06-27 00:00:00+00:00,29,False,False,False,False
hbtc,HBTC,2022-06-26 00:00:00+00:00,2022-06-26 00:00:00+00:00,2022-06-27 00:00:00+00:00,820976492.4402575,2022-06-27 00:00:00+00:00,30,False,False,False,False
btc,BTC,2022-07-03 00:00:00+00:00,2022-07-03 00:00:00+00:00,2022-07-04 00:00:00+00:00,367880445197.9902,2022-07-04 00:00:00+00:00,1,True,True,True,True
eth,ETH,2022-07-03 00:00:00+00:00,2022-07-03 00:00:00+00:00,2022-07-04 00:00:00+00:00,128356565298.48178,2022-07-04 00:00:00+00:00,2,True,True,True,True
xrp,XRP,2022-07-03 00:00:00+00:00,2022-07-03 00:00:00+00:00,2022-07-04 00:00:00+00:00,32163514827.910053,2022-07-04 00:00:00+00:00,3,True,True,False,True
ada,ADA,2022-07-03 00:00:00+00:00,2022-07-03 00:00:00+00:00,2022-07-04 00:00:00+00:00,15240183669.628004,2022-07-04 00:00:00+00:00,4,True,True,False,True
xlm,XLM,2022-07-03 00:00:00+00:00,2022-07-03 00:00:00+00:00,2022-07-04 00:00:00+00:00,11472661973.030127,2022-07-04 00:00:00+00:00,5,True,True,False,False
cro,CRO,2022-07-03 00:00:00+00:00,2022-07-03 00:00:00+00:00,2022-07-04 00:00:00+00:00,11315478839.3189,2022-07-04 00:00:00+00:00,6,True,True,False,False
doge,DOGE,2022-07-03 00:00:00+00:00,2022-07-03 00:00:00+00:00,2022-07-04 00:00:00+00:00,9054016314.956161,2022-07-04 00:00:00+00:00,7,False,True,False,False
ftt,FTT,2022-07-03 00:00:00+00:00,2022-07-03 00:00:00+00:00,2022-07-04 00:00:00+00:00,8063692622.438126,2022-07-04 00:00:00+00:00,8,False,True,False,False
link,LINK,2022-07-03 00:00:00+00:00,2022-07-03 00:00:00+00:00,2022-07-04 00:00:00+00:00,6192906083.03483,2022-07-04 00:00:00+00:00,9,False,True,True,True
uni,UNI,2022-07-03 00:00:00+00:00,2022-07-03 00:00:00+00:00,2022-07-04 00:00:00+00:00,4907112177.43854,2022-07-04 00:00:00+00:00,10,False,True,False,False
ltc,LTC,2022-07-03 00:00:00+00:00,2022-07-03 00:00:00+00:00,2022-07-04 00:00:00+00:00,3598143835.244865,2022-07-04 00:00:00+00:00,11,False,False,False,True
algo,ALGO,2022-07-03 00:00:00+00:00,2022-07-03 00:00:00+00:00,2022-07-04 00:00:00+00:00,3095005202.78007,2022-07-04 00:00:00+00:00,12,False,False,False,False
icp,ICP,2022-07-03 00:00:00+00:00,2022-07-03 00:00:00+00:00,2022-07-04 00:00:00+00:00,2532793358.8622866,2022-07-04 00:00:00+00:00,13,False,False,False,False
ht,HT,2022-07-03 00:00:00+00:00,2022-07-03 00:00:00+00:00,2022-07-04 00:00:00+00:00,2181333112.84449,2022-07-04 00:00:00+00:00,14,False,False,False,False
xmr,XMR,2022-07-03 00:00:00+00:00,2022-07-03 00:00:00+00:00,2022-07-04 00:00:00+00:00,2052373108.8875031,2022-07-04 00:00:00+00:00,15,False,False,False,False
bch,BCH,2022-07-03 00:00:00+00:00,2022-07-03 00:00:00+00:00,2022-07-04 00:00:00+00:00,2022727509.074143,2022-07-04 00:00:00+00:00,16,False,False,False,False
etc,ETC,2022-07-03 00:00:00+00:00,2022-07-03 00:00:00+00:00,2022-07-04 00:00:00+00:00,2007379920.922986,2022-07-04 00:00:00+00:00,17,False,False,False,False
mana,MANA,2022-07-03 00:00:00+00:00,2022-07-03 00:00:00+00:00,2022-07-04 00:00:00+00:00,1834954271.5870337,2022-07-04 00:00:00+00:00,18,False,False,False,False
crv,CRV,2022-07-03 00:00:00+00:00,2022-07-03 00:00:00+00:00,2022-07-04 00:00:00+00:00,1413723705.0488048,2022-07-04 00:00:00+00:00,19,False,False,False,False
qnt,QNT,2022-07-03 00:00:00+00:00,2022-07-03 00:00:00+00:00,2022-07-04 00:00:00+00:00,1359672944.1244478,2022-07-04 00:00:00+00:00,20,False,False,False,False
gno,GNO,2022-07-03 00:00:00+00:00,2022-07-03 00:00:00+00:00,2022-07-04 00:00:00+00:00,1110256842.607,2022-07-04 00:00:00+00:00,21,False,False,False,False
bsv,BSV,2022-07-03 00:00:00+00:00,2022-07-03 00:00:00+00:00,2022-07-04 00:00:00+00:00,1013429070.2917644,2022-07-04 00:00:00+00:00,22,False,False,False,False
avaxc,AVAXC,2022-07-03 00:00:00+00:00,2022-07-03 00:00:00+00:00,2022-07-04 00:00:00+00:00,963927951.2349879,2022-07-04 00:00:00+00:00,23,False,False,False,False
1inch,1INCH,2022-07-03 00:00:00+00:00,2022-07-03 00:00:00+00:00,2022-07-04 00:00:00+00:00,938066546.7616695,2022-07-04 00:00:00+00:00,24,False,False,False,False
aave,AAVE,2022-07-03 00:00:00+00:00,2022-07-03 00:00:00+00:00,2022-07-04 00:00:00+00:00,922460765.5747328,2022-07-04 00:00:00+00:00,25,False,False,False,False
mkr,MKR,2022-07-03 00:00:00+00:00,2022-07-03 00:00:00+00:00,2022-07-04 00:00:00+00:00,882386957.6560873,2022-07-04 00:00:00+00:00,26,False,False,False,False
pax,PAX,2022-07-03 00:00:00+00:00,2022-07-03 00:00:00+00:00,2022-07-04 00:00:00+00:00,855381967.914294,2022-07-04 00:00:00+00:00,27,False,False,False,False
neo,NEO,2022-07-03 00:00:00+00:00,2022-07-03 00:00:00+00:00,2022-07-04 00:00:00+00:00,827524712.380137,2022-07-04 00:00:00+00:00,28,False,False,False,False
hbtc,HBTC,2022-07-03 00:00:00+00:00,2022-07-03 00:00:00+00:00,2022-07-04 00:00:00+00:00,751215177.7013215,2022-07-04 00:00:00+00:00,29,False,False,False,False
lend,LEND,2022-07-03 00:00:00+00:00,2022-07-03 00:00:00+00:00,2022-07-04 00:00:00+00:00,749499338.4191328,2022-07-04 00:00:00+00:00,30,False,False,False,False
btc,BTC,2022-07-10 00:00:00+00:00,2022-07-10 00:00:00+00:00,2022-07-11 00:00:00+00:00,397679652328.1112,2022-07-11 00:00:00+00:00,1,True,True,True,True
eth,ETH,2022-07-10 00:00:00+00:00,2022-07-10 00:00:00+00:00,2022-07-11 00:00:00+00:00,139614274575.63583,2022-07-11 00:00:00+00:00,2,True,True,True,True
xrp,XRP,2022-07-10 00:00:00+00:00,2022-07-10 00:00:00+00:00,2022-07-11 00:00:00+00:00,32484750714.997173,2022-07-11 00:00:00+00:00,3,True,True,False,True
ada,ADA,2022-07-10 00:00:00+00:00,2022-07-10 00:00:00+00:00,2022-07-11 00:00:00+00:00,15482045025.405539,2022-07-11 00:00:00+00:00,4,True,True,False,True
cro,CRO,2022-07-10 00:00:00+00:00,2022-07-10 00:00:00+00:00,2022-07-11 00:00:00+00:00,11909511794.8848,2022-07-11 00:00:00+00:00,5,True,True,False,False
xlm,XLM,2022-07-10 00:00:00+00:00,2022-07-10 00:00:00+00:00,2022-07-11 00:00:00+00:00,11305326171.919622,2022-07-11 00:00:00+00:00,6,True,True,False,False
doge,DOGE,2022-07-10 00:00:00+00:00,2022-07-10 00:00:00+00:00,2022-07-11 00:00:00+00:00,9085275626.673275,2022-07-11 00:00:00+00:00,7,False,True,False,False
ftt,FTT,2022-07-10 00:00:00+00:00,2022-07-10 00:00:00+00:00,2022-07-11 00:00:00+00:00,8563470836.713137,2022-07-11 00:00:00+00:00,8,False,True,False,False
uni,UNI,2022-07-10 00:00:00+00:00,2022-07-10 00:00:00+00:00,2022-07-11 00:00:00+00:00,6277204843.70522,2022-07-11 00:00:00+00:00,9,False,True,False,False
link,LINK,2022-07-10 00:00:00+00:00,2022-07-10 00:00:00+00:00,2022-07-11 00:00:00+00:00,6180484663.26315,2022-07-11 00:00:00+00:00,10,False,True,True,True
ltc,LTC,2022-07-10 00:00:00+00:00,2022-07-10 00:00:00+00:00,2022-07-11 00:00:00+00:00,3681077161.975639,2022-07-11 00:00:00+00:00,11,False,False,False,True
algo,ALGO,2022-07-10 00:00:00+00:00,2022-07-10 00:00:00+00:00,2022-07-11 00:00:00+00:00,3092774131.34547,2022-07-11 00:00:00+00:00,12,False,False,False,False
icp,ICP,2022-07-10 00:00:00+00:00,2022-07-10 00:00:00+00:00,2022-07-11 00:00:00+00:00,3088979473.0562687,2022-07-11 00:00:00+00:00,13,False,False,False,False
xmr,XMR,2022-07-10 00:00:00+00:00,2022-07-10 00:00:00+00:00,2022-07-11 00:00:00+00:00,2269134659.3742704,2022-07-11 00:00:00+00:00,14,False,False,False,False
ht,HT,2022-07-10 00:00:00+00:00,2022-07-10 00:00:00+00:00,2022-07-11 00:00:00+00:00,2191726079.344715,2022-07-11 00:00:00+00:00,15,False,False,False,False
etc,ETC,2022-07-10 00:00:00+00:00,2022-07-10 00:00:00+00:00,2022-07-11 00:00:00+00:00,2052847808.640731,2022-07-11 00:00:00+00:00,16,False,False,False,False
bch,BCH,2022-07-10 00:00:00+00:00,2022-07-10 00:00:00+00:00,2022-07-11 00:00:00+00:00,2040888378.073315,2022-07-11 00:00:00+00:00,17,False,False,False,False
qnt,QNT,2022-07-10 00:00:00+00:00,2022-07-10 00:00:00+00:00,2022-07-11 00:00:00+00:00,1977002150.510146,2022-07-11 00:00:00+00:00,18,False,False,False,False
mana,MANA,2022-07-10 00:00:00+00:00,2022-07-10 00:00:00+00:00,2022-07-11 00:00:00+00:00,1907354506.906121,2022-07-11 00:00:00+00:00,19,False,False,False,False
crv,CRV,2022-07-10 00:00:00+00:00,2022-07-10 00:00:00+00:00,2022-07-11 00:00:00+00:00,1696640119.8380682,2022-07-11 00:00:00+00:00,20,False,False,False,False
aave,AAVE,2022-07-10 00:00:00+00:00,2022-07-10 00:00:00+00:00,2022-07-11 00:00:00+00:00,1239975503.6487343,2022-07-11 00:00:00+00:00,21,False,False,False,False
gno,GNO,2022-07-10 00:00:00+00:00,2022-07-10 00:00:00+00:00,2022-07-11 00:00:00+00:00,1172575158.14907,2022-07-11 00:00:00+00:00,22,False,False,False,False
avaxc,AVAXC,2022-07-10 00:00:00+00:00,2022-07-10 00:00:00+00:00,2022-07-11 00:00:00+00:00,1099141848.2868123,2022-07-11 00:00:00+00:00,23,False,False,False,False
bsv,BSV,2022-07-10 00:00:00+00:00,2022-07-10 00:00:00+00:00,2022-07-11 00:00:00+00:00,1037507124.7747965,2022-07-11 00:00:00+00:00,24,False,False,False,False
lend,LEND,2022-07-10 00:00:00+00:00,2022-07-10 00:00:00+00:00,2022-07-11 00:00:00+00:00,1007480051.5354446,2022-07-11 00:00:00+00:00,25,False,False,False,False
1inch,1INCH,2022-07-10 00:00:00+00:00,2022-07-10 00:00:00+00:00,2022-07-11 00:00:00+00:00,960188301.2026035,2022-07-11 00:00:00+00:00,26,False,False,False,False
neo,NEO,2022-07-10 00:00:00+00:00,2022-07-10 00:00:00+00:00,2022-07-11 00:00:00+00:00,921883180.637288,2022-07-11 00:00:00+00:00,27,False,False,False,False
mkr,MKR,2022-07-10 00:00:00+00:00,2022-07-10 00:00:00+00:00,2022-07-11 00:00:00+00:00,920083527.1761925,2022-07-11 00:00:00+00:00,28,False,False,False,False
pax,PAX,2022-07-10 00:00:00+00:00,2022-07-10 00:00:00+00:00,2022-07-11 00:00:00+00:00,850504464.9229832,2022-07-11 00:00:00+00:00,29,False,False,False,False
hbtc,HBTC,2022-07-10 00:00:00+00:00,2022-07-10 00:00:00+00:00,2022-07-11 00:00:00+00:00,811804883.5808395,2022-07-11 00:00:00+00:00,30,False,False,False,False
btc,BTC,2022-07-17 00:00:00+00:00,2022-07-17 00:00:00+00:00,2022-07-18 00:00:00+00:00,397735055796.3284,2022-07-18 00:00:00+00:00,1,True,True,True,True
eth,ETH,2022-07-17 00:00:00+00:00,2022-07-17 00:00:00+00:00,2022-07-18 00:00:00+00:00,161064574677.45358,2022-07-18 00:00:00+00:00,2,True,True,True,True
xrp,XRP,2022-07-17 00:00:00+00:00,2022-07-17 00:00:00+00:00,2022-07-18 00:00:00+00:00,34455616580.375046,2022-07-18 00:00:00+00:00,3,True,True,False,True
ada,ADA,2022-07-17 00:00:00+00:00,2022-07-17 00:00:00+00:00,2022-07-18 00:00:00+00:00,15055787027.362644,2022-07-18 00:00:00+00:00,4,True,True,False,True
cro,CRO,2022-07-17 00:00:00+00:00,2022-07-17 00:00:00+00:00,2022-07-18 00:00:00+00:00,12107459271.888,2022-07-18 00:00:00+00:00,5,True,True,False,False
xlm,XLM,2022-07-17 00:00:00+00:00,2022-07-17 00:00:00+00:00,2022-07-18 00:00:00+00:00,11246530024.86155,2022-07-18 00:00:00+00:00,6,True,True,False,False
ftt,FTT,2022-07-17 00:00:00+00:00,2022-07-17 00:00:00+00:00,2022-07-18 00:00:00+00:00,9161565042.940699,2022-07-18 00:00:00+00:00,7,False,True,False,False
doge,DOGE,2022-07-17 00:00:00+00:00,2022-07-17 00:00:00+00:00,2022-07-18 00:00:00+00:00,8589259876.39769,2022-07-18 00:00:00+00:00,8,False,True,False,False
uni,UNI,2022-07-17 00:00:00+00:00,2022-07-17 00:00:00+00:00,2022-07-18 00:00:00+00:00,7010073505.2752,2022-07-18 00:00:00+00:00,9,False,True,False,False
link,LINK,2022-07-17 00:00:00+00:00,2022-07-17 00:00:00+00:00,2022-07-18 00:00:00+00:00,6377267741.70523,2022-07-18 00:00:00+00:00,10,False,True,True,True
ltc,LTC,2022-07-17 00:00:00+00:00,2022-07-17 00:00:00+00:00,2022-07-18 00:00:00+00:00,3964748566.7590137,2022-07-18 00:00:00+00:00,11,False,False,False,True
icp,ICP,2022-07-17 00:00:00+00:00,2022-07-17 00:00:00+00:00,2022-07-18 00:00:00+00:00,3525424678.842781,2022-07-18 00:00:00+00:00,12,False,False,False,False
algo,ALGO,2022-07-17 00:00:00+00:00,2022-07-17 00:00:00+00:00,2022-07-18 00:00:00+00:00,3390282600.59425,2022-07-18 00:00:00+00:00,13,False,False,False,False
etc,ETC,2022-07-17 00:00:00+00:00,2022-07-17 00:00:00+00:00,2022-07-18 00:00:00+00:00,2662517720.368514,2022-07-18 00:00:00+00:00,14,False,False,False,False
xmr,XMR,2022-07-17 00:00:00+00:00,2022-07-17 00:00:00+00:00,2022-07-18 00:00:00+00:00,2421696750.167256,2022-07-18 00:00:00+00:00,15,False,False,False,False
qnt,QNT,2022-07-17 00:00:00+00:00,2022-07-17 00:00:00+00:00,2022-07-18 00:00:00+00:00,2421248559.926865,2022-07-18 00:00:00+00:00,16,False,False,False,False
ht,HT,2022-07-17 00:00:00+00:00,2022-07-17 00:00:00+00:00,2022-07-18 00:00:00+00:00,2339947143.947555,2022-07-18 00:00:00+00:00,17,False,False,False,False
bch,BCH,2022-07-17 00:00:00+00:00,2022-07-17 00:00:00+00:00,2022-07-18 00:00:00+00:00,2124279233.566202,2022-07-18 00:00:00+00:00,18,False,False,False,False
crv,CRV,2022-07-17 00:00:00+00:00,2022-07-17 00:00:00+00:00,2022-07-18 00:00:00+00:00,1943165389.649271,2022-07-18 00:00:00+00:00,19,False,False,False,False
mana,MANA,2022-07-17 00:00:00+00:00,2022-07-17 00:00:00+00:00,2022-07-18 00:00:00+00:00,1846794489.6458263,2022-07-18 00:00:00+00:00,20,False,False,False,False
ldo,LDO,2022-07-17 00:00:00+00:00,2022-07-17 00:00:00+00:00,2022-07-18 00:00:00+00:00,1610545357.25063,2022-07-18 00:00:00+00:00,21,False,False,False,False
aave,AAVE,2022-07-17 00:00:00+00:00,2022-07-17 00:00:00+00:00,2022-07-18 00:00:00+00:00,1428051544.7226975,2022-07-18 00:00:00+00:00,22,False,False,False,False
gno,GNO,2022-07-17 00:00:00+00:00,2022-07-17 00:00:00+00:00,2022-07-18 00:00:00+00:00,1336144933.93456,2022-07-18 00:00:00+00:00,23,False,False,False,False
avaxc,AVAXC,2022-07-17 00:00:00+00:00,2022-07-17 00:00:00+00:00,2022-07-18 00:00:00+00:00,1179867296.17043,2022-07-18 00:00:00+00:00,24,False,False,False,False
lend,LEND,2022-07-17 00:00:00+00:00,2022-07-17 00:00:00+00:00,2022-07-18 00:00:00+00:00,1160291828.0553913,2022-07-18 00:00:00+00:00,25,False,False,False,False
bsv,BSV,2022-07-17 00:00:00+00:00,2022-07-17 00:00:00+00:00,2022-07-18 00:00:00+00:00,1033851211.8870122,2022-07-18 00:00:00+00:00,26,False,False,False,False
1inch,1INCH,2022-07-17 00:00:00+00:00,2022-07-17 00:00:00+00:00,2022-07-18 00:00:00+00:00,976013101.017405,2022-07-18 00:00:00+00:00,27,False,False,False,False
neo,NEO,2022-07-17 00:00:00+00:00,2022-07-17 00:00:00+00:00,2022-07-18 00:00:00+00:00,935837588.930671,2022-07-18 00:00:00+00:00,28,False,False,False,False
mkr,MKR,2022-07-17 00:00:00+00:00,2022-07-17 00:00:00+00:00,2022-07-18 00:00:00+00:00,916616935.9738023,2022-07-18 00:00:00+00:00,29,False,False,False,False
pax,PAX,2022-07-17 00:00:00+00:00,2022-07-17 00:00:00+00:00,2022-07-18 00:00:00+00:00,840991065.08927,2022-07-18 00:00:00+00:00,30,False,False,False,False
btc,BTC,2022-07-24 00:00:00+00:00,2022-07-24 00:00:00+00:00,2022-07-25 00:00:00+00:00,432733026887.7572,2022-07-25 00:00:00+00:00,1,True,True,True,True
eth,ETH,2022-07-24 00:00:00+00:00,2022-07-24 00:00:00+00:00,2022-07-25 00:00:00+00:00,192105061194.78735,2022-07-25 00:00:00+00:00,2,True,True,True,True
xrp,XRP,2022-07-24 00:00:00+00:00,2022-07-24 00:00:00+00:00,2022-07-25 00:00:00+00:00,35950877223.04225,2022-07-25 00:00:00+00:00,3,True,True,False,True
ada,ADA,2022-07-24 00:00:00+00:00,2022-07-24 00:00:00+00:00,2022-07-25 00:00:00+00:00,17269859438.854607,2022-07-25 00:00:00+00:00,4,True,True,False,True
cro,CRO,2022-07-24 00:00:00+00:00,2022-07-24 00:00:00+00:00,2022-07-25 00:00:00+00:00,12902768694.1793,2022-07-25 00:00:00+00:00,5,True,True,False,False
xlm,XLM,2022-07-24 00:00:00+00:00,2022-07-24 00:00:00+00:00,2022-07-25 00:00:00+00:00,11968731098.55785,2022-07-25 00:00:00+00:00,6,True,True,False,False
ftt,FTT,2022-07-24 00:00:00+00:00,2022-07-24 00:00:00+00:00,2022-07-25 00:00:00+00:00,9666690681.403845,2022-07-25 00:00:00+00:00,7,False,True,False,False
doge,DOGE,2022-07-24 00:00:00+00:00,2022-07-24 00:00:00+00:00,2022-07-25 00:00:00+00:00,9174298554.408037,2022-07-25 00:00:00+00:00,8,False,True,False,False
uni,UNI,2022-07-24 00:00:00+00:00,2022-07-24 00:00:00+00:00,2022-07-25 00:00:00+00:00,7217861619.81826,2022-07-25 00:00:00+00:00,9,False,True,False,False
link,LINK,2022-07-24 00:00:00+00:00,2022-07-24 00:00:00+00:00,2022-07-25 00:00:00+00:00,7122427989.06106,2022-07-25 00:00:00+00:00,10,False,True,True,True
ltc,LTC,2022-07-24 00:00:00+00:00,2022-07-24 00:00:00+00:00,2022-07-25 00:00:00+00:00,4143850635.5548296,2022-07-25 00:00:00+00:00,11,False,False,False,True
etc,ETC,2022-07-24 00:00:00+00:00,2022-07-24 00:00:00+00:00,2022-07-25 00:00:00+00:00,3491749364.9134655,2022-07-25 00:00:00+00:00,12,False,False,False,False
algo,ALGO,2022-07-24 00:00:00+00:00,2022-07-24 00:00:00+00:00,2022-07-25 00:00:00+00:00,3420429389.68245,2022-07-25 00:00:00+00:00,13,False,False,False,False
icp,ICP,2022-07-24 00:00:00+00:00,2022-07-24 00:00:00+00:00,2022-07-25 00:00:00+00:00,3214133547.3128614,2022-07-25 00:00:00+00:00,14,False,False,False,False
xmr,XMR,2022-07-24 00:00:00+00:00,2022-07-24 00:00:00+00:00,2022-07-25 00:00:00+00:00,2682369205.893152,2022-07-25 00:00:00+00:00,15,False,False,False,False
bch,BCH,2022-07-24 00:00:00+00:00,2022-07-24 00:00:00+00:00,2022-07-25 00:00:00+00:00,2541671970.264625,2022-07-25 00:00:00+00:00,16,False,False,False,False
crv,CRV,2022-07-24 00:00:00+00:00,2022-07-24 00:00:00+00:00,2022-07-25 00:00:00+00:00,2468781283.8977084,2022-07-25 00:00:00+00:00,17,False,False,False,False
qnt,QNT,2022-07-24 00:00:00+00:00,2022-07-24 00:00:00+00:00,2022-07-25 00:00:00+00:00,2397340240.7865734,2022-07-25 00:00:00+00:00,18,False,False,False,False
ht,HT,2022-07-24 00:00:00+00:00,2022-07-24 00:00:00+00:00,2022-07-25 00:00:00+00:00,2355154091.9266,2022-07-25 00:00:00+00:00,19,False,False,False,False
mana,MANA,2022-07-24 00:00:00+00:00,2022-07-24 00:00:00+00:00,2022-07-25 00:00:00+00:00,2121310793.0243974,2022-07-25 00:00:00+00:00,20,False,False,False,False
ldo,LDO,2022-07-24 00:00:00+00:00,2022-07-24 00:00:00+00:00,2022-07-25 00:00:00+00:00,1660578291.41104,2022-07-25 00:00:00+00:00,21,False,False,False,False
gno,GNO,2022-07-24 00:00:00+00:00,2022-07-24 00:00:00+00:00,2022-07-25 00:00:00+00:00,1546610209.2805,2022-07-25 00:00:00+00:00,22,False,False,False,False
aave,AAVE,2022-07-24 00:00:00+00:00,2022-07-24 00:00:00+00:00,2022-07-25 00:00:00+00:00,1458346622.4777071,2022-07-25 00:00:00+00:00,23,False,False,False,False
avaxc,AVAXC,2022-07-24 00:00:00+00:00,2022-07-24 00:00:00+00:00,2022-07-25 00:00:00+00:00,1362463950.6021364,2022-07-25 00:00:00+00:00,24,False,False,False,False
lend,LEND,2022-07-24 00:00:00+00:00,2022-07-24 00:00:00+00:00,2022-07-25 00:00:00+00:00,1184906577.6275196,2022-07-25 00:00:00+00:00,25,False,False,False,False
bsv,BSV,2022-07-24 00:00:00+00:00,2022-07-24 00:00:00+00:00,2022-07-25 00:00:00+00:00,1115217473.7380836,2022-07-25 00:00:00+00:00,26,False,False,False,False
neo,NEO,2022-07-24 00:00:00+00:00,2022-07-24 00:00:00+00:00,2022-07-25 00:00:00+00:00,1032697799.92971,2022-07-25 00:00:00+00:00,27,False,False,False,False
1inch,1INCH,2022-07-24 00:00:00+00:00,2022-07-24 00:00:00+00:00,2022-07-25 00:00:00+00:00,1016593549.3473794,2022-07-25 00:00:00+00:00,28,False,False,False,False
snx,SNX,2022-07-24 00:00:00+00:00,2022-07-24 00:00:00+00:00,2022-07-25 00:00:00+00:00,984895348.3006135,2022-07-25 00:00:00+00:00,29,False,False,False,False
mkr,MKR,2022-07-24 00:00:00+00:00,2022-07-24 00:00:00+00:00,2022-07-25 00:00:00+00:00,967401458.860383,2022-07-25 00:00:00+00:00,30,False,False,False,False
btc,BTC,2022-07-31 00:00:00+00:00,2022-07-31 00:00:00+00:00,2022-08-01 00:00:00+00:00,446309554827.0595,2022-08-01 00:00:00+00:00,1,True,True,True,True
eth,ETH,2022-07-31 00:00:00+00:00,2022-07-31 00:00:00+00:00,2022-08-01 00:00:00+00:00,201774947426.4712,2022-08-01 00:00:00+00:00,2,True,True,True,True
xrp,XRP,2022-07-31 00:00:00+00:00,2022-07-31 00:00:00+00:00,2022-08-01 00:00:00+00:00,38032082422.39653,2022-08-01 00:00:00+00:00,3,True,True,False,True
ada,ADA,2022-07-31 00:00:00+00:00,2022-07-31 00:00:00+00:00,2022-08-01 00:00:00+00:00,17324891699.87219,2022-08-01 00:00:00+00:00,4,True,True,False,True
cro,CRO,2022-07-31 00:00:00+00:00,2022-07-31 00:00:00+00:00,2022-08-01 00:00:00+00:00,13712383851.4049,2022-08-01 00:00:00+00:00,5,True,True,False,False
xlm,XLM,2022-07-31 00:00:00+00:00,2022-07-31 00:00:00+00:00,2022-08-01 00:00:00+00:00,12384785499.418377,2022-08-01 00:00:00+00:00,6,True,True,False,False
ftt,FTT,2022-07-31 00:00:00+00:00,2022-07-31 00:00:00+00:00,2022-08-01 00:00:00+00:00,10062539973.715527,2022-08-01 00:00:00+00:00,7,False,True,False,False
doge,DOGE,2022-07-31 00:00:00+00:00,2022-07-31 00:00:00+00:00,2022-08-01 00:00:00+00:00,9242853050.721598,2022-08-01 00:00:00+00:00,8,False,True,False,False
uni,UNI,2022-07-31 00:00:00+00:00,2022-07-31 00:00:00+00:00,2022-08-01 00:00:00+00:00,8389076780.85305,2022-08-01 00:00:00+00:00,9,False,True,False,False
link,LINK,2022-07-31 00:00:00+00:00,2022-07-31 00:00:00+00:00,2022-08-01 00:00:00+00:00,7658222657.03498,2022-08-01 00:00:00+00:00,10,False,True,True,True
etc,ETC,2022-07-31 00:00:00+00:00,2022-07-31 00:00:00+00:00,2022-08-01 00:00:00+00:00,5006594509.023066,2022-08-01 00:00:00+00:00,11,False,False,False,False
icp,ICP,2022-07-31 00:00:00+00:00,2022-07-31 00:00:00+00:00,2022-08-01 00:00:00+00:00,4391956088.97946,2022-08-01 00:00:00+00:00,12,False,False,False,False
ltc,LTC,2022-07-31 00:00:00+00:00,2022-07-31 00:00:00+00:00,2022-08-01 00:00:00+00:00,4246310511.0130124,2022-08-01 00:00:00+00:00,13,False,False,False,True
algo,ALGO,2022-07-31 00:00:00+00:00,2022-07-31 00:00:00+00:00,2022-08-01 00:00:00+00:00,3353205562.83709,2022-08-01 00:00:00+00:00,14,False,False,False,False
xmr,XMR,2022-07-31 00:00:00+00:00,2022-07-31 00:00:00+00:00,2022-08-01 00:00:00+00:00,2734510707.138912,2022-08-01 00:00:00+00:00,15,False,False,False,False
bch,BCH,2022-07-31 00:00:00+00:00,2022-07-31 00:00:00+00:00,2022-08-01 00:00:00+00:00,2677536384.099889,2022-08-01 00:00:00+00:00,16,False,False,False,False
qnt,QNT,2022-07-31 00:00:00+00:00,2022-07-31 00:00:00+00:00,2022-08-01 00:00:00+00:00,2513086255.8700886,2022-08-01 00:00:00+00:00,17,False,False,False,False
crv,CRV,2022-07-31 00:00:00+00:00,2022-07-31 00:00:00+00:00,2022-08-01 00:00:00+00:00,2367927659.2570343,2022-08-01 00:00:00+00:00,18,False,False,False,False
ht,HT,2022-07-31 00:00:00+00:00,2022-07-31 00:00:00+00:00,2022-08-01 00:00:00+00:00,2254718842.641455,2022-08-01 00:00:00+00:00,19,False,False,False,False
ldo,LDO,2022-07-31 00:00:00+00:00,2022-07-31 00:00:00+00:00,2022-08-01 00:00:00+00:00,2167894975.14632,2022-08-01 00:00:00+00:00,20,False,False,False,False
mana,MANA,2022-07-31 00:00:00+00:00,2022-07-31 00:00:00+00:00,2022-08-01 00:00:00+00:00,2143113150.3469353,2022-08-01 00:00:00+00:00,21,False,False,False,False
gno,GNO,2022-07-31 00:00:00+00:00,2022-07-31 00:00:00+00:00,2022-08-01 00:00:00+00:00,1607087432.42702,2022-08-01 00:00:00+00:00,22,False,False,False,False
aave,AAVE,2022-07-31 00:00:00+00:00,2022-07-31 00:00:00+00:00,2022-08-01 00:00:00+00:00,1572486186.3941505,2022-08-01 00:00:00+00:00,23,False,False,False,False
avaxc,AVAXC,2022-07-31 00:00:00+00:00,2022-07-31 00:00:00+00:00,2022-08-01 00:00:00+00:00,1352254699.1735885,2022-08-01 00:00:00+00:00,24,False,False,False,False
lend,LEND,2022-07-31 00:00:00+00:00,2022-07-31 00:00:00+00:00,2022-08-01 00:00:00+00:00,1277644969.1508954,2022-08-01 00:00:00+00:00,25,False,False,False,False
bsv,BSV,2022-07-31 00:00:00+00:00,2022-07-31 00:00:00+00:00,2022-08-01 00:00:00+00:00,1170746877.5693994,2022-08-01 00:00:00+00:00,26,False,False,False,False
1inch,1INCH,2022-07-31 00:00:00+00:00,2022-07-31 00:00:00+00:00,2022-08-01 00:00:00+00:00,1143257597.630346,2022-08-01 00:00:00+00:00,27,False,False,False,False
neo,NEO,2022-07-31 00:00:00+00:00,2022-07-31 00:00:00+00:00,2022-08-01 00:00:00+00:00,1099441363.23944,2022-08-01 00:00:00+00:00,28,False,False,False,False
mkr,MKR,2022-07-31 00:00:00+00:00,2022-07-31 00:00:00+00:00,2022-08-01 00:00:00+00:00,1076063717.9570258,2022-08-01 00:00:00+00:00,29,False,False,False,False
snx,SNX,2022-07-31 00:00:00+00:00,2022-07-31 00:00:00+00:00,2022-08-01 00:00:00+00:00,1025832000.8211156,2022-08-01 00:00:00+00:00,30,False,False,False,False
btc,BTC,2022-08-07 00:00:00+00:00,2022-08-07 00:00:00+00:00,2022-08-08 00:00:00+00:00,442589959621.64594,2022-08-08 00:00:00+00:00,1,True,True,True,True
eth,ETH,2022-08-07 00:00:00+00:00,2022-08-07 00:00:00+00:00,2022-08-08 00:00:00+00:00,203715229635.36835,2022-08-08 00:00:00+00:00,2,True,True,True,True
xrp,XRP,2022-08-07 00:00:00+00:00,2022-08-07 00:00:00+00:00,2022-08-08 00:00:00+00:00,37197913332.61844,2022-08-08 00:00:00+00:00,3,True,True,False,True
ada,ADA,2022-08-07 00:00:00+00:00,2022-08-07 00:00:00+00:00,2022-08-08 00:00:00+00:00,17681805371.85804,2022-08-08 00:00:00+00:00,4,True,True,False,True
cro,CRO,2022-08-07 00:00:00+00:00,2022-08-07 00:00:00+00:00,2022-08-08 00:00:00+00:00,14657198484.0207,2022-08-08 00:00:00+00:00,5,True,True,False,False
xlm,XLM,2022-08-07 00:00:00+00:00,2022-08-07 00:00:00+00:00,2022-08-08 00:00:00+00:00,13010100388.949047,2022-08-08 00:00:00+00:00,6,True,True,False,False
ftt,FTT,2022-08-07 00:00:00+00:00,2022-08-07 00:00:00+00:00,2022-08-08 00:00:00+00:00,10129222041.309036,2022-08-08 00:00:00+00:00,7,False,True,False,False
doge,DOGE,2022-08-07 00:00:00+00:00,2022-08-07 00:00:00+00:00,2022-08-08 00:00:00+00:00,9337359119.945065,2022-08-08 00:00:00+00:00,8,False,True,False,False
uni,UNI,2022-08-07 00:00:00+00:00,2022-08-07 00:00:00+00:00,2022-08-08 00:00:00+00:00,8783047350.29917,2022-08-08 00:00:00+00:00,9,False,True,False,False
link,LINK,2022-08-07 00:00:00+00:00,2022-08-07 00:00:00+00:00,2022-08-08 00:00:00+00:00,8283922904.47195,2022-08-08 00:00:00+00:00,10,False,True,True,True
etc,ETC,2022-08-07 00:00:00+00:00,2022-08-07 00:00:00+00:00,2022-08-08 00:00:00+00:00,5146495602.731496,2022-08-08 00:00:00+00:00,11,False,False,False,False
ltc,LTC,2022-08-07 00:00:00+00:00,2022-08-07 00:00:00+00:00,2022-08-08 00:00:00+00:00,4327896179.4747715,2022-08-08 00:00:00+00:00,12,False,False,False,True
icp,ICP,2022-08-07 00:00:00+00:00,2022-08-07 00:00:00+00:00,2022-08-08 00:00:00+00:00,4001383998.041697,2022-08-08 00:00:00+00:00,13,False,False,False,False
algo,ALGO,2022-08-07 00:00:00+00:00,2022-08-07 00:00:00+00:00,2022-08-08 00:00:00+00:00,3554116067.54076,2022-08-08 00:00:00+00:00,14,False,False,False,False
qnt,QNT,2022-08-07 00:00:00+00:00,2022-08-07 00:00:00+00:00,2022-08-08 00:00:00+00:00,3074236119.5008144,2022-08-08 00:00:00+00:00,15,False,False,False,False
xmr,XMR,2022-08-07 00:00:00+00:00,2022-08-07 00:00:00+00:00,2022-08-08 00:00:00+00:00,2917647445.5520988,2022-08-08 00:00:00+00:00,16,False,False,False,False
bch,BCH,2022-08-07 00:00:00+00:00,2022-08-07 00:00:00+00:00,2022-08-08 00:00:00+00:00,2700338551.8245454,2022-08-08 00:00:00+00:00,17,False,False,False,False
crv,CRV,2022-08-07 00:00:00+00:00,2022-08-07 00:00:00+00:00,2022-08-08 00:00:00+00:00,2516075253.6983376,2022-08-08 00:00:00+00:00,18,False,False,False,False
ldo,LDO,2022-08-07 00:00:00+00:00,2022-08-07 00:00:00+00:00,2022-08-08 00:00:00+00:00,2457069159.34285,2022-08-08 00:00:00+00:00,19,False,False,False,False
mana,MANA,2022-08-07 00:00:00+00:00,2022-08-07 00:00:00+00:00,2022-08-08 00:00:00+00:00,2320991893.3004866,2022-08-08 00:00:00+00:00,20,False,False,False,False
ht,HT,2022-08-07 00:00:00+00:00,2022-08-07 00:00:00+00:00,2022-08-08 00:00:00+00:00,2189571254.830215,2022-08-08 00:00:00+00:00,21,False,False,False,False
gno,GNO,2022-08-07 00:00:00+00:00,2022-08-07 00:00:00+00:00,2022-08-08 00:00:00+00:00,1633164058.32517,2022-08-08 00:00:00+00:00,22,False,False,False,False
aave,AAVE,2022-08-07 00:00:00+00:00,2022-08-07 00:00:00+00:00,2022-08-08 00:00:00+00:00,1619616996.72024,2022-08-08 00:00:00+00:00,23,False,False,False,False
avaxc,AVAXC,2022-08-07 00:00:00+00:00,2022-08-07 00:00:00+00:00,2022-08-08 00:00:00+00:00,1558800807.5723343,2022-08-08 00:00:00+00:00,24,False,False,False,False
lend,LEND,2022-08-07 00:00:00+00:00,2022-08-07 00:00:00+00:00,2022-08-08 00:00:00+00:00,1315938750.8236077,2022-08-08 00:00:00+00:00,25,False,False,False,False
1inch,1INCH,2022-08-07 00:00:00+00:00,2022-08-07 00:00:00+00:00,2022-08-08 00:00:00+00:00,1208617485.5404816,2022-08-08 00:00:00+00:00,26,False,False,False,False
bsv,BSV,2022-08-07 00:00:00+00:00,2022-08-07 00:00:00+00:00,2022-08-08 00:00:00+00:00,1185076226.3753004,2022-08-08 00:00:00+00:00,27,False,False,False,False
snx,SNX,2022-08-07 00:00:00+00:00,2022-08-07 00:00:00+00:00,2022-08-08 00:00:00+00:00,1180765277.6474993,2022-08-08 00:00:00+00:00,28,False,False,False,False
neo,NEO,2022-08-07 00:00:00+00:00,2022-08-07 00:00:00+00:00,2022-08-08 00:00:00+00:00,1145438540.9542,2022-08-08 00:00:00+00:00,29,False,False,False,False
mkr,MKR,2022-08-07 00:00:00+00:00,2022-08-07 00:00:00+00:00,2022-08-08 00:00:00+00:00,1100145183.0934563,2022-08-08 00:00:00+00:00,30,False,False,False,False
btc,BTC,2022-08-14 00:00:00+00:00,2022-08-14 00:00:00+00:00,2022-08-15 00:00:00+00:00,464926257245.774,2022-08-15 00:00:00+00:00,1,True,True,True,True
eth,ETH,2022-08-14 00:00:00+00:00,2022-08-14 00:00:00+00:00,2022-08-15 00:00:00+00:00,232561677400.71896,2022-08-15 00:00:00+00:00,2,True,True,True,True
xrp,XRP,2022-08-14 00:00:00+00:00,2022-08-14 00:00:00+00:00,2022-08-15 00:00:00+00:00,37619251872.58929,2022-08-15 00:00:00+00:00,3,True,True,False,True
ada,ADA,2022-08-14 00:00:00+00:00,2022-08-14 00:00:00+00:00,2022-08-15 00:00:00+00:00,19150161621.61179,2022-08-15 00:00:00+00:00,4,True,True,False,True
cro,CRO,2022-08-14 00:00:00+00:00,2022-08-14 00:00:00+00:00,2022-08-15 00:00:00+00:00,15228043786.7498,2022-08-15 00:00:00+00:00,5,True,True,False,False
xlm,XLM,2022-08-14 00:00:00+00:00,2022-08-14 00:00:00+00:00,2022-08-15 00:00:00+00:00,13234297973.668089,2022-08-15 00:00:00+00:00,6,True,True,False,False
doge,DOGE,2022-08-14 00:00:00+00:00,2022-08-14 00:00:00+00:00,2022-08-15 00:00:00+00:00,11097369615.010084,2022-08-15 00:00:00+00:00,7,False,True,False,False
ftt,FTT,2022-08-14 00:00:00+00:00,2022-08-14 00:00:00+00:00,2022-08-15 00:00:00+00:00,10198707568.22288,2022-08-15 00:00:00+00:00,8,False,True,False,False
uni,UNI,2022-08-14 00:00:00+00:00,2022-08-14 00:00:00+00:00,2022-08-15 00:00:00+00:00,8878168714.15327,2022-08-15 00:00:00+00:00,9,False,True,False,False
link,LINK,2022-08-14 00:00:00+00:00,2022-08-14 00:00:00+00:00,2022-08-15 00:00:00+00:00,8767266292.37357,2022-08-15 00:00:00+00:00,10,False,True,True,True
etc,ETC,2022-08-14 00:00:00+00:00,2022-08-14 00:00:00+00:00,2022-08-15 00:00:00+00:00,5674979470.176499,2022-08-15 00:00:00+00:00,11,False,False,False,False
ltc,LTC,2022-08-14 00:00:00+00:00,2022-08-14 00:00:00+00:00,2022-08-15 00:00:00+00:00,4489838752.155217,2022-08-15 00:00:00+00:00,12,False,False,False,True
icp,ICP,2022-08-14 00:00:00+00:00,2022-08-14 00:00:00+00:00,2022-08-15 00:00:00+00:00,3908308447.37493,2022-08-15 00:00:00+00:00,13,False,False,False,False
algo,ALGO,2022-08-14 00:00:00+00:00,2022-08-14 00:00:00+00:00,2022-08-15 00:00:00+00:00,3642880011.58666,2022-08-15 00:00:00+00:00,14,False,False,False,False
xmr,XMR,2022-08-14 00:00:00+00:00,2022-08-14 00:00:00+00:00,2022-08-15 00:00:00+00:00,2932901047.834023,2022-08-15 00:00:00+00:00,15,False,False,False,False
qnt,QNT,2022-08-14 00:00:00+00:00,2022-08-14 00:00:00+00:00,2022-08-15 00:00:00+00:00,2885499466.853339,2022-08-15 00:00:00+00:00,16,False,False,False,False
ht,HT,2022-08-14 00:00:00+00:00,2022-08-14 00:00:00+00:00,2022-08-15 00:00:00+00:00,2687804609.787635,2022-08-15 00:00:00+00:00,17,False,False,False,False
ldo,LDO,2022-08-14 00:00:00+00:00,2022-08-14 00:00:00+00:00,2022-08-15 00:00:00+00:00,2676082843.55831,2022-08-15 00:00:00+00:00,18,False,False,False,False
bch,BCH,2022-08-14 00:00:00+00:00,2022-08-14 00:00:00+00:00,2022-08-15 00:00:00+00:00,2668988168.1360946,2022-08-15 00:00:00+00:00,19,False,False,False,False
crv,CRV,2022-08-14 00:00:00+00:00,2022-08-14 00:00:00+00:00,2022-08-15 00:00:00+00:00,2507214827.1783643,2022-08-15 00:00:00+00:00,20,False,False,False,False
mana,MANA,2022-08-14 00:00:00+00:00,2022-08-14 00:00:00+00:00,2022-08-15 00:00:00+00:00,2352828554.328273,2022-08-15 00:00:00+00:00,21,False,False,False,False
gno,GNO,2022-08-14 00:00:00+00:00,2022-08-14 00:00:00+00:00,2022-08-15 00:00:00+00:00,1850429696.3371,2022-08-15 00:00:00+00:00,22,False,False,False,False
aave,AAVE,2022-08-14 00:00:00+00:00,2022-08-14 00:00:00+00:00,2022-08-15 00:00:00+00:00,1720612768.7256,2022-08-15 00:00:00+00:00,23,False,False,False,False
avaxc,AVAXC,2022-08-14 00:00:00+00:00,2022-08-14 00:00:00+00:00,2022-08-15 00:00:00+00:00,1572070590.0638723,2022-08-15 00:00:00+00:00,24,False,False,False,False
lend,LEND,2022-08-14 00:00:00+00:00,2022-08-14 00:00:00+00:00,2022-08-15 00:00:00+00:00,1397997811.8981292,2022-08-15 00:00:00+00:00,25,False,False,False,False
1inch,1INCH,2022-08-14 00:00:00+00:00,2022-08-14 00:00:00+00:00,2022-08-15 00:00:00+00:00,1261180779.112956,2022-08-15 00:00:00+00:00,26,False,False,False,False
bsv,BSV,2022-08-14 00:00:00+00:00,2022-08-14 00:00:00+00:00,2022-08-15 00:00:00+00:00,1196667000.212984,2022-08-15 00:00:00+00:00,27,False,False,False,False
neo,NEO,2022-08-14 00:00:00+00:00,2022-08-14 00:00:00+00:00,2022-08-15 00:00:00+00:00,1154174401.50193,2022-08-15 00:00:00+00:00,28,False,False,False,False
snx,SNX,2022-08-14 00:00:00+00:00,2022-08-14 00:00:00+00:00,2022-08-15 00:00:00+00:00,1113684524.4971046,2022-08-15 00:00:00+00:00,29,False,False,False,False
mkr,MKR,2022-08-14 00:00:00+00:00,2022-08-14 00:00:00+00:00,2022-08-15 00:00:00+00:00,1001323001.4987994,2022-08-15 00:00:00+00:00,30,False,False,False,False
btc,BTC,2022-08-21 00:00:00+00:00,2022-08-21 00:00:00+00:00,2022-08-22 00:00:00+00:00,412286690747.79285,2022-08-22 00:00:00+00:00,1,True,True,True,True
eth,ETH,2022-08-21 00:00:00+00:00,2022-08-21 00:00:00+00:00,2022-08-22 00:00:00+00:00,194896881364.62033,2022-08-22 00:00:00+00:00,2,True,True,True,True
xrp,XRP,2022-08-21 00:00:00+00:00,2022-08-21 00:00:00+00:00,2022-08-22 00:00:00+00:00,34534135764.658585,2022-08-22 00:00:00+00:00,3,True,True,False,True
ada,ADA,2022-08-21 00:00:00+00:00,2022-08-21 00:00:00+00:00,2022-08-22 00:00:00+00:00,15545229211.880974,2022-08-22 00:00:00+00:00,4,True,True,False,True
cro,CRO,2022-08-21 00:00:00+00:00,2022-08-21 00:00:00+00:00,2022-08-22 00:00:00+00:00,12800766470.2716,2022-08-22 00:00:00+00:00,5,True,True,False,False
xlm,XLM,2022-08-21 00:00:00+00:00,2022-08-21 00:00:00+00:00,2022-08-22 00:00:00+00:00,11720892378.203629,2022-08-22 00:00:00+00:00,6,True,True,False,False
doge,DOGE,2022-08-21 00:00:00+00:00,2022-08-21 00:00:00+00:00,2022-08-22 00:00:00+00:00,9429859536.45463,2022-08-22 00:00:00+00:00,7,False,True,False,False
ftt,FTT,2022-08-21 00:00:00+00:00,2022-08-21 00:00:00+00:00,2022-08-22 00:00:00+00:00,9171392453.881794,2022-08-22 00:00:00+00:00,8,False,True,False,False
uni,UNI,2022-08-21 00:00:00+00:00,2022-08-21 00:00:00+00:00,2022-08-22 00:00:00+00:00,7235983518.8645,2022-08-22 00:00:00+00:00,9,False,True,False,False
link,LINK,2022-08-21 00:00:00+00:00,2022-08-21 00:00:00+00:00,2022-08-22 00:00:00+00:00,7096342949.92884,2022-08-22 00:00:00+00:00,10,False,True,True,True
etc,ETC,2022-08-21 00:00:00+00:00,2022-08-21 00:00:00+00:00,2022-08-22 00:00:00+00:00,4602350000.3341465,2022-08-22 00:00:00+00:00,11,False,False,False,False
ltc,LTC,2022-08-21 00:00:00+00:00,2022-08-21 00:00:00+00:00,2022-08-22 00:00:00+00:00,3942571009.988233,2022-08-22 00:00:00+00:00,12,False,False,False,True
icp,ICP,2022-08-21 00:00:00+00:00,2022-08-21 00:00:00+00:00,2022-08-22 00:00:00+00:00,3163870615.592594,2022-08-22 00:00:00+00:00,13,False,False,False,False
algo,ALGO,2022-08-21 00:00:00+00:00,2022-08-21 00:00:00+00:00,2022-08-22 00:00:00+00:00,3070090733.39695,2022-08-22 00:00:00+00:00,14,False,False,False,False
xmr,XMR,2022-08-21 00:00:00+00:00,2022-08-21 00:00:00+00:00,2022-08-22 00:00:00+00:00,2735214145.8823566,2022-08-22 00:00:00+00:00,15,False,False,False,False
qnt,QNT,2022-08-21 00:00:00+00:00,2022-08-21 00:00:00+00:00,2022-08-22 00:00:00+00:00,2711924127.100966,2022-08-22 00:00:00+00:00,16,False,False,False,False
bch,BCH,2022-08-21 00:00:00+00:00,2022-08-21 00:00:00+00:00,2022-08-22 00:00:00+00:00,2289909411.127338,2022-08-22 00:00:00+00:00,17,False,False,False,False
ht,HT,2022-08-21 00:00:00+00:00,2022-08-21 00:00:00+00:00,2022-08-22 00:00:00+00:00,2219499746.506855,2022-08-22 00:00:00+00:00,18,False,False,False,False
ldo,LDO,2022-08-21 00:00:00+00:00,2022-08-21 00:00:00+00:00,2022-08-22 00:00:00+00:00,2179655975.91907,2022-08-22 00:00:00+00:00,19,False,False,False,False
mana,MANA,2022-08-21 00:00:00+00:00,2022-08-21 00:00:00+00:00,2022-08-22 00:00:00+00:00,1873864710.8606217,2022-08-22 00:00:00+00:00,20,False,False,False,False
crv,CRV,2022-08-21 00:00:00+00:00,2022-08-21 00:00:00+00:00,2022-08-22 00:00:00+00:00,1862229342.5676045,2022-08-22 00:00:00+00:00,21,False,False,False,False
gno,GNO,2022-08-21 00:00:00+00:00,2022-08-21 00:00:00+00:00,2022-08-22 00:00:00+00:00,1673653420.30675,2022-08-22 00:00:00+00:00,22,False,False,False,False
aave,AAVE,2022-08-21 00:00:00+00:00,2022-08-21 00:00:00+00:00,2022-08-22 00:00:00+00:00,1379481020.7132192,2022-08-22 00:00:00+00:00,23,False,False,False,False
avaxc,AVAXC,2022-08-21 00:00:00+00:00,2022-08-21 00:00:00+00:00,2022-08-22 00:00:00+00:00,1282461673.944151,2022-08-22 00:00:00+00:00,24,False,False,False,False
lend,LEND,2022-08-21 00:00:00+00:00,2022-08-21 00:00:00+00:00,2022-08-22 00:00:00+00:00,1120828279.0673823,2022-08-22 00:00:00+00:00,25,False,False,False,False
1inch,1INCH,2022-08-21 00:00:00+00:00,2022-08-21 00:00:00+00:00,2022-08-22 00:00:00+00:00,1053536080.034388,2022-08-22 00:00:00+00:00,26,False,False,False,False
bsv,BSV,2022-08-21 00:00:00+00:00,2022-08-21 00:00:00+00:00,2022-08-22 00:00:00+00:00,1051681867.5409538,2022-08-22 00:00:00+00:00,27,False,False,False,False
neo,NEO,2022-08-21 00:00:00+00:00,2022-08-21 00:00:00+00:00,2022-08-22 00:00:00+00:00,990041617.850563,2022-08-22 00:00:00+00:00,28,False,False,False,False
snx,SNX,2022-08-21 00:00:00+00:00,2022-08-21 00:00:00+00:00,2022-08-22 00:00:00+00:00,898086504.8840086,2022-08-22 00:00:00+00:00,29,False,False,False,False
pax,PAX,2022-08-21 00:00:00+00:00,2022-08-21 00:00:00+00:00,2022-08-22 00:00:00+00:00,845918116.396812,2022-08-22 00:00:00+00:00,30,False,False,False,False
btc,BTC,2022-08-28 00:00:00+00:00,2022-08-28 00:00:00+00:00,2022-08-29 00:00:00+00:00,376452934262.3444,2022-08-29 00:00:00+00:00,1,True,True,True,True
eth,ETH,2022-08-28 00:00:00+00:00,2022-08-28 00:00:00+00:00,2022-08-29 00:00:00+00:00,173336690866.07443,2022-08-29 00:00:00+00:00,2,True,True,True,True
xrp,XRP,2022-08-28 00:00:00+00:00,2022-08-28 00:00:00+00:00,2022-08-29 00:00:00+00:00,32473381834.232094,2022-08-29 00:00:00+00:00,3,True,True,False,True
ada,ADA,2022-08-28 00:00:00+00:00,2022-08-28 00:00:00+00:00,2022-08-29 00:00:00+00:00,14458897045.593987,2022-08-29 00:00:00+00:00,4,True,True,False,True
cro,CRO,2022-08-28 00:00:00+00:00,2022-08-28 00:00:00+00:00,2022-08-29 00:00:00+00:00,11858528944.5976,2022-08-29 00:00:00+00:00,5,True,True,False,False
xlm,XLM,2022-08-28 00:00:00+00:00,2022-08-28 00:00:00+00:00,2022-08-29 00:00:00+00:00,10892870705.671366,2022-08-29 00:00:00+00:00,6,True,True,False,False
doge,DOGE,2022-08-28 00:00:00+00:00,2022-08-28 00:00:00+00:00,2022-08-29 00:00:00+00:00,8433640737.90692,2022-08-29 00:00:00+00:00,7,False,True,False,False
ftt,FTT,2022-08-28 00:00:00+00:00,2022-08-28 00:00:00+00:00,2022-08-29 00:00:00+00:00,8387970759.247111,2022-08-29 00:00:00+00:00,8,False,True,False,False
link,LINK,2022-08-28 00:00:00+00:00,2022-08-28 00:00:00+00:00,2022-08-29 00:00:00+00:00,6298348289.02726,2022-08-29 00:00:00+00:00,9,False,True,True,True
uni,UNI,2022-08-28 00:00:00+00:00,2022-08-28 00:00:00+00:00,2022-08-29 00:00:00+00:00,5772208250.97011,2022-08-29 00:00:00+00:00,10,False,True,False,False
etc,ETC,2022-08-28 00:00:00+00:00,2022-08-28 00:00:00+00:00,2022-08-29 00:00:00+00:00,4253025034.106976,2022-08-29 00:00:00+00:00,11,False,False,False,False
ltc,LTC,2022-08-28 00:00:00+00:00,2022-08-28 00:00:00+00:00,2022-08-29 00:00:00+00:00,3833180734.406138,2022-08-29 00:00:00+00:00,12,False,False,False,True
icp,ICP,2022-08-28 00:00:00+00:00,2022-08-28 00:00:00+00:00,2022-08-29 00:00:00+00:00,3078851853.8016496,2022-08-29 00:00:00+00:00,13,False,False,False,False
algo,ALGO,2022-08-28 00:00:00+00:00,2022-08-28 00:00:00+00:00,2022-08-29 00:00:00+00:00,2838219032.53588,2022-08-29 00:00:00+00:00,14,False,False,False,False
xmr,XMR,2022-08-28 00:00:00+00:00,2022-08-28 00:00:00+00:00,2022-08-29 00:00:00+00:00,2598664418.4864845,2022-08-29 00:00:00+00:00,15,False,False,False,False
ht,HT,2022-08-28 00:00:00+00:00,2022-08-28 00:00:00+00:00,2022-08-29 00:00:00+00:00,2398164368.92711,2022-08-29 00:00:00+00:00,16,False,False,False,False
qnt,QNT,2022-08-28 00:00:00+00:00,2022-08-28 00:00:00+00:00,2022-08-29 00:00:00+00:00,2290993969.249749,2022-08-29 00:00:00+00:00,17,False,False,False,False
bch,BCH,2022-08-28 00:00:00+00:00,2022-08-28 00:00:00+00:00,2022-08-29 00:00:00+00:00,2190243039.2644863,2022-08-29 00:00:00+00:00,18,False,False,False,False
crv,CRV,2022-08-28 00:00:00+00:00,2022-08-28 00:00:00+00:00,2022-08-29 00:00:00+00:00,1808791889.629134,2022-08-29 00:00:00+00:00,19,False,False,False,False
mana,MANA,2022-08-28 00:00:00+00:00,2022-08-28 00:00:00+00:00,2022-08-29 00:00:00+00:00,1652107325.277771,2022-08-29 00:00:00+00:00,20,False,False,False,False
ldo,LDO,2022-08-28 00:00:00+00:00,2022-08-28 00:00:00+00:00,2022-08-29 00:00:00+00:00,1605677225.6439,2022-08-29 00:00:00+00:00,21,False,False,False,False
gno,GNO,2022-08-28 00:00:00+00:00,2022-08-28 00:00:00+00:00,2022-08-29 00:00:00+00:00,1483799579.16724,2022-08-29 00:00:00+00:00,22,False,False,False,False
aave,AAVE,2022-08-28 00:00:00+00:00,2022-08-28 00:00:00+00:00,2022-08-29 00:00:00+00:00,1267260098.4818256,2022-08-29 00:00:00+00:00,23,False,False,False,False
lend,LEND,2022-08-28 00:00:00+00:00,2022-08-28 00:00:00+00:00,2022-08-29 00:00:00+00:00,1029648783.8432027,2022-08-29 00:00:00+00:00,24,False,False,False,False
avaxc,AVAXC,2022-08-28 00:00:00+00:00,2022-08-28 00:00:00+00:00,2022-08-29 00:00:00+00:00,1020172743.8594335,2022-08-29 00:00:00+00:00,25,False,False,False,False
bsv,BSV,2022-08-28 00:00:00+00:00,2022-08-28 00:00:00+00:00,2022-08-29 00:00:00+00:00,1000707529.6992016,2022-08-29 00:00:00+00:00,26,False,False,False,False
pax,PAX,2022-08-28 00:00:00+00:00,2022-08-28 00:00:00+00:00,2022-08-29 00:00:00+00:00,959084946.8039187,2022-08-29 00:00:00+00:00,27,False,False,False,False
1inch,1INCH,2022-08-28 00:00:00+00:00,2022-08-28 00:00:00+00:00,2022-08-29 00:00:00+00:00,955495023.0870495,2022-08-29 00:00:00+00:00,28,False,False,False,False
neo,NEO,2022-08-28 00:00:00+00:00,2022-08-28 00:00:00+00:00,2022-08-29 00:00:00+00:00,894999223.80556,2022-08-29 00:00:00+00:00,29,False,False,False,False
snx,SNX,2022-08-28 00:00:00+00:00,2022-08-28 00:00:00+00:00,2022-08-29 00:00:00+00:00,882643891.7125658,2022-08-29 00:00:00+00:00,30,False,False,False,False
btc,BTC,2022-09-04 00:00:00+00:00,2022-09-04 00:00:00+00:00,2022-09-05 00:00:00+00:00,382101528755.6661,2022-09-05 00:00:00+00:00,1,True,True,True,True
eth,ETH,2022-09-04 00:00:00+00:00,2022-09-04 00:00:00+00:00,2022-09-05 00:00:00+00:00,189737797183.52692,2022-09-05 00:00:00+00:00,2,True,True,True,True
xrp,XRP,2022-09-04 00:00:00+00:00,2022-09-04 00:00:00+00:00,2022-09-05 00:00:00+00:00,33127177884.7468,2022-09-05 00:00:00+00:00,3,True,True,False,True
ada,ADA,2022-09-04 00:00:00+00:00,2022-09-04 00:00:00+00:00,2022-09-05 00:00:00+00:00,16824325491.578222,2022-09-05 00:00:00+00:00,4,True,True,False,True
cro,CRO,2022-09-04 00:00:00+00:00,2022-09-04 00:00:00+00:00,2022-09-05 00:00:00+00:00,12013101764.6464,2022-09-05 00:00:00+00:00,5,True,True,False,False
xlm,XLM,2022-09-04 00:00:00+00:00,2022-09-04 00:00:00+00:00,2022-09-05 00:00:00+00:00,11201595962.204037,2022-09-05 00:00:00+00:00,6,True,True,False,False
ftt,FTT,2022-09-04 00:00:00+00:00,2022-09-04 00:00:00+00:00,2022-09-05 00:00:00+00:00,8698386821.9731,2022-09-05 00:00:00+00:00,7,False,True,False,False
doge,DOGE,2022-09-04 00:00:00+00:00,2022-09-04 00:00:00+00:00,2022-09-05 00:00:00+00:00,8579308134.904826,2022-09-05 00:00:00+00:00,8,False,True,False,False
link,LINK,2022-09-04 00:00:00+00:00,2022-09-04 00:00:00+00:00,2022-09-05 00:00:00+00:00,7133499158.9789,2022-09-05 00:00:00+00:00,9,False,True,True,True
uni,UNI,2022-09-04 00:00:00+00:00,2022-09-04 00:00:00+00:00,2022-09-05 00:00:00+00:00,6454200245.73487,2022-09-05 00:00:00+00:00,10,False,True,False,False
etc,ETC,2022-09-04 00:00:00+00:00,2022-09-04 00:00:00+00:00,2022-09-05 00:00:00+00:00,4436096513.849051,2022-09-05 00:00:00+00:00,11,False,False,False,False
ltc,LTC,2022-09-04 00:00:00+00:00,2022-09-04 00:00:00+00:00,2022-09-05 00:00:00+00:00,4320310928.764982,2022-09-05 00:00:00+00:00,12,False,False,False,True
icp,ICP,2022-09-04 00:00:00+00:00,2022-09-04 00:00:00+00:00,2022-09-05 00:00:00+00:00,3266763611.9333525,2022-09-05 00:00:00+00:00,13,False,False,False,False
algo,ALGO,2022-09-04 00:00:00+00:00,2022-09-04 00:00:00+00:00,2022-09-05 00:00:00+00:00,3118765125.66559,2022-09-05 00:00:00+00:00,14,False,False,False,False
xmr,XMR,2022-09-04 00:00:00+00:00,2022-09-04 00:00:00+00:00,2022-09-05 00:00:00+00:00,2750173125.3080688,2022-09-05 00:00:00+00:00,15,False,False,False,False
ht,HT,2022-09-04 00:00:00+00:00,2022-09-04 00:00:00+00:00,2022-09-05 00:00:00+00:00,2383501042.278545,2022-09-05 00:00:00+00:00,16,False,False,False,False
qnt,QNT,2022-09-04 00:00:00+00:00,2022-09-04 00:00:00+00:00,2022-09-05 00:00:00+00:00,2324609469.38564,2022-09-05 00:00:00+00:00,17,False,False,False,False
bch,BCH,2022-09-04 00:00:00+00:00,2022-09-04 00:00:00+00:00,2022-09-05 00:00:00+00:00,2261334549.977232,2022-09-05 00:00:00+00:00,18,False,False,False,False
ldo,LDO,2022-09-04 00:00:00+00:00,2022-09-04 00:00:00+00:00,2022-09-05 00:00:00+00:00,2050783098.52691,2022-09-05 00:00:00+00:00,19,False,False,False,False
crv,CRV,2022-09-04 00:00:00+00:00,2022-09-04 00:00:00+00:00,2022-09-05 00:00:00+00:00,1974992749.7306445,2022-09-05 00:00:00+00:00,20,False,False,False,False
mana,MANA,2022-09-04 00:00:00+00:00,2022-09-04 00:00:00+00:00,2022-09-05 00:00:00+00:00,1769190518.9530592,2022-09-05 00:00:00+00:00,21,False,False,False,False
gno,GNO,2022-09-04 00:00:00+00:00,2022-09-04 00:00:00+00:00,2022-09-05 00:00:00+00:00,1561475114.24534,2022-09-05 00:00:00+00:00,22,False,False,False,False
aave,AAVE,2022-09-04 00:00:00+00:00,2022-09-04 00:00:00+00:00,2022-09-05 00:00:00+00:00,1418413618.0548272,2022-09-05 00:00:00+00:00,23,False,False,False,False
lend,LEND,2022-09-04 00:00:00+00:00,2022-09-04 00:00:00+00:00,2022-09-05 00:00:00+00:00,1152461012.9889095,2022-09-05 00:00:00+00:00,24,False,False,False,False
avaxc,AVAXC,2022-09-04 00:00:00+00:00,2022-09-04 00:00:00+00:00,2022-09-05 00:00:00+00:00,1053981064.2955285,2022-09-05 00:00:00+00:00,25,False,False,False,False
bsv,BSV,2022-09-04 00:00:00+00:00,2022-09-04 00:00:00+00:00,2022-09-05 00:00:00+00:00,1019256655.1509465,2022-09-05 00:00:00+00:00,26,False,False,False,False
1inch,1INCH,2022-09-04 00:00:00+00:00,2022-09-04 00:00:00+00:00,2022-09-05 00:00:00+00:00,1007112465.056334,2022-09-05 00:00:00+00:00,27,False,False,False,False
pax,PAX,2022-09-04 00:00:00+00:00,2022-09-04 00:00:00+00:00,2022-09-05 00:00:00+00:00,964728711.7140048,2022-09-05 00:00:00+00:00,28,False,False,False,False
neo,NEO,2022-09-04 00:00:00+00:00,2022-09-04 00:00:00+00:00,2022-09-05 00:00:00+00:00,950506723.22024,2022-09-05 00:00:00+00:00,29,False,False,False,False
snx,SNX,2022-09-04 00:00:00+00:00,2022-09-04 00:00:00+00:00,2022-09-05 00:00:00+00:00,881755663.8131812,2022-09-05 00:00:00+00:00,30,False,False,False,False
btc,BTC,2022-09-11 00:00:00+00:00,2022-09-11 00:00:00+00:00,2022-09-12 00:00:00+00:00,416141773128.1593,2022-09-12 00:00:00+00:00,1,True,True,True,True
eth,ETH,2022-09-11 00:00:00+00:00,2022-09-11 00:00:00+00:00,2022-09-12 00:00:00+00:00,211861995969.49994,2022-09-12 00:00:00+00:00,2,True,True,True,True
xrp,XRP,2022-09-11 00:00:00+00:00,2022-09-11 00:00:00+00:00,2022-09-12 00:00:00+00:00,35444977662.897255,2022-09-12 00:00:00+00:00,3,True,True,False,True
ada,ADA,2022-09-11 00:00:00+00:00,2022-09-11 00:00:00+00:00,2022-09-12 00:00:00+00:00,17074739241.436932,2022-09-12 00:00:00+00:00,4,True,True,False,True
cro,CRO,2022-09-11 00:00:00+00:00,2022-09-11 00:00:00+00:00,2022-09-12 00:00:00+00:00,12300790270.393,2022-09-12 00:00:00+00:00,5,True,True,False,False
xlm,XLM,2022-09-11 00:00:00+00:00,2022-09-11 00:00:00+00:00,2022-09-12 00:00:00+00:00,12030953438.051737,2022-09-12 00:00:00+00:00,6,True,True,False,False
ftt,FTT,2022-09-11 00:00:00+00:00,2022-09-11 00:00:00+00:00,2022-09-12 00:00:00+00:00,9164941457.324299,2022-09-12 00:00:00+00:00,7,False,True,False,False
doge,DOGE,2022-09-11 00:00:00+00:00,2022-09-11 00:00:00+00:00,2022-09-12 00:00:00+00:00,8653788783.140194,2022-09-12 00:00:00+00:00,8,False,True,False,False
link,LINK,2022-09-11 00:00:00+00:00,2022-09-11 00:00:00+00:00,2022-09-12 00:00:00+00:00,7993836055.54486,2022-09-12 00:00:00+00:00,9,False,True,True,True
uni,UNI,2022-09-11 00:00:00+00:00,2022-09-11 00:00:00+00:00,2022-09-12 00:00:00+00:00,6477369092.48793,2022-09-12 00:00:00+00:00,10,False,True,False,False
etc,ETC,2022-09-11 00:00:00+00:00,2022-09-11 00:00:00+00:00,2022-09-12 00:00:00+00:00,5265755976.057755,2022-09-12 00:00:00+00:00,11,False,False,False,False
ltc,LTC,2022-09-11 00:00:00+00:00,2022-09-11 00:00:00+00:00,2022-09-12 00:00:00+00:00,4422555824.626088,2022-09-12 00:00:00+00:00,12,False,False,False,True
icp,ICP,2022-09-11 00:00:00+00:00,2022-09-11 00:00:00+00:00,2022-09-12 00:00:00+00:00,3496697485.35756,2022-09-12 00:00:00+00:00,13,False,False,False,False
algo,ALGO,2022-09-11 00:00:00+00:00,2022-09-11 00:00:00+00:00,2022-09-12 00:00:00+00:00,3258029494.54185,2022-09-12 00:00:00+00:00,14,False,False,False,False
xmr,XMR,2022-09-11 00:00:00+00:00,2022-09-11 00:00:00+00:00,2022-09-12 00:00:00+00:00,2809753791.5892887,2022-09-12 00:00:00+00:00,15,False,False,False,False
qnt,QNT,2022-09-11 00:00:00+00:00,2022-09-11 00:00:00+00:00,2022-09-12 00:00:00+00:00,2645490264.5272846,2022-09-12 00:00:00+00:00,16,False,False,False,False
bch,BCH,2022-09-11 00:00:00+00:00,2022-09-11 00:00:00+00:00,2022-09-12 00:00:00+00:00,2492560324.6631427,2022-09-12 00:00:00+00:00,17,False,False,False,False
ht,HT,2022-09-11 00:00:00+00:00,2022-09-11 00:00:00+00:00,2022-09-12 00:00:00+00:00,2379986821.749935,2022-09-12 00:00:00+00:00,18,False,False,False,False
crv,CRV,2022-09-11 00:00:00+00:00,2022-09-11 00:00:00+00:00,2022-09-12 00:00:00+00:00,2148910193.4827113,2022-09-12 00:00:00+00:00,19,False,False,False,False
ldo,LDO,2022-09-11 00:00:00+00:00,2022-09-11 00:00:00+00:00,2022-09-12 00:00:00+00:00,2077731830.58564,2022-09-12 00:00:00+00:00,20,False,False,False,False
mana,MANA,2022-09-11 00:00:00+00:00,2022-09-11 00:00:00+00:00,2022-09-12 00:00:00+00:00,1758767868.824678,2022-09-12 00:00:00+00:00,21,False,False,False,False
gno,GNO,2022-09-11 00:00:00+00:00,2022-09-11 00:00:00+00:00,2022-09-12 00:00:00+00:00,1717118655.99188,2022-09-12 00:00:00+00:00,22,False,False,False,False
aave,AAVE,2022-09-11 00:00:00+00:00,2022-09-11 00:00:00+00:00,2022-09-12 00:00:00+00:00,1460283602.7545776,2022-09-12 00:00:00+00:00,23,False,False,False,False
lend,LEND,2022-09-11 00:00:00+00:00,2022-09-11 00:00:00+00:00,2022-09-12 00:00:00+00:00,1186480374.031902,2022-09-12 00:00:00+00:00,24,False,False,False,False
avaxc,AVAXC,2022-09-11 00:00:00+00:00,2022-09-11 00:00:00+00:00,2022-09-12 00:00:00+00:00,1141124509.134052,2022-09-12 00:00:00+00:00,25,False,False,False,False
bsv,BSV,2022-09-11 00:00:00+00:00,2022-09-11 00:00:00+00:00,2022-09-12 00:00:00+00:00,1044010088.8775471,2022-09-12 00:00:00+00:00,26,False,False,False,False
neo,NEO,2022-09-11 00:00:00+00:00,2022-09-11 00:00:00+00:00,2022-09-12 00:00:00+00:00,978203506.968451,2022-09-12 00:00:00+00:00,27,False,False,False,False
1inch,1INCH,2022-09-11 00:00:00+00:00,2022-09-11 00:00:00+00:00,2022-09-12 00:00:00+00:00,971739876.456795,2022-09-12 00:00:00+00:00,28,False,False,False,False
pax,PAX,2022-09-11 00:00:00+00:00,2022-09-11 00:00:00+00:00,2022-09-12 00:00:00+00:00,961433217.175698,2022-09-12 00:00:00+00:00,29,False,False,False,False
snx,SNX,2022-09-11 00:00:00+00:00,2022-09-11 00:00:00+00:00,2022-09-12 00:00:00+00:00,878609229.4617906,2022-09-12 00:00:00+00:00,30,False,False,False,False
btc,BTC,2022-09-18 00:00:00+00:00,2022-09-18 00:00:00+00:00,2022-09-19 00:00:00+00:00,372115875618.3138,2022-09-19 00:00:00+00:00,1,True,True,True,True
eth,ETH,2022-09-18 00:00:00+00:00,2022-09-18 00:00:00+00:00,2022-09-19 00:00:00+00:00,161247314540.04193,2022-09-19 00:00:00+00:00,2,True,True,True,True
xrp,XRP,2022-09-18 00:00:00+00:00,2022-09-18 00:00:00+00:00,2022-09-19 00:00:00+00:00,35993448690.8809,2022-09-19 00:00:00+00:00,3,True,True,False,True
ada,ADA,2022-09-18 00:00:00+00:00,2022-09-18 00:00:00+00:00,2022-09-19 00:00:00+00:00,15042698288.786053,2022-09-19 00:00:00+00:00,4,True,True,False,True
xlm,XLM,2022-09-18 00:00:00+00:00,2022-09-18 00:00:00+00:00,2022-09-19 00:00:00+00:00,11322469808.962646,2022-09-19 00:00:00+00:00,5,True,True,False,False
cro,CRO,2022-09-18 00:00:00+00:00,2022-09-18 00:00:00+00:00,2022-09-19 00:00:00+00:00,10216591972.9849,2022-09-19 00:00:00+00:00,6,True,True,False,False
doge,DOGE,2022-09-18 00:00:00+00:00,2022-09-18 00:00:00+00:00,2022-09-19 00:00:00+00:00,7830512598.762758,2022-09-19 00:00:00+00:00,7,False,True,False,False
ftt,FTT,2022-09-18 00:00:00+00:00,2022-09-18 00:00:00+00:00,2022-09-19 00:00:00+00:00,7743785520.081033,2022-09-19 00:00:00+00:00,8,False,True,False,False
link,LINK,2022-09-18 00:00:00+00:00,2022-09-18 00:00:00+00:00,2022-09-19 00:00:00+00:00,7509222253.78053,2022-09-19 00:00:00+00:00,9,False,True,True,True
uni,UNI,2022-09-18 00:00:00+00:00,2022-09-18 00:00:00+00:00,2022-09-19 00:00:00+00:00,5485409230.52263,2022-09-19 00:00:00+00:00,10,False,True,False,False
etc,ETC,2022-09-18 00:00:00+00:00,2022-09-18 00:00:00+00:00,2022-09-19 00:00:00+00:00,4061641924.6245418,2022-09-19 00:00:00+00:00,11,False,False,False,False
ltc,LTC,2022-09-18 00:00:00+00:00,2022-09-18 00:00:00+00:00,2022-09-19 00:00:00+00:00,3766749227.2071476,2022-09-19 00:00:00+00:00,12,False,False,False,True
algo,ALGO,2022-09-18 00:00:00+00:00,2022-09-18 00:00:00+00:00,2022-09-19 00:00:00+00:00,2927760402.57956,2022-09-19 00:00:00+00:00,13,False,False,False,False
icp,ICP,2022-09-18 00:00:00+00:00,2022-09-18 00:00:00+00:00,2022-09-19 00:00:00+00:00,2841084348.283514,2022-09-19 00:00:00+00:00,14,False,False,False,False
qnt,QNT,2022-09-18 00:00:00+00:00,2022-09-18 00:00:00+00:00,2022-09-19 00:00:00+00:00,2524440946.240008,2022-09-19 00:00:00+00:00,15,False,False,False,False
xmr,XMR,2022-09-18 00:00:00+00:00,2022-09-18 00:00:00+00:00,2022-09-19 00:00:00+00:00,2480514354.0326223,2022-09-19 00:00:00+00:00,16,False,False,False,False
ht,HT,2022-09-18 00:00:00+00:00,2022-09-18 00:00:00+00:00,2022-09-19 00:00:00+00:00,2257133863.17351,2022-09-19 00:00:00+00:00,17,False,False,False,False
bch,BCH,2022-09-18 00:00:00+00:00,2022-09-18 00:00:00+00:00,2022-09-19 00:00:00+00:00,2148040556.6662273,2022-09-19 00:00:00+00:00,18,False,False,False,False
crv,CRV,2022-09-18 00:00:00+00:00,2022-09-18 00:00:00+00:00,2022-09-19 00:00:00+00:00,1719655694.901873,2022-09-19 00:00:00+00:00,19,False,False,False,False
ldo,LDO,2022-09-18 00:00:00+00:00,2022-09-18 00:00:00+00:00,2022-09-19 00:00:00+00:00,1694035024.76009,2022-09-19 00:00:00+00:00,20,False,False,False,False
mana,MANA,2022-09-18 00:00:00+00:00,2022-09-18 00:00:00+00:00,2022-09-19 00:00:00+00:00,1547142597.2604985,2022-09-19 00:00:00+00:00,21,False,False,False,False
gno,GNO,2022-09-18 00:00:00+00:00,2022-09-18 00:00:00+00:00,2022-09-19 00:00:00+00:00,1270371713.23586,2022-09-19 00:00:00+00:00,22,False,False,False,False
aave,AAVE,2022-09-18 00:00:00+00:00,2022-09-18 00:00:00+00:00,2022-09-19 00:00:00+00:00,1172035787.6232512,2022-09-19 00:00:00+00:00,23,False,False,False,False
pax,PAX,2022-09-18 00:00:00+00:00,2022-09-18 00:00:00+00:00,2022-09-19 00:00:00+00:00,965792644.1751598,2022-09-19 00:00:00+00:00,24,False,False,False,False
avaxc,AVAXC,2022-09-18 00:00:00+00:00,2022-09-18 00:00:00+00:00,2022-09-19 00:00:00+00:00,955099375.3106279,2022-09-19 00:00:00+00:00,25,False,False,False,False
lend,LEND,2022-09-18 00:00:00+00:00,2022-09-18 00:00:00+00:00,2022-09-19 00:00:00+00:00,952279034.7401583,2022-09-19 00:00:00+00:00,26,False,False,False,False
bsv,BSV,2022-09-18 00:00:00+00:00,2022-09-18 00:00:00+00:00,2022-09-19 00:00:00+00:00,930452076.4171717,2022-09-19 00:00:00+00:00,27,False,False,False,False
1inch,1INCH,2022-09-18 00:00:00+00:00,2022-09-18 00:00:00+00:00,2022-09-19 00:00:00+00:00,857941725.23304,2022-09-19 00:00:00+00:00,28,False,False,False,False
neo,NEO,2022-09-18 00:00:00+00:00,2022-09-18 00:00:00+00:00,2022-09-19 00:00:00+00:00,823848920.219035,2022-09-19 00:00:00+00:00,29,False,False,False,False
snx,SNX,2022-09-18 00:00:00+00:00,2022-09-18 00:00:00+00:00,2022-09-19 00:00:00+00:00,732650855.4664562,2022-09-19 00:00:00+00:00,30,False,False,False,False
btc,BTC,2022-09-25 00:00:00+00:00,2022-09-25 00:00:00+00:00,2022-09-26 00:00:00+00:00,360088000637.69366,2022-09-26 00:00:00+00:00,1,True,True,True,True
eth,ETH,2022-09-25 00:00:00+00:00,2022-09-25 00:00:00+00:00,2022-09-26 00:00:00+00:00,156034243695.67407,2022-09-26 00:00:00+00:00,2,True,True,True,True
xrp,XRP,2022-09-25 00:00:00+00:00,2022-09-25 00:00:00+00:00,2022-09-26 00:00:00+00:00,49278333839.60789,2022-09-26 00:00:00+00:00,3,True,True,False,True
ada,ADA,2022-09-25 00:00:00+00:00,2022-09-25 00:00:00+00:00,2022-09-26 00:00:00+00:00,14993391242.872995,2022-09-26 00:00:00+00:00,4,True,True,False,True
xlm,XLM,2022-09-25 00:00:00+00:00,2022-09-25 00:00:00+00:00,2022-09-26 00:00:00+00:00,12353747326.82838,2022-09-26 00:00:00+00:00,5,True,True,False,False
cro,CRO,2022-09-25 00:00:00+00:00,2022-09-25 00:00:00+00:00,2022-09-26 00:00:00+00:00,11507780842.5987,2022-09-26 00:00:00+00:00,6,True,True,False,False
doge,DOGE,2022-09-25 00:00:00+00:00,2022-09-25 00:00:00+00:00,2022-09-26 00:00:00+00:00,8325346136.901634,2022-09-26 00:00:00+00:00,7,False,True,False,False
link,LINK,2022-09-25 00:00:00+00:00,2022-09-25 00:00:00+00:00,2022-09-26 00:00:00+00:00,7882178908.11898,2022-09-26 00:00:00+00:00,8,False,True,True,True
ftt,FTT,2022-09-25 00:00:00+00:00,2022-09-25 00:00:00+00:00,2022-09-26 00:00:00+00:00,7746404275.191912,2022-09-26 00:00:00+00:00,9,False,True,False,False
uni,UNI,2022-09-25 00:00:00+00:00,2022-09-25 00:00:00+00:00,2022-09-26 00:00:00+00:00,5666268271.24325,2022-09-26 00:00:00+00:00,10,False,True,False,False
etc,ETC,2022-09-25 00:00:00+00:00,2022-09-25 00:00:00+00:00,2022-09-26 00:00:00+00:00,3884000460.318191,2022-09-26 00:00:00+00:00,11,False,False,False,False
algo,ALGO,2022-09-25 00:00:00+00:00,2022-09-25 00:00:00+00:00,2022-09-26 00:00:00+00:00,3879777596.83797,2022-09-26 00:00:00+00:00,12,False,False,False,False
ltc,LTC,2022-09-25 00:00:00+00:00,2022-09-25 00:00:00+00:00,2022-09-26 00:00:00+00:00,3746013102.2677784,2022-09-26 00:00:00+00:00,13,False,False,False,True
icp,ICP,2022-09-25 00:00:00+00:00,2022-09-25 00:00:00+00:00,2022-09-26 00:00:00+00:00,2891053644.2908597,2022-09-26 00:00:00+00:00,14,False,False,False,False
qnt,QNT,2022-09-25 00:00:00+00:00,2022-09-25 00:00:00+00:00,2022-09-26 00:00:00+00:00,2838866985.414034,2022-09-26 00:00:00+00:00,15,False,False,False,False
xmr,XMR,2022-09-25 00:00:00+00:00,2022-09-25 00:00:00+00:00,2022-09-26 00:00:00+00:00,2496023016.4869614,2022-09-26 00:00:00+00:00,16,False,False,False,False
ht,HT,2022-09-25 00:00:00+00:00,2022-09-25 00:00:00+00:00,2022-09-26 00:00:00+00:00,2185424994.804925,2022-09-26 00:00:00+00:00,17,False,False,False,False
bch,BCH,2022-09-25 00:00:00+00:00,2022-09-25 00:00:00+00:00,2022-09-26 00:00:00+00:00,2174301743.090996,2022-09-26 00:00:00+00:00,18,False,False,False,False
crv,CRV,2022-09-25 00:00:00+00:00,2022-09-25 00:00:00+00:00,2022-09-26 00:00:00+00:00,1623711304.4192917,2022-09-26 00:00:00+00:00,19,False,False,False,False
ldo,LDO,2022-09-25 00:00:00+00:00,2022-09-25 00:00:00+00:00,2022-09-26 00:00:00+00:00,1574812800.88972,2022-09-26 00:00:00+00:00,20,False,False,False,False
mana,MANA,2022-09-25 00:00:00+00:00,2022-09-25 00:00:00+00:00,2022-09-26 00:00:00+00:00,1531290307.6064587,2022-09-26 00:00:00+00:00,21,False,False,False,False
gno,GNO,2022-09-25 00:00:00+00:00,2022-09-25 00:00:00+00:00,2022-09-26 00:00:00+00:00,1199603981.25061,2022-09-26 00:00:00+00:00,22,False,False,False,False
aave,AAVE,2022-09-25 00:00:00+00:00,2022-09-25 00:00:00+00:00,2022-09-26 00:00:00+00:00,1180070287.7295408,2022-09-26 00:00:00+00:00,23,False,False,False,False
avaxc,AVAXC,2022-09-25 00:00:00+00:00,2022-09-25 00:00:00+00:00,2022-09-26 00:00:00+00:00,1018298917.7060366,2022-09-26 00:00:00+00:00,24,False,False,False,False
pax,PAX,2022-09-25 00:00:00+00:00,2022-09-25 00:00:00+00:00,2022-09-26 00:00:00+00:00,972256584.4773508,2022-09-26 00:00:00+00:00,25,False,False,False,False
lend,LEND,2022-09-25 00:00:00+00:00,2022-09-25 00:00:00+00:00,2022-09-26 00:00:00+00:00,958807065.7837775,2022-09-26 00:00:00+00:00,26,False,False,False,False
bsv,BSV,2022-09-25 00:00:00+00:00,2022-09-25 00:00:00+00:00,2022-09-26 00:00:00+00:00,922269950.1528951,2022-09-26 00:00:00+00:00,27,False,False,False,False
1inch,1INCH,2022-09-25 00:00:00+00:00,2022-09-25 00:00:00+00:00,2022-09-26 00:00:00+00:00,900479494.4904315,2022-09-26 00:00:00+00:00,28,False,False,False,False
neo,NEO,2022-09-25 00:00:00+00:00,2022-09-25 00:00:00+00:00,2022-09-26 00:00:00+00:00,828067209.688915,2022-09-26 00:00:00+00:00,29,False,False,False,False
zec,ZEC,2022-09-25 00:00:00+00:00,2022-09-25 00:00:00+00:00,2022-09-26 00:00:00+00:00,725989876.8888764,2022-09-26 00:00:00+00:00,30,False,False,False,False
btc,BTC,2022-10-02 00:00:00+00:00,2022-10-02 00:00:00+00:00,2022-10-03 00:00:00+00:00,364472504804.05634,2022-10-03 00:00:00+00:00,1,True,True,True,True
eth,ETH,2022-10-02 00:00:00+00:00,2022-10-02 00:00:00+00:00,2022-10-03 00:00:00+00:00,153868849720.17062,2022-10-03 00:00:00+00:00,2,True,True,True,True
xrp,XRP,2022-10-02 00:00:00+00:00,2022-10-02 00:00:00+00:00,2022-10-03 00:00:00+00:00,44839436667.684944,2022-10-03 00:00:00+00:00,3,True,True,False,True
ada,ADA,2022-10-02 00:00:00+00:00,2022-10-02 00:00:00+00:00,2022-10-03 00:00:00+00:00,14102136910.74814,2022-10-03 00:00:00+00:00,4,True,True,False,True
xlm,XLM,2022-10-02 00:00:00+00:00,2022-10-02 00:00:00+00:00,2022-10-03 00:00:00+00:00,12488304966.923067,2022-10-03 00:00:00+00:00,5,True,True,False,False
cro,CRO,2022-10-02 00:00:00+00:00,2022-10-02 00:00:00+00:00,2022-10-03 00:00:00+00:00,10949910443.9172,2022-10-03 00:00:00+00:00,6,True,True,False,False
doge,DOGE,2022-10-02 00:00:00+00:00,2022-10-02 00:00:00+00:00,2022-10-03 00:00:00+00:00,8069498142.311358,2022-10-03 00:00:00+00:00,7,False,True,False,False
ftt,FTT,2022-10-02 00:00:00+00:00,2022-10-02 00:00:00+00:00,2022-10-03 00:00:00+00:00,7911621293.85083,2022-10-03 00:00:00+00:00,8,False,True,False,False
link,LINK,2022-10-02 00:00:00+00:00,2022-10-02 00:00:00+00:00,2022-10-03 00:00:00+00:00,7131322592.782,2022-10-03 00:00:00+00:00,9,False,True,True,True
uni,UNI,2022-10-02 00:00:00+00:00,2022-10-02 00:00:00+00:00,2022-10-03 00:00:00+00:00,6269824694.98403,2022-10-03 00:00:00+00:00,10,False,True,False,False
etc,ETC,2022-10-02 00:00:00+00:00,2022-10-02 00:00:00+00:00,2022-10-03 00:00:00+00:00,3698715155.595099,2022-10-03 00:00:00+00:00,11,False,False,False,False
ltc,LTC,2022-10-02 00:00:00+00:00,2022-10-02 00:00:00+00:00,2022-10-03 00:00:00+00:00,3696824413.0227747,2022-10-03 00:00:00+00:00,12,False,False,False,True
algo,ALGO,2022-10-02 00:00:00+00:00,2022-10-02 00:00:00+00:00,2022-10-03 00:00:00+00:00,3544596646.97697,2022-10-03 00:00:00+00:00,13,False,False,False,False
qnt,QNT,2022-10-02 00:00:00+00:00,2022-10-02 00:00:00+00:00,2022-10-03 00:00:00+00:00,3159996680.200975,2022-10-03 00:00:00+00:00,14,False,False,False,False
icp,ICP,2022-10-02 00:00:00+00:00,2022-10-02 00:00:00+00:00,2022-10-03 00:00:00+00:00,2890813859.258549,2022-10-03 00:00:00+00:00,15,False,False,False,False
xmr,XMR,2022-10-02 00:00:00+00:00,2022-10-02 00:00:00+00:00,2022-10-03 00:00:00+00:00,2421248579.004534,2022-10-03 00:00:00+00:00,16,False,False,False,False
bch,BCH,2022-10-02 00:00:00+00:00,2022-10-02 00:00:00+00:00,2022-10-03 00:00:00+00:00,2194214273.6707706,2022-10-03 00:00:00+00:00,17,False,False,False,False
ht,HT,2022-10-02 00:00:00+00:00,2022-10-02 00:00:00+00:00,2022-10-03 00:00:00+00:00,2059742380.954225,2022-10-03 00:00:00+00:00,18,False,False,False,False
crv,CRV,2022-10-02 00:00:00+00:00,2022-10-02 00:00:00+00:00,2022-10-03 00:00:00+00:00,1572851360.658108,2022-10-03 00:00:00+00:00,19,False,False,False,False
mana,MANA,2022-10-02 00:00:00+00:00,2022-10-02 00:00:00+00:00,2022-10-03 00:00:00+00:00,1496579004.7281022,2022-10-03 00:00:00+00:00,20,False,False,False,False
ldo,LDO,2022-10-02 00:00:00+00:00,2022-10-02 00:00:00+00:00,2022-10-03 00:00:00+00:00,1439281284.94428,2022-10-03 00:00:00+00:00,21,False,False,False,False
aave,AAVE,2022-10-02 00:00:00+00:00,2022-10-02 00:00:00+00:00,2022-10-03 00:00:00+00:00,1165312326.5422368,2022-10-03 00:00:00+00:00,22,False,False,False,False
gno,GNO,2022-10-02 00:00:00+00:00,2022-10-02 00:00:00+00:00,2022-10-03 00:00:00+00:00,1150413945.07941,2022-10-03 00:00:00+00:00,23,False,False,False,False
avaxc,AVAXC,2022-10-02 00:00:00+00:00,2022-10-02 00:00:00+00:00,2022-10-03 00:00:00+00:00,971575667.6169219,2022-10-03 00:00:00+00:00,24,False,False,False,False
lend,LEND,2022-10-02 00:00:00+00:00,2022-10-02 00:00:00+00:00,2022-10-03 00:00:00+00:00,946816222.856807,2022-10-03 00:00:00+00:00,25,False,False,False,False
bsv,BSV,2022-10-02 00:00:00+00:00,2022-10-02 00:00:00+00:00,2022-10-03 00:00:00+00:00,916267614.6401798,2022-10-03 00:00:00+00:00,26,False,False,False,False
pax,PAX,2022-10-02 00:00:00+00:00,2022-10-02 00:00:00+00:00,2022-10-03 00:00:00+00:00,915676523.570898,2022-10-03 00:00:00+00:00,27,False,False,False,False
neo,NEO,2022-10-02 00:00:00+00:00,2022-10-02 00:00:00+00:00,2022-10-03 00:00:00+00:00,851930925.464064,2022-10-03 00:00:00+00:00,28,False,False,False,False
1inch,1INCH,2022-10-02 00:00:00+00:00,2022-10-02 00:00:00+00:00,2022-10-03 00:00:00+00:00,832920952.067415,2022-10-03 00:00:00+00:00,29,False,False,False,False
mkr,MKR,2022-10-02 00:00:00+00:00,2022-10-02 00:00:00+00:00,2022-10-03 00:00:00+00:00,738341109.7702858,2022-10-03 00:00:00+00:00,30,False,False,False,False
btc,BTC,2022-10-09 00:00:00+00:00,2022-10-09 00:00:00+00:00,2022-10-10 00:00:00+00:00,372530287709.7266,2022-10-10 00:00:00+00:00,1,True,True,True,True
eth,ETH,2022-10-09 00:00:00+00:00,2022-10-09 00:00:00+00:00,2022-10-10 00:00:00+00:00,159218549540.04053,2022-10-10 00:00:00+00:00,2,True,True,True,True
xrp,XRP,2022-10-09 00:00:00+00:00,2022-10-09 00:00:00+00:00,2022-10-10 00:00:00+00:00,53403502275.573364,2022-10-10 00:00:00+00:00,3,True,True,False,True
ada,ADA,2022-10-09 00:00:00+00:00,2022-10-09 00:00:00+00:00,2022-10-10 00:00:00+00:00,14207295218.563187,2022-10-10 00:00:00+00:00,4,True,True,False,True
xlm,XLM,2022-10-09 00:00:00+00:00,2022-10-09 00:00:00+00:00,2022-10-10 00:00:00+00:00,13565801917.856354,2022-10-10 00:00:00+00:00,5,True,True,False,False
cro,CRO,2022-10-09 00:00:00+00:00,2022-10-09 00:00:00+00:00,2022-10-10 00:00:00+00:00,10689624582.9156,2022-10-10 00:00:00+00:00,6,True,True,False,False
doge,DOGE,2022-10-09 00:00:00+00:00,2022-10-09 00:00:00+00:00,2022-10-10 00:00:00+00:00,8468955858.743268,2022-10-10 00:00:00+00:00,7,False,True,False,False
ftt,FTT,2022-10-09 00:00:00+00:00,2022-10-09 00:00:00+00:00,2022-10-10 00:00:00+00:00,7934302100.081658,2022-10-10 00:00:00+00:00,8,False,True,False,False
link,LINK,2022-10-09 00:00:00+00:00,2022-10-09 00:00:00+00:00,2022-10-10 00:00:00+00:00,7606814083.88671,2022-10-10 00:00:00+00:00,9,False,True,True,True
uni,UNI,2022-10-09 00:00:00+00:00,2022-10-09 00:00:00+00:00,2022-10-10 00:00:00+00:00,6618311207.42552,2022-10-10 00:00:00+00:00,10,False,True,False,False
ltc,LTC,2022-10-09 00:00:00+00:00,2022-10-09 00:00:00+00:00,2022-10-10 00:00:00+00:00,3838104623.8977165,2022-10-10 00:00:00+00:00,11,False,False,False,True
qnt,QNT,2022-10-09 00:00:00+00:00,2022-10-09 00:00:00+00:00,2022-10-10 00:00:00+00:00,3801231313.935448,2022-10-10 00:00:00+00:00,12,False,False,False,False
etc,ETC,2022-10-09 00:00:00+00:00,2022-10-09 00:00:00+00:00,2022-10-10 00:00:00+00:00,3701277521.2908483,2022-10-10 00:00:00+00:00,13,False,False,False,False
algo,ALGO,2022-10-09 00:00:00+00:00,2022-10-09 00:00:00+00:00,2022-10-10 00:00:00+00:00,3382378407.58178,2022-10-10 00:00:00+00:00,14,False,False,False,False
icp,ICP,2022-10-09 00:00:00+00:00,2022-10-09 00:00:00+00:00,2022-10-10 00:00:00+00:00,2868012412.40386,2022-10-10 00:00:00+00:00,15,False,False,False,False
xmr,XMR,2022-10-09 00:00:00+00:00,2022-10-09 00:00:00+00:00,2022-10-10 00:00:00+00:00,2575378105.888224,2022-10-10 00:00:00+00:00,16,False,False,False,False
bch,BCH,2022-10-09 00:00:00+00:00,2022-10-09 00:00:00+00:00,2022-10-10 00:00:00+00:00,2246931692.925643,2022-10-10 00:00:00+00:00,17,False,False,False,False
ht,HT,2022-10-09 00:00:00+00:00,2022-10-09 00:00:00+00:00,2022-10-10 00:00:00+00:00,2076881305.00945,2022-10-10 00:00:00+00:00,18,False,False,False,False
crv,CRV,2022-10-09 00:00:00+00:00,2022-10-09 00:00:00+00:00,2022-10-10 00:00:00+00:00,1616066792.6227777,2022-10-10 00:00:00+00:00,19,False,False,False,False
mana,MANA,2022-10-09 00:00:00+00:00,2022-10-09 00:00:00+00:00,2022-10-10 00:00:00+00:00,1516419035.9313686,2022-10-10 00:00:00+00:00,20,False,False,False,False
ldo,LDO,2022-10-09 00:00:00+00:00,2022-10-09 00:00:00+00:00,2022-10-10 00:00:00+00:00,1453167993.56703,2022-10-10 00:00:00+00:00,21,False,False,False,False
aave,AAVE,2022-10-09 00:00:00+00:00,2022-10-09 00:00:00+00:00,2022-10-10 00:00:00+00:00,1205667534.335035,2022-10-10 00:00:00+00:00,22,False,False,False,False
gno,GNO,2022-10-09 00:00:00+00:00,2022-10-09 00:00:00+00:00,2022-10-10 00:00:00+00:00,1130543583.99983,2022-10-10 00:00:00+00:00,23,False,False,False,False
lend,LEND,2022-10-09 00:00:00+00:00,2022-10-09 00:00:00+00:00,2022-10-10 00:00:00+00:00,979604827.7180927,2022-10-10 00:00:00+00:00,24,False,False,False,False
avaxc,AVAXC,2022-10-09 00:00:00+00:00,2022-10-09 00:00:00+00:00,2022-10-10 00:00:00+00:00,970209172.2438728,2022-10-10 00:00:00+00:00,25,False,False,False,False
bsv,BSV,2022-10-09 00:00:00+00:00,2022-10-09 00:00:00+00:00,2022-10-10 00:00:00+00:00,954483424.5080837,2022-10-10 00:00:00+00:00,26,False,False,False,False
mkr,MKR,2022-10-09 00:00:00+00:00,2022-10-09 00:00:00+00:00,2022-10-10 00:00:00+00:00,947449075.0718765,2022-10-10 00:00:00+00:00,27,False,False,False,False
1inch,1INCH,2022-10-09 00:00:00+00:00,2022-10-09 00:00:00+00:00,2022-10-10 00:00:00+00:00,908299663.3696365,2022-10-10 00:00:00+00:00,28,False,False,False,False
pax,PAX,2022-10-09 00:00:00+00:00,2022-10-09 00:00:00+00:00,2022-10-10 00:00:00+00:00,900949025.9512229,2022-10-10 00:00:00+00:00,29,False,False,False,False
neo,NEO,2022-10-09 00:00:00+00:00,2022-10-09 00:00:00+00:00,2022-10-10 00:00:00+00:00,851386356.588842,2022-10-10 00:00:00+00:00,30,False,False,False,False
btc,BTC,2022-10-16 00:00:00+00:00,2022-10-16 00:00:00+00:00,2022-10-17 00:00:00+00:00,369462722255.0901,2022-10-17 00:00:00+00:00,1,True,True,True,True
eth,ETH,2022-10-16 00:00:00+00:00,2022-10-16 00:00:00+00:00,2022-10-17 00:00:00+00:00,157366417408.86447,2022-10-17 00:00:00+00:00,2,True,True,True,True
xrp,XRP,2022-10-16 00:00:00+00:00,2022-10-16 00:00:00+00:00,2022-10-17 00:00:00+00:00,47693383491.90163,2022-10-17 00:00:00+00:00,3,True,True,False,True
ada,ADA,2022-10-16 00:00:00+00:00,2022-10-16 00:00:00+00:00,2022-10-17 00:00:00+00:00,12454438613.318642,2022-10-17 00:00:00+00:00,4,True,True,False,True
xlm,XLM,2022-10-16 00:00:00+00:00,2022-10-16 00:00:00+00:00,2022-10-17 00:00:00+00:00,11958678145.885141,2022-10-17 00:00:00+00:00,5,True,True,False,False
cro,CRO,2022-10-16 00:00:00+00:00,2022-10-16 00:00:00+00:00,2022-10-17 00:00:00+00:00,10482410308.7456,2022-10-17 00:00:00+00:00,6,True,True,False,False
doge,DOGE,2022-10-16 00:00:00+00:00,2022-10-16 00:00:00+00:00,2022-10-17 00:00:00+00:00,8048310118.819109,2022-10-17 00:00:00+00:00,7,False,True,False,False
ftt,FTT,2022-10-16 00:00:00+00:00,2022-10-16 00:00:00+00:00,2022-10-17 00:00:00+00:00,7812064619.86236,2022-10-17 00:00:00+00:00,8,False,True,False,False
link,LINK,2022-10-16 00:00:00+00:00,2022-10-16 00:00:00+00:00,2022-10-17 00:00:00+00:00,7173751072.65709,2022-10-17 00:00:00+00:00,9,False,True,True,True
uni,UNI,2022-10-16 00:00:00+00:00,2022-10-16 00:00:00+00:00,2022-10-17 00:00:00+00:00,6105864294.41162,2022-10-17 00:00:00+00:00,10,False,True,False,False
qnt,QNT,2022-10-16 00:00:00+00:00,2022-10-16 00:00:00+00:00,2022-10-17 00:00:00+00:00,4699918890.606274,2022-10-17 00:00:00+00:00,11,False,False,False,False
ltc,LTC,2022-10-16 00:00:00+00:00,2022-10-16 00:00:00+00:00,2022-10-17 00:00:00+00:00,3675006519.6008763,2022-10-17 00:00:00+00:00,12,False,False,False,True
ht,HT,2022-10-16 00:00:00+00:00,2022-10-16 00:00:00+00:00,2022-10-17 00:00:00+00:00,3426011952.9487,2022-10-17 00:00:00+00:00,13,False,False,False,False
algo,ALGO,2022-10-16 00:00:00+00:00,2022-10-16 00:00:00+00:00,2022-10-17 00:00:00+00:00,3225801272.80856,2022-10-17 00:00:00+00:00,14,False,False,False,False
etc,ETC,2022-10-16 00:00:00+00:00,2022-10-16 00:00:00+00:00,2022-10-17 00:00:00+00:00,3186324662.3467717,2022-10-17 00:00:00+00:00,15,False,False,False,False
xmr,XMR,2022-10-16 00:00:00+00:00,2022-10-16 00:00:00+00:00,2022-10-17 00:00:00+00:00,2527567910.1638436,2022-10-17 00:00:00+00:00,16,False,False,False,False
icp,ICP,2022-10-16 00:00:00+00:00,2022-10-16 00:00:00+00:00,2022-10-17 00:00:00+00:00,2452080934.2197094,2022-10-17 00:00:00+00:00,17,False,False,False,False
bch,BCH,2022-10-16 00:00:00+00:00,2022-10-16 00:00:00+00:00,2022-10-17 00:00:00+00:00,2118582682.7018487,2022-10-17 00:00:00+00:00,18,False,False,False,False
crv,CRV,2022-10-16 00:00:00+00:00,2022-10-16 00:00:00+00:00,2022-10-17 00:00:00+00:00,1499896157.1299093,2022-10-17 00:00:00+00:00,19,False,False,False,False
mana,MANA,2022-10-16 00:00:00+00:00,2022-10-16 00:00:00+00:00,2022-10-17 00:00:00+00:00,1407011638.1235557,2022-10-17 00:00:00+00:00,20,False,False,False,False
ldo,LDO,2022-10-16 00:00:00+00:00,2022-10-16 00:00:00+00:00,2022-10-17 00:00:00+00:00,1347327485.96387,2022-10-17 00:00:00+00:00,21,False,False,False,False
aave,AAVE,2022-10-16 00:00:00+00:00,2022-10-16 00:00:00+00:00,2022-10-17 00:00:00+00:00,1213214086.59232,2022-10-17 00:00:00+00:00,22,False,False,False,False
gno,GNO,2022-10-16 00:00:00+00:00,2022-10-16 00:00:00+00:00,2022-10-17 00:00:00+00:00,1102261412.8395,2022-10-17 00:00:00+00:00,23,False,False,False,False
lend,LEND,2022-10-16 00:00:00+00:00,2022-10-16 00:00:00+00:00,2022-10-17 00:00:00+00:00,985736401.152174,2022-10-17 00:00:00+00:00,24,False,False,False,False
mkr,MKR,2022-10-16 00:00:00+00:00,2022-10-16 00:00:00+00:00,2022-10-17 00:00:00+00:00,976229223.998781,2022-10-17 00:00:00+00:00,25,False,False,False,False
bsv,BSV,2022-10-16 00:00:00+00:00,2022-10-16 00:00:00+00:00,2022-10-17 00:00:00+00:00,935782072.362094,2022-10-17 00:00:00+00:00,26,False,False,False,False
avaxc,AVAXC,2022-10-16 00:00:00+00:00,2022-10-16 00:00:00+00:00,2022-10-17 00:00:00+00:00,922020500.5680976,2022-10-17 00:00:00+00:00,27,False,False,False,False
pax,PAX,2022-10-16 00:00:00+00:00,2022-10-16 00:00:00+00:00,2022-10-17 00:00:00+00:00,897352691.26779,2022-10-17 00:00:00+00:00,28,False,False,False,False
1inch,1INCH,2022-10-16 00:00:00+00:00,2022-10-16 00:00:00+00:00,2022-10-17 00:00:00+00:00,853724143.30248,2022-10-17 00:00:00+00:00,29,False,False,False,False
neo,NEO,2022-10-16 00:00:00+00:00,2022-10-16 00:00:00+00:00,2022-10-17 00:00:00+00:00,787898439.360068,2022-10-17 00:00:00+00:00,30,False,False,False,False
btc,BTC,2022-10-23 00:00:00+00:00,2022-10-23 00:00:00+00:00,2022-10-24 00:00:00+00:00,375413885984.6,2022-10-24 00:00:00+00:00,1,True,True,True,True
eth,ETH,2022-10-23 00:00:00+00:00,2022-10-23 00:00:00+00:00,2022-10-24 00:00:00+00:00,164380433878.0249,2022-10-24 00:00:00+00:00,2,True,True,True,True
xrp,XRP,2022-10-23 00:00:00+00:00,2022-10-23 00:00:00+00:00,2022-10-24 00:00:00+00:00,46894837597.190384,2022-10-24 00:00:00+00:00,3,True,True,False,True
ada,ADA,2022-10-23 00:00:00+00:00,2022-10-23 00:00:00+00:00,2022-10-24 00:00:00+00:00,12194233985.52677,2022-10-24 00:00:00+00:00,4,True,True,False,True
xlm,XLM,2022-10-23 00:00:00+00:00,2022-10-23 00:00:00+00:00,2022-10-24 00:00:00+00:00,11794192644.091743,2022-10-24 00:00:00+00:00,5,True,True,False,False
cro,CRO,2022-10-23 00:00:00+00:00,2022-10-23 00:00:00+00:00,2022-10-24 00:00:00+00:00,10742608267.8575,2022-10-24 00:00:00+00:00,6,True,True,False,False
doge,DOGE,2022-10-23 00:00:00+00:00,2022-10-23 00:00:00+00:00,2022-10-24 00:00:00+00:00,8234410871.829909,2022-10-24 00:00:00+00:00,7,False,True,False,False
ftt,FTT,2022-10-23 00:00:00+00:00,2022-10-23 00:00:00+00:00,2022-10-24 00:00:00+00:00,7609178774.603379,2022-10-24 00:00:00+00:00,8,False,True,False,False
link,LINK,2022-10-23 00:00:00+00:00,2022-10-23 00:00:00+00:00,2022-10-24 00:00:00+00:00,7063377553.31256,2022-10-24 00:00:00+00:00,9,False,True,True,True
uni,UNI,2022-10-23 00:00:00+00:00,2022-10-23 00:00:00+00:00,2022-10-24 00:00:00+00:00,6284249890.4909,2022-10-24 00:00:00+00:00,10,False,True,False,False
ht,HT,2022-10-23 00:00:00+00:00,2022-10-23 00:00:00+00:00,2022-10-24 00:00:00+00:00,4340748771.74759,2022-10-24 00:00:00+00:00,11,False,False,False,False
qnt,QNT,2022-10-23 00:00:00+00:00,2022-10-23 00:00:00+00:00,2022-10-24 00:00:00+00:00,4280463871.948392,2022-10-24 00:00:00+00:00,12,False,False,False,False
ltc,LTC,2022-10-23 00:00:00+00:00,2022-10-23 00:00:00+00:00,2022-10-24 00:00:00+00:00,3850845427.9916534,2022-10-24 00:00:00+00:00,13,False,False,False,True
etc,ETC,2022-10-23 00:00:00+00:00,2022-10-23 00:00:00+00:00,2022-10-24 00:00:00+00:00,3219890675.090759,2022-10-24 00:00:00+00:00,14,False,False,False,False
algo,ALGO,2022-10-23 00:00:00+00:00,2022-10-23 00:00:00+00:00,2022-10-24 00:00:00+00:00,3156261891.32438,2022-10-24 00:00:00+00:00,15,False,False,False,False
xmr,XMR,2022-10-23 00:00:00+00:00,2022-10-23 00:00:00+00:00,2022-10-24 00:00:00+00:00,2555460758.6691046,2022-10-24 00:00:00+00:00,16,False,False,False,False
icp,ICP,2022-10-23 00:00:00+00:00,2022-10-23 00:00:00+00:00,2022-10-24 00:00:00+00:00,2466853630.776768,2022-10-24 00:00:00+00:00,17,False,False,False,False
bch,BCH,2022-10-23 00:00:00+00:00,2022-10-23 00:00:00+00:00,2022-10-24 00:00:00+00:00,2129522715.0107398,2022-10-24 00:00:00+00:00,18,False,False,False,False
crv,CRV,2022-10-23 00:00:00+00:00,2022-10-23 00:00:00+00:00,2022-10-24 00:00:00+00:00,1693059722.9164555,2022-10-24 00:00:00+00:00,19,False,False,False,False
ldo,LDO,2022-10-23 00:00:00+00:00,2022-10-23 00:00:00+00:00,2022-10-24 00:00:00+00:00,1538031610.25393,2022-10-24 00:00:00+00:00,20,False,False,False,False
aave,AAVE,2022-10-23 00:00:00+00:00,2022-10-23 00:00:00+00:00,2022-10-24 00:00:00+00:00,1421357273.6732545,2022-10-24 00:00:00+00:00,21,False,False,False,False
mana,MANA,2022-10-23 00:00:00+00:00,2022-10-23 00:00:00+00:00,2022-10-24 00:00:00+00:00,1364262163.0234957,2022-10-24 00:00:00+00:00,22,False,False,False,False
lend,LEND,2022-10-23 00:00:00+00:00,2022-10-23 00:00:00+00:00,2022-10-24 00:00:00+00:00,1154852733.0716279,2022-10-24 00:00:00+00:00,23,False,False,False,False
gno,GNO,2022-10-23 00:00:00+00:00,2022-10-23 00:00:00+00:00,2022-10-24 00:00:00+00:00,1136572205.60973,2022-10-24 00:00:00+00:00,24,False,False,False,False
mkr,MKR,2022-10-23 00:00:00+00:00,2022-10-23 00:00:00+00:00,2022-10-24 00:00:00+00:00,952542524.0955219,2022-10-24 00:00:00+00:00,25,False,False,False,False
avaxc,AVAXC,2022-10-23 00:00:00+00:00,2022-10-23 00:00:00+00:00,2022-10-24 00:00:00+00:00,945992748.078727,2022-10-24 00:00:00+00:00,26,False,False,False,False
bsv,BSV,2022-10-23 00:00:00+00:00,2022-10-23 00:00:00+00:00,2022-10-24 00:00:00+00:00,916517367.795743,2022-10-24 00:00:00+00:00,27,False,False,False,False
pax,PAX,2022-10-23 00:00:00+00:00,2022-10-23 00:00:00+00:00,2022-10-24 00:00:00+00:00,895508622.5020448,2022-10-24 00:00:00+00:00,28,False,False,False,False
1inch,1INCH,2022-10-23 00:00:00+00:00,2022-10-23 00:00:00+00:00,2022-10-24 00:00:00+00:00,868767626.249055,2022-10-24 00:00:00+00:00,29,False,False,False,False
neo,NEO,2022-10-23 00:00:00+00:00,2022-10-23 00:00:00+00:00,2022-10-24 00:00:00+00:00,855975873.075418,2022-10-24 00:00:00+00:00,30,False,False,False,False
btc,BTC,2022-10-30 00:00:00+00:00,2022-10-30 00:00:00+00:00,2022-10-31 00:00:00+00:00,395712590941.6769,2022-10-31 00:00:00+00:00,1,True,True,True,True
eth,ETH,2022-10-30 00:00:00+00:00,2022-10-30 00:00:00+00:00,2022-10-31 00:00:00+00:00,191577832787.47375,2022-10-31 00:00:00+00:00,2,True,True,True,True
xrp,XRP,2022-10-30 00:00:00+00:00,2022-10-30 00:00:00+00:00,2022-10-31 00:00:00+00:00,45776683197.10148,2022-10-31 00:00:00+00:00,3,True,True,False,True
doge,DOGE,2022-10-30 00:00:00+00:00,2022-10-30 00:00:00+00:00,2022-10-31 00:00:00+00:00,15990773403.702658,2022-10-31 00:00:00+00:00,4,True,True,False,False
ada,ADA,2022-10-30 00:00:00+00:00,2022-10-30 00:00:00+00:00,2022-10-31 00:00:00+00:00,13665352078.749846,2022-10-31 00:00:00+00:00,5,True,True,False,True
xlm,XLM,2022-10-30 00:00:00+00:00,2022-10-30 00:00:00+00:00,2022-10-31 00:00:00+00:00,11708101566.784994,2022-10-31 00:00:00+00:00,6,True,True,False,False
cro,CRO,2022-10-30 00:00:00+00:00,2022-10-30 00:00:00+00:00,2022-10-31 00:00:00+00:00,11430916342.803,2022-10-31 00:00:00+00:00,7,False,True,False,False
ftt,FTT,2022-10-30 00:00:00+00:00,2022-10-30 00:00:00+00:00,2022-10-31 00:00:00+00:00,8430271270.053829,2022-10-31 00:00:00+00:00,8,False,True,False,False
link,LINK,2022-10-30 00:00:00+00:00,2022-10-30 00:00:00+00:00,2022-10-31 00:00:00+00:00,7780144958.59161,2022-10-31 00:00:00+00:00,9,False,True,True,True
uni,UNI,2022-10-30 00:00:00+00:00,2022-10-30 00:00:00+00:00,2022-10-31 00:00:00+00:00,6907196798.52205,2022-10-31 00:00:00+00:00,10,False,True,False,False
ht,HT,2022-10-30 00:00:00+00:00,2022-10-30 00:00:00+00:00,2022-10-31 00:00:00+00:00,4296282066.164605,2022-10-31 00:00:00+00:00,11,False,False,False,False
qnt,QNT,2022-10-30 00:00:00+00:00,2022-10-30 00:00:00+00:00,2022-10-31 00:00:00+00:00,4094872479.954369,2022-10-31 00:00:00+00:00,12,False,False,False,False
ltc,LTC,2022-10-30 00:00:00+00:00,2022-10-30 00:00:00+00:00,2022-10-31 00:00:00+00:00,3956887742.1927476,2022-10-31 00:00:00+00:00,13,False,False,False,True
algo,ALGO,2022-10-30 00:00:00+00:00,2022-10-30 00:00:00+00:00,2022-10-31 00:00:00+00:00,3582161529.81794,2022-10-31 00:00:00+00:00,14,False,False,False,False
etc,ETC,2022-10-30 00:00:00+00:00,2022-10-30 00:00:00+00:00,2022-10-31 00:00:00+00:00,3374874327.9852867,2022-10-31 00:00:00+00:00,15,False,False,False,False
icp,ICP,2022-10-30 00:00:00+00:00,2022-10-30 00:00:00+00:00,2022-10-31 00:00:00+00:00,2612120405.452826,2022-10-31 00:00:00+00:00,16,False,False,False,False
xmr,XMR,2022-10-30 00:00:00+00:00,2022-10-30 00:00:00+00:00,2022-10-31 00:00:00+00:00,2609059711.398891,2022-10-31 00:00:00+00:00,17,False,False,False,False
bch,BCH,2022-10-30 00:00:00+00:00,2022-10-30 00:00:00+00:00,2022-10-31 00:00:00+00:00,2231310250.923011,2022-10-31 00:00:00+00:00,18,False,False,False,False
crv,CRV,2022-10-30 00:00:00+00:00,2022-10-30 00:00:00+00:00,2022-10-31 00:00:00+00:00,1673441231.8998632,2022-10-31 00:00:00+00:00,19,False,False,False,False
ldo,LDO,2022-10-30 00:00:00+00:00,2022-10-30 00:00:00+00:00,2022-10-31 00:00:00+00:00,1553857858.07026,2022-10-31 00:00:00+00:00,20,False,False,False,False
mana,MANA,2022-10-30 00:00:00+00:00,2022-10-30 00:00:00+00:00,2022-10-31 00:00:00+00:00,1472534083.6652443,2022-10-31 00:00:00+00:00,21,False,False,False,False
aave,AAVE,2022-10-30 00:00:00+00:00,2022-10-30 00:00:00+00:00,2022-10-31 00:00:00+00:00,1340998584.3209264,2022-10-31 00:00:00+00:00,22,False,False,False,False
gno,GNO,2022-10-30 00:00:00+00:00,2022-10-30 00:00:00+00:00,2022-10-31 00:00:00+00:00,1288116648.1635,2022-10-31 00:00:00+00:00,23,False,False,False,False
lend,LEND,2022-10-30 00:00:00+00:00,2022-10-30 00:00:00+00:00,2022-10-31 00:00:00+00:00,1089561300.900772,2022-10-31 00:00:00+00:00,24,False,False,False,False
avaxc,AVAXC,2022-10-30 00:00:00+00:00,2022-10-30 00:00:00+00:00,2022-10-31 00:00:00+00:00,1041270454.1753819,2022-10-31 00:00:00+00:00,25,False,False,False,False
1inch,1INCH,2022-10-30 00:00:00+00:00,2022-10-30 00:00:00+00:00,2022-10-31 00:00:00+00:00,920300259.313044,2022-10-31 00:00:00+00:00,26,False,False,False,False
bsv,BSV,2022-10-30 00:00:00+00:00,2022-10-30 00:00:00+00:00,2022-10-31 00:00:00+00:00,915512571.5248073,2022-10-31 00:00:00+00:00,27,False,False,False,False
pax,PAX,2022-10-30 00:00:00+00:00,2022-10-30 00:00:00+00:00,2022-10-31 00:00:00+00:00,895576747.9051471,2022-10-31 00:00:00+00:00,28,False,False,False,False
mkr,MKR,2022-10-30 00:00:00+00:00,2022-10-30 00:00:00+00:00,2022-10-31 00:00:00+00:00,889011151.9578675,2022-10-31 00:00:00+00:00,29,False,False,False,False
neo,NEO,2022-10-30 00:00:00+00:00,2022-10-30 00:00:00+00:00,2022-10-31 00:00:00+00:00,858139368.160281,2022-10-31 00:00:00+00:00,30,False,False,False,False
btc,BTC,2022-11-06 00:00:00+00:00,2022-11-06 00:00:00+00:00,2022-11-07 00:00:00+00:00,402181988995.9385,2022-11-07 00:00:00+00:00,1,True,True,True,True
eth,ETH,2022-11-06 00:00:00+00:00,2022-11-06 00:00:00+00:00,2022-11-07 00:00:00+00:00,189826866254.16013,2022-11-07 00:00:00+00:00,2,True,True,True,True
xrp,XRP,2022-11-06 00:00:00+00:00,2022-11-06 00:00:00+00:00,2022-11-07 00:00:00+00:00,47121794771.90651,2022-11-07 00:00:00+00:00,3,True,True,False,True
doge,DOGE,2022-11-06 00:00:00+00:00,2022-11-06 00:00:00+00:00,2022-11-07 00:00:00+00:00,15654386234.762392,2022-11-07 00:00:00+00:00,4,True,True,False,False
ada,ADA,2022-11-06 00:00:00+00:00,2022-11-06 00:00:00+00:00,2022-11-07 00:00:00+00:00,13627154954.43843,2022-11-07 00:00:00+00:00,5,True,True,False,True
cro,CRO,2022-11-06 00:00:00+00:00,2022-11-06 00:00:00+00:00,2022-11-07 00:00:00+00:00,11853310481.2102,2022-11-07 00:00:00+00:00,6,True,True,False,False
xlm,XLM,2022-11-06 00:00:00+00:00,2022-11-06 00:00:00+00:00,2022-11-07 00:00:00+00:00,11519555003.519903,2022-11-07 00:00:00+00:00,7,False,True,False,False
link,LINK,2022-11-06 00:00:00+00:00,2022-11-06 00:00:00+00:00,2022-11-07 00:00:00+00:00,8127981187.10339,2022-11-07 00:00:00+00:00,8,False,True,True,True
ftt,FTT,2022-11-06 00:00:00+00:00,2022-11-06 00:00:00+00:00,2022-11-07 00:00:00+00:00,7345957605.371042,2022-11-07 00:00:00+00:00,9,False,True,False,False
uni,UNI,2022-11-06 00:00:00+00:00,2022-11-06 00:00:00+00:00,2022-11-07 00:00:00+00:00,7098647062.42479,2022-11-07 00:00:00+00:00,10,False,True,False,False
ltc,LTC,2022-11-06 00:00:00+00:00,2022-11-06 00:00:00+00:00,2022-11-07 00:00:00+00:00,4873678257.616711,2022-11-07 00:00:00+00:00,11,False,False,False,True
algo,ALGO,2022-11-06 00:00:00+00:00,2022-11-06 00:00:00+00:00,2022-11-07 00:00:00+00:00,4057839861.11815,2022-11-07 00:00:00+00:00,12,False,False,False,False
ht,HT,2022-11-06 00:00:00+00:00,2022-11-06 00:00:00+00:00,2022-11-07 00:00:00+00:00,4022587788.67545,2022-11-07 00:00:00+00:00,13,False,False,False,False
qnt,QNT,2022-11-06 00:00:00+00:00,2022-11-06 00:00:00+00:00,2022-11-07 00:00:00+00:00,3838758373.843488,2022-11-07 00:00:00+00:00,14,False,False,False,False
etc,ETC,2022-11-06 00:00:00+00:00,2022-11-06 00:00:00+00:00,2022-11-07 00:00:00+00:00,3435108893.2603374,2022-11-07 00:00:00+00:00,15,False,False,False,False
xmr,XMR,2022-11-06 00:00:00+00:00,2022-11-06 00:00:00+00:00,2022-11-07 00:00:00+00:00,2744482326.135794,2022-11-07 00:00:00+00:00,16,False,False,False,False
icp,ICP,2022-11-06 00:00:00+00:00,2022-11-06 00:00:00+00:00,2022-11-07 00:00:00+00:00,2557192760.273678,2022-11-07 00:00:00+00:00,17,False,False,False,False
bch,BCH,2022-11-06 00:00:00+00:00,2022-11-06 00:00:00+00:00,2022-11-07 00:00:00+00:00,2245527341.7792077,2022-11-07 00:00:00+00:00,18,False,False,False,False
crv,CRV,2022-11-06 00:00:00+00:00,2022-11-06 00:00:00+00:00,2022-11-07 00:00:00+00:00,1763550477.3483608,2022-11-07 00:00:00+00:00,19,False,False,False,False
ldo,LDO,2022-11-06 00:00:00+00:00,2022-11-06 00:00:00+00:00,2022-11-07 00:00:00+00:00,1588952964.42794,2022-11-07 00:00:00+00:00,20,False,False,False,False
mana,MANA,2022-11-06 00:00:00+00:00,2022-11-06 00:00:00+00:00,2022-11-07 00:00:00+00:00,1461743452.106702,2022-11-07 00:00:00+00:00,21,False,False,False,False
aave,AAVE,2022-11-06 00:00:00+00:00,2022-11-06 00:00:00+00:00,2022-11-07 00:00:00+00:00,1391978871.7704191,2022-11-07 00:00:00+00:00,22,False,False,False,False
gno,GNO,2022-11-06 00:00:00+00:00,2022-11-06 00:00:00+00:00,2022-11-07 00:00:00+00:00,1177822430.30677,2022-11-07 00:00:00+00:00,23,False,False,False,False
lend,LEND,2022-11-06 00:00:00+00:00,2022-11-06 00:00:00+00:00,2022-11-07 00:00:00+00:00,1130982782.5959916,2022-11-07 00:00:00+00:00,24,False,False,False,False
avaxc,AVAXC,2022-11-06 00:00:00+00:00,2022-11-06 00:00:00+00:00,2022-11-07 00:00:00+00:00,1055907917.9844763,2022-11-07 00:00:00+00:00,25,False,False,False,False
1inch,1INCH,2022-11-06 00:00:00+00:00,2022-11-06 00:00:00+00:00,2022-11-07 00:00:00+00:00,952415753.9367135,2022-11-07 00:00:00+00:00,26,False,False,False,False
bsv,BSV,2022-11-06 00:00:00+00:00,2022-11-06 00:00:00+00:00,2022-11-07 00:00:00+00:00,903856679.1735967,2022-11-07 00:00:00+00:00,27,False,False,False,False
pax,PAX,2022-11-06 00:00:00+00:00,2022-11-06 00:00:00+00:00,2022-11-07 00:00:00+00:00,898745368.3540347,2022-11-07 00:00:00+00:00,28,False,False,False,False
neo,NEO,2022-11-06 00:00:00+00:00,2022-11-06 00:00:00+00:00,2022-11-07 00:00:00+00:00,858044282.776514,2022-11-07 00:00:00+00:00,29,False,False,False,False
mkr,MKR,2022-11-06 00:00:00+00:00,2022-11-06 00:00:00+00:00,2022-11-07 00:00:00+00:00,822538847.2573576,2022-11-07 00:00:00+00:00,30,False,False,False,False
btc,BTC,2022-11-13 00:00:00+00:00,2022-11-13 00:00:00+00:00,2022-11-14 00:00:00+00:00,313461563543.2652,2022-11-14 00:00:00+00:00,1,True,True,True,True
eth,ETH,2022-11-13 00:00:00+00:00,2022-11-13 00:00:00+00:00,2022-11-14 00:00:00+00:00,147050025301.25134,2022-11-14 00:00:00+00:00,2,True,True,True,True
xrp,XRP,2022-11-13 00:00:00+00:00,2022-11-13 00:00:00+00:00,2022-11-14 00:00:00+00:00,33778835184.147038,2022-11-14 00:00:00+00:00,3,True,True,False,True
doge,DOGE,2022-11-13 00:00:00+00:00,2022-11-13 00:00:00+00:00,2022-11-14 00:00:00+00:00,11541079329.261358,2022-11-14 00:00:00+00:00,4,True,True,False,False
ada,ADA,2022-11-13 00:00:00+00:00,2022-11-13 00:00:00+00:00,2022-11-14 00:00:00+00:00,11067728163.619022,2022-11-14 00:00:00+00:00,5,True,True,False,True
xlm,XLM,2022-11-13 00:00:00+00:00,2022-11-13 00:00:00+00:00,2022-11-14 00:00:00+00:00,9236140619.010868,2022-11-14 00:00:00+00:00,6,True,True,False,False
cro,CRO,2022-11-13 00:00:00+00:00,2022-11-13 00:00:00+00:00,2022-11-14 00:00:00+00:00,6439118956.09101,2022-11-14 00:00:00+00:00,7,False,True,False,False
link,LINK,2022-11-13 00:00:00+00:00,2022-11-13 00:00:00+00:00,2022-11-14 00:00:00+00:00,6027472435.65203,2022-11-14 00:00:00+00:00,8,False,True,True,True
uni,UNI,2022-11-13 00:00:00+00:00,2022-11-13 00:00:00+00:00,2022-11-14 00:00:00+00:00,5772255659.0627,2022-11-14 00:00:00+00:00,9,False,True,False,False
ltc,LTC,2022-11-13 00:00:00+00:00,2022-11-13 00:00:00+00:00,2022-11-14 00:00:00+00:00,4095606923.8702908,2022-11-14 00:00:00+00:00,10,False,True,False,True
etc,ETC,2022-11-13 00:00:00+00:00,2022-11-13 00:00:00+00:00,2022-11-14 00:00:00+00:00,2727744838.9635825,2022-11-14 00:00:00+00:00,11,False,False,False,False
algo,ALGO,2022-11-13 00:00:00+00:00,2022-11-13 00:00:00+00:00,2022-11-14 00:00:00+00:00,2602272098.42263,2022-11-14 00:00:00+00:00,12,False,False,False,False
qnt,QNT,2022-11-13 00:00:00+00:00,2022-11-13 00:00:00+00:00,2022-11-14 00:00:00+00:00,2485309332.53229,2022-11-14 00:00:00+00:00,13,False,False,False,False
ht,HT,2022-11-13 00:00:00+00:00,2022-11-13 00:00:00+00:00,2022-11-14 00:00:00+00:00,2427004543.88913,2022-11-14 00:00:00+00:00,14,False,False,False,False
xmr,XMR,2022-11-13 00:00:00+00:00,2022-11-13 00:00:00+00:00,2022-11-14 00:00:00+00:00,2251607567.151963,2022-11-14 00:00:00+00:00,15,False,False,False,False
icp,ICP,2022-11-13 00:00:00+00:00,2022-11-13 00:00:00+00:00,2022-11-14 00:00:00+00:00,1927868054.5268636,2022-11-14 00:00:00+00:00,16,False,False,False,False
bch,BCH,2022-11-13 00:00:00+00:00,2022-11-13 00:00:00+00:00,2022-11-14 00:00:00+00:00,1907346610.8385055,2022-11-14 00:00:00+00:00,17,False,False,False,False
crv,CRV,2022-11-13 00:00:00+00:00,2022-11-13 00:00:00+00:00,2022-11-14 00:00:00+00:00,1163547571.3728921,2022-11-14 00:00:00+00:00,18,False,False,False,False
ldo,LDO,2022-11-13 00:00:00+00:00,2022-11-13 00:00:00+00:00,2022-11-14 00:00:00+00:00,1061298624.53857,2022-11-14 00:00:00+00:00,19,False,False,False,False
mana,MANA,2022-11-13 00:00:00+00:00,2022-11-13 00:00:00+00:00,2022-11-14 00:00:00+00:00,977571375.3827397,2022-11-14 00:00:00+00:00,20,False,False,False,False
aave,AAVE,2022-11-13 00:00:00+00:00,2022-11-13 00:00:00+00:00,2022-11-14 00:00:00+00:00,901695118.4628752,2022-11-14 00:00:00+00:00,21,False,False,False,False
gno,GNO,2022-11-13 00:00:00+00:00,2022-11-13 00:00:00+00:00,2022-11-14 00:00:00+00:00,893638201.203591,2022-11-14 00:00:00+00:00,22,False,False,False,False
pax,PAX,2022-11-13 00:00:00+00:00,2022-11-13 00:00:00+00:00,2022-11-14 00:00:00+00:00,852178846.7801278,2022-11-14 00:00:00+00:00,23,False,False,False,False
1inch,1INCH,2022-11-13 00:00:00+00:00,2022-11-13 00:00:00+00:00,2022-11-14 00:00:00+00:00,775121350.2610275,2022-11-14 00:00:00+00:00,24,False,False,False,False
bsv,BSV,2022-11-13 00:00:00+00:00,2022-11-13 00:00:00+00:00,2022-11-14 00:00:00+00:00,743527873.837498,2022-11-14 00:00:00+00:00,25,False,False,False,False
lend,LEND,2022-11-13 00:00:00+00:00,2022-11-13 00:00:00+00:00,2022-11-14 00:00:00+00:00,732627250.8973557,2022-11-14 00:00:00+00:00,26,False,False,False,False
avaxc,AVAXC,2022-11-13 00:00:00+00:00,2022-11-13 00:00:00+00:00,2022-11-14 00:00:00+00:00,732034985.2676054,2022-11-14 00:00:00+00:00,27,False,False,False,False
neo,NEO,2022-11-13 00:00:00+00:00,2022-11-13 00:00:00+00:00,2022-11-14 00:00:00+00:00,661144340.336506,2022-11-14 00:00:00+00:00,28,False,False,False,False
mkr,MKR,2022-11-13 00:00:00+00:00,2022-11-13 00:00:00+00:00,2022-11-14 00:00:00+00:00,658411955.3934721,2022-11-14 00:00:00+00:00,29,False,False,False,False
zec,ZEC,2022-11-13 00:00:00+00:00,2022-11-13 00:00:00+00:00,2022-11-14 00:00:00+00:00,525973839.8600183,2022-11-14 00:00:00+00:00,30,False,False,False,False
btc,BTC,2022-11-20 00:00:00+00:00,2022-11-20 00:00:00+00:00,2022-11-21 00:00:00+00:00,312148570627.2465,2022-11-21 00:00:00+00:00,1,True,True,True,True
eth,ETH,2022-11-20 00:00:00+00:00,2022-11-20 00:00:00+00:00,2022-11-21 00:00:00+00:00,137348810056.51363,2022-11-21 00:00:00+00:00,2,True,True,True,True
xrp,XRP,2022-11-20 00:00:00+00:00,2022-11-20 00:00:00+00:00,2022-11-21 00:00:00+00:00,36065219191.73799,2022-11-21 00:00:00+00:00,3,True,True,False,True
doge,DOGE,2022-11-20 00:00:00+00:00,2022-11-20 00:00:00+00:00,2022-11-21 00:00:00+00:00,10555644935.473072,2022-11-21 00:00:00+00:00,4,True,True,False,False
ada,ADA,2022-11-20 00:00:00+00:00,2022-11-20 00:00:00+00:00,2022-11-21 00:00:00+00:00,10532717178.583715,2022-11-21 00:00:00+00:00,5,True,True,False,True
xlm,XLM,2022-11-20 00:00:00+00:00,2022-11-20 00:00:00+00:00,2022-11-21 00:00:00+00:00,9105403557.182571,2022-11-21 00:00:00+00:00,6,True,True,False,False
cro,CRO,2022-11-20 00:00:00+00:00,2022-11-20 00:00:00+00:00,2022-11-21 00:00:00+00:00,6354309188.35487,2022-11-21 00:00:00+00:00,7,False,True,False,False
link,LINK,2022-11-20 00:00:00+00:00,2022-11-20 00:00:00+00:00,2022-11-21 00:00:00+00:00,5757454889.98945,2022-11-21 00:00:00+00:00,8,False,True,True,True
uni,UNI,2022-11-20 00:00:00+00:00,2022-11-20 00:00:00+00:00,2022-11-21 00:00:00+00:00,5418147740.65592,2022-11-21 00:00:00+00:00,9,False,True,False,False
ltc,LTC,2022-11-20 00:00:00+00:00,2022-11-20 00:00:00+00:00,2022-11-21 00:00:00+00:00,4433890257.12996,2022-11-21 00:00:00+00:00,10,False,True,False,True
qnt,QNT,2022-11-20 00:00:00+00:00,2022-11-20 00:00:00+00:00,2022-11-21 00:00:00+00:00,2586302733.2236023,2022-11-21 00:00:00+00:00,11,False,False,False,False
algo,ALGO,2022-11-20 00:00:00+00:00,2022-11-20 00:00:00+00:00,2022-11-21 00:00:00+00:00,2551649553.72112,2022-11-21 00:00:00+00:00,12,False,False,False,False
etc,ETC,2022-11-20 00:00:00+00:00,2022-11-20 00:00:00+00:00,2022-11-21 00:00:00+00:00,2505381518.4234796,2022-11-21 00:00:00+00:00,13,False,False,False,False
xmr,XMR,2022-11-20 00:00:00+00:00,2022-11-20 00:00:00+00:00,2022-11-21 00:00:00+00:00,2299641398.967593,2022-11-21 00:00:00+00:00,14,False,False,False,False
ht,HT,2022-11-20 00:00:00+00:00,2022-11-20 00:00:00+00:00,2022-11-21 00:00:00+00:00,2187593869.514,2022-11-21 00:00:00+00:00,15,False,False,False,False
bch,BCH,2022-11-20 00:00:00+00:00,2022-11-20 00:00:00+00:00,2022-11-21 00:00:00+00:00,2007857991.3455052,2022-11-21 00:00:00+00:00,16,False,False,False,False
icp,ICP,2022-11-20 00:00:00+00:00,2022-11-20 00:00:00+00:00,2022-11-21 00:00:00+00:00,1783715090.9737127,2022-11-21 00:00:00+00:00,17,False,False,False,False
ldo,LDO,2022-11-20 00:00:00+00:00,2022-11-20 00:00:00+00:00,2022-11-21 00:00:00+00:00,1104311229.69393,2022-11-21 00:00:00+00:00,18,False,False,False,False
crv,CRV,2022-11-20 00:00:00+00:00,2022-11-20 00:00:00+00:00,2022-11-21 00:00:00+00:00,947917448.5504551,2022-11-21 00:00:00+00:00,19,False,False,False,False
pax,PAX,2022-11-20 00:00:00+00:00,2022-11-20 00:00:00+00:00,2022-11-21 00:00:00+00:00,931433248.5102053,2022-11-21 00:00:00+00:00,20,False,False,False,False
aave,AAVE,2022-11-20 00:00:00+00:00,2022-11-20 00:00:00+00:00,2022-11-21 00:00:00+00:00,896934921.4721456,2022-11-21 00:00:00+00:00,21,False,False,False,False
mana,MANA,2022-11-20 00:00:00+00:00,2022-11-20 00:00:00+00:00,2022-11-21 00:00:00+00:00,841140220.3754435,2022-11-21 00:00:00+00:00,22,False,False,False,False
gno,GNO,2022-11-20 00:00:00+00:00,2022-11-20 00:00:00+00:00,2022-11-21 00:00:00+00:00,839359715.239186,2022-11-21 00:00:00+00:00,23,False,False,False,False
1inch,1INCH,2022-11-20 00:00:00+00:00,2022-11-20 00:00:00+00:00,2022-11-21 00:00:00+00:00,755118671.9925585,2022-11-21 00:00:00+00:00,24,False,False,False,False
lend,LEND,2022-11-20 00:00:00+00:00,2022-11-20 00:00:00+00:00,2022-11-21 00:00:00+00:00,728759591.0158281,2022-11-21 00:00:00+00:00,25,False,False,False,False
bsv,BSV,2022-11-20 00:00:00+00:00,2022-11-20 00:00:00+00:00,2022-11-21 00:00:00+00:00,727489177.429771,2022-11-21 00:00:00+00:00,26,False,False,False,False
avaxc,AVAXC,2022-11-20 00:00:00+00:00,2022-11-20 00:00:00+00:00,2022-11-21 00:00:00+00:00,688200030.234551,2022-11-21 00:00:00+00:00,27,False,False,False,False
neo,NEO,2022-11-20 00:00:00+00:00,2022-11-20 00:00:00+00:00,2022-11-21 00:00:00+00:00,646746765.415535,2022-11-21 00:00:00+00:00,28,False,False,False,False
mkr,MKR,2022-11-20 00:00:00+00:00,2022-11-20 00:00:00+00:00,2022-11-21 00:00:00+00:00,642675634.9821775,2022-11-21 00:00:00+00:00,29,False,False,False,False
snx,SNX,2022-11-20 00:00:00+00:00,2022-11-20 00:00:00+00:00,2022-11-21 00:00:00+00:00,513961763.5233304,2022-11-21 00:00:00+00:00,30,False,False,False,False
btc,BTC,2022-11-27 00:00:00+00:00,2022-11-27 00:00:00+00:00,2022-11-28 00:00:00+00:00,315875880963.40686,2022-11-28 00:00:00+00:00,1,True,True,True,True
eth,ETH,2022-11-27 00:00:00+00:00,2022-11-27 00:00:00+00:00,2022-11-28 00:00:00+00:00,144249485277.48773,2022-11-28 00:00:00+00:00,2,True,True,True,True
xrp,XRP,2022-11-27 00:00:00+00:00,2022-11-27 00:00:00+00:00,2022-11-28 00:00:00+00:00,39631129899.84593,2022-11-28 00:00:00+00:00,3,True,True,False,True
doge,DOGE,2022-11-27 00:00:00+00:00,2022-11-27 00:00:00+00:00,2022-11-28 00:00:00+00:00,13659320827.377785,2022-11-28 00:00:00+00:00,4,True,True,False,False
ada,ADA,2022-11-27 00:00:00+00:00,2022-11-27 00:00:00+00:00,2022-11-28 00:00:00+00:00,10573229849.056004,2022-11-28 00:00:00+00:00,5,True,True,False,True
xlm,XLM,2022-11-27 00:00:00+00:00,2022-11-27 00:00:00+00:00,2022-11-28 00:00:00+00:00,9499108019.467596,2022-11-28 00:00:00+00:00,6,True,True,False,False
link,LINK,2022-11-27 00:00:00+00:00,2022-11-27 00:00:00+00:00,2022-11-28 00:00:00+00:00,6920828568.72312,2022-11-28 00:00:00+00:00,7,False,True,True,True
cro,CRO,2022-11-27 00:00:00+00:00,2022-11-27 00:00:00+00:00,2022-11-28 00:00:00+00:00,6436859381.02485,2022-11-28 00:00:00+00:00,8,False,True,False,False
uni,UNI,2022-11-27 00:00:00+00:00,2022-11-27 00:00:00+00:00,2022-11-28 00:00:00+00:00,5418957230.38442,2022-11-28 00:00:00+00:00,9,False,True,False,False
ltc,LTC,2022-11-27 00:00:00+00:00,2022-11-27 00:00:00+00:00,2022-11-28 00:00:00+00:00,5370651364.398306,2022-11-28 00:00:00+00:00,10,False,True,False,True
ht,HT,2022-11-27 00:00:00+00:00,2022-11-27 00:00:00+00:00,2022-11-28 00:00:00+00:00,3516392755.810785,2022-11-28 00:00:00+00:00,11,False,False,False,False
qnt,QNT,2022-11-27 00:00:00+00:00,2022-11-27 00:00:00+00:00,2022-11-28 00:00:00+00:00,2886434969.9961815,2022-11-28 00:00:00+00:00,12,False,False,False,False
etc,ETC,2022-11-27 00:00:00+00:00,2022-11-27 00:00:00+00:00,2022-11-28 00:00:00+00:00,2744108380.445927,2022-11-28 00:00:00+00:00,13,False,False,False,False
xmr,XMR,2022-11-27 00:00:00+00:00,2022-11-27 00:00:00+00:00,2022-11-28 00:00:00+00:00,2417046538.993653,2022-11-28 00:00:00+00:00,14,False,False,False,False
algo,ALGO,2022-11-27 00:00:00+00:00,2022-11-27 00:00:00+00:00,2022-11-28 00:00:00+00:00,2404107892.02417,2022-11-28 00:00:00+00:00,15,False,False,False,False
bch,BCH,2022-11-27 00:00:00+00:00,2022-11-27 00:00:00+00:00,2022-11-28 00:00:00+00:00,2139319803.753874,2022-11-28 00:00:00+00:00,16,False,False,False,False
icp,ICP,2022-11-27 00:00:00+00:00,2022-11-27 00:00:00+00:00,2022-11-28 00:00:00+00:00,1930552868.0534434,2022-11-28 00:00:00+00:00,17,False,False,False,False
crv,CRV,2022-11-27 00:00:00+00:00,2022-11-27 00:00:00+00:00,2022-11-28 00:00:00+00:00,1273573530.60024,2022-11-28 00:00:00+00:00,18,False,False,False,False
ldo,LDO,2022-11-27 00:00:00+00:00,2022-11-27 00:00:00+00:00,2022-11-28 00:00:00+00:00,1076757770.00557,2022-11-28 00:00:00+00:00,19,False,False,False,False
aave,AAVE,2022-11-27 00:00:00+00:00,2022-11-27 00:00:00+00:00,2022-11-28 00:00:00+00:00,985658245.3788624,2022-11-28 00:00:00+00:00,20,False,False,False,False
pax,PAX,2022-11-27 00:00:00+00:00,2022-11-27 00:00:00+00:00,2022-11-28 00:00:00+00:00,907692222.6009729,2022-11-28 00:00:00+00:00,21,False,False,False,False
mana,MANA,2022-11-27 00:00:00+00:00,2022-11-27 00:00:00+00:00,2022-11-28 00:00:00+00:00,878230568.1235332,2022-11-28 00:00:00+00:00,22,False,False,False,False
gno,GNO,2022-11-27 00:00:00+00:00,2022-11-27 00:00:00+00:00,2022-11-28 00:00:00+00:00,843710011.225488,2022-11-28 00:00:00+00:00,23,False,False,False,False
lend,LEND,2022-11-27 00:00:00+00:00,2022-11-27 00:00:00+00:00,2022-11-28 00:00:00+00:00,800847288.457355,2022-11-28 00:00:00+00:00,24,False,False,False,False
1inch,1INCH,2022-11-27 00:00:00+00:00,2022-11-27 00:00:00+00:00,2022-11-28 00:00:00+00:00,778613974.8067095,2022-11-28 00:00:00+00:00,25,False,False,False,False
bsv,BSV,2022-11-27 00:00:00+00:00,2022-11-27 00:00:00+00:00,2022-11-28 00:00:00+00:00,771206127.5843607,2022-11-28 00:00:00+00:00,26,False,False,False,False
avaxc,AVAXC,2022-11-27 00:00:00+00:00,2022-11-27 00:00:00+00:00,2022-11-28 00:00:00+00:00,733877743.8601815,2022-11-28 00:00:00+00:00,27,False,False,False,False
neo,NEO,2022-11-27 00:00:00+00:00,2022-11-27 00:00:00+00:00,2022-11-28 00:00:00+00:00,684222311.035063,2022-11-28 00:00:00+00:00,28,False,False,False,False
mkr,MKR,2022-11-27 00:00:00+00:00,2022-11-27 00:00:00+00:00,2022-11-28 00:00:00+00:00,625911732.8717092,2022-11-28 00:00:00+00:00,29,False,False,False,False
zec,ZEC,2022-11-27 00:00:00+00:00,2022-11-27 00:00:00+00:00,2022-11-28 00:00:00+00:00,536468500.9784274,2022-11-28 00:00:00+00:00,30,False,False,False,False
btc,BTC,2022-12-04 00:00:00+00:00,2022-12-04 00:00:00+00:00,2022-12-05 00:00:00+00:00,329155312451.6082,2022-12-05 00:00:00+00:00,1,True,True,True,True
eth,ETH,2022-12-04 00:00:00+00:00,2022-12-04 00:00:00+00:00,2022-12-05 00:00:00+00:00,154277160079.7796,2022-12-05 00:00:00+00:00,2,True,True,True,True
xrp,XRP,2022-12-04 00:00:00+00:00,2022-12-04 00:00:00+00:00,2022-12-05 00:00:00+00:00,39015129090.88424,2022-12-05 00:00:00+00:00,3,True,True,False,True
doge,DOGE,2022-12-04 00:00:00+00:00,2022-12-04 00:00:00+00:00,2022-12-05 00:00:00+00:00,14299921905.58095,2022-12-05 00:00:00+00:00,4,True,True,False,False
ada,ADA,2022-12-04 00:00:00+00:00,2022-12-04 00:00:00+00:00,2022-12-05 00:00:00+00:00,10909417905.637678,2022-12-05 00:00:00+00:00,5,True,True,False,True
xlm,XLM,2022-12-04 00:00:00+00:00,2022-12-04 00:00:00+00:00,2022-12-05 00:00:00+00:00,9253012860.722342,2022-12-05 00:00:00+00:00,6,True,True,False,False
link,LINK,2022-12-04 00:00:00+00:00,2022-12-04 00:00:00+00:00,2022-12-05 00:00:00+00:00,7436724634.3438,2022-12-05 00:00:00+00:00,7,False,True,True,True
cro,CRO,2022-12-04 00:00:00+00:00,2022-12-04 00:00:00+00:00,2022-12-05 00:00:00+00:00,6484983281.51825,2022-12-05 00:00:00+00:00,8,False,True,False,False
uni,UNI,2022-12-04 00:00:00+00:00,2022-12-04 00:00:00+00:00,2022-12-05 00:00:00+00:00,6261768902.88081,2022-12-05 00:00:00+00:00,9,False,True,False,False
ltc,LTC,2022-12-04 00:00:00+00:00,2022-12-04 00:00:00+00:00,2022-12-05 00:00:00+00:00,5532366948.698898,2022-12-05 00:00:00+00:00,10,False,True,False,True
ht,HT,2022-12-04 00:00:00+00:00,2022-12-04 00:00:00+00:00,2022-12-05 00:00:00+00:00,3338054746.824285,2022-12-05 00:00:00+00:00,11,False,False,False,False
qnt,QNT,2022-12-04 00:00:00+00:00,2022-12-04 00:00:00+00:00,2022-12-05 00:00:00+00:00,3143196272.8514647,2022-12-05 00:00:00+00:00,12,False,False,False,False
etc,ETC,2022-12-04 00:00:00+00:00,2022-12-04 00:00:00+00:00,2022-12-05 00:00:00+00:00,2698828413.841107,2022-12-05 00:00:00+00:00,13,False,False,False,False
xmr,XMR,2022-12-04 00:00:00+00:00,2022-12-04 00:00:00+00:00,2022-12-05 00:00:00+00:00,2532171963.6560435,2022-12-05 00:00:00+00:00,14,False,False,False,False
algo,ALGO,2022-12-04 00:00:00+00:00,2022-12-04 00:00:00+00:00,2022-12-05 00:00:00+00:00,2398742653.33628,2022-12-05 00:00:00+00:00,15,False,False,False,False
bch,BCH,2022-12-04 00:00:00+00:00,2022-12-04 00:00:00+00:00,2022-12-05 00:00:00+00:00,2139058300.5857983,2022-12-05 00:00:00+00:00,16,False,False,False,False
icp,ICP,2022-12-04 00:00:00+00:00,2022-12-04 00:00:00+00:00,2022-12-05 00:00:00+00:00,2135188341.0257967,2022-12-05 00:00:00+00:00,17,False,False,False,False
crv,CRV,2022-12-04 00:00:00+00:00,2022-12-04 00:00:00+00:00,2022-12-05 00:00:00+00:00,1247976959.3575737,2022-12-05 00:00:00+00:00,18,False,False,False,False
ldo,LDO,2022-12-04 00:00:00+00:00,2022-12-04 00:00:00+00:00,2022-12-05 00:00:00+00:00,1106884381.90789,2022-12-05 00:00:00+00:00,19,False,False,False,False
aave,AAVE,2022-12-04 00:00:00+00:00,2022-12-04 00:00:00+00:00,2022-12-05 00:00:00+00:00,1028986576.8785936,2022-12-05 00:00:00+00:00,20,False,False,False,False
gno,GNO,2022-12-04 00:00:00+00:00,2022-12-04 00:00:00+00:00,2022-12-05 00:00:00+00:00,927399251.85913,2022-12-05 00:00:00+00:00,21,False,False,False,False
mana,MANA,2022-12-04 00:00:00+00:00,2022-12-04 00:00:00+00:00,2022-12-05 00:00:00+00:00,899407347.3911806,2022-12-05 00:00:00+00:00,22,False,False,False,False
lend,LEND,2022-12-04 00:00:00+00:00,2022-12-04 00:00:00+00:00,2022-12-05 00:00:00+00:00,836051556.2221963,2022-12-05 00:00:00+00:00,23,False,False,False,False
bsv,BSV,2022-12-04 00:00:00+00:00,2022-12-04 00:00:00+00:00,2022-12-05 00:00:00+00:00,809771279.5612228,2022-12-05 00:00:00+00:00,24,False,False,False,False
avaxc,AVAXC,2022-12-04 00:00:00+00:00,2022-12-04 00:00:00+00:00,2022-12-05 00:00:00+00:00,801458642.3932201,2022-12-05 00:00:00+00:00,25,False,False,False,False
pax,PAX,2022-12-04 00:00:00+00:00,2022-12-04 00:00:00+00:00,2022-12-05 00:00:00+00:00,766714890.3928624,2022-12-05 00:00:00+00:00,26,False,False,False,False
1inch,1INCH,2022-12-04 00:00:00+00:00,2022-12-04 00:00:00+00:00,2022-12-05 00:00:00+00:00,745517359.7112405,2022-12-05 00:00:00+00:00,27,False,False,False,False
neo,NEO,2022-12-04 00:00:00+00:00,2022-12-04 00:00:00+00:00,2022-12-05 00:00:00+00:00,690710997.563712,2022-12-05 00:00:00+00:00,28,False,False,False,False
mkr,MKR,2022-12-04 00:00:00+00:00,2022-12-04 00:00:00+00:00,2022-12-05 00:00:00+00:00,634785770.0699954,2022-12-05 00:00:00+00:00,29,False,False,False,False
zec,ZEC,2022-12-04 00:00:00+00:00,2022-12-04 00:00:00+00:00,2022-12-05 00:00:00+00:00,604489845.9071087,2022-12-05 00:00:00+00:00,30,False,False,False,False
btc,BTC,2022-12-11 00:00:00+00:00,2022-12-11 00:00:00+00:00,2022-12-12 00:00:00+00:00,328744079344.8782,2022-12-12 00:00:00+00:00,1,True,True,True,True
eth,ETH,2022-12-11 00:00:00+00:00,2022-12-11 00:00:00+00:00,2022-12-12 00:00:00+00:00,152231868108.20074,2022-12-12 00:00:00+00:00,2,True,True,True,True
xrp,XRP,2022-12-11 00:00:00+00:00,2022-12-11 00:00:00+00:00,2022-12-12 00:00:00+00:00,38130906339.11863,2022-12-12 00:00:00+00:00,3,True,True,False,True
doge,DOGE,2022-12-11 00:00:00+00:00,2022-12-11 00:00:00+00:00,2022-12-12 00:00:00+00:00,12722479837.821405,2022-12-12 00:00:00+00:00,4,True,True,False,False
ada,ADA,2022-12-11 00:00:00+00:00,2022-12-11 00:00:00+00:00,2022-12-12 00:00:00+00:00,10396543774.658316,2022-12-12 00:00:00+00:00,5,True,True,False,True
xlm,XLM,2022-12-11 00:00:00+00:00,2022-12-11 00:00:00+00:00,2022-12-12 00:00:00+00:00,8830486954.806946,2022-12-12 00:00:00+00:00,6,True,True,False,False
link,LINK,2022-12-11 00:00:00+00:00,2022-12-11 00:00:00+00:00,2022-12-12 00:00:00+00:00,6707074636.38663,2022-12-12 00:00:00+00:00,7,False,True,True,True
cro,CRO,2022-12-11 00:00:00+00:00,2022-12-11 00:00:00+00:00,2022-12-12 00:00:00+00:00,6337822605.25955,2022-12-12 00:00:00+00:00,8,False,True,False,False
uni,UNI,2022-12-11 00:00:00+00:00,2022-12-11 00:00:00+00:00,2022-12-12 00:00:00+00:00,5927625999.79778,2022-12-12 00:00:00+00:00,9,False,True,False,False
ltc,LTC,2022-12-11 00:00:00+00:00,2022-12-11 00:00:00+00:00,2022-12-12 00:00:00+00:00,5499437441.345163,2022-12-12 00:00:00+00:00,10,False,True,False,True
ht,HT,2022-12-11 00:00:00+00:00,2022-12-11 00:00:00+00:00,2022-12-12 00:00:00+00:00,3221294478.773815,2022-12-12 00:00:00+00:00,11,False,False,False,False
qnt,QNT,2022-12-11 00:00:00+00:00,2022-12-11 00:00:00+00:00,2022-12-12 00:00:00+00:00,2871785958.7000594,2022-12-12 00:00:00+00:00,12,False,False,False,False
xmr,XMR,2022-12-11 00:00:00+00:00,2022-12-11 00:00:00+00:00,2022-12-12 00:00:00+00:00,2661234702.7003236,2022-12-12 00:00:00+00:00,13,False,False,False,False
etc,ETC,2022-12-11 00:00:00+00:00,2022-12-11 00:00:00+00:00,2022-12-12 00:00:00+00:00,2616031289.624652,2022-12-12 00:00:00+00:00,14,False,False,False,False
algo,ALGO,2022-12-11 00:00:00+00:00,2022-12-11 00:00:00+00:00,2022-12-12 00:00:00+00:00,2224762526.9635,2022-12-12 00:00:00+00:00,15,False,False,False,False
icp,ICP,2022-12-11 00:00:00+00:00,2022-12-11 00:00:00+00:00,2022-12-12 00:00:00+00:00,2081309396.8592489,2022-12-12 00:00:00+00:00,16,False,False,False,False
bch,BCH,2022-12-11 00:00:00+00:00,2022-12-11 00:00:00+00:00,2022-12-12 00:00:00+00:00,2046352082.0047834,2022-12-12 00:00:00+00:00,17,False,False,False,False
crv,CRV,2022-12-11 00:00:00+00:00,2022-12-11 00:00:00+00:00,2022-12-12 00:00:00+00:00,1174578431.8007505,2022-12-12 00:00:00+00:00,18,False,False,False,False
ldo,LDO,2022-12-11 00:00:00+00:00,2022-12-11 00:00:00+00:00,2022-12-12 00:00:00+00:00,1028855449.61371,2022-12-12 00:00:00+00:00,19,False,False,False,False
aave,AAVE,2022-12-11 00:00:00+00:00,2022-12-11 00:00:00+00:00,2022-12-12 00:00:00+00:00,954423563.6645328,2022-12-12 00:00:00+00:00,20,False,False,False,False
gno,GNO,2022-12-11 00:00:00+00:00,2022-12-11 00:00:00+00:00,2022-12-12 00:00:00+00:00,887567713.534214,2022-12-12 00:00:00+00:00,21,False,False,False,False
mana,MANA,2022-12-11 00:00:00+00:00,2022-12-11 00:00:00+00:00,2022-12-12 00:00:00+00:00,854297491.5164925,2022-12-12 00:00:00+00:00,22,False,False,False,False
bsv,BSV,2022-12-11 00:00:00+00:00,2022-12-11 00:00:00+00:00,2022-12-12 00:00:00+00:00,847704455.0960882,2022-12-12 00:00:00+00:00,23,False,False,False,False
lend,LEND,2022-12-11 00:00:00+00:00,2022-12-11 00:00:00+00:00,2022-12-12 00:00:00+00:00,775469110.7025143,2022-12-12 00:00:00+00:00,24,False,False,False,False
pax,PAX,2022-12-11 00:00:00+00:00,2022-12-11 00:00:00+00:00,2022-12-12 00:00:00+00:00,766790783.1751308,2022-12-12 00:00:00+00:00,25,False,False,False,False
avaxc,AVAXC,2022-12-11 00:00:00+00:00,2022-12-11 00:00:00+00:00,2022-12-12 00:00:00+00:00,761088140.6136101,2022-12-12 00:00:00+00:00,26,False,False,False,False
neo,NEO,2022-12-11 00:00:00+00:00,2022-12-11 00:00:00+00:00,2022-12-12 00:00:00+00:00,723043337.5496,2022-12-12 00:00:00+00:00,27,False,False,False,False
1inch,1INCH,2022-12-11 00:00:00+00:00,2022-12-11 00:00:00+00:00,2022-12-12 00:00:00+00:00,653188985.8492485,2022-12-12 00:00:00+00:00,28,False,False,False,False
snx,SNX,2022-12-11 00:00:00+00:00,2022-12-11 00:00:00+00:00,2022-12-12 00:00:00+00:00,600420376.6904764,2022-12-12 00:00:00+00:00,29,False,False,False,False
zec,ZEC,2022-12-11 00:00:00+00:00,2022-12-11 00:00:00+00:00,2022-12-12 00:00:00+00:00,593422290.9560556,2022-12-12 00:00:00+00:00,30,False,False,False,False
btc,BTC,2022-12-18 00:00:00+00:00,2022-12-18 00:00:00+00:00,2022-12-19 00:00:00+00:00,322729554932.29346,2022-12-19 00:00:00+00:00,1,True,True,True,True
eth,ETH,2022-12-18 00:00:00+00:00,2022-12-18 00:00:00+00:00,2022-12-19 00:00:00+00:00,143112266650.2884,2022-12-19 00:00:00+00:00,2,True,True,True,True
xrp,XRP,2022-12-18 00:00:00+00:00,2022-12-18 00:00:00+00:00,2022-12-19 00:00:00+00:00,35094348642.1845,2022-12-19 00:00:00+00:00,3,True,True,False,True
doge,DOGE,2022-12-18 00:00:00+00:00,2022-12-18 00:00:00+00:00,2022-12-19 00:00:00+00:00,10841175236.82494,2022-12-19 00:00:00+00:00,4,True,True,False,False
ada,ADA,2022-12-18 00:00:00+00:00,2022-12-18 00:00:00+00:00,2022-12-19 00:00:00+00:00,9043322440.406475,2022-12-19 00:00:00+00:00,5,True,True,False,True
xlm,XLM,2022-12-18 00:00:00+00:00,2022-12-18 00:00:00+00:00,2022-12-19 00:00:00+00:00,8084488467.255258,2022-12-19 00:00:00+00:00,6,True,True,False,False
link,LINK,2022-12-18 00:00:00+00:00,2022-12-18 00:00:00+00:00,2022-12-19 00:00:00+00:00,5983563642.73803,2022-12-19 00:00:00+00:00,7,False,True,True,True
cro,CRO,2022-12-18 00:00:00+00:00,2022-12-18 00:00:00+00:00,2022-12-19 00:00:00+00:00,5716285975.73264,2022-12-19 00:00:00+00:00,8,False,True,False,False
uni,UNI,2022-12-18 00:00:00+00:00,2022-12-18 00:00:00+00:00,2022-12-19 00:00:00+00:00,5351561870.8126,2022-12-19 00:00:00+00:00,9,False,True,False,False
ltc,LTC,2022-12-18 00:00:00+00:00,2022-12-18 00:00:00+00:00,2022-12-19 00:00:00+00:00,4649760836.0427475,2022-12-19 00:00:00+00:00,10,False,True,False,True
ht,HT,2022-12-18 00:00:00+00:00,2022-12-18 00:00:00+00:00,2022-12-19 00:00:00+00:00,2797463515.42238,2022-12-19 00:00:00+00:00,11,False,False,False,False
qnt,QNT,2022-12-18 00:00:00+00:00,2022-12-18 00:00:00+00:00,2022-12-19 00:00:00+00:00,2695329520.557469,2022-12-19 00:00:00+00:00,12,False,False,False,False
xmr,XMR,2022-12-18 00:00:00+00:00,2022-12-18 00:00:00+00:00,2022-12-19 00:00:00+00:00,2557151459.5203214,2022-12-19 00:00:00+00:00,13,False,False,False,False
etc,ETC,2022-12-18 00:00:00+00:00,2022-12-18 00:00:00+00:00,2022-12-19 00:00:00+00:00,2216915517.454838,2022-12-19 00:00:00+00:00,14,False,False,False,False
bch,BCH,2022-12-18 00:00:00+00:00,2022-12-18 00:00:00+00:00,2022-12-19 00:00:00+00:00,1968294066.2584786,2022-12-19 00:00:00+00:00,15,False,False,False,False
algo,ALGO,2022-12-18 00:00:00+00:00,2022-12-18 00:00:00+00:00,2022-12-19 00:00:00+00:00,1888601753.95902,2022-12-19 00:00:00+00:00,16,False,False,False,False
icp,ICP,2022-12-18 00:00:00+00:00,2022-12-18 00:00:00+00:00,2022-12-19 00:00:00+00:00,1822211498.4697208,2022-12-19 00:00:00+00:00,17,False,False,False,False
crv,CRV,2022-12-18 00:00:00+00:00,2022-12-18 00:00:00+00:00,2022-12-19 00:00:00+00:00,1033612652.0379486,2022-12-19 00:00:00+00:00,18,False,False,False,False
ldo,LDO,2022-12-18 00:00:00+00:00,2022-12-18 00:00:00+00:00,2022-12-19 00:00:00+00:00,986840088.274051,2022-12-19 00:00:00+00:00,19,False,False,False,False
aave,AAVE,2022-12-18 00:00:00+00:00,2022-12-18 00:00:00+00:00,2022-12-19 00:00:00+00:00,896154093.7350736,2022-12-19 00:00:00+00:00,20,False,False,False,False
bsv,BSV,2022-12-18 00:00:00+00:00,2022-12-18 00:00:00+00:00,2022-12-19 00:00:00+00:00,859863577.0487021,2022-12-19 00:00:00+00:00,21,False,False,False,False
gno,GNO,2022-12-18 00:00:00+00:00,2022-12-18 00:00:00+00:00,2022-12-19 00:00:00+00:00,859640849.920656,2022-12-19 00:00:00+00:00,22,False,False,False,False
pax,PAX,2022-12-18 00:00:00+00:00,2022-12-18 00:00:00+00:00,2022-12-19 00:00:00+00:00,827159823.4849485,2022-12-19 00:00:00+00:00,23,False,False,False,False
lend,LEND,2022-12-18 00:00:00+00:00,2022-12-18 00:00:00+00:00,2022-12-19 00:00:00+00:00,728125168.5079069,2022-12-19 00:00:00+00:00,24,False,False,False,False
mana,MANA,2022-12-18 00:00:00+00:00,2022-12-18 00:00:00+00:00,2022-12-19 00:00:00+00:00,717045350.8345729,2022-12-19 00:00:00+00:00,25,False,False,False,False
avaxc,AVAXC,2022-12-18 00:00:00+00:00,2022-12-18 00:00:00+00:00,2022-12-19 00:00:00+00:00,704975662.7373004,2022-12-19 00:00:00+00:00,26,False,False,False,False
neo,NEO,2022-12-18 00:00:00+00:00,2022-12-18 00:00:00+00:00,2022-12-19 00:00:00+00:00,674920198.957325,2022-12-19 00:00:00+00:00,27,False,False,False,False
1inch,1INCH,2022-12-18 00:00:00+00:00,2022-12-18 00:00:00+00:00,2022-12-19 00:00:00+00:00,587127240.028869,2022-12-19 00:00:00+00:00,28,False,False,False,False
zec,ZEC,2022-12-18 00:00:00+00:00,2022-12-18 00:00:00+00:00,2022-12-19 00:00:00+00:00,577089656.3797148,2022-12-19 00:00:00+00:00,29,False,False,False,False
mkr,MKR,2022-12-18 00:00:00+00:00,2022-12-18 00:00:00+00:00,2022-12-19 00:00:00+00:00,542374266.5015162,2022-12-19 00:00:00+00:00,30,False,False,False,False
btc,BTC,2022-12-25 00:00:00+00:00,2022-12-25 00:00:00+00:00,2022-12-26 00:00:00+00:00,323763179790.4042,2022-12-26 00:00:00+00:00,1,True,True,True,True
eth,ETH,2022-12-25 00:00:00+00:00,2022-12-25 00:00:00+00:00,2022-12-26 00:00:00+00:00,146776808441.97678,2022-12-26 00:00:00+00:00,2,True,True,True,True
xrp,XRP,2022-12-25 00:00:00+00:00,2022-12-25 00:00:00+00:00,2022-12-26 00:00:00+00:00,34589444423.06887,2022-12-26 00:00:00+00:00,3,True,True,False,True
doge,DOGE,2022-12-25 00:00:00+00:00,2022-12-25 00:00:00+00:00,2022-12-26 00:00:00+00:00,10422279204.187784,2022-12-26 00:00:00+00:00,4,True,True,False,False
ada,ADA,2022-12-25 00:00:00+00:00,2022-12-25 00:00:00+00:00,2022-12-26 00:00:00+00:00,8771481419.05266,2022-12-26 00:00:00+00:00,5,True,True,False,True
xlm,XLM,2022-12-25 00:00:00+00:00,2022-12-25 00:00:00+00:00,2022-12-26 00:00:00+00:00,7779296136.574217,2022-12-26 00:00:00+00:00,6,True,True,False,False
link,LINK,2022-12-25 00:00:00+00:00,2022-12-25 00:00:00+00:00,2022-12-26 00:00:00+00:00,5986885494.41254,2022-12-26 00:00:00+00:00,7,False,True,True,True
cro,CRO,2022-12-25 00:00:00+00:00,2022-12-25 00:00:00+00:00,2022-12-26 00:00:00+00:00,5973113903.48727,2022-12-26 00:00:00+00:00,8,False,True,False,False
uni,UNI,2022-12-25 00:00:00+00:00,2022-12-25 00:00:00+00:00,2022-12-26 00:00:00+00:00,5154663539.301,2022-12-26 00:00:00+00:00,9,False,True,False,False
ltc,LTC,2022-12-25 00:00:00+00:00,2022-12-25 00:00:00+00:00,2022-12-26 00:00:00+00:00,4966965257.196407,2022-12-26 00:00:00+00:00,10,False,True,False,True
ht,HT,2022-12-25 00:00:00+00:00,2022-12-25 00:00:00+00:00,2022-12-26 00:00:00+00:00,2696527892.55161,2022-12-26 00:00:00+00:00,11,False,False,False,False
qnt,QNT,2022-12-25 00:00:00+00:00,2022-12-25 00:00:00+00:00,2022-12-26 00:00:00+00:00,2586594515.7135234,2022-12-26 00:00:00+00:00,12,False,False,False,False
xmr,XMR,2022-12-25 00:00:00+00:00,2022-12-25 00:00:00+00:00,2022-12-26 00:00:00+00:00,2572524997.272964,2022-12-26 00:00:00+00:00,13,False,False,False,False
etc,ETC,2022-12-25 00:00:00+00:00,2022-12-25 00:00:00+00:00,2022-12-26 00:00:00+00:00,2240643649.5653334,2022-12-26 00:00:00+00:00,14,False,False,False,False
bch,BCH,2022-12-25 00:00:00+00:00,2022-12-25 00:00:00+00:00,2022-12-26 00:00:00+00:00,1951216157.3890836,2022-12-26 00:00:00+00:00,15,False,False,False,False
icp,ICP,2022-12-25 00:00:00+00:00,2022-12-25 00:00:00+00:00,2022-12-26 00:00:00+00:00,1855180307.2830188,2022-12-26 00:00:00+00:00,16,False,False,False,False
algo,ALGO,2022-12-25 00:00:00+00:00,2022-12-25 00:00:00+00:00,2022-12-26 00:00:00+00:00,1656256661.97116,2022-12-26 00:00:00+00:00,17,False,False,False,False
crv,CRV,2022-12-25 00:00:00+00:00,2022-12-25 00:00:00+00:00,2022-12-26 00:00:00+00:00,975996421.0126195,2022-12-26 00:00:00+00:00,18,False,False,False,False
ldo,LDO,2022-12-25 00:00:00+00:00,2022-12-25 00:00:00+00:00,2022-12-26 00:00:00+00:00,969996036.268702,2022-12-26 00:00:00+00:00,19,False,False,False,False
aave,AAVE,2022-12-25 00:00:00+00:00,2022-12-25 00:00:00+00:00,2022-12-26 00:00:00+00:00,870060655.6200272,2022-12-26 00:00:00+00:00,20,False,False,False,False
pax,PAX,2022-12-25 00:00:00+00:00,2022-12-25 00:00:00+00:00,2022-12-26 00:00:00+00:00,860031977.766633,2022-12-26 00:00:00+00:00,21,False,False,False,False
gno,GNO,2022-12-25 00:00:00+00:00,2022-12-25 00:00:00+00:00,2022-12-26 00:00:00+00:00,857623025.926777,2022-12-26 00:00:00+00:00,22,False,False,False,False
bsv,BSV,2022-12-25 00:00:00+00:00,2022-12-25 00:00:00+00:00,2022-12-26 00:00:00+00:00,828739189.9303633,2022-12-26 00:00:00+00:00,23,False,False,False,False
mana,MANA,2022-12-25 00:00:00+00:00,2022-12-25 00:00:00+00:00,2022-12-26 00:00:00+00:00,717538687.7962644,2022-12-26 00:00:00+00:00,24,False,False,False,False
lend,LEND,2022-12-25 00:00:00+00:00,2022-12-25 00:00:00+00:00,2022-12-26 00:00:00+00:00,706924250.9901597,2022-12-26 00:00:00+00:00,25,False,False,False,False
avaxc,AVAXC,2022-12-25 00:00:00+00:00,2022-12-25 00:00:00+00:00,2022-12-26 00:00:00+00:00,686651055.6001822,2022-12-26 00:00:00+00:00,26,False,False,False,False
neo,NEO,2022-12-25 00:00:00+00:00,2022-12-25 00:00:00+00:00,2022-12-26 00:00:00+00:00,626030608.062589,2022-12-26 00:00:00+00:00,27,False,False,False,False
1inch,1INCH,2022-12-25 00:00:00+00:00,2022-12-25 00:00:00+00:00,2022-12-26 00:00:00+00:00,597403544.5460955,2022-12-26 00:00:00+00:00,28,False,False,False,False
zec,ZEC,2022-12-25 00:00:00+00:00,2022-12-25 00:00:00+00:00,2022-12-26 00:00:00+00:00,529127075.0415769,2022-12-26 00:00:00+00:00,29,False,False,False,False
mkr,MKR,2022-12-25 00:00:00+00:00,2022-12-25 00:00:00+00:00,2022-12-26 00:00:00+00:00,527672869.0452316,2022-12-26 00:00:00+00:00,30,False,False,False,False
btc,BTC,2023-01-01 00:00:00+00:00,2023-01-01 00:00:00+00:00,2023-01-02 00:00:00+00:00,319672567829.92584,2023-01-02 00:00:00+00:00,1,True,True,True,True
eth,ETH,2023-01-01 00:00:00+00:00,2023-01-01 00:00:00+00:00,2023-01-02 00:00:00+00:00,144635534176.36087,2023-01-02 00:00:00+00:00,2,True,True,True,True
xrp,XRP,2023-01-01 00:00:00+00:00,2023-01-01 00:00:00+00:00,2023-01-02 00:00:00+00:00,33837072510.297253,2023-01-02 00:00:00+00:00,3,True,True,False,True
doge,DOGE,2023-01-01 00:00:00+00:00,2023-01-01 00:00:00+00:00,2023-01-02 00:00:00+00:00,9636788324.781956,2023-01-02 00:00:00+00:00,4,True,True,False,False
ada,ADA,2023-01-01 00:00:00+00:00,2023-01-01 00:00:00+00:00,2023-01-02 00:00:00+00:00,8451539587.6589155,2023-01-02 00:00:00+00:00,5,True,True,False,True
xlm,XLM,2023-01-01 00:00:00+00:00,2023-01-01 00:00:00+00:00,2023-01-02 00:00:00+00:00,7639215755.457377,2023-01-02 00:00:00+00:00,6,True,True,False,False
cro,CRO,2023-01-01 00:00:00+00:00,2023-01-01 00:00:00+00:00,2023-01-02 00:00:00+00:00,5660275577.73009,2023-01-02 00:00:00+00:00,7,False,True,False,False
link,LINK,2023-01-01 00:00:00+00:00,2023-01-01 00:00:00+00:00,2023-01-02 00:00:00+00:00,5620005702.18591,2023-01-02 00:00:00+00:00,8,False,True,True,True
uni,UNI,2023-01-01 00:00:00+00:00,2023-01-01 00:00:00+00:00,2023-01-02 00:00:00+00:00,5247571541.0911,2023-01-02 00:00:00+00:00,9,False,True,False,False
ltc,LTC,2023-01-01 00:00:00+00:00,2023-01-01 00:00:00+00:00,2023-01-02 00:00:00+00:00,5090986947.226662,2023-01-02 00:00:00+00:00,10,False,True,False,True
xmr,XMR,2023-01-01 00:00:00+00:00,2023-01-01 00:00:00+00:00,2023-01-02 00:00:00+00:00,2632860166.7035375,2023-01-02 00:00:00+00:00,11,False,False,False,False
qnt,QNT,2023-01-01 00:00:00+00:00,2023-01-01 00:00:00+00:00,2023-01-02 00:00:00+00:00,2581384080.2411623,2023-01-02 00:00:00+00:00,12,False,False,False,False
ht,HT,2023-01-01 00:00:00+00:00,2023-01-01 00:00:00+00:00,2023-01-02 00:00:00+00:00,2560439447.320645,2023-01-02 00:00:00+00:00,13,False,False,False,False
etc,ETC,2023-01-01 00:00:00+00:00,2023-01-01 00:00:00+00:00,2023-01-02 00:00:00+00:00,2187478960.8195934,2023-01-02 00:00:00+00:00,14,False,False,False,False
icp,ICP,2023-01-01 00:00:00+00:00,2023-01-01 00:00:00+00:00,2023-01-02 00:00:00+00:00,1976882611.3599148,2023-01-02 00:00:00+00:00,15,False,False,False,False
bch,BCH,2023-01-01 00:00:00+00:00,2023-01-01 00:00:00+00:00,2023-01-02 00:00:00+00:00,1866716432.6293955,2023-01-02 00:00:00+00:00,16,False,False,False,False
algo,ALGO,2023-01-01 00:00:00+00:00,2023-01-01 00:00:00+00:00,2023-01-02 00:00:00+00:00,1768591937.02466,2023-01-02 00:00:00+00:00,17,False,False,False,False
ldo,LDO,2023-01-01 00:00:00+00:00,2023-01-01 00:00:00+00:00,2023-01-02 00:00:00+00:00,1077322712.72653,2023-01-02 00:00:00+00:00,18,False,False,False,False
crv,CRV,2023-01-01 00:00:00+00:00,2023-01-01 00:00:00+00:00,2023-01-02 00:00:00+00:00,989689624.1942544,2023-01-02 00:00:00+00:00,19,False,False,False,False
pax,PAX,2023-01-01 00:00:00+00:00,2023-01-01 00:00:00+00:00,2023-01-02 00:00:00+00:00,866740629.2274697,2023-01-02 00:00:00+00:00,20,False,False,False,False
aave,AAVE,2023-01-01 00:00:00+00:00,2023-01-01 00:00:00+00:00,2023-01-02 00:00:00+00:00,831948979.4747905,2023-01-02 00:00:00+00:00,21,False,False,False,False
gno,GNO,2023-01-01 00:00:00+00:00,2023-01-01 00:00:00+00:00,2023-01-02 00:00:00+00:00,828724178.18015,2023-01-02 00:00:00+00:00,22,False,False,False,False
bsv,BSV,2023-01-01 00:00:00+00:00,2023-01-01 00:00:00+00:00,2023-01-02 00:00:00+00:00,794797117.9106911,2023-01-02 00:00:00+00:00,23,False,False,False,False
lend,LEND,2023-01-01 00:00:00+00:00,2023-01-01 00:00:00+00:00,2023-01-02 00:00:00+00:00,675958515.5107735,2023-01-02 00:00:00+00:00,24,False,False,False,False
mana,MANA,2023-01-01 00:00:00+00:00,2023-01-01 00:00:00+00:00,2023-01-02 00:00:00+00:00,660885965.542591,2023-01-02 00:00:00+00:00,25,False,False,False,False
avaxc,AVAXC,2023-01-01 00:00:00+00:00,2023-01-01 00:00:00+00:00,2023-01-02 00:00:00+00:00,642762397.4728982,2023-01-02 00:00:00+00:00,26,False,False,False,False
neo,NEO,2023-01-01 00:00:00+00:00,2023-01-01 00:00:00+00:00,2023-01-02 00:00:00+00:00,639255276.97689,2023-01-02 00:00:00+00:00,27,False,False,False,False
1inch,1INCH,2023-01-01 00:00:00+00:00,2023-01-01 00:00:00+00:00,2023-01-02 00:00:00+00:00,578851371.621414,2023-01-02 00:00:00+00:00,28,False,False,False,False
mkr,MKR,2023-01-01 00:00:00+00:00,2023-01-01 00:00:00+00:00,2023-01-02 00:00:00+00:00,501191667.9553364,2023-01-02 00:00:00+00:00,29,False,False,False,False
zec,ZEC,2023-01-01 00:00:00+00:00,2023-01-01 00:00:00+00:00,2023-01-02 00:00:00+00:00,493296665.4841856,2023-01-02 00:00:00+00:00,30,False,False,False,False
btc,BTC,2023-01-08 00:00:00+00:00,2023-01-08 00:00:00+00:00,2023-01-09 00:00:00+00:00,328499715753.267,2023-01-09 00:00:00+00:00,1,True,True,True,True
eth,ETH,2023-01-08 00:00:00+00:00,2023-01-08 00:00:00+00:00,2023-01-09 00:00:00+00:00,154834843478.67236,2023-01-09 00:00:00+00:00,2,True,True,True,True
xrp,XRP,2023-01-08 00:00:00+00:00,2023-01-08 00:00:00+00:00,2023-01-09 00:00:00+00:00,34442874051.143074,2023-01-09 00:00:00+00:00,3,True,True,False,True
doge,DOGE,2023-01-08 00:00:00+00:00,2023-01-08 00:00:00+00:00,2023-01-09 00:00:00+00:00,10103597694.357265,2023-01-09 00:00:00+00:00,4,True,True,False,False
ada,ADA,2023-01-08 00:00:00+00:00,2023-01-08 00:00:00+00:00,2023-01-09 00:00:00+00:00,9962616641.869946,2023-01-09 00:00:00+00:00,5,True,True,False,True
xlm,XLM,2023-01-08 00:00:00+00:00,2023-01-08 00:00:00+00:00,2023-01-09 00:00:00+00:00,8121192040.124295,2023-01-09 00:00:00+00:00,6,True,True,False,False
cro,CRO,2023-01-08 00:00:00+00:00,2023-01-08 00:00:00+00:00,2023-01-09 00:00:00+00:00,6184062523.82058,2023-01-09 00:00:00+00:00,7,False,True,False,False
link,LINK,2023-01-08 00:00:00+00:00,2023-01-08 00:00:00+00:00,2023-01-09 00:00:00+00:00,5923580452.04849,2023-01-09 00:00:00+00:00,8,False,True,True,True
ltc,LTC,2023-01-08 00:00:00+00:00,2023-01-08 00:00:00+00:00,2023-01-09 00:00:00+00:00,5569844381.832291,2023-01-09 00:00:00+00:00,9,False,True,False,True
uni,UNI,2023-01-08 00:00:00+00:00,2023-01-08 00:00:00+00:00,2023-01-09 00:00:00+00:00,5557359286.23112,2023-01-09 00:00:00+00:00,10,False,True,False,False
qnt,QNT,2023-01-08 00:00:00+00:00,2023-01-08 00:00:00+00:00,2023-01-09 00:00:00+00:00,2820640123.803805,2023-01-09 00:00:00+00:00,11,False,False,False,False
etc,ETC,2023-01-08 00:00:00+00:00,2023-01-08 00:00:00+00:00,2023-01-09 00:00:00+00:00,2813814030.423022,2023-01-09 00:00:00+00:00,12,False,False,False,False
xmr,XMR,2023-01-08 00:00:00+00:00,2023-01-08 00:00:00+00:00,2023-01-09 00:00:00+00:00,2750392880.6550817,2023-01-09 00:00:00+00:00,13,False,False,False,False
ht,HT,2023-01-08 00:00:00+00:00,2023-01-08 00:00:00+00:00,2023-01-09 00:00:00+00:00,2366787994.38365,2023-01-09 00:00:00+00:00,14,False,False,False,False
icp,ICP,2023-01-08 00:00:00+00:00,2023-01-08 00:00:00+00:00,2023-01-09 00:00:00+00:00,2023115305.5633852,2023-01-09 00:00:00+00:00,15,False,False,False,False
bch,BCH,2023-01-08 00:00:00+00:00,2023-01-08 00:00:00+00:00,2023-01-09 00:00:00+00:00,1991182467.8941813,2023-01-09 00:00:00+00:00,16,False,False,False,False
algo,ALGO,2023-01-08 00:00:00+00:00,2023-01-08 00:00:00+00:00,2023-01-09 00:00:00+00:00,1990981255.82678,2023-01-09 00:00:00+00:00,17,False,False,False,False
ldo,LDO,2023-01-08 00:00:00+00:00,2023-01-08 00:00:00+00:00,2023-01-09 00:00:00+00:00,1977779916.77038,2023-01-09 00:00:00+00:00,18,False,False,False,False
crv,CRV,2023-01-08 00:00:00+00:00,2023-01-08 00:00:00+00:00,2023-01-09 00:00:00+00:00,1075594083.7556217,2023-01-09 00:00:00+00:00,19,False,False,False,False
aave,AAVE,2023-01-08 00:00:00+00:00,2023-01-08 00:00:00+00:00,2023-01-09 00:00:00+00:00,947643649.9450912,2023-01-09 00:00:00+00:00,20,False,False,False,False
gno,GNO,2023-01-08 00:00:00+00:00,2023-01-08 00:00:00+00:00,2023-01-09 00:00:00+00:00,887013493.421506,2023-01-09 00:00:00+00:00,21,False,False,False,False
bsv,BSV,2023-01-08 00:00:00+00:00,2023-01-08 00:00:00+00:00,2023-01-09 00:00:00+00:00,837613794.1236202,2023-01-09 00:00:00+00:00,22,False,False,False,False
pax,PAX,2023-01-08 00:00:00+00:00,2023-01-08 00:00:00+00:00,2023-01-09 00:00:00+00:00,828771408.063258,2023-01-09 00:00:00+00:00,23,False,False,False,False
mana,MANA,2023-01-08 00:00:00+00:00,2023-01-08 00:00:00+00:00,2023-01-09 00:00:00+00:00,826836049.2556376,2023-01-09 00:00:00+00:00,24,False,False,False,False
lend,LEND,2023-01-08 00:00:00+00:00,2023-01-08 00:00:00+00:00,2023-01-09 00:00:00+00:00,769960431.0524975,2023-01-09 00:00:00+00:00,25,False,False,False,False
avaxc,AVAXC,2023-01-08 00:00:00+00:00,2023-01-08 00:00:00+00:00,2023-01-09 00:00:00+00:00,708530531.1519357,2023-01-09 00:00:00+00:00,26,False,False,False,False
neo,NEO,2023-01-08 00:00:00+00:00,2023-01-08 00:00:00+00:00,2023-01-09 00:00:00+00:00,671522963.067722,2023-01-09 00:00:00+00:00,27,False,False,False,False
1inch,1INCH,2023-01-08 00:00:00+00:00,2023-01-08 00:00:00+00:00,2023-01-09 00:00:00+00:00,611994011.9961015,2023-01-09 00:00:00+00:00,28,False,False,False,False
mkr,MKR,2023-01-08 00:00:00+00:00,2023-01-08 00:00:00+00:00,2023-01-09 00:00:00+00:00,578846514.053845,2023-01-09 00:00:00+00:00,29,False,False,False,False
zec,ZEC,2023-01-08 00:00:00+00:00,2023-01-08 00:00:00+00:00,2023-01-09 00:00:00+00:00,564017655.2507999,2023-01-09 00:00:00+00:00,30,False,False,False,False
btc,BTC,2023-01-15 00:00:00+00:00,2023-01-15 00:00:00+00:00,2023-01-16 00:00:00+00:00,402142059538.9224,2023-01-16 00:00:00+00:00,1,True,True,True,True
eth,ETH,2023-01-15 00:00:00+00:00,2023-01-15 00:00:00+00:00,2023-01-16 00:00:00+00:00,187091767585.56708,2023-01-16 00:00:00+00:00,2,True,True,True,True
xrp,XRP,2023-01-15 00:00:00+00:00,2023-01-15 00:00:00+00:00,2023-01-16 00:00:00+00:00,38485032014.749664,2023-01-16 00:00:00+00:00,3,True,True,False,True
ada,ADA,2023-01-15 00:00:00+00:00,2023-01-15 00:00:00+00:00,2023-01-16 00:00:00+00:00,11872129022.935879,2023-01-16 00:00:00+00:00,4,True,True,False,True
doge,DOGE,2023-01-15 00:00:00+00:00,2023-01-15 00:00:00+00:00,2023-01-16 00:00:00+00:00,11869470630.022367,2023-01-16 00:00:00+00:00,5,True,True,False,False
xlm,XLM,2023-01-15 00:00:00+00:00,2023-01-15 00:00:00+00:00,2023-01-16 00:00:00+00:00,9280006730.308111,2023-01-16 00:00:00+00:00,6,True,True,False,False
cro,CRO,2023-01-15 00:00:00+00:00,2023-01-15 00:00:00+00:00,2023-01-16 00:00:00+00:00,7410788957.31459,2023-01-16 00:00:00+00:00,7,False,True,False,False
link,LINK,2023-01-15 00:00:00+00:00,2023-01-15 00:00:00+00:00,2023-01-16 00:00:00+00:00,6688310381.84133,2023-01-16 00:00:00+00:00,8,False,True,True,True
uni,UNI,2023-01-15 00:00:00+00:00,2023-01-15 00:00:00+00:00,2023-01-16 00:00:00+00:00,6589528052.52354,2023-01-16 00:00:00+00:00,9,False,True,False,False
ltc,LTC,2023-01-15 00:00:00+00:00,2023-01-15 00:00:00+00:00,2023-01-16 00:00:00+00:00,6296187672.782386,2023-01-16 00:00:00+00:00,10,False,True,False,True
qnt,QNT,2023-01-15 00:00:00+00:00,2023-01-15 00:00:00+00:00,2023-01-16 00:00:00+00:00,3217143905.2447963,2023-01-16 00:00:00+00:00,11,False,False,False,False
etc,ETC,2023-01-15 00:00:00+00:00,2023-01-15 00:00:00+00:00,2023-01-16 00:00:00+00:00,3122755058.38143,2023-01-16 00:00:00+00:00,12,False,False,False,False
xmr,XMR,2023-01-15 00:00:00+00:00,2023-01-15 00:00:00+00:00,2023-01-16 00:00:00+00:00,3094770164.9613667,2023-01-16 00:00:00+00:00,13,False,False,False,False
ht,HT,2023-01-15 00:00:00+00:00,2023-01-15 00:00:00+00:00,2023-01-16 00:00:00+00:00,2571058512.341265,2023-01-16 00:00:00+00:00,14,False,False,False,False
icp,ICP,2023-01-15 00:00:00+00:00,2023-01-15 00:00:00+00:00,2023-01-16 00:00:00+00:00,2546270151.2399125,2023-01-16 00:00:00+00:00,15,False,False,False,False
bch,BCH,2023-01-15 00:00:00+00:00,2023-01-15 00:00:00+00:00,2023-01-16 00:00:00+00:00,2408423187.7646713,2023-01-16 00:00:00+00:00,16,False,False,False,False
algo,ALGO,2023-01-15 00:00:00+00:00,2023-01-15 00:00:00+00:00,2023-01-16 00:00:00+00:00,2391978883.66602,2023-01-16 00:00:00+00:00,17,False,False,False,False
ldo,LDO,2023-01-15 00:00:00+00:00,2023-01-15 00:00:00+00:00,2023-01-16 00:00:00+00:00,2219526583.82595,2023-01-16 00:00:00+00:00,18,False,False,False,False
crv,CRV,2023-01-15 00:00:00+00:00,2023-01-15 00:00:00+00:00,2023-01-16 00:00:00+00:00,1571877144.369085,2023-01-16 00:00:00+00:00,19,False,False,False,False
mana,MANA,2023-01-15 00:00:00+00:00,2023-01-15 00:00:00+00:00,2023-01-16 00:00:00+00:00,1550216379.6960044,2023-01-16 00:00:00+00:00,20,False,False,False,False
aave,AAVE,2023-01-15 00:00:00+00:00,2023-01-15 00:00:00+00:00,2023-01-16 00:00:00+00:00,1266132972.3245215,2023-01-16 00:00:00+00:00,21,False,False,False,False
gno,GNO,2023-01-15 00:00:00+00:00,2023-01-15 00:00:00+00:00,2023-01-16 00:00:00+00:00,1055497729.92011,2023-01-16 00:00:00+00:00,22,False,False,False,False
lend,LEND,2023-01-15 00:00:00+00:00,2023-01-15 00:00:00+00:00,2023-01-16 00:00:00+00:00,1028732993.8814607,2023-01-16 00:00:00+00:00,23,False,False,False,False
avaxc,AVAXC,2023-01-15 00:00:00+00:00,2023-01-15 00:00:00+00:00,2023-01-16 00:00:00+00:00,1008948158.410143,2023-01-16 00:00:00+00:00,24,False,False,False,False
pax,PAX,2023-01-15 00:00:00+00:00,2023-01-15 00:00:00+00:00,2023-01-16 00:00:00+00:00,893627625.7143614,2023-01-16 00:00:00+00:00,25,False,False,False,False
bsv,BSV,2023-01-15 00:00:00+00:00,2023-01-15 00:00:00+00:00,2023-01-16 00:00:00+00:00,867822078.9261438,2023-01-16 00:00:00+00:00,26,False,False,False,False
neo,NEO,2023-01-15 00:00:00+00:00,2023-01-15 00:00:00+00:00,2023-01-16 00:00:00+00:00,775152844.934987,2023-01-16 00:00:00+00:00,27,False,False,False,False
1inch,1INCH,2023-01-15 00:00:00+00:00,2023-01-15 00:00:00+00:00,2023-01-16 00:00:00+00:00,747717840.568083,2023-01-16 00:00:00+00:00,28,False,False,False,False
ftt,FTT,2023-01-15 00:00:00+00:00,2023-01-15 00:00:00+00:00,2023-01-16 00:00:00+00:00,722027801.3872572,2023-01-16 00:00:00+00:00,29,False,False,False,False
mkr,MKR,2023-01-15 00:00:00+00:00,2023-01-15 00:00:00+00:00,2023-01-16 00:00:00+00:00,684941870.122809,2023-01-16 00:00:00+00:00,30,False,False,False,False
btc,BTC,2023-01-22 00:00:00+00:00,2023-01-22 00:00:00+00:00,2023-01-23 00:00:00+00:00,437735066276.4035,2023-01-23 00:00:00+00:00,1,True,True,True,True
eth,ETH,2023-01-22 00:00:00+00:00,2023-01-22 00:00:00+00:00,2023-01-23 00:00:00+00:00,196240874022.45435,2023-01-23 00:00:00+00:00,2,True,True,True,True
xrp,XRP,2023-01-22 00:00:00+00:00,2023-01-22 00:00:00+00:00,2023-01-23 00:00:00+00:00,40065268590.3926,2023-01-23 00:00:00+00:00,3,True,True,False,True
ada,ADA,2023-01-22 00:00:00+00:00,2023-01-22 00:00:00+00:00,2023-01-23 00:00:00+00:00,12770947758.775633,2023-01-23 00:00:00+00:00,4,True,True,False,True
doge,DOGE,2023-01-22 00:00:00+00:00,2023-01-22 00:00:00+00:00,2023-01-23 00:00:00+00:00,12161170994.054176,2023-01-23 00:00:00+00:00,5,True,True,False,False
xlm,XLM,2023-01-22 00:00:00+00:00,2023-01-22 00:00:00+00:00,2023-01-23 00:00:00+00:00,9599310288.949516,2023-01-23 00:00:00+00:00,6,True,True,False,False
cro,CRO,2023-01-22 00:00:00+00:00,2023-01-22 00:00:00+00:00,2023-01-23 00:00:00+00:00,7771820319.25436,2023-01-23 00:00:00+00:00,7,False,True,False,False
link,LINK,2023-01-22 00:00:00+00:00,2023-01-22 00:00:00+00:00,2023-01-23 00:00:00+00:00,6980272965.14519,2023-01-23 00:00:00+00:00,8,False,True,True,True
uni,UNI,2023-01-22 00:00:00+00:00,2023-01-22 00:00:00+00:00,2023-01-23 00:00:00+00:00,6890940472.41502,2023-01-23 00:00:00+00:00,9,False,True,False,False
ltc,LTC,2023-01-22 00:00:00+00:00,2023-01-22 00:00:00+00:00,2023-01-23 00:00:00+00:00,6319125612.840743,2023-01-23 00:00:00+00:00,10,False,True,False,True
qnt,QNT,2023-01-22 00:00:00+00:00,2023-01-22 00:00:00+00:00,2023-01-23 00:00:00+00:00,3439155185.2680964,2023-01-23 00:00:00+00:00,11,False,False,False,False
xmr,XMR,2023-01-22 00:00:00+00:00,2023-01-22 00:00:00+00:00,2023-01-23 00:00:00+00:00,3134585515.4891844,2023-01-23 00:00:00+00:00,12,False,False,False,False
etc,ETC,2023-01-22 00:00:00+00:00,2023-01-22 00:00:00+00:00,2023-01-23 00:00:00+00:00,3132346577.445307,2023-01-23 00:00:00+00:00,13,False,False,False,False
icp,ICP,2023-01-22 00:00:00+00:00,2023-01-22 00:00:00+00:00,2023-01-23 00:00:00+00:00,2742359209.078599,2023-01-23 00:00:00+00:00,14,False,False,False,False
ht,HT,2023-01-22 00:00:00+00:00,2023-01-22 00:00:00+00:00,2023-01-23 00:00:00+00:00,2498105791.027395,2023-01-23 00:00:00+00:00,15,False,False,False,False
bch,BCH,2023-01-22 00:00:00+00:00,2023-01-22 00:00:00+00:00,2023-01-23 00:00:00+00:00,2482043580.4029536,2023-01-23 00:00:00+00:00,16,False,False,False,False
algo,ALGO,2023-01-22 00:00:00+00:00,2023-01-22 00:00:00+00:00,2023-01-23 00:00:00+00:00,2456706583.53211,2023-01-23 00:00:00+00:00,17,False,False,False,False
ldo,LDO,2023-01-22 00:00:00+00:00,2023-01-22 00:00:00+00:00,2023-01-23 00:00:00+00:00,2212771108.57143,2023-01-23 00:00:00+00:00,18,False,False,False,False
crv,CRV,2023-01-22 00:00:00+00:00,2023-01-22 00:00:00+00:00,2023-01-23 00:00:00+00:00,2027778658.3917618,2023-01-23 00:00:00+00:00,19,False,False,False,False
mana,MANA,2023-01-22 00:00:00+00:00,2023-01-22 00:00:00+00:00,2023-01-23 00:00:00+00:00,1589168201.6778834,2023-01-23 00:00:00+00:00,20,False,False,False,False
aave,AAVE,2023-01-22 00:00:00+00:00,2023-01-22 00:00:00+00:00,2023-01-23 00:00:00+00:00,1366780683.022336,2023-01-23 00:00:00+00:00,21,False,False,False,False
lend,LEND,2023-01-22 00:00:00+00:00,2023-01-22 00:00:00+00:00,2023-01-23 00:00:00+00:00,1110509255.1562831,2023-01-23 00:00:00+00:00,22,False,False,False,False
avaxc,AVAXC,2023-01-22 00:00:00+00:00,2023-01-22 00:00:00+00:00,2023-01-23 00:00:00+00:00,1076130006.8428102,2023-01-23 00:00:00+00:00,23,False,False,False,False
gno,GNO,2023-01-22 00:00:00+00:00,2023-01-22 00:00:00+00:00,2023-01-23 00:00:00+00:00,1074254233.43865,2023-01-23 00:00:00+00:00,24,False,False,False,False
pax,PAX,2023-01-22 00:00:00+00:00,2023-01-22 00:00:00+00:00,2023-01-23 00:00:00+00:00,907595693.8242773,2023-01-23 00:00:00+00:00,25,False,False,False,False
bsv,BSV,2023-01-22 00:00:00+00:00,2023-01-22 00:00:00+00:00,2023-01-23 00:00:00+00:00,853057568.2121551,2023-01-23 00:00:00+00:00,26,False,False,False,False
snx,SNX,2023-01-22 00:00:00+00:00,2023-01-22 00:00:00+00:00,2023-01-23 00:00:00+00:00,815554965.0821195,2023-01-23 00:00:00+00:00,27,False,False,False,False
neo,NEO,2023-01-22 00:00:00+00:00,2023-01-22 00:00:00+00:00,2023-01-23 00:00:00+00:00,801116807.66411,2023-01-23 00:00:00+00:00,28,False,False,False,False
1inch,1INCH,2023-01-22 00:00:00+00:00,2023-01-22 00:00:00+00:00,2023-01-23 00:00:00+00:00,769884726.8249565,2023-01-23 00:00:00+00:00,29,False,False,False,False
mkr,MKR,2023-01-22 00:00:00+00:00,2023-01-22 00:00:00+00:00,2023-01-23 00:00:00+00:00,694639755.0385131,2023-01-23 00:00:00+00:00,30,False,False,False,False
btc,BTC,2023-01-29 00:00:00+00:00,2023-01-29 00:00:00+00:00,2023-01-30 00:00:00+00:00,458299678267.78876,2023-01-30 00:00:00+00:00,1,True,True,True,True
eth,ETH,2023-01-29 00:00:00+00:00,2023-01-29 00:00:00+00:00,2023-01-30 00:00:00+00:00,198410913779.34244,2023-01-30 00:00:00+00:00,2,True,True,True,True
xrp,XRP,2023-01-29 00:00:00+00:00,2023-01-29 00:00:00+00:00,2023-01-30 00:00:00+00:00,41344897789.47063,2023-01-30 00:00:00+00:00,3,True,True,False,True
ada,ADA,2023-01-29 00:00:00+00:00,2023-01-29 00:00:00+00:00,2023-01-30 00:00:00+00:00,13444777510.689928,2023-01-30 00:00:00+00:00,4,True,True,False,True
doge,DOGE,2023-01-29 00:00:00+00:00,2023-01-29 00:00:00+00:00,2023-01-30 00:00:00+00:00,12435771388.068687,2023-01-30 00:00:00+00:00,5,True,True,False,False
xlm,XLM,2023-01-29 00:00:00+00:00,2023-01-29 00:00:00+00:00,2023-01-30 00:00:00+00:00,9946929396.03874,2023-01-30 00:00:00+00:00,6,True,True,False,False
cro,CRO,2023-01-29 00:00:00+00:00,2023-01-29 00:00:00+00:00,2023-01-30 00:00:00+00:00,8245054830.2638,2023-01-30 00:00:00+00:00,7,False,True,False,False
link,LINK,2023-01-29 00:00:00+00:00,2023-01-29 00:00:00+00:00,2023-01-30 00:00:00+00:00,7388555677.37502,2023-01-30 00:00:00+00:00,8,False,True,True,True
uni,UNI,2023-01-29 00:00:00+00:00,2023-01-29 00:00:00+00:00,2023-01-30 00:00:00+00:00,6922369476.20474,2023-01-30 00:00:00+00:00,9,False,True,False,False
ltc,LTC,2023-01-29 00:00:00+00:00,2023-01-29 00:00:00+00:00,2023-01-30 00:00:00+00:00,6863759325.546334,2023-01-30 00:00:00+00:00,10,False,True,False,True
qnt,QNT,2023-01-29 00:00:00+00:00,2023-01-29 00:00:00+00:00,2023-01-30 00:00:00+00:00,3705130386.912548,2023-01-30 00:00:00+00:00,11,False,False,False,False
xmr,XMR,2023-01-29 00:00:00+00:00,2023-01-29 00:00:00+00:00,2023-01-30 00:00:00+00:00,3300328374.3555307,2023-01-30 00:00:00+00:00,12,False,False,False,False
etc,ETC,2023-01-29 00:00:00+00:00,2023-01-29 00:00:00+00:00,2023-01-30 00:00:00+00:00,3163236060.9634676,2023-01-30 00:00:00+00:00,13,False,False,False,False
icp,ICP,2023-01-29 00:00:00+00:00,2023-01-29 00:00:00+00:00,2023-01-30 00:00:00+00:00,3093239032.2466335,2023-01-30 00:00:00+00:00,14,False,False,False,False
bch,BCH,2023-01-29 00:00:00+00:00,2023-01-29 00:00:00+00:00,2023-01-30 00:00:00+00:00,2637179963.913102,2023-01-30 00:00:00+00:00,15,False,False,False,False
algo,ALGO,2023-01-29 00:00:00+00:00,2023-01-29 00:00:00+00:00,2023-01-30 00:00:00+00:00,2613284784.49455,2023-01-30 00:00:00+00:00,16,False,False,False,False
ht,HT,2023-01-29 00:00:00+00:00,2023-01-29 00:00:00+00:00,2023-01-30 00:00:00+00:00,2576542365.47633,2023-01-30 00:00:00+00:00,17,False,False,False,False
ldo,LDO,2023-01-29 00:00:00+00:00,2023-01-29 00:00:00+00:00,2023-01-30 00:00:00+00:00,2313775268.01826,2023-01-30 00:00:00+00:00,18,False,False,False,False
crv,CRV,2023-01-29 00:00:00+00:00,2023-01-29 00:00:00+00:00,2023-01-30 00:00:00+00:00,2062406517.2743518,2023-01-30 00:00:00+00:00,19,False,False,False,False
mana,MANA,2023-01-29 00:00:00+00:00,2023-01-29 00:00:00+00:00,2023-01-30 00:00:00+00:00,1760255331.2939985,2023-01-30 00:00:00+00:00,20,False,False,False,False
aave,AAVE,2023-01-29 00:00:00+00:00,2023-01-29 00:00:00+00:00,2023-01-30 00:00:00+00:00,1404136344.5203297,2023-01-30 00:00:00+00:00,21,False,False,False,False
avaxc,AVAXC,2023-01-29 00:00:00+00:00,2023-01-29 00:00:00+00:00,2023-01-30 00:00:00+00:00,1314537456.3072832,2023-01-30 00:00:00+00:00,22,False,False,False,False
lend,LEND,2023-01-29 00:00:00+00:00,2023-01-29 00:00:00+00:00,2023-01-30 00:00:00+00:00,1140860728.7623303,2023-01-30 00:00:00+00:00,23,False,False,False,False
gno,GNO,2023-01-29 00:00:00+00:00,2023-01-29 00:00:00+00:00,2023-01-30 00:00:00+00:00,1133399828.83484,2023-01-30 00:00:00+00:00,24,False,False,False,False
pax,PAX,2023-01-29 00:00:00+00:00,2023-01-29 00:00:00+00:00,2023-01-30 00:00:00+00:00,919689496.1026073,2023-01-30 00:00:00+00:00,25,False,False,False,False
bsv,BSV,2023-01-29 00:00:00+00:00,2023-01-29 00:00:00+00:00,2023-01-30 00:00:00+00:00,854229184.0105641,2023-01-30 00:00:00+00:00,26,False,False,False,False
neo,NEO,2023-01-29 00:00:00+00:00,2023-01-29 00:00:00+00:00,2023-01-30 00:00:00+00:00,839408411.559532,2023-01-30 00:00:00+00:00,27,False,False,False,False
1inch,1INCH,2023-01-29 00:00:00+00:00,2023-01-29 00:00:00+00:00,2023-01-30 00:00:00+00:00,810843275.8902735,2023-01-30 00:00:00+00:00,28,False,False,False,False
snx,SNX,2023-01-29 00:00:00+00:00,2023-01-29 00:00:00+00:00,2023-01-30 00:00:00+00:00,782768965.1841418,2023-01-30 00:00:00+00:00,29,False,False,False,False
ftt,FTT,2023-01-29 00:00:00+00:00,2023-01-29 00:00:00+00:00,2023-01-30 00:00:00+00:00,675453094.0632696,2023-01-30 00:00:00+00:00,30,False,False,False,False
btc,BTC,2023-02-05 00:00:00+00:00,2023-02-05 00:00:00+00:00,2023-02-06 00:00:00+00:00,442673043515.76447,2023-02-06 00:00:00+00:00,1,True,True,True,True
eth,ETH,2023-02-05 00:00:00+00:00,2023-02-05 00:00:00+00:00,2023-02-06 00:00:00+00:00,196573733122.0042,2023-02-06 00:00:00+00:00,2,True,True,True,True
xrp,XRP,2023-02-05 00:00:00+00:00,2023-02-05 00:00:00+00:00,2023-02-06 00:00:00+00:00,39886507342.981575,2023-02-06 00:00:00+00:00,3,True,True,False,True
ada,ADA,2023-02-05 00:00:00+00:00,2023-02-05 00:00:00+00:00,2023-02-06 00:00:00+00:00,13321539723.63591,2023-02-06 00:00:00+00:00,4,True,True,False,True
doge,DOGE,2023-02-05 00:00:00+00:00,2023-02-05 00:00:00+00:00,2023-02-06 00:00:00+00:00,12718797738.642735,2023-02-06 00:00:00+00:00,5,True,True,False,False
xlm,XLM,2023-02-05 00:00:00+00:00,2023-02-05 00:00:00+00:00,2023-02-06 00:00:00+00:00,9594319493.59836,2023-02-06 00:00:00+00:00,6,True,True,False,False
cro,CRO,2023-02-05 00:00:00+00:00,2023-02-05 00:00:00+00:00,2023-02-06 00:00:00+00:00,8102317827.73845,2023-02-06 00:00:00+00:00,7,False,True,False,False
link,LINK,2023-02-05 00:00:00+00:00,2023-02-05 00:00:00+00:00,2023-02-06 00:00:00+00:00,6988125379.11879,2023-02-06 00:00:00+00:00,8,False,True,True,True
ltc,LTC,2023-02-05 00:00:00+00:00,2023-02-05 00:00:00+00:00,2023-02-06 00:00:00+00:00,6960250262.273231,2023-02-06 00:00:00+00:00,9,False,True,False,True
uni,UNI,2023-02-05 00:00:00+00:00,2023-02-05 00:00:00+00:00,2023-02-06 00:00:00+00:00,6900685408.7581,2023-02-06 00:00:00+00:00,10,False,True,False,False
qnt,QNT,2023-02-05 00:00:00+00:00,2023-02-05 00:00:00+00:00,2023-02-06 00:00:00+00:00,3394301115.2503047,2023-02-06 00:00:00+00:00,11,False,False,False,False
etc,ETC,2023-02-05 00:00:00+00:00,2023-02-05 00:00:00+00:00,2023-02-06 00:00:00+00:00,3190425840.0605006,2023-02-06 00:00:00+00:00,12,False,False,False,False
xmr,XMR,2023-02-05 00:00:00+00:00,2023-02-05 00:00:00+00:00,2023-02-06 00:00:00+00:00,2965636750.215688,2023-02-06 00:00:00+00:00,13,False,False,False,False
icp,ICP,2023-02-05 00:00:00+00:00,2023-02-05 00:00:00+00:00,2023-02-06 00:00:00+00:00,2785908804.17262,2023-02-06 00:00:00+00:00,14,False,False,False,False
ht,HT,2023-02-05 00:00:00+00:00,2023-02-05 00:00:00+00:00,2023-02-06 00:00:00+00:00,2774928247.998965,2023-02-06 00:00:00+00:00,15,False,False,False,False
bch,BCH,2023-02-05 00:00:00+00:00,2023-02-05 00:00:00+00:00,2023-02-06 00:00:00+00:00,2597229651.50094,2023-02-06 00:00:00+00:00,16,False,False,False,False
algo,ALGO,2023-02-05 00:00:00+00:00,2023-02-05 00:00:00+00:00,2023-02-06 00:00:00+00:00,2564040768.90473,2023-02-06 00:00:00+00:00,17,False,False,False,False
ldo,LDO,2023-02-05 00:00:00+00:00,2023-02-05 00:00:00+00:00,2023-02-06 00:00:00+00:00,2047394821.16299,2023-02-06 00:00:00+00:00,18,False,False,False,False
crv,CRV,2023-02-05 00:00:00+00:00,2023-02-05 00:00:00+00:00,2023-02-06 00:00:00+00:00,1988418618.1111336,2023-02-06 00:00:00+00:00,19,False,False,False,False
mana,MANA,2023-02-05 00:00:00+00:00,2023-02-05 00:00:00+00:00,2023-02-06 00:00:00+00:00,1617626530.9536724,2023-02-06 00:00:00+00:00,20,False,False,False,False
aave,AAVE,2023-02-05 00:00:00+00:00,2023-02-05 00:00:00+00:00,2023-02-06 00:00:00+00:00,1370964861.5061984,2023-02-06 00:00:00+00:00,21,False,False,False,False
avaxc,AVAXC,2023-02-05 00:00:00+00:00,2023-02-05 00:00:00+00:00,2023-02-06 00:00:00+00:00,1252293083.3418667,2023-02-06 00:00:00+00:00,22,False,False,False,False
gno,GNO,2023-02-05 00:00:00+00:00,2023-02-05 00:00:00+00:00,2023-02-06 00:00:00+00:00,1184590140.26885,2023-02-06 00:00:00+00:00,23,False,False,False,False
lend,LEND,2023-02-05 00:00:00+00:00,2023-02-05 00:00:00+00:00,2023-02-06 00:00:00+00:00,1113908900.0219686,2023-02-06 00:00:00+00:00,24,False,False,False,False
pax,PAX,2023-02-05 00:00:00+00:00,2023-02-05 00:00:00+00:00,2023-02-06 00:00:00+00:00,904005978.8982474,2023-02-06 00:00:00+00:00,25,False,False,False,False
neo,NEO,2023-02-05 00:00:00+00:00,2023-02-05 00:00:00+00:00,2023-02-06 00:00:00+00:00,885098650.201009,2023-02-06 00:00:00+00:00,26,False,False,False,False
bsv,BSV,2023-02-05 00:00:00+00:00,2023-02-05 00:00:00+00:00,2023-02-06 00:00:00+00:00,854681348.2872391,2023-02-06 00:00:00+00:00,27,False,False,False,False
1inch,1INCH,2023-02-05 00:00:00+00:00,2023-02-05 00:00:00+00:00,2023-02-06 00:00:00+00:00,840611880.0654405,2023-02-06 00:00:00+00:00,28,False,False,False,False
snx,SNX,2023-02-05 00:00:00+00:00,2023-02-05 00:00:00+00:00,2023-02-06 00:00:00+00:00,808540534.3194093,2023-02-06 00:00:00+00:00,29,False,False,False,False
mkr,MKR,2023-02-05 00:00:00+00:00,2023-02-05 00:00:00+00:00,2023-02-06 00:00:00+00:00,677640123.1018854,2023-02-06 00:00:00+00:00,30,False,False,False,False
btc,BTC,2023-02-12 00:00:00+00:00,2023-02-12 00:00:00+00:00,2023-02-13 00:00:00+00:00,419964034322.3953,2023-02-13 00:00:00+00:00,1,True,True,True,True
eth,ETH,2023-02-12 00:00:00+00:00,2023-02-12 00:00:00+00:00,2023-02-13 00:00:00+00:00,182421319275.83234,2023-02-13 00:00:00+00:00,2,True,True,True,True
xrp,XRP,2023-02-12 00:00:00+00:00,2023-02-12 00:00:00+00:00,2023-02-13 00:00:00+00:00,37453113326.55168,2023-02-13 00:00:00+00:00,3,True,True,False,True
ada,ADA,2023-02-12 00:00:00+00:00,2023-02-12 00:00:00+00:00,2023-02-13 00:00:00+00:00,12353620473.933748,2023-02-13 00:00:00+00:00,4,True,True,False,True
doge,DOGE,2023-02-12 00:00:00+00:00,2023-02-12 00:00:00+00:00,2023-02-13 00:00:00+00:00,11334064534.244171,2023-02-13 00:00:00+00:00,5,True,True,False,False
xlm,XLM,2023-02-12 00:00:00+00:00,2023-02-12 00:00:00+00:00,2023-02-13 00:00:00+00:00,8964621369.72132,2023-02-13 00:00:00+00:00,6,True,True,False,False
cro,CRO,2023-02-12 00:00:00+00:00,2023-02-12 00:00:00+00:00,2023-02-13 00:00:00+00:00,7614857493.98884,2023-02-13 00:00:00+00:00,7,False,True,False,False
link,LINK,2023-02-12 00:00:00+00:00,2023-02-12 00:00:00+00:00,2023-02-13 00:00:00+00:00,6808927475.54116,2023-02-13 00:00:00+00:00,8,False,True,True,True
ltc,LTC,2023-02-12 00:00:00+00:00,2023-02-12 00:00:00+00:00,2023-02-13 00:00:00+00:00,6671491327.329987,2023-02-13 00:00:00+00:00,9,False,True,False,True
uni,UNI,2023-02-12 00:00:00+00:00,2023-02-12 00:00:00+00:00,2023-02-13 00:00:00+00:00,6340603456.34783,2023-02-13 00:00:00+00:00,10,False,True,False,False
qnt,QNT,2023-02-12 00:00:00+00:00,2023-02-12 00:00:00+00:00,2023-02-13 00:00:00+00:00,3210194730.0689344,2023-02-13 00:00:00+00:00,11,False,False,False,False
etc,ETC,2023-02-12 00:00:00+00:00,2023-02-12 00:00:00+00:00,2023-02-13 00:00:00+00:00,2933953922.660719,2023-02-13 00:00:00+00:00,12,False,False,False,False
xmr,XMR,2023-02-12 00:00:00+00:00,2023-02-12 00:00:00+00:00,2023-02-13 00:00:00+00:00,2825025854.079561,2023-02-13 00:00:00+00:00,13,False,False,False,False
icp,ICP,2023-02-12 00:00:00+00:00,2023-02-12 00:00:00+00:00,2023-02-13 00:00:00+00:00,2719802866.916035,2023-02-13 00:00:00+00:00,14,False,False,False,False
ht,HT,2023-02-12 00:00:00+00:00,2023-02-12 00:00:00+00:00,2023-02-13 00:00:00+00:00,2557989132.61858,2023-02-13 00:00:00+00:00,15,False,False,False,False
ldo,LDO,2023-02-12 00:00:00+00:00,2023-02-12 00:00:00+00:00,2023-02-13 00:00:00+00:00,2505694508.55649,2023-02-13 00:00:00+00:00,16,False,False,False,False
algo,ALGO,2023-02-12 00:00:00+00:00,2023-02-12 00:00:00+00:00,2023-02-13 00:00:00+00:00,2472094114.04009,2023-02-13 00:00:00+00:00,17,False,False,False,False
bch,BCH,2023-02-12 00:00:00+00:00,2023-02-12 00:00:00+00:00,2023-02-13 00:00:00+00:00,2371375902.478574,2023-02-13 00:00:00+00:00,18,False,False,False,False
crv,CRV,2023-02-12 00:00:00+00:00,2023-02-12 00:00:00+00:00,2023-02-13 00:00:00+00:00,1763361127.640641,2023-02-13 00:00:00+00:00,19,False,False,False,False
mana,MANA,2023-02-12 00:00:00+00:00,2023-02-12 00:00:00+00:00,2023-02-13 00:00:00+00:00,1450120407.891599,2023-02-13 00:00:00+00:00,20,False,False,False,False
aave,AAVE,2023-02-12 00:00:00+00:00,2023-02-12 00:00:00+00:00,2023-02-13 00:00:00+00:00,1238047155.0418687,2023-02-13 00:00:00+00:00,21,False,False,False,False
avaxc,AVAXC,2023-02-12 00:00:00+00:00,2023-02-12 00:00:00+00:00,2023-02-13 00:00:00+00:00,1104244840.9627366,2023-02-13 00:00:00+00:00,22,False,False,False,False
gno,GNO,2023-02-12 00:00:00+00:00,2023-02-12 00:00:00+00:00,2023-02-13 00:00:00+00:00,1089746090.2835,2023-02-13 00:00:00+00:00,23,False,False,False,False
lend,LEND,2023-02-12 00:00:00+00:00,2023-02-12 00:00:00+00:00,2023-02-13 00:00:00+00:00,1005913268.3626267,2023-02-13 00:00:00+00:00,24,False,False,False,False
pax,PAX,2023-02-12 00:00:00+00:00,2023-02-12 00:00:00+00:00,2023-02-13 00:00:00+00:00,892809666.0215096,2023-02-13 00:00:00+00:00,25,False,False,False,False
neo,NEO,2023-02-12 00:00:00+00:00,2023-02-12 00:00:00+00:00,2023-02-13 00:00:00+00:00,859675807.898455,2023-02-13 00:00:00+00:00,26,False,False,False,False
1inch,1INCH,2023-02-12 00:00:00+00:00,2023-02-12 00:00:00+00:00,2023-02-13 00:00:00+00:00,797743533.3675345,2023-02-13 00:00:00+00:00,27,False,False,False,False
bsv,BSV,2023-02-12 00:00:00+00:00,2023-02-12 00:00:00+00:00,2023-02-13 00:00:00+00:00,785618302.0905359,2023-02-13 00:00:00+00:00,28,False,False,False,False
snx,SNX,2023-02-12 00:00:00+00:00,2023-02-12 00:00:00+00:00,2023-02-13 00:00:00+00:00,741213348.5614055,2023-02-13 00:00:00+00:00,29,False,False,False,False
dash,DASH,2023-02-12 00:00:00+00:00,2023-02-12 00:00:00+00:00,2023-02-13 00:00:00+00:00,690057281.5124772,2023-02-13 00:00:00+00:00,30,False,False,False,False
btc,BTC,2023-02-19 00:00:00+00:00,2023-02-19 00:00:00+00:00,2023-02-20 00:00:00+00:00,470190985337.33563,2023-02-20 00:00:00+00:00,1,True,True,True,True
eth,ETH,2023-02-19 00:00:00+00:00,2023-02-19 00:00:00+00:00,2023-02-20 00:00:00+00:00,202817955576.06287,2023-02-20 00:00:00+00:00,2,True,True,True,True
xrp,XRP,2023-02-19 00:00:00+00:00,2023-02-19 00:00:00+00:00,2023-02-20 00:00:00+00:00,38631828486.67244,2023-02-20 00:00:00+00:00,3,True,True,False,True
ada,ADA,2023-02-19 00:00:00+00:00,2023-02-19 00:00:00+00:00,2023-02-20 00:00:00+00:00,13595357405.002817,2023-02-20 00:00:00+00:00,4,True,True,False,True
doge,DOGE,2023-02-19 00:00:00+00:00,2023-02-19 00:00:00+00:00,2023-02-20 00:00:00+00:00,12036417766.240013,2023-02-20 00:00:00+00:00,5,True,True,False,False
xlm,XLM,2023-02-19 00:00:00+00:00,2023-02-19 00:00:00+00:00,2023-02-20 00:00:00+00:00,9565529563.191805,2023-02-20 00:00:00+00:00,6,True,True,False,False
cro,CRO,2023-02-19 00:00:00+00:00,2023-02-19 00:00:00+00:00,2023-02-20 00:00:00+00:00,7988275040.55225,2023-02-20 00:00:00+00:00,7,False,True,False,False
link,LINK,2023-02-19 00:00:00+00:00,2023-02-19 00:00:00+00:00,2023-02-20 00:00:00+00:00,7975216075.97401,2023-02-20 00:00:00+00:00,8,False,True,True,True
uni,UNI,2023-02-19 00:00:00+00:00,2023-02-19 00:00:00+00:00,2023-02-20 00:00:00+00:00,7218603283.5864,2023-02-20 00:00:00+00:00,9,False,True,False,False
ltc,LTC,2023-02-19 00:00:00+00:00,2023-02-19 00:00:00+00:00,2023-02-20 00:00:00+00:00,7067431822.623927,2023-02-20 00:00:00+00:00,10,False,True,False,True
icp,ICP,2023-02-19 00:00:00+00:00,2023-02-19 00:00:00+00:00,2023-02-20 00:00:00+00:00,3656953319.0920095,2023-02-20 00:00:00+00:00,11,False,False,False,False
qnt,QNT,2023-02-19 00:00:00+00:00,2023-02-19 00:00:00+00:00,2023-02-20 00:00:00+00:00,3367835643.27319,2023-02-20 00:00:00+00:00,12,False,False,False,False
etc,ETC,2023-02-19 00:00:00+00:00,2023-02-19 00:00:00+00:00,2023-02-20 00:00:00+00:00,3150816571.8322415,2023-02-20 00:00:00+00:00,13,False,False,False,False
ldo,LDO,2023-02-19 00:00:00+00:00,2023-02-19 00:00:00+00:00,2023-02-20 00:00:00+00:00,2943785843.72408,2023-02-20 00:00:00+00:00,14,False,False,False,False
xmr,XMR,2023-02-19 00:00:00+00:00,2023-02-19 00:00:00+00:00,2023-02-20 00:00:00+00:00,2875868210.5519476,2023-02-20 00:00:00+00:00,15,False,False,False,False
algo,ALGO,2023-02-19 00:00:00+00:00,2023-02-19 00:00:00+00:00,2023-02-20 00:00:00+00:00,2796031856.05622,2023-02-20 00:00:00+00:00,16,False,False,False,False
bch,BCH,2023-02-19 00:00:00+00:00,2023-02-19 00:00:00+00:00,2023-02-20 00:00:00+00:00,2631916347.67758,2023-02-20 00:00:00+00:00,17,False,False,False,False
ht,HT,2023-02-19 00:00:00+00:00,2023-02-19 00:00:00+00:00,2023-02-20 00:00:00+00:00,2592945549.987355,2023-02-20 00:00:00+00:00,18,False,False,False,False
crv,CRV,2023-02-19 00:00:00+00:00,2023-02-19 00:00:00+00:00,2023-02-20 00:00:00+00:00,2297230742.519517,2023-02-20 00:00:00+00:00,19,False,False,False,False
mana,MANA,2023-02-19 00:00:00+00:00,2023-02-19 00:00:00+00:00,2023-02-20 00:00:00+00:00,1578685135.4263117,2023-02-20 00:00:00+00:00,20,False,False,False,False
aave,AAVE,2023-02-19 00:00:00+00:00,2023-02-19 00:00:00+00:00,2023-02-20 00:00:00+00:00,1449018645.6851327,2023-02-20 00:00:00+00:00,21,False,False,False,False
avaxc,AVAXC,2023-02-19 00:00:00+00:00,2023-02-19 00:00:00+00:00,2023-02-20 00:00:00+00:00,1245100331.2904947,2023-02-20 00:00:00+00:00,22,False,False,False,False
lend,LEND,2023-02-19 00:00:00+00:00,2023-02-19 00:00:00+00:00,2023-02-20 00:00:00+00:00,1177327596.8234224,2023-02-20 00:00:00+00:00,23,False,False,False,False
gno,GNO,2023-02-19 00:00:00+00:00,2023-02-19 00:00:00+00:00,2023-02-20 00:00:00+00:00,1100980220.16074,2023-02-20 00:00:00+00:00,24,False,False,False,False
neo,NEO,2023-02-19 00:00:00+00:00,2023-02-19 00:00:00+00:00,2023-02-20 00:00:00+00:00,1045877191.85046,2023-02-20 00:00:00+00:00,25,False,False,False,False
1inch,1INCH,2023-02-19 00:00:00+00:00,2023-02-19 00:00:00+00:00,2023-02-20 00:00:00+00:00,864193167.278346,2023-02-20 00:00:00+00:00,26,False,False,False,False
snx,SNX,2023-02-19 00:00:00+00:00,2023-02-19 00:00:00+00:00,2023-02-20 00:00:00+00:00,830994021.4585135,2023-02-20 00:00:00+00:00,27,False,False,False,False
bsv,BSV,2023-02-19 00:00:00+00:00,2023-02-19 00:00:00+00:00,2023-02-20 00:00:00+00:00,816635012.0864478,2023-02-20 00:00:00+00:00,28,False,False,False,False
dash,DASH,2023-02-19 00:00:00+00:00,2023-02-19 00:00:00+00:00,2023-02-20 00:00:00+00:00,787506177.5549366,2023-02-20 00:00:00+00:00,29,False,False,False,False
pax,PAX,2023-02-19 00:00:00+00:00,2023-02-19 00:00:00+00:00,2023-02-20 00:00:00+00:00,725015113.2150097,2023-02-20 00:00:00+00:00,30,False,False,False,False
btc,BTC,2023-02-26 00:00:00+00:00,2023-02-26 00:00:00+00:00,2023-02-27 00:00:00+00:00,454425911741.4522,2023-02-27 00:00:00+00:00,1,True,True,True,True
eth,ETH,2023-02-26 00:00:00+00:00,2023-02-26 00:00:00+00:00,2023-02-27 00:00:00+00:00,197666090417.64838,2023-02-27 00:00:00+00:00,2,True,True,True,True
xrp,XRP,2023-02-26 00:00:00+00:00,2023-02-26 00:00:00+00:00,2023-02-27 00:00:00+00:00,37742428260.90877,2023-02-27 00:00:00+00:00,3,True,True,False,True
ada,ADA,2023-02-26 00:00:00+00:00,2023-02-26 00:00:00+00:00,2023-02-27 00:00:00+00:00,12526268296.932333,2023-02-27 00:00:00+00:00,4,True,True,False,True
doge,DOGE,2023-02-26 00:00:00+00:00,2023-02-26 00:00:00+00:00,2023-02-27 00:00:00+00:00,11360880215.283066,2023-02-27 00:00:00+00:00,5,True,True,False,False
xlm,XLM,2023-02-26 00:00:00+00:00,2023-02-26 00:00:00+00:00,2023-02-27 00:00:00+00:00,9365309302.794537,2023-02-27 00:00:00+00:00,6,True,True,False,False
cro,CRO,2023-02-26 00:00:00+00:00,2023-02-26 00:00:00+00:00,2023-02-27 00:00:00+00:00,8076625786.09924,2023-02-27 00:00:00+00:00,7,False,True,False,False
link,LINK,2023-02-26 00:00:00+00:00,2023-02-26 00:00:00+00:00,2023-02-27 00:00:00+00:00,7485148716.91603,2023-02-27 00:00:00+00:00,8,False,True,True,True
ltc,LTC,2023-02-26 00:00:00+00:00,2023-02-26 00:00:00+00:00,2023-02-27 00:00:00+00:00,6888427022.961973,2023-02-27 00:00:00+00:00,9,False,True,False,True
uni,UNI,2023-02-26 00:00:00+00:00,2023-02-26 00:00:00+00:00,2023-02-27 00:00:00+00:00,6597415534.13703,2023-02-27 00:00:00+00:00,10,False,True,False,False
qnt,QNT,2023-02-26 00:00:00+00:00,2023-02-26 00:00:00+00:00,2023-02-27 00:00:00+00:00,3203447199.1925683,2023-02-27 00:00:00+00:00,11,False,False,False,False
ldo,LDO,2023-02-26 00:00:00+00:00,2023-02-26 00:00:00+00:00,2023-02-27 00:00:00+00:00,3110456307.81989,2023-02-27 00:00:00+00:00,12,False,False,False,False
icp,ICP,2023-02-26 00:00:00+00:00,2023-02-26 00:00:00+00:00,2023-02-27 00:00:00+00:00,3091444539.102668,2023-02-27 00:00:00+00:00,13,False,False,False,False
etc,ETC,2023-02-26 00:00:00+00:00,2023-02-26 00:00:00+00:00,2023-02-27 00:00:00+00:00,2991929231.878154,2023-02-27 00:00:00+00:00,14,False,False,False,False
xmr,XMR,2023-02-26 00:00:00+00:00,2023-02-26 00:00:00+00:00,2023-02-27 00:00:00+00:00,2686990463.4750876,2023-02-27 00:00:00+00:00,15,False,False,False,False
ht,HT,2023-02-26 00:00:00+00:00,2023-02-26 00:00:00+00:00,2023-02-27 00:00:00+00:00,2666102422.694265,2023-02-27 00:00:00+00:00,16,False,False,False,False
bch,BCH,2023-02-26 00:00:00+00:00,2023-02-26 00:00:00+00:00,2023-02-27 00:00:00+00:00,2631536621.578983,2023-02-27 00:00:00+00:00,17,False,False,False,False
algo,ALGO,2023-02-26 00:00:00+00:00,2023-02-26 00:00:00+00:00,2023-02-27 00:00:00+00:00,2548369840.76243,2023-02-27 00:00:00+00:00,18,False,False,False,False
crv,CRV,2023-02-26 00:00:00+00:00,2023-02-26 00:00:00+00:00,2023-02-27 00:00:00+00:00,1946096091.2839508,2023-02-27 00:00:00+00:00,19,False,False,False,False
mana,MANA,2023-02-26 00:00:00+00:00,2023-02-26 00:00:00+00:00,2023-02-27 00:00:00+00:00,1454088725.9058735,2023-02-27 00:00:00+00:00,20,False,False,False,False
aave,AAVE,2023-02-26 00:00:00+00:00,2023-02-26 00:00:00+00:00,2023-02-27 00:00:00+00:00,1314457040.1087792,2023-02-27 00:00:00+00:00,21,False,False,False,False
neo,NEO,2023-02-26 00:00:00+00:00,2023-02-26 00:00:00+00:00,2023-02-27 00:00:00+00:00,1251382309.49854,2023-02-27 00:00:00+00:00,22,False,False,False,False
avaxc,AVAXC,2023-02-26 00:00:00+00:00,2023-02-26 00:00:00+00:00,2023-02-27 00:00:00+00:00,1156039780.2399297,2023-02-27 00:00:00+00:00,23,False,False,False,False
gno,GNO,2023-02-26 00:00:00+00:00,2023-02-26 00:00:00+00:00,2023-02-27 00:00:00+00:00,1092863979.38298,2023-02-27 00:00:00+00:00,24,False,False,False,False
lend,LEND,2023-02-26 00:00:00+00:00,2023-02-26 00:00:00+00:00,2023-02-27 00:00:00+00:00,1067996297.1954575,2023-02-27 00:00:00+00:00,25,False,False,False,False
1inch,1INCH,2023-02-26 00:00:00+00:00,2023-02-26 00:00:00+00:00,2023-02-27 00:00:00+00:00,873318502.335306,2023-02-27 00:00:00+00:00,26,False,False,False,False
snx,SNX,2023-02-26 00:00:00+00:00,2023-02-26 00:00:00+00:00,2023-02-27 00:00:00+00:00,845310212.2520852,2023-02-27 00:00:00+00:00,27,False,False,False,False
dash,DASH,2023-02-26 00:00:00+00:00,2023-02-26 00:00:00+00:00,2023-02-27 00:00:00+00:00,827842736.1018672,2023-02-27 00:00:00+00:00,28,False,False,False,False
bsv,BSV,2023-02-26 00:00:00+00:00,2023-02-26 00:00:00+00:00,2023-02-27 00:00:00+00:00,807717624.2606522,2023-02-27 00:00:00+00:00,29,False,False,False,False
mkr,MKR,2023-02-26 00:00:00+00:00,2023-02-26 00:00:00+00:00,2023-02-27 00:00:00+00:00,758581033.6330086,2023-02-27 00:00:00+00:00,30,False,False,False,False
btc,BTC,2023-03-05 00:00:00+00:00,2023-03-05 00:00:00+00:00,2023-03-06 00:00:00+00:00,432912254426.86676,2023-03-06 00:00:00+00:00,1,True,True,True,True
eth,ETH,2023-03-05 00:00:00+00:00,2023-03-05 00:00:00+00:00,2023-03-06 00:00:00+00:00,188385300743.31204,2023-03-06 00:00:00+00:00,2,True,True,True,True
xrp,XRP,2023-03-05 00:00:00+00:00,2023-03-05 00:00:00+00:00,2023-03-06 00:00:00+00:00,36661950245.975746,2023-03-06 00:00:00+00:00,3,True,True,False,True
ada,ADA,2023-03-05 00:00:00+00:00,2023-03-05 00:00:00+00:00,2023-03-06 00:00:00+00:00,11434900146.01199,2023-03-06 00:00:00+00:00,4,True,True,False,True
doge,DOGE,2023-03-05 00:00:00+00:00,2023-03-05 00:00:00+00:00,2023-03-06 00:00:00+00:00,10335835768.104437,2023-03-06 00:00:00+00:00,5,True,True,False,False
xlm,XLM,2023-03-05 00:00:00+00:00,2023-03-05 00:00:00+00:00,2023-03-06 00:00:00+00:00,8709658959.084303,2023-03-06 00:00:00+00:00,6,True,True,False,False
cro,CRO,2023-03-05 00:00:00+00:00,2023-03-05 00:00:00+00:00,2023-03-06 00:00:00+00:00,7324523080.43334,2023-03-06 00:00:00+00:00,7,False,True,False,False
link,LINK,2023-03-05 00:00:00+00:00,2023-03-05 00:00:00+00:00,2023-03-06 00:00:00+00:00,6937881766.29583,2023-03-06 00:00:00+00:00,8,False,True,True,True
ltc,LTC,2023-03-05 00:00:00+00:00,2023-03-05 00:00:00+00:00,2023-03-06 00:00:00+00:00,6507604348.083157,2023-03-06 00:00:00+00:00,9,False,True,False,True
uni,UNI,2023-03-05 00:00:00+00:00,2023-03-05 00:00:00+00:00,2023-03-06 00:00:00+00:00,6354768579.8385,2023-03-06 00:00:00+00:00,10,False,True,False,False
qnt,QNT,2023-03-05 00:00:00+00:00,2023-03-05 00:00:00+00:00,2023-03-06 00:00:00+00:00,3062125090.9761734,2023-03-06 00:00:00+00:00,11,False,False,False,False
etc,ETC,2023-03-05 00:00:00+00:00,2023-03-05 00:00:00+00:00,2023-03-06 00:00:00+00:00,2760114421.614222,2023-03-06 00:00:00+00:00,12,False,False,False,False
xmr,XMR,2023-03-05 00:00:00+00:00,2023-03-05 00:00:00+00:00,2023-03-06 00:00:00+00:00,2649470329.2942724,2023-03-06 00:00:00+00:00,13,False,False,False,False
icp,ICP,2023-03-05 00:00:00+00:00,2023-03-05 00:00:00+00:00,2023-03-06 00:00:00+00:00,2648498617.013084,2023-03-06 00:00:00+00:00,14,False,False,False,False
ldo,LDO,2023-03-05 00:00:00+00:00,2023-03-05 00:00:00+00:00,2023-03-06 00:00:00+00:00,2618825109.90922,2023-03-06 00:00:00+00:00,15,False,False,False,False
ht,HT,2023-03-05 00:00:00+00:00,2023-03-05 00:00:00+00:00,2023-03-06 00:00:00+00:00,2511171885.31633,2023-03-06 00:00:00+00:00,16,False,False,False,False
bch,BCH,2023-03-05 00:00:00+00:00,2023-03-05 00:00:00+00:00,2023-03-06 00:00:00+00:00,2394394509.9908504,2023-03-06 00:00:00+00:00,17,False,False,False,False
algo,ALGO,2023-03-05 00:00:00+00:00,2023-03-05 00:00:00+00:00,2023-03-06 00:00:00+00:00,2257236054.9597,2023-03-06 00:00:00+00:00,18,False,False,False,False
crv,CRV,2023-03-05 00:00:00+00:00,2023-03-05 00:00:00+00:00,2023-03-06 00:00:00+00:00,1775697376.200527,2023-03-06 00:00:00+00:00,19,False,False,False,False
mana,MANA,2023-03-05 00:00:00+00:00,2023-03-05 00:00:00+00:00,2023-03-06 00:00:00+00:00,1263225199.3175728,2023-03-06 00:00:00+00:00,20,False,False,False,False
neo,NEO,2023-03-05 00:00:00+00:00,2023-03-05 00:00:00+00:00,2023-03-06 00:00:00+00:00,1204476578.75793,2023-03-06 00:00:00+00:00,21,False,False,False,False
aave,AAVE,2023-03-05 00:00:00+00:00,2023-03-05 00:00:00+00:00,2023-03-06 00:00:00+00:00,1199895780.878379,2023-03-06 00:00:00+00:00,22,False,False,False,False
avaxc,AVAXC,2023-03-05 00:00:00+00:00,2023-03-05 00:00:00+00:00,2023-03-06 00:00:00+00:00,1034375980.5317858,2023-03-06 00:00:00+00:00,23,False,False,False,False
gno,GNO,2023-03-05 00:00:00+00:00,2023-03-05 00:00:00+00:00,2023-03-06 00:00:00+00:00,1030449416.54202,2023-03-06 00:00:00+00:00,24,False,False,False,False
snx,SNX,2023-03-05 00:00:00+00:00,2023-03-05 00:00:00+00:00,2023-03-06 00:00:00+00:00,981972301.5466756,2023-03-06 00:00:00+00:00,25,False,False,False,False
lend,LEND,2023-03-05 00:00:00+00:00,2023-03-05 00:00:00+00:00,2023-03-06 00:00:00+00:00,974915278.2448564,2023-03-06 00:00:00+00:00,26,False,False,False,False
mkr,MKR,2023-03-05 00:00:00+00:00,2023-03-05 00:00:00+00:00,2023-03-06 00:00:00+00:00,926417004.6050017,2023-03-06 00:00:00+00:00,27,False,False,False,False
pax,PAX,2023-03-05 00:00:00+00:00,2023-03-05 00:00:00+00:00,2023-03-06 00:00:00+00:00,802426847.9318845,2023-03-06 00:00:00+00:00,28,False,False,False,False
1inch,1INCH,2023-03-05 00:00:00+00:00,2023-03-05 00:00:00+00:00,2023-03-06 00:00:00+00:00,768418136.112831,2023-03-06 00:00:00+00:00,29,False,False,False,False
bsv,BSV,2023-03-05 00:00:00+00:00,2023-03-05 00:00:00+00:00,2023-03-06 00:00:00+00:00,741422759.1114147,2023-03-06 00:00:00+00:00,30,False,False,False,False
btc,BTC,2023-03-12 00:00:00+00:00,2023-03-12 00:00:00+00:00,2023-03-13 00:00:00+00:00,426221507105.4308,2023-03-13 00:00:00+00:00,1,True,True,True,True
eth,ETH,2023-03-12 00:00:00+00:00,2023-03-12 00:00:00+00:00,2023-03-13 00:00:00+00:00,191114704252.1841,2023-03-13 00:00:00+00:00,2,True,True,True,True
xrp,XRP,2023-03-12 00:00:00+00:00,2023-03-12 00:00:00+00:00,2023-03-13 00:00:00+00:00,37228736086.73941,2023-03-13 00:00:00+00:00,3,True,True,False,True
ada,ADA,2023-03-12 00:00:00+00:00,2023-03-12 00:00:00+00:00,2023-03-13 00:00:00+00:00,11245056053.56564,2023-03-13 00:00:00+00:00,4,True,True,False,True
doge,DOGE,2023-03-12 00:00:00+00:00,2023-03-12 00:00:00+00:00,2023-03-13 00:00:00+00:00,9817072764.71666,2023-03-13 00:00:00+00:00,5,True,True,False,False
xlm,XLM,2023-03-12 00:00:00+00:00,2023-03-12 00:00:00+00:00,2023-03-13 00:00:00+00:00,8734860380.06713,2023-03-13 00:00:00+00:00,6,True,True,False,False
cro,CRO,2023-03-12 00:00:00+00:00,2023-03-12 00:00:00+00:00,2023-03-13 00:00:00+00:00,6811698163.6661,2023-03-13 00:00:00+00:00,7,False,True,False,False
link,LINK,2023-03-12 00:00:00+00:00,2023-03-12 00:00:00+00:00,2023-03-13 00:00:00+00:00,6582010335.9055,2023-03-13 00:00:00+00:00,8,False,True,True,True
uni,UNI,2023-03-12 00:00:00+00:00,2023-03-12 00:00:00+00:00,2023-03-13 00:00:00+00:00,5919523595.28127,2023-03-13 00:00:00+00:00,9,False,True,False,False
ltc,LTC,2023-03-12 00:00:00+00:00,2023-03-12 00:00:00+00:00,2023-03-13 00:00:00+00:00,5514936566.189614,2023-03-13 00:00:00+00:00,10,False,True,False,True
qnt,QNT,2023-03-12 00:00:00+00:00,2023-03-12 00:00:00+00:00,2023-03-13 00:00:00+00:00,3075114072.749983,2023-03-13 00:00:00+00:00,11,False,False,False,False
xmr,XMR,2023-03-12 00:00:00+00:00,2023-03-12 00:00:00+00:00,2023-03-13 00:00:00+00:00,2678500907.958095,2023-03-13 00:00:00+00:00,12,False,False,False,False
etc,ETC,2023-03-12 00:00:00+00:00,2023-03-12 00:00:00+00:00,2023-03-13 00:00:00+00:00,2617877117.5087914,2023-03-13 00:00:00+00:00,13,False,False,False,False
icp,ICP,2023-03-12 00:00:00+00:00,2023-03-12 00:00:00+00:00,2023-03-13 00:00:00+00:00,2592463794.6521,2023-03-13 00:00:00+00:00,14,False,False,False,False
ldo,LDO,2023-03-12 00:00:00+00:00,2023-03-12 00:00:00+00:00,2023-03-13 00:00:00+00:00,2437229169.71298,2023-03-13 00:00:00+00:00,15,False,False,False,False
bch,BCH,2023-03-12 00:00:00+00:00,2023-03-12 00:00:00+00:00,2023-03-13 00:00:00+00:00,2339346302.6751447,2023-03-13 00:00:00+00:00,16,False,False,False,False
ht,HT,2023-03-12 00:00:00+00:00,2023-03-12 00:00:00+00:00,2023-03-13 00:00:00+00:00,2090230442.141475,2023-03-13 00:00:00+00:00,17,False,False,False,False
algo,ALGO,2023-03-12 00:00:00+00:00,2023-03-12 00:00:00+00:00,2023-03-13 00:00:00+00:00,2020704651.34377,2023-03-13 00:00:00+00:00,18,False,False,False,False
crv,CRV,2023-03-12 00:00:00+00:00,2023-03-12 00:00:00+00:00,2023-03-13 00:00:00+00:00,1795326018.4639704,2023-03-13 00:00:00+00:00,19,False,False,False,False
mana,MANA,2023-03-12 00:00:00+00:00,2023-03-12 00:00:00+00:00,2023-03-13 00:00:00+00:00,1249195059.6193538,2023-03-13 00:00:00+00:00,20,False,False,False,False
aave,AAVE,2023-03-12 00:00:00+00:00,2023-03-12 00:00:00+00:00,2023-03-13 00:00:00+00:00,1163964693.3772624,2023-03-13 00:00:00+00:00,21,False,False,False,False
avaxc,AVAXC,2023-03-12 00:00:00+00:00,2023-03-12 00:00:00+00:00,2023-03-13 00:00:00+00:00,1066578802.2035953,2023-03-13 00:00:00+00:00,22,False,False,False,False
gno,GNO,2023-03-12 00:00:00+00:00,2023-03-12 00:00:00+00:00,2023-03-13 00:00:00+00:00,1040073462.02809,2023-03-13 00:00:00+00:00,23,False,False,False,False
neo,NEO,2023-03-12 00:00:00+00:00,2023-03-12 00:00:00+00:00,2023-03-13 00:00:00+00:00,1027635610.39038,2023-03-13 00:00:00+00:00,24,False,False,False,False
lend,LEND,2023-03-12 00:00:00+00:00,2023-03-12 00:00:00+00:00,2023-03-13 00:00:00+00:00,945721270.9593669,2023-03-13 00:00:00+00:00,25,False,False,False,False
snx,SNX,2023-03-12 00:00:00+00:00,2023-03-12 00:00:00+00:00,2023-03-13 00:00:00+00:00,858197751.7315804,2023-03-13 00:00:00+00:00,26,False,False,False,False
mkr,MKR,2023-03-12 00:00:00+00:00,2023-03-12 00:00:00+00:00,2023-03-13 00:00:00+00:00,844397061.9686047,2023-03-13 00:00:00+00:00,27,False,False,False,False
pax,PAX,2023-03-12 00:00:00+00:00,2023-03-12 00:00:00+00:00,2023-03-13 00:00:00+00:00,835573423.4768437,2023-03-13 00:00:00+00:00,28,False,False,False,False
1inch,1INCH,2023-03-12 00:00:00+00:00,2023-03-12 00:00:00+00:00,2023-03-13 00:00:00+00:00,713611819.838772,2023-03-13 00:00:00+00:00,29,False,False,False,False
bsv,BSV,2023-03-12 00:00:00+00:00,2023-03-12 00:00:00+00:00,2023-03-13 00:00:00+00:00,674360366.1232984,2023-03-13 00:00:00+00:00,30,False,False,False,False
btc,BTC,2023-03-19 00:00:00+00:00,2023-03-19 00:00:00+00:00,2023-03-20 00:00:00+00:00,544602429934.9583,2023-03-20 00:00:00+00:00,1,True,True,True,True
eth,ETH,2023-03-19 00:00:00+00:00,2023-03-19 00:00:00+00:00,2023-03-20 00:00:00+00:00,217034967814.9556,2023-03-20 00:00:00+00:00,2,True,True,True,True
xrp,XRP,2023-03-19 00:00:00+00:00,2023-03-19 00:00:00+00:00,2023-03-20 00:00:00+00:00,39019320981.49649,2023-03-20 00:00:00+00:00,3,True,True,False,True
ada,ADA,2023-03-19 00:00:00+00:00,2023-03-19 00:00:00+00:00,2023-03-20 00:00:00+00:00,11844738833.072329,2023-03-20 00:00:00+00:00,4,True,True,False,True
doge,DOGE,2023-03-19 00:00:00+00:00,2023-03-19 00:00:00+00:00,2023-03-20 00:00:00+00:00,10423924247.55881,2023-03-20 00:00:00+00:00,5,True,True,False,False
xlm,XLM,2023-03-19 00:00:00+00:00,2023-03-19 00:00:00+00:00,2023-03-20 00:00:00+00:00,9305430094.137835,2023-03-20 00:00:00+00:00,6,True,True,False,False
cro,CRO,2023-03-19 00:00:00+00:00,2023-03-19 00:00:00+00:00,2023-03-20 00:00:00+00:00,7225990922.69994,2023-03-20 00:00:00+00:00,7,False,True,False,False
link,LINK,2023-03-19 00:00:00+00:00,2023-03-19 00:00:00+00:00,2023-03-20 00:00:00+00:00,7147780496.28078,2023-03-20 00:00:00+00:00,8,False,True,True,True
uni,UNI,2023-03-19 00:00:00+00:00,2023-03-19 00:00:00+00:00,2023-03-20 00:00:00+00:00,6548985857.47714,2023-03-20 00:00:00+00:00,9,False,True,False,False
ltc,LTC,2023-03-19 00:00:00+00:00,2023-03-19 00:00:00+00:00,2023-03-20 00:00:00+00:00,6162668264.707355,2023-03-20 00:00:00+00:00,10,False,True,False,True
qnt,QNT,2023-03-19 00:00:00+00:00,2023-03-19 00:00:00+00:00,2023-03-20 00:00:00+00:00,3216442452.4344864,2023-03-20 00:00:00+00:00,11,False,False,False,False
etc,ETC,2023-03-19 00:00:00+00:00,2023-03-19 00:00:00+00:00,2023-03-20 00:00:00+00:00,2984856165.810083,2023-03-20 00:00:00+00:00,12,False,False,False,False
xmr,XMR,2023-03-19 00:00:00+00:00,2023-03-19 00:00:00+00:00,2023-03-20 00:00:00+00:00,2745602719.8664756,2023-03-20 00:00:00+00:00,13,False,False,False,False
icp,ICP,2023-03-19 00:00:00+00:00,2023-03-19 00:00:00+00:00,2023-03-20 00:00:00+00:00,2717441305.34047,2023-03-20 00:00:00+00:00,14,False,False,False,False
bch,BCH,2023-03-19 00:00:00+00:00,2023-03-19 00:00:00+00:00,2023-03-20 00:00:00+00:00,2637205047.418304,2023-03-20 00:00:00+00:00,15,False,False,False,False
ldo,LDO,2023-03-19 00:00:00+00:00,2023-03-19 00:00:00+00:00,2023-03-20 00:00:00+00:00,2511515977.07286,2023-03-20 00:00:00+00:00,16,False,False,False,False
algo,ALGO,2023-03-19 00:00:00+00:00,2023-03-19 00:00:00+00:00,2023-03-20 00:00:00+00:00,2221078963.70776,2023-03-20 00:00:00+00:00,17,False,False,False,False
ht,HT,2023-03-19 00:00:00+00:00,2023-03-19 00:00:00+00:00,2023-03-20 00:00:00+00:00,2008505676.3898,2023-03-20 00:00:00+00:00,18,False,False,False,False
crv,CRV,2023-03-19 00:00:00+00:00,2023-03-19 00:00:00+00:00,2023-03-20 00:00:00+00:00,1978413202.5484807,2023-03-20 00:00:00+00:00,19,False,False,False,False
mana,MANA,2023-03-19 00:00:00+00:00,2023-03-19 00:00:00+00:00,2023-03-20 00:00:00+00:00,1404402380.137118,2023-03-20 00:00:00+00:00,20,False,False,False,False
neo,NEO,2023-03-19 00:00:00+00:00,2023-03-19 00:00:00+00:00,2023-03-20 00:00:00+00:00,1335796906.14301,2023-03-20 00:00:00+00:00,21,False,False,False,False
aave,AAVE,2023-03-19 00:00:00+00:00,2023-03-19 00:00:00+00:00,2023-03-20 00:00:00+00:00,1282927266.4251935,2023-03-20 00:00:00+00:00,22,False,False,False,False
avaxc,AVAXC,2023-03-19 00:00:00+00:00,2023-03-19 00:00:00+00:00,2023-03-20 00:00:00+00:00,1163192785.9597254,2023-03-20 00:00:00+00:00,23,False,False,False,False
gno,GNO,2023-03-19 00:00:00+00:00,2023-03-19 00:00:00+00:00,2023-03-20 00:00:00+00:00,1137192292.36583,2023-03-20 00:00:00+00:00,24,False,False,False,False
lend,LEND,2023-03-19 00:00:00+00:00,2023-03-19 00:00:00+00:00,2023-03-20 00:00:00+00:00,1042378357.2263478,2023-03-20 00:00:00+00:00,25,False,False,False,False
snx,SNX,2023-03-19 00:00:00+00:00,2023-03-19 00:00:00+00:00,2023-03-20 00:00:00+00:00,931457469.3726939,2023-03-20 00:00:00+00:00,26,False,False,False,False
1inch,1INCH,2023-03-19 00:00:00+00:00,2023-03-19 00:00:00+00:00,2023-03-20 00:00:00+00:00,831227601.941016,2023-03-20 00:00:00+00:00,27,False,False,False,False
pax,PAX,2023-03-19 00:00:00+00:00,2023-03-19 00:00:00+00:00,2023-03-20 00:00:00+00:00,804993892.9350891,2023-03-20 00:00:00+00:00,28,False,False,False,False
bsv,BSV,2023-03-19 00:00:00+00:00,2023-03-19 00:00:00+00:00,2023-03-20 00:00:00+00:00,723223311.079649,2023-03-20 00:00:00+00:00,29,False,False,False,False
mkr,MKR,2023-03-19 00:00:00+00:00,2023-03-19 00:00:00+00:00,2023-03-20 00:00:00+00:00,676252506.1381646,2023-03-20 00:00:00+00:00,30,False,False,False,False
btc,BTC,2023-03-26 00:00:00+00:00,2023-03-26 00:00:00+00:00,2023-03-27 00:00:00+00:00,542169657055.99835,2023-03-27 00:00:00+00:00,1,True,True,True,True
eth,ETH,2023-03-26 00:00:00+00:00,2023-03-26 00:00:00+00:00,2023-03-27 00:00:00+00:00,214234691791.5515,2023-03-27 00:00:00+00:00,2,True,True,True,True
xrp,XRP,2023-03-26 00:00:00+00:00,2023-03-26 00:00:00+00:00,2023-03-27 00:00:00+00:00,44941846515.40362,2023-03-27 00:00:00+00:00,3,True,True,False,True
ada,ADA,2023-03-26 00:00:00+00:00,2023-03-26 00:00:00+00:00,2023-03-27 00:00:00+00:00,12136765859.574722,2023-03-27 00:00:00+00:00,4,True,True,False,True
doge,DOGE,2023-03-26 00:00:00+00:00,2023-03-26 00:00:00+00:00,2023-03-27 00:00:00+00:00,10335441036.588873,2023-03-27 00:00:00+00:00,5,True,True,False,False
xlm,XLM,2023-03-26 00:00:00+00:00,2023-03-26 00:00:00+00:00,2023-03-27 00:00:00+00:00,9704397189.461874,2023-03-27 00:00:00+00:00,6,True,True,False,False
link,LINK,2023-03-26 00:00:00+00:00,2023-03-26 00:00:00+00:00,2023-03-27 00:00:00+00:00,7273586164.5084,2023-03-27 00:00:00+00:00,7,False,True,True,True
cro,CRO,2023-03-26 00:00:00+00:00,2023-03-26 00:00:00+00:00,2023-03-27 00:00:00+00:00,6896904775.90677,2023-03-27 00:00:00+00:00,8,False,True,False,False
ltc,LTC,2023-03-26 00:00:00+00:00,2023-03-26 00:00:00+00:00,2023-03-27 00:00:00+00:00,6800890028.343967,2023-03-27 00:00:00+00:00,9,False,True,False,True
uni,UNI,2023-03-26 00:00:00+00:00,2023-03-26 00:00:00+00:00,2023-03-27 00:00:00+00:00,5801865801.3377,2023-03-27 00:00:00+00:00,10,False,True,False,False
qnt,QNT,2023-03-26 00:00:00+00:00,2023-03-26 00:00:00+00:00,2023-03-27 00:00:00+00:00,3003300607.2683167,2023-03-27 00:00:00+00:00,11,False,False,False,False
xmr,XMR,2023-03-26 00:00:00+00:00,2023-03-26 00:00:00+00:00,2023-03-27 00:00:00+00:00,2874564864.947621,2023-03-27 00:00:00+00:00,12,False,False,False,False
etc,ETC,2023-03-26 00:00:00+00:00,2023-03-26 00:00:00+00:00,2023-03-27 00:00:00+00:00,2859568406.263525,2023-03-27 00:00:00+00:00,13,False,False,False,False
icp,ICP,2023-03-26 00:00:00+00:00,2023-03-26 00:00:00+00:00,2023-03-27 00:00:00+00:00,2488610222.5492954,2023-03-27 00:00:00+00:00,14,False,False,False,False
bch,BCH,2023-03-26 00:00:00+00:00,2023-03-26 00:00:00+00:00,2023-03-27 00:00:00+00:00,2419278656.5478663,2023-03-27 00:00:00+00:00,15,False,False,False,False
ldo,LDO,2023-03-26 00:00:00+00:00,2023-03-26 00:00:00+00:00,2023-03-27 00:00:00+00:00,2162985309.46122,2023-03-27 00:00:00+00:00,16,False,False,False,False
algo,ALGO,2023-03-26 00:00:00+00:00,2023-03-26 00:00:00+00:00,2023-03-27 00:00:00+00:00,2112340941.34868,2023-03-27 00:00:00+00:00,17,False,False,False,False
ht,HT,2023-03-26 00:00:00+00:00,2023-03-26 00:00:00+00:00,2023-03-27 00:00:00+00:00,1843869311.186585,2023-03-27 00:00:00+00:00,18,False,False,False,False
crv,CRV,2023-03-26 00:00:00+00:00,2023-03-26 00:00:00+00:00,2023-03-27 00:00:00+00:00,1798450595.1329913,2023-03-27 00:00:00+00:00,19,False,False,False,False
mana,MANA,2023-03-26 00:00:00+00:00,2023-03-26 00:00:00+00:00,2023-03-27 00:00:00+00:00,1297753812.9625328,2023-03-27 00:00:00+00:00,20,False,False,False,False
neo,NEO,2023-03-26 00:00:00+00:00,2023-03-26 00:00:00+00:00,2023-03-27 00:00:00+00:00,1235335280.73486,2023-03-27 00:00:00+00:00,21,False,False,False,False
aave,AAVE,2023-03-26 00:00:00+00:00,2023-03-26 00:00:00+00:00,2023-03-27 00:00:00+00:00,1168835100.9195504,2023-03-27 00:00:00+00:00,22,False,False,False,False
avaxc,AVAXC,2023-03-26 00:00:00+00:00,2023-03-26 00:00:00+00:00,2023-03-27 00:00:00+00:00,1110958428.833407,2023-03-27 00:00:00+00:00,23,False,False,False,False
gno,GNO,2023-03-26 00:00:00+00:00,2023-03-26 00:00:00+00:00,2023-03-27 00:00:00+00:00,1084712304.66933,2023-03-27 00:00:00+00:00,24,False,False,False,False
lend,LEND,2023-03-26 00:00:00+00:00,2023-03-26 00:00:00+00:00,2023-03-27 00:00:00+00:00,949678476.9100201,2023-03-27 00:00:00+00:00,25,False,False,False,False
snx,SNX,2023-03-26 00:00:00+00:00,2023-03-26 00:00:00+00:00,2023-03-27 00:00:00+00:00,790369549.5875868,2023-03-27 00:00:00+00:00,26,False,False,False,False
1inch,1INCH,2023-03-26 00:00:00+00:00,2023-03-26 00:00:00+00:00,2023-03-27 00:00:00+00:00,770485052.4406065,2023-03-27 00:00:00+00:00,27,False,False,False,False
pax,PAX,2023-03-26 00:00:00+00:00,2023-03-26 00:00:00+00:00,2023-03-27 00:00:00+00:00,767541463.6384095,2023-03-27 00:00:00+00:00,28,False,False,False,False
bsv,BSV,2023-03-26 00:00:00+00:00,2023-03-26 00:00:00+00:00,2023-03-27 00:00:00+00:00,712396532.005019,2023-03-27 00:00:00+00:00,29,False,False,False,False
dash,DASH,2023-03-26 00:00:00+00:00,2023-03-26 00:00:00+00:00,2023-03-27 00:00:00+00:00,664983843.3563558,2023-03-27 00:00:00+00:00,30,False,False,False,False
btc,BTC,2023-04-02 00:00:00+00:00,2023-04-02 00:00:00+00:00,2023-04-03 00:00:00+00:00,544524713657.57355,2023-04-03 00:00:00+00:00,1,True,True,True,True
eth,ETH,2023-04-02 00:00:00+00:00,2023-04-02 00:00:00+00:00,2023-04-03 00:00:00+00:00,216177406933.90988,2023-04-03 00:00:00+00:00,2,True,True,True,True
xrp,XRP,2023-04-02 00:00:00+00:00,2023-04-02 00:00:00+00:00,2023-04-03 00:00:00+00:00,51868202828.47612,2023-04-03 00:00:00+00:00,3,True,True,False,True
ada,ADA,2023-04-02 00:00:00+00:00,2023-04-02 00:00:00+00:00,2023-04-03 00:00:00+00:00,12980581265.496876,2023-04-03 00:00:00+00:00,4,True,True,False,True
xlm,XLM,2023-04-02 00:00:00+00:00,2023-04-02 00:00:00+00:00,2023-04-03 00:00:00+00:00,11224620454.555162,2023-04-03 00:00:00+00:00,5,True,True,False,False
doge,DOGE,2023-04-02 00:00:00+00:00,2023-04-02 00:00:00+00:00,2023-04-03 00:00:00+00:00,10972928105.660065,2023-04-03 00:00:00+00:00,6,True,True,False,False
link,LINK,2023-04-02 00:00:00+00:00,2023-04-02 00:00:00+00:00,2023-04-03 00:00:00+00:00,7249765660.50632,2023-04-03 00:00:00+00:00,7,False,True,True,True
cro,CRO,2023-04-02 00:00:00+00:00,2023-04-02 00:00:00+00:00,2023-04-03 00:00:00+00:00,6770155573.13238,2023-04-03 00:00:00+00:00,8,False,True,False,False
ltc,LTC,2023-04-02 00:00:00+00:00,2023-04-02 00:00:00+00:00,2023-04-03 00:00:00+00:00,6755098617.268499,2023-04-03 00:00:00+00:00,9,False,True,False,True
uni,UNI,2023-04-02 00:00:00+00:00,2023-04-02 00:00:00+00:00,2023-04-03 00:00:00+00:00,5943293271.37337,2023-04-03 00:00:00+00:00,10,False,True,False,False
qnt,QNT,2023-04-02 00:00:00+00:00,2023-04-02 00:00:00+00:00,2023-04-03 00:00:00+00:00,3112804130.42539,2023-04-03 00:00:00+00:00,11,False,False,False,False
etc,ETC,2023-04-02 00:00:00+00:00,2023-04-02 00:00:00+00:00,2023-04-03 00:00:00+00:00,2865776298.5216103,2023-04-03 00:00:00+00:00,12,False,False,False,False
xmr,XMR,2023-04-02 00:00:00+00:00,2023-04-02 00:00:00+00:00,2023-04-03 00:00:00+00:00,2851652887.414113,2023-04-03 00:00:00+00:00,13,False,False,False,False
icp,ICP,2023-04-02 00:00:00+00:00,2023-04-02 00:00:00+00:00,2023-04-03 00:00:00+00:00,2518485820.3508787,2023-04-03 00:00:00+00:00,14,False,False,False,False
bch,BCH,2023-04-02 00:00:00+00:00,2023-04-02 00:00:00+00:00,2023-04-03 00:00:00+00:00,2379900831.1258106,2023-04-03 00:00:00+00:00,15,False,False,False,False
ldo,LDO,2023-04-02 00:00:00+00:00,2023-04-02 00:00:00+00:00,2023-04-03 00:00:00+00:00,2333625384.12106,2023-04-03 00:00:00+00:00,16,False,False,False,False
algo,ALGO,2023-04-02 00:00:00+00:00,2023-04-02 00:00:00+00:00,2023-04-03 00:00:00+00:00,2139596774.85078,2023-04-03 00:00:00+00:00,17,False,False,False,False
ht,HT,2023-04-02 00:00:00+00:00,2023-04-02 00:00:00+00:00,2023-04-03 00:00:00+00:00,1833548438.72986,2023-04-03 00:00:00+00:00,18,False,False,False,False
crv,CRV,2023-04-02 00:00:00+00:00,2023-04-02 00:00:00+00:00,2023-04-03 00:00:00+00:00,1745976921.5742865,2023-04-03 00:00:00+00:00,19,False,False,False,False
mana,MANA,2023-04-02 00:00:00+00:00,2023-04-02 00:00:00+00:00,2023-04-03 00:00:00+00:00,1313684267.2665892,2023-04-03 00:00:00+00:00,20,False,False,False,False
neo,NEO,2023-04-02 00:00:00+00:00,2023-04-02 00:00:00+00:00,2023-04-03 00:00:00+00:00,1209560959.51873,2023-04-03 00:00:00+00:00,21,False,False,False,False
aave,AAVE,2023-04-02 00:00:00+00:00,2023-04-02 00:00:00+00:00,2023-04-03 00:00:00+00:00,1169226942.1932993,2023-04-03 00:00:00+00:00,22,False,False,False,False
avaxc,AVAXC,2023-04-02 00:00:00+00:00,2023-04-02 00:00:00+00:00,2023-04-03 00:00:00+00:00,1116161374.4897175,2023-04-03 00:00:00+00:00,23,False,False,False,False
gno,GNO,2023-04-02 00:00:00+00:00,2023-04-02 00:00:00+00:00,2023-04-03 00:00:00+00:00,1113647236.18928,2023-04-03 00:00:00+00:00,24,False,False,False,False
lend,LEND,2023-04-02 00:00:00+00:00,2023-04-02 00:00:00+00:00,2023-04-03 00:00:00+00:00,949996847.9306642,2023-04-03 00:00:00+00:00,25,False,False,False,False
snx,SNX,2023-04-02 00:00:00+00:00,2023-04-02 00:00:00+00:00,2023-04-03 00:00:00+00:00,816205457.5998346,2023-04-03 00:00:00+00:00,26,False,False,False,False
1inch,1INCH,2023-04-02 00:00:00+00:00,2023-04-02 00:00:00+00:00,2023-04-03 00:00:00+00:00,781237902.9348525,2023-04-03 00:00:00+00:00,27,False,False,False,False
pax,PAX,2023-04-02 00:00:00+00:00,2023-04-02 00:00:00+00:00,2023-04-03 00:00:00+00:00,754370995.0515486,2023-04-03 00:00:00+00:00,28,False,False,False,False
bsv,BSV,2023-04-02 00:00:00+00:00,2023-04-02 00:00:00+00:00,2023-04-03 00:00:00+00:00,687206697.4163903,2023-04-03 00:00:00+00:00,29,False,False,False,False
mkr,MKR,2023-04-02 00:00:00+00:00,2023-04-02 00:00:00+00:00,2023-04-03 00:00:00+00:00,657844018.9570025,2023-04-03 00:00:00+00:00,30,False,False,False,False
btc,BTC,2023-04-09 00:00:00+00:00,2023-04-09 00:00:00+00:00,2023-04-10 00:00:00+00:00,548492793650.61993,2023-04-10 00:00:00+00:00,1,True,True,True,True
eth,ETH,2023-04-09 00:00:00+00:00,2023-04-09 00:00:00+00:00,2023-04-10 00:00:00+00:00,224159691911.4554,2023-04-10 00:00:00+00:00,2,True,True,True,True
xrp,XRP,2023-04-09 00:00:00+00:00,2023-04-09 00:00:00+00:00,2023-04-10 00:00:00+00:00,50566471400.502464,2023-04-10 00:00:00+00:00,3,True,True,False,True
ada,ADA,2023-04-09 00:00:00+00:00,2023-04-09 00:00:00+00:00,2023-04-10 00:00:00+00:00,13260910754.107195,2023-04-10 00:00:00+00:00,4,True,True,False,True
doge,DOGE,2023-04-09 00:00:00+00:00,2023-04-09 00:00:00+00:00,2023-04-10 00:00:00+00:00,11568411870.713896,2023-04-10 00:00:00+00:00,5,True,True,False,False
xlm,XLM,2023-04-09 00:00:00+00:00,2023-04-09 00:00:00+00:00,2023-04-10 00:00:00+00:00,11051055599.653208,2023-04-10 00:00:00+00:00,6,True,True,False,False
link,LINK,2023-04-09 00:00:00+00:00,2023-04-09 00:00:00+00:00,2023-04-10 00:00:00+00:00,7213575140.20172,2023-04-10 00:00:00+00:00,7,False,True,True,True
cro,CRO,2023-04-09 00:00:00+00:00,2023-04-09 00:00:00+00:00,2023-04-10 00:00:00+00:00,6814720602.78926,2023-04-10 00:00:00+00:00,8,False,True,False,False
ltc,LTC,2023-04-09 00:00:00+00:00,2023-04-09 00:00:00+00:00,2023-04-10 00:00:00+00:00,6593470975.969754,2023-04-10 00:00:00+00:00,9,False,True,False,True
uni,UNI,2023-04-09 00:00:00+00:00,2023-04-09 00:00:00+00:00,2023-04-10 00:00:00+00:00,5922522671.80572,2023-04-10 00:00:00+00:00,10,False,True,False,False
qnt,QNT,2023-04-09 00:00:00+00:00,2023-04-09 00:00:00+00:00,2023-04-10 00:00:00+00:00,2969184878.0949254,2023-04-10 00:00:00+00:00,11,False,False,False,False
etc,ETC,2023-04-09 00:00:00+00:00,2023-04-09 00:00:00+00:00,2023-04-10 00:00:00+00:00,2893147898.714669,2023-04-10 00:00:00+00:00,12,False,False,False,False
xmr,XMR,2023-04-09 00:00:00+00:00,2023-04-09 00:00:00+00:00,2023-04-10 00:00:00+00:00,2849346019.3366265,2023-04-10 00:00:00+00:00,13,False,False,False,False
icp,ICP,2023-04-09 00:00:00+00:00,2023-04-09 00:00:00+00:00,2023-04-10 00:00:00+00:00,2500335030.949551,2023-04-10 00:00:00+00:00,14,False,False,False,False
bch,BCH,2023-04-09 00:00:00+00:00,2023-04-09 00:00:00+00:00,2023-04-10 00:00:00+00:00,2434526602.3021903,2023-04-10 00:00:00+00:00,15,False,False,False,False
ldo,LDO,2023-04-09 00:00:00+00:00,2023-04-09 00:00:00+00:00,2023-04-10 00:00:00+00:00,2348538995.33476,2023-04-10 00:00:00+00:00,16,False,False,False,False
algo,ALGO,2023-04-09 00:00:00+00:00,2023-04-09 00:00:00+00:00,2023-04-10 00:00:00+00:00,2168107677.95738,2023-04-10 00:00:00+00:00,17,False,False,False,False
crv,CRV,2023-04-09 00:00:00+00:00,2023-04-09 00:00:00+00:00,2023-04-10 00:00:00+00:00,1956150245.959869,2023-04-10 00:00:00+00:00,18,False,False,False,False
ht,HT,2023-04-09 00:00:00+00:00,2023-04-09 00:00:00+00:00,2023-04-10 00:00:00+00:00,1790770633.188175,2023-04-10 00:00:00+00:00,19,False,False,False,False
mana,MANA,2023-04-09 00:00:00+00:00,2023-04-09 00:00:00+00:00,2023-04-10 00:00:00+00:00,1318196779.9876647,2023-04-10 00:00:00+00:00,20,False,False,False,False
neo,NEO,2023-04-09 00:00:00+00:00,2023-04-09 00:00:00+00:00,2023-04-10 00:00:00+00:00,1222598987.18663,2023-04-10 00:00:00+00:00,21,False,False,False,False
aave,AAVE,2023-04-09 00:00:00+00:00,2023-04-09 00:00:00+00:00,2023-04-10 00:00:00+00:00,1222159772.8874688,2023-04-10 00:00:00+00:00,22,False,False,False,False
avaxc,AVAXC,2023-04-09 00:00:00+00:00,2023-04-09 00:00:00+00:00,2023-04-10 00:00:00+00:00,1140578436.3590026,2023-04-10 00:00:00+00:00,23,False,False,False,False
gno,GNO,2023-04-09 00:00:00+00:00,2023-04-09 00:00:00+00:00,2023-04-10 00:00:00+00:00,1119216803.5768,2023-04-10 00:00:00+00:00,24,False,False,False,False
lend,LEND,2023-04-09 00:00:00+00:00,2023-04-09 00:00:00+00:00,2023-04-10 00:00:00+00:00,993004770.9410417,2023-04-10 00:00:00+00:00,25,False,False,False,False
snx,SNX,2023-04-09 00:00:00+00:00,2023-04-09 00:00:00+00:00,2023-04-10 00:00:00+00:00,842314759.9401466,2023-04-10 00:00:00+00:00,26,False,False,False,False
pax,PAX,2023-04-09 00:00:00+00:00,2023-04-09 00:00:00+00:00,2023-04-10 00:00:00+00:00,841343734.2442827,2023-04-10 00:00:00+00:00,27,False,False,False,False
1inch,1INCH,2023-04-09 00:00:00+00:00,2023-04-09 00:00:00+00:00,2023-04-10 00:00:00+00:00,801260640.5781645,2023-04-10 00:00:00+00:00,28,False,False,False,False
bsv,BSV,2023-04-09 00:00:00+00:00,2023-04-09 00:00:00+00:00,2023-04-10 00:00:00+00:00,691448211.8756232,2023-04-10 00:00:00+00:00,29,False,False,False,False
mkr,MKR,2023-04-09 00:00:00+00:00,2023-04-09 00:00:00+00:00,2023-04-10 00:00:00+00:00,690477550.7540131,2023-04-10 00:00:00+00:00,30,False,False,False,False
btc,BTC,2023-04-16 00:00:00+00:00,2023-04-16 00:00:00+00:00,2023-04-17 00:00:00+00:00,586498169368.5076,2023-04-17 00:00:00+00:00,1,True,True,True,True
eth,ETH,2023-04-16 00:00:00+00:00,2023-04-16 00:00:00+00:00,2023-04-17 00:00:00+00:00,255248199146.17813,2023-04-17 00:00:00+00:00,2,True,True,True,True
xrp,XRP,2023-04-16 00:00:00+00:00,2023-04-16 00:00:00+00:00,2023-04-17 00:00:00+00:00,52095889015.3757,2023-04-17 00:00:00+00:00,3,True,True,False,True
ada,ADA,2023-04-16 00:00:00+00:00,2023-04-16 00:00:00+00:00,2023-04-17 00:00:00+00:00,15393750092.494986,2023-04-17 00:00:00+00:00,4,True,True,False,True
doge,DOGE,2023-04-16 00:00:00+00:00,2023-04-16 00:00:00+00:00,2023-04-17 00:00:00+00:00,12573044988.20188,2023-04-17 00:00:00+00:00,5,True,True,False,False
xlm,XLM,2023-04-16 00:00:00+00:00,2023-04-16 00:00:00+00:00,2023-04-17 00:00:00+00:00,11322749823.14668,2023-04-17 00:00:00+00:00,6,True,True,False,False
link,LINK,2023-04-16 00:00:00+00:00,2023-04-16 00:00:00+00:00,2023-04-17 00:00:00+00:00,8132580834.67817,2023-04-17 00:00:00+00:00,7,False,True,True,True
ltc,LTC,2023-04-16 00:00:00+00:00,2023-04-16 00:00:00+00:00,2023-04-17 00:00:00+00:00,7292547431.691927,2023-04-17 00:00:00+00:00,8,False,True,False,True
cro,CRO,2023-04-16 00:00:00+00:00,2023-04-16 00:00:00+00:00,2023-04-17 00:00:00+00:00,7243142046.13565,2023-04-17 00:00:00+00:00,9,False,True,False,False
uni,UNI,2023-04-16 00:00:00+00:00,2023-04-16 00:00:00+00:00,2023-04-17 00:00:00+00:00,6321849306.65571,2023-04-17 00:00:00+00:00,10,False,True,False,False
etc,ETC,2023-04-16 00:00:00+00:00,2023-04-16 00:00:00+00:00,2023-04-17 00:00:00+00:00,3130691732.5082016,2023-04-17 00:00:00+00:00,11,False,False,False,False
icp,ICP,2023-04-16 00:00:00+00:00,2023-04-16 00:00:00+00:00,2023-04-17 00:00:00+00:00,3029262722.799119,2023-04-17 00:00:00+00:00,12,False,False,False,False
qnt,QNT,2023-04-16 00:00:00+00:00,2023-04-16 00:00:00+00:00,2023-04-17 00:00:00+00:00,2916996883.0054417,2023-04-17 00:00:00+00:00,13,False,False,False,False
xmr,XMR,2023-04-16 00:00:00+00:00,2023-04-16 00:00:00+00:00,2023-04-17 00:00:00+00:00,2910246429.677507,2023-04-17 00:00:00+00:00,14,False,False,False,False
bch,BCH,2023-04-16 00:00:00+00:00,2023-04-16 00:00:00+00:00,2023-04-17 00:00:00+00:00,2604125722.2309413,2023-04-17 00:00:00+00:00,15,False,False,False,False
ldo,LDO,2023-04-16 00:00:00+00:00,2023-04-16 00:00:00+00:00,2023-04-17 00:00:00+00:00,2577133506.28661,2023-04-17 00:00:00+00:00,16,False,False,False,False
algo,ALGO,2023-04-16 00:00:00+00:00,2023-04-16 00:00:00+00:00,2023-04-17 00:00:00+00:00,2341897916.18794,2023-04-17 00:00:00+00:00,17,False,False,False,False
crv,CRV,2023-04-16 00:00:00+00:00,2023-04-16 00:00:00+00:00,2023-04-17 00:00:00+00:00,2137732987.10615,2023-04-17 00:00:00+00:00,18,False,False,False,False
ht,HT,2023-04-16 00:00:00+00:00,2023-04-16 00:00:00+00:00,2023-04-17 00:00:00+00:00,2003723065.46555,2023-04-17 00:00:00+00:00,19,False,False,False,False
mana,MANA,2023-04-16 00:00:00+00:00,2023-04-16 00:00:00+00:00,2023-04-17 00:00:00+00:00,1413401178.6300585,2023-04-17 00:00:00+00:00,20,False,False,False,False
neo,NEO,2023-04-16 00:00:00+00:00,2023-04-16 00:00:00+00:00,2023-04-17 00:00:00+00:00,1358530339.90815,2023-04-17 00:00:00+00:00,21,False,False,False,False
aave,AAVE,2023-04-16 00:00:00+00:00,2023-04-16 00:00:00+00:00,2023-04-17 00:00:00+00:00,1331149491.042333,2023-04-17 00:00:00+00:00,22,False,False,False,False
avaxc,AVAXC,2023-04-16 00:00:00+00:00,2023-04-16 00:00:00+00:00,2023-04-17 00:00:00+00:00,1313486168.2784598,2023-04-17 00:00:00+00:00,23,False,False,False,False
gno,GNO,2023-04-16 00:00:00+00:00,2023-04-16 00:00:00+00:00,2023-04-17 00:00:00+00:00,1231527813.29689,2023-04-17 00:00:00+00:00,24,False,False,False,False
lend,LEND,2023-04-16 00:00:00+00:00,2023-04-16 00:00:00+00:00,2023-04-17 00:00:00+00:00,1081558912.9707716,2023-04-17 00:00:00+00:00,25,False,False,False,False
pax,PAX,2023-04-16 00:00:00+00:00,2023-04-16 00:00:00+00:00,2023-04-17 00:00:00+00:00,1006857765.7166586,2023-04-17 00:00:00+00:00,26,False,False,False,False
snx,SNX,2023-04-16 00:00:00+00:00,2023-04-16 00:00:00+00:00,2023-04-17 00:00:00+00:00,908116858.8767042,2023-04-17 00:00:00+00:00,27,False,False,False,False
1inch,1INCH,2023-04-16 00:00:00+00:00,2023-04-16 00:00:00+00:00,2023-04-17 00:00:00+00:00,862215247.8698055,2023-04-17 00:00:00+00:00,28,False,False,False,False
mkr,MKR,2023-04-16 00:00:00+00:00,2023-04-16 00:00:00+00:00,2023-04-17 00:00:00+00:00,782256858.4796401,2023-04-17 00:00:00+00:00,29,False,False,False,False
bsv,BSV,2023-04-16 00:00:00+00:00,2023-04-16 00:00:00+00:00,2023-04-17 00:00:00+00:00,718423754.5350696,2023-04-17 00:00:00+00:00,30,False,False,False,False
btc,BTC,2023-04-23 00:00:00+00:00,2023-04-23 00:00:00+00:00,2023-04-24 00:00:00+00:00,534277114846.29254,2023-04-24 00:00:00+00:00,1,True,True,True,True
eth,ETH,2023-04-23 00:00:00+00:00,2023-04-23 00:00:00+00:00,2023-04-24 00:00:00+00:00,224308503703.04315,2023-04-24 00:00:00+00:00,2,True,True,True,True
xrp,XRP,2023-04-23 00:00:00+00:00,2023-04-23 00:00:00+00:00,2023-04-24 00:00:00+00:00,46419362211.587,2023-04-24 00:00:00+00:00,3,True,True,False,True
ada,ADA,2023-04-23 00:00:00+00:00,2023-04-23 00:00:00+00:00,2023-04-24 00:00:00+00:00,13245825066.49527,2023-04-24 00:00:00+00:00,4,True,True,False,True
doge,DOGE,2023-04-23 00:00:00+00:00,2023-04-23 00:00:00+00:00,2023-04-24 00:00:00+00:00,10965074082.866817,2023-04-24 00:00:00+00:00,5,True,True,False,False
xlm,XLM,2023-04-23 00:00:00+00:00,2023-04-23 00:00:00+00:00,2023-04-24 00:00:00+00:00,9964817572.70365,2023-04-24 00:00:00+00:00,6,True,True,False,False
link,LINK,2023-04-23 00:00:00+00:00,2023-04-23 00:00:00+00:00,2023-04-24 00:00:00+00:00,7080611908.83853,2023-04-24 00:00:00+00:00,7,False,True,True,True
cro,CRO,2023-04-23 00:00:00+00:00,2023-04-23 00:00:00+00:00,2023-04-24 00:00:00+00:00,6787168665.8276,2023-04-24 00:00:00+00:00,8,False,True,False,False
ltc,LTC,2023-04-23 00:00:00+00:00,2023-04-23 00:00:00+00:00,2023-04-24 00:00:00+00:00,6317967021.55037,2023-04-24 00:00:00+00:00,9,False,True,False,True
uni,UNI,2023-04-23 00:00:00+00:00,2023-04-23 00:00:00+00:00,2023-04-24 00:00:00+00:00,5425805974.5806,2023-04-24 00:00:00+00:00,10,False,True,False,False
xmr,XMR,2023-04-23 00:00:00+00:00,2023-04-23 00:00:00+00:00,2023-04-24 00:00:00+00:00,2794226324.233634,2023-04-24 00:00:00+00:00,11,False,False,False,False
etc,ETC,2023-04-23 00:00:00+00:00,2023-04-23 00:00:00+00:00,2023-04-24 00:00:00+00:00,2772621724.026344,2023-04-24 00:00:00+00:00,12,False,False,False,False
qnt,QNT,2023-04-23 00:00:00+00:00,2023-04-23 00:00:00+00:00,2023-04-24 00:00:00+00:00,2734026257.3721232,2023-04-24 00:00:00+00:00,13,False,False,False,False
icp,ICP,2023-04-23 00:00:00+00:00,2023-04-23 00:00:00+00:00,2023-04-24 00:00:00+00:00,2696790285.060915,2023-04-24 00:00:00+00:00,14,False,False,False,False
bch,BCH,2023-04-23 00:00:00+00:00,2023-04-23 00:00:00+00:00,2023-04-24 00:00:00+00:00,2323101305.400366,2023-04-24 00:00:00+00:00,15,False,False,False,False
ldo,LDO,2023-04-23 00:00:00+00:00,2023-04-23 00:00:00+00:00,2023-04-24 00:00:00+00:00,2073748898.44086,2023-04-24 00:00:00+00:00,16,False,False,False,False
algo,ALGO,2023-04-23 00:00:00+00:00,2023-04-23 00:00:00+00:00,2023-04-24 00:00:00+00:00,1877499843.31659,2023-04-24 00:00:00+00:00,17,False,False,False,False
crv,CRV,2023-04-23 00:00:00+00:00,2023-04-23 00:00:00+00:00,2023-04-24 00:00:00+00:00,1829389959.8516586,2023-04-24 00:00:00+00:00,18,False,False,False,False
ht,HT,2023-04-23 00:00:00+00:00,2023-04-23 00:00:00+00:00,2023-04-24 00:00:00+00:00,1795420278.756965,2023-04-24 00:00:00+00:00,19,False,False,False,False
mana,MANA,2023-04-23 00:00:00+00:00,2023-04-23 00:00:00+00:00,2023-04-24 00:00:00+00:00,1227731148.4793298,2023-04-24 00:00:00+00:00,20,False,False,False,False
neo,NEO,2023-04-23 00:00:00+00:00,2023-04-23 00:00:00+00:00,2023-04-24 00:00:00+00:00,1128881728.1191,2023-04-24 00:00:00+00:00,21,False,False,False,False
aave,AAVE,2023-04-23 00:00:00+00:00,2023-04-23 00:00:00+00:00,2023-04-24 00:00:00+00:00,1123841815.9413311,2023-04-24 00:00:00+00:00,22,False,False,False,False
avaxc,AVAXC,2023-04-23 00:00:00+00:00,2023-04-23 00:00:00+00:00,2023-04-24 00:00:00+00:00,1097968491.818321,2023-04-24 00:00:00+00:00,23,False,False,False,False
gno,GNO,2023-04-23 00:00:00+00:00,2023-04-23 00:00:00+00:00,2023-04-24 00:00:00+00:00,1064757276.28453,2023-04-24 00:00:00+00:00,24,False,False,False,False
pax,PAX,2023-04-23 00:00:00+00:00,2023-04-23 00:00:00+00:00,2023-04-24 00:00:00+00:00,1042862184.8540928,2023-04-24 00:00:00+00:00,25,False,False,False,False
lend,LEND,2023-04-23 00:00:00+00:00,2023-04-23 00:00:00+00:00,2023-04-24 00:00:00+00:00,913121434.5045706,2023-04-24 00:00:00+00:00,26,False,False,False,False
snx,SNX,2023-04-23 00:00:00+00:00,2023-04-23 00:00:00+00:00,2023-04-24 00:00:00+00:00,792738352.9354075,2023-04-24 00:00:00+00:00,27,False,False,False,False
1inch,1INCH,2023-04-23 00:00:00+00:00,2023-04-23 00:00:00+00:00,2023-04-24 00:00:00+00:00,741309392.703042,2023-04-24 00:00:00+00:00,28,False,False,False,False
mkr,MKR,2023-04-23 00:00:00+00:00,2023-04-23 00:00:00+00:00,2023-04-24 00:00:00+00:00,673265261.2783661,2023-04-24 00:00:00+00:00,29,False,False,False,False
bsv,BSV,2023-04-23 00:00:00+00:00,2023-04-23 00:00:00+00:00,2023-04-24 00:00:00+00:00,652455273.0016977,2023-04-24 00:00:00+00:00,30,False,False,False,False
btc,BTC,2023-04-30 00:00:00+00:00,2023-04-30 00:00:00+00:00,2023-05-01 00:00:00+00:00,568466684139.1699,2023-05-01 00:00:00+00:00,1,True,True,True,True
eth,ETH,2023-04-30 00:00:00+00:00,2023-04-30 00:00:00+00:00,2023-05-01 00:00:00+00:00,227016335265.8526,2023-05-01 00:00:00+00:00,2,True,True,True,True
xrp,XRP,2023-04-30 00:00:00+00:00,2023-04-30 00:00:00+00:00,2023-05-01 00:00:00+00:00,47307801119.8462,2023-05-01 00:00:00+00:00,3,True,True,False,True
ada,ADA,2023-04-30 00:00:00+00:00,2023-04-30 00:00:00+00:00,2023-05-01 00:00:00+00:00,13563917602.39518,2023-05-01 00:00:00+00:00,4,True,True,False,True
doge,DOGE,2023-04-30 00:00:00+00:00,2023-04-30 00:00:00+00:00,2023-05-01 00:00:00+00:00,11111498139.547253,2023-05-01 00:00:00+00:00,5,True,True,False,False
xlm,XLM,2023-04-30 00:00:00+00:00,2023-04-30 00:00:00+00:00,2023-05-01 00:00:00+00:00,9993465561.823114,2023-05-01 00:00:00+00:00,6,True,True,False,False
cro,CRO,2023-04-30 00:00:00+00:00,2023-04-30 00:00:00+00:00,2023-05-01 00:00:00+00:00,7312448724.13677,2023-05-01 00:00:00+00:00,7,False,True,False,False
link,LINK,2023-04-30 00:00:00+00:00,2023-04-30 00:00:00+00:00,2023-05-01 00:00:00+00:00,7059234659.61938,2023-05-01 00:00:00+00:00,8,False,True,True,True
ltc,LTC,2023-04-30 00:00:00+00:00,2023-04-30 00:00:00+00:00,2023-05-01 00:00:00+00:00,6459210622.866958,2023-05-01 00:00:00+00:00,9,False,True,False,True
uni,UNI,2023-04-30 00:00:00+00:00,2023-04-30 00:00:00+00:00,2023-05-01 00:00:00+00:00,5481962668.66552,2023-05-01 00:00:00+00:00,10,False,True,False,False
icp,ICP,2023-04-30 00:00:00+00:00,2023-04-30 00:00:00+00:00,2023-05-01 00:00:00+00:00,3213666898.233445,2023-05-01 00:00:00+00:00,11,False,False,False,False
qnt,QNT,2023-04-30 00:00:00+00:00,2023-04-30 00:00:00+00:00,2023-05-01 00:00:00+00:00,2831101279.94684,2023-05-01 00:00:00+00:00,12,False,False,False,False
xmr,XMR,2023-04-30 00:00:00+00:00,2023-04-30 00:00:00+00:00,2023-05-01 00:00:00+00:00,2785798615.679436,2023-05-01 00:00:00+00:00,13,False,False,False,False
etc,ETC,2023-04-30 00:00:00+00:00,2023-04-30 00:00:00+00:00,2023-05-01 00:00:00+00:00,2746863338.1128464,2023-05-01 00:00:00+00:00,14,False,False,False,False
bch,BCH,2023-04-30 00:00:00+00:00,2023-04-30 00:00:00+00:00,2023-05-01 00:00:00+00:00,2293039090.8101764,2023-05-01 00:00:00+00:00,15,False,False,False,False
ldo,LDO,2023-04-30 00:00:00+00:00,2023-04-30 00:00:00+00:00,2023-05-01 00:00:00+00:00,2039371496.22647,2023-05-01 00:00:00+00:00,16,False,False,False,False
algo,ALGO,2023-04-30 00:00:00+00:00,2023-04-30 00:00:00+00:00,2023-05-01 00:00:00+00:00,1811026611.54642,2023-05-01 00:00:00+00:00,17,False,False,False,False
crv,CRV,2023-04-30 00:00:00+00:00,2023-04-30 00:00:00+00:00,2023-05-01 00:00:00+00:00,1770416160.8620358,2023-05-01 00:00:00+00:00,18,False,False,False,False
ht,HT,2023-04-30 00:00:00+00:00,2023-04-30 00:00:00+00:00,2023-05-01 00:00:00+00:00,1759286471.9011,2023-05-01 00:00:00+00:00,19,False,False,False,False
mana,MANA,2023-04-30 00:00:00+00:00,2023-04-30 00:00:00+00:00,2023-05-01 00:00:00+00:00,1198708898.950518,2023-05-01 00:00:00+00:00,20,False,False,False,False
avaxc,AVAXC,2023-04-30 00:00:00+00:00,2023-04-30 00:00:00+00:00,2023-05-01 00:00:00+00:00,1143115102.9228957,2023-05-01 00:00:00+00:00,21,False,False,False,False
aave,AAVE,2023-04-30 00:00:00+00:00,2023-04-30 00:00:00+00:00,2023-05-01 00:00:00+00:00,1131041003.3441343,2023-05-01 00:00:00+00:00,22,False,False,False,False
gno,GNO,2023-04-30 00:00:00+00:00,2023-04-30 00:00:00+00:00,2023-05-01 00:00:00+00:00,1082638515.18624,2023-05-01 00:00:00+00:00,23,False,False,False,False
neo,NEO,2023-04-30 00:00:00+00:00,2023-04-30 00:00:00+00:00,2023-05-01 00:00:00+00:00,1066585784.76732,2023-05-01 00:00:00+00:00,24,False,False,False,False
pax,PAX,2023-04-30 00:00:00+00:00,2023-04-30 00:00:00+00:00,2023-05-01 00:00:00+00:00,1039725648.2704477,2023-05-01 00:00:00+00:00,25,False,False,False,False
lend,LEND,2023-04-30 00:00:00+00:00,2023-04-30 00:00:00+00:00,2023-05-01 00:00:00+00:00,918970774.0070422,2023-05-01 00:00:00+00:00,26,False,False,False,False
snx,SNX,2023-04-30 00:00:00+00:00,2023-04-30 00:00:00+00:00,2023-05-01 00:00:00+00:00,781907134.9267442,2023-05-01 00:00:00+00:00,27,False,False,False,False
1inch,1INCH,2023-04-30 00:00:00+00:00,2023-04-30 00:00:00+00:00,2023-05-01 00:00:00+00:00,709681476.693228,2023-05-01 00:00:00+00:00,28,False,False,False,False
mkr,MKR,2023-04-30 00:00:00+00:00,2023-04-30 00:00:00+00:00,2023-05-01 00:00:00+00:00,681357469.4070029,2023-05-01 00:00:00+00:00,29,False,False,False,False
bsv,BSV,2023-04-30 00:00:00+00:00,2023-04-30 00:00:00+00:00,2023-05-01 00:00:00+00:00,651461698.168626,2023-05-01 00:00:00+00:00,30,False,False,False,False
btc,BTC,2023-05-07 00:00:00+00:00,2023-05-07 00:00:00+00:00,2023-05-08 00:00:00+00:00,557024258369.1561,2023-05-08 00:00:00+00:00,1,True,True,True,True
eth,ETH,2023-05-07 00:00:00+00:00,2023-05-07 00:00:00+00:00,2023-05-08 00:00:00+00:00,228678322627.42426,2023-05-08 00:00:00+00:00,2,True,True,True,True
xrp,XRP,2023-05-07 00:00:00+00:00,2023-05-07 00:00:00+00:00,2023-05-08 00:00:00+00:00,45272806281.532265,2023-05-08 00:00:00+00:00,3,True,True,False,True
ada,ADA,2023-05-07 00:00:00+00:00,2023-05-07 00:00:00+00:00,2023-05-08 00:00:00+00:00,12893591322.53892,2023-05-08 00:00:00+00:00,4,True,True,False,True
doge,DOGE,2023-05-07 00:00:00+00:00,2023-05-07 00:00:00+00:00,2023-05-08 00:00:00+00:00,10728135071.276638,2023-05-08 00:00:00+00:00,5,True,True,False,False
xlm,XLM,2023-05-07 00:00:00+00:00,2023-05-07 00:00:00+00:00,2023-05-08 00:00:00+00:00,9739086806.383535,2023-05-08 00:00:00+00:00,6,True,True,False,False
link,LINK,2023-05-07 00:00:00+00:00,2023-05-07 00:00:00+00:00,2023-05-08 00:00:00+00:00,6950435920.65622,2023-05-08 00:00:00+00:00,7,False,True,True,True
cro,CRO,2023-05-07 00:00:00+00:00,2023-05-07 00:00:00+00:00,2023-05-08 00:00:00+00:00,6905368917.62791,2023-05-08 00:00:00+00:00,8,False,True,False,False
ltc,LTC,2023-05-07 00:00:00+00:00,2023-05-07 00:00:00+00:00,2023-05-08 00:00:00+00:00,6115319624.826335,2023-05-08 00:00:00+00:00,9,False,True,False,True
uni,UNI,2023-05-07 00:00:00+00:00,2023-05-07 00:00:00+00:00,2023-05-08 00:00:00+00:00,5306943738.31581,2023-05-08 00:00:00+00:00,10,False,True,False,False
xvg,XVG,2023-05-07 00:00:00+00:00,2023-05-07 00:00:00+00:00,2023-05-08 00:00:00+00:00,3408119097.1885767,2023-05-08 00:00:00+00:00,11,False,False,False,False
xmr,XMR,2023-05-07 00:00:00+00:00,2023-05-07 00:00:00+00:00,2023-05-08 00:00:00+00:00,2807349159.830027,2023-05-08 00:00:00+00:00,12,False,False,False,False
icp,ICP,2023-05-07 00:00:00+00:00,2023-05-07 00:00:00+00:00,2023-05-08 00:00:00+00:00,2781073307.103944,2023-05-08 00:00:00+00:00,13,False,False,False,False
qnt,QNT,2023-05-07 00:00:00+00:00,2023-05-07 00:00:00+00:00,2023-05-08 00:00:00+00:00,2688675766.173719,2023-05-08 00:00:00+00:00,14,False,False,False,False
etc,ETC,2023-05-07 00:00:00+00:00,2023-05-07 00:00:00+00:00,2023-05-08 00:00:00+00:00,2657770345.6226606,2023-05-08 00:00:00+00:00,15,False,False,False,False
bch,BCH,2023-05-07 00:00:00+00:00,2023-05-07 00:00:00+00:00,2023-05-08 00:00:00+00:00,2265600272.779922,2023-05-08 00:00:00+00:00,16,False,False,False,False
ldo,LDO,2023-05-07 00:00:00+00:00,2023-05-07 00:00:00+00:00,2023-05-08 00:00:00+00:00,1840765934.47184,2023-05-08 00:00:00+00:00,17,False,False,False,False
algo,ALGO,2023-05-07 00:00:00+00:00,2023-05-07 00:00:00+00:00,2023-05-08 00:00:00+00:00,1744897424.61019,2023-05-08 00:00:00+00:00,18,False,False,False,False
crv,CRV,2023-05-07 00:00:00+00:00,2023-05-07 00:00:00+00:00,2023-05-08 00:00:00+00:00,1739940251.446451,2023-05-08 00:00:00+00:00,19,False,False,False,False
ht,HT,2023-05-07 00:00:00+00:00,2023-05-07 00:00:00+00:00,2023-05-08 00:00:00+00:00,1503897016.748945,2023-05-08 00:00:00+00:00,20,False,False,False,False
gno,GNO,2023-05-07 00:00:00+00:00,2023-05-07 00:00:00+00:00,2023-05-08 00:00:00+00:00,1178923039.70764,2023-05-08 00:00:00+00:00,21,False,False,False,False
mana,MANA,2023-05-07 00:00:00+00:00,2023-05-07 00:00:00+00:00,2023-05-08 00:00:00+00:00,1122651134.710988,2023-05-08 00:00:00+00:00,22,False,False,False,False
aave,AAVE,2023-05-07 00:00:00+00:00,2023-05-07 00:00:00+00:00,2023-05-08 00:00:00+00:00,1105834978.6142416,2023-05-08 00:00:00+00:00,23,False,False,False,False
avaxc,AVAXC,2023-05-07 00:00:00+00:00,2023-05-07 00:00:00+00:00,2023-05-08 00:00:00+00:00,1100913746.3319917,2023-05-08 00:00:00+00:00,24,False,False,False,False
pax,PAX,2023-05-07 00:00:00+00:00,2023-05-07 00:00:00+00:00,2023-05-08 00:00:00+00:00,1033824417.1526886,2023-05-08 00:00:00+00:00,25,False,False,False,False
neo,NEO,2023-05-07 00:00:00+00:00,2023-05-07 00:00:00+00:00,2023-05-08 00:00:00+00:00,995083981.524366,2023-05-08 00:00:00+00:00,26,False,False,False,False
lend,LEND,2023-05-07 00:00:00+00:00,2023-05-07 00:00:00+00:00,2023-05-08 00:00:00+00:00,898490879.8323989,2023-05-08 00:00:00+00:00,27,False,False,False,False
snx,SNX,2023-05-07 00:00:00+00:00,2023-05-07 00:00:00+00:00,2023-05-08 00:00:00+00:00,763880793.4638623,2023-05-08 00:00:00+00:00,28,False,False,False,False
mkr,MKR,2023-05-07 00:00:00+00:00,2023-05-07 00:00:00+00:00,2023-05-08 00:00:00+00:00,684723929.6573011,2023-05-08 00:00:00+00:00,29,False,False,False,False
1inch,1INCH,2023-05-07 00:00:00+00:00,2023-05-07 00:00:00+00:00,2023-05-08 00:00:00+00:00,674180989.495893,2023-05-08 00:00:00+00:00,30,False,False,False,False
btc,BTC,2023-05-14 00:00:00+00:00,2023-05-14 00:00:00+00:00,2023-05-15 00:00:00+00:00,521501767636.86115,2023-05-15 00:00:00+00:00,1,True,True,True,True
eth,ETH,2023-05-14 00:00:00+00:00,2023-05-14 00:00:00+00:00,2023-05-15 00:00:00+00:00,216520217840.60397,2023-05-15 00:00:00+00:00,2,True,True,True,True
xrp,XRP,2023-05-14 00:00:00+00:00,2023-05-14 00:00:00+00:00,2023-05-15 00:00:00+00:00,42560207649.26497,2023-05-15 00:00:00+00:00,3,True,True,False,True
ada,ADA,2023-05-14 00:00:00+00:00,2023-05-14 00:00:00+00:00,2023-05-15 00:00:00+00:00,12632495692.837593,2023-05-15 00:00:00+00:00,4,True,True,False,True
doge,DOGE,2023-05-14 00:00:00+00:00,2023-05-14 00:00:00+00:00,2023-05-15 00:00:00+00:00,10031268478.885252,2023-05-15 00:00:00+00:00,5,True,True,False,False
xlm,XLM,2023-05-14 00:00:00+00:00,2023-05-14 00:00:00+00:00,2023-05-15 00:00:00+00:00,9349655589.938698,2023-05-15 00:00:00+00:00,6,True,True,False,False
link,LINK,2023-05-14 00:00:00+00:00,2023-05-14 00:00:00+00:00,2023-05-15 00:00:00+00:00,6541820014.14668,2023-05-15 00:00:00+00:00,7,False,True,True,True
cro,CRO,2023-05-14 00:00:00+00:00,2023-05-14 00:00:00+00:00,2023-05-15 00:00:00+00:00,6415721208.06375,2023-05-15 00:00:00+00:00,8,False,True,False,False
ltc,LTC,2023-05-14 00:00:00+00:00,2023-05-14 00:00:00+00:00,2023-05-15 00:00:00+00:00,6080831065.277538,2023-05-15 00:00:00+00:00,9,False,True,False,True
uni,UNI,2023-05-14 00:00:00+00:00,2023-05-14 00:00:00+00:00,2023-05-15 00:00:00+00:00,5136038032.98348,2023-05-15 00:00:00+00:00,10,False,True,False,False
xvg,XVG,2023-05-14 00:00:00+00:00,2023-05-14 00:00:00+00:00,2023-05-15 00:00:00+00:00,3130873446.9044185,2023-05-15 00:00:00+00:00,11,False,False,False,False
xmr,XMR,2023-05-14 00:00:00+00:00,2023-05-14 00:00:00+00:00,2023-05-15 00:00:00+00:00,2737350299.4153967,2023-05-15 00:00:00+00:00,12,False,False,False,False
qnt,QNT,2023-05-14 00:00:00+00:00,2023-05-14 00:00:00+00:00,2023-05-15 00:00:00+00:00,2626172417.051522,2023-05-15 00:00:00+00:00,13,False,False,False,False
icp,ICP,2023-05-14 00:00:00+00:00,2023-05-14 00:00:00+00:00,2023-05-15 00:00:00+00:00,2586525590.8985047,2023-05-15 00:00:00+00:00,14,False,False,False,False
etc,ETC,2023-05-14 00:00:00+00:00,2023-05-14 00:00:00+00:00,2023-05-15 00:00:00+00:00,2555831707.5971622,2023-05-15 00:00:00+00:00,15,False,False,False,False
bch,BCH,2023-05-14 00:00:00+00:00,2023-05-14 00:00:00+00:00,2023-05-15 00:00:00+00:00,2235790696.8812704,2023-05-15 00:00:00+00:00,16,False,False,False,False
ldo,LDO,2023-05-14 00:00:00+00:00,2023-05-14 00:00:00+00:00,2023-05-15 00:00:00+00:00,1930539097.91523,2023-05-15 00:00:00+00:00,17,False,False,False,False
algo,ALGO,2023-05-14 00:00:00+00:00,2023-05-14 00:00:00+00:00,2023-05-15 00:00:00+00:00,1630400235.87705,2023-05-15 00:00:00+00:00,18,False,False,False,False
crv,CRV,2023-05-14 00:00:00+00:00,2023-05-14 00:00:00+00:00,2023-05-15 00:00:00+00:00,1570021097.9789808,2023-05-15 00:00:00+00:00,19,False,False,False,False
ht,HT,2023-05-14 00:00:00+00:00,2023-05-14 00:00:00+00:00,2023-05-15 00:00:00+00:00,1467753105.78146,2023-05-15 00:00:00+00:00,20,False,False,False,False
gno,GNO,2023-05-14 00:00:00+00:00,2023-05-14 00:00:00+00:00,2023-05-15 00:00:00+00:00,1123762811.17684,2023-05-15 00:00:00+00:00,21,False,False,False,False
avaxc,AVAXC,2023-05-14 00:00:00+00:00,2023-05-14 00:00:00+00:00,2023-05-15 00:00:00+00:00,1090114031.7972696,2023-05-15 00:00:00+00:00,22,False,False,False,False
pax,PAX,2023-05-14 00:00:00+00:00,2023-05-14 00:00:00+00:00,2023-05-15 00:00:00+00:00,1056124363.7392406,2023-05-15 00:00:00+00:00,23,False,False,False,False
mana,MANA,2023-05-14 00:00:00+00:00,2023-05-14 00:00:00+00:00,2023-05-15 00:00:00+00:00,1001775451.2304913,2023-05-15 00:00:00+00:00,24,False,False,False,False
aave,AAVE,2023-05-14 00:00:00+00:00,2023-05-14 00:00:00+00:00,2023-05-15 00:00:00+00:00,995872370.446192,2023-05-15 00:00:00+00:00,25,False,False,False,False
neo,NEO,2023-05-14 00:00:00+00:00,2023-05-14 00:00:00+00:00,2023-05-15 00:00:00+00:00,909686510.008818,2023-05-15 00:00:00+00:00,26,False,False,False,False
lend,LEND,2023-05-14 00:00:00+00:00,2023-05-14 00:00:00+00:00,2023-05-15 00:00:00+00:00,809146264.7024034,2023-05-15 00:00:00+00:00,27,False,False,False,False
bsv,BSV,2023-05-14 00:00:00+00:00,2023-05-14 00:00:00+00:00,2023-05-15 00:00:00+00:00,705007068.4143772,2023-05-15 00:00:00+00:00,28,False,False,False,False
snx,SNX,2023-05-14 00:00:00+00:00,2023-05-14 00:00:00+00:00,2023-05-15 00:00:00+00:00,661667798.5781833,2023-05-15 00:00:00+00:00,29,False,False,False,False
1inch,1INCH,2023-05-14 00:00:00+00:00,2023-05-14 00:00:00+00:00,2023-05-15 00:00:00+00:00,620719907.5836135,2023-05-15 00:00:00+00:00,30,False,False,False,False
btc,BTC,2023-05-21 00:00:00+00:00,2023-05-21 00:00:00+00:00,2023-05-22 00:00:00+00:00,518939805773.3577,2023-05-22 00:00:00+00:00,1,True,True,True,True
eth,ETH,2023-05-21 00:00:00+00:00,2023-05-21 00:00:00+00:00,2023-05-22 00:00:00+00:00,217271746152.6438,2023-05-22 00:00:00+00:00,2,True,True,True,True
xrp,XRP,2023-05-21 00:00:00+00:00,2023-05-21 00:00:00+00:00,2023-05-22 00:00:00+00:00,45774920992.857155,2023-05-22 00:00:00+00:00,3,True,True,False,True
ada,ADA,2023-05-21 00:00:00+00:00,2023-05-21 00:00:00+00:00,2023-05-22 00:00:00+00:00,12317656109.237675,2023-05-22 00:00:00+00:00,4,True,True,False,True
doge,DOGE,2023-05-21 00:00:00+00:00,2023-05-21 00:00:00+00:00,2023-05-22 00:00:00+00:00,10065284818.010193,2023-05-22 00:00:00+00:00,5,True,True,False,False
xlm,XLM,2023-05-21 00:00:00+00:00,2023-05-21 00:00:00+00:00,2023-05-22 00:00:00+00:00,9296765017.491703,2023-05-22 00:00:00+00:00,6,True,True,False,False
ltc,LTC,2023-05-21 00:00:00+00:00,2023-05-21 00:00:00+00:00,2023-05-22 00:00:00+00:00,6740973196.774912,2023-05-22 00:00:00+00:00,7,False,True,False,True
link,LINK,2023-05-21 00:00:00+00:00,2023-05-21 00:00:00+00:00,2023-05-22 00:00:00+00:00,6435731181.07995,2023-05-22 00:00:00+00:00,8,False,True,True,True
cro,CRO,2023-05-21 00:00:00+00:00,2023-05-21 00:00:00+00:00,2023-05-22 00:00:00+00:00,6172939434.23162,2023-05-22 00:00:00+00:00,9,False,True,False,False
uni,UNI,2023-05-21 00:00:00+00:00,2023-05-21 00:00:00+00:00,2023-05-22 00:00:00+00:00,5118305837.68745,2023-05-22 00:00:00+00:00,10,False,True,False,False
xvg,XVG,2023-05-21 00:00:00+00:00,2023-05-21 00:00:00+00:00,2023-05-22 00:00:00+00:00,3601242749.6590323,2023-05-22 00:00:00+00:00,11,False,False,False,False
xmr,XMR,2023-05-21 00:00:00+00:00,2023-05-21 00:00:00+00:00,2023-05-22 00:00:00+00:00,2673476802.0761733,2023-05-22 00:00:00+00:00,12,False,False,False,False
etc,ETC,2023-05-21 00:00:00+00:00,2023-05-21 00:00:00+00:00,2023-05-22 00:00:00+00:00,2535810459.242131,2023-05-22 00:00:00+00:00,13,False,False,False,False
icp,ICP,2023-05-21 00:00:00+00:00,2023-05-21 00:00:00+00:00,2023-05-22 00:00:00+00:00,2522146883.9412866,2023-05-22 00:00:00+00:00,14,False,False,False,False
qnt,QNT,2023-05-21 00:00:00+00:00,2023-05-21 00:00:00+00:00,2023-05-22 00:00:00+00:00,2499419643.156351,2023-05-22 00:00:00+00:00,15,False,False,False,False
bch,BCH,2023-05-21 00:00:00+00:00,2023-05-21 00:00:00+00:00,2023-05-22 00:00:00+00:00,2226134125.571278,2023-05-22 00:00:00+00:00,16,False,False,False,False
ldo,LDO,2023-05-21 00:00:00+00:00,2023-05-21 00:00:00+00:00,2023-05-22 00:00:00+00:00,2069473850.9082,2023-05-22 00:00:00+00:00,17,False,False,False,False
crv,CRV,2023-05-21 00:00:00+00:00,2023-05-21 00:00:00+00:00,2023-05-22 00:00:00+00:00,1634941958.3227193,2023-05-22 00:00:00+00:00,18,False,False,False,False
algo,ALGO,2023-05-21 00:00:00+00:00,2023-05-21 00:00:00+00:00,2023-05-22 00:00:00+00:00,1618043343.06239,2023-05-22 00:00:00+00:00,19,False,False,False,False
ht,HT,2023-05-21 00:00:00+00:00,2023-05-21 00:00:00+00:00,2023-05-22 00:00:00+00:00,1460633747.63491,2023-05-22 00:00:00+00:00,20,False,False,False,False
gno,GNO,2023-05-21 00:00:00+00:00,2023-05-21 00:00:00+00:00,2023-05-22 00:00:00+00:00,1143549767.26182,2023-05-22 00:00:00+00:00,21,False,False,False,False
mana,MANA,2023-05-21 00:00:00+00:00,2023-05-21 00:00:00+00:00,2023-05-22 00:00:00+00:00,1054338855.9255995,2023-05-22 00:00:00+00:00,22,False,False,False,False
avaxc,AVAXC,2023-05-21 00:00:00+00:00,2023-05-21 00:00:00+00:00,2023-05-22 00:00:00+00:00,1040048061.4333453,2023-05-22 00:00:00+00:00,23,False,False,False,False
aave,AAVE,2023-05-21 00:00:00+00:00,2023-05-21 00:00:00+00:00,2023-05-22 00:00:00+00:00,1024208155.7854736,2023-05-22 00:00:00+00:00,24,False,False,False,False
pax,PAX,2023-05-21 00:00:00+00:00,2023-05-21 00:00:00+00:00,2023-05-22 00:00:00+00:00,1018329731.0079604,2023-05-22 00:00:00+00:00,25,False,False,False,False
neo,NEO,2023-05-21 00:00:00+00:00,2023-05-21 00:00:00+00:00,2023-05-22 00:00:00+00:00,914001099.59419,2023-05-22 00:00:00+00:00,26,False,False,False,False
lend,LEND,2023-05-21 00:00:00+00:00,2023-05-21 00:00:00+00:00,2023-05-22 00:00:00+00:00,832169089.2581407,2023-05-22 00:00:00+00:00,27,False,False,False,False
snx,SNX,2023-05-21 00:00:00+00:00,2023-05-21 00:00:00+00:00,2023-05-22 00:00:00+00:00,748252385.8859233,2023-05-22 00:00:00+00:00,28,False,False,False,False
bsv,BSV,2023-05-21 00:00:00+00:00,2023-05-21 00:00:00+00:00,2023-05-22 00:00:00+00:00,664846492.4601667,2023-05-22 00:00:00+00:00,29,False,False,False,False
mkr,MKR,2023-05-21 00:00:00+00:00,2023-05-21 00:00:00+00:00,2023-05-22 00:00:00+00:00,610402464.1089325,2023-05-22 00:00:00+00:00,30,False,False,False,False
btc,BTC,2023-05-28 00:00:00+00:00,2023-05-28 00:00:00+00:00,2023-05-29 00:00:00+00:00,544713631696.419,2023-05-29 00:00:00+00:00,1,True,True,True,True
eth,ETH,2023-05-28 00:00:00+00:00,2023-05-28 00:00:00+00:00,2023-05-29 00:00:00+00:00,229849137198.93878,2023-05-29 00:00:00+00:00,2,True,True,True,True
xrp,XRP,2023-05-28 00:00:00+00:00,2023-05-28 00:00:00+00:00,2023-05-29 00:00:00+00:00,48254186836.71136,2023-05-29 00:00:00+00:00,3,True,True,False,True
ada,ADA,2023-05-28 00:00:00+00:00,2023-05-28 00:00:00+00:00,2023-05-29 00:00:00+00:00,13082634999.377853,2023-05-29 00:00:00+00:00,4,True,True,False,True
doge,DOGE,2023-05-28 00:00:00+00:00,2023-05-28 00:00:00+00:00,2023-05-29 00:00:00+00:00,10277399536.54672,2023-05-29 00:00:00+00:00,5,True,True,False,False
xlm,XLM,2023-05-28 00:00:00+00:00,2023-05-28 00:00:00+00:00,2023-05-29 00:00:00+00:00,9349751225.721893,2023-05-29 00:00:00+00:00,6,True,True,False,False
ltc,LTC,2023-05-28 00:00:00+00:00,2023-05-28 00:00:00+00:00,2023-05-29 00:00:00+00:00,6689916045.342731,2023-05-29 00:00:00+00:00,7,False,True,False,True
link,LINK,2023-05-28 00:00:00+00:00,2023-05-28 00:00:00+00:00,2023-05-29 00:00:00+00:00,6639663578.1893,2023-05-29 00:00:00+00:00,8,False,True,True,True
cro,CRO,2023-05-28 00:00:00+00:00,2023-05-28 00:00:00+00:00,2023-05-29 00:00:00+00:00,6136192665.31713,2023-05-29 00:00:00+00:00,9,False,True,False,False
uni,UNI,2023-05-28 00:00:00+00:00,2023-05-28 00:00:00+00:00,2023-05-29 00:00:00+00:00,5148072725.064,2023-05-29 00:00:00+00:00,10,False,True,False,False
xvg,XVG,2023-05-28 00:00:00+00:00,2023-05-28 00:00:00+00:00,2023-05-29 00:00:00+00:00,3363083815.5948644,2023-05-29 00:00:00+00:00,11,False,False,False,False
xmr,XMR,2023-05-28 00:00:00+00:00,2023-05-28 00:00:00+00:00,2023-05-29 00:00:00+00:00,2764726797.7439365,2023-05-29 00:00:00+00:00,12,False,False,False,False
etc,ETC,2023-05-28 00:00:00+00:00,2023-05-28 00:00:00+00:00,2023-05-29 00:00:00+00:00,2620649025.2324896,2023-05-29 00:00:00+00:00,13,False,False,False,False
qnt,QNT,2023-05-28 00:00:00+00:00,2023-05-28 00:00:00+00:00,2023-05-29 00:00:00+00:00,2610418856.8615847,2023-05-29 00:00:00+00:00,14,False,False,False,False
icp,ICP,2023-05-28 00:00:00+00:00,2023-05-28 00:00:00+00:00,2023-05-29 00:00:00+00:00,2493973736.4161177,2023-05-29 00:00:00+00:00,15,False,False,False,False
bch,BCH,2023-05-28 00:00:00+00:00,2023-05-28 00:00:00+00:00,2023-05-29 00:00:00+00:00,2261996636.792094,2023-05-29 00:00:00+00:00,16,False,False,False,False
ldo,LDO,2023-05-28 00:00:00+00:00,2023-05-28 00:00:00+00:00,2023-05-29 00:00:00+00:00,2102474626.39667,2023-05-29 00:00:00+00:00,17,False,False,False,False
crv,CRV,2023-05-28 00:00:00+00:00,2023-05-28 00:00:00+00:00,2023-05-29 00:00:00+00:00,1689482332.2363513,2023-05-29 00:00:00+00:00,18,False,False,False,False
ht,HT,2023-05-28 00:00:00+00:00,2023-05-28 00:00:00+00:00,2023-05-29 00:00:00+00:00,1671180929.104855,2023-05-29 00:00:00+00:00,19,False,False,False,False
algo,ALGO,2023-05-28 00:00:00+00:00,2023-05-28 00:00:00+00:00,2023-05-29 00:00:00+00:00,1531716776.21818,2023-05-29 00:00:00+00:00,20,False,False,False,False
gno,GNO,2023-05-28 00:00:00+00:00,2023-05-28 00:00:00+00:00,2023-05-29 00:00:00+00:00,1182900786.53873,2023-05-29 00:00:00+00:00,21,False,False,False,False
aave,AAVE,2023-05-28 00:00:00+00:00,2023-05-28 00:00:00+00:00,2023-05-29 00:00:00+00:00,1106014970.4739616,2023-05-29 00:00:00+00:00,22,False,False,False,False
avaxc,AVAXC,2023-05-28 00:00:00+00:00,2023-05-28 00:00:00+00:00,2023-05-29 00:00:00+00:00,1094955838.9768343,2023-05-29 00:00:00+00:00,23,False,False,False,False
neo,NEO,2023-05-28 00:00:00+00:00,2023-05-28 00:00:00+00:00,2023-05-29 00:00:00+00:00,1087730005.9145,2023-05-29 00:00:00+00:00,24,False,False,False,False
mana,MANA,2023-05-28 00:00:00+00:00,2023-05-28 00:00:00+00:00,2023-05-29 00:00:00+00:00,1072466891.2944552,2023-05-29 00:00:00+00:00,25,False,False,False,False
pax,PAX,2023-05-28 00:00:00+00:00,2023-05-28 00:00:00+00:00,2023-05-29 00:00:00+00:00,1018519503.5193825,2023-05-29 00:00:00+00:00,26,False,False,False,False
lend,LEND,2023-05-28 00:00:00+00:00,2023-05-28 00:00:00+00:00,2023-05-29 00:00:00+00:00,898637123.2118633,2023-05-29 00:00:00+00:00,27,False,False,False,False
snx,SNX,2023-05-28 00:00:00+00:00,2023-05-28 00:00:00+00:00,2023-05-29 00:00:00+00:00,802782817.5032775,2023-05-29 00:00:00+00:00,28,False,False,False,False
bsv,BSV,2023-05-28 00:00:00+00:00,2023-05-28 00:00:00+00:00,2023-05-29 00:00:00+00:00,648110979.1551555,2023-05-29 00:00:00+00:00,29,False,False,False,False
mkr,MKR,2023-05-28 00:00:00+00:00,2023-05-28 00:00:00+00:00,2023-05-29 00:00:00+00:00,634062331.7717901,2023-05-29 00:00:00+00:00,30,False,False,False,False
btc,BTC,2023-06-04 00:00:00+00:00,2023-06-04 00:00:00+00:00,2023-06-05 00:00:00+00:00,526679506782.1844,2023-06-05 00:00:00+00:00,1,True,True,True,True
eth,ETH,2023-06-04 00:00:00+00:00,2023-06-04 00:00:00+00:00,2023-06-05 00:00:00+00:00,227545330604.34442,2023-06-05 00:00:00+00:00,2,True,True,True,True
xrp,XRP,2023-06-04 00:00:00+00:00,2023-06-04 00:00:00+00:00,2023-06-05 00:00:00+00:00,53697442712.19743,2023-06-05 00:00:00+00:00,3,True,True,False,True
ada,ADA,2023-06-04 00:00:00+00:00,2023-06-04 00:00:00+00:00,2023-06-05 00:00:00+00:00,12925300868.6002,2023-06-05 00:00:00+00:00,4,True,True,False,True
doge,DOGE,2023-06-04 00:00:00+00:00,2023-06-04 00:00:00+00:00,2023-06-05 00:00:00+00:00,10137209550.736658,2023-06-05 00:00:00+00:00,5,True,True,False,False
xlm,XLM,2023-06-04 00:00:00+00:00,2023-06-04 00:00:00+00:00,2023-06-05 00:00:00+00:00,9642780401.800264,2023-06-05 00:00:00+00:00,6,True,True,False,False
ltc,LTC,2023-06-04 00:00:00+00:00,2023-06-04 00:00:00+00:00,2023-06-05 00:00:00+00:00,6905733850.950362,2023-06-05 00:00:00+00:00,7,False,True,False,True
link,LINK,2023-06-04 00:00:00+00:00,2023-06-04 00:00:00+00:00,2023-06-05 00:00:00+00:00,6469599253.73115,2023-06-05 00:00:00+00:00,8,False,True,True,True
cro,CRO,2023-06-04 00:00:00+00:00,2023-06-04 00:00:00+00:00,2023-06-05 00:00:00+00:00,6073869151.06531,2023-06-05 00:00:00+00:00,9,False,True,False,False
uni,UNI,2023-06-04 00:00:00+00:00,2023-06-04 00:00:00+00:00,2023-06-05 00:00:00+00:00,5020433504.03529,2023-06-05 00:00:00+00:00,10,False,True,False,False
xvg,XVG,2023-06-04 00:00:00+00:00,2023-06-04 00:00:00+00:00,2023-06-05 00:00:00+00:00,3209437702.3201847,2023-06-05 00:00:00+00:00,11,False,False,False,False
qnt,QNT,2023-06-04 00:00:00+00:00,2023-06-04 00:00:00+00:00,2023-06-05 00:00:00+00:00,2818785715.9841647,2023-06-05 00:00:00+00:00,12,False,False,False,False
xmr,XMR,2023-06-04 00:00:00+00:00,2023-06-04 00:00:00+00:00,2023-06-05 00:00:00+00:00,2639855338.363615,2023-06-05 00:00:00+00:00,13,False,False,False,False
etc,ETC,2023-06-04 00:00:00+00:00,2023-06-04 00:00:00+00:00,2023-06-05 00:00:00+00:00,2581682078.5022693,2023-06-05 00:00:00+00:00,14,False,False,False,False
icp,ICP,2023-06-04 00:00:00+00:00,2023-06-04 00:00:00+00:00,2023-06-05 00:00:00+00:00,2398036354.422166,2023-06-05 00:00:00+00:00,15,False,False,False,False
ldo,LDO,2023-06-04 00:00:00+00:00,2023-06-04 00:00:00+00:00,2023-06-05 00:00:00+00:00,2286094517.84375,2023-06-05 00:00:00+00:00,16,False,False,False,False
bch,BCH,2023-06-04 00:00:00+00:00,2023-06-04 00:00:00+00:00,2023-06-05 00:00:00+00:00,2248343632.3585863,2023-06-05 00:00:00+00:00,17,False,False,False,False
crv,CRV,2023-06-04 00:00:00+00:00,2023-06-04 00:00:00+00:00,2023-06-05 00:00:00+00:00,1666356209.5857508,2023-06-05 00:00:00+00:00,18,False,False,False,False
algo,ALGO,2023-06-04 00:00:00+00:00,2023-06-04 00:00:00+00:00,2023-06-05 00:00:00+00:00,1521518806.67052,2023-06-05 00:00:00+00:00,19,False,False,False,False
ht,HT,2023-06-04 00:00:00+00:00,2023-06-04 00:00:00+00:00,2023-06-05 00:00:00+00:00,1502545345.179975,2023-06-05 00:00:00+00:00,20,False,False,False,False
gno,GNO,2023-06-04 00:00:00+00:00,2023-06-04 00:00:00+00:00,2023-06-05 00:00:00+00:00,1171082663.80352,2023-06-05 00:00:00+00:00,21,False,False,False,False
mana,MANA,2023-06-04 00:00:00+00:00,2023-06-04 00:00:00+00:00,2023-06-05 00:00:00+00:00,1111882481.5286016,2023-06-05 00:00:00+00:00,22,False,False,False,False
avaxc,AVAXC,2023-06-04 00:00:00+00:00,2023-06-04 00:00:00+00:00,2023-06-05 00:00:00+00:00,1084549598.5318508,2023-06-05 00:00:00+00:00,23,False,False,False,False
neo,NEO,2023-06-04 00:00:00+00:00,2023-06-04 00:00:00+00:00,2023-06-05 00:00:00+00:00,1040736248.83703,2023-06-05 00:00:00+00:00,24,False,False,False,False
aave,AAVE,2023-06-04 00:00:00+00:00,2023-06-04 00:00:00+00:00,2023-06-05 00:00:00+00:00,1006148015.9764208,2023-06-05 00:00:00+00:00,25,False,False,False,False
pax,PAX,2023-06-04 00:00:00+00:00,2023-06-04 00:00:00+00:00,2023-06-05 00:00:00+00:00,1003755181.6152335,2023-06-05 00:00:00+00:00,26,False,False,False,False
lend,LEND,2023-06-04 00:00:00+00:00,2023-06-04 00:00:00+00:00,2023-06-05 00:00:00+00:00,817495226.3213158,2023-06-05 00:00:00+00:00,27,False,False,False,False
snx,SNX,2023-06-04 00:00:00+00:00,2023-06-04 00:00:00+00:00,2023-06-05 00:00:00+00:00,760733942.4042598,2023-06-05 00:00:00+00:00,28,False,False,False,False
mkr,MKR,2023-06-04 00:00:00+00:00,2023-06-04 00:00:00+00:00,2023-06-05 00:00:00+00:00,669136965.8883218,2023-06-05 00:00:00+00:00,29,False,False,False,False
bsv,BSV,2023-06-04 00:00:00+00:00,2023-06-04 00:00:00+00:00,2023-06-05 00:00:00+00:00,641083703.5985972,2023-06-05 00:00:00+00:00,30,False,False,False,False
btc,BTC,2023-06-11 00:00:00+00:00,2023-06-11 00:00:00+00:00,2023-06-12 00:00:00+00:00,502582898459.831,2023-06-12 00:00:00+00:00,1,True,True,True,True
eth,ETH,2023-06-11 00:00:00+00:00,2023-06-11 00:00:00+00:00,2023-06-12 00:00:00+00:00,210645679899.25504,2023-06-12 00:00:00+00:00,2,True,True,True,True
xrp,XRP,2023-06-11 00:00:00+00:00,2023-06-11 00:00:00+00:00,2023-06-12 00:00:00+00:00,52038441983.38704,2023-06-12 00:00:00+00:00,3,True,True,False,True
ada,ADA,2023-06-11 00:00:00+00:00,2023-06-11 00:00:00+00:00,2023-06-12 00:00:00+00:00,9304095867.315275,2023-06-12 00:00:00+00:00,4,True,True,False,True
xlm,XLM,2023-06-11 00:00:00+00:00,2023-06-11 00:00:00+00:00,2023-06-12 00:00:00+00:00,8792272278.305054,2023-06-12 00:00:00+00:00,5,True,True,False,False
doge,DOGE,2023-06-11 00:00:00+00:00,2023-06-11 00:00:00+00:00,2023-06-12 00:00:00+00:00,8593063245.76784,2023-06-12 00:00:00+00:00,6,True,True,False,False
ltc,LTC,2023-06-11 00:00:00+00:00,2023-06-11 00:00:00+00:00,2023-06-12 00:00:00+00:00,5670916424.301614,2023-06-12 00:00:00+00:00,7,False,True,False,True
cro,CRO,2023-06-11 00:00:00+00:00,2023-06-11 00:00:00+00:00,2023-06-12 00:00:00+00:00,5498585268.89229,2023-06-12 00:00:00+00:00,8,False,True,False,False
link,LINK,2023-06-11 00:00:00+00:00,2023-06-11 00:00:00+00:00,2023-06-12 00:00:00+00:00,5165031121.60215,2023-06-12 00:00:00+00:00,9,False,True,True,True
uni,UNI,2023-06-11 00:00:00+00:00,2023-06-11 00:00:00+00:00,2023-06-12 00:00:00+00:00,4049927653.50058,2023-06-12 00:00:00+00:00,10,False,True,False,False
qnt,QNT,2023-06-11 00:00:00+00:00,2023-06-11 00:00:00+00:00,2023-06-12 00:00:00+00:00,2502075182.05082,2023-06-12 00:00:00+00:00,11,False,False,False,False
xvg,XVG,2023-06-11 00:00:00+00:00,2023-06-11 00:00:00+00:00,2023-06-12 00:00:00+00:00,2500979701.025213,2023-06-12 00:00:00+00:00,12,False,False,False,False
xmr,XMR,2023-06-11 00:00:00+00:00,2023-06-11 00:00:00+00:00,2023-06-12 00:00:00+00:00,2463367479.829216,2023-06-12 00:00:00+00:00,13,False,False,False,False
etc,ETC,2023-06-11 00:00:00+00:00,2023-06-11 00:00:00+00:00,2023-06-12 00:00:00+00:00,2130196111.2807772,2023-06-12 00:00:00+00:00,14,False,False,False,False
bch,BCH,2023-06-11 00:00:00+00:00,2023-06-11 00:00:00+00:00,2023-06-12 00:00:00+00:00,1995493155.1549923,2023-06-12 00:00:00+00:00,15,False,False,False,False
ldo,LDO,2023-06-11 00:00:00+00:00,2023-06-11 00:00:00+00:00,2023-06-12 00:00:00+00:00,1823589083.89878,2023-06-12 00:00:00+00:00,16,False,False,False,False
icp,ICP,2023-06-11 00:00:00+00:00,2023-06-11 00:00:00+00:00,2023-06-12 00:00:00+00:00,1822240406.0499334,2023-06-12 00:00:00+00:00,17,False,False,False,False
ht,HT,2023-06-11 00:00:00+00:00,2023-06-11 00:00:00+00:00,2023-06-12 00:00:00+00:00,1315003939.81305,2023-06-12 00:00:00+00:00,18,False,False,False,False
crv,CRV,2023-06-11 00:00:00+00:00,2023-06-11 00:00:00+00:00,2023-06-12 00:00:00+00:00,1311996652.1615627,2023-06-12 00:00:00+00:00,19,False,False,False,False
algo,ALGO,2023-06-11 00:00:00+00:00,2023-06-11 00:00:00+00:00,2023-06-12 00:00:00+00:00,1106117453.72364,2023-06-12 00:00:00+00:00,20,False,False,False,False
gno,GNO,2023-06-11 00:00:00+00:00,2023-06-11 00:00:00+00:00,2023-06-12 00:00:00+00:00,1105147413.26376,2023-06-12 00:00:00+00:00,21,False,False,False,False
pax,PAX,2023-06-11 00:00:00+00:00,2023-06-11 00:00:00+00:00,2023-06-12 00:00:00+00:00,999342936.0067388,2023-06-12 00:00:00+00:00,22,False,False,False,False
avaxc,AVAXC,2023-06-11 00:00:00+00:00,2023-06-11 00:00:00+00:00,2023-06-12 00:00:00+00:00,844228710.0029405,2023-06-12 00:00:00+00:00,23,False,False,False,False
aave,AAVE,2023-06-11 00:00:00+00:00,2023-06-11 00:00:00+00:00,2023-06-12 00:00:00+00:00,833701997.791688,2023-06-12 00:00:00+00:00,24,False,False,False,False
neo,NEO,2023-06-11 00:00:00+00:00,2023-06-11 00:00:00+00:00,2023-06-12 00:00:00+00:00,776112998.511148,2023-06-12 00:00:00+00:00,25,False,False,False,False
mana,MANA,2023-06-11 00:00:00+00:00,2023-06-11 00:00:00+00:00,2023-06-12 00:00:00+00:00,746784491.3927559,2023-06-12 00:00:00+00:00,26,False,False,False,False
lend,LEND,2023-06-11 00:00:00+00:00,2023-06-11 00:00:00+00:00,2023-06-12 00:00:00+00:00,677382842.8293808,2023-06-12 00:00:00+00:00,27,False,False,False,False
mkr,MKR,2023-06-11 00:00:00+00:00,2023-06-11 00:00:00+00:00,2023-06-12 00:00:00+00:00,603193553.4504693,2023-06-12 00:00:00+00:00,28,False,False,False,False
snx,SNX,2023-06-11 00:00:00+00:00,2023-06-11 00:00:00+00:00,2023-06-12 00:00:00+00:00,572188731.291055,2023-06-12 00:00:00+00:00,29,False,False,False,False
bsv,BSV,2023-06-11 00:00:00+00:00,2023-06-11 00:00:00+00:00,2023-06-12 00:00:00+00:00,502492892.0051997,2023-06-12 00:00:00+00:00,30,False,False,False,False
btc,BTC,2023-06-18 00:00:00+00:00,2023-06-18 00:00:00+00:00,2023-06-19 00:00:00+00:00,511424654895.8779,2023-06-19 00:00:00+00:00,1,True,True,True,True
eth,ETH,2023-06-18 00:00:00+00:00,2023-06-18 00:00:00+00:00,2023-06-19 00:00:00+00:00,206832440052.9236,2023-06-19 00:00:00+00:00,2,True,True,True,True
xrp,XRP,2023-06-18 00:00:00+00:00,2023-06-18 00:00:00+00:00,2023-06-19 00:00:00+00:00,48736197023.623795,2023-06-19 00:00:00+00:00,3,True,True,False,True
ada,ADA,2023-06-18 00:00:00+00:00,2023-06-18 00:00:00+00:00,2023-06-19 00:00:00+00:00,8919353689.599346,2023-06-19 00:00:00+00:00,4,True,True,False,True
doge,DOGE,2023-06-18 00:00:00+00:00,2023-06-18 00:00:00+00:00,2023-06-19 00:00:00+00:00,8678904128.370617,2023-06-19 00:00:00+00:00,5,True,True,False,False
xlm,XLM,2023-06-18 00:00:00+00:00,2023-06-18 00:00:00+00:00,2023-06-19 00:00:00+00:00,8377041674.684418,2023-06-19 00:00:00+00:00,6,True,True,False,False
ltc,LTC,2023-06-18 00:00:00+00:00,2023-06-18 00:00:00+00:00,2023-06-19 00:00:00+00:00,5642662451.497762,2023-06-19 00:00:00+00:00,7,False,True,False,True
cro,CRO,2023-06-18 00:00:00+00:00,2023-06-18 00:00:00+00:00,2023-06-19 00:00:00+00:00,5351113963.34825,2023-06-19 00:00:00+00:00,8,False,True,False,False
link,LINK,2023-06-18 00:00:00+00:00,2023-06-18 00:00:00+00:00,2023-06-19 00:00:00+00:00,5160125474.6679,2023-06-19 00:00:00+00:00,9,False,True,True,True
uni,UNI,2023-06-18 00:00:00+00:00,2023-06-18 00:00:00+00:00,2023-06-19 00:00:00+00:00,4474667799.73257,2023-06-19 00:00:00+00:00,10,False,True,False,False
qnt,QNT,2023-06-18 00:00:00+00:00,2023-06-18 00:00:00+00:00,2023-06-19 00:00:00+00:00,2450446343.519339,2023-06-19 00:00:00+00:00,11,False,False,False,False
xmr,XMR,2023-06-18 00:00:00+00:00,2023-06-18 00:00:00+00:00,2023-06-19 00:00:00+00:00,2443328947.573478,2023-06-19 00:00:00+00:00,12,False,False,False,False
xvg,XVG,2023-06-18 00:00:00+00:00,2023-06-18 00:00:00+00:00,2023-06-19 00:00:00+00:00,2368800750.4828157,2023-06-19 00:00:00+00:00,13,False,False,False,False
etc,ETC,2023-06-18 00:00:00+00:00,2023-06-18 00:00:00+00:00,2023-06-19 00:00:00+00:00,2155410113.432373,2023-06-19 00:00:00+00:00,14,False,False,False,False
bch,BCH,2023-06-18 00:00:00+00:00,2023-06-18 00:00:00+00:00,2023-06-19 00:00:00+00:00,2080501669.5745857,2023-06-19 00:00:00+00:00,15,False,False,False,False
icp,ICP,2023-06-18 00:00:00+00:00,2023-06-18 00:00:00+00:00,2023-06-19 00:00:00+00:00,1976705837.3375607,2023-06-19 00:00:00+00:00,16,False,False,False,False
ldo,LDO,2023-06-18 00:00:00+00:00,2023-06-18 00:00:00+00:00,2023-06-19 00:00:00+00:00,1711023759.84107,2023-06-19 00:00:00+00:00,17,False,False,False,False
ht,HT,2023-06-18 00:00:00+00:00,2023-06-18 00:00:00+00:00,2023-06-19 00:00:00+00:00,1305073842.32904,2023-06-19 00:00:00+00:00,18,False,False,False,False
crv,CRV,2023-06-18 00:00:00+00:00,2023-06-18 00:00:00+00:00,2023-06-19 00:00:00+00:00,1226865374.937425,2023-06-19 00:00:00+00:00,19,False,False,False,False
algo,ALGO,2023-06-18 00:00:00+00:00,2023-06-18 00:00:00+00:00,2023-06-19 00:00:00+00:00,1148616939.18018,2023-06-19 00:00:00+00:00,20,False,False,False,False
gno,GNO,2023-06-18 00:00:00+00:00,2023-06-18 00:00:00+00:00,2023-06-19 00:00:00+00:00,1072344205.48555,2023-06-19 00:00:00+00:00,21,False,False,False,False
pax,PAX,2023-06-18 00:00:00+00:00,2023-06-18 00:00:00+00:00,2023-06-19 00:00:00+00:00,1005253745.709298,2023-06-19 00:00:00+00:00,22,False,False,False,False
avaxc,AVAXC,2023-06-18 00:00:00+00:00,2023-06-18 00:00:00+00:00,2023-06-19 00:00:00+00:00,829144307.2728297,2023-06-19 00:00:00+00:00,23,False,False,False,False
aave,AAVE,2023-06-18 00:00:00+00:00,2023-06-18 00:00:00+00:00,2023-06-19 00:00:00+00:00,814889413.655824,2023-06-19 00:00:00+00:00,24,False,False,False,False
neo,NEO,2023-06-18 00:00:00+00:00,2023-06-18 00:00:00+00:00,2023-06-19 00:00:00+00:00,768197535.486444,2023-06-19 00:00:00+00:00,25,False,False,False,False
mana,MANA,2023-06-18 00:00:00+00:00,2023-06-18 00:00:00+00:00,2023-06-19 00:00:00+00:00,735923899.294474,2023-06-19 00:00:00+00:00,26,False,False,False,False
lend,LEND,2023-06-18 00:00:00+00:00,2023-06-18 00:00:00+00:00,2023-06-19 00:00:00+00:00,662097618.9044375,2023-06-19 00:00:00+00:00,27,False,False,False,False
mkr,MKR,2023-06-18 00:00:00+00:00,2023-06-18 00:00:00+00:00,2023-06-19 00:00:00+00:00,656032576.7076117,2023-06-19 00:00:00+00:00,28,False,False,False,False
snx,SNX,2023-06-18 00:00:00+00:00,2023-06-18 00:00:00+00:00,2023-06-19 00:00:00+00:00,581406463.5553747,2023-06-19 00:00:00+00:00,29,False,False,False,False
paxg,PAXG,2023-06-18 00:00:00+00:00,2023-06-18 00:00:00+00:00,2023-06-19 00:00:00+00:00,493491150.52425176,2023-06-19 00:00:00+00:00,30,False,False,False,False
btc,BTC,2023-06-25 00:00:00+00:00,2023-06-25 00:00:00+00:00,2023-06-26 00:00:00+00:00,591433552695.0343,2023-06-26 00:00:00+00:00,1,True,True,True,True
eth,ETH,2023-06-25 00:00:00+00:00,2023-06-25 00:00:00+00:00,2023-06-26 00:00:00+00:00,228439884141.67773,2023-06-26 00:00:00+00:00,2,True,True,True,True
xrp,XRP,2023-06-25 00:00:00+00:00,2023-06-25 00:00:00+00:00,2023-06-26 00:00:00+00:00,48991158591.262405,2023-06-26 00:00:00+00:00,3,True,True,False,True
ada,ADA,2023-06-25 00:00:00+00:00,2023-06-25 00:00:00+00:00,2023-06-26 00:00:00+00:00,9994293998.732996,2023-06-26 00:00:00+00:00,4,True,True,False,True
xlm,XLM,2023-06-25 00:00:00+00:00,2023-06-25 00:00:00+00:00,2023-06-26 00:00:00+00:00,9652599658.646717,2023-06-26 00:00:00+00:00,5,True,True,False,False
doge,DOGE,2023-06-25 00:00:00+00:00,2023-06-25 00:00:00+00:00,2023-06-26 00:00:00+00:00,9336406439.732431,2023-06-26 00:00:00+00:00,6,True,True,False,False
ltc,LTC,2023-06-25 00:00:00+00:00,2023-06-25 00:00:00+00:00,2023-06-26 00:00:00+00:00,6457295047.019384,2023-06-26 00:00:00+00:00,7,False,True,False,True
link,LINK,2023-06-25 00:00:00+00:00,2023-06-25 00:00:00+00:00,2023-06-26 00:00:00+00:00,6144255532.36919,2023-06-26 00:00:00+00:00,8,False,True,True,True
cro,CRO,2023-06-25 00:00:00+00:00,2023-06-25 00:00:00+00:00,2023-06-26 00:00:00+00:00,5832579042.74212,2023-06-26 00:00:00+00:00,9,False,True,False,False
uni,UNI,2023-06-25 00:00:00+00:00,2023-06-25 00:00:00+00:00,2023-06-26 00:00:00+00:00,5439268636.64099,2023-06-26 00:00:00+00:00,10,False,True,False,False
bch,BCH,2023-06-25 00:00:00+00:00,2023-06-25 00:00:00+00:00,2023-06-26 00:00:00+00:00,3803856327.30954,2023-06-26 00:00:00+00:00,11,False,False,False,False
xmr,XMR,2023-06-25 00:00:00+00:00,2023-06-25 00:00:00+00:00,2023-06-26 00:00:00+00:00,2901781367.744435,2023-06-26 00:00:00+00:00,12,False,False,False,False
xvg,XVG,2023-06-25 00:00:00+00:00,2023-06-25 00:00:00+00:00,2023-06-26 00:00:00+00:00,2713858864.3396583,2023-06-26 00:00:00+00:00,13,False,False,False,False
qnt,QNT,2023-06-25 00:00:00+00:00,2023-06-25 00:00:00+00:00,2023-06-26 00:00:00+00:00,2613445427.593607,2023-06-26 00:00:00+00:00,14,False,False,False,False
etc,ETC,2023-06-25 00:00:00+00:00,2023-06-25 00:00:00+00:00,2023-06-26 00:00:00+00:00,2603113146.241904,2023-06-26 00:00:00+00:00,15,False,False,False,False
icp,ICP,2023-06-25 00:00:00+00:00,2023-06-25 00:00:00+00:00,2023-06-26 00:00:00+00:00,2163245555.1370254,2023-06-26 00:00:00+00:00,16,False,False,False,False
ldo,LDO,2023-06-25 00:00:00+00:00,2023-06-25 00:00:00+00:00,2023-06-26 00:00:00+00:00,1938706718.60311,2023-06-26 00:00:00+00:00,17,False,False,False,False
crv,CRV,2023-06-25 00:00:00+00:00,2023-06-25 00:00:00+00:00,2023-06-26 00:00:00+00:00,1385629237.0406446,2023-06-26 00:00:00+00:00,18,False,False,False,False
algo,ALGO,2023-06-25 00:00:00+00:00,2023-06-25 00:00:00+00:00,2023-06-26 00:00:00+00:00,1370768741.69981,2023-06-26 00:00:00+00:00,19,False,False,False,False
ht,HT,2023-06-25 00:00:00+00:00,2023-06-25 00:00:00+00:00,2023-06-26 00:00:00+00:00,1364065983.946015,2023-06-26 00:00:00+00:00,20,False,False,False,False
gno,GNO,2023-06-25 00:00:00+00:00,2023-06-25 00:00:00+00:00,2023-06-26 00:00:00+00:00,1168360270.54866,2023-06-26 00:00:00+00:00,21,False,False,False,False
aave,AAVE,2023-06-25 00:00:00+00:00,2023-06-25 00:00:00+00:00,2023-06-26 00:00:00+00:00,1103206532.8959007,2023-06-26 00:00:00+00:00,22,False,False,False,False
pax,PAX,2023-06-25 00:00:00+00:00,2023-06-25 00:00:00+00:00,2023-06-26 00:00:00+00:00,994289890.7552718,2023-06-26 00:00:00+00:00,23,False,False,False,False
avaxc,AVAXC,2023-06-25 00:00:00+00:00,2023-06-25 00:00:00+00:00,2023-06-26 00:00:00+00:00,962851705.3007236,2023-06-26 00:00:00+00:00,24,False,False,False,False
neo,NEO,2023-06-25 00:00:00+00:00,2023-06-25 00:00:00+00:00,2023-06-26 00:00:00+00:00,910977216.343657,2023-06-26 00:00:00+00:00,25,False,False,False,False
lend,LEND,2023-06-25 00:00:00+00:00,2023-06-25 00:00:00+00:00,2023-06-26 00:00:00+00:00,896355267.7820158,2023-06-26 00:00:00+00:00,26,False,False,False,False
mana,MANA,2023-06-25 00:00:00+00:00,2023-06-25 00:00:00+00:00,2023-06-26 00:00:00+00:00,861333098.4803599,2023-06-26 00:00:00+00:00,27,False,False,False,False
snx,SNX,2023-06-25 00:00:00+00:00,2023-06-25 00:00:00+00:00,2023-06-26 00:00:00+00:00,706527651.796261,2023-06-26 00:00:00+00:00,28,False,False,False,False
mkr,MKR,2023-06-25 00:00:00+00:00,2023-06-25 00:00:00+00:00,2023-06-26 00:00:00+00:00,688944533.8627139,2023-06-26 00:00:00+00:00,29,False,False,False,False
bsv,BSV,2023-06-25 00:00:00+00:00,2023-06-25 00:00:00+00:00,2023-06-26 00:00:00+00:00,682942863.7731987,2023-06-26 00:00:00+00:00,30,False,False,False,False
btc,BTC,2023-07-02 00:00:00+00:00,2023-07-02 00:00:00+00:00,2023-07-03 00:00:00+00:00,594086124744.982,2023-07-03 00:00:00+00:00,1,True,True,True,True
eth,ETH,2023-07-02 00:00:00+00:00,2023-07-02 00:00:00+00:00,2023-07-03 00:00:00+00:00,232741811436.1607,2023-07-03 00:00:00+00:00,2,True,True,True,True
xrp,XRP,2023-07-02 00:00:00+00:00,2023-07-02 00:00:00+00:00,2023-07-03 00:00:00+00:00,48452965163.229866,2023-07-03 00:00:00+00:00,3,True,True,False,True
xlm,XLM,2023-07-02 00:00:00+00:00,2023-07-02 00:00:00+00:00,2023-07-03 00:00:00+00:00,11287861083.195658,2023-07-03 00:00:00+00:00,4,True,True,False,False
ada,ADA,2023-07-02 00:00:00+00:00,2023-07-02 00:00:00+00:00,2023-07-03 00:00:00+00:00,9983577957.569643,2023-07-03 00:00:00+00:00,5,True,True,False,True
doge,DOGE,2023-07-02 00:00:00+00:00,2023-07-02 00:00:00+00:00,2023-07-03 00:00:00+00:00,9520482337.847895,2023-07-03 00:00:00+00:00,6,True,True,False,False
ltc,LTC,2023-07-02 00:00:00+00:00,2023-07-02 00:00:00+00:00,2023-07-03 00:00:00+00:00,8297059664.373479,2023-07-03 00:00:00+00:00,7,False,True,False,True
link,LINK,2023-07-02 00:00:00+00:00,2023-07-02 00:00:00+00:00,2023-07-03 00:00:00+00:00,6528763407.82602,2023-07-03 00:00:00+00:00,8,False,True,True,True
xvg,XVG,2023-07-02 00:00:00+00:00,2023-07-02 00:00:00+00:00,2023-07-03 00:00:00+00:00,6387522158.318309,2023-07-03 00:00:00+00:00,9,False,True,False,False
bch,BCH,2023-07-02 00:00:00+00:00,2023-07-02 00:00:00+00:00,2023-07-03 00:00:00+00:00,5813739210.57417,2023-07-03 00:00:00+00:00,10,False,True,False,False
cro,CRO,2023-07-02 00:00:00+00:00,2023-07-02 00:00:00+00:00,2023-07-03 00:00:00+00:00,5668807743.85145,2023-07-03 00:00:00+00:00,11,False,False,False,False
uni,UNI,2023-07-02 00:00:00+00:00,2023-07-02 00:00:00+00:00,2023-07-03 00:00:00+00:00,5559460096.30605,2023-07-03 00:00:00+00:00,12,False,False,False,False
xmr,XMR,2023-07-02 00:00:00+00:00,2023-07-02 00:00:00+00:00,2023-07-03 00:00:00+00:00,3001830457.8223243,2023-07-03 00:00:00+00:00,13,False,False,False,False
etc,ETC,2023-07-02 00:00:00+00:00,2023-07-02 00:00:00+00:00,2023-07-03 00:00:00+00:00,2893728779.7819567,2023-07-03 00:00:00+00:00,14,False,False,False,False
qnt,QNT,2023-07-02 00:00:00+00:00,2023-07-02 00:00:00+00:00,2023-07-03 00:00:00+00:00,2692804485.876768,2023-07-03 00:00:00+00:00,15,False,False,False,False
ldo,LDO,2023-07-02 00:00:00+00:00,2023-07-02 00:00:00+00:00,2023-07-03 00:00:00+00:00,2128355115.57927,2023-07-03 00:00:00+00:00,16,False,False,False,False
icp,ICP,2023-07-02 00:00:00+00:00,2023-07-02 00:00:00+00:00,2023-07-03 00:00:00+00:00,2095375256.613349,2023-07-03 00:00:00+00:00,17,False,False,False,False
crv,CRV,2023-07-02 00:00:00+00:00,2023-07-02 00:00:00+00:00,2023-07-03 00:00:00+00:00,1510202355.9903216,2023-07-03 00:00:00+00:00,18,False,False,False,False
ht,HT,2023-07-02 00:00:00+00:00,2023-07-02 00:00:00+00:00,2023-07-03 00:00:00+00:00,1358705652.797755,2023-07-03 00:00:00+00:00,19,False,False,False,False
algo,ALGO,2023-07-02 00:00:00+00:00,2023-07-02 00:00:00+00:00,2023-07-03 00:00:00+00:00,1235396405.30725,2023-07-03 00:00:00+00:00,20,False,False,False,False
gno,GNO,2023-07-02 00:00:00+00:00,2023-07-02 00:00:00+00:00,2023-07-03 00:00:00+00:00,1172901407.40581,2023-07-03 00:00:00+00:00,21,False,False,False,False
aave,AAVE,2023-07-02 00:00:00+00:00,2023-07-02 00:00:00+00:00,2023-07-03 00:00:00+00:00,1122946425.0919008,2023-07-03 00:00:00+00:00,22,False,False,False,False
avaxc,AVAXC,2023-07-02 00:00:00+00:00,2023-07-02 00:00:00+00:00,2023-07-03 00:00:00+00:00,1010457729.4528995,2023-07-03 00:00:00+00:00,23,False,False,False,False
pax,PAX,2023-07-02 00:00:00+00:00,2023-07-02 00:00:00+00:00,2023-07-03 00:00:00+00:00,982609288.472591,2023-07-03 00:00:00+00:00,24,False,False,False,False
neo,NEO,2023-07-02 00:00:00+00:00,2023-07-02 00:00:00+00:00,2023-07-03 00:00:00+00:00,962421708.470472,2023-07-03 00:00:00+00:00,25,False,False,False,False
bsv,BSV,2023-07-02 00:00:00+00:00,2023-07-02 00:00:00+00:00,2023-07-03 00:00:00+00:00,961503977.5192178,2023-07-03 00:00:00+00:00,26,False,False,False,False
lend,LEND,2023-07-02 00:00:00+00:00,2023-07-02 00:00:00+00:00,2023-07-03 00:00:00+00:00,912393929.4720325,2023-07-03 00:00:00+00:00,27,False,False,False,False
mana,MANA,2023-07-02 00:00:00+00:00,2023-07-02 00:00:00+00:00,2023-07-03 00:00:00+00:00,889472267.3650752,2023-07-03 00:00:00+00:00,28,False,False,False,False
mkr,MKR,2023-07-02 00:00:00+00:00,2023-07-02 00:00:00+00:00,2023-07-03 00:00:00+00:00,833565910.2090042,2023-07-03 00:00:00+00:00,29,False,False,False,False
snx,SNX,2023-07-02 00:00:00+00:00,2023-07-02 00:00:00+00:00,2023-07-03 00:00:00+00:00,755968495.305923,2023-07-03 00:00:00+00:00,30,False,False,False,False
btc,BTC,2023-07-09 00:00:00+00:00,2023-07-09 00:00:00+00:00,2023-07-10 00:00:00+00:00,585923377405.3177,2023-07-10 00:00:00+00:00,1,True,True,True,True
eth,ETH,2023-07-09 00:00:00+00:00,2023-07-09 00:00:00+00:00,2023-07-10 00:00:00+00:00,223954124896.514,2023-07-10 00:00:00+00:00,2,True,True,True,True
xrp,XRP,2023-07-09 00:00:00+00:00,2023-07-09 00:00:00+00:00,2023-07-10 00:00:00+00:00,46804571135.63646,2023-07-10 00:00:00+00:00,3,True,True,False,True
xvg,XVG,2023-07-09 00:00:00+00:00,2023-07-09 00:00:00+00:00,2023-07-10 00:00:00+00:00,13485292387.289171,2023-07-10 00:00:00+00:00,4,True,True,False,False
xlm,XLM,2023-07-09 00:00:00+00:00,2023-07-09 00:00:00+00:00,2023-07-10 00:00:00+00:00,10432876610.175611,2023-07-10 00:00:00+00:00,5,True,True,False,False
ada,ADA,2023-07-09 00:00:00+00:00,2023-07-09 00:00:00+00:00,2023-07-10 00:00:00+00:00,9735136333.538895,2023-07-10 00:00:00+00:00,6,True,True,False,True
doge,DOGE,2023-07-09 00:00:00+00:00,2023-07-09 00:00:00+00:00,2023-07-10 00:00:00+00:00,9161040350.81397,2023-07-10 00:00:00+00:00,7,False,True,False,False
ltc,LTC,2023-07-09 00:00:00+00:00,2023-07-09 00:00:00+00:00,2023-07-10 00:00:00+00:00,6989128834.690908,2023-07-10 00:00:00+00:00,8,False,True,False,True
link,LINK,2023-07-09 00:00:00+00:00,2023-07-09 00:00:00+00:00,2023-07-10 00:00:00+00:00,6143394900.05451,2023-07-10 00:00:00+00:00,9,False,True,True,True
cro,CRO,2023-07-09 00:00:00+00:00,2023-07-09 00:00:00+00:00,2023-07-10 00:00:00+00:00,5625197556.10151,2023-07-10 00:00:00+00:00,10,False,True,False,False
uni,UNI,2023-07-09 00:00:00+00:00,2023-07-09 00:00:00+00:00,2023-07-10 00:00:00+00:00,5226196380.91318,2023-07-10 00:00:00+00:00,11,False,False,False,False
bch,BCH,2023-07-09 00:00:00+00:00,2023-07-09 00:00:00+00:00,2023-07-10 00:00:00+00:00,5156072197.427001,2023-07-10 00:00:00+00:00,12,False,False,False,False
xmr,XMR,2023-07-09 00:00:00+00:00,2023-07-09 00:00:00+00:00,2023-07-10 00:00:00+00:00,2953610967.685905,2023-07-10 00:00:00+00:00,13,False,False,False,False
etc,ETC,2023-07-09 00:00:00+00:00,2023-07-09 00:00:00+00:00,2023-07-10 00:00:00+00:00,2642488922.669404,2023-07-10 00:00:00+00:00,14,False,False,False,False
qnt,QNT,2023-07-09 00:00:00+00:00,2023-07-09 00:00:00+00:00,2023-07-10 00:00:00+00:00,2504664884.338978,2023-07-10 00:00:00+00:00,15,False,False,False,False
icp,ICP,2023-07-09 00:00:00+00:00,2023-07-09 00:00:00+00:00,2023-07-10 00:00:00+00:00,2016171278.9630475,2023-07-10 00:00:00+00:00,16,False,False,False,False
ldo,LDO,2023-07-09 00:00:00+00:00,2023-07-09 00:00:00+00:00,2023-07-10 00:00:00+00:00,1923810968.6933,2023-07-10 00:00:00+00:00,17,False,False,False,False
crv,CRV,2023-07-09 00:00:00+00:00,2023-07-09 00:00:00+00:00,2023-07-10 00:00:00+00:00,1574948511.7656848,2023-07-10 00:00:00+00:00,18,False,False,False,False
ht,HT,2023-07-09 00:00:00+00:00,2023-07-09 00:00:00+00:00,2023-07-10 00:00:00+00:00,1359600493.65842,2023-07-10 00:00:00+00:00,19,False,False,False,False
aave,AAVE,2023-07-09 00:00:00+00:00,2023-07-09 00:00:00+00:00,2023-07-10 00:00:00+00:00,1149529411.0445616,2023-07-10 00:00:00+00:00,20,False,False,False,False
gno,GNO,2023-07-09 00:00:00+00:00,2023-07-09 00:00:00+00:00,2023-07-10 00:00:00+00:00,1140413869.98069,2023-07-10 00:00:00+00:00,21,False,False,False,False
algo,ALGO,2023-07-09 00:00:00+00:00,2023-07-09 00:00:00+00:00,2023-07-10 00:00:00+00:00,1104280671.75528,2023-07-10 00:00:00+00:00,22,False,False,False,False
avaxc,AVAXC,2023-07-09 00:00:00+00:00,2023-07-09 00:00:00+00:00,2023-07-10 00:00:00+00:00,1045234284.216951,2023-07-10 00:00:00+00:00,23,False,False,False,False
mkr,MKR,2023-07-09 00:00:00+00:00,2023-07-09 00:00:00+00:00,2023-07-10 00:00:00+00:00,943201525.2545218,2023-07-10 00:00:00+00:00,24,False,False,False,False
lend,LEND,2023-07-09 00:00:00+00:00,2023-07-09 00:00:00+00:00,2023-07-10 00:00:00+00:00,933992604.5900046,2023-07-10 00:00:00+00:00,25,False,False,False,False
neo,NEO,2023-07-09 00:00:00+00:00,2023-07-09 00:00:00+00:00,2023-07-10 00:00:00+00:00,893922130.583974,2023-07-10 00:00:00+00:00,26,False,False,False,False
mana,MANA,2023-07-09 00:00:00+00:00,2023-07-09 00:00:00+00:00,2023-07-10 00:00:00+00:00,832858831.2562976,2023-07-10 00:00:00+00:00,27,False,False,False,False
bsv,BSV,2023-07-09 00:00:00+00:00,2023-07-09 00:00:00+00:00,2023-07-10 00:00:00+00:00,792165749.4847054,2023-07-10 00:00:00+00:00,28,False,False,False,False
pax,PAX,2023-07-09 00:00:00+00:00,2023-07-09 00:00:00+00:00,2023-07-10 00:00:00+00:00,767092466.2894272,2023-07-10 00:00:00+00:00,29,False,False,False,False
snx,SNX,2023-07-09 00:00:00+00:00,2023-07-09 00:00:00+00:00,2023-07-10 00:00:00+00:00,670186419.0216222,2023-07-10 00:00:00+00:00,30,False,False,False,False
btc,BTC,2023-07-16 00:00:00+00:00,2023-07-16 00:00:00+00:00,2023-07-17 00:00:00+00:00,587790692134.4521,2023-07-17 00:00:00+00:00,1,True,True,True,True
eth,ETH,2023-07-16 00:00:00+00:00,2023-07-16 00:00:00+00:00,2023-07-17 00:00:00+00:00,231393974002.21155,2023-07-17 00:00:00+00:00,2,True,True,True,True
xrp,XRP,2023-07-16 00:00:00+00:00,2023-07-16 00:00:00+00:00,2023-07-17 00:00:00+00:00,74798266253.24883,2023-07-17 00:00:00+00:00,3,True,True,False,True
xlm,XLM,2023-07-16 00:00:00+00:00,2023-07-16 00:00:00+00:00,2023-07-17 00:00:00+00:00,13914604875.00932,2023-07-17 00:00:00+00:00,4,True,True,False,False
ada,ADA,2023-07-16 00:00:00+00:00,2023-07-16 00:00:00+00:00,2023-07-17 00:00:00+00:00,10780740913.689556,2023-07-17 00:00:00+00:00,5,True,True,False,True
xvg,XVG,2023-07-16 00:00:00+00:00,2023-07-16 00:00:00+00:00,2023-07-17 00:00:00+00:00,9792721896.725788,2023-07-17 00:00:00+00:00,6,True,True,False,False
doge,DOGE,2023-07-16 00:00:00+00:00,2023-07-16 00:00:00+00:00,2023-07-17 00:00:00+00:00,9749933255.389568,2023-07-17 00:00:00+00:00,7,False,True,False,False
ltc,LTC,2023-07-16 00:00:00+00:00,2023-07-16 00:00:00+00:00,2023-07-17 00:00:00+00:00,6834225981.895194,2023-07-17 00:00:00+00:00,8,False,True,False,True
link,LINK,2023-07-16 00:00:00+00:00,2023-07-16 00:00:00+00:00,2023-07-17 00:00:00+00:00,6615660357.62185,2023-07-17 00:00:00+00:00,9,False,True,True,True
cro,CRO,2023-07-16 00:00:00+00:00,2023-07-16 00:00:00+00:00,2023-07-17 00:00:00+00:00,6032809343.47731,2023-07-17 00:00:00+00:00,10,False,True,False,False
uni,UNI,2023-07-16 00:00:00+00:00,2023-07-16 00:00:00+00:00,2023-07-17 00:00:00+00:00,5722638288.54802,2023-07-17 00:00:00+00:00,11,False,False,False,False
bch,BCH,2023-07-16 00:00:00+00:00,2023-07-16 00:00:00+00:00,2023-07-17 00:00:00+00:00,4874674235.568776,2023-07-17 00:00:00+00:00,12,False,False,False,False
xmr,XMR,2023-07-16 00:00:00+00:00,2023-07-16 00:00:00+00:00,2023-07-17 00:00:00+00:00,2946769297.8680043,2023-07-17 00:00:00+00:00,13,False,False,False,False
etc,ETC,2023-07-16 00:00:00+00:00,2023-07-16 00:00:00+00:00,2023-07-17 00:00:00+00:00,2678461991.7351236,2023-07-17 00:00:00+00:00,14,False,False,False,False
qnt,QNT,2023-07-16 00:00:00+00:00,2023-07-16 00:00:00+00:00,2023-07-17 00:00:00+00:00,2450547016.805517,2023-07-17 00:00:00+00:00,15,False,False,False,False
ldo,LDO,2023-07-16 00:00:00+00:00,2023-07-16 00:00:00+00:00,2023-07-17 00:00:00+00:00,2179394016.70433,2023-07-17 00:00:00+00:00,16,False,False,False,False
icp,ICP,2023-07-16 00:00:00+00:00,2023-07-16 00:00:00+00:00,2023-07-17 00:00:00+00:00,2049205751.9300082,2023-07-17 00:00:00+00:00,17,False,False,False,False
crv,CRV,2023-07-16 00:00:00+00:00,2023-07-16 00:00:00+00:00,2023-07-17 00:00:00+00:00,1606595739.5492299,2023-07-17 00:00:00+00:00,18,False,False,False,False
ht,HT,2023-07-16 00:00:00+00:00,2023-07-16 00:00:00+00:00,2023-07-17 00:00:00+00:00,1385683405.705795,2023-07-17 00:00:00+00:00,19,False,False,False,False
aave,AAVE,2023-07-16 00:00:00+00:00,2023-07-16 00:00:00+00:00,2023-07-17 00:00:00+00:00,1228782284.554064,2023-07-17 00:00:00+00:00,20,False,False,False,False
algo,ALGO,2023-07-16 00:00:00+00:00,2023-07-16 00:00:00+00:00,2023-07-17 00:00:00+00:00,1162182736.99785,2023-07-17 00:00:00+00:00,21,False,False,False,False
gno,GNO,2023-07-16 00:00:00+00:00,2023-07-16 00:00:00+00:00,2023-07-17 00:00:00+00:00,1157619553.17053,2023-07-17 00:00:00+00:00,22,False,False,False,False
avaxc,AVAXC,2023-07-16 00:00:00+00:00,2023-07-16 00:00:00+00:00,2023-07-17 00:00:00+00:00,1095234228.4643316,2023-07-17 00:00:00+00:00,23,False,False,False,False
lend,LEND,2023-07-16 00:00:00+00:00,2023-07-16 00:00:00+00:00,2023-07-17 00:00:00+00:00,998385561.4288555,2023-07-17 00:00:00+00:00,24,False,False,False,False
mkr,MKR,2023-07-16 00:00:00+00:00,2023-07-16 00:00:00+00:00,2023-07-17 00:00:00+00:00,949371658.7886722,2023-07-17 00:00:00+00:00,25,False,False,False,False
neo,NEO,2023-07-16 00:00:00+00:00,2023-07-16 00:00:00+00:00,2023-07-17 00:00:00+00:00,910333481.361782,2023-07-17 00:00:00+00:00,26,False,False,False,False
mana,MANA,2023-07-16 00:00:00+00:00,2023-07-16 00:00:00+00:00,2023-07-17 00:00:00+00:00,892900552.3416942,2023-07-17 00:00:00+00:00,27,False,False,False,False
snx,SNX,2023-07-16 00:00:00+00:00,2023-07-16 00:00:00+00:00,2023-07-17 00:00:00+00:00,853551767.2309681,2023-07-17 00:00:00+00:00,28,False,False,False,False
comp,COMP,2023-07-16 00:00:00+00:00,2023-07-16 00:00:00+00:00,2023-07-17 00:00:00+00:00,773451682.924573,2023-07-17 00:00:00+00:00,29,False,False,False,False
bsv,BSV,2023-07-16 00:00:00+00:00,2023-07-16 00:00:00+00:00,2023-07-17 00:00:00+00:00,699842684.6023057,2023-07-17 00:00:00+00:00,30,False,False,False,False
btc,BTC,2023-07-23 00:00:00+00:00,2023-07-23 00:00:00+00:00,2023-07-24 00:00:00+00:00,584412592865.5507,2023-07-24 00:00:00+00:00,1,True,True,True,True
eth,ETH,2023-07-23 00:00:00+00:00,2023-07-23 00:00:00+00:00,2023-07-24 00:00:00+00:00,226990024193.7453,2023-07-24 00:00:00+00:00,2,True,True,True,True
xrp,XRP,2023-07-23 00:00:00+00:00,2023-07-23 00:00:00+00:00,2023-07-24 00:00:00+00:00,73771037468.81671,2023-07-24 00:00:00+00:00,3,True,True,False,True
xlm,XLM,2023-07-23 00:00:00+00:00,2023-07-23 00:00:00+00:00,2023-07-24 00:00:00+00:00,16456814610.68679,2023-07-24 00:00:00+00:00,4,True,True,False,False
ada,ADA,2023-07-23 00:00:00+00:00,2023-07-23 00:00:00+00:00,2023-07-24 00:00:00+00:00,10866764061.718515,2023-07-24 00:00:00+00:00,5,True,True,False,True
doge,DOGE,2023-07-23 00:00:00+00:00,2023-07-23 00:00:00+00:00,2023-07-24 00:00:00+00:00,10080922216.607986,2023-07-24 00:00:00+00:00,6,True,True,False,False
xvg,XVG,2023-07-23 00:00:00+00:00,2023-07-23 00:00:00+00:00,2023-07-24 00:00:00+00:00,8885328086.748838,2023-07-24 00:00:00+00:00,7,False,True,False,False
link,LINK,2023-07-23 00:00:00+00:00,2023-07-23 00:00:00+00:00,2023-07-24 00:00:00+00:00,7893889997.48395,2023-07-24 00:00:00+00:00,8,False,True,True,True
ltc,LTC,2023-07-23 00:00:00+00:00,2023-07-23 00:00:00+00:00,2023-07-24 00:00:00+00:00,6840875044.889322,2023-07-24 00:00:00+00:00,9,False,True,False,True
uni,UNI,2023-07-23 00:00:00+00:00,2023-07-23 00:00:00+00:00,2023-07-24 00:00:00+00:00,6155333528.68668,2023-07-24 00:00:00+00:00,10,False,True,False,False
cro,CRO,2023-07-23 00:00:00+00:00,2023-07-23 00:00:00+00:00,2023-07-24 00:00:00+00:00,6046174935.41177,2023-07-24 00:00:00+00:00,11,False,False,False,False
bch,BCH,2023-07-23 00:00:00+00:00,2023-07-23 00:00:00+00:00,2023-07-24 00:00:00+00:00,4861310427.349397,2023-07-24 00:00:00+00:00,12,False,False,False,False
xmr,XMR,2023-07-23 00:00:00+00:00,2023-07-23 00:00:00+00:00,2023-07-24 00:00:00+00:00,2913356121.8560624,2023-07-24 00:00:00+00:00,13,False,False,False,False
etc,ETC,2023-07-23 00:00:00+00:00,2023-07-23 00:00:00+00:00,2023-07-24 00:00:00+00:00,2659995085.2085676,2023-07-24 00:00:00+00:00,14,False,False,False,False
qnt,QNT,2023-07-23 00:00:00+00:00,2023-07-23 00:00:00+00:00,2023-07-24 00:00:00+00:00,2559150515.030469,2023-07-24 00:00:00+00:00,15,False,False,False,False
icp,ICP,2023-07-23 00:00:00+00:00,2023-07-23 00:00:00+00:00,2023-07-24 00:00:00+00:00,2110281202.0928147,2023-07-24 00:00:00+00:00,16,False,False,False,False
ldo,LDO,2023-07-23 00:00:00+00:00,2023-07-23 00:00:00+00:00,2023-07-24 00:00:00+00:00,2049023754.56891,2023-07-24 00:00:00+00:00,17,False,False,False,False
crv,CRV,2023-07-23 00:00:00+00:00,2023-07-23 00:00:00+00:00,2023-07-24 00:00:00+00:00,1508121196.8396266,2023-07-24 00:00:00+00:00,18,False,False,False,False
ht,HT,2023-07-23 00:00:00+00:00,2023-07-23 00:00:00+00:00,2023-07-24 00:00:00+00:00,1361191725.029875,2023-07-24 00:00:00+00:00,19,False,False,False,False
gno,GNO,2023-07-23 00:00:00+00:00,2023-07-23 00:00:00+00:00,2023-07-24 00:00:00+00:00,1165020436.05528,2023-07-24 00:00:00+00:00,20,False,False,False,False
algo,ALGO,2023-07-23 00:00:00+00:00,2023-07-23 00:00:00+00:00,2023-07-24 00:00:00+00:00,1160060467.96624,2023-07-24 00:00:00+00:00,21,False,False,False,False
aave,AAVE,2023-07-23 00:00:00+00:00,2023-07-23 00:00:00+00:00,2023-07-24 00:00:00+00:00,1157653801.657896,2023-07-24 00:00:00+00:00,22,False,False,False,False
mkr,MKR,2023-07-23 00:00:00+00:00,2023-07-23 00:00:00+00:00,2023-07-24 00:00:00+00:00,1064779541.9694804,2023-07-24 00:00:00+00:00,23,False,False,False,False
avaxc,AVAXC,2023-07-23 00:00:00+00:00,2023-07-23 00:00:00+00:00,2023-07-24 00:00:00+00:00,1057020919.3671968,2023-07-24 00:00:00+00:00,24,False,False,False,False
lend,LEND,2023-07-23 00:00:00+00:00,2023-07-23 00:00:00+00:00,2023-07-24 00:00:00+00:00,940593671.6673225,2023-07-24 00:00:00+00:00,25,False,False,False,False
snx,SNX,2023-07-23 00:00:00+00:00,2023-07-23 00:00:00+00:00,2023-07-24 00:00:00+00:00,938550670.1699632,2023-07-24 00:00:00+00:00,26,False,False,False,False
neo,NEO,2023-07-23 00:00:00+00:00,2023-07-23 00:00:00+00:00,2023-07-24 00:00:00+00:00,909822742.004758,2023-07-24 00:00:00+00:00,27,False,False,False,False
mana,MANA,2023-07-23 00:00:00+00:00,2023-07-23 00:00:00+00:00,2023-07-24 00:00:00+00:00,891350728.091817,2023-07-24 00:00:00+00:00,28,False,False,False,False
bsv,BSV,2023-07-23 00:00:00+00:00,2023-07-23 00:00:00+00:00,2023-07-24 00:00:00+00:00,724665198.4108311,2023-07-24 00:00:00+00:00,29,False,False,False,False
comp,COMP,2023-07-23 00:00:00+00:00,2023-07-23 00:00:00+00:00,2023-07-24 00:00:00+00:00,704536728.678765,2023-07-24 00:00:00+00:00,30,False,False,False,False
btc,BTC,2023-07-30 00:00:00+00:00,2023-07-30 00:00:00+00:00,2023-07-31 00:00:00+00:00,568974872634.1339,2023-07-31 00:00:00+00:00,1,True,True,True,True
eth,ETH,2023-07-30 00:00:00+00:00,2023-07-30 00:00:00+00:00,2023-07-31 00:00:00+00:00,223796689527.53195,2023-07-31 00:00:00+00:00,2,True,True,True,True
xrp,XRP,2023-07-30 00:00:00+00:00,2023-07-30 00:00:00+00:00,2023-07-31 00:00:00+00:00,70457951512.29442,2023-07-31 00:00:00+00:00,3,True,True,False,True
xlm,XLM,2023-07-30 00:00:00+00:00,2023-07-30 00:00:00+00:00,2023-07-31 00:00:00+00:00,16491511823.36846,2023-07-31 00:00:00+00:00,4,True,True,False,False
doge,DOGE,2023-07-30 00:00:00+00:00,2023-07-30 00:00:00+00:00,2023-07-31 00:00:00+00:00,10954778365.215761,2023-07-31 00:00:00+00:00,5,True,True,False,False
ada,ADA,2023-07-30 00:00:00+00:00,2023-07-30 00:00:00+00:00,2023-07-31 00:00:00+00:00,10774548825.489527,2023-07-31 00:00:00+00:00,6,True,True,False,True
xvg,XVG,2023-07-30 00:00:00+00:00,2023-07-30 00:00:00+00:00,2023-07-31 00:00:00+00:00,7646737387.908173,2023-07-31 00:00:00+00:00,7,False,True,False,False
link,LINK,2023-07-30 00:00:00+00:00,2023-07-30 00:00:00+00:00,2023-07-31 00:00:00+00:00,7549863446.21215,2023-07-31 00:00:00+00:00,8,False,True,True,True
ltc,LTC,2023-07-30 00:00:00+00:00,2023-07-30 00:00:00+00:00,2023-07-31 00:00:00+00:00,6913635497.157104,2023-07-31 00:00:00+00:00,9,False,True,False,True
uni,UNI,2023-07-30 00:00:00+00:00,2023-07-30 00:00:00+00:00,2023-07-31 00:00:00+00:00,6409296593.68675,2023-07-31 00:00:00+00:00,10,False,True,False,False
cro,CRO,2023-07-30 00:00:00+00:00,2023-07-30 00:00:00+00:00,2023-07-31 00:00:00+00:00,5917481407.02846,2023-07-31 00:00:00+00:00,11,False,False,False,False
bch,BCH,2023-07-30 00:00:00+00:00,2023-07-30 00:00:00+00:00,2023-07-31 00:00:00+00:00,4923020092.480861,2023-07-31 00:00:00+00:00,12,False,False,False,False
xmr,XMR,2023-07-30 00:00:00+00:00,2023-07-30 00:00:00+00:00,2023-07-31 00:00:00+00:00,2852701558.347119,2023-07-31 00:00:00+00:00,13,False,False,False,False
qnt,QNT,2023-07-30 00:00:00+00:00,2023-07-30 00:00:00+00:00,2023-07-31 00:00:00+00:00,2714443859.3692603,2023-07-31 00:00:00+00:00,14,False,False,False,False
etc,ETC,2023-07-30 00:00:00+00:00,2023-07-30 00:00:00+00:00,2023-07-31 00:00:00+00:00,2686554133.1048994,2023-07-31 00:00:00+00:00,15,False,False,False,False
icp,ICP,2023-07-30 00:00:00+00:00,2023-07-30 00:00:00+00:00,2023-07-31 00:00:00+00:00,2141839668.152545,2023-07-31 00:00:00+00:00,16,False,False,False,False
ldo,LDO,2023-07-30 00:00:00+00:00,2023-07-30 00:00:00+00:00,2023-07-31 00:00:00+00:00,1888140497.646,2023-07-31 00:00:00+00:00,17,False,False,False,False
ht,HT,2023-07-30 00:00:00+00:00,2023-07-30 00:00:00+00:00,2023-07-31 00:00:00+00:00,1354807155.41119,2023-07-31 00:00:00+00:00,18,False,False,False,False
crv,CRV,2023-07-30 00:00:00+00:00,2023-07-30 00:00:00+00:00,2023-07-31 00:00:00+00:00,1242732158.9262865,2023-07-31 00:00:00+00:00,19,False,False,False,False
mkr,MKR,2023-07-30 00:00:00+00:00,2023-07-30 00:00:00+00:00,2023-07-31 00:00:00+00:00,1218916863.1836934,2023-07-31 00:00:00+00:00,20,False,False,False,False
gno,GNO,2023-07-30 00:00:00+00:00,2023-07-30 00:00:00+00:00,2023-07-31 00:00:00+00:00,1149250622.4951,2023-07-31 00:00:00+00:00,21,False,False,False,False
aave,AAVE,2023-07-30 00:00:00+00:00,2023-07-30 00:00:00+00:00,2023-07-31 00:00:00+00:00,1132278453.498088,2023-07-31 00:00:00+00:00,22,False,False,False,False
algo,ALGO,2023-07-30 00:00:00+00:00,2023-07-30 00:00:00+00:00,2023-07-31 00:00:00+00:00,1093993580.99502,2023-07-31 00:00:00+00:00,23,False,False,False,False
avaxc,AVAXC,2023-07-30 00:00:00+00:00,2023-07-30 00:00:00+00:00,2023-07-31 00:00:00+00:00,1024210634.8676467,2023-07-31 00:00:00+00:00,24,False,False,False,False
lend,LEND,2023-07-30 00:00:00+00:00,2023-07-30 00:00:00+00:00,2023-07-31 00:00:00+00:00,919976202.2120425,2023-07-31 00:00:00+00:00,25,False,False,False,False
neo,NEO,2023-07-30 00:00:00+00:00,2023-07-30 00:00:00+00:00,2023-07-31 00:00:00+00:00,883139084.676063,2023-07-31 00:00:00+00:00,26,False,False,False,False
snx,SNX,2023-07-30 00:00:00+00:00,2023-07-30 00:00:00+00:00,2023-07-31 00:00:00+00:00,880732140.6893072,2023-07-31 00:00:00+00:00,27,False,False,False,False
mana,MANA,2023-07-30 00:00:00+00:00,2023-07-30 00:00:00+00:00,2023-07-31 00:00:00+00:00,851011784.866624,2023-07-31 00:00:00+00:00,28,False,False,False,False
bsv,BSV,2023-07-30 00:00:00+00:00,2023-07-30 00:00:00+00:00,2023-07-31 00:00:00+00:00,764306587.3238442,2023-07-31 00:00:00+00:00,29,False,False,False,False
comp,COMP,2023-07-30 00:00:00+00:00,2023-07-30 00:00:00+00:00,2023-07-31 00:00:00+00:00,709909657.486379,2023-07-31 00:00:00+00:00,30,False,False,False,False
btc,BTC,2023-08-06 00:00:00+00:00,2023-08-06 00:00:00+00:00,2023-08-07 00:00:00+00:00,564984423123.5125,2023-08-07 00:00:00+00:00,1,True,True,True,True
eth,ETH,2023-08-06 00:00:00+00:00,2023-08-06 00:00:00+00:00,2023-08-07 00:00:00+00:00,219640473195.12836,2023-08-07 00:00:00+00:00,2,True,True,True,True
xrp,XRP,2023-08-06 00:00:00+00:00,2023-08-06 00:00:00+00:00,2023-08-07 00:00:00+00:00,62228556352.82942,2023-08-07 00:00:00+00:00,3,True,True,False,True
xlm,XLM,2023-08-06 00:00:00+00:00,2023-08-06 00:00:00+00:00,2023-08-07 00:00:00+00:00,14649393936.148987,2023-08-07 00:00:00+00:00,4,True,True,False,False
doge,DOGE,2023-08-06 00:00:00+00:00,2023-08-06 00:00:00+00:00,2023-08-07 00:00:00+00:00,10422743247.565958,2023-08-07 00:00:00+00:00,5,True,True,False,False
ada,ADA,2023-08-06 00:00:00+00:00,2023-08-06 00:00:00+00:00,2023-08-07 00:00:00+00:00,10012177937.202087,2023-08-07 00:00:00+00:00,6,True,True,False,True
link,LINK,2023-08-06 00:00:00+00:00,2023-08-06 00:00:00+00:00,2023-08-07 00:00:00+00:00,7098233298.57715,2023-08-07 00:00:00+00:00,7,False,True,True,True
xvg,XVG,2023-08-06 00:00:00+00:00,2023-08-06 00:00:00+00:00,2023-08-07 00:00:00+00:00,6991642808.432311,2023-08-07 00:00:00+00:00,8,False,True,False,False
ltc,LTC,2023-08-06 00:00:00+00:00,2023-08-06 00:00:00+00:00,2023-08-07 00:00:00+00:00,6056040903.846425,2023-08-07 00:00:00+00:00,9,False,True,False,True
uni,UNI,2023-08-06 00:00:00+00:00,2023-08-06 00:00:00+00:00,2023-08-07 00:00:00+00:00,5940857066.65038,2023-08-07 00:00:00+00:00,10,False,True,False,False
cro,CRO,2023-08-06 00:00:00+00:00,2023-08-06 00:00:00+00:00,2023-08-07 00:00:00+00:00,5831187066.60566,2023-08-07 00:00:00+00:00,11,False,False,False,False
bch,BCH,2023-08-06 00:00:00+00:00,2023-08-06 00:00:00+00:00,2023-08-07 00:00:00+00:00,4330841347.334748,2023-08-07 00:00:00+00:00,12,False,False,False,False
xmr,XMR,2023-08-06 00:00:00+00:00,2023-08-06 00:00:00+00:00,2023-08-07 00:00:00+00:00,2844918705.5776734,2023-08-07 00:00:00+00:00,13,False,False,False,False
etc,ETC,2023-08-06 00:00:00+00:00,2023-08-06 00:00:00+00:00,2023-08-07 00:00:00+00:00,2537032167.03232,2023-08-07 00:00:00+00:00,14,False,False,False,False
qnt,QNT,2023-08-06 00:00:00+00:00,2023-08-06 00:00:00+00:00,2023-08-07 00:00:00+00:00,2489243198.9115133,2023-08-07 00:00:00+00:00,15,False,False,False,False
icp,ICP,2023-08-06 00:00:00+00:00,2023-08-06 00:00:00+00:00,2023-08-07 00:00:00+00:00,2071779162.3222506,2023-08-07 00:00:00+00:00,16,False,False,False,False
ldo,LDO,2023-08-06 00:00:00+00:00,2023-08-06 00:00:00+00:00,2023-08-07 00:00:00+00:00,1826560664.52956,2023-08-07 00:00:00+00:00,17,False,False,False,False
ht,HT,2023-08-06 00:00:00+00:00,2023-08-06 00:00:00+00:00,2023-08-07 00:00:00+00:00,1332359143.69462,2023-08-07 00:00:00+00:00,18,False,False,False,False
crv,CRV,2023-08-06 00:00:00+00:00,2023-08-06 00:00:00+00:00,2023-08-07 00:00:00+00:00,1216156895.3952417,2023-08-07 00:00:00+00:00,19,False,False,False,False
mkr,MKR,2023-08-06 00:00:00+00:00,2023-08-06 00:00:00+00:00,2023-08-07 00:00:00+00:00,1192592565.7982597,2023-08-07 00:00:00+00:00,20,False,False,False,False
gno,GNO,2023-08-06 00:00:00+00:00,2023-08-06 00:00:00+00:00,2023-08-07 00:00:00+00:00,1101151098.40837,2023-08-07 00:00:00+00:00,21,False,False,False,False
algo,ALGO,2023-08-06 00:00:00+00:00,2023-08-06 00:00:00+00:00,2023-08-07 00:00:00+00:00,1096411445.24845,2023-08-07 00:00:00+00:00,22,False,False,False,False
aave,AAVE,2023-08-06 00:00:00+00:00,2023-08-06 00:00:00+00:00,2023-08-07 00:00:00+00:00,1052725360.9368272,2023-08-07 00:00:00+00:00,23,False,False,False,False
avaxc,AVAXC,2023-08-06 00:00:00+00:00,2023-08-06 00:00:00+00:00,2023-08-07 00:00:00+00:00,969439906.4100487,2023-08-07 00:00:00+00:00,24,False,False,False,False
lend,LEND,2023-08-06 00:00:00+00:00,2023-08-06 00:00:00+00:00,2023-08-07 00:00:00+00:00,855339317.4045762,2023-08-07 00:00:00+00:00,25,False,False,False,False
neo,NEO,2023-08-06 00:00:00+00:00,2023-08-06 00:00:00+00:00,2023-08-07 00:00:00+00:00,846549180.53239,2023-08-07 00:00:00+00:00,26,False,False,False,False
snx,SNX,2023-08-06 00:00:00+00:00,2023-08-06 00:00:00+00:00,2023-08-07 00:00:00+00:00,825218475.0091796,2023-08-07 00:00:00+00:00,27,False,False,False,False
mana,MANA,2023-08-06 00:00:00+00:00,2023-08-06 00:00:00+00:00,2023-08-07 00:00:00+00:00,818839221.4517138,2023-08-07 00:00:00+00:00,28,False,False,False,False
bsv,BSV,2023-08-06 00:00:00+00:00,2023-08-06 00:00:00+00:00,2023-08-07 00:00:00+00:00,687231114.1132823,2023-08-07 00:00:00+00:00,29,False,False,False,False
comp,COMP,2023-08-06 00:00:00+00:00,2023-08-06 00:00:00+00:00,2023-08-07 00:00:00+00:00,566760072.906744,2023-08-07 00:00:00+00:00,30,False,False,False,False
btc,BTC,2023-08-13 00:00:00+00:00,2023-08-13 00:00:00+00:00,2023-08-14 00:00:00+00:00,569800385426.1592,2023-08-14 00:00:00+00:00,1,True,True,True,True
eth,ETH,2023-08-13 00:00:00+00:00,2023-08-13 00:00:00+00:00,2023-08-14 00:00:00+00:00,221085140671.86798,2023-08-14 00:00:00+00:00,2,True,True,True,True
xrp,XRP,2023-08-13 00:00:00+00:00,2023-08-13 00:00:00+00:00,2023-08-14 00:00:00+00:00,62573798988.85173,2023-08-14 00:00:00+00:00,3,True,True,False,True
xlm,XLM,2023-08-13 00:00:00+00:00,2023-08-13 00:00:00+00:00,2023-08-14 00:00:00+00:00,14535757267.035324,2023-08-14 00:00:00+00:00,4,True,True,False,False
doge,DOGE,2023-08-13 00:00:00+00:00,2023-08-13 00:00:00+00:00,2023-08-14 00:00:00+00:00,10504332799.965666,2023-08-14 00:00:00+00:00,5,True,True,False,False
ada,ADA,2023-08-13 00:00:00+00:00,2023-08-13 00:00:00+00:00,2023-08-14 00:00:00+00:00,9928201899.032068,2023-08-14 00:00:00+00:00,6,True,True,False,True
link,LINK,2023-08-13 00:00:00+00:00,2023-08-13 00:00:00+00:00,2023-08-14 00:00:00+00:00,7365403385.96918,2023-08-14 00:00:00+00:00,7,False,True,True,True
xvg,XVG,2023-08-13 00:00:00+00:00,2023-08-13 00:00:00+00:00,2023-08-14 00:00:00+00:00,6936820034.835111,2023-08-14 00:00:00+00:00,8,False,True,False,False
uni,UNI,2023-08-13 00:00:00+00:00,2023-08-13 00:00:00+00:00,2023-08-14 00:00:00+00:00,6094855878.80404,2023-08-14 00:00:00+00:00,9,False,True,False,False
ltc,LTC,2023-08-13 00:00:00+00:00,2023-08-13 00:00:00+00:00,2023-08-14 00:00:00+00:00,6023130699.24301,2023-08-14 00:00:00+00:00,10,False,True,False,True
cro,CRO,2023-08-13 00:00:00+00:00,2023-08-13 00:00:00+00:00,2023-08-14 00:00:00+00:00,5687146065.47067,2023-08-14 00:00:00+00:00,11,False,False,False,False
bch,BCH,2023-08-13 00:00:00+00:00,2023-08-13 00:00:00+00:00,2023-08-14 00:00:00+00:00,4444417032.427294,2023-08-14 00:00:00+00:00,12,False,False,False,False
xmr,XMR,2023-08-13 00:00:00+00:00,2023-08-13 00:00:00+00:00,2023-08-14 00:00:00+00:00,2821617370.0898952,2023-08-14 00:00:00+00:00,13,False,False,False,False
etc,ETC,2023-08-13 00:00:00+00:00,2023-08-13 00:00:00+00:00,2023-08-14 00:00:00+00:00,2496975220.1372366,2023-08-14 00:00:00+00:00,14,False,False,False,False
qnt,QNT,2023-08-13 00:00:00+00:00,2023-08-13 00:00:00+00:00,2023-08-14 00:00:00+00:00,2476251987.9121156,2023-08-14 00:00:00+00:00,15,False,False,False,False
icp,ICP,2023-08-13 00:00:00+00:00,2023-08-13 00:00:00+00:00,2023-08-14 00:00:00+00:00,2027526078.777309,2023-08-14 00:00:00+00:00,16,False,False,False,False
ldo,LDO,2023-08-13 00:00:00+00:00,2023-08-13 00:00:00+00:00,2023-08-14 00:00:00+00:00,1818554495.53017,2023-08-14 00:00:00+00:00,17,False,False,False,False
ht,HT,2023-08-13 00:00:00+00:00,2023-08-13 00:00:00+00:00,2023-08-14 00:00:00+00:00,1292342766.437285,2023-08-14 00:00:00+00:00,18,False,False,False,False
mkr,MKR,2023-08-13 00:00:00+00:00,2023-08-13 00:00:00+00:00,2023-08-14 00:00:00+00:00,1216800520.4052942,2023-08-14 00:00:00+00:00,19,False,False,False,False
algo,ALGO,2023-08-13 00:00:00+00:00,2023-08-13 00:00:00+00:00,2023-08-14 00:00:00+00:00,1167875501.58763,2023-08-14 00:00:00+00:00,20,False,False,False,False
crv,CRV,2023-08-13 00:00:00+00:00,2023-08-13 00:00:00+00:00,2023-08-14 00:00:00+00:00,1152520244.5238755,2023-08-14 00:00:00+00:00,21,False,False,False,False
gno,GNO,2023-08-13 00:00:00+00:00,2023-08-13 00:00:00+00:00,2023-08-14 00:00:00+00:00,1098905910.35449,2023-08-14 00:00:00+00:00,22,False,False,False,False
aave,AAVE,2023-08-13 00:00:00+00:00,2023-08-13 00:00:00+00:00,2023-08-14 00:00:00+00:00,1050952352.4029088,2023-08-14 00:00:00+00:00,23,False,False,False,False
avaxc,AVAXC,2023-08-13 00:00:00+00:00,2023-08-13 00:00:00+00:00,2023-08-14 00:00:00+00:00,948327743.800096,2023-08-14 00:00:00+00:00,24,False,False,False,False
lend,LEND,2023-08-13 00:00:00+00:00,2023-08-13 00:00:00+00:00,2023-08-14 00:00:00+00:00,853898748.0353681,2023-08-14 00:00:00+00:00,25,False,False,False,False
neo,NEO,2023-08-13 00:00:00+00:00,2023-08-13 00:00:00+00:00,2023-08-14 00:00:00+00:00,845863175.966328,2023-08-14 00:00:00+00:00,26,False,False,False,False
snx,SNX,2023-08-13 00:00:00+00:00,2023-08-13 00:00:00+00:00,2023-08-14 00:00:00+00:00,812253660.6540684,2023-08-14 00:00:00+00:00,27,False,False,False,False
mana,MANA,2023-08-13 00:00:00+00:00,2023-08-13 00:00:00+00:00,2023-08-14 00:00:00+00:00,802262229.979693,2023-08-14 00:00:00+00:00,28,False,False,False,False
comp,COMP,2023-08-13 00:00:00+00:00,2023-08-13 00:00:00+00:00,2023-08-14 00:00:00+00:00,543357986.175955,2023-08-14 00:00:00+00:00,29,False,False,False,False
pax,PAX,2023-08-13 00:00:00+00:00,2023-08-13 00:00:00+00:00,2023-08-14 00:00:00+00:00,505340855.1928824,2023-08-14 00:00:00+00:00,30,False,False,False,False
btc,BTC,2023-08-20 00:00:00+00:00,2023-08-20 00:00:00+00:00,2023-08-21 00:00:00+00:00,509478386019.2887,2023-08-21 00:00:00+00:00,1,True,True,True,True
eth,ETH,2023-08-20 00:00:00+00:00,2023-08-20 00:00:00+00:00,2023-08-21 00:00:00+00:00,202397927330.03745,2023-08-21 00:00:00+00:00,2,True,True,True,True
xrp,XRP,2023-08-20 00:00:00+00:00,2023-08-20 00:00:00+00:00,2023-08-21 00:00:00+00:00,53985905516.14432,2023-08-21 00:00:00+00:00,3,True,True,False,True
xlm,XLM,2023-08-20 00:00:00+00:00,2023-08-20 00:00:00+00:00,2023-08-21 00:00:00+00:00,13679196112.967901,2023-08-21 00:00:00+00:00,4,True,True,False,False
ada,ADA,2023-08-20 00:00:00+00:00,2023-08-20 00:00:00+00:00,2023-08-21 00:00:00+00:00,9299789216.876158,2023-08-21 00:00:00+00:00,5,True,True,False,True
doge,DOGE,2023-08-20 00:00:00+00:00,2023-08-20 00:00:00+00:00,2023-08-21 00:00:00+00:00,8972298329.892637,2023-08-21 00:00:00+00:00,6,True,True,False,False
link,LINK,2023-08-20 00:00:00+00:00,2023-08-20 00:00:00+00:00,2023-08-21 00:00:00+00:00,6211669754.46399,2023-08-21 00:00:00+00:00,7,False,True,True,True
xvg,XVG,2023-08-20 00:00:00+00:00,2023-08-20 00:00:00+00:00,2023-08-21 00:00:00+00:00,5842604192.134437,2023-08-21 00:00:00+00:00,8,False,True,False,False
cro,CRO,2023-08-20 00:00:00+00:00,2023-08-20 00:00:00+00:00,2023-08-21 00:00:00+00:00,5236015515.30014,2023-08-21 00:00:00+00:00,9,False,True,False,False
uni,UNI,2023-08-20 00:00:00+00:00,2023-08-20 00:00:00+00:00,2023-08-21 00:00:00+00:00,4901551013.05022,2023-08-21 00:00:00+00:00,10,False,True,False,False
ltc,LTC,2023-08-20 00:00:00+00:00,2023-08-20 00:00:00+00:00,2023-08-21 00:00:00+00:00,4794949321.449202,2023-08-21 00:00:00+00:00,11,False,False,False,True
bch,BCH,2023-08-20 00:00:00+00:00,2023-08-20 00:00:00+00:00,2023-08-21 00:00:00+00:00,3680226412.9518657,2023-08-21 00:00:00+00:00,12,False,False,False,False
xmr,XMR,2023-08-20 00:00:00+00:00,2023-08-20 00:00:00+00:00,2023-08-21 00:00:00+00:00,2627302560.520491,2023-08-21 00:00:00+00:00,13,False,False,False,False
qnt,QNT,2023-08-20 00:00:00+00:00,2023-08-20 00:00:00+00:00,2023-08-21 00:00:00+00:00,2454128690.0549717,2023-08-21 00:00:00+00:00,14,False,False,False,False
etc,ETC,2023-08-20 00:00:00+00:00,2023-08-20 00:00:00+00:00,2023-08-21 00:00:00+00:00,2219971944.8904757,2023-08-21 00:00:00+00:00,15,False,False,False,False
icp,ICP,2023-08-20 00:00:00+00:00,2023-08-20 00:00:00+00:00,2023-08-21 00:00:00+00:00,1805866428.1412935,2023-08-21 00:00:00+00:00,16,False,False,False,False
ldo,LDO,2023-08-20 00:00:00+00:00,2023-08-20 00:00:00+00:00,2023-08-21 00:00:00+00:00,1671883745.60008,2023-08-21 00:00:00+00:00,17,False,False,False,False
ht,HT,2023-08-20 00:00:00+00:00,2023-08-20 00:00:00+00:00,2023-08-21 00:00:00+00:00,1195717143.167345,2023-08-21 00:00:00+00:00,18,False,False,False,False
mkr,MKR,2023-08-20 00:00:00+00:00,2023-08-20 00:00:00+00:00,2023-08-21 00:00:00+00:00,1084722437.1638684,2023-08-21 00:00:00+00:00,19,False,False,False,False
gno,GNO,2023-08-20 00:00:00+00:00,2023-08-20 00:00:00+00:00,2023-08-21 00:00:00+00:00,1014215636.9266,2023-08-21 00:00:00+00:00,20,False,False,False,False
crv,CRV,2023-08-20 00:00:00+00:00,2023-08-20 00:00:00+00:00,2023-08-21 00:00:00+00:00,997417968.3461443,2023-08-21 00:00:00+00:00,21,False,False,False,False
algo,ALGO,2023-08-20 00:00:00+00:00,2023-08-20 00:00:00+00:00,2023-08-21 00:00:00+00:00,972151983.457585,2023-08-21 00:00:00+00:00,22,False,False,False,False
aave,AAVE,2023-08-20 00:00:00+00:00,2023-08-20 00:00:00+00:00,2023-08-21 00:00:00+00:00,913352001.5682625,2023-08-21 00:00:00+00:00,23,False,False,False,False
avaxc,AVAXC,2023-08-20 00:00:00+00:00,2023-08-20 00:00:00+00:00,2023-08-21 00:00:00+00:00,833434785.400443,2023-08-21 00:00:00+00:00,24,False,False,False,False
lend,LEND,2023-08-20 00:00:00+00:00,2023-08-20 00:00:00+00:00,2023-08-21 00:00:00+00:00,742098467.9957582,2023-08-21 00:00:00+00:00,25,False,False,False,False
neo,NEO,2023-08-20 00:00:00+00:00,2023-08-20 00:00:00+00:00,2023-08-21 00:00:00+00:00,719963569.755037,2023-08-21 00:00:00+00:00,26,False,False,False,False
snx,SNX,2023-08-20 00:00:00+00:00,2023-08-20 00:00:00+00:00,2023-08-21 00:00:00+00:00,697397421.4579057,2023-08-21 00:00:00+00:00,27,False,False,False,False
mana,MANA,2023-08-20 00:00:00+00:00,2023-08-20 00:00:00+00:00,2023-08-21 00:00:00+00:00,676370605.0635351,2023-08-21 00:00:00+00:00,28,False,False,False,False
pax,PAX,2023-08-20 00:00:00+00:00,2023-08-20 00:00:00+00:00,2023-08-21 00:00:00+00:00,501899375.15751773,2023-08-21 00:00:00+00:00,29,False,False,False,False
paxg,PAXG,2023-08-20 00:00:00+00:00,2023-08-20 00:00:00+00:00,2023-08-21 00:00:00+00:00,467452497.48383874,2023-08-21 00:00:00+00:00,30,False,False,False,False
btc,BTC,2023-08-27 00:00:00+00:00,2023-08-27 00:00:00+00:00,2023-08-28 00:00:00+00:00,507883827671.5995,2023-08-28 00:00:00+00:00,1,True,True,True,True
eth,ETH,2023-08-27 00:00:00+00:00,2023-08-27 00:00:00+00:00,2023-08-28 00:00:00+00:00,199174568417.68713,2023-08-28 00:00:00+00:00,2,True,True,True,True
xrp,XRP,2023-08-27 00:00:00+00:00,2023-08-27 00:00:00+00:00,2023-08-28 00:00:00+00:00,52325292469.90545,2023-08-28 00:00:00+00:00,3,True,True,False,True
xlm,XLM,2023-08-27 00:00:00+00:00,2023-08-27 00:00:00+00:00,2023-08-28 00:00:00+00:00,12729239839.815966,2023-08-28 00:00:00+00:00,4,True,True,False,False
ada,ADA,2023-08-27 00:00:00+00:00,2023-08-27 00:00:00+00:00,2023-08-28 00:00:00+00:00,9044803422.797762,2023-08-28 00:00:00+00:00,5,True,True,False,True
doge,DOGE,2023-08-27 00:00:00+00:00,2023-08-27 00:00:00+00:00,2023-08-28 00:00:00+00:00,8886871839.094837,2023-08-28 00:00:00+00:00,6,True,True,False,False
link,LINK,2023-08-27 00:00:00+00:00,2023-08-27 00:00:00+00:00,2023-08-28 00:00:00+00:00,6021744829.21177,2023-08-28 00:00:00+00:00,7,False,True,True,True
xvg,XVG,2023-08-27 00:00:00+00:00,2023-08-27 00:00:00+00:00,2023-08-28 00:00:00+00:00,5513829509.816733,2023-08-28 00:00:00+00:00,8,False,True,False,False
cro,CRO,2023-08-27 00:00:00+00:00,2023-08-27 00:00:00+00:00,2023-08-28 00:00:00+00:00,5100326366.6486,2023-08-28 00:00:00+00:00,9,False,True,False,False
ltc,LTC,2023-08-27 00:00:00+00:00,2023-08-27 00:00:00+00:00,2023-08-28 00:00:00+00:00,4804794502.129104,2023-08-28 00:00:00+00:00,10,False,True,False,True
uni,UNI,2023-08-27 00:00:00+00:00,2023-08-27 00:00:00+00:00,2023-08-28 00:00:00+00:00,4686707059.72422,2023-08-28 00:00:00+00:00,11,False,False,False,False
bch,BCH,2023-08-27 00:00:00+00:00,2023-08-27 00:00:00+00:00,2023-08-28 00:00:00+00:00,3861103496.8493104,2023-08-28 00:00:00+00:00,12,False,False,False,False
xmr,XMR,2023-08-27 00:00:00+00:00,2023-08-27 00:00:00+00:00,2023-08-28 00:00:00+00:00,2590537911.2766986,2023-08-28 00:00:00+00:00,13,False,False,False,False
qnt,QNT,2023-08-27 00:00:00+00:00,2023-08-27 00:00:00+00:00,2023-08-28 00:00:00+00:00,2502642908.3487763,2023-08-28 00:00:00+00:00,14,False,False,False,False
etc,ETC,2023-08-27 00:00:00+00:00,2023-08-27 00:00:00+00:00,2023-08-28 00:00:00+00:00,2284849722.876125,2023-08-28 00:00:00+00:00,15,False,False,False,False
icp,ICP,2023-08-27 00:00:00+00:00,2023-08-27 00:00:00+00:00,2023-08-28 00:00:00+00:00,1760064319.2334456,2023-08-28 00:00:00+00:00,16,False,False,False,False
ldo,LDO,2023-08-27 00:00:00+00:00,2023-08-27 00:00:00+00:00,2023-08-28 00:00:00+00:00,1587633294.95858,2023-08-28 00:00:00+00:00,17,False,False,False,False
ht,HT,2023-08-27 00:00:00+00:00,2023-08-27 00:00:00+00:00,2023-08-28 00:00:00+00:00,1205323665.9313,2023-08-28 00:00:00+00:00,18,False,False,False,False
mkr,MKR,2023-08-27 00:00:00+00:00,2023-08-27 00:00:00+00:00,2023-08-28 00:00:00+00:00,1048418358.4631462,2023-08-28 00:00:00+00:00,19,False,False,False,False
gno,GNO,2023-08-27 00:00:00+00:00,2023-08-27 00:00:00+00:00,2023-08-28 00:00:00+00:00,1015354239.85361,2023-08-28 00:00:00+00:00,20,False,False,False,False
algo,ALGO,2023-08-27 00:00:00+00:00,2023-08-27 00:00:00+00:00,2023-08-28 00:00:00+00:00,951364441.265939,2023-08-28 00:00:00+00:00,21,False,False,False,False
aave,AAVE,2023-08-27 00:00:00+00:00,2023-08-27 00:00:00+00:00,2023-08-28 00:00:00+00:00,931075298.4919168,2023-08-28 00:00:00+00:00,22,False,False,False,False
crv,CRV,2023-08-27 00:00:00+00:00,2023-08-27 00:00:00+00:00,2023-08-28 00:00:00+00:00,919771149.8526626,2023-08-28 00:00:00+00:00,23,False,False,False,False
avaxc,AVAXC,2023-08-27 00:00:00+00:00,2023-08-27 00:00:00+00:00,2023-08-28 00:00:00+00:00,771533917.1419958,2023-08-28 00:00:00+00:00,24,False,False,False,False
lend,LEND,2023-08-27 00:00:00+00:00,2023-08-27 00:00:00+00:00,2023-08-28 00:00:00+00:00,756498646.1004698,2023-08-28 00:00:00+00:00,25,False,False,False,False
neo,NEO,2023-08-27 00:00:00+00:00,2023-08-27 00:00:00+00:00,2023-08-28 00:00:00+00:00,724307622.686881,2023-08-28 00:00:00+00:00,26,False,False,False,False
snx,SNX,2023-08-27 00:00:00+00:00,2023-08-27 00:00:00+00:00,2023-08-28 00:00:00+00:00,686459431.3637654,2023-08-28 00:00:00+00:00,27,False,False,False,False
mana,MANA,2023-08-27 00:00:00+00:00,2023-08-27 00:00:00+00:00,2023-08-28 00:00:00+00:00,657394152.7715559,2023-08-28 00:00:00+00:00,28,False,False,False,False
pax,PAX,2023-08-27 00:00:00+00:00,2023-08-27 00:00:00+00:00,2023-08-28 00:00:00+00:00,504806864.6516622,2023-08-28 00:00:00+00:00,29,False,False,False,False
paxg,PAXG,2023-08-27 00:00:00+00:00,2023-08-27 00:00:00+00:00,2023-08-28 00:00:00+00:00,473509960.9357996,2023-08-28 00:00:00+00:00,30,False,False,False,False
btc,BTC,2023-09-03 00:00:00+00:00,2023-09-03 00:00:00+00:00,2023-09-04 00:00:00+00:00,505636660531.69305,2023-09-04 00:00:00+00:00,1,True,True,True,True
eth,ETH,2023-09-03 00:00:00+00:00,2023-09-03 00:00:00+00:00,2023-09-04 00:00:00+00:00,196627029264.7671,2023-09-04 00:00:00+00:00,2,True,True,True,True
xrp,XRP,2023-09-03 00:00:00+00:00,2023-09-03 00:00:00+00:00,2023-09-04 00:00:00+00:00,50471448120.654465,2023-09-04 00:00:00+00:00,3,True,True,False,True
xlm,XLM,2023-09-03 00:00:00+00:00,2023-09-03 00:00:00+00:00,2023-09-04 00:00:00+00:00,12565565837.65888,2023-09-04 00:00:00+00:00,4,True,True,False,False
doge,DOGE,2023-09-03 00:00:00+00:00,2023-09-03 00:00:00+00:00,2023-09-04 00:00:00+00:00,8894563337.1505,2023-09-04 00:00:00+00:00,5,True,True,False,False
ada,ADA,2023-09-03 00:00:00+00:00,2023-09-03 00:00:00+00:00,2023-09-04 00:00:00+00:00,8785560000.481745,2023-09-04 00:00:00+00:00,6,True,True,False,True
link,LINK,2023-09-03 00:00:00+00:00,2023-09-03 00:00:00+00:00,2023-09-04 00:00:00+00:00,6029534397.24224,2023-09-04 00:00:00+00:00,7,False,True,True,True
xvg,XVG,2023-09-03 00:00:00+00:00,2023-09-03 00:00:00+00:00,2023-09-04 00:00:00+00:00,5425145084.538858,2023-09-04 00:00:00+00:00,8,False,True,False,False
cro,CRO,2023-09-03 00:00:00+00:00,2023-09-03 00:00:00+00:00,2023-09-04 00:00:00+00:00,5091954052.6915,2023-09-04 00:00:00+00:00,9,False,True,False,False
ltc,LTC,2023-09-03 00:00:00+00:00,2023-09-03 00:00:00+00:00,2023-09-04 00:00:00+00:00,4702057333.138785,2023-09-04 00:00:00+00:00,10,False,True,False,True
uni,UNI,2023-09-03 00:00:00+00:00,2023-09-03 00:00:00+00:00,2023-09-04 00:00:00+00:00,4408834311.17729,2023-09-04 00:00:00+00:00,11,False,False,False,False
bch,BCH,2023-09-03 00:00:00+00:00,2023-09-03 00:00:00+00:00,2023-09-04 00:00:00+00:00,3828556000.981827,2023-09-04 00:00:00+00:00,12,False,False,False,False
xmr,XMR,2023-09-03 00:00:00+00:00,2023-09-03 00:00:00+00:00,2023-09-04 00:00:00+00:00,2514173708.276542,2023-09-04 00:00:00+00:00,13,False,False,False,False
qnt,QNT,2023-09-03 00:00:00+00:00,2023-09-03 00:00:00+00:00,2023-09-04 00:00:00+00:00,2417307422.633295,2023-09-04 00:00:00+00:00,14,False,False,False,False
etc,ETC,2023-09-03 00:00:00+00:00,2023-09-03 00:00:00+00:00,2023-09-04 00:00:00+00:00,2197367516.2314844,2023-09-04 00:00:00+00:00,15,False,False,False,False
icp,ICP,2023-09-03 00:00:00+00:00,2023-09-03 00:00:00+00:00,2023-09-04 00:00:00+00:00,1641854571.952881,2023-09-04 00:00:00+00:00,16,False,False,False,False
ldo,LDO,2023-09-03 00:00:00+00:00,2023-09-03 00:00:00+00:00,2023-09-04 00:00:00+00:00,1526081114.62679,2023-09-04 00:00:00+00:00,17,False,False,False,False
ht,HT,2023-09-03 00:00:00+00:00,2023-09-03 00:00:00+00:00,2023-09-04 00:00:00+00:00,1183534643.947865,2023-09-04 00:00:00+00:00,18,False,False,False,False
mkr,MKR,2023-09-03 00:00:00+00:00,2023-09-03 00:00:00+00:00,2023-09-04 00:00:00+00:00,1102778531.5435584,2023-09-04 00:00:00+00:00,19,False,False,False,False
gno,GNO,2023-09-03 00:00:00+00:00,2023-09-03 00:00:00+00:00,2023-09-04 00:00:00+00:00,1010582546.97437,2023-09-04 00:00:00+00:00,20,False,False,False,False
algo,ALGO,2023-09-03 00:00:00+00:00,2023-09-03 00:00:00+00:00,2023-09-04 00:00:00+00:00,944808197.427149,2023-09-04 00:00:00+00:00,21,False,False,False,False
aave,AAVE,2023-09-03 00:00:00+00:00,2023-09-03 00:00:00+00:00,2023-09-04 00:00:00+00:00,876966142.1874704,2023-09-04 00:00:00+00:00,22,False,False,False,False
crv,CRV,2023-09-03 00:00:00+00:00,2023-09-03 00:00:00+00:00,2023-09-04 00:00:00+00:00,871657869.7613121,2023-09-04 00:00:00+00:00,23,False,False,False,False
avaxc,AVAXC,2023-09-03 00:00:00+00:00,2023-09-03 00:00:00+00:00,2023-09-04 00:00:00+00:00,758818273.4470055,2023-09-04 00:00:00+00:00,24,False,False,False,False
lend,LEND,2023-09-03 00:00:00+00:00,2023-09-03 00:00:00+00:00,2023-09-04 00:00:00+00:00,712534958.5746024,2023-09-04 00:00:00+00:00,25,False,False,False,False
neo,NEO,2023-09-03 00:00:00+00:00,2023-09-03 00:00:00+00:00,2023-09-04 00:00:00+00:00,700836529.159061,2023-09-04 00:00:00+00:00,26,False,False,False,False
snx,SNX,2023-09-03 00:00:00+00:00,2023-09-03 00:00:00+00:00,2023-09-04 00:00:00+00:00,650969230.8996937,2023-09-04 00:00:00+00:00,27,False,False,False,False
mana,MANA,2023-09-03 00:00:00+00:00,2023-09-03 00:00:00+00:00,2023-09-04 00:00:00+00:00,637011399.369313,2023-09-04 00:00:00+00:00,28,False,False,False,False
pax,PAX,2023-09-03 00:00:00+00:00,2023-09-03 00:00:00+00:00,2023-09-04 00:00:00+00:00,486940575.88553417,2023-09-04 00:00:00+00:00,29,False,False,False,False
paxg,PAXG,2023-09-03 00:00:00+00:00,2023-09-03 00:00:00+00:00,2023-09-04 00:00:00+00:00,477680654.271621,2023-09-04 00:00:00+00:00,30,False,False,False,False
btc,BTC,2023-09-10 00:00:00+00:00,2023-09-10 00:00:00+00:00,2023-09-11 00:00:00+00:00,503242767131.77893,2023-09-11 00:00:00+00:00,1,True,True,True,True
eth,ETH,2023-09-10 00:00:00+00:00,2023-09-10 00:00:00+00:00,2023-09-11 00:00:00+00:00,194452705420.86594,2023-09-11 00:00:00+00:00,2,True,True,True,True
xrp,XRP,2023-09-10 00:00:00+00:00,2023-09-10 00:00:00+00:00,2023-09-11 00:00:00+00:00,49772614758.83116,2023-09-11 00:00:00+00:00,3,True,True,False,True
xlm,XLM,2023-09-10 00:00:00+00:00,2023-09-10 00:00:00+00:00,2023-09-11 00:00:00+00:00,14082375050.520319,2023-09-11 00:00:00+00:00,4,True,True,False,False
doge,DOGE,2023-09-10 00:00:00+00:00,2023-09-10 00:00:00+00:00,2023-09-11 00:00:00+00:00,8644358101.919329,2023-09-11 00:00:00+00:00,5,True,True,False,False
ada,ADA,2023-09-10 00:00:00+00:00,2023-09-10 00:00:00+00:00,2023-09-11 00:00:00+00:00,8562141543.686129,2023-09-11 00:00:00+00:00,6,True,True,False,True
link,LINK,2023-09-10 00:00:00+00:00,2023-09-10 00:00:00+00:00,2023-09-11 00:00:00+00:00,6016606230.25986,2023-09-11 00:00:00+00:00,7,False,True,True,True
xvg,XVG,2023-09-10 00:00:00+00:00,2023-09-10 00:00:00+00:00,2023-09-11 00:00:00+00:00,5907036326.66165,2023-09-11 00:00:00+00:00,8,False,True,False,False
cro,CRO,2023-09-10 00:00:00+00:00,2023-09-10 00:00:00+00:00,2023-09-11 00:00:00+00:00,5207564744.37685,2023-09-11 00:00:00+00:00,9,False,True,False,False
ltc,LTC,2023-09-10 00:00:00+00:00,2023-09-10 00:00:00+00:00,2023-09-11 00:00:00+00:00,4500020162.612936,2023-09-11 00:00:00+00:00,10,False,True,False,True
uni,UNI,2023-09-10 00:00:00+00:00,2023-09-10 00:00:00+00:00,2023-09-11 00:00:00+00:00,4219962830.93212,2023-09-11 00:00:00+00:00,11,False,False,False,False
bch,BCH,2023-09-10 00:00:00+00:00,2023-09-10 00:00:00+00:00,2023-09-11 00:00:00+00:00,3715155214.5513577,2023-09-11 00:00:00+00:00,12,False,False,False,False
xmr,XMR,2023-09-10 00:00:00+00:00,2023-09-10 00:00:00+00:00,2023-09-11 00:00:00+00:00,2552447177.319743,2023-09-11 00:00:00+00:00,13,False,False,False,False
qnt,QNT,2023-09-10 00:00:00+00:00,2023-09-10 00:00:00+00:00,2023-09-11 00:00:00+00:00,2392386697.1169477,2023-09-11 00:00:00+00:00,14,False,False,False,False
etc,ETC,2023-09-10 00:00:00+00:00,2023-09-10 00:00:00+00:00,2023-09-11 00:00:00+00:00,2159168027.3047085,2023-09-11 00:00:00+00:00,15,False,False,False,False
icp,ICP,2023-09-10 00:00:00+00:00,2023-09-10 00:00:00+00:00,2023-09-11 00:00:00+00:00,1563551254.8464773,2023-09-11 00:00:00+00:00,16,False,False,False,False
ldo,LDO,2023-09-10 00:00:00+00:00,2023-09-10 00:00:00+00:00,2023-09-11 00:00:00+00:00,1482961285.23683,2023-09-11 00:00:00+00:00,17,False,False,False,False
ht,HT,2023-09-10 00:00:00+00:00,2023-09-10 00:00:00+00:00,2023-09-11 00:00:00+00:00,1201783571.702395,2023-09-11 00:00:00+00:00,18,False,False,False,False
mkr,MKR,2023-09-10 00:00:00+00:00,2023-09-10 00:00:00+00:00,2023-09-11 00:00:00+00:00,1091328688.194849,2023-09-11 00:00:00+00:00,19,False,False,False,False
gno,GNO,2023-09-10 00:00:00+00:00,2023-09-10 00:00:00+00:00,2023-09-11 00:00:00+00:00,1001604078.14031,2023-09-11 00:00:00+00:00,20,False,False,False,False
algo,ALGO,2023-09-10 00:00:00+00:00,2023-09-10 00:00:00+00:00,2023-09-11 00:00:00+00:00,919866261.059266,2023-09-11 00:00:00+00:00,21,False,False,False,False
aave,AAVE,2023-09-10 00:00:00+00:00,2023-09-10 00:00:00+00:00,2023-09-11 00:00:00+00:00,864645903.1256368,2023-09-11 00:00:00+00:00,22,False,False,False,False
crv,CRV,2023-09-10 00:00:00+00:00,2023-09-10 00:00:00+00:00,2023-09-11 00:00:00+00:00,857524148.013647,2023-09-11 00:00:00+00:00,23,False,False,False,False
avaxc,AVAXC,2023-09-10 00:00:00+00:00,2023-09-10 00:00:00+00:00,2023-09-11 00:00:00+00:00,734450760.0544902,2023-09-11 00:00:00+00:00,24,False,False,False,False
neo,NEO,2023-09-10 00:00:00+00:00,2023-09-10 00:00:00+00:00,2023-09-11 00:00:00+00:00,711327467.162192,2023-09-11 00:00:00+00:00,25,False,False,False,False
lend,LEND,2023-09-10 00:00:00+00:00,2023-09-10 00:00:00+00:00,2023-09-11 00:00:00+00:00,702524764.7857568,2023-09-11 00:00:00+00:00,26,False,False,False,False
snx,SNX,2023-09-10 00:00:00+00:00,2023-09-10 00:00:00+00:00,2023-09-11 00:00:00+00:00,698560164.9387028,2023-09-11 00:00:00+00:00,27,False,False,False,False
mana,MANA,2023-09-10 00:00:00+00:00,2023-09-10 00:00:00+00:00,2023-09-11 00:00:00+00:00,618216389.671277,2023-09-11 00:00:00+00:00,28,False,False,False,False
pax,PAX,2023-09-10 00:00:00+00:00,2023-09-10 00:00:00+00:00,2023-09-11 00:00:00+00:00,517861893.126093,2023-09-11 00:00:00+00:00,29,False,False,False,False
xaut,XAUT,2023-09-10 00:00:00+00:00,2023-09-10 00:00:00+00:00,2023-09-11 00:00:00+00:00,473269053.3478358,2023-09-11 00:00:00+00:00,30,False,False,False,False
btc,BTC,2023-09-17 00:00:00+00:00,2023-09-17 00:00:00+00:00,2023-09-18 00:00:00+00:00,516496770733.7661,2023-09-18 00:00:00+00:00,1,True,True,True,True
eth,ETH,2023-09-17 00:00:00+00:00,2023-09-17 00:00:00+00:00,2023-09-18 00:00:00+00:00,194839363621.79993,2023-09-18 00:00:00+00:00,2,True,True,True,True
xrp,XRP,2023-09-17 00:00:00+00:00,2023-09-17 00:00:00+00:00,2023-09-18 00:00:00+00:00,49221454314.478165,2023-09-18 00:00:00+00:00,3,True,True,False,True
xlm,XLM,2023-09-17 00:00:00+00:00,2023-09-17 00:00:00+00:00,2023-09-18 00:00:00+00:00,12239096433.883783,2023-09-18 00:00:00+00:00,4,True,True,False,False
doge,DOGE,2023-09-17 00:00:00+00:00,2023-09-17 00:00:00+00:00,2023-09-18 00:00:00+00:00,8665707944.457405,2023-09-18 00:00:00+00:00,5,True,True,False,False
ada,ADA,2023-09-17 00:00:00+00:00,2023-09-17 00:00:00+00:00,2023-09-18 00:00:00+00:00,8489213731.364084,2023-09-18 00:00:00+00:00,6,True,True,False,True
link,LINK,2023-09-17 00:00:00+00:00,2023-09-17 00:00:00+00:00,2023-09-18 00:00:00+00:00,6134683178.77693,2023-09-18 00:00:00+00:00,7,False,True,True,True
xvg,XVG,2023-09-17 00:00:00+00:00,2023-09-17 00:00:00+00:00,2023-09-18 00:00:00+00:00,5471410715.504602,2023-09-18 00:00:00+00:00,8,False,True,False,False
cro,CRO,2023-09-17 00:00:00+00:00,2023-09-17 00:00:00+00:00,2023-09-18 00:00:00+00:00,5116089220.90996,2023-09-18 00:00:00+00:00,9,False,True,False,False
ltc,LTC,2023-09-17 00:00:00+00:00,2023-09-17 00:00:00+00:00,2023-09-18 00:00:00+00:00,4678703231.129227,2023-09-18 00:00:00+00:00,10,False,True,False,True
uni,UNI,2023-09-17 00:00:00+00:00,2023-09-17 00:00:00+00:00,2023-09-18 00:00:00+00:00,4274495113.58578,2023-09-18 00:00:00+00:00,11,False,False,False,False
bch,BCH,2023-09-17 00:00:00+00:00,2023-09-17 00:00:00+00:00,2023-09-18 00:00:00+00:00,4086083791.6588717,2023-09-18 00:00:00+00:00,12,False,False,False,False
xmr,XMR,2023-09-17 00:00:00+00:00,2023-09-17 00:00:00+00:00,2023-09-18 00:00:00+00:00,2597990759.893355,2023-09-18 00:00:00+00:00,13,False,False,False,False
qnt,QNT,2023-09-17 00:00:00+00:00,2023-09-17 00:00:00+00:00,2023-09-18 00:00:00+00:00,2221186873.0168557,2023-09-18 00:00:00+00:00,14,False,False,False,False
etc,ETC,2023-09-17 00:00:00+00:00,2023-09-17 00:00:00+00:00,2023-09-18 00:00:00+00:00,2202426627.7086267,2023-09-18 00:00:00+00:00,15,False,False,False,False
ldo,LDO,2023-09-17 00:00:00+00:00,2023-09-17 00:00:00+00:00,2023-09-18 00:00:00+00:00,1508448656.50249,2023-09-18 00:00:00+00:00,16,False,False,False,False
icp,ICP,2023-09-17 00:00:00+00:00,2023-09-17 00:00:00+00:00,2023-09-18 00:00:00+00:00,1479765249.3291547,2023-09-18 00:00:00+00:00,17,False,False,False,False
mkr,MKR,2023-09-17 00:00:00+00:00,2023-09-17 00:00:00+00:00,2023-09-18 00:00:00+00:00,1223295918.166179,2023-09-18 00:00:00+00:00,18,False,False,False,False
ht,HT,2023-09-17 00:00:00+00:00,2023-09-17 00:00:00+00:00,2023-09-18 00:00:00+00:00,1210919463.880565,2023-09-18 00:00:00+00:00,19,False,False,False,False
gno,GNO,2023-09-17 00:00:00+00:00,2023-09-17 00:00:00+00:00,2023-09-18 00:00:00+00:00,997060729.462602,2023-09-18 00:00:00+00:00,20,False,False,False,False
algo,ALGO,2023-09-17 00:00:00+00:00,2023-09-17 00:00:00+00:00,2023-09-18 00:00:00+00:00,948261057.028988,2023-09-18 00:00:00+00:00,21,False,False,False,False
aave,AAVE,2023-09-17 00:00:00+00:00,2023-09-17 00:00:00+00:00,2023-09-18 00:00:00+00:00,945928758.1286097,2023-09-18 00:00:00+00:00,22,False,False,False,False
crv,CRV,2023-09-17 00:00:00+00:00,2023-09-17 00:00:00+00:00,2023-09-18 00:00:00+00:00,868229619.1357757,2023-09-18 00:00:00+00:00,23,False,False,False,False
lend,LEND,2023-09-17 00:00:00+00:00,2023-09-17 00:00:00+00:00,2023-09-18 00:00:00+00:00,768567081.5140892,2023-09-18 00:00:00+00:00,24,False,False,False,False
neo,NEO,2023-09-17 00:00:00+00:00,2023-09-17 00:00:00+00:00,2023-09-18 00:00:00+00:00,714854150.620997,2023-09-18 00:00:00+00:00,25,False,False,False,False
avaxc,AVAXC,2023-09-17 00:00:00+00:00,2023-09-17 00:00:00+00:00,2023-09-18 00:00:00+00:00,696102807.2491478,2023-09-18 00:00:00+00:00,26,False,False,False,False
snx,SNX,2023-09-17 00:00:00+00:00,2023-09-17 00:00:00+00:00,2023-09-18 00:00:00+00:00,694923659.3202796,2023-09-18 00:00:00+00:00,27,False,False,False,False
mana,MANA,2023-09-17 00:00:00+00:00,2023-09-17 00:00:00+00:00,2023-09-18 00:00:00+00:00,632258385.5632867,2023-09-18 00:00:00+00:00,28,False,False,False,False
pax,PAX,2023-09-17 00:00:00+00:00,2023-09-17 00:00:00+00:00,2023-09-18 00:00:00+00:00,492639163.18068343,2023-09-18 00:00:00+00:00,29,False,False,False,False
xaut,XAUT,2023-09-17 00:00:00+00:00,2023-09-17 00:00:00+00:00,2023-09-18 00:00:00+00:00,474635290.22726184,2023-09-18 00:00:00+00:00,30,False,False,False,False
btc,BTC,2023-09-24 00:00:00+00:00,2023-09-24 00:00:00+00:00,2023-09-25 00:00:00+00:00,512457226998.516,2023-09-25 00:00:00+00:00,1,True,True,True,True
eth,ETH,2023-09-24 00:00:00+00:00,2023-09-24 00:00:00+00:00,2023-09-25 00:00:00+00:00,190119910487.4617,2023-09-25 00:00:00+00:00,2,True,True,True,True
xrp,XRP,2023-09-24 00:00:00+00:00,2023-09-24 00:00:00+00:00,2023-09-25 00:00:00+00:00,50238142467.56565,2023-09-25 00:00:00+00:00,3,True,True,False,True
xlm,XLM,2023-09-24 00:00:00+00:00,2023-09-24 00:00:00+00:00,2023-09-25 00:00:00+00:00,11843239504.13564,2023-09-25 00:00:00+00:00,4,True,True,False,False
doge,DOGE,2023-09-24 00:00:00+00:00,2023-09-24 00:00:00+00:00,2023-09-25 00:00:00+00:00,8574495329.413411,2023-09-25 00:00:00+00:00,5,True,True,False,False
ada,ADA,2023-09-24 00:00:00+00:00,2023-09-24 00:00:00+00:00,2023-09-25 00:00:00+00:00,8357475495.813598,2023-09-25 00:00:00+00:00,6,True,True,False,True
link,LINK,2023-09-24 00:00:00+00:00,2023-09-24 00:00:00+00:00,2023-09-25 00:00:00+00:00,6983769913.80028,2023-09-25 00:00:00+00:00,7,False,True,True,True
xvg,XVG,2023-09-24 00:00:00+00:00,2023-09-24 00:00:00+00:00,2023-09-25 00:00:00+00:00,5384393726.955531,2023-09-25 00:00:00+00:00,8,False,True,False,False
cro,CRO,2023-09-24 00:00:00+00:00,2023-09-24 00:00:00+00:00,2023-09-25 00:00:00+00:00,5056048646.4444,2023-09-25 00:00:00+00:00,9,False,True,False,False
ltc,LTC,2023-09-24 00:00:00+00:00,2023-09-24 00:00:00+00:00,2023-09-25 00:00:00+00:00,4688906850.018374,2023-09-25 00:00:00+00:00,10,False,True,False,True
uni,UNI,2023-09-24 00:00:00+00:00,2023-09-24 00:00:00+00:00,2023-09-25 00:00:00+00:00,4234066708.02708,2023-09-25 00:00:00+00:00,11,False,False,False,False
bch,BCH,2023-09-24 00:00:00+00:00,2023-09-24 00:00:00+00:00,2023-09-25 00:00:00+00:00,3997725399.4878507,2023-09-25 00:00:00+00:00,12,False,False,False,False
xmr,XMR,2023-09-24 00:00:00+00:00,2023-09-24 00:00:00+00:00,2023-09-25 00:00:00+00:00,2564708365.0798798,2023-09-25 00:00:00+00:00,13,False,False,False,False
etc,ETC,2023-09-24 00:00:00+00:00,2023-09-24 00:00:00+00:00,2023-09-25 00:00:00+00:00,2161509578.001925,2023-09-25 00:00:00+00:00,14,False,False,False,False
qnt,QNT,2023-09-24 00:00:00+00:00,2023-09-24 00:00:00+00:00,2023-09-25 00:00:00+00:00,2159242913.5598135,2023-09-25 00:00:00+00:00,15,False,False,False,False
icp,ICP,2023-09-24 00:00:00+00:00,2023-09-24 00:00:00+00:00,2023-09-25 00:00:00+00:00,1480155718.0613766,2023-09-25 00:00:00+00:00,16,False,False,False,False
ldo,LDO,2023-09-24 00:00:00+00:00,2023-09-24 00:00:00+00:00,2023-09-25 00:00:00+00:00,1462987944.56014,2023-09-25 00:00:00+00:00,17,False,False,False,False
mkr,MKR,2023-09-24 00:00:00+00:00,2023-09-24 00:00:00+00:00,2023-09-25 00:00:00+00:00,1243456622.7915955,2023-09-25 00:00:00+00:00,18,False,False,False,False
ht,HT,2023-09-24 00:00:00+00:00,2023-09-24 00:00:00+00:00,2023-09-25 00:00:00+00:00,1234421677.86622,2023-09-25 00:00:00+00:00,19,False,False,False,False
crv,CRV,2023-09-24 00:00:00+00:00,2023-09-24 00:00:00+00:00,2023-09-25 00:00:00+00:00,1037308838.0023049,2023-09-25 00:00:00+00:00,20,False,False,False,False
algo,ALGO,2023-09-24 00:00:00+00:00,2023-09-24 00:00:00+00:00,2023-09-25 00:00:00+00:00,1012037001.33199,2023-09-25 00:00:00+00:00,21,False,False,False,False
aave,AAVE,2023-09-24 00:00:00+00:00,2023-09-24 00:00:00+00:00,2023-09-25 00:00:00+00:00,989173521.095216,2023-09-25 00:00:00+00:00,22,False,False,False,False
gno,GNO,2023-09-24 00:00:00+00:00,2023-09-24 00:00:00+00:00,2023-09-25 00:00:00+00:00,982237909.216053,2023-09-25 00:00:00+00:00,23,False,False,False,False
lend,LEND,2023-09-24 00:00:00+00:00,2023-09-24 00:00:00+00:00,2023-09-25 00:00:00+00:00,803703449.8488115,2023-09-25 00:00:00+00:00,24,False,False,False,False
neo,NEO,2023-09-24 00:00:00+00:00,2023-09-24 00:00:00+00:00,2023-09-25 00:00:00+00:00,725866295.828224,2023-09-25 00:00:00+00:00,25,False,False,False,False
avaxc,AVAXC,2023-09-24 00:00:00+00:00,2023-09-24 00:00:00+00:00,2023-09-25 00:00:00+00:00,673304105.7374511,2023-09-25 00:00:00+00:00,26,False,False,False,False
mana,MANA,2023-09-24 00:00:00+00:00,2023-09-24 00:00:00+00:00,2023-09-25 00:00:00+00:00,643990254.9259483,2023-09-25 00:00:00+00:00,27,False,False,False,False
snx,SNX,2023-09-24 00:00:00+00:00,2023-09-24 00:00:00+00:00,2023-09-25 00:00:00+00:00,638189316.1510829,2023-09-25 00:00:00+00:00,28,False,False,False,False
pax,PAX,2023-09-24 00:00:00+00:00,2023-09-24 00:00:00+00:00,2023-09-25 00:00:00+00:00,485333854.2277074,2023-09-25 00:00:00+00:00,29,False,False,False,False
xaut,XAUT,2023-09-24 00:00:00+00:00,2023-09-24 00:00:00+00:00,2023-09-25 00:00:00+00:00,474627521.66105515,2023-09-25 00:00:00+00:00,30,False,False,False,False
btc,BTC,2023-10-01 00:00:00+00:00,2023-10-01 00:00:00+00:00,2023-10-02 00:00:00+00:00,545063625648.50116,2023-10-02 00:00:00+00:00,1,True,True,True,True
eth,ETH,2023-10-01 00:00:00+00:00,2023-10-01 00:00:00+00:00,2023-10-02 00:00:00+00:00,208205738286.41818,2023-10-02 00:00:00+00:00,2,True,True,True,True
xrp,XRP,2023-10-01 00:00:00+00:00,2023-10-01 00:00:00+00:00,2023-10-02 00:00:00+00:00,52410296601.189316,2023-10-02 00:00:00+00:00,3,True,True,False,True
xlm,XLM,2023-10-01 00:00:00+00:00,2023-10-01 00:00:00+00:00,2023-10-02 00:00:00+00:00,12048815914.98299,2023-10-02 00:00:00+00:00,4,True,True,False,False
ada,ADA,2023-10-01 00:00:00+00:00,2023-10-01 00:00:00+00:00,2023-10-02 00:00:00+00:00,9158070788.521994,2023-10-02 00:00:00+00:00,5,True,True,False,True
doge,DOGE,2023-10-01 00:00:00+00:00,2023-10-01 00:00:00+00:00,2023-10-02 00:00:00+00:00,8926499269.65349,2023-10-02 00:00:00+00:00,6,True,True,False,False
link,LINK,2023-10-01 00:00:00+00:00,2023-10-01 00:00:00+00:00,2023-10-02 00:00:00+00:00,8061104096.14762,2023-10-02 00:00:00+00:00,7,False,True,True,True
xvg,XVG,2023-10-01 00:00:00+00:00,2023-10-01 00:00:00+00:00,2023-10-02 00:00:00+00:00,6393739837.954157,2023-10-02 00:00:00+00:00,8,False,True,False,False
cro,CRO,2023-10-01 00:00:00+00:00,2023-10-01 00:00:00+00:00,2023-10-02 00:00:00+00:00,5183208397.60308,2023-10-02 00:00:00+00:00,9,False,True,False,False
ltc,LTC,2023-10-01 00:00:00+00:00,2023-10-01 00:00:00+00:00,2023-10-02 00:00:00+00:00,5030447362.40492,2023-10-02 00:00:00+00:00,10,False,True,False,True
bch,BCH,2023-10-01 00:00:00+00:00,2023-10-01 00:00:00+00:00,2023-10-02 00:00:00+00:00,4726762427.556598,2023-10-02 00:00:00+00:00,11,False,False,False,False
uni,UNI,2023-10-01 00:00:00+00:00,2023-10-01 00:00:00+00:00,2023-10-02 00:00:00+00:00,4655485997.38005,2023-10-02 00:00:00+00:00,12,False,False,False,False
xmr,XMR,2023-10-01 00:00:00+00:00,2023-10-01 00:00:00+00:00,2023-10-02 00:00:00+00:00,2659031251.473792,2023-10-02 00:00:00+00:00,13,False,False,False,False
etc,ETC,2023-10-01 00:00:00+00:00,2023-10-01 00:00:00+00:00,2023-10-02 00:00:00+00:00,2391859899.1886916,2023-10-02 00:00:00+00:00,14,False,False,False,False
qnt,QNT,2023-10-01 00:00:00+00:00,2023-10-01 00:00:00+00:00,2023-10-02 00:00:00+00:00,2248349251.9403114,2023-10-02 00:00:00+00:00,15,False,False,False,False
ldo,LDO,2023-10-01 00:00:00+00:00,2023-10-01 00:00:00+00:00,2023-10-02 00:00:00+00:00,1690316290.44713,2023-10-02 00:00:00+00:00,16,False,False,False,False
icp,ICP,2023-10-01 00:00:00+00:00,2023-10-01 00:00:00+00:00,2023-10-02 00:00:00+00:00,1678217780.9970763,2023-10-02 00:00:00+00:00,17,False,False,False,False
mkr,MKR,2023-10-01 00:00:00+00:00,2023-10-01 00:00:00+00:00,2023-10-02 00:00:00+00:00,1455281691.0711558,2023-10-02 00:00:00+00:00,18,False,False,False,False
ht,HT,2023-10-01 00:00:00+00:00,2023-10-01 00:00:00+00:00,2023-10-02 00:00:00+00:00,1200607008.147225,2023-10-02 00:00:00+00:00,19,False,False,False,False
aave,AAVE,2023-10-01 00:00:00+00:00,2023-10-01 00:00:00+00:00,2023-10-02 00:00:00+00:00,1153663069.134448,2023-10-02 00:00:00+00:00,20,False,False,False,False
crv,CRV,2023-10-01 00:00:00+00:00,2023-10-01 00:00:00+00:00,2023-10-02 00:00:00+00:00,1086823826.119601,2023-10-02 00:00:00+00:00,21,False,False,False,False
algo,ALGO,2023-10-01 00:00:00+00:00,2023-10-01 00:00:00+00:00,2023-10-02 00:00:00+00:00,1062395071.8061,2023-10-02 00:00:00+00:00,22,False,False,False,False
gno,GNO,2023-10-01 00:00:00+00:00,2023-10-01 00:00:00+00:00,2023-10-02 00:00:00+00:00,1049984340.47128,2023-10-02 00:00:00+00:00,23,False,False,False,False
lend,LEND,2023-10-01 00:00:00+00:00,2023-10-01 00:00:00+00:00,2023-10-02 00:00:00+00:00,937351201.6374254,2023-10-02 00:00:00+00:00,24,False,False,False,False
neo,NEO,2023-10-01 00:00:00+00:00,2023-10-01 00:00:00+00:00,2023-10-02 00:00:00+00:00,759788083.262507,2023-10-02 00:00:00+00:00,25,False,False,False,False
avaxc,AVAXC,2023-10-01 00:00:00+00:00,2023-10-01 00:00:00+00:00,2023-10-02 00:00:00+00:00,748792632.8287121,2023-10-02 00:00:00+00:00,26,False,False,False,False
snx,SNX,2023-10-01 00:00:00+00:00,2023-10-01 00:00:00+00:00,2023-10-02 00:00:00+00:00,710820078.253947,2023-10-02 00:00:00+00:00,27,False,False,False,False
mana,MANA,2023-10-01 00:00:00+00:00,2023-10-01 00:00:00+00:00,2023-10-02 00:00:00+00:00,710032109.8218054,2023-10-02 00:00:00+00:00,28,False,False,False,False
pax,PAX,2023-10-01 00:00:00+00:00,2023-10-01 00:00:00+00:00,2023-10-02 00:00:00+00:00,485965736.0609533,2023-10-02 00:00:00+00:00,29,False,False,False,False
comp,COMP,2023-10-01 00:00:00+00:00,2023-10-01 00:00:00+00:00,2023-10-02 00:00:00+00:00,480038244.952604,2023-10-02 00:00:00+00:00,30,False,False,False,False
btc,BTC,2023-10-08 00:00:00+00:00,2023-10-08 00:00:00+00:00,2023-10-09 00:00:00+00:00,544981306054.7192,2023-10-09 00:00:00+00:00,1,True,True,True,True
eth,ETH,2023-10-08 00:00:00+00:00,2023-10-08 00:00:00+00:00,2023-10-09 00:00:00+00:00,196369560847.40662,2023-10-09 00:00:00+00:00,2,True,True,True,True
xrp,XRP,2023-10-08 00:00:00+00:00,2023-10-08 00:00:00+00:00,2023-10-09 00:00:00+00:00,51766670387.15605,2023-10-09 00:00:00+00:00,3,True,True,False,True
xlm,XLM,2023-10-08 00:00:00+00:00,2023-10-08 00:00:00+00:00,2023-10-09 00:00:00+00:00,11671661407.743273,2023-10-09 00:00:00+00:00,4,True,True,False,False
ada,ADA,2023-10-08 00:00:00+00:00,2023-10-08 00:00:00+00:00,2023-10-09 00:00:00+00:00,8842744373.106361,2023-10-09 00:00:00+00:00,5,True,True,False,True
doge,DOGE,2023-10-08 00:00:00+00:00,2023-10-08 00:00:00+00:00,2023-10-09 00:00:00+00:00,8617475291.757887,2023-10-09 00:00:00+00:00,6,True,True,False,False
link,LINK,2023-10-08 00:00:00+00:00,2023-10-08 00:00:00+00:00,2023-10-09 00:00:00+00:00,7685536864.99075,2023-10-09 00:00:00+00:00,7,False,True,True,True
xvg,XVG,2023-10-08 00:00:00+00:00,2023-10-08 00:00:00+00:00,2023-10-09 00:00:00+00:00,5547190037.192978,2023-10-09 00:00:00+00:00,8,False,True,False,False
cro,CRO,2023-10-08 00:00:00+00:00,2023-10-08 00:00:00+00:00,2023-10-09 00:00:00+00:00,5036264501.51154,2023-10-09 00:00:00+00:00,9,False,True,False,False
ltc,LTC,2023-10-08 00:00:00+00:00,2023-10-08 00:00:00+00:00,2023-10-09 00:00:00+00:00,4816465954.993527,2023-10-09 00:00:00+00:00,10,False,True,False,True
bch,BCH,2023-10-08 00:00:00+00:00,2023-10-08 00:00:00+00:00,2023-10-09 00:00:00+00:00,4452506024.906764,2023-10-09 00:00:00+00:00,11,False,False,False,False
uni,UNI,2023-10-08 00:00:00+00:00,2023-10-08 00:00:00+00:00,2023-10-09 00:00:00+00:00,4341884620.63523,2023-10-09 00:00:00+00:00,12,False,False,False,False
xmr,XMR,2023-10-08 00:00:00+00:00,2023-10-08 00:00:00+00:00,2023-10-09 00:00:00+00:00,2786164844.915793,2023-10-09 00:00:00+00:00,13,False,False,False,False
etc,ETC,2023-10-08 00:00:00+00:00,2023-10-08 00:00:00+00:00,2023-10-09 00:00:00+00:00,2224800981.2163486,2023-10-09 00:00:00+00:00,14,False,False,False,False
qnt,QNT,2023-10-08 00:00:00+00:00,2023-10-08 00:00:00+00:00,2023-10-09 00:00:00+00:00,2157197511.3362627,2023-10-09 00:00:00+00:00,15,False,False,False,False
ldo,LDO,2023-10-08 00:00:00+00:00,2023-10-08 00:00:00+00:00,2023-10-09 00:00:00+00:00,1594630338.73729,2023-10-09 00:00:00+00:00,16,False,False,False,False
icp,ICP,2023-10-08 00:00:00+00:00,2023-10-08 00:00:00+00:00,2023-10-09 00:00:00+00:00,1567457277.8019528,2023-10-09 00:00:00+00:00,17,False,False,False,False
mkr,MKR,2023-10-08 00:00:00+00:00,2023-10-08 00:00:00+00:00,2023-10-09 00:00:00+00:00,1373127596.5970213,2023-10-09 00:00:00+00:00,18,False,False,False,False
ht,HT,2023-10-08 00:00:00+00:00,2023-10-08 00:00:00+00:00,2023-10-09 00:00:00+00:00,1170696280.61874,2023-10-09 00:00:00+00:00,19,False,False,False,False
aave,AAVE,2023-10-08 00:00:00+00:00,2023-10-08 00:00:00+00:00,2023-10-09 00:00:00+00:00,1056251368.5079744,2023-10-09 00:00:00+00:00,20,False,False,False,False
algo,ALGO,2023-10-08 00:00:00+00:00,2023-10-08 00:00:00+00:00,2023-10-09 00:00:00+00:00,1012760220.03201,2023-10-09 00:00:00+00:00,21,False,False,False,False
gno,GNO,2023-10-08 00:00:00+00:00,2023-10-08 00:00:00+00:00,2023-10-09 00:00:00+00:00,966334339.311214,2023-10-09 00:00:00+00:00,22,False,False,False,False
crv,CRV,2023-10-08 00:00:00+00:00,2023-10-08 00:00:00+00:00,2023-10-09 00:00:00+00:00,956560521.1856049,2023-10-09 00:00:00+00:00,23,False,False,False,False
lend,LEND,2023-10-08 00:00:00+00:00,2023-10-08 00:00:00+00:00,2023-10-09 00:00:00+00:00,858204198.4276614,2023-10-09 00:00:00+00:00,24,False,False,False,False
avaxc,AVAXC,2023-10-08 00:00:00+00:00,2023-10-08 00:00:00+00:00,2023-10-09 00:00:00+00:00,781401794.3847468,2023-10-09 00:00:00+00:00,25,False,False,False,False
neo,NEO,2023-10-08 00:00:00+00:00,2023-10-08 00:00:00+00:00,2023-10-09 00:00:00+00:00,716397636.730545,2023-10-09 00:00:00+00:00,26,False,False,False,False
snx,SNX,2023-10-08 00:00:00+00:00,2023-10-08 00:00:00+00:00,2023-10-09 00:00:00+00:00,662780490.911909,2023-10-09 00:00:00+00:00,27,False,False,False,False
mana,MANA,2023-10-08 00:00:00+00:00,2023-10-08 00:00:00+00:00,2023-10-09 00:00:00+00:00,651453007.6708449,2023-10-09 00:00:00+00:00,28,False,False,False,False
pax,PAX,2023-10-08 00:00:00+00:00,2023-10-08 00:00:00+00:00,2023-10-09 00:00:00+00:00,484604759.80473137,2023-10-09 00:00:00+00:00,29,False,False,False,False
paxg,PAXG,2023-10-08 00:00:00+00:00,2023-10-08 00:00:00+00:00,2023-10-09 00:00:00+00:00,463787864.89182633,2023-10-09 00:00:00+00:00,30,False,False,False,False
btc,BTC,2023-10-15 00:00:00+00:00,2023-10-15 00:00:00+00:00,2023-10-16 00:00:00+00:00,529442998597.06866,2023-10-16 00:00:00+00:00,1,True,True,True,True
eth,ETH,2023-10-15 00:00:00+00:00,2023-10-15 00:00:00+00:00,2023-10-16 00:00:00+00:00,187163539843.90665,2023-10-16 00:00:00+00:00,2,True,True,True,True
xrp,XRP,2023-10-15 00:00:00+00:00,2023-10-15 00:00:00+00:00,2023-10-16 00:00:00+00:00,48761931482.374245,2023-10-16 00:00:00+00:00,3,True,True,False,True
xlm,XLM,2023-10-15 00:00:00+00:00,2023-10-15 00:00:00+00:00,2023-10-16 00:00:00+00:00,11193936963.926605,2023-10-16 00:00:00+00:00,4,True,True,False,False
ada,ADA,2023-10-15 00:00:00+00:00,2023-10-15 00:00:00+00:00,2023-10-16 00:00:00+00:00,8519231748.540891,2023-10-16 00:00:00+00:00,5,True,True,False,True
doge,DOGE,2023-10-15 00:00:00+00:00,2023-10-15 00:00:00+00:00,2023-10-16 00:00:00+00:00,8389571219.121486,2023-10-16 00:00:00+00:00,6,True,True,False,False
link,LINK,2023-10-15 00:00:00+00:00,2023-10-15 00:00:00+00:00,2023-10-16 00:00:00+00:00,7420345882.99855,2023-10-16 00:00:00+00:00,7,False,True,True,True
xvg,XVG,2023-10-15 00:00:00+00:00,2023-10-15 00:00:00+00:00,2023-10-16 00:00:00+00:00,5600720668.350522,2023-10-16 00:00:00+00:00,8,False,True,False,False
cro,CRO,2023-10-15 00:00:00+00:00,2023-10-15 00:00:00+00:00,2023-10-16 00:00:00+00:00,5219637531.7684,2023-10-16 00:00:00+00:00,9,False,True,False,False
ltc,LTC,2023-10-15 00:00:00+00:00,2023-10-15 00:00:00+00:00,2023-10-16 00:00:00+00:00,4542988585.566463,2023-10-16 00:00:00+00:00,10,False,True,False,True
bch,BCH,2023-10-15 00:00:00+00:00,2023-10-15 00:00:00+00:00,2023-10-16 00:00:00+00:00,4201597727.479262,2023-10-16 00:00:00+00:00,11,False,False,False,False
uni,UNI,2023-10-15 00:00:00+00:00,2023-10-15 00:00:00+00:00,2023-10-16 00:00:00+00:00,4101132949.59227,2023-10-16 00:00:00+00:00,12,False,False,False,False
xmr,XMR,2023-10-15 00:00:00+00:00,2023-10-15 00:00:00+00:00,2023-10-16 00:00:00+00:00,2722159854.6899815,2023-10-16 00:00:00+00:00,13,False,False,False,False
etc,ETC,2023-10-15 00:00:00+00:00,2023-10-15 00:00:00+00:00,2023-10-16 00:00:00+00:00,2145596832.1619375,2023-10-16 00:00:00+00:00,14,False,False,False,False
qnt,QNT,2023-10-15 00:00:00+00:00,2023-10-15 00:00:00+00:00,2023-10-16 00:00:00+00:00,2083849536.8947635,2023-10-16 00:00:00+00:00,15,False,False,False,False
ldo,LDO,2023-10-15 00:00:00+00:00,2023-10-15 00:00:00+00:00,2023-10-16 00:00:00+00:00,1605658762.32586,2023-10-16 00:00:00+00:00,16,False,False,False,False
icp,ICP,2023-10-15 00:00:00+00:00,2023-10-15 00:00:00+00:00,2023-10-16 00:00:00+00:00,1598097670.2454555,2023-10-16 00:00:00+00:00,17,False,False,False,False
mkr,MKR,2023-10-15 00:00:00+00:00,2023-10-15 00:00:00+00:00,2023-10-16 00:00:00+00:00,1400210397.8779824,2023-10-16 00:00:00+00:00,18,False,False,False,False
ht,HT,2023-10-15 00:00:00+00:00,2023-10-15 00:00:00+00:00,2023-10-16 00:00:00+00:00,1164720602.06388,2023-10-16 00:00:00+00:00,19,False,False,False,False
aave,AAVE,2023-10-15 00:00:00+00:00,2023-10-15 00:00:00+00:00,2023-10-16 00:00:00+00:00,1023242354.3689792,2023-10-16 00:00:00+00:00,20,False,False,False,False
algo,ALGO,2023-10-15 00:00:00+00:00,2023-10-15 00:00:00+00:00,2023-10-16 00:00:00+00:00,944263734.771917,2023-10-16 00:00:00+00:00,21,False,False,False,False
gno,GNO,2023-10-15 00:00:00+00:00,2023-10-15 00:00:00+00:00,2023-10-16 00:00:00+00:00,931783285.557462,2023-10-16 00:00:00+00:00,22,False,False,False,False
crv,CRV,2023-10-15 00:00:00+00:00,2023-10-15 00:00:00+00:00,2023-10-16 00:00:00+00:00,891506486.8443148,2023-10-16 00:00:00+00:00,23,False,False,False,False
lend,LEND,2023-10-15 00:00:00+00:00,2023-10-15 00:00:00+00:00,2023-10-16 00:00:00+00:00,831384375.6424284,2023-10-16 00:00:00+00:00,24,False,False,False,False
avaxc,AVAXC,2023-10-15 00:00:00+00:00,2023-10-15 00:00:00+00:00,2023-10-16 00:00:00+00:00,696525004.8030188,2023-10-16 00:00:00+00:00,25,False,False,False,False
neo,NEO,2023-10-15 00:00:00+00:00,2023-10-15 00:00:00+00:00,2023-10-16 00:00:00+00:00,688622959.519489,2023-10-16 00:00:00+00:00,26,False,False,False,False
mana,MANA,2023-10-15 00:00:00+00:00,2023-10-15 00:00:00+00:00,2023-10-16 00:00:00+00:00,626262546.8002645,2023-10-16 00:00:00+00:00,27,False,False,False,False
snx,SNX,2023-10-15 00:00:00+00:00,2023-10-15 00:00:00+00:00,2023-10-16 00:00:00+00:00,613597362.0673938,2023-10-16 00:00:00+00:00,28,False,False,False,False
pax,PAX,2023-10-15 00:00:00+00:00,2023-10-15 00:00:00+00:00,2023-10-16 00:00:00+00:00,483146570.95877934,2023-10-16 00:00:00+00:00,29,False,False,False,False
paxg,PAXG,2023-10-15 00:00:00+00:00,2023-10-15 00:00:00+00:00,2023-10-16 00:00:00+00:00,477217352.63012207,2023-10-16 00:00:00+00:00,30,False,False,False,False
btc,BTC,2023-10-22 00:00:00+00:00,2023-10-22 00:00:00+00:00,2023-10-23 00:00:00+00:00,585327499000.0365,2023-10-23 00:00:00+00:00,1,True,True,True,True
eth,ETH,2023-10-22 00:00:00+00:00,2023-10-22 00:00:00+00:00,2023-10-23 00:00:00+00:00,200014370740.0251,2023-10-23 00:00:00+00:00,2,True,True,True,True
xrp,XRP,2023-10-22 00:00:00+00:00,2023-10-22 00:00:00+00:00,2023-10-23 00:00:00+00:00,52261014640.77459,2023-10-23 00:00:00+00:00,3,True,True,False,True
xlm,XLM,2023-10-22 00:00:00+00:00,2023-10-22 00:00:00+00:00,2023-10-23 00:00:00+00:00,11676290444.90352,2023-10-23 00:00:00+00:00,4,True,True,False,False
link,LINK,2023-10-22 00:00:00+00:00,2023-10-22 00:00:00+00:00,2023-10-23 00:00:00+00:00,10106449902.9489,2023-10-23 00:00:00+00:00,5,True,True,True,True
ada,ADA,2023-10-22 00:00:00+00:00,2023-10-22 00:00:00+00:00,2023-10-23 00:00:00+00:00,9114143091.576458,2023-10-23 00:00:00+00:00,6,True,True,False,True
doge,DOGE,2023-10-22 00:00:00+00:00,2023-10-22 00:00:00+00:00,2023-10-23 00:00:00+00:00,8720690596.168581,2023-10-23 00:00:00+00:00,7,False,True,False,False
xvg,XVG,2023-10-22 00:00:00+00:00,2023-10-22 00:00:00+00:00,2023-10-23 00:00:00+00:00,5730107669.722395,2023-10-23 00:00:00+00:00,8,False,True,False,False
cro,CRO,2023-10-22 00:00:00+00:00,2023-10-22 00:00:00+00:00,2023-10-23 00:00:00+00:00,5384164562.17995,2023-10-23 00:00:00+00:00,9,False,True,False,False
ltc,LTC,2023-10-22 00:00:00+00:00,2023-10-22 00:00:00+00:00,2023-10-23 00:00:00+00:00,4807288106.41095,2023-10-23 00:00:00+00:00,10,False,True,False,True
bch,BCH,2023-10-22 00:00:00+00:00,2023-10-22 00:00:00+00:00,2023-10-23 00:00:00+00:00,4753907592.920954,2023-10-23 00:00:00+00:00,11,False,False,False,False
uni,UNI,2023-10-22 00:00:00+00:00,2023-10-22 00:00:00+00:00,2023-10-23 00:00:00+00:00,4197606669.94023,2023-10-23 00:00:00+00:00,12,False,False,False,False
xmr,XMR,2023-10-22 00:00:00+00:00,2023-10-22 00:00:00+00:00,2023-10-23 00:00:00+00:00,2836868558.958687,2023-10-23 00:00:00+00:00,13,False,False,False,False
qnt,QNT,2023-10-22 00:00:00+00:00,2023-10-22 00:00:00+00:00,2023-10-23 00:00:00+00:00,2306309013.185527,2023-10-23 00:00:00+00:00,14,False,False,False,False
etc,ETC,2023-10-22 00:00:00+00:00,2023-10-22 00:00:00+00:00,2023-10-23 00:00:00+00:00,2274684538.7007627,2023-10-23 00:00:00+00:00,15,False,False,False,False
ldo,LDO,2023-10-22 00:00:00+00:00,2023-10-22 00:00:00+00:00,2023-10-23 00:00:00+00:00,1714294090.17982,2023-10-23 00:00:00+00:00,16,False,False,False,False
icp,ICP,2023-10-22 00:00:00+00:00,2023-10-22 00:00:00+00:00,2023-10-23 00:00:00+00:00,1641418842.4004848,2023-10-23 00:00:00+00:00,17,False,False,False,False
mkr,MKR,2023-10-22 00:00:00+00:00,2023-10-22 00:00:00+00:00,2023-10-23 00:00:00+00:00,1415497535.9618044,2023-10-23 00:00:00+00:00,18,False,False,False,False
aave,AAVE,2023-10-22 00:00:00+00:00,2023-10-22 00:00:00+00:00,2023-10-23 00:00:00+00:00,1269763488.6353216,2023-10-23 00:00:00+00:00,19,False,False,False,False
ht,HT,2023-10-22 00:00:00+00:00,2023-10-22 00:00:00+00:00,2023-10-23 00:00:00+00:00,1148548302.021555,2023-10-23 00:00:00+00:00,20,False,False,False,False
lend,LEND,2023-10-22 00:00:00+00:00,2023-10-22 00:00:00+00:00,2023-10-23 00:00:00+00:00,1031682788.251706,2023-10-23 00:00:00+00:00,21,False,False,False,False
gno,GNO,2023-10-22 00:00:00+00:00,2023-10-22 00:00:00+00:00,2023-10-23 00:00:00+00:00,1009632659.80872,2023-10-23 00:00:00+00:00,22,False,False,False,False
algo,ALGO,2023-10-22 00:00:00+00:00,2023-10-22 00:00:00+00:00,2023-10-23 00:00:00+00:00,942377965.271564,2023-10-23 00:00:00+00:00,23,False,False,False,False
crv,CRV,2023-10-22 00:00:00+00:00,2023-10-22 00:00:00+00:00,2023-10-23 00:00:00+00:00,916154209.9168389,2023-10-23 00:00:00+00:00,24,False,False,False,False
avaxc,AVAXC,2023-10-22 00:00:00+00:00,2023-10-22 00:00:00+00:00,2023-10-23 00:00:00+00:00,754036942.8586375,2023-10-23 00:00:00+00:00,25,False,False,False,False
neo,NEO,2023-10-22 00:00:00+00:00,2023-10-22 00:00:00+00:00,2023-10-23 00:00:00+00:00,718565619.45609,2023-10-23 00:00:00+00:00,26,False,False,False,False
snx,SNX,2023-10-22 00:00:00+00:00,2023-10-22 00:00:00+00:00,2023-10-23 00:00:00+00:00,696533662.009938,2023-10-23 00:00:00+00:00,27,False,False,False,False
mana,MANA,2023-10-22 00:00:00+00:00,2023-10-22 00:00:00+00:00,2023-10-23 00:00:00+00:00,668231809.9478452,2023-10-23 00:00:00+00:00,28,False,False,False,False
paxg,PAXG,2023-10-22 00:00:00+00:00,2023-10-22 00:00:00+00:00,2023-10-23 00:00:00+00:00,489497179.119297,2023-10-23 00:00:00+00:00,29,False,False,False,False
xaut,XAUT,2023-10-22 00:00:00+00:00,2023-10-22 00:00:00+00:00,2023-10-23 00:00:00+00:00,487135939.4703438,2023-10-23 00:00:00+00:00,30,False,False,False,False
btc,BTC,2023-10-29 00:00:00+00:00,2023-10-29 00:00:00+00:00,2023-10-30 00:00:00+00:00,675155541179.4106,2023-10-30 00:00:00+00:00,1,True,True,True,True
eth,ETH,2023-10-29 00:00:00+00:00,2023-10-29 00:00:00+00:00,2023-10-30 00:00:00+00:00,216215228566.2287,2023-10-30 00:00:00+00:00,2,True,True,True,True
xrp,XRP,2023-10-29 00:00:00+00:00,2023-10-29 00:00:00+00:00,2023-10-30 00:00:00+00:00,55653207672.89275,2023-10-30 00:00:00+00:00,3,True,True,False,True
xlm,XLM,2023-10-29 00:00:00+00:00,2023-10-29 00:00:00+00:00,2023-10-30 00:00:00+00:00,12229458003.699406,2023-10-30 00:00:00+00:00,4,True,True,False,False
link,LINK,2023-10-29 00:00:00+00:00,2023-10-29 00:00:00+00:00,2023-10-30 00:00:00+00:00,11124579231.2989,2023-10-30 00:00:00+00:00,5,True,True,True,True
ada,ADA,2023-10-29 00:00:00+00:00,2023-10-29 00:00:00+00:00,2023-10-30 00:00:00+00:00,10218026689.446142,2023-10-30 00:00:00+00:00,6,True,True,False,True
doge,DOGE,2023-10-29 00:00:00+00:00,2023-10-29 00:00:00+00:00,2023-10-30 00:00:00+00:00,9833152634.845512,2023-10-30 00:00:00+00:00,7,False,True,False,False
xvg,XVG,2023-10-29 00:00:00+00:00,2023-10-29 00:00:00+00:00,2023-10-30 00:00:00+00:00,6544353293.676501,2023-10-30 00:00:00+00:00,8,False,True,False,False
cro,CRO,2023-10-29 00:00:00+00:00,2023-10-29 00:00:00+00:00,2023-10-30 00:00:00+00:00,6012039477.28601,2023-10-30 00:00:00+00:00,9,False,True,False,False
ltc,LTC,2023-10-29 00:00:00+00:00,2023-10-29 00:00:00+00:00,2023-10-30 00:00:00+00:00,5081834629.184425,2023-10-30 00:00:00+00:00,10,False,True,False,True
bch,BCH,2023-10-29 00:00:00+00:00,2023-10-29 00:00:00+00:00,2023-10-30 00:00:00+00:00,4819693495.294291,2023-10-30 00:00:00+00:00,11,False,False,False,False
uni,UNI,2023-10-29 00:00:00+00:00,2023-10-29 00:00:00+00:00,2023-10-30 00:00:00+00:00,4163476633.80126,2023-10-30 00:00:00+00:00,12,False,False,False,False
xmr,XMR,2023-10-29 00:00:00+00:00,2023-10-29 00:00:00+00:00,2023-10-30 00:00:00+00:00,3095895309.2735233,2023-10-30 00:00:00+00:00,13,False,False,False,False
qnt,QNT,2023-10-29 00:00:00+00:00,2023-10-29 00:00:00+00:00,2023-10-30 00:00:00+00:00,2571397320.321425,2023-10-30 00:00:00+00:00,14,False,False,False,False
etc,ETC,2023-10-29 00:00:00+00:00,2023-10-29 00:00:00+00:00,2023-10-30 00:00:00+00:00,2395072182.416783,2023-10-30 00:00:00+00:00,15,False,False,False,False
icp,ICP,2023-10-29 00:00:00+00:00,2023-10-29 00:00:00+00:00,2023-10-30 00:00:00+00:00,2053563215.4738457,2023-10-30 00:00:00+00:00,16,False,False,False,False
ldo,LDO,2023-10-29 00:00:00+00:00,2023-10-29 00:00:00+00:00,2023-10-30 00:00:00+00:00,1829600596.99835,2023-10-30 00:00:00+00:00,17,False,False,False,False
mkr,MKR,2023-10-29 00:00:00+00:00,2023-10-29 00:00:00+00:00,2023-10-30 00:00:00+00:00,1396000708.7161443,2023-10-30 00:00:00+00:00,18,False,False,False,False
aave,AAVE,2023-10-29 00:00:00+00:00,2023-10-29 00:00:00+00:00,2023-10-30 00:00:00+00:00,1355153928.9411216,2023-10-30 00:00:00+00:00,19,False,False,False,False
ht,HT,2023-10-29 00:00:00+00:00,2023-10-29 00:00:00+00:00,2023-10-30 00:00:00+00:00,1194342278.83737,2023-10-30 00:00:00+00:00,20,False,False,False,False
lend,LEND,2023-10-29 00:00:00+00:00,2023-10-29 00:00:00+00:00,2023-10-30 00:00:00+00:00,1101062517.8889234,2023-10-30 00:00:00+00:00,21,False,False,False,False
algo,ALGO,2023-10-29 00:00:00+00:00,2023-10-29 00:00:00+00:00,2023-10-30 00:00:00+00:00,1064042315.8603,2023-10-30 00:00:00+00:00,22,False,False,False,False
gno,GNO,2023-10-29 00:00:00+00:00,2023-10-29 00:00:00+00:00,2023-10-30 00:00:00+00:00,1031644966.57524,2023-10-30 00:00:00+00:00,23,False,False,False,False
crv,CRV,2023-10-29 00:00:00+00:00,2023-10-29 00:00:00+00:00,2023-10-30 00:00:00+00:00,1002296439.3412776,2023-10-30 00:00:00+00:00,24,False,False,False,False
neo,NEO,2023-10-29 00:00:00+00:00,2023-10-29 00:00:00+00:00,2023-10-30 00:00:00+00:00,913598396.468992,2023-10-30 00:00:00+00:00,25,False,False,False,False
avaxc,AVAXC,2023-10-29 00:00:00+00:00,2023-10-29 00:00:00+00:00,2023-10-30 00:00:00+00:00,852186835.5489024,2023-10-30 00:00:00+00:00,26,False,False,False,False
mana,MANA,2023-10-29 00:00:00+00:00,2023-10-29 00:00:00+00:00,2023-10-30 00:00:00+00:00,833125499.387695,2023-10-30 00:00:00+00:00,27,False,False,False,False
snx,SNX,2023-10-29 00:00:00+00:00,2023-10-29 00:00:00+00:00,2023-10-30 00:00:00+00:00,765841212.1704916,2023-10-30 00:00:00+00:00,28,False,False,False,False
xaut,XAUT,2023-10-29 00:00:00+00:00,2023-10-29 00:00:00+00:00,2023-10-30 00:00:00+00:00,494188964.740928,2023-10-30 00:00:00+00:00,29,False,False,False,False
paxg,PAXG,2023-10-29 00:00:00+00:00,2023-10-29 00:00:00+00:00,2023-10-30 00:00:00+00:00,487971312.73979723,2023-10-30 00:00:00+00:00,30,False,False,False,False
btc,BTC,2023-11-05 00:00:00+00:00,2023-11-05 00:00:00+00:00,2023-11-06 00:00:00+00:00,685753933111.1659,2023-11-06 00:00:00+00:00,1,True,True,True,True
eth,ETH,2023-11-05 00:00:00+00:00,2023-11-05 00:00:00+00:00,2023-11-06 00:00:00+00:00,228101025215.8672,2023-11-06 00:00:00+00:00,2,True,True,True,True
xrp,XRP,2023-11-05 00:00:00+00:00,2023-11-05 00:00:00+00:00,2023-11-06 00:00:00+00:00,65786774403.43803,2023-11-06 00:00:00+00:00,3,True,True,False,True
xlm,XLM,2023-11-05 00:00:00+00:00,2023-11-05 00:00:00+00:00,2023-11-06 00:00:00+00:00,13248815167.027376,2023-11-06 00:00:00+00:00,4,True,True,False,False
link,LINK,2023-11-05 00:00:00+00:00,2023-11-05 00:00:00+00:00,2023-11-06 00:00:00+00:00,12222664168.0594,2023-11-06 00:00:00+00:00,5,True,True,True,True
ada,ADA,2023-11-05 00:00:00+00:00,2023-11-05 00:00:00+00:00,2023-11-06 00:00:00+00:00,11880955728.218428,2023-11-06 00:00:00+00:00,6,True,True,False,True
doge,DOGE,2023-11-05 00:00:00+00:00,2023-11-05 00:00:00+00:00,2023-11-06 00:00:00+00:00,10094627690.884577,2023-11-06 00:00:00+00:00,7,False,True,False,False
cro,CRO,2023-11-05 00:00:00+00:00,2023-11-05 00:00:00+00:00,2023-11-06 00:00:00+00:00,7023276650.58368,2023-11-06 00:00:00+00:00,8,False,True,False,False
xvg,XVG,2023-11-05 00:00:00+00:00,2023-11-05 00:00:00+00:00,2023-11-06 00:00:00+00:00,6494775681.502957,2023-11-06 00:00:00+00:00,9,False,True,False,False
ltc,LTC,2023-11-05 00:00:00+00:00,2023-11-05 00:00:00+00:00,2023-11-06 00:00:00+00:00,5291862246.733032,2023-11-06 00:00:00+00:00,10,False,True,False,True
uni,UNI,2023-11-05 00:00:00+00:00,2023-11-05 00:00:00+00:00,2023-11-06 00:00:00+00:00,4790783513.96237,2023-11-06 00:00:00+00:00,11,False,False,False,False
bch,BCH,2023-11-05 00:00:00+00:00,2023-11-05 00:00:00+00:00,2023-11-06 00:00:00+00:00,4665089020.798819,2023-11-06 00:00:00+00:00,12,False,False,False,False
xmr,XMR,2023-11-05 00:00:00+00:00,2023-11-05 00:00:00+00:00,2023-11-06 00:00:00+00:00,3031015765.5475464,2023-11-06 00:00:00+00:00,13,False,False,False,False
etc,ETC,2023-11-05 00:00:00+00:00,2023-11-05 00:00:00+00:00,2023-11-06 00:00:00+00:00,2597565872.510106,2023-11-06 00:00:00+00:00,14,False,False,False,False
qnt,QNT,2023-11-05 00:00:00+00:00,2023-11-05 00:00:00+00:00,2023-11-06 00:00:00+00:00,2465551546.1063204,2023-11-06 00:00:00+00:00,15,False,False,False,False
icp,ICP,2023-11-05 00:00:00+00:00,2023-11-05 00:00:00+00:00,2023-11-06 00:00:00+00:00,2069720517.5457652,2023-11-06 00:00:00+00:00,16,False,False,False,False
ldo,LDO,2023-11-05 00:00:00+00:00,2023-11-05 00:00:00+00:00,2023-11-06 00:00:00+00:00,2030555922.54531,2023-11-06 00:00:00+00:00,17,False,False,False,False
aave,AAVE,2023-11-05 00:00:00+00:00,2023-11-05 00:00:00+00:00,2023-11-06 00:00:00+00:00,1427730609.9200273,2023-11-06 00:00:00+00:00,18,False,False,False,False
neo,NEO,2023-11-05 00:00:00+00:00,2023-11-05 00:00:00+00:00,2023-11-06 00:00:00+00:00,1327188910.43597,2023-11-06 00:00:00+00:00,19,False,False,False,False
mkr,MKR,2023-11-05 00:00:00+00:00,2023-11-05 00:00:00+00:00,2023-11-06 00:00:00+00:00,1300419011.1081152,2023-11-06 00:00:00+00:00,20,False,False,False,False
algo,ALGO,2023-11-05 00:00:00+00:00,2023-11-05 00:00:00+00:00,2023-11-06 00:00:00+00:00,1215639313.75413,2023-11-06 00:00:00+00:00,21,False,False,False,False
ht,HT,2023-11-05 00:00:00+00:00,2023-11-05 00:00:00+00:00,2023-11-06 00:00:00+00:00,1190715490.50223,2023-11-06 00:00:00+00:00,22,False,False,False,False
lend,LEND,2023-11-05 00:00:00+00:00,2023-11-05 00:00:00+00:00,2023-11-06 00:00:00+00:00,1160031068.539915,2023-11-06 00:00:00+00:00,23,False,False,False,False
crv,CRV,2023-11-05 00:00:00+00:00,2023-11-05 00:00:00+00:00,2023-11-06 00:00:00+00:00,1154208800.5928087,2023-11-06 00:00:00+00:00,24,False,False,False,False
gno,GNO,2023-11-05 00:00:00+00:00,2023-11-05 00:00:00+00:00,2023-11-06 00:00:00+00:00,1102702790.39226,2023-11-06 00:00:00+00:00,25,False,False,False,False
avaxc,AVAXC,2023-11-05 00:00:00+00:00,2023-11-05 00:00:00+00:00,2023-11-06 00:00:00+00:00,928803592.2974486,2023-11-06 00:00:00+00:00,26,False,False,False,False
mana,MANA,2023-11-05 00:00:00+00:00,2023-11-05 00:00:00+00:00,2023-11-06 00:00:00+00:00,886901540.3724732,2023-11-06 00:00:00+00:00,27,False,False,False,False
snx,SNX,2023-11-05 00:00:00+00:00,2023-11-05 00:00:00+00:00,2023-11-06 00:00:00+00:00,818563411.0531596,2023-11-06 00:00:00+00:00,28,False,False,False,False
comp,COMP,2023-11-05 00:00:00+00:00,2023-11-05 00:00:00+00:00,2023-11-06 00:00:00+00:00,499623529.456819,2023-11-06 00:00:00+00:00,29,False,False,False,False
1inch,1INCH,2023-11-05 00:00:00+00:00,2023-11-05 00:00:00+00:00,2023-11-06 00:00:00+00:00,496850169.246669,2023-11-06 00:00:00+00:00,30,False,False,False,False
btc,BTC,2023-11-12 00:00:00+00:00,2023-11-12 00:00:00+00:00,2023-11-13 00:00:00+00:00,724050510722.7842,2023-11-13 00:00:00+00:00,1,True,True,True,True
eth,ETH,2023-11-12 00:00:00+00:00,2023-11-12 00:00:00+00:00,2023-11-13 00:00:00+00:00,245931430048.25092,2023-11-13 00:00:00+00:00,2,True,True,True,True
xrp,XRP,2023-11-12 00:00:00+00:00,2023-11-12 00:00:00+00:00,2023-11-13 00:00:00+00:00,66099775423.71653,2023-11-13 00:00:00+00:00,3,True,True,False,True
link,LINK,2023-11-12 00:00:00+00:00,2023-11-12 00:00:00+00:00,2023-11-13 00:00:00+00:00,15978444779.3116,2023-11-13 00:00:00+00:00,4,True,True,True,True
ada,ADA,2023-11-12 00:00:00+00:00,2023-11-12 00:00:00+00:00,2023-11-13 00:00:00+00:00,13244368678.377108,2023-11-13 00:00:00+00:00,5,True,True,False,True
xlm,XLM,2023-11-12 00:00:00+00:00,2023-11-12 00:00:00+00:00,2023-11-13 00:00:00+00:00,13091610227.359253,2023-11-13 00:00:00+00:00,6,True,True,False,False
doge,DOGE,2023-11-12 00:00:00+00:00,2023-11-12 00:00:00+00:00,2023-11-13 00:00:00+00:00,11046209792.674652,2023-11-13 00:00:00+00:00,7,False,True,False,False
cro,CRO,2023-11-12 00:00:00+00:00,2023-11-12 00:00:00+00:00,2023-11-13 00:00:00+00:00,9918679456.39466,2023-11-13 00:00:00+00:00,8,False,True,False,False
xvg,XVG,2023-11-12 00:00:00+00:00,2023-11-12 00:00:00+00:00,2023-11-13 00:00:00+00:00,6869894009.036528,2023-11-13 00:00:00+00:00,9,False,True,False,False
ltc,LTC,2023-11-12 00:00:00+00:00,2023-11-12 00:00:00+00:00,2023-11-13 00:00:00+00:00,5527090004.683093,2023-11-13 00:00:00+00:00,10,False,True,False,True
uni,UNI,2023-11-12 00:00:00+00:00,2023-11-12 00:00:00+00:00,2023-11-13 00:00:00+00:00,5407663909.6659,2023-11-13 00:00:00+00:00,11,False,False,False,False
bch,BCH,2023-11-12 00:00:00+00:00,2023-11-12 00:00:00+00:00,2023-11-13 00:00:00+00:00,4623333114.658003,2023-11-13 00:00:00+00:00,12,False,False,False,False
xmr,XMR,2023-11-12 00:00:00+00:00,2023-11-12 00:00:00+00:00,2023-11-13 00:00:00+00:00,3058596873.624535,2023-11-13 00:00:00+00:00,13,False,False,False,False
etc,ETC,2023-11-12 00:00:00+00:00,2023-11-12 00:00:00+00:00,2023-11-13 00:00:00+00:00,2887413515.2782974,2023-11-13 00:00:00+00:00,14,False,False,False,False
qnt,QNT,2023-11-12 00:00:00+00:00,2023-11-12 00:00:00+00:00,2023-11-13 00:00:00+00:00,2542285173.7058363,2023-11-13 00:00:00+00:00,15,False,False,False,False
icp,ICP,2023-11-12 00:00:00+00:00,2023-11-12 00:00:00+00:00,2023-11-13 00:00:00+00:00,2365882115.800367,2023-11-13 00:00:00+00:00,16,False,False,False,False
ldo,LDO,2023-11-12 00:00:00+00:00,2023-11-12 00:00:00+00:00,2023-11-13 00:00:00+00:00,2265303886.44666,2023-11-13 00:00:00+00:00,17,False,False,False,False
aave,AAVE,2023-11-12 00:00:00+00:00,2023-11-12 00:00:00+00:00,2023-11-13 00:00:00+00:00,1573482245.5460527,2023-11-13 00:00:00+00:00,18,False,False,False,False
gno,GNO,2023-11-12 00:00:00+00:00,2023-11-12 00:00:00+00:00,2023-11-13 00:00:00+00:00,1543556300.76528,2023-11-13 00:00:00+00:00,19,False,False,False,False
ht,HT,2023-11-12 00:00:00+00:00,2023-11-12 00:00:00+00:00,2023-11-13 00:00:00+00:00,1539876243.46406,2023-11-13 00:00:00+00:00,20,False,False,False,False
algo,ALGO,2023-11-12 00:00:00+00:00,2023-11-12 00:00:00+00:00,2023-11-13 00:00:00+00:00,1453151101.16729,2023-11-13 00:00:00+00:00,21,False,False,False,False
avaxc,AVAXC,2023-11-12 00:00:00+00:00,2023-11-12 00:00:00+00:00,2023-11-13 00:00:00+00:00,1426868614.451376,2023-11-13 00:00:00+00:00,22,False,False,False,False
crv,CRV,2023-11-12 00:00:00+00:00,2023-11-12 00:00:00+00:00,2023-11-13 00:00:00+00:00,1285517272.4638755,2023-11-13 00:00:00+00:00,23,False,False,False,False
lend,LEND,2023-11-12 00:00:00+00:00,2023-11-12 00:00:00+00:00,2023-11-13 00:00:00+00:00,1278454267.1755242,2023-11-13 00:00:00+00:00,24,False,False,False,False
mkr,MKR,2023-11-12 00:00:00+00:00,2023-11-12 00:00:00+00:00,2023-11-13 00:00:00+00:00,1256608215.8730276,2023-11-13 00:00:00+00:00,25,False,False,False,False
neo,NEO,2023-11-12 00:00:00+00:00,2023-11-12 00:00:00+00:00,2023-11-13 00:00:00+00:00,1250699265.55528,2023-11-13 00:00:00+00:00,26,False,False,False,False
ftt,FTT,2023-11-12 00:00:00+00:00,2023-11-12 00:00:00+00:00,2023-11-13 00:00:00+00:00,1121106670.7191103,2023-11-13 00:00:00+00:00,27,False,False,False,False
mana,MANA,2023-11-12 00:00:00+00:00,2023-11-12 00:00:00+00:00,2023-11-13 00:00:00+00:00,1020467137.4558811,2023-11-13 00:00:00+00:00,28,False,False,False,False
snx,SNX,2023-11-12 00:00:00+00:00,2023-11-12 00:00:00+00:00,2023-11-13 00:00:00+00:00,944783214.2010863,2023-11-13 00:00:00+00:00,29,False,False,False,False
1inch,1INCH,2023-11-12 00:00:00+00:00,2023-11-12 00:00:00+00:00,2023-11-13 00:00:00+00:00,570595026.2543415,2023-11-13 00:00:00+00:00,30,False,False,False,False
btc,BTC,2023-11-19 00:00:00+00:00,2023-11-19 00:00:00+00:00,2023-11-20 00:00:00+00:00,731899071791.294,2023-11-20 00:00:00+00:00,1,True,True,True,True
eth,ETH,2023-11-19 00:00:00+00:00,2023-11-19 00:00:00+00:00,2023-11-20 00:00:00+00:00,241687427766.12207,2023-11-20 00:00:00+00:00,2,True,True,True,True
xrp,XRP,2023-11-19 00:00:00+00:00,2023-11-19 00:00:00+00:00,2023-11-20 00:00:00+00:00,62747773113.36255,2023-11-20 00:00:00+00:00,3,True,True,False,True
link,LINK,2023-11-19 00:00:00+00:00,2023-11-19 00:00:00+00:00,2023-11-20 00:00:00+00:00,14933677998.1639,2023-11-20 00:00:00+00:00,4,True,True,True,True
ada,ADA,2023-11-19 00:00:00+00:00,2023-11-19 00:00:00+00:00,2023-11-20 00:00:00+00:00,13300337895.863367,2023-11-20 00:00:00+00:00,5,True,True,False,True
xlm,XLM,2023-11-19 00:00:00+00:00,2023-11-19 00:00:00+00:00,2023-11-20 00:00:00+00:00,12769222622.447706,2023-11-20 00:00:00+00:00,6,True,True,False,False
doge,DOGE,2023-11-19 00:00:00+00:00,2023-11-19 00:00:00+00:00,2023-11-20 00:00:00+00:00,11409641237.06388,2023-11-20 00:00:00+00:00,7,False,True,False,False
cro,CRO,2023-11-19 00:00:00+00:00,2023-11-19 00:00:00+00:00,2023-11-20 00:00:00+00:00,9812060689.16288,2023-11-20 00:00:00+00:00,8,False,True,False,False
xvg,XVG,2023-11-19 00:00:00+00:00,2023-11-19 00:00:00+00:00,2023-11-20 00:00:00+00:00,5916144729.51648,2023-11-20 00:00:00+00:00,9,False,True,False,False
uni,UNI,2023-11-19 00:00:00+00:00,2023-11-19 00:00:00+00:00,2023-11-20 00:00:00+00:00,5233494788.05047,2023-11-20 00:00:00+00:00,10,False,True,False,False
ltc,LTC,2023-11-19 00:00:00+00:00,2023-11-19 00:00:00+00:00,2023-11-20 00:00:00+00:00,5217309426.135376,2023-11-20 00:00:00+00:00,11,False,False,False,True
bch,BCH,2023-11-19 00:00:00+00:00,2023-11-19 00:00:00+00:00,2023-11-20 00:00:00+00:00,4508390784.457376,2023-11-20 00:00:00+00:00,12,False,False,False,False
xmr,XMR,2023-11-19 00:00:00+00:00,2023-11-19 00:00:00+00:00,2023-11-20 00:00:00+00:00,2931657911.355999,2023-11-20 00:00:00+00:00,13,False,False,False,False
etc,ETC,2023-11-19 00:00:00+00:00,2023-11-19 00:00:00+00:00,2023-11-20 00:00:00+00:00,2826058651.9448323,2023-11-20 00:00:00+00:00,14,False,False,False,False
qnt,QNT,2023-11-19 00:00:00+00:00,2023-11-19 00:00:00+00:00,2023-11-20 00:00:00+00:00,2475634319.066286,2023-11-20 00:00:00+00:00,15,False,False,False,False
ldo,LDO,2023-11-19 00:00:00+00:00,2023-11-19 00:00:00+00:00,2023-11-20 00:00:00+00:00,2359716473.1354,2023-11-20 00:00:00+00:00,16,False,False,False,False
icp,ICP,2023-11-19 00:00:00+00:00,2023-11-19 00:00:00+00:00,2023-11-20 00:00:00+00:00,2348474377.844978,2023-11-20 00:00:00+00:00,17,False,False,False,False
gno,GNO,2023-11-19 00:00:00+00:00,2023-11-19 00:00:00+00:00,2023-11-20 00:00:00+00:00,1803933748.39517,2023-11-20 00:00:00+00:00,18,False,False,False,False
avaxc,AVAXC,2023-11-19 00:00:00+00:00,2023-11-19 00:00:00+00:00,2023-11-20 00:00:00+00:00,1718372059.9675791,2023-11-20 00:00:00+00:00,19,False,False,False,False
ht,HT,2023-11-19 00:00:00+00:00,2023-11-19 00:00:00+00:00,2023-11-20 00:00:00+00:00,1473550251.923715,2023-11-20 00:00:00+00:00,20,False,False,False,False
aave,AAVE,2023-11-19 00:00:00+00:00,2023-11-19 00:00:00+00:00,2023-11-20 00:00:00+00:00,1463463790.3875072,2023-11-20 00:00:00+00:00,21,False,False,False,False
algo,ALGO,2023-11-19 00:00:00+00:00,2023-11-19 00:00:00+00:00,2023-11-20 00:00:00+00:00,1416051687.14928,2023-11-20 00:00:00+00:00,22,False,False,False,False
mkr,MKR,2023-11-19 00:00:00+00:00,2023-11-19 00:00:00+00:00,2023-11-20 00:00:00+00:00,1355478163.306851,2023-11-20 00:00:00+00:00,23,False,False,False,False
lend,LEND,2023-11-19 00:00:00+00:00,2023-11-19 00:00:00+00:00,2023-11-20 00:00:00+00:00,1189064276.3677855,2023-11-20 00:00:00+00:00,24,False,False,False,False
crv,CRV,2023-11-19 00:00:00+00:00,2023-11-19 00:00:00+00:00,2023-11-20 00:00:00+00:00,1173820038.6987538,2023-11-20 00:00:00+00:00,25,False,False,False,False
neo,NEO,2023-11-19 00:00:00+00:00,2023-11-19 00:00:00+00:00,2023-11-20 00:00:00+00:00,1133037209.86378,2023-11-20 00:00:00+00:00,26,False,False,False,False
ftt,FTT,2023-11-19 00:00:00+00:00,2023-11-19 00:00:00+00:00,2023-11-20 00:00:00+00:00,1131279310.722642,2023-11-20 00:00:00+00:00,27,False,False,False,False
snx,SNX,2023-11-19 00:00:00+00:00,2023-11-19 00:00:00+00:00,2023-11-20 00:00:00+00:00,1129443439.0464709,2023-11-20 00:00:00+00:00,28,False,False,False,False
mana,MANA,2023-11-19 00:00:00+00:00,2023-11-19 00:00:00+00:00,2023-11-20 00:00:00+00:00,944283880.177198,2023-11-20 00:00:00+00:00,29,False,False,False,False
avaxx,AVAXX,2023-11-19 00:00:00+00:00,2023-11-19 00:00:00+00:00,2023-11-20 00:00:00+00:00,651369713.7554799,2023-11-20 00:00:00+00:00,30,False,False,False,False
btc,BTC,2023-11-26 00:00:00+00:00,2023-11-26 00:00:00+00:00,2023-11-27 00:00:00+00:00,732933517212.2942,2023-11-27 00:00:00+00:00,1,True,True,True,True
eth,ETH,2023-11-26 00:00:00+00:00,2023-11-26 00:00:00+00:00,2023-11-27 00:00:00+00:00,248356345002.92224,2023-11-27 00:00:00+00:00,2,True,True,True,True
xrp,XRP,2023-11-26 00:00:00+00:00,2023-11-26 00:00:00+00:00,2023-11-27 00:00:00+00:00,61686657770.28508,2023-11-27 00:00:00+00:00,3,True,True,False,True
link,LINK,2023-11-26 00:00:00+00:00,2023-11-26 00:00:00+00:00,2023-11-27 00:00:00+00:00,14785693676.2505,2023-11-27 00:00:00+00:00,4,True,True,True,True
ada,ADA,2023-11-26 00:00:00+00:00,2023-11-26 00:00:00+00:00,2023-11-27 00:00:00+00:00,13431980672.695251,2023-11-27 00:00:00+00:00,5,True,True,False,True
xlm,XLM,2023-11-26 00:00:00+00:00,2023-11-26 00:00:00+00:00,2023-11-27 00:00:00+00:00,12650612075.727636,2023-11-27 00:00:00+00:00,6,True,True,False,False
doge,DOGE,2023-11-26 00:00:00+00:00,2023-11-26 00:00:00+00:00,2023-11-27 00:00:00+00:00,11139011186.701635,2023-11-27 00:00:00+00:00,7,False,True,False,False
cro,CRO,2023-11-26 00:00:00+00:00,2023-11-26 00:00:00+00:00,2023-11-27 00:00:00+00:00,9499301483.51922,2023-11-27 00:00:00+00:00,8,False,True,False,False
uni,UNI,2023-11-26 00:00:00+00:00,2023-11-26 00:00:00+00:00,2023-11-27 00:00:00+00:00,6157336926.94746,2023-11-27 00:00:00+00:00,9,False,True,False,False
xvg,XVG,2023-11-26 00:00:00+00:00,2023-11-26 00:00:00+00:00,2023-11-27 00:00:00+00:00,5949067730.656622,2023-11-27 00:00:00+00:00,10,False,True,False,False
ltc,LTC,2023-11-26 00:00:00+00:00,2023-11-26 00:00:00+00:00,2023-11-27 00:00:00+00:00,5180750970.6613655,2023-11-27 00:00:00+00:00,11,False,False,False,True
bch,BCH,2023-11-26 00:00:00+00:00,2023-11-26 00:00:00+00:00,2023-11-27 00:00:00+00:00,4437405271.345481,2023-11-27 00:00:00+00:00,12,False,False,False,False
xmr,XMR,2023-11-26 00:00:00+00:00,2023-11-26 00:00:00+00:00,2023-11-27 00:00:00+00:00,3031402006.9019675,2023-11-27 00:00:00+00:00,13,False,False,False,False
etc,ETC,2023-11-26 00:00:00+00:00,2023-11-26 00:00:00+00:00,2023-11-27 00:00:00+00:00,2759704766.145893,2023-11-27 00:00:00+00:00,14,False,False,False,False
ldo,LDO,2023-11-26 00:00:00+00:00,2023-11-26 00:00:00+00:00,2023-11-27 00:00:00+00:00,2506990549.07061,2023-11-27 00:00:00+00:00,15,False,False,False,False
qnt,QNT,2023-11-26 00:00:00+00:00,2023-11-26 00:00:00+00:00,2023-11-27 00:00:00+00:00,2462853090.9587507,2023-11-27 00:00:00+00:00,16,False,False,False,False
icp,ICP,2023-11-26 00:00:00+00:00,2023-11-26 00:00:00+00:00,2023-11-27 00:00:00+00:00,2380973058.6098228,2023-11-27 00:00:00+00:00,17,False,False,False,False
gno,GNO,2023-11-26 00:00:00+00:00,2023-11-26 00:00:00+00:00,2023-11-27 00:00:00+00:00,1990416276.15194,2023-11-27 00:00:00+00:00,18,False,False,False,False
avaxc,AVAXC,2023-11-26 00:00:00+00:00,2023-11-26 00:00:00+00:00,2023-11-27 00:00:00+00:00,1641479466.1843634,2023-11-27 00:00:00+00:00,19,False,False,False,False
aave,AAVE,2023-11-26 00:00:00+00:00,2023-11-26 00:00:00+00:00,2023-11-27 00:00:00+00:00,1568391295.6964111,2023-11-27 00:00:00+00:00,20,False,False,False,False
mkr,MKR,2023-11-26 00:00:00+00:00,2023-11-26 00:00:00+00:00,2023-11-27 00:00:00+00:00,1456910562.7753918,2023-11-27 00:00:00+00:00,21,False,False,False,False
ht,HT,2023-11-26 00:00:00+00:00,2023-11-26 00:00:00+00:00,2023-11-27 00:00:00+00:00,1456174189.677155,2023-11-27 00:00:00+00:00,22,False,False,False,False
algo,ALGO,2023-11-26 00:00:00+00:00,2023-11-26 00:00:00+00:00,2023-11-27 00:00:00+00:00,1362080799.13824,2023-11-27 00:00:00+00:00,23,False,False,False,False
ftt,FTT,2023-11-26 00:00:00+00:00,2023-11-26 00:00:00+00:00,2023-11-27 00:00:00+00:00,1321148064.489517,2023-11-27 00:00:00+00:00,24,False,False,False,False
lend,LEND,2023-11-26 00:00:00+00:00,2023-11-26 00:00:00+00:00,2023-11-27 00:00:00+00:00,1274317870.6081817,2023-11-27 00:00:00+00:00,25,False,False,False,False
crv,CRV,2023-11-26 00:00:00+00:00,2023-11-26 00:00:00+00:00,2023-11-27 00:00:00+00:00,1188058599.8695114,2023-11-27 00:00:00+00:00,26,False,False,False,False
snx,SNX,2023-11-26 00:00:00+00:00,2023-11-26 00:00:00+00:00,2023-11-27 00:00:00+00:00,1137133587.2253144,2023-11-27 00:00:00+00:00,27,False,False,False,False
neo,NEO,2023-11-26 00:00:00+00:00,2023-11-26 00:00:00+00:00,2023-11-27 00:00:00+00:00,1090383661.70056,2023-11-27 00:00:00+00:00,28,False,False,False,False
mana,MANA,2023-11-26 00:00:00+00:00,2023-11-26 00:00:00+00:00,2023-11-27 00:00:00+00:00,988147231.0222678,2023-11-27 00:00:00+00:00,29,False,False,False,False
avaxx,AVAXX,2023-11-26 00:00:00+00:00,2023-11-26 00:00:00+00:00,2023-11-27 00:00:00+00:00,599902415.9278066,2023-11-27 00:00:00+00:00,30,False,False,False,False
btc,BTC,2023-12-03 00:00:00+00:00,2023-12-03 00:00:00+00:00,2023-12-04 00:00:00+00:00,781982500933.8689,2023-12-04 00:00:00+00:00,1,True,True,True,True
eth,ETH,2023-12-03 00:00:00+00:00,2023-12-03 00:00:00+00:00,2023-12-04 00:00:00+00:00,263743672937.4531,2023-12-04 00:00:00+00:00,2,True,True,True,True
xrp,XRP,2023-12-03 00:00:00+00:00,2023-12-03 00:00:00+00:00,2023-12-04 00:00:00+00:00,62386359692.099335,2023-12-04 00:00:00+00:00,3,True,True,False,True
link,LINK,2023-12-03 00:00:00+00:00,2023-12-03 00:00:00+00:00,2023-12-04 00:00:00+00:00,15766034053.1689,2023-12-04 00:00:00+00:00,4,True,True,True,True
ada,ADA,2023-12-03 00:00:00+00:00,2023-12-03 00:00:00+00:00,2023-12-04 00:00:00+00:00,13681602832.286985,2023-12-04 00:00:00+00:00,5,True,True,False,True
xlm,XLM,2023-12-03 00:00:00+00:00,2023-12-03 00:00:00+00:00,2023-12-04 00:00:00+00:00,12859753453.70684,2023-12-04 00:00:00+00:00,6,True,True,False,False
doge,DOGE,2023-12-03 00:00:00+00:00,2023-12-03 00:00:00+00:00,2023-12-04 00:00:00+00:00,12173621388.62405,2023-12-04 00:00:00+00:00,7,False,True,False,False
cro,CRO,2023-12-03 00:00:00+00:00,2023-12-03 00:00:00+00:00,2023-12-04 00:00:00+00:00,9237290679.70633,2023-12-04 00:00:00+00:00,8,False,True,False,False
uni,UNI,2023-12-03 00:00:00+00:00,2023-12-03 00:00:00+00:00,2023-12-04 00:00:00+00:00,6058682721.09188,2023-12-04 00:00:00+00:00,9,False,True,False,False
xvg,XVG,2023-12-03 00:00:00+00:00,2023-12-03 00:00:00+00:00,2023-12-04 00:00:00+00:00,5854757641.406988,2023-12-04 00:00:00+00:00,10,False,True,False,False
ltc,LTC,2023-12-03 00:00:00+00:00,2023-12-03 00:00:00+00:00,2023-12-04 00:00:00+00:00,5340086784.442799,2023-12-04 00:00:00+00:00,11,False,False,False,True
bch,BCH,2023-12-03 00:00:00+00:00,2023-12-03 00:00:00+00:00,2023-12-04 00:00:00+00:00,4501959028.908854,2023-12-04 00:00:00+00:00,12,False,False,False,False
xmr,XMR,2023-12-03 00:00:00+00:00,2023-12-03 00:00:00+00:00,2023-12-04 00:00:00+00:00,3078349998.9612746,2023-12-04 00:00:00+00:00,13,False,False,False,False
etc,ETC,2023-12-03 00:00:00+00:00,2023-12-03 00:00:00+00:00,2023-12-04 00:00:00+00:00,2859049045.634874,2023-12-04 00:00:00+00:00,14,False,False,False,False
qnt,QNT,2023-12-03 00:00:00+00:00,2023-12-03 00:00:00+00:00,2023-12-04 00:00:00+00:00,2456364591.8366823,2023-12-04 00:00:00+00:00,15,False,False,False,False
ldo,LDO,2023-12-03 00:00:00+00:00,2023-12-03 00:00:00+00:00,2023-12-04 00:00:00+00:00,2432745884.26015,2023-12-04 00:00:00+00:00,16,False,False,False,False
icp,ICP,2023-12-03 00:00:00+00:00,2023-12-03 00:00:00+00:00,2023-12-04 00:00:00+00:00,2405838622.052442,2023-12-04 00:00:00+00:00,17,False,False,False,False
gno,GNO,2023-12-03 00:00:00+00:00,2023-12-03 00:00:00+00:00,2023-12-04 00:00:00+00:00,1940034253.98034,2023-12-04 00:00:00+00:00,18,False,False,False,False
avaxc,AVAXC,2023-12-03 00:00:00+00:00,2023-12-03 00:00:00+00:00,2023-12-04 00:00:00+00:00,1712847016.8415596,2023-12-04 00:00:00+00:00,19,False,False,False,False
ftt,FTT,2023-12-03 00:00:00+00:00,2023-12-03 00:00:00+00:00,2023-12-04 00:00:00+00:00,1658344752.0279615,2023-12-04 00:00:00+00:00,20,False,False,False,False
aave,AAVE,2023-12-03 00:00:00+00:00,2023-12-03 00:00:00+00:00,2023-12-04 00:00:00+00:00,1646516935.605744,2023-12-04 00:00:00+00:00,21,False,False,False,False
algo,ALGO,2023-12-03 00:00:00+00:00,2023-12-03 00:00:00+00:00,2023-12-04 00:00:00+00:00,1508695742.40199,2023-12-04 00:00:00+00:00,22,False,False,False,False
mkr,MKR,2023-12-03 00:00:00+00:00,2023-12-03 00:00:00+00:00,2023-12-04 00:00:00+00:00,1480637956.0986722,2023-12-04 00:00:00+00:00,23,False,False,False,False
ht,HT,2023-12-03 00:00:00+00:00,2023-12-03 00:00:00+00:00,2023-12-04 00:00:00+00:00,1399517331.13591,2023-12-04 00:00:00+00:00,24,False,False,False,False
lend,LEND,2023-12-03 00:00:00+00:00,2023-12-03 00:00:00+00:00,2023-12-04 00:00:00+00:00,1337794950.1879663,2023-12-04 00:00:00+00:00,25,False,False,False,False
snx,SNX,2023-12-03 00:00:00+00:00,2023-12-03 00:00:00+00:00,2023-12-04 00:00:00+00:00,1264202166.3047469,2023-12-04 00:00:00+00:00,26,False,False,False,False
crv,CRV,2023-12-03 00:00:00+00:00,2023-12-03 00:00:00+00:00,2023-12-04 00:00:00+00:00,1226385763.5896645,2023-12-04 00:00:00+00:00,27,False,False,False,False
neo,NEO,2023-12-03 00:00:00+00:00,2023-12-03 00:00:00+00:00,2023-12-04 00:00:00+00:00,1204824915.54972,2023-12-04 00:00:00+00:00,28,False,False,False,False
mana,MANA,2023-12-03 00:00:00+00:00,2023-12-03 00:00:00+00:00,2023-12-04 00:00:00+00:00,987385474.3182249,2023-12-04 00:00:00+00:00,29,False,False,False,False
avaxx,AVAXX,2023-12-03 00:00:00+00:00,2023-12-03 00:00:00+00:00,2023-12-04 00:00:00+00:00,626241763.0011556,2023-12-04 00:00:00+00:00,30,False,False,False,False
btc,BTC,2023-12-10 00:00:00+00:00,2023-12-10 00:00:00+00:00,2023-12-11 00:00:00+00:00,855687879830.6742,2023-12-11 00:00:00+00:00,1,True,True,True,True
eth,ETH,2023-12-10 00:00:00+00:00,2023-12-10 00:00:00+00:00,2023-12-11 00:00:00+00:00,282638879627.46204,2023-12-11 00:00:00+00:00,2,True,True,True,True
xrp,XRP,2023-12-10 00:00:00+00:00,2023-12-10 00:00:00+00:00,2023-12-11 00:00:00+00:00,66108561476.39476,2023-12-11 00:00:00+00:00,3,True,True,False,True
ada,ADA,2023-12-10 00:00:00+00:00,2023-12-10 00:00:00+00:00,2023-12-11 00:00:00+00:00,20578037354.141068,2023-12-11 00:00:00+00:00,4,True,True,False,True
link,LINK,2023-12-10 00:00:00+00:00,2023-12-10 00:00:00+00:00,2023-12-11 00:00:00+00:00,16322640442.7342,2023-12-11 00:00:00+00:00,5,True,True,True,True
doge,DOGE,2023-12-10 00:00:00+00:00,2023-12-10 00:00:00+00:00,2023-12-11 00:00:00+00:00,14467749035.636526,2023-12-11 00:00:00+00:00,6,True,True,False,False
xlm,XLM,2023-12-10 00:00:00+00:00,2023-12-10 00:00:00+00:00,2023-12-11 00:00:00+00:00,14019111763.586313,2023-12-11 00:00:00+00:00,7,False,True,False,False
cro,CRO,2023-12-10 00:00:00+00:00,2023-12-10 00:00:00+00:00,2023-12-11 00:00:00+00:00,10583063154.7413,2023-12-11 00:00:00+00:00,8,False,True,False,False
uni,UNI,2023-12-10 00:00:00+00:00,2023-12-10 00:00:00+00:00,2023-12-11 00:00:00+00:00,6597046864.02893,2023-12-11 00:00:00+00:00,9,False,True,False,False
xvg,XVG,2023-12-10 00:00:00+00:00,2023-12-10 00:00:00+00:00,2023-12-11 00:00:00+00:00,6542855212.833095,2023-12-11 00:00:00+00:00,10,False,True,False,False
ltc,LTC,2023-12-10 00:00:00+00:00,2023-12-10 00:00:00+00:00,2023-12-11 00:00:00+00:00,5703219465.308617,2023-12-11 00:00:00+00:00,11,False,False,False,True
bch,BCH,2023-12-10 00:00:00+00:00,2023-12-10 00:00:00+00:00,2023-12-11 00:00:00+00:00,4910088928.087787,2023-12-11 00:00:00+00:00,12,False,False,False,False
etc,ETC,2023-12-10 00:00:00+00:00,2023-12-10 00:00:00+00:00,2023-12-11 00:00:00+00:00,3172171323.2042127,2023-12-11 00:00:00+00:00,13,False,False,False,False
xmr,XMR,2023-12-10 00:00:00+00:00,2023-12-10 00:00:00+00:00,2023-12-11 00:00:00+00:00,3138651425.8517447,2023-12-11 00:00:00+00:00,14,False,False,False,False
avaxc,AVAXC,2023-12-10 00:00:00+00:00,2023-12-10 00:00:00+00:00,2023-12-11 00:00:00+00:00,2957809053.915583,2023-12-11 00:00:00+00:00,15,False,False,False,False
icp,ICP,2023-12-10 00:00:00+00:00,2023-12-10 00:00:00+00:00,2023-12-11 00:00:00+00:00,2834019882.3000417,2023-12-11 00:00:00+00:00,16,False,False,False,False
qnt,QNT,2023-12-10 00:00:00+00:00,2023-12-10 00:00:00+00:00,2023-12-11 00:00:00+00:00,2799948606.520936,2023-12-11 00:00:00+00:00,17,False,False,False,False
gno,GNO,2023-12-10 00:00:00+00:00,2023-12-10 00:00:00+00:00,2023-12-11 00:00:00+00:00,2433321493.21473,2023-12-11 00:00:00+00:00,18,False,False,False,False
ldo,LDO,2023-12-10 00:00:00+00:00,2023-12-10 00:00:00+00:00,2023-12-11 00:00:00+00:00,2385011748.60876,2023-12-11 00:00:00+00:00,19,False,False,False,False
algo,ALGO,2023-12-10 00:00:00+00:00,2023-12-10 00:00:00+00:00,2023-12-11 00:00:00+00:00,2000492137.84736,2023-12-11 00:00:00+00:00,20,False,False,False,False
ftt,FTT,2023-12-10 00:00:00+00:00,2023-12-10 00:00:00+00:00,2023-12-11 00:00:00+00:00,1819336713.7408624,2023-12-11 00:00:00+00:00,21,False,False,False,False
aave,AAVE,2023-12-10 00:00:00+00:00,2023-12-10 00:00:00+00:00,2023-12-11 00:00:00+00:00,1563287812.7520032,2023-12-11 00:00:00+00:00,22,False,False,False,False
crv,CRV,2023-12-10 00:00:00+00:00,2023-12-10 00:00:00+00:00,2023-12-11 00:00:00+00:00,1470773495.370721,2023-12-11 00:00:00+00:00,23,False,False,False,False
ht,HT,2023-12-10 00:00:00+00:00,2023-12-10 00:00:00+00:00,2023-12-11 00:00:00+00:00,1448289546.774185,2023-12-11 00:00:00+00:00,24,False,False,False,False
snx,SNX,2023-12-10 00:00:00+00:00,2023-12-10 00:00:00+00:00,2023-12-11 00:00:00+00:00,1442352881.0744812,2023-12-11 00:00:00+00:00,25,False,False,False,False
mkr,MKR,2023-12-10 00:00:00+00:00,2023-12-10 00:00:00+00:00,2023-12-11 00:00:00+00:00,1384337490.9799206,2023-12-11 00:00:00+00:00,26,False,False,False,False
neo,NEO,2023-12-10 00:00:00+00:00,2023-12-10 00:00:00+00:00,2023-12-11 00:00:00+00:00,1296761280.22441,2023-12-11 00:00:00+00:00,27,False,False,False,False
lend,LEND,2023-12-10 00:00:00+00:00,2023-12-10 00:00:00+00:00,2023-12-11 00:00:00+00:00,1270171290.9017982,2023-12-11 00:00:00+00:00,28,False,False,False,False
mana,MANA,2023-12-10 00:00:00+00:00,2023-12-10 00:00:00+00:00,2023-12-11 00:00:00+00:00,1165504503.9166615,2023-12-11 00:00:00+00:00,29,False,False,False,False
avaxx,AVAXX,2023-12-10 00:00:00+00:00,2023-12-10 00:00:00+00:00,2023-12-11 00:00:00+00:00,1058474214.1455704,2023-12-11 00:00:00+00:00,30,False,False,False,False
btc,BTC,2023-12-17 00:00:00+00:00,2023-12-17 00:00:00+00:00,2023-12-18 00:00:00+00:00,810881174245.315,2023-12-18 00:00:00+00:00,1,True,True,True,True
eth,ETH,2023-12-17 00:00:00+00:00,2023-12-17 00:00:00+00:00,2023-12-18 00:00:00+00:00,264449372810.90555,2023-12-18 00:00:00+00:00,2,True,True,True,True
xrp,XRP,2023-12-17 00:00:00+00:00,2023-12-17 00:00:00+00:00,2023-12-18 00:00:00+00:00,60991221456.4751,2023-12-18 00:00:00+00:00,3,True,True,False,True
ada,ADA,2023-12-17 00:00:00+00:00,2023-12-17 00:00:00+00:00,2023-12-18 00:00:00+00:00,20087317942.302593,2023-12-18 00:00:00+00:00,4,True,True,False,True
link,LINK,2023-12-17 00:00:00+00:00,2023-12-17 00:00:00+00:00,2023-12-18 00:00:00+00:00,13996499414.2338,2023-12-18 00:00:00+00:00,5,True,True,True,True
doge,DOGE,2023-12-17 00:00:00+00:00,2023-12-17 00:00:00+00:00,2023-12-18 00:00:00+00:00,13210017033.786217,2023-12-18 00:00:00+00:00,6,True,True,False,False
xlm,XLM,2023-12-17 00:00:00+00:00,2023-12-17 00:00:00+00:00,2023-12-18 00:00:00+00:00,12885217682.773716,2023-12-18 00:00:00+00:00,7,False,True,False,False
cro,CRO,2023-12-17 00:00:00+00:00,2023-12-17 00:00:00+00:00,2023-12-18 00:00:00+00:00,9818757279.14059,2023-12-18 00:00:00+00:00,8,False,True,False,False
uni,UNI,2023-12-17 00:00:00+00:00,2023-12-17 00:00:00+00:00,2023-12-18 00:00:00+00:00,6071766131.22177,2023-12-18 00:00:00+00:00,9,False,True,False,False
xvg,XVG,2023-12-17 00:00:00+00:00,2023-12-17 00:00:00+00:00,2023-12-18 00:00:00+00:00,5681467658.362161,2023-12-18 00:00:00+00:00,10,False,True,False,False
icp,ICP,2023-12-17 00:00:00+00:00,2023-12-17 00:00:00+00:00,2023-12-18 00:00:00+00:00,5426894564.797123,2023-12-18 00:00:00+00:00,11,False,False,False,False
ltc,LTC,2023-12-17 00:00:00+00:00,2023-12-17 00:00:00+00:00,2023-12-18 00:00:00+00:00,5264249331.966941,2023-12-18 00:00:00+00:00,12,False,False,False,True
bch,BCH,2023-12-17 00:00:00+00:00,2023-12-17 00:00:00+00:00,2023-12-18 00:00:00+00:00,4422508409.45854,2023-12-18 00:00:00+00:00,13,False,False,False,False
avaxc,AVAXC,2023-12-17 00:00:00+00:00,2023-12-17 00:00:00+00:00,2023-12-18 00:00:00+00:00,3238756842.0248785,2023-12-18 00:00:00+00:00,14,False,False,False,False
xmr,XMR,2023-12-17 00:00:00+00:00,2023-12-17 00:00:00+00:00,2023-12-18 00:00:00+00:00,2999155761.322416,2023-12-18 00:00:00+00:00,15,False,False,False,False
etc,ETC,2023-12-17 00:00:00+00:00,2023-12-17 00:00:00+00:00,2023-12-18 00:00:00+00:00,2888383604.132157,2023-12-18 00:00:00+00:00,16,False,False,False,False
qnt,QNT,2023-12-17 00:00:00+00:00,2023-12-17 00:00:00+00:00,2023-12-18 00:00:00+00:00,2659577489.006439,2023-12-18 00:00:00+00:00,17,False,False,False,False
gno,GNO,2023-12-17 00:00:00+00:00,2023-12-17 00:00:00+00:00,2023-12-18 00:00:00+00:00,2193397076.20372,2023-12-18 00:00:00+00:00,18,False,False,False,False
ldo,LDO,2023-12-17 00:00:00+00:00,2023-12-17 00:00:00+00:00,2023-12-18 00:00:00+00:00,2079039305.89994,2023-12-18 00:00:00+00:00,19,False,False,False,False
algo,ALGO,2023-12-17 00:00:00+00:00,2023-12-17 00:00:00+00:00,2023-12-18 00:00:00+00:00,1905784638.30592,2023-12-18 00:00:00+00:00,20,False,False,False,False
aave,AAVE,2023-12-17 00:00:00+00:00,2023-12-17 00:00:00+00:00,2023-12-18 00:00:00+00:00,1602235667.27328,2023-12-18 00:00:00+00:00,21,False,False,False,False
crv,CRV,2023-12-17 00:00:00+00:00,2023-12-17 00:00:00+00:00,2023-12-18 00:00:00+00:00,1346971704.1546893,2023-12-18 00:00:00+00:00,22,False,False,False,False
ht,HT,2023-12-17 00:00:00+00:00,2023-12-17 00:00:00+00:00,2023-12-18 00:00:00+00:00,1325039263.91057,2023-12-18 00:00:00+00:00,23,False,False,False,False
lend,LEND,2023-12-17 00:00:00+00:00,2023-12-17 00:00:00+00:00,2023-12-18 00:00:00+00:00,1301816421.2812502,2023-12-18 00:00:00+00:00,24,False,False,False,False
mkr,MKR,2023-12-17 00:00:00+00:00,2023-12-17 00:00:00+00:00,2023-12-18 00:00:00+00:00,1289477981.5753284,2023-12-18 00:00:00+00:00,25,False,False,False,False
neo,NEO,2023-12-17 00:00:00+00:00,2023-12-17 00:00:00+00:00,2023-12-18 00:00:00+00:00,1282803039.35657,2023-12-18 00:00:00+00:00,26,False,False,False,False
snx,SNX,2023-12-17 00:00:00+00:00,2023-12-17 00:00:00+00:00,2023-12-18 00:00:00+00:00,1252130393.242151,2023-12-18 00:00:00+00:00,27,False,False,False,False
ftt,FTT,2023-12-17 00:00:00+00:00,2023-12-17 00:00:00+00:00,2023-12-18 00:00:00+00:00,1184161142.7267258,2023-12-18 00:00:00+00:00,28,False,False,False,False
avaxx,AVAXX,2023-12-17 00:00:00+00:00,2023-12-17 00:00:00+00:00,2023-12-18 00:00:00+00:00,1164324878.4302135,2023-12-18 00:00:00+00:00,29,False,False,False,False
mana,MANA,2023-12-17 00:00:00+00:00,2023-12-17 00:00:00+00:00,2023-12-18 00:00:00+00:00,1056970169.2602597,2023-12-18 00:00:00+00:00,30,False,False,False,False
btc,BTC,2023-12-24 00:00:00+00:00,2023-12-24 00:00:00+00:00,2023-12-25 00:00:00+00:00,843852920767.2598,2023-12-25 00:00:00+00:00,1,True,True,True,True
eth,ETH,2023-12-24 00:00:00+00:00,2023-12-24 00:00:00+00:00,2023-12-25 00:00:00+00:00,272609588572.65408,2023-12-25 00:00:00+00:00,2,True,True,True,True
xrp,XRP,2023-12-24 00:00:00+00:00,2023-12-24 00:00:00+00:00,2023-12-25 00:00:00+00:00,61362587748.55213,2023-12-25 00:00:00+00:00,3,True,True,False,True
ada,ADA,2023-12-24 00:00:00+00:00,2023-12-24 00:00:00+00:00,2023-12-25 00:00:00+00:00,20588617928.12829,2023-12-25 00:00:00+00:00,4,True,True,False,True
link,LINK,2023-12-24 00:00:00+00:00,2023-12-24 00:00:00+00:00,2023-12-25 00:00:00+00:00,15320321514.5007,2023-12-25 00:00:00+00:00,5,True,True,True,True
xlm,XLM,2023-12-24 00:00:00+00:00,2023-12-24 00:00:00+00:00,2023-12-25 00:00:00+00:00,13280429593.529621,2023-12-25 00:00:00+00:00,6,True,True,False,False
doge,DOGE,2023-12-24 00:00:00+00:00,2023-12-24 00:00:00+00:00,2023-12-25 00:00:00+00:00,13078276748.491056,2023-12-25 00:00:00+00:00,7,False,True,False,False
cro,CRO,2023-12-24 00:00:00+00:00,2023-12-24 00:00:00+00:00,2023-12-25 00:00:00+00:00,9810142067.58902,2023-12-25 00:00:00+00:00,8,False,True,False,False
uni,UNI,2023-12-24 00:00:00+00:00,2023-12-24 00:00:00+00:00,2023-12-25 00:00:00+00:00,6909577526.25005,2023-12-25 00:00:00+00:00,9,False,True,False,False
xvg,XVG,2023-12-24 00:00:00+00:00,2023-12-24 00:00:00+00:00,2023-12-25 00:00:00+00:00,6156431085.324677,2023-12-25 00:00:00+00:00,10,False,True,False,False
ltc,LTC,2023-12-24 00:00:00+00:00,2023-12-24 00:00:00+00:00,2023-12-25 00:00:00+00:00,5268968875.56405,2023-12-25 00:00:00+00:00,11,False,False,False,True
icp,ICP,2023-12-24 00:00:00+00:00,2023-12-24 00:00:00+00:00,2023-12-25 00:00:00+00:00,5015686916.34515,2023-12-25 00:00:00+00:00,12,False,False,False,False
bch,BCH,2023-12-24 00:00:00+00:00,2023-12-24 00:00:00+00:00,2023-12-25 00:00:00+00:00,4488095185.67386,2023-12-25 00:00:00+00:00,13,False,False,False,False
avaxc,AVAXC,2023-12-24 00:00:00+00:00,2023-12-24 00:00:00+00:00,2023-12-25 00:00:00+00:00,3786934080.5605607,2023-12-25 00:00:00+00:00,14,False,False,False,False
qnt,QNT,2023-12-24 00:00:00+00:00,2023-12-24 00:00:00+00:00,2023-12-25 00:00:00+00:00,3240293297.3914337,2023-12-25 00:00:00+00:00,15,False,False,False,False
xmr,XMR,2023-12-24 00:00:00+00:00,2023-12-24 00:00:00+00:00,2023-12-25 00:00:00+00:00,3069103658.352422,2023-12-25 00:00:00+00:00,16,False,False,False,False
etc,ETC,2023-12-24 00:00:00+00:00,2023-12-24 00:00:00+00:00,2023-12-25 00:00:00+00:00,3025715630.7397165,2023-12-25 00:00:00+00:00,17,False,False,False,False
ldo,LDO,2023-12-24 00:00:00+00:00,2023-12-24 00:00:00+00:00,2023-12-25 00:00:00+00:00,2430679706.5271,2023-12-25 00:00:00+00:00,18,False,False,False,False
algo,ALGO,2023-12-24 00:00:00+00:00,2023-12-24 00:00:00+00:00,2023-12-25 00:00:00+00:00,2315702228.52267,2023-12-25 00:00:00+00:00,19,False,False,False,False
gno,GNO,2023-12-24 00:00:00+00:00,2023-12-24 00:00:00+00:00,2023-12-25 00:00:00+00:00,1917175587.3439,2023-12-25 00:00:00+00:00,20,False,False,False,False
aave,AAVE,2023-12-24 00:00:00+00:00,2023-12-24 00:00:00+00:00,2023-12-25 00:00:00+00:00,1599619271.2744527,2023-12-25 00:00:00+00:00,21,False,False,False,False
avaxx,AVAXX,2023-12-24 00:00:00+00:00,2023-12-24 00:00:00+00:00,2023-12-25 00:00:00+00:00,1384789800.804785,2023-12-25 00:00:00+00:00,22,False,False,False,False
mkr,MKR,2023-12-24 00:00:00+00:00,2023-12-24 00:00:00+00:00,2023-12-25 00:00:00+00:00,1368217908.6155436,2023-12-25 00:00:00+00:00,23,False,False,False,False
neo,NEO,2023-12-24 00:00:00+00:00,2023-12-24 00:00:00+00:00,2023-12-25 00:00:00+00:00,1368116955.68971,2023-12-25 00:00:00+00:00,24,False,False,False,False
snx,SNX,2023-12-24 00:00:00+00:00,2023-12-24 00:00:00+00:00,2023-12-25 00:00:00+00:00,1353032326.9554205,2023-12-25 00:00:00+00:00,25,False,False,False,False
ht,HT,2023-12-24 00:00:00+00:00,2023-12-24 00:00:00+00:00,2023-12-25 00:00:00+00:00,1326102616.186355,2023-12-25 00:00:00+00:00,26,False,False,False,False
lend,LEND,2023-12-24 00:00:00+00:00,2023-12-24 00:00:00+00:00,2023-12-25 00:00:00+00:00,1299690599.627533,2023-12-25 00:00:00+00:00,27,False,False,False,False
crv,CRV,2023-12-24 00:00:00+00:00,2023-12-24 00:00:00+00:00,2023-12-25 00:00:00+00:00,1272113375.4414606,2023-12-25 00:00:00+00:00,28,False,False,False,False
ftt,FTT,2023-12-24 00:00:00+00:00,2023-12-24 00:00:00+00:00,2023-12-25 00:00:00+00:00,1222338196.876005,2023-12-25 00:00:00+00:00,29,False,False,False,False
mana,MANA,2023-12-24 00:00:00+00:00,2023-12-24 00:00:00+00:00,2023-12-25 00:00:00+00:00,1184324081.7086296,2023-12-25 00:00:00+00:00,30,False,False,False,False
btc,BTC,2023-12-31 00:00:00+00:00,2023-12-31 00:00:00+00:00,2024-01-01 00:00:00+00:00,826868406538.1709,2024-01-01 00:00:00+00:00,1,True,True,True,True
eth,ETH,2023-12-31 00:00:00+00:00,2023-12-31 00:00:00+00:00,2024-01-01 00:00:00+00:00,273914618990.41266,2024-01-01 00:00:00+00:00,2,True,True,True,True
xrp,XRP,2023-12-31 00:00:00+00:00,2023-12-31 00:00:00+00:00,2024-01-01 00:00:00+00:00,61349094586.23973,2024-01-01 00:00:00+00:00,3,True,True,False,True
ada,ADA,2023-12-31 00:00:00+00:00,2023-12-31 00:00:00+00:00,2024-01-01 00:00:00+00:00,20540255418.844833,2024-01-01 00:00:00+00:00,4,True,True,False,True
link,LINK,2023-12-31 00:00:00+00:00,2023-12-31 00:00:00+00:00,2024-01-01 00:00:00+00:00,14931278449.4098,2024-01-01 00:00:00+00:00,5,True,True,True,True
xlm,XLM,2023-12-31 00:00:00+00:00,2023-12-31 00:00:00+00:00,2024-01-01 00:00:00+00:00,13554877242.655458,2024-01-01 00:00:00+00:00,6,True,True,False,False
doge,DOGE,2023-12-31 00:00:00+00:00,2023-12-31 00:00:00+00:00,2024-01-01 00:00:00+00:00,12716020924.815811,2024-01-01 00:00:00+00:00,7,False,True,False,False
cro,CRO,2023-12-31 00:00:00+00:00,2023-12-31 00:00:00+00:00,2024-01-01 00:00:00+00:00,9886387655.64516,2024-01-01 00:00:00+00:00,8,False,True,False,False
uni,UNI,2023-12-31 00:00:00+00:00,2023-12-31 00:00:00+00:00,2024-01-01 00:00:00+00:00,7221116600.0813,2024-01-01 00:00:00+00:00,9,False,True,False,False
icp,ICP,2023-12-31 00:00:00+00:00,2023-12-31 00:00:00+00:00,2024-01-01 00:00:00+00:00,6845064577.407235,2024-01-01 00:00:00+00:00,10,False,True,False,False
xvg,XVG,2023-12-31 00:00:00+00:00,2023-12-31 00:00:00+00:00,2024-01-01 00:00:00+00:00,6563874005.928617,2024-01-01 00:00:00+00:00,11,False,False,False,False
ltc,LTC,2023-12-31 00:00:00+00:00,2023-12-31 00:00:00+00:00,2024-01-01 00:00:00+00:00,5383133254.276972,2024-01-01 00:00:00+00:00,12,False,False,False,True
bch,BCH,2023-12-31 00:00:00+00:00,2023-12-31 00:00:00+00:00,2024-01-01 00:00:00+00:00,5072940921.271581,2024-01-01 00:00:00+00:00,13,False,False,False,False
qnt,QNT,2023-12-31 00:00:00+00:00,2023-12-31 00:00:00+00:00,2024-01-01 00:00:00+00:00,3364535371.494616,2024-01-01 00:00:00+00:00,14,False,False,False,False
etc,ETC,2023-12-31 00:00:00+00:00,2023-12-31 00:00:00+00:00,2024-01-01 00:00:00+00:00,3172110198.412407,2024-01-01 00:00:00+00:00,15,False,False,False,False
avaxc,AVAXC,2023-12-31 00:00:00+00:00,2023-12-31 00:00:00+00:00,2024-01-01 00:00:00+00:00,3171526208.221043,2024-01-01 00:00:00+00:00,16,False,False,False,False
xmr,XMR,2023-12-31 00:00:00+00:00,2023-12-31 00:00:00+00:00,2024-01-01 00:00:00+00:00,2943474335.7341766,2024-01-01 00:00:00+00:00,17,False,False,False,False
ldo,LDO,2023-12-31 00:00:00+00:00,2023-12-31 00:00:00+00:00,2024-01-01 00:00:00+00:00,2639242343.7926,2024-01-01 00:00:00+00:00,18,False,False,False,False
algo,ALGO,2023-12-31 00:00:00+00:00,2023-12-31 00:00:00+00:00,2024-01-01 00:00:00+00:00,2226228503.93727,2024-01-01 00:00:00+00:00,19,False,False,False,False
gno,GNO,2023-12-31 00:00:00+00:00,2023-12-31 00:00:00+00:00,2024-01-01 00:00:00+00:00,1946845748.37514,2024-01-01 00:00:00+00:00,20,False,False,False,False
aave,AAVE,2023-12-31 00:00:00+00:00,2023-12-31 00:00:00+00:00,2024-01-01 00:00:00+00:00,1743339514.621024,2024-01-01 00:00:00+00:00,21,False,False,False,False
mkr,MKR,2023-12-31 00:00:00+00:00,2023-12-31 00:00:00+00:00,2024-01-01 00:00:00+00:00,1659266257.483137,2024-01-01 00:00:00+00:00,22,False,False,False,False
lend,LEND,2023-12-31 00:00:00+00:00,2023-12-31 00:00:00+00:00,2024-01-01 00:00:00+00:00,1416463292.1101003,2024-01-01 00:00:00+00:00,23,False,False,False,False
neo,NEO,2023-12-31 00:00:00+00:00,2023-12-31 00:00:00+00:00,2024-01-01 00:00:00+00:00,1389382456.87543,2024-01-01 00:00:00+00:00,24,False,False,False,False
ht,HT,2023-12-31 00:00:00+00:00,2023-12-31 00:00:00+00:00,2024-01-01 00:00:00+00:00,1300768644.127145,2024-01-01 00:00:00+00:00,25,False,False,False,False
snx,SNX,2023-12-31 00:00:00+00:00,2023-12-31 00:00:00+00:00,2024-01-01 00:00:00+00:00,1273542642.9836674,2024-01-01 00:00:00+00:00,26,False,False,False,False
crv,CRV,2023-12-31 00:00:00+00:00,2023-12-31 00:00:00+00:00,2024-01-01 00:00:00+00:00,1242731419.889454,2024-01-01 00:00:00+00:00,27,False,False,False,False
mana,MANA,2023-12-31 00:00:00+00:00,2023-12-31 00:00:00+00:00,2024-01-01 00:00:00+00:00,1137477442.020147,2024-01-01 00:00:00+00:00,28,False,False,False,False
avaxx,AVAXX,2023-12-31 00:00:00+00:00,2023-12-31 00:00:00+00:00,2024-01-01 00:00:00+00:00,1086194472.3707104,2024-01-01 00:00:00+00:00,29,False,False,False,False
ftt,FTT,2023-12-31 00:00:00+00:00,2023-12-31 00:00:00+00:00,2024-01-01 00:00:00+00:00,1001078842.7053528,2024-01-01 00:00:00+00:00,30,False,False,False,False
btc,BTC,2024-01-07 00:00:00+00:00,2024-01-07 00:00:00+00:00,2024-01-08 00:00:00+00:00,859012443610.0101,2024-01-08 00:00:00+00:00,1,True,True,True,True
eth,ETH,2024-01-07 00:00:00+00:00,2024-01-07 00:00:00+00:00,2024-01-08 00:00:00+00:00,266630923706.5044,2024-01-08 00:00:00+00:00,2,True,True,True,True
xrp,XRP,2024-01-07 00:00:00+00:00,2024-01-07 00:00:00+00:00,2024-01-08 00:00:00+00:00,55038842980.16483,2024-01-08 00:00:00+00:00,3,True,True,False,True
ada,ADA,2024-01-07 00:00:00+00:00,2024-01-07 00:00:00+00:00,2024-01-08 00:00:00+00:00,17086176705.809185,2024-01-08 00:00:00+00:00,4,True,True,False,True
link,LINK,2024-01-07 00:00:00+00:00,2024-01-07 00:00:00+00:00,2024-01-08 00:00:00+00:00,13100510760.4731,2024-01-08 00:00:00+00:00,5,True,True,True,True
xlm,XLM,2024-01-07 00:00:00+00:00,2024-01-07 00:00:00+00:00,2024-01-08 00:00:00+00:00,12133820710.489422,2024-01-08 00:00:00+00:00,6,True,True,False,False
doge,DOGE,2024-01-07 00:00:00+00:00,2024-01-07 00:00:00+00:00,2024-01-08 00:00:00+00:00,11103067303.331669,2024-01-08 00:00:00+00:00,7,False,True,False,False
cro,CRO,2024-01-07 00:00:00+00:00,2024-01-07 00:00:00+00:00,2024-01-08 00:00:00+00:00,8686719290.3866,2024-01-08 00:00:00+00:00,8,False,True,False,False
uni,UNI,2024-01-07 00:00:00+00:00,2024-01-07 00:00:00+00:00,2024-01-08 00:00:00+00:00,5982017132.3817,2024-01-08 00:00:00+00:00,9,False,True,False,False
icp,ICP,2024-01-07 00:00:00+00:00,2024-01-07 00:00:00+00:00,2024-01-08 00:00:00+00:00,5756321541.8815975,2024-01-08 00:00:00+00:00,10,False,True,False,False
xvg,XVG,2024-01-07 00:00:00+00:00,2024-01-07 00:00:00+00:00,2024-01-08 00:00:00+00:00,5346815815.332287,2024-01-08 00:00:00+00:00,11,False,False,False,False
ltc,LTC,2024-01-07 00:00:00+00:00,2024-01-07 00:00:00+00:00,2024-01-08 00:00:00+00:00,4749518602.004334,2024-01-08 00:00:00+00:00,12,False,False,False,True
bch,BCH,2024-01-07 00:00:00+00:00,2024-01-07 00:00:00+00:00,2024-01-08 00:00:00+00:00,4539375719.8331,2024-01-08 00:00:00+00:00,13,False,False,False,False
ldo,LDO,2024-01-07 00:00:00+00:00,2024-01-07 00:00:00+00:00,2024-01-08 00:00:00+00:00,2928133054.63692,2024-01-08 00:00:00+00:00,14,False,False,False,False
etc,ETC,2024-01-07 00:00:00+00:00,2024-01-07 00:00:00+00:00,2024-01-08 00:00:00+00:00,2780965122.45904,2024-01-08 00:00:00+00:00,15,False,False,False,False
avaxc,AVAXC,2024-01-07 00:00:00+00:00,2024-01-07 00:00:00+00:00,2024-01-08 00:00:00+00:00,2763744297.0705957,2024-01-08 00:00:00+00:00,16,False,False,False,False
qnt,QNT,2024-01-07 00:00:00+00:00,2024-01-07 00:00:00+00:00,2024-01-08 00:00:00+00:00,2749307945.6071315,2024-01-08 00:00:00+00:00,17,False,False,False,False
xmr,XMR,2024-01-07 00:00:00+00:00,2024-01-07 00:00:00+00:00,2024-01-08 00:00:00+00:00,2610683211.388385,2024-01-08 00:00:00+00:00,18,False,False,False,False
gno,GNO,2024-01-07 00:00:00+00:00,2024-01-07 00:00:00+00:00,2024-01-08 00:00:00+00:00,1822225783.30423,2024-01-08 00:00:00+00:00,19,False,False,False,False
algo,ALGO,2024-01-07 00:00:00+00:00,2024-01-07 00:00:00+00:00,2024-01-08 00:00:00+00:00,1777238883.13309,2024-01-08 00:00:00+00:00,20,False,False,False,False
mkr,MKR,2024-01-07 00:00:00+00:00,2024-01-07 00:00:00+00:00,2024-01-08 00:00:00+00:00,1701202633.6778522,2024-01-08 00:00:00+00:00,21,False,False,False,False
aave,AAVE,2024-01-07 00:00:00+00:00,2024-01-07 00:00:00+00:00,2024-01-08 00:00:00+00:00,1513155193.70492,2024-01-08 00:00:00+00:00,22,False,False,False,False
lend,LEND,2024-01-07 00:00:00+00:00,2024-01-07 00:00:00+00:00,2024-01-08 00:00:00+00:00,1229438539.7526512,2024-01-08 00:00:00+00:00,23,False,False,False,False
ht,HT,2024-01-07 00:00:00+00:00,2024-01-07 00:00:00+00:00,2024-01-08 00:00:00+00:00,1223226526.705755,2024-01-08 00:00:00+00:00,24,False,False,False,False
neo,NEO,2024-01-07 00:00:00+00:00,2024-01-07 00:00:00+00:00,2024-01-08 00:00:00+00:00,1123307561.20868,2024-01-08 00:00:00+00:00,25,False,False,False,False
snx,SNX,2024-01-07 00:00:00+00:00,2024-01-07 00:00:00+00:00,2024-01-08 00:00:00+00:00,1090100322.9248369,2024-01-08 00:00:00+00:00,26,False,False,False,False
crv,CRV,2024-01-07 00:00:00+00:00,2024-01-07 00:00:00+00:00,2024-01-08 00:00:00+00:00,1060943698.0642397,2024-01-08 00:00:00+00:00,27,False,False,False,False
mana,MANA,2024-01-07 00:00:00+00:00,2024-01-07 00:00:00+00:00,2024-01-08 00:00:00+00:00,933230985.7827833,2024-01-08 00:00:00+00:00,28,False,False,False,False
avaxx,AVAXX,2024-01-07 00:00:00+00:00,2024-01-07 00:00:00+00:00,2024-01-08 00:00:00+00:00,923699171.6789951,2024-01-08 00:00:00+00:00,29,False,False,False,False
ftt,FTT,2024-01-07 00:00:00+00:00,2024-01-07 00:00:00+00:00,2024-01-08 00:00:00+00:00,825597326.5921971,2024-01-08 00:00:00+00:00,30,False,False,False,False
btc,BTC,2024-01-14 00:00:00+00:00,2024-01-14 00:00:00+00:00,2024-01-15 00:00:00+00:00,820960086253.5798,2024-01-15 00:00:00+00:00,1,True,True,True,True
eth,ETH,2024-01-14 00:00:00+00:00,2024-01-14 00:00:00+00:00,2024-01-15 00:00:00+00:00,297947123167.01917,2024-01-15 00:00:00+00:00,2,True,True,True,True
xrp,XRP,2024-01-14 00:00:00+00:00,2024-01-14 00:00:00+00:00,2024-01-15 00:00:00+00:00,57736572425.15707,2024-01-15 00:00:00+00:00,3,True,True,False,True
ada,ADA,2024-01-14 00:00:00+00:00,2024-01-14 00:00:00+00:00,2024-01-15 00:00:00+00:00,18279197357.805973,2024-01-15 00:00:00+00:00,4,True,True,False,True
link,LINK,2024-01-14 00:00:00+00:00,2024-01-14 00:00:00+00:00,2024-01-15 00:00:00+00:00,14842107793.2628,2024-01-15 00:00:00+00:00,5,True,True,True,True
xlm,XLM,2024-01-14 00:00:00+00:00,2024-01-14 00:00:00+00:00,2024-01-15 00:00:00+00:00,12467963534.869287,2024-01-15 00:00:00+00:00,6,True,True,False,False
doge,DOGE,2024-01-14 00:00:00+00:00,2024-01-14 00:00:00+00:00,2024-01-15 00:00:00+00:00,11418803964.714354,2024-01-15 00:00:00+00:00,7,False,True,False,False
cro,CRO,2024-01-14 00:00:00+00:00,2024-01-14 00:00:00+00:00,2024-01-15 00:00:00+00:00,8772103420.31032,2024-01-15 00:00:00+00:00,8,False,True,False,False
icp,ICP,2024-01-14 00:00:00+00:00,2024-01-14 00:00:00+00:00,2024-01-15 00:00:00+00:00,6513896116.309511,2024-01-15 00:00:00+00:00,9,False,True,False,False
uni,UNI,2024-01-14 00:00:00+00:00,2024-01-14 00:00:00+00:00,2024-01-15 00:00:00+00:00,6339104240.4651,2024-01-15 00:00:00+00:00,10,False,True,False,False
xvg,XVG,2024-01-14 00:00:00+00:00,2024-01-14 00:00:00+00:00,2024-01-15 00:00:00+00:00,5658381184.875215,2024-01-15 00:00:00+00:00,11,False,False,False,False
ltc,LTC,2024-01-14 00:00:00+00:00,2024-01-14 00:00:00+00:00,2024-01-15 00:00:00+00:00,5178103761.343121,2024-01-15 00:00:00+00:00,12,False,False,False,True
bch,BCH,2024-01-14 00:00:00+00:00,2024-01-14 00:00:00+00:00,2024-01-15 00:00:00+00:00,4836445414.761767,2024-01-15 00:00:00+00:00,13,False,False,False,False
etc,ETC,2024-01-14 00:00:00+00:00,2024-01-14 00:00:00+00:00,2024-01-15 00:00:00+00:00,3834195446.477892,2024-01-15 00:00:00+00:00,14,False,False,False,False
ldo,LDO,2024-01-14 00:00:00+00:00,2024-01-14 00:00:00+00:00,2024-01-15 00:00:00+00:00,3254656975.84961,2024-01-15 00:00:00+00:00,15,False,False,False,False
avaxc,AVAXC,2024-01-14 00:00:00+00:00,2024-01-14 00:00:00+00:00,2024-01-15 00:00:00+00:00,2965539857.610462,2024-01-15 00:00:00+00:00,16,False,False,False,False
qnt,QNT,2024-01-14 00:00:00+00:00,2024-01-14 00:00:00+00:00,2024-01-15 00:00:00+00:00,2830232440.5524244,2024-01-15 00:00:00+00:00,17,False,False,False,False
xmr,XMR,2024-01-14 00:00:00+00:00,2024-01-14 00:00:00+00:00,2024-01-15 00:00:00+00:00,2756527305.8549533,2024-01-15 00:00:00+00:00,18,False,False,False,False
gno,GNO,2024-01-14 00:00:00+00:00,2024-01-14 00:00:00+00:00,2024-01-15 00:00:00+00:00,2053613674.67083,2024-01-15 00:00:00+00:00,19,False,False,False,False
mkr,MKR,2024-01-14 00:00:00+00:00,2024-01-14 00:00:00+00:00,2024-01-15 00:00:00+00:00,1991807503.572408,2024-01-15 00:00:00+00:00,20,False,False,False,False
algo,ALGO,2024-01-14 00:00:00+00:00,2024-01-14 00:00:00+00:00,2024-01-15 00:00:00+00:00,1841564571.54324,2024-01-15 00:00:00+00:00,21,False,False,False,False
aave,AAVE,2024-01-14 00:00:00+00:00,2024-01-14 00:00:00+00:00,2024-01-15 00:00:00+00:00,1595641617.7150657,2024-01-15 00:00:00+00:00,22,False,False,False,False
lend,LEND,2024-01-14 00:00:00+00:00,2024-01-14 00:00:00+00:00,2024-01-15 00:00:00+00:00,1296458756.2554588,2024-01-15 00:00:00+00:00,23,False,False,False,False
ht,HT,2024-01-14 00:00:00+00:00,2024-01-14 00:00:00+00:00,2024-01-15 00:00:00+00:00,1205532349.59883,2024-01-15 00:00:00+00:00,24,False,False,False,False
neo,NEO,2024-01-14 00:00:00+00:00,2024-01-14 00:00:00+00:00,2024-01-15 00:00:00+00:00,1192875515.34784,2024-01-15 00:00:00+00:00,25,False,False,False,False
snx,SNX,2024-01-14 00:00:00+00:00,2024-01-14 00:00:00+00:00,2024-01-15 00:00:00+00:00,1174766556.9712408,2024-01-15 00:00:00+00:00,26,False,False,False,False
crv,CRV,2024-01-14 00:00:00+00:00,2024-01-14 00:00:00+00:00,2024-01-15 00:00:00+00:00,1101988573.7043831,2024-01-15 00:00:00+00:00,27,False,False,False,False
ftt,FTT,2024-01-14 00:00:00+00:00,2024-01-14 00:00:00+00:00,2024-01-15 00:00:00+00:00,990759070.0863445,2024-01-15 00:00:00+00:00,28,False,False,False,False
avaxx,AVAXX,2024-01-14 00:00:00+00:00,2024-01-14 00:00:00+00:00,2024-01-15 00:00:00+00:00,984114897.4868759,2024-01-15 00:00:00+00:00,29,False,False,False,False
mana,MANA,2024-01-14 00:00:00+00:00,2024-01-14 00:00:00+00:00,2024-01-15 00:00:00+00:00,979728487.990912,2024-01-15 00:00:00+00:00,30,False,False,False,False
btc,BTC,2024-01-21 00:00:00+00:00,2024-01-21 00:00:00+00:00,2024-01-22 00:00:00+00:00,814318181968.0931,2024-01-22 00:00:00+00:00,1,True,True,True,True
eth,ETH,2024-01-21 00:00:00+00:00,2024-01-21 00:00:00+00:00,2024-01-22 00:00:00+00:00,294994205694.8564,2024-01-22 00:00:00+00:00,2,True,True,True,True
xrp,XRP,2024-01-21 00:00:00+00:00,2024-01-21 00:00:00+00:00,2024-01-22 00:00:00+00:00,54689205299.53065,2024-01-22 00:00:00+00:00,3,True,True,False,True
ada,ADA,2024-01-21 00:00:00+00:00,2024-01-21 00:00:00+00:00,2024-01-22 00:00:00+00:00,17476531436.9468,2024-01-22 00:00:00+00:00,4,True,True,False,True
link,LINK,2024-01-21 00:00:00+00:00,2024-01-21 00:00:00+00:00,2024-01-22 00:00:00+00:00,15404437235.659,2024-01-22 00:00:00+00:00,5,True,True,True,True
xlm,XLM,2024-01-21 00:00:00+00:00,2024-01-21 00:00:00+00:00,2024-01-22 00:00:00+00:00,12179388964.075499,2024-01-22 00:00:00+00:00,6,True,True,False,False
doge,DOGE,2024-01-21 00:00:00+00:00,2024-01-21 00:00:00+00:00,2024-01-22 00:00:00+00:00,12161348332.774124,2024-01-22 00:00:00+00:00,7,False,True,False,False
cro,CRO,2024-01-21 00:00:00+00:00,2024-01-21 00:00:00+00:00,2024-01-22 00:00:00+00:00,8286952609.68762,2024-01-22 00:00:00+00:00,8,False,True,False,False
uni,UNI,2024-01-21 00:00:00+00:00,2024-01-21 00:00:00+00:00,2024-01-22 00:00:00+00:00,6381101178.00811,2024-01-22 00:00:00+00:00,9,False,True,False,False
icp,ICP,2024-01-21 00:00:00+00:00,2024-01-21 00:00:00+00:00,2024-01-22 00:00:00+00:00,5708582798.651394,2024-01-22 00:00:00+00:00,10,False,True,False,False
xvg,XVG,2024-01-21 00:00:00+00:00,2024-01-21 00:00:00+00:00,2024-01-22 00:00:00+00:00,5607642495.78146,2024-01-22 00:00:00+00:00,11,False,False,False,False
ltc,LTC,2024-01-21 00:00:00+00:00,2024-01-21 00:00:00+00:00,2024-01-22 00:00:00+00:00,5315322894.113535,2024-01-22 00:00:00+00:00,12,False,False,False,True
bch,BCH,2024-01-21 00:00:00+00:00,2024-01-21 00:00:00+00:00,2024-01-22 00:00:00+00:00,4657014428.128936,2024-01-22 00:00:00+00:00,13,False,False,False,False
etc,ETC,2024-01-21 00:00:00+00:00,2024-01-21 00:00:00+00:00,2024-01-22 00:00:00+00:00,3566096479.490964,2024-01-22 00:00:00+00:00,14,False,False,False,False
ldo,LDO,2024-01-21 00:00:00+00:00,2024-01-21 00:00:00+00:00,2024-01-22 00:00:00+00:00,2877493021.40089,2024-01-22 00:00:00+00:00,15,False,False,False,False
xmr,XMR,2024-01-21 00:00:00+00:00,2024-01-21 00:00:00+00:00,2024-01-22 00:00:00+00:00,2818500590.716562,2024-01-22 00:00:00+00:00,16,False,False,False,False
qnt,QNT,2024-01-21 00:00:00+00:00,2024-01-21 00:00:00+00:00,2024-01-22 00:00:00+00:00,2757023660.022707,2024-01-22 00:00:00+00:00,17,False,False,False,False
avaxc,AVAXC,2024-01-21 00:00:00+00:00,2024-01-21 00:00:00+00:00,2024-01-22 00:00:00+00:00,2712295947.082646,2024-01-22 00:00:00+00:00,18,False,False,False,False
gno,GNO,2024-01-21 00:00:00+00:00,2024-01-21 00:00:00+00:00,2024-01-22 00:00:00+00:00,2149009645.34219,2024-01-22 00:00:00+00:00,19,False,False,False,False
mkr,MKR,2024-01-21 00:00:00+00:00,2024-01-21 00:00:00+00:00,2024-01-22 00:00:00+00:00,1949857229.3196452,2024-01-22 00:00:00+00:00,20,False,False,False,False
algo,ALGO,2024-01-21 00:00:00+00:00,2024-01-21 00:00:00+00:00,2024-01-22 00:00:00+00:00,1704797918.82371,2024-01-22 00:00:00+00:00,21,False,False,False,False
aave,AAVE,2024-01-21 00:00:00+00:00,2024-01-21 00:00:00+00:00,2024-01-22 00:00:00+00:00,1546047823.5527809,2024-01-22 00:00:00+00:00,22,False,False,False,False
lend,LEND,2024-01-21 00:00:00+00:00,2024-01-21 00:00:00+00:00,2024-01-22 00:00:00+00:00,1256163800.3055782,2024-01-22 00:00:00+00:00,23,False,False,False,False
neo,NEO,2024-01-21 00:00:00+00:00,2024-01-21 00:00:00+00:00,2024-01-22 00:00:00+00:00,1163633732.3552,2024-01-22 00:00:00+00:00,24,False,False,False,False
crv,CRV,2024-01-21 00:00:00+00:00,2024-01-21 00:00:00+00:00,2024-01-22 00:00:00+00:00,1106636818.08473,2024-01-22 00:00:00+00:00,25,False,False,False,False
snx,SNX,2024-01-21 00:00:00+00:00,2024-01-21 00:00:00+00:00,2024-01-22 00:00:00+00:00,1085906424.8689897,2024-01-22 00:00:00+00:00,26,False,False,False,False
mana,MANA,2024-01-21 00:00:00+00:00,2024-01-21 00:00:00+00:00,2024-01-22 00:00:00+00:00,1045637948.6109297,2024-01-22 00:00:00+00:00,27,False,False,False,False
avaxx,AVAXX,2024-01-21 00:00:00+00:00,2024-01-21 00:00:00+00:00,2024-01-22 00:00:00+00:00,902511190.8938026,2024-01-22 00:00:00+00:00,28,False,False,False,False
ftt,FTT,2024-01-21 00:00:00+00:00,2024-01-21 00:00:00+00:00,2024-01-22 00:00:00+00:00,891292922.3150835,2024-01-22 00:00:00+00:00,29,False,False,False,False
ht,HT,2024-01-21 00:00:00+00:00,2024-01-21 00:00:00+00:00,2024-01-22 00:00:00+00:00,882800407.23504,2024-01-22 00:00:00+00:00,30,False,False,False,False
btc,BTC,2024-01-28 00:00:00+00:00,2024-01-28 00:00:00+00:00,2024-01-29 00:00:00+00:00,823356005467.9299,2024-01-29 00:00:00+00:00,1,True,True,True,True
eth,ETH,2024-01-28 00:00:00+00:00,2024-01-28 00:00:00+00:00,2024-01-29 00:00:00+00:00,271028865337.021,2024-01-29 00:00:00+00:00,2,True,True,True,True
xrp,XRP,2024-01-28 00:00:00+00:00,2024-01-28 00:00:00+00:00,2024-01-29 00:00:00+00:00,52354513763.77371,2024-01-29 00:00:00+00:00,3,True,True,False,True
ada,ADA,2024-01-28 00:00:00+00:00,2024-01-28 00:00:00+00:00,2024-01-29 00:00:00+00:00,16978350125.87763,2024-01-29 00:00:00+00:00,4,True,True,False,True
link,LINK,2024-01-28 00:00:00+00:00,2024-01-28 00:00:00+00:00,2024-01-29 00:00:00+00:00,14435404598.4218,2024-01-29 00:00:00+00:00,5,True,True,True,True
xlm,XLM,2024-01-28 00:00:00+00:00,2024-01-28 00:00:00+00:00,2024-01-29 00:00:00+00:00,11984293729.707441,2024-01-29 00:00:00+00:00,6,True,True,False,False
doge,DOGE,2024-01-28 00:00:00+00:00,2024-01-28 00:00:00+00:00,2024-01-29 00:00:00+00:00,11248482797.429193,2024-01-29 00:00:00+00:00,7,False,True,False,False
cro,CRO,2024-01-28 00:00:00+00:00,2024-01-28 00:00:00+00:00,2024-01-29 00:00:00+00:00,8040942213.60968,2024-01-29 00:00:00+00:00,8,False,True,False,False
icp,ICP,2024-01-28 00:00:00+00:00,2024-01-28 00:00:00+00:00,2024-01-29 00:00:00+00:00,6322740470.737524,2024-01-29 00:00:00+00:00,9,False,True,False,False
uni,UNI,2024-01-28 00:00:00+00:00,2024-01-28 00:00:00+00:00,2024-01-29 00:00:00+00:00,5936319864.96304,2024-01-29 00:00:00+00:00,10,False,True,False,False
xvg,XVG,2024-01-28 00:00:00+00:00,2024-01-28 00:00:00+00:00,2024-01-29 00:00:00+00:00,5208044725.911722,2024-01-29 00:00:00+00:00,11,False,False,False,False
ltc,LTC,2024-01-28 00:00:00+00:00,2024-01-28 00:00:00+00:00,2024-01-29 00:00:00+00:00,5068143248.160358,2024-01-29 00:00:00+00:00,12,False,False,False,True
bch,BCH,2024-01-28 00:00:00+00:00,2024-01-28 00:00:00+00:00,2024-01-29 00:00:00+00:00,4646143830.77016,2024-01-29 00:00:00+00:00,13,False,False,False,False
etc,ETC,2024-01-28 00:00:00+00:00,2024-01-28 00:00:00+00:00,2024-01-29 00:00:00+00:00,3413738153.6205626,2024-01-29 00:00:00+00:00,14,False,False,False,False
ldo,LDO,2024-01-28 00:00:00+00:00,2024-01-28 00:00:00+00:00,2024-01-29 00:00:00+00:00,3153781802.39018,2024-01-29 00:00:00+00:00,15,False,False,False,False
avaxc,AVAXC,2024-01-28 00:00:00+00:00,2024-01-28 00:00:00+00:00,2024-01-29 00:00:00+00:00,2916707082.4143257,2024-01-29 00:00:00+00:00,16,False,False,False,False
xmr,XMR,2024-01-28 00:00:00+00:00,2024-01-28 00:00:00+00:00,2024-01-29 00:00:00+00:00,2872082658.44828,2024-01-29 00:00:00+00:00,17,False,False,False,False
qnt,QNT,2024-01-28 00:00:00+00:00,2024-01-28 00:00:00+00:00,2024-01-29 00:00:00+00:00,2579980446.49204,2024-01-29 00:00:00+00:00,18,False,False,False,False
gno,GNO,2024-01-28 00:00:00+00:00,2024-01-28 00:00:00+00:00,2024-01-29 00:00:00+00:00,2090820143.83611,2024-01-29 00:00:00+00:00,19,False,False,False,False
mkr,MKR,2024-01-28 00:00:00+00:00,2024-01-28 00:00:00+00:00,2024-01-29 00:00:00+00:00,1914434517.6132972,2024-01-29 00:00:00+00:00,20,False,False,False,False
algo,ALGO,2024-01-28 00:00:00+00:00,2024-01-28 00:00:00+00:00,2024-01-29 00:00:00+00:00,1638103084.31797,2024-01-29 00:00:00+00:00,21,False,False,False,False
aave,AAVE,2024-01-28 00:00:00+00:00,2024-01-28 00:00:00+00:00,2024-01-29 00:00:00+00:00,1456734446.5630064,2024-01-29 00:00:00+00:00,22,False,False,False,False
ht,HT,2024-01-28 00:00:00+00:00,2024-01-28 00:00:00+00:00,2024-01-29 00:00:00+00:00,1273334283.25146,2024-01-29 00:00:00+00:00,23,False,False,False,False
lend,LEND,2024-01-28 00:00:00+00:00,2024-01-28 00:00:00+00:00,2024-01-29 00:00:00+00:00,1183596684.7555656,2024-01-29 00:00:00+00:00,24,False,False,False,False
neo,NEO,2024-01-28 00:00:00+00:00,2024-01-28 00:00:00+00:00,2024-01-29 00:00:00+00:00,1081005185.21831,2024-01-29 00:00:00+00:00,25,False,False,False,False
snx,SNX,2024-01-28 00:00:00+00:00,2024-01-28 00:00:00+00:00,2024-01-29 00:00:00+00:00,1047628546.6425719,2024-01-29 00:00:00+00:00,26,False,False,False,False
mana,MANA,2024-01-28 00:00:00+00:00,2024-01-28 00:00:00+00:00,2024-01-29 00:00:00+00:00,976439459.3350548,2024-01-29 00:00:00+00:00,27,False,False,False,False
crv,CRV,2024-01-28 00:00:00+00:00,2024-01-28 00:00:00+00:00,2024-01-29 00:00:00+00:00,967195079.7643709,2024-01-29 00:00:00+00:00,28,False,False,False,False
avaxx,AVAXX,2024-01-28 00:00:00+00:00,2024-01-28 00:00:00+00:00,2024-01-29 00:00:00+00:00,950364805.9736785,2024-01-29 00:00:00+00:00,29,False,False,False,False
ftt,FTT,2024-01-28 00:00:00+00:00,2024-01-28 00:00:00+00:00,2024-01-29 00:00:00+00:00,892378133.9799118,2024-01-29 00:00:00+00:00,30,False,False,False,False
btc,BTC,2024-02-04 00:00:00+00:00,2024-02-04 00:00:00+00:00,2024-02-05 00:00:00+00:00,835277882869.2006,2024-02-05 00:00:00+00:00,1,True,True,True,True
eth,ETH,2024-02-04 00:00:00+00:00,2024-02-04 00:00:00+00:00,2024-02-05 00:00:00+00:00,274931718349.56335,2024-02-05 00:00:00+00:00,2,True,True,True,True
xrp,XRP,2024-02-04 00:00:00+00:00,2024-02-04 00:00:00+00:00,2024-02-05 00:00:00+00:00,50308587367.562416,2024-02-05 00:00:00+00:00,3,True,True,False,True
link,LINK,2024-02-04 00:00:00+00:00,2024-02-04 00:00:00+00:00,2024-02-05 00:00:00+00:00,18176784199.3584,2024-02-05 00:00:00+00:00,4,True,True,True,True
ada,ADA,2024-02-04 00:00:00+00:00,2024-02-04 00:00:00+00:00,2024-02-05 00:00:00+00:00,17191634411.92179,2024-02-05 00:00:00+00:00,5,True,True,False,True
xlm,XLM,2024-02-04 00:00:00+00:00,2024-02-04 00:00:00+00:00,2024-02-05 00:00:00+00:00,11510019576.779757,2024-02-05 00:00:00+00:00,6,True,True,False,False
doge,DOGE,2024-02-04 00:00:00+00:00,2024-02-04 00:00:00+00:00,2024-02-05 00:00:00+00:00,11177979918.200489,2024-02-05 00:00:00+00:00,7,False,True,False,False
cro,CRO,2024-02-04 00:00:00+00:00,2024-02-04 00:00:00+00:00,2024-02-05 00:00:00+00:00,8039194279.20328,2024-02-05 00:00:00+00:00,8,False,True,False,False
icp,ICP,2024-02-04 00:00:00+00:00,2024-02-04 00:00:00+00:00,2024-02-05 00:00:00+00:00,6557531066.189714,2024-02-05 00:00:00+00:00,9,False,True,False,False
uni,UNI,2024-02-04 00:00:00+00:00,2024-02-04 00:00:00+00:00,2024-02-05 00:00:00+00:00,5977788593.36902,2024-02-05 00:00:00+00:00,10,False,True,False,False
xvg,XVG,2024-02-04 00:00:00+00:00,2024-02-04 00:00:00+00:00,2024-02-05 00:00:00+00:00,5060733155.867975,2024-02-05 00:00:00+00:00,11,False,False,False,False
ltc,LTC,2024-02-04 00:00:00+00:00,2024-02-04 00:00:00+00:00,2024-02-05 00:00:00+00:00,4956593465.572529,2024-02-05 00:00:00+00:00,12,False,False,False,True
bch,BCH,2024-02-04 00:00:00+00:00,2024-02-04 00:00:00+00:00,2024-02-05 00:00:00+00:00,4617142137.755594,2024-02-05 00:00:00+00:00,13,False,False,False,False
etc,ETC,2024-02-04 00:00:00+00:00,2024-02-04 00:00:00+00:00,2024-02-05 00:00:00+00:00,3625750765.1924744,2024-02-05 00:00:00+00:00,14,False,False,False,False
xmr,XMR,2024-02-04 00:00:00+00:00,2024-02-04 00:00:00+00:00,2024-02-05 00:00:00+00:00,2966264938.814273,2024-02-05 00:00:00+00:00,15,False,False,False,False
avaxc,AVAXC,2024-02-04 00:00:00+00:00,2024-02-04 00:00:00+00:00,2024-02-05 00:00:00+00:00,2939612063.069032,2024-02-05 00:00:00+00:00,16,False,False,False,False
ldo,LDO,2024-02-04 00:00:00+00:00,2024-02-04 00:00:00+00:00,2024-02-05 00:00:00+00:00,2669603027.45699,2024-02-05 00:00:00+00:00,17,False,False,False,False
qnt,QNT,2024-02-04 00:00:00+00:00,2024-02-04 00:00:00+00:00,2024-02-05 00:00:00+00:00,2460813754.321446,2024-02-05 00:00:00+00:00,18,False,False,False,False
gno,GNO,2024-02-04 00:00:00+00:00,2024-02-04 00:00:00+00:00,2024-02-05 00:00:00+00:00,2173842014.03099,2024-02-05 00:00:00+00:00,19,False,False,False,False
mkr,MKR,2024-02-04 00:00:00+00:00,2024-02-04 00:00:00+00:00,2024-02-05 00:00:00+00:00,1948257756.7588642,2024-02-05 00:00:00+00:00,20,False,False,False,False
algo,ALGO,2024-02-04 00:00:00+00:00,2024-02-04 00:00:00+00:00,2024-02-05 00:00:00+00:00,1588340669.66415,2024-02-05 00:00:00+00:00,21,False,False,False,False
ht,HT,2024-02-04 00:00:00+00:00,2024-02-04 00:00:00+00:00,2024-02-05 00:00:00+00:00,1483798799.55628,2024-02-05 00:00:00+00:00,22,False,False,False,False
aave,AAVE,2024-02-04 00:00:00+00:00,2024-02-04 00:00:00+00:00,2024-02-05 00:00:00+00:00,1332455502.4433775,2024-02-05 00:00:00+00:00,23,False,False,False,False
neo,NEO,2024-02-04 00:00:00+00:00,2024-02-04 00:00:00+00:00,2024-02-05 00:00:00+00:00,1082628735.45957,2024-02-05 00:00:00+00:00,24,False,False,False,False
lend,LEND,2024-02-04 00:00:00+00:00,2024-02-04 00:00:00+00:00,2024-02-05 00:00:00+00:00,1082620047.1865354,2024-02-05 00:00:00+00:00,25,False,False,False,False
snx,SNX,2024-02-04 00:00:00+00:00,2024-02-04 00:00:00+00:00,2024-02-05 00:00:00+00:00,1024513537.0222133,2024-02-05 00:00:00+00:00,26,False,False,False,False
avaxx,AVAXX,2024-02-04 00:00:00+00:00,2024-02-04 00:00:00+00:00,2024-02-05 00:00:00+00:00,947818212.2263719,2024-02-05 00:00:00+00:00,27,False,False,False,False
mana,MANA,2024-02-04 00:00:00+00:00,2024-02-04 00:00:00+00:00,2024-02-05 00:00:00+00:00,944716226.9448875,2024-02-05 00:00:00+00:00,28,False,False,False,False
crv,CRV,2024-02-04 00:00:00+00:00,2024-02-04 00:00:00+00:00,2024-02-05 00:00:00+00:00,939619596.2869071,2024-02-05 00:00:00+00:00,29,False,False,False,False
1inch,1INCH,2024-02-04 00:00:00+00:00,2024-02-04 00:00:00+00:00,2024-02-05 00:00:00+00:00,584058724.6019804,2024-02-05 00:00:00+00:00,30,False,False,False,False
btc,BTC,2024-02-11 00:00:00+00:00,2024-02-11 00:00:00+00:00,2024-02-12 00:00:00+00:00,945946661324.0155,2024-02-12 00:00:00+00:00,1,True,True,True,True
eth,ETH,2024-02-11 00:00:00+00:00,2024-02-11 00:00:00+00:00,2024-02-12 00:00:00+00:00,300969179572.92676,2024-02-12 00:00:00+00:00,2,True,True,True,True
xrp,XRP,2024-02-11 00:00:00+00:00,2024-02-11 00:00:00+00:00,2024-02-12 00:00:00+00:00,52576985940.88923,2024-02-12 00:00:00+00:00,3,True,True,False,True
link,LINK,2024-02-11 00:00:00+00:00,2024-02-11 00:00:00+00:00,2024-02-12 00:00:00+00:00,20125390654.6431,2024-02-12 00:00:00+00:00,4,True,True,True,True
ada,ADA,2024-02-11 00:00:00+00:00,2024-02-11 00:00:00+00:00,2024-02-12 00:00:00+00:00,18809048453.481133,2024-02-12 00:00:00+00:00,5,True,True,False,True
xlm,XLM,2024-02-11 00:00:00+00:00,2024-02-11 00:00:00+00:00,2024-02-12 00:00:00+00:00,11705937377.726881,2024-02-12 00:00:00+00:00,6,True,True,False,False
doge,DOGE,2024-02-11 00:00:00+00:00,2024-02-11 00:00:00+00:00,2024-02-12 00:00:00+00:00,11606075516.43625,2024-02-12 00:00:00+00:00,7,False,True,False,False
cro,CRO,2024-02-11 00:00:00+00:00,2024-02-11 00:00:00+00:00,2024-02-12 00:00:00+00:00,8627355606.80028,2024-02-12 00:00:00+00:00,8,False,True,False,False
uni,UNI,2024-02-11 00:00:00+00:00,2024-02-11 00:00:00+00:00,2024-02-12 00:00:00+00:00,6678719420.95448,2024-02-12 00:00:00+00:00,9,False,True,False,False
icp,ICP,2024-02-11 00:00:00+00:00,2024-02-11 00:00:00+00:00,2024-02-12 00:00:00+00:00,6659533707.312846,2024-02-12 00:00:00+00:00,10,False,True,False,False
xvg,XVG,2024-02-11 00:00:00+00:00,2024-02-11 00:00:00+00:00,2024-02-12 00:00:00+00:00,5444785793.473919,2024-02-12 00:00:00+00:00,11,False,False,False,False
bch,BCH,2024-02-11 00:00:00+00:00,2024-02-11 00:00:00+00:00,2024-02-12 00:00:00+00:00,5430587029.855667,2024-02-12 00:00:00+00:00,12,False,False,False,False
ltc,LTC,2024-02-11 00:00:00+00:00,2024-02-11 00:00:00+00:00,2024-02-12 00:00:00+00:00,5307421918.871491,2024-02-12 00:00:00+00:00,13,False,False,False,True
etc,ETC,2024-02-11 00:00:00+00:00,2024-02-11 00:00:00+00:00,2024-02-12 00:00:00+00:00,3765509578.495954,2024-02-12 00:00:00+00:00,14,False,False,False,False
avaxc,AVAXC,2024-02-11 00:00:00+00:00,2024-02-11 00:00:00+00:00,2024-02-12 00:00:00+00:00,3350563573.174494,2024-02-12 00:00:00+00:00,15,False,False,False,False
ldo,LDO,2024-02-11 00:00:00+00:00,2024-02-11 00:00:00+00:00,2024-02-12 00:00:00+00:00,2877216137.84704,2024-02-12 00:00:00+00:00,16,False,False,False,False
gno,GNO,2024-02-11 00:00:00+00:00,2024-02-11 00:00:00+00:00,2024-02-12 00:00:00+00:00,2554430975.98577,2024-02-12 00:00:00+00:00,17,False,False,False,False
qnt,QNT,2024-02-11 00:00:00+00:00,2024-02-11 00:00:00+00:00,2024-02-12 00:00:00+00:00,2513468287.24092,2024-02-12 00:00:00+00:00,18,False,False,False,False
xmr,XMR,2024-02-11 00:00:00+00:00,2024-02-11 00:00:00+00:00,2024-02-12 00:00:00+00:00,2162202581.889148,2024-02-12 00:00:00+00:00,19,False,False,False,False
mkr,MKR,2024-02-11 00:00:00+00:00,2024-02-11 00:00:00+00:00,2024-02-12 00:00:00+00:00,1978812288.2765872,2024-02-12 00:00:00+00:00,20,False,False,False,False
algo,ALGO,2024-02-11 00:00:00+00:00,2024-02-11 00:00:00+00:00,2024-02-12 00:00:00+00:00,1759418383.166,2024-02-12 00:00:00+00:00,21,False,False,False,False
aave,AAVE,2024-02-11 00:00:00+00:00,2024-02-11 00:00:00+00:00,2024-02-12 00:00:00+00:00,1393921794.6945615,2024-02-12 00:00:00+00:00,22,False,False,False,False
neo,NEO,2024-02-11 00:00:00+00:00,2024-02-11 00:00:00+00:00,2024-02-12 00:00:00+00:00,1170361352.1712,2024-02-12 00:00:00+00:00,23,False,False,False,False
snx,SNX,2024-02-11 00:00:00+00:00,2024-02-11 00:00:00+00:00,2024-02-12 00:00:00+00:00,1146551095.2843726,2024-02-12 00:00:00+00:00,24,False,False,False,False
lend,LEND,2024-02-11 00:00:00+00:00,2024-02-11 00:00:00+00:00,2024-02-12 00:00:00+00:00,1132561407.401066,2024-02-12 00:00:00+00:00,25,False,False,False,False
avaxx,AVAXX,2024-02-11 00:00:00+00:00,2024-02-11 00:00:00+00:00,2024-02-12 00:00:00+00:00,1077175858.37545,2024-02-12 00:00:00+00:00,26,False,False,False,False
mana,MANA,2024-02-11 00:00:00+00:00,2024-02-11 00:00:00+00:00,2024-02-12 00:00:00+00:00,1031133064.8837233,2024-02-12 00:00:00+00:00,27,False,False,False,False
crv,CRV,2024-02-11 00:00:00+00:00,2024-02-11 00:00:00+00:00,2024-02-12 00:00:00+00:00,1018397966.5207837,2024-02-12 00:00:00+00:00,28,False,False,False,False
ht,HT,2024-02-11 00:00:00+00:00,2024-02-11 00:00:00+00:00,2024-02-12 00:00:00+00:00,922582982.20093,2024-02-12 00:00:00+00:00,29,False,False,False,False
1inch,1INCH,2024-02-11 00:00:00+00:00,2024-02-11 00:00:00+00:00,2024-02-12 00:00:00+00:00,630101066.8738245,2024-02-12 00:00:00+00:00,30,False,False,False,False
btc,BTC,2024-02-18 00:00:00+00:00,2024-02-18 00:00:00+00:00,2024-02-19 00:00:00+00:00,1023743059920.6989,2024-02-19 00:00:00+00:00,1,True,True,True,True
eth,ETH,2024-02-18 00:00:00+00:00,2024-02-18 00:00:00+00:00,2024-02-19 00:00:00+00:00,345753391043.1903,2024-02-19 00:00:00+00:00,2,True,True,True,True
xrp,XRP,2024-02-18 00:00:00+00:00,2024-02-18 00:00:00+00:00,2024-02-19 00:00:00+00:00,55728914157.16419,2024-02-19 00:00:00+00:00,3,True,True,False,True
ada,ADA,2024-02-18 00:00:00+00:00,2024-02-18 00:00:00+00:00,2024-02-19 00:00:00+00:00,21557136351.767853,2024-02-19 00:00:00+00:00,4,True,True,False,True
link,LINK,2024-02-18 00:00:00+00:00,2024-02-18 00:00:00+00:00,2024-02-19 00:00:00+00:00,20135911882.0441,2024-02-19 00:00:00+00:00,5,True,True,True,True
xlm,XLM,2024-02-18 00:00:00+00:00,2024-02-18 00:00:00+00:00,2024-02-19 00:00:00+00:00,12220665865.646305,2024-02-19 00:00:00+00:00,6,True,True,False,False
doge,DOGE,2024-02-18 00:00:00+00:00,2024-02-18 00:00:00+00:00,2024-02-19 00:00:00+00:00,12200929859.012203,2024-02-19 00:00:00+00:00,7,False,True,False,False
cro,CRO,2024-02-18 00:00:00+00:00,2024-02-18 00:00:00+00:00,2024-02-19 00:00:00+00:00,9061739818.50791,2024-02-19 00:00:00+00:00,8,False,True,False,False
uni,UNI,2024-02-18 00:00:00+00:00,2024-02-18 00:00:00+00:00,2024-02-19 00:00:00+00:00,7654183027.52795,2024-02-19 00:00:00+00:00,9,False,True,False,False
icp,ICP,2024-02-18 00:00:00+00:00,2024-02-18 00:00:00+00:00,2024-02-19 00:00:00+00:00,7011744207.334901,2024-02-19 00:00:00+00:00,10,False,True,False,False
xvg,XVG,2024-02-18 00:00:00+00:00,2024-02-18 00:00:00+00:00,2024-02-19 00:00:00+00:00,6486955717.747051,2024-02-19 00:00:00+00:00,11,False,False,False,False
bch,BCH,2024-02-18 00:00:00+00:00,2024-02-18 00:00:00+00:00,2024-02-19 00:00:00+00:00,5315434480.421198,2024-02-19 00:00:00+00:00,12,False,False,False,False
ltc,LTC,2024-02-18 00:00:00+00:00,2024-02-18 00:00:00+00:00,2024-02-19 00:00:00+00:00,5256629835.133072,2024-02-19 00:00:00+00:00,13,False,False,False,True
etc,ETC,2024-02-18 00:00:00+00:00,2024-02-18 00:00:00+00:00,2024-02-19 00:00:00+00:00,3870257775.3905144,2024-02-19 00:00:00+00:00,14,False,False,False,False
avaxc,AVAXC,2024-02-18 00:00:00+00:00,2024-02-18 00:00:00+00:00,2024-02-19 00:00:00+00:00,3403791570.688214,2024-02-19 00:00:00+00:00,15,False,False,False,False
ldo,LDO,2024-02-18 00:00:00+00:00,2024-02-18 00:00:00+00:00,2024-02-19 00:00:00+00:00,3326405585.25118,2024-02-19 00:00:00+00:00,16,False,False,False,False
gno,GNO,2024-02-18 00:00:00+00:00,2024-02-18 00:00:00+00:00,2024-02-19 00:00:00+00:00,2982441744.76051,2024-02-19 00:00:00+00:00,17,False,False,False,False
qnt,QNT,2024-02-18 00:00:00+00:00,2024-02-18 00:00:00+00:00,2024-02-19 00:00:00+00:00,2684404775.7326117,2024-02-19 00:00:00+00:00,18,False,False,False,False
xmr,XMR,2024-02-18 00:00:00+00:00,2024-02-18 00:00:00+00:00,2024-02-19 00:00:00+00:00,2189686840.3651824,2024-02-19 00:00:00+00:00,19,False,False,False,False
mkr,MKR,2024-02-18 00:00:00+00:00,2024-02-18 00:00:00+00:00,2024-02-19 00:00:00+00:00,2125509003.459762,2024-02-19 00:00:00+00:00,20,False,False,False,False
algo,ALGO,2024-02-18 00:00:00+00:00,2024-02-18 00:00:00+00:00,2024-02-19 00:00:00+00:00,1964450333.53742,2024-02-19 00:00:00+00:00,21,False,False,False,False
aave,AAVE,2024-02-18 00:00:00+00:00,2024-02-18 00:00:00+00:00,2024-02-19 00:00:00+00:00,1514492132.7060816,2024-02-19 00:00:00+00:00,22,False,False,False,False
neo,NEO,2024-02-18 00:00:00+00:00,2024-02-18 00:00:00+00:00,2024-02-19 00:00:00+00:00,1292190104.50773,2024-02-19 00:00:00+00:00,23,False,False,False,False
snx,SNX,2024-02-18 00:00:00+00:00,2024-02-18 00:00:00+00:00,2024-02-19 00:00:00+00:00,1244998241.3711228,2024-02-19 00:00:00+00:00,24,False,False,False,False
lend,LEND,2024-02-18 00:00:00+00:00,2024-02-18 00:00:00+00:00,2024-02-19 00:00:00+00:00,1230524802.642383,2024-02-19 00:00:00+00:00,25,False,False,False,False
crv,CRV,2024-02-18 00:00:00+00:00,2024-02-18 00:00:00+00:00,2024-02-19 00:00:00+00:00,1119031492.5278277,2024-02-19 00:00:00+00:00,26,False,False,False,False
mana,MANA,2024-02-18 00:00:00+00:00,2024-02-18 00:00:00+00:00,2024-02-19 00:00:00+00:00,1108112085.3108492,2024-02-19 00:00:00+00:00,27,False,False,False,False
avaxx,AVAXX,2024-02-18 00:00:00+00:00,2024-02-18 00:00:00+00:00,2024-02-19 00:00:00+00:00,1091442042.3617556,2024-02-19 00:00:00+00:00,28,False,False,False,False
1inch,1INCH,2024-02-18 00:00:00+00:00,2024-02-18 00:00:00+00:00,2024-02-19 00:00:00+00:00,678366366.6299715,2024-02-19 00:00:00+00:00,29,False,False,False,False
ht,HT,2024-02-18 00:00:00+00:00,2024-02-18 00:00:00+00:00,2024-02-19 00:00:00+00:00,673876237.978545,2024-02-19 00:00:00+00:00,30,False,False,False,False
btc,BTC,2024-02-25 00:00:00+00:00,2024-02-25 00:00:00+00:00,2024-02-26 00:00:00+00:00,1016185995310.1201,2024-02-26 00:00:00+00:00,1,True,True,True,True
eth,ETH,2024-02-25 00:00:00+00:00,2024-02-25 00:00:00+00:00,2024-02-26 00:00:00+00:00,373901389054.79645,2024-02-26 00:00:00+00:00,2,True,True,True,True
xrp,XRP,2024-02-25 00:00:00+00:00,2024-02-25 00:00:00+00:00,2024-02-26 00:00:00+00:00,54258490492.327934,2024-02-26 00:00:00+00:00,3,True,True,False,True
ada,ADA,2024-02-25 00:00:00+00:00,2024-02-25 00:00:00+00:00,2024-02-26 00:00:00+00:00,20578201371.620323,2024-02-26 00:00:00+00:00,4,True,True,False,True
link,LINK,2024-02-25 00:00:00+00:00,2024-02-25 00:00:00+00:00,2024-02-26 00:00:00+00:00,18702100468.0733,2024-02-26 00:00:00+00:00,5,True,True,True,True
doge,DOGE,2024-02-25 00:00:00+00:00,2024-02-25 00:00:00+00:00,2024-02-26 00:00:00+00:00,12336473353.906742,2024-02-26 00:00:00+00:00,6,True,True,False,False
xlm,XLM,2024-02-25 00:00:00+00:00,2024-02-25 00:00:00+00:00,2024-02-26 00:00:00+00:00,12273481040.948444,2024-02-26 00:00:00+00:00,7,False,True,False,False
uni,UNI,2024-02-25 00:00:00+00:00,2024-02-25 00:00:00+00:00,2024-02-26 00:00:00+00:00,11017457988.9997,2024-02-26 00:00:00+00:00,8,False,True,False,False
xvg,XVG,2024-02-25 00:00:00+00:00,2024-02-25 00:00:00+00:00,2024-02-26 00:00:00+00:00,9861823747.724646,2024-02-26 00:00:00+00:00,9,False,True,False,False
cro,CRO,2024-02-25 00:00:00+00:00,2024-02-25 00:00:00+00:00,2024-02-26 00:00:00+00:00,9442807200.25568,2024-02-26 00:00:00+00:00,10,False,True,False,False
icp,ICP,2024-02-25 00:00:00+00:00,2024-02-25 00:00:00+00:00,2024-02-26 00:00:00+00:00,6419273093.644612,2024-02-26 00:00:00+00:00,11,False,False,False,False
bch,BCH,2024-02-25 00:00:00+00:00,2024-02-25 00:00:00+00:00,2024-02-26 00:00:00+00:00,5263246246.90312,2024-02-26 00:00:00+00:00,12,False,False,False,False
ltc,LTC,2024-02-25 00:00:00+00:00,2024-02-25 00:00:00+00:00,2024-02-26 00:00:00+00:00,5204117446.874461,2024-02-26 00:00:00+00:00,13,False,False,False,True
etc,ETC,2024-02-25 00:00:00+00:00,2024-02-25 00:00:00+00:00,2024-02-26 00:00:00+00:00,3962470652.2984233,2024-02-26 00:00:00+00:00,14,False,False,False,False
gno,GNO,2024-02-25 00:00:00+00:00,2024-02-25 00:00:00+00:00,2024-02-26 00:00:00+00:00,3495088551.74332,2024-02-26 00:00:00+00:00,15,False,False,False,False
ldo,LDO,2024-02-25 00:00:00+00:00,2024-02-25 00:00:00+00:00,2024-02-26 00:00:00+00:00,3393509558.32672,2024-02-26 00:00:00+00:00,16,False,False,False,False
avaxc,AVAXC,2024-02-25 00:00:00+00:00,2024-02-25 00:00:00+00:00,2024-02-26 00:00:00+00:00,3139360833.2168703,2024-02-26 00:00:00+00:00,17,False,False,False,False
qnt,QNT,2024-02-25 00:00:00+00:00,2024-02-25 00:00:00+00:00,2024-02-26 00:00:00+00:00,2614625963.1882195,2024-02-26 00:00:00+00:00,18,False,False,False,False
xmr,XMR,2024-02-25 00:00:00+00:00,2024-02-25 00:00:00+00:00,2024-02-26 00:00:00+00:00,2298336277.643699,2024-02-26 00:00:00+00:00,19,False,False,False,False
algo,ALGO,2024-02-25 00:00:00+00:00,2024-02-25 00:00:00+00:00,2024-02-26 00:00:00+00:00,2072822593.48631,2024-02-26 00:00:00+00:00,20,False,False,False,False
mkr,MKR,2024-02-25 00:00:00+00:00,2024-02-25 00:00:00+00:00,2024-02-26 00:00:00+00:00,2003878358.318852,2024-02-26 00:00:00+00:00,21,False,False,False,False
aave,AAVE,2024-02-25 00:00:00+00:00,2024-02-25 00:00:00+00:00,2024-02-26 00:00:00+00:00,1603243348.617984,2024-02-26 00:00:00+00:00,22,False,False,False,False
lend,LEND,2024-02-25 00:00:00+00:00,2024-02-25 00:00:00+00:00,2024-02-26 00:00:00+00:00,1302635162.337107,2024-02-26 00:00:00+00:00,23,False,False,False,False
snx,SNX,2024-02-25 00:00:00+00:00,2024-02-25 00:00:00+00:00,2024-02-26 00:00:00+00:00,1297971302.3664398,2024-02-26 00:00:00+00:00,24,False,False,False,False
neo,NEO,2024-02-25 00:00:00+00:00,2024-02-25 00:00:00+00:00,2024-02-26 00:00:00+00:00,1281299083.142,2024-02-26 00:00:00+00:00,25,False,False,False,False
crv,CRV,2024-02-25 00:00:00+00:00,2024-02-25 00:00:00+00:00,2024-02-26 00:00:00+00:00,1246216430.0373685,2024-02-26 00:00:00+00:00,26,False,False,False,False
mana,MANA,2024-02-25 00:00:00+00:00,2024-02-25 00:00:00+00:00,2024-02-26 00:00:00+00:00,1119932022.9266965,2024-02-26 00:00:00+00:00,27,False,False,False,False
avaxx,AVAXX,2024-02-25 00:00:00+00:00,2024-02-25 00:00:00+00:00,2024-02-26 00:00:00+00:00,1011960769.340168,2024-02-26 00:00:00+00:00,28,False,False,False,False
1inch,1INCH,2024-02-25 00:00:00+00:00,2024-02-25 00:00:00+00:00,2024-02-26 00:00:00+00:00,743034486.3485775,2024-02-26 00:00:00+00:00,29,False,False,False,False
comp,COMP,2024-02-25 00:00:00+00:00,2024-02-25 00:00:00+00:00,2024-02-26 00:00:00+00:00,689395937.911778,2024-02-26 00:00:00+00:00,30,False,False,False,False
btc,BTC,2024-03-03 00:00:00+00:00,2024-03-03 00:00:00+00:00,2024-03-04 00:00:00+00:00,1237397939322.019,2024-03-04 00:00:00+00:00,1,True,True,True,True
eth,ETH,2024-03-03 00:00:00+00:00,2024-03-03 00:00:00+00:00,2024-03-04 00:00:00+00:00,418373036856.63043,2024-03-04 00:00:00+00:00,2,True,True,True,True
xrp,XRP,2024-03-03 00:00:00+00:00,2024-03-03 00:00:00+00:00,2024-03-04 00:00:00+00:00,62694628255.04746,2024-03-04 00:00:00+00:00,3,True,True,False,True
ada,ADA,2024-03-03 00:00:00+00:00,2024-03-03 00:00:00+00:00,2024-03-04 00:00:00+00:00,25336562210.18684,2024-03-04 00:00:00+00:00,4,True,True,False,True
doge,DOGE,2024-03-03 00:00:00+00:00,2024-03-03 00:00:00+00:00,2024-03-04 00:00:00+00:00,22082238584.3259,2024-03-04 00:00:00+00:00,5,True,True,False,False
link,LINK,2024-03-03 00:00:00+00:00,2024-03-03 00:00:00+00:00,2024-03-04 00:00:00+00:00,20497296550.5128,2024-03-04 00:00:00+00:00,6,True,True,True,True
xlm,XLM,2024-03-03 00:00:00+00:00,2024-03-03 00:00:00+00:00,2024-03-04 00:00:00+00:00,14279592794.58238,2024-03-04 00:00:00+00:00,7,False,True,False,False
cro,CRO,2024-03-03 00:00:00+00:00,2024-03-03 00:00:00+00:00,2024-03-04 00:00:00+00:00,14197625110.785,2024-03-04 00:00:00+00:00,8,False,True,False,False
uni,UNI,2024-03-03 00:00:00+00:00,2024-03-03 00:00:00+00:00,2024-03-04 00:00:00+00:00,12637738525.2875,2024-03-04 00:00:00+00:00,9,False,True,False,False
xvg,XVG,2024-03-03 00:00:00+00:00,2024-03-03 00:00:00+00:00,2024-03-04 00:00:00+00:00,10072492297.321913,2024-03-04 00:00:00+00:00,10,False,True,False,False
bch,BCH,2024-03-03 00:00:00+00:00,2024-03-03 00:00:00+00:00,2024-03-04 00:00:00+00:00,9260516084.478273,2024-03-04 00:00:00+00:00,11,False,False,False,False
icp,ICP,2024-03-03 00:00:00+00:00,2024-03-03 00:00:00+00:00,2024-03-04 00:00:00+00:00,6784953279.67364,2024-03-04 00:00:00+00:00,12,False,False,False,False
ltc,LTC,2024-03-03 00:00:00+00:00,2024-03-03 00:00:00+00:00,2024-03-04 00:00:00+00:00,6735954002.986818,2024-03-04 00:00:00+00:00,13,False,False,False,True
etc,ETC,2024-03-03 00:00:00+00:00,2024-03-03 00:00:00+00:00,2024-03-04 00:00:00+00:00,4886879627.141494,2024-03-04 00:00:00+00:00,14,False,False,False,False
gno,GNO,2024-03-03 00:00:00+00:00,2024-03-03 00:00:00+00:00,2024-03-04 00:00:00+00:00,4003569763.95393,2024-03-04 00:00:00+00:00,15,False,False,False,False
avaxc,AVAXC,2024-03-03 00:00:00+00:00,2024-03-03 00:00:00+00:00,2024-03-04 00:00:00+00:00,3594329537.419797,2024-03-04 00:00:00+00:00,16,False,False,False,False
ldo,LDO,2024-03-03 00:00:00+00:00,2024-03-03 00:00:00+00:00,2024-03-04 00:00:00+00:00,3322347468.95221,2024-03-04 00:00:00+00:00,17,False,False,False,False
qnt,QNT,2024-03-03 00:00:00+00:00,2024-03-03 00:00:00+00:00,2024-03-04 00:00:00+00:00,3004223335.371922,2024-03-04 00:00:00+00:00,18,False,False,False,False
xmr,XMR,2024-03-03 00:00:00+00:00,2024-03-03 00:00:00+00:00,2024-03-04 00:00:00+00:00,2713688681.5808063,2024-03-04 00:00:00+00:00,19,False,False,False,False
algo,ALGO,2024-03-03 00:00:00+00:00,2024-03-03 00:00:00+00:00,2024-03-04 00:00:00+00:00,2510263870.03175,2024-03-04 00:00:00+00:00,20,False,False,False,False
mkr,MKR,2024-03-03 00:00:00+00:00,2024-03-03 00:00:00+00:00,2024-03-04 00:00:00+00:00,2048060180.3888268,2024-03-04 00:00:00+00:00,21,False,False,False,False
aave,AAVE,2024-03-03 00:00:00+00:00,2024-03-03 00:00:00+00:00,2024-03-04 00:00:00+00:00,1800443757.3232,2024-03-04 00:00:00+00:00,22,False,False,False,False
neo,NEO,2024-03-03 00:00:00+00:00,2024-03-03 00:00:00+00:00,2024-03-04 00:00:00+00:00,1634929652.15687,2024-03-04 00:00:00+00:00,23,False,False,False,False
snx,SNX,2024-03-03 00:00:00+00:00,2024-03-03 00:00:00+00:00,2024-03-04 00:00:00+00:00,1467625999.6342173,2024-03-04 00:00:00+00:00,24,False,False,False,False
lend,LEND,2024-03-03 00:00:00+00:00,2024-03-03 00:00:00+00:00,2024-03-04 00:00:00+00:00,1462860487.2249956,2024-03-04 00:00:00+00:00,25,False,False,False,False
mana,MANA,2024-03-03 00:00:00+00:00,2024-03-03 00:00:00+00:00,2024-03-04 00:00:00+00:00,1436308010.4098542,2024-03-04 00:00:00+00:00,26,False,False,False,False
crv,CRV,2024-03-03 00:00:00+00:00,2024-03-03 00:00:00+00:00,2024-03-04 00:00:00+00:00,1393519788.0063903,2024-03-04 00:00:00+00:00,27,False,False,False,False
avaxx,AVAXX,2024-03-03 00:00:00+00:00,2024-03-03 00:00:00+00:00,2024-03-04 00:00:00+00:00,1150972253.1536536,2024-03-04 00:00:00+00:00,28,False,False,False,False
comp,COMP,2024-03-03 00:00:00+00:00,2024-03-03 00:00:00+00:00,2024-03-04 00:00:00+00:00,893536669.865462,2024-03-04 00:00:00+00:00,29,False,False,False,False
1inch,1INCH,2024-03-03 00:00:00+00:00,2024-03-03 00:00:00+00:00,2024-03-04 00:00:00+00:00,882660073.058346,2024-03-04 00:00:00+00:00,30,False,False,False,False
btc,BTC,2024-03-10 00:00:00+00:00,2024-03-10 00:00:00+00:00,2024-03-11 00:00:00+00:00,1353579668685.4263,2024-03-11 00:00:00+00:00,1,True,True,True,True
eth,ETH,2024-03-10 00:00:00+00:00,2024-03-10 00:00:00+00:00,2024-03-11 00:00:00+00:00,465068887749.3557,2024-03-11 00:00:00+00:00,2,True,True,True,True
xrp,XRP,2024-03-10 00:00:00+00:00,2024-03-10 00:00:00+00:00,2024-03-11 00:00:00+00:00,60720105770.706566,2024-03-11 00:00:00+00:00,3,True,True,False,True
ada,ADA,2024-03-10 00:00:00+00:00,2024-03-10 00:00:00+00:00,2024-03-11 00:00:00+00:00,24865968959.739845,2024-03-11 00:00:00+00:00,4,True,True,False,True
doge,DOGE,2024-03-10 00:00:00+00:00,2024-03-10 00:00:00+00:00,2024-03-11 00:00:00+00:00,24249752854.79463,2024-03-11 00:00:00+00:00,5,True,True,False,False
link,LINK,2024-03-10 00:00:00+00:00,2024-03-10 00:00:00+00:00,2024-03-11 00:00:00+00:00,21614061815.9216,2024-03-11 00:00:00+00:00,6,True,True,True,True
cro,CRO,2024-03-10 00:00:00+00:00,2024-03-10 00:00:00+00:00,2024-03-11 00:00:00+00:00,16427562908.3642,2024-03-11 00:00:00+00:00,7,False,True,False,False
xlm,XLM,2024-03-10 00:00:00+00:00,2024-03-10 00:00:00+00:00,2024-03-11 00:00:00+00:00,14714605713.754877,2024-03-11 00:00:00+00:00,8,False,True,False,False
uni,UNI,2024-03-10 00:00:00+00:00,2024-03-10 00:00:00+00:00,2024-03-11 00:00:00+00:00,14114795734.3824,2024-03-11 00:00:00+00:00,9,False,True,False,False
xvg,XVG,2024-03-10 00:00:00+00:00,2024-03-10 00:00:00+00:00,2024-03-11 00:00:00+00:00,10188420750.475088,2024-03-11 00:00:00+00:00,10,False,True,False,False
bch,BCH,2024-03-10 00:00:00+00:00,2024-03-10 00:00:00+00:00,2024-03-11 00:00:00+00:00,8295858211.529737,2024-03-11 00:00:00+00:00,11,False,False,False,False
icp,ICP,2024-03-10 00:00:00+00:00,2024-03-10 00:00:00+00:00,2024-03-11 00:00:00+00:00,7254973384.840843,2024-03-11 00:00:00+00:00,12,False,False,False,False
ltc,LTC,2024-03-10 00:00:00+00:00,2024-03-10 00:00:00+00:00,2024-03-11 00:00:00+00:00,6482957176.474508,2024-03-11 00:00:00+00:00,13,False,False,False,True
etc,ETC,2024-03-10 00:00:00+00:00,2024-03-10 00:00:00+00:00,2024-03-11 00:00:00+00:00,5264050488.57527,2024-03-11 00:00:00+00:00,14,False,False,False,False
gno,GNO,2024-03-10 00:00:00+00:00,2024-03-10 00:00:00+00:00,2024-03-11 00:00:00+00:00,4086753625.67425,2024-03-11 00:00:00+00:00,15,False,False,False,False
avaxc,AVAXC,2024-03-10 00:00:00+00:00,2024-03-10 00:00:00+00:00,2024-03-11 00:00:00+00:00,3545974577.7928658,2024-03-11 00:00:00+00:00,16,False,False,False,False
ldo,LDO,2024-03-10 00:00:00+00:00,2024-03-10 00:00:00+00:00,2024-03-11 00:00:00+00:00,3270246244.27301,2024-03-11 00:00:00+00:00,17,False,False,False,False
qnt,QNT,2024-03-10 00:00:00+00:00,2024-03-10 00:00:00+00:00,2024-03-11 00:00:00+00:00,2886167701.2697024,2024-03-11 00:00:00+00:00,18,False,False,False,False
mkr,MKR,2024-03-10 00:00:00+00:00,2024-03-10 00:00:00+00:00,2024-03-11 00:00:00+00:00,2737991351.8516483,2024-03-11 00:00:00+00:00,19,False,False,False,False
algo,ALGO,2024-03-10 00:00:00+00:00,2024-03-10 00:00:00+00:00,2024-03-11 00:00:00+00:00,2619901000.32146,2024-03-11 00:00:00+00:00,20,False,False,False,False
xmr,XMR,2024-03-10 00:00:00+00:00,2024-03-10 00:00:00+00:00,2024-03-11 00:00:00+00:00,2617896063.358874,2024-03-11 00:00:00+00:00,21,False,False,False,False
aave,AAVE,2024-03-10 00:00:00+00:00,2024-03-10 00:00:00+00:00,2024-03-11 00:00:00+00:00,2016597410.42848,2024-03-11 00:00:00+00:00,22,False,False,False,False
neo,NEO,2024-03-10 00:00:00+00:00,2024-03-10 00:00:00+00:00,2024-03-11 00:00:00+00:00,1693577023.29439,2024-03-11 00:00:00+00:00,23,False,False,False,False
crv,CRV,2024-03-10 00:00:00+00:00,2024-03-10 00:00:00+00:00,2024-03-11 00:00:00+00:00,1688611186.933837,2024-03-11 00:00:00+00:00,24,False,False,False,False
mana,MANA,2024-03-10 00:00:00+00:00,2024-03-10 00:00:00+00:00,2024-03-11 00:00:00+00:00,1687188604.337879,2024-03-11 00:00:00+00:00,25,False,False,False,False
lend,LEND,2024-03-10 00:00:00+00:00,2024-03-10 00:00:00+00:00,2024-03-11 00:00:00+00:00,1638485322.497365,2024-03-11 00:00:00+00:00,26,False,False,False,False
snx,SNX,2024-03-10 00:00:00+00:00,2024-03-10 00:00:00+00:00,2024-03-11 00:00:00+00:00,1433102538.6474519,2024-03-11 00:00:00+00:00,27,False,False,False,False
avaxx,AVAXX,2024-03-10 00:00:00+00:00,2024-03-10 00:00:00+00:00,2024-03-11 00:00:00+00:00,1136291772.8939574,2024-03-11 00:00:00+00:00,28,False,False,False,False
btg,BTG,2024-03-10 00:00:00+00:00,2024-03-10 00:00:00+00:00,2024-03-11 00:00:00+00:00,963666151.3689103,2024-03-11 00:00:00+00:00,29,False,False,False,False
1inch,1INCH,2024-03-10 00:00:00+00:00,2024-03-10 00:00:00+00:00,2024-03-11 00:00:00+00:00,956257789.3875855,2024-03-11 00:00:00+00:00,30,False,False,False,False
btc,BTC,2024-03-17 00:00:00+00:00,2024-03-17 00:00:00+00:00,2024-03-18 00:00:00+00:00,1342284214005.9248,2024-03-18 00:00:00+00:00,1,True,True,True,True
eth,ETH,2024-03-17 00:00:00+00:00,2024-03-17 00:00:00+00:00,2024-03-18 00:00:00+00:00,436914677347.1423,2024-03-18 00:00:00+00:00,2,True,True,True,True
xrp,XRP,2024-03-17 00:00:00+00:00,2024-03-17 00:00:00+00:00,2024-03-18 00:00:00+00:00,61822703859.99242,2024-03-18 00:00:00+00:00,3,True,True,False,True
ada,ADA,2024-03-17 00:00:00+00:00,2024-03-17 00:00:00+00:00,2024-03-18 00:00:00+00:00,23672366199.792957,2024-03-18 00:00:00+00:00,4,True,True,False,True
doge,DOGE,2024-03-17 00:00:00+00:00,2024-03-17 00:00:00+00:00,2024-03-18 00:00:00+00:00,22077638625.93022,2024-03-18 00:00:00+00:00,5,True,True,False,False
link,LINK,2024-03-17 00:00:00+00:00,2024-03-17 00:00:00+00:00,2024-03-18 00:00:00+00:00,18605272069.7914,2024-03-18 00:00:00+00:00,6,True,True,True,True
cro,CRO,2024-03-17 00:00:00+00:00,2024-03-17 00:00:00+00:00,2024-03-18 00:00:00+00:00,14364558140.2963,2024-03-18 00:00:00+00:00,7,False,True,False,False
xlm,XLM,2024-03-17 00:00:00+00:00,2024-03-17 00:00:00+00:00,2024-03-18 00:00:00+00:00,13899778265.558357,2024-03-18 00:00:00+00:00,8,False,True,False,False
uni,UNI,2024-03-17 00:00:00+00:00,2024-03-17 00:00:00+00:00,2024-03-18 00:00:00+00:00,12431055385.5159,2024-03-18 00:00:00+00:00,9,False,True,False,False
xvg,XVG,2024-03-17 00:00:00+00:00,2024-03-17 00:00:00+00:00,2024-03-18 00:00:00+00:00,10148739254.72392,2024-03-18 00:00:00+00:00,10,False,True,False,False
bch,BCH,2024-03-17 00:00:00+00:00,2024-03-17 00:00:00+00:00,2024-03-18 00:00:00+00:00,7901120894.273591,2024-03-18 00:00:00+00:00,11,False,False,False,False
icp,ICP,2024-03-17 00:00:00+00:00,2024-03-17 00:00:00+00:00,2024-03-18 00:00:00+00:00,6488326568.290619,2024-03-18 00:00:00+00:00,12,False,False,False,False
ltc,LTC,2024-03-17 00:00:00+00:00,2024-03-17 00:00:00+00:00,2024-03-18 00:00:00+00:00,6369149665.348192,2024-03-18 00:00:00+00:00,13,False,False,False,True
avaxc,AVAXC,2024-03-17 00:00:00+00:00,2024-03-17 00:00:00+00:00,2024-03-18 00:00:00+00:00,4939150163.881943,2024-03-18 00:00:00+00:00,14,False,False,False,False
etc,ETC,2024-03-17 00:00:00+00:00,2024-03-17 00:00:00+00:00,2024-03-18 00:00:00+00:00,4658167459.875038,2024-03-18 00:00:00+00:00,15,False,False,False,False
gno,GNO,2024-03-17 00:00:00+00:00,2024-03-17 00:00:00+00:00,2024-03-18 00:00:00+00:00,3645929836.62853,2024-03-18 00:00:00+00:00,16,False,False,False,False
mkr,MKR,2024-03-17 00:00:00+00:00,2024-03-17 00:00:00+00:00,2024-03-18 00:00:00+00:00,3185943626.6661777,2024-03-18 00:00:00+00:00,17,False,False,False,False
qnt,QNT,2024-03-17 00:00:00+00:00,2024-03-17 00:00:00+00:00,2024-03-18 00:00:00+00:00,3117341431.560952,2024-03-18 00:00:00+00:00,18,False,False,False,False
algo,ALGO,2024-03-17 00:00:00+00:00,2024-03-17 00:00:00+00:00,2024-03-18 00:00:00+00:00,2751123484.49799,2024-03-18 00:00:00+00:00,19,False,False,False,False
ldo,LDO,2024-03-17 00:00:00+00:00,2024-03-17 00:00:00+00:00,2024-03-18 00:00:00+00:00,2716522623.00973,2024-03-18 00:00:00+00:00,20,False,False,False,False
xmr,XMR,2024-03-17 00:00:00+00:00,2024-03-17 00:00:00+00:00,2024-03-18 00:00:00+00:00,2529707268.4294205,2024-03-18 00:00:00+00:00,21,False,False,False,False
aave,AAVE,2024-03-17 00:00:00+00:00,2024-03-17 00:00:00+00:00,2024-03-18 00:00:00+00:00,2026222998.729424,2024-03-18 00:00:00+00:00,22,False,False,False,False
lend,LEND,2024-03-17 00:00:00+00:00,2024-03-17 00:00:00+00:00,2024-03-18 00:00:00+00:00,1646306112.6411686,2024-03-18 00:00:00+00:00,23,False,False,False,False
avaxx,AVAXX,2024-03-17 00:00:00+00:00,2024-03-17 00:00:00+00:00,2024-03-18 00:00:00+00:00,1568168612.841406,2024-03-18 00:00:00+00:00,24,False,False,False,False
neo,NEO,2024-03-17 00:00:00+00:00,2024-03-17 00:00:00+00:00,2024-03-18 00:00:00+00:00,1542878453.56252,2024-03-18 00:00:00+00:00,25,False,False,False,False
crv,CRV,2024-03-17 00:00:00+00:00,2024-03-17 00:00:00+00:00,2024-03-18 00:00:00+00:00,1445735466.3129878,2024-03-18 00:00:00+00:00,26,False,False,False,False
mana,MANA,2024-03-17 00:00:00+00:00,2024-03-17 00:00:00+00:00,2024-03-18 00:00:00+00:00,1412480332.3001633,2024-03-18 00:00:00+00:00,27,False,False,False,False
snx,SNX,2024-03-17 00:00:00+00:00,2024-03-17 00:00:00+00:00,2024-03-18 00:00:00+00:00,1353065753.7663467,2024-03-18 00:00:00+00:00,28,False,False,False,False
zrx,ZRX,2024-03-17 00:00:00+00:00,2024-03-17 00:00:00+00:00,2024-03-18 00:00:00+00:00,1306742771.41448,2024-03-18 00:00:00+00:00,29,False,False,False,False
1inch,1INCH,2024-03-17 00:00:00+00:00,2024-03-17 00:00:00+00:00,2024-03-18 00:00:00+00:00,878363199.9714766,2024-03-18 00:00:00+00:00,30,False,False,False,False
btc,BTC,2024-03-24 00:00:00+00:00,2024-03-24 00:00:00+00:00,2024-03-25 00:00:00+00:00,1323148747346.792,2024-03-25 00:00:00+00:00,1,True,True,True,True
eth,ETH,2024-03-24 00:00:00+00:00,2024-03-24 00:00:00+00:00,2024-03-25 00:00:00+00:00,414906995990.6685,2024-03-25 00:00:00+00:00,2,True,True,True,True
xrp,XRP,2024-03-24 00:00:00+00:00,2024-03-24 00:00:00+00:00,2024-03-25 00:00:00+00:00,63360083880.7902,2024-03-25 00:00:00+00:00,3,True,True,False,True
doge,DOGE,2024-03-24 00:00:00+00:00,2024-03-24 00:00:00+00:00,2024-03-25 00:00:00+00:00,25377687155.267082,2024-03-25 00:00:00+00:00,4,True,True,False,False
ada,ADA,2024-03-24 00:00:00+00:00,2024-03-24 00:00:00+00:00,2024-03-25 00:00:00+00:00,22546067084.49451,2024-03-25 00:00:00+00:00,5,True,True,False,True
link,LINK,2024-03-24 00:00:00+00:00,2024-03-24 00:00:00+00:00,2024-03-25 00:00:00+00:00,18553068701.3496,2024-03-25 00:00:00+00:00,6,True,True,True,True
cro,CRO,2024-03-24 00:00:00+00:00,2024-03-24 00:00:00+00:00,2024-03-25 00:00:00+00:00,14401410988.3603,2024-03-25 00:00:00+00:00,7,False,True,False,False
xlm,XLM,2024-03-24 00:00:00+00:00,2024-03-24 00:00:00+00:00,2024-03-25 00:00:00+00:00,14233264560.145443,2024-03-25 00:00:00+00:00,8,False,True,False,False
uni,UNI,2024-03-24 00:00:00+00:00,2024-03-24 00:00:00+00:00,2024-03-25 00:00:00+00:00,12033153976.2492,2024-03-25 00:00:00+00:00,9,False,True,False,False
xvg,XVG,2024-03-24 00:00:00+00:00,2024-03-24 00:00:00+00:00,2024-03-25 00:00:00+00:00,9925298940.248417,2024-03-25 00:00:00+00:00,10,False,True,False,False
bch,BCH,2024-03-24 00:00:00+00:00,2024-03-24 00:00:00+00:00,2024-03-25 00:00:00+00:00,9521828728.362373,2024-03-25 00:00:00+00:00,11,False,False,False,False
icp,ICP,2024-03-24 00:00:00+00:00,2024-03-24 00:00:00+00:00,2024-03-25 00:00:00+00:00,7798951271.8663025,2024-03-25 00:00:00+00:00,12,False,False,False,False
ltc,LTC,2024-03-24 00:00:00+00:00,2024-03-24 00:00:00+00:00,2024-03-25 00:00:00+00:00,6679727232.704706,2024-03-25 00:00:00+00:00,13,False,False,False,True
avaxc,AVAXC,2024-03-24 00:00:00+00:00,2024-03-24 00:00:00+00:00,2024-03-25 00:00:00+00:00,4792983277.142513,2024-03-25 00:00:00+00:00,14,False,False,False,False
etc,ETC,2024-03-24 00:00:00+00:00,2024-03-24 00:00:00+00:00,2024-03-25 00:00:00+00:00,4621314986.92766,2024-03-25 00:00:00+00:00,15,False,False,False,False
gno,GNO,2024-03-24 00:00:00+00:00,2024-03-24 00:00:00+00:00,2024-03-25 00:00:00+00:00,3526784520.50162,2024-03-25 00:00:00+00:00,16,False,False,False,False
qnt,QNT,2024-03-24 00:00:00+00:00,2024-03-24 00:00:00+00:00,2024-03-25 00:00:00+00:00,3299262293.6172333,2024-03-25 00:00:00+00:00,17,False,False,False,False
ldo,LDO,2024-03-24 00:00:00+00:00,2024-03-24 00:00:00+00:00,2024-03-25 00:00:00+00:00,3132472490.33015,2024-03-25 00:00:00+00:00,18,False,False,False,False
mkr,MKR,2024-03-24 00:00:00+00:00,2024-03-24 00:00:00+00:00,2024-03-25 00:00:00+00:00,3078311948.049609,2024-03-25 00:00:00+00:00,19,False,False,False,False
algo,ALGO,2024-03-24 00:00:00+00:00,2024-03-24 00:00:00+00:00,2024-03-25 00:00:00+00:00,2565831951.87111,2024-03-25 00:00:00+00:00,20,False,False,False,False
xmr,XMR,2024-03-24 00:00:00+00:00,2024-03-24 00:00:00+00:00,2024-03-25 00:00:00+00:00,2549786970.450763,2024-03-25 00:00:00+00:00,21,False,False,False,False
aave,AAVE,2024-03-24 00:00:00+00:00,2024-03-24 00:00:00+00:00,2024-03-25 00:00:00+00:00,1999473619.455664,2024-03-25 00:00:00+00:00,22,False,False,False,False
lend,LEND,2024-03-24 00:00:00+00:00,2024-03-24 00:00:00+00:00,2024-03-25 00:00:00+00:00,1624572242.955866,2024-03-25 00:00:00+00:00,23,False,False,False,False
neo,NEO,2024-03-24 00:00:00+00:00,2024-03-24 00:00:00+00:00,2024-03-25 00:00:00+00:00,1520896151.62852,2024-03-25 00:00:00+00:00,24,False,False,False,False
snx,SNX,2024-03-24 00:00:00+00:00,2024-03-24 00:00:00+00:00,2024-03-25 00:00:00+00:00,1518992930.540971,2024-03-25 00:00:00+00:00,25,False,False,False,False
avaxx,AVAXX,2024-03-24 00:00:00+00:00,2024-03-24 00:00:00+00:00,2024-03-25 00:00:00+00:00,1503120433.3780313,2024-03-25 00:00:00+00:00,26,False,False,False,False
mana,MANA,2024-03-24 00:00:00+00:00,2024-03-24 00:00:00+00:00,2024-03-25 00:00:00+00:00,1429843223.1551976,2024-03-25 00:00:00+00:00,27,False,False,False,False
crv,CRV,2024-03-24 00:00:00+00:00,2024-03-24 00:00:00+00:00,2024-03-25 00:00:00+00:00,1427348571.4923317,2024-03-25 00:00:00+00:00,28,False,False,False,False
zrx,ZRX,2024-03-24 00:00:00+00:00,2024-03-24 00:00:00+00:00,2024-03-25 00:00:00+00:00,919559547.72606,2024-03-25 00:00:00+00:00,29,False,False,False,False
btg,BTG,2024-03-24 00:00:00+00:00,2024-03-24 00:00:00+00:00,2024-03-25 00:00:00+00:00,865051016.7864574,2024-03-25 00:00:00+00:00,30,False,False,False,False
btc,BTC,2024-03-31 00:00:00+00:00,2024-03-31 00:00:00+00:00,2024-04-01 00:00:00+00:00,1401022109461.656,2024-04-01 00:00:00+00:00,1,True,True,True,True
eth,ETH,2024-03-31 00:00:00+00:00,2024-03-31 00:00:00+00:00,2024-04-01 00:00:00+00:00,437637607654.5576,2024-04-01 00:00:00+00:00,2,True,True,True,True
xrp,XRP,2024-03-31 00:00:00+00:00,2024-03-31 00:00:00+00:00,2024-04-01 00:00:00+00:00,62895359933.58839,2024-04-01 00:00:00+00:00,3,True,True,False,True
doge,DOGE,2024-03-31 00:00:00+00:00,2024-03-31 00:00:00+00:00,2024-04-01 00:00:00+00:00,31641611568.535973,2024-04-01 00:00:00+00:00,4,True,True,False,False
ada,ADA,2024-03-31 00:00:00+00:00,2024-03-31 00:00:00+00:00,2024-04-01 00:00:00+00:00,22694435113.448914,2024-04-01 00:00:00+00:00,5,True,True,False,True
link,LINK,2024-03-31 00:00:00+00:00,2024-03-31 00:00:00+00:00,2024-04-01 00:00:00+00:00,19115354639.2788,2024-04-01 00:00:00+00:00,6,True,True,True,True
cro,CRO,2024-03-31 00:00:00+00:00,2024-03-31 00:00:00+00:00,2024-04-01 00:00:00+00:00,15301890737.3833,2024-04-01 00:00:00+00:00,7,False,True,False,False
xlm,XLM,2024-03-31 00:00:00+00:00,2024-03-31 00:00:00+00:00,2024-04-01 00:00:00+00:00,14851698129.913969,2024-04-01 00:00:00+00:00,8,False,True,False,False
bch,BCH,2024-03-31 00:00:00+00:00,2024-03-31 00:00:00+00:00,2024-04-01 00:00:00+00:00,13381226276.152151,2024-04-01 00:00:00+00:00,9,False,True,False,False
uni,UNI,2024-03-31 00:00:00+00:00,2024-03-31 00:00:00+00:00,2024-04-01 00:00:00+00:00,12937793972.0423,2024-04-01 00:00:00+00:00,10,False,True,False,False
xvg,XVG,2024-03-31 00:00:00+00:00,2024-03-31 00:00:00+00:00,2024-04-01 00:00:00+00:00,11259861001.411728,2024-04-01 00:00:00+00:00,11,False,False,False,False
icp,ICP,2024-03-31 00:00:00+00:00,2024-03-31 00:00:00+00:00,2024-04-01 00:00:00+00:00,9742389217.666723,2024-04-01 00:00:00+00:00,12,False,False,False,False
ltc,LTC,2024-03-31 00:00:00+00:00,2024-03-31 00:00:00+00:00,2024-04-01 00:00:00+00:00,7824359751.355958,2024-04-01 00:00:00+00:00,13,False,False,False,True
etc,ETC,2024-03-31 00:00:00+00:00,2024-03-31 00:00:00+00:00,2024-04-01 00:00:00+00:00,5028239832.127217,2024-04-01 00:00:00+00:00,14,False,False,False,False
avaxc,AVAXC,2024-03-31 00:00:00+00:00,2024-03-31 00:00:00+00:00,2024-04-01 00:00:00+00:00,4726910374.163679,2024-04-01 00:00:00+00:00,15,False,False,False,False
mkr,MKR,2024-03-31 00:00:00+00:00,2024-03-31 00:00:00+00:00,2024-04-01 00:00:00+00:00,3835992968.328436,2024-04-01 00:00:00+00:00,16,False,False,False,False
gno,GNO,2024-03-31 00:00:00+00:00,2024-03-31 00:00:00+00:00,2024-04-01 00:00:00+00:00,3571826099.89121,2024-04-01 00:00:00+00:00,17,False,False,False,False
qnt,QNT,2024-03-31 00:00:00+00:00,2024-03-31 00:00:00+00:00,2024-04-01 00:00:00+00:00,3230853925.9565887,2024-04-01 00:00:00+00:00,18,False,False,False,False
ldo,LDO,2024-03-31 00:00:00+00:00,2024-03-31 00:00:00+00:00,2024-04-01 00:00:00+00:00,2953062728.00076,2024-04-01 00:00:00+00:00,19,False,False,False,False
algo,ALGO,2024-03-31 00:00:00+00:00,2024-03-31 00:00:00+00:00,2024-04-01 00:00:00+00:00,2673809340.52492,2024-04-01 00:00:00+00:00,20,False,False,False,False
xmr,XMR,2024-03-31 00:00:00+00:00,2024-03-31 00:00:00+00:00,2024-04-01 00:00:00+00:00,2270606966.385508,2024-04-01 00:00:00+00:00,21,False,False,False,False
aave,AAVE,2024-03-31 00:00:00+00:00,2024-03-31 00:00:00+00:00,2024-04-01 00:00:00+00:00,2049096136.054624,2024-04-01 00:00:00+00:00,22,False,False,False,False
lend,LEND,2024-03-31 00:00:00+00:00,2024-03-31 00:00:00+00:00,2024-04-01 00:00:00+00:00,1664890535.8844988,2024-04-01 00:00:00+00:00,23,False,False,False,False
neo,NEO,2024-03-31 00:00:00+00:00,2024-03-31 00:00:00+00:00,2024-04-01 00:00:00+00:00,1652283935.06523,2024-04-01 00:00:00+00:00,24,False,False,False,False
snx,SNX,2024-03-31 00:00:00+00:00,2024-03-31 00:00:00+00:00,2024-04-01 00:00:00+00:00,1541902003.8750403,2024-04-01 00:00:00+00:00,25,False,False,False,False
mana,MANA,2024-03-31 00:00:00+00:00,2024-03-31 00:00:00+00:00,2024-04-01 00:00:00+00:00,1465292747.189535,2024-04-01 00:00:00+00:00,26,False,False,False,False
avaxx,AVAXX,2024-03-31 00:00:00+00:00,2024-03-31 00:00:00+00:00,2024-04-01 00:00:00+00:00,1456830680.1605692,2024-04-01 00:00:00+00:00,27,False,False,False,False
crv,CRV,2024-03-31 00:00:00+00:00,2024-03-31 00:00:00+00:00,2024-04-01 00:00:00+00:00,1452298080.869647,2024-04-01 00:00:00+00:00,28,False,False,False,False
btg,BTG,2024-03-31 00:00:00+00:00,2024-03-31 00:00:00+00:00,2024-04-01 00:00:00+00:00,948251851.8815157,2024-04-01 00:00:00+00:00,29,False,False,False,False
1inch,1INCH,2024-03-31 00:00:00+00:00,2024-03-31 00:00:00+00:00,2024-04-01 00:00:00+00:00,926387494.673145,2024-04-01 00:00:00+00:00,30,False,False,False,False
btc,BTC,2024-04-07 00:00:00+00:00,2024-04-07 00:00:00+00:00,2024-04-08 00:00:00+00:00,1365388593961.6086,2024-04-08 00:00:00+00:00,1,True,True,True,True
eth,ETH,2024-04-07 00:00:00+00:00,2024-04-07 00:00:00+00:00,2024-04-08 00:00:00+00:00,413954386217.28394,2024-04-08 00:00:00+00:00,2,True,True,True,True
xrp,XRP,2024-04-07 00:00:00+00:00,2024-04-07 00:00:00+00:00,2024-04-08 00:00:00+00:00,59423841738.918205,2024-04-08 00:00:00+00:00,3,True,True,False,True
doge,DOGE,2024-04-07 00:00:00+00:00,2024-04-07 00:00:00+00:00,2024-04-08 00:00:00+00:00,28647093307.054745,2024-04-08 00:00:00+00:00,4,True,True,False,False
ada,ADA,2024-04-07 00:00:00+00:00,2024-04-07 00:00:00+00:00,2024-04-08 00:00:00+00:00,20543214863.251747,2024-04-08 00:00:00+00:00,5,True,True,False,True
link,LINK,2024-04-07 00:00:00+00:00,2024-04-07 00:00:00+00:00,2024-04-08 00:00:00+00:00,17899210022.6593,2024-04-08 00:00:00+00:00,6,True,True,True,True
cro,CRO,2024-04-07 00:00:00+00:00,2024-04-07 00:00:00+00:00,2024-04-08 00:00:00+00:00,14612227848.3647,2024-04-08 00:00:00+00:00,7,False,True,False,False
xvg,XVG,2024-04-07 00:00:00+00:00,2024-04-07 00:00:00+00:00,2024-04-08 00:00:00+00:00,14561087330.214916,2024-04-08 00:00:00+00:00,8,False,True,False,False
xlm,XLM,2024-04-07 00:00:00+00:00,2024-04-07 00:00:00+00:00,2024-04-08 00:00:00+00:00,13621605146.504831,2024-04-08 00:00:00+00:00,9,False,True,False,False
bch,BCH,2024-04-07 00:00:00+00:00,2024-04-07 00:00:00+00:00,2024-04-08 00:00:00+00:00,13477058839.85566,2024-04-08 00:00:00+00:00,10,False,True,False,False
uni,UNI,2024-04-07 00:00:00+00:00,2024-04-07 00:00:00+00:00,2024-04-08 00:00:00+00:00,11379089979.4602,2024-04-08 00:00:00+00:00,11,False,False,False,False
icp,ICP,2024-04-07 00:00:00+00:00,2024-04-07 00:00:00+00:00,2024-04-08 00:00:00+00:00,8834379253.97117,2024-04-08 00:00:00+00:00,12,False,False,False,False
ltc,LTC,2024-04-07 00:00:00+00:00,2024-04-07 00:00:00+00:00,2024-04-08 00:00:00+00:00,7525407709.811547,2024-04-08 00:00:00+00:00,13,False,False,False,True
etc,ETC,2024-04-07 00:00:00+00:00,2024-04-07 00:00:00+00:00,2024-04-08 00:00:00+00:00,4949347372.28514,2024-04-08 00:00:00+00:00,14,False,False,False,False
avaxc,AVAXC,2024-04-07 00:00:00+00:00,2024-04-07 00:00:00+00:00,2024-04-08 00:00:00+00:00,4321919427.898308,2024-04-08 00:00:00+00:00,15,False,False,False,False
mkr,MKR,2024-04-07 00:00:00+00:00,2024-04-07 00:00:00+00:00,2024-04-08 00:00:00+00:00,3551891383.12544,2024-04-08 00:00:00+00:00,16,False,False,False,False
gno,GNO,2024-04-07 00:00:00+00:00,2024-04-07 00:00:00+00:00,2024-04-08 00:00:00+00:00,3537458026.08365,2024-04-08 00:00:00+00:00,17,False,False,False,False
qnt,QNT,2024-04-07 00:00:00+00:00,2024-04-07 00:00:00+00:00,2024-04-08 00:00:00+00:00,2932014039.0530653,2024-04-08 00:00:00+00:00,18,False,False,False,False
ldo,LDO,2024-04-07 00:00:00+00:00,2024-04-07 00:00:00+00:00,2024-04-08 00:00:00+00:00,2687439281.03812,2024-04-08 00:00:00+00:00,19,False,False,False,False
xmr,XMR,2024-04-07 00:00:00+00:00,2024-04-07 00:00:00+00:00,2024-04-08 00:00:00+00:00,2354151688.0588017,2024-04-08 00:00:00+00:00,20,False,False,False,False
algo,ALGO,2024-04-07 00:00:00+00:00,2024-04-07 00:00:00+00:00,2024-04-08 00:00:00+00:00,2353298218.1776,2024-04-08 00:00:00+00:00,21,False,False,False,False
aave,AAVE,2024-04-07 00:00:00+00:00,2024-04-07 00:00:00+00:00,2024-04-08 00:00:00+00:00,1962442450.43216,2024-04-08 00:00:00+00:00,22,False,False,False,False
lend,LEND,2024-04-07 00:00:00+00:00,2024-04-07 00:00:00+00:00,2024-04-08 00:00:00+00:00,1594484419.473519,2024-04-08 00:00:00+00:00,23,False,False,False,False
neo,NEO,2024-04-07 00:00:00+00:00,2024-04-07 00:00:00+00:00,2024-04-08 00:00:00+00:00,1540386271.23489,2024-04-08 00:00:00+00:00,24,False,False,False,False
crv,CRV,2024-04-07 00:00:00+00:00,2024-04-07 00:00:00+00:00,2024-04-08 00:00:00+00:00,1334729902.322316,2024-04-08 00:00:00+00:00,25,False,False,False,False
snx,SNX,2024-04-07 00:00:00+00:00,2024-04-07 00:00:00+00:00,2024-04-08 00:00:00+00:00,1322121032.426537,2024-04-08 00:00:00+00:00,26,False,False,False,False
avaxx,AVAXX,2024-04-07 00:00:00+00:00,2024-04-07 00:00:00+00:00,2024-04-08 00:00:00+00:00,1314716030.4302673,2024-04-08 00:00:00+00:00,27,False,False,False,False
mana,MANA,2024-04-07 00:00:00+00:00,2024-04-07 00:00:00+00:00,2024-04-08 00:00:00+00:00,1300492141.2630494,2024-04-08 00:00:00+00:00,28,False,False,False,False
btg,BTG,2024-04-07 00:00:00+00:00,2024-04-07 00:00:00+00:00,2024-04-08 00:00:00+00:00,897574806.3744376,2024-04-08 00:00:00+00:00,29,False,False,False,False
1inch,1INCH,2024-04-07 00:00:00+00:00,2024-04-07 00:00:00+00:00,2024-04-08 00:00:00+00:00,851039342.6250675,2024-04-08 00:00:00+00:00,30,False,False,False,False
btc,BTC,2024-04-14 00:00:00+00:00,2024-04-14 00:00:00+00:00,2024-04-15 00:00:00+00:00,1292151526364.2095,2024-04-15 00:00:00+00:00,1,True,True,True,True
eth,ETH,2024-04-14 00:00:00+00:00,2024-04-14 00:00:00+00:00,2024-04-15 00:00:00+00:00,379290245495.98035,2024-04-15 00:00:00+00:00,2,True,True,True,True
xrp,XRP,2024-04-14 00:00:00+00:00,2024-04-14 00:00:00+00:00,2024-04-15 00:00:00+00:00,50499485453.012955,2024-04-15 00:00:00+00:00,3,True,True,False,True
doge,DOGE,2024-04-14 00:00:00+00:00,2024-04-14 00:00:00+00:00,2024-04-15 00:00:00+00:00,23437396249.416767,2024-04-15 00:00:00+00:00,4,True,True,False,False
ada,ADA,2024-04-14 00:00:00+00:00,2024-04-14 00:00:00+00:00,2024-04-15 00:00:00+00:00,16411129674.223866,2024-04-15 00:00:00+00:00,5,True,True,False,True
link,LINK,2024-04-14 00:00:00+00:00,2024-04-14 00:00:00+00:00,2024-04-15 00:00:00+00:00,14157768935.1926,2024-04-15 00:00:00+00:00,6,True,True,True,True
cro,CRO,2024-04-14 00:00:00+00:00,2024-04-14 00:00:00+00:00,2024-04-15 00:00:00+00:00,13331501382.6519,2024-04-15 00:00:00+00:00,7,False,True,False,False
xlm,XLM,2024-04-14 00:00:00+00:00,2024-04-14 00:00:00+00:00,2024-04-15 00:00:00+00:00,11677285961.137701,2024-04-15 00:00:00+00:00,8,False,True,False,False
xvg,XVG,2024-04-14 00:00:00+00:00,2024-04-14 00:00:00+00:00,2024-04-15 00:00:00+00:00,10573513949.295218,2024-04-15 00:00:00+00:00,9,False,True,False,False
bch,BCH,2024-04-14 00:00:00+00:00,2024-04-14 00:00:00+00:00,2024-04-15 00:00:00+00:00,10329079460.483562,2024-04-15 00:00:00+00:00,10,False,True,False,False
uni,UNI,2024-04-14 00:00:00+00:00,2024-04-14 00:00:00+00:00,2024-04-15 00:00:00+00:00,7540290672.10159,2024-04-15 00:00:00+00:00,11,False,False,False,False
icp,ICP,2024-04-14 00:00:00+00:00,2024-04-14 00:00:00+00:00,2024-04-15 00:00:00+00:00,6709989780.568172,2024-04-15 00:00:00+00:00,12,False,False,False,False
ltc,LTC,2024-04-14 00:00:00+00:00,2024-04-14 00:00:00+00:00,2024-04-15 00:00:00+00:00,5954736068.105933,2024-04-15 00:00:00+00:00,13,False,False,False,True
etc,ETC,2024-04-14 00:00:00+00:00,2024-04-14 00:00:00+00:00,2024-04-15 00:00:00+00:00,3966163895.1576567,2024-04-15 00:00:00+00:00,14,False,False,False,False
gno,GNO,2024-04-14 00:00:00+00:00,2024-04-14 00:00:00+00:00,2024-04-15 00:00:00+00:00,3379591056.88249,2024-04-15 00:00:00+00:00,15,False,False,False,False
avaxc,AVAXC,2024-04-14 00:00:00+00:00,2024-04-14 00:00:00+00:00,2024-04-15 00:00:00+00:00,3337896457.085107,2024-04-15 00:00:00+00:00,16,False,False,False,False
mkr,MKR,2024-04-14 00:00:00+00:00,2024-04-14 00:00:00+00:00,2024-04-15 00:00:00+00:00,2992070788.4526887,2024-04-15 00:00:00+00:00,17,False,False,False,False
qnt,QNT,2024-04-14 00:00:00+00:00,2024-04-14 00:00:00+00:00,2024-04-15 00:00:00+00:00,2565748880.0674944,2024-04-15 00:00:00+00:00,18,False,False,False,False
xmr,XMR,2024-04-14 00:00:00+00:00,2024-04-14 00:00:00+00:00,2024-04-15 00:00:00+00:00,2187260852.2184796,2024-04-15 00:00:00+00:00,19,False,False,False,False
ldo,LDO,2024-04-14 00:00:00+00:00,2024-04-14 00:00:00+00:00,2024-04-15 00:00:00+00:00,2140811608.03471,2024-04-15 00:00:00+00:00,20,False,False,False,False
neo,NEO,2024-04-14 00:00:00+00:00,2024-04-14 00:00:00+00:00,2024-04-15 00:00:00+00:00,2071778960.02425,2024-04-15 00:00:00+00:00,21,False,False,False,False
algo,ALGO,2024-04-14 00:00:00+00:00,2024-04-14 00:00:00+00:00,2024-04-15 00:00:00+00:00,1802403738.15404,2024-04-15 00:00:00+00:00,22,False,False,False,False
aave,AAVE,2024-04-14 00:00:00+00:00,2024-04-14 00:00:00+00:00,2024-04-15 00:00:00+00:00,1414374729.8458831,2024-04-15 00:00:00+00:00,23,False,False,False,False
lend,LEND,2024-04-14 00:00:00+00:00,2024-04-14 00:00:00+00:00,2024-04-15 00:00:00+00:00,1149179416.4663014,2024-04-15 00:00:00+00:00,24,False,False,False,False
avaxx,AVAXX,2024-04-14 00:00:00+00:00,2024-04-14 00:00:00+00:00,2024-04-15 00:00:00+00:00,1005741589.2820394,2024-04-15 00:00:00+00:00,25,False,False,False,False
snx,SNX,2024-04-14 00:00:00+00:00,2024-04-14 00:00:00+00:00,2024-04-15 00:00:00+00:00,988310633.1930878,2024-04-15 00:00:00+00:00,26,False,False,False,False
mana,MANA,2024-04-14 00:00:00+00:00,2024-04-14 00:00:00+00:00,2024-04-15 00:00:00+00:00,976949430.5373596,2024-04-15 00:00:00+00:00,27,False,False,False,False
crv,CRV,2024-04-14 00:00:00+00:00,2024-04-14 00:00:00+00:00,2024-04-15 00:00:00+00:00,953899457.7571892,2024-04-15 00:00:00+00:00,28,False,False,False,False
btg,BTG,2024-04-14 00:00:00+00:00,2024-04-14 00:00:00+00:00,2024-04-15 00:00:00+00:00,670513359.0166739,2024-04-15 00:00:00+00:00,29,False,False,False,False
1inch,1INCH,2024-04-14 00:00:00+00:00,2024-04-14 00:00:00+00:00,2024-04-15 00:00:00+00:00,631181101.734372,2024-04-15 00:00:00+00:00,30,False,False,False,False
btc,BTC,2024-04-21 00:00:00+00:00,2024-04-21 00:00:00+00:00,2024-04-22 00:00:00+00:00,1279109157045.1768,2024-04-22 00:00:00+00:00,1,True,True,True,True
eth,ETH,2024-04-21 00:00:00+00:00,2024-04-21 00:00:00+00:00,2024-04-22 00:00:00+00:00,377974604229.9479,2024-04-22 00:00:00+00:00,2,True,True,True,True
xrp,XRP,2024-04-21 00:00:00+00:00,2024-04-21 00:00:00+00:00,2024-04-22 00:00:00+00:00,52463258713.92351,2024-04-22 00:00:00+00:00,3,True,True,False,True
doge,DOGE,2024-04-21 00:00:00+00:00,2024-04-21 00:00:00+00:00,2024-04-22 00:00:00+00:00,22782869441.14336,2024-04-22 00:00:00+00:00,4,True,True,False,False
ada,ADA,2024-04-21 00:00:00+00:00,2024-04-21 00:00:00+00:00,2024-04-22 00:00:00+00:00,17437659964.766438,2024-04-22 00:00:00+00:00,5,True,True,False,True
link,LINK,2024-04-21 00:00:00+00:00,2024-04-21 00:00:00+00:00,2024-04-22 00:00:00+00:00,15067802152.4195,2024-04-22 00:00:00+00:00,6,True,True,True,True
cro,CRO,2024-04-21 00:00:00+00:00,2024-04-21 00:00:00+00:00,2024-04-22 00:00:00+00:00,12901923893.4862,2024-04-22 00:00:00+00:00,7,False,True,False,False
xlm,XLM,2024-04-21 00:00:00+00:00,2024-04-21 00:00:00+00:00,2024-04-22 00:00:00+00:00,11997616912.565329,2024-04-22 00:00:00+00:00,8,False,True,False,False
bch,BCH,2024-04-21 00:00:00+00:00,2024-04-21 00:00:00+00:00,2024-04-22 00:00:00+00:00,9905594852.013027,2024-04-22 00:00:00+00:00,9,False,True,False,False
xvg,XVG,2024-04-21 00:00:00+00:00,2024-04-21 00:00:00+00:00,2024-04-22 00:00:00+00:00,9814139397.332415,2024-04-22 00:00:00+00:00,10,False,True,False,False
icp,ICP,2024-04-21 00:00:00+00:00,2024-04-21 00:00:00+00:00,2024-04-22 00:00:00+00:00,7832121056.368872,2024-04-22 00:00:00+00:00,11,False,False,False,False
uni,UNI,2024-04-21 00:00:00+00:00,2024-04-21 00:00:00+00:00,2024-04-22 00:00:00+00:00,7721385291.23624,2024-04-22 00:00:00+00:00,12,False,False,False,False
ltc,LTC,2024-04-21 00:00:00+00:00,2024-04-21 00:00:00+00:00,2024-04-22 00:00:00+00:00,6266836248.255921,2024-04-22 00:00:00+00:00,13,False,False,False,True
etc,ETC,2024-04-21 00:00:00+00:00,2024-04-21 00:00:00+00:00,2024-04-22 00:00:00+00:00,4031859859.466436,2024-04-22 00:00:00+00:00,14,False,False,False,False
gno,GNO,2024-04-21 00:00:00+00:00,2024-04-21 00:00:00+00:00,2024-04-22 00:00:00+00:00,3616484165.93114,2024-04-22 00:00:00+00:00,15,False,False,False,False
avaxc,AVAXC,2024-04-21 00:00:00+00:00,2024-04-21 00:00:00+00:00,2024-04-22 00:00:00+00:00,3324128792.9639745,2024-04-22 00:00:00+00:00,16,False,False,False,False
mkr,MKR,2024-04-21 00:00:00+00:00,2024-04-21 00:00:00+00:00,2024-04-22 00:00:00+00:00,2934097858.2652006,2024-04-22 00:00:00+00:00,17,False,False,False,False
qnt,QNT,2024-04-21 00:00:00+00:00,2024-04-21 00:00:00+00:00,2024-04-22 00:00:00+00:00,2593021081.7586374,2024-04-22 00:00:00+00:00,18,False,False,False,False
xmr,XMR,2024-04-21 00:00:00+00:00,2024-04-21 00:00:00+00:00,2024-04-22 00:00:00+00:00,2130782255.1997654,2024-04-22 00:00:00+00:00,19,False,False,False,False
ldo,LDO,2024-04-21 00:00:00+00:00,2024-04-21 00:00:00+00:00,2024-04-22 00:00:00+00:00,2083175728.78639,2024-04-22 00:00:00+00:00,20,False,False,False,False
neo,NEO,2024-04-21 00:00:00+00:00,2024-04-21 00:00:00+00:00,2024-04-22 00:00:00+00:00,1924618582.21912,2024-04-22 00:00:00+00:00,21,False,False,False,False
algo,ALGO,2024-04-21 00:00:00+00:00,2024-04-21 00:00:00+00:00,2024-04-22 00:00:00+00:00,1874032965.45183,2024-04-22 00:00:00+00:00,22,False,False,False,False
aave,AAVE,2024-04-21 00:00:00+00:00,2024-04-21 00:00:00+00:00,2024-04-22 00:00:00+00:00,1456671081.4939537,2024-04-22 00:00:00+00:00,23,False,False,False,False
lend,LEND,2024-04-21 00:00:00+00:00,2024-04-21 00:00:00+00:00,2024-04-22 00:00:00+00:00,1183545200.6392689,2024-04-22 00:00:00+00:00,24,False,False,False,False
mana,MANA,2024-04-21 00:00:00+00:00,2024-04-21 00:00:00+00:00,2024-04-22 00:00:00+00:00,1015194603.3101066,2024-04-22 00:00:00+00:00,25,False,False,False,False
snx,SNX,2024-04-21 00:00:00+00:00,2024-04-21 00:00:00+00:00,2024-04-22 00:00:00+00:00,1011613218.8176491,2024-04-22 00:00:00+00:00,26,False,False,False,False
avaxx,AVAXX,2024-04-21 00:00:00+00:00,2024-04-21 00:00:00+00:00,2024-04-22 00:00:00+00:00,992887796.3921605,2024-04-22 00:00:00+00:00,27,False,False,False,False
crv,CRV,2024-04-21 00:00:00+00:00,2024-04-21 00:00:00+00:00,2024-04-22 00:00:00+00:00,955011824.6697222,2024-04-22 00:00:00+00:00,28,False,False,False,False
btg,BTG,2024-04-21 00:00:00+00:00,2024-04-21 00:00:00+00:00,2024-04-22 00:00:00+00:00,664686250.198159,2024-04-22 00:00:00+00:00,29,False,False,False,False
1inch,1INCH,2024-04-21 00:00:00+00:00,2024-04-21 00:00:00+00:00,2024-04-22 00:00:00+00:00,642826726.606581,2024-04-22 00:00:00+00:00,30,False,False,False,False
btc,BTC,2024-04-28 00:00:00+00:00,2024-04-28 00:00:00+00:00,2024-04-29 00:00:00+00:00,1240140042894.858,2024-04-29 00:00:00+00:00,1,True,True,True,True
eth,ETH,2024-04-28 00:00:00+00:00,2024-04-28 00:00:00+00:00,2024-04-29 00:00:00+00:00,391842597626.88324,2024-04-29 00:00:00+00:00,2,True,True,True,True
xrp,XRP,2024-04-28 00:00:00+00:00,2024-04-28 00:00:00+00:00,2024-04-29 00:00:00+00:00,50992639886.3131,2024-04-29 00:00:00+00:00,3,True,True,False,True
doge,DOGE,2024-04-28 00:00:00+00:00,2024-04-28 00:00:00+00:00,2024-04-29 00:00:00+00:00,21132404422.7026,2024-04-29 00:00:00+00:00,4,True,True,False,False
ada,ADA,2024-04-28 00:00:00+00:00,2024-04-28 00:00:00+00:00,2024-04-29 00:00:00+00:00,16070701587.48392,2024-04-29 00:00:00+00:00,5,True,True,False,True
link,LINK,2024-04-28 00:00:00+00:00,2024-04-28 00:00:00+00:00,2024-04-29 00:00:00+00:00,13791189201.1188,2024-04-29 00:00:00+00:00,6,True,True,True,True
cro,CRO,2024-04-28 00:00:00+00:00,2024-04-28 00:00:00+00:00,2024-04-29 00:00:00+00:00,13120224490.6657,2024-04-29 00:00:00+00:00,7,False,True,False,False
xlm,XLM,2024-04-28 00:00:00+00:00,2024-04-28 00:00:00+00:00,2024-04-29 00:00:00+00:00,11825416139.4248,2024-04-29 00:00:00+00:00,8,False,True,False,False
bch,BCH,2024-04-28 00:00:00+00:00,2024-04-28 00:00:00+00:00,2024-04-29 00:00:00+00:00,9260168001.38748,2024-04-29 00:00:00+00:00,9,False,True,False,False
xvg,XVG,2024-04-28 00:00:00+00:00,2024-04-28 00:00:00+00:00,2024-04-29 00:00:00+00:00,8672080726.311909,2024-04-29 00:00:00+00:00,10,False,True,False,False
uni,UNI,2024-04-28 00:00:00+00:00,2024-04-28 00:00:00+00:00,2024-04-29 00:00:00+00:00,7831260549.84307,2024-04-29 00:00:00+00:00,11,False,False,False,False
icp,ICP,2024-04-28 00:00:00+00:00,2024-04-28 00:00:00+00:00,2024-04-29 00:00:00+00:00,7027656904.531602,2024-04-29 00:00:00+00:00,12,False,False,False,False
ltc,LTC,2024-04-28 00:00:00+00:00,2024-04-28 00:00:00+00:00,2024-04-29 00:00:00+00:00,6249552596.55864,2024-04-29 00:00:00+00:00,13,False,False,False,True
etc,ETC,2024-04-28 00:00:00+00:00,2024-04-28 00:00:00+00:00,2024-04-29 00:00:00+00:00,4110561809.84251,2024-04-29 00:00:00+00:00,14,False,False,False,False
gno,GNO,2024-04-28 00:00:00+00:00,2024-04-28 00:00:00+00:00,2024-04-29 00:00:00+00:00,3393048012.90819,2024-04-29 00:00:00+00:00,15,False,False,False,False
avaxc,AVAXC,2024-04-28 00:00:00+00:00,2024-04-28 00:00:00+00:00,2024-04-29 00:00:00+00:00,3050228905.3757057,2024-04-29 00:00:00+00:00,16,False,False,False,False
mkr,MKR,2024-04-28 00:00:00+00:00,2024-04-28 00:00:00+00:00,2024-04-29 00:00:00+00:00,3006085914.86629,2024-04-29 00:00:00+00:00,17,False,False,False,False
qnt,QNT,2024-04-28 00:00:00+00:00,2024-04-28 00:00:00+00:00,2024-04-29 00:00:00+00:00,2486471725.598789,2024-04-29 00:00:00+00:00,18,False,False,False,False
xmr,XMR,2024-04-28 00:00:00+00:00,2024-04-28 00:00:00+00:00,2024-04-29 00:00:00+00:00,2272759599.801853,2024-04-29 00:00:00+00:00,19,False,False,False,False
ldo,LDO,2024-04-28 00:00:00+00:00,2024-04-28 00:00:00+00:00,2024-04-29 00:00:00+00:00,2125800759.14232,2024-04-29 00:00:00+00:00,20,False,False,False,False
algo,ALGO,2024-04-28 00:00:00+00:00,2024-04-28 00:00:00+00:00,2024-04-29 00:00:00+00:00,1927966824.88999,2024-04-29 00:00:00+00:00,21,False,False,False,False
neo,NEO,2024-04-28 00:00:00+00:00,2024-04-28 00:00:00+00:00,2024-04-29 00:00:00+00:00,1815739725.29399,2024-04-29 00:00:00+00:00,22,False,False,False,False
aave,AAVE,2024-04-28 00:00:00+00:00,2024-04-28 00:00:00+00:00,2024-04-29 00:00:00+00:00,1444795003.7555935,2024-04-29 00:00:00+00:00,23,False,False,False,False
lend,LEND,2024-04-28 00:00:00+00:00,2024-04-28 00:00:00+00:00,2024-04-29 00:00:00+00:00,1173895887.9095626,2024-04-29 00:00:00+00:00,24,False,False,False,False
mana,MANA,2024-04-28 00:00:00+00:00,2024-04-28 00:00:00+00:00,2024-04-29 00:00:00+00:00,976409400.5799935,2024-04-29 00:00:00+00:00,25,False,False,False,False
snx,SNX,2024-04-28 00:00:00+00:00,2024-04-28 00:00:00+00:00,2024-04-29 00:00:00+00:00,974135572.0557623,2024-04-29 00:00:00+00:00,26,False,False,False,False
crv,CRV,2024-04-28 00:00:00+00:00,2024-04-28 00:00:00+00:00,2024-04-29 00:00:00+00:00,928412870.3188664,2024-04-29 00:00:00+00:00,27,False,False,False,False
avaxx,AVAXX,2024-04-28 00:00:00+00:00,2024-04-28 00:00:00+00:00,2024-04-29 00:00:00+00:00,915496426.0009242,2024-04-29 00:00:00+00:00,28,False,False,False,False
1inch,1INCH,2024-04-28 00:00:00+00:00,2024-04-28 00:00:00+00:00,2024-04-29 00:00:00+00:00,638364381.1406685,2024-04-29 00:00:00+00:00,29,False,False,False,False
btg,BTG,2024-04-28 00:00:00+00:00,2024-04-28 00:00:00+00:00,2024-04-29 00:00:00+00:00,634254617.8966117,2024-04-29 00:00:00+00:00,30,False,False,False,False
btc,BTC,2024-05-05 00:00:00+00:00,2024-05-05 00:00:00+00:00,2024-05-06 00:00:00+00:00,1261776217571.7017,2024-05-06 00:00:00+00:00,1,True,True,True,True
eth,ETH,2024-05-05 00:00:00+00:00,2024-05-05 00:00:00+00:00,2024-05-06 00:00:00+00:00,376981046697.4079,2024-05-06 00:00:00+00:00,2,True,True,True,True
xrp,XRP,2024-05-05 00:00:00+00:00,2024-05-05 00:00:00+00:00,2024-05-06 00:00:00+00:00,52975582366.3117,2024-05-06 00:00:00+00:00,3,True,True,False,True
doge,DOGE,2024-05-05 00:00:00+00:00,2024-05-05 00:00:00+00:00,2024-05-06 00:00:00+00:00,23179070851.02883,2024-05-06 00:00:00+00:00,4,True,True,False,False
ada,ADA,2024-05-05 00:00:00+00:00,2024-05-05 00:00:00+00:00,2024-05-06 00:00:00+00:00,16013486475.146868,2024-05-06 00:00:00+00:00,5,True,True,False,True
link,LINK,2024-05-05 00:00:00+00:00,2024-05-05 00:00:00+00:00,2024-05-06 00:00:00+00:00,14370461747.1929,2024-05-06 00:00:00+00:00,6,True,True,True,True
cro,CRO,2024-05-05 00:00:00+00:00,2024-05-05 00:00:00+00:00,2024-05-06 00:00:00+00:00,13229132828.1446,2024-05-06 00:00:00+00:00,7,False,True,False,False
xlm,XLM,2024-05-05 00:00:00+00:00,2024-05-05 00:00:00+00:00,2024-05-06 00:00:00+00:00,11693792843.395813,2024-05-06 00:00:00+00:00,8,False,True,False,False
bch,BCH,2024-05-05 00:00:00+00:00,2024-05-05 00:00:00+00:00,2024-05-06 00:00:00+00:00,9240671025.547853,2024-05-06 00:00:00+00:00,9,False,True,False,False
xvg,XVG,2024-05-05 00:00:00+00:00,2024-05-05 00:00:00+00:00,2024-05-06 00:00:00+00:00,8741058140.304977,2024-05-06 00:00:00+00:00,10,False,True,False,False
uni,UNI,2024-05-05 00:00:00+00:00,2024-05-05 00:00:00+00:00,2024-05-06 00:00:00+00:00,7600530904.86629,2024-05-06 00:00:00+00:00,11,False,False,False,False
icp,ICP,2024-05-05 00:00:00+00:00,2024-05-05 00:00:00+00:00,2024-05-06 00:00:00+00:00,6737258811.444619,2024-05-06 00:00:00+00:00,12,False,False,False,False
ltc,LTC,2024-05-05 00:00:00+00:00,2024-05-05 00:00:00+00:00,2024-05-06 00:00:00+00:00,6062173701.12372,2024-05-06 00:00:00+00:00,13,False,False,False,True
etc,ETC,2024-05-05 00:00:00+00:00,2024-05-05 00:00:00+00:00,2024-05-06 00:00:00+00:00,4065751426.59671,2024-05-06 00:00:00+00:00,14,False,False,False,False
avaxc,AVAXC,2024-05-05 00:00:00+00:00,2024-05-05 00:00:00+00:00,2024-05-06 00:00:00+00:00,3375080566.392941,2024-05-06 00:00:00+00:00,15,False,False,False,False
gno,GNO,2024-05-05 00:00:00+00:00,2024-05-05 00:00:00+00:00,2024-05-06 00:00:00+00:00,3185970685.37047,2024-05-06 00:00:00+00:00,16,False,False,False,False
mkr,MKR,2024-05-05 00:00:00+00:00,2024-05-05 00:00:00+00:00,2024-05-06 00:00:00+00:00,2855621986.3551826,2024-05-06 00:00:00+00:00,17,False,False,False,False
qnt,QNT,2024-05-05 00:00:00+00:00,2024-05-05 00:00:00+00:00,2024-05-06 00:00:00+00:00,2469371470.220124,2024-05-06 00:00:00+00:00,18,False,False,False,False
xmr,XMR,2024-05-05 00:00:00+00:00,2024-05-05 00:00:00+00:00,2024-05-06 00:00:00+00:00,2407350479.4954085,2024-05-06 00:00:00+00:00,19,False,False,False,False
ldo,LDO,2024-05-05 00:00:00+00:00,2024-05-05 00:00:00+00:00,2024-05-06 00:00:00+00:00,2024978484.20387,2024-05-06 00:00:00+00:00,20,False,False,False,False
algo,ALGO,2024-05-05 00:00:00+00:00,2024-05-05 00:00:00+00:00,2024-05-06 00:00:00+00:00,1967130483.27604,2024-05-06 00:00:00+00:00,21,False,False,False,False
neo,NEO,2024-05-05 00:00:00+00:00,2024-05-05 00:00:00+00:00,2024-05-06 00:00:00+00:00,1672078254.01039,2024-05-06 00:00:00+00:00,22,False,False,False,False
aave,AAVE,2024-05-05 00:00:00+00:00,2024-05-05 00:00:00+00:00,2024-05-06 00:00:00+00:00,1438147329.816352,2024-05-06 00:00:00+00:00,23,False,False,False,False
lend,LEND,2024-05-05 00:00:00+00:00,2024-05-05 00:00:00+00:00,2024-05-06 00:00:00+00:00,1168494653.0761404,2024-05-06 00:00:00+00:00,24,False,False,False,False
avaxx,AVAXX,2024-05-05 00:00:00+00:00,2024-05-05 00:00:00+00:00,2024-05-06 00:00:00+00:00,1010793658.9194444,2024-05-06 00:00:00+00:00,25,False,False,False,False
mana,MANA,2024-05-05 00:00:00+00:00,2024-05-05 00:00:00+00:00,2024-05-06 00:00:00+00:00,982527804.5817579,2024-05-06 00:00:00+00:00,26,False,False,False,False
crv,CRV,2024-05-05 00:00:00+00:00,2024-05-05 00:00:00+00:00,2024-05-06 00:00:00+00:00,946457552.5677735,2024-05-06 00:00:00+00:00,27,False,False,False,False
snx,SNX,2024-05-05 00:00:00+00:00,2024-05-05 00:00:00+00:00,2024-05-06 00:00:00+00:00,939487887.7231014,2024-05-06 00:00:00+00:00,28,False,False,False,False
btg,BTG,2024-05-05 00:00:00+00:00,2024-05-05 00:00:00+00:00,2024-05-06 00:00:00+00:00,715590136.387164,2024-05-06 00:00:00+00:00,29,False,False,False,False
1inch,1INCH,2024-05-05 00:00:00+00:00,2024-05-05 00:00:00+00:00,2024-05-06 00:00:00+00:00,586880708.284455,2024-05-06 00:00:00+00:00,30,False,False,False,False
btc,BTC,2024-05-12 00:00:00+00:00,2024-05-12 00:00:00+00:00,2024-05-13 00:00:00+00:00,1210038071267.0505,2024-05-13 00:00:00+00:00,1,True,True,True,True
eth,ETH,2024-05-12 00:00:00+00:00,2024-05-12 00:00:00+00:00,2024-05-13 00:00:00+00:00,352003901545.8455,2024-05-13 00:00:00+00:00,2,True,True,True,True
xrp,XRP,2024-05-12 00:00:00+00:00,2024-05-12 00:00:00+00:00,2024-05-13 00:00:00+00:00,49933370429.10912,2024-05-13 00:00:00+00:00,3,True,True,False,True
doge,DOGE,2024-05-12 00:00:00+00:00,2024-05-12 00:00:00+00:00,2024-05-13 00:00:00+00:00,20366685800.34467,2024-05-13 00:00:00+00:00,4,True,True,False,False
ada,ADA,2024-05-12 00:00:00+00:00,2024-05-12 00:00:00+00:00,2024-05-13 00:00:00+00:00,15290397992.386486,2024-05-13 00:00:00+00:00,5,True,True,False,True
link,LINK,2024-05-12 00:00:00+00:00,2024-05-12 00:00:00+00:00,2024-05-13 00:00:00+00:00,13548259766.3036,2024-05-13 00:00:00+00:00,6,True,True,True,True
cro,CRO,2024-05-12 00:00:00+00:00,2024-05-12 00:00:00+00:00,2024-05-13 00:00:00+00:00,12495820346.8805,2024-05-13 00:00:00+00:00,7,False,True,False,False
xlm,XLM,2024-05-12 00:00:00+00:00,2024-05-12 00:00:00+00:00,2024-05-13 00:00:00+00:00,11020919513.15978,2024-05-13 00:00:00+00:00,8,False,True,False,False
xvg,XVG,2024-05-12 00:00:00+00:00,2024-05-12 00:00:00+00:00,2024-05-13 00:00:00+00:00,9786591569.296534,2024-05-13 00:00:00+00:00,9,False,True,False,False
bch,BCH,2024-05-12 00:00:00+00:00,2024-05-12 00:00:00+00:00,2024-05-13 00:00:00+00:00,8535789015.79949,2024-05-13 00:00:00+00:00,10,False,True,False,False
uni,UNI,2024-05-12 00:00:00+00:00,2024-05-12 00:00:00+00:00,2024-05-13 00:00:00+00:00,7059975526.97159,2024-05-13 00:00:00+00:00,11,False,False,False,False
icp,ICP,2024-05-12 00:00:00+00:00,2024-05-12 00:00:00+00:00,2024-05-13 00:00:00+00:00,6076578056.467411,2024-05-13 00:00:00+00:00,12,False,False,False,False
ltc,LTC,2024-05-12 00:00:00+00:00,2024-05-12 00:00:00+00:00,2024-05-13 00:00:00+00:00,6062402884.352921,2024-05-13 00:00:00+00:00,13,False,False,False,True
etc,ETC,2024-05-12 00:00:00+00:00,2024-05-12 00:00:00+00:00,2024-05-13 00:00:00+00:00,3930638241.7689676,2024-05-13 00:00:00+00:00,14,False,False,False,False
avaxc,AVAXC,2024-05-12 00:00:00+00:00,2024-05-12 00:00:00+00:00,2024-05-13 00:00:00+00:00,3034921072.9704323,2024-05-13 00:00:00+00:00,15,False,False,False,False
gno,GNO,2024-05-12 00:00:00+00:00,2024-05-12 00:00:00+00:00,2024-05-13 00:00:00+00:00,2859029300.40826,2024-05-13 00:00:00+00:00,16,False,False,False,False
mkr,MKR,2024-05-12 00:00:00+00:00,2024-05-12 00:00:00+00:00,2024-05-13 00:00:00+00:00,2631286993.0976944,2024-05-13 00:00:00+00:00,17,False,False,False,False
xmr,XMR,2024-05-12 00:00:00+00:00,2024-05-12 00:00:00+00:00,2024-05-13 00:00:00+00:00,2388502998.525983,2024-05-13 00:00:00+00:00,18,False,False,False,False
qnt,QNT,2024-05-12 00:00:00+00:00,2024-05-12 00:00:00+00:00,2024-05-13 00:00:00+00:00,2304485470.8686213,2024-05-13 00:00:00+00:00,19,False,False,False,False
ldo,LDO,2024-05-12 00:00:00+00:00,2024-05-12 00:00:00+00:00,2024-05-13 00:00:00+00:00,1781138089.31278,2024-05-13 00:00:00+00:00,20,False,False,False,False
algo,ALGO,2024-05-12 00:00:00+00:00,2024-05-12 00:00:00+00:00,2024-05-13 00:00:00+00:00,1769715400.10187,2024-05-13 00:00:00+00:00,21,False,False,False,False
neo,NEO,2024-05-12 00:00:00+00:00,2024-05-12 00:00:00+00:00,2024-05-13 00:00:00+00:00,1525402172.48192,2024-05-13 00:00:00+00:00,22,False,False,False,False
aave,AAVE,2024-05-12 00:00:00+00:00,2024-05-12 00:00:00+00:00,2024-05-13 00:00:00+00:00,1328356635.0344,2024-05-13 00:00:00+00:00,23,False,False,False,False
lend,LEND,2024-05-12 00:00:00+00:00,2024-05-12 00:00:00+00:00,2024-05-13 00:00:00+00:00,1079289717.5660853,2024-05-13 00:00:00+00:00,24,False,False,False,False
avaxx,AVAXX,2024-05-12 00:00:00+00:00,2024-05-12 00:00:00+00:00,2024-05-13 00:00:00+00:00,897418152.3728765,2024-05-13 00:00:00+00:00,25,False,False,False,False
crv,CRV,2024-05-12 00:00:00+00:00,2024-05-12 00:00:00+00:00,2024-05-13 00:00:00+00:00,891983987.6497933,2024-05-13 00:00:00+00:00,26,False,False,False,False
mana,MANA,2024-05-12 00:00:00+00:00,2024-05-12 00:00:00+00:00,2024-05-13 00:00:00+00:00,891310187.3345779,2024-05-13 00:00:00+00:00,27,False,False,False,False
snx,SNX,2024-05-12 00:00:00+00:00,2024-05-12 00:00:00+00:00,2024-05-13 00:00:00+00:00,838257727.0067188,2024-05-13 00:00:00+00:00,28,False,False,False,False
btg,BTG,2024-05-12 00:00:00+00:00,2024-05-12 00:00:00+00:00,2024-05-13 00:00:00+00:00,630292231.3501109,2024-05-13 00:00:00+00:00,29,False,False,False,False
ftt,FTT,2024-05-12 00:00:00+00:00,2024-05-12 00:00:00+00:00,2024-05-13 00:00:00+00:00,621137822.8653314,2024-05-13 00:00:00+00:00,30,False,False,False,False
btc,BTC,2024-05-19 00:00:00+00:00,2024-05-19 00:00:00+00:00,2024-05-20 00:00:00+00:00,1305348788162.149,2024-05-20 00:00:00+00:00,1,True,True,True,True
eth,ETH,2024-05-19 00:00:00+00:00,2024-05-19 00:00:00+00:00,2024-05-20 00:00:00+00:00,368816741820.6227,2024-05-20 00:00:00+00:00,2,True,True,True,True
xrp,XRP,2024-05-19 00:00:00+00:00,2024-05-19 00:00:00+00:00,2024-05-20 00:00:00+00:00,50928128232.37994,2024-05-20 00:00:00+00:00,3,True,True,False,True
doge,DOGE,2024-05-19 00:00:00+00:00,2024-05-19 00:00:00+00:00,2024-05-20 00:00:00+00:00,21505472488.552586,2024-05-20 00:00:00+00:00,4,True,True,False,False
link,LINK,2024-05-19 00:00:00+00:00,2024-05-19 00:00:00+00:00,2024-05-20 00:00:00+00:00,16575537736.9468,2024-05-20 00:00:00+00:00,5,True,True,True,True
ada,ADA,2024-05-19 00:00:00+00:00,2024-05-19 00:00:00+00:00,2024-05-20 00:00:00+00:00,16346485745.472677,2024-05-20 00:00:00+00:00,6,True,True,False,True
cro,CRO,2024-05-19 00:00:00+00:00,2024-05-19 00:00:00+00:00,2024-05-20 00:00:00+00:00,12183038253.7328,2024-05-20 00:00:00+00:00,7,False,True,False,False
xlm,XLM,2024-05-19 00:00:00+00:00,2024-05-19 00:00:00+00:00,2024-05-20 00:00:00+00:00,11118277594.468767,2024-05-20 00:00:00+00:00,8,False,True,False,False
bch,BCH,2024-05-19 00:00:00+00:00,2024-05-19 00:00:00+00:00,2024-05-20 00:00:00+00:00,9554920380.112309,2024-05-20 00:00:00+00:00,9,False,True,False,False
xvg,XVG,2024-05-19 00:00:00+00:00,2024-05-19 00:00:00+00:00,2024-05-20 00:00:00+00:00,9086570056.35999,2024-05-20 00:00:00+00:00,10,False,True,False,False
uni,UNI,2024-05-19 00:00:00+00:00,2024-05-19 00:00:00+00:00,2024-05-20 00:00:00+00:00,7639797013.76693,2024-05-20 00:00:00+00:00,11,False,False,False,False
icp,ICP,2024-05-19 00:00:00+00:00,2024-05-19 00:00:00+00:00,2024-05-20 00:00:00+00:00,6540928673.48336,2024-05-20 00:00:00+00:00,12,False,False,False,False
ltc,LTC,2024-05-19 00:00:00+00:00,2024-05-19 00:00:00+00:00,2024-05-20 00:00:00+00:00,6127899068.992907,2024-05-20 00:00:00+00:00,13,False,False,False,True
etc,ETC,2024-05-19 00:00:00+00:00,2024-05-19 00:00:00+00:00,2024-05-20 00:00:00+00:00,4063431943.33854,2024-05-20 00:00:00+00:00,14,False,False,False,False
avaxc,AVAXC,2024-05-19 00:00:00+00:00,2024-05-19 00:00:00+00:00,2024-05-20 00:00:00+00:00,3188422207.687003,2024-05-20 00:00:00+00:00,15,False,False,False,False
gno,GNO,2024-05-19 00:00:00+00:00,2024-05-19 00:00:00+00:00,2024-05-20 00:00:00+00:00,2964143672.27824,2024-05-20 00:00:00+00:00,16,False,False,False,False
mkr,MKR,2024-05-19 00:00:00+00:00,2024-05-19 00:00:00+00:00,2024-05-20 00:00:00+00:00,2711753398.619969,2024-05-20 00:00:00+00:00,17,False,False,False,False
xmr,XMR,2024-05-19 00:00:00+00:00,2024-05-19 00:00:00+00:00,2024-05-20 00:00:00+00:00,2413579824.788605,2024-05-20 00:00:00+00:00,18,False,False,False,False
qnt,QNT,2024-05-19 00:00:00+00:00,2024-05-19 00:00:00+00:00,2024-05-20 00:00:00+00:00,2312928937.55788,2024-05-20 00:00:00+00:00,19,False,False,False,False
algo,ALGO,2024-05-19 00:00:00+00:00,2024-05-19 00:00:00+00:00,2024-05-20 00:00:00+00:00,1751758895.81889,2024-05-20 00:00:00+00:00,20,False,False,False,False
ldo,LDO,2024-05-19 00:00:00+00:00,2024-05-19 00:00:00+00:00,2024-05-20 00:00:00+00:00,1726969441.88331,2024-05-20 00:00:00+00:00,21,False,False,False,False
neo,NEO,2024-05-19 00:00:00+00:00,2024-05-19 00:00:00+00:00,2024-05-20 00:00:00+00:00,1477356305.87261,2024-05-20 00:00:00+00:00,22,False,False,False,False
aave,AAVE,2024-05-19 00:00:00+00:00,2024-05-19 00:00:00+00:00,2024-05-20 00:00:00+00:00,1365510562.4812367,2024-05-20 00:00:00+00:00,23,False,False,False,False
lend,LEND,2024-05-19 00:00:00+00:00,2024-05-19 00:00:00+00:00,2024-05-20 00:00:00+00:00,1109477282.2629175,2024-05-20 00:00:00+00:00,24,False,False,False,False
avaxx,AVAXX,2024-05-19 00:00:00+00:00,2024-05-19 00:00:00+00:00,2024-05-20 00:00:00+00:00,963624303.3024112,2024-05-20 00:00:00+00:00,25,False,False,False,False
mana,MANA,2024-05-19 00:00:00+00:00,2024-05-19 00:00:00+00:00,2024-05-20 00:00:00+00:00,921389213.0408665,2024-05-20 00:00:00+00:00,26,False,False,False,False
crv,CRV,2024-05-19 00:00:00+00:00,2024-05-19 00:00:00+00:00,2024-05-20 00:00:00+00:00,886161153.6733483,2024-05-20 00:00:00+00:00,27,False,False,False,False
snx,SNX,2024-05-19 00:00:00+00:00,2024-05-19 00:00:00+00:00,2024-05-20 00:00:00+00:00,846737850.8645893,2024-05-20 00:00:00+00:00,28,False,False,False,False
btg,BTG,2024-05-19 00:00:00+00:00,2024-05-19 00:00:00+00:00,2024-05-20 00:00:00+00:00,683614270.9391239,2024-05-20 00:00:00+00:00,29,False,False,False,False
xaut,XAUT,2024-05-19 00:00:00+00:00,2024-05-19 00:00:00+00:00,2024-05-20 00:00:00+00:00,596375287.5927634,2024-05-20 00:00:00+00:00,30,False,False,False,False
btc,BTC,2024-05-26 00:00:00+00:00,2024-05-26 00:00:00+00:00,2024-05-27 00:00:00+00:00,1348641220725.7021,2024-05-27 00:00:00+00:00,1,True,True,True,True
eth,ETH,2024-05-26 00:00:00+00:00,2024-05-26 00:00:00+00:00,2024-05-27 00:00:00+00:00,459478056408.91113,2024-05-27 00:00:00+00:00,2,True,True,True,True
xrp,XRP,2024-05-26 00:00:00+00:00,2024-05-26 00:00:00+00:00,2024-05-27 00:00:00+00:00,52817154070.766624,2024-05-27 00:00:00+00:00,3,True,True,False,True
doge,DOGE,2024-05-26 00:00:00+00:00,2024-05-26 00:00:00+00:00,2024-05-27 00:00:00+00:00,24009818497.852783,2024-05-27 00:00:00+00:00,4,True,True,False,False
link,LINK,2024-05-26 00:00:00+00:00,2024-05-26 00:00:00+00:00,2024-05-27 00:00:00+00:00,17058393242.232,2024-05-27 00:00:00+00:00,5,True,True,True,True
ada,ADA,2024-05-26 00:00:00+00:00,2024-05-26 00:00:00+00:00,2024-05-27 00:00:00+00:00,16026228761.492098,2024-05-27 00:00:00+00:00,6,True,True,False,True
cro,CRO,2024-05-26 00:00:00+00:00,2024-05-26 00:00:00+00:00,2024-05-27 00:00:00+00:00,11944910038.3391,2024-05-27 00:00:00+00:00,7,False,True,False,False
xlm,XLM,2024-05-26 00:00:00+00:00,2024-05-26 00:00:00+00:00,2024-05-27 00:00:00+00:00,11453217329.632914,2024-05-27 00:00:00+00:00,8,False,True,False,False
uni,UNI,2024-05-26 00:00:00+00:00,2024-05-26 00:00:00+00:00,2024-05-27 00:00:00+00:00,11164539687.3773,2024-05-27 00:00:00+00:00,9,False,True,False,False
bch,BCH,2024-05-26 00:00:00+00:00,2024-05-26 00:00:00+00:00,2024-05-27 00:00:00+00:00,9547744721.537348,2024-05-27 00:00:00+00:00,10,False,True,False,False
xvg,XVG,2024-05-26 00:00:00+00:00,2024-05-26 00:00:00+00:00,2024-05-27 00:00:00+00:00,9122775261.036669,2024-05-27 00:00:00+00:00,11,False,False,False,False
icp,ICP,2024-05-26 00:00:00+00:00,2024-05-26 00:00:00+00:00,2024-05-27 00:00:00+00:00,6260305453.2304,2024-05-27 00:00:00+00:00,12,False,False,False,False
ltc,LTC,2024-05-26 00:00:00+00:00,2024-05-26 00:00:00+00:00,2024-05-27 00:00:00+00:00,6257866570.14387,2024-05-27 00:00:00+00:00,13,False,False,False,True
etc,ETC,2024-05-26 00:00:00+00:00,2024-05-26 00:00:00+00:00,2024-05-27 00:00:00+00:00,4673465107.11126,2024-05-27 00:00:00+00:00,14,False,False,False,False
gno,GNO,2024-05-26 00:00:00+00:00,2024-05-26 00:00:00+00:00,2024-05-27 00:00:00+00:00,3630813520.4274,2024-05-27 00:00:00+00:00,15,False,False,False,False
avaxc,AVAXC,2024-05-26 00:00:00+00:00,2024-05-26 00:00:00+00:00,2024-05-27 00:00:00+00:00,3465306213.824672,2024-05-27 00:00:00+00:00,16,False,False,False,False
mkr,MKR,2024-05-26 00:00:00+00:00,2024-05-26 00:00:00+00:00,2024-05-27 00:00:00+00:00,2772850404.8117905,2024-05-27 00:00:00+00:00,17,False,False,False,False
ldo,LDO,2024-05-26 00:00:00+00:00,2024-05-26 00:00:00+00:00,2024-05-27 00:00:00+00:00,2558131403.59605,2024-05-27 00:00:00+00:00,18,False,False,False,False
xmr,XMR,2024-05-26 00:00:00+00:00,2024-05-26 00:00:00+00:00,2024-05-27 00:00:00+00:00,2557893205.7131896,2024-05-27 00:00:00+00:00,19,False,False,False,False
qnt,QNT,2024-05-26 00:00:00+00:00,2024-05-26 00:00:00+00:00,2024-05-27 00:00:00+00:00,2254853362.576165,2024-05-27 00:00:00+00:00,20,False,False,False,False
algo,ALGO,2024-05-26 00:00:00+00:00,2024-05-26 00:00:00+00:00,2024-05-27 00:00:00+00:00,1894834987.72579,2024-05-27 00:00:00+00:00,21,False,False,False,False
aave,AAVE,2024-05-26 00:00:00+00:00,2024-05-26 00:00:00+00:00,2024-05-27 00:00:00+00:00,1762799990.717792,2024-05-27 00:00:00+00:00,22,False,False,False,False
neo,NEO,2024-05-26 00:00:00+00:00,2024-05-26 00:00:00+00:00,2024-05-27 00:00:00+00:00,1536665108.20836,2024-05-27 00:00:00+00:00,23,False,False,False,False
lend,LEND,2024-05-26 00:00:00+00:00,2024-05-26 00:00:00+00:00,2024-05-27 00:00:00+00:00,1432274928.2296717,2024-05-27 00:00:00+00:00,24,False,False,False,False
crv,CRV,2024-05-26 00:00:00+00:00,2024-05-26 00:00:00+00:00,2024-05-27 00:00:00+00:00,1037573266.8148865,2024-05-27 00:00:00+00:00,25,False,False,False,False
snx,SNX,2024-05-26 00:00:00+00:00,2024-05-26 00:00:00+00:00,2024-05-27 00:00:00+00:00,1002206794.4990791,2024-05-27 00:00:00+00:00,26,False,False,False,False
avaxx,AVAXX,2024-05-26 00:00:00+00:00,2024-05-26 00:00:00+00:00,2024-05-27 00:00:00+00:00,993259248.7632779,2024-05-27 00:00:00+00:00,27,False,False,False,False
mana,MANA,2024-05-26 00:00:00+00:00,2024-05-26 00:00:00+00:00,2024-05-27 00:00:00+00:00,981644444.335396,2024-05-27 00:00:00+00:00,28,False,False,False,False
btg,BTG,2024-05-26 00:00:00+00:00,2024-05-26 00:00:00+00:00,2024-05-27 00:00:00+00:00,680257121.69958,2024-05-27 00:00:00+00:00,29,False,False,False,False
comp,COMP,2024-05-26 00:00:00+00:00,2024-05-26 00:00:00+00:00,2024-05-27 00:00:00+00:00,639257090.76217,2024-05-27 00:00:00+00:00,30,False,False,False,False
btc,BTC,2024-06-02 00:00:00+00:00,2024-06-02 00:00:00+00:00,2024-06-03 00:00:00+00:00,1336240533927.6711,2024-06-03 00:00:00+00:00,1,True,True,True,True
eth,ETH,2024-06-02 00:00:00+00:00,2024-06-02 00:00:00+00:00,2024-06-03 00:00:00+00:00,454319407953.3998,2024-06-03 00:00:00+00:00,2,True,True,True,True
xrp,XRP,2024-06-02 00:00:00+00:00,2024-06-02 00:00:00+00:00,2024-06-03 00:00:00+00:00,51338160991.68576,2024-06-03 00:00:00+00:00,3,True,True,False,True
doge,DOGE,2024-06-02 00:00:00+00:00,2024-06-02 00:00:00+00:00,2024-06-03 00:00:00+00:00,22707221036.038223,2024-06-03 00:00:00+00:00,4,True,True,False,False
link,LINK,2024-06-02 00:00:00+00:00,2024-06-02 00:00:00+00:00,2024-06-03 00:00:00+00:00,18150341721.2725,2024-06-03 00:00:00+00:00,5,True,True,True,True
ada,ADA,2024-06-02 00:00:00+00:00,2024-06-02 00:00:00+00:00,2024-06-03 00:00:00+00:00,15622624227.018738,2024-06-03 00:00:00+00:00,6,True,True,False,True
xlm,XLM,2024-06-02 00:00:00+00:00,2024-06-02 00:00:00+00:00,2024-06-03 00:00:00+00:00,11080865390.884287,2024-06-03 00:00:00+00:00,7,False,True,False,False
cro,CRO,2024-06-02 00:00:00+00:00,2024-06-02 00:00:00+00:00,2024-06-03 00:00:00+00:00,10995244620.4135,2024-06-03 00:00:00+00:00,8,False,True,False,False
xvg,XVG,2024-06-02 00:00:00+00:00,2024-06-02 00:00:00+00:00,2024-06-03 00:00:00+00:00,9719047814.70814,2024-06-03 00:00:00+00:00,9,False,True,False,False
uni,UNI,2024-06-02 00:00:00+00:00,2024-06-02 00:00:00+00:00,2024-06-03 00:00:00+00:00,9432736057.95475,2024-06-03 00:00:00+00:00,10,False,True,False,False
bch,BCH,2024-06-02 00:00:00+00:00,2024-06-02 00:00:00+00:00,2024-06-03 00:00:00+00:00,9035498313.266718,2024-06-03 00:00:00+00:00,11,False,False,False,False
ltc,LTC,2024-06-02 00:00:00+00:00,2024-06-02 00:00:00+00:00,2024-06-03 00:00:00+00:00,6196394900.217473,2024-06-03 00:00:00+00:00,12,False,False,False,True
icp,ICP,2024-06-02 00:00:00+00:00,2024-06-02 00:00:00+00:00,2024-06-03 00:00:00+00:00,6159142390.725923,2024-06-03 00:00:00+00:00,13,False,False,False,False
etc,ETC,2024-06-02 00:00:00+00:00,2024-06-02 00:00:00+00:00,2024-06-03 00:00:00+00:00,4268505501.890238,2024-06-03 00:00:00+00:00,14,False,False,False,False
gno,GNO,2024-06-02 00:00:00+00:00,2024-06-02 00:00:00+00:00,2024-06-03 00:00:00+00:00,3402123477.37875,2024-06-03 00:00:00+00:00,15,False,False,False,False
avaxc,AVAXC,2024-06-02 00:00:00+00:00,2024-06-02 00:00:00+00:00,2024-06-03 00:00:00+00:00,3180859960.8836203,2024-06-03 00:00:00+00:00,16,False,False,False,False
xmr,XMR,2024-06-02 00:00:00+00:00,2024-06-02 00:00:00+00:00,2024-06-03 00:00:00+00:00,2738699753.3662443,2024-06-03 00:00:00+00:00,17,False,False,False,False
mkr,MKR,2024-06-02 00:00:00+00:00,2024-06-02 00:00:00+00:00,2024-06-03 00:00:00+00:00,2582019362.6960945,2024-06-03 00:00:00+00:00,18,False,False,False,False
ldo,LDO,2024-06-02 00:00:00+00:00,2024-06-02 00:00:00+00:00,2024-06-03 00:00:00+00:00,2352054516.99539,2024-06-03 00:00:00+00:00,19,False,False,False,False
qnt,QNT,2024-06-02 00:00:00+00:00,2024-06-02 00:00:00+00:00,2024-06-03 00:00:00+00:00,2237798733.763991,2024-06-03 00:00:00+00:00,20,False,False,False,False
algo,ALGO,2024-06-02 00:00:00+00:00,2024-06-02 00:00:00+00:00,2024-06-03 00:00:00+00:00,1827303035.26147,2024-06-03 00:00:00+00:00,21,False,False,False,False
aave,AAVE,2024-06-02 00:00:00+00:00,2024-06-02 00:00:00+00:00,2024-06-03 00:00:00+00:00,1653697049.108928,2024-06-03 00:00:00+00:00,22,False,False,False,False
neo,NEO,2024-06-02 00:00:00+00:00,2024-06-02 00:00:00+00:00,2024-06-03 00:00:00+00:00,1447917650.26649,2024-06-03 00:00:00+00:00,23,False,False,False,False
lend,LEND,2024-06-02 00:00:00+00:00,2024-06-02 00:00:00+00:00,2024-06-03 00:00:00+00:00,1343628792.1476922,2024-06-03 00:00:00+00:00,24,False,False,False,False
mana,MANA,2024-06-02 00:00:00+00:00,2024-06-02 00:00:00+00:00,2024-06-03 00:00:00+00:00,969312941.5449677,2024-06-03 00:00:00+00:00,25,False,False,False,False
crv,CRV,2024-06-02 00:00:00+00:00,2024-06-02 00:00:00+00:00,2024-06-03 00:00:00+00:00,967348811.8736714,2024-06-03 00:00:00+00:00,26,False,False,False,False
avaxx,AVAXX,2024-06-02 00:00:00+00:00,2024-06-02 00:00:00+00:00,2024-06-03 00:00:00+00:00,943747632.6844244,2024-06-03 00:00:00+00:00,27,False,False,False,False
snx,SNX,2024-06-02 00:00:00+00:00,2024-06-02 00:00:00+00:00,2024-06-03 00:00:00+00:00,901723052.7535428,2024-06-03 00:00:00+00:00,28,False,False,False,False
1inch,1INCH,2024-06-02 00:00:00+00:00,2024-06-02 00:00:00+00:00,2024-06-03 00:00:00+00:00,703752529.389084,2024-06-03 00:00:00+00:00,29,False,False,False,False
btg,BTG,2024-06-02 00:00:00+00:00,2024-06-02 00:00:00+00:00,2024-06-03 00:00:00+00:00,633313539.894596,2024-06-03 00:00:00+00:00,30,False,False,False,False
btc,BTC,2024-06-09 00:00:00+00:00,2024-06-09 00:00:00+00:00,2024-06-10 00:00:00+00:00,1372693139520.2039,2024-06-10 00:00:00+00:00,1,True,True,True,True
eth,ETH,2024-06-09 00:00:00+00:00,2024-06-09 00:00:00+00:00,2024-06-10 00:00:00+00:00,445259002298.56134,2024-06-10 00:00:00+00:00,2,True,True,True,True
xrp,XRP,2024-06-09 00:00:00+00:00,2024-06-09 00:00:00+00:00,2024-06-10 00:00:00+00:00,49848610490.92768,2024-06-10 00:00:00+00:00,3,True,True,False,True
doge,DOGE,2024-06-09 00:00:00+00:00,2024-06-09 00:00:00+00:00,2024-06-10 00:00:00+00:00,21234812240.768448,2024-06-10 00:00:00+00:00,4,True,True,False,False
link,LINK,2024-06-09 00:00:00+00:00,2024-06-09 00:00:00+00:00,2024-06-10 00:00:00+00:00,16340270691.6769,2024-06-10 00:00:00+00:00,5,True,True,True,True
ada,ADA,2024-06-09 00:00:00+00:00,2024-06-09 00:00:00+00:00,2024-06-10 00:00:00+00:00,15535141647.481771,2024-06-10 00:00:00+00:00,6,True,True,False,True
cro,CRO,2024-06-09 00:00:00+00:00,2024-06-09 00:00:00+00:00,2024-06-10 00:00:00+00:00,11017334939.806,2024-06-10 00:00:00+00:00,7,False,True,False,False
xlm,XLM,2024-06-09 00:00:00+00:00,2024-06-09 00:00:00+00:00,2024-06-10 00:00:00+00:00,10514101936.14869,2024-06-10 00:00:00+00:00,8,False,True,False,False
uni,UNI,2024-06-09 00:00:00+00:00,2024-06-09 00:00:00+00:00,2024-06-10 00:00:00+00:00,9814962187.22437,2024-06-10 00:00:00+00:00,9,False,True,False,False
bch,BCH,2024-06-09 00:00:00+00:00,2024-06-09 00:00:00+00:00,2024-06-10 00:00:00+00:00,9352682632.165497,2024-06-10 00:00:00+00:00,10,False,True,False,False
xvg,XVG,2024-06-09 00:00:00+00:00,2024-06-09 00:00:00+00:00,2024-06-10 00:00:00+00:00,9046688836.601738,2024-06-10 00:00:00+00:00,11,False,False,False,False
ltc,LTC,2024-06-09 00:00:00+00:00,2024-06-09 00:00:00+00:00,2024-06-10 00:00:00+00:00,6001634443.052532,2024-06-10 00:00:00+00:00,12,False,False,False,True
icp,ICP,2024-06-09 00:00:00+00:00,2024-06-09 00:00:00+00:00,2024-06-10 00:00:00+00:00,5722934471.916673,2024-06-10 00:00:00+00:00,13,False,False,False,False
etc,ETC,2024-06-09 00:00:00+00:00,2024-06-09 00:00:00+00:00,2024-06-10 00:00:00+00:00,3977358545.4995084,2024-06-10 00:00:00+00:00,14,False,False,False,False
gno,GNO,2024-06-09 00:00:00+00:00,2024-06-09 00:00:00+00:00,2024-06-10 00:00:00+00:00,3270441326.62067,2024-06-10 00:00:00+00:00,15,False,False,False,False
xmr,XMR,2024-06-09 00:00:00+00:00,2024-06-09 00:00:00+00:00,2024-06-10 00:00:00+00:00,3121661546.140058,2024-06-10 00:00:00+00:00,16,False,False,False,False
avaxc,AVAXC,2024-06-09 00:00:00+00:00,2024-06-09 00:00:00+00:00,2024-06-10 00:00:00+00:00,2939397803.159069,2024-06-10 00:00:00+00:00,17,False,False,False,False
mkr,MKR,2024-06-09 00:00:00+00:00,2024-06-09 00:00:00+00:00,2024-06-10 00:00:00+00:00,2433123096.399168,2024-06-10 00:00:00+00:00,18,False,False,False,False
qnt,QNT,2024-06-09 00:00:00+00:00,2024-06-09 00:00:00+00:00,2024-06-10 00:00:00+00:00,2143243347.460062,2024-06-10 00:00:00+00:00,19,False,False,False,False
ldo,LDO,2024-06-09 00:00:00+00:00,2024-06-09 00:00:00+00:00,2024-06-10 00:00:00+00:00,1879284982.25539,2024-06-10 00:00:00+00:00,20,False,False,False,False
algo,ALGO,2024-06-09 00:00:00+00:00,2024-06-09 00:00:00+00:00,2024-06-10 00:00:00+00:00,1701209955.99987,2024-06-10 00:00:00+00:00,21,False,False,False,False
aave,AAVE,2024-06-09 00:00:00+00:00,2024-06-09 00:00:00+00:00,2024-06-10 00:00:00+00:00,1496027946.3681216,2024-06-10 00:00:00+00:00,22,False,False,False,False
neo,NEO,2024-06-09 00:00:00+00:00,2024-06-09 00:00:00+00:00,2024-06-10 00:00:00+00:00,1348598698.34031,2024-06-10 00:00:00+00:00,23,False,False,False,False
lend,LEND,2024-06-09 00:00:00+00:00,2024-06-09 00:00:00+00:00,2024-06-10 00:00:00+00:00,1215522651.9155428,2024-06-10 00:00:00+00:00,24,False,False,False,False
mana,MANA,2024-06-09 00:00:00+00:00,2024-06-09 00:00:00+00:00,2024-06-10 00:00:00+00:00,924075197.942565,2024-06-10 00:00:00+00:00,25,False,False,False,False
avaxx,AVAXX,2024-06-09 00:00:00+00:00,2024-06-09 00:00:00+00:00,2024-06-10 00:00:00+00:00,889436170.4652991,2024-06-10 00:00:00+00:00,26,False,False,False,False
crv,CRV,2024-06-09 00:00:00+00:00,2024-06-09 00:00:00+00:00,2024-06-10 00:00:00+00:00,889246933.2952766,2024-06-10 00:00:00+00:00,27,False,False,False,False
snx,SNX,2024-06-09 00:00:00+00:00,2024-06-09 00:00:00+00:00,2024-06-10 00:00:00+00:00,804096776.029013,2024-06-10 00:00:00+00:00,28,False,False,False,False
1inch,1INCH,2024-06-09 00:00:00+00:00,2024-06-09 00:00:00+00:00,2024-06-10 00:00:00+00:00,664760494.3395495,2024-06-10 00:00:00+00:00,29,False,False,False,False
btg,BTG,2024-06-09 00:00:00+00:00,2024-06-09 00:00:00+00:00,2024-06-10 00:00:00+00:00,613302857.6572782,2024-06-10 00:00:00+00:00,30,False,False,False,False
btc,BTC,2024-06-16 00:00:00+00:00,2024-06-16 00:00:00+00:00,2024-06-17 00:00:00+00:00,1313344170121.058,2024-06-17 00:00:00+00:00,1,True,True,True,True
eth,ETH,2024-06-16 00:00:00+00:00,2024-06-16 00:00:00+00:00,2024-06-17 00:00:00+00:00,434969448760.2027,2024-06-17 00:00:00+00:00,2,True,True,True,True
xrp,XRP,2024-06-16 00:00:00+00:00,2024-06-16 00:00:00+00:00,2024-06-17 00:00:00+00:00,48857211423.475105,2024-06-17 00:00:00+00:00,3,True,True,False,True
doge,DOGE,2024-06-16 00:00:00+00:00,2024-06-16 00:00:00+00:00,2024-06-17 00:00:00+00:00,19818297380.917576,2024-06-17 00:00:00+00:00,4,True,True,False,False
link,LINK,2024-06-16 00:00:00+00:00,2024-06-16 00:00:00+00:00,2024-06-17 00:00:00+00:00,15115203769.6918,2024-06-17 00:00:00+00:00,5,True,True,True,True
ada,ADA,2024-06-16 00:00:00+00:00,2024-06-16 00:00:00+00:00,2024-06-17 00:00:00+00:00,14570123973.169306,2024-06-17 00:00:00+00:00,6,True,True,False,True
uni,UNI,2024-06-16 00:00:00+00:00,2024-06-16 00:00:00+00:00,2024-06-17 00:00:00+00:00,11763648985.3884,2024-06-17 00:00:00+00:00,7,False,True,False,False
xlm,XLM,2024-06-16 00:00:00+00:00,2024-06-16 00:00:00+00:00,2024-06-17 00:00:00+00:00,10429127591.041586,2024-06-17 00:00:00+00:00,8,False,True,False,False
cro,CRO,2024-06-16 00:00:00+00:00,2024-06-16 00:00:00+00:00,2024-06-17 00:00:00+00:00,9876665994.548,2024-06-17 00:00:00+00:00,9,False,True,False,False
bch,BCH,2024-06-16 00:00:00+00:00,2024-06-16 00:00:00+00:00,2024-06-17 00:00:00+00:00,8442132009.451443,2024-06-17 00:00:00+00:00,10,False,True,False,False
xvg,XVG,2024-06-16 00:00:00+00:00,2024-06-16 00:00:00+00:00,2024-06-17 00:00:00+00:00,8188053474.657134,2024-06-17 00:00:00+00:00,11,False,False,False,False
ltc,LTC,2024-06-16 00:00:00+00:00,2024-06-16 00:00:00+00:00,2024-06-17 00:00:00+00:00,5886835199.195406,2024-06-17 00:00:00+00:00,12,False,False,False,True
icp,ICP,2024-06-16 00:00:00+00:00,2024-06-16 00:00:00+00:00,2024-06-17 00:00:00+00:00,4998186935.732835,2024-06-17 00:00:00+00:00,13,False,False,False,False
etc,ETC,2024-06-16 00:00:00+00:00,2024-06-16 00:00:00+00:00,2024-06-17 00:00:00+00:00,3757308363.506755,2024-06-17 00:00:00+00:00,14,False,False,False,False
gno,GNO,2024-06-16 00:00:00+00:00,2024-06-16 00:00:00+00:00,2024-06-17 00:00:00+00:00,3345444322.10342,2024-06-17 00:00:00+00:00,15,False,False,False,False
xmr,XMR,2024-06-16 00:00:00+00:00,2024-06-16 00:00:00+00:00,2024-06-17 00:00:00+00:00,3180638600.952391,2024-06-17 00:00:00+00:00,16,False,False,False,False
avaxc,AVAXC,2024-06-16 00:00:00+00:00,2024-06-16 00:00:00+00:00,2024-06-17 00:00:00+00:00,2698760714.633129,2024-06-17 00:00:00+00:00,17,False,False,False,False
mkr,MKR,2024-06-16 00:00:00+00:00,2024-06-16 00:00:00+00:00,2024-06-17 00:00:00+00:00,2383254025.3647594,2024-06-17 00:00:00+00:00,18,False,False,False,False
ldo,LDO,2024-06-16 00:00:00+00:00,2024-06-16 00:00:00+00:00,2024-06-17 00:00:00+00:00,2147967439.92719,2024-06-17 00:00:00+00:00,19,False,False,False,False
qnt,QNT,2024-06-16 00:00:00+00:00,2024-06-16 00:00:00+00:00,2024-06-17 00:00:00+00:00,2023766612.204198,2024-06-17 00:00:00+00:00,20,False,False,False,False
algo,ALGO,2024-06-16 00:00:00+00:00,2024-06-16 00:00:00+00:00,2024-06-17 00:00:00+00:00,1553745974.78207,2024-06-17 00:00:00+00:00,21,False,False,False,False
aave,AAVE,2024-06-16 00:00:00+00:00,2024-06-16 00:00:00+00:00,2024-06-17 00:00:00+00:00,1367722503.6534064,2024-06-17 00:00:00+00:00,22,False,False,False,False
neo,NEO,2024-06-16 00:00:00+00:00,2024-06-16 00:00:00+00:00,2024-06-17 00:00:00+00:00,1272996824.53982,2024-06-17 00:00:00+00:00,23,False,False,False,False
lend,LEND,2024-06-16 00:00:00+00:00,2024-06-16 00:00:00+00:00,2024-06-17 00:00:00+00:00,1111274484.3847122,2024-06-17 00:00:00+00:00,24,False,False,False,False
flow,FLOW,2024-06-16 00:00:00+00:00,2024-06-16 00:00:00+00:00,2024-06-17 00:00:00+00:00,1090531126.0174158,2024-06-17 00:00:00+00:00,25,False,False,False,False
mana,MANA,2024-06-16 00:00:00+00:00,2024-06-16 00:00:00+00:00,2024-06-17 00:00:00+00:00,845454188.7800497,2024-06-17 00:00:00+00:00,26,False,False,False,False
avaxx,AVAXX,2024-06-16 00:00:00+00:00,2024-06-16 00:00:00+00:00,2024-06-17 00:00:00+00:00,805205211.3754405,2024-06-17 00:00:00+00:00,27,False,False,False,False
snx,SNX,2024-06-16 00:00:00+00:00,2024-06-16 00:00:00+00:00,2024-06-17 00:00:00+00:00,726815552.604912,2024-06-17 00:00:00+00:00,28,False,False,False,False
crv,CRV,2024-06-16 00:00:00+00:00,2024-06-16 00:00:00+00:00,2024-06-17 00:00:00+00:00,700162373.7781686,2024-06-17 00:00:00+00:00,29,False,False,False,False
1inch,1INCH,2024-06-16 00:00:00+00:00,2024-06-16 00:00:00+00:00,2024-06-17 00:00:00+00:00,629549508.2678055,2024-06-17 00:00:00+00:00,30,False,False,False,False
btc,BTC,2024-06-23 00:00:00+00:00,2024-06-23 00:00:00+00:00,2024-06-24 00:00:00+00:00,1248923864108.9224,2024-06-24 00:00:00+00:00,1,True,True,True,True
eth,ETH,2024-06-23 00:00:00+00:00,2024-06-23 00:00:00+00:00,2024-06-24 00:00:00+00:00,411012084269.7799,2024-06-24 00:00:00+00:00,2,True,True,True,True
xrp,XRP,2024-06-23 00:00:00+00:00,2024-06-23 00:00:00+00:00,2024-06-24 00:00:00+00:00,47940502901.061165,2024-06-24 00:00:00+00:00,3,True,True,False,True
doge,DOGE,2024-06-23 00:00:00+00:00,2024-06-23 00:00:00+00:00,2024-06-24 00:00:00+00:00,17711332210.396473,2024-06-24 00:00:00+00:00,4,True,True,False,False
ada,ADA,2024-06-23 00:00:00+00:00,2024-06-23 00:00:00+00:00,2024-06-24 00:00:00+00:00,13312072572.918411,2024-06-24 00:00:00+00:00,5,True,True,False,True
link,LINK,2024-06-23 00:00:00+00:00,2024-06-23 00:00:00+00:00,2024-06-24 00:00:00+00:00,13198373629.6078,2024-06-24 00:00:00+00:00,6,True,True,True,True
uni,UNI,2024-06-23 00:00:00+00:00,2024-06-23 00:00:00+00:00,2024-06-24 00:00:00+00:00,9791543412.17551,2024-06-24 00:00:00+00:00,7,False,True,False,False
xlm,XLM,2024-06-23 00:00:00+00:00,2024-06-23 00:00:00+00:00,2024-06-24 00:00:00+00:00,9436378515.471762,2024-06-24 00:00:00+00:00,8,False,True,False,False
cro,CRO,2024-06-23 00:00:00+00:00,2024-06-23 00:00:00+00:00,2024-06-24 00:00:00+00:00,9155917264.36027,2024-06-24 00:00:00+00:00,9,False,True,False,False
bch,BCH,2024-06-23 00:00:00+00:00,2024-06-23 00:00:00+00:00,2024-06-24 00:00:00+00:00,7539212454.479342,2024-06-24 00:00:00+00:00,10,False,True,False,False
xvg,XVG,2024-06-23 00:00:00+00:00,2024-06-23 00:00:00+00:00,2024-06-24 00:00:00+00:00,6648176315.528395,2024-06-24 00:00:00+00:00,11,False,False,False,False
ltc,LTC,2024-06-23 00:00:00+00:00,2024-06-23 00:00:00+00:00,2024-06-24 00:00:00+00:00,5492410259.469209,2024-06-24 00:00:00+00:00,12,False,False,False,True
icp,ICP,2024-06-23 00:00:00+00:00,2024-06-23 00:00:00+00:00,2024-06-24 00:00:00+00:00,4098659958.865851,2024-06-24 00:00:00+00:00,13,False,False,False,False
etc,ETC,2024-06-23 00:00:00+00:00,2024-06-23 00:00:00+00:00,2024-06-24 00:00:00+00:00,3341612809.564784,2024-06-24 00:00:00+00:00,14,False,False,False,False
gno,GNO,2024-06-23 00:00:00+00:00,2024-06-23 00:00:00+00:00,2024-06-24 00:00:00+00:00,3141626223.39501,2024-06-24 00:00:00+00:00,15,False,False,False,False
xmr,XMR,2024-06-23 00:00:00+00:00,2024-06-23 00:00:00+00:00,2024-06-24 00:00:00+00:00,2945952880.7935615,2024-06-24 00:00:00+00:00,16,False,False,False,False
avaxc,AVAXC,2024-06-23 00:00:00+00:00,2024-06-23 00:00:00+00:00,2024-06-24 00:00:00+00:00,2293077057.3597965,2024-06-24 00:00:00+00:00,17,False,False,False,False
mkr,MKR,2024-06-23 00:00:00+00:00,2024-06-23 00:00:00+00:00,2024-06-24 00:00:00+00:00,2210295498.149535,2024-06-24 00:00:00+00:00,18,False,False,False,False
ldo,LDO,2024-06-23 00:00:00+00:00,2024-06-23 00:00:00+00:00,2024-06-24 00:00:00+00:00,2067840084.87585,2024-06-24 00:00:00+00:00,19,False,False,False,False
qnt,QNT,2024-06-23 00:00:00+00:00,2024-06-23 00:00:00+00:00,2024-06-24 00:00:00+00:00,1811501209.3679986,2024-06-24 00:00:00+00:00,20,False,False,False,False
algo,ALGO,2024-06-23 00:00:00+00:00,2024-06-23 00:00:00+00:00,2024-06-24 00:00:00+00:00,1322964658.29704,2024-06-24 00:00:00+00:00,21,False,False,False,False
aave,AAVE,2024-06-23 00:00:00+00:00,2024-06-23 00:00:00+00:00,2024-06-24 00:00:00+00:00,1290974295.4962127,2024-06-24 00:00:00+00:00,22,False,False,False,False
neo,NEO,2024-06-23 00:00:00+00:00,2024-06-23 00:00:00+00:00,2024-06-24 00:00:00+00:00,1092005725.24472,2024-06-24 00:00:00+00:00,23,False,False,False,False
lend,LEND,2024-06-23 00:00:00+00:00,2024-06-23 00:00:00+00:00,2024-06-24 00:00:00+00:00,1048916568.0533532,2024-06-24 00:00:00+00:00,24,False,False,False,False
flow,FLOW,2024-06-23 00:00:00+00:00,2024-06-23 00:00:00+00:00,2024-06-24 00:00:00+00:00,931943079.7066003,2024-06-24 00:00:00+00:00,25,False,False,False,False
mana,MANA,2024-06-23 00:00:00+00:00,2024-06-23 00:00:00+00:00,2024-06-24 00:00:00+00:00,713949411.1115186,2024-06-24 00:00:00+00:00,26,False,False,False,False
crv,CRV,2024-06-23 00:00:00+00:00,2024-06-23 00:00:00+00:00,2024-06-24 00:00:00+00:00,710120891.0503348,2024-06-24 00:00:00+00:00,27,False,False,False,False
snx,SNX,2024-06-23 00:00:00+00:00,2024-06-23 00:00:00+00:00,2024-06-24 00:00:00+00:00,647888512.7277554,2024-06-24 00:00:00+00:00,28,False,False,False,False
avaxx,AVAXX,2024-06-23 00:00:00+00:00,2024-06-23 00:00:00+00:00,2024-06-24 00:00:00+00:00,625557221.3495775,2024-06-24 00:00:00+00:00,29,False,False,False,False
1inch,1INCH,2024-06-23 00:00:00+00:00,2024-06-23 00:00:00+00:00,2024-06-24 00:00:00+00:00,582428873.4317901,2024-06-24 00:00:00+00:00,30,False,False,False,False
btc,BTC,2024-06-30 00:00:00+00:00,2024-06-30 00:00:00+00:00,2024-07-01 00:00:00+00:00,1237638479045.0432,2024-07-01 00:00:00+00:00,1,True,True,True,True
eth,ETH,2024-06-30 00:00:00+00:00,2024-06-30 00:00:00+00:00,2024-07-01 00:00:00+00:00,413216154556.0081,2024-07-01 00:00:00+00:00,2,True,True,True,True
xrp,XRP,2024-06-30 00:00:00+00:00,2024-06-30 00:00:00+00:00,2024-07-01 00:00:00+00:00,47566581004.16837,2024-07-01 00:00:00+00:00,3,True,True,False,True
doge,DOGE,2024-06-30 00:00:00+00:00,2024-06-30 00:00:00+00:00,2024-07-01 00:00:00+00:00,18038069590.866135,2024-07-01 00:00:00+00:00,4,True,True,False,False
link,LINK,2024-06-30 00:00:00+00:00,2024-06-30 00:00:00+00:00,2024-07-01 00:00:00+00:00,14261246323.8373,2024-07-01 00:00:00+00:00,5,True,True,True,True
ada,ADA,2024-06-30 00:00:00+00:00,2024-06-30 00:00:00+00:00,2024-07-01 00:00:00+00:00,13745067336.07873,2024-07-01 00:00:00+00:00,6,True,True,False,True
xlm,XLM,2024-06-30 00:00:00+00:00,2024-06-30 00:00:00+00:00,2024-07-01 00:00:00+00:00,9592843510.399506,2024-07-01 00:00:00+00:00,7,False,True,False,False
uni,UNI,2024-06-30 00:00:00+00:00,2024-06-30 00:00:00+00:00,2024-07-01 00:00:00+00:00,9278553925.09523,2024-07-01 00:00:00+00:00,8,False,True,False,False
cro,CRO,2024-06-30 00:00:00+00:00,2024-06-30 00:00:00+00:00,2024-07-01 00:00:00+00:00,9166287002.61185,2024-07-01 00:00:00+00:00,9,False,True,False,False
bch,BCH,2024-06-30 00:00:00+00:00,2024-06-30 00:00:00+00:00,2024-07-01 00:00:00+00:00,7763298637.82202,2024-07-01 00:00:00+00:00,10,False,True,False,False
xvg,XVG,2024-06-30 00:00:00+00:00,2024-06-30 00:00:00+00:00,2024-07-01 00:00:00+00:00,6997910575.410948,2024-07-01 00:00:00+00:00,11,False,False,False,False
ltc,LTC,2024-06-30 00:00:00+00:00,2024-06-30 00:00:00+00:00,2024-07-01 00:00:00+00:00,5623616597.342062,2024-07-01 00:00:00+00:00,12,False,False,False,True
icp,ICP,2024-06-30 00:00:00+00:00,2024-06-30 00:00:00+00:00,2024-07-01 00:00:00+00:00,4248236731.9155746,2024-07-01 00:00:00+00:00,13,False,False,False,False
etc,ETC,2024-06-30 00:00:00+00:00,2024-06-30 00:00:00+00:00,2024-07-01 00:00:00+00:00,3500514975.710674,2024-07-01 00:00:00+00:00,14,False,False,False,False
xmr,XMR,2024-06-30 00:00:00+00:00,2024-06-30 00:00:00+00:00,2024-07-01 00:00:00+00:00,3013393741.0370255,2024-07-01 00:00:00+00:00,15,False,False,False,False
gno,GNO,2024-06-30 00:00:00+00:00,2024-06-30 00:00:00+00:00,2024-07-01 00:00:00+00:00,2866912738.57864,2024-07-01 00:00:00+00:00,16,False,False,False,False
avaxc,AVAXC,2024-06-30 00:00:00+00:00,2024-06-30 00:00:00+00:00,2024-07-01 00:00:00+00:00,2851877678.9517593,2024-07-01 00:00:00+00:00,17,False,False,False,False
mkr,MKR,2024-06-30 00:00:00+00:00,2024-06-30 00:00:00+00:00,2024-07-01 00:00:00+00:00,2466850779.177591,2024-07-01 00:00:00+00:00,18,False,False,False,False
ldo,LDO,2024-06-30 00:00:00+00:00,2024-06-30 00:00:00+00:00,2024-07-01 00:00:00+00:00,1977000731.74339,2024-07-01 00:00:00+00:00,19,False,False,False,False
qnt,QNT,2024-06-30 00:00:00+00:00,2024-06-30 00:00:00+00:00,2024-07-01 00:00:00+00:00,1879387513.8234518,2024-07-01 00:00:00+00:00,20,False,False,False,False
aave,AAVE,2024-06-30 00:00:00+00:00,2024-06-30 00:00:00+00:00,2024-07-01 00:00:00+00:00,1550495960.7396495,2024-07-01 00:00:00+00:00,21,False,False,False,False
algo,ALGO,2024-06-30 00:00:00+00:00,2024-06-30 00:00:00+00:00,2024-07-01 00:00:00+00:00,1440738415.77001,2024-07-01 00:00:00+00:00,22,False,False,False,False
lend,LEND,2024-06-30 00:00:00+00:00,2024-06-30 00:00:00+00:00,2024-07-01 00:00:00+00:00,1259777911.6078389,2024-07-01 00:00:00+00:00,23,False,False,False,False
neo,NEO,2024-06-30 00:00:00+00:00,2024-06-30 00:00:00+00:00,2024-07-01 00:00:00+00:00,1159480522.44304,2024-07-01 00:00:00+00:00,24,False,False,False,False
flow,FLOW,2024-06-30 00:00:00+00:00,2024-06-30 00:00:00+00:00,2024-07-01 00:00:00+00:00,956729118.1308604,2024-07-01 00:00:00+00:00,25,False,False,False,False
mana,MANA,2024-06-30 00:00:00+00:00,2024-06-30 00:00:00+00:00,2024-07-01 00:00:00+00:00,743057768.9273164,2024-07-01 00:00:00+00:00,26,False,False,False,False
avaxx,AVAXX,2024-06-30 00:00:00+00:00,2024-06-30 00:00:00+00:00,2024-07-01 00:00:00+00:00,731704675.8059678,2024-07-01 00:00:00+00:00,27,False,False,False,False
snx,SNX,2024-06-30 00:00:00+00:00,2024-06-30 00:00:00+00:00,2024-07-01 00:00:00+00:00,657281041.7506719,2024-07-01 00:00:00+00:00,28,False,False,False,False
crv,CRV,2024-06-30 00:00:00+00:00,2024-06-30 00:00:00+00:00,2024-07-01 00:00:00+00:00,610330540.4668655,2024-07-01 00:00:00+00:00,29,False,False,False,False
1inch,1INCH,2024-06-30 00:00:00+00:00,2024-06-30 00:00:00+00:00,2024-07-01 00:00:00+00:00,599547080.3454549,2024-07-01 00:00:00+00:00,30,False,False,False,False
btc,BTC,2024-07-07 00:00:00+00:00,2024-07-07 00:00:00+00:00,2024-07-08 00:00:00+00:00,1106667719773.1875,2024-07-08 00:00:00+00:00,1,True,True,True,True
eth,ETH,2024-07-07 00:00:00+00:00,2024-07-07 00:00:00+00:00,2024-07-08 00:00:00+00:00,352537910982.17975,2024-07-08 00:00:00+00:00,2,True,True,True,True
xrp,XRP,2024-07-07 00:00:00+00:00,2024-07-07 00:00:00+00:00,2024-07-08 00:00:00+00:00,42069643005.83316,2024-07-08 00:00:00+00:00,3,True,True,False,True
doge,DOGE,2024-07-07 00:00:00+00:00,2024-07-07 00:00:00+00:00,2024-07-08 00:00:00+00:00,15157512566.762178,2024-07-08 00:00:00+00:00,4,True,True,False,False
link,LINK,2024-07-07 00:00:00+00:00,2024-07-07 00:00:00+00:00,2024-07-08 00:00:00+00:00,12373386829.3525,2024-07-08 00:00:00+00:00,5,True,True,True,True
ada,ADA,2024-07-07 00:00:00+00:00,2024-07-07 00:00:00+00:00,2024-07-08 00:00:00+00:00,12182090740.80087,2024-07-08 00:00:00+00:00,6,True,True,False,True
xlm,XLM,2024-07-07 00:00:00+00:00,2024-07-07 00:00:00+00:00,2024-07-08 00:00:00+00:00,8860386837.051893,2024-07-08 00:00:00+00:00,7,False,True,False,False
cro,CRO,2024-07-07 00:00:00+00:00,2024-07-07 00:00:00+00:00,2024-07-08 00:00:00+00:00,8224395973.21707,2024-07-08 00:00:00+00:00,8,False,True,False,False
uni,UNI,2024-07-07 00:00:00+00:00,2024-07-07 00:00:00+00:00,2024-07-08 00:00:00+00:00,7666172539.91958,2024-07-08 00:00:00+00:00,9,False,True,False,False
bch,BCH,2024-07-07 00:00:00+00:00,2024-07-07 00:00:00+00:00,2024-07-08 00:00:00+00:00,6186139685.895597,2024-07-08 00:00:00+00:00,10,False,True,False,False
xvg,XVG,2024-07-07 00:00:00+00:00,2024-07-07 00:00:00+00:00,2024-07-08 00:00:00+00:00,5916967150.658413,2024-07-08 00:00:00+00:00,11,False,False,False,False
ltc,LTC,2024-07-07 00:00:00+00:00,2024-07-07 00:00:00+00:00,2024-07-08 00:00:00+00:00,4643905927.111356,2024-07-08 00:00:00+00:00,12,False,False,False,True
icp,ICP,2024-07-07 00:00:00+00:00,2024-07-07 00:00:00+00:00,2024-07-08 00:00:00+00:00,3613135594.1696305,2024-07-08 00:00:00+00:00,13,False,False,False,False
etc,ETC,2024-07-07 00:00:00+00:00,2024-07-07 00:00:00+00:00,2024-07-08 00:00:00+00:00,2927144443.272565,2024-07-08 00:00:00+00:00,14,False,False,False,False
xmr,XMR,2024-07-07 00:00:00+00:00,2024-07-07 00:00:00+00:00,2024-07-08 00:00:00+00:00,2699694815.5516405,2024-07-08 00:00:00+00:00,15,False,False,False,False
avaxc,AVAXC,2024-07-07 00:00:00+00:00,2024-07-07 00:00:00+00:00,2024-07-08 00:00:00+00:00,2524092923.765994,2024-07-08 00:00:00+00:00,16,False,False,False,False
gno,GNO,2024-07-07 00:00:00+00:00,2024-07-07 00:00:00+00:00,2024-07-08 00:00:00+00:00,2393995359.80798,2024-07-08 00:00:00+00:00,17,False,False,False,False
mkr,MKR,2024-07-07 00:00:00+00:00,2024-07-07 00:00:00+00:00,2024-07-08 00:00:00+00:00,2076172927.1617558,2024-07-08 00:00:00+00:00,18,False,False,False,False
qnt,QNT,2024-07-07 00:00:00+00:00,2024-07-07 00:00:00+00:00,2024-07-08 00:00:00+00:00,1693297639.1520326,2024-07-08 00:00:00+00:00,19,False,False,False,False
ldo,LDO,2024-07-07 00:00:00+00:00,2024-07-07 00:00:00+00:00,2024-07-08 00:00:00+00:00,1568897866.8354,2024-07-08 00:00:00+00:00,20,False,False,False,False
algo,ALGO,2024-07-07 00:00:00+00:00,2024-07-07 00:00:00+00:00,2024-07-08 00:00:00+00:00,1268151662.75509,2024-07-08 00:00:00+00:00,21,False,False,False,False
aave,AAVE,2024-07-07 00:00:00+00:00,2024-07-07 00:00:00+00:00,2024-07-08 00:00:00+00:00,1255405545.912376,2024-07-08 00:00:00+00:00,22,False,False,False,False
lend,LEND,2024-07-07 00:00:00+00:00,2024-07-07 00:00:00+00:00,2024-07-08 00:00:00+00:00,1020016960.3124518,2024-07-08 00:00:00+00:00,23,False,False,False,False
neo,NEO,2024-07-07 00:00:00+00:00,2024-07-07 00:00:00+00:00,2024-07-08 00:00:00+00:00,930703553.024462,2024-07-08 00:00:00+00:00,24,False,False,False,False
flow,FLOW,2024-07-07 00:00:00+00:00,2024-07-07 00:00:00+00:00,2024-07-08 00:00:00+00:00,769988076.6093552,2024-07-08 00:00:00+00:00,25,False,False,False,False
mana,MANA,2024-07-07 00:00:00+00:00,2024-07-07 00:00:00+00:00,2024-07-08 00:00:00+00:00,648459260.8117627,2024-07-08 00:00:00+00:00,26,False,False,False,False
avaxx,AVAXX,2024-07-07 00:00:00+00:00,2024-07-07 00:00:00+00:00,2024-07-08 00:00:00+00:00,639632856.0952684,2024-07-08 00:00:00+00:00,27,False,False,False,False
xaut,XAUT,2024-07-07 00:00:00+00:00,2024-07-07 00:00:00+00:00,2024-07-08 00:00:00+00:00,588656867.7864621,2024-07-08 00:00:00+00:00,28,False,False,False,False
1inch,1INCH,2024-07-07 00:00:00+00:00,2024-07-07 00:00:00+00:00,2024-07-08 00:00:00+00:00,556729456.75705,2024-07-08 00:00:00+00:00,29,False,False,False,False
crv,CRV,2024-07-07 00:00:00+00:00,2024-07-07 00:00:00+00:00,2024-07-08 00:00:00+00:00,545016374.5930814,2024-07-08 00:00:00+00:00,30,False,False,False,False
btc,BTC,2024-07-14 00:00:00+00:00,2024-07-14 00:00:00+00:00,2024-07-15 00:00:00+00:00,1203557535228.1936,2024-07-15 00:00:00+00:00,1,True,True,True,True
eth,ETH,2024-07-14 00:00:00+00:00,2024-07-14 00:00:00+00:00,2024-07-15 00:00:00+00:00,391507735299.65845,2024-07-15 00:00:00+00:00,2,True,True,True,True
xrp,XRP,2024-07-14 00:00:00+00:00,2024-07-14 00:00:00+00:00,2024-07-15 00:00:00+00:00,52362521062.64861,2024-07-15 00:00:00+00:00,3,True,True,False,True
doge,DOGE,2024-07-14 00:00:00+00:00,2024-07-14 00:00:00+00:00,2024-07-15 00:00:00+00:00,16813082395.78734,2024-07-15 00:00:00+00:00,4,True,True,False,False
ada,ADA,2024-07-14 00:00:00+00:00,2024-07-14 00:00:00+00:00,2024-07-15 00:00:00+00:00,15221486445.882812,2024-07-15 00:00:00+00:00,5,True,True,False,True
link,LINK,2024-07-14 00:00:00+00:00,2024-07-14 00:00:00+00:00,2024-07-15 00:00:00+00:00,13466591628.868,2024-07-15 00:00:00+00:00,6,True,True,True,True
xlm,XLM,2024-07-14 00:00:00+00:00,2024-07-14 00:00:00+00:00,2024-07-15 00:00:00+00:00,11040757238.270231,2024-07-15 00:00:00+00:00,7,False,True,False,False
cro,CRO,2024-07-14 00:00:00+00:00,2024-07-14 00:00:00+00:00,2024-07-15 00:00:00+00:00,9248442391.32686,2024-07-15 00:00:00+00:00,8,False,True,False,False
uni,UNI,2024-07-14 00:00:00+00:00,2024-07-14 00:00:00+00:00,2024-07-15 00:00:00+00:00,8450981776.80493,2024-07-15 00:00:00+00:00,9,False,True,False,False
bch,BCH,2024-07-14 00:00:00+00:00,2024-07-14 00:00:00+00:00,2024-07-15 00:00:00+00:00,7463904886.404409,2024-07-15 00:00:00+00:00,10,False,True,False,False
xvg,XVG,2024-07-14 00:00:00+00:00,2024-07-14 00:00:00+00:00,2024-07-15 00:00:00+00:00,6691391867.337913,2024-07-15 00:00:00+00:00,11,False,False,False,False
ltc,LTC,2024-07-14 00:00:00+00:00,2024-07-14 00:00:00+00:00,2024-07-15 00:00:00+00:00,5240367140.915599,2024-07-15 00:00:00+00:00,12,False,False,False,True
icp,ICP,2024-07-14 00:00:00+00:00,2024-07-14 00:00:00+00:00,2024-07-15 00:00:00+00:00,4500869077.522346,2024-07-15 00:00:00+00:00,13,False,False,False,False
etc,ETC,2024-07-14 00:00:00+00:00,2024-07-14 00:00:00+00:00,2024-07-15 00:00:00+00:00,3347604567.566743,2024-07-15 00:00:00+00:00,14,False,False,False,False
xmr,XMR,2024-07-14 00:00:00+00:00,2024-07-14 00:00:00+00:00,2024-07-15 00:00:00+00:00,2868830311.1761427,2024-07-15 00:00:00+00:00,15,False,False,False,False
mkr,MKR,2024-07-14 00:00:00+00:00,2024-07-14 00:00:00+00:00,2024-07-15 00:00:00+00:00,2736564779.2016573,2024-07-15 00:00:00+00:00,16,False,False,False,False
gno,GNO,2024-07-14 00:00:00+00:00,2024-07-14 00:00:00+00:00,2024-07-15 00:00:00+00:00,2705536554.25962,2024-07-15 00:00:00+00:00,17,False,False,False,False
avaxc,AVAXC,2024-07-14 00:00:00+00:00,2024-07-14 00:00:00+00:00,2024-07-15 00:00:00+00:00,2591050927.647671,2024-07-15 00:00:00+00:00,18,False,False,False,False
qnt,QNT,2024-07-14 00:00:00+00:00,2024-07-14 00:00:00+00:00,2024-07-15 00:00:00+00:00,1815175995.1223714,2024-07-15 00:00:00+00:00,19,False,False,False,False
ldo,LDO,2024-07-14 00:00:00+00:00,2024-07-14 00:00:00+00:00,2024-07-15 00:00:00+00:00,1755596385.62127,2024-07-15 00:00:00+00:00,20,False,False,False,False
aave,AAVE,2024-07-14 00:00:00+00:00,2024-07-14 00:00:00+00:00,2024-07-15 00:00:00+00:00,1670004404.068432,2024-07-15 00:00:00+00:00,21,False,False,False,False
algo,ALGO,2024-07-14 00:00:00+00:00,2024-07-14 00:00:00+00:00,2024-07-15 00:00:00+00:00,1522309919.92812,2024-07-15 00:00:00+00:00,22,False,False,False,False
lend,LEND,2024-07-14 00:00:00+00:00,2024-07-14 00:00:00+00:00,2024-07-15 00:00:00+00:00,1356878517.4581223,2024-07-15 00:00:00+00:00,23,False,False,False,False
neo,NEO,2024-07-14 00:00:00+00:00,2024-07-14 00:00:00+00:00,2024-07-15 00:00:00+00:00,1077474268.26975,2024-07-15 00:00:00+00:00,24,False,False,False,False
flow,FLOW,2024-07-14 00:00:00+00:00,2024-07-14 00:00:00+00:00,2024-07-15 00:00:00+00:00,884912831.3289336,2024-07-15 00:00:00+00:00,25,False,False,False,False
mana,MANA,2024-07-14 00:00:00+00:00,2024-07-14 00:00:00+00:00,2024-07-15 00:00:00+00:00,750388442.7916656,2024-07-15 00:00:00+00:00,26,False,False,False,False
avaxx,AVAXX,2024-07-14 00:00:00+00:00,2024-07-14 00:00:00+00:00,2024-07-15 00:00:00+00:00,656537268.6891593,2024-07-15 00:00:00+00:00,27,False,False,False,False
1inch,1INCH,2024-07-14 00:00:00+00:00,2024-07-14 00:00:00+00:00,2024-07-15 00:00:00+00:00,637540581.9056954,2024-07-15 00:00:00+00:00,28,False,False,False,False
crv,CRV,2024-07-14 00:00:00+00:00,2024-07-14 00:00:00+00:00,2024-07-15 00:00:00+00:00,616399772.1191809,2024-07-15 00:00:00+00:00,29,False,False,False,False
snx,SNX,2024-07-14 00:00:00+00:00,2024-07-14 00:00:00+00:00,2024-07-15 00:00:00+00:00,609325519.6293397,2024-07-15 00:00:00+00:00,30,False,False,False,False
btc,BTC,2024-07-21 00:00:00+00:00,2024-07-21 00:00:00+00:00,2024-07-22 00:00:00+00:00,1342684327868.0134,2024-07-22 00:00:00+00:00,1,True,True,True,True
eth,ETH,2024-07-21 00:00:00+00:00,2024-07-21 00:00:00+00:00,2024-07-22 00:00:00+00:00,424467907087.11774,2024-07-22 00:00:00+00:00,2,True,True,True,True
xrp,XRP,2024-07-21 00:00:00+00:00,2024-07-21 00:00:00+00:00,2024-07-22 00:00:00+00:00,59678527065.50638,2024-07-22 00:00:00+00:00,3,True,True,False,True
doge,DOGE,2024-07-21 00:00:00+00:00,2024-07-21 00:00:00+00:00,2024-07-22 00:00:00+00:00,20356078409.57561,2024-07-22 00:00:00+00:00,4,True,True,False,False
ada,ADA,2024-07-21 00:00:00+00:00,2024-07-21 00:00:00+00:00,2024-07-22 00:00:00+00:00,15698939617.42024,2024-07-22 00:00:00+00:00,5,True,True,False,True
link,LINK,2024-07-21 00:00:00+00:00,2024-07-21 00:00:00+00:00,2024-07-22 00:00:00+00:00,14834257426.784,2024-07-22 00:00:00+00:00,6,True,True,True,True
xlm,XLM,2024-07-21 00:00:00+00:00,2024-07-21 00:00:00+00:00,2024-07-22 00:00:00+00:00,11093244621.155197,2024-07-22 00:00:00+00:00,7,False,True,False,False
cro,CRO,2024-07-21 00:00:00+00:00,2024-07-21 00:00:00+00:00,2024-07-22 00:00:00+00:00,9526582169.88941,2024-07-22 00:00:00+00:00,8,False,True,False,False
uni,UNI,2024-07-21 00:00:00+00:00,2024-07-21 00:00:00+00:00,2024-07-22 00:00:00+00:00,8127282484.11051,2024-07-22 00:00:00+00:00,9,False,True,False,False
bch,BCH,2024-07-21 00:00:00+00:00,2024-07-21 00:00:00+00:00,2024-07-22 00:00:00+00:00,7900648257.573071,2024-07-22 00:00:00+00:00,10,False,True,False,False
xvg,XVG,2024-07-21 00:00:00+00:00,2024-07-21 00:00:00+00:00,2024-07-22 00:00:00+00:00,7748743186.207704,2024-07-22 00:00:00+00:00,11,False,False,False,False
icp,ICP,2024-07-21 00:00:00+00:00,2024-07-21 00:00:00+00:00,2024-07-22 00:00:00+00:00,5566252012.99733,2024-07-22 00:00:00+00:00,12,False,False,False,False
ltc,LTC,2024-07-21 00:00:00+00:00,2024-07-21 00:00:00+00:00,2024-07-22 00:00:00+00:00,5529708604.747625,2024-07-22 00:00:00+00:00,13,False,False,False,True
etc,ETC,2024-07-21 00:00:00+00:00,2024-07-21 00:00:00+00:00,2024-07-22 00:00:00+00:00,3579366378.903558,2024-07-22 00:00:00+00:00,14,False,False,False,False
avaxc,AVAXC,2024-07-21 00:00:00+00:00,2024-07-21 00:00:00+00:00,2024-07-22 00:00:00+00:00,3172005318.404736,2024-07-22 00:00:00+00:00,15,False,False,False,False
xmr,XMR,2024-07-21 00:00:00+00:00,2024-07-21 00:00:00+00:00,2024-07-22 00:00:00+00:00,2952974104.6860576,2024-07-22 00:00:00+00:00,16,False,False,False,False
mkr,MKR,2024-07-21 00:00:00+00:00,2024-07-21 00:00:00+00:00,2024-07-22 00:00:00+00:00,2828841447.0266232,2024-07-22 00:00:00+00:00,17,False,False,False,False
gno,GNO,2024-07-21 00:00:00+00:00,2024-07-21 00:00:00+00:00,2024-07-22 00:00:00+00:00,2654846368.75787,2024-07-22 00:00:00+00:00,18,False,False,False,False
ldo,LDO,2024-07-21 00:00:00+00:00,2024-07-21 00:00:00+00:00,2024-07-22 00:00:00+00:00,1942120491.33158,2024-07-22 00:00:00+00:00,19,False,False,False,False
qnt,QNT,2024-07-21 00:00:00+00:00,2024-07-21 00:00:00+00:00,2024-07-22 00:00:00+00:00,1857408319.3399808,2024-07-22 00:00:00+00:00,20,False,False,False,False
algo,ALGO,2024-07-21 00:00:00+00:00,2024-07-21 00:00:00+00:00,2024-07-22 00:00:00+00:00,1594481610.7006,2024-07-22 00:00:00+00:00,21,False,False,False,False
aave,AAVE,2024-07-21 00:00:00+00:00,2024-07-21 00:00:00+00:00,2024-07-22 00:00:00+00:00,1579946677.328765,2024-07-22 00:00:00+00:00,22,False,False,False,False
lend,LEND,2024-07-21 00:00:00+00:00,2024-07-21 00:00:00+00:00,2024-07-22 00:00:00+00:00,1283706617.7634428,2024-07-22 00:00:00+00:00,23,False,False,False,False
neo,NEO,2024-07-21 00:00:00+00:00,2024-07-21 00:00:00+00:00,2024-07-22 00:00:00+00:00,1201994047.5367,2024-07-22 00:00:00+00:00,24,False,False,False,False
flow,FLOW,2024-07-21 00:00:00+00:00,2024-07-21 00:00:00+00:00,2024-07-22 00:00:00+00:00,992144632.8635719,2024-07-22 00:00:00+00:00,25,False,False,False,False
avaxx,AVAXX,2024-07-21 00:00:00+00:00,2024-07-21 00:00:00+00:00,2024-07-22 00:00:00+00:00,808226204.2273383,2024-07-22 00:00:00+00:00,26,False,False,False,False
mana,MANA,2024-07-21 00:00:00+00:00,2024-07-21 00:00:00+00:00,2024-07-22 00:00:00+00:00,795925396.8914688,2024-07-22 00:00:00+00:00,27,False,False,False,False
1inch,1INCH,2024-07-21 00:00:00+00:00,2024-07-21 00:00:00+00:00,2024-07-22 00:00:00+00:00,647501820.6474835,2024-07-22 00:00:00+00:00,28,False,False,False,False
snx,SNX,2024-07-21 00:00:00+00:00,2024-07-21 00:00:00+00:00,2024-07-22 00:00:00+00:00,633265980.7226318,2024-07-22 00:00:00+00:00,29,False,False,False,False
crv,CRV,2024-07-21 00:00:00+00:00,2024-07-21 00:00:00+00:00,2024-07-22 00:00:00+00:00,623380964.8719753,2024-07-22 00:00:00+00:00,30,False,False,False,False
btc,BTC,2024-07-28 00:00:00+00:00,2024-07-28 00:00:00+00:00,2024-07-29 00:00:00+00:00,1345171498943.8967,2024-07-29 00:00:00+00:00,1,True,True,True,True
eth,ETH,2024-07-28 00:00:00+00:00,2024-07-28 00:00:00+00:00,2024-07-29 00:00:00+00:00,393282639767.9759,2024-07-29 00:00:00+00:00,2,True,True,True,True
xrp,XRP,2024-07-28 00:00:00+00:00,2024-07-28 00:00:00+00:00,2024-07-29 00:00:00+00:00,60083918243.17806,2024-07-29 00:00:00+00:00,3,True,True,False,True
doge,DOGE,2024-07-28 00:00:00+00:00,2024-07-28 00:00:00+00:00,2024-07-29 00:00:00+00:00,18850790870.196903,2024-07-29 00:00:00+00:00,4,True,True,False,False
ada,ADA,2024-07-28 00:00:00+00:00,2024-07-28 00:00:00+00:00,2024-07-29 00:00:00+00:00,14312651810.725922,2024-07-29 00:00:00+00:00,5,True,True,False,True
link,LINK,2024-07-28 00:00:00+00:00,2024-07-28 00:00:00+00:00,2024-07-29 00:00:00+00:00,13282553641.7282,2024-07-29 00:00:00+00:00,6,True,True,True,True
xlm,XLM,2024-07-28 00:00:00+00:00,2024-07-28 00:00:00+00:00,2024-07-29 00:00:00+00:00,10554593304.833225,2024-07-29 00:00:00+00:00,7,False,True,False,False
cro,CRO,2024-07-28 00:00:00+00:00,2024-07-28 00:00:00+00:00,2024-07-29 00:00:00+00:00,9017903944.50998,2024-07-29 00:00:00+00:00,8,False,True,False,False
bch,BCH,2024-07-28 00:00:00+00:00,2024-07-28 00:00:00+00:00,2024-07-29 00:00:00+00:00,8218194497.682913,2024-07-29 00:00:00+00:00,9,False,True,False,False
uni,UNI,2024-07-28 00:00:00+00:00,2024-07-28 00:00:00+00:00,2024-07-29 00:00:00+00:00,7527751428.91692,2024-07-29 00:00:00+00:00,10,False,True,False,False
xvg,XVG,2024-07-28 00:00:00+00:00,2024-07-28 00:00:00+00:00,2024-07-29 00:00:00+00:00,7079021316.766299,2024-07-29 00:00:00+00:00,11,False,False,False,False
ltc,LTC,2024-07-28 00:00:00+00:00,2024-07-28 00:00:00+00:00,2024-07-29 00:00:00+00:00,5317676505.75345,2024-07-29 00:00:00+00:00,12,False,False,False,True
icp,ICP,2024-07-28 00:00:00+00:00,2024-07-28 00:00:00+00:00,2024-07-29 00:00:00+00:00,4875643888.857568,2024-07-29 00:00:00+00:00,13,False,False,False,False
etc,ETC,2024-07-28 00:00:00+00:00,2024-07-28 00:00:00+00:00,2024-07-29 00:00:00+00:00,3351483843.5687723,2024-07-29 00:00:00+00:00,14,False,False,False,False
xmr,XMR,2024-07-28 00:00:00+00:00,2024-07-28 00:00:00+00:00,2024-07-29 00:00:00+00:00,2957521835.5285892,2024-07-29 00:00:00+00:00,15,False,False,False,False
avaxc,AVAXC,2024-07-28 00:00:00+00:00,2024-07-28 00:00:00+00:00,2024-07-29 00:00:00+00:00,2664438174.424169,2024-07-29 00:00:00+00:00,16,False,False,False,False
mkr,MKR,2024-07-28 00:00:00+00:00,2024-07-28 00:00:00+00:00,2024-07-29 00:00:00+00:00,2575288373.454609,2024-07-29 00:00:00+00:00,17,False,False,False,False
gno,GNO,2024-07-28 00:00:00+00:00,2024-07-28 00:00:00+00:00,2024-07-29 00:00:00+00:00,2181774073.66205,2024-07-29 00:00:00+00:00,18,False,False,False,False
qnt,QNT,2024-07-28 00:00:00+00:00,2024-07-28 00:00:00+00:00,2024-07-29 00:00:00+00:00,1748509655.8911586,2024-07-29 00:00:00+00:00,19,False,False,False,False
aave,AAVE,2024-07-28 00:00:00+00:00,2024-07-28 00:00:00+00:00,2024-07-29 00:00:00+00:00,1579097656.4784672,2024-07-29 00:00:00+00:00,20,False,False,False,False
ldo,LDO,2024-07-28 00:00:00+00:00,2024-07-28 00:00:00+00:00,2024-07-29 00:00:00+00:00,1571430469.34086,2024-07-29 00:00:00+00:00,21,False,False,False,False
algo,ALGO,2024-07-28 00:00:00+00:00,2024-07-28 00:00:00+00:00,2024-07-29 00:00:00+00:00,1389244153.41992,2024-07-29 00:00:00+00:00,22,False,False,False,False
lend,LEND,2024-07-28 00:00:00+00:00,2024-07-28 00:00:00+00:00,2024-07-29 00:00:00+00:00,1283016788.3535104,2024-07-29 00:00:00+00:00,23,False,False,False,False
neo,NEO,2024-07-28 00:00:00+00:00,2024-07-28 00:00:00+00:00,2024-07-29 00:00:00+00:00,1150457021.22812,2024-07-29 00:00:00+00:00,24,False,False,False,False
flow,FLOW,2024-07-28 00:00:00+00:00,2024-07-28 00:00:00+00:00,2024-07-29 00:00:00+00:00,998045755.8234885,2024-07-29 00:00:00+00:00,25,False,False,False,False
mana,MANA,2024-07-28 00:00:00+00:00,2024-07-28 00:00:00+00:00,2024-07-29 00:00:00+00:00,737457377.9807814,2024-07-29 00:00:00+00:00,26,False,False,False,False
avaxx,AVAXX,2024-07-28 00:00:00+00:00,2024-07-28 00:00:00+00:00,2024-07-29 00:00:00+00:00,667285098.242265,2024-07-29 00:00:00+00:00,27,False,False,False,False
xaut,XAUT,2024-07-28 00:00:00+00:00,2024-07-28 00:00:00+00:00,2024-07-29 00:00:00+00:00,590803121.0678207,2024-07-29 00:00:00+00:00,28,False,False,False,False
snx,SNX,2024-07-28 00:00:00+00:00,2024-07-28 00:00:00+00:00,2024-07-29 00:00:00+00:00,575767203.9194255,2024-07-29 00:00:00+00:00,29,False,False,False,False
crv,CRV,2024-07-28 00:00:00+00:00,2024-07-28 00:00:00+00:00,2024-07-29 00:00:00+00:00,566630727.9910756,2024-07-29 00:00:00+00:00,30,False,False,False,False
btc,BTC,2024-08-04 00:00:00+00:00,2024-08-04 00:00:00+00:00,2024-08-05 00:00:00+00:00,1150707429146.879,2024-08-05 00:00:00+00:00,1,True,True,True,True
eth,ETH,2024-08-04 00:00:00+00:00,2024-08-04 00:00:00+00:00,2024-08-05 00:00:00+00:00,324513685553.4667,2024-08-05 00:00:00+00:00,2,True,True,True,True
xrp,XRP,2024-08-04 00:00:00+00:00,2024-08-04 00:00:00+00:00,2024-08-05 00:00:00+00:00,52463854028.384705,2024-08-05 00:00:00+00:00,3,True,True,False,True
doge,DOGE,2024-08-04 00:00:00+00:00,2024-08-04 00:00:00+00:00,2024-08-05 00:00:00+00:00,15126850306.63747,2024-08-05 00:00:00+00:00,4,True,True,False,False
ada,ADA,2024-08-04 00:00:00+00:00,2024-08-04 00:00:00+00:00,2024-08-05 00:00:00+00:00,12138523262.311966,2024-08-05 00:00:00+00:00,5,True,True,False,True
link,LINK,2024-08-04 00:00:00+00:00,2024-08-04 00:00:00+00:00,2024-08-05 00:00:00+00:00,10893685874.5964,2024-08-05 00:00:00+00:00,6,True,True,True,True
xlm,XLM,2024-08-04 00:00:00+00:00,2024-08-04 00:00:00+00:00,2024-08-05 00:00:00+00:00,9301745793.862602,2024-08-05 00:00:00+00:00,7,False,True,False,False
cro,CRO,2024-08-04 00:00:00+00:00,2024-08-04 00:00:00+00:00,2024-08-05 00:00:00+00:00,7788320880.52527,2024-08-05 00:00:00+00:00,8,False,True,False,False
bch,BCH,2024-08-04 00:00:00+00:00,2024-08-04 00:00:00+00:00,2024-08-05 00:00:00+00:00,6560710538.857785,2024-08-05 00:00:00+00:00,9,False,True,False,False
uni,UNI,2024-08-04 00:00:00+00:00,2024-08-04 00:00:00+00:00,2024-08-05 00:00:00+00:00,6172380881.25803,2024-08-05 00:00:00+00:00,10,False,True,False,False
xvg,XVG,2024-08-04 00:00:00+00:00,2024-08-04 00:00:00+00:00,2024-08-05 00:00:00+00:00,5473005276.412697,2024-08-05 00:00:00+00:00,11,False,False,False,False
ltc,LTC,2024-08-04 00:00:00+00:00,2024-08-04 00:00:00+00:00,2024-08-05 00:00:00+00:00,4681015519.514524,2024-08-05 00:00:00+00:00,12,False,False,False,True
icp,ICP,2024-08-04 00:00:00+00:00,2024-08-04 00:00:00+00:00,2024-08-05 00:00:00+00:00,3835608307.1840715,2024-08-05 00:00:00+00:00,13,False,False,False,False
etc,ETC,2024-08-04 00:00:00+00:00,2024-08-04 00:00:00+00:00,2024-08-05 00:00:00+00:00,2812105183.8956437,2024-08-05 00:00:00+00:00,14,False,False,False,False
xmr,XMR,2024-08-04 00:00:00+00:00,2024-08-04 00:00:00+00:00,2024-08-05 00:00:00+00:00,2703594419.9862447,2024-08-05 00:00:00+00:00,15,False,False,False,False
mkr,MKR,2024-08-04 00:00:00+00:00,2024-08-04 00:00:00+00:00,2024-08-05 00:00:00+00:00,2125381426.9566424,2024-08-05 00:00:00+00:00,16,False,False,False,False
avaxc,AVAXC,2024-08-04 00:00:00+00:00,2024-08-04 00:00:00+00:00,2024-08-05 00:00:00+00:00,2064523379.077744,2024-08-05 00:00:00+00:00,17,False,False,False,False
gno,GNO,2024-08-04 00:00:00+00:00,2024-08-04 00:00:00+00:00,2024-08-05 00:00:00+00:00,1673834242.01763,2024-08-05 00:00:00+00:00,18,False,False,False,False
aave,AAVE,2024-08-04 00:00:00+00:00,2024-08-04 00:00:00+00:00,2024-08-05 00:00:00+00:00,1564835536.4628448,2024-08-05 00:00:00+00:00,19,False,False,False,False
qnt,QNT,2024-08-04 00:00:00+00:00,2024-08-04 00:00:00+00:00,2024-08-05 00:00:00+00:00,1468737771.1129634,2024-08-05 00:00:00+00:00,20,False,False,False,False
lend,LEND,2024-08-04 00:00:00+00:00,2024-08-04 00:00:00+00:00,2024-08-05 00:00:00+00:00,1271428816.360465,2024-08-05 00:00:00+00:00,21,False,False,False,False
ldo,LDO,2024-08-04 00:00:00+00:00,2024-08-04 00:00:00+00:00,2024-08-05 00:00:00+00:00,1218743360.5233,2024-08-05 00:00:00+00:00,22,False,False,False,False
algo,ALGO,2024-08-04 00:00:00+00:00,2024-08-04 00:00:00+00:00,2024-08-05 00:00:00+00:00,1147185306.76214,2024-08-05 00:00:00+00:00,23,False,False,False,False
neo,NEO,2024-08-04 00:00:00+00:00,2024-08-04 00:00:00+00:00,2024-08-05 00:00:00+00:00,915736510.157086,2024-08-05 00:00:00+00:00,24,False,False,False,False
flow,FLOW,2024-08-04 00:00:00+00:00,2024-08-04 00:00:00+00:00,2024-08-05 00:00:00+00:00,807876995.3891677,2024-08-05 00:00:00+00:00,25,False,False,False,False
xaut,XAUT,2024-08-04 00:00:00+00:00,2024-08-04 00:00:00+00:00,2024-08-05 00:00:00+00:00,602191918.1571901,2024-08-05 00:00:00+00:00,26,False,False,False,False
mana,MANA,2024-08-04 00:00:00+00:00,2024-08-04 00:00:00+00:00,2024-08-05 00:00:00+00:00,586316342.9220903,2024-08-05 00:00:00+00:00,27,False,False,False,False
crv,CRV,2024-08-04 00:00:00+00:00,2024-08-04 00:00:00+00:00,2024-08-05 00:00:00+00:00,531006203.06578106,2024-08-05 00:00:00+00:00,28,False,False,False,False
avaxx,AVAXX,2024-08-04 00:00:00+00:00,2024-08-04 00:00:00+00:00,2024-08-05 00:00:00+00:00,519360965.37020016,2024-08-05 00:00:00+00:00,29,False,False,False,False
zec,ZEC,2024-08-04 00:00:00+00:00,2024-08-04 00:00:00+00:00,2024-08-05 00:00:00+00:00,475526032.7348003,2024-08-05 00:00:00+00:00,30,False,False,False,False
btc,BTC,2024-08-11 00:00:00+00:00,2024-08-11 00:00:00+00:00,2024-08-12 00:00:00+00:00,1161341917394.851,2024-08-12 00:00:00+00:00,1,True,True,True,True
eth,ETH,2024-08-11 00:00:00+00:00,2024-08-11 00:00:00+00:00,2024-08-12 00:00:00+00:00,307770132274.1938,2024-08-12 00:00:00+00:00,2,True,True,True,True
xrp,XRP,2024-08-11 00:00:00+00:00,2024-08-11 00:00:00+00:00,2024-08-12 00:00:00+00:00,55206306173.7058,2024-08-12 00:00:00+00:00,3,True,True,False,True
doge,DOGE,2024-08-11 00:00:00+00:00,2024-08-11 00:00:00+00:00,2024-08-12 00:00:00+00:00,14639716105.514181,2024-08-12 00:00:00+00:00,4,True,True,False,False
ada,ADA,2024-08-11 00:00:00+00:00,2024-08-11 00:00:00+00:00,2024-08-12 00:00:00+00:00,11555827583.775936,2024-08-12 00:00:00+00:00,5,True,True,False,True
xlm,XLM,2024-08-11 00:00:00+00:00,2024-08-11 00:00:00+00:00,2024-08-12 00:00:00+00:00,10309493844.696623,2024-08-12 00:00:00+00:00,6,True,True,False,False
link,LINK,2024-08-11 00:00:00+00:00,2024-08-11 00:00:00+00:00,2024-08-12 00:00:00+00:00,10011083441.4001,2024-08-12 00:00:00+00:00,7,False,True,True,True
cro,CRO,2024-08-11 00:00:00+00:00,2024-08-11 00:00:00+00:00,2024-08-12 00:00:00+00:00,8806807266.21469,2024-08-12 00:00:00+00:00,8,False,True,False,False
bch,BCH,2024-08-11 00:00:00+00:00,2024-08-11 00:00:00+00:00,2024-08-12 00:00:00+00:00,6520560857.331314,2024-08-12 00:00:00+00:00,9,False,True,False,False
uni,UNI,2024-08-11 00:00:00+00:00,2024-08-11 00:00:00+00:00,2024-08-12 00:00:00+00:00,5910126335.92933,2024-08-12 00:00:00+00:00,10,False,True,False,False
xvg,XVG,2024-08-11 00:00:00+00:00,2024-08-11 00:00:00+00:00,2024-08-12 00:00:00+00:00,5683142332.126753,2024-08-12 00:00:00+00:00,11,False,False,False,False
ltc,LTC,2024-08-11 00:00:00+00:00,2024-08-11 00:00:00+00:00,2024-08-12 00:00:00+00:00,4462845363.920079,2024-08-12 00:00:00+00:00,12,False,False,False,True
icp,ICP,2024-08-11 00:00:00+00:00,2024-08-11 00:00:00+00:00,2024-08-12 00:00:00+00:00,3565151911.5146255,2024-08-12 00:00:00+00:00,13,False,False,False,False
etc,ETC,2024-08-11 00:00:00+00:00,2024-08-11 00:00:00+00:00,2024-08-12 00:00:00+00:00,2734265660.043339,2024-08-12 00:00:00+00:00,14,False,False,False,False
xmr,XMR,2024-08-11 00:00:00+00:00,2024-08-11 00:00:00+00:00,2024-08-12 00:00:00+00:00,2680669976.4421606,2024-08-12 00:00:00+00:00,15,False,False,False,False
avaxc,AVAXC,2024-08-11 00:00:00+00:00,2024-08-11 00:00:00+00:00,2024-08-12 00:00:00+00:00,1979700320.1697755,2024-08-12 00:00:00+00:00,16,False,False,False,False
mkr,MKR,2024-08-11 00:00:00+00:00,2024-08-11 00:00:00+00:00,2024-08-12 00:00:00+00:00,1845805452.4293816,2024-08-12 00:00:00+00:00,17,False,False,False,False
gno,GNO,2024-08-11 00:00:00+00:00,2024-08-11 00:00:00+00:00,2024-08-12 00:00:00+00:00,1682717880.6215,2024-08-12 00:00:00+00:00,18,False,False,False,False
qnt,QNT,2024-08-11 00:00:00+00:00,2024-08-11 00:00:00+00:00,2024-08-12 00:00:00+00:00,1587037255.4648442,2024-08-12 00:00:00+00:00,19,False,False,False,False
aave,AAVE,2024-08-11 00:00:00+00:00,2024-08-11 00:00:00+00:00,2024-08-12 00:00:00+00:00,1462476196.8960223,2024-08-12 00:00:00+00:00,20,False,False,False,False
lend,LEND,2024-08-11 00:00:00+00:00,2024-08-11 00:00:00+00:00,2024-08-12 00:00:00+00:00,1188261856.6919377,2024-08-12 00:00:00+00:00,21,False,False,False,False
algo,ALGO,2024-08-11 00:00:00+00:00,2024-08-11 00:00:00+00:00,2024-08-12 00:00:00+00:00,1155300017.17488,2024-08-12 00:00:00+00:00,22,False,False,False,False
ldo,LDO,2024-08-11 00:00:00+00:00,2024-08-11 00:00:00+00:00,2024-08-12 00:00:00+00:00,1020940760.68858,2024-08-12 00:00:00+00:00,23,False,False,False,False
neo,NEO,2024-08-11 00:00:00+00:00,2024-08-11 00:00:00+00:00,2024-08-12 00:00:00+00:00,933895064.559364,2024-08-12 00:00:00+00:00,24,False,False,False,False
flow,FLOW,2024-08-11 00:00:00+00:00,2024-08-11 00:00:00+00:00,2024-08-12 00:00:00+00:00,805718737.2830664,2024-08-12 00:00:00+00:00,25,False,False,False,False
zec,ZEC,2024-08-11 00:00:00+00:00,2024-08-11 00:00:00+00:00,2024-08-12 00:00:00+00:00,632544278.2148743,2024-08-12 00:00:00+00:00,26,False,False,False,False
xaut,XAUT,2024-08-11 00:00:00+00:00,2024-08-11 00:00:00+00:00,2024-08-12 00:00:00+00:00,598906632.0673033,2024-08-12 00:00:00+00:00,27,False,False,False,False
mana,MANA,2024-08-11 00:00:00+00:00,2024-08-11 00:00:00+00:00,2024-08-12 00:00:00+00:00,578167949.504285,2024-08-12 00:00:00+00:00,28,False,False,False,False
crv,CRV,2024-08-11 00:00:00+00:00,2024-08-11 00:00:00+00:00,2024-08-12 00:00:00+00:00,529263395.0961811,2024-08-12 00:00:00+00:00,29,False,False,False,False
avaxx,AVAXX,2024-08-11 00:00:00+00:00,2024-08-11 00:00:00+00:00,2024-08-12 00:00:00+00:00,499890895.71493053,2024-08-12 00:00:00+00:00,30,False,False,False,False
btc,BTC,2024-08-18 00:00:00+00:00,2024-08-18 00:00:00+00:00,2024-08-19 00:00:00+00:00,1160683488749.228,2024-08-19 00:00:00+00:00,1,True,True,True,True
eth,ETH,2024-08-18 00:00:00+00:00,2024-08-18 00:00:00+00:00,2024-08-19 00:00:00+00:00,315725181970.07935,2024-08-19 00:00:00+00:00,2,True,True,True,True
xrp,XRP,2024-08-18 00:00:00+00:00,2024-08-18 00:00:00+00:00,2024-08-19 00:00:00+00:00,56632487441.9079,2024-08-19 00:00:00+00:00,3,True,True,False,True
doge,DOGE,2024-08-18 00:00:00+00:00,2024-08-18 00:00:00+00:00,2024-08-19 00:00:00+00:00,14636206235.397923,2024-08-19 00:00:00+00:00,4,True,True,False,False
ada,ADA,2024-08-18 00:00:00+00:00,2024-08-18 00:00:00+00:00,2024-08-19 00:00:00+00:00,11801898670.177998,2024-08-19 00:00:00+00:00,5,True,True,False,True
link,LINK,2024-08-18 00:00:00+00:00,2024-08-18 00:00:00+00:00,2024-08-19 00:00:00+00:00,10143680534.6513,2024-08-19 00:00:00+00:00,6,True,True,True,True
xlm,XLM,2024-08-18 00:00:00+00:00,2024-08-18 00:00:00+00:00,2024-08-19 00:00:00+00:00,9865718390.746552,2024-08-19 00:00:00+00:00,7,False,True,False,False
cro,CRO,2024-08-18 00:00:00+00:00,2024-08-18 00:00:00+00:00,2024-08-19 00:00:00+00:00,8647355123.16784,2024-08-19 00:00:00+00:00,8,False,True,False,False
bch,BCH,2024-08-18 00:00:00+00:00,2024-08-18 00:00:00+00:00,2024-08-19 00:00:00+00:00,6609755787.285518,2024-08-19 00:00:00+00:00,9,False,True,False,False
uni,UNI,2024-08-18 00:00:00+00:00,2024-08-18 00:00:00+00:00,2024-08-19 00:00:00+00:00,6200061745.20351,2024-08-19 00:00:00+00:00,10,False,True,False,False
xvg,XVG,2024-08-18 00:00:00+00:00,2024-08-18 00:00:00+00:00,2024-08-19 00:00:00+00:00,6066400041.808447,2024-08-19 00:00:00+00:00,11,False,False,False,False
ltc,LTC,2024-08-18 00:00:00+00:00,2024-08-18 00:00:00+00:00,2024-08-19 00:00:00+00:00,4974002831.339024,2024-08-19 00:00:00+00:00,12,False,False,False,True
icp,ICP,2024-08-18 00:00:00+00:00,2024-08-18 00:00:00+00:00,2024-08-19 00:00:00+00:00,3751578487.4447465,2024-08-19 00:00:00+00:00,13,False,False,False,False
etc,ETC,2024-08-18 00:00:00+00:00,2024-08-18 00:00:00+00:00,2024-08-19 00:00:00+00:00,2768704419.6361384,2024-08-19 00:00:00+00:00,14,False,False,False,False
xmr,XMR,2024-08-18 00:00:00+00:00,2024-08-18 00:00:00+00:00,2024-08-19 00:00:00+00:00,2719572849.666878,2024-08-19 00:00:00+00:00,15,False,False,False,False
avaxc,AVAXC,2024-08-18 00:00:00+00:00,2024-08-18 00:00:00+00:00,2024-08-19 00:00:00+00:00,2048592799.5036213,2024-08-19 00:00:00+00:00,16,False,False,False,False
mkr,MKR,2024-08-18 00:00:00+00:00,2024-08-18 00:00:00+00:00,2024-08-19 00:00:00+00:00,1898757680.4059522,2024-08-19 00:00:00+00:00,17,False,False,False,False
aave,AAVE,2024-08-18 00:00:00+00:00,2024-08-18 00:00:00+00:00,2024-08-19 00:00:00+00:00,1784767234.051552,2024-08-19 00:00:00+00:00,18,False,False,False,False
gno,GNO,2024-08-18 00:00:00+00:00,2024-08-18 00:00:00+00:00,2024-08-19 00:00:00+00:00,1748277402.16222,2024-08-19 00:00:00+00:00,19,False,False,False,False
qnt,QNT,2024-08-18 00:00:00+00:00,2024-08-18 00:00:00+00:00,2024-08-19 00:00:00+00:00,1525703678.9426181,2024-08-19 00:00:00+00:00,20,False,False,False,False
lend,LEND,2024-08-18 00:00:00+00:00,2024-08-18 00:00:00+00:00,2024-08-19 00:00:00+00:00,1450123312.6379638,2024-08-19 00:00:00+00:00,21,False,False,False,False
algo,ALGO,2024-08-18 00:00:00+00:00,2024-08-18 00:00:00+00:00,2024-08-19 00:00:00+00:00,1191425198.82214,2024-08-19 00:00:00+00:00,22,False,False,False,False
ldo,LDO,2024-08-18 00:00:00+00:00,2024-08-18 00:00:00+00:00,2024-08-19 00:00:00+00:00,1059181344.82793,2024-08-19 00:00:00+00:00,23,False,False,False,False
neo,NEO,2024-08-18 00:00:00+00:00,2024-08-18 00:00:00+00:00,2024-08-19 00:00:00+00:00,926321192.043249,2024-08-19 00:00:00+00:00,24,False,False,False,False
flow,FLOW,2024-08-18 00:00:00+00:00,2024-08-18 00:00:00+00:00,2024-08-19 00:00:00+00:00,807848437.0766191,2024-08-19 00:00:00+00:00,25,False,False,False,False
crv,CRV,2024-08-18 00:00:00+00:00,2024-08-18 00:00:00+00:00,2024-08-19 00:00:00+00:00,667082683.8698711,2024-08-19 00:00:00+00:00,26,False,False,False,False
zec,ZEC,2024-08-18 00:00:00+00:00,2024-08-18 00:00:00+00:00,2024-08-19 00:00:00+00:00,656850867.1625298,2024-08-19 00:00:00+00:00,27,False,False,False,False
xaut,XAUT,2024-08-18 00:00:00+00:00,2024-08-18 00:00:00+00:00,2024-08-19 00:00:00+00:00,617813410.286886,2024-08-19 00:00:00+00:00,28,False,False,False,False
mana,MANA,2024-08-18 00:00:00+00:00,2024-08-18 00:00:00+00:00,2024-08-19 00:00:00+00:00,585139571.7585512,2024-08-19 00:00:00+00:00,29,False,False,False,False
avaxx,AVAXX,2024-08-18 00:00:00+00:00,2024-08-18 00:00:00+00:00,2024-08-19 00:00:00+00:00,511280418.9461039,2024-08-19 00:00:00+00:00,30,False,False,False,False
btc,BTC,2024-08-25 00:00:00+00:00,2024-08-25 00:00:00+00:00,2024-08-26 00:00:00+00:00,1273515741882.9749,2024-08-26 00:00:00+00:00,1,True,True,True,True
eth,ETH,2024-08-25 00:00:00+00:00,2024-08-25 00:00:00+00:00,2024-08-26 00:00:00+00:00,331812475171.8516,2024-08-26 00:00:00+00:00,2,True,True,True,True
xrp,XRP,2024-08-25 00:00:00+00:00,2024-08-25 00:00:00+00:00,2024-08-26 00:00:00+00:00,60159729425.838196,2024-08-26 00:00:00+00:00,3,True,True,False,True
doge,DOGE,2024-08-25 00:00:00+00:00,2024-08-25 00:00:00+00:00,2024-08-26 00:00:00+00:00,16049371222.813284,2024-08-26 00:00:00+00:00,4,True,True,False,False
ada,ADA,2024-08-25 00:00:00+00:00,2024-08-25 00:00:00+00:00,2024-08-26 00:00:00+00:00,13604787493.974438,2024-08-26 00:00:00+00:00,5,True,True,False,True
link,LINK,2024-08-25 00:00:00+00:00,2024-08-25 00:00:00+00:00,2024-08-26 00:00:00+00:00,12152533132.2675,2024-08-26 00:00:00+00:00,6,True,True,True,True
xlm,XLM,2024-08-25 00:00:00+00:00,2024-08-25 00:00:00+00:00,2024-08-26 00:00:00+00:00,10663479387.925611,2024-08-26 00:00:00+00:00,7,False,True,False,False
cro,CRO,2024-08-25 00:00:00+00:00,2024-08-25 00:00:00+00:00,2024-08-26 00:00:00+00:00,8896594432.35939,2024-08-26 00:00:00+00:00,8,False,True,False,False
xvg,XVG,2024-08-25 00:00:00+00:00,2024-08-25 00:00:00+00:00,2024-08-26 00:00:00+00:00,7090400524.085541,2024-08-26 00:00:00+00:00,9,False,True,False,False
bch,BCH,2024-08-25 00:00:00+00:00,2024-08-25 00:00:00+00:00,2024-08-26 00:00:00+00:00,7059270768.080502,2024-08-26 00:00:00+00:00,10,False,True,False,False
uni,UNI,2024-08-25 00:00:00+00:00,2024-08-25 00:00:00+00:00,2024-08-26 00:00:00+00:00,6656303079.32619,2024-08-26 00:00:00+00:00,11,False,False,False,False
ltc,LTC,2024-08-25 00:00:00+00:00,2024-08-25 00:00:00+00:00,2024-08-26 00:00:00+00:00,4871259361.506594,2024-08-26 00:00:00+00:00,12,False,False,False,True
icp,ICP,2024-08-25 00:00:00+00:00,2024-08-25 00:00:00+00:00,2024-08-26 00:00:00+00:00,4474668919.20308,2024-08-26 00:00:00+00:00,13,False,False,False,False
xmr,XMR,2024-08-25 00:00:00+00:00,2024-08-25 00:00:00+00:00,2024-08-26 00:00:00+00:00,3007650702.3081207,2024-08-26 00:00:00+00:00,14,False,False,False,False
etc,ETC,2024-08-25 00:00:00+00:00,2024-08-25 00:00:00+00:00,2024-08-26 00:00:00+00:00,2995657773.369282,2024-08-26 00:00:00+00:00,15,False,False,False,False
avaxc,AVAXC,2024-08-25 00:00:00+00:00,2024-08-25 00:00:00+00:00,2024-08-26 00:00:00+00:00,2654670896.731935,2024-08-26 00:00:00+00:00,16,False,False,False,False
aave,AAVE,2024-08-25 00:00:00+00:00,2024-08-25 00:00:00+00:00,2024-08-26 00:00:00+00:00,2178612930.523616,2024-08-26 00:00:00+00:00,17,False,False,False,False
mkr,MKR,2024-08-25 00:00:00+00:00,2024-08-25 00:00:00+00:00,2024-08-26 00:00:00+00:00,2092831739.4427729,2024-08-26 00:00:00+00:00,18,False,False,False,False
gno,GNO,2024-08-25 00:00:00+00:00,2024-08-25 00:00:00+00:00,2024-08-26 00:00:00+00:00,1790396931.3555,2024-08-26 00:00:00+00:00,19,False,False,False,False
lend,LEND,2024-08-25 00:00:00+00:00,2024-08-25 00:00:00+00:00,2024-08-26 00:00:00+00:00,1770122926.6715431,2024-08-26 00:00:00+00:00,20,False,False,False,False
qnt,QNT,2024-08-25 00:00:00+00:00,2024-08-25 00:00:00+00:00,2024-08-26 00:00:00+00:00,1688119894.6861367,2024-08-26 00:00:00+00:00,21,False,False,False,False
algo,ALGO,2024-08-25 00:00:00+00:00,2024-08-25 00:00:00+00:00,2024-08-26 00:00:00+00:00,1425272128.81016,2024-08-26 00:00:00+00:00,22,False,False,False,False
ldo,LDO,2024-08-25 00:00:00+00:00,2024-08-25 00:00:00+00:00,2024-08-26 00:00:00+00:00,1245481055.07912,2024-08-26 00:00:00+00:00,23,False,False,False,False
neo,NEO,2024-08-25 00:00:00+00:00,2024-08-25 00:00:00+00:00,2024-08-26 00:00:00+00:00,1079487603.89751,2024-08-26 00:00:00+00:00,24,False,False,False,False
flow,FLOW,2024-08-25 00:00:00+00:00,2024-08-25 00:00:00+00:00,2024-08-26 00:00:00+00:00,918559922.7950698,2024-08-26 00:00:00+00:00,25,False,False,False,False
crv,CRV,2024-08-25 00:00:00+00:00,2024-08-25 00:00:00+00:00,2024-08-26 00:00:00+00:00,725075806.9784735,2024-08-26 00:00:00+00:00,26,False,False,False,False
mana,MANA,2024-08-25 00:00:00+00:00,2024-08-25 00:00:00+00:00,2024-08-26 00:00:00+00:00,677107159.6638128,2024-08-26 00:00:00+00:00,27,False,False,False,False
avaxx,AVAXX,2024-08-25 00:00:00+00:00,2024-08-25 00:00:00+00:00,2024-08-26 00:00:00+00:00,653987020.5697703,2024-08-26 00:00:00+00:00,28,False,False,False,False
xaut,XAUT,2024-08-25 00:00:00+00:00,2024-08-25 00:00:00+00:00,2024-08-26 00:00:00+00:00,619664826.7597166,2024-08-26 00:00:00+00:00,29,False,False,False,False
zec,ZEC,2024-08-25 00:00:00+00:00,2024-08-25 00:00:00+00:00,2024-08-26 00:00:00+00:00,615708580.0689886,2024-08-26 00:00:00+00:00,30,False,False,False,False
btc,BTC,2024-09-01 00:00:00+00:00,2024-09-01 00:00:00+00:00,2024-09-02 00:00:00+00:00,1132538921721.956,2024-09-02 00:00:00+00:00,1,True,True,True,True
eth,ETH,2024-09-01 00:00:00+00:00,2024-09-01 00:00:00+00:00,2024-09-02 00:00:00+00:00,291888730978.41626,2024-09-02 00:00:00+00:00,2,True,True,True,True
xrp,XRP,2024-09-01 00:00:00+00:00,2024-09-01 00:00:00+00:00,2024-09-02 00:00:00+00:00,54745687817.39511,2024-09-02 00:00:00+00:00,3,True,True,False,True
doge,DOGE,2024-09-01 00:00:00+00:00,2024-09-01 00:00:00+00:00,2024-09-02 00:00:00+00:00,13903144365.700926,2024-09-02 00:00:00+00:00,4,True,True,False,False
ada,ADA,2024-09-01 00:00:00+00:00,2024-09-01 00:00:00+00:00,2024-09-02 00:00:00+00:00,11675477840.651424,2024-09-02 00:00:00+00:00,5,True,True,False,True
link,LINK,2024-09-01 00:00:00+00:00,2024-09-01 00:00:00+00:00,2024-09-02 00:00:00+00:00,10352686960.2135,2024-09-02 00:00:00+00:00,6,True,True,True,True
xlm,XLM,2024-09-01 00:00:00+00:00,2024-09-01 00:00:00+00:00,2024-09-02 00:00:00+00:00,9479056202.77919,2024-09-02 00:00:00+00:00,7,False,True,False,False
cro,CRO,2024-09-01 00:00:00+00:00,2024-09-01 00:00:00+00:00,2024-09-02 00:00:00+00:00,7871800027.27591,2024-09-02 00:00:00+00:00,8,False,True,False,False
bch,BCH,2024-09-01 00:00:00+00:00,2024-09-01 00:00:00+00:00,2024-09-02 00:00:00+00:00,6175293817.065055,2024-09-02 00:00:00+00:00,9,False,True,False,False
uni,UNI,2024-09-01 00:00:00+00:00,2024-09-01 00:00:00+00:00,2024-09-02 00:00:00+00:00,5619724580.83135,2024-09-02 00:00:00+00:00,10,False,True,False,False
xvg,XVG,2024-09-01 00:00:00+00:00,2024-09-01 00:00:00+00:00,2024-09-02 00:00:00+00:00,5602246888.428668,2024-09-02 00:00:00+00:00,11,False,False,False,False
ltc,LTC,2024-09-01 00:00:00+00:00,2024-09-01 00:00:00+00:00,2024-09-02 00:00:00+00:00,4759180169.2494335,2024-09-02 00:00:00+00:00,12,False,False,False,True
icp,ICP,2024-09-01 00:00:00+00:00,2024-09-01 00:00:00+00:00,2024-09-02 00:00:00+00:00,3751078471.2248354,2024-09-02 00:00:00+00:00,13,False,False,False,False
xmr,XMR,2024-09-01 00:00:00+00:00,2024-09-01 00:00:00+00:00,2024-09-02 00:00:00+00:00,3046213205.847858,2024-09-02 00:00:00+00:00,14,False,False,False,False
etc,ETC,2024-09-01 00:00:00+00:00,2024-09-01 00:00:00+00:00,2024-09-02 00:00:00+00:00,2619973080.604118,2024-09-02 00:00:00+00:00,15,False,False,False,False
avaxc,AVAXC,2024-09-01 00:00:00+00:00,2024-09-01 00:00:00+00:00,2024-09-02 00:00:00+00:00,2149794658.294137,2024-09-02 00:00:00+00:00,16,False,False,False,False
aave,AAVE,2024-09-01 00:00:00+00:00,2024-09-01 00:00:00+00:00,2024-09-02 00:00:00+00:00,1937917141.4628,2024-09-02 00:00:00+00:00,17,False,False,False,False
mkr,MKR,2024-09-01 00:00:00+00:00,2024-09-01 00:00:00+00:00,2024-09-02 00:00:00+00:00,1649696320.1454973,2024-09-02 00:00:00+00:00,18,False,False,False,False
lend,LEND,2024-09-01 00:00:00+00:00,2024-09-01 00:00:00+00:00,2024-09-02 00:00:00+00:00,1574557606.8295064,2024-09-02 00:00:00+00:00,19,False,False,False,False
qnt,QNT,2024-09-01 00:00:00+00:00,2024-09-01 00:00:00+00:00,2024-09-02 00:00:00+00:00,1479114551.018883,2024-09-02 00:00:00+00:00,20,False,False,False,False
gno,GNO,2024-09-01 00:00:00+00:00,2024-09-01 00:00:00+00:00,2024-09-02 00:00:00+00:00,1426003715.66544,2024-09-02 00:00:00+00:00,21,False,False,False,False
algo,ALGO,2024-09-01 00:00:00+00:00,2024-09-01 00:00:00+00:00,2024-09-02 00:00:00+00:00,1184126228.86107,2024-09-02 00:00:00+00:00,22,False,False,False,False
ldo,LDO,2024-09-01 00:00:00+00:00,2024-09-01 00:00:00+00:00,2024-09-02 00:00:00+00:00,1003587306.00995,2024-09-02 00:00:00+00:00,23,False,False,False,False
neo,NEO,2024-09-01 00:00:00+00:00,2024-09-01 00:00:00+00:00,2024-09-02 00:00:00+00:00,922336633.187094,2024-09-02 00:00:00+00:00,24,False,False,False,False
flow,FLOW,2024-09-01 00:00:00+00:00,2024-09-01 00:00:00+00:00,2024-09-02 00:00:00+00:00,807897495.7932552,2024-09-02 00:00:00+00:00,25,False,False,False,False
xaut,XAUT,2024-09-01 00:00:00+00:00,2024-09-01 00:00:00+00:00,2024-09-02 00:00:00+00:00,616897860.2258395,2024-09-02 00:00:00+00:00,26,False,False,False,False
crv,CRV,2024-09-01 00:00:00+00:00,2024-09-01 00:00:00+00:00,2024-09-02 00:00:00+00:00,574446534.7796342,2024-09-02 00:00:00+00:00,27,False,False,False,False
mana,MANA,2024-09-01 00:00:00+00:00,2024-09-01 00:00:00+00:00,2024-09-02 00:00:00+00:00,556985609.0754114,2024-09-02 00:00:00+00:00,28,False,False,False,False
avaxx,AVAXX,2024-09-01 00:00:00+00:00,2024-09-01 00:00:00+00:00,2024-09-02 00:00:00+00:00,514600317.7482246,2024-09-02 00:00:00+00:00,29,False,False,False,False
paxg,PAXG,2024-09-01 00:00:00+00:00,2024-09-01 00:00:00+00:00,2024-09-02 00:00:00+00:00,470283230.0853033,2024-09-02 00:00:00+00:00,30,False,False,False,False
btc,BTC,2024-09-08 00:00:00+00:00,2024-09-08 00:00:00+00:00,2024-09-09 00:00:00+00:00,1083556715258.8137,2024-09-09 00:00:00+00:00,1,True,True,True,True
eth,ETH,2024-09-08 00:00:00+00:00,2024-09-08 00:00:00+00:00,2024-09-09 00:00:00+00:00,276779516155.091,2024-09-09 00:00:00+00:00,2,True,True,True,True
xrp,XRP,2024-09-08 00:00:00+00:00,2024-09-08 00:00:00+00:00,2024-09-09 00:00:00+00:00,52941105640.203995,2024-09-09 00:00:00+00:00,3,True,True,False,True
doge,DOGE,2024-09-08 00:00:00+00:00,2024-09-08 00:00:00+00:00,2024-09-09 00:00:00+00:00,14016379741.868042,2024-09-09 00:00:00+00:00,4,True,True,False,False
ada,ADA,2024-09-08 00:00:00+00:00,2024-09-08 00:00:00+00:00,2024-09-09 00:00:00+00:00,11927206790.762554,2024-09-09 00:00:00+00:00,5,True,True,False,True
link,LINK,2024-09-08 00:00:00+00:00,2024-09-08 00:00:00+00:00,2024-09-09 00:00:00+00:00,10340589391.6742,2024-09-09 00:00:00+00:00,6,True,True,True,True
xlm,XLM,2024-09-08 00:00:00+00:00,2024-09-08 00:00:00+00:00,2024-09-09 00:00:00+00:00,9474372324.624441,2024-09-09 00:00:00+00:00,7,False,True,False,False
cro,CRO,2024-09-08 00:00:00+00:00,2024-09-08 00:00:00+00:00,2024-09-09 00:00:00+00:00,7827654417.9007,2024-09-09 00:00:00+00:00,8,False,True,False,False
uni,UNI,2024-09-08 00:00:00+00:00,2024-09-08 00:00:00+00:00,2024-09-09 00:00:00+00:00,6352425543.21608,2024-09-09 00:00:00+00:00,9,False,True,False,False
bch,BCH,2024-09-08 00:00:00+00:00,2024-09-08 00:00:00+00:00,2024-09-09 00:00:00+00:00,6037680432.348876,2024-09-09 00:00:00+00:00,10,False,True,False,False
xvg,XVG,2024-09-08 00:00:00+00:00,2024-09-08 00:00:00+00:00,2024-09-09 00:00:00+00:00,5682094595.100723,2024-09-09 00:00:00+00:00,11,False,False,False,False
ltc,LTC,2024-09-08 00:00:00+00:00,2024-09-08 00:00:00+00:00,2024-09-09 00:00:00+00:00,4568219131.62877,2024-09-09 00:00:00+00:00,12,False,False,False,True
icp,ICP,2024-09-08 00:00:00+00:00,2024-09-08 00:00:00+00:00,2024-09-09 00:00:00+00:00,3869853076.9156766,2024-09-09 00:00:00+00:00,13,False,False,False,False
xmr,XMR,2024-09-08 00:00:00+00:00,2024-09-08 00:00:00+00:00,2024-09-09 00:00:00+00:00,3087179955.879978,2024-09-09 00:00:00+00:00,14,False,False,False,False
etc,ETC,2024-09-08 00:00:00+00:00,2024-09-08 00:00:00+00:00,2024-09-09 00:00:00+00:00,2671017683.4636817,2024-09-09 00:00:00+00:00,15,False,False,False,False
avaxc,AVAXC,2024-09-08 00:00:00+00:00,2024-09-08 00:00:00+00:00,2024-09-09 00:00:00+00:00,2346524421.6766024,2024-09-09 00:00:00+00:00,16,False,False,False,False
aave,AAVE,2024-09-08 00:00:00+00:00,2024-09-08 00:00:00+00:00,2024-09-09 00:00:00+00:00,2011917799.254128,2024-09-09 00:00:00+00:00,17,False,False,False,False
qnt,QNT,2024-09-08 00:00:00+00:00,2024-09-08 00:00:00+00:00,2024-09-09 00:00:00+00:00,1684487327.901125,2024-09-09 00:00:00+00:00,18,False,False,False,False
lend,LEND,2024-09-08 00:00:00+00:00,2024-09-08 00:00:00+00:00,2024-09-09 00:00:00+00:00,1634683138.588708,2024-09-09 00:00:00+00:00,19,False,False,False,False
mkr,MKR,2024-09-08 00:00:00+00:00,2024-09-08 00:00:00+00:00,2024-09-09 00:00:00+00:00,1506373991.1081789,2024-09-09 00:00:00+00:00,20,False,False,False,False
gno,GNO,2024-09-08 00:00:00+00:00,2024-09-08 00:00:00+00:00,2024-09-09 00:00:00+00:00,1458258770.63022,2024-09-09 00:00:00+00:00,21,False,False,False,False
algo,ALGO,2024-09-08 00:00:00+00:00,2024-09-08 00:00:00+00:00,2024-09-09 00:00:00+00:00,1253919889.26445,2024-09-09 00:00:00+00:00,22,False,False,False,False
ldo,LDO,2024-09-08 00:00:00+00:00,2024-09-08 00:00:00+00:00,2024-09-09 00:00:00+00:00,946145577.893865,2024-09-09 00:00:00+00:00,23,False,False,False,False
neo,NEO,2024-09-08 00:00:00+00:00,2024-09-08 00:00:00+00:00,2024-09-09 00:00:00+00:00,938047835.860234,2024-09-09 00:00:00+00:00,24,False,False,False,False
flow,FLOW,2024-09-08 00:00:00+00:00,2024-09-08 00:00:00+00:00,2024-09-09 00:00:00+00:00,800425841.4435326,2024-09-09 00:00:00+00:00,25,False,False,False,False
xaut,XAUT,2024-09-08 00:00:00+00:00,2024-09-08 00:00:00+00:00,2024-09-09 00:00:00+00:00,615724831.7035884,2024-09-09 00:00:00+00:00,26,False,False,False,False
crv,CRV,2024-09-08 00:00:00+00:00,2024-09-08 00:00:00+00:00,2024-09-09 00:00:00+00:00,597042050.6043359,2024-09-09 00:00:00+00:00,27,False,False,False,False
mana,MANA,2024-09-08 00:00:00+00:00,2024-09-08 00:00:00+00:00,2024-09-09 00:00:00+00:00,566116197.7286197,2024-09-09 00:00:00+00:00,28,False,False,False,False
avaxx,AVAXX,2024-09-08 00:00:00+00:00,2024-09-08 00:00:00+00:00,2024-09-09 00:00:00+00:00,558730594.6194881,2024-09-09 00:00:00+00:00,29,False,False,False,False
paxg,PAXG,2024-09-08 00:00:00+00:00,2024-09-08 00:00:00+00:00,2024-09-09 00:00:00+00:00,471366704.80792576,2024-09-09 00:00:00+00:00,30,False,False,False,False
btc,BTC,2024-09-15 00:00:00+00:00,2024-09-15 00:00:00+00:00,2024-09-16 00:00:00+00:00,1168085465734.0293,2024-09-16 00:00:00+00:00,1,True,True,True,True
eth,ETH,2024-09-15 00:00:00+00:00,2024-09-15 00:00:00+00:00,2024-09-16 00:00:00+00:00,279129181412.01276,2024-09-16 00:00:00+00:00,2,True,True,True,True
xrp,XRP,2024-09-15 00:00:00+00:00,2024-09-15 00:00:00+00:00,2024-09-16 00:00:00+00:00,57120501674.45619,2024-09-16 00:00:00+00:00,3,True,True,False,True
doge,DOGE,2024-09-15 00:00:00+00:00,2024-09-15 00:00:00+00:00,2024-09-16 00:00:00+00:00,15017569827.922514,2024-09-16 00:00:00+00:00,4,True,True,False,False
ada,ADA,2024-09-15 00:00:00+00:00,2024-09-15 00:00:00+00:00,2024-09-16 00:00:00+00:00,11921947312.571938,2024-09-16 00:00:00+00:00,5,True,True,False,True
link,LINK,2024-09-15 00:00:00+00:00,2024-09-15 00:00:00+00:00,2024-09-16 00:00:00+00:00,10834479935.4877,2024-09-16 00:00:00+00:00,6,True,True,True,True
xlm,XLM,2024-09-15 00:00:00+00:00,2024-09-15 00:00:00+00:00,2024-09-16 00:00:00+00:00,10027244938.128235,2024-09-16 00:00:00+00:00,7,False,True,False,False
cro,CRO,2024-09-15 00:00:00+00:00,2024-09-15 00:00:00+00:00,2024-09-16 00:00:00+00:00,8038086129.67281,2024-09-16 00:00:00+00:00,8,False,True,False,False
uni,UNI,2024-09-15 00:00:00+00:00,2024-09-15 00:00:00+00:00,2024-09-16 00:00:00+00:00,6534616578.60742,2024-09-16 00:00:00+00:00,9,False,True,False,False
bch,BCH,2024-09-15 00:00:00+00:00,2024-09-15 00:00:00+00:00,2024-09-16 00:00:00+00:00,6254461392.519103,2024-09-16 00:00:00+00:00,10,False,True,False,False
xvg,XVG,2024-09-15 00:00:00+00:00,2024-09-15 00:00:00+00:00,2024-09-16 00:00:00+00:00,6073655509.257232,2024-09-16 00:00:00+00:00,11,False,False,False,False
ltc,LTC,2024-09-15 00:00:00+00:00,2024-09-15 00:00:00+00:00,2024-09-16 00:00:00+00:00,4749777938.54427,2024-09-16 00:00:00+00:00,12,False,False,False,True
icp,ICP,2024-09-15 00:00:00+00:00,2024-09-15 00:00:00+00:00,2024-09-16 00:00:00+00:00,4353690269.656964,2024-09-16 00:00:00+00:00,13,False,False,False,False
xmr,XMR,2024-09-15 00:00:00+00:00,2024-09-15 00:00:00+00:00,2024-09-16 00:00:00+00:00,3063351773.476915,2024-09-16 00:00:00+00:00,14,False,False,False,False
etc,ETC,2024-09-15 00:00:00+00:00,2024-09-15 00:00:00+00:00,2024-09-16 00:00:00+00:00,2652077640.6736994,2024-09-16 00:00:00+00:00,15,False,False,False,False
avaxc,AVAXC,2024-09-15 00:00:00+00:00,2024-09-15 00:00:00+00:00,2024-09-16 00:00:00+00:00,2436809618.5069537,2024-09-16 00:00:00+00:00,16,False,False,False,False
aave,AAVE,2024-09-15 00:00:00+00:00,2024-09-15 00:00:00+00:00,2024-09-16 00:00:00+00:00,2297900163.986864,2024-09-16 00:00:00+00:00,17,False,False,False,False
lend,LEND,2024-09-15 00:00:00+00:00,2024-09-15 00:00:00+00:00,2024-09-16 00:00:00+00:00,1867043799.51414,2024-09-16 00:00:00+00:00,18,False,False,False,False
qnt,QNT,2024-09-15 00:00:00+00:00,2024-09-15 00:00:00+00:00,2024-09-16 00:00:00+00:00,1782722009.1320353,2024-09-16 00:00:00+00:00,19,False,False,False,False
mkr,MKR,2024-09-15 00:00:00+00:00,2024-09-15 00:00:00+00:00,2024-09-16 00:00:00+00:00,1504758098.7439482,2024-09-16 00:00:00+00:00,20,False,False,False,False
gno,GNO,2024-09-15 00:00:00+00:00,2024-09-15 00:00:00+00:00,2024-09-16 00:00:00+00:00,1498291928.55068,2024-09-16 00:00:00+00:00,21,False,False,False,False
algo,ALGO,2024-09-15 00:00:00+00:00,2024-09-15 00:00:00+00:00,2024-09-16 00:00:00+00:00,1265330435.59742,2024-09-16 00:00:00+00:00,22,False,False,False,False
ldo,LDO,2024-09-15 00:00:00+00:00,2024-09-15 00:00:00+00:00,2024-09-16 00:00:00+00:00,995640728.571028,2024-09-16 00:00:00+00:00,23,False,False,False,False
neo,NEO,2024-09-15 00:00:00+00:00,2024-09-15 00:00:00+00:00,2024-09-16 00:00:00+00:00,929659009.845006,2024-09-16 00:00:00+00:00,24,False,False,False,False
flow,FLOW,2024-09-15 00:00:00+00:00,2024-09-15 00:00:00+00:00,2024-09-16 00:00:00+00:00,829234661.3746855,2024-09-16 00:00:00+00:00,25,False,False,False,False
xaut,XAUT,2024-09-15 00:00:00+00:00,2024-09-15 00:00:00+00:00,2024-09-16 00:00:00+00:00,635947791.8394785,2024-09-16 00:00:00+00:00,26,False,False,False,False
mana,MANA,2024-09-15 00:00:00+00:00,2024-09-15 00:00:00+00:00,2024-09-16 00:00:00+00:00,590801448.9203582,2024-09-16 00:00:00+00:00,27,False,False,False,False
crv,CRV,2024-09-15 00:00:00+00:00,2024-09-15 00:00:00+00:00,2024-09-16 00:00:00+00:00,574540467.2335404,2024-09-16 00:00:00+00:00,28,False,False,False,False
avaxx,AVAXX,2024-09-15 00:00:00+00:00,2024-09-15 00:00:00+00:00,2024-09-16 00:00:00+00:00,574093158.696821,2024-09-16 00:00:00+00:00,29,False,False,False,False
paxg,PAXG,2024-09-15 00:00:00+00:00,2024-09-15 00:00:00+00:00,2024-09-16 00:00:00+00:00,489718155.0649737,2024-09-16 00:00:00+00:00,30,False,False,False,False
btc,BTC,2024-09-22 00:00:00+00:00,2024-09-22 00:00:00+00:00,2024-09-23 00:00:00+00:00,1256024783427.4387,2024-09-23 00:00:00+00:00,1,True,True,True,True
eth,ETH,2024-09-22 00:00:00+00:00,2024-09-22 00:00:00+00:00,2024-09-23 00:00:00+00:00,310664830437.2192,2024-09-23 00:00:00+00:00,2,True,True,True,True
xrp,XRP,2024-09-22 00:00:00+00:00,2024-09-22 00:00:00+00:00,2024-09-23 00:00:00+00:00,58743624195.99143,2024-09-23 00:00:00+00:00,3,True,True,False,True
doge,DOGE,2024-09-22 00:00:00+00:00,2024-09-22 00:00:00+00:00,2024-09-23 00:00:00+00:00,15523949553.23212,2024-09-23 00:00:00+00:00,4,True,True,False,False
ada,ADA,2024-09-22 00:00:00+00:00,2024-09-22 00:00:00+00:00,2024-09-23 00:00:00+00:00,12394792097.67653,2024-09-23 00:00:00+00:00,5,True,True,False,True
link,LINK,2024-09-22 00:00:00+00:00,2024-09-22 00:00:00+00:00,2024-09-23 00:00:00+00:00,11121319565.3084,2024-09-23 00:00:00+00:00,6,True,True,True,True
xlm,XLM,2024-09-22 00:00:00+00:00,2024-09-22 00:00:00+00:00,2024-09-23 00:00:00+00:00,10120277346.7482,2024-09-23 00:00:00+00:00,7,False,True,False,False
cro,CRO,2024-09-22 00:00:00+00:00,2024-09-22 00:00:00+00:00,2024-09-23 00:00:00+00:00,8552320355.95414,2024-09-23 00:00:00+00:00,8,False,True,False,False
bch,BCH,2024-09-22 00:00:00+00:00,2024-09-22 00:00:00+00:00,2024-09-23 00:00:00+00:00,6771957557.245746,2024-09-23 00:00:00+00:00,9,False,True,False,False
uni,UNI,2024-09-22 00:00:00+00:00,2024-09-22 00:00:00+00:00,2024-09-23 00:00:00+00:00,6634576430.61514,2024-09-23 00:00:00+00:00,10,False,True,False,False
xvg,XVG,2024-09-22 00:00:00+00:00,2024-09-22 00:00:00+00:00,2024-09-23 00:00:00+00:00,6465413527.814136,2024-09-23 00:00:00+00:00,11,False,False,False,False
ltc,LTC,2024-09-22 00:00:00+00:00,2024-09-22 00:00:00+00:00,2024-09-23 00:00:00+00:00,5139890948.505561,2024-09-23 00:00:00+00:00,12,False,False,False,True
icp,ICP,2024-09-22 00:00:00+00:00,2024-09-22 00:00:00+00:00,2024-09-23 00:00:00+00:00,4318268464.120093,2024-09-23 00:00:00+00:00,13,False,False,False,False
xmr,XMR,2024-09-22 00:00:00+00:00,2024-09-22 00:00:00+00:00,2024-09-23 00:00:00+00:00,3179049302.059574,2024-09-23 00:00:00+00:00,14,False,False,False,False
etc,ETC,2024-09-22 00:00:00+00:00,2024-09-22 00:00:00+00:00,2024-09-23 00:00:00+00:00,2812138171.0759344,2024-09-23 00:00:00+00:00,15,False,False,False,False
avaxc,AVAXC,2024-09-22 00:00:00+00:00,2024-09-22 00:00:00+00:00,2024-09-23 00:00:00+00:00,2712828791.547474,2024-09-23 00:00:00+00:00,16,False,False,False,False
aave,AAVE,2024-09-22 00:00:00+00:00,2024-09-22 00:00:00+00:00,2024-09-23 00:00:00+00:00,2581915888.83792,2024-09-23 00:00:00+00:00,17,False,False,False,False
lend,LEND,2024-09-22 00:00:00+00:00,2024-09-22 00:00:00+00:00,2024-09-23 00:00:00+00:00,2097806565.6073625,2024-09-23 00:00:00+00:00,18,False,False,False,False
qnt,QNT,2024-09-22 00:00:00+00:00,2024-09-22 00:00:00+00:00,2024-09-23 00:00:00+00:00,1806932065.698509,2024-09-23 00:00:00+00:00,19,False,False,False,False
gno,GNO,2024-09-22 00:00:00+00:00,2024-09-22 00:00:00+00:00,2024-09-23 00:00:00+00:00,1667158901.52863,2024-09-23 00:00:00+00:00,20,False,False,False,False
mkr,MKR,2024-09-22 00:00:00+00:00,2024-09-22 00:00:00+00:00,2024-09-23 00:00:00+00:00,1466168047.6543894,2024-09-23 00:00:00+00:00,21,False,False,False,False
algo,ALGO,2024-09-22 00:00:00+00:00,2024-09-22 00:00:00+00:00,2024-09-23 00:00:00+00:00,1320099845.88272,2024-09-23 00:00:00+00:00,22,False,False,False,False
ldo,LDO,2024-09-22 00:00:00+00:00,2024-09-22 00:00:00+00:00,2024-09-23 00:00:00+00:00,1111859891.32755,2024-09-23 00:00:00+00:00,23,False,False,False,False
neo,NEO,2024-09-22 00:00:00+00:00,2024-09-22 00:00:00+00:00,2024-09-23 00:00:00+00:00,1009259277.29802,2024-09-23 00:00:00+00:00,24,False,False,False,False
flow,FLOW,2024-09-22 00:00:00+00:00,2024-09-22 00:00:00+00:00,2024-09-23 00:00:00+00:00,883512125.6182854,2024-09-23 00:00:00+00:00,25,False,False,False,False
mana,MANA,2024-09-22 00:00:00+00:00,2024-09-22 00:00:00+00:00,2024-09-23 00:00:00+00:00,670625072.9563112,2024-09-23 00:00:00+00:00,26,False,False,False,False
avaxx,AVAXX,2024-09-22 00:00:00+00:00,2024-09-22 00:00:00+00:00,2024-09-23 00:00:00+00:00,658060688.3302888,2024-09-23 00:00:00+00:00,27,False,False,False,False
xaut,XAUT,2024-09-22 00:00:00+00:00,2024-09-22 00:00:00+00:00,2024-09-23 00:00:00+00:00,646517877.4218323,2024-09-23 00:00:00+00:00,28,False,False,False,False
crv,CRV,2024-09-22 00:00:00+00:00,2024-09-22 00:00:00+00:00,2024-09-23 00:00:00+00:00,642679705.3841349,2024-09-23 00:00:00+00:00,29,False,False,False,False
snx,SNX,2024-09-22 00:00:00+00:00,2024-09-22 00:00:00+00:00,2024-09-23 00:00:00+00:00,505140066.15217686,2024-09-23 00:00:00+00:00,30,False,False,False,False
btc,BTC,2024-09-29 00:00:00+00:00,2024-09-29 00:00:00+00:00,2024-09-30 00:00:00+00:00,1296647099791.2417,2024-09-30 00:00:00+00:00,1,True,True,True,True
eth,ETH,2024-09-29 00:00:00+00:00,2024-09-29 00:00:00+00:00,2024-09-30 00:00:00+00:00,319731539277.40314,2024-09-30 00:00:00+00:00,2,True,True,True,True
xrp,XRP,2024-09-29 00:00:00+00:00,2024-09-29 00:00:00+00:00,2024-09-30 00:00:00+00:00,64145691733.02552,2024-09-30 00:00:00+00:00,3,True,True,False,True
doge,DOGE,2024-09-29 00:00:00+00:00,2024-09-29 00:00:00+00:00,2024-09-30 00:00:00+00:00,18248919200.185646,2024-09-30 00:00:00+00:00,4,True,True,False,False
ada,ADA,2024-09-29 00:00:00+00:00,2024-09-29 00:00:00+00:00,2024-09-30 00:00:00+00:00,14008981644.538355,2024-09-30 00:00:00+00:00,5,True,True,False,True
link,LINK,2024-09-29 00:00:00+00:00,2024-09-29 00:00:00+00:00,2024-09-30 00:00:00+00:00,12472498133.2753,2024-09-30 00:00:00+00:00,6,True,True,True,True
xlm,XLM,2024-09-29 00:00:00+00:00,2024-09-29 00:00:00+00:00,2024-09-30 00:00:00+00:00,10704030444.528803,2024-09-30 00:00:00+00:00,7,False,True,False,False
cro,CRO,2024-09-29 00:00:00+00:00,2024-09-29 00:00:00+00:00,2024-09-30 00:00:00+00:00,8615673895.69602,2024-09-30 00:00:00+00:00,8,False,True,False,False
uni,UNI,2024-09-29 00:00:00+00:00,2024-09-29 00:00:00+00:00,2024-09-30 00:00:00+00:00,7437042466.76806,2024-09-30 00:00:00+00:00,9,False,True,False,False
xvg,XVG,2024-09-29 00:00:00+00:00,2024-09-29 00:00:00+00:00,2024-09-30 00:00:00+00:00,7244974685.387746,2024-09-30 00:00:00+00:00,10,False,True,False,False
bch,BCH,2024-09-29 00:00:00+00:00,2024-09-29 00:00:00+00:00,2024-09-30 00:00:00+00:00,6968477229.53438,2024-09-30 00:00:00+00:00,11,False,False,False,False
ltc,LTC,2024-09-29 00:00:00+00:00,2024-09-29 00:00:00+00:00,2024-09-30 00:00:00+00:00,5202531397.477618,2024-09-30 00:00:00+00:00,12,False,False,False,True
icp,ICP,2024-09-29 00:00:00+00:00,2024-09-29 00:00:00+00:00,2024-09-30 00:00:00+00:00,5022767699.07927,2024-09-30 00:00:00+00:00,13,False,False,False,False
etc,ETC,2024-09-29 00:00:00+00:00,2024-09-29 00:00:00+00:00,2024-09-30 00:00:00+00:00,3046712107.2596354,2024-09-30 00:00:00+00:00,14,False,False,False,False
avaxc,AVAXC,2024-09-29 00:00:00+00:00,2024-09-29 00:00:00+00:00,2024-09-30 00:00:00+00:00,2873204093.706164,2024-09-30 00:00:00+00:00,15,False,False,False,False
xmr,XMR,2024-09-29 00:00:00+00:00,2024-09-29 00:00:00+00:00,2024-09-30 00:00:00+00:00,2756223007.336601,2024-09-30 00:00:00+00:00,16,False,False,False,False
aave,AAVE,2024-09-29 00:00:00+00:00,2024-09-29 00:00:00+00:00,2024-09-30 00:00:00+00:00,2578203327.734256,2024-09-30 00:00:00+00:00,17,False,False,False,False
lend,LEND,2024-09-29 00:00:00+00:00,2024-09-29 00:00:00+00:00,2024-09-30 00:00:00+00:00,2094790109.8459046,2024-09-30 00:00:00+00:00,18,False,False,False,False
qnt,QNT,2024-09-29 00:00:00+00:00,2024-09-29 00:00:00+00:00,2024-09-30 00:00:00+00:00,1855049441.7502935,2024-09-30 00:00:00+00:00,19,False,False,False,False
gno,GNO,2024-09-29 00:00:00+00:00,2024-09-29 00:00:00+00:00,2024-09-30 00:00:00+00:00,1692112954.22917,2024-09-30 00:00:00+00:00,20,False,False,False,False
mkr,MKR,2024-09-29 00:00:00+00:00,2024-09-29 00:00:00+00:00,2024-09-30 00:00:00+00:00,1539012140.6264174,2024-09-30 00:00:00+00:00,21,False,False,False,False
algo,ALGO,2024-09-29 00:00:00+00:00,2024-09-29 00:00:00+00:00,2024-09-30 00:00:00+00:00,1409365296.73471,2024-09-30 00:00:00+00:00,22,False,False,False,False
ldo,LDO,2024-09-29 00:00:00+00:00,2024-09-29 00:00:00+00:00,2024-09-30 00:00:00+00:00,1324095908.30705,2024-09-30 00:00:00+00:00,23,False,False,False,False
neo,NEO,2024-09-29 00:00:00+00:00,2024-09-29 00:00:00+00:00,2024-09-30 00:00:00+00:00,1081058838.68009,2024-09-30 00:00:00+00:00,24,False,False,False,False
flow,FLOW,2024-09-29 00:00:00+00:00,2024-09-29 00:00:00+00:00,2024-09-30 00:00:00+00:00,944081722.8431833,2024-09-30 00:00:00+00:00,25,False,False,False,False
ftt,FTT,2024-09-29 00:00:00+00:00,2024-09-29 00:00:00+00:00,2024-09-30 00:00:00+00:00,722825205.3311287,2024-09-30 00:00:00+00:00,26,False,False,False,False
mana,MANA,2024-09-29 00:00:00+00:00,2024-09-29 00:00:00+00:00,2024-09-30 00:00:00+00:00,705331497.4706435,2024-09-30 00:00:00+00:00,27,False,False,False,False
avaxx,AVAXX,2024-09-29 00:00:00+00:00,2024-09-29 00:00:00+00:00,2024-09-30 00:00:00+00:00,699615505.0433627,2024-09-30 00:00:00+00:00,28,False,False,False,False
xaut,XAUT,2024-09-29 00:00:00+00:00,2024-09-29 00:00:00+00:00,2024-09-30 00:00:00+00:00,656672029.3639169,2024-09-30 00:00:00+00:00,29,False,False,False,False
crv,CRV,2024-09-29 00:00:00+00:00,2024-09-29 00:00:00+00:00,2024-09-30 00:00:00+00:00,649799747.6226763,2024-09-30 00:00:00+00:00,30,False,False,False,False
btc,BTC,2024-10-06 00:00:00+00:00,2024-10-06 00:00:00+00:00,2024-10-07 00:00:00+00:00,1240978188262.5103,2024-10-07 00:00:00+00:00,1,True,True,True,True
eth,ETH,2024-10-06 00:00:00+00:00,2024-10-06 00:00:00+00:00,2024-10-07 00:00:00+00:00,293543027384.27985,2024-10-07 00:00:00+00:00,2,True,True,True,True
xrp,XRP,2024-10-06 00:00:00+00:00,2024-10-06 00:00:00+00:00,2024-10-07 00:00:00+00:00,53355167237.07216,2024-10-07 00:00:00+00:00,3,True,True,False,True
doge,DOGE,2024-10-06 00:00:00+00:00,2024-10-06 00:00:00+00:00,2024-10-07 00:00:00+00:00,16303939435.182333,2024-10-07 00:00:00+00:00,4,True,True,False,False
ada,ADA,2024-10-06 00:00:00+00:00,2024-10-06 00:00:00+00:00,2024-10-07 00:00:00+00:00,12611415639.363546,2024-10-07 00:00:00+00:00,5,True,True,False,True
link,LINK,2024-10-06 00:00:00+00:00,2024-10-06 00:00:00+00:00,2024-10-07 00:00:00+00:00,11275274324.7007,2024-10-07 00:00:00+00:00,6,True,True,True,True
xlm,XLM,2024-10-06 00:00:00+00:00,2024-10-06 00:00:00+00:00,2024-10-07 00:00:00+00:00,9730839814.077684,2024-10-07 00:00:00+00:00,7,False,True,False,False
cro,CRO,2024-10-06 00:00:00+00:00,2024-10-06 00:00:00+00:00,2024-10-07 00:00:00+00:00,8062443571.98727,2024-10-07 00:00:00+00:00,8,False,True,False,False
uni,UNI,2024-10-06 00:00:00+00:00,2024-10-06 00:00:00+00:00,2024-10-07 00:00:00+00:00,7065779845.67848,2024-10-07 00:00:00+00:00,9,False,True,False,False
bch,BCH,2024-10-06 00:00:00+00:00,2024-10-06 00:00:00+00:00,2024-10-07 00:00:00+00:00,6414278814.9535885,2024-10-07 00:00:00+00:00,10,False,True,False,False
xvg,XVG,2024-10-06 00:00:00+00:00,2024-10-06 00:00:00+00:00,2024-10-07 00:00:00+00:00,6306314134.574478,2024-10-07 00:00:00+00:00,11,False,False,False,False
ltc,LTC,2024-10-06 00:00:00+00:00,2024-10-06 00:00:00+00:00,2024-10-07 00:00:00+00:00,5036865858.208985,2024-10-07 00:00:00+00:00,12,False,False,False,True
icp,ICP,2024-10-06 00:00:00+00:00,2024-10-06 00:00:00+00:00,2024-10-07 00:00:00+00:00,4448239077.196751,2024-10-07 00:00:00+00:00,13,False,False,False,False
avaxc,AVAXC,2024-10-06 00:00:00+00:00,2024-10-06 00:00:00+00:00,2024-10-07 00:00:00+00:00,2835309599.042667,2024-10-07 00:00:00+00:00,14,False,False,False,False
etc,ETC,2024-10-06 00:00:00+00:00,2024-10-06 00:00:00+00:00,2024-10-07 00:00:00+00:00,2795456469.287955,2024-10-07 00:00:00+00:00,15,False,False,False,False
xmr,XMR,2024-10-06 00:00:00+00:00,2024-10-06 00:00:00+00:00,2024-10-07 00:00:00+00:00,2658361535.4319696,2024-10-07 00:00:00+00:00,16,False,False,False,False
aave,AAVE,2024-10-06 00:00:00+00:00,2024-10-06 00:00:00+00:00,2024-10-07 00:00:00+00:00,2398894027.45832,2024-10-07 00:00:00+00:00,17,False,False,False,False
lend,LEND,2024-10-06 00:00:00+00:00,2024-10-06 00:00:00+00:00,2024-10-07 00:00:00+00:00,1949101309.904934,2024-10-07 00:00:00+00:00,18,False,False,False,False
qnt,QNT,2024-10-06 00:00:00+00:00,2024-10-06 00:00:00+00:00,2024-10-07 00:00:00+00:00,1699933930.1829302,2024-10-07 00:00:00+00:00,19,False,False,False,False
gno,GNO,2024-10-06 00:00:00+00:00,2024-10-06 00:00:00+00:00,2024-10-07 00:00:00+00:00,1631372710.90045,2024-10-07 00:00:00+00:00,20,False,False,False,False
mkr,MKR,2024-10-06 00:00:00+00:00,2024-10-06 00:00:00+00:00,2024-10-07 00:00:00+00:00,1319767822.2876377,2024-10-07 00:00:00+00:00,21,False,False,False,False
algo,ALGO,2024-10-06 00:00:00+00:00,2024-10-06 00:00:00+00:00,2024-10-07 00:00:00+00:00,1267039462.53085,2024-10-07 00:00:00+00:00,22,False,False,False,False
ldo,LDO,2024-10-06 00:00:00+00:00,2024-10-06 00:00:00+00:00,2024-10-07 00:00:00+00:00,1078161743.04233,2024-10-07 00:00:00+00:00,23,False,False,False,False
neo,NEO,2024-10-06 00:00:00+00:00,2024-10-06 00:00:00+00:00,2024-10-07 00:00:00+00:00,1030643442.11369,2024-10-07 00:00:00+00:00,24,False,False,False,False
flow,FLOW,2024-10-06 00:00:00+00:00,2024-10-06 00:00:00+00:00,2024-10-07 00:00:00+00:00,846454617.4670814,2024-10-07 00:00:00+00:00,25,False,False,False,False
ftt,FTT,2024-10-06 00:00:00+00:00,2024-10-06 00:00:00+00:00,2024-10-07 00:00:00+00:00,806849657.0124362,2024-10-07 00:00:00+00:00,26,False,False,False,False
xaut,XAUT,2024-10-06 00:00:00+00:00,2024-10-06 00:00:00+00:00,2024-10-07 00:00:00+00:00,653294161.046449,2024-10-07 00:00:00+00:00,27,False,False,False,False
mana,MANA,2024-10-06 00:00:00+00:00,2024-10-06 00:00:00+00:00,2024-10-07 00:00:00+00:00,646738867.9618093,2024-10-07 00:00:00+00:00,28,False,False,False,False
avaxx,AVAXX,2024-10-06 00:00:00+00:00,2024-10-06 00:00:00+00:00,2024-10-07 00:00:00+00:00,646614573.2713511,2024-10-07 00:00:00+00:00,29,False,False,False,False
crv,CRV,2024-10-06 00:00:00+00:00,2024-10-06 00:00:00+00:00,2024-10-07 00:00:00+00:00,565761406.2568843,2024-10-07 00:00:00+00:00,30,False,False,False,False
btc,BTC,2024-10-13 00:00:00+00:00,2024-10-13 00:00:00+00:00,2024-10-14 00:00:00+00:00,1240577394495.5432,2024-10-14 00:00:00+00:00,1,True,True,True,True
eth,ETH,2024-10-13 00:00:00+00:00,2024-10-13 00:00:00+00:00,2024-10-14 00:00:00+00:00,296763578519.60724,2024-10-14 00:00:00+00:00,2,True,True,True,True
xrp,XRP,2024-10-13 00:00:00+00:00,2024-10-13 00:00:00+00:00,2024-10-14 00:00:00+00:00,53113556132.48721,2024-10-14 00:00:00+00:00,3,True,True,False,True
doge,DOGE,2024-10-13 00:00:00+00:00,2024-10-13 00:00:00+00:00,2024-10-14 00:00:00+00:00,16280118001.000929,2024-10-14 00:00:00+00:00,4,True,True,False,False
ada,ADA,2024-10-13 00:00:00+00:00,2024-10-13 00:00:00+00:00,2024-10-14 00:00:00+00:00,12264115252.404526,2024-10-14 00:00:00+00:00,5,True,True,False,True
link,LINK,2024-10-13 00:00:00+00:00,2024-10-13 00:00:00+00:00,2024-10-14 00:00:00+00:00,10721943014.3155,2024-10-14 00:00:00+00:00,6,True,True,True,True
xlm,XLM,2024-10-13 00:00:00+00:00,2024-10-13 00:00:00+00:00,2024-10-14 00:00:00+00:00,9505512030.19501,2024-10-14 00:00:00+00:00,7,False,True,False,False
uni,UNI,2024-10-13 00:00:00+00:00,2024-10-13 00:00:00+00:00,2024-10-14 00:00:00+00:00,7660434833.03568,2024-10-14 00:00:00+00:00,8,False,True,False,False
cro,CRO,2024-10-13 00:00:00+00:00,2024-10-13 00:00:00+00:00,2024-10-14 00:00:00+00:00,7580887255.42853,2024-10-14 00:00:00+00:00,9,False,True,False,False
bch,BCH,2024-10-13 00:00:00+00:00,2024-10-13 00:00:00+00:00,2024-10-14 00:00:00+00:00,6344207301.456599,2024-10-14 00:00:00+00:00,10,False,True,False,False
xvg,XVG,2024-10-13 00:00:00+00:00,2024-10-13 00:00:00+00:00,2024-10-14 00:00:00+00:00,6236280087.940355,2024-10-14 00:00:00+00:00,11,False,False,False,False
ltc,LTC,2024-10-13 00:00:00+00:00,2024-10-13 00:00:00+00:00,2024-10-14 00:00:00+00:00,4857705409.877273,2024-10-14 00:00:00+00:00,12,False,False,False,True
icp,ICP,2024-10-13 00:00:00+00:00,2024-10-13 00:00:00+00:00,2024-10-14 00:00:00+00:00,4143435215.1645994,2024-10-14 00:00:00+00:00,13,False,False,False,False
avaxc,AVAXC,2024-10-13 00:00:00+00:00,2024-10-13 00:00:00+00:00,2024-10-14 00:00:00+00:00,2989925597.135901,2024-10-14 00:00:00+00:00,14,False,False,False,False
etc,ETC,2024-10-13 00:00:00+00:00,2024-10-13 00:00:00+00:00,2024-10-14 00:00:00+00:00,2764752942.5137935,2024-10-14 00:00:00+00:00,15,False,False,False,False
xmr,XMR,2024-10-13 00:00:00+00:00,2024-10-13 00:00:00+00:00,2024-10-14 00:00:00+00:00,2683288891.7051635,2024-10-14 00:00:00+00:00,16,False,False,False,False
aave,AAVE,2024-10-13 00:00:00+00:00,2024-10-13 00:00:00+00:00,2024-10-14 00:00:00+00:00,2467190974.79736,2024-10-14 00:00:00+00:00,17,False,False,False,False
lend,LEND,2024-10-13 00:00:00+00:00,2024-10-13 00:00:00+00:00,2024-10-14 00:00:00+00:00,2004592577.1294692,2024-10-14 00:00:00+00:00,18,False,False,False,False
gno,GNO,2024-10-13 00:00:00+00:00,2024-10-13 00:00:00+00:00,2024-10-14 00:00:00+00:00,1745053936.77023,2024-10-14 00:00:00+00:00,19,False,False,False,False
qnt,QNT,2024-10-13 00:00:00+00:00,2024-10-13 00:00:00+00:00,2024-10-14 00:00:00+00:00,1578630507.4452906,2024-10-14 00:00:00+00:00,20,False,False,False,False
algo,ALGO,2024-10-13 00:00:00+00:00,2024-10-13 00:00:00+00:00,2024-10-14 00:00:00+00:00,1202995381.12059,2024-10-14 00:00:00+00:00,21,False,False,False,False
mkr,MKR,2024-10-13 00:00:00+00:00,2024-10-13 00:00:00+00:00,2024-10-14 00:00:00+00:00,1199169841.4159036,2024-10-14 00:00:00+00:00,22,False,False,False,False
ldo,LDO,2024-10-13 00:00:00+00:00,2024-10-13 00:00:00+00:00,2024-10-14 00:00:00+00:00,1045968672.19496,2024-10-14 00:00:00+00:00,23,False,False,False,False
neo,NEO,2024-10-13 00:00:00+00:00,2024-10-13 00:00:00+00:00,2024-10-14 00:00:00+00:00,1037066342.0129,2024-10-14 00:00:00+00:00,24,False,False,False,False
flow,FLOW,2024-10-13 00:00:00+00:00,2024-10-13 00:00:00+00:00,2024-10-14 00:00:00+00:00,830237528.7403816,2024-10-14 00:00:00+00:00,25,False,False,False,False
avaxx,AVAXX,2024-10-13 00:00:00+00:00,2024-10-13 00:00:00+00:00,2024-10-14 00:00:00+00:00,698742760.2880512,2024-10-14 00:00:00+00:00,26,False,False,False,False
xaut,XAUT,2024-10-13 00:00:00+00:00,2024-10-13 00:00:00+00:00,2024-10-14 00:00:00+00:00,652994058.2491742,2024-10-14 00:00:00+00:00,27,False,False,False,False
mana,MANA,2024-10-13 00:00:00+00:00,2024-10-13 00:00:00+00:00,2024-10-14 00:00:00+00:00,646491784.6314235,2024-10-14 00:00:00+00:00,28,False,False,False,False
ftt,FTT,2024-10-13 00:00:00+00:00,2024-10-13 00:00:00+00:00,2024-10-14 00:00:00+00:00,639243258.7360691,2024-10-14 00:00:00+00:00,29,False,False,False,False
crv,CRV,2024-10-13 00:00:00+00:00,2024-10-13 00:00:00+00:00,2024-10-14 00:00:00+00:00,560091882.427886,2024-10-14 00:00:00+00:00,30,False,False,False,False
btc,BTC,2024-10-20 00:00:00+00:00,2024-10-20 00:00:00+00:00,2024-10-21 00:00:00+00:00,1364411911597.1309,2024-10-21 00:00:00+00:00,1,True,True,True,True
eth,ETH,2024-10-20 00:00:00+00:00,2024-10-20 00:00:00+00:00,2024-10-21 00:00:00+00:00,330606073081.36725,2024-10-21 00:00:00+00:00,2,True,True,True,True
xrp,XRP,2024-10-20 00:00:00+00:00,2024-10-20 00:00:00+00:00,2024-10-21 00:00:00+00:00,54724491552.60546,2024-10-21 00:00:00+00:00,3,True,True,False,True
doge,DOGE,2024-10-20 00:00:00+00:00,2024-10-20 00:00:00+00:00,2024-10-21 00:00:00+00:00,20834932916.013226,2024-10-21 00:00:00+00:00,4,True,True,False,False
ada,ADA,2024-10-20 00:00:00+00:00,2024-10-20 00:00:00+00:00,2024-10-21 00:00:00+00:00,12871035762.423712,2024-10-21 00:00:00+00:00,5,True,True,False,True
link,LINK,2024-10-20 00:00:00+00:00,2024-10-20 00:00:00+00:00,2024-10-21 00:00:00+00:00,11980117648.5476,2024-10-21 00:00:00+00:00,6,True,True,True,True
xlm,XLM,2024-10-20 00:00:00+00:00,2024-10-20 00:00:00+00:00,2024-10-21 00:00:00+00:00,10234165533.71201,2024-10-21 00:00:00+00:00,7,False,True,False,False
cro,CRO,2024-10-20 00:00:00+00:00,2024-10-20 00:00:00+00:00,2024-10-21 00:00:00+00:00,7930662435.76663,2024-10-21 00:00:00+00:00,8,False,True,False,False
uni,UNI,2024-10-20 00:00:00+00:00,2024-10-20 00:00:00+00:00,2024-10-21 00:00:00+00:00,7747120076.1131,2024-10-21 00:00:00+00:00,9,False,True,False,False
bch,BCH,2024-10-20 00:00:00+00:00,2024-10-20 00:00:00+00:00,2024-10-21 00:00:00+00:00,7304729454.1382265,2024-10-21 00:00:00+00:00,10,False,True,False,False
xvg,XVG,2024-10-20 00:00:00+00:00,2024-10-20 00:00:00+00:00,2024-10-21 00:00:00+00:00,7003154034.691315,2024-10-21 00:00:00+00:00,11,False,False,False,False
ltc,LTC,2024-10-20 00:00:00+00:00,2024-10-20 00:00:00+00:00,2024-10-21 00:00:00+00:00,5574918585.271395,2024-10-21 00:00:00+00:00,12,False,False,False,True
icp,ICP,2024-10-20 00:00:00+00:00,2024-10-20 00:00:00+00:00,2024-10-21 00:00:00+00:00,4380563637.325121,2024-10-21 00:00:00+00:00,13,False,False,False,False
etc,ETC,2024-10-20 00:00:00+00:00,2024-10-20 00:00:00+00:00,2024-10-21 00:00:00+00:00,3012633216.362037,2024-10-21 00:00:00+00:00,14,False,False,False,False
avaxc,AVAXC,2024-10-20 00:00:00+00:00,2024-10-20 00:00:00+00:00,2024-10-21 00:00:00+00:00,2989949014.9630084,2024-10-21 00:00:00+00:00,15,False,False,False,False
xmr,XMR,2024-10-20 00:00:00+00:00,2024-10-20 00:00:00+00:00,2024-10-21 00:00:00+00:00,2941455565.5439014,2024-10-21 00:00:00+00:00,16,False,False,False,False
aave,AAVE,2024-10-20 00:00:00+00:00,2024-10-20 00:00:00+00:00,2024-10-21 00:00:00+00:00,2543080036.041312,2024-10-21 00:00:00+00:00,17,False,False,False,False
lend,LEND,2024-10-20 00:00:00+00:00,2024-10-20 00:00:00+00:00,2024-10-21 00:00:00+00:00,2066252436.6251228,2024-10-21 00:00:00+00:00,18,False,False,False,False
gno,GNO,2024-10-20 00:00:00+00:00,2024-10-20 00:00:00+00:00,2024-10-21 00:00:00+00:00,1930002989.73168,2024-10-21 00:00:00+00:00,19,False,False,False,False
qnt,QNT,2024-10-20 00:00:00+00:00,2024-10-20 00:00:00+00:00,2024-10-21 00:00:00+00:00,1639902703.5510159,2024-10-21 00:00:00+00:00,20,False,False,False,False
algo,ALGO,2024-10-20 00:00:00+00:00,2024-10-20 00:00:00+00:00,2024-10-21 00:00:00+00:00,1302501715.4748,2024-10-21 00:00:00+00:00,21,False,False,False,False
ldo,LDO,2024-10-20 00:00:00+00:00,2024-10-20 00:00:00+00:00,2024-10-21 00:00:00+00:00,1210998877.85536,2024-10-21 00:00:00+00:00,22,False,False,False,False
mkr,MKR,2024-10-20 00:00:00+00:00,2024-10-20 00:00:00+00:00,2024-10-21 00:00:00+00:00,1106155915.8115182,2024-10-21 00:00:00+00:00,23,False,False,False,False
neo,NEO,2024-10-20 00:00:00+00:00,2024-10-20 00:00:00+00:00,2024-10-21 00:00:00+00:00,1095489757.29074,2024-10-21 00:00:00+00:00,24,False,False,False,False
flow,FLOW,2024-10-20 00:00:00+00:00,2024-10-20 00:00:00+00:00,2024-10-21 00:00:00+00:00,913186782.5521593,2024-10-21 00:00:00+00:00,25,False,False,False,False
mana,MANA,2024-10-20 00:00:00+00:00,2024-10-20 00:00:00+00:00,2024-10-21 00:00:00+00:00,723366501.3587005,2024-10-21 00:00:00+00:00,26,False,False,False,False
avaxx,AVAXX,2024-10-20 00:00:00+00:00,2024-10-20 00:00:00+00:00,2024-10-21 00:00:00+00:00,696078264.8525122,2024-10-21 00:00:00+00:00,27,False,False,False,False
ftt,FTT,2024-10-20 00:00:00+00:00,2024-10-20 00:00:00+00:00,2024-10-21 00:00:00+00:00,676519757.0814108,2024-10-21 00:00:00+00:00,28,False,False,False,False
xaut,XAUT,2024-10-20 00:00:00+00:00,2024-10-20 00:00:00+00:00,2024-10-21 00:00:00+00:00,671555323.2282444,2024-10-21 00:00:00+00:00,29,False,False,False,False
crv,CRV,2024-10-20 00:00:00+00:00,2024-10-20 00:00:00+00:00,2024-10-21 00:00:00+00:00,600611709.6856354,2024-10-21 00:00:00+00:00,30,False,False,False,False
btc,BTC,2024-10-27 00:00:00+00:00,2024-10-27 00:00:00+00:00,2024-10-28 00:00:00+00:00,1344626789947.3325,2024-10-28 00:00:00+00:00,1,True,True,True,True
eth,ETH,2024-10-27 00:00:00+00:00,2024-10-27 00:00:00+00:00,2024-10-28 00:00:00+00:00,302029158631.40216,2024-10-28 00:00:00+00:00,2,True,True,True,True
xrp,XRP,2024-10-27 00:00:00+00:00,2024-10-27 00:00:00+00:00,2024-10-28 00:00:00+00:00,51658649199.3993,2024-10-28 00:00:00+00:00,3,True,True,False,True
doge,DOGE,2024-10-27 00:00:00+00:00,2024-10-27 00:00:00+00:00,2024-10-28 00:00:00+00:00,21176846015.95077,2024-10-28 00:00:00+00:00,4,True,True,False,False
ada,ADA,2024-10-27 00:00:00+00:00,2024-10-27 00:00:00+00:00,2024-10-28 00:00:00+00:00,11999748947.422499,2024-10-28 00:00:00+00:00,5,True,True,False,True
link,LINK,2024-10-27 00:00:00+00:00,2024-10-27 00:00:00+00:00,2024-10-28 00:00:00+00:00,11002695994.649,2024-10-28 00:00:00+00:00,6,True,True,True,True
xlm,XLM,2024-10-27 00:00:00+00:00,2024-10-27 00:00:00+00:00,2024-10-28 00:00:00+00:00,9926028762.119616,2024-10-28 00:00:00+00:00,7,False,True,False,False
uni,UNI,2024-10-27 00:00:00+00:00,2024-10-27 00:00:00+00:00,2024-10-28 00:00:00+00:00,7531202576.88145,2024-10-28 00:00:00+00:00,8,False,True,False,False
cro,CRO,2024-10-27 00:00:00+00:00,2024-10-27 00:00:00+00:00,2024-10-28 00:00:00+00:00,7431987235.6427,2024-10-28 00:00:00+00:00,9,False,True,False,False
bch,BCH,2024-10-27 00:00:00+00:00,2024-10-27 00:00:00+00:00,2024-10-28 00:00:00+00:00,6968622651.065985,2024-10-28 00:00:00+00:00,10,False,True,False,False
xvg,XVG,2024-10-27 00:00:00+00:00,2024-10-27 00:00:00+00:00,2024-10-28 00:00:00+00:00,6015881031.682219,2024-10-28 00:00:00+00:00,11,False,False,False,False
ltc,LTC,2024-10-27 00:00:00+00:00,2024-10-27 00:00:00+00:00,2024-10-28 00:00:00+00:00,5336021006.4323225,2024-10-28 00:00:00+00:00,12,False,False,False,True
icp,ICP,2024-10-27 00:00:00+00:00,2024-10-27 00:00:00+00:00,2024-10-28 00:00:00+00:00,4096059678.800761,2024-10-28 00:00:00+00:00,13,False,False,False,False
xmr,XMR,2024-10-27 00:00:00+00:00,2024-10-27 00:00:00+00:00,2024-10-28 00:00:00+00:00,2939959804.5512643,2024-10-28 00:00:00+00:00,14,False,False,False,False
etc,ETC,2024-10-27 00:00:00+00:00,2024-10-27 00:00:00+00:00,2024-10-28 00:00:00+00:00,2748725233.3773212,2024-10-28 00:00:00+00:00,15,False,False,False,False
avaxc,AVAXC,2024-10-27 00:00:00+00:00,2024-10-27 00:00:00+00:00,2024-10-28 00:00:00+00:00,2656951345.1643376,2024-10-28 00:00:00+00:00,16,False,False,False,False
aave,AAVE,2024-10-27 00:00:00+00:00,2024-10-27 00:00:00+00:00,2024-10-28 00:00:00+00:00,2363862114.144656,2024-10-28 00:00:00+00:00,17,False,False,False,False
gno,GNO,2024-10-27 00:00:00+00:00,2024-10-27 00:00:00+00:00,2024-10-28 00:00:00+00:00,2257972323.81612,2024-10-28 00:00:00+00:00,18,False,False,False,False
lend,LEND,2024-10-27 00:00:00+00:00,2024-10-27 00:00:00+00:00,2024-10-28 00:00:00+00:00,1920637881.613988,2024-10-28 00:00:00+00:00,19,False,False,False,False
qnt,QNT,2024-10-27 00:00:00+00:00,2024-10-27 00:00:00+00:00,2024-10-28 00:00:00+00:00,1502105940.3037379,2024-10-28 00:00:00+00:00,20,False,False,False,False
algo,ALGO,2024-10-27 00:00:00+00:00,2024-10-27 00:00:00+00:00,2024-10-28 00:00:00+00:00,1158795790.80934,2024-10-28 00:00:00+00:00,21,False,False,False,False
ldo,LDO,2024-10-27 00:00:00+00:00,2024-10-27 00:00:00+00:00,2024-10-28 00:00:00+00:00,1037975780.09407,2024-10-28 00:00:00+00:00,22,False,False,False,False
mkr,MKR,2024-10-27 00:00:00+00:00,2024-10-27 00:00:00+00:00,2024-10-28 00:00:00+00:00,990400850.6352607,2024-10-28 00:00:00+00:00,23,False,False,False,False
neo,NEO,2024-10-27 00:00:00+00:00,2024-10-27 00:00:00+00:00,2024-10-28 00:00:00+00:00,954790148.547277,2024-10-28 00:00:00+00:00,24,False,False,False,False
flow,FLOW,2024-10-27 00:00:00+00:00,2024-10-27 00:00:00+00:00,2024-10-28 00:00:00+00:00,793887173.3963884,2024-10-28 00:00:00+00:00,25,False,False,False,False
xaut,XAUT,2024-10-27 00:00:00+00:00,2024-10-27 00:00:00+00:00,2024-10-28 00:00:00+00:00,676165982.8787932,2024-10-28 00:00:00+00:00,26,False,False,False,False
mana,MANA,2024-10-27 00:00:00+00:00,2024-10-27 00:00:00+00:00,2024-10-28 00:00:00+00:00,640194148.9541135,2024-10-28 00:00:00+00:00,27,False,False,False,False
avaxx,AVAXX,2024-10-27 00:00:00+00:00,2024-10-27 00:00:00+00:00,2024-10-28 00:00:00+00:00,619370491.0995777,2024-10-28 00:00:00+00:00,28,False,False,False,False
ftt,FTT,2024-10-27 00:00:00+00:00,2024-10-27 00:00:00+00:00,2024-10-28 00:00:00+00:00,614380637.1407498,2024-10-28 00:00:00+00:00,29,False,False,False,False
zec,ZEC,2024-10-27 00:00:00+00:00,2024-10-27 00:00:00+00:00,2024-10-28 00:00:00+00:00,590099976.5927273,2024-10-28 00:00:00+00:00,30,False,False,False,False
btc,BTC,2024-11-03 00:00:00+00:00,2024-11-03 00:00:00+00:00,2024-11-04 00:00:00+00:00,1359542591577.401,2024-11-04 00:00:00+00:00,1,True,True,True,True
eth,ETH,2024-11-03 00:00:00+00:00,2024-11-03 00:00:00+00:00,2024-11-04 00:00:00+00:00,295568420811.89246,2024-11-04 00:00:00+00:00,2,True,True,True,True
xrp,XRP,2024-11-03 00:00:00+00:00,2024-11-03 00:00:00+00:00,2024-11-04 00:00:00+00:00,50260802377.41644,2024-11-04 00:00:00+00:00,3,True,True,False,True
doge,DOGE,2024-11-03 00:00:00+00:00,2024-11-03 00:00:00+00:00,2024-11-04 00:00:00+00:00,22207577814.264004,2024-11-04 00:00:00+00:00,4,True,True,False,False
ada,ADA,2024-11-03 00:00:00+00:00,2024-11-03 00:00:00+00:00,2024-11-04 00:00:00+00:00,11798586631.780367,2024-11-04 00:00:00+00:00,5,True,True,False,True
link,LINK,2024-11-03 00:00:00+00:00,2024-11-03 00:00:00+00:00,2024-11-04 00:00:00+00:00,10753599433.5533,2024-11-04 00:00:00+00:00,6,True,True,True,True
xlm,XLM,2024-11-03 00:00:00+00:00,2024-11-03 00:00:00+00:00,2024-11-04 00:00:00+00:00,9542492936.26852,2024-11-04 00:00:00+00:00,7,False,True,False,False
cro,CRO,2024-11-03 00:00:00+00:00,2024-11-03 00:00:00+00:00,2024-11-04 00:00:00+00:00,7184215159.47977,2024-11-04 00:00:00+00:00,8,False,True,False,False
uni,UNI,2024-11-03 00:00:00+00:00,2024-11-03 00:00:00+00:00,2024-11-04 00:00:00+00:00,7054314768.52803,2024-11-04 00:00:00+00:00,9,False,True,False,False
bch,BCH,2024-11-03 00:00:00+00:00,2024-11-03 00:00:00+00:00,2024-11-04 00:00:00+00:00,6735142794.071727,2024-11-04 00:00:00+00:00,10,False,True,False,False
xvg,XVG,2024-11-03 00:00:00+00:00,2024-11-03 00:00:00+00:00,2024-11-04 00:00:00+00:00,5477835336.538816,2024-11-04 00:00:00+00:00,11,False,False,False,False
ltc,LTC,2024-11-03 00:00:00+00:00,2024-11-03 00:00:00+00:00,2024-11-04 00:00:00+00:00,5024203213.360566,2024-11-04 00:00:00+00:00,12,False,False,False,True
icp,ICP,2024-11-03 00:00:00+00:00,2024-11-03 00:00:00+00:00,2024-11-04 00:00:00+00:00,3764351177.9216003,2024-11-04 00:00:00+00:00,13,False,False,False,False
xmr,XMR,2024-11-03 00:00:00+00:00,2024-11-03 00:00:00+00:00,2024-11-04 00:00:00+00:00,2822785368.2765274,2024-11-04 00:00:00+00:00,14,False,False,False,False
etc,ETC,2024-11-03 00:00:00+00:00,2024-11-03 00:00:00+00:00,2024-11-04 00:00:00+00:00,2656470787.85295,2024-11-04 00:00:00+00:00,15,False,False,False,False
avaxc,AVAXC,2024-11-03 00:00:00+00:00,2024-11-03 00:00:00+00:00,2024-11-04 00:00:00+00:00,2456600368.871272,2024-11-04 00:00:00+00:00,16,False,False,False,False
aave,AAVE,2024-11-03 00:00:00+00:00,2024-11-03 00:00:00+00:00,2024-11-04 00:00:00+00:00,2125580652.041584,2024-11-04 00:00:00+00:00,17,False,False,False,False
gno,GNO,2024-11-03 00:00:00+00:00,2024-11-03 00:00:00+00:00,2024-11-04 00:00:00+00:00,2070889405.08991,2024-11-04 00:00:00+00:00,18,False,False,False,False
lend,LEND,2024-11-03 00:00:00+00:00,2024-11-03 00:00:00+00:00,2024-11-04 00:00:00+00:00,1727034202.3371508,2024-11-04 00:00:00+00:00,19,False,False,False,False
qnt,QNT,2024-11-03 00:00:00+00:00,2024-11-03 00:00:00+00:00,2024-11-04 00:00:00+00:00,1369618735.3139029,2024-11-04 00:00:00+00:00,20,False,False,False,False
algo,ALGO,2024-11-03 00:00:00+00:00,2024-11-03 00:00:00+00:00,2024-11-04 00:00:00+00:00,1090333371.36246,2024-11-04 00:00:00+00:00,21,False,False,False,False
mkr,MKR,2024-11-03 00:00:00+00:00,2024-11-03 00:00:00+00:00,2024-11-04 00:00:00+00:00,1058496592.0710511,2024-11-04 00:00:00+00:00,22,False,False,False,False
ldo,LDO,2024-11-03 00:00:00+00:00,2024-11-03 00:00:00+00:00,2024-11-04 00:00:00+00:00,958175954.452297,2024-11-04 00:00:00+00:00,23,False,False,False,False
neo,NEO,2024-11-03 00:00:00+00:00,2024-11-03 00:00:00+00:00,2024-11-04 00:00:00+00:00,906280541.033371,2024-11-04 00:00:00+00:00,24,False,False,False,False
flow,FLOW,2024-11-03 00:00:00+00:00,2024-11-03 00:00:00+00:00,2024-11-04 00:00:00+00:00,746737052.2746738,2024-11-04 00:00:00+00:00,25,False,False,False,False
xaut,XAUT,2024-11-03 00:00:00+00:00,2024-11-03 00:00:00+00:00,2024-11-04 00:00:00+00:00,675658418.7833539,2024-11-04 00:00:00+00:00,26,False,False,False,False
mana,MANA,2024-11-03 00:00:00+00:00,2024-11-03 00:00:00+00:00,2024-11-04 00:00:00+00:00,591755912.3424884,2024-11-04 00:00:00+00:00,27,False,False,False,False
zec,ZEC,2024-11-03 00:00:00+00:00,2024-11-03 00:00:00+00:00,2024-11-04 00:00:00+00:00,583788528.5337379,2024-11-04 00:00:00+00:00,28,False,False,False,False
avaxx,AVAXX,2024-11-03 00:00:00+00:00,2024-11-03 00:00:00+00:00,2024-11-04 00:00:00+00:00,566398947.1975634,2024-11-04 00:00:00+00:00,29,False,False,False,False
paxg,PAXG,2024-11-03 00:00:00+00:00,2024-11-03 00:00:00+00:00,2024-11-04 00:00:00+00:00,541006510.2565665,2024-11-04 00:00:00+00:00,30,False,False,False,False
btc,BTC,2024-11-10 00:00:00+00:00,2024-11-10 00:00:00+00:00,2024-11-11 00:00:00+00:00,1590532816418.8228,2024-11-11 00:00:00+00:00,1,True,True,True,True
eth,ETH,2024-11-10 00:00:00+00:00,2024-11-10 00:00:00+00:00,2024-11-11 00:00:00+00:00,383852713613.0475,2024-11-11 00:00:00+00:00,2,True,True,True,True
xrp,XRP,2024-11-10 00:00:00+00:00,2024-11-10 00:00:00+00:00,2024-11-11 00:00:00+00:00,58880001003.79199,2024-11-11 00:00:00+00:00,3,True,True,False,True
doge,DOGE,2024-11-10 00:00:00+00:00,2024-11-10 00:00:00+00:00,2024-11-11 00:00:00+00:00,40530415728.21658,2024-11-11 00:00:00+00:00,4,True,True,False,False
ada,ADA,2024-11-10 00:00:00+00:00,2024-11-10 00:00:00+00:00,2024-11-11 00:00:00+00:00,20814859065.754654,2024-11-11 00:00:00+00:00,5,True,True,False,True
link,LINK,2024-11-10 00:00:00+00:00,2024-11-10 00:00:00+00:00,2024-11-11 00:00:00+00:00,14261619737.9766,2024-11-11 00:00:00+00:00,6,True,True,True,True
cro,CRO,2024-11-10 00:00:00+00:00,2024-11-10 00:00:00+00:00,2024-11-11 00:00:00+00:00,12386319536.3832,2024-11-11 00:00:00+00:00,7,False,True,False,False
xlm,XLM,2024-11-10 00:00:00+00:00,2024-11-10 00:00:00+00:00,2024-11-11 00:00:00+00:00,11415834269.307316,2024-11-11 00:00:00+00:00,8,False,True,False,False
uni,UNI,2024-11-10 00:00:00+00:00,2024-11-10 00:00:00+00:00,2024-11-11 00:00:00+00:00,9193609749.44322,2024-11-11 00:00:00+00:00,9,False,True,False,False
bch,BCH,2024-11-10 00:00:00+00:00,2024-11-10 00:00:00+00:00,2024-11-11 00:00:00+00:00,8714899998.744762,2024-11-11 00:00:00+00:00,10,False,True,False,False
xvg,XVG,2024-11-10 00:00:00+00:00,2024-11-10 00:00:00+00:00,2024-11-11 00:00:00+00:00,7026564474.135804,2024-11-11 00:00:00+00:00,11,False,False,False,False
ltc,LTC,2024-11-10 00:00:00+00:00,2024-11-10 00:00:00+00:00,2024-11-11 00:00:00+00:00,5741651251.076399,2024-11-11 00:00:00+00:00,12,False,False,False,True
icp,ICP,2024-11-10 00:00:00+00:00,2024-11-10 00:00:00+00:00,2024-11-11 00:00:00+00:00,4708493985.35167,2024-11-11 00:00:00+00:00,13,False,False,False,False
etc,ETC,2024-11-10 00:00:00+00:00,2024-11-10 00:00:00+00:00,2024-11-11 00:00:00+00:00,3450682154.0700765,2024-11-11 00:00:00+00:00,14,False,False,False,False
avaxc,AVAXC,2024-11-10 00:00:00+00:00,2024-11-10 00:00:00+00:00,2024-11-11 00:00:00+00:00,3323525207.5679317,2024-11-11 00:00:00+00:00,15,False,False,False,False
aave,AAVE,2024-11-10 00:00:00+00:00,2024-11-10 00:00:00+00:00,2024-11-11 00:00:00+00:00,3039638412.10736,2024-11-11 00:00:00+00:00,16,False,False,False,False
xmr,XMR,2024-11-10 00:00:00+00:00,2024-11-10 00:00:00+00:00,2024-11-11 00:00:00+00:00,2922748628.903188,2024-11-11 00:00:00+00:00,17,False,False,False,False
gno,GNO,2024-11-10 00:00:00+00:00,2024-11-10 00:00:00+00:00,2024-11-11 00:00:00+00:00,2645770032.6368,2024-11-11 00:00:00+00:00,18,False,False,False,False
lend,LEND,2024-11-10 00:00:00+00:00,2024-11-10 00:00:00+00:00,2024-11-11 00:00:00+00:00,2469706099.0864244,2024-11-11 00:00:00+00:00,19,False,False,False,False
qnt,QNT,2024-11-10 00:00:00+00:00,2024-11-10 00:00:00+00:00,2024-11-11 00:00:00+00:00,1647043063.2884831,2024-11-11 00:00:00+00:00,20,False,False,False,False
algo,ALGO,2024-11-10 00:00:00+00:00,2024-11-10 00:00:00+00:00,2024-11-11 00:00:00+00:00,1450993628.47189,2024-11-11 00:00:00+00:00,21,False,False,False,False
mkr,MKR,2024-11-10 00:00:00+00:00,2024-11-10 00:00:00+00:00,2024-11-11 00:00:00+00:00,1333962739.897159,2024-11-11 00:00:00+00:00,22,False,False,False,False
ldo,LDO,2024-11-10 00:00:00+00:00,2024-11-10 00:00:00+00:00,2024-11-11 00:00:00+00:00,1289132421.43865,2024-11-11 00:00:00+00:00,23,False,False,False,False
neo,NEO,2024-11-10 00:00:00+00:00,2024-11-10 00:00:00+00:00,2024-11-11 00:00:00+00:00,1145273036.06745,2024-11-11 00:00:00+00:00,24,False,False,False,False
flow,FLOW,2024-11-10 00:00:00+00:00,2024-11-10 00:00:00+00:00,2024-11-11 00:00:00+00:00,930763210.5707393,2024-11-11 00:00:00+00:00,25,False,False,False,False
avaxx,AVAXX,2024-11-10 00:00:00+00:00,2024-11-10 00:00:00+00:00,2024-11-11 00:00:00+00:00,768996952.5606837,2024-11-11 00:00:00+00:00,26,False,False,False,False
mana,MANA,2024-11-10 00:00:00+00:00,2024-11-10 00:00:00+00:00,2024-11-11 00:00:00+00:00,764931102.0048137,2024-11-11 00:00:00+00:00,27,False,False,False,False
zec,ZEC,2024-11-10 00:00:00+00:00,2024-11-10 00:00:00+00:00,2024-11-11 00:00:00+00:00,714197931.063014,2024-11-11 00:00:00+00:00,28,False,False,False,False
xaut,XAUT,2024-11-10 00:00:00+00:00,2024-11-10 00:00:00+00:00,2024-11-11 00:00:00+00:00,661747739.7948217,2024-11-11 00:00:00+00:00,29,False,False,False,False
ftt,FTT,2024-11-10 00:00:00+00:00,2024-11-10 00:00:00+00:00,2024-11-11 00:00:00+00:00,628997490.7738417,2024-11-11 00:00:00+00:00,30,False,False,False,False
btc,BTC,2024-11-17 00:00:00+00:00,2024-11-17 00:00:00+00:00,2024-11-18 00:00:00+00:00,1775241125510.354,2024-11-18 00:00:00+00:00,1,True,True,True,True
eth,ETH,2024-11-17 00:00:00+00:00,2024-11-17 00:00:00+00:00,2024-11-18 00:00:00+00:00,369721912999.7385,2024-11-18 00:00:00+00:00,2,True,True,True,True
xrp,XRP,2024-11-17 00:00:00+00:00,2024-11-17 00:00:00+00:00,2024-11-18 00:00:00+00:00,105912109632.44344,2024-11-18 00:00:00+00:00,3,True,True,False,True
doge,DOGE,2024-11-17 00:00:00+00:00,2024-11-17 00:00:00+00:00,2024-11-18 00:00:00+00:00,53593008472.749985,2024-11-18 00:00:00+00:00,4,True,True,False,False
ada,ADA,2024-11-17 00:00:00+00:00,2024-11-17 00:00:00+00:00,2024-11-18 00:00:00+00:00,24840395372.538025,2024-11-18 00:00:00+00:00,5,True,True,False,True
xlm,XLM,2024-11-17 00:00:00+00:00,2024-11-17 00:00:00+00:00,2024-11-18 00:00:00+00:00,20823156171.55476,2024-11-18 00:00:00+00:00,6,True,True,False,False
cro,CRO,2024-11-17 00:00:00+00:00,2024-11-17 00:00:00+00:00,2024-11-18 00:00:00+00:00,15882599013.049,2024-11-18 00:00:00+00:00,7,False,True,False,False
link,LINK,2024-11-17 00:00:00+00:00,2024-11-17 00:00:00+00:00,2024-11-18 00:00:00+00:00,13742136400.9162,2024-11-18 00:00:00+00:00,8,False,True,True,True
xvg,XVG,2024-11-17 00:00:00+00:00,2024-11-17 00:00:00+00:00,2024-11-18 00:00:00+00:00,10022648411.800165,2024-11-18 00:00:00+00:00,9,False,True,False,False
uni,UNI,2024-11-17 00:00:00+00:00,2024-11-17 00:00:00+00:00,2024-11-18 00:00:00+00:00,8700716414.82312,2024-11-18 00:00:00+00:00,10,False,True,False,False
bch,BCH,2024-11-17 00:00:00+00:00,2024-11-17 00:00:00+00:00,2024-11-18 00:00:00+00:00,8525669819.102489,2024-11-18 00:00:00+00:00,11,False,False,False,False
ltc,LTC,2024-11-17 00:00:00+00:00,2024-11-17 00:00:00+00:00,2024-11-18 00:00:00+00:00,6537663904.787821,2024-11-18 00:00:00+00:00,12,False,False,False,True
icp,ICP,2024-11-17 00:00:00+00:00,2024-11-17 00:00:00+00:00,2024-11-18 00:00:00+00:00,4703494438.75955,2024-11-18 00:00:00+00:00,13,False,False,False,False
etc,ETC,2024-11-17 00:00:00+00:00,2024-11-17 00:00:00+00:00,2024-11-18 00:00:00+00:00,3831842499.907652,2024-11-18 00:00:00+00:00,14,False,False,False,False
avaxc,AVAXC,2024-11-17 00:00:00+00:00,2024-11-17 00:00:00+00:00,2024-11-18 00:00:00+00:00,3587076620.725353,2024-11-18 00:00:00+00:00,15,False,False,False,False
xmr,XMR,2024-11-17 00:00:00+00:00,2024-11-17 00:00:00+00:00,2024-11-18 00:00:00+00:00,2819132223.8100395,2024-11-18 00:00:00+00:00,16,False,False,False,False
aave,AAVE,2024-11-17 00:00:00+00:00,2024-11-17 00:00:00+00:00,2024-11-18 00:00:00+00:00,2582454286.340336,2024-11-18 00:00:00+00:00,17,False,False,False,False
gno,GNO,2024-11-17 00:00:00+00:00,2024-11-17 00:00:00+00:00,2024-11-18 00:00:00+00:00,2527900931.85959,2024-11-18 00:00:00+00:00,18,False,False,False,False
lend,LEND,2024-11-17 00:00:00+00:00,2024-11-17 00:00:00+00:00,2024-11-18 00:00:00+00:00,2098244013.5584583,2024-11-18 00:00:00+00:00,19,False,False,False,False
qnt,QNT,2024-11-17 00:00:00+00:00,2024-11-17 00:00:00+00:00,2024-11-18 00:00:00+00:00,1936141869.5432622,2024-11-18 00:00:00+00:00,20,False,False,False,False
algo,ALGO,2024-11-17 00:00:00+00:00,2024-11-17 00:00:00+00:00,2024-11-18 00:00:00+00:00,1829678372.30198,2024-11-18 00:00:00+00:00,21,False,False,False,False
mkr,MKR,2024-11-17 00:00:00+00:00,2024-11-17 00:00:00+00:00,2024-11-18 00:00:00+00:00,1342345374.0478117,2024-11-18 00:00:00+00:00,22,False,False,False,False
neo,NEO,2024-11-17 00:00:00+00:00,2024-11-17 00:00:00+00:00,2024-11-18 00:00:00+00:00,1201200079.32888,2024-11-18 00:00:00+00:00,23,False,False,False,False
ldo,LDO,2024-11-17 00:00:00+00:00,2024-11-17 00:00:00+00:00,2024-11-18 00:00:00+00:00,1150098181.00855,2024-11-18 00:00:00+00:00,24,False,False,False,False
flow,FLOW,2024-11-17 00:00:00+00:00,2024-11-17 00:00:00+00:00,2024-11-18 00:00:00+00:00,989006931.7373095,2024-11-18 00:00:00+00:00,25,False,False,False,False
mana,MANA,2024-11-17 00:00:00+00:00,2024-11-17 00:00:00+00:00,2024-11-18 00:00:00+00:00,851848040.3613179,2024-11-18 00:00:00+00:00,26,False,False,False,False
avaxx,AVAXX,2024-11-17 00:00:00+00:00,2024-11-17 00:00:00+00:00,2024-11-18 00:00:00+00:00,834495836.4005808,2024-11-18 00:00:00+00:00,27,False,False,False,False
crv,CRV,2024-11-17 00:00:00+00:00,2024-11-17 00:00:00+00:00,2024-11-18 00:00:00+00:00,699759753.7026969,2024-11-18 00:00:00+00:00,28,False,False,False,False
zec,ZEC,2024-11-17 00:00:00+00:00,2024-11-17 00:00:00+00:00,2024-11-18 00:00:00+00:00,695023468.3001006,2024-11-18 00:00:00+00:00,29,False,False,False,False
xaut,XAUT,2024-11-17 00:00:00+00:00,2024-11-17 00:00:00+00:00,2024-11-18 00:00:00+00:00,635003071.0256994,2024-11-18 00:00:00+00:00,30,False,False,False,False
btc,BTC,2024-11-24 00:00:00+00:00,2024-11-24 00:00:00+00:00,2024-11-25 00:00:00+00:00,1938718690784.532,2024-11-25 00:00:00+00:00,1,True,True,True,True
eth,ETH,2024-11-24 00:00:00+00:00,2024-11-24 00:00:00+00:00,2024-11-25 00:00:00+00:00,405117163298.96954,2024-11-25 00:00:00+00:00,2,True,True,True,True
xrp,XRP,2024-11-24 00:00:00+00:00,2024-11-24 00:00:00+00:00,2024-11-25 00:00:00+00:00,143706748538.00568,2024-11-25 00:00:00+00:00,3,True,True,False,True
doge,DOGE,2024-11-24 00:00:00+00:00,2024-11-24 00:00:00+00:00,2024-11-25 00:00:00+00:00,63314538184.09005,2024-11-25 00:00:00+00:00,4,True,True,False,False
xlm,XLM,2024-11-24 00:00:00+00:00,2024-11-24 00:00:00+00:00,2024-11-25 00:00:00+00:00,57158444945.18021,2024-11-25 00:00:00+00:00,5,True,True,False,False
ada,ADA,2024-11-24 00:00:00+00:00,2024-11-24 00:00:00+00:00,2024-11-25 00:00:00+00:00,36317494991.20348,2024-11-25 00:00:00+00:00,6,True,True,False,True
cro,CRO,2024-11-24 00:00:00+00:00,2024-11-24 00:00:00+00:00,2024-11-25 00:00:00+00:00,19197719098.9347,2024-11-25 00:00:00+00:00,7,False,True,False,False
link,LINK,2024-11-24 00:00:00+00:00,2024-11-24 00:00:00+00:00,2024-11-25 00:00:00+00:00,17994115992.215,2024-11-25 00:00:00+00:00,8,False,True,True,True
xvg,XVG,2024-11-24 00:00:00+00:00,2024-11-24 00:00:00+00:00,2024-11-25 00:00:00+00:00,12004508937.76222,2024-11-25 00:00:00+00:00,9,False,True,False,False
uni,UNI,2024-11-24 00:00:00+00:00,2024-11-24 00:00:00+00:00,2024-11-25 00:00:00+00:00,10904385931.1064,2024-11-25 00:00:00+00:00,10,False,True,False,False
bch,BCH,2024-11-24 00:00:00+00:00,2024-11-24 00:00:00+00:00,2024-11-25 00:00:00+00:00,10204641124.690706,2024-11-25 00:00:00+00:00,11,False,False,False,False
ltc,LTC,2024-11-24 00:00:00+00:00,2024-11-24 00:00:00+00:00,2024-11-25 00:00:00+00:00,7309024696.668623,2024-11-25 00:00:00+00:00,12,False,False,False,True
icp,ICP,2024-11-24 00:00:00+00:00,2024-11-24 00:00:00+00:00,2024-11-25 00:00:00+00:00,6139919091.512117,2024-11-25 00:00:00+00:00,13,False,False,False,False
avaxc,AVAXC,2024-11-24 00:00:00+00:00,2024-11-24 00:00:00+00:00,2024-11-25 00:00:00+00:00,4372948986.107663,2024-11-25 00:00:00+00:00,14,False,False,False,False
etc,ETC,2024-11-24 00:00:00+00:00,2024-11-24 00:00:00+00:00,2024-11-25 00:00:00+00:00,4330765653.829302,2024-11-25 00:00:00+00:00,15,False,False,False,False
xmr,XMR,2024-11-24 00:00:00+00:00,2024-11-24 00:00:00+00:00,2024-11-25 00:00:00+00:00,2929882212.333138,2024-11-25 00:00:00+00:00,16,False,False,False,False
algo,ALGO,2024-11-24 00:00:00+00:00,2024-11-24 00:00:00+00:00,2024-11-25 00:00:00+00:00,2852174143.486,2024-11-25 00:00:00+00:00,17,False,False,False,False
aave,AAVE,2024-11-24 00:00:00+00:00,2024-11-24 00:00:00+00:00,2024-11-25 00:00:00+00:00,2742508620.394624,2024-11-25 00:00:00+00:00,18,False,False,False,False
gno,GNO,2024-11-24 00:00:00+00:00,2024-11-24 00:00:00+00:00,2024-11-25 00:00:00+00:00,2701647391.02109,2024-11-25 00:00:00+00:00,19,False,False,False,False
qnt,QNT,2024-11-24 00:00:00+00:00,2024-11-24 00:00:00+00:00,2024-11-25 00:00:00+00:00,2379628341.745263,2024-11-25 00:00:00+00:00,20,False,False,False,False
lend,LEND,2024-11-24 00:00:00+00:00,2024-11-24 00:00:00+00:00,2024-11-25 00:00:00+00:00,2228288154.1459045,2024-11-25 00:00:00+00:00,21,False,False,False,False
mkr,MKR,2024-11-24 00:00:00+00:00,2024-11-24 00:00:00+00:00,2024-11-25 00:00:00+00:00,1592435405.7278962,2024-11-25 00:00:00+00:00,22,False,False,False,False
mana,MANA,2024-11-24 00:00:00+00:00,2024-11-24 00:00:00+00:00,2024-11-25 00:00:00+00:00,1584976599.704072,2024-11-25 00:00:00+00:00,23,False,False,False,False
neo,NEO,2024-11-24 00:00:00+00:00,2024-11-24 00:00:00+00:00,2024-11-25 00:00:00+00:00,1532394402.15058,2024-11-25 00:00:00+00:00,24,False,False,False,False
flow,FLOW,2024-11-24 00:00:00+00:00,2024-11-24 00:00:00+00:00,2024-11-25 00:00:00+00:00,1467793458.6689417,2024-11-25 00:00:00+00:00,25,False,False,False,False
ldo,LDO,2024-11-24 00:00:00+00:00,2024-11-24 00:00:00+00:00,2024-11-25 00:00:00+00:00,1464741260.25761,2024-11-25 00:00:00+00:00,26,False,False,False,False
crv,CRV,2024-11-24 00:00:00+00:00,2024-11-24 00:00:00+00:00,2024-11-25 00:00:00+00:00,1118987971.4849093,2024-11-25 00:00:00+00:00,27,False,False,False,False
avaxx,AVAXX,2024-11-24 00:00:00+00:00,2024-11-24 00:00:00+00:00,2024-11-25 00:00:00+00:00,1068769983.7465507,2024-11-25 00:00:00+00:00,28,False,False,False,False
zec,ZEC,2024-11-24 00:00:00+00:00,2024-11-24 00:00:00+00:00,2024-11-25 00:00:00+00:00,826076066.413973,2024-11-25 00:00:00+00:00,29,False,False,False,False
ftt,FTT,2024-11-24 00:00:00+00:00,2024-11-24 00:00:00+00:00,2024-11-25 00:00:00+00:00,812106071.3852087,2024-11-25 00:00:00+00:00,30,False,False,False,False
btc,BTC,2024-12-01 00:00:00+00:00,2024-12-01 00:00:00+00:00,2024-12-02 00:00:00+00:00,1928927963341.3203,2024-12-02 00:00:00+00:00,1,True,True,True,True
eth,ETH,2024-12-01 00:00:00+00:00,2024-12-01 00:00:00+00:00,2024-12-02 00:00:00+00:00,447568370464.177,2024-12-02 00:00:00+00:00,2,True,True,True,True
xrp,XRP,2024-12-01 00:00:00+00:00,2024-12-01 00:00:00+00:00,2024-12-02 00:00:00+00:00,225367259230.66473,2024-12-02 00:00:00+00:00,3,True,True,False,True
doge,DOGE,2024-12-01 00:00:00+00:00,2024-12-01 00:00:00+00:00,2024-12-02 00:00:00+00:00,65063726795.12984,2024-12-02 00:00:00+00:00,4,True,True,False,False
xlm,XLM,2024-12-01 00:00:00+00:00,2024-12-01 00:00:00+00:00,2024-12-02 00:00:00+00:00,58198918752.801865,2024-12-02 00:00:00+00:00,5,True,True,False,False
ada,ADA,2024-12-01 00:00:00+00:00,2024-12-01 00:00:00+00:00,2024-12-02 00:00:00+00:00,40679104473.50001,2024-12-02 00:00:00+00:00,6,True,True,False,True
cro,CRO,2024-12-01 00:00:00+00:00,2024-12-01 00:00:00+00:00,2024-12-02 00:00:00+00:00,19189845618.2157,2024-12-02 00:00:00+00:00,7,False,True,False,False
link,LINK,2024-12-01 00:00:00+00:00,2024-12-01 00:00:00+00:00,2024-12-02 00:00:00+00:00,18947863636.248,2024-12-02 00:00:00+00:00,8,False,True,True,True
uni,UNI,2024-12-01 00:00:00+00:00,2024-12-01 00:00:00+00:00,2024-12-02 00:00:00+00:00,13094801121.9478,2024-12-02 00:00:00+00:00,9,False,True,False,False
xvg,XVG,2024-12-01 00:00:00+00:00,2024-12-01 00:00:00+00:00,2024-12-02 00:00:00+00:00,11831146175.697294,2024-12-02 00:00:00+00:00,10,False,True,False,False
bch,BCH,2024-12-01 00:00:00+00:00,2024-12-01 00:00:00+00:00,2024-12-02 00:00:00+00:00,10534012613.872103,2024-12-02 00:00:00+00:00,11,False,False,False,False
ltc,LTC,2024-12-01 00:00:00+00:00,2024-12-01 00:00:00+00:00,2024-12-02 00:00:00+00:00,9012256445.269846,2024-12-02 00:00:00+00:00,12,False,False,False,True
icp,ICP,2024-12-01 00:00:00+00:00,2024-12-01 00:00:00+00:00,2024-12-02 00:00:00+00:00,6758712016.7688055,2024-12-02 00:00:00+00:00,13,False,False,False,False
etc,ETC,2024-12-01 00:00:00+00:00,2024-12-01 00:00:00+00:00,2024-12-02 00:00:00+00:00,4983399728.840683,2024-12-02 00:00:00+00:00,14,False,False,False,False
algo,ALGO,2024-12-01 00:00:00+00:00,2024-12-01 00:00:00+00:00,2024-12-02 00:00:00+00:00,4920815359.211,2024-12-02 00:00:00+00:00,15,False,False,False,False
avaxc,AVAXC,2024-12-01 00:00:00+00:00,2024-12-01 00:00:00+00:00,2024-12-02 00:00:00+00:00,4726767413.153927,2024-12-02 00:00:00+00:00,16,False,False,False,False
aave,AAVE,2024-12-01 00:00:00+00:00,2024-12-01 00:00:00+00:00,2024-12-02 00:00:00+00:00,3352717274.547408,2024-12-02 00:00:00+00:00,17,False,False,False,False
xmr,XMR,2024-12-01 00:00:00+00:00,2024-12-01 00:00:00+00:00,2024-12-02 00:00:00+00:00,2932841504.880567,2024-12-02 00:00:00+00:00,18,False,False,False,False
gno,GNO,2024-12-01 00:00:00+00:00,2024-12-01 00:00:00+00:00,2024-12-02 00:00:00+00:00,2814504860.94183,2024-12-02 00:00:00+00:00,19,False,False,False,False
lend,LEND,2024-12-01 00:00:00+00:00,2024-12-01 00:00:00+00:00,2024-12-02 00:00:00+00:00,2724082663.411772,2024-12-02 00:00:00+00:00,20,False,False,False,False
qnt,QNT,2024-12-01 00:00:00+00:00,2024-12-01 00:00:00+00:00,2024-12-02 00:00:00+00:00,2693921544.9410124,2024-12-02 00:00:00+00:00,21,False,False,False,False
ldo,LDO,2024-12-01 00:00:00+00:00,2024-12-01 00:00:00+00:00,2024-12-02 00:00:00+00:00,1823381334.91656,2024-12-02 00:00:00+00:00,22,False,False,False,False
mkr,MKR,2024-12-01 00:00:00+00:00,2024-12-01 00:00:00+00:00,2024-12-02 00:00:00+00:00,1685175385.3365903,2024-12-02 00:00:00+00:00,23,False,False,False,False
neo,NEO,2024-12-01 00:00:00+00:00,2024-12-01 00:00:00+00:00,2024-12-02 00:00:00+00:00,1641593254.16594,2024-12-02 00:00:00+00:00,24,False,False,False,False
flow,FLOW,2024-12-01 00:00:00+00:00,2024-12-01 00:00:00+00:00,2024-12-02 00:00:00+00:00,1583374880.3791323,2024-12-02 00:00:00+00:00,25,False,False,False,False
crv,CRV,2024-12-01 00:00:00+00:00,2024-12-01 00:00:00+00:00,2024-12-02 00:00:00+00:00,1479637068.0119293,2024-12-02 00:00:00+00:00,26,False,False,False,False
mana,MANA,2024-12-01 00:00:00+00:00,2024-12-01 00:00:00+00:00,2024-12-02 00:00:00+00:00,1434022260.5280929,2024-12-02 00:00:00+00:00,27,False,False,False,False
avaxx,AVAXX,2024-12-01 00:00:00+00:00,2024-12-01 00:00:00+00:00,2024-12-02 00:00:00+00:00,1153765126.620193,2024-12-02 00:00:00+00:00,28,False,False,False,False
zec,ZEC,2024-12-01 00:00:00+00:00,2024-12-01 00:00:00+00:00,2024-12-02 00:00:00+00:00,942560690.3528672,2024-12-02 00:00:00+00:00,29,False,False,False,False
snx,SNX,2024-12-01 00:00:00+00:00,2024-12-01 00:00:00+00:00,2024-12-02 00:00:00+00:00,837146740.9578714,2024-12-02 00:00:00+00:00,30,False,False,False,False
btc,BTC,2024-12-08 00:00:00+00:00,2024-12-08 00:00:00+00:00,2024-12-09 00:00:00+00:00,1995134647453.3623,2024-12-09 00:00:00+00:00,1,True,True,True,True
eth,ETH,2024-12-08 00:00:00+00:00,2024-12-08 00:00:00+00:00,2024-12-09 00:00:00+00:00,481973081589.45374,2024-12-09 00:00:00+00:00,2,True,True,True,True
xrp,XRP,2024-12-08 00:00:00+00:00,2024-12-08 00:00:00+00:00,2024-12-09 00:00:00+00:00,260651526635.0737,2024-12-09 00:00:00+00:00,3,True,True,False,True
doge,DOGE,2024-12-08 00:00:00+00:00,2024-12-08 00:00:00+00:00,2024-12-09 00:00:00+00:00,68473235555.81878,2024-12-09 00:00:00+00:00,4,True,True,False,False
xlm,XLM,2024-12-08 00:00:00+00:00,2024-12-08 00:00:00+00:00,2024-12-09 00:00:00+00:00,51982856615.22888,2024-12-09 00:00:00+00:00,5,True,True,False,False
ada,ADA,2024-12-08 00:00:00+00:00,2024-12-08 00:00:00+00:00,2024-12-09 00:00:00+00:00,42263897847.655205,2024-12-09 00:00:00+00:00,6,True,True,False,True
link,LINK,2024-12-08 00:00:00+00:00,2024-12-08 00:00:00+00:00,2024-12-09 00:00:00+00:00,26164086425.4088,2024-12-09 00:00:00+00:00,7,False,True,True,True
xvg,XVG,2024-12-08 00:00:00+00:00,2024-12-08 00:00:00+00:00,2024-12-09 00:00:00+00:00,25330801421.238018,2024-12-09 00:00:00+00:00,8,False,True,False,False
cro,CRO,2024-12-08 00:00:00+00:00,2024-12-08 00:00:00+00:00,2024-12-09 00:00:00+00:00,20036501258.0989,2024-12-09 00:00:00+00:00,9,False,True,False,False
uni,UNI,2024-12-08 00:00:00+00:00,2024-12-08 00:00:00+00:00,2024-12-09 00:00:00+00:00,18684059136.95,2024-12-09 00:00:00+00:00,10,False,True,False,False
bch,BCH,2024-12-08 00:00:00+00:00,2024-12-08 00:00:00+00:00,2024-12-09 00:00:00+00:00,12294284228.131393,2024-12-09 00:00:00+00:00,11,False,False,False,False
ltc,LTC,2024-12-08 00:00:00+00:00,2024-12-08 00:00:00+00:00,2024-12-09 00:00:00+00:00,10150632978.064327,2024-12-09 00:00:00+00:00,12,False,False,False,True
icp,ICP,2024-12-08 00:00:00+00:00,2024-12-08 00:00:00+00:00,2024-12-09 00:00:00+00:00,7677043426.903689,2024-12-09 00:00:00+00:00,13,False,False,False,False
avaxc,AVAXC,2024-12-08 00:00:00+00:00,2024-12-08 00:00:00+00:00,2024-12-09 00:00:00+00:00,5597390583.232346,2024-12-09 00:00:00+00:00,14,False,False,False,False
etc,ETC,2024-12-08 00:00:00+00:00,2024-12-08 00:00:00+00:00,2024-12-09 00:00:00+00:00,5552639232.997192,2024-12-09 00:00:00+00:00,15,False,False,False,False
algo,ALGO,2024-12-08 00:00:00+00:00,2024-12-08 00:00:00+00:00,2024-12-09 00:00:00+00:00,4971428621.77422,2024-12-09 00:00:00+00:00,16,False,False,False,False
aave,AAVE,2024-12-08 00:00:00+00:00,2024-12-08 00:00:00+00:00,2024-12-09 00:00:00+00:00,4531067786.110256,2024-12-09 00:00:00+00:00,17,False,False,False,False
xmr,XMR,2024-12-08 00:00:00+00:00,2024-12-08 00:00:00+00:00,2024-12-09 00:00:00+00:00,4007090907.9818587,2024-12-09 00:00:00+00:00,18,False,False,False,False
qnt,QNT,2024-12-08 00:00:00+00:00,2024-12-08 00:00:00+00:00,2024-12-09 00:00:00+00:00,3921230950.3833966,2024-12-09 00:00:00+00:00,19,False,False,False,False
lend,LEND,2024-12-08 00:00:00+00:00,2024-12-08 00:00:00+00:00,2024-12-09 00:00:00+00:00,3681492411.122772,2024-12-09 00:00:00+00:00,20,False,False,False,False
gno,GNO,2024-12-08 00:00:00+00:00,2024-12-08 00:00:00+00:00,2024-12-09 00:00:00+00:00,3006982132.62142,2024-12-09 00:00:00+00:00,21,False,False,False,False
crv,CRV,2024-12-08 00:00:00+00:00,2024-12-08 00:00:00+00:00,2024-12-09 00:00:00+00:00,2663368747.448741,2024-12-09 00:00:00+00:00,22,False,False,False,False
ldo,LDO,2024-12-08 00:00:00+00:00,2024-12-08 00:00:00+00:00,2024-12-09 00:00:00+00:00,2162700844.04777,2024-12-09 00:00:00+00:00,23,False,False,False,False
neo,NEO,2024-12-08 00:00:00+00:00,2024-12-08 00:00:00+00:00,2024-12-09 00:00:00+00:00,2123251261.42786,2024-12-09 00:00:00+00:00,24,False,False,False,False
mkr,MKR,2024-12-08 00:00:00+00:00,2024-12-08 00:00:00+00:00,2024-12-09 00:00:00+00:00,2025395514.8781137,2024-12-09 00:00:00+00:00,25,False,False,False,False
flow,FLOW,2024-12-08 00:00:00+00:00,2024-12-08 00:00:00+00:00,2024-12-09 00:00:00+00:00,1801671830.3110914,2024-12-09 00:00:00+00:00,26,False,False,False,False
mana,MANA,2024-12-08 00:00:00+00:00,2024-12-08 00:00:00+00:00,2024-12-09 00:00:00+00:00,1626246014.0106304,2024-12-09 00:00:00+00:00,27,False,False,False,False
avaxx,AVAXX,2024-12-08 00:00:00+00:00,2024-12-08 00:00:00+00:00,2024-12-09 00:00:00+00:00,1369518876.5537145,2024-12-09 00:00:00+00:00,28,False,False,False,False
comp,COMP,2024-12-08 00:00:00+00:00,2024-12-08 00:00:00+00:00,2024-12-09 00:00:00+00:00,1185740314.28878,2024-12-09 00:00:00+00:00,29,False,False,False,False
zec,ZEC,2024-12-08 00:00:00+00:00,2024-12-08 00:00:00+00:00,2024-12-09 00:00:00+00:00,1173356498.0698218,2024-12-09 00:00:00+00:00,30,False,False,False,False
btc,BTC,2024-12-15 00:00:00+00:00,2024-12-15 00:00:00+00:00,2024-12-16 00:00:00+00:00,2069758175682.2083,2024-12-16 00:00:00+00:00,1,True,True,True,True
eth,ETH,2024-12-15 00:00:00+00:00,2024-12-15 00:00:00+00:00,2024-12-16 00:00:00+00:00,475491607016.499,2024-12-16 00:00:00+00:00,2,True,True,True,True
xrp,XRP,2024-12-15 00:00:00+00:00,2024-12-15 00:00:00+00:00,2024-12-16 00:00:00+00:00,244396695713.17435,2024-12-16 00:00:00+00:00,3,True,True,False,True
doge,DOGE,2024-12-15 00:00:00+00:00,2024-12-15 00:00:00+00:00,2024-12-16 00:00:00+00:00,59913600197.46285,2024-12-16 00:00:00+00:00,4,True,True,False,False
xlm,XLM,2024-12-15 00:00:00+00:00,2024-12-15 00:00:00+00:00,2024-12-16 00:00:00+00:00,45369636255.82565,2024-12-16 00:00:00+00:00,5,True,True,False,False
ada,ADA,2024-12-15 00:00:00+00:00,2024-12-15 00:00:00+00:00,2024-12-16 00:00:00+00:00,39027168610.32615,2024-12-16 00:00:00+00:00,6,True,True,False,True
link,LINK,2024-12-15 00:00:00+00:00,2024-12-15 00:00:00+00:00,2024-12-16 00:00:00+00:00,29334695691.7068,2024-12-16 00:00:00+00:00,7,False,True,True,True
xvg,XVG,2024-12-15 00:00:00+00:00,2024-12-15 00:00:00+00:00,2024-12-16 00:00:00+00:00,24704126225.425938,2024-12-16 00:00:00+00:00,8,False,True,False,False
cro,CRO,2024-12-15 00:00:00+00:00,2024-12-15 00:00:00+00:00,2024-12-16 00:00:00+00:00,17984357422.1431,2024-12-16 00:00:00+00:00,9,False,True,False,False
uni,UNI,2024-12-15 00:00:00+00:00,2024-12-15 00:00:00+00:00,2024-12-16 00:00:00+00:00,17046967178.6044,2024-12-16 00:00:00+00:00,10,False,True,False,False
bch,BCH,2024-12-15 00:00:00+00:00,2024-12-15 00:00:00+00:00,2024-12-16 00:00:00+00:00,10812762015.825272,2024-12-16 00:00:00+00:00,11,False,False,False,False
ltc,LTC,2024-12-15 00:00:00+00:00,2024-12-15 00:00:00+00:00,2024-12-16 00:00:00+00:00,9111361322.625116,2024-12-16 00:00:00+00:00,12,False,False,False,True
icp,ICP,2024-12-15 00:00:00+00:00,2024-12-15 00:00:00+00:00,2024-12-16 00:00:00+00:00,6918641396.677405,2024-12-16 00:00:00+00:00,13,False,False,False,False
aave,AAVE,2024-12-15 00:00:00+00:00,2024-12-15 00:00:00+00:00,2024-12-16 00:00:00+00:00,5919556480.806192,2024-12-16 00:00:00+00:00,14,False,False,False,False
avaxc,AVAXC,2024-12-15 00:00:00+00:00,2024-12-15 00:00:00+00:00,2024-12-16 00:00:00+00:00,5298962113.121099,2024-12-16 00:00:00+00:00,15,False,False,False,False
etc,ETC,2024-12-15 00:00:00+00:00,2024-12-15 00:00:00+00:00,2024-12-16 00:00:00+00:00,5042952010.70492,2024-12-16 00:00:00+00:00,16,False,False,False,False
lend,LEND,2024-12-15 00:00:00+00:00,2024-12-15 00:00:00+00:00,2024-12-16 00:00:00+00:00,4809639424.972913,2024-12-16 00:00:00+00:00,17,False,False,False,False
algo,ALGO,2024-12-15 00:00:00+00:00,2024-12-15 00:00:00+00:00,2024-12-16 00:00:00+00:00,4307543119.13657,2024-12-16 00:00:00+00:00,18,False,False,False,False
xmr,XMR,2024-12-15 00:00:00+00:00,2024-12-15 00:00:00+00:00,2024-12-16 00:00:00+00:00,3975958016.5158076,2024-12-16 00:00:00+00:00,19,False,False,False,False
qnt,QNT,2024-12-15 00:00:00+00:00,2024-12-15 00:00:00+00:00,2024-12-16 00:00:00+00:00,3428842187.2321606,2024-12-16 00:00:00+00:00,20,False,False,False,False
gno,GNO,2024-12-15 00:00:00+00:00,2024-12-15 00:00:00+00:00,2024-12-16 00:00:00+00:00,3005047112.03927,2024-12-16 00:00:00+00:00,21,False,False,False,False
crv,CRV,2024-12-15 00:00:00+00:00,2024-12-15 00:00:00+00:00,2024-12-16 00:00:00+00:00,2487312778.0461993,2024-12-16 00:00:00+00:00,22,False,False,False,False
ldo,LDO,2024-12-15 00:00:00+00:00,2024-12-15 00:00:00+00:00,2024-12-16 00:00:00+00:00,2391435090.10976,2024-12-16 00:00:00+00:00,23,False,False,False,False
mkr,MKR,2024-12-15 00:00:00+00:00,2024-12-15 00:00:00+00:00,2024-12-16 00:00:00+00:00,1860042217.784819,2024-12-16 00:00:00+00:00,24,False,False,False,False
neo,NEO,2024-12-15 00:00:00+00:00,2024-12-15 00:00:00+00:00,2024-12-16 00:00:00+00:00,1840891996.24299,2024-12-16 00:00:00+00:00,25,False,False,False,False
flow,FLOW,2024-12-15 00:00:00+00:00,2024-12-15 00:00:00+00:00,2024-12-16 00:00:00+00:00,1480452186.5709379,2024-12-16 00:00:00+00:00,26,False,False,False,False
mana,MANA,2024-12-15 00:00:00+00:00,2024-12-15 00:00:00+00:00,2024-12-16 00:00:00+00:00,1382241195.224663,2024-12-16 00:00:00+00:00,27,False,False,False,False
avaxx,AVAXX,2024-12-15 00:00:00+00:00,2024-12-15 00:00:00+00:00,2024-12-16 00:00:00+00:00,1285690865.5408735,2024-12-16 00:00:00+00:00,28,False,False,False,False
comp,COMP,2024-12-15 00:00:00+00:00,2024-12-15 00:00:00+00:00,2024-12-16 00:00:00+00:00,1091332192.24868,2024-12-16 00:00:00+00:00,29,False,False,False,False
snx,SNX,2024-12-15 00:00:00+00:00,2024-12-15 00:00:00+00:00,2024-12-16 00:00:00+00:00,1010684575.9332798,2024-12-16 00:00:00+00:00,30,False,False,False,False
btc,BTC,2024-12-22 00:00:00+00:00,2024-12-22 00:00:00+00:00,2024-12-23 00:00:00+00:00,1883930144105.8354,2024-12-23 00:00:00+00:00,1,True,True,True,True
eth,ETH,2024-12-22 00:00:00+00:00,2024-12-22 00:00:00+00:00,2024-12-23 00:00:00+00:00,394894186314.84265,2024-12-23 00:00:00+00:00,2,True,True,True,True
xrp,XRP,2024-12-22 00:00:00+00:00,2024-12-22 00:00:00+00:00,2024-12-23 00:00:00+00:00,220152372221.1503,2024-12-23 00:00:00+00:00,3,True,True,False,True
doge,DOGE,2024-12-22 00:00:00+00:00,2024-12-22 00:00:00+00:00,2024-12-23 00:00:00+00:00,46012264405.65466,2024-12-23 00:00:00+00:00,4,True,True,False,False
xlm,XLM,2024-12-22 00:00:00+00:00,2024-12-22 00:00:00+00:00,2024-12-23 00:00:00+00:00,37556912007.9477,2024-12-23 00:00:00+00:00,5,True,True,False,False
ada,ADA,2024-12-22 00:00:00+00:00,2024-12-22 00:00:00+00:00,2024-12-23 00:00:00+00:00,31314461629.158142,2024-12-23 00:00:00+00:00,6,True,True,False,True
link,LINK,2024-12-22 00:00:00+00:00,2024-12-22 00:00:00+00:00,2024-12-23 00:00:00+00:00,22068405631.1054,2024-12-23 00:00:00+00:00,7,False,True,True,True
xvg,XVG,2024-12-22 00:00:00+00:00,2024-12-22 00:00:00+00:00,2024-12-23 00:00:00+00:00,21997727772.81401,2024-12-23 00:00:00+00:00,8,False,True,False,False
cro,CRO,2024-12-22 00:00:00+00:00,2024-12-22 00:00:00+00:00,2024-12-23 00:00:00+00:00,15399787284.6373,2024-12-23 00:00:00+00:00,9,False,True,False,False
uni,UNI,2024-12-22 00:00:00+00:00,2024-12-22 00:00:00+00:00,2024-12-23 00:00:00+00:00,13880684884.4889,2024-12-23 00:00:00+00:00,10,False,True,False,False
bch,BCH,2024-12-22 00:00:00+00:00,2024-12-22 00:00:00+00:00,2024-12-23 00:00:00+00:00,8819216954.81955,2024-12-23 00:00:00+00:00,11,False,False,False,False
ltc,LTC,2024-12-22 00:00:00+00:00,2024-12-22 00:00:00+00:00,2024-12-23 00:00:00+00:00,7502550083.612064,2024-12-23 00:00:00+00:00,12,False,False,False,True
icp,ICP,2024-12-22 00:00:00+00:00,2024-12-22 00:00:00+00:00,2024-12-23 00:00:00+00:00,5240629551.076968,2024-12-23 00:00:00+00:00,13,False,False,False,False
aave,AAVE,2024-12-22 00:00:00+00:00,2024-12-22 00:00:00+00:00,2024-12-23 00:00:00+00:00,5088451418.041712,2024-12-23 00:00:00+00:00,14,False,False,False,False
lend,LEND,2024-12-22 00:00:00+00:00,2024-12-22 00:00:00+00:00,2024-12-23 00:00:00+00:00,4134366591.758518,2024-12-23 00:00:00+00:00,15,False,False,False,False
avaxc,AVAXC,2024-12-22 00:00:00+00:00,2024-12-22 00:00:00+00:00,2024-12-23 00:00:00+00:00,3992049755.459349,2024-12-23 00:00:00+00:00,16,False,False,False,False
etc,ETC,2024-12-22 00:00:00+00:00,2024-12-22 00:00:00+00:00,2024-12-23 00:00:00+00:00,3900626927.656467,2024-12-23 00:00:00+00:00,17,False,False,False,False
algo,ALGO,2024-12-22 00:00:00+00:00,2024-12-22 00:00:00+00:00,2024-12-23 00:00:00+00:00,3486310555.63286,2024-12-23 00:00:00+00:00,18,False,False,False,False
xmr,XMR,2024-12-22 00:00:00+00:00,2024-12-22 00:00:00+00:00,2024-12-23 00:00:00+00:00,3440343782.4557977,2024-12-23 00:00:00+00:00,19,False,False,False,False
gno,GNO,2024-12-22 00:00:00+00:00,2024-12-22 00:00:00+00:00,2024-12-23 00:00:00+00:00,2580152766.59106,2024-12-23 00:00:00+00:00,20,False,False,False,False
qnt,QNT,2024-12-22 00:00:00+00:00,2024-12-22 00:00:00+00:00,2024-12-23 00:00:00+00:00,2564754923.567295,2024-12-23 00:00:00+00:00,21,False,False,False,False
crv,CRV,2024-12-22 00:00:00+00:00,2024-12-22 00:00:00+00:00,2024-12-23 00:00:00+00:00,1806746556.56365,2024-12-23 00:00:00+00:00,22,False,False,False,False
ldo,LDO,2024-12-22 00:00:00+00:00,2024-12-22 00:00:00+00:00,2024-12-23 00:00:00+00:00,1722964923.54544,2024-12-23 00:00:00+00:00,23,False,False,False,False
mkr,MKR,2024-12-22 00:00:00+00:00,2024-12-22 00:00:00+00:00,2024-12-23 00:00:00+00:00,1454649144.4596584,2024-12-23 00:00:00+00:00,24,False,False,False,False
neo,NEO,2024-12-22 00:00:00+00:00,2024-12-22 00:00:00+00:00,2024-12-23 00:00:00+00:00,1397784739.98828,2024-12-23 00:00:00+00:00,25,False,False,False,False
flow,FLOW,2024-12-22 00:00:00+00:00,2024-12-22 00:00:00+00:00,2024-12-23 00:00:00+00:00,1118831713.052919,2024-12-23 00:00:00+00:00,26,False,False,False,False
mana,MANA,2024-12-22 00:00:00+00:00,2024-12-22 00:00:00+00:00,2024-12-23 00:00:00+00:00,1039799614.5757873,2024-12-23 00:00:00+00:00,27,False,False,False,False
ftt,FTT,2024-12-22 00:00:00+00:00,2024-12-22 00:00:00+00:00,2024-12-23 00:00:00+00:00,968364698.297475,2024-12-23 00:00:00+00:00,28,False,False,False,False
avaxx,AVAXX,2024-12-22 00:00:00+00:00,2024-12-22 00:00:00+00:00,2024-12-23 00:00:00+00:00,934046197.9696923,2024-12-23 00:00:00+00:00,29,False,False,False,False
zec,ZEC,2024-12-22 00:00:00+00:00,2024-12-22 00:00:00+00:00,2024-12-23 00:00:00+00:00,912428601.116713,2024-12-23 00:00:00+00:00,30,False,False,False,False
btc,BTC,2024-12-29 00:00:00+00:00,2024-12-29 00:00:00+00:00,2024-12-30 00:00:00+00:00,1850733848828.89,2024-12-30 00:00:00+00:00,1,True,True,True,True
eth,ETH,2024-12-29 00:00:00+00:00,2024-12-29 00:00:00+00:00,2024-12-30 00:00:00+00:00,403199812594.48224,2024-12-30 00:00:00+00:00,2,True,True,True,True
xrp,XRP,2024-12-29 00:00:00+00:00,2024-12-29 00:00:00+00:00,2024-12-30 00:00:00+00:00,208942865734.81982,2024-12-30 00:00:00+00:00,3,True,True,False,True
doge,DOGE,2024-12-29 00:00:00+00:00,2024-12-29 00:00:00+00:00,2024-12-30 00:00:00+00:00,46266116406.699585,2024-12-30 00:00:00+00:00,4,True,True,False,False
xlm,XLM,2024-12-29 00:00:00+00:00,2024-12-29 00:00:00+00:00,2024-12-30 00:00:00+00:00,35540545053.07743,2024-12-30 00:00:00+00:00,5,True,True,False,False
ada,ADA,2024-12-29 00:00:00+00:00,2024-12-29 00:00:00+00:00,2024-12-30 00:00:00+00:00,30367540792.687935,2024-12-30 00:00:00+00:00,6,True,True,False,True
xvg,XVG,2024-12-29 00:00:00+00:00,2024-12-29 00:00:00+00:00,2024-12-30 00:00:00+00:00,22543334704.058414,2024-12-30 00:00:00+00:00,7,False,True,False,False
link,LINK,2024-12-29 00:00:00+00:00,2024-12-29 00:00:00+00:00,2024-12-30 00:00:00+00:00,20893025684.6738,2024-12-30 00:00:00+00:00,8,False,True,True,True
cro,CRO,2024-12-29 00:00:00+00:00,2024-12-29 00:00:00+00:00,2024-12-30 00:00:00+00:00,14423435194.106,2024-12-30 00:00:00+00:00,9,False,True,False,False
uni,UNI,2024-12-29 00:00:00+00:00,2024-12-29 00:00:00+00:00,2024-12-30 00:00:00+00:00,12965170948.2157,2024-12-30 00:00:00+00:00,10,False,True,False,False
bch,BCH,2024-12-29 00:00:00+00:00,2024-12-29 00:00:00+00:00,2024-12-30 00:00:00+00:00,8665399271.598415,2024-12-30 00:00:00+00:00,11,False,False,False,False
ltc,LTC,2024-12-29 00:00:00+00:00,2024-12-29 00:00:00+00:00,2024-12-30 00:00:00+00:00,7386377152.802598,2024-12-30 00:00:00+00:00,12,False,False,False,True
icp,ICP,2024-12-29 00:00:00+00:00,2024-12-29 00:00:00+00:00,2024-12-30 00:00:00+00:00,5345342636.750983,2024-12-30 00:00:00+00:00,13,False,False,False,False
aave,AAVE,2024-12-29 00:00:00+00:00,2024-12-29 00:00:00+00:00,2024-12-30 00:00:00+00:00,5285544658.641984,2024-12-30 00:00:00+00:00,14,False,False,False,False
lend,LEND,2024-12-29 00:00:00+00:00,2024-12-29 00:00:00+00:00,2024-12-30 00:00:00+00:00,4294504842.5650444,2024-12-30 00:00:00+00:00,15,False,False,False,False
avaxc,AVAXC,2024-12-29 00:00:00+00:00,2024-12-29 00:00:00+00:00,2024-12-30 00:00:00+00:00,3947821972.4085197,2024-12-30 00:00:00+00:00,16,False,False,False,False
etc,ETC,2024-12-29 00:00:00+00:00,2024-12-29 00:00:00+00:00,2024-12-30 00:00:00+00:00,3826207899.2429056,2024-12-30 00:00:00+00:00,17,False,False,False,False
xmr,XMR,2024-12-29 00:00:00+00:00,2024-12-29 00:00:00+00:00,2024-12-30 00:00:00+00:00,3463088747.793591,2024-12-30 00:00:00+00:00,18,False,False,False,False
algo,ALGO,2024-12-29 00:00:00+00:00,2024-12-29 00:00:00+00:00,2024-12-30 00:00:00+00:00,3246594712.75622,2024-12-30 00:00:00+00:00,19,False,False,False,False
qnt,QNT,2024-12-29 00:00:00+00:00,2024-12-29 00:00:00+00:00,2024-12-30 00:00:00+00:00,2768946446.014481,2024-12-30 00:00:00+00:00,20,False,False,False,False
gno,GNO,2024-12-29 00:00:00+00:00,2024-12-29 00:00:00+00:00,2024-12-30 00:00:00+00:00,2744579086.25778,2024-12-30 00:00:00+00:00,21,False,False,False,False
crv,CRV,2024-12-29 00:00:00+00:00,2024-12-29 00:00:00+00:00,2024-12-30 00:00:00+00:00,2085794522.9645221,2024-12-30 00:00:00+00:00,22,False,False,False,False
ldo,LDO,2024-12-29 00:00:00+00:00,2024-12-29 00:00:00+00:00,2024-12-30 00:00:00+00:00,1774559859.79809,2024-12-30 00:00:00+00:00,23,False,False,False,False
neo,NEO,2024-12-29 00:00:00+00:00,2024-12-29 00:00:00+00:00,2024-12-30 00:00:00+00:00,1394049454.01676,2024-12-30 00:00:00+00:00,24,False,False,False,False
mkr,MKR,2024-12-29 00:00:00+00:00,2024-12-29 00:00:00+00:00,2024-12-30 00:00:00+00:00,1382183930.059241,2024-12-30 00:00:00+00:00,25,False,False,False,False
ftt,FTT,2024-12-29 00:00:00+00:00,2024-12-29 00:00:00+00:00,2024-12-30 00:00:00+00:00,1195915582.0169518,2024-12-30 00:00:00+00:00,26,False,False,False,False
flow,FLOW,2024-12-29 00:00:00+00:00,2024-12-29 00:00:00+00:00,2024-12-30 00:00:00+00:00,1094109864.6578147,2024-12-30 00:00:00+00:00,27,False,False,False,False
mana,MANA,2024-12-29 00:00:00+00:00,2024-12-29 00:00:00+00:00,2024-12-30 00:00:00+00:00,1056156849.9300821,2024-12-30 00:00:00+00:00,28,False,False,False,False
zec,ZEC,2024-12-29 00:00:00+00:00,2024-12-29 00:00:00+00:00,2024-12-30 00:00:00+00:00,952535306.7139359,2024-12-30 00:00:00+00:00,29,False,False,False,False
avaxx,AVAXX,2024-12-29 00:00:00+00:00,2024-12-29 00:00:00+00:00,2024-12-30 00:00:00+00:00,913154053.1959484,2024-12-30 00:00:00+00:00,30,False,False,False,False
