timestamp,equity,cash,market_value,drawdown
2020-01-21T00:00:00Z,100000.0,100000.0,0.0,0.0
2020-01-22T00:00:00Z,100000.0,100000.0,0.0,0.0
2020-01-23T00:00:00Z,100000.0,100000.0,0.0,0.0
2020-01-24T00:00:00Z,100000.0,100000.0,0.0,0.0
2020-01-25T00:00:00Z,100000.0,100000.0,0.0,0.0
2020-01-26T00:00:00Z,100000.0,100000.0,0.0,0.0
2020-01-27T00:00:00Z,100000.0,100000.0,0.0,0.0
2020-01-28T00:00:00Z,100000.0,100000.0,0.0,0.0
2020-01-29T00:00:00Z,100000.0,100000.0,0.0,0.0
2020-01-30T00:00:00Z,100000.0,100000.0,0.0,0.0
2020-01-31T00:00:00Z,100000.0,100000.0,0.0,0.0
2020-02-01T00:00:00Z,100000.0,100000.0,0.0,0.0
2020-02-02T00:00:00Z,100000.0,100000.0,0.0,0.0
2020-02-03T00:00:00Z,100000.0,100000.0,0.0,0.0
2020-02-04T00:00:00Z,100000.0,100000.0,0.0,0.0
2020-02-05T00:00:00Z,100000.0,100000.0,0.0,0.0
2020-02-06T00:00:00Z,100000.0,100000.0,0.0,0.0
2020-02-07T00:00:00Z,100000.0,100000.0,0.0,0.0
2020-02-08T00:00:00Z,100000.0,100000.0,0.0,0.0
2020-02-09T00:00:00Z,100000.0,100000.0,0.0,0.0
2020-02-10T00:00:00Z,100000.0,100000.0,0.0,0.0
2020-02-11T00:00:00Z,100000.0,100000.0,0.0,0.0
2020-02-12T00:00:00Z,100000.0,100000.0,0.0,0.0
2020-02-13T00:00:00Z,100000.0,100000.0,0.0,0.0
2020-02-14T00:00:00Z,100000.0,100000.0,0.0,0.0
2020-02-15T00:00:00Z,100000.0,100000.0,0.0,0.0
2020-02-16T00:00:00Z,100000.0,100000.0,0.0,0.0
2020-02-17T00:00:00Z,100000.0,100000.0,0.0,0.0
2020-02-18T00:00:00Z,100000.0,100000.0,0.0,0.0
2020-02-19T00:00:00Z,100000.0,100000.0,0.0,0.0
2020-02-20T00:00:00Z,100000.0,100000.0,0.0,0.0
2020-02-21T00:00:00Z,100000.0,100000.0,0.0,0.0
2020-02-22T00:00:00Z,100000.0,100000.0,0.0,0.0
2020-02-23T00:00:00Z,100000.0,100000.0,0.0,0.0
2020-02-24T00:00:00Z,100000.0,100000.0,0.0,0.0
2020-02-25T00:00:00Z,100000.0,100000.0,0.0,0.0
2020-02-26T00:00:00Z,100000.0,100000.0,0.0,0.0
2020-02-27T00:00:00Z,100000.0,100000.0,0.0,0.0
2020-02-28T00:00:00Z,100000.0,100000.0,0.0,0.0
2020-02-29T00:00:00Z,100000.0,100000.0,0.0,0.0
2020-03-01T00:00:00Z,100000.0,100000.0,0.0,0.0
2020-03-02T00:00:00Z,100000.0,100000.0,0.0,0.0
2020-03-03T00:00:00Z,100000.0,100000.0,0.0,0.0
2020-03-04T00:00:00Z,100000.0,100000.0,0.0,0.0
2020-03-05T00:00:00Z,100000.0,100000.0,0.0,0.0
2020-03-06T00:00:00Z,100000.0,100000.0,0.0,0.0
2020-03-07T00:00:00Z,100000.0,100000.0,0.0,0.0
2020-03-08T00:00:00Z,100000.0,100000.0,0.0,0.0
2020-03-09T00:00:00Z,100000.0,100000.0,0.0,0.0
2020-03-10T00:00:00Z,100000.0,100000.0,0.0,0.0
2020-03-11T00:00:00Z,100000.0,100000.0,0.0,0.0
2020-03-12T00:00:00Z,100000.0,100000.0,0.0,0.0
2020-03-13T00:00:00Z,100000.0,100000.0,0.0,0.0
2020-03-14T00:00:00Z,100000.0,100000.0,0.0,0.0
2020-03-15T00:00:00Z,100000.0,100000.0,0.0,0.0
2020-03-16T00:00:00Z,100000.0,100000.0,0.0,0.0
2020-03-17T00:00:00Z,100000.0,100000.0,0.0,0.0
2020-03-18T00:00:00Z,100000.0,100000.0,0.0,0.0
2020-03-19T00:00:00Z,100000.0,100000.0,0.0,0.0
2020-03-20T00:00:00Z,100000.0,100000.0,0.0,0.0
2020-03-21T00:00:00Z,100000.0,100000.0,0.0,0.0
2020-03-22T00:00:00Z,100000.0,100000.0,0.0,0.0
2020-03-23T00:00:00Z,100000.0,100000.0,0.0,0.0
2020-03-24T00:00:00Z,100000.0,100000.0,0.0,0.0
2020-03-25T00:00:00Z,100000.0,100000.0,0.0,0.0
2020-03-26T00:00:00Z,100000.0,100000.0,0.0,0.0
2020-03-27T00:00:00Z,100000.0,100000.0,0.0,0.0
2020-03-28T00:00:00Z,100000.0,100000.0,0.0,0.0
2020-03-29T00:00:00Z,100000.0,100000.0,0.0,0.0
2020-03-30T00:00:00Z,100000.0,100000.0,0.0,0.0
2020-03-31T00:00:00Z,100000.0,100000.0,0.0,0.0
2020-04-01T00:00:00Z,100000.0,100000.0,0.0,0.0
2020-04-02T00:00:00Z,100000.0,100000.0,0.0,0.0
2020-04-03T00:00:00Z,100000.0,100000.0,0.0,0.0
2020-04-04T00:00:00Z,100000.0,100000.0,0.0,0.0
2020-04-05T00:00:00Z,100000.0,100000.0,0.0,0.0
2020-04-06T00:00:00Z,100000.0,100000.0,0.0,0.0
2020-04-07T00:00:00Z,100000.0,100000.0,0.0,0.0
2020-04-08T00:00:00Z,100000.0,100000.0,0.0,0.0
2020-04-09T00:00:00Z,100000.0,100000.0,0.0,0.0
2020-04-10T00:00:00Z,100000.0,100000.0,0.0,0.0
2020-04-11T00:00:00Z,100000.0,100000.0,0.0,0.0
2020-04-12T00:00:00Z,100000.0,100000.0,0.0,0.0
2020-04-13T00:00:00Z,100000.0,100000.0,0.0,0.0
2020-04-14T00:00:00Z,100000.0,100000.0,0.0,0.0
2020-04-15T00:00:00Z,100000.0,100000.0,0.0,0.0
2020-04-16T00:00:00Z,100000.0,100000.0,0.0,0.0
2020-04-17T00:00:00Z,100000.0,100000.0,0.0,0.0
2020-04-18T00:00:00Z,100000.0,100000.0,0.0,0.0
2020-04-19T00:00:00Z,100000.0,100000.0,0.0,0.0
2020-04-20T00:00:00Z,100000.0,100000.0,0.0,0.0
2020-04-21T00:00:00Z,100000.0,100000.0,0.0,0.0
2020-04-22T00:00:00Z,100000.0,100000.0,0.0,0.0
2020-04-23T00:00:00Z,100000.0,100000.0,0.0,0.0
2020-04-24T00:00:00Z,100000.0,100000.0,0.0,0.0
2020-04-25T00:00:00Z,100000.0,100000.0,0.0,0.0
2020-04-26T00:00:00Z,100000.0,100000.0,0.0,0.0
2020-04-27T00:00:00Z,100000.0,100000.0,0.0,0.0
2020-04-28T00:00:00Z,100000.0,100000.0,0.0,0.0
2020-04-29T00:00:00Z,100000.0,100000.0,0.0,0.0
2020-04-30T00:00:00Z,100000.0,100000.0,0.0,0.0
2020-05-01T00:00:00Z,100000.0,100000.0,0.0,0.0
2020-05-02T00:00:00Z,100000.0,100000.0,0.0,0.0
2020-05-03T00:00:00Z,100000.0,100000.0,0.0,0.0
2020-05-04T00:00:00Z,100000.0,100000.0,0.0,0.0
2020-05-05T00:00:00Z,100000.0,100000.0,0.0,0.0
2020-05-06T00:00:00Z,100000.0,100000.0,0.0,0.0
2020-05-07T00:00:00Z,100000.0,100000.0,0.0,0.0
2020-05-08T00:00:00Z,100000.0,100000.0,0.0,0.0
2020-05-09T00:00:00Z,100000.0,100000.0,0.0,0.0
2020-05-10T00:00:00Z,100000.0,100000.0,0.0,0.0
2020-05-11T00:00:00Z,100000.0,100000.0,0.0,0.0
2020-05-12T00:00:00Z,100000.0,100000.0,0.0,0.0
2020-05-13T00:00:00Z,100000.0,100000.0,0.0,0.0
2020-05-14T00:00:00Z,100000.0,100000.0,0.0,0.0
2020-05-15T00:00:00Z,100000.0,100000.0,0.0,0.0
2020-05-16T00:00:00Z,100000.0,100000.0,0.0,0.0
2020-05-17T00:00:00Z,100000.0,100000.0,0.0,0.0
2020-05-18T00:00:00Z,100000.0,100000.0,0.0,0.0
2020-05-19T00:00:00Z,100000.0,100000.0,0.0,0.0
2020-05-20T00:00:00Z,100000.0,100000.0,0.0,0.0
2020-05-21T00:00:00Z,100001.00856441897,91585.88970523342,8415.118859185553,0.0
2020-05-22T00:00:00Z,99298.20710367522,91585.88970523342,7712.317398441797,0.007027943726097701
2020-05-23T00:00:00Z,99836.29640905831,91585.88970523342,8250.406703824889,0.0016471049414921745
2020-05-24T00:00:00Z,99742.32316678156,91585.88970523342,8156.4334615481375,0.00258682788654847
2020-05-25T00:00:00Z,99174.78397917315,91585.88970523342,7588.894273939735,0.008262162523226698
2020-05-26T00:00:00Z,99554.08070351223,91585.88970523342,7968.190998278807,0.004469233533968181
2020-05-27T00:00:00Z,99490.29729025037,91585.88970523342,7904.407585016949,0.005107061233683538
2020-05-28T00:00:00Z,99724.86042254746,91585.88970523342,8138.970717314032,0.0027614535676769906
2020-05-29T00:00:00Z,101204.45802299303,91585.88970523342,9618.568317759615,0.0
2020-05-30T00:00:00Z,101162.57703470277,91585.88970523342,9576.687329469349,0.00041382552812784033
2020-05-31T00:00:00Z,102960.94371209972,91585.88970523342,11375.0540068663,0.0
2020-06-01T00:00:00Z,102541.68986112329,91585.88970523342,10955.80015588987,0.004071969776702401
2020-06-02T00:00:00Z,103558.67272872302,91585.88970523342,11972.783023489596,0.0
2020-06-03T00:00:00Z,103240.79158791914,91585.88970523342,11654.901882685723,0.003069575270017024
2020-06-04T00:00:00Z,104233.50420082062,91585.88970523342,12647.614495587199,0.0
2020-06-05T00:00:00Z,104722.9050074493,91585.88970523342,13137.01530221588,0.0
2020-06-06T00:00:00Z,104198.72670171033,91585.88970523342,12612.836996476906,0.00500538354719708
2020-06-07T00:00:00Z,104338.724634299,91585.88970523342,12752.834929065577,0.0036685419786910444
2020-06-08T00:00:00Z,104394.51662223338,91585.88970523342,12808.626916999961,0.0031357837637578934
2020-06-09T00:00:00Z,104386.82117562175,91585.88970523342,12800.931470388323,0.0032092676554727195
2020-06-10T00:00:00Z,103854.94742327114,91585.88970523342,12269.057718037711,0.008288135094384764
2020-06-11T00:00:00Z,103953.95230371703,91585.88970523342,12368.062598483608,0.007342736564437086
2020-06-12T00:00:00Z,102722.82883521265,91585.88970523342,11136.939129979228,0.01909874608706063
2020-06-13T00:00:00Z,103345.86403203961,91585.88970523342,11759.974326806181,0.01314937716167955
2020-06-14T00:00:00Z,103298.65542686435,91585.88970523342,11712.765721630933,0.013600172574315379
2020-06-15T00:00:00Z,102903.22786251243,91585.88970523342,11317.338157279004,0.017376114087051236
2020-06-16T00:00:00Z,103150.5180795903,91585.88970523342,11564.628374356877,0.015014737489827559
2020-06-17T00:00:00Z,103310.93854357139,91585.88970523342,11725.048838337972,0.013482880977924255
2020-06-18T00:00:00Z,103935.74961269334,91585.88970523342,12349.859907459922,0.007516554231378185
2020-06-19T00:00:00Z,103711.24975673456,91585.88970523342,12125.360051501137,0.009660305456984602
2020-06-20T00:00:00Z,103678.88210434144,103678.88210434144,0.0,0.00996938447260987
2020-06-21T00:00:00Z,103678.88210434144,103678.88210434144,0.0,0.00996938447260987
2020-06-22T00:00:00Z,103678.88210434144,103678.88210434144,0.0,0.00996938447260987
2020-06-23T00:00:00Z,103678.88210434144,103678.88210434144,0.0,0.00996938447260987
2020-06-24T00:00:00Z,103678.88210434144,103678.88210434144,0.0,0.00996938447260987
2020-06-25T00:00:00Z,103678.88210434144,103678.88210434144,0.0,0.00996938447260987
2020-06-26T00:00:00Z,103678.88210434144,103678.88210434144,0.0,0.00996938447260987
2020-06-27T00:00:00Z,103678.88210434144,103678.88210434144,0.0,0.00996938447260987
2020-06-28T00:00:00Z,103678.88210434144,103678.88210434144,0.0,0.00996938447260987
2020-06-29T00:00:00Z,103678.88210434144,103678.88210434144,0.0,0.00996938447260987
2020-06-30T00:00:00Z,103678.88210434144,103678.88210434144,0.0,0.00996938447260987
2020-07-01T00:00:00Z,103678.88210434144,103678.88210434144,0.0,0.00996938447260987
2020-07-02T00:00:00Z,103678.88210434144,103678.88210434144,0.0,0.00996938447260987
2020-07-03T00:00:00Z,103281.73622014238,93826.493042245,9455.24317789739,0.013761734237647451
2020-07-04T00:00:00Z,103651.50683576662,93826.493042245,9825.013793521624,0.010230791168431298
2020-07-05T00:00:00Z,103998.99966189383,93826.493042245,10172.506619648828,0.006912578919616236
2020-07-06T00:00:00Z,103811.6220899599,93826.493042245,9985.129047714896,0.008701849107648197
2020-07-07T00:00:00Z,104536.61663674227,93826.493042245,10710.123594497269,0.0017788693953226119
2020-07-08T00:00:00Z,105801.26265969701,93826.493042245,11974.76961745201,0.0
2020-07-09T00:00:00Z,107048.00507100117,93826.493042245,13221.512028756171,0.0
2020-07-10T00:00:00Z,106441.01160100673,93826.493042245,12614.518558761725,0.005670292216952992
2020-07-11T00:00:00Z,105870.8426049754,93826.493042245,12044.34956273041,0.010996584805527159
2020-07-12T00:00:00Z,106559.92820339042,93826.493042245,12733.43516114542,0.004559420488845452
2020-07-13T00:00:00Z,106721.56933357664,93826.493042245,12895.076291331638,0.0030494331698009388
2020-07-14T00:00:00Z,106471.73257099807,93826.493042245,12645.239528753065,0.005383309101565085
2020-07-15T00:00:00Z,107308.92986579516,93826.493042245,13482.436823550162,0.0
2020-07-16T00:00:00Z,107109.44701098384,93826.493042245,13282.95396873885,0.0018589585699978171
2020-07-17T00:00:00Z,106640.39273075183,93826.493042245,12813.89968850684,0.0062300233156683815
2020-07-18T00:00:00Z,106262.0772095671,93826.493042245,12435.584167322102,0.009755503642961459
2020-07-19T00:00:00Z,106308.2603896203,93826.493042245,12481.767347375308,0.009325127717015989
2020-07-20T00:00:00Z,106432.67014557861,93826.493042245,12606.177103333614,0.008165767017828193
2020-07-21T00:00:00Z,105807.46788873499,93826.493042245,11980.974846489995,0.013991957416199748
2020-07-22T00:00:00Z,106364.10745096218,93826.493042245,12537.61440871718,0.008804695154584135
2020-07-23T00:00:00Z,106424.02351495191,93826.493042245,12597.530472706912,0.008246344008368585
2020-07-24T00:00:00Z,106406.75867847944,106406.75867847944,0.0,0.008407233102072769
2020-07-25T00:00:00Z,106406.75867847944,106406.75867847944,0.0,0.008407233102072769
2020-07-26T00:00:00Z,106406.75867847944,106406.75867847944,0.0,0.008407233102072769
2020-07-27T00:00:00Z,106676.95757396868,97734.42569407244,8942.531879896242,0.00588927960251625
2020-07-28T00:00:00Z,106085.97390698687,97734.42569407244,8351.548212914426,0.011396590762183256
2020-07-29T00:00:00Z,106715.96659585577,97734.42569407244,8981.540901783328,0.005525758859779589
2020-07-30T00:00:00Z,106159.34945511143,97734.42569407244,8424.92376103898,0.010712812178086601
2020-07-31T00:00:00Z,106208.0655133568,97734.42569407244,8473.639819284368,0.010258832641562417
2020-08-01T00:00:00Z,106105.99090121641,97734.42569407244,8371.565207143967,0.011210054615987586
2020-08-02T00:00:00Z,106447.48564614449,97734.42569407244,8713.059952072043,0.008027703013421419
2020-08-03T00:00:00Z,105322.63181958796,105322.63181958796,0.0,0.018510090900089534
2020-08-04T00:00:00Z,105322.63181958796,105322.63181958796,0.0,0.018510090900089534
2020-08-05T00:00:00Z,105322.63181958796,105322.63181958796,0.0,0.018510090900089534
2020-08-06T00:00:00Z,105322.63181958796,105322.63181958796,0.0,0.018510090900089534
2020-08-07T00:00:00Z,105322.63181958796,105322.63181958796,0.0,0.018510090900089534
2020-08-08T00:00:00Z,105322.63181958796,105322.63181958796,0.0,0.018510090900089534
2020-08-09T00:00:00Z,105322.63181958796,105322.63181958796,0.0,0.018510090900089534
2020-08-10T00:00:00Z,105322.63181958796,105322.63181958796,0.0,0.018510090900089534
2020-08-11T00:00:00Z,105322.63181958796,105322.63181958796,0.0,0.018510090900089534
2020-08-12T00:00:00Z,105322.63181958796,105322.63181958796,0.0,0.018510090900089534
2020-08-13T00:00:00Z,105322.63181958796,105322.63181958796,0.0,0.018510090900089534
2020-08-14T00:00:00Z,105322.63181958796,105322.63181958796,0.0,0.018510090900089534
2020-08-15T00:00:00Z,105322.63181958796,105322.63181958796,0.0,0.018510090900089534
2020-08-16T00:00:00Z,105322.63181958796,105322.63181958796,0.0,0.018510090900089534
2020-08-17T00:00:00Z,105322.63181958796,105322.63181958796,0.0,0.018510090900089534
2020-08-18T00:00:00Z,105322.63181958796,105322.63181958796,0.0,0.018510090900089534
2020-08-19T00:00:00Z,105322.63181958796,105322.63181958796,0.0,0.018510090900089534
2020-08-20T00:00:00Z,105322.63181958796,105322.63181958796,0.0,0.018510090900089534
2020-08-21T00:00:00Z,105322.63181958796,105322.63181958796,0.0,0.018510090900089534
2020-08-22T00:00:00Z,105322.63181958796,105322.63181958796,0.0,0.018510090900089534
2020-08-23T00:00:00Z,105322.63181958796,105322.63181958796,0.0,0.018510090900089534
2020-08-24T00:00:00Z,105322.63181958796,105322.63181958796,0.0,0.018510090900089534
2020-08-25T00:00:00Z,105322.63181958796,105322.63181958796,0.0,0.018510090900089534
2020-08-26T00:00:00Z,105322.63181958796,105322.63181958796,0.0,0.018510090900089534
2020-08-27T00:00:00Z,105322.63181958796,105322.63181958796,0.0,0.018510090900089534
2020-08-28T00:00:00Z,105322.63181958796,105322.63181958796,0.0,0.018510090900089534
2020-08-29T00:00:00Z,105322.63181958796,105322.63181958796,0.0,0.018510090900089534
2020-08-30T00:00:00Z,105322.63181958796,105322.63181958796,0.0,0.018510090900089534
2020-08-31T00:00:00Z,105322.63181958796,105322.63181958796,0.0,0.018510090900089534
2020-09-01T00:00:00Z,105322.63181958796,105322.63181958796,0.0,0.018510090900089534
2020-09-02T00:00:00Z,105322.63181958796,105322.63181958796,0.0,0.018510090900089534
2020-09-03T00:00:00Z,105322.63181958796,105322.63181958796,0.0,0.018510090900089534
2020-09-04T00:00:00Z,105322.63181958796,105322.63181958796,0.0,0.018510090900089534
2020-09-05T00:00:00Z,105322.63181958796,105322.63181958796,0.0,0.018510090900089534
2020-09-06T00:00:00Z,105322.63181958796,105322.63181958796,0.0,0.018510090900089534
2020-09-07T00:00:00Z,105322.63181958796,105322.63181958796,0.0,0.018510090900089534
2020-09-08T00:00:00Z,105322.63181958796,105322.63181958796,0.0,0.018510090900089534
2020-09-09T00:00:00Z,105322.63181958796,105322.63181958796,0.0,0.018510090900089534
2020-09-10T00:00:00Z,105322.63181958796,105322.63181958796,0.0,0.018510090900089534
2020-09-11T00:00:00Z,105322.63181958796,105322.63181958796,0.0,0.018510090900089534
2020-09-12T00:00:00Z,105322.63181958796,105322.63181958796,0.0,0.018510090900089534
2020-09-13T00:00:00Z,105322.63181958796,105322.63181958796,0.0,0.018510090900089534
2020-09-14T00:00:00Z,105322.63181958796,105322.63181958796,0.0,0.018510090900089534
2020-09-15T00:00:00Z,105322.63181958796,105322.63181958796,0.0,0.018510090900089534
2020-09-16T00:00:00Z,105322.63181958796,105322.63181958796,0.0,0.018510090900089534
2020-09-17T00:00:00Z,105322.63181958796,105322.63181958796,0.0,0.018510090900089534
2020-09-18T00:00:00Z,105322.63181958796,105322.63181958796,0.0,0.018510090900089534
2020-09-19T00:00:00Z,105322.63181958796,105322.63181958796,0.0,0.018510090900089534
2020-09-20T00:00:00Z,105322.63181958796,105322.63181958796,0.0,0.018510090900089534
2020-09-21T00:00:00Z,105322.63181958796,105322.63181958796,0.0,0.018510090900089534
2020-09-22T00:00:00Z,105322.63181958796,105322.63181958796,0.0,0.018510090900089534
2020-09-23T00:00:00Z,105322.63181958796,105322.63181958796,0.0,0.018510090900089534
2020-09-24T00:00:00Z,105322.63181958796,105322.63181958796,0.0,0.018510090900089534
2020-09-25T00:00:00Z,105322.63181958796,105322.63181958796,0.0,0.018510090900089534
2020-09-26T00:00:00Z,105322.63181958796,105322.63181958796,0.0,0.018510090900089534
2020-09-27T00:00:00Z,105322.63181958796,105322.63181958796,0.0,0.018510090900089534
2020-09-28T00:00:00Z,105322.63181958796,105322.63181958796,0.0,0.018510090900089534
2020-09-29T00:00:00Z,105322.63181958796,105322.63181958796,0.0,0.018510090900089534
2020-09-30T00:00:00Z,105322.63181958796,105322.63181958796,0.0,0.018510090900089534
2020-10-01T00:00:00Z,105322.63181958796,105322.63181958796,0.0,0.018510090900089534
2020-10-02T00:00:00Z,105322.63181958796,105322.63181958796,0.0,0.018510090900089534
2020-10-03T00:00:00Z,105322.63181958796,105322.63181958796,0.0,0.018510090900089534
2020-10-04T00:00:00Z,105322.63181958796,105322.63181958796,0.0,0.018510090900089534
2020-10-05T00:00:00Z,105322.63181958796,105322.63181958796,0.0,0.018510090900089534
2020-10-06T00:00:00Z,105322.63181958796,105322.63181958796,0.0,0.018510090900089534
2020-10-07T00:00:00Z,105322.63181958796,105322.63181958796,0.0,0.018510090900089534
2020-10-08T00:00:00Z,105322.63181958796,105322.63181958796,0.0,0.018510090900089534
2020-10-09T00:00:00Z,105322.63181958796,105322.63181958796,0.0,0.018510090900089534
2020-10-10T00:00:00Z,105322.63181958796,105322.63181958796,0.0,0.018510090900089534
2020-10-11T00:00:00Z,105322.63181958796,105322.63181958796,0.0,0.018510090900089534
2020-10-12T00:00:00Z,105322.63181958796,105322.63181958796,0.0,0.018510090900089534
2020-10-13T00:00:00Z,105322.63181958796,105322.63181958796,0.0,0.018510090900089534
2020-10-14T00:00:00Z,105322.63181958796,105322.63181958796,0.0,0.018510090900089534
2020-10-15T00:00:00Z,105322.63181958796,105322.63181958796,0.0,0.018510090900089534
2020-10-16T00:00:00Z,105322.63181958796,105322.63181958796,0.0,0.018510090900089534
2020-10-17T00:00:00Z,105322.63181958796,105322.63181958796,0.0,0.018510090900089534
2020-10-18T00:00:00Z,105322.63181958796,105322.63181958796,0.0,0.018510090900089534
2020-10-19T00:00:00Z,105322.63181958796,105322.63181958796,0.0,0.018510090900089534
2020-10-20T00:00:00Z,105322.63181958796,105322.63181958796,0.0,0.018510090900089534
2020-10-21T00:00:00Z,105322.63181958796,105322.63181958796,0.0,0.018510090900089534
2020-10-22T00:00:00Z,105322.63181958796,105322.63181958796,0.0,0.018510090900089534
2020-10-23T00:00:00Z,105322.63181958796,105322.63181958796,0.0,0.018510090900089534
2020-10-24T00:00:00Z,105322.63181958796,105322.63181958796,0.0,0.018510090900089534
2020-10-25T00:00:00Z,105322.63181958796,105322.63181958796,0.0,0.018510090900089534
2020-10-26T00:00:00Z,105322.63181958796,105322.63181958796,0.0,0.018510090900089534
2020-10-27T00:00:00Z,105322.63181958796,105322.63181958796,0.0,0.018510090900089534
2020-10-28T00:00:00Z,105322.63181958796,105322.63181958796,0.0,0.018510090900089534
2020-10-29T00:00:00Z,105322.63181958796,105322.63181958796,0.0,0.018510090900089534
2020-10-30T00:00:00Z,105322.63181958796,105322.63181958796,0.0,0.018510090900089534
2020-10-31T00:00:00Z,105322.63181958796,105322.63181958796,0.0,0.018510090900089534
2020-11-01T00:00:00Z,105322.63181958796,105322.63181958796,0.0,0.018510090900089534
2020-11-02T00:00:00Z,105322.63181958796,105322.63181958796,0.0,0.018510090900089534
2020-11-03T00:00:00Z,105322.63181958796,105322.63181958796,0.0,0.018510090900089534
2020-11-04T00:00:00Z,105322.63181958796,105322.63181958796,0.0,0.018510090900089534
2020-11-05T00:00:00Z,105322.63181958796,105322.63181958796,0.0,0.018510090900089534
2020-11-06T00:00:00Z,105322.63181958796,105322.63181958796,0.0,0.018510090900089534
2020-11-07T00:00:00Z,105322.63181958796,105322.63181958796,0.0,0.018510090900089534
2020-11-08T00:00:00Z,105322.63181958796,105322.63181958796,0.0,0.018510090900089534
2020-11-09T00:00:00Z,105322.63181958796,105322.63181958796,0.0,0.018510090900089534
2020-11-10T00:00:00Z,105322.63181958796,105322.63181958796,0.0,0.018510090900089534
2020-11-11T00:00:00Z,105322.63181958796,105322.63181958796,0.0,0.018510090900089534
2020-11-12T00:00:00Z,105322.63181958796,105322.63181958796,0.0,0.018510090900089534
2020-11-13T00:00:00Z,105322.63181958796,105322.63181958796,0.0,0.018510090900089534
2020-11-14T00:00:00Z,105322.63181958796,105322.63181958796,0.0,0.018510090900089534
2020-11-15T00:00:00Z,105322.63181958796,105322.63181958796,0.0,0.018510090900089534
2020-11-16T00:00:00Z,105322.63181958796,105322.63181958796,0.0,0.018510090900089534
2020-11-17T00:00:00Z,105322.63181958796,105322.63181958796,0.0,0.018510090900089534
2020-11-18T00:00:00Z,105322.63181958796,105322.63181958796,0.0,0.018510090900089534
2020-11-19T00:00:00Z,105322.63181958796,105322.63181958796,0.0,0.018510090900089534
2020-11-20T00:00:00Z,105322.63181958796,105322.63181958796,0.0,0.018510090900089534
2020-11-21T00:00:00Z,105322.63181958796,105322.63181958796,0.0,0.018510090900089534
2020-11-22T00:00:00Z,105322.63181958796,105322.63181958796,0.0,0.018510090900089534
2020-11-23T00:00:00Z,106126.22027056912,96285.25092897435,9840.969341594775,0.011021539369604993
2020-11-24T00:00:00Z,106708.06180529826,96285.25092897435,10422.810876323916,0.005599422725101884
2020-11-25T00:00:00Z,107556.16179950105,96285.25092897435,11270.910870526699,0.0
2020-11-26T00:00:00Z,106799.28872805761,96285.25092897435,10514.037799083257,0.007037003355087613
2020-11-27T00:00:00Z,105653.48667526443,96285.25092897435,9368.23574629008,0.01769006156786679
2020-11-28T00:00:00Z,105844.2400115371,96285.25092897435,9558.989082562757,0.01591653847926627
2020-11-29T00:00:00Z,107410.00979158925,96285.25092897435,11124.758862614914,0.0013588436540180524
2020-11-30T00:00:00Z,107527.01236856019,96285.25092897435,11241.761439585844,0.00027101590883465537
2020-12-01T00:00:00Z,107905.21273991086,96285.25092897435,11619.961810936516,0.0
2020-12-02T00:00:00Z,106783.7018795684,96285.25092897435,10498.450950594051,0.010393481759270438
2020-12-03T00:00:00Z,106989.16488238068,96285.25092897435,10703.913953406325,0.008489375390400986
2020-12-04T00:00:00Z,107357.78372782024,96285.25092897435,11072.532798845883,0.0050732397276312974
2020-12-05T00:00:00Z,106262.3184238277,96285.25092897435,9977.067494853349,0.015225347083491717
2020-12-06T00:00:00Z,107090.51313532781,96285.25092897435,10805.262206353464,0.0075501413128831445
2020-12-07T00:00:00Z,106993.95564533623,96285.25092897435,10708.704716361883,0.008444977507908479
2020-12-08T00:00:00Z,106670.41045699966,96285.25092897435,10385.159528025313,0.011443397881875319
2020-12-09T00:00:00Z,105812.5939858166,96285.25092897435,9527.343056842246,0.019393120137191175
2020-12-10T00:00:00Z,105781.66626921263,105781.66626921263,0.0,0.019679739437766717
2020-12-11T00:00:00Z,105781.66626921263,105781.66626921263,0.0,0.019679739437766717
2020-12-12T00:00:00Z,105781.66626921263,105781.66626921263,0.0,0.019679739437766717
2020-12-13T00:00:00Z,105781.66626921263,105781.66626921263,0.0,0.019679739437766717
2020-12-14T00:00:00Z,105781.66626921263,105781.66626921263,0.0,0.019679739437766717
2020-12-15T00:00:00Z,105781.66626921263,105781.66626921263,0.0,0.019679739437766717
2020-12-16T00:00:00Z,105781.66626921263,105781.66626921263,0.0,0.019679739437766717
2020-12-17T00:00:00Z,105781.66626921263,105781.66626921263,0.0,0.019679739437766717
2020-12-18T00:00:00Z,105781.66626921263,105781.66626921263,0.0,0.019679739437766717
2020-12-19T00:00:00Z,105781.66626921263,105781.66626921263,0.0,0.019679739437766717
2020-12-20T00:00:00Z,105781.66626921263,105781.66626921263,0.0,0.019679739437766717
2020-12-21T00:00:00Z,105781.66626921263,105781.66626921263,0.0,0.019679739437766717
2020-12-22T00:00:00Z,105781.66626921263,105781.66626921263,0.0,0.019679739437766717
2020-12-23T00:00:00Z,105781.66626921263,105781.66626921263,0.0,0.019679739437766717
2020-12-24T00:00:00Z,105781.66626921263,105781.66626921263,0.0,0.019679739437766717
2020-12-25T00:00:00Z,105781.66626921263,105781.66626921263,0.0,0.019679739437766717
2020-12-26T00:00:00Z,105781.66626921263,105781.66626921263,0.0,0.019679739437766717
2020-12-27T00:00:00Z,105781.66626921263,105781.66626921263,0.0,0.019679739437766717
2020-12-28T00:00:00Z,105781.66626921263,105781.66626921263,0.0,0.019679739437766717
2020-12-29T00:00:00Z,105781.66626921263,105781.66626921263,0.0,0.019679739437766717
2020-12-30T00:00:00Z,105781.66626921263,105781.66626921263,0.0,0.019679739437766717
2020-12-31T00:00:00Z,105781.66626921263,105781.66626921263,0.0,0.019679739437766717
2021-01-01T00:00:00Z,105781.66626921263,105781.66626921263,0.0,0.019679739437766717
2021-01-02T00:00:00Z,105781.66626921263,105781.66626921263,0.0,0.019679739437766717
2021-01-03T00:00:00Z,105781.66626921263,105781.66626921263,0.0,0.019679739437766717
2021-01-04T00:00:00Z,105781.66626921263,105781.66626921263,0.0,0.019679739437766717
2021-01-05T00:00:00Z,105781.66626921263,105781.66626921263,0.0,0.019679739437766717
2021-01-06T00:00:00Z,105781.66626921263,105781.66626921263,0.0,0.019679739437766717
2021-01-07T00:00:00Z,105781.66626921263,105781.66626921263,0.0,0.019679739437766717
2021-01-08T00:00:00Z,105781.66626921263,105781.66626921263,0.0,0.019679739437766717
2021-01-09T00:00:00Z,105781.66626921263,105781.66626921263,0.0,0.019679739437766717
2021-01-10T00:00:00Z,105781.66626921263,105781.66626921263,0.0,0.019679739437766717
2021-01-11T00:00:00Z,105781.66626921263,105781.66626921263,0.0,0.019679739437766717
2021-01-12T00:00:00Z,105781.66626921263,105781.66626921263,0.0,0.019679739437766717
2021-01-13T00:00:00Z,105781.66626921263,105781.66626921263,0.0,0.019679739437766717
2021-01-14T00:00:00Z,105781.66626921263,105781.66626921263,0.0,0.019679739437766717
2021-01-15T00:00:00Z,105781.66626921263,105781.66626921263,0.0,0.019679739437766717
2021-01-16T00:00:00Z,105781.66626921263,105781.66626921263,0.0,0.019679739437766717
2021-01-17T00:00:00Z,105781.66626921263,105781.66626921263,0.0,0.019679739437766717
2021-01-18T00:00:00Z,105781.66626921263,105781.66626921263,0.0,0.019679739437766717
2021-01-19T00:00:00Z,105781.66626921263,105781.66626921263,0.0,0.019679739437766717
2021-01-20T00:00:00Z,105781.66626921263,105781.66626921263,0.0,0.019679739437766717
2021-01-21T00:00:00Z,105781.66626921263,105781.66626921263,0.0,0.019679739437766717
2021-01-22T00:00:00Z,105781.66626921263,105781.66626921263,0.0,0.019679739437766717
2021-01-23T00:00:00Z,105781.66626921263,105781.66626921263,0.0,0.019679739437766717
2021-01-24T00:00:00Z,105781.66626921263,105781.66626921263,0.0,0.019679739437766717
2021-01-25T00:00:00Z,105781.66626921263,105781.66626921263,0.0,0.019679739437766717
2021-01-26T00:00:00Z,105781.66626921263,105781.66626921263,0.0,0.019679739437766717
2021-01-27T00:00:00Z,105781.66626921263,105781.66626921263,0.0,0.019679739437766717
2021-01-28T00:00:00Z,105781.66626921263,105781.66626921263,0.0,0.019679739437766717
2021-01-29T00:00:00Z,105781.66626921263,105781.66626921263,0.0,0.019679739437766717
2021-01-30T00:00:00Z,105781.66626921263,105781.66626921263,0.0,0.019679739437766717
2021-01-31T00:00:00Z,105781.66626921263,105781.66626921263,0.0,0.019679739437766717
2021-02-01T00:00:00Z,105781.66626921263,105781.66626921263,0.0,0.019679739437766717
2021-02-02T00:00:00Z,105781.66626921263,105781.66626921263,0.0,0.019679739437766717
2021-02-03T00:00:00Z,105781.66626921263,105781.66626921263,0.0,0.019679739437766717
2021-02-04T00:00:00Z,105781.66626921263,105781.66626921263,0.0,0.019679739437766717
2021-02-05T00:00:00Z,105781.66626921263,105781.66626921263,0.0,0.019679739437766717
2021-02-06T00:00:00Z,105781.66626921263,105781.66626921263,0.0,0.019679739437766717
2021-02-07T00:00:00Z,105781.66626921263,105781.66626921263,0.0,0.019679739437766717
2021-02-08T00:00:00Z,105781.66626921263,105781.66626921263,0.0,0.019679739437766717
2021-02-09T00:00:00Z,105781.66626921263,105781.66626921263,0.0,0.019679739437766717
2021-02-10T00:00:00Z,105781.66626921263,105781.66626921263,0.0,0.019679739437766717
2021-02-11T00:00:00Z,105781.66626921263,105781.66626921263,0.0,0.019679739437766717
2021-02-12T00:00:00Z,105781.66626921263,105781.66626921263,0.0,0.019679739437766717
2021-02-13T00:00:00Z,105781.66626921263,105781.66626921263,0.0,0.019679739437766717
2021-02-14T00:00:00Z,105781.66626921263,105781.66626921263,0.0,0.019679739437766717
2021-02-15T00:00:00Z,105781.66626921263,105781.66626921263,0.0,0.019679739437766717
2021-02-16T00:00:00Z,105781.66626921263,105781.66626921263,0.0,0.019679739437766717
2021-02-17T00:00:00Z,105781.66626921263,105781.66626921263,0.0,0.019679739437766717
2021-02-18T00:00:00Z,105781.66626921263,105781.66626921263,0.0,0.019679739437766717
2021-02-19T00:00:00Z,105781.66626921263,105781.66626921263,0.0,0.019679739437766717
2021-02-20T00:00:00Z,105781.66626921263,105781.66626921263,0.0,0.019679739437766717
2021-02-21T00:00:00Z,105781.66626921263,105781.66626921263,0.0,0.019679739437766717
2021-02-22T00:00:00Z,105781.66626921263,105781.66626921263,0.0,0.019679739437766717
2021-02-23T00:00:00Z,105781.66626921263,105781.66626921263,0.0,0.019679739437766717
2021-02-24T00:00:00Z,105781.66626921263,105781.66626921263,0.0,0.019679739437766717
2021-02-25T00:00:00Z,105781.66626921263,105781.66626921263,0.0,0.019679739437766717
2021-02-26T00:00:00Z,105781.66626921263,105781.66626921263,0.0,0.019679739437766717
2021-02-27T00:00:00Z,105781.66626921263,105781.66626921263,0.0,0.019679739437766717
2021-02-28T00:00:00Z,105781.66626921263,105781.66626921263,0.0,0.019679739437766717
2021-03-01T00:00:00Z,105781.66626921263,105781.66626921263,0.0,0.019679739437766717
2021-03-02T00:00:00Z,105781.66626921263,105781.66626921263,0.0,0.019679739437766717
2021-03-03T00:00:00Z,105781.66626921263,105781.66626921263,0.0,0.019679739437766717
2021-03-04T00:00:00Z,105781.66626921263,105781.66626921263,0.0,0.019679739437766717
2021-03-05T00:00:00Z,105781.66626921263,105781.66626921263,0.0,0.019679739437766717
2021-03-06T00:00:00Z,105781.66626921263,105781.66626921263,0.0,0.019679739437766717
2021-03-07T00:00:00Z,105781.66626921263,105781.66626921263,0.0,0.019679739437766717
2021-03-08T00:00:00Z,105781.66626921263,105781.66626921263,0.0,0.019679739437766717
2021-03-09T00:00:00Z,105781.66626921263,105781.66626921263,0.0,0.019679739437766717
2021-03-10T00:00:00Z,105781.66626921263,105781.66626921263,0.0,0.019679739437766717
2021-03-11T00:00:00Z,105781.66626921263,105781.66626921263,0.0,0.019679739437766717
2021-03-12T00:00:00Z,105781.66626921263,105781.66626921263,0.0,0.019679739437766717
2021-03-13T00:00:00Z,105781.66626921263,105781.66626921263,0.0,0.019679739437766717
2021-03-14T00:00:00Z,105781.66626921263,105781.66626921263,0.0,0.019679739437766717
2021-03-15T00:00:00Z,105781.66626921263,105781.66626921263,0.0,0.019679739437766717
2021-03-16T00:00:00Z,105781.66626921263,105781.66626921263,0.0,0.019679739437766717
2021-03-17T00:00:00Z,105781.66626921263,105781.66626921263,0.0,0.019679739437766717
2021-03-18T00:00:00Z,105781.66626921263,105781.66626921263,0.0,0.019679739437766717
2021-03-19T00:00:00Z,105781.66626921263,105781.66626921263,0.0,0.019679739437766717
2021-03-20T00:00:00Z,105781.66626921263,105781.66626921263,0.0,0.019679739437766717
2021-03-21T00:00:00Z,105781.66626921263,105781.66626921263,0.0,0.019679739437766717
2021-03-22T00:00:00Z,105781.66626921263,105781.66626921263,0.0,0.019679739437766717
2021-03-23T00:00:00Z,105781.66626921263,105781.66626921263,0.0,0.019679739437766717
2021-03-24T00:00:00Z,105781.66626921263,105781.66626921263,0.0,0.019679739437766717
2021-03-25T00:00:00Z,105781.66626921263,105781.66626921263,0.0,0.019679739437766717
2021-03-26T00:00:00Z,105781.66626921263,105781.66626921263,0.0,0.019679739437766717
2021-03-27T00:00:00Z,105781.66626921263,105781.66626921263,0.0,0.019679739437766717
2021-03-28T00:00:00Z,105781.66626921263,105781.66626921263,0.0,0.019679739437766717
2021-03-29T00:00:00Z,105781.66626921263,105781.66626921263,0.0,0.019679739437766717
2021-03-30T00:00:00Z,105781.66626921263,105781.66626921263,0.0,0.019679739437766717
2021-03-31T00:00:00Z,105781.66626921263,105781.66626921263,0.0,0.019679739437766717
2021-04-01T00:00:00Z,105781.66626921263,105781.66626921263,0.0,0.019679739437766717
2021-04-02T00:00:00Z,105781.66626921263,105781.66626921263,0.0,0.019679739437766717
2021-04-03T00:00:00Z,105781.66626921263,105781.66626921263,0.0,0.019679739437766717
2021-04-04T00:00:00Z,105781.66626921263,105781.66626921263,0.0,0.019679739437766717
2021-04-05T00:00:00Z,105781.66626921263,105781.66626921263,0.0,0.019679739437766717
2021-04-06T00:00:00Z,105781.66626921263,105781.66626921263,0.0,0.019679739437766717
2021-04-07T00:00:00Z,105781.66626921263,105781.66626921263,0.0,0.019679739437766717
2021-04-08T00:00:00Z,105781.66626921263,105781.66626921263,0.0,0.019679739437766717
2021-04-09T00:00:00Z,105781.66626921263,105781.66626921263,0.0,0.019679739437766717
2021-04-10T00:00:00Z,105781.66626921263,105781.66626921263,0.0,0.019679739437766717
2021-04-11T00:00:00Z,105781.66626921263,105781.66626921263,0.0,0.019679739437766717
2021-04-12T00:00:00Z,105781.66626921263,105781.66626921263,0.0,0.019679739437766717
2021-04-13T00:00:00Z,105781.66626921263,105781.66626921263,0.0,0.019679739437766717
2021-04-14T00:00:00Z,105781.66626921263,105781.66626921263,0.0,0.019679739437766717
2021-04-15T00:00:00Z,105997.74119959811,97307.77469088475,8689.966508713356,0.017677288166887906
2021-04-16T00:00:00Z,106161.4501736073,97307.77469088475,8853.675482722545,0.016160132787158606
2021-04-17T00:00:00Z,105753.02814370245,97307.77469088475,8445.253452817708,0.019945140198147044
2021-04-18T00:00:00Z,105506.81789569742,97307.77469088475,8199.04320481267,0.02222686729689704
2021-04-19T00:00:00Z,104704.27646993884,104704.27646993884,0.0,0.02966433398993794
2021-04-20T00:00:00Z,104704.27646993884,104704.27646993884,0.0,0.02966433398993794
2021-04-21T00:00:00Z,104704.27646993884,104704.27646993884,0.0,0.02966433398993794
2021-04-22T00:00:00Z,104704.27646993884,104704.27646993884,0.0,0.02966433398993794
2021-04-23T00:00:00Z,104704.27646993884,104704.27646993884,0.0,0.02966433398993794
2021-04-24T00:00:00Z,104704.27646993884,104704.27646993884,0.0,0.02966433398993794
2021-04-25T00:00:00Z,104704.27646993884,104704.27646993884,0.0,0.02966433398993794
2021-04-26T00:00:00Z,104704.27646993884,104704.27646993884,0.0,0.02966433398993794
2021-04-27T00:00:00Z,104704.27646993884,104704.27646993884,0.0,0.02966433398993794
2021-04-28T00:00:00Z,104704.27646993884,104704.27646993884,0.0,0.02966433398993794
2021-04-29T00:00:00Z,104704.27646993884,104704.27646993884,0.0,0.02966433398993794
2021-04-30T00:00:00Z,104704.27646993884,104704.27646993884,0.0,0.02966433398993794
2021-05-01T00:00:00Z,104704.27646993884,104704.27646993884,0.0,0.02966433398993794
2021-05-02T00:00:00Z,104704.27646993884,104704.27646993884,0.0,0.02966433398993794
2021-05-03T00:00:00Z,104704.27646993884,104704.27646993884,0.0,0.02966433398993794
2021-05-04T00:00:00Z,104704.27646993884,104704.27646993884,0.0,0.02966433398993794
2021-05-05T00:00:00Z,104704.27646993884,104704.27646993884,0.0,0.02966433398993794
2021-05-06T00:00:00Z,104704.27646993884,104704.27646993884,0.0,0.02966433398993794
2021-05-07T00:00:00Z,104704.27646993884,104704.27646993884,0.0,0.02966433398993794
2021-05-08T00:00:00Z,104704.27646993884,104704.27646993884,0.0,0.02966433398993794
2021-05-09T00:00:00Z,104704.27646993884,104704.27646993884,0.0,0.02966433398993794
2021-05-10T00:00:00Z,104704.27646993884,104704.27646993884,0.0,0.02966433398993794
2021-05-11T00:00:00Z,104704.27646993884,104704.27646993884,0.0,0.02966433398993794
2021-05-12T00:00:00Z,104704.27646993884,104704.27646993884,0.0,0.02966433398993794
2021-05-13T00:00:00Z,104704.27646993884,104704.27646993884,0.0,0.02966433398993794
2021-05-14T00:00:00Z,104704.27646993884,104704.27646993884,0.0,0.02966433398993794
2021-05-15T00:00:00Z,104704.27646993884,104704.27646993884,0.0,0.02966433398993794
2021-05-16T00:00:00Z,104704.27646993884,104704.27646993884,0.0,0.02966433398993794
2021-05-17T00:00:00Z,104704.27646993884,104704.27646993884,0.0,0.02966433398993794
2021-05-18T00:00:00Z,104704.27646993884,104704.27646993884,0.0,0.02966433398993794
2021-05-19T00:00:00Z,104704.27646993884,104704.27646993884,0.0,0.02966433398993794
2021-05-20T00:00:00Z,104704.27646993884,104704.27646993884,0.0,0.02966433398993794
2021-05-21T00:00:00Z,104704.27646993884,104704.27646993884,0.0,0.02966433398993794
2021-05-22T00:00:00Z,104704.27646993884,104704.27646993884,0.0,0.02966433398993794
2021-05-23T00:00:00Z,104704.27646993884,104704.27646993884,0.0,0.02966433398993794
2021-05-24T00:00:00Z,104704.27646993884,104704.27646993884,0.0,0.02966433398993794
2021-05-25T00:00:00Z,104704.27646993884,104704.27646993884,0.0,0.02966433398993794
2021-05-26T00:00:00Z,104704.27646993884,104704.27646993884,0.0,0.02966433398993794
2021-05-27T00:00:00Z,104704.27646993884,104704.27646993884,0.0,0.02966433398993794
2021-05-28T00:00:00Z,104704.27646993884,104704.27646993884,0.0,0.02966433398993794
2021-05-29T00:00:00Z,104704.27646993884,104704.27646993884,0.0,0.02966433398993794
2021-05-30T00:00:00Z,104704.27646993884,104704.27646993884,0.0,0.02966433398993794
2021-05-31T00:00:00Z,104704.27646993884,104704.27646993884,0.0,0.02966433398993794
2021-06-01T00:00:00Z,104704.27646993884,104704.27646993884,0.0,0.02966433398993794
2021-06-02T00:00:00Z,104704.27646993884,104704.27646993884,0.0,0.02966433398993794
2021-06-03T00:00:00Z,104704.27646993884,104704.27646993884,0.0,0.02966433398993794
2021-06-04T00:00:00Z,104704.27646993884,104704.27646993884,0.0,0.02966433398993794
2021-06-05T00:00:00Z,104704.27646993884,104704.27646993884,0.0,0.02966433398993794
2021-06-06T00:00:00Z,104704.27646993884,104704.27646993884,0.0,0.02966433398993794
2021-06-07T00:00:00Z,104704.27646993884,104704.27646993884,0.0,0.02966433398993794
2021-06-08T00:00:00Z,104704.27646993884,104704.27646993884,0.0,0.02966433398993794
2021-06-09T00:00:00Z,104704.27646993884,104704.27646993884,0.0,0.02966433398993794
2021-06-10T00:00:00Z,104704.27646993884,104704.27646993884,0.0,0.02966433398993794
2021-06-11T00:00:00Z,104704.27646993884,104704.27646993884,0.0,0.02966433398993794
2021-06-12T00:00:00Z,104704.27646993884,104704.27646993884,0.0,0.02966433398993794
2021-06-13T00:00:00Z,104704.27646993884,104704.27646993884,0.0,0.02966433398993794
2021-06-14T00:00:00Z,104704.27646993884,104704.27646993884,0.0,0.02966433398993794
2021-06-15T00:00:00Z,104704.27646993884,104704.27646993884,0.0,0.02966433398993794
2021-06-16T00:00:00Z,104704.27646993884,104704.27646993884,0.0,0.02966433398993794
2021-06-17T00:00:00Z,104704.27646993884,104704.27646993884,0.0,0.02966433398993794
2021-06-18T00:00:00Z,104704.27646993884,104704.27646993884,0.0,0.02966433398993794
2021-06-19T00:00:00Z,104704.27646993884,104704.27646993884,0.0,0.02966433398993794
2021-06-20T00:00:00Z,104704.27646993884,104704.27646993884,0.0,0.02966433398993794
2021-06-21T00:00:00Z,104704.27646993884,104704.27646993884,0.0,0.02966433398993794
2021-06-22T00:00:00Z,104704.27646993884,104704.27646993884,0.0,0.02966433398993794
2021-06-23T00:00:00Z,104704.27646993884,104704.27646993884,0.0,0.02966433398993794
2021-06-24T00:00:00Z,104704.27646993884,104704.27646993884,0.0,0.02966433398993794
2021-06-25T00:00:00Z,104704.27646993884,104704.27646993884,0.0,0.02966433398993794
2021-06-26T00:00:00Z,104704.27646993884,104704.27646993884,0.0,0.02966433398993794
2021-06-27T00:00:00Z,104704.27646993884,104704.27646993884,0.0,0.02966433398993794
2021-06-28T00:00:00Z,104704.27646993884,104704.27646993884,0.0,0.02966433398993794
2021-06-29T00:00:00Z,104704.27646993884,104704.27646993884,0.0,0.02966433398993794
2021-06-30T00:00:00Z,104704.27646993884,104704.27646993884,0.0,0.02966433398993794
2021-07-01T00:00:00Z,104704.27646993884,104704.27646993884,0.0,0.02966433398993794
2021-07-02T00:00:00Z,104704.27646993884,104704.27646993884,0.0,0.02966433398993794
2021-07-03T00:00:00Z,104704.27646993884,104704.27646993884,0.0,0.02966433398993794
2021-07-04T00:00:00Z,104704.27646993884,104704.27646993884,0.0,0.02966433398993794
2021-07-05T00:00:00Z,104704.27646993884,104704.27646993884,0.0,0.02966433398993794
2021-07-06T00:00:00Z,104704.27646993884,104704.27646993884,0.0,0.02966433398993794
2021-07-07T00:00:00Z,104704.27646993884,104704.27646993884,0.0,0.02966433398993794
2021-07-08T00:00:00Z,104704.27646993884,104704.27646993884,0.0,0.02966433398993794
2021-07-09T00:00:00Z,104704.27646993884,104704.27646993884,0.0,0.02966433398993794
2021-07-10T00:00:00Z,104704.27646993884,104704.27646993884,0.0,0.02966433398993794
2021-07-11T00:00:00Z,104704.27646993884,104704.27646993884,0.0,0.02966433398993794
2021-07-12T00:00:00Z,104704.27646993884,104704.27646993884,0.0,0.02966433398993794
2021-07-13T00:00:00Z,104704.27646993884,104704.27646993884,0.0,0.02966433398993794
2021-07-14T00:00:00Z,104704.27646993884,104704.27646993884,0.0,0.02966433398993794
2021-07-15T00:00:00Z,104704.27646993884,104704.27646993884,0.0,0.02966433398993794
2021-07-16T00:00:00Z,104704.27646993884,104704.27646993884,0.0,0.02966433398993794
2021-07-17T00:00:00Z,104704.27646993884,104704.27646993884,0.0,0.02966433398993794
2021-07-18T00:00:00Z,104704.27646993884,104704.27646993884,0.0,0.02966433398993794
2021-07-19T00:00:00Z,104704.27646993884,104704.27646993884,0.0,0.02966433398993794
2021-07-20T00:00:00Z,104704.27646993884,104704.27646993884,0.0,0.02966433398993794
2021-07-21T00:00:00Z,104704.27646993884,104704.27646993884,0.0,0.02966433398993794
2021-07-22T00:00:00Z,104704.27646993884,104704.27646993884,0.0,0.02966433398993794
2021-07-23T00:00:00Z,104704.27646993884,104704.27646993884,0.0,0.02966433398993794
2021-07-24T00:00:00Z,104704.27646993884,104704.27646993884,0.0,0.02966433398993794
2021-07-25T00:00:00Z,104704.27646993884,104704.27646993884,0.0,0.02966433398993794
2021-07-26T00:00:00Z,104704.27646993884,104704.27646993884,0.0,0.02966433398993794
2021-07-27T00:00:00Z,104704.27646993884,104704.27646993884,0.0,0.02966433398993794
2021-07-28T00:00:00Z,104704.27646993884,104704.27646993884,0.0,0.02966433398993794
2021-07-29T00:00:00Z,104704.27646993884,104704.27646993884,0.0,0.02966433398993794
2021-07-30T00:00:00Z,104704.27646993884,104704.27646993884,0.0,0.02966433398993794
2021-07-31T00:00:00Z,104704.27646993884,104704.27646993884,0.0,0.02966433398993794
2021-08-01T00:00:00Z,104704.27646993884,104704.27646993884,0.0,0.02966433398993794
2021-08-02T00:00:00Z,104704.27646993884,104704.27646993884,0.0,0.02966433398993794
2021-08-03T00:00:00Z,104704.27646993884,104704.27646993884,0.0,0.02966433398993794
2021-08-04T00:00:00Z,104704.27646993884,104704.27646993884,0.0,0.02966433398993794
2021-08-05T00:00:00Z,104704.27646993884,104704.27646993884,0.0,0.02966433398993794
2021-08-06T00:00:00Z,104704.27646993884,104704.27646993884,0.0,0.02966433398993794
2021-08-07T00:00:00Z,104704.27646993884,104704.27646993884,0.0,0.02966433398993794
2021-08-08T00:00:00Z,104704.27646993884,104704.27646993884,0.0,0.02966433398993794
2021-08-09T00:00:00Z,104378.79296885541,94929.26774277072,9449.52522608469,0.032680717469649435
2021-08-10T00:00:00Z,104705.6229487158,94929.26774277072,9776.35520594507,0.0296518556421105
2021-08-11T00:00:00Z,106051.5872078626,94929.26774277072,11122.319465091872,0.01717827605341127
2021-08-12T00:00:00Z,106824.69270600013,94929.26774277072,11895.424963229414,0.010013603666350714
2021-08-13T00:00:00Z,107066.40705306428,94929.26774277072,12137.139310293549,0.007773541847958662
2021-08-14T00:00:00Z,109092.12332568242,94929.26774277072,14162.855582911703,0.0
2021-08-15T00:00:00Z,109439.93563781976,94929.26774277072,14510.667895049035,0.0
2021-08-16T00:00:00Z,109294.98788379916,94929.26774277072,14365.720141028425,0.0013244502856826295
2021-08-17T00:00:00Z,108655.94132984929,94929.26774277072,13726.673587078569,0.007163694892557474
2021-08-18T00:00:00Z,107674.6097111149,94929.26774277072,12745.341968344183,0.016130546097422985
2021-08-19T00:00:00Z,108880.85523082307,94929.26774277072,13951.587488052342,0.005108559354849246
2021-08-20T00:00:00Z,111111.14592944406,94929.26774277072,16181.878186673339,0.0
2021-08-21T00:00:00Z,111209.2578836538,94929.26774277072,16279.990140883072,0.0
2021-08-22T00:00:00Z,111072.52147192351,94929.26774277072,16143.25372915278,0.0012295416256922214
2021-08-23T00:00:00Z,112806.00276609811,94929.26774277072,17876.735023327386,0.0
2021-08-24T00:00:00Z,114267.62832116956,94929.26774277072,19338.360578398824,0.0
2021-08-25T00:00:00Z,112945.97334654324,94929.26774277072,18016.70560377251,0.011566311422090357
2021-08-26T00:00:00Z,113081.88796130501,94929.26774277072,18152.620218534277,0.010376870311264465
2021-08-27T00:00:00Z,111683.07022777137,94929.26774277072,16753.802485000648,0.022618462738491624
2021-08-28T00:00:00Z,114455.76680780193,94929.26774277072,19526.499065031214,0.0
2021-08-29T00:00:00Z,113796.08917350523,94929.26774277072,18866.8214307345,0.005763603291430997
2021-08-30T00:00:00Z,113816.1900622595,94929.26774277072,18886.922319488767,0.0055879818324614
2021-08-31T00:00:00Z,113057.04848519192,94929.26774277072,18127.780742421197,0.01222060156181377
2021-09-01T00:00:00Z,113281.12070701245,94929.26774277072,18351.852964241727,0.010262882627504383
2021-09-02T00:00:00Z,113952.56859466477,94929.26774277072,19023.300851894055,0.0043964426360635035
2021-09-03T00:00:00Z,114550.45239884453,94929.26774277072,19621.184656073805,0.0
2021-09-04T00:00:00Z,114583.90086094238,94929.26774277072,19654.633118171652,0.0
2021-09-05T00:00:00Z,113677.02802399307,94929.26774277072,18747.76028122235,0.007914487376807616
2021-09-06T00:00:00Z,114224.93464317582,94929.26774277072,19295.666900405096,0.003132780565763742
2021-09-07T00:00:00Z,113685.95512493339,94929.26774277072,18756.687382162672,0.007836578518117683
2021-09-08T00:00:00Z,113657.82947220384,113657.82947220384,0.0,0.008082037544370256
2021-09-09T00:00:00Z,113657.82947220384,113657.82947220384,0.0,0.008082037544370256
2021-09-10T00:00:00Z,113657.82947220384,113657.82947220384,0.0,0.008082037544370256
2021-09-11T00:00:00Z,113657.82947220384,113657.82947220384,0.0,0.008082037544370256
2021-09-12T00:00:00Z,113657.82947220384,113657.82947220384,0.0,0.008082037544370256
2021-09-13T00:00:00Z,113657.82947220384,113657.82947220384,0.0,0.008082037544370256
2021-09-14T00:00:00Z,113657.82947220384,113657.82947220384,0.0,0.008082037544370256
2021-09-15T00:00:00Z,113657.82947220384,113657.82947220384,0.0,0.008082037544370256
2021-09-16T00:00:00Z,113657.82947220384,113657.82947220384,0.0,0.008082037544370256
2021-09-17T00:00:00Z,113657.82947220384,113657.82947220384,0.0,0.008082037544370256
2021-09-18T00:00:00Z,113657.82947220384,113657.82947220384,0.0,0.008082037544370256
2021-09-19T00:00:00Z,113657.82947220384,113657.82947220384,0.0,0.008082037544370256
2021-09-20T00:00:00Z,113657.82947220384,113657.82947220384,0.0,0.008082037544370256
2021-09-21T00:00:00Z,113657.82947220384,113657.82947220384,0.0,0.008082037544370256
2021-09-22T00:00:00Z,113657.82947220384,113657.82947220384,0.0,0.008082037544370256
2021-09-23T00:00:00Z,113657.82947220384,113657.82947220384,0.0,0.008082037544370256
2021-09-24T00:00:00Z,113657.82947220384,113657.82947220384,0.0,0.008082037544370256
2021-09-25T00:00:00Z,113657.82947220384,113657.82947220384,0.0,0.008082037544370256
2021-09-26T00:00:00Z,113657.82947220384,113657.82947220384,0.0,0.008082037544370256
2021-09-27T00:00:00Z,113657.82947220384,113657.82947220384,0.0,0.008082037544370256
2021-09-28T00:00:00Z,113657.82947220384,113657.82947220384,0.0,0.008082037544370256
2021-09-29T00:00:00Z,113657.82947220384,113657.82947220384,0.0,0.008082037544370256
2021-09-30T00:00:00Z,113657.82947220384,113657.82947220384,0.0,0.008082037544370256
2021-10-01T00:00:00Z,113657.82947220384,113657.82947220384,0.0,0.008082037544370256
2021-10-02T00:00:00Z,113657.82947220384,113657.82947220384,0.0,0.008082037544370256
2021-10-03T00:00:00Z,113657.82947220384,113657.82947220384,0.0,0.008082037544370256
2021-10-04T00:00:00Z,113657.82947220384,113657.82947220384,0.0,0.008082037544370256
2021-10-05T00:00:00Z,113657.82947220384,113657.82947220384,0.0,0.008082037544370256
2021-10-06T00:00:00Z,113657.82947220384,113657.82947220384,0.0,0.008082037544370256
2021-10-07T00:00:00Z,113657.82947220384,113657.82947220384,0.0,0.008082037544370256
2021-10-08T00:00:00Z,113657.82947220384,113657.82947220384,0.0,0.008082037544370256
2021-10-09T00:00:00Z,113657.82947220384,113657.82947220384,0.0,0.008082037544370256
2021-10-10T00:00:00Z,113657.82947220384,113657.82947220384,0.0,0.008082037544370256
2021-10-11T00:00:00Z,113657.82947220384,113657.82947220384,0.0,0.008082037544370256
2021-10-12T00:00:00Z,113657.82947220384,113657.82947220384,0.0,0.008082037544370256
2021-10-13T00:00:00Z,113657.82947220384,113657.82947220384,0.0,0.008082037544370256
2021-10-14T00:00:00Z,113657.82947220384,113657.82947220384,0.0,0.008082037544370256
2021-10-15T00:00:00Z,113657.82947220384,113657.82947220384,0.0,0.008082037544370256
2021-10-16T00:00:00Z,113657.82947220384,113657.82947220384,0.0,0.008082037544370256
2021-10-17T00:00:00Z,113657.82947220384,113657.82947220384,0.0,0.008082037544370256
2021-10-18T00:00:00Z,113657.82947220384,113657.82947220384,0.0,0.008082037544370256
2021-10-19T00:00:00Z,113657.82947220384,113657.82947220384,0.0,0.008082037544370256
2021-10-20T00:00:00Z,113657.82947220384,113657.82947220384,0.0,0.008082037544370256
2021-10-21T00:00:00Z,113657.82947220384,113657.82947220384,0.0,0.008082037544370256
2021-10-22T00:00:00Z,113657.82947220384,113657.82947220384,0.0,0.008082037544370256
2021-10-23T00:00:00Z,113657.82947220384,113657.82947220384,0.0,0.008082037544370256
2021-10-24T00:00:00Z,113657.82947220384,113657.82947220384,0.0,0.008082037544370256
2021-10-25T00:00:00Z,113657.82947220384,113657.82947220384,0.0,0.008082037544370256
2021-10-26T00:00:00Z,113657.82947220384,113657.82947220384,0.0,0.008082037544370256
2021-10-27T00:00:00Z,113657.82947220384,113657.82947220384,0.0,0.008082037544370256
2021-10-28T00:00:00Z,113657.82947220384,113657.82947220384,0.0,0.008082037544370256
2021-10-29T00:00:00Z,113657.82947220384,113657.82947220384,0.0,0.008082037544370256
2021-10-30T00:00:00Z,113657.82947220384,113657.82947220384,0.0,0.008082037544370256
2021-10-31T00:00:00Z,113657.82947220384,113657.82947220384,0.0,0.008082037544370256
2021-11-01T00:00:00Z,113657.82947220384,113657.82947220384,0.0,0.008082037544370256
2021-11-02T00:00:00Z,113657.82947220384,113657.82947220384,0.0,0.008082037544370256
2021-11-03T00:00:00Z,113657.82947220384,113657.82947220384,0.0,0.008082037544370256
2021-11-04T00:00:00Z,113657.82947220384,113657.82947220384,0.0,0.008082037544370256
2021-11-05T00:00:00Z,113657.82947220384,113657.82947220384,0.0,0.008082037544370256
2021-11-06T00:00:00Z,113657.82947220384,113657.82947220384,0.0,0.008082037544370256
2021-11-07T00:00:00Z,113657.82947220384,113657.82947220384,0.0,0.008082037544370256
2021-11-08T00:00:00Z,113657.82947220384,113657.82947220384,0.0,0.008082037544370256
2021-11-09T00:00:00Z,113657.82947220384,113657.82947220384,0.0,0.008082037544370256
2021-11-10T00:00:00Z,113657.82947220384,113657.82947220384,0.0,0.008082037544370256
2021-11-11T00:00:00Z,113657.82947220384,113657.82947220384,0.0,0.008082037544370256
2021-11-12T00:00:00Z,113657.82947220384,113657.82947220384,0.0,0.008082037544370256
2021-11-13T00:00:00Z,113657.82947220384,113657.82947220384,0.0,0.008082037544370256
2021-11-14T00:00:00Z,113657.82947220384,113657.82947220384,0.0,0.008082037544370256
2021-11-15T00:00:00Z,113657.82947220384,113657.82947220384,0.0,0.008082037544370256
2021-11-16T00:00:00Z,113657.82947220384,113657.82947220384,0.0,0.008082037544370256
2021-11-17T00:00:00Z,113657.82947220384,113657.82947220384,0.0,0.008082037544370256
2021-11-18T00:00:00Z,113657.82947220384,113657.82947220384,0.0,0.008082037544370256
2021-11-19T00:00:00Z,113657.82947220384,113657.82947220384,0.0,0.008082037544370256
2021-11-20T00:00:00Z,113657.82947220384,113657.82947220384,0.0,0.008082037544370256
2021-11-21T00:00:00Z,113657.82947220384,113657.82947220384,0.0,0.008082037544370256
2021-11-22T00:00:00Z,113657.82947220384,113657.82947220384,0.0,0.008082037544370256
2021-11-23T00:00:00Z,113657.82947220384,113657.82947220384,0.0,0.008082037544370256
2021-11-24T00:00:00Z,113657.82947220384,113657.82947220384,0.0,0.008082037544370256
2021-11-25T00:00:00Z,113657.82947220384,113657.82947220384,0.0,0.008082037544370256
2021-11-26T00:00:00Z,113657.82947220384,113657.82947220384,0.0,0.008082037544370256
2021-11-27T00:00:00Z,113657.82947220384,113657.82947220384,0.0,0.008082037544370256
2021-11-28T00:00:00Z,113657.82947220384,113657.82947220384,0.0,0.008082037544370256
2021-11-29T00:00:00Z,113657.82947220384,113657.82947220384,0.0,0.008082037544370256
2021-11-30T00:00:00Z,113657.82947220384,113657.82947220384,0.0,0.008082037544370256
2021-12-01T00:00:00Z,113657.82947220384,113657.82947220384,0.0,0.008082037544370256
2021-12-02T00:00:00Z,113657.82947220384,113657.82947220384,0.0,0.008082037544370256
2021-12-03T00:00:00Z,113657.82947220384,113657.82947220384,0.0,0.008082037544370256
2021-12-04T00:00:00Z,113657.82947220384,113657.82947220384,0.0,0.008082037544370256
2021-12-05T00:00:00Z,113657.82947220384,113657.82947220384,0.0,0.008082037544370256
2021-12-06T00:00:00Z,113657.82947220384,113657.82947220384,0.0,0.008082037544370256
2021-12-07T00:00:00Z,113657.82947220384,113657.82947220384,0.0,0.008082037544370256
2021-12-08T00:00:00Z,113657.82947220384,113657.82947220384,0.0,0.008082037544370256
2021-12-09T00:00:00Z,113657.82947220384,113657.82947220384,0.0,0.008082037544370256
2021-12-10T00:00:00Z,113657.82947220384,113657.82947220384,0.0,0.008082037544370256
2021-12-11T00:00:00Z,113657.82947220384,113657.82947220384,0.0,0.008082037544370256
2021-12-12T00:00:00Z,113657.82947220384,113657.82947220384,0.0,0.008082037544370256
2021-12-13T00:00:00Z,113657.82947220384,113657.82947220384,0.0,0.008082037544370256
2021-12-14T00:00:00Z,113657.82947220384,113657.82947220384,0.0,0.008082037544370256
2021-12-15T00:00:00Z,113657.82947220384,113657.82947220384,0.0,0.008082037544370256
2021-12-16T00:00:00Z,113657.82947220384,113657.82947220384,0.0,0.008082037544370256
2021-12-17T00:00:00Z,113657.82947220384,113657.82947220384,0.0,0.008082037544370256
2021-12-18T00:00:00Z,113657.82947220384,113657.82947220384,0.0,0.008082037544370256
2021-12-19T00:00:00Z,113657.82947220384,113657.82947220384,0.0,0.008082037544370256
2021-12-20T00:00:00Z,113657.82947220384,113657.82947220384,0.0,0.008082037544370256
2021-12-21T00:00:00Z,113657.82947220384,113657.82947220384,0.0,0.008082037544370256
2021-12-22T00:00:00Z,113657.82947220384,113657.82947220384,0.0,0.008082037544370256
2021-12-23T00:00:00Z,113657.82947220384,113657.82947220384,0.0,0.008082037544370256
2021-12-24T00:00:00Z,113657.82947220384,113657.82947220384,0.0,0.008082037544370256
2021-12-25T00:00:00Z,113657.82947220384,113657.82947220384,0.0,0.008082037544370256
2021-12-26T00:00:00Z,113657.82947220384,113657.82947220384,0.0,0.008082037544370256
2021-12-27T00:00:00Z,113657.82947220384,113657.82947220384,0.0,0.008082037544370256
2021-12-28T00:00:00Z,113657.82947220384,113657.82947220384,0.0,0.008082037544370256
2021-12-29T00:00:00Z,113657.82947220384,113657.82947220384,0.0,0.008082037544370256
2021-12-30T00:00:00Z,113657.82947220384,113657.82947220384,0.0,0.008082037544370256
2021-12-31T00:00:00Z,113657.82947220384,113657.82947220384,0.0,0.008082037544370256
2022-01-01T00:00:00Z,113657.82947220384,113657.82947220384,0.0,0.008082037544370256
2022-01-02T00:00:00Z,113657.82947220384,113657.82947220384,0.0,0.008082037544370256
2022-01-03T00:00:00Z,113657.82947220384,113657.82947220384,0.0,0.008082037544370256
2022-01-04T00:00:00Z,113657.82947220384,113657.82947220384,0.0,0.008082037544370256
2022-01-05T00:00:00Z,113657.82947220384,113657.82947220384,0.0,0.008082037544370256
2022-01-06T00:00:00Z,113657.82947220384,113657.82947220384,0.0,0.008082037544370256
2022-01-07T00:00:00Z,113657.82947220384,113657.82947220384,0.0,0.008082037544370256
2022-01-08T00:00:00Z,113657.82947220384,113657.82947220384,0.0,0.008082037544370256
2022-01-09T00:00:00Z,113657.82947220384,113657.82947220384,0.0,0.008082037544370256
2022-01-10T00:00:00Z,113657.82947220384,113657.82947220384,0.0,0.008082037544370256
2022-01-11T00:00:00Z,113657.82947220384,113657.82947220384,0.0,0.008082037544370256
2022-01-12T00:00:00Z,113657.82947220384,113657.82947220384,0.0,0.008082037544370256
2022-01-13T00:00:00Z,113657.82947220384,113657.82947220384,0.0,0.008082037544370256
2022-01-14T00:00:00Z,113657.82947220384,113657.82947220384,0.0,0.008082037544370256
2022-01-15T00:00:00Z,113657.82947220384,113657.82947220384,0.0,0.008082037544370256
2022-01-16T00:00:00Z,113657.82947220384,113657.82947220384,0.0,0.008082037544370256
2022-01-17T00:00:00Z,113657.82947220384,113657.82947220384,0.0,0.008082037544370256
2022-01-18T00:00:00Z,113657.82947220384,113657.82947220384,0.0,0.008082037544370256
2022-01-19T00:00:00Z,113657.82947220384,113657.82947220384,0.0,0.008082037544370256
2022-01-20T00:00:00Z,113657.82947220384,113657.82947220384,0.0,0.008082037544370256
2022-01-21T00:00:00Z,113657.82947220384,113657.82947220384,0.0,0.008082037544370256
2022-01-22T00:00:00Z,113657.82947220384,113657.82947220384,0.0,0.008082037544370256
2022-01-23T00:00:00Z,113657.82947220384,113657.82947220384,0.0,0.008082037544370256
2022-01-24T00:00:00Z,113657.82947220384,113657.82947220384,0.0,0.008082037544370256
2022-01-25T00:00:00Z,113657.82947220384,113657.82947220384,0.0,0.008082037544370256
2022-01-26T00:00:00Z,113657.82947220384,113657.82947220384,0.0,0.008082037544370256
2022-01-27T00:00:00Z,113657.82947220384,113657.82947220384,0.0,0.008082037544370256
2022-01-28T00:00:00Z,113657.82947220384,113657.82947220384,0.0,0.008082037544370256
2022-01-29T00:00:00Z,113657.82947220384,113657.82947220384,0.0,0.008082037544370256
2022-01-30T00:00:00Z,113657.82947220384,113657.82947220384,0.0,0.008082037544370256
2022-01-31T00:00:00Z,113657.82947220384,113657.82947220384,0.0,0.008082037544370256
2022-02-01T00:00:00Z,113657.82947220384,113657.82947220384,0.0,0.008082037544370256
2022-02-02T00:00:00Z,113657.82947220384,113657.82947220384,0.0,0.008082037544370256
2022-02-03T00:00:00Z,113657.82947220384,113657.82947220384,0.0,0.008082037544370256
2022-02-04T00:00:00Z,113657.82947220384,113657.82947220384,0.0,0.008082037544370256
2022-02-05T00:00:00Z,113657.82947220384,113657.82947220384,0.0,0.008082037544370256
2022-02-06T00:00:00Z,113657.82947220384,113657.82947220384,0.0,0.008082037544370256
2022-02-07T00:00:00Z,113657.82947220384,113657.82947220384,0.0,0.008082037544370256
2022-02-08T00:00:00Z,113657.82947220384,113657.82947220384,0.0,0.008082037544370256
2022-02-09T00:00:00Z,113657.82947220384,113657.82947220384,0.0,0.008082037544370256
2022-02-10T00:00:00Z,113657.82947220384,113657.82947220384,0.0,0.008082037544370256
2022-02-11T00:00:00Z,113657.82947220384,113657.82947220384,0.0,0.008082037544370256
2022-02-12T00:00:00Z,113657.82947220384,113657.82947220384,0.0,0.008082037544370256
2022-02-13T00:00:00Z,113657.82947220384,113657.82947220384,0.0,0.008082037544370256
2022-02-14T00:00:00Z,113657.82947220384,113657.82947220384,0.0,0.008082037544370256
2022-02-15T00:00:00Z,113657.82947220384,113657.82947220384,0.0,0.008082037544370256
2022-02-16T00:00:00Z,113657.82947220384,113657.82947220384,0.0,0.008082037544370256
2022-02-17T00:00:00Z,113657.82947220384,113657.82947220384,0.0,0.008082037544370256
2022-02-18T00:00:00Z,113657.82947220384,113657.82947220384,0.0,0.008082037544370256
2022-02-19T00:00:00Z,113657.82947220384,113657.82947220384,0.0,0.008082037544370256
2022-02-20T00:00:00Z,113657.82947220384,113657.82947220384,0.0,0.008082037544370256
2022-02-21T00:00:00Z,113657.82947220384,113657.82947220384,0.0,0.008082037544370256
2022-02-22T00:00:00Z,113657.82947220384,113657.82947220384,0.0,0.008082037544370256
2022-02-23T00:00:00Z,113657.82947220384,113657.82947220384,0.0,0.008082037544370256
2022-02-24T00:00:00Z,113657.82947220384,113657.82947220384,0.0,0.008082037544370256
2022-02-25T00:00:00Z,113657.82947220384,113657.82947220384,0.0,0.008082037544370256
2022-02-26T00:00:00Z,113657.82947220384,113657.82947220384,0.0,0.008082037544370256
2022-02-27T00:00:00Z,113657.82947220384,113657.82947220384,0.0,0.008082037544370256
2022-02-28T00:00:00Z,113657.82947220384,113657.82947220384,0.0,0.008082037544370256
2022-03-01T00:00:00Z,113657.82947220384,113657.82947220384,0.0,0.008082037544370256
2022-03-02T00:00:00Z,113657.82947220384,113657.82947220384,0.0,0.008082037544370256
2022-03-03T00:00:00Z,113657.82947220384,113657.82947220384,0.0,0.008082037544370256
2022-03-04T00:00:00Z,113657.82947220384,113657.82947220384,0.0,0.008082037544370256
2022-03-05T00:00:00Z,113657.82947220384,113657.82947220384,0.0,0.008082037544370256
2022-03-06T00:00:00Z,113657.82947220384,113657.82947220384,0.0,0.008082037544370256
2022-03-07T00:00:00Z,113657.82947220384,113657.82947220384,0.0,0.008082037544370256
2022-03-08T00:00:00Z,113657.82947220384,113657.82947220384,0.0,0.008082037544370256
2022-03-09T00:00:00Z,113657.82947220384,113657.82947220384,0.0,0.008082037544370256
2022-03-10T00:00:00Z,113657.82947220384,113657.82947220384,0.0,0.008082037544370256
2022-03-11T00:00:00Z,113657.82947220384,113657.82947220384,0.0,0.008082037544370256
2022-03-12T00:00:00Z,113657.82947220384,113657.82947220384,0.0,0.008082037544370256
2022-03-13T00:00:00Z,113657.82947220384,113657.82947220384,0.0,0.008082037544370256
2022-03-14T00:00:00Z,113657.82947220384,113657.82947220384,0.0,0.008082037544370256
2022-03-15T00:00:00Z,113657.82947220384,113657.82947220384,0.0,0.008082037544370256
2022-03-16T00:00:00Z,113657.82947220384,113657.82947220384,0.0,0.008082037544370256
2022-03-17T00:00:00Z,113657.82947220384,113657.82947220384,0.0,0.008082037544370256
2022-03-18T00:00:00Z,113657.82947220384,113657.82947220384,0.0,0.008082037544370256
2022-03-19T00:00:00Z,113657.82947220384,113657.82947220384,0.0,0.008082037544370256
2022-03-20T00:00:00Z,113657.82947220384,113657.82947220384,0.0,0.008082037544370256
2022-03-21T00:00:00Z,113657.82947220384,113657.82947220384,0.0,0.008082037544370256
2022-03-22T00:00:00Z,113657.82947220384,113657.82947220384,0.0,0.008082037544370256
2022-03-23T00:00:00Z,113657.82947220384,113657.82947220384,0.0,0.008082037544370256
2022-03-24T00:00:00Z,113657.82947220384,113657.82947220384,0.0,0.008082037544370256
2022-03-25T00:00:00Z,113657.82947220384,113657.82947220384,0.0,0.008082037544370256
2022-03-26T00:00:00Z,113657.82947220384,113657.82947220384,0.0,0.008082037544370256
2022-03-27T00:00:00Z,113657.82947220384,113657.82947220384,0.0,0.008082037544370256
2022-03-28T00:00:00Z,113657.82947220384,113657.82947220384,0.0,0.008082037544370256
2022-03-29T00:00:00Z,113657.82947220384,113657.82947220384,0.0,0.008082037544370256
2022-03-30T00:00:00Z,113657.82947220384,113657.82947220384,0.0,0.008082037544370256
2022-03-31T00:00:00Z,113657.82947220384,113657.82947220384,0.0,0.008082037544370256
2022-04-01T00:00:00Z,113657.82947220384,113657.82947220384,0.0,0.008082037544370256
2022-04-02T00:00:00Z,113657.82947220384,113657.82947220384,0.0,0.008082037544370256
2022-04-03T00:00:00Z,113657.82947220384,113657.82947220384,0.0,0.008082037544370256
2022-04-04T00:00:00Z,113657.82947220384,113657.82947220384,0.0,0.008082037544370256
2022-04-05T00:00:00Z,113657.82947220384,113657.82947220384,0.0,0.008082037544370256
2022-04-06T00:00:00Z,113657.82947220384,113657.82947220384,0.0,0.008082037544370256
2022-04-07T00:00:00Z,113657.82947220384,113657.82947220384,0.0,0.008082037544370256
2022-04-08T00:00:00Z,113657.82947220384,113657.82947220384,0.0,0.008082037544370256
2022-04-09T00:00:00Z,113657.82947220384,113657.82947220384,0.0,0.008082037544370256
2022-04-10T00:00:00Z,113657.82947220384,113657.82947220384,0.0,0.008082037544370256
2022-04-11T00:00:00Z,113657.82947220384,113657.82947220384,0.0,0.008082037544370256
2022-04-12T00:00:00Z,113657.82947220384,113657.82947220384,0.0,0.008082037544370256
2022-04-13T00:00:00Z,113657.82947220384,113657.82947220384,0.0,0.008082037544370256
2022-04-14T00:00:00Z,113657.82947220384,113657.82947220384,0.0,0.008082037544370256
2022-04-15T00:00:00Z,113657.82947220384,113657.82947220384,0.0,0.008082037544370256
2022-04-16T00:00:00Z,113657.82947220384,113657.82947220384,0.0,0.008082037544370256
2022-04-17T00:00:00Z,113657.82947220384,113657.82947220384,0.0,0.008082037544370256
2022-04-18T00:00:00Z,113657.82947220384,113657.82947220384,0.0,0.008082037544370256
2022-04-19T00:00:00Z,113657.82947220384,113657.82947220384,0.0,0.008082037544370256
2022-04-20T00:00:00Z,113657.82947220384,113657.82947220384,0.0,0.008082037544370256
2022-04-21T00:00:00Z,113657.82947220384,113657.82947220384,0.0,0.008082037544370256
2022-04-22T00:00:00Z,113657.82947220384,113657.82947220384,0.0,0.008082037544370256
2022-04-23T00:00:00Z,113657.82947220384,113657.82947220384,0.0,0.008082037544370256
2022-04-24T00:00:00Z,113657.82947220384,113657.82947220384,0.0,0.008082037544370256
2022-04-25T00:00:00Z,113657.82947220384,113657.82947220384,0.0,0.008082037544370256
2022-04-26T00:00:00Z,113657.82947220384,113657.82947220384,0.0,0.008082037544370256
2022-04-27T00:00:00Z,113657.82947220384,113657.82947220384,0.0,0.008082037544370256
2022-04-28T00:00:00Z,113657.82947220384,113657.82947220384,0.0,0.008082037544370256
2022-04-29T00:00:00Z,113657.82947220384,113657.82947220384,0.0,0.008082037544370256
2022-04-30T00:00:00Z,113657.82947220384,113657.82947220384,0.0,0.008082037544370256
2022-05-01T00:00:00Z,113657.82947220384,113657.82947220384,0.0,0.008082037544370256
2022-05-02T00:00:00Z,113657.82947220384,113657.82947220384,0.0,0.008082037544370256
2022-05-03T00:00:00Z,113657.82947220384,113657.82947220384,0.0,0.008082037544370256
2022-05-04T00:00:00Z,113657.82947220384,113657.82947220384,0.0,0.008082037544370256
2022-05-05T00:00:00Z,113657.82947220384,113657.82947220384,0.0,0.008082037544370256
2022-05-06T00:00:00Z,113657.82947220384,113657.82947220384,0.0,0.008082037544370256
2022-05-07T00:00:00Z,113657.82947220384,113657.82947220384,0.0,0.008082037544370256
2022-05-08T00:00:00Z,113657.82947220384,113657.82947220384,0.0,0.008082037544370256
2022-05-09T00:00:00Z,113657.82947220384,113657.82947220384,0.0,0.008082037544370256
2022-05-10T00:00:00Z,113657.82947220384,113657.82947220384,0.0,0.008082037544370256
2022-05-11T00:00:00Z,113657.82947220384,113657.82947220384,0.0,0.008082037544370256
2022-05-12T00:00:00Z,113657.82947220384,113657.82947220384,0.0,0.008082037544370256
2022-05-13T00:00:00Z,113657.82947220384,113657.82947220384,0.0,0.008082037544370256
2022-05-14T00:00:00Z,113657.82947220384,113657.82947220384,0.0,0.008082037544370256
2022-05-15T00:00:00Z,113657.82947220384,113657.82947220384,0.0,0.008082037544370256
2022-05-16T00:00:00Z,113657.82947220384,113657.82947220384,0.0,0.008082037544370256
2022-05-17T00:00:00Z,113657.82947220384,113657.82947220384,0.0,0.008082037544370256
2022-05-18T00:00:00Z,113657.82947220384,113657.82947220384,0.0,0.008082037544370256
2022-05-19T00:00:00Z,113657.82947220384,113657.82947220384,0.0,0.008082037544370256
2022-05-20T00:00:00Z,113657.82947220384,113657.82947220384,0.0,0.008082037544370256
2022-05-21T00:00:00Z,113657.82947220384,113657.82947220384,0.0,0.008082037544370256
2022-05-22T00:00:00Z,113657.82947220384,113657.82947220384,0.0,0.008082037544370256
2022-05-23T00:00:00Z,113657.82947220384,113657.82947220384,0.0,0.008082037544370256
2022-05-24T00:00:00Z,113657.82947220384,113657.82947220384,0.0,0.008082037544370256
2022-05-25T00:00:00Z,113657.82947220384,113657.82947220384,0.0,0.008082037544370256
2022-05-26T00:00:00Z,113657.82947220384,113657.82947220384,0.0,0.008082037544370256
2022-05-27T00:00:00Z,113657.82947220384,113657.82947220384,0.0,0.008082037544370256
2022-05-28T00:00:00Z,113657.82947220384,113657.82947220384,0.0,0.008082037544370256
2022-05-29T00:00:00Z,113657.82947220384,113657.82947220384,0.0,0.008082037544370256
2022-05-30T00:00:00Z,113657.82947220384,113657.82947220384,0.0,0.008082037544370256
2022-05-31T00:00:00Z,113657.82947220384,113657.82947220384,0.0,0.008082037544370256
2022-06-01T00:00:00Z,113657.82947220384,113657.82947220384,0.0,0.008082037544370256
2022-06-02T00:00:00Z,113657.82947220384,113657.82947220384,0.0,0.008082037544370256
2022-06-03T00:00:00Z,113657.82947220384,113657.82947220384,0.0,0.008082037544370256
2022-06-04T00:00:00Z,113657.82947220384,113657.82947220384,0.0,0.008082037544370256
2022-06-05T00:00:00Z,113657.82947220384,113657.82947220384,0.0,0.008082037544370256
2022-06-06T00:00:00Z,113657.82947220384,113657.82947220384,0.0,0.008082037544370256
2022-06-07T00:00:00Z,113657.82947220384,113657.82947220384,0.0,0.008082037544370256
2022-06-08T00:00:00Z,113657.82947220384,113657.82947220384,0.0,0.008082037544370256
2022-06-09T00:00:00Z,113657.82947220384,113657.82947220384,0.0,0.008082037544370256
2022-06-10T00:00:00Z,113657.82947220384,113657.82947220384,0.0,0.008082037544370256
2022-06-11T00:00:00Z,113657.82947220384,113657.82947220384,0.0,0.008082037544370256
2022-06-12T00:00:00Z,113657.82947220384,113657.82947220384,0.0,0.008082037544370256
2022-06-13T00:00:00Z,113657.82947220384,113657.82947220384,0.0,0.008082037544370256
2022-06-14T00:00:00Z,113657.82947220384,113657.82947220384,0.0,0.008082037544370256
2022-06-15T00:00:00Z,113657.82947220384,113657.82947220384,0.0,0.008082037544370256
2022-06-16T00:00:00Z,113657.82947220384,113657.82947220384,0.0,0.008082037544370256
2022-06-17T00:00:00Z,113657.82947220384,113657.82947220384,0.0,0.008082037544370256
2022-06-18T00:00:00Z,113657.82947220384,113657.82947220384,0.0,0.008082037544370256
2022-06-19T00:00:00Z,113657.82947220384,113657.82947220384,0.0,0.008082037544370256
2022-06-20T00:00:00Z,113657.82947220384,113657.82947220384,0.0,0.008082037544370256
2022-06-21T00:00:00Z,113657.82947220384,113657.82947220384,0.0,0.008082037544370256
2022-06-22T00:00:00Z,113657.82947220384,113657.82947220384,0.0,0.008082037544370256
2022-06-23T00:00:00Z,113657.82947220384,113657.82947220384,0.0,0.008082037544370256
2022-06-24T00:00:00Z,113657.82947220384,113657.82947220384,0.0,0.008082037544370256
2022-06-25T00:00:00Z,113657.82947220384,113657.82947220384,0.0,0.008082037544370256
2022-06-26T00:00:00Z,113657.82947220384,113657.82947220384,0.0,0.008082037544370256
2022-06-27T00:00:00Z,113657.82947220384,113657.82947220384,0.0,0.008082037544370256
2022-06-28T00:00:00Z,113657.82947220384,113657.82947220384,0.0,0.008082037544370256
2022-06-29T00:00:00Z,113657.82947220384,113657.82947220384,0.0,0.008082037544370256
2022-06-30T00:00:00Z,113657.82947220384,113657.82947220384,0.0,0.008082037544370256
2022-07-01T00:00:00Z,113657.82947220384,113657.82947220384,0.0,0.008082037544370256
2022-07-02T00:00:00Z,113657.82947220384,113657.82947220384,0.0,0.008082037544370256
2022-07-03T00:00:00Z,113657.82947220384,113657.82947220384,0.0,0.008082037544370256
2022-07-04T00:00:00Z,113657.82947220384,113657.82947220384,0.0,0.008082037544370256
2022-07-05T00:00:00Z,113657.82947220384,113657.82947220384,0.0,0.008082037544370256
2022-07-06T00:00:00Z,113657.82947220384,113657.82947220384,0.0,0.008082037544370256
2022-07-07T00:00:00Z,113657.82947220384,113657.82947220384,0.0,0.008082037544370256
2022-07-08T00:00:00Z,113657.82947220384,113657.82947220384,0.0,0.008082037544370256
2022-07-09T00:00:00Z,113657.82947220384,113657.82947220384,0.0,0.008082037544370256
2022-07-10T00:00:00Z,113657.82947220384,113657.82947220384,0.0,0.008082037544370256
2022-07-11T00:00:00Z,113657.82947220384,113657.82947220384,0.0,0.008082037544370256
2022-07-12T00:00:00Z,113657.82947220384,113657.82947220384,0.0,0.008082037544370256
2022-07-13T00:00:00Z,113657.82947220384,113657.82947220384,0.0,0.008082037544370256
2022-07-14T00:00:00Z,113657.82947220384,113657.82947220384,0.0,0.008082037544370256
2022-07-15T00:00:00Z,113657.82947220384,113657.82947220384,0.0,0.008082037544370256
2022-07-16T00:00:00Z,113657.82947220384,113657.82947220384,0.0,0.008082037544370256
2022-07-17T00:00:00Z,113657.82947220384,113657.82947220384,0.0,0.008082037544370256
2022-07-18T00:00:00Z,113657.82947220384,113657.82947220384,0.0,0.008082037544370256
2022-07-19T00:00:00Z,113657.82947220384,113657.82947220384,0.0,0.008082037544370256
2022-07-20T00:00:00Z,113657.82947220384,113657.82947220384,0.0,0.008082037544370256
2022-07-21T00:00:00Z,113657.82947220384,113657.82947220384,0.0,0.008082037544370256
2022-07-22T00:00:00Z,113657.82947220384,113657.82947220384,0.0,0.008082037544370256
2022-07-23T00:00:00Z,113657.82947220384,113657.82947220384,0.0,0.008082037544370256
2022-07-24T00:00:00Z,113657.82947220384,113657.82947220384,0.0,0.008082037544370256
2022-07-25T00:00:00Z,113657.82947220384,113657.82947220384,0.0,0.008082037544370256
2022-07-26T00:00:00Z,113657.82947220384,113657.82947220384,0.0,0.008082037544370256
2022-07-27T00:00:00Z,113657.82947220384,113657.82947220384,0.0,0.008082037544370256
2022-07-28T00:00:00Z,113657.82947220384,113657.82947220384,0.0,0.008082037544370256
2022-07-29T00:00:00Z,113657.82947220384,113657.82947220384,0.0,0.008082037544370256
2022-07-30T00:00:00Z,113657.82947220384,113657.82947220384,0.0,0.008082037544370256
2022-07-31T00:00:00Z,113657.82947220384,113657.82947220384,0.0,0.008082037544370256
2022-08-01T00:00:00Z,113657.82947220384,113657.82947220384,0.0,0.008082037544370256
2022-08-02T00:00:00Z,113657.82947220384,113657.82947220384,0.0,0.008082037544370256
2022-08-03T00:00:00Z,113657.82947220384,113657.82947220384,0.0,0.008082037544370256
2022-08-04T00:00:00Z,113657.82947220384,113657.82947220384,0.0,0.008082037544370256
2022-08-05T00:00:00Z,113657.82947220384,113657.82947220384,0.0,0.008082037544370256
2022-08-06T00:00:00Z,113657.82947220384,113657.82947220384,0.0,0.008082037544370256
2022-08-07T00:00:00Z,113657.82947220384,113657.82947220384,0.0,0.008082037544370256
2022-08-08T00:00:00Z,113657.82947220384,113657.82947220384,0.0,0.008082037544370256
2022-08-09T00:00:00Z,113657.82947220384,113657.82947220384,0.0,0.008082037544370256
2022-08-10T00:00:00Z,113657.82947220384,113657.82947220384,0.0,0.008082037544370256
2022-08-11T00:00:00Z,113657.82947220384,113657.82947220384,0.0,0.008082037544370256
2022-08-12T00:00:00Z,113657.82947220384,113657.82947220384,0.0,0.008082037544370256
2022-08-13T00:00:00Z,113657.82947220384,113657.82947220384,0.0,0.008082037544370256
2022-08-14T00:00:00Z,113657.82947220384,113657.82947220384,0.0,0.008082037544370256
2022-08-15T00:00:00Z,113657.82947220384,113657.82947220384,0.0,0.008082037544370256
2022-08-16T00:00:00Z,113657.82947220384,113657.82947220384,0.0,0.008082037544370256
2022-08-17T00:00:00Z,113657.82947220384,113657.82947220384,0.0,0.008082037544370256
2022-08-18T00:00:00Z,113657.82947220384,113657.82947220384,0.0,0.008082037544370256
2022-08-19T00:00:00Z,113657.82947220384,113657.82947220384,0.0,0.008082037544370256
2022-08-20T00:00:00Z,113657.82947220384,113657.82947220384,0.0,0.008082037544370256
2022-08-21T00:00:00Z,113657.82947220384,113657.82947220384,0.0,0.008082037544370256
2022-08-22T00:00:00Z,113657.82947220384,113657.82947220384,0.0,0.008082037544370256
2022-08-23T00:00:00Z,113657.82947220384,113657.82947220384,0.0,0.008082037544370256
2022-08-24T00:00:00Z,113657.82947220384,113657.82947220384,0.0,0.008082037544370256
2022-08-25T00:00:00Z,113657.82947220384,113657.82947220384,0.0,0.008082037544370256
2022-08-26T00:00:00Z,113657.82947220384,113657.82947220384,0.0,0.008082037544370256
2022-08-27T00:00:00Z,113657.82947220384,113657.82947220384,0.0,0.008082037544370256
2022-08-28T00:00:00Z,113657.82947220384,113657.82947220384,0.0,0.008082037544370256
2022-08-29T00:00:00Z,113657.82947220384,113657.82947220384,0.0,0.008082037544370256
2022-08-30T00:00:00Z,113657.82947220384,113657.82947220384,0.0,0.008082037544370256
2022-08-31T00:00:00Z,113657.82947220384,113657.82947220384,0.0,0.008082037544370256
2022-09-01T00:00:00Z,113657.82947220384,113657.82947220384,0.0,0.008082037544370256
2022-09-02T00:00:00Z,113657.82947220384,113657.82947220384,0.0,0.008082037544370256
2022-09-03T00:00:00Z,113657.82947220384,113657.82947220384,0.0,0.008082037544370256
2022-09-04T00:00:00Z,113657.82947220384,113657.82947220384,0.0,0.008082037544370256
2022-09-05T00:00:00Z,113657.82947220384,113657.82947220384,0.0,0.008082037544370256
2022-09-06T00:00:00Z,113657.82947220384,113657.82947220384,0.0,0.008082037544370256
2022-09-07T00:00:00Z,113657.82947220384,113657.82947220384,0.0,0.008082037544370256
2022-09-08T00:00:00Z,113657.82947220384,113657.82947220384,0.0,0.008082037544370256
2022-09-09T00:00:00Z,113657.82947220384,113657.82947220384,0.0,0.008082037544370256
2022-09-10T00:00:00Z,113657.82947220384,113657.82947220384,0.0,0.008082037544370256
2022-09-11T00:00:00Z,113657.82947220384,113657.82947220384,0.0,0.008082037544370256
2022-09-12T00:00:00Z,113657.82947220384,113657.82947220384,0.0,0.008082037544370256
2022-09-13T00:00:00Z,113657.82947220384,113657.82947220384,0.0,0.008082037544370256
2022-09-14T00:00:00Z,113657.82947220384,113657.82947220384,0.0,0.008082037544370256
2022-09-15T00:00:00Z,113657.82947220384,113657.82947220384,0.0,0.008082037544370256
2022-09-16T00:00:00Z,113657.82947220384,113657.82947220384,0.0,0.008082037544370256
2022-09-17T00:00:00Z,113657.82947220384,113657.82947220384,0.0,0.008082037544370256
2022-09-18T00:00:00Z,113657.82947220384,113657.82947220384,0.0,0.008082037544370256
2022-09-19T00:00:00Z,113657.82947220384,113657.82947220384,0.0,0.008082037544370256
2022-09-20T00:00:00Z,113657.82947220384,113657.82947220384,0.0,0.008082037544370256
2022-09-21T00:00:00Z,113657.82947220384,113657.82947220384,0.0,0.008082037544370256
2022-09-22T00:00:00Z,113657.82947220384,113657.82947220384,0.0,0.008082037544370256
2022-09-23T00:00:00Z,113657.82947220384,113657.82947220384,0.0,0.008082037544370256
2022-09-24T00:00:00Z,113657.82947220384,113657.82947220384,0.0,0.008082037544370256
2022-09-25T00:00:00Z,113657.82947220384,113657.82947220384,0.0,0.008082037544370256
2022-09-26T00:00:00Z,113657.82947220384,113657.82947220384,0.0,0.008082037544370256
2022-09-27T00:00:00Z,113657.82947220384,113657.82947220384,0.0,0.008082037544370256
2022-09-28T00:00:00Z,113657.82947220384,113657.82947220384,0.0,0.008082037544370256
2022-09-29T00:00:00Z,113657.82947220384,113657.82947220384,0.0,0.008082037544370256
2022-09-30T00:00:00Z,113657.82947220384,113657.82947220384,0.0,0.008082037544370256
2022-10-01T00:00:00Z,113657.82947220384,113657.82947220384,0.0,0.008082037544370256
2022-10-02T00:00:00Z,113657.82947220384,113657.82947220384,0.0,0.008082037544370256
2022-10-03T00:00:00Z,113657.82947220384,113657.82947220384,0.0,0.008082037544370256
2022-10-04T00:00:00Z,113657.82947220384,113657.82947220384,0.0,0.008082037544370256
2022-10-05T00:00:00Z,113657.82947220384,113657.82947220384,0.0,0.008082037544370256
2022-10-06T00:00:00Z,113657.82947220384,113657.82947220384,0.0,0.008082037544370256
2022-10-07T00:00:00Z,113657.82947220384,113657.82947220384,0.0,0.008082037544370256
2022-10-08T00:00:00Z,113657.82947220384,113657.82947220384,0.0,0.008082037544370256
2022-10-09T00:00:00Z,113657.82947220384,113657.82947220384,0.0,0.008082037544370256
2022-10-10T00:00:00Z,113657.82947220384,113657.82947220384,0.0,0.008082037544370256
2022-10-11T00:00:00Z,113657.82947220384,113657.82947220384,0.0,0.008082037544370256
2022-10-12T00:00:00Z,113657.82947220384,113657.82947220384,0.0,0.008082037544370256
2022-10-13T00:00:00Z,113657.82947220384,113657.82947220384,0.0,0.008082037544370256
2022-10-14T00:00:00Z,113657.82947220384,113657.82947220384,0.0,0.008082037544370256
2022-10-15T00:00:00Z,113657.82947220384,113657.82947220384,0.0,0.008082037544370256
2022-10-16T00:00:00Z,113657.82947220384,113657.82947220384,0.0,0.008082037544370256
2022-10-17T00:00:00Z,113657.82947220384,113657.82947220384,0.0,0.008082037544370256
2022-10-18T00:00:00Z,113657.82947220384,113657.82947220384,0.0,0.008082037544370256
2022-10-19T00:00:00Z,113657.82947220384,113657.82947220384,0.0,0.008082037544370256
2022-10-20T00:00:00Z,113657.82947220384,113657.82947220384,0.0,0.008082037544370256
2022-10-21T00:00:00Z,113657.82947220384,113657.82947220384,0.0,0.008082037544370256
2022-10-22T00:00:00Z,113657.82947220384,113657.82947220384,0.0,0.008082037544370256
2022-10-23T00:00:00Z,113657.82947220384,113657.82947220384,0.0,0.008082037544370256
2022-10-24T00:00:00Z,113657.82947220384,113657.82947220384,0.0,0.008082037544370256
2022-10-25T00:00:00Z,113657.82947220384,113657.82947220384,0.0,0.008082037544370256
2022-10-26T00:00:00Z,113657.82947220384,113657.82947220384,0.0,0.008082037544370256
2022-10-27T00:00:00Z,113657.82947220384,113657.82947220384,0.0,0.008082037544370256
2022-10-28T00:00:00Z,113657.82947220384,113657.82947220384,0.0,0.008082037544370256
2022-10-29T00:00:00Z,113657.82947220384,113657.82947220384,0.0,0.008082037544370256
2022-10-30T00:00:00Z,113657.82947220384,113657.82947220384,0.0,0.008082037544370256
2022-10-31T00:00:00Z,113657.82947220384,113657.82947220384,0.0,0.008082037544370256
2022-11-01T00:00:00Z,113657.82947220384,113657.82947220384,0.0,0.008082037544370256
2022-11-02T00:00:00Z,113657.82947220384,113657.82947220384,0.0,0.008082037544370256
2022-11-03T00:00:00Z,113657.82947220384,113657.82947220384,0.0,0.008082037544370256
2022-11-04T00:00:00Z,113657.82947220384,113657.82947220384,0.0,0.008082037544370256
2022-11-05T00:00:00Z,113657.82947220384,113657.82947220384,0.0,0.008082037544370256
2022-11-06T00:00:00Z,113657.82947220384,113657.82947220384,0.0,0.008082037544370256
2022-11-07T00:00:00Z,113657.82947220384,113657.82947220384,0.0,0.008082037544370256
2022-11-08T00:00:00Z,113657.82947220384,113657.82947220384,0.0,0.008082037544370256
2022-11-09T00:00:00Z,113657.82947220384,113657.82947220384,0.0,0.008082037544370256
2022-11-10T00:00:00Z,113657.82947220384,113657.82947220384,0.0,0.008082037544370256
2022-11-11T00:00:00Z,113657.82947220384,113657.82947220384,0.0,0.008082037544370256
2022-11-12T00:00:00Z,113657.82947220384,113657.82947220384,0.0,0.008082037544370256
2022-11-13T00:00:00Z,113657.82947220384,113657.82947220384,0.0,0.008082037544370256
2022-11-14T00:00:00Z,113657.82947220384,113657.82947220384,0.0,0.008082037544370256
2022-11-15T00:00:00Z,113657.82947220384,113657.82947220384,0.0,0.008082037544370256
2022-11-16T00:00:00Z,113657.82947220384,113657.82947220384,0.0,0.008082037544370256
2022-11-17T00:00:00Z,113657.82947220384,113657.82947220384,0.0,0.008082037544370256
2022-11-18T00:00:00Z,113657.82947220384,113657.82947220384,0.0,0.008082037544370256
2022-11-19T00:00:00Z,113657.82947220384,113657.82947220384,0.0,0.008082037544370256
2022-11-20T00:00:00Z,113657.82947220384,113657.82947220384,0.0,0.008082037544370256
2022-11-21T00:00:00Z,113657.82947220384,113657.82947220384,0.0,0.008082037544370256
2022-11-22T00:00:00Z,113657.82947220384,113657.82947220384,0.0,0.008082037544370256
2022-11-23T00:00:00Z,113657.82947220384,113657.82947220384,0.0,0.008082037544370256
2022-11-24T00:00:00Z,113657.82947220384,113657.82947220384,0.0,0.008082037544370256
2022-11-25T00:00:00Z,113657.82947220384,113657.82947220384,0.0,0.008082037544370256
2022-11-26T00:00:00Z,113657.82947220384,113657.82947220384,0.0,0.008082037544370256
2022-11-27T00:00:00Z,113657.82947220384,113657.82947220384,0.0,0.008082037544370256
2022-11-28T00:00:00Z,113657.82947220384,113657.82947220384,0.0,0.008082037544370256
2022-11-29T00:00:00Z,113657.82947220384,113657.82947220384,0.0,0.008082037544370256
2022-11-30T00:00:00Z,113657.82947220384,113657.82947220384,0.0,0.008082037544370256
2022-12-01T00:00:00Z,113657.82947220384,113657.82947220384,0.0,0.008082037544370256
2022-12-02T00:00:00Z,113657.82947220384,113657.82947220384,0.0,0.008082037544370256
2022-12-03T00:00:00Z,113657.82947220384,113657.82947220384,0.0,0.008082037544370256
2022-12-04T00:00:00Z,113657.82947220384,113657.82947220384,0.0,0.008082037544370256
2022-12-05T00:00:00Z,113657.82947220384,113657.82947220384,0.0,0.008082037544370256
2022-12-06T00:00:00Z,113657.82947220384,113657.82947220384,0.0,0.008082037544370256
2022-12-07T00:00:00Z,113657.82947220384,113657.82947220384,0.0,0.008082037544370256
2022-12-08T00:00:00Z,113657.82947220384,113657.82947220384,0.0,0.008082037544370256
2022-12-09T00:00:00Z,113657.82947220384,113657.82947220384,0.0,0.008082037544370256
2022-12-10T00:00:00Z,113657.82947220384,113657.82947220384,0.0,0.008082037544370256
2022-12-11T00:00:00Z,113657.82947220384,113657.82947220384,0.0,0.008082037544370256
2022-12-12T00:00:00Z,113657.82947220384,113657.82947220384,0.0,0.008082037544370256
2022-12-13T00:00:00Z,113657.82947220384,113657.82947220384,0.0,0.008082037544370256
2022-12-14T00:00:00Z,113657.82947220384,113657.82947220384,0.0,0.008082037544370256
2022-12-15T00:00:00Z,113657.82947220384,113657.82947220384,0.0,0.008082037544370256
2022-12-16T00:00:00Z,113657.82947220384,113657.82947220384,0.0,0.008082037544370256
2022-12-17T00:00:00Z,113657.82947220384,113657.82947220384,0.0,0.008082037544370256
2022-12-18T00:00:00Z,113657.82947220384,113657.82947220384,0.0,0.008082037544370256
2022-12-19T00:00:00Z,113657.82947220384,113657.82947220384,0.0,0.008082037544370256
2022-12-20T00:00:00Z,113657.82947220384,113657.82947220384,0.0,0.008082037544370256
2022-12-21T00:00:00Z,113657.82947220384,113657.82947220384,0.0,0.008082037544370256
2022-12-22T00:00:00Z,113657.82947220384,113657.82947220384,0.0,0.008082037544370256
2022-12-23T00:00:00Z,113657.82947220384,113657.82947220384,0.0,0.008082037544370256
2022-12-24T00:00:00Z,113657.82947220384,113657.82947220384,0.0,0.008082037544370256
2022-12-25T00:00:00Z,113657.82947220384,113657.82947220384,0.0,0.008082037544370256
2022-12-26T00:00:00Z,113657.82947220384,113657.82947220384,0.0,0.008082037544370256
2022-12-27T00:00:00Z,113657.82947220384,113657.82947220384,0.0,0.008082037544370256
2022-12-28T00:00:00Z,113657.82947220384,113657.82947220384,0.0,0.008082037544370256
2022-12-29T00:00:00Z,113657.82947220384,113657.82947220384,0.0,0.008082037544370256
2022-12-30T00:00:00Z,113657.82947220384,113657.82947220384,0.0,0.008082037544370256
2022-12-31T00:00:00Z,113657.82947220384,113657.82947220384,0.0,0.008082037544370256
2023-01-01T00:00:00Z,113657.82947220384,113657.82947220384,0.0,0.008082037544370256
2023-01-02T00:00:00Z,113657.82947220384,113657.82947220384,0.0,0.008082037544370256
2023-01-03T00:00:00Z,113657.82947220384,113657.82947220384,0.0,0.008082037544370256
2023-01-04T00:00:00Z,113657.82947220384,113657.82947220384,0.0,0.008082037544370256
2023-01-05T00:00:00Z,113657.82947220384,113657.82947220384,0.0,0.008082037544370256
2023-01-06T00:00:00Z,113657.82947220384,113657.82947220384,0.0,0.008082037544370256
2023-01-07T00:00:00Z,113657.82947220384,113657.82947220384,0.0,0.008082037544370256
2023-01-08T00:00:00Z,113657.82947220384,113657.82947220384,0.0,0.008082037544370256
2023-01-09T00:00:00Z,113657.82947220384,113657.82947220384,0.0,0.008082037544370256
2023-01-10T00:00:00Z,113657.82947220384,113657.82947220384,0.0,0.008082037544370256
2023-01-11T00:00:00Z,113657.82947220384,113657.82947220384,0.0,0.008082037544370256
2023-01-12T00:00:00Z,113657.82947220384,113657.82947220384,0.0,0.008082037544370256
2023-01-13T00:00:00Z,113657.82947220384,113657.82947220384,0.0,0.008082037544370256
2023-01-14T00:00:00Z,113657.82947220384,113657.82947220384,0.0,0.008082037544370256
2023-01-15T00:00:00Z,113657.82947220384,113657.82947220384,0.0,0.008082037544370256
2023-01-16T00:00:00Z,113657.82947220384,113657.82947220384,0.0,0.008082037544370256
2023-01-17T00:00:00Z,113657.82947220384,113657.82947220384,0.0,0.008082037544370256
2023-01-18T00:00:00Z,113657.82947220384,113657.82947220384,0.0,0.008082037544370256
2023-01-19T00:00:00Z,113657.82947220384,113657.82947220384,0.0,0.008082037544370256
2023-01-20T00:00:00Z,113657.82947220384,113657.82947220384,0.0,0.008082037544370256
2023-01-21T00:00:00Z,113657.82947220384,113657.82947220384,0.0,0.008082037544370256
2023-01-22T00:00:00Z,113657.82947220384,113657.82947220384,0.0,0.008082037544370256
2023-01-23T00:00:00Z,113657.82947220384,113657.82947220384,0.0,0.008082037544370256
2023-01-24T00:00:00Z,113657.82947220384,113657.82947220384,0.0,0.008082037544370256
2023-01-25T00:00:00Z,113657.82947220384,113657.82947220384,0.0,0.008082037544370256
2023-01-26T00:00:00Z,113657.82947220384,113657.82947220384,0.0,0.008082037544370256
2023-01-27T00:00:00Z,113657.82947220384,113657.82947220384,0.0,0.008082037544370256
2023-01-28T00:00:00Z,113657.82947220384,113657.82947220384,0.0,0.008082037544370256
2023-01-29T00:00:00Z,113657.82947220384,113657.82947220384,0.0,0.008082037544370256
2023-01-30T00:00:00Z,113657.82947220384,113657.82947220384,0.0,0.008082037544370256
2023-01-31T00:00:00Z,113657.82947220384,113657.82947220384,0.0,0.008082037544370256
2023-02-01T00:00:00Z,113657.82947220384,113657.82947220384,0.0,0.008082037544370256
2023-02-02T00:00:00Z,113657.82947220384,113657.82947220384,0.0,0.008082037544370256
2023-02-03T00:00:00Z,113657.82947220384,113657.82947220384,0.0,0.008082037544370256
2023-02-04T00:00:00Z,113657.82947220384,113657.82947220384,0.0,0.008082037544370256
2023-02-05T00:00:00Z,113657.82947220384,113657.82947220384,0.0,0.008082037544370256
2023-02-06T00:00:00Z,113657.82947220384,113657.82947220384,0.0,0.008082037544370256
2023-02-07T00:00:00Z,113657.82947220384,113657.82947220384,0.0,0.008082037544370256
2023-02-08T00:00:00Z,113657.82947220384,113657.82947220384,0.0,0.008082037544370256
2023-02-09T00:00:00Z,113657.82947220384,113657.82947220384,0.0,0.008082037544370256
2023-02-10T00:00:00Z,113657.82947220384,113657.82947220384,0.0,0.008082037544370256
2023-02-11T00:00:00Z,113657.82947220384,113657.82947220384,0.0,0.008082037544370256
2023-02-12T00:00:00Z,113657.82947220384,113657.82947220384,0.0,0.008082037544370256
2023-02-13T00:00:00Z,113657.82947220384,113657.82947220384,0.0,0.008082037544370256
2023-02-14T00:00:00Z,113657.82947220384,113657.82947220384,0.0,0.008082037544370256
2023-02-15T00:00:00Z,113657.82947220384,113657.82947220384,0.0,0.008082037544370256
2023-02-16T00:00:00Z,113657.82947220384,113657.82947220384,0.0,0.008082037544370256
2023-02-17T00:00:00Z,113657.82947220384,113657.82947220384,0.0,0.008082037544370256
2023-02-18T00:00:00Z,113657.82947220384,113657.82947220384,0.0,0.008082037544370256
2023-02-19T00:00:00Z,113657.82947220384,113657.82947220384,0.0,0.008082037544370256
2023-02-20T00:00:00Z,113657.82947220384,113657.82947220384,0.0,0.008082037544370256
2023-02-21T00:00:00Z,113657.82947220384,113657.82947220384,0.0,0.008082037544370256
2023-02-22T00:00:00Z,113657.82947220384,113657.82947220384,0.0,0.008082037544370256
2023-02-23T00:00:00Z,113657.82947220384,113657.82947220384,0.0,0.008082037544370256
2023-02-24T00:00:00Z,113657.82947220384,113657.82947220384,0.0,0.008082037544370256
2023-02-25T00:00:00Z,113657.82947220384,113657.82947220384,0.0,0.008082037544370256
2023-02-26T00:00:00Z,113657.82947220384,113657.82947220384,0.0,0.008082037544370256
2023-02-27T00:00:00Z,113657.82947220384,113657.82947220384,0.0,0.008082037544370256
2023-02-28T00:00:00Z,113657.82947220384,113657.82947220384,0.0,0.008082037544370256
2023-03-01T00:00:00Z,113657.82947220384,113657.82947220384,0.0,0.008082037544370256
2023-03-02T00:00:00Z,113657.82947220384,113657.82947220384,0.0,0.008082037544370256
2023-03-03T00:00:00Z,113657.82947220384,113657.82947220384,0.0,0.008082037544370256
2023-03-04T00:00:00Z,113657.82947220384,113657.82947220384,0.0,0.008082037544370256
2023-03-05T00:00:00Z,113657.82947220384,113657.82947220384,0.0,0.008082037544370256
2023-03-06T00:00:00Z,113657.82947220384,113657.82947220384,0.0,0.008082037544370256
2023-03-07T00:00:00Z,113657.82947220384,113657.82947220384,0.0,0.008082037544370256
2023-03-08T00:00:00Z,113657.82947220384,113657.82947220384,0.0,0.008082037544370256
2023-03-09T00:00:00Z,113657.82947220384,113657.82947220384,0.0,0.008082037544370256
2023-03-10T00:00:00Z,113657.82947220384,113657.82947220384,0.0,0.008082037544370256
2023-03-11T00:00:00Z,113657.82947220384,113657.82947220384,0.0,0.008082037544370256
2023-03-12T00:00:00Z,113657.82947220384,113657.82947220384,0.0,0.008082037544370256
2023-03-13T00:00:00Z,113657.82947220384,113657.82947220384,0.0,0.008082037544370256
2023-03-14T00:00:00Z,113657.82947220384,113657.82947220384,0.0,0.008082037544370256
2023-03-15T00:00:00Z,113657.82947220384,113657.82947220384,0.0,0.008082037544370256
2023-03-16T00:00:00Z,113657.82947220384,113657.82947220384,0.0,0.008082037544370256
2023-03-17T00:00:00Z,113657.82947220384,113657.82947220384,0.0,0.008082037544370256
2023-03-18T00:00:00Z,113657.82947220384,113657.82947220384,0.0,0.008082037544370256
2023-03-19T00:00:00Z,113657.82947220384,113657.82947220384,0.0,0.008082037544370256
2023-03-20T00:00:00Z,113657.82947220384,113657.82947220384,0.0,0.008082037544370256
2023-03-21T00:00:00Z,113657.82947220384,113657.82947220384,0.0,0.008082037544370256
2023-03-22T00:00:00Z,113657.82947220384,113657.82947220384,0.0,0.008082037544370256
2023-03-23T00:00:00Z,113657.82947220384,113657.82947220384,0.0,0.008082037544370256
2023-03-24T00:00:00Z,113657.82947220384,113657.82947220384,0.0,0.008082037544370256
2023-03-25T00:00:00Z,113657.82947220384,113657.82947220384,0.0,0.008082037544370256
2023-03-26T00:00:00Z,113657.82947220384,113657.82947220384,0.0,0.008082037544370256
2023-03-27T00:00:00Z,113657.82947220384,113657.82947220384,0.0,0.008082037544370256
2023-03-28T00:00:00Z,113657.82947220384,113657.82947220384,0.0,0.008082037544370256
2023-03-29T00:00:00Z,113657.82947220384,113657.82947220384,0.0,0.008082037544370256
2023-03-30T00:00:00Z,113657.82947220384,113657.82947220384,0.0,0.008082037544370256
2023-03-31T00:00:00Z,113657.82947220384,113657.82947220384,0.0,0.008082037544370256
2023-04-01T00:00:00Z,113657.82947220384,113657.82947220384,0.0,0.008082037544370256
2023-04-02T00:00:00Z,113657.82947220384,113657.82947220384,0.0,0.008082037544370256
2023-04-03T00:00:00Z,113657.82947220384,113657.82947220384,0.0,0.008082037544370256
2023-04-04T00:00:00Z,113657.82947220384,113657.82947220384,0.0,0.008082037544370256
2023-04-05T00:00:00Z,113657.82947220384,113657.82947220384,0.0,0.008082037544370256
2023-04-06T00:00:00Z,113657.82947220384,113657.82947220384,0.0,0.008082037544370256
2023-04-07T00:00:00Z,113657.82947220384,113657.82947220384,0.0,0.008082037544370256
2023-04-08T00:00:00Z,113657.82947220384,113657.82947220384,0.0,0.008082037544370256
2023-04-09T00:00:00Z,113657.82947220384,113657.82947220384,0.0,0.008082037544370256
2023-04-10T00:00:00Z,113657.82947220384,113657.82947220384,0.0,0.008082037544370256
2023-04-11T00:00:00Z,113657.82947220384,113657.82947220384,0.0,0.008082037544370256
2023-04-12T00:00:00Z,113657.82947220384,113657.82947220384,0.0,0.008082037544370256
2023-04-13T00:00:00Z,113657.82947220384,113657.82947220384,0.0,0.008082037544370256
2023-04-14T00:00:00Z,113657.82947220384,113657.82947220384,0.0,0.008082037544370256
2023-04-15T00:00:00Z,113657.82947220384,113657.82947220384,0.0,0.008082037544370256
2023-04-16T00:00:00Z,113657.82947220384,113657.82947220384,0.0,0.008082037544370256
2023-04-17T00:00:00Z,113657.82947220384,113657.82947220384,0.0,0.008082037544370256
2023-04-18T00:00:00Z,113657.82947220384,113657.82947220384,0.0,0.008082037544370256
2023-04-19T00:00:00Z,113657.82947220384,113657.82947220384,0.0,0.008082037544370256
2023-04-20T00:00:00Z,113657.82947220384,113657.82947220384,0.0,0.008082037544370256
2023-04-21T00:00:00Z,113657.82947220384,113657.82947220384,0.0,0.008082037544370256
2023-04-22T00:00:00Z,113657.82947220384,113657.82947220384,0.0,0.008082037544370256
2023-04-23T00:00:00Z,113657.82947220384,113657.82947220384,0.0,0.008082037544370256
2023-04-24T00:00:00Z,113657.82947220384,113657.82947220384,0.0,0.008082037544370256
2023-04-25T00:00:00Z,113657.82947220384,113657.82947220384,0.0,0.008082037544370256
2023-04-26T00:00:00Z,113657.82947220384,113657.82947220384,0.0,0.008082037544370256
2023-04-27T00:00:00Z,113657.82947220384,113657.82947220384,0.0,0.008082037544370256
2023-04-28T00:00:00Z,113657.82947220384,113657.82947220384,0.0,0.008082037544370256
2023-04-29T00:00:00Z,113657.82947220384,113657.82947220384,0.0,0.008082037544370256
2023-04-30T00:00:00Z,113657.82947220384,113657.82947220384,0.0,0.008082037544370256
2023-05-01T00:00:00Z,113657.82947220384,113657.82947220384,0.0,0.008082037544370256
2023-05-02T00:00:00Z,113657.82947220384,113657.82947220384,0.0,0.008082037544370256
2023-05-03T00:00:00Z,113657.82947220384,113657.82947220384,0.0,0.008082037544370256
2023-05-04T00:00:00Z,113657.82947220384,113657.82947220384,0.0,0.008082037544370256
2023-05-05T00:00:00Z,113657.82947220384,113657.82947220384,0.0,0.008082037544370256
2023-05-06T00:00:00Z,113657.82947220384,113657.82947220384,0.0,0.008082037544370256
2023-05-07T00:00:00Z,113657.82947220384,113657.82947220384,0.0,0.008082037544370256
2023-05-08T00:00:00Z,113657.82947220384,113657.82947220384,0.0,0.008082037544370256
2023-05-09T00:00:00Z,113657.82947220384,113657.82947220384,0.0,0.008082037544370256
2023-05-10T00:00:00Z,113657.82947220384,113657.82947220384,0.0,0.008082037544370256
2023-05-11T00:00:00Z,113657.82947220384,113657.82947220384,0.0,0.008082037544370256
2023-05-12T00:00:00Z,113657.82947220384,113657.82947220384,0.0,0.008082037544370256
2023-05-13T00:00:00Z,113657.82947220384,113657.82947220384,0.0,0.008082037544370256
2023-05-14T00:00:00Z,113657.82947220384,113657.82947220384,0.0,0.008082037544370256
2023-05-15T00:00:00Z,113657.82947220384,113657.82947220384,0.0,0.008082037544370256
2023-05-16T00:00:00Z,113657.82947220384,113657.82947220384,0.0,0.008082037544370256
2023-05-17T00:00:00Z,113657.82947220384,113657.82947220384,0.0,0.008082037544370256
2023-05-18T00:00:00Z,113657.82947220384,113657.82947220384,0.0,0.008082037544370256
2023-05-19T00:00:00Z,113657.82947220384,113657.82947220384,0.0,0.008082037544370256
2023-05-20T00:00:00Z,113657.82947220384,113657.82947220384,0.0,0.008082037544370256
2023-05-21T00:00:00Z,113657.82947220384,113657.82947220384,0.0,0.008082037544370256
2023-05-22T00:00:00Z,113657.82947220384,113657.82947220384,0.0,0.008082037544370256
2023-05-23T00:00:00Z,113657.82947220384,113657.82947220384,0.0,0.008082037544370256
2023-05-24T00:00:00Z,113657.82947220384,113657.82947220384,0.0,0.008082037544370256
2023-05-25T00:00:00Z,113657.82947220384,113657.82947220384,0.0,0.008082037544370256
2023-05-26T00:00:00Z,113657.82947220384,113657.82947220384,0.0,0.008082037544370256
2023-05-27T00:00:00Z,113657.82947220384,113657.82947220384,0.0,0.008082037544370256
2023-05-28T00:00:00Z,113657.82947220384,113657.82947220384,0.0,0.008082037544370256
2023-05-29T00:00:00Z,113657.82947220384,113657.82947220384,0.0,0.008082037544370256
2023-05-30T00:00:00Z,113657.82947220384,113657.82947220384,0.0,0.008082037544370256
2023-05-31T00:00:00Z,113657.82947220384,113657.82947220384,0.0,0.008082037544370256
2023-06-01T00:00:00Z,113657.82947220384,113657.82947220384,0.0,0.008082037544370256
2023-06-02T00:00:00Z,113657.82947220384,113657.82947220384,0.0,0.008082037544370256
2023-06-03T00:00:00Z,113657.82947220384,113657.82947220384,0.0,0.008082037544370256
2023-06-04T00:00:00Z,113657.82947220384,113657.82947220384,0.0,0.008082037544370256
2023-06-05T00:00:00Z,113657.82947220384,113657.82947220384,0.0,0.008082037544370256
2023-06-06T00:00:00Z,113657.82947220384,113657.82947220384,0.0,0.008082037544370256
2023-06-07T00:00:00Z,113657.82947220384,113657.82947220384,0.0,0.008082037544370256
2023-06-08T00:00:00Z,113657.82947220384,113657.82947220384,0.0,0.008082037544370256
2023-06-09T00:00:00Z,113657.82947220384,113657.82947220384,0.0,0.008082037544370256
2023-06-10T00:00:00Z,113657.82947220384,113657.82947220384,0.0,0.008082037544370256
2023-06-11T00:00:00Z,113657.82947220384,113657.82947220384,0.0,0.008082037544370256
2023-06-12T00:00:00Z,113657.82947220384,113657.82947220384,0.0,0.008082037544370256
2023-06-13T00:00:00Z,113657.82947220384,113657.82947220384,0.0,0.008082037544370256
2023-06-14T00:00:00Z,113657.82947220384,113657.82947220384,0.0,0.008082037544370256
2023-06-15T00:00:00Z,113657.82947220384,113657.82947220384,0.0,0.008082037544370256
2023-06-16T00:00:00Z,113657.82947220384,113657.82947220384,0.0,0.008082037544370256
2023-06-17T00:00:00Z,113657.82947220384,113657.82947220384,0.0,0.008082037544370256
2023-06-18T00:00:00Z,113657.82947220384,113657.82947220384,0.0,0.008082037544370256
2023-06-19T00:00:00Z,113657.82947220384,113657.82947220384,0.0,0.008082037544370256
2023-06-20T00:00:00Z,113657.82947220384,113657.82947220384,0.0,0.008082037544370256
2023-06-21T00:00:00Z,113657.82947220384,113657.82947220384,0.0,0.008082037544370256
2023-06-22T00:00:00Z,113657.82947220384,113657.82947220384,0.0,0.008082037544370256
2023-06-23T00:00:00Z,113657.82947220384,113657.82947220384,0.0,0.008082037544370256
2023-06-24T00:00:00Z,113657.82947220384,113657.82947220384,0.0,0.008082037544370256
2023-06-25T00:00:00Z,113657.82947220384,113657.82947220384,0.0,0.008082037544370256
2023-06-26T00:00:00Z,113657.82947220384,113657.82947220384,0.0,0.008082037544370256
2023-06-27T00:00:00Z,113657.82947220384,113657.82947220384,0.0,0.008082037544370256
2023-06-28T00:00:00Z,113657.82947220384,113657.82947220384,0.0,0.008082037544370256
2023-06-29T00:00:00Z,113657.82947220384,113657.82947220384,0.0,0.008082037544370256
2023-06-30T00:00:00Z,113657.82947220384,113657.82947220384,0.0,0.008082037544370256
2023-07-01T00:00:00Z,113657.82947220384,113657.82947220384,0.0,0.008082037544370256
2023-07-02T00:00:00Z,113657.82947220384,113657.82947220384,0.0,0.008082037544370256
2023-07-03T00:00:00Z,113657.82947220384,113657.82947220384,0.0,0.008082037544370256
2023-07-04T00:00:00Z,113657.82947220384,113657.82947220384,0.0,0.008082037544370256
2023-07-05T00:00:00Z,113657.82947220384,113657.82947220384,0.0,0.008082037544370256
2023-07-06T00:00:00Z,113657.82947220384,113657.82947220384,0.0,0.008082037544370256
2023-07-07T00:00:00Z,113657.82947220384,113657.82947220384,0.0,0.008082037544370256
2023-07-08T00:00:00Z,113657.82947220384,113657.82947220384,0.0,0.008082037544370256
2023-07-09T00:00:00Z,113657.82947220384,113657.82947220384,0.0,0.008082037544370256
2023-07-10T00:00:00Z,113657.82947220384,113657.82947220384,0.0,0.008082037544370256
2023-07-11T00:00:00Z,113657.82947220384,113657.82947220384,0.0,0.008082037544370256
2023-07-12T00:00:00Z,113657.82947220384,113657.82947220384,0.0,0.008082037544370256
2023-07-13T00:00:00Z,113657.82947220384,113657.82947220384,0.0,0.008082037544370256
2023-07-14T00:00:00Z,113657.82947220384,113657.82947220384,0.0,0.008082037544370256
2023-07-15T00:00:00Z,113657.82947220384,113657.82947220384,0.0,0.008082037544370256
2023-07-16T00:00:00Z,113657.82947220384,113657.82947220384,0.0,0.008082037544370256
2023-07-17T00:00:00Z,113657.82947220384,113657.82947220384,0.0,0.008082037544370256
2023-07-18T00:00:00Z,113657.82947220384,113657.82947220384,0.0,0.008082037544370256
2023-07-19T00:00:00Z,113657.82947220384,113657.82947220384,0.0,0.008082037544370256
2023-07-20T00:00:00Z,113657.82947220384,113657.82947220384,0.0,0.008082037544370256
2023-07-21T00:00:00Z,113657.82947220384,113657.82947220384,0.0,0.008082037544370256
2023-07-22T00:00:00Z,113657.82947220384,113657.82947220384,0.0,0.008082037544370256
2023-07-23T00:00:00Z,113657.82947220384,113657.82947220384,0.0,0.008082037544370256
2023-07-24T00:00:00Z,113657.82947220384,113657.82947220384,0.0,0.008082037544370256
2023-07-25T00:00:00Z,113657.82947220384,113657.82947220384,0.0,0.008082037544370256
2023-07-26T00:00:00Z,113657.82947220384,113657.82947220384,0.0,0.008082037544370256
2023-07-27T00:00:00Z,113657.82947220384,113657.82947220384,0.0,0.008082037544370256
2023-07-28T00:00:00Z,113657.82947220384,113657.82947220384,0.0,0.008082037544370256
2023-07-29T00:00:00Z,113657.82947220384,113657.82947220384,0.0,0.008082037544370256
2023-07-30T00:00:00Z,113657.82947220384,113657.82947220384,0.0,0.008082037544370256
2023-07-31T00:00:00Z,113657.82947220384,113657.82947220384,0.0,0.008082037544370256
2023-08-01T00:00:00Z,113657.82947220384,113657.82947220384,0.0,0.008082037544370256
2023-08-02T00:00:00Z,113657.82947220384,113657.82947220384,0.0,0.008082037544370256
2023-08-03T00:00:00Z,113657.82947220384,113657.82947220384,0.0,0.008082037544370256
2023-08-04T00:00:00Z,113657.82947220384,113657.82947220384,0.0,0.008082037544370256
2023-08-05T00:00:00Z,113657.82947220384,113657.82947220384,0.0,0.008082037544370256
2023-08-06T00:00:00Z,113657.82947220384,113657.82947220384,0.0,0.008082037544370256
2023-08-07T00:00:00Z,113657.82947220384,113657.82947220384,0.0,0.008082037544370256
2023-08-08T00:00:00Z,113657.82947220384,113657.82947220384,0.0,0.008082037544370256
2023-08-09T00:00:00Z,113657.82947220384,113657.82947220384,0.0,0.008082037544370256
2023-08-10T00:00:00Z,113657.82947220384,113657.82947220384,0.0,0.008082037544370256
2023-08-11T00:00:00Z,113657.82947220384,113657.82947220384,0.0,0.008082037544370256
2023-08-12T00:00:00Z,113657.82947220384,113657.82947220384,0.0,0.008082037544370256
2023-08-13T00:00:00Z,113657.82947220384,113657.82947220384,0.0,0.008082037544370256
2023-08-14T00:00:00Z,113657.82947220384,113657.82947220384,0.0,0.008082037544370256
2023-08-15T00:00:00Z,113657.82947220384,113657.82947220384,0.0,0.008082037544370256
2023-08-16T00:00:00Z,113657.82947220384,113657.82947220384,0.0,0.008082037544370256
2023-08-17T00:00:00Z,113657.82947220384,113657.82947220384,0.0,0.008082037544370256
2023-08-18T00:00:00Z,113657.82947220384,113657.82947220384,0.0,0.008082037544370256
2023-08-19T00:00:00Z,113657.82947220384,113657.82947220384,0.0,0.008082037544370256
2023-08-20T00:00:00Z,113657.82947220384,113657.82947220384,0.0,0.008082037544370256
2023-08-21T00:00:00Z,113657.82947220384,113657.82947220384,0.0,0.008082037544370256
2023-08-22T00:00:00Z,113657.82947220384,113657.82947220384,0.0,0.008082037544370256
2023-08-23T00:00:00Z,113657.82947220384,113657.82947220384,0.0,0.008082037544370256
2023-08-24T00:00:00Z,113657.82947220384,113657.82947220384,0.0,0.008082037544370256
2023-08-25T00:00:00Z,113657.82947220384,113657.82947220384,0.0,0.008082037544370256
2023-08-26T00:00:00Z,113657.82947220384,113657.82947220384,0.0,0.008082037544370256
2023-08-27T00:00:00Z,113657.82947220384,113657.82947220384,0.0,0.008082037544370256
2023-08-28T00:00:00Z,113657.82947220384,113657.82947220384,0.0,0.008082037544370256
2023-08-29T00:00:00Z,113657.82947220384,113657.82947220384,0.0,0.008082037544370256
2023-08-30T00:00:00Z,113657.82947220384,113657.82947220384,0.0,0.008082037544370256
2023-08-31T00:00:00Z,113657.82947220384,113657.82947220384,0.0,0.008082037544370256
2023-09-01T00:00:00Z,113657.82947220384,113657.82947220384,0.0,0.008082037544370256
2023-09-02T00:00:00Z,113657.82947220384,113657.82947220384,0.0,0.008082037544370256
2023-09-03T00:00:00Z,113657.82947220384,113657.82947220384,0.0,0.008082037544370256
2023-09-04T00:00:00Z,113657.82947220384,113657.82947220384,0.0,0.008082037544370256
2023-09-05T00:00:00Z,113657.82947220384,113657.82947220384,0.0,0.008082037544370256
2023-09-06T00:00:00Z,113657.82947220384,113657.82947220384,0.0,0.008082037544370256
2023-09-07T00:00:00Z,113657.82947220384,113657.82947220384,0.0,0.008082037544370256
2023-09-08T00:00:00Z,113657.82947220384,113657.82947220384,0.0,0.008082037544370256
2023-09-09T00:00:00Z,113657.82947220384,113657.82947220384,0.0,0.008082037544370256
2023-09-10T00:00:00Z,113657.82947220384,113657.82947220384,0.0,0.008082037544370256
2023-09-11T00:00:00Z,113657.82947220384,113657.82947220384,0.0,0.008082037544370256
2023-09-12T00:00:00Z,113657.82947220384,113657.82947220384,0.0,0.008082037544370256
2023-09-13T00:00:00Z,113657.82947220384,113657.82947220384,0.0,0.008082037544370256
2023-09-14T00:00:00Z,113657.82947220384,113657.82947220384,0.0,0.008082037544370256
2023-09-15T00:00:00Z,113657.82947220384,113657.82947220384,0.0,0.008082037544370256
2023-09-16T00:00:00Z,113657.82947220384,113657.82947220384,0.0,0.008082037544370256
2023-09-17T00:00:00Z,113657.82947220384,113657.82947220384,0.0,0.008082037544370256
2023-09-18T00:00:00Z,113657.82947220384,113657.82947220384,0.0,0.008082037544370256
2023-09-19T00:00:00Z,113657.82947220384,113657.82947220384,0.0,0.008082037544370256
2023-09-20T00:00:00Z,113657.82947220384,113657.82947220384,0.0,0.008082037544370256
2023-09-21T00:00:00Z,113657.82947220384,113657.82947220384,0.0,0.008082037544370256
2023-09-22T00:00:00Z,113657.82947220384,113657.82947220384,0.0,0.008082037544370256
2023-09-23T00:00:00Z,113657.82947220384,113657.82947220384,0.0,0.008082037544370256
2023-09-24T00:00:00Z,113657.82947220384,113657.82947220384,0.0,0.008082037544370256
2023-09-25T00:00:00Z,113657.82947220384,113657.82947220384,0.0,0.008082037544370256
2023-09-26T00:00:00Z,113657.82947220384,113657.82947220384,0.0,0.008082037544370256
2023-09-27T00:00:00Z,113657.82947220384,113657.82947220384,0.0,0.008082037544370256
2023-09-28T00:00:00Z,113657.82947220384,113657.82947220384,0.0,0.008082037544370256
2023-09-29T00:00:00Z,113657.82947220384,113657.82947220384,0.0,0.008082037544370256
2023-09-30T00:00:00Z,113657.82947220384,113657.82947220384,0.0,0.008082037544370256
2023-10-01T00:00:00Z,113657.82947220384,113657.82947220384,0.0,0.008082037544370256
2023-10-02T00:00:00Z,113657.82947220384,113657.82947220384,0.0,0.008082037544370256
2023-10-03T00:00:00Z,113657.82947220384,113657.82947220384,0.0,0.008082037544370256
2023-10-04T00:00:00Z,113657.82947220384,113657.82947220384,0.0,0.008082037544370256
2023-10-05T00:00:00Z,113657.82947220384,113657.82947220384,0.0,0.008082037544370256
2023-10-06T00:00:00Z,113657.82947220384,113657.82947220384,0.0,0.008082037544370256
2023-10-07T00:00:00Z,113657.82947220384,113657.82947220384,0.0,0.008082037544370256
2023-10-08T00:00:00Z,113657.82947220384,113657.82947220384,0.0,0.008082037544370256
2023-10-09T00:00:00Z,113657.82947220384,113657.82947220384,0.0,0.008082037544370256
2023-10-10T00:00:00Z,113657.82947220384,113657.82947220384,0.0,0.008082037544370256
2023-10-11T00:00:00Z,113657.82947220384,113657.82947220384,0.0,0.008082037544370256
2023-10-12T00:00:00Z,113657.82947220384,113657.82947220384,0.0,0.008082037544370256
2023-10-13T00:00:00Z,113657.82947220384,113657.82947220384,0.0,0.008082037544370256
2023-10-14T00:00:00Z,113657.82947220384,113657.82947220384,0.0,0.008082037544370256
2023-10-15T00:00:00Z,113657.82947220384,113657.82947220384,0.0,0.008082037544370256
2023-10-16T00:00:00Z,113657.82947220384,113657.82947220384,0.0,0.008082037544370256
2023-10-17T00:00:00Z,113657.82947220384,113657.82947220384,0.0,0.008082037544370256
2023-10-18T00:00:00Z,113657.82947220384,113657.82947220384,0.0,0.008082037544370256
2023-10-19T00:00:00Z,113657.82947220384,113657.82947220384,0.0,0.008082037544370256
2023-10-20T00:00:00Z,113657.82947220384,113657.82947220384,0.0,0.008082037544370256
2023-10-21T00:00:00Z,113657.82947220384,113657.82947220384,0.0,0.008082037544370256
2023-10-22T00:00:00Z,113657.82947220384,113657.82947220384,0.0,0.008082037544370256
2023-10-23T00:00:00Z,113657.82947220384,113657.82947220384,0.0,0.008082037544370256
2023-10-24T00:00:00Z,113657.82947220384,113657.82947220384,0.0,0.008082037544370256
2023-10-25T00:00:00Z,113657.82947220384,113657.82947220384,0.0,0.008082037544370256
2023-10-26T00:00:00Z,113657.82947220384,113657.82947220384,0.0,0.008082037544370256
2023-10-27T00:00:00Z,113657.82947220384,113657.82947220384,0.0,0.008082037544370256
2023-10-28T00:00:00Z,113657.82947220384,113657.82947220384,0.0,0.008082037544370256
2023-10-29T00:00:00Z,113657.82947220384,113657.82947220384,0.0,0.008082037544370256
2023-10-30T00:00:00Z,113657.82947220384,113657.82947220384,0.0,0.008082037544370256
2023-10-31T00:00:00Z,113657.82947220384,113657.82947220384,0.0,0.008082037544370256
2023-11-01T00:00:00Z,113657.82947220384,113657.82947220384,0.0,0.008082037544370256
2023-11-02T00:00:00Z,113657.82947220384,113657.82947220384,0.0,0.008082037544370256
2023-11-03T00:00:00Z,113657.82947220384,113657.82947220384,0.0,0.008082037544370256
2023-11-04T00:00:00Z,113657.82947220384,113657.82947220384,0.0,0.008082037544370256
2023-11-05T00:00:00Z,113657.82947220384,113657.82947220384,0.0,0.008082037544370256
2023-11-06T00:00:00Z,113657.82947220384,113657.82947220384,0.0,0.008082037544370256
2023-11-07T00:00:00Z,113657.82947220384,113657.82947220384,0.0,0.008082037544370256
2023-11-08T00:00:00Z,113657.82947220384,113657.82947220384,0.0,0.008082037544370256
2023-11-09T00:00:00Z,113657.82947220384,113657.82947220384,0.0,0.008082037544370256
2023-11-10T00:00:00Z,113657.82947220384,113657.82947220384,0.0,0.008082037544370256
2023-11-11T00:00:00Z,113657.82947220384,113657.82947220384,0.0,0.008082037544370256
2023-11-12T00:00:00Z,113657.82947220384,113657.82947220384,0.0,0.008082037544370256
2023-11-13T00:00:00Z,113657.82947220384,113657.82947220384,0.0,0.008082037544370256
2023-11-14T00:00:00Z,113657.82947220384,113657.82947220384,0.0,0.008082037544370256
2023-11-15T00:00:00Z,113657.82947220384,113657.82947220384,0.0,0.008082037544370256
2023-11-16T00:00:00Z,113657.82947220384,113657.82947220384,0.0,0.008082037544370256
2023-11-17T00:00:00Z,113657.82947220384,113657.82947220384,0.0,0.008082037544370256
2023-11-18T00:00:00Z,113657.82947220384,113657.82947220384,0.0,0.008082037544370256
2023-11-19T00:00:00Z,113657.82947220384,113657.82947220384,0.0,0.008082037544370256
2023-11-20T00:00:00Z,113657.82947220384,113657.82947220384,0.0,0.008082037544370256
2023-11-21T00:00:00Z,113657.82947220384,113657.82947220384,0.0,0.008082037544370256
2023-11-22T00:00:00Z,113657.82947220384,113657.82947220384,0.0,0.008082037544370256
2023-11-23T00:00:00Z,113657.82947220384,113657.82947220384,0.0,0.008082037544370256
2023-11-24T00:00:00Z,113657.82947220384,113657.82947220384,0.0,0.008082037544370256
2023-11-25T00:00:00Z,113657.82947220384,113657.82947220384,0.0,0.008082037544370256
2023-11-26T00:00:00Z,113657.82947220384,113657.82947220384,0.0,0.008082037544370256
2023-11-27T00:00:00Z,113657.82947220384,113657.82947220384,0.0,0.008082037544370256
2023-11-28T00:00:00Z,113657.82947220384,113657.82947220384,0.0,0.008082037544370256
2023-11-29T00:00:00Z,113657.82947220384,113657.82947220384,0.0,0.008082037544370256
2023-11-30T00:00:00Z,113657.82947220384,113657.82947220384,0.0,0.008082037544370256
2023-12-01T00:00:00Z,113657.82947220384,113657.82947220384,0.0,0.008082037544370256
2023-12-02T00:00:00Z,113657.82947220384,113657.82947220384,0.0,0.008082037544370256
2023-12-03T00:00:00Z,113657.82947220384,113657.82947220384,0.0,0.008082037544370256
2023-12-04T00:00:00Z,113657.82947220384,113657.82947220384,0.0,0.008082037544370256
2023-12-05T00:00:00Z,113657.82947220384,113657.82947220384,0.0,0.008082037544370256
2023-12-06T00:00:00Z,113657.82947220384,113657.82947220384,0.0,0.008082037544370256
2023-12-07T00:00:00Z,114173.24986539508,99802.19324977497,14371.056615620108,0.003583845483194556
2023-12-08T00:00:00Z,114603.89613642372,99802.19324977497,14801.702886648756,0.0
2023-12-09T00:00:00Z,117525.62346277336,99802.19324977497,17723.43021299839,0.0
2023-12-10T00:00:00Z,118606.75550006077,99802.19324977497,18804.562250285795,0.0
2023-12-11T00:00:00Z,119129.35355523089,99802.19324977497,19327.160305455916,0.0
2023-12-12T00:00:00Z,117690.90923165239,99802.19324977497,17888.715981877427,0.012074642232584658
2023-12-13T00:00:00Z,118591.67930647713,99802.19324977497,18789.486056702175,0.004513364949172486
2023-12-14T00:00:00Z,121478.25050899602,99802.19324977497,21676.057259221045,0.0
2023-12-15T00:00:00Z,120707.12270227178,99802.19324977497,20904.929452496817,0.006347867239552753
2023-12-16T00:00:00Z,119308.80574739107,99802.19324977497,19506.612497616108,0.017858709295819883
2023-12-17T00:00:00Z,119553.4039915667,99802.19324977497,19751.210741791725,0.015845194587213614
2023-12-18T00:00:00Z,118664.33096348785,99802.19324977497,18862.137713712895,0.023163978191304137
2023-12-19T00:00:00Z,119379.80032277945,99802.19324977497,19577.60707300449,0.017274287186587065
2023-12-20T00:00:00Z,118523.31656660659,99802.19324977497,18721.123316831625,0.02432479830758347
2023-12-21T00:00:00Z,118957.47195165901,99802.19324977497,19155.278701884046,0.02075086319382193
2023-12-22T00:00:00Z,120445.23882234942,99802.19324977497,20643.045572574458,0.008503676026928775
2023-12-23T00:00:00Z,120031.91067886403,99802.19324977497,20229.717429089065,0.011906162823977079
2023-12-24T00:00:00Z,119707.83750040924,99802.19324977497,19905.644250634276,0.01457390933083674
2023-12-25T00:00:00Z,119037.56423007199,99802.19324977497,19235.370980297022,0.020091549464183976
2023-12-26T00:00:00Z,120084.80732359276,99802.19324977497,20282.614073817796,0.011470721545335955
2023-12-27T00:00:00Z,119578.35769129131,99802.19324977497,19776.164441516343,0.015639777571245232
2023-12-28T00:00:00Z,120380.06027853748,99802.19324977497,20577.86702876252,0.009040220993116889
2023-12-29T00:00:00Z,120351.44233910753,120351.44233910753,0.0,0.00927580176012699
2023-12-30T00:00:00Z,120351.44233910753,120351.44233910753,0.0,0.00927580176012699
2023-12-31T00:00:00Z,120351.44233910753,120351.44233910753,0.0,0.00927580176012699
2024-01-01T00:00:00Z,120351.44233910753,120351.44233910753,0.0,0.00927580176012699
2024-01-02T00:00:00Z,120351.44233910753,120351.44233910753,0.0,0.00927580176012699
2024-01-03T00:00:00Z,120351.44233910753,120351.44233910753,0.0,0.00927580176012699
2024-01-04T00:00:00Z,120351.44233910753,120351.44233910753,0.0,0.00927580176012699
2024-01-05T00:00:00Z,120351.44233910753,120351.44233910753,0.0,0.00927580176012699
2024-01-06T00:00:00Z,120351.44233910753,120351.44233910753,0.0,0.00927580176012699
2024-01-07T00:00:00Z,120351.44233910753,120351.44233910753,0.0,0.00927580176012699
2024-01-08T00:00:00Z,120351.44233910753,120351.44233910753,0.0,0.00927580176012699
2024-01-09T00:00:00Z,120351.44233910753,120351.44233910753,0.0,0.00927580176012699
2024-01-10T00:00:00Z,120351.44233910753,120351.44233910753,0.0,0.00927580176012699
2024-01-11T00:00:00Z,120351.44233910753,120351.44233910753,0.0,0.00927580176012699
2024-01-12T00:00:00Z,120351.44233910753,120351.44233910753,0.0,0.00927580176012699
2024-01-13T00:00:00Z,120351.44233910753,120351.44233910753,0.0,0.00927580176012699
2024-01-14T00:00:00Z,120351.44233910753,120351.44233910753,0.0,0.00927580176012699
2024-01-15T00:00:00Z,120351.44233910753,120351.44233910753,0.0,0.00927580176012699
2024-01-16T00:00:00Z,120351.44233910753,120351.44233910753,0.0,0.00927580176012699
2024-01-17T00:00:00Z,120351.44233910753,120351.44233910753,0.0,0.00927580176012699
2024-01-18T00:00:00Z,120351.44233910753,120351.44233910753,0.0,0.00927580176012699
2024-01-19T00:00:00Z,120351.44233910753,120351.44233910753,0.0,0.00927580176012699
2024-01-20T00:00:00Z,120351.44233910753,120351.44233910753,0.0,0.00927580176012699
2024-01-21T00:00:00Z,120351.44233910753,120351.44233910753,0.0,0.00927580176012699
2024-01-22T00:00:00Z,120351.44233910753,120351.44233910753,0.0,0.00927580176012699
2024-01-23T00:00:00Z,120351.44233910753,120351.44233910753,0.0,0.00927580176012699
2024-01-24T00:00:00Z,120351.44233910753,120351.44233910753,0.0,0.00927580176012699
2024-01-25T00:00:00Z,120351.44233910753,120351.44233910753,0.0,0.00927580176012699
2024-01-26T00:00:00Z,120351.44233910753,120351.44233910753,0.0,0.00927580176012699
2024-01-27T00:00:00Z,120351.44233910753,120351.44233910753,0.0,0.00927580176012699
2024-01-28T00:00:00Z,120351.44233910753,120351.44233910753,0.0,0.00927580176012699
2024-01-29T00:00:00Z,120351.44233910753,120351.44233910753,0.0,0.00927580176012699
2024-01-30T00:00:00Z,120351.44233910753,120351.44233910753,0.0,0.00927580176012699
2024-01-31T00:00:00Z,120351.44233910753,120351.44233910753,0.0,0.00927580176012699
2024-02-01T00:00:00Z,120351.44233910753,120351.44233910753,0.0,0.00927580176012699
2024-02-02T00:00:00Z,120351.44233910753,120351.44233910753,0.0,0.00927580176012699
2024-02-03T00:00:00Z,120351.44233910753,120351.44233910753,0.0,0.00927580176012699
2024-02-04T00:00:00Z,120351.44233910753,120351.44233910753,0.0,0.00927580176012699
2024-02-05T00:00:00Z,120351.44233910753,120351.44233910753,0.0,0.00927580176012699
2024-02-06T00:00:00Z,120351.44233910753,120351.44233910753,0.0,0.00927580176012699
2024-02-07T00:00:00Z,120351.44233910753,120351.44233910753,0.0,0.00927580176012699
2024-02-08T00:00:00Z,120351.44233910753,120351.44233910753,0.0,0.00927580176012699
2024-02-09T00:00:00Z,120351.44233910753,120351.44233910753,0.0,0.00927580176012699
2024-02-10T00:00:00Z,120351.44233910753,120351.44233910753,0.0,0.00927580176012699
2024-02-11T00:00:00Z,120604.6836741334,106568.19655489325,14036.487119240148,0.007191137765010279
2024-02-12T00:00:00Z,120346.56758791428,106568.19655489325,13778.371033021025,0.009315930352470227
2024-02-13T00:00:00Z,120797.50738286453,106568.19655489325,14229.31082797127,0.005603827214165223
2024-02-14T00:00:00Z,120432.8522535658,106568.19655489325,13864.655698672548,0.008605641347730833
2024-02-15T00:00:00Z,121245.6736512574,106568.19655489325,14677.477096364155,0.0019145555419518942
2024-02-16T00:00:00Z,122053.43145459199,106568.19655489325,15485.234899698742,0.0
2024-02-17T00:00:00Z,121801.49855143194,106568.19655489325,15233.301996538692,0.00206411978883017
2024-02-18T00:00:00Z,122075.33976987538,106568.19655489325,15507.143214982128,0.0
2024-02-19T00:00:00Z,122326.05130354228,106568.19655489325,15757.854748649026,0.0
2024-02-20T00:00:00Z,122621.77539207133,106568.19655489325,16053.578837178075,0.0
2024-02-21T00:00:00Z,122395.7202550474,106568.19655489325,15827.52370015415,0.0018435154465928814
2024-02-22T00:00:00Z,121803.83950962714,106568.19655489325,15235.6429547339,0.006670396671626362
2024-02-23T00:00:00Z,121475.34200636523,106568.19655489325,14907.14545147198,0.009349345840414467
2024-02-24T00:00:00Z,121391.98353845772,106568.19655489325,14823.786983564467,0.010029147349086016
2024-02-25T00:00:00Z,121748.54709486432,106568.19655489325,15180.350539971067,0.007121315071608988
2024-02-26T00:00:00Z,121618.3694630527,106568.19655489325,15050.172908159453,0.008182934277458738
2024-02-27T00:00:00Z,122324.21924930255,106568.19655489325,15756.022694409303,0.002426617473261758
2024-02-28T00:00:00Z,122444.2951375979,106568.19655489325,15876.098582704652,0.001447379585770558
2024-02-29T00:00:00Z,122568.8239355037,106568.19655489325,16000.627380610447,0.0004318275151238771
2024-03-01T00:00:00Z,123229.58483129808,106568.19655489325,16661.38827640483,0.0
2024-03-02T00:00:00Z,124874.56597698951,106568.19655489325,18306.369422096257,0.0
2024-03-03T00:00:00Z,125438.99135401164,106568.19655489325,18870.794799118394,0.0
2024-03-04T00:00:00Z,125092.86032869236,106568.19655489325,18524.66377379912,0.002759357529768667
2024-03-05T00:00:00Z,126163.36524424094,106568.19655489325,19595.168689347694,0.0
2024-03-06T00:00:00Z,124183.77974782184,106568.19655489325,17615.583192928596,0.01569065229503664
2024-03-07T00:00:00Z,125270.31513796802,106568.19655489325,18702.118583074767,0.007078521602083549
2024-03-08T00:00:00Z,125464.66555856558,106568.19655489325,18896.46900367233,0.005538055237530595
2024-03-09T00:00:00Z,124955.63437709736,106568.19655489325,18387.437822204112,0.009572754062207492
2024-03-10T00:00:00Z,125438.48245005617,106568.19655489325,18870.285895162913,0.005745588608717454
2024-03-11T00:00:00Z,124800.01154751178,106568.19655489325,18231.814992618532,0.010806256587162432
2024-03-12T00:00:00Z,124774.29899166315,124774.29899166315,0.0,0.011010060249175191
2024-03-13T00:00:00Z,124774.29899166315,124774.29899166315,0.0,0.011010060249175191
2024-03-14T00:00:00Z,124774.29899166315,124774.29899166315,0.0,0.011010060249175191
2024-03-15T00:00:00Z,124774.29899166315,124774.29899166315,0.0,0.011010060249175191
2024-03-16T00:00:00Z,124774.29899166315,124774.29899166315,0.0,0.011010060249175191
2024-03-17T00:00:00Z,124774.29899166315,124774.29899166315,0.0,0.011010060249175191
2024-03-18T00:00:00Z,124774.29899166315,124774.29899166315,0.0,0.011010060249175191
2024-03-19T00:00:00Z,124774.29899166315,124774.29899166315,0.0,0.011010060249175191
2024-03-20T00:00:00Z,124774.29899166315,124774.29899166315,0.0,0.011010060249175191
2024-03-21T00:00:00Z,124774.29899166315,124774.29899166315,0.0,0.011010060249175191
2024-03-22T00:00:00Z,124774.29899166315,124774.29899166315,0.0,0.011010060249175191
2024-03-23T00:00:00Z,124774.29899166315,124774.29899166315,0.0,0.011010060249175191
2024-03-24T00:00:00Z,124774.29899166315,124774.29899166315,0.0,0.011010060249175191
2024-03-25T00:00:00Z,124774.29899166315,124774.29899166315,0.0,0.011010060249175191
2024-03-26T00:00:00Z,124774.29899166315,124774.29899166315,0.0,0.011010060249175191
2024-03-27T00:00:00Z,124774.29899166315,124774.29899166315,0.0,0.011010060249175191
2024-03-28T00:00:00Z,124774.29899166315,124774.29899166315,0.0,0.011010060249175191
2024-03-29T00:00:00Z,124774.29899166315,124774.29899166315,0.0,0.011010060249175191
2024-03-30T00:00:00Z,124774.29899166315,124774.29899166315,0.0,0.011010060249175191
2024-03-31T00:00:00Z,124774.29899166315,124774.29899166315,0.0,0.011010060249175191
2024-04-01T00:00:00Z,124774.29899166315,124774.29899166315,0.0,0.011010060249175191
2024-04-02T00:00:00Z,124774.29899166315,124774.29899166315,0.0,0.011010060249175191
2024-04-03T00:00:00Z,124774.29899166315,124774.29899166315,0.0,0.011010060249175191
2024-04-04T00:00:00Z,124774.29899166315,124774.29899166315,0.0,0.011010060249175191
2024-04-05T00:00:00Z,124774.29899166315,124774.29899166315,0.0,0.011010060249175191
2024-04-06T00:00:00Z,124774.29899166315,124774.29899166315,0.0,0.011010060249175191
2024-04-07T00:00:00Z,124774.29899166315,124774.29899166315,0.0,0.011010060249175191
2024-04-08T00:00:00Z,124774.29899166315,124774.29899166315,0.0,0.011010060249175191
2024-04-09T00:00:00Z,124774.29899166315,124774.29899166315,0.0,0.011010060249175191
2024-04-10T00:00:00Z,124774.29899166315,124774.29899166315,0.0,0.011010060249175191
2024-04-11T00:00:00Z,124774.29899166315,124774.29899166315,0.0,0.011010060249175191
2024-04-12T00:00:00Z,124774.29899166315,124774.29899166315,0.0,0.011010060249175191
2024-04-13T00:00:00Z,124774.29899166315,124774.29899166315,0.0,0.011010060249175191
2024-04-14T00:00:00Z,124774.29899166315,124774.29899166315,0.0,0.011010060249175191
2024-04-15T00:00:00Z,124774.29899166315,124774.29899166315,0.0,0.011010060249175191
2024-04-16T00:00:00Z,124774.29899166315,124774.29899166315,0.0,0.011010060249175191
2024-04-17T00:00:00Z,124774.29899166315,124774.29899166315,0.0,0.011010060249175191
2024-04-18T00:00:00Z,124774.29899166315,124774.29899166315,0.0,0.011010060249175191
2024-04-19T00:00:00Z,124774.29899166315,124774.29899166315,0.0,0.011010060249175191
2024-04-20T00:00:00Z,124774.29899166315,124774.29899166315,0.0,0.011010060249175191
2024-04-21T00:00:00Z,124774.29899166315,124774.29899166315,0.0,0.011010060249175191
2024-04-22T00:00:00Z,124774.29899166315,124774.29899166315,0.0,0.011010060249175191
2024-04-23T00:00:00Z,124774.29899166315,124774.29899166315,0.0,0.011010060249175191
2024-04-24T00:00:00Z,124774.29899166315,124774.29899166315,0.0,0.011010060249175191
2024-04-25T00:00:00Z,124774.29899166315,124774.29899166315,0.0,0.011010060249175191
2024-04-26T00:00:00Z,124774.29899166315,124774.29899166315,0.0,0.011010060249175191
2024-04-27T00:00:00Z,124774.29899166315,124774.29899166315,0.0,0.011010060249175191
2024-04-28T00:00:00Z,124774.29899166315,124774.29899166315,0.0,0.011010060249175191
2024-04-29T00:00:00Z,124774.29899166315,124774.29899166315,0.0,0.011010060249175191
2024-04-30T00:00:00Z,124774.29899166315,124774.29899166315,0.0,0.011010060249175191
2024-05-01T00:00:00Z,124774.29899166315,124774.29899166315,0.0,0.011010060249175191
2024-05-02T00:00:00Z,124774.29899166315,124774.29899166315,0.0,0.011010060249175191
2024-05-03T00:00:00Z,124774.29899166315,124774.29899166315,0.0,0.011010060249175191
2024-05-04T00:00:00Z,124774.29899166315,124774.29899166315,0.0,0.011010060249175191
2024-05-05T00:00:00Z,124774.29899166315,124774.29899166315,0.0,0.011010060249175191
2024-05-06T00:00:00Z,124774.29899166315,124774.29899166315,0.0,0.011010060249175191
2024-05-07T00:00:00Z,124774.29899166315,124774.29899166315,0.0,0.011010060249175191
2024-05-08T00:00:00Z,124774.29899166315,124774.29899166315,0.0,0.011010060249175191
2024-05-09T00:00:00Z,124774.29899166315,124774.29899166315,0.0,0.011010060249175191
2024-05-10T00:00:00Z,124774.29899166315,124774.29899166315,0.0,0.011010060249175191
2024-05-11T00:00:00Z,124774.29899166315,124774.29899166315,0.0,0.011010060249175191
2024-05-12T00:00:00Z,124774.29899166315,124774.29899166315,0.0,0.011010060249175191
2024-05-13T00:00:00Z,124774.29899166315,124774.29899166315,0.0,0.011010060249175191
2024-05-14T00:00:00Z,124774.29899166315,124774.29899166315,0.0,0.011010060249175191
2024-05-15T00:00:00Z,124774.29899166315,124774.29899166315,0.0,0.011010060249175191
2024-05-16T00:00:00Z,124774.29899166315,124774.29899166315,0.0,0.011010060249175191
2024-05-17T00:00:00Z,124774.29899166315,124774.29899166315,0.0,0.011010060249175191
2024-05-18T00:00:00Z,124774.29899166315,124774.29899166315,0.0,0.011010060249175191
2024-05-19T00:00:00Z,124774.29899166315,124774.29899166315,0.0,0.011010060249175191
2024-05-20T00:00:00Z,124774.29899166315,124774.29899166315,0.0,0.011010060249175191
2024-05-21T00:00:00Z,124774.29899166315,124774.29899166315,0.0,0.011010060249175191
2024-05-22T00:00:00Z,124774.29899166315,124774.29899166315,0.0,0.011010060249175191
2024-05-23T00:00:00Z,124774.29899166315,124774.29899166315,0.0,0.011010060249175191
2024-05-24T00:00:00Z,124774.29899166315,124774.29899166315,0.0,0.011010060249175191
2024-05-25T00:00:00Z,124774.29899166315,124774.29899166315,0.0,0.011010060249175191
2024-05-26T00:00:00Z,124774.29899166315,124774.29899166315,0.0,0.011010060249175191
2024-05-27T00:00:00Z,124774.29899166315,124774.29899166315,0.0,0.011010060249175191
2024-05-28T00:00:00Z,124774.29899166315,124774.29899166315,0.0,0.011010060249175191
2024-05-29T00:00:00Z,124774.29899166315,124774.29899166315,0.0,0.011010060249175191
2024-05-30T00:00:00Z,124774.29899166315,124774.29899166315,0.0,0.011010060249175191
2024-05-31T00:00:00Z,124774.29899166315,124774.29899166315,0.0,0.011010060249175191
2024-06-01T00:00:00Z,124774.29899166315,124774.29899166315,0.0,0.011010060249175191
2024-06-02T00:00:00Z,124774.29899166315,124774.29899166315,0.0,0.011010060249175191
2024-06-03T00:00:00Z,124774.29899166315,124774.29899166315,0.0,0.011010060249175191
2024-06-04T00:00:00Z,124774.29899166315,124774.29899166315,0.0,0.011010060249175191
2024-06-05T00:00:00Z,124774.29899166315,124774.29899166315,0.0,0.011010060249175191
2024-06-06T00:00:00Z,124774.29899166315,124774.29899166315,0.0,0.011010060249175191
2024-06-07T00:00:00Z,124774.29899166315,124774.29899166315,0.0,0.011010060249175191
2024-06-08T00:00:00Z,124774.29899166315,124774.29899166315,0.0,0.011010060249175191
2024-06-09T00:00:00Z,124774.29899166315,124774.29899166315,0.0,0.011010060249175191
2024-06-10T00:00:00Z,124774.29899166315,124774.29899166315,0.0,0.011010060249175191
2024-06-11T00:00:00Z,124774.29899166315,124774.29899166315,0.0,0.011010060249175191
2024-06-12T00:00:00Z,124774.29899166315,124774.29899166315,0.0,0.011010060249175191
2024-06-13T00:00:00Z,124774.29899166315,124774.29899166315,0.0,0.011010060249175191
2024-06-14T00:00:00Z,124774.29899166315,124774.29899166315,0.0,0.011010060249175191
2024-06-15T00:00:00Z,124774.29899166315,124774.29899166315,0.0,0.011010060249175191
2024-06-16T00:00:00Z,124774.29899166315,124774.29899166315,0.0,0.011010060249175191
2024-06-17T00:00:00Z,124774.29899166315,124774.29899166315,0.0,0.011010060249175191
2024-06-18T00:00:00Z,124774.29899166315,124774.29899166315,0.0,0.011010060249175191
2024-06-19T00:00:00Z,124774.29899166315,124774.29899166315,0.0,0.011010060249175191
2024-06-20T00:00:00Z,124774.29899166315,124774.29899166315,0.0,0.011010060249175191
2024-06-21T00:00:00Z,124774.29899166315,124774.29899166315,0.0,0.011010060249175191
2024-06-22T00:00:00Z,124774.29899166315,124774.29899166315,0.0,0.011010060249175191
2024-06-23T00:00:00Z,124774.29899166315,124774.29899166315,0.0,0.011010060249175191
2024-06-24T00:00:00Z,124774.29899166315,124774.29899166315,0.0,0.011010060249175191
2024-06-25T00:00:00Z,124774.29899166315,124774.29899166315,0.0,0.011010060249175191
2024-06-26T00:00:00Z,124774.29899166315,124774.29899166315,0.0,0.011010060249175191
2024-06-27T00:00:00Z,124774.29899166315,124774.29899166315,0.0,0.011010060249175191
2024-06-28T00:00:00Z,124774.29899166315,124774.29899166315,0.0,0.011010060249175191
2024-06-29T00:00:00Z,124774.29899166315,124774.29899166315,0.0,0.011010060249175191
2024-06-30T00:00:00Z,124774.29899166315,124774.29899166315,0.0,0.011010060249175191
2024-07-01T00:00:00Z,124774.29899166315,124774.29899166315,0.0,0.011010060249175191
2024-07-02T00:00:00Z,124774.29899166315,124774.29899166315,0.0,0.011010060249175191
2024-07-03T00:00:00Z,124774.29899166315,124774.29899166315,0.0,0.011010060249175191
2024-07-04T00:00:00Z,124774.29899166315,124774.29899166315,0.0,0.011010060249175191
2024-07-05T00:00:00Z,124774.29899166315,124774.29899166315,0.0,0.011010060249175191
2024-07-06T00:00:00Z,124774.29899166315,124774.29899166315,0.0,0.011010060249175191
2024-07-07T00:00:00Z,124774.29899166315,124774.29899166315,0.0,0.011010060249175191
2024-07-08T00:00:00Z,124774.29899166315,124774.29899166315,0.0,0.011010060249175191
2024-07-09T00:00:00Z,124774.29899166315,124774.29899166315,0.0,0.011010060249175191
2024-07-10T00:00:00Z,124774.29899166315,124774.29899166315,0.0,0.011010060249175191
2024-07-11T00:00:00Z,124774.29899166315,124774.29899166315,0.0,0.011010060249175191
2024-07-12T00:00:00Z,124774.29899166315,124774.29899166315,0.0,0.011010060249175191
2024-07-13T00:00:00Z,124774.29899166315,124774.29899166315,0.0,0.011010060249175191
2024-07-14T00:00:00Z,124774.29899166315,124774.29899166315,0.0,0.011010060249175191
2024-07-15T00:00:00Z,124774.29899166315,124774.29899166315,0.0,0.011010060249175191
2024-07-16T00:00:00Z,124774.29899166315,124774.29899166315,0.0,0.011010060249175191
2024-07-17T00:00:00Z,124774.29899166315,124774.29899166315,0.0,0.011010060249175191
2024-07-18T00:00:00Z,124774.29899166315,124774.29899166315,0.0,0.011010060249175191
2024-07-19T00:00:00Z,124774.29899166315,124774.29899166315,0.0,0.011010060249175191
2024-07-20T00:00:00Z,124774.29899166315,124774.29899166315,0.0,0.011010060249175191
2024-07-21T00:00:00Z,124774.29899166315,124774.29899166315,0.0,0.011010060249175191
2024-07-22T00:00:00Z,124774.29899166315,124774.29899166315,0.0,0.011010060249175191
2024-07-23T00:00:00Z,124774.29899166315,124774.29899166315,0.0,0.011010060249175191
2024-07-24T00:00:00Z,124774.29899166315,124774.29899166315,0.0,0.011010060249175191
2024-07-25T00:00:00Z,124774.29899166315,124774.29899166315,0.0,0.011010060249175191
2024-07-26T00:00:00Z,124774.29899166315,124774.29899166315,0.0,0.011010060249175191
2024-07-27T00:00:00Z,124774.29899166315,124774.29899166315,0.0,0.011010060249175191
2024-07-28T00:00:00Z,124774.29899166315,124774.29899166315,0.0,0.011010060249175191
2024-07-29T00:00:00Z,124774.29899166315,124774.29899166315,0.0,0.011010060249175191
2024-07-30T00:00:00Z,124774.29899166315,124774.29899166315,0.0,0.011010060249175191
2024-07-31T00:00:00Z,124774.29899166315,124774.29899166315,0.0,0.011010060249175191
2024-08-01T00:00:00Z,124774.29899166315,124774.29899166315,0.0,0.011010060249175191
2024-08-02T00:00:00Z,124774.29899166315,124774.29899166315,0.0,0.011010060249175191
2024-08-03T00:00:00Z,124774.29899166315,124774.29899166315,0.0,0.011010060249175191
2024-08-04T00:00:00Z,124774.29899166315,124774.29899166315,0.0,0.011010060249175191
2024-08-05T00:00:00Z,124774.29899166315,124774.29899166315,0.0,0.011010060249175191
2024-08-06T00:00:00Z,124774.29899166315,124774.29899166315,0.0,0.011010060249175191
2024-08-07T00:00:00Z,124774.29899166315,124774.29899166315,0.0,0.011010060249175191
2024-08-08T00:00:00Z,124774.29899166315,124774.29899166315,0.0,0.011010060249175191
2024-08-09T00:00:00Z,124774.29899166315,124774.29899166315,0.0,0.011010060249175191
2024-08-10T00:00:00Z,124774.29899166315,124774.29899166315,0.0,0.011010060249175191
2024-08-11T00:00:00Z,124774.29899166315,124774.29899166315,0.0,0.011010060249175191
2024-08-12T00:00:00Z,124774.29899166315,124774.29899166315,0.0,0.011010060249175191
2024-08-13T00:00:00Z,124774.29899166315,124774.29899166315,0.0,0.011010060249175191
2024-08-14T00:00:00Z,124774.29899166315,124774.29899166315,0.0,0.011010060249175191
2024-08-15T00:00:00Z,124774.29899166315,124774.29899166315,0.0,0.011010060249175191
2024-08-16T00:00:00Z,124774.29899166315,124774.29899166315,0.0,0.011010060249175191
2024-08-17T00:00:00Z,124774.29899166315,124774.29899166315,0.0,0.011010060249175191
2024-08-18T00:00:00Z,124774.29899166315,124774.29899166315,0.0,0.011010060249175191
2024-08-19T00:00:00Z,124774.29899166315,124774.29899166315,0.0,0.011010060249175191
2024-08-20T00:00:00Z,124774.29899166315,124774.29899166315,0.0,0.011010060249175191
2024-08-21T00:00:00Z,124774.29899166315,124774.29899166315,0.0,0.011010060249175191
2024-08-22T00:00:00Z,124774.29899166315,124774.29899166315,0.0,0.011010060249175191
2024-08-23T00:00:00Z,124774.29899166315,124774.29899166315,0.0,0.011010060249175191
2024-08-24T00:00:00Z,124774.29899166315,124774.29899166315,0.0,0.011010060249175191
2024-08-25T00:00:00Z,124774.29899166315,124774.29899166315,0.0,0.011010060249175191
2024-08-26T00:00:00Z,124774.29899166315,124774.29899166315,0.0,0.011010060249175191
2024-08-27T00:00:00Z,124774.29899166315,124774.29899166315,0.0,0.011010060249175191
2024-08-28T00:00:00Z,124774.29899166315,124774.29899166315,0.0,0.011010060249175191
2024-08-29T00:00:00Z,124774.29899166315,124774.29899166315,0.0,0.011010060249175191
2024-08-30T00:00:00Z,124774.29899166315,124774.29899166315,0.0,0.011010060249175191
2024-08-31T00:00:00Z,124774.29899166315,124774.29899166315,0.0,0.011010060249175191
2024-09-01T00:00:00Z,124774.29899166315,124774.29899166315,0.0,0.011010060249175191
2024-09-02T00:00:00Z,124774.29899166315,124774.29899166315,0.0,0.011010060249175191
2024-09-03T00:00:00Z,124774.29899166315,124774.29899166315,0.0,0.011010060249175191
2024-09-04T00:00:00Z,124774.29899166315,124774.29899166315,0.0,0.011010060249175191
2024-09-05T00:00:00Z,124774.29899166315,124774.29899166315,0.0,0.011010060249175191
2024-09-06T00:00:00Z,124774.29899166315,124774.29899166315,0.0,0.011010060249175191
2024-09-07T00:00:00Z,124774.29899166315,124774.29899166315,0.0,0.011010060249175191
2024-09-08T00:00:00Z,124774.29899166315,124774.29899166315,0.0,0.011010060249175191
2024-09-09T00:00:00Z,124774.29899166315,124774.29899166315,0.0,0.011010060249175191
2024-09-10T00:00:00Z,124774.29899166315,124774.29899166315,0.0,0.011010060249175191
2024-09-11T00:00:00Z,124774.29899166315,124774.29899166315,0.0,0.011010060249175191
2024-09-12T00:00:00Z,124774.29899166315,124774.29899166315,0.0,0.011010060249175191
2024-09-13T00:00:00Z,124774.29899166315,124774.29899166315,0.0,0.011010060249175191
2024-09-14T00:00:00Z,124774.29899166315,124774.29899166315,0.0,0.011010060249175191
2024-09-15T00:00:00Z,124774.29899166315,124774.29899166315,0.0,0.011010060249175191
2024-09-16T00:00:00Z,124774.29899166315,124774.29899166315,0.0,0.011010060249175191
2024-09-17T00:00:00Z,124774.29899166315,124774.29899166315,0.0,0.011010060249175191
2024-09-18T00:00:00Z,124774.29899166315,124774.29899166315,0.0,0.011010060249175191
2024-09-19T00:00:00Z,124774.29899166315,124774.29899166315,0.0,0.011010060249175191
2024-09-20T00:00:00Z,124774.29899166315,124774.29899166315,0.0,0.011010060249175191
2024-09-21T00:00:00Z,124774.29899166315,124774.29899166315,0.0,0.011010060249175191
2024-09-22T00:00:00Z,124774.29899166315,124774.29899166315,0.0,0.011010060249175191
2024-09-23T00:00:00Z,124774.29899166315,124774.29899166315,0.0,0.011010060249175191
2024-09-24T00:00:00Z,124774.29899166315,124774.29899166315,0.0,0.011010060249175191
2024-09-25T00:00:00Z,124774.29899166315,124774.29899166315,0.0,0.011010060249175191
2024-09-26T00:00:00Z,124774.29899166315,124774.29899166315,0.0,0.011010060249175191
2024-09-27T00:00:00Z,124774.29899166315,124774.29899166315,0.0,0.011010060249175191
2024-09-28T00:00:00Z,124774.29899166315,124774.29899166315,0.0,0.011010060249175191
2024-09-29T00:00:00Z,124774.29899166315,124774.29899166315,0.0,0.011010060249175191
2024-09-30T00:00:00Z,124774.29899166315,124774.29899166315,0.0,0.011010060249175191
2024-10-01T00:00:00Z,124774.29899166315,124774.29899166315,0.0,0.011010060249175191
2024-10-02T00:00:00Z,124774.29899166315,124774.29899166315,0.0,0.011010060249175191
2024-10-03T00:00:00Z,124774.29899166315,124774.29899166315,0.0,0.011010060249175191
2024-10-04T00:00:00Z,124774.29899166315,124774.29899166315,0.0,0.011010060249175191
2024-10-05T00:00:00Z,124774.29899166315,124774.29899166315,0.0,0.011010060249175191
2024-10-06T00:00:00Z,124774.29899166315,124774.29899166315,0.0,0.011010060249175191
2024-10-07T00:00:00Z,124774.29899166315,124774.29899166315,0.0,0.011010060249175191
2024-10-08T00:00:00Z,124774.29899166315,124774.29899166315,0.0,0.011010060249175191
2024-10-09T00:00:00Z,124774.29899166315,124774.29899166315,0.0,0.011010060249175191
2024-10-10T00:00:00Z,124774.29899166315,124774.29899166315,0.0,0.011010060249175191
2024-10-11T00:00:00Z,124774.29899166315,124774.29899166315,0.0,0.011010060249175191
2024-10-12T00:00:00Z,124774.29899166315,124774.29899166315,0.0,0.011010060249175191
2024-10-13T00:00:00Z,124774.29899166315,124774.29899166315,0.0,0.011010060249175191
2024-10-14T00:00:00Z,124774.29899166315,124774.29899166315,0.0,0.011010060249175191
2024-10-15T00:00:00Z,124774.29899166315,124774.29899166315,0.0,0.011010060249175191
2024-10-16T00:00:00Z,124774.29899166315,124774.29899166315,0.0,0.011010060249175191
2024-10-17T00:00:00Z,124774.29899166315,124774.29899166315,0.0,0.011010060249175191
2024-10-18T00:00:00Z,124774.29899166315,124774.29899166315,0.0,0.011010060249175191
2024-10-19T00:00:00Z,124774.29899166315,124774.29899166315,0.0,0.011010060249175191
2024-10-20T00:00:00Z,124774.29899166315,124774.29899166315,0.0,0.011010060249175191
2024-10-21T00:00:00Z,124774.29899166315,124774.29899166315,0.0,0.011010060249175191
2024-10-22T00:00:00Z,124774.29899166315,124774.29899166315,0.0,0.011010060249175191
2024-10-23T00:00:00Z,124774.29899166315,124774.29899166315,0.0,0.011010060249175191
2024-10-24T00:00:00Z,124774.29899166315,124774.29899166315,0.0,0.011010060249175191
2024-10-25T00:00:00Z,124774.29899166315,124774.29899166315,0.0,0.011010060249175191
2024-10-26T00:00:00Z,124774.29899166315,124774.29899166315,0.0,0.011010060249175191
2024-10-27T00:00:00Z,124774.29899166315,124774.29899166315,0.0,0.011010060249175191
2024-10-28T00:00:00Z,124774.29899166315,124774.29899166315,0.0,0.011010060249175191
2024-10-29T00:00:00Z,124774.29899166315,124774.29899166315,0.0,0.011010060249175191
2024-10-30T00:00:00Z,124774.29899166315,124774.29899166315,0.0,0.011010060249175191
2024-10-31T00:00:00Z,124774.29899166315,124774.29899166315,0.0,0.011010060249175191
2024-11-01T00:00:00Z,124774.29899166315,124774.29899166315,0.0,0.011010060249175191
2024-11-02T00:00:00Z,124774.29899166315,124774.29899166315,0.0,0.011010060249175191
2024-11-03T00:00:00Z,124774.29899166315,124774.29899166315,0.0,0.011010060249175191
2024-11-04T00:00:00Z,124774.29899166315,124774.29899166315,0.0,0.011010060249175191
2024-11-05T00:00:00Z,124774.29899166315,124774.29899166315,0.0,0.011010060249175191
2024-11-06T00:00:00Z,124774.29899166315,124774.29899166315,0.0,0.011010060249175191
2024-11-07T00:00:00Z,124774.29899166315,124774.29899166315,0.0,0.011010060249175191
2024-11-08T00:00:00Z,124774.29899166315,124774.29899166315,0.0,0.011010060249175191
2024-11-09T00:00:00Z,124774.29899166315,124774.29899166315,0.0,0.011010060249175191
2024-11-10T00:00:00Z,124774.29899166315,124774.29899166315,0.0,0.011010060249175191
2024-11-11T00:00:00Z,124774.29899166315,124774.29899166315,0.0,0.011010060249175191
2024-11-12T00:00:00Z,124774.29899166315,124774.29899166315,0.0,0.011010060249175191
2024-11-13T00:00:00Z,124774.29899166315,124774.29899166315,0.0,0.011010060249175191
2024-11-14T00:00:00Z,124774.29899166315,124774.29899166315,0.0,0.011010060249175191
2024-11-15T00:00:00Z,124774.29899166315,124774.29899166315,0.0,0.011010060249175191
2024-11-16T00:00:00Z,124774.29899166315,124774.29899166315,0.0,0.011010060249175191
2024-11-17T00:00:00Z,124774.29899166315,124774.29899166315,0.0,0.011010060249175191
2024-11-18T00:00:00Z,124774.29899166315,124774.29899166315,0.0,0.011010060249175191
2024-11-19T00:00:00Z,124774.29899166315,124774.29899166315,0.0,0.011010060249175191
2024-11-20T00:00:00Z,124774.29899166315,124774.29899166315,0.0,0.011010060249175191
2024-11-21T00:00:00Z,124774.29899166315,124774.29899166315,0.0,0.011010060249175191
2024-11-22T00:00:00Z,124774.29899166315,124774.29899166315,0.0,0.011010060249175191
2024-11-23T00:00:00Z,124774.29899166315,124774.29899166315,0.0,0.011010060249175191
2024-11-24T00:00:00Z,124774.29899166315,124774.29899166315,0.0,0.011010060249175191
2024-11-25T00:00:00Z,124774.29899166315,124774.29899166315,0.0,0.011010060249175191
2024-11-26T00:00:00Z,124774.29899166315,124774.29899166315,0.0,0.011010060249175191
2024-11-27T00:00:00Z,124774.29899166315,124774.29899166315,0.0,0.011010060249175191
2024-11-28T00:00:00Z,124774.29899166315,124774.29899166315,0.0,0.011010060249175191
2024-11-29T00:00:00Z,124774.29899166315,124774.29899166315,0.0,0.011010060249175191
2024-11-30T00:00:00Z,124774.29899166315,124774.29899166315,0.0,0.011010060249175191
2024-12-01T00:00:00Z,124774.29899166315,124774.29899166315,0.0,0.011010060249175191
2024-12-02T00:00:00Z,124774.29899166315,124774.29899166315,0.0,0.011010060249175191
2024-12-03T00:00:00Z,124774.29899166315,124774.29899166315,0.0,0.011010060249175191
2024-12-04T00:00:00Z,124774.29899166315,124774.29899166315,0.0,0.011010060249175191
2024-12-05T00:00:00Z,124774.29899166315,124774.29899166315,0.0,0.011010060249175191
2024-12-06T00:00:00Z,124774.29899166315,124774.29899166315,0.0,0.011010060249175191
2024-12-07T00:00:00Z,124774.29899166315,124774.29899166315,0.0,0.011010060249175191
2024-12-08T00:00:00Z,124774.29899166315,124774.29899166315,0.0,0.011010060249175191
2024-12-09T00:00:00Z,124774.29899166315,124774.29899166315,0.0,0.011010060249175191
2024-12-10T00:00:00Z,124774.29899166315,124774.29899166315,0.0,0.011010060249175191
2024-12-11T00:00:00Z,124774.29899166315,124774.29899166315,0.0,0.011010060249175191
2024-12-12T00:00:00Z,124774.29899166315,124774.29899166315,0.0,0.011010060249175191
2024-12-13T00:00:00Z,124774.29899166315,124774.29899166315,0.0,0.011010060249175191
2024-12-14T00:00:00Z,124774.29899166315,124774.29899166315,0.0,0.011010060249175191
2024-12-15T00:00:00Z,124774.29899166315,124774.29899166315,0.0,0.011010060249175191
2024-12-16T00:00:00Z,124774.29899166315,124774.29899166315,0.0,0.011010060249175191
2024-12-17T00:00:00Z,124774.29899166315,124774.29899166315,0.0,0.011010060249175191
2024-12-18T00:00:00Z,124774.29899166315,124774.29899166315,0.0,0.011010060249175191
2024-12-19T00:00:00Z,124774.29899166315,124774.29899166315,0.0,0.011010060249175191
2024-12-20T00:00:00Z,124774.29899166315,124774.29899166315,0.0,0.011010060249175191
2024-12-21T00:00:00Z,124774.29899166315,124774.29899166315,0.0,0.011010060249175191
2024-12-22T00:00:00Z,124774.29899166315,124774.29899166315,0.0,0.011010060249175191
2024-12-23T00:00:00Z,124774.29899166315,124774.29899166315,0.0,0.011010060249175191
2024-12-24T00:00:00Z,124774.29899166315,124774.29899166315,0.0,0.011010060249175191
2024-12-25T00:00:00Z,124774.29899166315,124774.29899166315,0.0,0.011010060249175191
2024-12-26T00:00:00Z,124774.29899166315,124774.29899166315,0.0,0.011010060249175191
2024-12-27T00:00:00Z,124774.29899166315,124774.29899166315,0.0,0.011010060249175191
2024-12-28T00:00:00Z,124774.29899166315,124774.29899166315,0.0,0.011010060249175191
2024-12-29T00:00:00Z,124774.29899166315,124774.29899166315,0.0,0.011010060249175191
2024-12-30T00:00:00Z,124774.29899166315,124774.29899166315,0.0,0.011010060249175191
2024-12-31T00:00:00Z,124774.29899166315,124774.29899166315,0.0,0.011010060249175191
