policy_id,portfolio_id,universe_id,cost_multiplier,pair,entry_time,first_lock_context_time,first_lock_action_time,exit_time,mark_at_lock_open,exit_price,post_lock_net_contribution,final_trade_net_pnl
REGIME_HYSTERESIS_ADMISSION_GOVERNOR,UNION_FOCUS,C2,1.0,AVAX-USDT,2022-01-01 19:00:00+00:00,2022-01-03 22:00:00+00:00,2022-01-03 23:00:00+00:00,2022-01-04 19:00:00+00:00,108.175,107.591,-56.957119641331694,-492.7959984497628
REGIME_HYSTERESIS_ADMISSION_GOVERNOR,UNION_FOCUS,C2,1.0,ETH-USDT,2022-01-02 18:00:00+00:00,2022-01-03 22:00:00+00:00,2022-01-03 23:00:00+00:00,2022-01-05 18:00:00+00:00,3723.14,3792.5,151.7182030004402,-132.0671071319737
REGIME_HYSTERESIS_ADMISSION_GOVERNOR,UNION_FOCUS,C2,1.0,ETH-USDT,2022-02-09 21:00:00+00:00,2022-02-11 12:00:00+00:00,2022-02-11 13:00:00+00:00,2022-02-12 21:00:00+00:00,3088.1,2953.22,-763.3844169454776,-1661.0618219422045
REGIME_HYSTERESIS_ADMISSION_GOVERNOR,UNION_FOCUS,C2,1.0,XRP-USDT,2022-03-27 23:00:00+00:00,2022-04-01 15:00:00+00:00,2022-04-01 16:00:00+00:00,2022-04-03 23:00:00+00:00,0.82803,0.84535,297.8622894626785,-168.72197178919888
REGIME_HYSTERESIS_ADMISSION_GOVERNOR,UNION_FOCUS,C2,1.0,AVAX-USDT,2022-03-29 12:00:00+00:00,2022-04-01 15:00:00+00:00,2022-04-01 16:00:00+00:00,2022-04-05 12:00:00+00:00,96.689,95.558,-232.80907528729463,270.3745037514084
REGIME_HYSTERESIS_ADMISSION_GOVERNOR,UNION_FOCUS,C2,1.0,SOL-USDT,2022-03-30 15:00:00+00:00,2022-04-01 15:00:00+00:00,2022-04-01 16:00:00+00:00,2022-04-06 15:00:00+00:00,132.627,119.093,-2048.966954835672,465.3413337488618
REGIME_HYSTERESIS_ADMISSION_GOVERNOR,UNION_FOCUS,C2,1.0,ATOM-USDT,2022-04-03 20:00:00+00:00,2022-04-05 10:00:00+00:00,2022-04-05 11:00:00+00:00,2022-04-06 20:00:00+00:00,30.4943,27.4917,-1694.4077542584464,-2519.31337428889
REGIME_HYSTERESIS_ADMISSION_GOVERNOR,UNION_FOCUS,C2,1.0,ETH-USDT,2022-04-04 00:00:00+00:00,2022-04-05 10:00:00+00:00,2022-04-05 11:00:00+00:00,2022-04-07 00:00:00+00:00,3508.97,3188.37,-1646.1487374582732,-1849.6739569026547
REGIME_HYSTERESIS_ADMISSION_GOVERNOR,UNION_FOCUS,C2,1.0,BTC-USDT,2022-07-21 11:00:00+00:00,2022-07-21 16:00:00+00:00,2022-07-21 17:00:00+00:00,2022-07-24 11:00:00+00:00,22638.0,22618.4,-34.332983533938595,-318.731152324578
REGIME_HYSTERESIS_ADMISSION_GOVERNOR,UNION_FOCUS,C2,1.0,ETH-USDT,2022-07-21 03:00:00+00:00,2022-07-21 16:00:00+00:00,2022-07-21 17:00:00+00:00,2022-07-28 03:00:00+00:00,1510.72,1615.47,1109.6306416660127,873.1524650604171
REGIME_HYSTERESIS_ADMISSION_GOVERNOR,UNION_FOCUS,C2,1.0,ADA-USDT,2022-07-21 09:00:00+00:00,2022-07-21 16:00:00+00:00,2022-07-21 17:00:00+00:00,2022-07-28 09:00:00+00:00,0.4826,0.500097,566.0402273434338,289.9369161259766
REGIME_HYSTERESIS_ADMISSION_GOVERNOR,UNION_FOCUS,C2,1.0,ADA-USDT,2022-10-29 18:00:00+00:00,2022-11-01 16:00:00+00:00,2022-11-01 17:00:00+00:00,2022-11-01 18:00:00+00:00,0.40327,0.401296,-99.11408261978647,-1202.5026222987865
REGIME_HYSTERESIS_ADMISSION_GOVERNOR,UNION_FOCUS,C2,1.0,LUNC-USDT,2022-10-30 10:00:00+00:00,2022-11-01 16:00:00+00:00,2022-11-01 17:00:00+00:00,2022-11-02 10:00:00+00:00,0.00023691,0.0002222,-999.3225515871817,-2282.821359182915
REGIME_HYSTERESIS_ADMISSION_GOVERNOR,UNION_FOCUS,C2,1.0,LTC-USDT,2023-01-12 01:00:00+00:00,2023-01-17 06:00:00+00:00,2023-01-17 07:00:00+00:00,2023-01-19 01:00:00+00:00,86.048,82.617,-644.1036644205044,-313.5404159027488
REGIME_HYSTERESIS_ADMISSION_GOVERNOR,UNION_FOCUS,C2,1.0,SOL-USDT,2023-01-13 23:00:00+00:00,2023-01-17 06:00:00+00:00,2023-01-17 07:00:00+00:00,2023-01-20 23:00:00+00:00,23.546,24.269,307.0330947687801,2624.9207197975325
REGIME_HYSTERESIS_ADMISSION_GOVERNOR,UNION_FOCUS,C2,1.0,SOL-USDT,2023-01-29 19:00:00+00:00,2023-01-30 18:00:00+00:00,2023-01-30 19:00:00+00:00,2023-02-01 19:00:00+00:00,24.261,22.655,-1052.2398881036847,-2369.435253620825
REGIME_HYSTERESIS_ADMISSION_GOVERNOR,UNION_FOCUS,C2,1.0,BTC-USDT,2023-01-29 20:00:00+00:00,2023-01-30 18:00:00+00:00,2023-01-30 19:00:00+00:00,2023-02-01 20:00:00+00:00,23112.3,23075.1,-47.12636121118125,-474.2653866143655
REGIME_HYSTERESIS_ADMISSION_GOVERNOR,UNION_FOCUS,C2,1.0,ETH-USDT,2023-01-29 20:00:00+00:00,2023-01-30 18:00:00+00:00,2023-01-30 19:00:00+00:00,2023-02-01 20:00:00+00:00,1581.02,1580.98,-20.90527031120767,-543.4447482586684
REGIME_HYSTERESIS_ADMISSION_GOVERNOR,UNION_FOCUS,C2,1.0,LTC-USDT,2023-01-29 20:00:00+00:00,2023-01-30 18:00:00+00:00,2023-01-30 19:00:00+00:00,2023-02-01 20:00:00+00:00,92.092,94.962,479.657700603651,-376.71220844891894
REGIME_HYSTERESIS_ADMISSION_GOVERNOR,UNION_FOCUS,C2,1.0,DOGE-USDT,2023-01-28 06:00:00+00:00,2023-01-29 01:00:00+00:00,2023-01-29 02:00:00+00:00,2023-02-04 06:00:00+00:00,0.08867,0.09381,939.7946758713014,549.9924518365643
REGIME_HYSTERESIS_ADMISSION_GOVERNOR,UNION_FOCUS,C2,1.0,DOGE-USDT,2023-02-04 19:00:00+00:00,2023-02-07 10:00:00+00:00,2023-02-07 11:00:00+00:00,2023-02-07 19:00:00+00:00,0.09149,0.09211,86.35214186934371,-1198.7808461214586
REGIME_HYSTERESIS_ADMISSION_GOVERNOR,UNION_FOCUS,C2,1.0,SHIB-USDT,2023-02-02 02:00:00+00:00,2023-02-07 10:00:00+00:00,2023-02-07 11:00:00+00:00,2023-02-09 02:00:00+00:00,1.4111e-05,1.3747e-05,-511.48597929729175,1962.4364471984095
REGIME_HYSTERESIS_ADMISSION_GOVERNOR,UNION_FOCUS,C2,1.0,BTC-USDT,2023-02-14 16:00:00+00:00,2023-02-19 16:00:00+00:00,2023-02-19 17:00:00+00:00,2023-02-21 16:00:00+00:00,24921.1,24681.7,-195.44478089835548,1723.334093639349
REGIME_HYSTERESIS_ADMISSION_GOVERNOR,UNION_FOCUS,C2,1.0,ETH-USDT,2023-02-14 16:00:00+00:00,2023-02-19 16:00:00+00:00,2023-02-19 17:00:00+00:00,2023-02-21 16:00:00+00:00,1711.7,1674.77,-403.6334393121064,1200.6897479481977
REGIME_HYSTERESIS_ADMISSION_GOVERNOR,UNION_FOCUS,C2,1.0,DOGE-USDT,2023-02-15 06:00:00+00:00,2023-02-19 16:00:00+00:00,2023-02-19 17:00:00+00:00,2023-02-22 06:00:00+00:00,0.08922,0.08479,-852.6624510278269,-143.36319854431014
REGIME_HYSTERESIS_ADMISSION_GOVERNOR,UNION_FOCUS,C2,1.0,SOL-USDT,2023-02-15 11:00:00+00:00,2023-02-19 16:00:00+00:00,2023-02-19 17:00:00+00:00,2023-02-22 11:00:00+00:00,25.256,23.615,-1236.573426432754,1348.1941147300697
REGIME_HYSTERESIS_ADMISSION_GOVERNOR,UNION_FOCUS,C2,1.0,XRP-USDT,2023-02-15 12:00:00+00:00,2023-02-19 16:00:00+00:00,2023-02-19 17:00:00+00:00,2023-02-22 12:00:00+00:00,0.39622,0.39014,-272.94260608729394,167.10198251798596
REGIME_HYSTERESIS_ADMISSION_GOVERNOR,UNION_FOCUS,C2,1.0,DOGE-USDT,2023-02-28 02:00:00+00:00,2023-03-01 20:00:00+00:00,2023-03-01 21:00:00+00:00,2023-03-03 02:00:00+00:00,0.08113,0.08035,-159.04814987634217,-457.72041065357655
REGIME_HYSTERESIS_ADMISSION_GOVERNOR,UNION_FOCUS,C2,1.0,ETH-USDT,2023-02-28 03:00:00+00:00,2023-03-01 20:00:00+00:00,2023-03-01 21:00:00+00:00,2023-03-03 03:00:00+00:00,1634.68,1553.1,-861.0722637086125,-855.7128163062071
REGIME_HYSTERESIS_ADMISSION_GOVERNOR,UNION_FOCUS,C2,1.0,BTC-USDT,2023-02-28 12:00:00+00:00,2023-03-01 20:00:00+00:00,2023-03-01 21:00:00+00:00,2023-03-03 12:00:00+00:00,23355.0,22352.1,-741.3002578168561,-766.6142663305194
REGIME_HYSTERESIS_ADMISSION_GOVERNOR,UNION_FOCUS,C2,1.0,XRP-USDT,2023-02-28 20:00:00+00:00,2023-03-01 20:00:00+00:00,2023-03-01 21:00:00+00:00,2023-03-03 20:00:00+00:00,0.38046,0.36845,-551.0593076566755,-628.2643381124936
REGIME_HYSTERESIS_ADMISSION_GOVERNOR,UNION_FOCUS,C2,1.0,OP-USDT,2023-03-19 02:00:00+00:00,2023-03-21 03:00:00+00:00,2023-03-21 04:00:00+00:00,2023-03-22 02:00:00+00:00,2.5,2.575,439.2660533693683,-652.1102490159062
REGIME_HYSTERESIS_ADMISSION_GOVERNOR,UNION_FOCUS,C2,1.0,SOL-USDT,2023-03-19 03:00:00+00:00,2023-03-21 03:00:00+00:00,2023-03-21 04:00:00+00:00,2023-03-26 03:00:00+00:00,22.135,20.671,-1128.3494334075463,-754.9834472442479
REGIME_HYSTERESIS_ADMISSION_GOVERNOR,UNION_FOCUS,C2,1.0,XRP-USDT,2023-03-19 12:00:00+00:00,2023-03-21 03:00:00+00:00,2023-03-21 04:00:00+00:00,2023-03-26 12:00:00+00:00,0.38158,0.45678,3104.2292467161055,2667.914621438643
REGIME_HYSTERESIS_ADMISSION_GOVERNOR,UNION_FOCUS,C2,1.0,ETH-USDT,2023-03-23 17:00:00+00:00,2023-03-24 15:00:00+00:00,2023-03-24 16:00:00+00:00,2023-03-26 17:00:00+00:00,1763.19,1763.01,-10.929290525207385,-360.28128457935145
REGIME_HYSTERESIS_ADMISSION_GOVERNOR,UNION_FOCUS,C2,1.0,BTC-USDT,2023-03-19 18:00:00+00:00,2023-03-21 03:00:00+00:00,2023-03-21 04:00:00+00:00,2023-03-26 18:00:00+00:00,27783.2,27703.1,-68.02654726208905,-171.37671324306027
REGIME_HYSTERESIS_ADMISSION_GOVERNOR,UNION_FOCUS,C2,1.0,XRP-USDT,2023-03-26 15:00:00+00:00,2023-03-27 09:00:00+00:00,2023-03-27 10:00:00+00:00,2023-04-02 15:00:00+00:00,0.4665,0.52172,1996.4986499961863,2461.652319680082
REGIME_HYSTERESIS_ADMISSION_GOVERNOR,UNION_FOCUS,C2,1.0,OP-USDT,2023-03-31 01:00:00+00:00,2023-04-01 09:00:00+00:00,2023-04-01 10:00:00+00:00,2023-04-03 01:00:00+00:00,2.261,2.202,-378.91137349908587,-641.9986781100756
REGIME_HYSTERESIS_ADMISSION_GOVERNOR,UNION_FOCUS,C2,1.0,ETH-USDT,2023-03-29 08:00:00+00:00,2023-04-01 09:00:00+00:00,2023-04-01 10:00:00+00:00,2023-04-05 08:00:00+00:00,1825.25,1912.59,804.4138164112723,973.9495244937174
REGIME_HYSTERESIS_ADMISSION_GOVERNOR,UNION_FOCUS,C2,1.0,BTC-USDT,2023-04-05 02:00:00+00:00,2023-04-07 14:00:00+00:00,2023-04-07 15:00:00+00:00,2023-04-08 02:00:00+00:00,27894.5,27880.1,-29.39219161263001,-499.19302978054804
REGIME_HYSTERESIS_ADMISSION_GOVERNOR,UNION_FOCUS,C2,1.0,OP-USDT,2023-04-05 04:00:00+00:00,2023-04-07 14:00:00+00:00,2023-04-07 15:00:00+00:00,2023-04-08 04:00:00+00:00,2.245,2.274,152.0986440913731,-382.3762529082961
REGIME_HYSTERESIS_ADMISSION_GOVERNOR,UNION_FOCUS,C2,1.0,SHIB-USDT,2023-04-01 11:00:00+00:00,2023-04-04 12:00:00+00:00,2023-04-04 13:00:00+00:00,2023-04-08 11:00:00+00:00,1.1439e-05,1.0986e-05,-722.8360842042946,177.65708261002663
REGIME_HYSTERESIS_ADMISSION_GOVERNOR,UNION_FOCUS,C2,1.0,DOGE-USDT,2023-04-10 18:00:00+00:00,2023-04-17 01:00:00+00:00,2023-04-17 02:00:00+00:00,2023-04-17 18:00:00+00:00,0.08849,0.0906,401.2370681427309,1296.4649368390264
REGIME_HYSTERESIS_ADMISSION_GOVERNOR,UNION_FOCUS,C2,1.0,ETH-USDT,2023-04-10 18:00:00+00:00,2023-04-17 01:00:00+00:00,2023-04-17 02:00:00+00:00,2023-04-17 18:00:00+00:00,2081.61,2080.59,-32.44187273343183,1728.6192892293375
REGIME_HYSTERESIS_ADMISSION_GOVERNOR,UNION_FOCUS,C2,1.0,SHIB-USDT,2023-04-14 02:00:00+00:00,2023-04-17 01:00:00+00:00,2023-04-17 02:00:00+00:00,2023-04-21 02:00:00+00:00,1.1279e-05,1.0666e-05,-929.6704566211847,-947.6250195105531
REGIME_HYSTERESIS_ADMISSION_GOVERNOR,UNION_FOCUS,C2,1.0,ETH-USDT,2023-05-05 12:00:00+00:00,2023-05-08 01:00:00+00:00,2023-05-08 02:00:00+00:00,2023-05-08 12:00:00+00:00,1881.59,1856.98,-237.14321752900358,-461.07442512675
REGIME_HYSTERESIS_ADMISSION_GOVERNOR,UNION_FOCUS,C2,1.0,SOL-USDT,2023-05-05 18:00:00+00:00,2023-05-08 01:00:00+00:00,2023-05-08 02:00:00+00:00,2023-05-08 18:00:00+00:00,21.746,21.117,-493.47741641835904,-1095.94458197448
REGIME_HYSTERESIS_ADMISSION_GOVERNOR,UNION_FOCUS,C2,1.0,GRAM-USDT,2023-05-06 22:00:00+00:00,2023-05-08 01:00:00+00:00,2023-05-08 02:00:00+00:00,2023-05-09 22:00:00+00:00,2.0477,1.9584,-617.1582345603049,-787.2621870776462
REGIME_HYSTERESIS_ADMISSION_GOVERNOR,UNION_FOCUS,C2,1.0,BTC-USDT,2023-05-04 21:00:00+00:00,2023-05-08 01:00:00+00:00,2023-05-08 02:00:00+00:00,2023-05-11 21:00:00+00:00,28571.4,26840.7,-1022.9366988318225,-1231.506531981492
REGIME_HYSTERESIS_ADMISSION_GOVERNOR,UNION_FOCUS,C2,1.0,LTC-USDT,2023-06-23 02:00:00+00:00,2023-06-27 07:00:00+00:00,2023-06-27 08:00:00+00:00,2023-06-30 02:00:00+00:00,88.017,84.968,-586.1199127326245,-366.0665032849181
REGIME_HYSTERESIS_ADMISSION_GOVERNOR,UNION_FOCUS,C2,1.0,BTC-USDT,2023-06-23 03:00:00+00:00,2023-06-27 07:00:00+00:00,2023-06-27 08:00:00+00:00,2023-06-30 03:00:00+00:00,30320.8,30388.2,15.803445989873953,204.96602970585874
REGIME_HYSTERESIS_ADMISSION_GOVERNOR,UNION_FOCUS,C2,1.0,XMR-USDT,2023-06-23 20:00:00+00:00,2023-06-27 07:00:00+00:00,2023-06-27 08:00:00+00:00,2023-06-30 20:00:00+00:00,168.77,166.12,-302.22844753339143,1170.674512033974
REGIME_HYSTERESIS_ADMISSION_GOVERNOR,UNION_FOCUS,C2,1.0,ETH-USDT,2023-07-03 09:00:00+00:00,2023-07-06 01:00:00+00:00,2023-07-06 02:00:00+00:00,2023-07-06 09:00:00+00:00,1904.44,1925.2,78.57458234808455,-201.7539988113394
REGIME_HYSTERESIS_ADMISSION_GOVERNOR,UNION_FOCUS,C2,1.0,XMR-USDT,2023-07-03 10:00:00+00:00,2023-07-06 01:00:00+00:00,2023-07-06 02:00:00+00:00,2023-07-06 10:00:00+00:00,166.56,169.33,125.77731344867865,-92.18867999115324
REGIME_HYSTERESIS_ADMISSION_GOVERNOR,UNION_FOCUS,C2,1.0,LTC-USDT,2023-06-30 05:00:00+00:00,2023-06-30 17:00:00+00:00,2023-06-30 18:00:00+00:00,2023-07-07 05:00:00+00:00,108.181,97.192,-1894.7446621961603,182.92816484358414
REGIME_HYSTERESIS_ADMISSION_GOVERNOR,UNION_FOCUS,C2,1.0,SOL-USDT,2023-06-30 05:00:00+00:00,2023-06-30 17:00:00+00:00,2023-06-30 18:00:00+00:00,2023-07-07 05:00:00+00:00,18.925,20.223,1097.9886685176668,1049.9389864848358
REGIME_HYSTERESIS_ADMISSION_GOVERNOR,UNION_FOCUS,C2,1.0,XRP-USDT,2023-07-02 04:00:00+00:00,2023-07-06 01:00:00+00:00,2023-07-06 02:00:00+00:00,2023-07-09 04:00:00+00:00,0.47548,0.47064,-186.5146435398234,-460.8277149062627
REGIME_HYSTERESIS_ADMISSION_GOVERNOR,UNION_FOCUS,C2,1.0,BTC-USDT,2023-07-10 20:00:00+00:00,2023-07-16 18:00:00+00:00,2023-07-16 19:00:00+00:00,2023-07-17 20:00:00+00:00,30381.4,29799.9,-331.9203864029641,-432.5364057518025
REGIME_HYSTERESIS_ADMISSION_GOVERNOR,UNION_FOCUS,C2,1.0,ETH-USDT,2023-07-10 20:00:00+00:00,2023-07-16 18:00:00+00:00,2023-07-16 19:00:00+00:00,2023-07-17 20:00:00+00:00,1937.37,1883.52,-487.3723456907615,-82.24642462057814
REGIME_HYSTERESIS_ADMISSION_GOVERNOR,UNION_FOCUS,C2,1.0,XRP-USDT,2023-07-10 21:00:00+00:00,2023-07-16 18:00:00+00:00,2023-07-16 19:00:00+00:00,2023-07-17 21:00:00+00:00,0.77365,0.73409,-1387.2039266759555,8687.79303587372
REGIME_HYSTERESIS_ADMISSION_GOVERNOR,UNION_FOCUS,C2,1.0,SOL-USDT,2023-07-11 07:00:00+00:00,2023-07-16 18:00:00+00:00,2023-07-16 19:00:00+00:00,2023-07-18 07:00:00+00:00,28.011,26.429,-1201.5112024416362,3287.921122977191
REGIME_HYSTERESIS_ADMISSION_GOVERNOR,UNION_FOCUS,C2,1.0,LTC-USDT,2023-07-20 10:00:00+00:00,2023-07-22 01:00:00+00:00,2023-07-22 02:00:00+00:00,2023-07-23 10:00:00+00:00,95.404,92.895,-508.906453940803,-413.040327247932
REGIME_HYSTERESIS_ADMISSION_GOVERNOR,UNION_FOCUS,C2,1.0,BTC-USDT,2023-07-20 11:00:00+00:00,2023-07-22 01:00:00+00:00,2023-07-22 02:00:00+00:00,2023-07-23 11:00:00+00:00,29985.6,29902.6,-72.88269845856165,-301.38240688150273
REGIME_HYSTERESIS_ADMISSION_GOVERNOR,UNION_FOCUS,C2,1.0,BTC-USDT,2023-07-23 19:00:00+00:00,2023-07-24 06:00:00+00:00,2023-07-24 07:00:00+00:00,2023-07-26 19:00:00+00:00,29799.3,29266.6,-344.8972887161196,-561.5771462812111
REGIME_HYSTERESIS_ADMISSION_GOVERNOR,UNION_FOCUS,C2,1.0,LTC-USDT,2023-07-23 22:00:00+00:00,2023-07-24 06:00:00+00:00,2023-07-24 07:00:00+00:00,2023-07-26 22:00:00+00:00,92.48,90.431,-422.59145582834947,-615.0576952434996
REGIME_HYSTERESIS_ADMISSION_GOVERNOR,UNION_FOCUS,C2,1.0,BTC-USDT,2023-08-14 17:00:00+00:00,2023-08-14 20:00:00+00:00,2023-08-14 21:00:00+00:00,2023-08-17 17:00:00+00:00,29359.4,27935.9,-888.5941286606472,-1058.7078676209767
REGIME_HYSTERESIS_ADMISSION_GOVERNOR,UNION_FOCUS,C2,1.0,SOL-USDT,2023-08-14 18:00:00+00:00,2023-08-14 20:00:00+00:00,2023-08-14 21:00:00+00:00,2023-08-17 18:00:00+00:00,24.827,23.047,-1295.4504499659445,-1574.3929642399373
REGIME_HYSTERESIS_ADMISSION_GOVERNOR,UNION_FOCUS,C2,1.0,XMR-USDT,2023-08-14 19:00:00+00:00,2023-08-14 20:00:00+00:00,2023-08-14 21:00:00+00:00,2023-08-17 19:00:00+00:00,159.09,149.87,-1062.8502889708068,-1077.3994157521313
REGIME_HYSTERESIS_ADMISSION_GOVERNOR,UNION_FOCUS,C2,1.0,SHIB-USDT,2023-09-20 23:00:00+00:00,2023-09-21 10:00:00+00:00,2023-09-21 11:00:00+00:00,2023-09-27 23:00:00+00:00,7.293e-06,7.197e-06,-180.61892494648035,-471.88379441533573
REGIME_HYSTERESIS_ADMISSION_GOVERNOR,UNION_FOCUS,C2,1.0,XRP-USDT,2023-10-04 00:00:00+00:00,2023-10-05 00:00:00+00:00,2023-10-05 01:00:00+00:00,2023-10-07 00:00:00+00:00,0.53271,0.5264,-222.11668178647355,-90.1436549893012
REGIME_HYSTERESIS_ADMISSION_GOVERNOR,UNION_FOCUS,C2,1.0,SOL-USDT,2023-10-01 12:00:00+00:00,2023-10-05 00:00:00+00:00,2023-10-05 01:00:00+00:00,2023-10-08 12:00:00+00:00,23.129,23.169,8.261494315320252,13.60045344311261
REGIME_HYSTERESIS_ADMISSION_GOVERNOR,UNION_FOCUS,C2,1.0,BTC-USDT,2023-10-23 05:00:00+00:00,2023-10-27 13:00:00+00:00,2023-10-27 14:00:00+00:00,2023-10-30 05:00:00+00:00,34119.9,34269.6,62.60985233038551,2020.9297987133873
REGIME_HYSTERESIS_ADMISSION_GOVERNOR,UNION_FOCUS,C2,1.0,SOL-USDT,2023-10-27 08:00:00+00:00,2023-10-27 13:00:00+00:00,2023-10-27 14:00:00+00:00,2023-10-30 08:00:00+00:00,32.923,32.524,-252.8325423006286,-250.01254121044232
REGIME_HYSTERESIS_ADMISSION_GOVERNOR,UNION_FOCUS,C2,1.0,SHIB-USDT,2023-10-23 10:00:00+00:00,2023-10-27 13:00:00+00:00,2023-10-27 14:00:00+00:00,2023-10-30 10:00:00+00:00,7.894e-06,8.002e-06,243.39244238669906,1805.4405435144279
REGIME_HYSTERESIS_ADMISSION_GOVERNOR,UNION_FOCUS,C2,1.0,XMR-USDT,2023-10-29 16:00:00+00:00,2023-11-05 01:00:00+00:00,2023-11-05 02:00:00+00:00,2023-11-05 16:00:00+00:00,168.43,168.51,-15.113972393166204,521.1869209427314
REGIME_HYSTERESIS_ADMISSION_GOVERNOR,UNION_FOCUS,C2,1.0,ETH-USDT,2023-10-30 10:00:00+00:00,2023-11-05 01:00:00+00:00,2023-11-05 02:00:00+00:00,2023-11-06 10:00:00+00:00,1850.9,1885.16,333.0052191911821,641.6132138036924
REGIME_HYSTERESIS_ADMISSION_GOVERNOR,UNION_FOCUS,C2,1.0,SOL-USDT,2023-10-30 10:00:00+00:00,2023-11-05 01:00:00+00:00,2023-11-05 02:00:00+00:00,2023-11-06 10:00:00+00:00,41.866,40.197,-964.2838506253861,3510.7734788355424
REGIME_HYSTERESIS_ADMISSION_GOVERNOR,UNION_FOCUS,C2,1.0,XRP-USDT,2023-10-30 13:00:00+00:00,2023-11-05 01:00:00+00:00,2023-11-05 02:00:00+00:00,2023-11-06 13:00:00+00:00,0.62279,0.70238,2681.006468487128,4706.840741738393
REGIME_HYSTERESIS_ADMISSION_GOVERNOR,UNION_FOCUS,C2,1.0,SOL-USDT,2023-11-07 19:00:00+00:00,2023-11-13 18:00:00+00:00,2023-11-13 19:00:00+00:00,2023-11-14 19:00:00+00:00,53.632,53.723,11.295844278449163,5007.929101750192
REGIME_HYSTERESIS_ADMISSION_GOVERNOR,UNION_FOCUS,C2,1.0,BTC-USDT,2023-11-07 22:00:00+00:00,2023-11-13 18:00:00+00:00,2023-11-13 19:00:00+00:00,2023-11-14 22:00:00+00:00,36670.0,35288.7,-823.0282528083563,-242.2385522192339
REGIME_HYSTERESIS_ADMISSION_GOVERNOR,UNION_FOCUS,C2,1.0,ETH-USDT,2023-11-09 04:00:00+00:00,2023-11-13 18:00:00+00:00,2023-11-13 19:00:00+00:00,2023-11-16 04:00:00+00:00,2080.51,2055.66,-292.71847491817397,1418.8118654925752
REGIME_HYSTERESIS_ADMISSION_GOVERNOR,UNION_FOCUS,C2,1.0,LINK-USDT,2023-11-19 20:00:00+00:00,2023-11-22 01:00:00+00:00,2023-11-22 02:00:00+00:00,2023-11-22 20:00:00+00:00,13.6384,14.4705,1165.4931979474507,-276.4385327926091
REGIME_HYSTERESIS_ADMISSION_GOVERNOR,UNION_FOCUS,C2,1.0,BTC-USDT,2023-11-19 21:00:00+00:00,2023-11-22 01:00:00+00:00,2023-11-22 02:00:00+00:00,2023-11-26 21:00:00+00:00,36108.9,37379.4,695.8578317958304,191.78788776705747
REGIME_HYSTERESIS_ADMISSION_GOVERNOR,UNION_FOCUS,C2,1.0,ETH-USDT,2023-11-20 01:00:00+00:00,2023-11-22 01:00:00+00:00,2023-11-22 02:00:00+00:00,2023-11-27 01:00:00+00:00,1955.44,2062.26,1092.5629069818626,479.5889753683816
REGIME_HYSTERESIS_ADMISSION_GOVERNOR,UNION_FOCUS,C2,1.0,LINK-USDT,2023-12-19 01:00:00+00:00,2023-12-19 20:00:00+00:00,2023-12-19 21:00:00+00:00,2023-12-26 01:00:00+00:00,14.0735,15.5844,2003.871295437357,1162.304892989311
REGIME_HYSTERESIS_ADMISSION_GOVERNOR,UNION_FOCUS,C2,1.0,SOL-USDT,2023-12-19 02:00:00+00:00,2023-12-19 20:00:00+00:00,2023-12-19 21:00:00+00:00,2023-12-26 02:00:00+00:00,74.274,119.056,11770.146974113837,11637.67204244871
REGIME_HYSTERESIS_ADMISSION_GOVERNOR,UNION_FOCUS,C2,1.0,BTC-USDT,2023-12-19 03:00:00+00:00,2023-12-19 20:00:00+00:00,2023-12-19 21:00:00+00:00,2023-12-26 03:00:00+00:00,42342.3,43499.2,503.70568328720145,36.63504386130076
REGIME_HYSTERESIS_ADMISSION_GOVERNOR,UNION_FOCUS,C2,2.0,AVAX-USDT,2022-01-01 19:00:00+00:00,2022-01-03 22:00:00+00:00,2022-01-03 23:00:00+00:00,2022-01-04 19:00:00+00:00,108.175,107.591,-67.61851388607542,-514.7073926945066
REGIME_HYSTERESIS_ADMISSION_GOVERNOR,UNION_FOCUS,C2,2.0,ETH-USDT,2022-01-02 18:00:00+00:00,2022-01-03 22:00:00+00:00,2022-01-03 23:00:00+00:00,2022-01-05 18:00:00+00:00,3723.14,3792.5,140.57201737353574,-154.44763139331246
REGIME_HYSTERESIS_ADMISSION_GOVERNOR,UNION_FOCUS,C2,2.0,ETH-USDT,2022-02-09 21:00:00+00:00,2022-02-11 12:00:00+00:00,2022-02-11 13:00:00+00:00,2022-02-12 21:00:00+00:00,3088.1,2953.22,-783.37155758505,-1702.9983040880695
REGIME_HYSTERESIS_ADMISSION_GOVERNOR,UNION_FOCUS,C2,2.0,XRP-USDT,2022-03-27 23:00:00+00:00,2022-04-01 15:00:00+00:00,2022-04-01 16:00:00+00:00,2022-04-03 23:00:00+00:00,0.82803,0.84535,276.90757428991276,-206.39701301897145
REGIME_HYSTERESIS_ADMISSION_GOVERNOR,UNION_FOCUS,C2,2.0,AVAX-USDT,2022-03-29 12:00:00+00:00,2022-04-01 15:00:00+00:00,2022-04-01 16:00:00+00:00,2022-04-05 12:00:00+00:00,96.689,95.558,-253.7749691519831,225.16057449207767
REGIME_HYSTERESIS_ADMISSION_GOVERNOR,UNION_FOCUS,C2,2.0,SOL-USDT,2022-03-30 15:00:00+00:00,2022-04-01 15:00:00+00:00,2022-04-01 16:00:00+00:00,2022-04-06 15:00:00+00:00,132.627,119.093,-2059.4926621448444,418.99954197714936
REGIME_HYSTERESIS_ADMISSION_GOVERNOR,UNION_FOCUS,C2,2.0,ATOM-USDT,2022-04-03 20:00:00+00:00,2022-04-05 10:00:00+00:00,2022-04-05 11:00:00+00:00,2022-04-06 20:00:00+00:00,30.4943,27.4917,-1702.7976261934145,-2544.642514961212
REGIME_HYSTERESIS_ADMISSION_GOVERNOR,UNION_FOCUS,C2,2.0,ETH-USDT,2022-04-04 00:00:00+00:00,2022-04-05 10:00:00+00:00,2022-04-05 11:00:00+00:00,2022-04-07 00:00:00+00:00,3508.97,3188.37,-1655.1969799320211,-1879.679258395072
REGIME_HYSTERESIS_ADMISSION_GOVERNOR,UNION_FOCUS,C2,2.0,BTC-USDT,2022-07-21 11:00:00+00:00,2022-07-21 16:00:00+00:00,2022-07-21 17:00:00+00:00,2022-07-24 11:00:00+00:00,22638.0,22618.4,-54.153335816843665,-356.627516289531
REGIME_HYSTERESIS_ADMISSION_GOVERNOR,UNION_FOCUS,C2,2.0,ETH-USDT,2022-07-21 03:00:00+00:00,2022-07-21 16:00:00+00:00,2022-07-21 17:00:00+00:00,2022-07-28 03:00:00+00:00,1510.72,1615.47,1079.218212449833,824.1061068426434
REGIME_HYSTERESIS_ADMISSION_GOVERNOR,UNION_FOCUS,C2,2.0,ADA-USDT,2022-07-21 09:00:00+00:00,2022-07-21 16:00:00+00:00,2022-07-21 17:00:00+00:00,2022-07-28 09:00:00+00:00,0.4826,0.500097,540.6359333509641,246.38668283540306
REGIME_HYSTERESIS_ADMISSION_GOVERNOR,UNION_FOCUS,C2,2.0,ADA-USDT,2022-10-29 18:00:00+00:00,2022-11-01 16:00:00+00:00,2022-11-01 17:00:00+00:00,2022-11-01 18:00:00+00:00,0.40327,0.401296,-117.3598338330898,-1224.9443496554582
REGIME_HYSTERESIS_ADMISSION_GOVERNOR,UNION_FOCUS,C2,2.0,LUNC-USDT,2022-10-30 10:00:00+00:00,2022-11-01 16:00:00+00:00,2022-11-01 17:00:00+00:00,2022-11-02 10:00:00+00:00,0.00023691,0.0002222,-1001.9252959944556,-2286.3429221772294
REGIME_HYSTERESIS_ADMISSION_GOVERNOR,UNION_FOCUS,C2,2.0,LTC-USDT,2023-01-12 01:00:00+00:00,2023-01-17 06:00:00+00:00,2023-01-17 07:00:00+00:00,2023-01-19 01:00:00+00:00,86.048,82.617,-647.2923491291067,-343.23710499682574
REGIME_HYSTERESIS_ADMISSION_GOVERNOR,UNION_FOCUS,C2,2.0,SOL-USDT,2023-01-13 23:00:00+00:00,2023-01-17 06:00:00+00:00,2023-01-17 07:00:00+00:00,2023-01-20 23:00:00+00:00,23.546,24.269,287.52260638867983,2547.6112820818407
REGIME_HYSTERESIS_ADMISSION_GOVERNOR,UNION_FOCUS,C2,2.0,SOL-USDT,2023-01-29 19:00:00+00:00,2023-01-30 18:00:00+00:00,2023-01-30 19:00:00+00:00,2023-02-01 19:00:00+00:00,24.261,22.655,-1046.9603757139919,-2355.905247095183
REGIME_HYSTERESIS_ADMISSION_GOVERNOR,UNION_FOCUS,C2,2.0,BTC-USDT,2023-01-29 20:00:00+00:00,2023-01-30 18:00:00+00:00,2023-01-30 19:00:00+00:00,2023-02-01 20:00:00+00:00,23112.3,23075.1,-66.20616607138047,-504.523321827319
REGIME_HYSTERESIS_ADMISSION_GOVERNOR,UNION_FOCUS,C2,2.0,ETH-USDT,2023-01-29 20:00:00+00:00,2023-01-30 18:00:00+00:00,2023-01-30 19:00:00+00:00,2023-02-01 20:00:00+00:00,1581.02,1580.98,-40.46834634109842,-571.9452626352753
REGIME_HYSTERESIS_ADMISSION_GOVERNOR,UNION_FOCUS,C2,2.0,LTC-USDT,2023-01-29 20:00:00+00:00,2023-01-30 18:00:00+00:00,2023-01-30 19:00:00+00:00,2023-02-01 20:00:00+00:00,92.092,94.962,448.57942586672283,-409.05090869597046
REGIME_HYSTERESIS_ADMISSION_GOVERNOR,UNION_FOCUS,C2,2.0,DOGE-USDT,2023-01-28 06:00:00+00:00,2023-01-29 01:00:00+00:00,2023-01-29 02:00:00+00:00,2023-02-04 06:00:00+00:00,0.08867,0.09381,897.8963756439915,495.8315034879628
REGIME_HYSTERESIS_ADMISSION_GOVERNOR,UNION_FOCUS,C2,2.0,DOGE-USDT,2023-02-04 19:00:00+00:00,2023-02-07 10:00:00+00:00,2023-02-07 11:00:00+00:00,2023-02-07 19:00:00+00:00,0.09149,0.09211,65.00844313602289,-1208.92184596126
REGIME_HYSTERESIS_ADMISSION_GOVERNOR,UNION_FOCUS,C2,2.0,SHIB-USDT,2023-02-02 02:00:00+00:00,2023-02-07 10:00:00+00:00,2023-02-07 11:00:00+00:00,2023-02-09 02:00:00+00:00,1.4111e-05,1.3747e-05,-521.6320752665938,1872.4799882305165
REGIME_HYSTERESIS_ADMISSION_GOVERNOR,UNION_FOCUS,C2,2.0,BTC-USDT,2023-02-14 16:00:00+00:00,2023-02-19 16:00:00+00:00,2023-02-19 17:00:00+00:00,2023-02-21 16:00:00+00:00,24921.1,24681.7,-212.08451258717994,1637.1309213539164
REGIME_HYSTERESIS_ADMISSION_GOVERNOR,UNION_FOCUS,C2,2.0,ETH-USDT,2023-02-14 16:00:00+00:00,2023-02-19 16:00:00+00:00,2023-02-19 17:00:00+00:00,2023-02-21 16:00:00+00:00,1711.7,1674.77,-414.1153470242372,1128.4928171205322
REGIME_HYSTERESIS_ADMISSION_GOVERNOR,UNION_FOCUS,C2,2.0,DOGE-USDT,2023-02-15 06:00:00+00:00,2023-02-19 16:00:00+00:00,2023-02-19 17:00:00+00:00,2023-02-22 06:00:00+00:00,0.08922,0.08479,-849.472572477237,-178.48261499714212
REGIME_HYSTERESIS_ADMISSION_GOVERNOR,UNION_FOCUS,C2,2.0,SOL-USDT,2023-02-15 11:00:00+00:00,2023-02-19 16:00:00+00:00,2023-02-19 17:00:00+00:00,2023-02-22 11:00:00+00:00,25.256,23.615,-1224.8166357342727,1271.3460331018662
REGIME_HYSTERESIS_ADMISSION_GOVERNOR,UNION_FOCUS,C2,2.0,XRP-USDT,2023-02-15 12:00:00+00:00,2023-02-19 16:00:00+00:00,2023-02-19 17:00:00+00:00,2023-02-22 12:00:00+00:00,0.39622,0.39014,-284.35115652791626,122.99542201492223
REGIME_HYSTERESIS_ADMISSION_GOVERNOR,UNION_FOCUS,C2,2.0,DOGE-USDT,2023-02-28 02:00:00+00:00,2023-03-01 20:00:00+00:00,2023-03-01 21:00:00+00:00,2023-03-03 02:00:00+00:00,0.08113,0.08035,-177.19185519694167,-494.5339548778122
REGIME_HYSTERESIS_ADMISSION_GOVERNOR,UNION_FOCUS,C2,2.0,ETH-USDT,2023-02-28 03:00:00+00:00,2023-03-01 20:00:00+00:00,2023-03-01 21:00:00+00:00,2023-03-03 03:00:00+00:00,1634.68,1553.1,-856.0085464660166,-871.2361139523446
REGIME_HYSTERESIS_ADMISSION_GOVERNOR,UNION_FOCUS,C2,2.0,BTC-USDT,2023-02-28 12:00:00+00:00,2023-03-01 20:00:00+00:00,2023-03-01 21:00:00+00:00,2023-03-03 12:00:00+00:00,23355.0,22352.1,-739.5383414462983,-784.5222916427581
REGIME_HYSTERESIS_ADMISSION_GOVERNOR,UNION_FOCUS,C2,2.0,XRP-USDT,2023-02-28 20:00:00+00:00,2023-03-01 20:00:00+00:00,2023-03-01 21:00:00+00:00,2023-03-03 20:00:00+00:00,0.38046,0.36845,-554.9128396550899,-650.3652076482684
REGIME_HYSTERESIS_ADMISSION_GOVERNOR,UNION_FOCUS,C2,2.0,OP-USDT,2023-03-19 02:00:00+00:00,2023-03-21 03:00:00+00:00,2023-03-21 04:00:00+00:00,2023-03-22 02:00:00+00:00,2.5,2.575,406.95344975691916,-671.4546436280949
REGIME_HYSTERESIS_ADMISSION_GOVERNOR,UNION_FOCUS,C2,2.0,SOL-USDT,2023-03-19 03:00:00+00:00,2023-03-21 03:00:00+00:00,2023-03-21 04:00:00+00:00,2023-03-26 03:00:00+00:00,22.135,20.671,-1113.1530847370493,-770.9380724756736
REGIME_HYSTERESIS_ADMISSION_GOVERNOR,UNION_FOCUS,C2,2.0,XRP-USDT,2023-03-19 12:00:00+00:00,2023-03-21 03:00:00+00:00,2023-03-21 04:00:00+00:00,2023-03-26 12:00:00+00:00,0.38158,0.45678,2986.506697441303,2543.7633669610505
REGIME_HYSTERESIS_ADMISSION_GOVERNOR,UNION_FOCUS,C2,2.0,ETH-USDT,2023-03-23 17:00:00+00:00,2023-03-24 15:00:00+00:00,2023-03-24 16:00:00+00:00,2023-03-26 17:00:00+00:00,1763.19,1763.01,-20.37840745805462,-369.0537242231957
REGIME_HYSTERESIS_ADMISSION_GOVERNOR,UNION_FOCUS,C2,2.0,BTC-USDT,2023-03-19 18:00:00+00:00,2023-03-21 03:00:00+00:00,2023-03-21 04:00:00+00:00,2023-03-26 18:00:00+00:00,27783.2,27703.1,-85.83901951396518,-206.0743660958984
REGIME_HYSTERESIS_ADMISSION_GOVERNOR,UNION_FOCUS,C2,2.0,XRP-USDT,2023-03-26 15:00:00+00:00,2023-03-27 09:00:00+00:00,2023-03-27 10:00:00+00:00,2023-04-02 15:00:00+00:00,0.4665,0.52172,1910.0780090204553,2340.409472243059
REGIME_HYSTERESIS_ADMISSION_GOVERNOR,UNION_FOCUS,C2,2.0,OP-USDT,2023-03-31 01:00:00+00:00,2023-04-01 09:00:00+00:00,2023-04-01 10:00:00+00:00,2023-04-03 01:00:00+00:00,2.261,2.202,-381.0572785508496,-651.3359102367307
REGIME_HYSTERESIS_ADMISSION_GOVERNOR,UNION_FOCUS,C2,2.0,ETH-USDT,2023-03-29 08:00:00+00:00,2023-04-01 09:00:00+00:00,2023-04-01 10:00:00+00:00,2023-04-05 08:00:00+00:00,1825.25,1912.59,756.5691168994174,899.9612745067931
REGIME_HYSTERESIS_ADMISSION_GOVERNOR,UNION_FOCUS,C2,2.0,BTC-USDT,2023-04-05 02:00:00+00:00,2023-04-07 14:00:00+00:00,2023-04-07 15:00:00+00:00,2023-04-08 02:00:00+00:00,27894.5,27880.1,-48.47799238988605,-522.8892193156478
REGIME_HYSTERESIS_ADMISSION_GOVERNOR,UNION_FOCUS,C2,2.0,OP-USDT,2023-04-05 04:00:00+00:00,2023-04-07 14:00:00+00:00,2023-04-07 15:00:00+00:00,2023-04-08 04:00:00+00:00,2.245,2.274,135.5702910060351,-415.86906338201544
REGIME_HYSTERESIS_ADMISSION_GOVERNOR,UNION_FOCUS,C2,2.0,SHIB-USDT,2023-04-01 11:00:00+00:00,2023-04-04 12:00:00+00:00,2023-04-04 13:00:00+00:00,2023-04-08 11:00:00+00:00,1.1439e-05,1.0986e-05,-719.1512040460343,130.85613731223705
REGIME_HYSTERESIS_ADMISSION_GOVERNOR,UNION_FOCUS,C2,2.0,DOGE-USDT,2023-04-10 18:00:00+00:00,2023-04-17 01:00:00+00:00,2023-04-17 02:00:00+00:00,2023-04-17 18:00:00+00:00,0.08849,0.0906,364.8255451519098,1207.4350306210933
REGIME_HYSTERESIS_ADMISSION_GOVERNOR,UNION_FOCUS,C2,2.0,ETH-USDT,2023-04-10 18:00:00+00:00,2023-04-17 01:00:00+00:00,2023-04-17 02:00:00+00:00,2023-04-17 18:00:00+00:00,2081.61,2080.59,-53.74551715304517,1623.8334018722173
REGIME_HYSTERESIS_ADMISSION_GOVERNOR,UNION_FOCUS,C2,2.0,SHIB-USDT,2023-04-14 02:00:00+00:00,2023-04-17 01:00:00+00:00,2023-04-17 02:00:00+00:00,2023-04-21 02:00:00+00:00,1.1279e-05,1.0666e-05,-912.9782618648837,-950.3621786399092
REGIME_HYSTERESIS_ADMISSION_GOVERNOR,UNION_FOCUS,C2,2.0,ETH-USDT,2023-05-05 12:00:00+00:00,2023-05-08 01:00:00+00:00,2023-05-08 02:00:00+00:00,2023-05-08 12:00:00+00:00,1881.59,1856.98,-247.5730994549128,-482.9518117610726
REGIME_HYSTERESIS_ADMISSION_GOVERNOR,UNION_FOCUS,C2,2.0,SOL-USDT,2023-05-05 18:00:00+00:00,2023-05-08 01:00:00+00:00,2023-05-08 02:00:00+00:00,2023-05-08 18:00:00+00:00,21.746,21.117,-493.2939413377775,-1092.5861088819743
REGIME_HYSTERESIS_ADMISSION_GOVERNOR,UNION_FOCUS,C2,2.0,GRAM-USDT,2023-05-06 22:00:00+00:00,2023-05-08 01:00:00+00:00,2023-05-08 02:00:00+00:00,2023-05-09 22:00:00+00:00,2.0477,1.9584,-633.6251151266782,-821.1376815761168
REGIME_HYSTERESIS_ADMISSION_GOVERNOR,UNION_FOCUS,C2,2.0,BTC-USDT,2023-05-04 21:00:00+00:00,2023-05-08 01:00:00+00:00,2023-05-08 02:00:00+00:00,2023-05-11 21:00:00+00:00,28571.4,26840.7,-1002.1078170391227,-1222.750528632445
REGIME_HYSTERESIS_ADMISSION_GOVERNOR,UNION_FOCUS,C2,2.0,LTC-USDT,2023-06-23 02:00:00+00:00,2023-06-27 07:00:00+00:00,2023-06-27 08:00:00+00:00,2023-06-30 02:00:00+00:00,88.017,84.968,-581.2064946680582,-389.4223584645599
REGIME_HYSTERESIS_ADMISSION_GOVERNOR,UNION_FOCUS,C2,2.0,BTC-USDT,2023-06-23 03:00:00+00:00,2023-06-27 07:00:00+00:00,2023-06-27 08:00:00+00:00,2023-06-30 03:00:00+00:00,30320.8,30388.2,-4.416318757492881,157.7318350233079
REGIME_HYSTERESIS_ADMISSION_GOVERNOR,UNION_FOCUS,C2,2.0,XMR-USDT,2023-06-23 20:00:00+00:00,2023-06-27 07:00:00+00:00,2023-06-27 08:00:00+00:00,2023-06-30 20:00:00+00:00,168.77,166.12,-310.8650551889443,1081.8946672869833
REGIME_HYSTERESIS_ADMISSION_GOVERNOR,UNION_FOCUS,C2,2.0,ETH-USDT,2023-07-03 09:00:00+00:00,2023-07-06 01:00:00+00:00,2023-07-06 02:00:00+00:00,2023-07-06 09:00:00+00:00,1904.44,1925.2,65.36276955624544,-213.10078621677837
REGIME_HYSTERESIS_ADMISSION_GOVERNOR,UNION_FOCUS,C2,2.0,XMR-USDT,2023-07-03 10:00:00+00:00,2023-07-06 01:00:00+00:00,2023-07-06 02:00:00+00:00,2023-07-06 10:00:00+00:00,166.56,169.33,110.44233182896717,-108.25859347710089
REGIME_HYSTERESIS_ADMISSION_GOVERNOR,UNION_FOCUS,C2,2.0,LTC-USDT,2023-06-30 05:00:00+00:00,2023-06-30 17:00:00+00:00,2023-06-30 18:00:00+00:00,2023-07-07 05:00:00+00:00,108.181,97.192,-1835.0843174157822,135.82213199949203
REGIME_HYSTERESIS_ADMISSION_GOVERNOR,UNION_FOCUS,C2,2.0,SOL-USDT,2023-06-30 05:00:00+00:00,2023-06-30 17:00:00+00:00,2023-06-30 18:00:00+00:00,2023-07-07 05:00:00+00:00,18.925,20.223,1031.2526346752106,965.6193691752358
REGIME_HYSTERESIS_ADMISSION_GOVERNOR,UNION_FOCUS,C2,2.0,XRP-USDT,2023-07-02 04:00:00+00:00,2023-07-06 01:00:00+00:00,2023-07-06 02:00:00+00:00,2023-07-09 04:00:00+00:00,0.47548,0.47064,-197.96149375638,-480.5006422970999
REGIME_HYSTERESIS_ADMISSION_GOVERNOR,UNION_FOCUS,C2,2.0,BTC-USDT,2023-07-10 20:00:00+00:00,2023-07-16 18:00:00+00:00,2023-07-16 19:00:00+00:00,2023-07-17 20:00:00+00:00,30381.4,29799.9,-336.5160155925834,-452.30988693425024
REGIME_HYSTERESIS_ADMISSION_GOVERNOR,UNION_FOCUS,C2,2.0,ETH-USDT,2023-07-10 20:00:00+00:00,2023-07-16 18:00:00+00:00,2023-07-16 19:00:00+00:00,2023-07-17 20:00:00+00:00,1937.37,1883.52,-485.4765392053346,-117.71990299254242
REGIME_HYSTERESIS_ADMISSION_GOVERNOR,UNION_FOCUS,C2,2.0,XRP-USDT,2023-07-10 21:00:00+00:00,2023-07-16 18:00:00+00:00,2023-07-16 19:00:00+00:00,2023-07-17 21:00:00+00:00,0.77365,0.73409,-1356.0131183582942,8254.52242999196
REGIME_HYSTERESIS_ADMISSION_GOVERNOR,UNION_FOCUS,C2,2.0,SOL-USDT,2023-07-11 07:00:00+00:00,2023-07-16 18:00:00+00:00,2023-07-16 19:00:00+00:00,2023-07-18 07:00:00+00:00,28.011,26.429,-1171.685841040168,3099.040256915484
REGIME_HYSTERESIS_ADMISSION_GOVERNOR,UNION_FOCUS,C2,2.0,LTC-USDT,2023-07-20 10:00:00+00:00,2023-07-22 01:00:00+00:00,2023-07-22 02:00:00+00:00,2023-07-23 10:00:00+00:00,95.404,92.895,-507.0658838507726,-437.51037057974764
REGIME_HYSTERESIS_ADMISSION_GOVERNOR,UNION_FOCUS,C2,2.0,BTC-USDT,2023-07-20 11:00:00+00:00,2023-07-22 01:00:00+00:00,2023-07-22 02:00:00+00:00,2023-07-23 11:00:00+00:00,29985.6,29902.6,-91.11598850617553,-330.9896656951871
REGIME_HYSTERESIS_ADMISSION_GOVERNOR,UNION_FOCUS,C2,2.0,BTC-USDT,2023-07-23 19:00:00+00:00,2023-07-24 06:00:00+00:00,2023-07-24 07:00:00+00:00,2023-07-26 19:00:00+00:00,29799.3,29266.6,-349.9267040671264,-578.2367587507952
REGIME_HYSTERESIS_ADMISSION_GOVERNOR,UNION_FOCUS,C2,2.0,LTC-USDT,2023-07-23 22:00:00+00:00,2023-07-24 06:00:00+00:00,2023-07-24 07:00:00+00:00,2023-07-26 22:00:00+00:00,92.48,90.431,-423.8327075279508,-629.0110494042418
REGIME_HYSTERESIS_ADMISSION_GOVERNOR,UNION_FOCUS,C2,2.0,BTC-USDT,2023-08-14 17:00:00+00:00,2023-08-14 20:00:00+00:00,2023-08-14 21:00:00+00:00,2023-08-17 17:00:00+00:00,29359.4,27935.9,-866.6209524328739,-1050.1217342496602
REGIME_HYSTERESIS_ADMISSION_GOVERNOR,UNION_FOCUS,C2,2.0,SOL-USDT,2023-08-14 18:00:00+00:00,2023-08-14 20:00:00+00:00,2023-08-14 21:00:00+00:00,2023-08-17 18:00:00+00:00,24.827,23.047,-1253.2428880211485,-1540.336507476012
REGIME_HYSTERESIS_ADMISSION_GOVERNOR,UNION_FOCUS,C2,2.0,XMR-USDT,2023-08-14 19:00:00+00:00,2023-08-14 20:00:00+00:00,2023-08-14 21:00:00+00:00,2023-08-17 19:00:00+00:00,159.09,149.87,-1032.0230572269986,-1067.2550116595057
REGIME_HYSTERESIS_ADMISSION_GOVERNOR,UNION_FOCUS,C2,2.0,SHIB-USDT,2023-09-20 23:00:00+00:00,2023-09-21 10:00:00+00:00,2023-09-21 11:00:00+00:00,2023-09-27 23:00:00+00:00,7.293e-06,7.197e-06,-196.09464911329363,-503.38572008489444
REGIME_HYSTERESIS_ADMISSION_GOVERNOR,UNION_FOCUS,C2,2.0,XRP-USDT,2023-10-04 00:00:00+00:00,2023-10-05 00:00:00+00:00,2023-10-05 01:00:00+00:00,2023-10-07 00:00:00+00:00,0.53271,0.5264,-230.07509160789692,-125.07730958703468
REGIME_HYSTERESIS_ADMISSION_GOVERNOR,UNION_FOCUS,C2,2.0,SOL-USDT,2023-10-01 12:00:00+00:00,2023-10-05 00:00:00+00:00,2023-10-05 01:00:00+00:00,2023-10-08 12:00:00+00:00,23.129,23.169,-12.750968329671,-28.212562372048623
REGIME_HYSTERESIS_ADMISSION_GOVERNOR,UNION_FOCUS,C2,2.0,BTC-USDT,2023-10-23 05:00:00+00:00,2023-10-27 13:00:00+00:00,2023-10-27 14:00:00+00:00,2023-10-30 05:00:00+00:00,34119.9,34269.6,35.508330024906265,1867.9105820728562
REGIME_HYSTERESIS_ADMISSION_GOVERNOR,UNION_FOCUS,C2,2.0,SOL-USDT,2023-10-27 08:00:00+00:00,2023-10-27 13:00:00+00:00,2023-10-27 14:00:00+00:00,2023-10-30 08:00:00+00:00,32.923,32.524,-261.1956810129314,-280.8773963323287
REGIME_HYSTERESIS_ADMISSION_GOVERNOR,UNION_FOCUS,C2,2.0,SHIB-USDT,2023-10-23 10:00:00+00:00,2023-10-27 13:00:00+00:00,2023-10-27 14:00:00+00:00,2023-10-30 10:00:00+00:00,7.894e-06,8.002e-06,206.7992819077337,1663.5479935768706
REGIME_HYSTERESIS_ADMISSION_GOVERNOR,UNION_FOCUS,C2,2.0,XMR-USDT,2023-10-29 16:00:00+00:00,2023-11-05 01:00:00+00:00,2023-11-05 02:00:00+00:00,2023-11-05 16:00:00+00:00,168.43,168.51,-37.324309116919196,447.28472115131046
REGIME_HYSTERESIS_ADMISSION_GOVERNOR,UNION_FOCUS,C2,2.0,ETH-USDT,2023-10-30 10:00:00+00:00,2023-11-05 01:00:00+00:00,2023-11-05 02:00:00+00:00,2023-11-06 10:00:00+00:00,1850.9,1885.16,291.274779532202,560.3222741819552
REGIME_HYSTERESIS_ADMISSION_GOVERNOR,UNION_FOCUS,C2,2.0,SOL-USDT,2023-10-30 10:00:00+00:00,2023-11-05 01:00:00+00:00,2023-11-05 02:00:00+00:00,2023-11-06 10:00:00+00:00,41.866,40.197,-937.1169119779624,3265.9655799006464
REGIME_HYSTERESIS_ADMISSION_GOVERNOR,UNION_FOCUS,C2,2.0,XRP-USDT,2023-10-30 13:00:00+00:00,2023-11-05 01:00:00+00:00,2023-11-05 02:00:00+00:00,2023-11-06 13:00:00+00:00,0.62279,0.70238,2502.706369088214,4392.53158332217
REGIME_HYSTERESIS_ADMISSION_GOVERNOR,UNION_FOCUS,C2,2.0,SOL-USDT,2023-11-07 19:00:00+00:00,2023-11-13 18:00:00+00:00,2023-11-13 19:00:00+00:00,2023-11-14 19:00:00+00:00,53.632,53.723,-19.332592108548432,4665.408802309474
REGIME_HYSTERESIS_ADMISSION_GOVERNOR,UNION_FOCUS,C2,2.0,BTC-USDT,2023-11-07 22:00:00+00:00,2023-11-13 18:00:00+00:00,2023-11-13 19:00:00+00:00,2023-11-14 22:00:00+00:00,36670.0,35288.7,-799.433938687348,-276.44976618971606
REGIME_HYSTERESIS_ADMISSION_GOVERNOR,UNION_FOCUS,C2,2.0,ETH-USDT,2023-11-09 04:00:00+00:00,2023-11-13 18:00:00+00:00,2023-11-13 19:00:00+00:00,2023-11-16 04:00:00+00:00,2080.51,2055.66,-300.4866116531885,1281.9025491199716
REGIME_HYSTERESIS_ADMISSION_GOVERNOR,UNION_FOCUS,C2,2.0,LINK-USDT,2023-11-19 20:00:00+00:00,2023-11-22 01:00:00+00:00,2023-11-22 02:00:00+00:00,2023-11-22 20:00:00+00:00,13.6384,14.4705,1070.809920836437,-308.6868298362458
REGIME_HYSTERESIS_ADMISSION_GOVERNOR,UNION_FOCUS,C2,2.0,BTC-USDT,2023-11-19 21:00:00+00:00,2023-11-22 01:00:00+00:00,2023-11-22 02:00:00+00:00,2023-11-26 21:00:00+00:00,36108.9,37379.4,628.7511143142964,130.54080827343546
REGIME_HYSTERESIS_ADMISSION_GOVERNOR,UNION_FOCUS,C2,2.0,ETH-USDT,2023-11-20 01:00:00+00:00,2023-11-22 01:00:00+00:00,2023-11-22 02:00:00+00:00,2023-11-27 01:00:00+00:00,1955.44,2062.26,1000.7814169377775,400.3134035130679
REGIME_HYSTERESIS_ADMISSION_GOVERNOR,UNION_FOCUS,C2,2.0,LINK-USDT,2023-12-19 01:00:00+00:00,2023-12-19 20:00:00+00:00,2023-12-19 21:00:00+00:00,2023-12-26 01:00:00+00:00,14.0735,15.5844,1842.6327401865074,1035.5665251660366
REGIME_HYSTERESIS_ADMISSION_GOVERNOR,UNION_FOCUS,C2,2.0,SOL-USDT,2023-12-19 02:00:00+00:00,2023-12-19 20:00:00+00:00,2023-12-19 21:00:00+00:00,2023-12-26 02:00:00+00:00,74.274,119.056,10927.290342774482,10780.958714942397
REGIME_HYSTERESIS_ADMISSION_GOVERNOR,UNION_FOCUS,C2,2.0,BTC-USDT,2023-12-19 03:00:00+00:00,2023-12-19 20:00:00+00:00,2023-12-19 21:00:00+00:00,2023-12-26 03:00:00+00:00,42342.3,43499.2,445.9604122414548,-12.051204602414657
REGIME_HYSTERESIS_ADMISSION_GOVERNOR,MOMENTUM_BREAKOUT,C2,1.0,AVAX-USDT,2022-01-01 19:00:00+00:00,2022-01-04 14:00:00+00:00,2022-01-04 15:00:00+00:00,2022-01-04 19:00:00+00:00,107.643,107.591,-14.78361636909796,-492.7959984497628
REGIME_HYSTERESIS_ADMISSION_GOVERNOR,MOMENTUM_BREAKOUT,C2,1.0,ETH-USDT,2022-01-02 18:00:00+00:00,2022-01-04 14:00:00+00:00,2022-01-04 15:00:00+00:00,2022-01-05 18:00:00+00:00,3866.54,3792.5,-184.96704519738125,-132.0671071319737
REGIME_HYSTERESIS_ADMISSION_GOVERNOR,MOMENTUM_BREAKOUT,C2,1.0,ATOM-USDT,2022-02-25 23:00:00+00:00,2022-02-26 13:00:00+00:00,2022-02-26 14:00:00+00:00,2022-03-04 23:00:00+00:00,28.6787,30.9364,665.5732197645115,1051.0549289612193
REGIME_HYSTERESIS_ADMISSION_GOVERNOR,MOMENTUM_BREAKOUT,C2,1.0,ETH-USDT,2022-02-26 00:00:00+00:00,2022-02-26 13:00:00+00:00,2022-02-26 14:00:00+00:00,2022-03-05 00:00:00+00:00,2762.48,2612.38,-450.72743679543555,-547.593750066481
REGIME_HYSTERESIS_ADMISSION_GOVERNOR,MOMENTUM_BREAKOUT,C2,1.0,SOL-USDT,2022-02-26 00:00:00+00:00,2022-02-26 13:00:00+00:00,2022-02-26 14:00:00+00:00,2022-03-05 00:00:00+00:00,90.748,88.444,-209.11076660364708,-564.5708368387092
REGIME_HYSTERESIS_ADMISSION_GOVERNOR,MOMENTUM_BREAKOUT,C2,1.0,XRP-USDT,2022-03-27 23:00:00+00:00,2022-04-01 15:00:00+00:00,2022-04-01 16:00:00+00:00,2022-04-03 23:00:00+00:00,0.82803,0.84535,296.52732615439623,-167.96579133397725
REGIME_HYSTERESIS_ADMISSION_GOVERNOR,MOMENTUM_BREAKOUT,C2,1.0,AVAX-USDT,2022-03-30 17:00:00+00:00,2022-04-01 15:00:00+00:00,2022-04-01 16:00:00+00:00,2022-04-06 17:00:00+00:00,96.689,85.139,-2138.479050997527,-2233.7602307699494
REGIME_HYSTERESIS_ADMISSION_GOVERNOR,MOMENTUM_BREAKOUT,C2,1.0,SOL-USDT,2022-03-31 12:00:00+00:00,2022-04-01 15:00:00+00:00,2022-04-01 16:00:00+00:00,2022-04-07 12:00:00+00:00,132.627,115.228,-2504.664166511806,-1638.8922033608117
REGIME_HYSTERESIS_ADMISSION_GOVERNOR,MOMENTUM_BREAKOUT,C2,1.0,XRP-USDT,2022-04-15 03:00:00+00:00,2022-04-17 15:00:00+00:00,2022-04-17 16:00:00+00:00,2022-04-22 03:00:00+00:00,0.77955,0.73261,-532.2338825493854,-118.2508252612182
REGIME_HYSTERESIS_ADMISSION_GOVERNOR,MOMENTUM_BREAKOUT,C2,1.0,ETH-USDT,2022-07-22 11:00:00+00:00,2022-07-23 23:00:00+00:00,2022-07-24 00:00:00+00:00,2022-07-25 11:00:00+00:00,1541.76,1535.4,-83.61782849417297,-1002.7742530437439
REGIME_HYSTERESIS_ADMISSION_GOVERNOR,MOMENTUM_BREAKOUT,C2,1.0,ETH-USDT,2022-08-23 20:00:00+00:00,2022-08-26 09:00:00+00:00,2022-08-26 10:00:00+00:00,2022-08-26 20:00:00+00:00,1659.36,1559.28,-518.7284343516665,-515.2242029767266
REGIME_HYSTERESIS_ADMISSION_GOVERNOR,MOMENTUM_BREAKOUT,C2,1.0,XRP-USDT,2022-08-24 21:00:00+00:00,2022-08-26 09:00:00+00:00,2022-08-26 10:00:00+00:00,2022-08-27 21:00:00+00:00,0.37011,0.335,-856.7136959848494,-374.1369955881971
REGIME_HYSTERESIS_ADMISSION_GOVERNOR,MOMENTUM_BREAKOUT,C2,1.0,ADA-USDT,2022-08-25 22:00:00+00:00,2022-08-26 09:00:00+00:00,2022-08-26 10:00:00+00:00,2022-08-28 22:00:00+00:00,0.478575,0.44265,-651.3187849148035,-564.5151594333666
REGIME_HYSTERESIS_ADMISSION_GOVERNOR,MOMENTUM_BREAKOUT,C2,1.0,SOL-USDT,2023-01-29 19:00:00+00:00,2023-01-31 08:00:00+00:00,2023-01-31 09:00:00+00:00,2023-02-01 19:00:00+00:00,24.123,22.655,-928.9252249035758,-2284.6700389456937
REGIME_HYSTERESIS_ADMISSION_GOVERNOR,MOMENTUM_BREAKOUT,C2,1.0,BTC-USDT,2023-01-29 20:00:00+00:00,2023-01-31 08:00:00+00:00,2023-01-31 09:00:00+00:00,2023-02-01 20:00:00+00:00,22976.2,23075.1,48.20100718418058,-457.29880892547885
REGIME_HYSTERESIS_ADMISSION_GOVERNOR,MOMENTUM_BREAKOUT,C2,1.0,ETH-USDT,2023-01-29 20:00:00+00:00,2023-01-31 08:00:00+00:00,2023-01-31 09:00:00+00:00,2023-02-01 20:00:00+00:00,1579.91,1580.98,-9.06006829720131,-524.0033177828526
REGIME_HYSTERESIS_ADMISSION_GOVERNOR,MOMENTUM_BREAKOUT,C2,1.0,LTC-USDT,2023-01-29 20:00:00+00:00,2023-01-31 08:00:00+00:00,2023-01-31 09:00:00+00:00,2023-02-01 20:00:00+00:00,94.709,94.962,22.57565899414672,-363.23554088810863
REGIME_HYSTERESIS_ADMISSION_GOVERNOR,MOMENTUM_BREAKOUT,C2,1.0,DOGE-USDT,2023-01-28 06:00:00+00:00,2023-01-29 01:00:00+00:00,2023-01-29 02:00:00+00:00,2023-02-04 06:00:00+00:00,0.08867,0.09381,906.1740494671651,530.3167809447806
REGIME_HYSTERESIS_ADMISSION_GOVERNOR,MOMENTUM_BREAKOUT,C2,1.0,BTC-USDT,2023-02-14 16:00:00+00:00,2023-02-19 16:00:00+00:00,2023-02-19 17:00:00+00:00,2023-02-21 16:00:00+00:00,24921.1,24681.7,-188.45285369347985,1661.6827848808277
REGIME_HYSTERESIS_ADMISSION_GOVERNOR,MOMENTUM_BREAKOUT,C2,1.0,ETH-USDT,2023-02-14 16:00:00+00:00,2023-02-19 16:00:00+00:00,2023-02-19 17:00:00+00:00,2023-02-21 16:00:00+00:00,1711.7,1674.77,-389.1936798457661,1157.7357469525914
REGIME_HYSTERESIS_ADMISSION_GOVERNOR,MOMENTUM_BREAKOUT,C2,1.0,XRP-USDT,2023-02-15 12:00:00+00:00,2023-02-19 16:00:00+00:00,2023-02-19 17:00:00+00:00,2023-02-22 12:00:00+00:00,0.39622,0.39014,-264.3630535458022,161.84937553459008
REGIME_HYSTERESIS_ADMISSION_GOVERNOR,MOMENTUM_BREAKOUT,C2,1.0,SOL-USDT,2023-02-15 21:00:00+00:00,2023-02-19 16:00:00+00:00,2023-02-19 17:00:00+00:00,2023-02-22 21:00:00+00:00,25.256,23.785,-1032.7004426134572,495.8064855269559
REGIME_HYSTERESIS_ADMISSION_GOVERNOR,MOMENTUM_BREAKOUT,C2,1.0,XRP-USDT,2023-03-19 12:00:00+00:00,2023-03-25 15:00:00+00:00,2023-03-25 16:00:00+00:00,2023-03-26 12:00:00+00:00,0.45966,0.45678,-140.16498436403236,2605.0953782238607
REGIME_HYSTERESIS_ADMISSION_GOVERNOR,MOMENTUM_BREAKOUT,C2,1.0,ETH-USDT,2023-03-23 17:00:00+00:00,2023-03-25 15:00:00+00:00,2023-03-25 16:00:00+00:00,2023-03-26 17:00:00+00:00,1748.57,1763.01,54.255754060757184,-348.4260530300709
REGIME_HYSTERESIS_ADMISSION_GOVERNOR,MOMENTUM_BREAKOUT,C2,1.0,BTC-USDT,2023-03-19 18:00:00+00:00,2023-03-25 15:00:00+00:00,2023-03-25 16:00:00+00:00,2023-03-26 18:00:00+00:00,27526.3,27703.1,81.08871190389355,-164.85234055153887
REGIME_HYSTERESIS_ADMISSION_GOVERNOR,MOMENTUM_BREAKOUT,C2,1.0,XRP-USDT,2023-03-27 13:00:00+00:00,2023-03-27 13:00:00+00:00,2023-03-27 14:00:00+00:00,2023-04-03 13:00:00+00:00,0.48132,0.51518,1126.2728256234368,1235.9004799786526
REGIME_HYSTERESIS_ADMISSION_GOVERNOR,MOMENTUM_BREAKOUT,C2,1.0,ETH-USDT,2023-03-29 08:00:00+00:00,2023-04-04 12:00:00+00:00,2023-04-04 13:00:00+00:00,2023-04-05 08:00:00+00:00,1864.58,1912.59,419.2946186719111,945.3389888712082
REGIME_HYSTERESIS_ADMISSION_GOVERNOR,MOMENTUM_BREAKOUT,C2,1.0,SHIB-USDT,2023-04-01 14:00:00+00:00,2023-04-04 12:00:00+00:00,2023-04-04 13:00:00+00:00,2023-04-08 14:00:00+00:00,1.1439e-05,1.0924e-05,-391.3943393009272,-132.15310613214825
REGIME_HYSTERESIS_ADMISSION_GOVERNOR,MOMENTUM_BREAKOUT,C2,1.0,XMR-USDT,2023-06-23 20:00:00+00:00,2023-06-27 07:00:00+00:00,2023-06-27 08:00:00+00:00,2023-06-30 20:00:00+00:00,168.77,166.12,-292.1637726128174,1131.689239477451
REGIME_HYSTERESIS_ADMISSION_GOVERNOR,MOMENTUM_BREAKOUT,C2,1.0,LTC-USDT,2023-06-30 05:00:00+00:00,2023-06-30 17:00:00+00:00,2023-06-30 18:00:00+00:00,2023-07-07 05:00:00+00:00,108.181,97.192,-1839.423921102948,177.5872226850547
REGIME_HYSTERESIS_ADMISSION_GOVERNOR,MOMENTUM_BREAKOUT,C2,1.0,SOL-USDT,2023-06-30 05:00:00+00:00,2023-06-30 17:00:00+00:00,2023-06-30 18:00:00+00:00,2023-07-07 05:00:00+00:00,18.925,20.223,1065.9307622117365,1019.2839837322879
REGIME_HYSTERESIS_ADMISSION_GOVERNOR,MOMENTUM_BREAKOUT,C2,1.0,XRP-USDT,2023-07-02 04:00:00+00:00,2023-07-06 19:00:00+00:00,2023-07-06 20:00:00+00:00,2023-07-09 04:00:00+00:00,0.46895,0.47064,36.74942153284487,-447.38009251231045
REGIME_HYSTERESIS_ADMISSION_GOVERNOR,MOMENTUM_BREAKOUT,C2,1.0,SOL-USDT,2023-07-13 17:00:00+00:00,2023-07-19 03:00:00+00:00,2023-07-19 04:00:00+00:00,2023-07-20 17:00:00+00:00,26.239,25.687,-374.09248298546515,1005.3929116306722
REGIME_HYSTERESIS_ADMISSION_GOVERNOR,MOMENTUM_BREAKOUT,C2,1.0,LTC-USDT,2023-07-20 10:00:00+00:00,2023-07-22 01:00:00+00:00,2023-07-22 02:00:00+00:00,2023-07-23 10:00:00+00:00,95.404,92.895,-485.49973390957325,-394.04288827533685
REGIME_HYSTERESIS_ADMISSION_GOVERNOR,MOMENTUM_BREAKOUT,C2,1.0,BTC-USDT,2023-07-20 11:00:00+00:00,2023-07-22 01:00:00+00:00,2023-07-22 02:00:00+00:00,2023-07-23 11:00:00+00:00,29985.6,29902.6,-69.53189351251555,-287.52625609416526
REGIME_HYSTERESIS_ADMISSION_GOVERNOR,MOMENTUM_BREAKOUT,C2,1.0,SHIB-USDT,2023-09-20 23:00:00+00:00,2023-09-23 17:00:00+00:00,2023-09-23 18:00:00+00:00,2023-09-27 23:00:00+00:00,7.654e-06,7.197e-06,-801.6261695450166,-471.88379441533573
REGIME_HYSTERESIS_ADMISSION_GOVERNOR,MOMENTUM_BREAKOUT,C2,1.0,XRP-USDT,2023-10-04 00:00:00+00:00,2023-10-05 00:00:00+00:00,2023-10-05 01:00:00+00:00,2023-10-07 00:00:00+00:00,0.53271,0.5264,-216.76703161865697,-87.97255727992224
REGIME_HYSTERESIS_ADMISSION_GOVERNOR,MOMENTUM_BREAKOUT,C2,1.0,SOL-USDT,2023-10-01 12:00:00+00:00,2023-10-05 00:00:00+00:00,2023-10-05 01:00:00+00:00,2023-10-08 12:00:00+00:00,23.129,23.169,8.062517344770797,13.272888365788976
REGIME_HYSTERESIS_ADMISSION_GOVERNOR,MOMENTUM_BREAKOUT,C2,1.0,XMR-USDT,2023-10-29 16:00:00+00:00,2023-11-05 04:00:00+00:00,2023-11-05 05:00:00+00:00,2023-11-05 16:00:00+00:00,169.4,168.51,-124.74667252499476,510.58424448651726
REGIME_HYSTERESIS_ADMISSION_GOVERNOR,MOMENTUM_BREAKOUT,C2,1.0,ETH-USDT,2023-10-30 10:00:00+00:00,2023-11-05 04:00:00+00:00,2023-11-05 05:00:00+00:00,2023-11-06 10:00:00+00:00,1888.64,1885.16,-59.663041849596425,628.3735447332151
REGIME_HYSTERESIS_ADMISSION_GOVERNOR,MOMENTUM_BREAKOUT,C2,1.0,SOL-USDT,2023-10-30 10:00:00+00:00,2023-11-05 04:00:00+00:00,2023-11-05 05:00:00+00:00,2023-11-06 10:00:00+00:00,42.525,40.197,-1306.3760845008246,3438.328775326987
REGIME_HYSTERESIS_ADMISSION_GOVERNOR,MOMENTUM_BREAKOUT,C2,1.0,XRP-USDT,2023-10-30 13:00:00+00:00,2023-11-05 04:00:00+00:00,2023-11-05 05:00:00+00:00,2023-11-06 13:00:00+00:00,0.62488,0.70238,2555.9687438144674,4609.7209998874405
REGIME_HYSTERESIS_ADMISSION_GOVERNOR,MOMENTUM_BREAKOUT,C2,1.0,SHIB-USDT,2023-11-11 04:00:00+00:00,2023-11-13 21:00:00+00:00,2023-11-13 22:00:00+00:00,2023-11-14 04:00:00+00:00,8.768e-06,8.531e-06,-603.455042132984,-705.7887807232436
REGIME_HYSTERESIS_ADMISSION_GOVERNOR,MOMENTUM_BREAKOUT,C2,1.0,SOL-USDT,2023-11-07 19:00:00+00:00,2023-11-13 21:00:00+00:00,2023-11-13 22:00:00+00:00,2023-11-14 19:00:00+00:00,53.475,53.723,83.8983154052084,4904.596691885539
REGIME_HYSTERESIS_ADMISSION_GOVERNOR,MOMENTUM_BREAKOUT,C2,1.0,BTC-USDT,2023-11-07 22:00:00+00:00,2023-11-13 21:00:00+00:00,2023-11-13 22:00:00+00:00,2023-11-14 22:00:00+00:00,36779.1,35288.7,-867.740315977286,-237.24025994025556
REGIME_HYSTERESIS_ADMISSION_GOVERNOR,MOMENTUM_BREAKOUT,C2,1.0,ETH-USDT,2023-11-09 04:00:00+00:00,2023-11-13 21:00:00+00:00,2023-11-13 22:00:00+00:00,2023-11-16 04:00:00+00:00,2085.86,2055.66,-346.26278003478393,1404.3339646374336
REGIME_HYSTERESIS_ADMISSION_GOVERNOR,MOMENTUM_BREAKOUT,C2,2.0,AVAX-USDT,2022-01-01 19:00:00+00:00,2022-01-04 14:00:00+00:00,2022-01-04 15:00:00+00:00,2022-01-04 19:00:00+00:00,107.643,107.591,-25.44501061384169,-514.7073926945066
REGIME_HYSTERESIS_ADMISSION_GOVERNOR,MOMENTUM_BREAKOUT,C2,2.0,ETH-USDT,2022-01-02 18:00:00+00:00,2022-01-04 14:00:00+00:00,2022-01-04 15:00:00+00:00,2022-01-05 18:00:00+00:00,3866.54,3792.5,-196.07541249707776,-154.44763139331246
REGIME_HYSTERESIS_ADMISSION_GOVERNOR,MOMENTUM_BREAKOUT,C2,2.0,ATOM-USDT,2022-02-25 23:00:00+00:00,2022-02-26 13:00:00+00:00,2022-02-26 14:00:00+00:00,2022-03-04 23:00:00+00:00,28.6787,30.9364,651.9090069785145,1025.9480109090068
REGIME_HYSTERESIS_ADMISSION_GOVERNOR,MOMENTUM_BREAKOUT,C2,2.0,ETH-USDT,2022-02-26 00:00:00+00:00,2022-02-26 13:00:00+00:00,2022-02-26 14:00:00+00:00,2022-03-05 00:00:00+00:00,2762.48,2612.38,-458.81892046199437,-565.5915110545602
REGIME_HYSTERESIS_ADMISSION_GOVERNOR,MOMENTUM_BREAKOUT,C2,2.0,SOL-USDT,2022-02-26 00:00:00+00:00,2022-02-26 13:00:00+00:00,2022-02-26 14:00:00+00:00,2022-03-05 00:00:00+00:00,90.748,88.444,-217.9455833711259,-582.4240566079374
REGIME_HYSTERESIS_ADMISSION_GOVERNOR,MOMENTUM_BREAKOUT,C2,2.0,XRP-USDT,2022-03-27 23:00:00+00:00,2022-04-01 15:00:00+00:00,2022-04-01 16:00:00+00:00,2022-04-03 23:00:00+00:00,0.82803,0.84535,274.9709387651544,-204.95351408745512
REGIME_HYSTERESIS_ADMISSION_GOVERNOR,MOMENTUM_BREAKOUT,C2,2.0,AVAX-USDT,2022-03-30 17:00:00+00:00,2022-04-01 15:00:00+00:00,2022-04-01 16:00:00+00:00,2022-04-06 17:00:00+00:00,96.689,85.139,-2145.444135793668,-2262.3056017843974
REGIME_HYSTERESIS_ADMISSION_GOVERNOR,MOMENTUM_BREAKOUT,C2,2.0,SOL-USDT,2022-03-31 12:00:00+00:00,2022-04-01 15:00:00+00:00,2022-04-01 16:00:00+00:00,2022-04-07 12:00:00+00:00,132.627,115.228,-2509.97770940641,-1671.8571514489367
REGIME_HYSTERESIS_ADMISSION_GOVERNOR,MOMENTUM_BREAKOUT,C2,2.0,XRP-USDT,2022-04-15 03:00:00+00:00,2022-04-17 15:00:00+00:00,2022-04-17 16:00:00+00:00,2022-04-22 03:00:00+00:00,0.77955,0.73261,-538.1650967482976,-137.65456454483189
REGIME_HYSTERESIS_ADMISSION_GOVERNOR,MOMENTUM_BREAKOUT,C2,2.0,ETH-USDT,2022-07-22 11:00:00+00:00,2022-07-23 23:00:00+00:00,2022-07-24 00:00:00+00:00,2022-07-25 11:00:00+00:00,1541.76,1535.4,-102.17104350494438,-1034.3366762030896
REGIME_HYSTERESIS_ADMISSION_GOVERNOR,MOMENTUM_BREAKOUT,C2,2.0,ETH-USDT,2022-08-23 20:00:00+00:00,2022-08-26 09:00:00+00:00,2022-08-26 10:00:00+00:00,2022-08-26 20:00:00+00:00,1659.36,1559.28,-521.0998324027988,-528.0233934806444
REGIME_HYSTERESIS_ADMISSION_GOVERNOR,MOMENTUM_BREAKOUT,C2,2.0,XRP-USDT,2022-08-24 21:00:00+00:00,2022-08-26 09:00:00+00:00,2022-08-26 10:00:00+00:00,2022-08-27 21:00:00+00:00,0.37011,0.335,-854.3548821508914,-389.10074709967665
REGIME_HYSTERESIS_ADMISSION_GOVERNOR,MOMENTUM_BREAKOUT,C2,2.0,ADA-USDT,2022-08-25 22:00:00+00:00,2022-08-26 09:00:00+00:00,2022-08-26 10:00:00+00:00,2022-08-28 22:00:00+00:00,0.478575,0.44265,-651.6235591081448,-576.4834683347644
REGIME_HYSTERESIS_ADMISSION_GOVERNOR,MOMENTUM_BREAKOUT,C2,2.0,SOL-USDT,2023-01-29 19:00:00+00:00,2023-01-31 08:00:00+00:00,2023-01-31 09:00:00+00:00,2023-02-01 19:00:00+00:00,24.123,22.655,-924.7260381820779,-2269.194043165322
REGIME_HYSTERESIS_ADMISSION_GOVERNOR,MOMENTUM_BREAKOUT,C2,2.0,BTC-USDT,2023-01-29 20:00:00+00:00,2023-01-31 08:00:00+00:00,2023-01-31 09:00:00+00:00,2023-02-01 20:00:00+00:00,22976.2,23075.1,27.696725798988886,-485.9538888247485
REGIME_HYSTERESIS_ADMISSION_GOVERNOR,MOMENTUM_BREAKOUT,C2,2.0,ETH-USDT,2023-01-29 20:00:00+00:00,2023-01-31 08:00:00+00:00,2023-01-31 09:00:00+00:00,2023-02-01 20:00:00+00:00,1579.91,1580.98,-28.14178043279081,-550.8943046792062
REGIME_HYSTERESIS_ADMISSION_GOVERNOR,MOMENTUM_BREAKOUT,C2,2.0,LTC-USDT,2023-01-29 20:00:00+00:00,2023-01-31 08:00:00+00:00,2023-01-31 09:00:00+00:00,2023-02-01 20:00:00+00:00,94.709,94.962,2.559496223659181,-393.99542341897916
REGIME_HYSTERESIS_ADMISSION_GOVERNOR,MOMENTUM_BREAKOUT,C2,2.0,DOGE-USDT,2023-01-28 06:00:00+00:00,2023-01-29 01:00:00+00:00,2023-01-29 02:00:00+00:00,2023-02-04 06:00:00+00:00,0.08867,0.09381,864.8484948634095,477.5819806487908
REGIME_HYSTERESIS_ADMISSION_GOVERNOR,MOMENTUM_BREAKOUT,C2,2.0,BTC-USDT,2023-02-14 16:00:00+00:00,2023-02-19 16:00:00+00:00,2023-02-19 17:00:00+00:00,2023-02-21 16:00:00+00:00,24921.1,24681.7,-204.27855203592813,1576.8748506327215
REGIME_HYSTERESIS_ADMISSION_GOVERNOR,MOMENTUM_BREAKOUT,C2,2.0,ETH-USDT,2023-02-14 16:00:00+00:00,2023-02-19 16:00:00+00:00,2023-02-19 17:00:00+00:00,2023-02-21 16:00:00+00:00,1711.7,1674.77,-398.87346055593446,1086.957627655945
REGIME_HYSTERESIS_ADMISSION_GOVERNOR,MOMENTUM_BREAKOUT,C2,2.0,XRP-USDT,2023-02-15 12:00:00+00:00,2023-02-19 16:00:00+00:00,2023-02-19 17:00:00+00:00,2023-02-22 12:00:00+00:00,0.39622,0.39014,-276.17506255787674,119.4588718543462
REGIME_HYSTERESIS_ADMISSION_GOVERNOR,MOMENTUM_BREAKOUT,C2,2.0,SOL-USDT,2023-02-15 21:00:00+00:00,2023-02-19 16:00:00+00:00,2023-02-19 17:00:00+00:00,2023-02-22 21:00:00+00:00,25.256,23.785,-1023.9475337483219,442.92251927825555
REGIME_HYSTERESIS_ADMISSION_GOVERNOR,MOMENTUM_BREAKOUT,C2,2.0,XRP-USDT,2023-03-19 12:00:00+00:00,2023-03-25 15:00:00+00:00,2023-03-25 16:00:00+00:00,2023-03-26 12:00:00+00:00,0.45966,0.45678,-158.41751153911864,2484.574410951714
REGIME_HYSTERESIS_ADMISSION_GOVERNOR,MOMENTUM_BREAKOUT,C2,2.0,ETH-USDT,2023-03-23 17:00:00+00:00,2023-03-25 15:00:00+00:00,2023-03-25 16:00:00+00:00,2023-03-26 17:00:00+00:00,1748.57,1763.01,43.1114154416439,-357.01132300310775
REGIME_HYSTERESIS_ADMISSION_GOVERNOR,MOMENTUM_BREAKOUT,C2,2.0,BTC-USDT,2023-03-19 18:00:00+00:00,2023-03-25 15:00:00+00:00,2023-03-25 16:00:00+00:00,2023-03-26 18:00:00+00:00,27526.3,27703.1,59.47018984707006,-198.2837816753183
REGIME_HYSTERESIS_ADMISSION_GOVERNOR,MOMENTUM_BREAKOUT,C2,2.0,XRP-USDT,2023-03-27 13:00:00+00:00,2023-03-27 13:00:00+00:00,2023-03-27 14:00:00+00:00,2023-04-03 13:00:00+00:00,0.48132,0.51518,1069.6047737765991,1156.1750794524128
REGIME_HYSTERESIS_ADMISSION_GOVERNOR,MOMENTUM_BREAKOUT,C2,2.0,ETH-USDT,2023-03-29 08:00:00+00:00,2023-04-04 12:00:00+00:00,2023-04-04 13:00:00+00:00,2023-04-05 08:00:00+00:00,1864.58,1912.59,384.70547767975995,873.9671131486202
REGIME_HYSTERESIS_ADMISSION_GOVERNOR,MOMENTUM_BREAKOUT,C2,2.0,SHIB-USDT,2023-04-01 14:00:00+00:00,2023-04-04 12:00:00+00:00,2023-04-04 13:00:00+00:00,2023-04-08 14:00:00+00:00,1.1439e-05,1.0924e-05,-388.3112052037688,-147.50076062392958
REGIME_HYSTERESIS_ADMISSION_GOVERNOR,MOMENTUM_BREAKOUT,C2,2.0,XMR-USDT,2023-06-23 20:00:00+00:00,2023-06-27 07:00:00+00:00,2023-06-27 08:00:00+00:00,2023-06-30 20:00:00+00:00,168.77,166.12,-301.0635032584038,1047.782609377022
REGIME_HYSTERESIS_ADMISSION_GOVERNOR,MOMENTUM_BREAKOUT,C2,2.0,LTC-USDT,2023-06-30 05:00:00+00:00,2023-06-30 17:00:00+00:00,2023-06-30 18:00:00+00:00,2023-07-07 05:00:00+00:00,108.181,97.192,-1784.7912110097338,132.09973250421248
REGIME_HYSTERESIS_ADMISSION_GOVERNOR,MOMENTUM_BREAKOUT,C2,2.0,SOL-USDT,2023-06-30 05:00:00+00:00,2023-06-30 17:00:00+00:00,2023-06-30 18:00:00+00:00,2023-07-07 05:00:00+00:00,18.925,20.223,1002.9896834881635,939.1551913602017
REGIME_HYSTERESIS_ADMISSION_GOVERNOR,MOMENTUM_BREAKOUT,C2,2.0,XRP-USDT,2023-07-02 04:00:00+00:00,2023-07-06 19:00:00+00:00,2023-07-06 20:00:00+00:00,2023-07-09 04:00:00+00:00,0.46895,0.47064,16.42949583951134,-467.3397932727936
REGIME_HYSTERESIS_ADMISSION_GOVERNOR,MOMENTUM_BREAKOUT,C2,2.0,SOL-USDT,2023-07-13 17:00:00+00:00,2023-07-19 03:00:00+00:00,2023-07-19 04:00:00+00:00,2023-07-20 17:00:00+00:00,26.239,25.687,-376.45349811862263,921.0355664534882
REGIME_HYSTERESIS_ADMISSION_GOVERNOR,MOMENTUM_BREAKOUT,C2,2.0,LTC-USDT,2023-07-20 10:00:00+00:00,2023-07-22 01:00:00+00:00,2023-07-22 02:00:00+00:00,2023-07-23 10:00:00+00:00,95.404,92.895,-484.7110891218178,-418.2220397383518
REGIME_HYSTERESIS_ADMISSION_GOVERNOR,MOMENTUM_BREAKOUT,C2,2.0,BTC-USDT,2023-07-20 11:00:00+00:00,2023-07-22 01:00:00+00:00,2023-07-22 02:00:00+00:00,2023-07-23 11:00:00+00:00,29985.6,29902.6,-87.10071340758444,-316.4037013178503
REGIME_HYSTERESIS_ADMISSION_GOVERNOR,MOMENTUM_BREAKOUT,C2,2.0,SHIB-USDT,2023-09-20 23:00:00+00:00,2023-09-23 17:00:00+00:00,2023-09-23 18:00:00+00:00,2023-09-27 23:00:00+00:00,7.654e-06,7.197e-06,-817.1018937118299,-503.38572008489444
REGIME_HYSTERESIS_ADMISSION_GOVERNOR,MOMENTUM_BREAKOUT,C2,2.0,XRP-USDT,2023-10-04 00:00:00+00:00,2023-10-05 00:00:00+00:00,2023-10-05 01:00:00+00:00,2023-10-07 00:00:00+00:00,0.53271,0.5264,-225.24306868191002,-122.45044362244195
REGIME_HYSTERESIS_ADMISSION_GOVERNOR,MOMENTUM_BREAKOUT,C2,2.0,SOL-USDT,2023-10-01 12:00:00+00:00,2023-10-05 00:00:00+00:00,2023-10-05 01:00:00+00:00,2023-10-08 12:00:00+00:00,23.129,23.169,-12.483173276904008,-27.620043871981444
REGIME_HYSTERESIS_ADMISSION_GOVERNOR,MOMENTUM_BREAKOUT,C2,2.0,XMR-USDT,2023-10-29 16:00:00+00:00,2023-11-05 04:00:00+00:00,2023-11-05 05:00:00+00:00,2023-11-05 16:00:00+00:00,169.4,168.51,-140.96860418004275,439.6685279177307
REGIME_HYSTERESIS_ADMISSION_GOVERNOR,MOMENTUM_BREAKOUT,C2,2.0,ETH-USDT,2023-10-30 10:00:00+00:00,2023-11-05 04:00:00+00:00,2023-11-05 05:00:00+00:00,2023-11-06 10:00:00+00:00,1888.64,1885.16,-79.38430775846093,550.7403229163857
REGIME_HYSTERESIS_ADMISSION_GOVERNOR,MOMENTUM_BREAKOUT,C2,2.0,SOL-USDT,2023-10-30 10:00:00+00:00,2023-11-05 04:00:00+00:00,2023-11-05 05:00:00+00:00,2023-11-06 10:00:00+00:00,42.525,40.197,-1264.1272805255232,3210.115001646687
REGIME_HYSTERESIS_ADMISSION_GOVERNOR,MOMENTUM_BREAKOUT,C2,2.0,XRP-USDT,2023-10-30 13:00:00+00:00,2023-11-05 04:00:00+00:00,2023-11-05 05:00:00+00:00,2023-11-06 13:00:00+00:00,0.62488,0.70238,2393.855417933501,4317.417194508824
REGIME_HYSTERESIS_ADMISSION_GOVERNOR,MOMENTUM_BREAKOUT,C2,2.0,SHIB-USDT,2023-11-11 04:00:00+00:00,2023-11-13 21:00:00+00:00,2023-11-13 22:00:00+00:00,2023-11-14 04:00:00+00:00,8.768e-06,8.531e-06,-594.7449947910811,-716.7606449306898
REGIME_HYSTERESIS_ADMISSION_GOVERNOR,MOMENTUM_BREAKOUT,C2,2.0,SOL-USDT,2023-11-07 19:00:00+00:00,2023-11-13 21:00:00+00:00,2023-11-13 22:00:00+00:00,2023-11-14 19:00:00+00:00,53.475,53.723,49.88476367596892,4585.6281341099375
REGIME_HYSTERESIS_ADMISSION_GOVERNOR,MOMENTUM_BREAKOUT,C2,2.0,BTC-USDT,2023-11-07 22:00:00+00:00,2023-11-13 21:00:00+00:00,2023-11-13 22:00:00+00:00,2023-11-14 22:00:00+00:00,36779.1,35288.7,-844.0997550367165,-271.7223461489893
REGIME_HYSTERESIS_ADMISSION_GOVERNOR,MOMENTUM_BREAKOUT,C2,2.0,ETH-USDT,2023-11-09 04:00:00+00:00,2023-11-13 21:00:00+00:00,2023-11-13 22:00:00+00:00,2023-11-16 04:00:00+00:00,2085.86,2055.66,-353.0128273996867,1277.992862477344
REGIME_HYSTERESIS_ADMISSION_GOVERNOR,RELATIVE_STRENGTH_ROTATION,C2,1.0,SOL-USDT,2022-04-03 19:00:00+00:00,2022-04-05 10:00:00+00:00,2022-04-05 11:00:00+00:00,2022-04-06 19:00:00+00:00,131.972,117.505,-2020.4839801520325,-2577.772561374213
REGIME_HYSTERESIS_ADMISSION_GOVERNOR,RELATIVE_STRENGTH_ROTATION,C2,1.0,ATOM-USDT,2022-04-03 20:00:00+00:00,2022-04-05 10:00:00+00:00,2022-04-05 11:00:00+00:00,2022-04-06 20:00:00+00:00,30.4943,27.4917,-1786.6162114189747,-2656.4126048390535
REGIME_HYSTERESIS_ADMISSION_GOVERNOR,RELATIVE_STRENGTH_ROTATION,C2,1.0,BTC-USDT,2022-07-21 11:00:00+00:00,2022-07-21 16:00:00+00:00,2022-07-21 17:00:00+00:00,2022-07-24 11:00:00+00:00,22638.0,22618.4,-37.04120063801228,-343.87295677839967
REGIME_HYSTERESIS_ADMISSION_GOVERNOR,RELATIVE_STRENGTH_ROTATION,C2,1.0,ETH-USDT,2022-07-21 03:00:00+00:00,2022-07-21 16:00:00+00:00,2022-07-21 17:00:00+00:00,2022-07-28 03:00:00+00:00,1510.72,1615.47,1197.1593203196912,942.0275291224511
REGIME_HYSTERESIS_ADMISSION_GOVERNOR,RELATIVE_STRENGTH_ROTATION,C2,1.0,ADA-USDT,2022-07-21 09:00:00+00:00,2022-07-21 16:00:00+00:00,2022-07-21 17:00:00+00:00,2022-07-28 09:00:00+00:00,0.4826,0.500097,610.6899975496816,312.80740492513934
REGIME_HYSTERESIS_ADMISSION_GOVERNOR,RELATIVE_STRENGTH_ROTATION,C2,1.0,LUNC-USDT,2022-10-30 12:00:00+00:00,2022-11-01 16:00:00+00:00,2022-11-01 17:00:00+00:00,2022-11-02 12:00:00+00:00,0.00023691,0.00022006,-1146.6217146568572,-2270.58896168924
REGIME_HYSTERESIS_ADMISSION_GOVERNOR,RELATIVE_STRENGTH_ROTATION,C2,1.0,DOGE-USDT,2023-01-28 06:00:00+00:00,2023-01-29 01:00:00+00:00,2023-01-29 02:00:00+00:00,2023-02-04 06:00:00+00:00,0.08867,0.09381,863.9389730557934,505.59970834862406
REGIME_HYSTERESIS_ADMISSION_GOVERNOR,RELATIVE_STRENGTH_ROTATION,C2,1.0,BTC-USDT,2023-01-30 11:00:00+00:00,2023-01-30 18:00:00+00:00,2023-01-30 19:00:00+00:00,2023-02-06 11:00:00+00:00,23112.3,22836.0,-202.82402938893114,-272.0083008218957
REGIME_HYSTERESIS_ADMISSION_GOVERNOR,RELATIVE_STRENGTH_ROTATION,C2,1.0,SOL-USDT,2023-01-30 12:00:00+00:00,2023-01-30 18:00:00+00:00,2023-01-30 19:00:00+00:00,2023-02-06 12:00:00+00:00,24.261,23.256,-660.7553077604721,-628.950623841936
REGIME_HYSTERESIS_ADMISSION_GOVERNOR,RELATIVE_STRENGTH_ROTATION,C2,1.0,SHIB-USDT,2023-02-02 18:00:00+00:00,2023-02-07 10:00:00+00:00,2023-02-07 11:00:00+00:00,2023-02-09 18:00:00+00:00,1.4111e-05,1.2981e-05,-1440.22317444727,422.19046046807256
REGIME_HYSTERESIS_ADMISSION_GOVERNOR,RELATIVE_STRENGTH_ROTATION,C2,1.0,DOGE-USDT,2023-02-28 02:00:00+00:00,2023-03-01 20:00:00+00:00,2023-03-01 21:00:00+00:00,2023-03-03 02:00:00+00:00,0.08113,0.08035,-159.04814987634217,-457.72041065357655
REGIME_HYSTERESIS_ADMISSION_GOVERNOR,RELATIVE_STRENGTH_ROTATION,C2,1.0,ETH-USDT,2023-02-28 03:00:00+00:00,2023-03-01 20:00:00+00:00,2023-03-01 21:00:00+00:00,2023-03-03 03:00:00+00:00,1634.68,1553.1,-808.6721222447242,-803.6388214549677
REGIME_HYSTERESIS_ADMISSION_GOVERNOR,RELATIVE_STRENGTH_ROTATION,C2,1.0,BTC-USDT,2023-02-28 12:00:00+00:00,2023-03-01 20:00:00+00:00,2023-03-01 21:00:00+00:00,2023-03-03 12:00:00+00:00,23355.0,22352.1,-696.1556043877164,-719.9280079589817
REGIME_HYSTERESIS_ADMISSION_GOVERNOR,RELATIVE_STRENGTH_ROTATION,C2,1.0,OP-USDT,2023-03-19 02:00:00+00:00,2023-03-21 03:00:00+00:00,2023-03-21 04:00:00+00:00,2023-03-22 02:00:00+00:00,2.5,2.575,413.3363528102664,-613.6164401754472
REGIME_HYSTERESIS_ADMISSION_GOVERNOR,RELATIVE_STRENGTH_ROTATION,C2,1.0,BTC-USDT,2023-03-19 21:00:00+00:00,2023-03-21 03:00:00+00:00,2023-03-21 04:00:00+00:00,2023-03-22 21:00:00+00:00,27783.2,26667.2,-634.9742103011828,-910.6622240490188
REGIME_HYSTERESIS_ADMISSION_GOVERNOR,RELATIVE_STRENGTH_ROTATION,C2,1.0,SOL-USDT,2023-03-19 03:00:00+00:00,2023-03-21 03:00:00+00:00,2023-03-21 04:00:00+00:00,2023-03-26 03:00:00+00:00,22.135,20.671,-1061.7434147774477,-710.4170743958083
REGIME_HYSTERESIS_ADMISSION_GOVERNOR,RELATIVE_STRENGTH_ROTATION,C2,1.0,XRP-USDT,2023-03-21 14:00:00+00:00,2023-03-24 15:00:00+00:00,2023-03-24 16:00:00+00:00,2023-03-28 14:00:00+00:00,0.42415,0.49794,2872.3272873437018,3965.4431312652237
REGIME_HYSTERESIS_ADMISSION_GOVERNOR,RELATIVE_STRENGTH_ROTATION,C2,1.0,BTC-USDT,2023-03-26 14:00:00+00:00,2023-04-01 09:00:00+00:00,2023-04-01 10:00:00+00:00,2023-04-02 14:00:00+00:00,28438.0,28264.7,-115.15513201634921,154.202937584625
REGIME_HYSTERESIS_ADMISSION_GOVERNOR,RELATIVE_STRENGTH_ROTATION,C2,1.0,OP-USDT,2023-03-31 01:00:00+00:00,2023-04-01 09:00:00+00:00,2023-04-01 10:00:00+00:00,2023-04-03 01:00:00+00:00,2.261,2.202,-421.9519902731978,-714.9234330965853
REGIME_HYSTERESIS_ADMISSION_GOVERNOR,RELATIVE_STRENGTH_ROTATION,C2,1.0,XRP-USDT,2023-03-31 07:00:00+00:00,2023-04-01 09:00:00+00:00,2023-04-01 10:00:00+00:00,2023-04-03 07:00:00+00:00,0.50148,0.50919,204.3574186910741,-1023.7534541297387
REGIME_HYSTERESIS_ADMISSION_GOVERNOR,RELATIVE_STRENGTH_ROTATION,C2,1.0,SHIB-USDT,2023-04-01 11:00:00+00:00,2023-04-04 16:00:00+00:00,2023-04-04 17:00:00+00:00,2023-04-08 11:00:00+00:00,1.1203e-05,1.0986e-05,-330.37682461754287,164.25233330345492
REGIME_HYSTERESIS_ADMISSION_GOVERNOR,RELATIVE_STRENGTH_ROTATION,C2,1.0,ETH-USDT,2023-04-01 12:00:00+00:00,2023-04-04 16:00:00+00:00,2023-04-04 17:00:00+00:00,2023-04-08 12:00:00+00:00,1862.86,1868.74,30.1405052312462,313.56018273663307
REGIME_HYSTERESIS_ADMISSION_GOVERNOR,RELATIVE_STRENGTH_ROTATION,C2,1.0,OP-USDT,2023-04-06 22:00:00+00:00,2023-04-07 14:00:00+00:00,2023-04-07 15:00:00+00:00,2023-04-13 22:00:00+00:00,2.245,2.436,754.4263205723751,775.3134795502076
REGIME_HYSTERESIS_ADMISSION_GOVERNOR,RELATIVE_STRENGTH_ROTATION,C2,1.0,ETH-USDT,2023-04-14 16:00:00+00:00,2023-04-17 01:00:00+00:00,2023-04-17 02:00:00+00:00,2023-04-17 16:00:00+00:00,2081.61,2078.22,-45.47976893850365,-159.31619398312617
REGIME_HYSTERESIS_ADMISSION_GOVERNOR,RELATIVE_STRENGTH_ROTATION,C2,1.0,SOL-USDT,2023-04-11 06:00:00+00:00,2023-04-17 01:00:00+00:00,2023-04-17 02:00:00+00:00,2023-04-18 06:00:00+00:00,24.838,24.537,-230.8229468231921,1441.5122993440364
REGIME_HYSTERESIS_ADMISSION_GOVERNOR,RELATIVE_STRENGTH_ROTATION,C2,1.0,DOGE-USDT,2023-04-16 10:00:00+00:00,2023-04-17 01:00:00+00:00,2023-04-17 02:00:00+00:00,2023-04-19 10:00:00+00:00,0.08849,0.08687,-304.8581894478576,-610.4306474341973
REGIME_HYSTERESIS_ADMISSION_GOVERNOR,RELATIVE_STRENGTH_ROTATION,C2,1.0,ETH-USDT,2023-05-05 12:00:00+00:00,2023-05-08 01:00:00+00:00,2023-05-08 02:00:00+00:00,2023-05-08 12:00:00+00:00,1881.59,1856.98,-223.30684991995912,-434.17255836599287
REGIME_HYSTERESIS_ADMISSION_GOVERNOR,RELATIVE_STRENGTH_ROTATION,C2,1.0,SOL-USDT,2023-05-06 12:00:00+00:00,2023-05-08 01:00:00+00:00,2023-05-08 02:00:00+00:00,2023-05-09 12:00:00+00:00,21.746,20.688,-762.3549728308697,-1324.4507395411842
REGIME_HYSTERESIS_ADMISSION_GOVERNOR,RELATIVE_STRENGTH_ROTATION,C2,1.0,GRAM-USDT,2023-05-06 22:00:00+00:00,2023-05-08 01:00:00+00:00,2023-05-08 02:00:00+00:00,2023-05-09 22:00:00+00:00,2.0477,1.9584,-617.1582345603049,-787.2621870776462
REGIME_HYSTERESIS_ADMISSION_GOVERNOR,RELATIVE_STRENGTH_ROTATION,C2,1.0,BTC-USDT,2023-05-04 21:00:00+00:00,2023-05-08 01:00:00+00:00,2023-05-08 02:00:00+00:00,2023-05-11 21:00:00+00:00,28571.4,26840.7,-963.2523934854619,-1159.653002848399
REGIME_HYSTERESIS_ADMISSION_GOVERNOR,RELATIVE_STRENGTH_ROTATION,C2,1.0,LTC-USDT,2023-06-23 02:00:00+00:00,2023-06-29 08:00:00+00:00,2023-06-29 09:00:00+00:00,2023-06-30 02:00:00+00:00,84.01,84.968,148.40032351686008,-343.32394548794514
REGIME_HYSTERESIS_ADMISSION_GOVERNOR,RELATIVE_STRENGTH_ROTATION,C2,1.0,BTC-USDT,2023-06-23 03:00:00+00:00,2023-06-29 08:00:00+00:00,2023-06-29 09:00:00+00:00,2023-06-30 03:00:00+00:00,30341.6,30388.2,4.340836394414438,192.23213645102248
REGIME_HYSTERESIS_ADMISSION_GOVERNOR,RELATIVE_STRENGTH_ROTATION,C2,1.0,ETH-USDT,2023-07-03 18:00:00+00:00,2023-07-06 01:00:00+00:00,2023-07-06 02:00:00+00:00,2023-07-06 18:00:00+00:00,1904.44,1886.92,-154.66471565651472,-636.6236151884349
REGIME_HYSTERESIS_ADMISSION_GOVERNOR,RELATIVE_STRENGTH_ROTATION,C2,1.0,XMR-USDT,2023-07-03 19:00:00+00:00,2023-07-06 01:00:00+00:00,2023-07-06 02:00:00+00:00,2023-07-06 19:00:00+00:00,166.56,164.89,-169.10766437778713,-495.62655526045756
REGIME_HYSTERESIS_ADMISSION_GOVERNOR,RELATIVE_STRENGTH_ROTATION,C2,1.0,XRP-USDT,2023-07-03 20:00:00+00:00,2023-07-06 01:00:00+00:00,2023-07-06 02:00:00+00:00,2023-07-06 20:00:00+00:00,0.47548,0.46895,-209.86726365679868,-612.4458301485688
REGIME_HYSTERESIS_ADMISSION_GOVERNOR,RELATIVE_STRENGTH_ROTATION,C2,1.0,LTC-USDT,2023-06-30 12:00:00+00:00,2023-06-30 17:00:00+00:00,2023-06-30 18:00:00+00:00,2023-07-07 12:00:00+00:00,108.181,96.308,-1806.13413097306,-615.5646804531717
REGIME_HYSTERESIS_ADMISSION_GOVERNOR,RELATIVE_STRENGTH_ROTATION,C2,1.0,SOL-USDT,2023-06-30 13:00:00+00:00,2023-06-30 17:00:00+00:00,2023-06-30 18:00:00+00:00,2023-07-07 13:00:00+00:00,18.925,20.166,972.3128792527203,993.4309047116435
REGIME_HYSTERESIS_ADMISSION_GOVERNOR,RELATIVE_STRENGTH_ROTATION,C2,1.0,SOL-USDT,2023-07-11 07:00:00+00:00,2023-07-16 18:00:00+00:00,2023-07-16 19:00:00+00:00,2023-07-18 07:00:00+00:00,28.011,26.429,-1091.6508242348855,2987.289503937596
REGIME_HYSTERESIS_ADMISSION_GOVERNOR,RELATIVE_STRENGTH_ROTATION,C2,1.0,XRP-USDT,2023-07-11 09:00:00+00:00,2023-07-16 18:00:00+00:00,2023-07-16 19:00:00+00:00,2023-07-18 09:00:00+00:00,0.77365,0.7413,-1037.6438973522309,8215.555194586255
REGIME_HYSTERESIS_ADMISSION_GOVERNOR,RELATIVE_STRENGTH_ROTATION,C2,1.0,BTC-USDT,2023-07-11 18:00:00+00:00,2023-07-16 18:00:00+00:00,2023-07-16 19:00:00+00:00,2023-07-18 18:00:00+00:00,30381.4,29700.0,-347.6065453922424,-494.8246479264687
REGIME_HYSTERESIS_ADMISSION_GOVERNOR,RELATIVE_STRENGTH_ROTATION,C2,1.0,ETH-USDT,2023-07-11 22:00:00+00:00,2023-07-16 18:00:00+00:00,2023-07-16 19:00:00+00:00,2023-07-18 22:00:00+00:00,1937.37,1894.51,-357.5496072764332,124.10982439116594
REGIME_HYSTERESIS_ADMISSION_GOVERNOR,RELATIVE_STRENGTH_ROTATION,C2,1.0,LTC-USDT,2023-07-21 20:00:00+00:00,2023-07-24 06:00:00+00:00,2023-07-24 07:00:00+00:00,2023-07-24 20:00:00+00:00,92.48,89.299,-582.9339067960796,-958.1046108763578
REGIME_HYSTERESIS_ADMISSION_GOVERNOR,RELATIVE_STRENGTH_ROTATION,C2,1.0,BTC-USDT,2023-07-23 19:00:00+00:00,2023-07-24 06:00:00+00:00,2023-07-24 07:00:00+00:00,2023-07-26 19:00:00+00:00,29799.3,29266.6,-315.21906972908585,-513.253746617824
REGIME_HYSTERESIS_ADMISSION_GOVERNOR,RELATIVE_STRENGTH_ROTATION,C2,1.0,SOL-USDT,2023-08-14 18:00:00+00:00,2023-08-14 20:00:00+00:00,2023-08-14 21:00:00+00:00,2023-08-17 18:00:00+00:00,24.827,23.047,-1182.3364759000935,-1436.922754606541
REGIME_HYSTERESIS_ADMISSION_GOVERNOR,RELATIVE_STRENGTH_ROTATION,C2,1.0,XMR-USDT,2023-08-14 19:00:00+00:00,2023-08-14 20:00:00+00:00,2023-08-14 21:00:00+00:00,2023-08-17 19:00:00+00:00,159.09,149.87,-971.0296605538257,-984.3218746938871
REGIME_HYSTERESIS_ADMISSION_GOVERNOR,RELATIVE_STRENGTH_ROTATION,C2,1.0,XRP-USDT,2023-10-04 12:00:00+00:00,2023-10-05 07:00:00+00:00,2023-10-05 08:00:00+00:00,2023-10-07 12:00:00+00:00,0.52317,0.52265,-35.17341483107654,-398.15338802324857
REGIME_HYSTERESIS_ADMISSION_GOVERNOR,RELATIVE_STRENGTH_ROTATION,C2,1.0,SOL-USDT,2023-10-04 13:00:00+00:00,2023-10-05 07:00:00+00:00,2023-10-05 08:00:00+00:00,2023-10-07 13:00:00+00:00,23.034,23.475,279.48444098051806,-117.33891064368066
REGIME_HYSTERESIS_ADMISSION_GOVERNOR,RELATIVE_STRENGTH_ROTATION,C2,1.0,SOL-USDT,2023-10-27 08:00:00+00:00,2023-10-27 13:00:00+00:00,2023-10-27 14:00:00+00:00,2023-10-30 08:00:00+00:00,32.923,32.524,-223.24374090708315,-220.7537624137797
REGIME_HYSTERESIS_ADMISSION_GOVERNOR,RELATIVE_STRENGTH_ROTATION,C2,1.0,SHIB-USDT,2023-10-26 22:00:00+00:00,2023-10-27 13:00:00+00:00,2023-10-27 14:00:00+00:00,2023-11-02 22:00:00+00:00,7.894e-06,7.866e-06,-80.20910053294718,-62.91959508535375
REGIME_HYSTERESIS_ADMISSION_GOVERNOR,RELATIVE_STRENGTH_ROTATION,C2,1.0,XMR-USDT,2023-10-29 20:00:00+00:00,2023-11-05 01:00:00+00:00,2023-11-05 02:00:00+00:00,2023-11-05 20:00:00+00:00,168.43,168.16,-48.67239988301803,250.6813573420995
REGIME_HYSTERESIS_ADMISSION_GOVERNOR,RELATIVE_STRENGTH_ROTATION,C2,1.0,SOL-USDT,2023-10-30 16:00:00+00:00,2023-11-05 01:00:00+00:00,2023-11-05 02:00:00+00:00,2023-11-06 16:00:00+00:00,41.866,40.36,-753.8227532206199,2646.8425553084944
REGIME_HYSTERESIS_ADMISSION_GOVERNOR,RELATIVE_STRENGTH_ROTATION,C2,1.0,XRP-USDT,2023-11-04 02:00:00+00:00,2023-11-05 01:00:00+00:00,2023-11-05 02:00:00+00:00,2023-11-11 02:00:00+00:00,0.62279,0.66361,1121.148840028158,1425.7827696142328
REGIME_HYSTERESIS_ADMISSION_GOVERNOR,RELATIVE_STRENGTH_ROTATION,C2,1.0,SHIB-USDT,2023-11-04 16:00:00+00:00,2023-11-05 01:00:00+00:00,2023-11-05 02:00:00+00:00,2023-11-11 16:00:00+00:00,7.944e-06,9.28e-06,2919.6681232203396,3144.9922540526786
REGIME_HYSTERESIS_ADMISSION_GOVERNOR,RELATIVE_STRENGTH_ROTATION,C2,1.0,ETH-USDT,2023-11-04 20:00:00+00:00,2023-11-05 01:00:00+00:00,2023-11-05 02:00:00+00:00,2023-11-11 20:00:00+00:00,1850.9,2076.73,1792.9627155064732,1861.2316753778755
REGIME_HYSTERESIS_ADMISSION_GOVERNOR,RELATIVE_STRENGTH_ROTATION,C2,1.0,SOL-USDT,2023-11-08 21:00:00+00:00,2023-11-13 18:00:00+00:00,2023-11-13 19:00:00+00:00,2023-11-15 21:00:00+00:00,53.632,65.354,4819.673508124041,9161.046909472092
REGIME_HYSTERESIS_ADMISSION_GOVERNOR,RELATIVE_STRENGTH_ROTATION,C2,1.0,LINK-USDT,2023-12-19 01:00:00+00:00,2023-12-19 20:00:00+00:00,2023-12-19 21:00:00+00:00,2023-12-26 01:00:00+00:00,14.0735,15.5844,1963.9478275442593,1139.1480953532023
REGIME_HYSTERESIS_ADMISSION_GOVERNOR,RELATIVE_STRENGTH_ROTATION,C2,1.0,SOL-USDT,2023-12-19 02:00:00+00:00,2023-12-19 20:00:00+00:00,2023-12-19 21:00:00+00:00,2023-12-26 02:00:00+00:00,74.274,119.056,11535.648338453948,11405.812727334516
REGIME_HYSTERESIS_ADMISSION_GOVERNOR,RELATIVE_STRENGTH_ROTATION,C2,1.0,BTC-USDT,2023-12-19 04:00:00+00:00,2023-12-19 20:00:00+00:00,2023-12-19 21:00:00+00:00,2023-12-26 04:00:00+00:00,42342.3,43409.8,455.52270771503714,101.2849508885888
REGIME_HYSTERESIS_ADMISSION_GOVERNOR,RELATIVE_STRENGTH_ROTATION,C2,2.0,SOL-USDT,2022-04-03 19:00:00+00:00,2022-04-05 10:00:00+00:00,2022-04-05 11:00:00+00:00,2022-04-06 19:00:00+00:00,131.972,117.505,-2033.4302810753334,-2612.0990086329457
REGIME_HYSTERESIS_ADMISSION_GOVERNOR,RELATIVE_STRENGTH_ROTATION,C2,2.0,ATOM-USDT,2022-04-03 20:00:00+00:00,2022-04-05 10:00:00+00:00,2022-04-05 11:00:00+00:00,2022-04-06 20:00:00+00:00,30.4943,27.4917,-1799.910343662089,-2689.7667186909457
REGIME_HYSTERESIS_ADMISSION_GOVERNOR,RELATIVE_STRENGTH_ROTATION,C2,2.0,BTC-USDT,2022-07-21 11:00:00+00:00,2022-07-21 16:00:00+00:00,2022-07-21 17:00:00+00:00,2022-07-24 11:00:00+00:00,22638.0,22618.4,-58.62675978524145,-386.0873095801158
REGIME_HYSTERESIS_ADMISSION_GOVERNOR,RELATIVE_STRENGTH_ROTATION,C2,2.0,ETH-USDT,2022-07-21 03:00:00+00:00,2022-07-21 16:00:00+00:00,2022-07-21 17:00:00+00:00,2022-07-28 03:00:00+00:00,1510.72,1615.47,1168.3687799242537,892.1827258587164
REGIME_HYSTERESIS_ADMISSION_GOVERNOR,RELATIVE_STRENGTH_ROTATION,C2,2.0,ADA-USDT,2022-07-21 09:00:00+00:00,2022-07-21 16:00:00+00:00,2022-07-21 17:00:00+00:00,2022-07-28 09:00:00+00:00,0.4826,0.500097,585.2960398051464,266.73985362099916
REGIME_HYSTERESIS_ADMISSION_GOVERNOR,RELATIVE_STRENGTH_ROTATION,C2,2.0,LUNC-USDT,2022-10-30 12:00:00+00:00,2022-11-01 16:00:00+00:00,2022-11-01 17:00:00+00:00,2022-11-02 12:00:00+00:00,0.00023691,0.00022006,-1154.0828521696278,-2288.486771557714
REGIME_HYSTERESIS_ADMISSION_GOVERNOR,RELATIVE_STRENGTH_ROTATION,C2,2.0,DOGE-USDT,2023-01-28 06:00:00+00:00,2023-01-29 01:00:00+00:00,2023-01-29 02:00:00+00:00,2023-02-04 06:00:00+00:00,0.08867,0.09381,834.3695334779463,460.7510526503715
REGIME_HYSTERESIS_ADMISSION_GOVERNOR,RELATIVE_STRENGTH_ROTATION,C2,2.0,BTC-USDT,2023-01-30 11:00:00+00:00,2023-01-30 18:00:00+00:00,2023-01-30 19:00:00+00:00,2023-02-06 11:00:00+00:00,23112.3,22836.0,-219.2950981924677,-306.75808580526547
REGIME_HYSTERESIS_ADMISSION_GOVERNOR,RELATIVE_STRENGTH_ROTATION,C2,2.0,SOL-USDT,2023-01-30 12:00:00+00:00,2023-01-30 18:00:00+00:00,2023-01-30 19:00:00+00:00,2023-02-06 12:00:00+00:00,24.261,23.256,-671.4594095979312,-659.1135729168603
REGIME_HYSTERESIS_ADMISSION_GOVERNOR,RELATIVE_STRENGTH_ROTATION,C2,2.0,SHIB-USDT,2023-02-02 18:00:00+00:00,2023-02-07 10:00:00+00:00,2023-02-07 11:00:00+00:00,2023-02-09 18:00:00+00:00,1.4111e-05,1.2981e-05,-1443.3813513291739,377.4860319233165
REGIME_HYSTERESIS_ADMISSION_GOVERNOR,RELATIVE_STRENGTH_ROTATION,C2,2.0,DOGE-USDT,2023-02-28 02:00:00+00:00,2023-03-01 20:00:00+00:00,2023-03-01 21:00:00+00:00,2023-03-03 02:00:00+00:00,0.08113,0.08035,-177.19185519694167,-494.5339548778122
REGIME_HYSTERESIS_ADMISSION_GOVERNOR,RELATIVE_STRENGTH_ROTATION,C2,2.0,ETH-USDT,2023-02-28 03:00:00+00:00,2023-03-01 20:00:00+00:00,2023-03-01 21:00:00+00:00,2023-03-03 03:00:00+00:00,1634.68,1553.1,-814.7319890644053,-829.2252863544473
REGIME_HYSTERESIS_ADMISSION_GOVERNOR,RELATIVE_STRENGTH_ROTATION,C2,2.0,BTC-USDT,2023-02-28 12:00:00+00:00,2023-03-01 20:00:00+00:00,2023-03-01 21:00:00+00:00,2023-03-03 12:00:00+00:00,23355.0,22352.1,-703.8509496924291,-746.6641404254128
REGIME_HYSTERESIS_ADMISSION_GOVERNOR,RELATIVE_STRENGTH_ROTATION,C2,2.0,OP-USDT,2023-03-19 02:00:00+00:00,2023-03-21 03:00:00+00:00,2023-03-21 04:00:00+00:00,2023-03-22 02:00:00+00:00,2.5,2.575,388.0950684072877,-640.3391739445641
REGIME_HYSTERESIS_ADMISSION_GOVERNOR,RELATIVE_STRENGTH_ROTATION,C2,2.0,BTC-USDT,2023-03-19 21:00:00+00:00,2023-03-21 03:00:00+00:00,2023-03-21 04:00:00+00:00,2023-03-22 21:00:00+00:00,27783.2,26667.2,-642.0046911474259,-932.0558137456467
REGIME_HYSTERESIS_ADMISSION_GOVERNOR,RELATIVE_STRENGTH_ROTATION,C2,2.0,SOL-USDT,2023-03-19 03:00:00+00:00,2023-03-21 03:00:00+00:00,2023-03-21 04:00:00+00:00,2023-03-26 03:00:00+00:00,22.135,20.671,-1061.569137273208,-735.2125019555572
REGIME_HYSTERESIS_ADMISSION_GOVERNOR,RELATIVE_STRENGTH_ROTATION,C2,2.0,XRP-USDT,2023-03-21 14:00:00+00:00,2023-03-24 15:00:00+00:00,2023-03-24 16:00:00+00:00,2023-03-28 14:00:00+00:00,0.42415,0.49794,2797.626603361506,3852.3686016146466
REGIME_HYSTERESIS_ADMISSION_GOVERNOR,RELATIVE_STRENGTH_ROTATION,C2,2.0,BTC-USDT,2023-03-26 14:00:00+00:00,2023-04-01 09:00:00+00:00,2023-04-01 10:00:00+00:00,2023-04-02 14:00:00+00:00,28438.0,28264.7,-132.16192869685037,113.30355462653986
REGIME_HYSTERESIS_ADMISSION_GOVERNOR,RELATIVE_STRENGTH_ROTATION,C2,2.0,OP-USDT,2023-03-31 01:00:00+00:00,2023-04-01 09:00:00+00:00,2023-04-01 10:00:00+00:00,2023-04-03 01:00:00+00:00,2.261,2.202,-432.38629688510105,-739.0718878972013
REGIME_HYSTERESIS_ADMISSION_GOVERNOR,RELATIVE_STRENGTH_ROTATION,C2,2.0,XRP-USDT,2023-03-31 07:00:00+00:00,2023-04-01 09:00:00+00:00,2023-04-01 10:00:00+00:00,2023-04-03 07:00:00+00:00,0.50148,0.50919,182.39488138380733,-1041.3568200304708
REGIME_HYSTERESIS_ADMISSION_GOVERNOR,RELATIVE_STRENGTH_ROTATION,C2,2.0,SHIB-USDT,2023-04-01 11:00:00+00:00,2023-04-04 16:00:00+00:00,2023-04-04 17:00:00+00:00,2023-04-08 11:00:00+00:00,1.1203e-05,1.0986e-05,-343.2350125649554,122.74690026585048
REGIME_HYSTERESIS_ADMISSION_GOVERNOR,RELATIVE_STRENGTH_ROTATION,C2,2.0,ETH-USDT,2023-04-01 12:00:00+00:00,2023-04-04 16:00:00+00:00,2023-04-04 17:00:00+00:00,2023-04-08 12:00:00+00:00,1862.86,1868.74,10.072683123315088,268.87744282080826
REGIME_HYSTERESIS_ADMISSION_GOVERNOR,RELATIVE_STRENGTH_ROTATION,C2,2.0,OP-USDT,2023-04-06 22:00:00+00:00,2023-04-07 14:00:00+00:00,2023-04-07 15:00:00+00:00,2023-04-13 22:00:00+00:00,2.245,2.436,742.2040963902949,751.867480534255
REGIME_HYSTERESIS_ADMISSION_GOVERNOR,RELATIVE_STRENGTH_ROTATION,C2,2.0,ETH-USDT,2023-04-14 16:00:00+00:00,2023-04-17 01:00:00+00:00,2023-04-17 02:00:00+00:00,2023-04-17 16:00:00+00:00,2081.61,2078.22,-63.823392666751204,-194.69533875389476
REGIME_HYSTERESIS_ADMISSION_GOVERNOR,RELATIVE_STRENGTH_ROTATION,C2,2.0,SOL-USDT,2023-04-11 06:00:00+00:00,2023-04-17 01:00:00+00:00,2023-04-17 02:00:00+00:00,2023-04-18 06:00:00+00:00,24.838,24.537,-246.87132172294744,1371.2526047937222
REGIME_HYSTERESIS_ADMISSION_GOVERNOR,RELATIVE_STRENGTH_ROTATION,C2,2.0,DOGE-USDT,2023-04-16 10:00:00+00:00,2023-04-17 01:00:00+00:00,2023-04-17 02:00:00+00:00,2023-04-19 10:00:00+00:00,0.08849,0.08687,-317.04294998592394,-635.4837242917337
REGIME_HYSTERESIS_ADMISSION_GOVERNOR,RELATIVE_STRENGTH_ROTATION,C2,2.0,ETH-USDT,2023-05-05 12:00:00+00:00,2023-05-08 01:00:00+00:00,2023-05-08 02:00:00+00:00,2023-05-08 12:00:00+00:00,1881.59,1856.98,-237.06893978233768,-462.46088218888906
REGIME_HYSTERESIS_ADMISSION_GOVERNOR,RELATIVE_STRENGTH_ROTATION,C2,2.0,SOL-USDT,2023-05-06 12:00:00+00:00,2023-05-08 01:00:00+00:00,2023-05-08 02:00:00+00:00,2023-05-09 12:00:00+00:00,21.746,20.688,-762.7225202332563,-1331.32957477861
REGIME_HYSTERESIS_ADMISSION_GOVERNOR,RELATIVE_STRENGTH_ROTATION,C2,2.0,GRAM-USDT,2023-05-06 22:00:00+00:00,2023-05-08 01:00:00+00:00,2023-05-08 02:00:00+00:00,2023-05-09 22:00:00+00:00,2.0477,1.9584,-633.6251151266782,-821.1376815761168
REGIME_HYSTERESIS_ADMISSION_GOVERNOR,RELATIVE_STRENGTH_ROTATION,C2,2.0,BTC-USDT,2023-05-04 21:00:00+00:00,2023-05-08 01:00:00+00:00,2023-05-08 02:00:00+00:00,2023-05-11 21:00:00+00:00,28571.4,26840.7,-959.5898676234123,-1170.8710359865972
REGIME_HYSTERESIS_ADMISSION_GOVERNOR,RELATIVE_STRENGTH_ROTATION,C2,2.0,LTC-USDT,2023-06-23 02:00:00+00:00,2023-06-29 08:00:00+00:00,2023-06-29 09:00:00+00:00,2023-06-30 02:00:00+00:00,84.01,84.968,126.7347954572628,-371.4486400883529
REGIME_HYSTERESIS_ADMISSION_GOVERNOR,RELATIVE_STRENGTH_ROTATION,C2,2.0,BTC-USDT,2023-06-23 03:00:00+00:00,2023-06-29 08:00:00+00:00,2023-06-29 09:00:00+00:00,2023-06-30 03:00:00+00:00,30341.6,30388.2,-14.435887294954071,150.45175076505018
REGIME_HYSTERESIS_ADMISSION_GOVERNOR,RELATIVE_STRENGTH_ROTATION,C2,2.0,ETH-USDT,2023-07-03 18:00:00+00:00,2023-07-06 01:00:00+00:00,2023-07-06 02:00:00+00:00,2023-07-06 18:00:00+00:00,1904.44,1886.92,-168.57820289298746,-656.7852588360604
REGIME_HYSTERESIS_ADMISSION_GOVERNOR,RELATIVE_STRENGTH_ROTATION,C2,2.0,XMR-USDT,2023-07-03 19:00:00+00:00,2023-07-06 01:00:00+00:00,2023-07-06 02:00:00+00:00,2023-07-06 19:00:00+00:00,166.56,164.89,-182.8311177395347,-519.5591966922318
REGIME_HYSTERESIS_ADMISSION_GOVERNOR,RELATIVE_STRENGTH_ROTATION,C2,2.0,XRP-USDT,2023-07-03 20:00:00+00:00,2023-07-06 01:00:00+00:00,2023-07-06 02:00:00+00:00,2023-07-06 20:00:00+00:00,0.47548,0.46895,-220.44376351790655,-628.6054856695685
REGIME_HYSTERESIS_ADMISSION_GOVERNOR,RELATIVE_STRENGTH_ROTATION,C2,2.0,LTC-USDT,2023-06-30 12:00:00+00:00,2023-06-30 17:00:00+00:00,2023-06-30 18:00:00+00:00,2023-07-07 12:00:00+00:00,108.181,96.308,-1778.2621070765947,-636.0916178834837
REGIME_HYSTERESIS_ADMISSION_GOVERNOR,RELATIVE_STRENGTH_ROTATION,C2,2.0,SOL-USDT,2023-06-30 13:00:00+00:00,2023-06-30 17:00:00+00:00,2023-06-30 18:00:00+00:00,2023-07-07 13:00:00+00:00,18.925,20.166,927.9350265011838,930.1270726482771
REGIME_HYSTERESIS_ADMISSION_GOVERNOR,RELATIVE_STRENGTH_ROTATION,C2,2.0,SOL-USDT,2023-07-11 07:00:00+00:00,2023-07-16 18:00:00+00:00,2023-07-16 19:00:00+00:00,2023-07-18 07:00:00+00:00,28.011,26.429,-1083.4772242504755,2865.7336444574803
REGIME_HYSTERESIS_ADMISSION_GOVERNOR,RELATIVE_STRENGTH_ROTATION,C2,2.0,XRP-USDT,2023-07-11 09:00:00+00:00,2023-07-16 18:00:00+00:00,2023-07-16 19:00:00+00:00,2023-07-18 09:00:00+00:00,0.77365,0.7413,-1037.1004460162435,7942.645435876993
REGIME_HYSTERESIS_ADMISSION_GOVERNOR,RELATIVE_STRENGTH_ROTATION,C2,2.0,BTC-USDT,2023-07-11 18:00:00+00:00,2023-07-16 18:00:00+00:00,2023-07-16 19:00:00+00:00,2023-07-18 18:00:00+00:00,30381.4,29700.0,-355.3965336696598,-516.5365155013262
REGIME_HYSTERESIS_ADMISSION_GOVERNOR,RELATIVE_STRENGTH_ROTATION,C2,2.0,ETH-USDT,2023-07-11 22:00:00+00:00,2023-07-16 18:00:00+00:00,2023-07-16 19:00:00+00:00,2023-07-18 22:00:00+00:00,1937.37,1894.51,-365.72036882011747,84.4332698256473
REGIME_HYSTERESIS_ADMISSION_GOVERNOR,RELATIVE_STRENGTH_ROTATION,C2,2.0,LTC-USDT,2023-07-21 20:00:00+00:00,2023-07-24 06:00:00+00:00,2023-07-24 07:00:00+00:00,2023-07-24 20:00:00+00:00,92.48,89.299,-584.9320419664624,-969.337531466703
REGIME_HYSTERESIS_ADMISSION_GOVERNOR,RELATIVE_STRENGTH_ROTATION,C2,2.0,BTC-USDT,2023-07-23 19:00:00+00:00,2023-07-24 06:00:00+00:00,2023-07-24 07:00:00+00:00,2023-07-26 19:00:00+00:00,29799.3,29266.6,-325.5143005545178,-537.8964562920847
REGIME_HYSTERESIS_ADMISSION_GOVERNOR,RELATIVE_STRENGTH_ROTATION,C2,2.0,SOL-USDT,2023-08-14 18:00:00+00:00,2023-08-14 20:00:00+00:00,2023-08-14 21:00:00+00:00,2023-08-17 18:00:00+00:00,24.827,23.047,-1164.7232272680583,-1431.5387106637195
REGIME_HYSTERESIS_ADMISSION_GOVERNOR,RELATIVE_STRENGTH_ROTATION,C2,2.0,XMR-USDT,2023-08-14 19:00:00+00:00,2023-08-14 20:00:00+00:00,2023-08-14 21:00:00+00:00,2023-08-17 19:00:00+00:00,159.09,149.87,-960.1016266008664,-992.8782748764063
REGIME_HYSTERESIS_ADMISSION_GOVERNOR,RELATIVE_STRENGTH_ROTATION,C2,2.0,XRP-USDT,2023-10-04 12:00:00+00:00,2023-10-05 07:00:00+00:00,2023-10-05 08:00:00+00:00,2023-10-07 12:00:00+00:00,0.52317,0.52265,-53.04979906014136,-424.11232362695057
REGIME_HYSTERESIS_ADMISSION_GOVERNOR,RELATIVE_STRENGTH_ROTATION,C2,2.0,SOL-USDT,2023-10-04 13:00:00+00:00,2023-10-05 07:00:00+00:00,2023-10-05 08:00:00+00:00,2023-10-07 13:00:00+00:00,23.034,23.475,251.40686539910809,-152.3385043344286
REGIME_HYSTERESIS_ADMISSION_GOVERNOR,RELATIVE_STRENGTH_ROTATION,C2,2.0,SOL-USDT,2023-10-27 08:00:00+00:00,2023-10-27 13:00:00+00:00,2023-10-27 14:00:00+00:00,2023-10-30 08:00:00+00:00,32.923,32.524,-235.5809039486263,-253.33248494040282
REGIME_HYSTERESIS_ADMISSION_GOVERNOR,RELATIVE_STRENGTH_ROTATION,C2,2.0,SHIB-USDT,2023-10-26 22:00:00+00:00,2023-10-27 13:00:00+00:00,2023-10-27 14:00:00+00:00,2023-11-02 22:00:00+00:00,7.894e-06,7.866e-06,-97.68389127600092,-101.14735033939316
REGIME_HYSTERESIS_ADMISSION_GOVERNOR,RELATIVE_STRENGTH_ROTATION,C2,2.0,XMR-USDT,2023-10-29 20:00:00+00:00,2023-11-05 01:00:00+00:00,2023-11-05 02:00:00+00:00,2023-11-05 20:00:00+00:00,168.43,168.16,-67.57970274988864,201.29285954147966
REGIME_HYSTERESIS_ADMISSION_GOVERNOR,RELATIVE_STRENGTH_ROTATION,C2,2.0,SOL-USDT,2023-10-30 16:00:00+00:00,2023-11-05 01:00:00+00:00,2023-11-05 02:00:00+00:00,2023-11-06 16:00:00+00:00,41.866,40.36,-751.2501954927225,2511.069790830461
REGIME_HYSTERESIS_ADMISSION_GOVERNOR,RELATIVE_STRENGTH_ROTATION,C2,2.0,XRP-USDT,2023-11-04 02:00:00+00:00,2023-11-05 01:00:00+00:00,2023-11-05 02:00:00+00:00,2023-11-11 02:00:00+00:00,0.62279,0.66361,1059.3212376977624,1332.5873929798124
REGIME_HYSTERESIS_ADMISSION_GOVERNOR,RELATIVE_STRENGTH_ROTATION,C2,2.0,SHIB-USDT,2023-11-04 16:00:00+00:00,2023-11-05 01:00:00+00:00,2023-11-05 02:00:00+00:00,2023-11-11 16:00:00+00:00,7.944e-06,9.28e-06,2791.801133507392,2988.341551513755
REGIME_HYSTERESIS_ADMISSION_GOVERNOR,RELATIVE_STRENGTH_ROTATION,C2,2.0,ETH-USDT,2023-11-04 20:00:00+00:00,2023-11-05 01:00:00+00:00,2023-11-05 02:00:00+00:00,2023-11-11 20:00:00+00:00,1850.9,2076.73,1701.1418814155636,1748.9425595135683
REGIME_HYSTERESIS_ADMISSION_GOVERNOR,RELATIVE_STRENGTH_ROTATION,C2,2.0,SOL-USDT,2023-11-08 21:00:00+00:00,2023-11-13 18:00:00+00:00,2023-11-13 19:00:00+00:00,2023-11-15 21:00:00+00:00,53.632,65.354,4612.596361003962,8775.31192088366
REGIME_HYSTERESIS_ADMISSION_GOVERNOR,RELATIVE_STRENGTH_ROTATION,C2,2.0,LINK-USDT,2023-12-19 01:00:00+00:00,2023-12-19 20:00:00+00:00,2023-12-19 21:00:00+00:00,2023-12-26 01:00:00+00:00,14.0735,15.5844,1855.8731491504154,1043.0076847652865
REGIME_HYSTERESIS_ADMISSION_GOVERNOR,RELATIVE_STRENGTH_ROTATION,C2,2.0,SOL-USDT,2023-12-19 02:00:00+00:00,2023-12-19 20:00:00+00:00,2023-12-19 21:00:00+00:00,2023-12-26 02:00:00+00:00,74.274,119.056,11005.809404034113,10858.42629667787
REGIME_HYSTERESIS_ADMISSION_GOVERNOR,RELATIVE_STRENGTH_ROTATION,C2,2.0,BTC-USDT,2023-12-19 04:00:00+00:00,2023-12-19 20:00:00+00:00,2023-12-19 21:00:00+00:00,2023-12-26 04:00:00+00:00,42342.3,43409.8,412.60967454499485,50.419910004704036
REGIME_HYSTERESIS_ADMISSION_GOVERNOR,UNION_FOCUS,D2,1.0,AVAX-USDT,2022-01-01 19:00:00+00:00,2022-01-03 22:00:00+00:00,2022-01-03 23:00:00+00:00,2022-01-04 19:00:00+00:00,108.175,107.591,-56.957119641331694,-492.7959984497628
REGIME_HYSTERESIS_ADMISSION_GOVERNOR,UNION_FOCUS,D2,1.0,ETH-USDT,2022-01-02 18:00:00+00:00,2022-01-03 22:00:00+00:00,2022-01-03 23:00:00+00:00,2022-01-05 18:00:00+00:00,3723.14,3792.5,151.7182030004402,-132.0671071319737
REGIME_HYSTERESIS_ADMISSION_GOVERNOR,UNION_FOCUS,D2,1.0,ETH-USDT,2022-02-09 21:00:00+00:00,2022-02-11 12:00:00+00:00,2022-02-11 13:00:00+00:00,2022-02-12 21:00:00+00:00,3088.1,2953.22,-763.3844169454776,-1661.0618219422045
REGIME_HYSTERESIS_ADMISSION_GOVERNOR,UNION_FOCUS,D2,1.0,XRP-USDT,2022-03-27 23:00:00+00:00,2022-04-01 15:00:00+00:00,2022-04-01 16:00:00+00:00,2022-04-03 23:00:00+00:00,0.82803,0.84535,297.8622894626785,-168.72197178919888
REGIME_HYSTERESIS_ADMISSION_GOVERNOR,UNION_FOCUS,D2,1.0,AVAX-USDT,2022-03-29 12:00:00+00:00,2022-04-01 15:00:00+00:00,2022-04-01 16:00:00+00:00,2022-04-05 12:00:00+00:00,96.689,95.558,-232.80907528729463,270.3745037514084
REGIME_HYSTERESIS_ADMISSION_GOVERNOR,UNION_FOCUS,D2,1.0,SOL-USDT,2022-03-30 15:00:00+00:00,2022-04-01 15:00:00+00:00,2022-04-01 16:00:00+00:00,2022-04-06 15:00:00+00:00,132.627,119.093,-2048.966954835672,465.3413337488618
REGIME_HYSTERESIS_ADMISSION_GOVERNOR,UNION_FOCUS,D2,1.0,ATOM-USDT,2022-04-03 20:00:00+00:00,2022-04-05 10:00:00+00:00,2022-04-05 11:00:00+00:00,2022-04-06 20:00:00+00:00,30.4943,27.4917,-1694.4077542584464,-2519.31337428889
REGIME_HYSTERESIS_ADMISSION_GOVERNOR,UNION_FOCUS,D2,1.0,ETH-USDT,2022-04-04 00:00:00+00:00,2022-04-05 10:00:00+00:00,2022-04-05 11:00:00+00:00,2022-04-07 00:00:00+00:00,3508.97,3188.37,-1646.1487374582732,-1849.6739569026547
REGIME_HYSTERESIS_ADMISSION_GOVERNOR,UNION_FOCUS,D2,1.0,BTC-USDT,2022-07-21 11:00:00+00:00,2022-07-21 16:00:00+00:00,2022-07-21 17:00:00+00:00,2022-07-24 11:00:00+00:00,22638.0,22618.4,-34.332983533938595,-318.731152324578
REGIME_HYSTERESIS_ADMISSION_GOVERNOR,UNION_FOCUS,D2,1.0,ETH-USDT,2022-07-21 03:00:00+00:00,2022-07-21 16:00:00+00:00,2022-07-21 17:00:00+00:00,2022-07-28 03:00:00+00:00,1510.72,1615.47,1109.6306416660127,873.1524650604171
REGIME_HYSTERESIS_ADMISSION_GOVERNOR,UNION_FOCUS,D2,1.0,ADA-USDT,2022-07-21 09:00:00+00:00,2022-07-21 16:00:00+00:00,2022-07-21 17:00:00+00:00,2022-07-28 09:00:00+00:00,0.4826,0.500097,566.0402273434338,289.9369161259766
REGIME_HYSTERESIS_ADMISSION_GOVERNOR,UNION_FOCUS,D2,1.0,ADA-USDT,2022-10-29 18:00:00+00:00,2022-11-01 16:00:00+00:00,2022-11-01 17:00:00+00:00,2022-11-01 18:00:00+00:00,0.40327,0.401296,-99.11408261978647,-1202.5026222987865
REGIME_HYSTERESIS_ADMISSION_GOVERNOR,UNION_FOCUS,D2,1.0,LUNC-USDT,2022-10-30 10:00:00+00:00,2022-11-01 16:00:00+00:00,2022-11-01 17:00:00+00:00,2022-11-02 10:00:00+00:00,0.00023691,0.0002222,-999.3225515871817,-2282.821359182915
REGIME_HYSTERESIS_ADMISSION_GOVERNOR,UNION_FOCUS,D2,1.0,LTC-USDT,2023-01-12 01:00:00+00:00,2023-01-17 06:00:00+00:00,2023-01-17 07:00:00+00:00,2023-01-19 01:00:00+00:00,86.048,82.617,-644.1036644205044,-313.5404159027488
REGIME_HYSTERESIS_ADMISSION_GOVERNOR,UNION_FOCUS,D2,1.0,SOL-USDT,2023-01-13 23:00:00+00:00,2023-01-17 06:00:00+00:00,2023-01-17 07:00:00+00:00,2023-01-20 23:00:00+00:00,23.546,24.269,307.0330947687801,2624.9207197975325
REGIME_HYSTERESIS_ADMISSION_GOVERNOR,UNION_FOCUS,D2,1.0,SOL-USDT,2023-01-29 19:00:00+00:00,2023-01-30 18:00:00+00:00,2023-01-30 19:00:00+00:00,2023-02-01 19:00:00+00:00,24.261,22.655,-1052.2398881036847,-2369.435253620825
REGIME_HYSTERESIS_ADMISSION_GOVERNOR,UNION_FOCUS,D2,1.0,BTC-USDT,2023-01-29 20:00:00+00:00,2023-01-30 18:00:00+00:00,2023-01-30 19:00:00+00:00,2023-02-01 20:00:00+00:00,23112.3,23075.1,-47.12636121118125,-474.2653866143655
REGIME_HYSTERESIS_ADMISSION_GOVERNOR,UNION_FOCUS,D2,1.0,ETH-USDT,2023-01-29 20:00:00+00:00,2023-01-30 18:00:00+00:00,2023-01-30 19:00:00+00:00,2023-02-01 20:00:00+00:00,1581.02,1580.98,-20.90527031120767,-543.4447482586684
REGIME_HYSTERESIS_ADMISSION_GOVERNOR,UNION_FOCUS,D2,1.0,LTC-USDT,2023-01-29 20:00:00+00:00,2023-01-30 18:00:00+00:00,2023-01-30 19:00:00+00:00,2023-02-01 20:00:00+00:00,92.092,94.962,479.657700603651,-376.71220844891894
REGIME_HYSTERESIS_ADMISSION_GOVERNOR,UNION_FOCUS,D2,1.0,DOGE-USDT,2023-01-28 06:00:00+00:00,2023-01-29 01:00:00+00:00,2023-01-29 02:00:00+00:00,2023-02-04 06:00:00+00:00,0.08867,0.09381,939.7946758713014,549.9924518365643
REGIME_HYSTERESIS_ADMISSION_GOVERNOR,UNION_FOCUS,D2,1.0,DOGE-USDT,2023-02-04 19:00:00+00:00,2023-02-07 10:00:00+00:00,2023-02-07 11:00:00+00:00,2023-02-07 19:00:00+00:00,0.09149,0.09211,86.35214186934371,-1198.7808461214586
REGIME_HYSTERESIS_ADMISSION_GOVERNOR,UNION_FOCUS,D2,1.0,SHIB-USDT,2023-02-02 02:00:00+00:00,2023-02-07 10:00:00+00:00,2023-02-07 11:00:00+00:00,2023-02-09 02:00:00+00:00,1.4111e-05,1.3747e-05,-511.48597929729175,1962.4364471984095
REGIME_HYSTERESIS_ADMISSION_GOVERNOR,UNION_FOCUS,D2,1.0,BTC-USDT,2023-02-14 16:00:00+00:00,2023-02-19 16:00:00+00:00,2023-02-19 17:00:00+00:00,2023-02-21 16:00:00+00:00,24921.1,24681.7,-195.44478089835548,1723.334093639349
REGIME_HYSTERESIS_ADMISSION_GOVERNOR,UNION_FOCUS,D2,1.0,ETH-USDT,2023-02-14 16:00:00+00:00,2023-02-19 16:00:00+00:00,2023-02-19 17:00:00+00:00,2023-02-21 16:00:00+00:00,1711.7,1674.77,-403.6334393121064,1200.6897479481977
REGIME_HYSTERESIS_ADMISSION_GOVERNOR,UNION_FOCUS,D2,1.0,DOGE-USDT,2023-02-15 06:00:00+00:00,2023-02-19 16:00:00+00:00,2023-02-19 17:00:00+00:00,2023-02-22 06:00:00+00:00,0.08922,0.08479,-852.6624510278269,-143.36319854431014
REGIME_HYSTERESIS_ADMISSION_GOVERNOR,UNION_FOCUS,D2,1.0,SOL-USDT,2023-02-15 11:00:00+00:00,2023-02-19 16:00:00+00:00,2023-02-19 17:00:00+00:00,2023-02-22 11:00:00+00:00,25.256,23.615,-1236.573426432754,1348.1941147300697
REGIME_HYSTERESIS_ADMISSION_GOVERNOR,UNION_FOCUS,D2,1.0,XRP-USDT,2023-02-15 12:00:00+00:00,2023-02-19 16:00:00+00:00,2023-02-19 17:00:00+00:00,2023-02-22 12:00:00+00:00,0.39622,0.39014,-272.94260608729394,167.10198251798596
REGIME_HYSTERESIS_ADMISSION_GOVERNOR,UNION_FOCUS,D2,1.0,DOGE-USDT,2023-02-28 02:00:00+00:00,2023-03-01 20:00:00+00:00,2023-03-01 21:00:00+00:00,2023-03-03 02:00:00+00:00,0.08113,0.08035,-159.04814987634217,-457.72041065357655
REGIME_HYSTERESIS_ADMISSION_GOVERNOR,UNION_FOCUS,D2,1.0,ETH-USDT,2023-02-28 03:00:00+00:00,2023-03-01 20:00:00+00:00,2023-03-01 21:00:00+00:00,2023-03-03 03:00:00+00:00,1634.68,1553.1,-861.0722637086125,-855.7128163062071
REGIME_HYSTERESIS_ADMISSION_GOVERNOR,UNION_FOCUS,D2,1.0,BTC-USDT,2023-02-28 12:00:00+00:00,2023-03-01 20:00:00+00:00,2023-03-01 21:00:00+00:00,2023-03-03 12:00:00+00:00,23355.0,22352.1,-741.3002578168561,-766.6142663305194
REGIME_HYSTERESIS_ADMISSION_GOVERNOR,UNION_FOCUS,D2,1.0,XRP-USDT,2023-02-28 20:00:00+00:00,2023-03-01 20:00:00+00:00,2023-03-01 21:00:00+00:00,2023-03-03 20:00:00+00:00,0.38046,0.36845,-551.0593076566755,-628.2643381124936
REGIME_HYSTERESIS_ADMISSION_GOVERNOR,UNION_FOCUS,D2,1.0,OP-USDT,2023-03-19 02:00:00+00:00,2023-03-21 03:00:00+00:00,2023-03-21 04:00:00+00:00,2023-03-22 02:00:00+00:00,2.5,2.575,439.2660533693683,-652.1102490159062
REGIME_HYSTERESIS_ADMISSION_GOVERNOR,UNION_FOCUS,D2,1.0,SOL-USDT,2023-03-19 03:00:00+00:00,2023-03-21 03:00:00+00:00,2023-03-21 04:00:00+00:00,2023-03-26 03:00:00+00:00,22.135,20.671,-1128.3494334075463,-754.9834472442479
REGIME_HYSTERESIS_ADMISSION_GOVERNOR,UNION_FOCUS,D2,1.0,XRP-USDT,2023-03-19 12:00:00+00:00,2023-03-21 03:00:00+00:00,2023-03-21 04:00:00+00:00,2023-03-26 12:00:00+00:00,0.38158,0.45678,3104.2292467161055,2667.914621438643
REGIME_HYSTERESIS_ADMISSION_GOVERNOR,UNION_FOCUS,D2,1.0,ETH-USDT,2023-03-23 17:00:00+00:00,2023-03-24 15:00:00+00:00,2023-03-24 16:00:00+00:00,2023-03-26 17:00:00+00:00,1763.19,1763.01,-10.929290525207385,-360.28128457935145
REGIME_HYSTERESIS_ADMISSION_GOVERNOR,UNION_FOCUS,D2,1.0,BTC-USDT,2023-03-19 18:00:00+00:00,2023-03-21 03:00:00+00:00,2023-03-21 04:00:00+00:00,2023-03-26 18:00:00+00:00,27783.2,27703.1,-68.02654726208905,-171.37671324306027
REGIME_HYSTERESIS_ADMISSION_GOVERNOR,UNION_FOCUS,D2,1.0,XRP-USDT,2023-03-26 15:00:00+00:00,2023-03-27 09:00:00+00:00,2023-03-27 10:00:00+00:00,2023-04-02 15:00:00+00:00,0.4665,0.52172,1996.4986499961863,2461.652319680082
REGIME_HYSTERESIS_ADMISSION_GOVERNOR,UNION_FOCUS,D2,1.0,OP-USDT,2023-03-31 01:00:00+00:00,2023-04-01 09:00:00+00:00,2023-04-01 10:00:00+00:00,2023-04-03 01:00:00+00:00,2.261,2.202,-378.91137349908587,-641.9986781100756
REGIME_HYSTERESIS_ADMISSION_GOVERNOR,UNION_FOCUS,D2,1.0,ETH-USDT,2023-03-29 08:00:00+00:00,2023-04-01 09:00:00+00:00,2023-04-01 10:00:00+00:00,2023-04-05 08:00:00+00:00,1825.25,1912.59,804.4138164112723,973.9495244937174
REGIME_HYSTERESIS_ADMISSION_GOVERNOR,UNION_FOCUS,D2,1.0,BTC-USDT,2023-04-05 02:00:00+00:00,2023-04-07 14:00:00+00:00,2023-04-07 15:00:00+00:00,2023-04-08 02:00:00+00:00,27894.5,27880.1,-29.39219161263001,-499.19302978054804
REGIME_HYSTERESIS_ADMISSION_GOVERNOR,UNION_FOCUS,D2,1.0,OP-USDT,2023-04-05 04:00:00+00:00,2023-04-07 14:00:00+00:00,2023-04-07 15:00:00+00:00,2023-04-08 04:00:00+00:00,2.245,2.274,152.0986440913731,-382.3762529082961
REGIME_HYSTERESIS_ADMISSION_GOVERNOR,UNION_FOCUS,D2,1.0,SHIB-USDT,2023-04-01 11:00:00+00:00,2023-04-04 12:00:00+00:00,2023-04-04 13:00:00+00:00,2023-04-08 11:00:00+00:00,1.1439e-05,1.0986e-05,-722.8360842042946,177.65708261002663
REGIME_HYSTERESIS_ADMISSION_GOVERNOR,UNION_FOCUS,D2,1.0,DOGE-USDT,2023-04-10 18:00:00+00:00,2023-04-17 01:00:00+00:00,2023-04-17 02:00:00+00:00,2023-04-17 18:00:00+00:00,0.08849,0.0906,401.2370681427309,1296.4649368390264
REGIME_HYSTERESIS_ADMISSION_GOVERNOR,UNION_FOCUS,D2,1.0,ETH-USDT,2023-04-10 18:00:00+00:00,2023-04-17 01:00:00+00:00,2023-04-17 02:00:00+00:00,2023-04-17 18:00:00+00:00,2081.61,2080.59,-32.44187273343183,1728.6192892293375
REGIME_HYSTERESIS_ADMISSION_GOVERNOR,UNION_FOCUS,D2,1.0,SHIB-USDT,2023-04-14 02:00:00+00:00,2023-04-17 01:00:00+00:00,2023-04-17 02:00:00+00:00,2023-04-21 02:00:00+00:00,1.1279e-05,1.0666e-05,-929.6704566211847,-947.6250195105531
REGIME_HYSTERESIS_ADMISSION_GOVERNOR,UNION_FOCUS,D2,1.0,ETH-USDT,2023-05-05 12:00:00+00:00,2023-05-06 22:00:00+00:00,2023-05-06 23:00:00+00:00,2023-05-08 12:00:00+00:00,1895.68,1856.98,-361.21287774623124,-461.07442512675
REGIME_HYSTERESIS_ADMISSION_GOVERNOR,UNION_FOCUS,D2,1.0,SOL-USDT,2023-05-05 18:00:00+00:00,2023-05-06 22:00:00+00:00,2023-05-06 23:00:00+00:00,2023-05-08 18:00:00+00:00,21.99,21.117,-677.1960287938188,-1095.94458197448
REGIME_HYSTERESIS_ADMISSION_GOVERNOR,UNION_FOCUS,D2,1.0,BTC-USDT,2023-05-04 21:00:00+00:00,2023-05-06 22:00:00+00:00,2023-05-06 23:00:00+00:00,2023-05-11 21:00:00+00:00,28806.7,26840.7,-1159.366845272944,-1231.506531981492
REGIME_HYSTERESIS_ADMISSION_GOVERNOR,UNION_FOCUS,D2,1.0,INJ-USDT,2023-06-26 11:00:00+00:00,2023-06-27 08:00:00+00:00,2023-06-27 09:00:00+00:00,2023-07-03 11:00:00+00:00,7.726,8.821,2413.6214698460853,3515.7480231721124
REGIME_HYSTERESIS_ADMISSION_GOVERNOR,UNION_FOCUS,D2,1.0,BTC-USDT,2023-07-03 17:00:00+00:00,2023-07-06 01:00:00+00:00,2023-07-06 02:00:00+00:00,2023-07-06 17:00:00+00:00,30414.3,30406.6,-25.300246082222223,-404.97165265278
REGIME_HYSTERESIS_ADMISSION_GOVERNOR,UNION_FOCUS,D2,1.0,LTC-USDT,2023-06-30 05:00:00+00:00,2023-07-06 01:00:00+00:00,2023-07-06 02:00:00+00:00,2023-07-07 05:00:00+00:00,101.818,97.192,-812.237813083856,183.51951097886507
REGIME_HYSTERESIS_ADMISSION_GOVERNOR,UNION_FOCUS,D2,1.0,SOL-USDT,2023-06-30 05:00:00+00:00,2023-07-06 01:00:00+00:00,2023-07-06 02:00:00+00:00,2023-07-07 05:00:00+00:00,19.294,20.223,782.1692224237559,1053.3330912825957
REGIME_HYSTERESIS_ADMISSION_GOVERNOR,UNION_FOCUS,D2,1.0,ETH-USDT,2023-06-30 19:00:00+00:00,2023-07-06 01:00:00+00:00,2023-07-06 02:00:00+00:00,2023-07-07 19:00:00+00:00,1904.44,1867.03,-173.4281080879261,-304.0101593147851
REGIME_HYSTERESIS_ADMISSION_GOVERNOR,UNION_FOCUS,D2,1.0,XRP-USDT,2023-07-02 04:00:00+00:00,2023-07-06 01:00:00+00:00,2023-07-06 02:00:00+00:00,2023-07-09 04:00:00+00:00,0.47548,0.47064,-190.62985118335956,-470.99529048501796
REGIME_HYSTERESIS_ADMISSION_GOVERNOR,UNION_FOCUS,D2,1.0,INJ-USDT,2023-07-10 02:00:00+00:00,2023-07-10 02:00:00+00:00,2023-07-10 03:00:00+00:00,2023-07-13 02:00:00+00:00,8.033,7.886,-318.7641749533772,-658.6224776087543
REGIME_HYSTERESIS_ADMISSION_GOVERNOR,UNION_FOCUS,D2,1.0,SOL-USDT,2023-07-10 00:00:00+00:00,2023-07-10 02:00:00+00:00,2023-07-10 03:00:00+00:00,2023-07-17 00:00:00+00:00,20.912,27.62,5211.6471004977375,4815.126814834631
REGIME_HYSTERESIS_ADMISSION_GOVERNOR,UNION_FOCUS,D2,1.0,XRP-USDT,2023-07-10 21:00:00+00:00,2023-07-17 19:00:00+00:00,2023-07-17 20:00:00+00:00,2023-07-17 21:00:00+00:00,0.72636,0.73409,238.14435959744395,8861.86238971704
REGIME_HYSTERESIS_ADMISSION_GOVERNOR,UNION_FOCUS,D2,1.0,LTC-USDT,2023-07-20 10:00:00+00:00,2023-07-22 01:00:00+00:00,2023-07-22 02:00:00+00:00,2023-07-23 10:00:00+00:00,95.404,92.895,-523.1823938911684,-424.6270125084706
REGIME_HYSTERESIS_ADMISSION_GOVERNOR,UNION_FOCUS,D2,1.0,BTC-USDT,2023-07-20 11:00:00+00:00,2023-07-22 01:00:00+00:00,2023-07-22 02:00:00+00:00,2023-07-23 11:00:00+00:00,29985.6,29902.6,-74.92721767925136,-309.836843073891
REGIME_HYSTERESIS_ADMISSION_GOVERNOR,UNION_FOCUS,D2,1.0,BTC-USDT,2023-07-23 19:00:00+00:00,2023-07-24 06:00:00+00:00,2023-07-24 07:00:00+00:00,2023-07-26 19:00:00+00:00,29799.3,29266.6,-354.57241259129825,-577.3306144397035
REGIME_HYSTERESIS_ADMISSION_GOVERNOR,UNION_FOCUS,D2,1.0,LTC-USDT,2023-07-23 22:00:00+00:00,2023-07-24 06:00:00+00:00,2023-07-24 07:00:00+00:00,2023-07-26 22:00:00+00:00,92.48,90.431,-434.4460711515121,-632.3114098610155
REGIME_HYSTERESIS_ADMISSION_GOVERNOR,UNION_FOCUS,D2,1.0,BTC-USDT,2023-08-14 17:00:00+00:00,2023-08-14 20:00:00+00:00,2023-08-14 21:00:00+00:00,2023-08-17 17:00:00+00:00,29359.4,27935.9,-913.5211389643566,-1088.4069406551264
REGIME_HYSTERESIS_ADMISSION_GOVERNOR,UNION_FOCUS,D2,1.0,SOL-USDT,2023-08-14 18:00:00+00:00,2023-08-14 20:00:00+00:00,2023-08-14 21:00:00+00:00,2023-08-17 18:00:00+00:00,24.827,23.047,-1331.790670627675,-1618.5581329889685
REGIME_HYSTERESIS_ADMISSION_GOVERNOR,UNION_FOCUS,D2,1.0,XMR-USDT,2023-08-14 19:00:00+00:00,2023-08-14 20:00:00+00:00,2023-08-14 21:00:00+00:00,2023-08-17 19:00:00+00:00,159.09,149.87,-1092.6655659909343,-1107.6228276242614
REGIME_HYSTERESIS_ADMISSION_GOVERNOR,UNION_FOCUS,D2,1.0,LTC-USDT,2023-09-24 19:00:00+00:00,2023-09-26 03:00:00+00:00,2023-09-26 04:00:00+00:00,2023-09-27 19:00:00+00:00,64.655,63.592,-72.00358739201354,-93.1250083804747
REGIME_HYSTERESIS_ADMISSION_GOVERNOR,UNION_FOCUS,D2,1.0,XRP-USDT,2023-10-04 00:00:00+00:00,2023-10-05 00:00:00+00:00,2023-10-05 01:00:00+00:00,2023-10-07 00:00:00+00:00,0.53271,0.5264,-232.81426104602565,-94.48515192792478
REGIME_HYSTERESIS_ADMISSION_GOVERNOR,UNION_FOCUS,D2,1.0,SOL-USDT,2023-10-01 12:00:00+00:00,2023-10-05 00:00:00+00:00,2023-10-05 01:00:00+00:00,2023-10-08 12:00:00+00:00,23.129,23.169,8.526975567956178,14.037500940657555
REGIME_HYSTERESIS_ADMISSION_GOVERNOR,UNION_FOCUS,D2,1.0,BTC-USDT,2023-10-23 05:00:00+00:00,2023-10-28 02:00:00+00:00,2023-10-28 03:00:00+00:00,2023-10-30 05:00:00+00:00,33914.4,34269.6,188.64115129711124,2083.112684070522
REGIME_HYSTERESIS_ADMISSION_GOVERNOR,UNION_FOCUS,D2,1.0,LTC-USDT,2023-10-23 18:00:00+00:00,2023-10-28 02:00:00+00:00,2023-10-28 03:00:00+00:00,2023-10-30 18:00:00+00:00,67.646,69.257,212.40570597668545,284.468702424029
REGIME_HYSTERESIS_ADMISSION_GOVERNOR,UNION_FOCUS,D2,1.0,SOL-USDT,2023-10-26 22:00:00+00:00,2023-10-28 02:00:00+00:00,2023-10-28 03:00:00+00:00,2023-11-02 22:00:00+00:00,31.979,40.794,5205.7125271788145,4936.345051859978
REGIME_HYSTERESIS_ADMISSION_GOVERNOR,UNION_FOCUS,D2,1.0,XMR-USDT,2023-10-28 10:00:00+00:00,2023-10-29 10:00:00+00:00,2023-10-29 11:00:00+00:00,2023-11-04 10:00:00+00:00,161.6,170.71,1052.0504951558949,953.5709332176135
REGIME_HYSTERESIS_ADMISSION_GOVERNOR,UNION_FOCUS,D2,1.0,ETH-USDT,2023-10-30 10:00:00+00:00,2023-11-05 01:00:00+00:00,2023-11-05 02:00:00+00:00,2023-11-06 10:00:00+00:00,1850.9,1885.16,342.0194897609709,658.9813353136963
REGIME_HYSTERESIS_ADMISSION_GOVERNOR,UNION_FOCUS,D2,1.0,XRP-USDT,2023-10-30 13:00:00+00:00,2023-11-05 01:00:00+00:00,2023-11-05 02:00:00+00:00,2023-11-06 13:00:00+00:00,0.62279,0.70238,2756.771764455803,4839.856154445124
REGIME_HYSTERESIS_ADMISSION_GOVERNOR,UNION_FOCUS,D2,1.0,SOL-USDT,2023-11-04 03:00:00+00:00,2023-11-05 01:00:00+00:00,2023-11-05 02:00:00+00:00,2023-11-11 03:00:00+00:00,41.866,55.043,6699.356185279227,7485.733602924738
REGIME_HYSTERESIS_ADMISSION_GOVERNOR,UNION_FOCUS,D2,1.0,SHIB-USDT,2023-11-04 16:00:00+00:00,2023-11-05 01:00:00+00:00,2023-11-05 02:00:00+00:00,2023-11-11 16:00:00+00:00,7.944e-06,9.28e-06,3494.925582717398,3764.6449604050645
REGIME_HYSTERESIS_ADMISSION_GOVERNOR,UNION_FOCUS,D2,1.0,SOL-USDT,2023-11-11 15:00:00+00:00,2023-11-13 18:00:00+00:00,2023-11-13 19:00:00+00:00,2023-11-14 15:00:00+00:00,53.632,55.707,792.5040058377348,-1639.3626718094565
REGIME_HYSTERESIS_ADMISSION_GOVERNOR,UNION_FOCUS,D2,1.0,BTC-USDT,2023-11-07 22:00:00+00:00,2023-11-13 18:00:00+00:00,2023-11-13 19:00:00+00:00,2023-11-14 22:00:00+00:00,36670.0,35288.7,-872.5907362941712,-256.8260760412011
REGIME_HYSTERESIS_ADMISSION_GOVERNOR,UNION_FOCUS,D2,1.0,ETH-USDT,2023-11-09 04:00:00+00:00,2023-11-13 18:00:00+00:00,2023-11-13 19:00:00+00:00,2023-11-16 04:00:00+00:00,2080.51,2055.66,-298.6151554963086,1447.3931853891595
REGIME_HYSTERESIS_ADMISSION_GOVERNOR,UNION_FOCUS,D2,1.0,SOL-USDT,2023-11-16 08:00:00+00:00,2023-11-18 22:00:00+00:00,2023-11-18 23:00:00+00:00,2023-11-19 08:00:00+00:00,58.406,60.323,625.8784522631727,-2583.6264820447923
REGIME_HYSTERESIS_ADMISSION_GOVERNOR,UNION_FOCUS,D2,1.0,XMR-USDT,2023-11-17 12:00:00+00:00,2023-11-18 22:00:00+00:00,2023-11-18 23:00:00+00:00,2023-11-20 12:00:00+00:00,160.11,164.09,253.893038879251,-192.5802463146176
REGIME_HYSTERESIS_ADMISSION_GOVERNOR,UNION_FOCUS,D2,1.0,SHIB-USDT,2023-11-17 23:00:00+00:00,2023-11-18 22:00:00+00:00,2023-11-18 23:00:00+00:00,2023-11-20 23:00:00+00:00,8.544e-06,8.455e-06,-259.38706035328744,-388.93568155766883
REGIME_HYSTERESIS_ADMISSION_GOVERNOR,UNION_FOCUS,D2,1.0,SOL-USDT,2023-11-19 23:00:00+00:00,2023-11-22 01:00:00+00:00,2023-11-22 02:00:00+00:00,2023-11-22 23:00:00+00:00,53.201,57.94,1712.9197397244498,-1309.3531217788698
REGIME_HYSTERESIS_ADMISSION_GOVERNOR,UNION_FOCUS,D2,1.0,LINK-USDT,2023-11-20 12:00:00+00:00,2023-11-22 01:00:00+00:00,2023-11-22 02:00:00+00:00,2023-11-23 12:00:00+00:00,13.6384,14.43,1132.673401120782,-1381.952331625892
REGIME_HYSTERESIS_ADMISSION_GOVERNOR,UNION_FOCUS,D2,1.0,BTC-USDT,2023-11-19 21:00:00+00:00,2023-11-22 01:00:00+00:00,2023-11-22 02:00:00+00:00,2023-11-26 21:00:00+00:00,36108.9,37379.4,747.0198955046943,205.88884874525303
REGIME_HYSTERESIS_ADMISSION_GOVERNOR,UNION_FOCUS,D2,1.0,ETH-USDT,2023-11-20 01:00:00+00:00,2023-11-22 01:00:00+00:00,2023-11-22 02:00:00+00:00,2023-11-27 01:00:00+00:00,1955.44,2062.26,1170.8718418238745,513.9632906440327
REGIME_HYSTERESIS_ADMISSION_GOVERNOR,UNION_FOCUS,D2,1.0,SOL-USDT,2023-11-24 19:00:00+00:00,2023-11-27 06:00:00+00:00,2023-11-27 07:00:00+00:00,2023-11-27 19:00:00+00:00,56.872,54.456,-959.491156281653,-1271.9779781938257
REGIME_HYSTERESIS_ADMISSION_GOVERNOR,UNION_FOCUS,D2,1.0,SHIB-USDT,2023-11-25 08:00:00+00:00,2023-11-27 06:00:00+00:00,2023-11-27 07:00:00+00:00,2023-11-28 08:00:00+00:00,8.359e-06,8.106e-06,-702.5574991346882,-690.3557081318797
REGIME_HYSTERESIS_ADMISSION_GOVERNOR,UNION_FOCUS,D2,1.0,LINK-USDT,2023-11-26 02:00:00+00:00,2023-11-27 06:00:00+00:00,2023-11-27 07:00:00+00:00,2023-11-29 02:00:00+00:00,14.6547,14.5881,-113.66295090481762,-394.0272422493733
REGIME_HYSTERESIS_ADMISSION_GOVERNOR,UNION_FOCUS,D2,1.0,SOL-USDT,2023-12-06 10:00:00+00:00,2023-12-11 22:00:00+00:00,2023-12-11 23:00:00+00:00,2023-12-13 10:00:00+00:00,69.371,66.35,-545.516287632953,36.30814404674465
REGIME_HYSTERESIS_ADMISSION_GOVERNOR,UNION_FOCUS,D2,1.0,ETH-USDT,2023-12-14 13:00:00+00:00,2023-12-16 21:00:00+00:00,2023-12-16 22:00:00+00:00,2023-12-17 13:00:00+00:00,2237.94,2216.19,-244.2697993293382,-966.2575124535174
REGIME_HYSTERESIS_ADMISSION_GOVERNOR,UNION_FOCUS,D2,1.0,LINK-USDT,2023-12-14 13:00:00+00:00,2023-12-16 21:00:00+00:00,2023-12-16 22:00:00+00:00,2023-12-17 13:00:00+00:00,14.39,14.2009,-311.1609192572038,-1670.563834743064
REGIME_HYSTERESIS_ADMISSION_GOVERNOR,UNION_FOCUS,D2,1.0,SOL-USDT,2023-12-14 13:00:00+00:00,2023-12-16 21:00:00+00:00,2023-12-16 22:00:00+00:00,2023-12-17 13:00:00+00:00,73.527,73.079,-168.62116201425437,-192.3469038627475
REGIME_HYSTERESIS_ADMISSION_GOVERNOR,UNION_FOCUS,D2,1.0,XRP-USDT,2023-12-15 03:00:00+00:00,2023-12-16 21:00:00+00:00,2023-12-16 22:00:00+00:00,2023-12-18 03:00:00+00:00,0.62013,0.60352,-621.105566944862,-1380.1463135671022
REGIME_HYSTERESIS_ADMISSION_GOVERNOR,UNION_FOCUS,D2,1.0,AVAX-USDT,2023-12-14 22:00:00+00:00,2023-12-16 21:00:00+00:00,2023-12-16 22:00:00+00:00,2023-12-21 22:00:00+00:00,42.937,46.234,1915.8505781269505,4358.893018325269
REGIME_HYSTERESIS_ADMISSION_GOVERNOR,UNION_FOCUS,D2,1.0,BTC-USDT,2023-12-19 03:00:00+00:00,2023-12-19 20:00:00+00:00,2023-12-19 21:00:00+00:00,2023-12-26 03:00:00+00:00,42342.3,43499.2,574.4478857911113,41.78019861647585
REGIME_HYSTERESIS_ADMISSION_GOVERNOR,UNION_FOCUS,D2,1.0,SOL-USDT,2023-12-19 06:00:00+00:00,2023-12-19 20:00:00+00:00,2023-12-19 21:00:00+00:00,2023-12-26 06:00:00+00:00,74.274,120.434,13597.006445887717,13134.30640104464
REGIME_HYSTERESIS_ADMISSION_GOVERNOR,UNION_FOCUS,D2,2.0,AVAX-USDT,2022-01-01 19:00:00+00:00,2022-01-03 22:00:00+00:00,2022-01-03 23:00:00+00:00,2022-01-04 19:00:00+00:00,108.175,107.591,-67.61851388607542,-514.7073926945066
REGIME_HYSTERESIS_ADMISSION_GOVERNOR,UNION_FOCUS,D2,2.0,ETH-USDT,2022-01-02 18:00:00+00:00,2022-01-03 22:00:00+00:00,2022-01-03 23:00:00+00:00,2022-01-05 18:00:00+00:00,3723.14,3792.5,140.57201737353574,-154.44763139331246
REGIME_HYSTERESIS_ADMISSION_GOVERNOR,UNION_FOCUS,D2,2.0,ETH-USDT,2022-02-09 21:00:00+00:00,2022-02-11 12:00:00+00:00,2022-02-11 13:00:00+00:00,2022-02-12 21:00:00+00:00,3088.1,2953.22,-783.37155758505,-1702.9983040880695
REGIME_HYSTERESIS_ADMISSION_GOVERNOR,UNION_FOCUS,D2,2.0,XRP-USDT,2022-03-27 23:00:00+00:00,2022-04-01 15:00:00+00:00,2022-04-01 16:00:00+00:00,2022-04-03 23:00:00+00:00,0.82803,0.84535,276.90757428991276,-206.39701301897145
REGIME_HYSTERESIS_ADMISSION_GOVERNOR,UNION_FOCUS,D2,2.0,AVAX-USDT,2022-03-29 12:00:00+00:00,2022-04-01 15:00:00+00:00,2022-04-01 16:00:00+00:00,2022-04-05 12:00:00+00:00,96.689,95.558,-253.7749691519831,225.16057449207767
REGIME_HYSTERESIS_ADMISSION_GOVERNOR,UNION_FOCUS,D2,2.0,SOL-USDT,2022-03-30 15:00:00+00:00,2022-04-01 15:00:00+00:00,2022-04-01 16:00:00+00:00,2022-04-06 15:00:00+00:00,132.627,119.093,-2059.4926621448444,418.99954197714936
REGIME_HYSTERESIS_ADMISSION_GOVERNOR,UNION_FOCUS,D2,2.0,ATOM-USDT,2022-04-03 20:00:00+00:00,2022-04-05 10:00:00+00:00,2022-04-05 11:00:00+00:00,2022-04-06 20:00:00+00:00,30.4943,27.4917,-1702.7976261934145,-2544.642514961212
REGIME_HYSTERESIS_ADMISSION_GOVERNOR,UNION_FOCUS,D2,2.0,ETH-USDT,2022-04-04 00:00:00+00:00,2022-04-05 10:00:00+00:00,2022-04-05 11:00:00+00:00,2022-04-07 00:00:00+00:00,3508.97,3188.37,-1655.1969799320211,-1879.679258395072
REGIME_HYSTERESIS_ADMISSION_GOVERNOR,UNION_FOCUS,D2,2.0,BTC-USDT,2022-07-21 11:00:00+00:00,2022-07-21 16:00:00+00:00,2022-07-21 17:00:00+00:00,2022-07-24 11:00:00+00:00,22638.0,22618.4,-54.153335816843665,-356.627516289531
REGIME_HYSTERESIS_ADMISSION_GOVERNOR,UNION_FOCUS,D2,2.0,ETH-USDT,2022-07-21 03:00:00+00:00,2022-07-21 16:00:00+00:00,2022-07-21 17:00:00+00:00,2022-07-28 03:00:00+00:00,1510.72,1615.47,1079.218212449833,824.1061068426434
REGIME_HYSTERESIS_ADMISSION_GOVERNOR,UNION_FOCUS,D2,2.0,ADA-USDT,2022-07-21 09:00:00+00:00,2022-07-21 16:00:00+00:00,2022-07-21 17:00:00+00:00,2022-07-28 09:00:00+00:00,0.4826,0.500097,540.6359333509641,246.38668283540306
REGIME_HYSTERESIS_ADMISSION_GOVERNOR,UNION_FOCUS,D2,2.0,ADA-USDT,2022-10-29 18:00:00+00:00,2022-11-01 16:00:00+00:00,2022-11-01 17:00:00+00:00,2022-11-01 18:00:00+00:00,0.40327,0.401296,-117.3598338330898,-1224.9443496554582
REGIME_HYSTERESIS_ADMISSION_GOVERNOR,UNION_FOCUS,D2,2.0,LUNC-USDT,2022-10-30 10:00:00+00:00,2022-11-01 16:00:00+00:00,2022-11-01 17:00:00+00:00,2022-11-02 10:00:00+00:00,0.00023691,0.0002222,-1001.9252959944556,-2286.3429221772294
REGIME_HYSTERESIS_ADMISSION_GOVERNOR,UNION_FOCUS,D2,2.0,LTC-USDT,2023-01-12 01:00:00+00:00,2023-01-17 06:00:00+00:00,2023-01-17 07:00:00+00:00,2023-01-19 01:00:00+00:00,86.048,82.617,-647.2923491291067,-343.23710499682574
REGIME_HYSTERESIS_ADMISSION_GOVERNOR,UNION_FOCUS,D2,2.0,SOL-USDT,2023-01-13 23:00:00+00:00,2023-01-17 06:00:00+00:00,2023-01-17 07:00:00+00:00,2023-01-20 23:00:00+00:00,23.546,24.269,287.52260638867983,2547.6112820818407
REGIME_HYSTERESIS_ADMISSION_GOVERNOR,UNION_FOCUS,D2,2.0,SOL-USDT,2023-01-29 19:00:00+00:00,2023-01-30 18:00:00+00:00,2023-01-30 19:00:00+00:00,2023-02-01 19:00:00+00:00,24.261,22.655,-1046.9603757139919,-2355.905247095183
REGIME_HYSTERESIS_ADMISSION_GOVERNOR,UNION_FOCUS,D2,2.0,BTC-USDT,2023-01-29 20:00:00+00:00,2023-01-30 18:00:00+00:00,2023-01-30 19:00:00+00:00,2023-02-01 20:00:00+00:00,23112.3,23075.1,-66.20616607138047,-504.523321827319
REGIME_HYSTERESIS_ADMISSION_GOVERNOR,UNION_FOCUS,D2,2.0,ETH-USDT,2023-01-29 20:00:00+00:00,2023-01-30 18:00:00+00:00,2023-01-30 19:00:00+00:00,2023-02-01 20:00:00+00:00,1581.02,1580.98,-40.46834634109842,-571.9452626352753
REGIME_HYSTERESIS_ADMISSION_GOVERNOR,UNION_FOCUS,D2,2.0,LTC-USDT,2023-01-29 20:00:00+00:00,2023-01-30 18:00:00+00:00,2023-01-30 19:00:00+00:00,2023-02-01 20:00:00+00:00,92.092,94.962,448.57942586672283,-409.05090869597046
REGIME_HYSTERESIS_ADMISSION_GOVERNOR,UNION_FOCUS,D2,2.0,DOGE-USDT,2023-01-28 06:00:00+00:00,2023-01-29 01:00:00+00:00,2023-01-29 02:00:00+00:00,2023-02-04 06:00:00+00:00,0.08867,0.09381,897.8963756439915,495.8315034879628
REGIME_HYSTERESIS_ADMISSION_GOVERNOR,UNION_FOCUS,D2,2.0,DOGE-USDT,2023-02-04 19:00:00+00:00,2023-02-07 10:00:00+00:00,2023-02-07 11:00:00+00:00,2023-02-07 19:00:00+00:00,0.09149,0.09211,65.00844313602289,-1208.92184596126
REGIME_HYSTERESIS_ADMISSION_GOVERNOR,UNION_FOCUS,D2,2.0,SHIB-USDT,2023-02-02 02:00:00+00:00,2023-02-07 10:00:00+00:00,2023-02-07 11:00:00+00:00,2023-02-09 02:00:00+00:00,1.4111e-05,1.3747e-05,-521.6320752665938,1872.4799882305165
REGIME_HYSTERESIS_ADMISSION_GOVERNOR,UNION_FOCUS,D2,2.0,BTC-USDT,2023-02-14 16:00:00+00:00,2023-02-19 16:00:00+00:00,2023-02-19 17:00:00+00:00,2023-02-21 16:00:00+00:00,24921.1,24681.7,-212.08451258717994,1637.1309213539164
REGIME_HYSTERESIS_ADMISSION_GOVERNOR,UNION_FOCUS,D2,2.0,ETH-USDT,2023-02-14 16:00:00+00:00,2023-02-19 16:00:00+00:00,2023-02-19 17:00:00+00:00,2023-02-21 16:00:00+00:00,1711.7,1674.77,-414.1153470242372,1128.4928171205322
REGIME_HYSTERESIS_ADMISSION_GOVERNOR,UNION_FOCUS,D2,2.0,DOGE-USDT,2023-02-15 06:00:00+00:00,2023-02-19 16:00:00+00:00,2023-02-19 17:00:00+00:00,2023-02-22 06:00:00+00:00,0.08922,0.08479,-849.472572477237,-178.48261499714212
REGIME_HYSTERESIS_ADMISSION_GOVERNOR,UNION_FOCUS,D2,2.0,SOL-USDT,2023-02-15 11:00:00+00:00,2023-02-19 16:00:00+00:00,2023-02-19 17:00:00+00:00,2023-02-22 11:00:00+00:00,25.256,23.615,-1224.8166357342727,1271.3460331018662
REGIME_HYSTERESIS_ADMISSION_GOVERNOR,UNION_FOCUS,D2,2.0,XRP-USDT,2023-02-15 12:00:00+00:00,2023-02-19 16:00:00+00:00,2023-02-19 17:00:00+00:00,2023-02-22 12:00:00+00:00,0.39622,0.39014,-284.35115652791626,122.99542201492223
REGIME_HYSTERESIS_ADMISSION_GOVERNOR,UNION_FOCUS,D2,2.0,DOGE-USDT,2023-02-28 02:00:00+00:00,2023-03-01 20:00:00+00:00,2023-03-01 21:00:00+00:00,2023-03-03 02:00:00+00:00,0.08113,0.08035,-177.19185519694167,-494.5339548778122
REGIME_HYSTERESIS_ADMISSION_GOVERNOR,UNION_FOCUS,D2,2.0,ETH-USDT,2023-02-28 03:00:00+00:00,2023-03-01 20:00:00+00:00,2023-03-01 21:00:00+00:00,2023-03-03 03:00:00+00:00,1634.68,1553.1,-856.0085464660166,-871.2361139523446
REGIME_HYSTERESIS_ADMISSION_GOVERNOR,UNION_FOCUS,D2,2.0,BTC-USDT,2023-02-28 12:00:00+00:00,2023-03-01 20:00:00+00:00,2023-03-01 21:00:00+00:00,2023-03-03 12:00:00+00:00,23355.0,22352.1,-739.5383414462983,-784.5222916427581
REGIME_HYSTERESIS_ADMISSION_GOVERNOR,UNION_FOCUS,D2,2.0,XRP-USDT,2023-02-28 20:00:00+00:00,2023-03-01 20:00:00+00:00,2023-03-01 21:00:00+00:00,2023-03-03 20:00:00+00:00,0.38046,0.36845,-554.9128396550899,-650.3652076482684
REGIME_HYSTERESIS_ADMISSION_GOVERNOR,UNION_FOCUS,D2,2.0,OP-USDT,2023-03-19 02:00:00+00:00,2023-03-21 03:00:00+00:00,2023-03-21 04:00:00+00:00,2023-03-22 02:00:00+00:00,2.5,2.575,406.95344975691916,-671.4546436280949
REGIME_HYSTERESIS_ADMISSION_GOVERNOR,UNION_FOCUS,D2,2.0,SOL-USDT,2023-03-19 03:00:00+00:00,2023-03-21 03:00:00+00:00,2023-03-21 04:00:00+00:00,2023-03-26 03:00:00+00:00,22.135,20.671,-1113.1530847370493,-770.9380724756736
REGIME_HYSTERESIS_ADMISSION_GOVERNOR,UNION_FOCUS,D2,2.0,XRP-USDT,2023-03-19 12:00:00+00:00,2023-03-21 03:00:00+00:00,2023-03-21 04:00:00+00:00,2023-03-26 12:00:00+00:00,0.38158,0.45678,2986.506697441303,2543.7633669610505
REGIME_HYSTERESIS_ADMISSION_GOVERNOR,UNION_FOCUS,D2,2.0,ETH-USDT,2023-03-23 17:00:00+00:00,2023-03-24 15:00:00+00:00,2023-03-24 16:00:00+00:00,2023-03-26 17:00:00+00:00,1763.19,1763.01,-20.37840745805462,-369.0537242231957
REGIME_HYSTERESIS_ADMISSION_GOVERNOR,UNION_FOCUS,D2,2.0,BTC-USDT,2023-03-19 18:00:00+00:00,2023-03-21 03:00:00+00:00,2023-03-21 04:00:00+00:00,2023-03-26 18:00:00+00:00,27783.2,27703.1,-85.83901951396518,-206.0743660958984
REGIME_HYSTERESIS_ADMISSION_GOVERNOR,UNION_FOCUS,D2,2.0,XRP-USDT,2023-03-26 15:00:00+00:00,2023-03-27 09:00:00+00:00,2023-03-27 10:00:00+00:00,2023-04-02 15:00:00+00:00,0.4665,0.52172,1910.0780090204553,2340.409472243059
REGIME_HYSTERESIS_ADMISSION_GOVERNOR,UNION_FOCUS,D2,2.0,OP-USDT,2023-03-31 01:00:00+00:00,2023-04-01 09:00:00+00:00,2023-04-01 10:00:00+00:00,2023-04-03 01:00:00+00:00,2.261,2.202,-381.0572785508496,-651.3359102367307
REGIME_HYSTERESIS_ADMISSION_GOVERNOR,UNION_FOCUS,D2,2.0,ETH-USDT,2023-03-29 08:00:00+00:00,2023-04-01 09:00:00+00:00,2023-04-01 10:00:00+00:00,2023-04-05 08:00:00+00:00,1825.25,1912.59,756.5691168994174,899.9612745067931
REGIME_HYSTERESIS_ADMISSION_GOVERNOR,UNION_FOCUS,D2,2.0,BTC-USDT,2023-04-05 02:00:00+00:00,2023-04-07 14:00:00+00:00,2023-04-07 15:00:00+00:00,2023-04-08 02:00:00+00:00,27894.5,27880.1,-48.47799238988605,-522.8892193156478
REGIME_HYSTERESIS_ADMISSION_GOVERNOR,UNION_FOCUS,D2,2.0,OP-USDT,2023-04-05 04:00:00+00:00,2023-04-07 14:00:00+00:00,2023-04-07 15:00:00+00:00,2023-04-08 04:00:00+00:00,2.245,2.274,135.5702910060351,-415.86906338201544
REGIME_HYSTERESIS_ADMISSION_GOVERNOR,UNION_FOCUS,D2,2.0,SHIB-USDT,2023-04-01 11:00:00+00:00,2023-04-04 12:00:00+00:00,2023-04-04 13:00:00+00:00,2023-04-08 11:00:00+00:00,1.1439e-05,1.0986e-05,-719.1512040460343,130.85613731223705
REGIME_HYSTERESIS_ADMISSION_GOVERNOR,UNION_FOCUS,D2,2.0,DOGE-USDT,2023-04-10 18:00:00+00:00,2023-04-17 01:00:00+00:00,2023-04-17 02:00:00+00:00,2023-04-17 18:00:00+00:00,0.08849,0.0906,364.8255451519098,1207.4350306210933
REGIME_HYSTERESIS_ADMISSION_GOVERNOR,UNION_FOCUS,D2,2.0,ETH-USDT,2023-04-10 18:00:00+00:00,2023-04-17 01:00:00+00:00,2023-04-17 02:00:00+00:00,2023-04-17 18:00:00+00:00,2081.61,2080.59,-53.74551715304517,1623.8334018722173
REGIME_HYSTERESIS_ADMISSION_GOVERNOR,UNION_FOCUS,D2,2.0,SHIB-USDT,2023-04-14 02:00:00+00:00,2023-04-17 01:00:00+00:00,2023-04-17 02:00:00+00:00,2023-04-21 02:00:00+00:00,1.1279e-05,1.0666e-05,-912.9782618648837,-950.3621786399092
REGIME_HYSTERESIS_ADMISSION_GOVERNOR,UNION_FOCUS,D2,2.0,ETH-USDT,2023-05-05 12:00:00+00:00,2023-05-06 22:00:00+00:00,2023-05-06 23:00:00+00:00,2023-05-08 12:00:00+00:00,1895.68,1856.98,-366.82140075342863,-482.9518117610726
REGIME_HYSTERESIS_ADMISSION_GOVERNOR,UNION_FOCUS,D2,2.0,SOL-USDT,2023-05-05 18:00:00+00:00,2023-05-06 22:00:00+00:00,2023-05-06 23:00:00+00:00,2023-05-08 18:00:00+00:00,21.99,21.117,-669.8340494885974,-1092.5861088819743
REGIME_HYSTERESIS_ADMISSION_GOVERNOR,UNION_FOCUS,D2,2.0,BTC-USDT,2023-05-04 21:00:00+00:00,2023-05-06 22:00:00+00:00,2023-05-06 23:00:00+00:00,2023-05-11 21:00:00+00:00,28806.7,26840.7,-1133.2657544197625,-1222.750528632445
REGIME_HYSTERESIS_ADMISSION_GOVERNOR,UNION_FOCUS,D2,2.0,INJ-USDT,2023-06-26 11:00:00+00:00,2023-06-27 08:00:00+00:00,2023-06-27 09:00:00+00:00,2023-07-03 11:00:00+00:00,7.726,8.821,2292.5969505103267,3330.929231554591
REGIME_HYSTERESIS_ADMISSION_GOVERNOR,UNION_FOCUS,D2,2.0,BTC-USDT,2023-07-03 17:00:00+00:00,2023-07-06 01:00:00+00:00,2023-07-06 02:00:00+00:00,2023-07-06 17:00:00+00:00,30414.3,30406.6,-44.3931296730259,-428.7149313068647
REGIME_HYSTERESIS_ADMISSION_GOVERNOR,UNION_FOCUS,D2,2.0,LTC-USDT,2023-06-30 05:00:00+00:00,2023-07-06 01:00:00+00:00,2023-07-06 02:00:00+00:00,2023-07-07 05:00:00+00:00,101.818,97.192,-798.6831584663211,136.36640050113243
REGIME_HYSTERESIS_ADMISSION_GOVERNOR,UNION_FOCUS,D2,2.0,SOL-USDT,2023-06-30 05:00:00+00:00,2023-07-06 01:00:00+00:00,2023-07-06 02:00:00+00:00,2023-07-07 05:00:00+00:00,19.294,20.223,729.1127753460462,969.4888137162644
REGIME_HYSTERESIS_ADMISSION_GOVERNOR,UNION_FOCUS,D2,2.0,ETH-USDT,2023-06-30 19:00:00+00:00,2023-07-06 01:00:00+00:00,2023-07-06 02:00:00+00:00,2023-07-07 19:00:00+00:00,1904.44,1867.03,-176.0045060028877,-311.2775991782937
REGIME_HYSTERESIS_ADMISSION_GOVERNOR,UNION_FOCUS,D2,2.0,XRP-USDT,2023-07-02 04:00:00+00:00,2023-07-06 01:00:00+00:00,2023-07-06 02:00:00+00:00,2023-07-09 04:00:00+00:00,0.47548,0.47064,-202.51541659974785,-491.55411946424164
REGIME_HYSTERESIS_ADMISSION_GOVERNOR,UNION_FOCUS,D2,2.0,INJ-USDT,2023-07-10 02:00:00+00:00,2023-07-10 02:00:00+00:00,2023-07-10 03:00:00+00:00,2023-07-13 02:00:00+00:00,8.033,7.886,-324.0898059754373,-669.0967838448009
REGIME_HYSTERESIS_ADMISSION_GOVERNOR,UNION_FOCUS,D2,2.0,SOL-USDT,2023-07-10 00:00:00+00:00,2023-07-10 02:00:00+00:00,2023-07-10 03:00:00+00:00,2023-07-17 00:00:00+00:00,20.912,27.62,4960.745368490838,4561.370228383681
REGIME_HYSTERESIS_ADMISSION_GOVERNOR,UNION_FOCUS,D2,2.0,XRP-USDT,2023-07-10 21:00:00+00:00,2023-07-17 19:00:00+00:00,2023-07-17 20:00:00+00:00,2023-07-17 21:00:00+00:00,0.72636,0.73409,196.32910937007387,8392.585453345993
REGIME_HYSTERESIS_ADMISSION_GOVERNOR,UNION_FOCUS,D2,2.0,LTC-USDT,2023-07-20 10:00:00+00:00,2023-07-22 01:00:00+00:00,2023-07-22 02:00:00+00:00,2023-07-23 10:00:00+00:00,95.404,92.895,-521.2319596646678,-449.73324984729294
REGIME_HYSTERESIS_ADMISSION_GOVERNOR,UNION_FOCUS,D2,2.0,BTC-USDT,2023-07-20 11:00:00+00:00,2023-07-22 01:00:00+00:00,2023-07-22 02:00:00+00:00,2023-07-23 11:00:00+00:00,29985.6,29902.6,-93.66152754192012,-340.2366390120391
REGIME_HYSTERESIS_ADMISSION_GOVERNOR,UNION_FOCUS,D2,2.0,BTC-USDT,2023-07-23 19:00:00+00:00,2023-07-24 06:00:00+00:00,2023-07-24 07:00:00+00:00,2023-07-26 19:00:00+00:00,29799.3,29266.6,-359.70272800601987,-594.3911600302449
REGIME_HYSTERESIS_ADMISSION_GOVERNOR,UNION_FOCUS,D2,2.0,LTC-USDT,2023-07-23 22:00:00+00:00,2023-07-24 06:00:00+00:00,2023-07-24 07:00:00+00:00,2023-07-26 22:00:00+00:00,92.48,90.431,-435.67346916952147,-646.5839496868804
REGIME_HYSTERESIS_ADMISSION_GOVERNOR,UNION_FOCUS,D2,2.0,BTC-USDT,2023-08-14 17:00:00+00:00,2023-08-14 20:00:00+00:00,2023-08-14 21:00:00+00:00,2023-08-17 17:00:00+00:00,29359.4,27935.9,-890.8320431511897,-1079.4593500802248
REGIME_HYSTERESIS_ADMISSION_GOVERNOR,UNION_FOCUS,D2,2.0,SOL-USDT,2023-08-14 18:00:00+00:00,2023-08-14 20:00:00+00:00,2023-08-14 21:00:00+00:00,2023-08-17 18:00:00+00:00,24.827,23.047,-1288.2551701137788,-1583.3694237868203
REGIME_HYSTERESIS_ADMISSION_GOVERNOR,UNION_FOCUS,D2,2.0,XMR-USDT,2023-08-14 19:00:00+00:00,2023-08-14 20:00:00+00:00,2023-08-14 21:00:00+00:00,2023-08-17 19:00:00+00:00,159.09,149.87,-1060.8550440278857,-1097.0712858152656
REGIME_HYSTERESIS_ADMISSION_GOVERNOR,UNION_FOCUS,D2,2.0,LTC-USDT,2023-09-24 19:00:00+00:00,2023-09-26 03:00:00+00:00,2023-09-26 04:00:00+00:00,2023-09-27 19:00:00+00:00,64.655,63.592,-77.01331628398735,-103.24821841235804
REGIME_HYSTERESIS_ADMISSION_GOVERNOR,UNION_FOCUS,D2,2.0,XRP-USDT,2023-10-04 00:00:00+00:00,2023-10-05 00:00:00+00:00,2023-10-05 01:00:00+00:00,2023-10-07 00:00:00+00:00,0.53271,0.5264,-242.0789527165522,-131.60305142911977
REGIME_HYSTERESIS_ADMISSION_GOVERNOR,UNION_FOCUS,D2,2.0,SOL-USDT,2023-10-01 12:00:00+00:00,2023-10-05 00:00:00+00:00,2023-10-05 01:00:00+00:00,2023-10-08 12:00:00+00:00,23.129,23.169,-13.16505965468711,-29.12877336345663
REGIME_HYSTERESIS_ADMISSION_GOVERNOR,UNION_FOCUS,D2,2.0,BTC-USDT,2023-10-23 05:00:00+00:00,2023-10-28 02:00:00+00:00,2023-10-28 03:00:00+00:00,2023-10-30 05:00:00+00:00,33914.4,34269.6,154.04055107521097,1924.9373648723151
REGIME_HYSTERESIS_ADMISSION_GOVERNOR,UNION_FOCUS,D2,2.0,LTC-USDT,2023-10-23 18:00:00+00:00,2023-10-28 02:00:00+00:00,2023-10-28 03:00:00+00:00,2023-10-30 18:00:00+00:00,67.646,69.257,189.5284211863579,246.65456104159463
REGIME_HYSTERESIS_ADMISSION_GOVERNOR,UNION_FOCUS,D2,2.0,SOL-USDT,2023-10-26 22:00:00+00:00,2023-10-28 02:00:00+00:00,2023-10-28 03:00:00+00:00,2023-11-02 22:00:00+00:00,31.979,40.794,4894.474035507386,4616.984293545512
REGIME_HYSTERESIS_ADMISSION_GOVERNOR,UNION_FOCUS,D2,2.0,XMR-USDT,2023-10-28 10:00:00+00:00,2023-10-29 10:00:00+00:00,2023-10-29 11:00:00+00:00,2023-11-04 10:00:00+00:00,161.6,170.71,970.5290922703882,854.78227415524
REGIME_HYSTERESIS_ADMISSION_GOVERNOR,UNION_FOCUS,D2,2.0,ETH-USDT,2023-10-30 10:00:00+00:00,2023-11-05 01:00:00+00:00,2023-11-05 02:00:00+00:00,2023-11-06 10:00:00+00:00,1850.9,1885.16,299.2575940968463,575.6787318142246
REGIME_HYSTERESIS_ADMISSION_GOVERNOR,UNION_FOCUS,D2,2.0,XRP-USDT,2023-10-30 13:00:00+00:00,2023-11-05 01:00:00+00:00,2023-11-05 02:00:00+00:00,2023-11-06 13:00:00+00:00,0.62279,0.70238,2574.8683405524857,4519.183971587393
REGIME_HYSTERESIS_ADMISSION_GOVERNOR,UNION_FOCUS,D2,2.0,SOL-USDT,2023-11-04 03:00:00+00:00,2023-11-05 01:00:00+00:00,2023-11-05 02:00:00+00:00,2023-11-11 03:00:00+00:00,41.866,55.043,6290.112399375792,7008.061602901493
REGIME_HYSTERESIS_ADMISSION_GOVERNOR,UNION_FOCUS,D2,2.0,SHIB-USDT,2023-11-04 16:00:00+00:00,2023-11-05 01:00:00+00:00,2023-11-05 02:00:00+00:00,2023-11-11 16:00:00+00:00,7.944e-06,9.28e-06,3268.3996575483447,3498.4922050427226
REGIME_HYSTERESIS_ADMISSION_GOVERNOR,UNION_FOCUS,D2,2.0,SOL-USDT,2023-11-11 15:00:00+00:00,2023-11-13 18:00:00+00:00,2023-11-13 19:00:00+00:00,2023-11-14 15:00:00+00:00,53.632,55.707,720.5064946793682,-1597.7448078200052
REGIME_HYSTERESIS_ADMISSION_GOVERNOR,UNION_FOCUS,D2,2.0,BTC-USDT,2023-11-07 22:00:00+00:00,2023-11-13 18:00:00+00:00,2023-11-13 19:00:00+00:00,2023-11-14 22:00:00+00:00,36670.0,35288.7,-848.0315701994055,-293.2551621314283
REGIME_HYSTERESIS_ADMISSION_GOVERNOR,UNION_FOCUS,D2,2.0,ETH-USDT,2023-11-09 04:00:00+00:00,2023-11-13 18:00:00+00:00,2023-11-13 19:00:00+00:00,2023-11-16 04:00:00+00:00,2080.51,2055.66,-306.20849219441203,1306.3125992423347
REGIME_HYSTERESIS_ADMISSION_GOVERNOR,UNION_FOCUS,D2,2.0,SOL-USDT,2023-11-16 08:00:00+00:00,2023-11-18 22:00:00+00:00,2023-11-18 23:00:00+00:00,2023-11-19 08:00:00+00:00,58.406,60.323,564.6024838048402,-2481.365248600931
REGIME_HYSTERESIS_ADMISSION_GOVERNOR,UNION_FOCUS,D2,2.0,XMR-USDT,2023-11-17 12:00:00+00:00,2023-11-18 22:00:00+00:00,2023-11-18 23:00:00+00:00,2023-11-20 12:00:00+00:00,160.11,164.09,225.78564536308912,-207.24096083242208
REGIME_HYSTERESIS_ADMISSION_GOVERNOR,UNION_FOCUS,D2,2.0,SHIB-USDT,2023-11-17 23:00:00+00:00,2023-11-18 22:00:00+00:00,2023-11-18 23:00:00+00:00,2023-11-20 23:00:00+00:00,8.544e-06,8.455e-06,-269.7865523143433,-417.87980380947056
REGIME_HYSTERESIS_ADMISSION_GOVERNOR,UNION_FOCUS,D2,2.0,SOL-USDT,2023-11-19 23:00:00+00:00,2023-11-22 01:00:00+00:00,2023-11-22 02:00:00+00:00,2023-11-22 23:00:00+00:00,53.201,57.94,1584.60449496948,-1281.7993603621662
REGIME_HYSTERESIS_ADMISSION_GOVERNOR,UNION_FOCUS,D2,2.0,LINK-USDT,2023-11-20 12:00:00+00:00,2023-11-22 01:00:00+00:00,2023-11-22 02:00:00+00:00,2023-11-23 12:00:00+00:00,13.6384,14.43,1034.7642055342592,-1343.5965179689629
REGIME_HYSTERESIS_ADMISSION_GOVERNOR,UNION_FOCUS,D2,2.0,BTC-USDT,2023-11-19 21:00:00+00:00,2023-11-22 01:00:00+00:00,2023-11-22 02:00:00+00:00,2023-11-26 21:00:00+00:00,36108.9,37379.4,675.3064243978235,140.20658487305664
REGIME_HYSTERESIS_ADMISSION_GOVERNOR,UNION_FOCUS,D2,2.0,ETH-USDT,2023-11-20 01:00:00+00:00,2023-11-22 01:00:00+00:00,2023-11-22 02:00:00+00:00,2023-11-27 01:00:00+00:00,1955.44,2062.26,1072.7905668863486,429.1171236982391
REGIME_HYSTERESIS_ADMISSION_GOVERNOR,UNION_FOCUS,D2,2.0,SOL-USDT,2023-11-24 19:00:00+00:00,2023-11-27 06:00:00+00:00,2023-11-27 07:00:00+00:00,2023-11-27 19:00:00+00:00,56.872,54.456,-925.0217559732197,-1244.347882283655
REGIME_HYSTERESIS_ADMISSION_GOVERNOR,UNION_FOCUS,D2,2.0,SHIB-USDT,2023-11-25 08:00:00+00:00,2023-11-27 06:00:00+00:00,2023-11-27 07:00:00+00:00,2023-11-28 08:00:00+00:00,8.359e-06,8.106e-06,-684.4835127895465,-699.1618410970372
REGIME_HYSTERESIS_ADMISSION_GOVERNOR,UNION_FOCUS,D2,2.0,LINK-USDT,2023-11-26 02:00:00+00:00,2023-11-27 06:00:00+00:00,2023-11-27 07:00:00+00:00,2023-11-29 02:00:00+00:00,14.6547,14.5881,-128.72040902291116,-413.22779016287524
REGIME_HYSTERESIS_ADMISSION_GOVERNOR,UNION_FOCUS,D2,2.0,SOL-USDT,2023-12-06 10:00:00+00:00,2023-12-11 22:00:00+00:00,2023-12-11 23:00:00+00:00,2023-12-13 10:00:00+00:00,69.371,66.35,-524.702333039623,6.780072037519965
REGIME_HYSTERESIS_ADMISSION_GOVERNOR,UNION_FOCUS,D2,2.0,ETH-USDT,2023-12-14 13:00:00+00:00,2023-12-16 21:00:00+00:00,2023-12-16 22:00:00+00:00,2023-12-17 13:00:00+00:00,2237.94,2216.19,-254.22916999478255,-956.2474211073795
REGIME_HYSTERESIS_ADMISSION_GOVERNOR,UNION_FOCUS,D2,2.0,LINK-USDT,2023-12-14 13:00:00+00:00,2023-12-16 21:00:00+00:00,2023-12-16 22:00:00+00:00,2023-12-17 13:00:00+00:00,14.39,14.2009,-315.80204956215357,-1613.2862377583385
REGIME_HYSTERESIS_ADMISSION_GOVERNOR,UNION_FOCUS,D2,2.0,SOL-USDT,2023-12-14 13:00:00+00:00,2023-12-16 21:00:00+00:00,2023-12-16 22:00:00+00:00,2023-12-17 13:00:00+00:00,73.527,73.079,-184.34651977466336,-233.38619128357448
REGIME_HYSTERESIS_ADMISSION_GOVERNOR,UNION_FOCUS,D2,2.0,XRP-USDT,2023-12-15 03:00:00+00:00,2023-12-16 21:00:00+00:00,2023-12-16 22:00:00+00:00,2023-12-18 03:00:00+00:00,0.62013,0.60352,-603.4567461500665,-1336.8909307125355
REGIME_HYSTERESIS_ADMISSION_GOVERNOR,UNION_FOCUS,D2,2.0,AVAX-USDT,2023-12-14 22:00:00+00:00,2023-12-16 21:00:00+00:00,2023-12-16 22:00:00+00:00,2023-12-21 22:00:00+00:00,42.937,46.234,1758.403565230333,4014.6285423692943
REGIME_HYSTERESIS_ADMISSION_GOVERNOR,UNION_FOCUS,D2,2.0,BTC-USDT,2023-12-19 03:00:00+00:00,2023-12-19 20:00:00+00:00,2023-12-19 21:00:00+00:00,2023-12-26 03:00:00+00:00,42342.3,43499.2,509.67890142423727,-13.773071676308454
REGIME_HYSTERESIS_ADMISSION_GOVERNOR,UNION_FOCUS,D2,2.0,SOL-USDT,2023-12-19 06:00:00+00:00,2023-12-19 20:00:00+00:00,2023-12-19 21:00:00+00:00,2023-12-26 06:00:00+00:00,74.274,120.434,12645.281825410191,12187.448234169691
REGIME_HYSTERESIS_ADMISSION_GOVERNOR,MOMENTUM_BREAKOUT,D2,1.0,AVAX-USDT,2022-01-01 19:00:00+00:00,2022-01-04 14:00:00+00:00,2022-01-04 15:00:00+00:00,2022-01-04 19:00:00+00:00,107.643,107.591,-14.78361636909796,-492.7959984497628
REGIME_HYSTERESIS_ADMISSION_GOVERNOR,MOMENTUM_BREAKOUT,D2,1.0,ETH-USDT,2022-01-02 18:00:00+00:00,2022-01-04 14:00:00+00:00,2022-01-04 15:00:00+00:00,2022-01-05 18:00:00+00:00,3866.54,3792.5,-184.96704519738125,-132.0671071319737
REGIME_HYSTERESIS_ADMISSION_GOVERNOR,MOMENTUM_BREAKOUT,D2,1.0,ATOM-USDT,2022-02-25 23:00:00+00:00,2022-02-26 13:00:00+00:00,2022-02-26 14:00:00+00:00,2022-03-04 23:00:00+00:00,28.6787,30.9364,665.5732197645115,1051.0549289612193
REGIME_HYSTERESIS_ADMISSION_GOVERNOR,MOMENTUM_BREAKOUT,D2,1.0,ETH-USDT,2022-02-26 00:00:00+00:00,2022-02-26 13:00:00+00:00,2022-02-26 14:00:00+00:00,2022-03-05 00:00:00+00:00,2762.48,2612.38,-450.72743679543555,-547.593750066481
REGIME_HYSTERESIS_ADMISSION_GOVERNOR,MOMENTUM_BREAKOUT,D2,1.0,SOL-USDT,2022-02-26 00:00:00+00:00,2022-02-26 13:00:00+00:00,2022-02-26 14:00:00+00:00,2022-03-05 00:00:00+00:00,90.748,88.444,-209.11076660364708,-564.5708368387092
REGIME_HYSTERESIS_ADMISSION_GOVERNOR,MOMENTUM_BREAKOUT,D2,1.0,XRP-USDT,2022-03-27 23:00:00+00:00,2022-04-01 15:00:00+00:00,2022-04-01 16:00:00+00:00,2022-04-03 23:00:00+00:00,0.82803,0.84535,296.52732615439623,-167.96579133397725
REGIME_HYSTERESIS_ADMISSION_GOVERNOR,MOMENTUM_BREAKOUT,D2,1.0,AVAX-USDT,2022-03-30 17:00:00+00:00,2022-04-01 15:00:00+00:00,2022-04-01 16:00:00+00:00,2022-04-06 17:00:00+00:00,96.689,85.139,-2138.479050997527,-2233.7602307699494
REGIME_HYSTERESIS_ADMISSION_GOVERNOR,MOMENTUM_BREAKOUT,D2,1.0,SOL-USDT,2022-03-31 12:00:00+00:00,2022-04-01 15:00:00+00:00,2022-04-01 16:00:00+00:00,2022-04-07 12:00:00+00:00,132.627,115.228,-2504.664166511806,-1638.8922033608117
REGIME_HYSTERESIS_ADMISSION_GOVERNOR,MOMENTUM_BREAKOUT,D2,1.0,XRP-USDT,2022-04-15 03:00:00+00:00,2022-04-17 15:00:00+00:00,2022-04-17 16:00:00+00:00,2022-04-22 03:00:00+00:00,0.77955,0.73261,-532.2338825493854,-118.2508252612182
REGIME_HYSTERESIS_ADMISSION_GOVERNOR,MOMENTUM_BREAKOUT,D2,1.0,ETH-USDT,2022-07-22 11:00:00+00:00,2022-07-23 23:00:00+00:00,2022-07-24 00:00:00+00:00,2022-07-25 11:00:00+00:00,1541.76,1535.4,-83.61782849417297,-1002.7742530437439
REGIME_HYSTERESIS_ADMISSION_GOVERNOR,MOMENTUM_BREAKOUT,D2,1.0,ETH-USDT,2022-08-23 20:00:00+00:00,2022-08-26 09:00:00+00:00,2022-08-26 10:00:00+00:00,2022-08-26 20:00:00+00:00,1659.36,1559.28,-518.7284343516665,-515.2242029767266
REGIME_HYSTERESIS_ADMISSION_GOVERNOR,MOMENTUM_BREAKOUT,D2,1.0,XRP-USDT,2022-08-24 21:00:00+00:00,2022-08-26 09:00:00+00:00,2022-08-26 10:00:00+00:00,2022-08-27 21:00:00+00:00,0.37011,0.335,-856.7136959848494,-374.1369955881971
REGIME_HYSTERESIS_ADMISSION_GOVERNOR,MOMENTUM_BREAKOUT,D2,1.0,ADA-USDT,2022-08-25 22:00:00+00:00,2022-08-26 09:00:00+00:00,2022-08-26 10:00:00+00:00,2022-08-28 22:00:00+00:00,0.478575,0.44265,-651.3187849148035,-564.5151594333666
REGIME_HYSTERESIS_ADMISSION_GOVERNOR,MOMENTUM_BREAKOUT,D2,1.0,SOL-USDT,2023-01-29 19:00:00+00:00,2023-01-31 08:00:00+00:00,2023-01-31 09:00:00+00:00,2023-02-01 19:00:00+00:00,24.123,22.655,-928.9252249035758,-2284.6700389456937
REGIME_HYSTERESIS_ADMISSION_GOVERNOR,MOMENTUM_BREAKOUT,D2,1.0,BTC-USDT,2023-01-29 20:00:00+00:00,2023-01-31 08:00:00+00:00,2023-01-31 09:00:00+00:00,2023-02-01 20:00:00+00:00,22976.2,23075.1,48.20100718418058,-457.29880892547885
REGIME_HYSTERESIS_ADMISSION_GOVERNOR,MOMENTUM_BREAKOUT,D2,1.0,ETH-USDT,2023-01-29 20:00:00+00:00,2023-01-31 08:00:00+00:00,2023-01-31 09:00:00+00:00,2023-02-01 20:00:00+00:00,1579.91,1580.98,-9.06006829720131,-524.0033177828526
REGIME_HYSTERESIS_ADMISSION_GOVERNOR,MOMENTUM_BREAKOUT,D2,1.0,LTC-USDT,2023-01-29 20:00:00+00:00,2023-01-31 08:00:00+00:00,2023-01-31 09:00:00+00:00,2023-02-01 20:00:00+00:00,94.709,94.962,22.57565899414672,-363.23554088810863
REGIME_HYSTERESIS_ADMISSION_GOVERNOR,MOMENTUM_BREAKOUT,D2,1.0,DOGE-USDT,2023-01-28 06:00:00+00:00,2023-01-29 01:00:00+00:00,2023-01-29 02:00:00+00:00,2023-02-04 06:00:00+00:00,0.08867,0.09381,906.1740494671651,530.3167809447806
REGIME_HYSTERESIS_ADMISSION_GOVERNOR,MOMENTUM_BREAKOUT,D2,1.0,BTC-USDT,2023-02-14 16:00:00+00:00,2023-02-19 16:00:00+00:00,2023-02-19 17:00:00+00:00,2023-02-21 16:00:00+00:00,24921.1,24681.7,-188.45285369347985,1661.6827848808277
REGIME_HYSTERESIS_ADMISSION_GOVERNOR,MOMENTUM_BREAKOUT,D2,1.0,ETH-USDT,2023-02-14 16:00:00+00:00,2023-02-19 16:00:00+00:00,2023-02-19 17:00:00+00:00,2023-02-21 16:00:00+00:00,1711.7,1674.77,-389.1936798457661,1157.7357469525914
REGIME_HYSTERESIS_ADMISSION_GOVERNOR,MOMENTUM_BREAKOUT,D2,1.0,XRP-USDT,2023-02-15 12:00:00+00:00,2023-02-19 16:00:00+00:00,2023-02-19 17:00:00+00:00,2023-02-22 12:00:00+00:00,0.39622,0.39014,-264.3630535458022,161.84937553459008
REGIME_HYSTERESIS_ADMISSION_GOVERNOR,MOMENTUM_BREAKOUT,D2,1.0,SOL-USDT,2023-02-15 21:00:00+00:00,2023-02-19 16:00:00+00:00,2023-02-19 17:00:00+00:00,2023-02-22 21:00:00+00:00,25.256,23.785,-1032.7004426134572,495.8064855269559
REGIME_HYSTERESIS_ADMISSION_GOVERNOR,MOMENTUM_BREAKOUT,D2,1.0,XRP-USDT,2023-03-19 12:00:00+00:00,2023-03-25 15:00:00+00:00,2023-03-25 16:00:00+00:00,2023-03-26 12:00:00+00:00,0.45966,0.45678,-140.16498436403236,2605.0953782238607
REGIME_HYSTERESIS_ADMISSION_GOVERNOR,MOMENTUM_BREAKOUT,D2,1.0,ETH-USDT,2023-03-23 17:00:00+00:00,2023-03-25 15:00:00+00:00,2023-03-25 16:00:00+00:00,2023-03-26 17:00:00+00:00,1748.57,1763.01,54.255754060757184,-348.4260530300709
REGIME_HYSTERESIS_ADMISSION_GOVERNOR,MOMENTUM_BREAKOUT,D2,1.0,BTC-USDT,2023-03-19 18:00:00+00:00,2023-03-25 15:00:00+00:00,2023-03-25 16:00:00+00:00,2023-03-26 18:00:00+00:00,27526.3,27703.1,81.08871190389355,-164.85234055153887
REGIME_HYSTERESIS_ADMISSION_GOVERNOR,MOMENTUM_BREAKOUT,D2,1.0,XRP-USDT,2023-03-27 13:00:00+00:00,2023-03-27 13:00:00+00:00,2023-03-27 14:00:00+00:00,2023-04-03 13:00:00+00:00,0.48132,0.51518,1126.2728256234368,1235.9004799786526
REGIME_HYSTERESIS_ADMISSION_GOVERNOR,MOMENTUM_BREAKOUT,D2,1.0,ETH-USDT,2023-03-29 08:00:00+00:00,2023-04-04 12:00:00+00:00,2023-04-04 13:00:00+00:00,2023-04-05 08:00:00+00:00,1864.58,1912.59,419.2946186719111,945.3389888712082
REGIME_HYSTERESIS_ADMISSION_GOVERNOR,MOMENTUM_BREAKOUT,D2,1.0,SHIB-USDT,2023-04-01 14:00:00+00:00,2023-04-04 12:00:00+00:00,2023-04-04 13:00:00+00:00,2023-04-08 14:00:00+00:00,1.1439e-05,1.0924e-05,-391.3943393009272,-132.15310613214825
REGIME_HYSTERESIS_ADMISSION_GOVERNOR,MOMENTUM_BREAKOUT,D2,1.0,INJ-USDT,2023-06-26 14:00:00+00:00,2023-06-27 08:00:00+00:00,2023-06-27 09:00:00+00:00,2023-07-03 14:00:00+00:00,7.726,8.838,2305.621593586034,2794.9250278944196
REGIME_HYSTERESIS_ADMISSION_GOVERNOR,MOMENTUM_BREAKOUT,D2,1.0,LTC-USDT,2023-06-30 05:00:00+00:00,2023-07-06 19:00:00+00:00,2023-07-06 20:00:00+00:00,2023-07-07 05:00:00+00:00,98.636,97.192,-258.5308210751042,177.14346106424765
REGIME_HYSTERESIS_ADMISSION_GOVERNOR,MOMENTUM_BREAKOUT,D2,1.0,SOL-USDT,2023-06-30 05:00:00+00:00,2023-07-06 19:00:00+00:00,2023-07-06 20:00:00+00:00,2023-07-07 05:00:00+00:00,20.77,20.223,-478.09778416047743,1016.736958637558
REGIME_HYSTERESIS_ADMISSION_GOVERNOR,MOMENTUM_BREAKOUT,D2,1.0,ETH-USDT,2023-06-30 19:00:00+00:00,2023-07-06 19:00:00+00:00,2023-07-06 20:00:00+00:00,2023-07-07 19:00:00+00:00,1893.6,1867.03,-121.74393737523373,-293.4475245990655
REGIME_HYSTERESIS_ADMISSION_GOVERNOR,MOMENTUM_BREAKOUT,D2,1.0,XRP-USDT,2023-07-02 04:00:00+00:00,2023-07-06 19:00:00+00:00,2023-07-06 20:00:00+00:00,2023-07-09 04:00:00+00:00,0.46895,0.47064,37.330324403211705,-454.4518876330333
REGIME_HYSTERESIS_ADMISSION_GOVERNOR,MOMENTUM_BREAKOUT,D2,1.0,SOL-USDT,2023-07-13 17:00:00+00:00,2023-07-19 03:00:00+00:00,2023-07-19 04:00:00+00:00,2023-07-20 17:00:00+00:00,26.239,25.687,-379.4040856429812,1019.6681187095387
REGIME_HYSTERESIS_ADMISSION_GOVERNOR,MOMENTUM_BREAKOUT,D2,1.0,LTC-USDT,2023-07-20 10:00:00+00:00,2023-07-22 01:00:00+00:00,2023-07-22 02:00:00+00:00,2023-07-23 10:00:00+00:00,95.404,92.895,-492.3931674698453,-399.63775945754946
REGIME_HYSTERESIS_ADMISSION_GOVERNOR,MOMENTUM_BREAKOUT,D2,1.0,BTC-USDT,2023-07-20 11:00:00+00:00,2023-07-22 01:00:00+00:00,2023-07-22 02:00:00+00:00,2023-07-23 11:00:00+00:00,29985.6,29902.6,-70.51915149593128,-291.6087364845394
REGIME_HYSTERESIS_ADMISSION_GOVERNOR,MOMENTUM_BREAKOUT,D2,1.0,XRP-USDT,2023-10-04 00:00:00+00:00,2023-10-05 00:00:00+00:00,2023-10-05 01:00:00+00:00,2023-10-07 00:00:00+00:00,0.53271,0.5264,-224.36510597300457,-91.05615364770888
REGIME_HYSTERESIS_ADMISSION_GOVERNOR,MOMENTUM_BREAKOUT,D2,1.0,SOL-USDT,2023-10-01 12:00:00+00:00,2023-10-05 00:00:00+00:00,2023-10-05 01:00:00+00:00,2023-10-08 12:00:00+00:00,23.129,23.169,8.218172549452614,13.529135151621453
REGIME_HYSTERESIS_ADMISSION_GOVERNOR,MOMENTUM_BREAKOUT,D2,1.0,XMR-USDT,2023-10-29 16:00:00+00:00,2023-11-05 04:00:00+00:00,2023-11-05 05:00:00+00:00,2023-11-05 16:00:00+00:00,169.4,168.51,-125.02183156812842,511.71046187819474
REGIME_HYSTERESIS_ADMISSION_GOVERNOR,MOMENTUM_BREAKOUT,D2,1.0,ETH-USDT,2023-10-30 10:00:00+00:00,2023-11-05 04:00:00+00:00,2023-11-05 05:00:00+00:00,2023-11-06 10:00:00+00:00,1888.64,1885.16,-59.79469928337982,629.7601660953235
REGIME_HYSTERESIS_ADMISSION_GOVERNOR,MOMENTUM_BREAKOUT,D2,1.0,SOL-USDT,2023-10-30 10:00:00+00:00,2023-11-05 04:00:00+00:00,2023-11-05 05:00:00+00:00,2023-11-06 10:00:00+00:00,42.525,40.197,-1309.258842696006,3445.9160777679876
REGIME_HYSTERESIS_ADMISSION_GOVERNOR,MOMENTUM_BREAKOUT,D2,1.0,XRP-USDT,2023-10-30 13:00:00+00:00,2023-11-05 04:00:00+00:00,2023-11-05 05:00:00+00:00,2023-11-06 13:00:00+00:00,0.62488,0.70238,2563.6154162939088,4623.5118675547565
REGIME_HYSTERESIS_ADMISSION_GOVERNOR,MOMENTUM_BREAKOUT,D2,1.0,SHIB-USDT,2023-11-11 04:00:00+00:00,2023-11-13 21:00:00+00:00,2023-11-13 22:00:00+00:00,2023-11-14 04:00:00+00:00,8.768e-06,8.531e-06,-605.1532065298986,-707.7749193673569
REGIME_HYSTERESIS_ADMISSION_GOVERNOR,MOMENTUM_BREAKOUT,D2,1.0,SOL-USDT,2023-11-07 19:00:00+00:00,2023-11-13 21:00:00+00:00,2023-11-13 22:00:00+00:00,2023-11-14 19:00:00+00:00,53.475,53.723,84.13441109127415,4918.398567587737
REGIME_HYSTERESIS_ADMISSION_GOVERNOR,MOMENTUM_BREAKOUT,D2,1.0,BTC-USDT,2023-11-07 22:00:00+00:00,2023-11-13 21:00:00+00:00,2023-11-13 22:00:00+00:00,2023-11-14 22:00:00+00:00,36779.1,35288.7,-870.1821974887096,-237.90787050743438
REGIME_HYSTERESIS_ADMISSION_GOVERNOR,MOMENTUM_BREAKOUT,D2,1.0,ETH-USDT,2023-11-09 04:00:00+00:00,2023-11-13 21:00:00+00:00,2023-11-13 22:00:00+00:00,2023-11-16 04:00:00+00:00,2085.86,2055.66,-347.2371875448335,1408.2858579411923
REGIME_HYSTERESIS_ADMISSION_GOVERNOR,MOMENTUM_BREAKOUT,D2,1.0,SOL-USDT,2023-12-06 10:00:00+00:00,2023-12-11 22:00:00+00:00,2023-12-11 23:00:00+00:00,2023-12-13 10:00:00+00:00,69.371,66.35,-504.9439881744135,33.60775741036961
REGIME_HYSTERESIS_ADMISSION_GOVERNOR,MOMENTUM_BREAKOUT,D2,2.0,AVAX-USDT,2022-01-01 19:00:00+00:00,2022-01-04 14:00:00+00:00,2022-01-04 15:00:00+00:00,2022-01-04 19:00:00+00:00,107.643,107.591,-25.44501061384169,-514.7073926945066
REGIME_HYSTERESIS_ADMISSION_GOVERNOR,MOMENTUM_BREAKOUT,D2,2.0,ETH-USDT,2022-01-02 18:00:00+00:00,2022-01-04 14:00:00+00:00,2022-01-04 15:00:00+00:00,2022-01-05 18:00:00+00:00,3866.54,3792.5,-196.07541249707776,-154.44763139331246
REGIME_HYSTERESIS_ADMISSION_GOVERNOR,MOMENTUM_BREAKOUT,D2,2.0,ATOM-USDT,2022-02-25 23:00:00+00:00,2022-02-26 13:00:00+00:00,2022-02-26 14:00:00+00:00,2022-03-04 23:00:00+00:00,28.6787,30.9364,651.9090069785145,1025.9480109090068
REGIME_HYSTERESIS_ADMISSION_GOVERNOR,MOMENTUM_BREAKOUT,D2,2.0,ETH-USDT,2022-02-26 00:00:00+00:00,2022-02-26 13:00:00+00:00,2022-02-26 14:00:00+00:00,2022-03-05 00:00:00+00:00,2762.48,2612.38,-458.81892046199437,-565.5915110545602
REGIME_HYSTERESIS_ADMISSION_GOVERNOR,MOMENTUM_BREAKOUT,D2,2.0,SOL-USDT,2022-02-26 00:00:00+00:00,2022-02-26 13:00:00+00:00,2022-02-26 14:00:00+00:00,2022-03-05 00:00:00+00:00,90.748,88.444,-217.9455833711259,-582.4240566079374
REGIME_HYSTERESIS_ADMISSION_GOVERNOR,MOMENTUM_BREAKOUT,D2,2.0,XRP-USDT,2022-03-27 23:00:00+00:00,2022-04-01 15:00:00+00:00,2022-04-01 16:00:00+00:00,2022-04-03 23:00:00+00:00,0.82803,0.84535,274.9709387651544,-204.95351408745512
REGIME_HYSTERESIS_ADMISSION_GOVERNOR,MOMENTUM_BREAKOUT,D2,2.0,AVAX-USDT,2022-03-30 17:00:00+00:00,2022-04-01 15:00:00+00:00,2022-04-01 16:00:00+00:00,2022-04-06 17:00:00+00:00,96.689,85.139,-2145.444135793668,-2262.3056017843974
REGIME_HYSTERESIS_ADMISSION_GOVERNOR,MOMENTUM_BREAKOUT,D2,2.0,SOL-USDT,2022-03-31 12:00:00+00:00,2022-04-01 15:00:00+00:00,2022-04-01 16:00:00+00:00,2022-04-07 12:00:00+00:00,132.627,115.228,-2509.97770940641,-1671.8571514489367
REGIME_HYSTERESIS_ADMISSION_GOVERNOR,MOMENTUM_BREAKOUT,D2,2.0,XRP-USDT,2022-04-15 03:00:00+00:00,2022-04-17 15:00:00+00:00,2022-04-17 16:00:00+00:00,2022-04-22 03:00:00+00:00,0.77955,0.73261,-538.1650967482976,-137.65456454483189
REGIME_HYSTERESIS_ADMISSION_GOVERNOR,MOMENTUM_BREAKOUT,D2,2.0,ETH-USDT,2022-07-22 11:00:00+00:00,2022-07-23 23:00:00+00:00,2022-07-24 00:00:00+00:00,2022-07-25 11:00:00+00:00,1541.76,1535.4,-102.17104350494438,-1034.3366762030896
REGIME_HYSTERESIS_ADMISSION_GOVERNOR,MOMENTUM_BREAKOUT,D2,2.0,ETH-USDT,2022-08-23 20:00:00+00:00,2022-08-26 09:00:00+00:00,2022-08-26 10:00:00+00:00,2022-08-26 20:00:00+00:00,1659.36,1559.28,-521.0998324027988,-528.0233934806444
REGIME_HYSTERESIS_ADMISSION_GOVERNOR,MOMENTUM_BREAKOUT,D2,2.0,XRP-USDT,2022-08-24 21:00:00+00:00,2022-08-26 09:00:00+00:00,2022-08-26 10:00:00+00:00,2022-08-27 21:00:00+00:00,0.37011,0.335,-854.3548821508914,-389.10074709967665
REGIME_HYSTERESIS_ADMISSION_GOVERNOR,MOMENTUM_BREAKOUT,D2,2.0,ADA-USDT,2022-08-25 22:00:00+00:00,2022-08-26 09:00:00+00:00,2022-08-26 10:00:00+00:00,2022-08-28 22:00:00+00:00,0.478575,0.44265,-651.6235591081448,-576.4834683347644
REGIME_HYSTERESIS_ADMISSION_GOVERNOR,MOMENTUM_BREAKOUT,D2,2.0,SOL-USDT,2023-01-29 19:00:00+00:00,2023-01-31 08:00:00+00:00,2023-01-31 09:00:00+00:00,2023-02-01 19:00:00+00:00,24.123,22.655,-924.7260381820779,-2269.194043165322
REGIME_HYSTERESIS_ADMISSION_GOVERNOR,MOMENTUM_BREAKOUT,D2,2.0,BTC-USDT,2023-01-29 20:00:00+00:00,2023-01-31 08:00:00+00:00,2023-01-31 09:00:00+00:00,2023-02-01 20:00:00+00:00,22976.2,23075.1,27.696725798988886,-485.9538888247485
REGIME_HYSTERESIS_ADMISSION_GOVERNOR,MOMENTUM_BREAKOUT,D2,2.0,ETH-USDT,2023-01-29 20:00:00+00:00,2023-01-31 08:00:00+00:00,2023-01-31 09:00:00+00:00,2023-02-01 20:00:00+00:00,1579.91,1580.98,-28.14178043279081,-550.8943046792062
REGIME_HYSTERESIS_ADMISSION_GOVERNOR,MOMENTUM_BREAKOUT,D2,2.0,LTC-USDT,2023-01-29 20:00:00+00:00,2023-01-31 08:00:00+00:00,2023-01-31 09:00:00+00:00,2023-02-01 20:00:00+00:00,94.709,94.962,2.559496223659181,-393.99542341897916
REGIME_HYSTERESIS_ADMISSION_GOVERNOR,MOMENTUM_BREAKOUT,D2,2.0,DOGE-USDT,2023-01-28 06:00:00+00:00,2023-01-29 01:00:00+00:00,2023-01-29 02:00:00+00:00,2023-02-04 06:00:00+00:00,0.08867,0.09381,864.8484948634095,477.5819806487908
REGIME_HYSTERESIS_ADMISSION_GOVERNOR,MOMENTUM_BREAKOUT,D2,2.0,BTC-USDT,2023-02-14 16:00:00+00:00,2023-02-19 16:00:00+00:00,2023-02-19 17:00:00+00:00,2023-02-21 16:00:00+00:00,24921.1,24681.7,-204.27855203592813,1576.8748506327215
REGIME_HYSTERESIS_ADMISSION_GOVERNOR,MOMENTUM_BREAKOUT,D2,2.0,ETH-USDT,2023-02-14 16:00:00+00:00,2023-02-19 16:00:00+00:00,2023-02-19 17:00:00+00:00,2023-02-21 16:00:00+00:00,1711.7,1674.77,-398.87346055593446,1086.957627655945
REGIME_HYSTERESIS_ADMISSION_GOVERNOR,MOMENTUM_BREAKOUT,D2,2.0,XRP-USDT,2023-02-15 12:00:00+00:00,2023-02-19 16:00:00+00:00,2023-02-19 17:00:00+00:00,2023-02-22 12:00:00+00:00,0.39622,0.39014,-276.17506255787674,119.4588718543462
REGIME_HYSTERESIS_ADMISSION_GOVERNOR,MOMENTUM_BREAKOUT,D2,2.0,SOL-USDT,2023-02-15 21:00:00+00:00,2023-02-19 16:00:00+00:00,2023-02-19 17:00:00+00:00,2023-02-22 21:00:00+00:00,25.256,23.785,-1023.9475337483219,442.92251927825555
REGIME_HYSTERESIS_ADMISSION_GOVERNOR,MOMENTUM_BREAKOUT,D2,2.0,XRP-USDT,2023-03-19 12:00:00+00:00,2023-03-25 15:00:00+00:00,2023-03-25 16:00:00+00:00,2023-03-26 12:00:00+00:00,0.45966,0.45678,-158.41751153911864,2484.574410951714
REGIME_HYSTERESIS_ADMISSION_GOVERNOR,MOMENTUM_BREAKOUT,D2,2.0,ETH-USDT,2023-03-23 17:00:00+00:00,2023-03-25 15:00:00+00:00,2023-03-25 16:00:00+00:00,2023-03-26 17:00:00+00:00,1748.57,1763.01,43.1114154416439,-357.01132300310775
REGIME_HYSTERESIS_ADMISSION_GOVERNOR,MOMENTUM_BREAKOUT,D2,2.0,BTC-USDT,2023-03-19 18:00:00+00:00,2023-03-25 15:00:00+00:00,2023-03-25 16:00:00+00:00,2023-03-26 18:00:00+00:00,27526.3,27703.1,59.47018984707006,-198.2837816753183
REGIME_HYSTERESIS_ADMISSION_GOVERNOR,MOMENTUM_BREAKOUT,D2,2.0,XRP-USDT,2023-03-27 13:00:00+00:00,2023-03-27 13:00:00+00:00,2023-03-27 14:00:00+00:00,2023-04-03 13:00:00+00:00,0.48132,0.51518,1069.6047737765991,1156.1750794524128
REGIME_HYSTERESIS_ADMISSION_GOVERNOR,MOMENTUM_BREAKOUT,D2,2.0,ETH-USDT,2023-03-29 08:00:00+00:00,2023-04-04 12:00:00+00:00,2023-04-04 13:00:00+00:00,2023-04-05 08:00:00+00:00,1864.58,1912.59,384.70547767975995,873.9671131486202
REGIME_HYSTERESIS_ADMISSION_GOVERNOR,MOMENTUM_BREAKOUT,D2,2.0,SHIB-USDT,2023-04-01 14:00:00+00:00,2023-04-04 12:00:00+00:00,2023-04-04 13:00:00+00:00,2023-04-08 14:00:00+00:00,1.1439e-05,1.0924e-05,-388.3112052037688,-147.50076062392958
REGIME_HYSTERESIS_ADMISSION_GOVERNOR,MOMENTUM_BREAKOUT,D2,2.0,INJ-USDT,2023-06-26 14:00:00+00:00,2023-06-27 08:00:00+00:00,2023-06-27 09:00:00+00:00,2023-07-03 14:00:00+00:00,7.726,8.838,2192.6771074232365,2643.9100406758853
REGIME_HYSTERESIS_ADMISSION_GOVERNOR,MOMENTUM_BREAKOUT,D2,2.0,LTC-USDT,2023-06-30 05:00:00+00:00,2023-07-06 19:00:00+00:00,2023-07-06 20:00:00+00:00,2023-07-07 05:00:00+00:00,98.636,97.192,-267.39579321177473,131.76967586561562
REGIME_HYSTERESIS_ADMISSION_GOVERNOR,MOMENTUM_BREAKOUT,D2,2.0,SOL-USDT,2023-06-30 05:00:00+00:00,2023-07-06 19:00:00+00:00,2023-07-06 20:00:00+00:00,2023-07-07 05:00:00+00:00,20.77,20.223,-479.257779039189,936.8086733188409
REGIME_HYSTERESIS_ADMISSION_GOVERNOR,MOMENTUM_BREAKOUT,D2,2.0,ETH-USDT,2023-06-30 19:00:00+00:00,2023-07-06 19:00:00+00:00,2023-07-06 20:00:00+00:00,2023-07-07 19:00:00+00:00,1893.6,1867.03,-126.25772704861757,-300.7844907856706
REGIME_HYSTERESIS_ADMISSION_GOVERNOR,MOMENTUM_BREAKOUT,D2,2.0,XRP-USDT,2023-07-02 04:00:00+00:00,2023-07-06 19:00:00+00:00,2023-07-06 20:00:00+00:00,2023-07-09 04:00:00+00:00,0.46895,0.47064,16.69164781509067,-474.7967506420294
REGIME_HYSTERESIS_ADMISSION_GOVERNOR,MOMENTUM_BREAKOUT,D2,2.0,SOL-USDT,2023-07-13 17:00:00+00:00,2023-07-19 03:00:00+00:00,2023-07-19 04:00:00+00:00,2023-07-20 17:00:00+00:00,26.239,25.687,-381.7182779548687,933.9164388665854
REGIME_HYSTERESIS_ADMISSION_GOVERNOR,MOMENTUM_BREAKOUT,D2,2.0,LTC-USDT,2023-07-20 10:00:00+00:00,2023-07-22 01:00:00+00:00,2023-07-22 02:00:00+00:00,2023-07-23 10:00:00+00:00,95.404,92.895,-491.48987370256094,-424.07096124629993
REGIME_HYSTERESIS_ADMISSION_GOVERNOR,MOMENTUM_BREAKOUT,D2,2.0,BTC-USDT,2023-07-20 11:00:00+00:00,2023-07-22 01:00:00+00:00,2023-07-22 02:00:00+00:00,2023-07-23 11:00:00+00:00,29985.6,29902.6,-88.31883485409142,-320.82867235713167
REGIME_HYSTERESIS_ADMISSION_GOVERNOR,MOMENTUM_BREAKOUT,D2,2.0,XRP-USDT,2023-10-04 00:00:00+00:00,2023-10-05 00:00:00+00:00,2023-10-05 01:00:00+00:00,2023-10-07 00:00:00+00:00,0.53271,0.5264,-234.04307159569933,-127.23444992717847
REGIME_HYSTERESIS_ADMISSION_GOVERNOR,MOMENTUM_BREAKOUT,D2,2.0,SOL-USDT,2023-10-01 12:00:00+00:00,2023-10-05 00:00:00+00:00,2023-10-05 01:00:00+00:00,2023-10-08 12:00:00+00:00,23.129,23.169,-12.72905856656197,-28.1640852256633
REGIME_HYSTERESIS_ADMISSION_GOVERNOR,MOMENTUM_BREAKOUT,D2,2.0,XMR-USDT,2023-10-29 16:00:00+00:00,2023-11-05 04:00:00+00:00,2023-11-05 05:00:00+00:00,2023-11-05 16:00:00+00:00,169.4,168.51,-141.26720464298535,440.59983618130764
REGIME_HYSTERESIS_ADMISSION_GOVERNOR,MOMENTUM_BREAKOUT,D2,2.0,ETH-USDT,2023-10-30 10:00:00+00:00,2023-11-05 04:00:00+00:00,2023-11-05 05:00:00+00:00,2023-11-06 10:00:00+00:00,1888.64,1885.16,-79.57097460517406,552.0353516486307
REGIME_HYSTERESIS_ADMISSION_GOVERNOR,MOMENTUM_BREAKOUT,D2,2.0,SOL-USDT,2023-10-30 10:00:00+00:00,2023-11-05 04:00:00+00:00,2023-11-05 05:00:00+00:00,2023-11-06 10:00:00+00:00,42.525,40.197,-1267.0997905840318,3217.663370611082
REGIME_HYSTERESIS_ADMISSION_GOVERNOR,MOMENTUM_BREAKOUT,D2,2.0,XRP-USDT,2023-10-30 13:00:00+00:00,2023-11-05 04:00:00+00:00,2023-11-05 05:00:00+00:00,2023-11-06 13:00:00+00:00,0.62488,0.70238,2401.364481735288,4330.960101457014
REGIME_HYSTERESIS_ADMISSION_GOVERNOR,MOMENTUM_BREAKOUT,D2,2.0,SHIB-USDT,2023-11-11 04:00:00+00:00,2023-11-13 21:00:00+00:00,2023-11-13 22:00:00+00:00,2023-11-14 04:00:00+00:00,8.768e-06,8.531e-06,-596.4436242577553,-718.8077588411861
REGIME_HYSTERESIS_ADMISSION_GOVERNOR,MOMENTUM_BREAKOUT,D2,2.0,SOL-USDT,2023-11-07 19:00:00+00:00,2023-11-13 21:00:00+00:00,2023-11-13 22:00:00+00:00,2023-11-14 19:00:00+00:00,53.475,53.723,50.02723772831104,4598.724979211671
REGIME_HYSTERESIS_ADMISSION_GOVERNOR,MOMENTUM_BREAKOUT,D2,2.0,BTC-USDT,2023-11-07 22:00:00+00:00,2023-11-13 21:00:00+00:00,2023-11-13 22:00:00+00:00,2023-11-14 22:00:00+00:00,36779.1,35288.7,-846.5105575306853,-272.49840242178925
REGIME_HYSTERESIS_ADMISSION_GOVERNOR,MOMENTUM_BREAKOUT,D2,2.0,ETH-USDT,2023-11-09 04:00:00+00:00,2023-11-13 21:00:00+00:00,2023-11-13 22:00:00+00:00,2023-11-16 04:00:00+00:00,2085.86,2055.66,-354.0210544482318,1281.6428912349047
REGIME_HYSTERESIS_ADMISSION_GOVERNOR,MOMENTUM_BREAKOUT,D2,2.0,SOL-USDT,2023-12-06 10:00:00+00:00,2023-12-11 22:00:00+00:00,2023-12-11 23:00:00+00:00,2023-12-13 10:00:00+00:00,69.371,66.35,-487.6922298022636,6.301836759603123
REGIME_HYSTERESIS_ADMISSION_GOVERNOR,RELATIVE_STRENGTH_ROTATION,D2,1.0,SOL-USDT,2022-04-03 19:00:00+00:00,2022-04-05 10:00:00+00:00,2022-04-05 11:00:00+00:00,2022-04-06 19:00:00+00:00,131.972,117.505,-2020.4839801520325,-2577.772561374213
REGIME_HYSTERESIS_ADMISSION_GOVERNOR,RELATIVE_STRENGTH_ROTATION,D2,1.0,ATOM-USDT,2022-04-03 20:00:00+00:00,2022-04-05 10:00:00+00:00,2022-04-05 11:00:00+00:00,2022-04-06 20:00:00+00:00,30.4943,27.4917,-1786.6162114189747,-2656.4126048390535
REGIME_HYSTERESIS_ADMISSION_GOVERNOR,RELATIVE_STRENGTH_ROTATION,D2,1.0,BTC-USDT,2022-07-21 11:00:00+00:00,2022-07-21 16:00:00+00:00,2022-07-21 17:00:00+00:00,2022-07-24 11:00:00+00:00,22638.0,22618.4,-37.04120063801228,-343.87295677839967
REGIME_HYSTERESIS_ADMISSION_GOVERNOR,RELATIVE_STRENGTH_ROTATION,D2,1.0,ETH-USDT,2022-07-21 03:00:00+00:00,2022-07-21 16:00:00+00:00,2022-07-21 17:00:00+00:00,2022-07-28 03:00:00+00:00,1510.72,1615.47,1197.1593203196912,942.0275291224511
REGIME_HYSTERESIS_ADMISSION_GOVERNOR,RELATIVE_STRENGTH_ROTATION,D2,1.0,ADA-USDT,2022-07-21 09:00:00+00:00,2022-07-21 16:00:00+00:00,2022-07-21 17:00:00+00:00,2022-07-28 09:00:00+00:00,0.4826,0.500097,610.6899975496816,312.80740492513934
REGIME_HYSTERESIS_ADMISSION_GOVERNOR,RELATIVE_STRENGTH_ROTATION,D2,1.0,LUNC-USDT,2022-10-30 12:00:00+00:00,2022-11-01 16:00:00+00:00,2022-11-01 17:00:00+00:00,2022-11-02 12:00:00+00:00,0.00023691,0.00022006,-1146.6217146568572,-2270.58896168924
REGIME_HYSTERESIS_ADMISSION_GOVERNOR,RELATIVE_STRENGTH_ROTATION,D2,1.0,DOGE-USDT,2023-01-28 06:00:00+00:00,2023-01-29 01:00:00+00:00,2023-01-29 02:00:00+00:00,2023-02-04 06:00:00+00:00,0.08867,0.09381,863.9389730557934,505.59970834862406
REGIME_HYSTERESIS_ADMISSION_GOVERNOR,RELATIVE_STRENGTH_ROTATION,D2,1.0,BTC-USDT,2023-01-30 11:00:00+00:00,2023-01-30 18:00:00+00:00,2023-01-30 19:00:00+00:00,2023-02-06 11:00:00+00:00,23112.3,22836.0,-202.82402938893114,-272.0083008218957
REGIME_HYSTERESIS_ADMISSION_GOVERNOR,RELATIVE_STRENGTH_ROTATION,D2,1.0,SOL-USDT,2023-01-30 12:00:00+00:00,2023-01-30 18:00:00+00:00,2023-01-30 19:00:00+00:00,2023-02-06 12:00:00+00:00,24.261,23.256,-660.7553077604721,-628.950623841936
REGIME_HYSTERESIS_ADMISSION_GOVERNOR,RELATIVE_STRENGTH_ROTATION,D2,1.0,SHIB-USDT,2023-02-02 18:00:00+00:00,2023-02-07 10:00:00+00:00,2023-02-07 11:00:00+00:00,2023-02-09 18:00:00+00:00,1.4111e-05,1.2981e-05,-1440.22317444727,422.19046046807256
REGIME_HYSTERESIS_ADMISSION_GOVERNOR,RELATIVE_STRENGTH_ROTATION,D2,1.0,DOGE-USDT,2023-02-28 02:00:00+00:00,2023-03-01 20:00:00+00:00,2023-03-01 21:00:00+00:00,2023-03-03 02:00:00+00:00,0.08113,0.08035,-159.04814987634217,-457.72041065357655
REGIME_HYSTERESIS_ADMISSION_GOVERNOR,RELATIVE_STRENGTH_ROTATION,D2,1.0,ETH-USDT,2023-02-28 03:00:00+00:00,2023-03-01 20:00:00+00:00,2023-03-01 21:00:00+00:00,2023-03-03 03:00:00+00:00,1634.68,1553.1,-808.6721222447242,-803.6388214549677
REGIME_HYSTERESIS_ADMISSION_GOVERNOR,RELATIVE_STRENGTH_ROTATION,D2,1.0,BTC-USDT,2023-02-28 12:00:00+00:00,2023-03-01 20:00:00+00:00,2023-03-01 21:00:00+00:00,2023-03-03 12:00:00+00:00,23355.0,22352.1,-696.1556043877164,-719.9280079589817
REGIME_HYSTERESIS_ADMISSION_GOVERNOR,RELATIVE_STRENGTH_ROTATION,D2,1.0,OP-USDT,2023-03-19 02:00:00+00:00,2023-03-21 03:00:00+00:00,2023-03-21 04:00:00+00:00,2023-03-22 02:00:00+00:00,2.5,2.575,413.3363528102664,-613.6164401754472
REGIME_HYSTERESIS_ADMISSION_GOVERNOR,RELATIVE_STRENGTH_ROTATION,D2,1.0,BTC-USDT,2023-03-19 21:00:00+00:00,2023-03-21 03:00:00+00:00,2023-03-21 04:00:00+00:00,2023-03-22 21:00:00+00:00,27783.2,26667.2,-634.9742103011828,-910.6622240490188
REGIME_HYSTERESIS_ADMISSION_GOVERNOR,RELATIVE_STRENGTH_ROTATION,D2,1.0,SOL-USDT,2023-03-19 03:00:00+00:00,2023-03-21 03:00:00+00:00,2023-03-21 04:00:00+00:00,2023-03-26 03:00:00+00:00,22.135,20.671,-1061.7434147774477,-710.4170743958083
REGIME_HYSTERESIS_ADMISSION_GOVERNOR,RELATIVE_STRENGTH_ROTATION,D2,1.0,XRP-USDT,2023-03-21 14:00:00+00:00,2023-03-24 15:00:00+00:00,2023-03-24 16:00:00+00:00,2023-03-28 14:00:00+00:00,0.42415,0.49794,2872.3272873437018,3965.4431312652237
REGIME_HYSTERESIS_ADMISSION_GOVERNOR,RELATIVE_STRENGTH_ROTATION,D2,1.0,BTC-USDT,2023-03-26 14:00:00+00:00,2023-04-01 09:00:00+00:00,2023-04-01 10:00:00+00:00,2023-04-02 14:00:00+00:00,28438.0,28264.7,-115.15513201634921,154.202937584625
REGIME_HYSTERESIS_ADMISSION_GOVERNOR,RELATIVE_STRENGTH_ROTATION,D2,1.0,OP-USDT,2023-03-31 01:00:00+00:00,2023-04-01 09:00:00+00:00,2023-04-01 10:00:00+00:00,2023-04-03 01:00:00+00:00,2.261,2.202,-421.9519902731978,-714.9234330965853
REGIME_HYSTERESIS_ADMISSION_GOVERNOR,RELATIVE_STRENGTH_ROTATION,D2,1.0,XRP-USDT,2023-03-31 07:00:00+00:00,2023-04-01 09:00:00+00:00,2023-04-01 10:00:00+00:00,2023-04-03 07:00:00+00:00,0.50148,0.50919,204.3574186910741,-1023.7534541297387
REGIME_HYSTERESIS_ADMISSION_GOVERNOR,RELATIVE_STRENGTH_ROTATION,D2,1.0,SHIB-USDT,2023-04-01 11:00:00+00:00,2023-04-04 16:00:00+00:00,2023-04-04 17:00:00+00:00,2023-04-08 11:00:00+00:00,1.1203e-05,1.0986e-05,-330.37682461754287,164.25233330345492
REGIME_HYSTERESIS_ADMISSION_GOVERNOR,RELATIVE_STRENGTH_ROTATION,D2,1.0,ETH-USDT,2023-04-01 12:00:00+00:00,2023-04-04 16:00:00+00:00,2023-04-04 17:00:00+00:00,2023-04-08 12:00:00+00:00,1862.86,1868.74,30.1405052312462,313.56018273663307
REGIME_HYSTERESIS_ADMISSION_GOVERNOR,RELATIVE_STRENGTH_ROTATION,D2,1.0,OP-USDT,2023-04-06 22:00:00+00:00,2023-04-07 14:00:00+00:00,2023-04-07 15:00:00+00:00,2023-04-13 22:00:00+00:00,2.245,2.436,754.4263205723751,775.3134795502076
REGIME_HYSTERESIS_ADMISSION_GOVERNOR,RELATIVE_STRENGTH_ROTATION,D2,1.0,ETH-USDT,2023-04-14 16:00:00+00:00,2023-04-17 01:00:00+00:00,2023-04-17 02:00:00+00:00,2023-04-17 16:00:00+00:00,2081.61,2078.22,-45.47976893850365,-159.31619398312617
REGIME_HYSTERESIS_ADMISSION_GOVERNOR,RELATIVE_STRENGTH_ROTATION,D2,1.0,SOL-USDT,2023-04-11 06:00:00+00:00,2023-04-17 01:00:00+00:00,2023-04-17 02:00:00+00:00,2023-04-18 06:00:00+00:00,24.838,24.537,-230.8229468231921,1441.5122993440364
REGIME_HYSTERESIS_ADMISSION_GOVERNOR,RELATIVE_STRENGTH_ROTATION,D2,1.0,DOGE-USDT,2023-04-16 10:00:00+00:00,2023-04-17 01:00:00+00:00,2023-04-17 02:00:00+00:00,2023-04-19 10:00:00+00:00,0.08849,0.08687,-304.8581894478576,-610.4306474341973
REGIME_HYSTERESIS_ADMISSION_GOVERNOR,RELATIVE_STRENGTH_ROTATION,D2,1.0,ETH-USDT,2023-05-05 12:00:00+00:00,2023-05-06 22:00:00+00:00,2023-05-06 23:00:00+00:00,2023-05-08 12:00:00+00:00,1895.68,1856.98,-340.13753680376294,-434.17255836599287
REGIME_HYSTERESIS_ADMISSION_GOVERNOR,RELATIVE_STRENGTH_ROTATION,D2,1.0,SOL-USDT,2023-05-06 12:00:00+00:00,2023-05-06 22:00:00+00:00,2023-05-06 23:00:00+00:00,2023-05-09 12:00:00+00:00,21.99,20.688,-933.9773349170541,-1324.4507395411842
REGIME_HYSTERESIS_ADMISSION_GOVERNOR,RELATIVE_STRENGTH_ROTATION,D2,1.0,BTC-USDT,2023-05-04 21:00:00+00:00,2023-05-06 22:00:00+00:00,2023-05-06 23:00:00+00:00,2023-05-11 21:00:00+00:00,28806.7,26840.7,-1091.7223811719514,-1159.653002848399
REGIME_HYSTERESIS_ADMISSION_GOVERNOR,RELATIVE_STRENGTH_ROTATION,D2,1.0,INJ-USDT,2023-07-03 18:00:00+00:00,2023-07-06 01:00:00+00:00,2023-07-06 02:00:00+00:00,2023-07-06 18:00:00+00:00,8.237,8.013,-426.9109174932506,-1337.055084535567
REGIME_HYSTERESIS_ADMISSION_GOVERNOR,RELATIVE_STRENGTH_ROTATION,D2,1.0,XRP-USDT,2023-07-04 09:00:00+00:00,2023-07-06 01:00:00+00:00,2023-07-06 02:00:00+00:00,2023-07-07 09:00:00+00:00,0.47548,0.46305,-424.66102704191593,-835.3014114529615
REGIME_HYSTERESIS_ADMISSION_GOVERNOR,RELATIVE_STRENGTH_ROTATION,D2,1.0,LTC-USDT,2023-06-30 12:00:00+00:00,2023-07-06 01:00:00+00:00,2023-07-06 02:00:00+00:00,2023-07-07 12:00:00+00:00,101.818,96.308,-866.0512647670092,-628.7398345675912
REGIME_HYSTERESIS_ADMISSION_GOVERNOR,RELATIVE_STRENGTH_ROTATION,D2,1.0,SOL-USDT,2023-06-30 13:00:00+00:00,2023-07-06 01:00:00+00:00,2023-07-06 02:00:00+00:00,2023-07-07 13:00:00+00:00,19.294,20.166,691.8744794771959,1014.9424015487563
REGIME_HYSTERESIS_ADMISSION_GOVERNOR,RELATIVE_STRENGTH_ROTATION,D2,1.0,INJ-USDT,2023-07-10 02:00:00+00:00,2023-07-10 02:00:00+00:00,2023-07-10 03:00:00+00:00,2023-07-13 02:00:00+00:00,8.033,7.886,-293.69293638728783,-606.8209184670056
REGIME_HYSTERESIS_ADMISSION_GOVERNOR,RELATIVE_STRENGTH_ROTATION,D2,1.0,SOL-USDT,2023-07-10 00:00:00+00:00,2023-07-10 02:00:00+00:00,2023-07-10 03:00:00+00:00,2023-07-17 00:00:00+00:00,20.912,27.62,4801.743924276765,4436.4105016907515
REGIME_HYSTERESIS_ADMISSION_GOVERNOR,RELATIVE_STRENGTH_ROTATION,D2,1.0,XRP-USDT,2023-07-11 00:00:00+00:00,2023-07-17 19:00:00+00:00,2023-07-17 20:00:00+00:00,2023-07-18 00:00:00+00:00,0.72636,0.73783,338.9528782981337,8332.382880049663
REGIME_HYSTERESIS_ADMISSION_GOVERNOR,RELATIVE_STRENGTH_ROTATION,D2,1.0,BTC-USDT,2023-07-11 18:00:00+00:00,2023-07-17 19:00:00+00:00,2023-07-17 20:00:00+00:00,2023-07-18 18:00:00+00:00,29799.9,29700.0,-69.0078267355812,-515.1145316782901
REGIME_HYSTERESIS_ADMISSION_GOVERNOR,RELATIVE_STRENGTH_ROTATION,D2,1.0,ETH-USDT,2023-07-11 22:00:00+00:00,2023-07-17 19:00:00+00:00,2023-07-17 20:00:00+00:00,2023-07-18 22:00:00+00:00,1883.52,1894.51,70.76167867907031,128.84738065370618
REGIME_HYSTERESIS_ADMISSION_GOVERNOR,RELATIVE_STRENGTH_ROTATION,D2,1.0,LTC-USDT,2023-07-21 20:00:00+00:00,2023-07-24 06:00:00+00:00,2023-07-24 07:00:00+00:00,2023-07-24 20:00:00+00:00,92.48,89.299,-608.2458457109443,-999.707072324938
REGIME_HYSTERESIS_ADMISSION_GOVERNOR,RELATIVE_STRENGTH_ROTATION,D2,1.0,BTC-USDT,2023-07-23 19:00:00+00:00,2023-07-24 06:00:00+00:00,2023-07-24 07:00:00+00:00,2023-07-26 19:00:00+00:00,29799.3,29266.6,-328.90639473242317,-535.5400595784487
REGIME_HYSTERESIS_ADMISSION_GOVERNOR,RELATIVE_STRENGTH_ROTATION,D2,1.0,SOL-USDT,2023-08-14 18:00:00+00:00,2023-08-14 20:00:00+00:00,2023-08-14 21:00:00+00:00,2023-08-17 18:00:00+00:00,24.827,23.047,-1233.6754498487624,-1499.3162790969643
REGIME_HYSTERESIS_ADMISSION_GOVERNOR,RELATIVE_STRENGTH_ROTATION,D2,1.0,XMR-USDT,2023-08-14 19:00:00+00:00,2023-08-14 20:00:00+00:00,2023-08-14 21:00:00+00:00,2023-08-17 19:00:00+00:00,159.09,149.87,-1013.1933486939607,-1027.062732404078
REGIME_HYSTERESIS_ADMISSION_GOVERNOR,RELATIVE_STRENGTH_ROTATION,D2,1.0,LTC-USDT,2023-09-24 19:00:00+00:00,2023-09-26 03:00:00+00:00,2023-09-26 04:00:00+00:00,2023-09-27 19:00:00+00:00,64.655,63.592,-72.00358739201354,-93.1250083804747
REGIME_HYSTERESIS_ADMISSION_GOVERNOR,RELATIVE_STRENGTH_ROTATION,D2,1.0,XRP-USDT,2023-10-04 12:00:00+00:00,2023-10-05 07:00:00+00:00,2023-10-05 08:00:00+00:00,2023-10-07 12:00:00+00:00,0.52317,0.52265,-36.6639129597922,-415.02541715776806
REGIME_HYSTERESIS_ADMISSION_GOVERNOR,RELATIVE_STRENGTH_ROTATION,D2,1.0,SOL-USDT,2023-10-04 13:00:00+00:00,2023-10-05 07:00:00+00:00,2023-10-05 08:00:00+00:00,2023-10-07 13:00:00+00:00,23.034,23.475,291.3277902341297,-122.31122929911405
REGIME_HYSTERESIS_ADMISSION_GOVERNOR,RELATIVE_STRENGTH_ROTATION,D2,1.0,BTC-USDT,2023-10-26 23:00:00+00:00,2023-10-28 02:00:00+00:00,2023-10-28 03:00:00+00:00,2023-11-02 23:00:00+00:00,33914.4,34920.0,488.89803237175965,364.66205155402395
REGIME_HYSTERESIS_ADMISSION_GOVERNOR,RELATIVE_STRENGTH_ROTATION,D2,1.0,SOL-USDT,2023-10-28 04:00:00+00:00,2023-10-28 05:00:00+00:00,2023-10-28 06:00:00+00:00,2023-11-04 04:00:00+00:00,32.225,40.403,4358.6536685455085,4268.858121699055
REGIME_HYSTERESIS_ADMISSION_GOVERNOR,RELATIVE_STRENGTH_ROTATION,D2,1.0,XMR-USDT,2023-10-28 10:00:00+00:00,2023-10-29 10:00:00+00:00,2023-10-29 11:00:00+00:00,2023-11-04 10:00:00+00:00,161.6,170.71,950.7238965122399,861.7292396170802
REGIME_HYSTERESIS_ADMISSION_GOVERNOR,RELATIVE_STRENGTH_ROTATION,D2,1.0,XRP-USDT,2023-11-04 02:00:00+00:00,2023-11-05 01:00:00+00:00,2023-11-05 02:00:00+00:00,2023-11-11 02:00:00+00:00,0.62279,0.66361,1194.0888257378977,1518.5417068114052
REGIME_HYSTERESIS_ADMISSION_GOVERNOR,RELATIVE_STRENGTH_ROTATION,D2,1.0,SHIB-USDT,2023-11-04 16:00:00+00:00,2023-11-05 01:00:00+00:00,2023-11-05 02:00:00+00:00,2023-11-11 16:00:00+00:00,7.944e-06,9.28e-06,3101.2594482064715,3340.5978113906926
REGIME_HYSTERESIS_ADMISSION_GOVERNOR,RELATIVE_STRENGTH_ROTATION,D2,1.0,ETH-USDT,2023-11-04 20:00:00+00:00,2023-11-05 01:00:00+00:00,2023-11-05 02:00:00+00:00,2023-11-11 20:00:00+00:00,1850.9,2076.73,2228.3298212969194,2313.175846166651
REGIME_HYSTERESIS_ADMISSION_GOVERNOR,RELATIVE_STRENGTH_ROTATION,D2,1.0,SOL-USDT,2023-11-08 21:00:00+00:00,2023-11-13 18:00:00+00:00,2023-11-13 19:00:00+00:00,2023-11-15 21:00:00+00:00,53.632,65.354,5152.575771184979,9793.814511474604
REGIME_HYSTERESIS_ADMISSION_GOVERNOR,RELATIVE_STRENGTH_ROTATION,D2,1.0,SHIB-USDT,2023-11-17 23:00:00+00:00,2023-11-18 22:00:00+00:00,2023-11-18 23:00:00+00:00,2023-11-20 23:00:00+00:00,8.544e-06,8.455e-06,-248.6082954163124,-372.7735558085951
REGIME_HYSTERESIS_ADMISSION_GOVERNOR,RELATIVE_STRENGTH_ROTATION,D2,1.0,SOL-USDT,2023-11-17 19:00:00+00:00,2023-11-18 22:00:00+00:00,2023-11-18 23:00:00+00:00,2023-11-24 19:00:00+00:00,58.406,57.609,-324.2722683738819,44.14560882839489
REGIME_HYSTERESIS_ADMISSION_GOVERNOR,RELATIVE_STRENGTH_ROTATION,D2,1.0,BTC-USDT,2023-11-19 22:00:00+00:00,2023-11-22 01:00:00+00:00,2023-11-22 02:00:00+00:00,2023-11-26 22:00:00+00:00,36108.9,37588.4,839.283220707088,340.087008129454
REGIME_HYSTERESIS_ADMISSION_GOVERNOR,RELATIVE_STRENGTH_ROTATION,D2,1.0,SOL-USDT,2023-11-24 19:00:00+00:00,2023-11-27 06:00:00+00:00,2023-11-27 07:00:00+00:00,2023-11-27 19:00:00+00:00,56.872,54.456,-924.204811066679,-1225.1995855525317
REGIME_HYSTERESIS_ADMISSION_GOVERNOR,RELATIVE_STRENGTH_ROTATION,D2,1.0,ETH-USDT,2023-11-24 21:00:00+00:00,2023-11-27 06:00:00+00:00,2023-11-27 07:00:00+00:00,2023-11-27 21:00:00+00:00,2047.43,1994.67,-566.1194606504706,-1002.4842379999145
REGIME_HYSTERESIS_ADMISSION_GOVERNOR,RELATIVE_STRENGTH_ROTATION,D2,1.0,SHIB-USDT,2023-11-25 19:00:00+00:00,2023-11-27 06:00:00+00:00,2023-11-27 07:00:00+00:00,2023-11-28 19:00:00+00:00,8.359e-06,8.326e-06,-109.02094995252952,-628.1466534427076
REGIME_HYSTERESIS_ADMISSION_GOVERNOR,RELATIVE_STRENGTH_ROTATION,D2,1.0,LINK-USDT,2023-11-26 02:00:00+00:00,2023-11-27 06:00:00+00:00,2023-11-27 07:00:00+00:00,2023-11-29 02:00:00+00:00,14.6547,14.5881,-117.69132696098275,-407.9921261057086
REGIME_HYSTERESIS_ADMISSION_GOVERNOR,RELATIVE_STRENGTH_ROTATION,D2,1.0,SOL-USDT,2023-12-14 21:00:00+00:00,2023-12-16 21:00:00+00:00,2023-12-16 22:00:00+00:00,2023-12-21 21:00:00+00:00,73.527,92.888,5777.132650616305,5824.383381695494
REGIME_HYSTERESIS_ADMISSION_GOVERNOR,RELATIVE_STRENGTH_ROTATION,D2,1.0,AVAX-USDT,2023-12-14 22:00:00+00:00,2023-12-16 21:00:00+00:00,2023-12-16 22:00:00+00:00,2023-12-21 22:00:00+00:00,42.937,46.234,1837.2115008834319,4179.97545101716
REGIME_HYSTERESIS_ADMISSION_GOVERNOR,RELATIVE_STRENGTH_ROTATION,D2,1.0,BTC-USDT,2023-12-19 04:00:00+00:00,2023-12-19 20:00:00+00:00,2023-12-19 21:00:00+00:00,2023-12-26 04:00:00+00:00,42342.3,43409.8,525.3837260799517,116.81846808603079
REGIME_HYSTERESIS_ADMISSION_GOVERNOR,RELATIVE_STRENGTH_ROTATION,D2,2.0,SOL-USDT,2022-04-03 19:00:00+00:00,2022-04-05 10:00:00+00:00,2022-04-05 11:00:00+00:00,2022-04-06 19:00:00+00:00,131.972,117.505,-2033.4302810753334,-2612.0990086329457
REGIME_HYSTERESIS_ADMISSION_GOVERNOR,RELATIVE_STRENGTH_ROTATION,D2,2.0,ATOM-USDT,2022-04-03 20:00:00+00:00,2022-04-05 10:00:00+00:00,2022-04-05 11:00:00+00:00,2022-04-06 20:00:00+00:00,30.4943,27.4917,-1799.910343662089,-2689.7667186909457
REGIME_HYSTERESIS_ADMISSION_GOVERNOR,RELATIVE_STRENGTH_ROTATION,D2,2.0,BTC-USDT,2022-07-21 11:00:00+00:00,2022-07-21 16:00:00+00:00,2022-07-21 17:00:00+00:00,2022-07-24 11:00:00+00:00,22638.0,22618.4,-58.62675978524145,-386.0873095801158
REGIME_HYSTERESIS_ADMISSION_GOVERNOR,RELATIVE_STRENGTH_ROTATION,D2,2.0,ETH-USDT,2022-07-21 03:00:00+00:00,2022-07-21 16:00:00+00:00,2022-07-21 17:00:00+00:00,2022-07-28 03:00:00+00:00,1510.72,1615.47,1168.3687799242537,892.1827258587164
REGIME_HYSTERESIS_ADMISSION_GOVERNOR,RELATIVE_STRENGTH_ROTATION,D2,2.0,ADA-USDT,2022-07-21 09:00:00+00:00,2022-07-21 16:00:00+00:00,2022-07-21 17:00:00+00:00,2022-07-28 09:00:00+00:00,0.4826,0.500097,585.2960398051464,266.73985362099916
REGIME_HYSTERESIS_ADMISSION_GOVERNOR,RELATIVE_STRENGTH_ROTATION,D2,2.0,LUNC-USDT,2022-10-30 12:00:00+00:00,2022-11-01 16:00:00+00:00,2022-11-01 17:00:00+00:00,2022-11-02 12:00:00+00:00,0.00023691,0.00022006,-1154.0828521696278,-2288.486771557714
REGIME_HYSTERESIS_ADMISSION_GOVERNOR,RELATIVE_STRENGTH_ROTATION,D2,2.0,DOGE-USDT,2023-01-28 06:00:00+00:00,2023-01-29 01:00:00+00:00,2023-01-29 02:00:00+00:00,2023-02-04 06:00:00+00:00,0.08867,0.09381,834.3695334779463,460.7510526503715
REGIME_HYSTERESIS_ADMISSION_GOVERNOR,RELATIVE_STRENGTH_ROTATION,D2,2.0,BTC-USDT,2023-01-30 11:00:00+00:00,2023-01-30 18:00:00+00:00,2023-01-30 19:00:00+00:00,2023-02-06 11:00:00+00:00,23112.3,22836.0,-219.2950981924677,-306.75808580526547
REGIME_HYSTERESIS_ADMISSION_GOVERNOR,RELATIVE_STRENGTH_ROTATION,D2,2.0,SOL-USDT,2023-01-30 12:00:00+00:00,2023-01-30 18:00:00+00:00,2023-01-30 19:00:00+00:00,2023-02-06 12:00:00+00:00,24.261,23.256,-671.4594095979312,-659.1135729168603
REGIME_HYSTERESIS_ADMISSION_GOVERNOR,RELATIVE_STRENGTH_ROTATION,D2,2.0,SHIB-USDT,2023-02-02 18:00:00+00:00,2023-02-07 10:00:00+00:00,2023-02-07 11:00:00+00:00,2023-02-09 18:00:00+00:00,1.4111e-05,1.2981e-05,-1443.3813513291739,377.4860319233165
REGIME_HYSTERESIS_ADMISSION_GOVERNOR,RELATIVE_STRENGTH_ROTATION,D2,2.0,DOGE-USDT,2023-02-28 02:00:00+00:00,2023-03-01 20:00:00+00:00,2023-03-01 21:00:00+00:00,2023-03-03 02:00:00+00:00,0.08113,0.08035,-177.19185519694167,-494.5339548778122
REGIME_HYSTERESIS_ADMISSION_GOVERNOR,RELATIVE_STRENGTH_ROTATION,D2,2.0,ETH-USDT,2023-02-28 03:00:00+00:00,2023-03-01 20:00:00+00:00,2023-03-01 21:00:00+00:00,2023-03-03 03:00:00+00:00,1634.68,1553.1,-814.7319890644053,-829.2252863544473
REGIME_HYSTERESIS_ADMISSION_GOVERNOR,RELATIVE_STRENGTH_ROTATION,D2,2.0,BTC-USDT,2023-02-28 12:00:00+00:00,2023-03-01 20:00:00+00:00,2023-03-01 21:00:00+00:00,2023-03-03 12:00:00+00:00,23355.0,22352.1,-703.8509496924291,-746.6641404254128
REGIME_HYSTERESIS_ADMISSION_GOVERNOR,RELATIVE_STRENGTH_ROTATION,D2,2.0,OP-USDT,2023-03-19 02:00:00+00:00,2023-03-21 03:00:00+00:00,2023-03-21 04:00:00+00:00,2023-03-22 02:00:00+00:00,2.5,2.575,388.0950684072877,-640.3391739445641
REGIME_HYSTERESIS_ADMISSION_GOVERNOR,RELATIVE_STRENGTH_ROTATION,D2,2.0,BTC-USDT,2023-03-19 21:00:00+00:00,2023-03-21 03:00:00+00:00,2023-03-21 04:00:00+00:00,2023-03-22 21:00:00+00:00,27783.2,26667.2,-642.0046911474259,-932.0558137456467
REGIME_HYSTERESIS_ADMISSION_GOVERNOR,RELATIVE_STRENGTH_ROTATION,D2,2.0,SOL-USDT,2023-03-19 03:00:00+00:00,2023-03-21 03:00:00+00:00,2023-03-21 04:00:00+00:00,2023-03-26 03:00:00+00:00,22.135,20.671,-1061.569137273208,-735.2125019555572
REGIME_HYSTERESIS_ADMISSION_GOVERNOR,RELATIVE_STRENGTH_ROTATION,D2,2.0,XRP-USDT,2023-03-21 14:00:00+00:00,2023-03-24 15:00:00+00:00,2023-03-24 16:00:00+00:00,2023-03-28 14:00:00+00:00,0.42415,0.49794,2797.626603361506,3852.3686016146466
REGIME_HYSTERESIS_ADMISSION_GOVERNOR,RELATIVE_STRENGTH_ROTATION,D2,2.0,BTC-USDT,2023-03-26 14:00:00+00:00,2023-04-01 09:00:00+00:00,2023-04-01 10:00:00+00:00,2023-04-02 14:00:00+00:00,28438.0,28264.7,-132.16192869685037,113.30355462653986
REGIME_HYSTERESIS_ADMISSION_GOVERNOR,RELATIVE_STRENGTH_ROTATION,D2,2.0,OP-USDT,2023-03-31 01:00:00+00:00,2023-04-01 09:00:00+00:00,2023-04-01 10:00:00+00:00,2023-04-03 01:00:00+00:00,2.261,2.202,-432.38629688510105,-739.0718878972013
REGIME_HYSTERESIS_ADMISSION_GOVERNOR,RELATIVE_STRENGTH_ROTATION,D2,2.0,XRP-USDT,2023-03-31 07:00:00+00:00,2023-04-01 09:00:00+00:00,2023-04-01 10:00:00+00:00,2023-04-03 07:00:00+00:00,0.50148,0.50919,182.39488138380733,-1041.3568200304708
REGIME_HYSTERESIS_ADMISSION_GOVERNOR,RELATIVE_STRENGTH_ROTATION,D2,2.0,SHIB-USDT,2023-04-01 11:00:00+00:00,2023-04-04 16:00:00+00:00,2023-04-04 17:00:00+00:00,2023-04-08 11:00:00+00:00,1.1203e-05,1.0986e-05,-343.2350125649554,122.74690026585048
REGIME_HYSTERESIS_ADMISSION_GOVERNOR,RELATIVE_STRENGTH_ROTATION,D2,2.0,ETH-USDT,2023-04-01 12:00:00+00:00,2023-04-04 16:00:00+00:00,2023-04-04 17:00:00+00:00,2023-04-08 12:00:00+00:00,1862.86,1868.74,10.072683123315088,268.87744282080826
REGIME_HYSTERESIS_ADMISSION_GOVERNOR,RELATIVE_STRENGTH_ROTATION,D2,2.0,OP-USDT,2023-04-06 22:00:00+00:00,2023-04-07 14:00:00+00:00,2023-04-07 15:00:00+00:00,2023-04-13 22:00:00+00:00,2.245,2.436,742.2040963902949,751.867480534255
REGIME_HYSTERESIS_ADMISSION_GOVERNOR,RELATIVE_STRENGTH_ROTATION,D2,2.0,ETH-USDT,2023-04-14 16:00:00+00:00,2023-04-17 01:00:00+00:00,2023-04-17 02:00:00+00:00,2023-04-17 16:00:00+00:00,2081.61,2078.22,-63.823392666751204,-194.69533875389476
REGIME_HYSTERESIS_ADMISSION_GOVERNOR,RELATIVE_STRENGTH_ROTATION,D2,2.0,SOL-USDT,2023-04-11 06:00:00+00:00,2023-04-17 01:00:00+00:00,2023-04-17 02:00:00+00:00,2023-04-18 06:00:00+00:00,24.838,24.537,-246.87132172294744,1371.2526047937222
REGIME_HYSTERESIS_ADMISSION_GOVERNOR,RELATIVE_STRENGTH_ROTATION,D2,2.0,DOGE-USDT,2023-04-16 10:00:00+00:00,2023-04-17 01:00:00+00:00,2023-04-17 02:00:00+00:00,2023-04-19 10:00:00+00:00,0.08849,0.08687,-317.04294998592394,-635.4837242917337
REGIME_HYSTERESIS_ADMISSION_GOVERNOR,RELATIVE_STRENGTH_ROTATION,D2,2.0,ETH-USDT,2023-05-05 12:00:00+00:00,2023-05-06 22:00:00+00:00,2023-05-06 23:00:00+00:00,2023-05-08 12:00:00+00:00,1895.68,1856.98,-351.25771239909915,-462.46088218888906
REGIME_HYSTERESIS_ADMISSION_GOVERNOR,RELATIVE_STRENGTH_ROTATION,D2,2.0,SOL-USDT,2023-05-06 12:00:00+00:00,2023-05-06 22:00:00+00:00,2023-05-06 23:00:00+00:00,2023-05-09 12:00:00+00:00,21.99,20.688,-930.4263508724396,-1331.32957477861
REGIME_HYSTERESIS_ADMISSION_GOVERNOR,RELATIVE_STRENGTH_ROTATION,D2,2.0,BTC-USDT,2023-05-04 21:00:00+00:00,2023-05-06 22:00:00+00:00,2023-05-06 23:00:00+00:00,2023-05-11 21:00:00+00:00,28806.7,26840.7,-1085.1829681150477,-1170.8710359865972
REGIME_HYSTERESIS_ADMISSION_GOVERNOR,RELATIVE_STRENGTH_ROTATION,D2,2.0,INJ-USDT,2023-07-03 18:00:00+00:00,2023-07-06 01:00:00+00:00,2023-07-06 02:00:00+00:00,2023-07-06 18:00:00+00:00,8.237,8.013,-433.8477954200364,-1340.206699265126
REGIME_HYSTERESIS_ADMISSION_GOVERNOR,RELATIVE_STRENGTH_ROTATION,D2,2.0,XRP-USDT,2023-07-04 09:00:00+00:00,2023-07-06 01:00:00+00:00,2023-07-06 02:00:00+00:00,2023-07-07 09:00:00+00:00,0.47548,0.46305,-432.16465885184505,-851.6388218383796
REGIME_HYSTERESIS_ADMISSION_GOVERNOR,RELATIVE_STRENGTH_ROTATION,D2,2.0,LTC-USDT,2023-06-30 12:00:00+00:00,2023-07-06 01:00:00+00:00,2023-07-06 02:00:00+00:00,2023-07-07 12:00:00+00:00,101.818,96.308,-862.6363603902792,-649.9874680857225
REGIME_HYSTERESIS_ADMISSION_GOVERNOR,RELATIVE_STRENGTH_ROTATION,D2,2.0,SOL-USDT,2023-06-30 13:00:00+00:00,2023-07-06 01:00:00+00:00,2023-07-06 02:00:00+00:00,2023-07-07 13:00:00+00:00,19.294,20.166,654.4877385590361,950.6795170031186
REGIME_HYSTERESIS_ADMISSION_GOVERNOR,RELATIVE_STRENGTH_ROTATION,D2,2.0,INJ-USDT,2023-07-10 02:00:00+00:00,2023-07-10 02:00:00+00:00,2023-07-10 03:00:00+00:00,2023-07-13 02:00:00+00:00,8.033,7.886,-303.718183115294,-627.0387274477594
REGIME_HYSTERESIS_ADMISSION_GOVERNOR,RELATIVE_STRENGTH_ROTATION,D2,2.0,SOL-USDT,2023-07-10 00:00:00+00:00,2023-07-10 02:00:00+00:00,2023-07-10 03:00:00+00:00,2023-07-17 00:00:00+00:00,20.912,27.62,4648.923052920205,4274.651817915812
REGIME_HYSTERESIS_ADMISSION_GOVERNOR,RELATIVE_STRENGTH_ROTATION,D2,2.0,XRP-USDT,2023-07-11 00:00:00+00:00,2023-07-17 19:00:00+00:00,2023-07-17 20:00:00+00:00,2023-07-18 00:00:00+00:00,0.72636,0.73783,300.89249064023784,8058.025736863033
REGIME_HYSTERESIS_ADMISSION_GOVERNOR,RELATIVE_STRENGTH_ROTATION,D2,2.0,BTC-USDT,2023-07-11 18:00:00+00:00,2023-07-17 19:00:00+00:00,2023-07-17 20:00:00+00:00,2023-07-18 18:00:00+00:00,29799.9,29700.0,-85.2975998811545,-537.9251626475751
REGIME_HYSTERESIS_ADMISSION_GOVERNOR,RELATIVE_STRENGTH_ROTATION,D2,2.0,ETH-USDT,2023-07-11 22:00:00+00:00,2023-07-17 19:00:00+00:00,2023-07-17 20:00:00+00:00,2023-07-18 22:00:00+00:00,1883.52,1894.51,49.73773281712244,87.3946061935311
REGIME_HYSTERESIS_ADMISSION_GOVERNOR,RELATIVE_STRENGTH_ROTATION,D2,2.0,LTC-USDT,2023-07-21 20:00:00+00:00,2023-07-24 06:00:00+00:00,2023-07-24 07:00:00+00:00,2023-07-24 20:00:00+00:00,92.48,89.299,-610.4618867890739,-1011.645073169978
REGIME_HYSTERESIS_ADMISSION_GOVERNOR,RELATIVE_STRENGTH_ROTATION,D2,2.0,BTC-USDT,2023-07-23 19:00:00+00:00,2023-07-24 06:00:00+00:00,2023-07-24 07:00:00+00:00,2023-07-26 19:00:00+00:00,29799.3,29266.6,-339.7216425779765,-561.3733939096638
REGIME_HYSTERESIS_ADMISSION_GOVERNOR,RELATIVE_STRENGTH_ROTATION,D2,2.0,SOL-USDT,2023-08-14 18:00:00+00:00,2023-08-14 20:00:00+00:00,2023-08-14 21:00:00+00:00,2023-08-17 18:00:00+00:00,24.827,23.047,-1215.5585399540907,-1494.019406742428
REGIME_HYSTERESIS_ADMISSION_GOVERNOR,RELATIVE_STRENGTH_ROTATION,D2,2.0,XMR-USDT,2023-08-14 19:00:00+00:00,2023-08-14 20:00:00+00:00,2023-08-14 21:00:00+00:00,2023-08-17 19:00:00+00:00,159.09,149.87,-1002.0060595648282,-1036.2132718789994
REGIME_HYSTERESIS_ADMISSION_GOVERNOR,RELATIVE_STRENGTH_ROTATION,D2,2.0,LTC-USDT,2023-09-24 19:00:00+00:00,2023-09-26 03:00:00+00:00,2023-09-26 04:00:00+00:00,2023-09-27 19:00:00+00:00,64.655,63.592,-77.01331628398735,-103.24821841235804
REGIME_HYSTERESIS_ADMISSION_GOVERNOR,RELATIVE_STRENGTH_ROTATION,D2,2.0,XRP-USDT,2023-10-04 12:00:00+00:00,2023-10-05 07:00:00+00:00,2023-10-05 08:00:00+00:00,2023-10-07 12:00:00+00:00,0.52317,0.52265,-55.30170253005239,-442.1154080896219
REGIME_HYSTERESIS_ADMISSION_GOVERNOR,RELATIVE_STRENGTH_ROTATION,D2,2.0,SOL-USDT,2023-10-04 13:00:00+00:00,2023-10-05 07:00:00+00:00,2023-10-05 08:00:00+00:00,2023-10-07 13:00:00+00:00,23.034,23.475,262.0788001204796,-158.80510011027368
REGIME_HYSTERESIS_ADMISSION_GOVERNOR,RELATIVE_STRENGTH_ROTATION,D2,2.0,BTC-USDT,2023-10-26 23:00:00+00:00,2023-10-28 02:00:00+00:00,2023-10-28 03:00:00+00:00,2023-11-02 23:00:00+00:00,33914.4,34920.0,451.05376733301216,310.03966345571973
REGIME_HYSTERESIS_ADMISSION_GOVERNOR,RELATIVE_STRENGTH_ROTATION,D2,2.0,SOL-USDT,2023-10-28 04:00:00+00:00,2023-10-28 05:00:00+00:00,2023-10-28 06:00:00+00:00,2023-11-04 04:00:00+00:00,32.225,40.403,4183.211264023928,4075.5466899184985
REGIME_HYSTERESIS_ADMISSION_GOVERNOR,RELATIVE_STRENGTH_ROTATION,D2,2.0,XMR-USDT,2023-10-28 10:00:00+00:00,2023-10-29 10:00:00+00:00,2023-10-29 11:00:00+00:00,2023-11-04 10:00:00+00:00,161.6,170.71,895.937106612789,789.0862454200269
REGIME_HYSTERESIS_ADMISSION_GOVERNOR,RELATIVE_STRENGTH_ROTATION,D2,2.0,XRP-USDT,2023-11-04 02:00:00+00:00,2023-11-05 01:00:00+00:00,2023-11-05 02:00:00+00:00,2023-11-11 02:00:00+00:00,0.62279,0.66361,1128.5411904070766,1419.6635631164172
REGIME_HYSTERESIS_ADMISSION_GOVERNOR,RELATIVE_STRENGTH_ROTATION,D2,2.0,SHIB-USDT,2023-11-04 16:00:00+00:00,2023-11-05 01:00:00+00:00,2023-11-05 02:00:00+00:00,2023-11-11 16:00:00+00:00,7.944e-06,9.28e-06,2964.7829077013407,3173.5010950335777
REGIME_HYSTERESIS_ADMISSION_GOVERNOR,RELATIVE_STRENGTH_ROTATION,D2,2.0,ETH-USDT,2023-11-04 20:00:00+00:00,2023-11-05 01:00:00+00:00,2023-11-05 02:00:00+00:00,2023-11-11 20:00:00+00:00,1850.9,2076.73,2123.6239348539243,2183.296008782701
REGIME_HYSTERESIS_ADMISSION_GOVERNOR,RELATIVE_STRENGTH_ROTATION,D2,2.0,SOL-USDT,2023-11-08 21:00:00+00:00,2023-11-13 18:00:00+00:00,2023-11-13 19:00:00+00:00,2023-11-15 21:00:00+00:00,53.632,65.354,4932.412934058602,9383.752366648501
REGIME_HYSTERESIS_ADMISSION_GOVERNOR,RELATIVE_STRENGTH_ROTATION,D2,2.0,SHIB-USDT,2023-11-17 23:00:00+00:00,2023-11-18 22:00:00+00:00,2023-11-18 23:00:00+00:00,2023-11-20 23:00:00+00:00,8.544e-06,8.455e-06,-264.74092675680566,-410.06449574465796
REGIME_HYSTERESIS_ADMISSION_GOVERNOR,RELATIVE_STRENGTH_ROTATION,D2,2.0,SOL-USDT,2023-11-17 19:00:00+00:00,2023-11-18 22:00:00+00:00,2023-11-18 23:00:00+00:00,2023-11-24 19:00:00+00:00,58.406,57.609,-338.1234660767536,-9.123006945836735
REGIME_HYSTERESIS_ADMISSION_GOVERNOR,RELATIVE_STRENGTH_ROTATION,D2,2.0,BTC-USDT,2023-11-19 22:00:00+00:00,2023-11-22 01:00:00+00:00,2023-11-22 02:00:00+00:00,2023-11-26 22:00:00+00:00,36108.9,37588.4,781.30839995073,274.81517763163674
REGIME_HYSTERESIS_ADMISSION_GOVERNOR,RELATIVE_STRENGTH_ROTATION,D2,2.0,SOL-USDT,2023-11-24 19:00:00+00:00,2023-11-27 06:00:00+00:00,2023-11-27 07:00:00+00:00,2023-11-27 19:00:00+00:00,56.872,54.456,-913.2947134328241,-1228.5725554263563
REGIME_HYSTERESIS_ADMISSION_GOVERNOR,RELATIVE_STRENGTH_ROTATION,D2,2.0,ETH-USDT,2023-11-24 21:00:00+00:00,2023-11-27 06:00:00+00:00,2023-11-27 07:00:00+00:00,2023-11-27 21:00:00+00:00,2047.43,1994.67,-568.9584360941652,-1014.2841989673179
REGIME_HYSTERESIS_ADMISSION_GOVERNOR,RELATIVE_STRENGTH_ROTATION,D2,2.0,SHIB-USDT,2023-11-25 19:00:00+00:00,2023-11-27 06:00:00+00:00,2023-11-27 07:00:00+00:00,2023-11-28 19:00:00+00:00,8.359e-06,8.326e-06,-129.9438768587606,-654.8565318923606
REGIME_HYSTERESIS_ADMISSION_GOVERNOR,RELATIVE_STRENGTH_ROTATION,D2,2.0,LINK-USDT,2023-11-26 02:00:00+00:00,2023-11-27 06:00:00+00:00,2023-11-27 07:00:00+00:00,2023-11-29 02:00:00+00:00,14.6547,14.5881,-136.89172476509722,-439.45995313141543
REGIME_HYSTERESIS_ADMISSION_GOVERNOR,RELATIVE_STRENGTH_ROTATION,D2,2.0,SOL-USDT,2023-12-14 21:00:00+00:00,2023-12-16 21:00:00+00:00,2023-12-16 22:00:00+00:00,2023-12-21 21:00:00+00:00,73.527,92.888,5499.632625793604,5518.5519361176475
REGIME_HYSTERESIS_ADMISSION_GOVERNOR,RELATIVE_STRENGTH_ROTATION,D2,2.0,AVAX-USDT,2023-12-14 22:00:00+00:00,2023-12-16 21:00:00+00:00,2023-12-16 22:00:00+00:00,2023-12-21 22:00:00+00:00,42.937,46.234,1727.7958200797636,3944.7476971931487
REGIME_HYSTERESIS_ADMISSION_GOVERNOR,RELATIVE_STRENGTH_ROTATION,D2,2.0,BTC-USDT,2023-12-19 04:00:00+00:00,2023-12-19 20:00:00+00:00,2023-12-19 21:00:00+00:00,2023-12-26 04:00:00+00:00,42342.3,43409.8,476.02399586259054,58.168987573884586
REGIME_HYSTERESIS_ADMISSION_GOVERNOR,UNION_FOCUS,E2,1.0,AVAX-USDT,2022-01-01 19:00:00+00:00,2022-01-03 22:00:00+00:00,2022-01-03 23:00:00+00:00,2022-01-04 19:00:00+00:00,108.175,107.591,-56.957119641331694,-492.7959984497628
REGIME_HYSTERESIS_ADMISSION_GOVERNOR,UNION_FOCUS,E2,1.0,ETH-USDT,2022-01-02 18:00:00+00:00,2022-01-03 22:00:00+00:00,2022-01-03 23:00:00+00:00,2022-01-05 18:00:00+00:00,3723.14,3792.5,151.7182030004402,-132.0671071319737
REGIME_HYSTERESIS_ADMISSION_GOVERNOR,UNION_FOCUS,E2,1.0,ETH-USDT,2022-02-09 21:00:00+00:00,2022-02-11 12:00:00+00:00,2022-02-11 13:00:00+00:00,2022-02-12 21:00:00+00:00,3088.1,2953.22,-763.3844169454776,-1661.0618219422045
REGIME_HYSTERESIS_ADMISSION_GOVERNOR,UNION_FOCUS,E2,1.0,XRP-USDT,2022-03-27 23:00:00+00:00,2022-04-01 15:00:00+00:00,2022-04-01 16:00:00+00:00,2022-04-03 23:00:00+00:00,0.82803,0.84535,297.8622894626785,-168.72197178919888
REGIME_HYSTERESIS_ADMISSION_GOVERNOR,UNION_FOCUS,E2,1.0,AVAX-USDT,2022-03-29 12:00:00+00:00,2022-04-01 15:00:00+00:00,2022-04-01 16:00:00+00:00,2022-04-05 12:00:00+00:00,96.689,95.558,-232.80907528729463,270.3745037514084
REGIME_HYSTERESIS_ADMISSION_GOVERNOR,UNION_FOCUS,E2,1.0,SOL-USDT,2022-03-30 15:00:00+00:00,2022-04-01 15:00:00+00:00,2022-04-01 16:00:00+00:00,2022-04-06 15:00:00+00:00,132.627,119.093,-2048.966954835672,465.3413337488618
REGIME_HYSTERESIS_ADMISSION_GOVERNOR,UNION_FOCUS,E2,1.0,ATOM-USDT,2022-04-03 20:00:00+00:00,2022-04-05 10:00:00+00:00,2022-04-05 11:00:00+00:00,2022-04-06 20:00:00+00:00,30.4943,27.4917,-1694.4077542584464,-2519.31337428889
REGIME_HYSTERESIS_ADMISSION_GOVERNOR,UNION_FOCUS,E2,1.0,ETH-USDT,2022-04-04 00:00:00+00:00,2022-04-05 10:00:00+00:00,2022-04-05 11:00:00+00:00,2022-04-07 00:00:00+00:00,3508.97,3188.37,-1646.1487374582732,-1849.6739569026547
REGIME_HYSTERESIS_ADMISSION_GOVERNOR,UNION_FOCUS,E2,1.0,BTC-USDT,2022-07-21 11:00:00+00:00,2022-07-21 16:00:00+00:00,2022-07-21 17:00:00+00:00,2022-07-24 11:00:00+00:00,22638.0,22618.4,-34.332983533938595,-318.731152324578
REGIME_HYSTERESIS_ADMISSION_GOVERNOR,UNION_FOCUS,E2,1.0,ETH-USDT,2022-07-21 03:00:00+00:00,2022-07-21 16:00:00+00:00,2022-07-21 17:00:00+00:00,2022-07-28 03:00:00+00:00,1510.72,1615.47,1109.6306416660127,873.1524650604171
REGIME_HYSTERESIS_ADMISSION_GOVERNOR,UNION_FOCUS,E2,1.0,ADA-USDT,2022-07-21 09:00:00+00:00,2022-07-21 16:00:00+00:00,2022-07-21 17:00:00+00:00,2022-07-28 09:00:00+00:00,0.4826,0.500097,566.0402273434338,289.9369161259766
REGIME_HYSTERESIS_ADMISSION_GOVERNOR,UNION_FOCUS,E2,1.0,ADA-USDT,2022-10-29 18:00:00+00:00,2022-11-01 16:00:00+00:00,2022-11-01 17:00:00+00:00,2022-11-01 18:00:00+00:00,0.40327,0.401296,-99.11408261978647,-1202.5026222987865
REGIME_HYSTERESIS_ADMISSION_GOVERNOR,UNION_FOCUS,E2,1.0,LUNC-USDT,2022-10-30 10:00:00+00:00,2022-11-01 16:00:00+00:00,2022-11-01 17:00:00+00:00,2022-11-02 10:00:00+00:00,0.00023691,0.0002222,-999.3225515871817,-2282.821359182915
REGIME_HYSTERESIS_ADMISSION_GOVERNOR,UNION_FOCUS,E2,1.0,LTC-USDT,2023-01-12 01:00:00+00:00,2023-01-17 06:00:00+00:00,2023-01-17 07:00:00+00:00,2023-01-19 01:00:00+00:00,86.048,82.617,-644.1036644205044,-313.5404159027488
REGIME_HYSTERESIS_ADMISSION_GOVERNOR,UNION_FOCUS,E2,1.0,SOL-USDT,2023-01-13 23:00:00+00:00,2023-01-17 06:00:00+00:00,2023-01-17 07:00:00+00:00,2023-01-20 23:00:00+00:00,23.546,24.269,307.0330947687801,2624.9207197975325
REGIME_HYSTERESIS_ADMISSION_GOVERNOR,UNION_FOCUS,E2,1.0,SOL-USDT,2023-01-29 19:00:00+00:00,2023-01-30 18:00:00+00:00,2023-01-30 19:00:00+00:00,2023-02-01 19:00:00+00:00,24.261,22.655,-1052.2398881036847,-2369.435253620825
REGIME_HYSTERESIS_ADMISSION_GOVERNOR,UNION_FOCUS,E2,1.0,BTC-USDT,2023-01-29 20:00:00+00:00,2023-01-30 18:00:00+00:00,2023-01-30 19:00:00+00:00,2023-02-01 20:00:00+00:00,23112.3,23075.1,-47.12636121118125,-474.2653866143655
REGIME_HYSTERESIS_ADMISSION_GOVERNOR,UNION_FOCUS,E2,1.0,ETH-USDT,2023-01-29 20:00:00+00:00,2023-01-30 18:00:00+00:00,2023-01-30 19:00:00+00:00,2023-02-01 20:00:00+00:00,1581.02,1580.98,-20.90527031120767,-543.4447482586684
REGIME_HYSTERESIS_ADMISSION_GOVERNOR,UNION_FOCUS,E2,1.0,LTC-USDT,2023-01-29 20:00:00+00:00,2023-01-30 18:00:00+00:00,2023-01-30 19:00:00+00:00,2023-02-01 20:00:00+00:00,92.092,94.962,479.657700603651,-376.71220844891894
REGIME_HYSTERESIS_ADMISSION_GOVERNOR,UNION_FOCUS,E2,1.0,DOGE-USDT,2023-01-28 06:00:00+00:00,2023-01-29 01:00:00+00:00,2023-01-29 02:00:00+00:00,2023-02-04 06:00:00+00:00,0.08867,0.09381,939.7946758713014,549.9924518365643
REGIME_HYSTERESIS_ADMISSION_GOVERNOR,UNION_FOCUS,E2,1.0,DOGE-USDT,2023-02-04 19:00:00+00:00,2023-02-07 10:00:00+00:00,2023-02-07 11:00:00+00:00,2023-02-07 19:00:00+00:00,0.09149,0.09211,86.35214186934371,-1198.7808461214586
REGIME_HYSTERESIS_ADMISSION_GOVERNOR,UNION_FOCUS,E2,1.0,SHIB-USDT,2023-02-02 02:00:00+00:00,2023-02-07 10:00:00+00:00,2023-02-07 11:00:00+00:00,2023-02-09 02:00:00+00:00,1.4111e-05,1.3747e-05,-511.48597929729175,1962.4364471984095
REGIME_HYSTERESIS_ADMISSION_GOVERNOR,UNION_FOCUS,E2,1.0,BTC-USDT,2023-02-14 16:00:00+00:00,2023-02-19 16:00:00+00:00,2023-02-19 17:00:00+00:00,2023-02-21 16:00:00+00:00,24921.1,24681.7,-195.44478089835548,1723.334093639349
REGIME_HYSTERESIS_ADMISSION_GOVERNOR,UNION_FOCUS,E2,1.0,ETH-USDT,2023-02-14 16:00:00+00:00,2023-02-19 16:00:00+00:00,2023-02-19 17:00:00+00:00,2023-02-21 16:00:00+00:00,1711.7,1674.77,-403.6334393121064,1200.6897479481977
REGIME_HYSTERESIS_ADMISSION_GOVERNOR,UNION_FOCUS,E2,1.0,DOGE-USDT,2023-02-15 06:00:00+00:00,2023-02-19 16:00:00+00:00,2023-02-19 17:00:00+00:00,2023-02-22 06:00:00+00:00,0.08922,0.08479,-852.6624510278269,-143.36319854431014
REGIME_HYSTERESIS_ADMISSION_GOVERNOR,UNION_FOCUS,E2,1.0,SOL-USDT,2023-02-15 11:00:00+00:00,2023-02-19 16:00:00+00:00,2023-02-19 17:00:00+00:00,2023-02-22 11:00:00+00:00,25.256,23.615,-1236.573426432754,1348.1941147300697
REGIME_HYSTERESIS_ADMISSION_GOVERNOR,UNION_FOCUS,E2,1.0,XRP-USDT,2023-02-15 12:00:00+00:00,2023-02-19 16:00:00+00:00,2023-02-19 17:00:00+00:00,2023-02-22 12:00:00+00:00,0.39622,0.39014,-272.94260608729394,167.10198251798596
REGIME_HYSTERESIS_ADMISSION_GOVERNOR,UNION_FOCUS,E2,1.0,DOGE-USDT,2023-02-28 02:00:00+00:00,2023-03-01 20:00:00+00:00,2023-03-01 21:00:00+00:00,2023-03-03 02:00:00+00:00,0.08113,0.08035,-159.04814987634217,-457.72041065357655
REGIME_HYSTERESIS_ADMISSION_GOVERNOR,UNION_FOCUS,E2,1.0,ETH-USDT,2023-02-28 03:00:00+00:00,2023-03-01 20:00:00+00:00,2023-03-01 21:00:00+00:00,2023-03-03 03:00:00+00:00,1634.68,1553.1,-861.0722637086125,-855.7128163062071
REGIME_HYSTERESIS_ADMISSION_GOVERNOR,UNION_FOCUS,E2,1.0,BTC-USDT,2023-02-28 12:00:00+00:00,2023-03-01 20:00:00+00:00,2023-03-01 21:00:00+00:00,2023-03-03 12:00:00+00:00,23355.0,22352.1,-741.3002578168561,-766.6142663305194
REGIME_HYSTERESIS_ADMISSION_GOVERNOR,UNION_FOCUS,E2,1.0,XRP-USDT,2023-02-28 20:00:00+00:00,2023-03-01 20:00:00+00:00,2023-03-01 21:00:00+00:00,2023-03-03 20:00:00+00:00,0.38046,0.36845,-551.0593076566755,-628.2643381124936
REGIME_HYSTERESIS_ADMISSION_GOVERNOR,UNION_FOCUS,E2,1.0,OP-USDT,2023-03-19 02:00:00+00:00,2023-03-21 03:00:00+00:00,2023-03-21 04:00:00+00:00,2023-03-22 02:00:00+00:00,2.5,2.575,439.2660533693683,-652.1102490159062
REGIME_HYSTERESIS_ADMISSION_GOVERNOR,UNION_FOCUS,E2,1.0,SOL-USDT,2023-03-19 03:00:00+00:00,2023-03-21 03:00:00+00:00,2023-03-21 04:00:00+00:00,2023-03-26 03:00:00+00:00,22.135,20.671,-1128.3494334075463,-754.9834472442479
REGIME_HYSTERESIS_ADMISSION_GOVERNOR,UNION_FOCUS,E2,1.0,XRP-USDT,2023-03-19 12:00:00+00:00,2023-03-21 03:00:00+00:00,2023-03-21 04:00:00+00:00,2023-03-26 12:00:00+00:00,0.38158,0.45678,3104.2292467161055,2667.914621438643
REGIME_HYSTERESIS_ADMISSION_GOVERNOR,UNION_FOCUS,E2,1.0,ETH-USDT,2023-03-23 17:00:00+00:00,2023-03-24 15:00:00+00:00,2023-03-24 16:00:00+00:00,2023-03-26 17:00:00+00:00,1763.19,1763.01,-10.929290525207385,-360.28128457935145
REGIME_HYSTERESIS_ADMISSION_GOVERNOR,UNION_FOCUS,E2,1.0,BTC-USDT,2023-03-19 18:00:00+00:00,2023-03-21 03:00:00+00:00,2023-03-21 04:00:00+00:00,2023-03-26 18:00:00+00:00,27783.2,27703.1,-68.02654726208905,-171.37671324306027
REGIME_HYSTERESIS_ADMISSION_GOVERNOR,UNION_FOCUS,E2,1.0,XRP-USDT,2023-03-26 15:00:00+00:00,2023-03-27 09:00:00+00:00,2023-03-27 10:00:00+00:00,2023-04-02 15:00:00+00:00,0.4665,0.52172,1996.4986499961863,2461.652319680082
REGIME_HYSTERESIS_ADMISSION_GOVERNOR,UNION_FOCUS,E2,1.0,OP-USDT,2023-03-31 01:00:00+00:00,2023-04-01 09:00:00+00:00,2023-04-01 10:00:00+00:00,2023-04-03 01:00:00+00:00,2.261,2.202,-378.91137349908587,-641.9986781100756
REGIME_HYSTERESIS_ADMISSION_GOVERNOR,UNION_FOCUS,E2,1.0,ETH-USDT,2023-03-29 08:00:00+00:00,2023-04-01 09:00:00+00:00,2023-04-01 10:00:00+00:00,2023-04-05 08:00:00+00:00,1825.25,1912.59,804.4138164112723,973.9495244937174
REGIME_HYSTERESIS_ADMISSION_GOVERNOR,UNION_FOCUS,E2,1.0,BTC-USDT,2023-04-05 02:00:00+00:00,2023-04-07 14:00:00+00:00,2023-04-07 15:00:00+00:00,2023-04-08 02:00:00+00:00,27894.5,27880.1,-29.39219161263001,-499.19302978054804
REGIME_HYSTERESIS_ADMISSION_GOVERNOR,UNION_FOCUS,E2,1.0,OP-USDT,2023-04-05 04:00:00+00:00,2023-04-07 14:00:00+00:00,2023-04-07 15:00:00+00:00,2023-04-08 04:00:00+00:00,2.245,2.274,152.0986440913731,-382.3762529082961
REGIME_HYSTERESIS_ADMISSION_GOVERNOR,UNION_FOCUS,E2,1.0,SHIB-USDT,2023-04-01 11:00:00+00:00,2023-04-04 12:00:00+00:00,2023-04-04 13:00:00+00:00,2023-04-08 11:00:00+00:00,1.1439e-05,1.0986e-05,-722.8360842042946,177.65708261002663
REGIME_HYSTERESIS_ADMISSION_GOVERNOR,UNION_FOCUS,E2,1.0,DOGE-USDT,2023-04-10 18:00:00+00:00,2023-04-17 01:00:00+00:00,2023-04-17 02:00:00+00:00,2023-04-17 18:00:00+00:00,0.08849,0.0906,401.2370681427309,1296.4649368390264
REGIME_HYSTERESIS_ADMISSION_GOVERNOR,UNION_FOCUS,E2,1.0,ETH-USDT,2023-04-10 18:00:00+00:00,2023-04-17 01:00:00+00:00,2023-04-17 02:00:00+00:00,2023-04-17 18:00:00+00:00,2081.61,2080.59,-32.44187273343183,1728.6192892293375
REGIME_HYSTERESIS_ADMISSION_GOVERNOR,UNION_FOCUS,E2,1.0,SHIB-USDT,2023-04-14 02:00:00+00:00,2023-04-17 01:00:00+00:00,2023-04-17 02:00:00+00:00,2023-04-21 02:00:00+00:00,1.1279e-05,1.0666e-05,-929.6704566211847,-947.6250195105531
REGIME_HYSTERESIS_ADMISSION_GOVERNOR,UNION_FOCUS,E2,1.0,ETH-USDT,2023-05-05 12:00:00+00:00,2023-05-08 01:00:00+00:00,2023-05-08 02:00:00+00:00,2023-05-08 12:00:00+00:00,1881.59,1856.98,-229.86325213550705,-446.92008458214605
REGIME_HYSTERESIS_ADMISSION_GOVERNOR,UNION_FOCUS,E2,1.0,SOL-USDT,2023-05-05 18:00:00+00:00,2023-05-08 01:00:00+00:00,2023-05-08 02:00:00+00:00,2023-05-08 18:00:00+00:00,21.746,21.117,-478.3283493211381,-1062.3006147841122
REGIME_HYSTERESIS_ADMISSION_GOVERNOR,UNION_FOCUS,E2,1.0,GRAM-USDT,2023-05-06 22:00:00+00:00,2023-05-08 01:00:00+00:00,2023-05-08 02:00:00+00:00,2023-05-09 22:00:00+00:00,2.0477,1.9584,-617.1582345603049,-787.2621870776462
REGIME_HYSTERESIS_ADMISSION_GOVERNOR,UNION_FOCUS,E2,1.0,BTC-USDT,2023-05-04 21:00:00+00:00,2023-05-08 01:00:00+00:00,2023-05-08 02:00:00+00:00,2023-05-11 21:00:00+00:00,28571.4,26840.7,-991.5339716324984,-1193.701002360585
REGIME_HYSTERESIS_ADMISSION_GOVERNOR,UNION_FOCUS,E2,1.0,INJ-USDT,2023-06-26 11:00:00+00:00,2023-06-27 08:00:00+00:00,2023-06-27 09:00:00+00:00,2023-07-03 11:00:00+00:00,7.726,8.821,2318.4811213247726,3377.163950890457
REGIME_HYSTERESIS_ADMISSION_GOVERNOR,UNION_FOCUS,E2,1.0,BTC-USDT,2023-07-03 17:00:00+00:00,2023-07-06 01:00:00+00:00,2023-07-06 02:00:00+00:00,2023-07-06 17:00:00+00:00,30414.3,30406.6,-24.302958703066167,-389.0084435680111
REGIME_HYSTERESIS_ADMISSION_GOVERNOR,UNION_FOCUS,E2,1.0,LTC-USDT,2023-06-30 05:00:00+00:00,2023-07-06 01:00:00+00:00,2023-07-06 02:00:00+00:00,2023-07-07 05:00:00+00:00,101.818,97.192,-780.2209498000228,176.28552236336733
REGIME_HYSTERESIS_ADMISSION_GOVERNOR,UNION_FOCUS,E2,1.0,SOL-USDT,2023-06-30 05:00:00+00:00,2023-07-06 01:00:00+00:00,2023-07-06 02:00:00+00:00,2023-07-07 05:00:00+00:00,19.294,20.223,751.3376055551895,1011.8127126044716
REGIME_HYSTERESIS_ADMISSION_GOVERNOR,UNION_FOCUS,E2,1.0,ETH-USDT,2023-06-30 19:00:00+00:00,2023-07-06 01:00:00+00:00,2023-07-06 02:00:00+00:00,2023-07-07 19:00:00+00:00,1904.44,1867.03,-166.59190330063217,-292.02665946918927
REGIME_HYSTERESIS_ADMISSION_GOVERNOR,UNION_FOCUS,E2,1.0,XRP-USDT,2023-07-02 04:00:00+00:00,2023-07-06 01:00:00+00:00,2023-07-06 02:00:00+00:00,2023-07-09 04:00:00+00:00,0.47548,0.47064,-183.11558653716912,-452.4295556966599
REGIME_HYSTERESIS_ADMISSION_GOVERNOR,UNION_FOCUS,E2,1.0,INJ-USDT,2023-07-10 02:00:00+00:00,2023-07-10 02:00:00+00:00,2023-07-10 03:00:00+00:00,2023-07-13 02:00:00+00:00,8.033,7.886,-306.19909999027334,-632.6608374565964
REGIME_HYSTERESIS_ADMISSION_GOVERNOR,UNION_FOCUS,E2,1.0,SOL-USDT,2023-07-10 00:00:00+00:00,2023-07-10 02:00:00+00:00,2023-07-10 03:00:00+00:00,2023-07-17 00:00:00+00:00,20.912,27.62,5006.21392561673,4625.323712293078
REGIME_HYSTERESIS_ADMISSION_GOVERNOR,UNION_FOCUS,E2,1.0,XRP-USDT,2023-07-10 21:00:00+00:00,2023-07-17 19:00:00+00:00,2023-07-17 20:00:00+00:00,2023-07-17 21:00:00+00:00,0.72636,0.73409,228.75716377840337,8512.5446997483
REGIME_HYSTERESIS_ADMISSION_GOVERNOR,UNION_FOCUS,E2,1.0,LTC-USDT,2023-07-20 10:00:00+00:00,2023-07-22 01:00:00+00:00,2023-07-22 02:00:00+00:00,2023-07-23 10:00:00+00:00,95.404,92.895,-502.55954315965124,-407.8890266783276
REGIME_HYSTERESIS_ADMISSION_GOVERNOR,UNION_FOCUS,E2,1.0,BTC-USDT,2023-07-20 11:00:00+00:00,2023-07-22 01:00:00+00:00,2023-07-22 02:00:00+00:00,2023-07-23 11:00:00+00:00,29985.6,29902.6,-71.97372986320585,-297.623666483001
REGIME_HYSTERESIS_ADMISSION_GOVERNOR,UNION_FOCUS,E2,1.0,BTC-USDT,2023-07-23 19:00:00+00:00,2023-07-24 06:00:00+00:00,2023-07-24 07:00:00+00:00,2023-07-26 19:00:00+00:00,29799.3,29266.6,-340.5958452913188,-554.5733442728449
REGIME_HYSTERESIS_ADMISSION_GOVERNOR,UNION_FOCUS,E2,1.0,LTC-USDT,2023-07-23 22:00:00+00:00,2023-07-24 06:00:00+00:00,2023-07-24 07:00:00+00:00,2023-07-26 22:00:00+00:00,92.48,90.431,-417.321036783258,-607.3869017474798
REGIME_HYSTERESIS_ADMISSION_GOVERNOR,UNION_FOCUS,E2,1.0,BTC-USDT,2023-08-14 17:00:00+00:00,2023-08-14 20:00:00+00:00,2023-08-14 21:00:00+00:00,2023-08-17 17:00:00+00:00,29359.4,27935.9,-877.5118804172004,-1045.5040178229253
REGIME_HYSTERESIS_ADMISSION_GOVERNOR,UNION_FOCUS,E2,1.0,SOL-USDT,2023-08-14 18:00:00+00:00,2023-08-14 20:00:00+00:00,2023-08-14 21:00:00+00:00,2023-08-17 18:00:00+00:00,24.827,23.047,-1279.294026003019,-1554.757662700478
REGIME_HYSTERESIS_ADMISSION_GOVERNOR,UNION_FOCUS,E2,1.0,XMR-USDT,2023-08-14 19:00:00+00:00,2023-08-14 20:00:00+00:00,2023-08-14 21:00:00+00:00,2023-08-17 19:00:00+00:00,159.09,149.87,-1049.594776281625,-1063.9624512285138
REGIME_HYSTERESIS_ADMISSION_GOVERNOR,UNION_FOCUS,E2,1.0,SHIB-USDT,2023-09-20 23:00:00+00:00,2023-09-21 10:00:00+00:00,2023-09-21 11:00:00+00:00,2023-09-27 23:00:00+00:00,7.293e-06,7.197e-06,-180.61892494648035,-471.88379441533573
REGIME_HYSTERESIS_ADMISSION_GOVERNOR,UNION_FOCUS,E2,1.0,XRP-USDT,2023-10-04 00:00:00+00:00,2023-10-05 00:00:00+00:00,2023-10-05 01:00:00+00:00,2023-10-07 00:00:00+00:00,0.53271,0.5264,-219.33290269056613,-89.01388832625742
REGIME_HYSTERESIS_ADMISSION_GOVERNOR,UNION_FOCUS,E2,1.0,SOL-USDT,2023-10-01 12:00:00+00:00,2023-10-05 00:00:00+00:00,2023-10-05 01:00:00+00:00,2023-10-08 12:00:00+00:00,23.129,23.169,8.157953352115811,13.429999528146343
REGIME_HYSTERESIS_ADMISSION_GOVERNOR,UNION_FOCUS,E2,1.0,BTC-USDT,2023-10-23 05:00:00+00:00,2023-10-27 13:00:00+00:00,2023-10-27 14:00:00+00:00,2023-10-30 05:00:00+00:00,34119.9,34269.6,61.825165666091095,1995.601569952241
REGIME_HYSTERESIS_ADMISSION_GOVERNOR,UNION_FOCUS,E2,1.0,SOL-USDT,2023-10-27 08:00:00+00:00,2023-10-27 13:00:00+00:00,2023-10-27 14:00:00+00:00,2023-10-30 08:00:00+00:00,32.923,32.524,-249.66380260777564,-246.87914447346984
REGIME_HYSTERESIS_ADMISSION_GOVERNOR,UNION_FOCUS,E2,1.0,SHIB-USDT,2023-10-23 10:00:00+00:00,2023-10-27 13:00:00+00:00,2023-10-27 14:00:00+00:00,2023-10-30 10:00:00+00:00,7.894e-06,8.002e-06,240.34201507179222,1782.813032588568
REGIME_HYSTERESIS_ADMISSION_GOVERNOR,UNION_FOCUS,E2,1.0,XMR-USDT,2023-10-29 16:00:00+00:00,2023-11-05 01:00:00+00:00,2023-11-05 02:00:00+00:00,2023-11-05 16:00:00+00:00,168.43,168.51,-14.924549608412635,514.6549070304443
REGIME_HYSTERESIS_ADMISSION_GOVERNOR,UNION_FOCUS,E2,1.0,ETH-USDT,2023-10-30 10:00:00+00:00,2023-11-05 01:00:00+00:00,2023-11-05 02:00:00+00:00,2023-11-06 10:00:00+00:00,1850.9,1885.16,328.8316786873508,633.5719021926981
REGIME_HYSTERESIS_ADMISSION_GOVERNOR,UNION_FOCUS,E2,1.0,SOL-USDT,2023-10-30 10:00:00+00:00,2023-11-05 01:00:00+00:00,2023-11-05 02:00:00+00:00,2023-11-06 10:00:00+00:00,41.866,40.197,-952.1985213997654,3466.773101456217
REGIME_HYSTERESIS_ADMISSION_GOVERNOR,UNION_FOCUS,E2,1.0,XRP-USDT,2023-10-30 13:00:00+00:00,2023-11-05 01:00:00+00:00,2023-11-05 02:00:00+00:00,2023-11-06 13:00:00+00:00,0.62279,0.70238,2647.4055263924615,4647.850103308041
REGIME_HYSTERESIS_ADMISSION_GOVERNOR,UNION_FOCUS,E2,1.0,SOL-USDT,2023-11-07 19:00:00+00:00,2023-11-13 18:00:00+00:00,2023-11-13 19:00:00+00:00,2023-11-14 19:00:00+00:00,53.632,53.723,11.154273933889446,4945.164935479059
REGIME_HYSTERESIS_ADMISSION_GOVERNOR,UNION_FOCUS,E2,1.0,BTC-USDT,2023-11-07 22:00:00+00:00,2023-11-13 18:00:00+00:00,2023-11-13 19:00:00+00:00,2023-11-14 22:00:00+00:00,36670.0,35288.7,-812.7132740904966,-239.2025865616035
REGIME_HYSTERESIS_ADMISSION_GOVERNOR,UNION_FOCUS,E2,1.0,ETH-USDT,2023-11-09 04:00:00+00:00,2023-11-13 18:00:00+00:00,2023-11-13 19:00:00+00:00,2023-11-16 04:00:00+00:00,2080.51,2055.66,-289.04984649770074,1401.0299556404366
REGIME_HYSTERESIS_ADMISSION_GOVERNOR,UNION_FOCUS,E2,1.0,LINK-USDT,2023-11-19 20:00:00+00:00,2023-11-22 01:00:00+00:00,2023-11-22 02:00:00+00:00,2023-11-22 20:00:00+00:00,13.6384,14.4705,1150.8861203755491,-272.9739402068471
REGIME_HYSTERESIS_ADMISSION_GOVERNOR,UNION_FOCUS,E2,1.0,BTC-USDT,2023-11-19 21:00:00+00:00,2023-11-22 01:00:00+00:00,2023-11-22 02:00:00+00:00,2023-11-26 21:00:00+00:00,36108.9,37379.4,687.1366746531226,189.38421817988245
REGIME_HYSTERESIS_ADMISSION_GOVERNOR,UNION_FOCUS,E2,1.0,ETH-USDT,2023-11-20 01:00:00+00:00,2023-11-22 01:00:00+00:00,2023-11-22 02:00:00+00:00,2023-11-27 01:00:00+00:00,1955.44,2062.26,1078.8698617006273,473.5783067705995
REGIME_HYSTERESIS_ADMISSION_GOVERNOR,UNION_FOCUS,E2,1.0,SOL-USDT,2023-11-24 19:00:00+00:00,2023-11-27 06:00:00+00:00,2023-11-27 07:00:00+00:00,2023-11-27 19:00:00+00:00,56.872,54.456,-897.5450852034267,-1189.8573273350041
REGIME_HYSTERESIS_ADMISSION_GOVERNOR,UNION_FOCUS,E2,1.0,SHIB-USDT,2023-11-25 08:00:00+00:00,2023-11-27 06:00:00+00:00,2023-11-27 07:00:00+00:00,2023-11-28 08:00:00+00:00,8.359e-06,8.106e-06,-657.2198183404726,-645.8054374874176
REGIME_HYSTERESIS_ADMISSION_GOVERNOR,UNION_FOCUS,E2,1.0,LINK-USDT,2023-11-26 02:00:00+00:00,2023-11-27 06:00:00+00:00,2023-11-27 07:00:00+00:00,2023-11-29 02:00:00+00:00,14.6547,14.5881,-110.26632263737778,-382.2523933781133
REGIME_HYSTERESIS_ADMISSION_GOVERNOR,UNION_FOCUS,E2,1.0,AVAX-USDT,2023-12-19 01:00:00+00:00,2023-12-19 20:00:00+00:00,2023-12-19 21:00:00+00:00,2023-12-26 01:00:00+00:00,40.468,48.192,3751.9648943387224,3392.403999028585
REGIME_HYSTERESIS_ADMISSION_GOVERNOR,UNION_FOCUS,E2,1.0,BTC-USDT,2023-12-19 03:00:00+00:00,2023-12-19 20:00:00+00:00,2023-12-19 21:00:00+00:00,2023-12-26 03:00:00+00:00,42342.3,43499.2,514.561408014405,37.42459213268583
REGIME_HYSTERESIS_ADMISSION_GOVERNOR,UNION_FOCUS,E2,1.0,SOL-USDT,2023-12-19 06:00:00+00:00,2023-12-19 20:00:00+00:00,2023-12-19 21:00:00+00:00,2023-12-26 06:00:00+00:00,74.274,120.434,12185.2819661037,11770.622273576533
REGIME_HYSTERESIS_ADMISSION_GOVERNOR,UNION_FOCUS,E2,2.0,AVAX-USDT,2022-01-01 19:00:00+00:00,2022-01-03 22:00:00+00:00,2022-01-03 23:00:00+00:00,2022-01-04 19:00:00+00:00,108.175,107.591,-67.61851388607542,-514.7073926945066
REGIME_HYSTERESIS_ADMISSION_GOVERNOR,UNION_FOCUS,E2,2.0,ETH-USDT,2022-01-02 18:00:00+00:00,2022-01-03 22:00:00+00:00,2022-01-03 23:00:00+00:00,2022-01-05 18:00:00+00:00,3723.14,3792.5,140.57201737353574,-154.44763139331246
REGIME_HYSTERESIS_ADMISSION_GOVERNOR,UNION_FOCUS,E2,2.0,ETH-USDT,2022-02-09 21:00:00+00:00,2022-02-11 12:00:00+00:00,2022-02-11 13:00:00+00:00,2022-02-12 21:00:00+00:00,3088.1,2953.22,-783.37155758505,-1702.9983040880695
REGIME_HYSTERESIS_ADMISSION_GOVERNOR,UNION_FOCUS,E2,2.0,XRP-USDT,2022-03-27 23:00:00+00:00,2022-04-01 15:00:00+00:00,2022-04-01 16:00:00+00:00,2022-04-03 23:00:00+00:00,0.82803,0.84535,276.90757428991276,-206.39701301897145
REGIME_HYSTERESIS_ADMISSION_GOVERNOR,UNION_FOCUS,E2,2.0,AVAX-USDT,2022-03-29 12:00:00+00:00,2022-04-01 15:00:00+00:00,2022-04-01 16:00:00+00:00,2022-04-05 12:00:00+00:00,96.689,95.558,-253.7749691519831,225.16057449207767
REGIME_HYSTERESIS_ADMISSION_GOVERNOR,UNION_FOCUS,E2,2.0,SOL-USDT,2022-03-30 15:00:00+00:00,2022-04-01 15:00:00+00:00,2022-04-01 16:00:00+00:00,2022-04-06 15:00:00+00:00,132.627,119.093,-2059.4926621448444,418.99954197714936
REGIME_HYSTERESIS_ADMISSION_GOVERNOR,UNION_FOCUS,E2,2.0,ATOM-USDT,2022-04-03 20:00:00+00:00,2022-04-05 10:00:00+00:00,2022-04-05 11:00:00+00:00,2022-04-06 20:00:00+00:00,30.4943,27.4917,-1702.7976261934145,-2544.642514961212
REGIME_HYSTERESIS_ADMISSION_GOVERNOR,UNION_FOCUS,E2,2.0,ETH-USDT,2022-04-04 00:00:00+00:00,2022-04-05 10:00:00+00:00,2022-04-05 11:00:00+00:00,2022-04-07 00:00:00+00:00,3508.97,3188.37,-1655.1969799320211,-1879.679258395072
REGIME_HYSTERESIS_ADMISSION_GOVERNOR,UNION_FOCUS,E2,2.0,BTC-USDT,2022-07-21 11:00:00+00:00,2022-07-21 16:00:00+00:00,2022-07-21 17:00:00+00:00,2022-07-24 11:00:00+00:00,22638.0,22618.4,-54.153335816843665,-356.627516289531
REGIME_HYSTERESIS_ADMISSION_GOVERNOR,UNION_FOCUS,E2,2.0,ETH-USDT,2022-07-21 03:00:00+00:00,2022-07-21 16:00:00+00:00,2022-07-21 17:00:00+00:00,2022-07-28 03:00:00+00:00,1510.72,1615.47,1079.218212449833,824.1061068426434
REGIME_HYSTERESIS_ADMISSION_GOVERNOR,UNION_FOCUS,E2,2.0,ADA-USDT,2022-07-21 09:00:00+00:00,2022-07-21 16:00:00+00:00,2022-07-21 17:00:00+00:00,2022-07-28 09:00:00+00:00,0.4826,0.500097,540.6359333509641,246.38668283540306
REGIME_HYSTERESIS_ADMISSION_GOVERNOR,UNION_FOCUS,E2,2.0,ADA-USDT,2022-10-29 18:00:00+00:00,2022-11-01 16:00:00+00:00,2022-11-01 17:00:00+00:00,2022-11-01 18:00:00+00:00,0.40327,0.401296,-117.3598338330898,-1224.9443496554582
REGIME_HYSTERESIS_ADMISSION_GOVERNOR,UNION_FOCUS,E2,2.0,LUNC-USDT,2022-10-30 10:00:00+00:00,2022-11-01 16:00:00+00:00,2022-11-01 17:00:00+00:00,2022-11-02 10:00:00+00:00,0.00023691,0.0002222,-1001.9252959944556,-2286.3429221772294
REGIME_HYSTERESIS_ADMISSION_GOVERNOR,UNION_FOCUS,E2,2.0,LTC-USDT,2023-01-12 01:00:00+00:00,2023-01-17 06:00:00+00:00,2023-01-17 07:00:00+00:00,2023-01-19 01:00:00+00:00,86.048,82.617,-647.2923491291067,-343.23710499682574
REGIME_HYSTERESIS_ADMISSION_GOVERNOR,UNION_FOCUS,E2,2.0,SOL-USDT,2023-01-13 23:00:00+00:00,2023-01-17 06:00:00+00:00,2023-01-17 07:00:00+00:00,2023-01-20 23:00:00+00:00,23.546,24.269,287.52260638867983,2547.6112820818407
REGIME_HYSTERESIS_ADMISSION_GOVERNOR,UNION_FOCUS,E2,2.0,SOL-USDT,2023-01-29 19:00:00+00:00,2023-01-30 18:00:00+00:00,2023-01-30 19:00:00+00:00,2023-02-01 19:00:00+00:00,24.261,22.655,-1046.9603757139919,-2355.905247095183
REGIME_HYSTERESIS_ADMISSION_GOVERNOR,UNION_FOCUS,E2,2.0,BTC-USDT,2023-01-29 20:00:00+00:00,2023-01-30 18:00:00+00:00,2023-01-30 19:00:00+00:00,2023-02-01 20:00:00+00:00,23112.3,23075.1,-66.20616607138047,-504.523321827319
REGIME_HYSTERESIS_ADMISSION_GOVERNOR,UNION_FOCUS,E2,2.0,ETH-USDT,2023-01-29 20:00:00+00:00,2023-01-30 18:00:00+00:00,2023-01-30 19:00:00+00:00,2023-02-01 20:00:00+00:00,1581.02,1580.98,-40.46834634109842,-571.9452626352753
REGIME_HYSTERESIS_ADMISSION_GOVERNOR,UNION_FOCUS,E2,2.0,LTC-USDT,2023-01-29 20:00:00+00:00,2023-01-30 18:00:00+00:00,2023-01-30 19:00:00+00:00,2023-02-01 20:00:00+00:00,92.092,94.962,448.57942586672283,-409.05090869597046
REGIME_HYSTERESIS_ADMISSION_GOVERNOR,UNION_FOCUS,E2,2.0,DOGE-USDT,2023-01-28 06:00:00+00:00,2023-01-29 01:00:00+00:00,2023-01-29 02:00:00+00:00,2023-02-04 06:00:00+00:00,0.08867,0.09381,897.8963756439915,495.8315034879628
REGIME_HYSTERESIS_ADMISSION_GOVERNOR,UNION_FOCUS,E2,2.0,DOGE-USDT,2023-02-04 19:00:00+00:00,2023-02-07 10:00:00+00:00,2023-02-07 11:00:00+00:00,2023-02-07 19:00:00+00:00,0.09149,0.09211,65.00844313602289,-1208.92184596126
REGIME_HYSTERESIS_ADMISSION_GOVERNOR,UNION_FOCUS,E2,2.0,SHIB-USDT,2023-02-02 02:00:00+00:00,2023-02-07 10:00:00+00:00,2023-02-07 11:00:00+00:00,2023-02-09 02:00:00+00:00,1.4111e-05,1.3747e-05,-521.6320752665938,1872.4799882305165
REGIME_HYSTERESIS_ADMISSION_GOVERNOR,UNION_FOCUS,E2,2.0,BTC-USDT,2023-02-14 16:00:00+00:00,2023-02-19 16:00:00+00:00,2023-02-19 17:00:00+00:00,2023-02-21 16:00:00+00:00,24921.1,24681.7,-212.08451258717994,1637.1309213539164
REGIME_HYSTERESIS_ADMISSION_GOVERNOR,UNION_FOCUS,E2,2.0,ETH-USDT,2023-02-14 16:00:00+00:00,2023-02-19 16:00:00+00:00,2023-02-19 17:00:00+00:00,2023-02-21 16:00:00+00:00,1711.7,1674.77,-414.1153470242372,1128.4928171205322
REGIME_HYSTERESIS_ADMISSION_GOVERNOR,UNION_FOCUS,E2,2.0,DOGE-USDT,2023-02-15 06:00:00+00:00,2023-02-19 16:00:00+00:00,2023-02-19 17:00:00+00:00,2023-02-22 06:00:00+00:00,0.08922,0.08479,-849.472572477237,-178.48261499714212
REGIME_HYSTERESIS_ADMISSION_GOVERNOR,UNION_FOCUS,E2,2.0,SOL-USDT,2023-02-15 11:00:00+00:00,2023-02-19 16:00:00+00:00,2023-02-19 17:00:00+00:00,2023-02-22 11:00:00+00:00,25.256,23.615,-1224.8166357342727,1271.3460331018662
REGIME_HYSTERESIS_ADMISSION_GOVERNOR,UNION_FOCUS,E2,2.0,XRP-USDT,2023-02-15 12:00:00+00:00,2023-02-19 16:00:00+00:00,2023-02-19 17:00:00+00:00,2023-02-22 12:00:00+00:00,0.39622,0.39014,-284.35115652791626,122.99542201492223
REGIME_HYSTERESIS_ADMISSION_GOVERNOR,UNION_FOCUS,E2,2.0,DOGE-USDT,2023-02-28 02:00:00+00:00,2023-03-01 20:00:00+00:00,2023-03-01 21:00:00+00:00,2023-03-03 02:00:00+00:00,0.08113,0.08035,-177.19185519694167,-494.5339548778122
REGIME_HYSTERESIS_ADMISSION_GOVERNOR,UNION_FOCUS,E2,2.0,ETH-USDT,2023-02-28 03:00:00+00:00,2023-03-01 20:00:00+00:00,2023-03-01 21:00:00+00:00,2023-03-03 03:00:00+00:00,1634.68,1553.1,-856.0085464660166,-871.2361139523446
REGIME_HYSTERESIS_ADMISSION_GOVERNOR,UNION_FOCUS,E2,2.0,BTC-USDT,2023-02-28 12:00:00+00:00,2023-03-01 20:00:00+00:00,2023-03-01 21:00:00+00:00,2023-03-03 12:00:00+00:00,23355.0,22352.1,-739.5383414462983,-784.5222916427581
REGIME_HYSTERESIS_ADMISSION_GOVERNOR,UNION_FOCUS,E2,2.0,XRP-USDT,2023-02-28 20:00:00+00:00,2023-03-01 20:00:00+00:00,2023-03-01 21:00:00+00:00,2023-03-03 20:00:00+00:00,0.38046,0.36845,-554.9128396550899,-650.3652076482684
REGIME_HYSTERESIS_ADMISSION_GOVERNOR,UNION_FOCUS,E2,2.0,OP-USDT,2023-03-19 02:00:00+00:00,2023-03-21 03:00:00+00:00,2023-03-21 04:00:00+00:00,2023-03-22 02:00:00+00:00,2.5,2.575,406.95344975691916,-671.4546436280949
REGIME_HYSTERESIS_ADMISSION_GOVERNOR,UNION_FOCUS,E2,2.0,SOL-USDT,2023-03-19 03:00:00+00:00,2023-03-21 03:00:00+00:00,2023-03-21 04:00:00+00:00,2023-03-26 03:00:00+00:00,22.135,20.671,-1113.1530847370493,-770.9380724756736
REGIME_HYSTERESIS_ADMISSION_GOVERNOR,UNION_FOCUS,E2,2.0,XRP-USDT,2023-03-19 12:00:00+00:00,2023-03-21 03:00:00+00:00,2023-03-21 04:00:00+00:00,2023-03-26 12:00:00+00:00,0.38158,0.45678,2986.506697441303,2543.7633669610505
REGIME_HYSTERESIS_ADMISSION_GOVERNOR,UNION_FOCUS,E2,2.0,ETH-USDT,2023-03-23 17:00:00+00:00,2023-03-24 15:00:00+00:00,2023-03-24 16:00:00+00:00,2023-03-26 17:00:00+00:00,1763.19,1763.01,-20.37840745805462,-369.0537242231957
REGIME_HYSTERESIS_ADMISSION_GOVERNOR,UNION_FOCUS,E2,2.0,BTC-USDT,2023-03-19 18:00:00+00:00,2023-03-21 03:00:00+00:00,2023-03-21 04:00:00+00:00,2023-03-26 18:00:00+00:00,27783.2,27703.1,-85.83901951396518,-206.0743660958984
REGIME_HYSTERESIS_ADMISSION_GOVERNOR,UNION_FOCUS,E2,2.0,XRP-USDT,2023-03-26 15:00:00+00:00,2023-03-27 09:00:00+00:00,2023-03-27 10:00:00+00:00,2023-04-02 15:00:00+00:00,0.4665,0.52172,1910.0780090204553,2340.409472243059
REGIME_HYSTERESIS_ADMISSION_GOVERNOR,UNION_FOCUS,E2,2.0,OP-USDT,2023-03-31 01:00:00+00:00,2023-04-01 09:00:00+00:00,2023-04-01 10:00:00+00:00,2023-04-03 01:00:00+00:00,2.261,2.202,-381.0572785508496,-651.3359102367307
REGIME_HYSTERESIS_ADMISSION_GOVERNOR,UNION_FOCUS,E2,2.0,ETH-USDT,2023-03-29 08:00:00+00:00,2023-04-01 09:00:00+00:00,2023-04-01 10:00:00+00:00,2023-04-05 08:00:00+00:00,1825.25,1912.59,756.5691168994174,899.9612745067931
REGIME_HYSTERESIS_ADMISSION_GOVERNOR,UNION_FOCUS,E2,2.0,BTC-USDT,2023-04-05 02:00:00+00:00,2023-04-07 14:00:00+00:00,2023-04-07 15:00:00+00:00,2023-04-08 02:00:00+00:00,27894.5,27880.1,-48.47799238988605,-522.8892193156478
REGIME_HYSTERESIS_ADMISSION_GOVERNOR,UNION_FOCUS,E2,2.0,OP-USDT,2023-04-05 04:00:00+00:00,2023-04-07 14:00:00+00:00,2023-04-07 15:00:00+00:00,2023-04-08 04:00:00+00:00,2.245,2.274,135.5702910060351,-415.86906338201544
REGIME_HYSTERESIS_ADMISSION_GOVERNOR,UNION_FOCUS,E2,2.0,SHIB-USDT,2023-04-01 11:00:00+00:00,2023-04-04 12:00:00+00:00,2023-04-04 13:00:00+00:00,2023-04-08 11:00:00+00:00,1.1439e-05,1.0986e-05,-719.1512040460343,130.85613731223705
REGIME_HYSTERESIS_ADMISSION_GOVERNOR,UNION_FOCUS,E2,2.0,DOGE-USDT,2023-04-10 18:00:00+00:00,2023-04-17 01:00:00+00:00,2023-04-17 02:00:00+00:00,2023-04-17 18:00:00+00:00,0.08849,0.0906,364.8255451519098,1207.4350306210933
REGIME_HYSTERESIS_ADMISSION_GOVERNOR,UNION_FOCUS,E2,2.0,ETH-USDT,2023-04-10 18:00:00+00:00,2023-04-17 01:00:00+00:00,2023-04-17 02:00:00+00:00,2023-04-17 18:00:00+00:00,2081.61,2080.59,-53.74551715304517,1623.8334018722173
REGIME_HYSTERESIS_ADMISSION_GOVERNOR,UNION_FOCUS,E2,2.0,SHIB-USDT,2023-04-14 02:00:00+00:00,2023-04-17 01:00:00+00:00,2023-04-17 02:00:00+00:00,2023-04-21 02:00:00+00:00,1.1279e-05,1.0666e-05,-912.9782618648837,-950.3621786399092
REGIME_HYSTERESIS_ADMISSION_GOVERNOR,UNION_FOCUS,E2,2.0,ETH-USDT,2023-05-05 12:00:00+00:00,2023-05-08 01:00:00+00:00,2023-05-08 02:00:00+00:00,2023-05-08 12:00:00+00:00,1881.59,1856.98,-239.8628664984738,-467.91111879559804
REGIME_HYSTERESIS_ADMISSION_GOVERNOR,UNION_FOCUS,E2,2.0,SOL-USDT,2023-05-05 18:00:00+00:00,2023-05-08 01:00:00+00:00,2023-05-08 02:00:00+00:00,2023-05-08 18:00:00+00:00,21.746,21.117,-477.93116076069424,-1058.5594176017157
REGIME_HYSTERESIS_ADMISSION_GOVERNOR,UNION_FOCUS,E2,2.0,GRAM-USDT,2023-05-06 22:00:00+00:00,2023-05-08 01:00:00+00:00,2023-05-08 02:00:00+00:00,2023-05-09 22:00:00+00:00,2.0477,1.9584,-633.6251151266782,-821.1376815761168
REGIME_HYSTERESIS_ADMISSION_GOVERNOR,UNION_FOCUS,E2,2.0,BTC-USDT,2023-05-04 21:00:00+00:00,2023-05-08 01:00:00+00:00,2023-05-08 02:00:00+00:00,2023-05-11 21:00:00+00:00,28571.4,26840.7,-970.8989145620287,-1184.6700932211588
REGIME_HYSTERESIS_ADMISSION_GOVERNOR,UNION_FOCUS,E2,2.0,INJ-USDT,2023-06-26 11:00:00+00:00,2023-06-27 08:00:00+00:00,2023-06-27 09:00:00+00:00,2023-07-03 11:00:00+00:00,7.726,8.821,2199.4800308907083,3195.6390448323823
REGIME_HYSTERESIS_ADMISSION_GOVERNOR,UNION_FOCUS,E2,2.0,BTC-USDT,2023-07-03 17:00:00+00:00,2023-07-06 01:00:00+00:00,2023-07-06 02:00:00+00:00,2023-07-06 17:00:00+00:00,30414.3,30406.6,-42.59004279091772,-411.3020957060207
REGIME_HYSTERESIS_ADMISSION_GOVERNOR,UNION_FOCUS,E2,2.0,LTC-USDT,2023-06-30 05:00:00+00:00,2023-07-06 01:00:00+00:00,2023-07-06 02:00:00+00:00,2023-07-07 05:00:00+00:00,101.818,97.192,-766.243563948019,130.82769508173942
REGIME_HYSTERESIS_ADMISSION_GOVERNOR,UNION_FOCUS,E2,2.0,SOL-USDT,2023-06-30 05:00:00+00:00,2023-07-06 01:00:00+00:00,2023-07-06 02:00:00+00:00,2023-07-07 05:00:00+00:00,19.294,20.223,699.4988758420701,930.1117169619284
REGIME_HYSTERESIS_ADMISSION_GOVERNOR,UNION_FOCUS,E2,2.0,ETH-USDT,2023-06-30 19:00:00+00:00,2023-07-06 01:00:00+00:00,2023-07-06 02:00:00+00:00,2023-07-07 19:00:00+00:00,1904.44,1867.03,-168.85584542628123,-298.6346393350383
REGIME_HYSTERESIS_ADMISSION_GOVERNOR,UNION_FOCUS,E2,2.0,XRP-USDT,2023-07-02 04:00:00+00:00,2023-07-06 01:00:00+00:00,2023-07-06 02:00:00+00:00,2023-07-09 04:00:00+00:00,0.47548,0.47064,-194.2899796056637,-471.5889854180454
REGIME_HYSTERESIS_ADMISSION_GOVERNOR,UNION_FOCUS,E2,2.0,INJ-USDT,2023-07-10 02:00:00+00:00,2023-07-10 02:00:00+00:00,2023-07-10 03:00:00+00:00,2023-07-13 02:00:00+00:00,8.033,7.886,-310.9264610596052,-641.9205148433305
REGIME_HYSTERESIS_ADMISSION_GOVERNOR,UNION_FOCUS,E2,2.0,SOL-USDT,2023-07-10 00:00:00+00:00,2023-07-10 02:00:00+00:00,2023-07-10 03:00:00+00:00,2023-07-17 00:00:00+00:00,20.912,27.62,4759.257999492844,4376.1040197650345
REGIME_HYSTERESIS_ADMISSION_GOVERNOR,UNION_FOCUS,E2,2.0,XRP-USDT,2023-07-10 21:00:00+00:00,2023-07-17 19:00:00+00:00,2023-07-17 20:00:00+00:00,2023-07-17 21:00:00+00:00,0.72636,0.73409,188.35493759420407,8051.709267112715
REGIME_HYSTERESIS_ADMISSION_GOVERNOR,UNION_FOCUS,E2,2.0,LTC-USDT,2023-07-20 10:00:00+00:00,2023-07-22 01:00:00+00:00,2023-07-22 02:00:00+00:00,2023-07-23 10:00:00+00:00,95.404,92.895,-500.06142008052205,-431.46672686907124
REGIME_HYSTERESIS_ADMISSION_GOVERNOR,UNION_FOCUS,E2,2.0,BTC-USDT,2023-07-20 11:00:00+00:00,2023-07-22 01:00:00+00:00,2023-07-22 02:00:00+00:00,2023-07-23 11:00:00+00:00,29985.6,29902.6,-89.85733817944617,-326.41746867794274
REGIME_HYSTERESIS_ADMISSION_GOVERNOR,UNION_FOCUS,E2,2.0,BTC-USDT,2023-07-23 19:00:00+00:00,2023-07-24 06:00:00+00:00,2023-07-24 07:00:00+00:00,2023-07-26 19:00:00+00:00,29799.3,29266.6,-345.09291619272324,-570.2491607752831
REGIME_HYSTERESIS_ADMISSION_GOVERNOR,UNION_FOCUS,E2,2.0,LTC-USDT,2023-07-23 22:00:00+00:00,2023-07-24 06:00:00+00:00,2023-07-24 07:00:00+00:00,2023-07-26 22:00:00+00:00,92.48,90.431,-417.97800316097266,-620.322069831842
REGIME_HYSTERESIS_ADMISSION_GOVERNOR,UNION_FOCUS,E2,2.0,BTC-USDT,2023-08-14 17:00:00+00:00,2023-08-14 20:00:00+00:00,2023-08-14 21:00:00+00:00,2023-08-17 17:00:00+00:00,29359.4,27935.9,-854.6496973017705,-1035.6156515567254
REGIME_HYSTERESIS_ADMISSION_GOVERNOR,UNION_FOCUS,E2,2.0,SOL-USDT,2023-08-14 18:00:00+00:00,2023-08-14 20:00:00+00:00,2023-08-14 21:00:00+00:00,2023-08-17 18:00:00+00:00,24.827,23.047,-1235.930947533644,-1519.0587374578972
REGIME_HYSTERESIS_ADMISSION_GOVERNOR,UNION_FOCUS,E2,2.0,XMR-USDT,2023-08-14 19:00:00+00:00,2023-08-14 20:00:00+00:00,2023-08-14 21:00:00+00:00,2023-08-17 19:00:00+00:00,159.09,149.87,-1017.7669845062061,-1052.5122547498581
REGIME_HYSTERESIS_ADMISSION_GOVERNOR,UNION_FOCUS,E2,2.0,SHIB-USDT,2023-09-20 23:00:00+00:00,2023-09-21 10:00:00+00:00,2023-09-21 11:00:00+00:00,2023-09-27 23:00:00+00:00,7.293e-06,7.197e-06,-196.09464911329363,-503.38572008489444
REGIME_HYSTERESIS_ADMISSION_GOVERNOR,UNION_FOCUS,E2,2.0,XRP-USDT,2023-10-04 00:00:00+00:00,2023-10-05 00:00:00+00:00,2023-10-05 01:00:00+00:00,2023-10-07 00:00:00+00:00,0.53271,0.5264,-226.8793719423946,-123.33999845456097
REGIME_HYSTERESIS_ADMISSION_GOVERNOR,UNION_FOCUS,E2,2.0,SOL-USDT,2023-10-01 12:00:00+00:00,2023-10-05 00:00:00+00:00,2023-10-05 01:00:00+00:00,2023-10-08 12:00:00+00:00,23.129,23.169,-12.573858674033982,-27.82069274480618
REGIME_HYSTERESIS_ADMISSION_GOVERNOR,UNION_FOCUS,E2,2.0,BTC-USDT,2023-10-23 05:00:00+00:00,2023-10-27 13:00:00+00:00,2023-10-27 14:00:00+00:00,2023-10-30 05:00:00+00:00,34119.9,34269.6,35.01512292562091,1841.9654937157734
REGIME_HYSTERESIS_ADMISSION_GOVERNOR,UNION_FOCUS,E2,2.0,SOL-USDT,2023-10-27 08:00:00+00:00,2023-10-27 13:00:00+00:00,2023-10-27 14:00:00+00:00,2023-10-30 08:00:00+00:00,32.923,32.524,-257.56769951991566,-276.9760378115904
REGIME_HYSTERESIS_ADMISSION_GOVERNOR,UNION_FOCUS,E2,2.0,SHIB-USDT,2023-10-23 10:00:00+00:00,2023-10-27 13:00:00+00:00,2023-10-27 14:00:00+00:00,2023-10-30 10:00:00+00:00,7.894e-06,8.002e-06,203.92686087603587,1640.4414808273714
REGIME_HYSTERESIS_ADMISSION_GOVERNOR,UNION_FOCUS,E2,2.0,XMR-USDT,2023-10-29 16:00:00+00:00,2023-11-05 01:00:00+00:00,2023-11-05 02:00:00+00:00,2023-11-05 16:00:00+00:00,168.43,168.51,-36.805878252401655,441.0719817822917
REGIME_HYSTERESIS_ADMISSION_GOVERNOR,UNION_FOCUS,E2,2.0,ETH-USDT,2023-10-30 10:00:00+00:00,2023-11-05 01:00:00+00:00,2023-11-05 02:00:00+00:00,2023-11-06 10:00:00+00:00,1850.9,1885.16,287.22900241434553,552.5394546767732
REGIME_HYSTERESIS_ADMISSION_GOVERNOR,UNION_FOCUS,E2,2.0,SOL-USDT,2023-10-30 10:00:00+00:00,2023-11-05 01:00:00+00:00,2023-11-05 02:00:00+00:00,2023-11-06 10:00:00+00:00,41.866,40.197,-924.1004532055078,3220.601649552508
REGIME_HYSTERESIS_ADMISSION_GOVERNOR,UNION_FOCUS,E2,2.0,XRP-USDT,2023-10-30 13:00:00+00:00,2023-11-05 01:00:00+00:00,2023-11-05 02:00:00+00:00,2023-11-06 13:00:00+00:00,0.62279,0.70238,2467.9440316931514,4331.519765554055
REGIME_HYSTERESIS_ADMISSION_GOVERNOR,UNION_FOCUS,E2,2.0,SOL-USDT,2023-11-07 19:00:00+00:00,2023-11-13 18:00:00+00:00,2023-11-13 19:00:00+00:00,2023-11-14 19:00:00+00:00,53.632,53.723,-19.064064366780897,4600.60674767177
REGIME_HYSTERESIS_ADMISSION_GOVERNOR,UNION_FOCUS,E2,2.0,BTC-USDT,2023-11-07 22:00:00+00:00,2023-11-13 18:00:00+00:00,2023-11-13 19:00:00+00:00,2023-11-14 22:00:00+00:00,36670.0,35288.7,-788.329882436499,-272.6099070021723
REGIME_HYSTERESIS_ADMISSION_GOVERNOR,UNION_FOCUS,E2,2.0,ETH-USDT,2023-11-09 04:00:00+00:00,2023-11-13 18:00:00+00:00,2023-11-13 19:00:00+00:00,2023-11-16 04:00:00+00:00,2080.51,2055.66,-296.31288312234494,1264.0970528498146
REGIME_HYSTERESIS_ADMISSION_GOVERNOR,UNION_FOCUS,E2,2.0,LINK-USDT,2023-11-19 20:00:00+00:00,2023-11-22 01:00:00+00:00,2023-11-22 02:00:00+00:00,2023-11-22 20:00:00+00:00,13.6384,14.4705,1055.9364797432822,-304.3992011073161
REGIME_HYSTERESIS_ADMISSION_GOVERNOR,UNION_FOCUS,E2,2.0,BTC-USDT,2023-11-19 21:00:00+00:00,2023-11-22 01:00:00+00:00,2023-11-22 02:00:00+00:00,2023-11-26 21:00:00+00:00,36108.9,37379.4,620.0178251664855,128.7276096988511
REGIME_HYSTERESIS_ADMISSION_GOVERNOR,UNION_FOCUS,E2,2.0,ETH-USDT,2023-11-20 01:00:00+00:00,2023-11-22 01:00:00+00:00,2023-11-22 02:00:00+00:00,2023-11-27 01:00:00+00:00,1955.44,2062.26,986.8806646545701,394.7530909775788
REGIME_HYSTERESIS_ADMISSION_GOVERNOR,UNION_FOCUS,E2,2.0,SOL-USDT,2023-11-24 19:00:00+00:00,2023-11-27 06:00:00+00:00,2023-11-27 07:00:00+00:00,2023-11-27 19:00:00+00:00,56.872,54.456,-864.3220099109028,-1162.6940184906564
REGIME_HYSTERESIS_ADMISSION_GOVERNOR,UNION_FOCUS,E2,2.0,SHIB-USDT,2023-11-25 08:00:00+00:00,2023-11-27 06:00:00+00:00,2023-11-27 07:00:00+00:00,2023-11-28 08:00:00+00:00,8.359e-06,8.106e-06,-639.5884064201382,-653.3039867601797
REGIME_HYSTERESIS_ADMISSION_GOVERNOR,UNION_FOCUS,E2,2.0,LINK-USDT,2023-11-26 02:00:00+00:00,2023-11-27 06:00:00+00:00,2023-11-27 07:00:00+00:00,2023-11-29 02:00:00+00:00,14.6547,14.5881,-124.93508360524979,-401.0758581634236
REGIME_HYSTERESIS_ADMISSION_GOVERNOR,UNION_FOCUS,E2,2.0,AVAX-USDT,2023-12-19 01:00:00+00:00,2023-12-19 20:00:00+00:00,2023-12-19 21:00:00+00:00,2023-12-26 01:00:00+00:00,40.468,48.192,3469.612229896355,3111.0032980857773
REGIME_HYSTERESIS_ADMISSION_GOVERNOR,UNION_FOCUS,E2,2.0,BTC-USDT,2023-12-19 03:00:00+00:00,2023-12-19 20:00:00+00:00,2023-12-19 21:00:00+00:00,2023-12-26 03:00:00+00:00,42342.3,43499.2,455.8527853711304,-12.318526564895606
REGIME_HYSTERESIS_ADMISSION_GOVERNOR,UNION_FOCUS,E2,2.0,SOL-USDT,2023-12-19 06:00:00+00:00,2023-12-19 20:00:00+00:00,2023-12-19 21:00:00+00:00,2023-12-26 06:00:00+00:00,74.274,120.434,11315.27689674531,10905.597308022543
REGIME_HYSTERESIS_ADMISSION_GOVERNOR,MOMENTUM_BREAKOUT,E2,1.0,AVAX-USDT,2022-01-01 19:00:00+00:00,2022-01-04 14:00:00+00:00,2022-01-04 15:00:00+00:00,2022-01-04 19:00:00+00:00,107.643,107.591,-14.78361636909796,-492.7959984497628
REGIME_HYSTERESIS_ADMISSION_GOVERNOR,MOMENTUM_BREAKOUT,E2,1.0,ETH-USDT,2022-01-02 18:00:00+00:00,2022-01-04 14:00:00+00:00,2022-01-04 15:00:00+00:00,2022-01-05 18:00:00+00:00,3866.54,3792.5,-184.96704519738125,-132.0671071319737
REGIME_HYSTERESIS_ADMISSION_GOVERNOR,MOMENTUM_BREAKOUT,E2,1.0,ATOM-USDT,2022-02-25 23:00:00+00:00,2022-02-26 13:00:00+00:00,2022-02-26 14:00:00+00:00,2022-03-04 23:00:00+00:00,28.6787,30.9364,665.5732197645115,1051.0549289612193
REGIME_HYSTERESIS_ADMISSION_GOVERNOR,MOMENTUM_BREAKOUT,E2,1.0,ETH-USDT,2022-02-26 00:00:00+00:00,2022-02-26 13:00:00+00:00,2022-02-26 14:00:00+00:00,2022-03-05 00:00:00+00:00,2762.48,2612.38,-450.72743679543555,-547.593750066481
REGIME_HYSTERESIS_ADMISSION_GOVERNOR,MOMENTUM_BREAKOUT,E2,1.0,SOL-USDT,2022-02-26 00:00:00+00:00,2022-02-26 13:00:00+00:00,2022-02-26 14:00:00+00:00,2022-03-05 00:00:00+00:00,90.748,88.444,-209.11076660364708,-564.5708368387092
REGIME_HYSTERESIS_ADMISSION_GOVERNOR,MOMENTUM_BREAKOUT,E2,1.0,XRP-USDT,2022-03-27 23:00:00+00:00,2022-04-01 15:00:00+00:00,2022-04-01 16:00:00+00:00,2022-04-03 23:00:00+00:00,0.82803,0.84535,296.52732615439623,-167.96579133397725
REGIME_HYSTERESIS_ADMISSION_GOVERNOR,MOMENTUM_BREAKOUT,E2,1.0,AVAX-USDT,2022-03-30 17:00:00+00:00,2022-04-01 15:00:00+00:00,2022-04-01 16:00:00+00:00,2022-04-06 17:00:00+00:00,96.689,85.139,-2138.479050997527,-2233.7602307699494
REGIME_HYSTERESIS_ADMISSION_GOVERNOR,MOMENTUM_BREAKOUT,E2,1.0,SOL-USDT,2022-03-31 12:00:00+00:00,2022-04-01 15:00:00+00:00,2022-04-01 16:00:00+00:00,2022-04-07 12:00:00+00:00,132.627,115.228,-2504.664166511806,-1638.8922033608117
REGIME_HYSTERESIS_ADMISSION_GOVERNOR,MOMENTUM_BREAKOUT,E2,1.0,XRP-USDT,2022-04-15 03:00:00+00:00,2022-04-17 15:00:00+00:00,2022-04-17 16:00:00+00:00,2022-04-22 03:00:00+00:00,0.77955,0.73261,-532.2338825493854,-118.2508252612182
REGIME_HYSTERESIS_ADMISSION_GOVERNOR,MOMENTUM_BREAKOUT,E2,1.0,ETH-USDT,2022-07-22 11:00:00+00:00,2022-07-23 23:00:00+00:00,2022-07-24 00:00:00+00:00,2022-07-25 11:00:00+00:00,1541.76,1535.4,-83.61782849417297,-1002.7742530437439
REGIME_HYSTERESIS_ADMISSION_GOVERNOR,MOMENTUM_BREAKOUT,E2,1.0,ETH-USDT,2022-08-23 20:00:00+00:00,2022-08-26 09:00:00+00:00,2022-08-26 10:00:00+00:00,2022-08-26 20:00:00+00:00,1659.36,1559.28,-518.7284343516665,-515.2242029767266
REGIME_HYSTERESIS_ADMISSION_GOVERNOR,MOMENTUM_BREAKOUT,E2,1.0,XRP-USDT,2022-08-24 21:00:00+00:00,2022-08-26 09:00:00+00:00,2022-08-26 10:00:00+00:00,2022-08-27 21:00:00+00:00,0.37011,0.335,-856.7136959848494,-374.1369955881971
REGIME_HYSTERESIS_ADMISSION_GOVERNOR,MOMENTUM_BREAKOUT,E2,1.0,ADA-USDT,2022-08-25 22:00:00+00:00,2022-08-26 09:00:00+00:00,2022-08-26 10:00:00+00:00,2022-08-28 22:00:00+00:00,0.478575,0.44265,-651.3187849148035,-564.5151594333666
REGIME_HYSTERESIS_ADMISSION_GOVERNOR,MOMENTUM_BREAKOUT,E2,1.0,SOL-USDT,2023-01-29 19:00:00+00:00,2023-01-31 08:00:00+00:00,2023-01-31 09:00:00+00:00,2023-02-01 19:00:00+00:00,24.123,22.655,-928.9252249035758,-2284.6700389456937
REGIME_HYSTERESIS_ADMISSION_GOVERNOR,MOMENTUM_BREAKOUT,E2,1.0,BTC-USDT,2023-01-29 20:00:00+00:00,2023-01-31 08:00:00+00:00,2023-01-31 09:00:00+00:00,2023-02-01 20:00:00+00:00,22976.2,23075.1,48.20100718418058,-457.29880892547885
REGIME_HYSTERESIS_ADMISSION_GOVERNOR,MOMENTUM_BREAKOUT,E2,1.0,ETH-USDT,2023-01-29 20:00:00+00:00,2023-01-31 08:00:00+00:00,2023-01-31 09:00:00+00:00,2023-02-01 20:00:00+00:00,1579.91,1580.98,-9.06006829720131,-524.0033177828526
REGIME_HYSTERESIS_ADMISSION_GOVERNOR,MOMENTUM_BREAKOUT,E2,1.0,LTC-USDT,2023-01-29 20:00:00+00:00,2023-01-31 08:00:00+00:00,2023-01-31 09:00:00+00:00,2023-02-01 20:00:00+00:00,94.709,94.962,22.57565899414672,-363.23554088810863
REGIME_HYSTERESIS_ADMISSION_GOVERNOR,MOMENTUM_BREAKOUT,E2,1.0,DOGE-USDT,2023-01-28 06:00:00+00:00,2023-01-29 01:00:00+00:00,2023-01-29 02:00:00+00:00,2023-02-04 06:00:00+00:00,0.08867,0.09381,906.1740494671651,530.3167809447806
REGIME_HYSTERESIS_ADMISSION_GOVERNOR,MOMENTUM_BREAKOUT,E2,1.0,BTC-USDT,2023-02-14 16:00:00+00:00,2023-02-19 16:00:00+00:00,2023-02-19 17:00:00+00:00,2023-02-21 16:00:00+00:00,24921.1,24681.7,-188.45285369347985,1661.6827848808277
REGIME_HYSTERESIS_ADMISSION_GOVERNOR,MOMENTUM_BREAKOUT,E2,1.0,ETH-USDT,2023-02-14 16:00:00+00:00,2023-02-19 16:00:00+00:00,2023-02-19 17:00:00+00:00,2023-02-21 16:00:00+00:00,1711.7,1674.77,-389.1936798457661,1157.7357469525914
REGIME_HYSTERESIS_ADMISSION_GOVERNOR,MOMENTUM_BREAKOUT,E2,1.0,XRP-USDT,2023-02-15 12:00:00+00:00,2023-02-19 16:00:00+00:00,2023-02-19 17:00:00+00:00,2023-02-22 12:00:00+00:00,0.39622,0.39014,-264.3630535458022,161.84937553459008
REGIME_HYSTERESIS_ADMISSION_GOVERNOR,MOMENTUM_BREAKOUT,E2,1.0,SOL-USDT,2023-02-15 21:00:00+00:00,2023-02-19 16:00:00+00:00,2023-02-19 17:00:00+00:00,2023-02-22 21:00:00+00:00,25.256,23.785,-1032.7004426134572,495.8064855269559
REGIME_HYSTERESIS_ADMISSION_GOVERNOR,MOMENTUM_BREAKOUT,E2,1.0,XRP-USDT,2023-03-19 12:00:00+00:00,2023-03-25 15:00:00+00:00,2023-03-25 16:00:00+00:00,2023-03-26 12:00:00+00:00,0.45966,0.45678,-140.16498436403236,2605.0953782238607
REGIME_HYSTERESIS_ADMISSION_GOVERNOR,MOMENTUM_BREAKOUT,E2,1.0,ETH-USDT,2023-03-23 17:00:00+00:00,2023-03-25 15:00:00+00:00,2023-03-25 16:00:00+00:00,2023-03-26 17:00:00+00:00,1748.57,1763.01,54.255754060757184,-348.4260530300709
REGIME_HYSTERESIS_ADMISSION_GOVERNOR,MOMENTUM_BREAKOUT,E2,1.0,BTC-USDT,2023-03-19 18:00:00+00:00,2023-03-25 15:00:00+00:00,2023-03-25 16:00:00+00:00,2023-03-26 18:00:00+00:00,27526.3,27703.1,81.08871190389355,-164.85234055153887
REGIME_HYSTERESIS_ADMISSION_GOVERNOR,MOMENTUM_BREAKOUT,E2,1.0,XRP-USDT,2023-03-27 13:00:00+00:00,2023-03-27 13:00:00+00:00,2023-03-27 14:00:00+00:00,2023-04-03 13:00:00+00:00,0.48132,0.51518,1126.2728256234368,1235.9004799786526
REGIME_HYSTERESIS_ADMISSION_GOVERNOR,MOMENTUM_BREAKOUT,E2,1.0,ETH-USDT,2023-03-29 08:00:00+00:00,2023-04-04 12:00:00+00:00,2023-04-04 13:00:00+00:00,2023-04-05 08:00:00+00:00,1864.58,1912.59,419.2946186719111,945.3389888712082
REGIME_HYSTERESIS_ADMISSION_GOVERNOR,MOMENTUM_BREAKOUT,E2,1.0,SHIB-USDT,2023-04-01 14:00:00+00:00,2023-04-04 12:00:00+00:00,2023-04-04 13:00:00+00:00,2023-04-08 14:00:00+00:00,1.1439e-05,1.0924e-05,-391.3943393009272,-132.15310613214825
REGIME_HYSTERESIS_ADMISSION_GOVERNOR,MOMENTUM_BREAKOUT,E2,1.0,INJ-USDT,2023-06-26 14:00:00+00:00,2023-06-27 08:00:00+00:00,2023-06-27 09:00:00+00:00,2023-07-03 14:00:00+00:00,7.726,8.838,2276.152436293915,2759.201869551426
REGIME_HYSTERESIS_ADMISSION_GOVERNOR,MOMENTUM_BREAKOUT,E2,1.0,LTC-USDT,2023-06-30 05:00:00+00:00,2023-07-06 19:00:00+00:00,2023-07-06 20:00:00+00:00,2023-07-07 05:00:00+00:00,98.636,97.192,-255.22642565639487,174.87931306533295
REGIME_HYSTERESIS_ADMISSION_GOVERNOR,MOMENTUM_BREAKOUT,E2,1.0,SOL-USDT,2023-06-30 05:00:00+00:00,2023-07-06 19:00:00+00:00,2023-07-06 20:00:00+00:00,2023-07-07 05:00:00+00:00,20.77,20.223,-471.98700742173,1003.7415991899547
REGIME_HYSTERESIS_ADMISSION_GOVERNOR,MOMENTUM_BREAKOUT,E2,1.0,ETH-USDT,2023-06-30 19:00:00+00:00,2023-07-06 19:00:00+00:00,2023-07-06 20:00:00+00:00,2023-07-07 19:00:00+00:00,1893.6,1867.03,-120.18787490173278,-289.69684353177666
REGIME_HYSTERESIS_ADMISSION_GOVERNOR,MOMENTUM_BREAKOUT,E2,1.0,XRP-USDT,2023-07-02 04:00:00+00:00,2023-07-06 19:00:00+00:00,2023-07-06 20:00:00+00:00,2023-07-09 04:00:00+00:00,0.46895,0.47064,36.853189211268486,-448.6433394325786
REGIME_HYSTERESIS_ADMISSION_GOVERNOR,MOMENTUM_BREAKOUT,E2,1.0,SOL-USDT,2023-07-13 17:00:00+00:00,2023-07-19 03:00:00+00:00,2023-07-19 04:00:00+00:00,2023-07-20 17:00:00+00:00,26.239,25.687,-374.5547562004617,1006.635294823953
REGIME_HYSTERESIS_ADMISSION_GOVERNOR,MOMENTUM_BREAKOUT,E2,1.0,LTC-USDT,2023-07-20 10:00:00+00:00,2023-07-22 01:00:00+00:00,2023-07-22 02:00:00+00:00,2023-07-23 10:00:00+00:00,95.404,92.895,-486.099675189022,-394.5298145865953
REGIME_HYSTERESIS_ADMISSION_GOVERNOR,MOMENTUM_BREAKOUT,E2,1.0,BTC-USDT,2023-07-20 11:00:00+00:00,2023-07-22 01:00:00+00:00,2023-07-22 02:00:00+00:00,2023-07-23 11:00:00+00:00,29985.6,29902.6,-69.6178153992702,-287.8815577718142
REGIME_HYSTERESIS_ADMISSION_GOVERNOR,MOMENTUM_BREAKOUT,E2,1.0,SHIB-USDT,2023-09-20 23:00:00+00:00,2023-09-23 17:00:00+00:00,2023-09-23 18:00:00+00:00,2023-09-27 23:00:00+00:00,7.654e-06,7.197e-06,-801.6261695450166,-471.88379441533573
REGIME_HYSTERESIS_ADMISSION_GOVERNOR,MOMENTUM_BREAKOUT,E2,1.0,XRP-USDT,2023-10-04 00:00:00+00:00,2023-10-05 00:00:00+00:00,2023-10-05 01:00:00+00:00,2023-10-07 00:00:00+00:00,0.53271,0.5264,-217.03624370331943,-88.08181409523236
REGIME_HYSTERESIS_ADMISSION_GOVERNOR,MOMENTUM_BREAKOUT,E2,1.0,SOL-USDT,2023-10-01 12:00:00+00:00,2023-10-05 00:00:00+00:00,2023-10-05 01:00:00+00:00,2023-10-08 12:00:00+00:00,23.129,23.169,8.072530523831311,13.289372523550249
REGIME_HYSTERESIS_ADMISSION_GOVERNOR,MOMENTUM_BREAKOUT,E2,1.0,XMR-USDT,2023-10-29 16:00:00+00:00,2023-11-05 04:00:00+00:00,2023-11-05 05:00:00+00:00,2023-11-05 16:00:00+00:00,169.4,168.51,-124.90160065919667,511.2183605134197
REGIME_HYSTERESIS_ADMISSION_GOVERNOR,MOMENTUM_BREAKOUT,E2,1.0,ETH-USDT,2023-10-30 10:00:00+00:00,2023-11-05 04:00:00+00:00,2023-11-05 05:00:00+00:00,2023-11-06 10:00:00+00:00,1888.64,1885.16,-59.737139888185126,629.1539482413569
REGIME_HYSTERESIS_ADMISSION_GOVERNOR,MOMENTUM_BREAKOUT,E2,1.0,SOL-USDT,2023-10-30 10:00:00+00:00,2023-11-05 04:00:00+00:00,2023-11-05 05:00:00+00:00,2023-11-06 10:00:00+00:00,42.525,40.197,-1307.9985278513452,3442.598980304418
REGIME_HYSTERESIS_ADMISSION_GOVERNOR,MOMENTUM_BREAKOUT,E2,1.0,XRP-USDT,2023-10-30 13:00:00+00:00,2023-11-05 04:00:00+00:00,2023-11-05 05:00:00+00:00,2023-11-06 13:00:00+00:00,0.62488,0.70238,2559.143108793848,4615.446006087993
REGIME_HYSTERESIS_ADMISSION_GOVERNOR,MOMENTUM_BREAKOUT,E2,1.0,SHIB-USDT,2023-11-11 04:00:00+00:00,2023-11-13 21:00:00+00:00,2023-11-13 22:00:00+00:00,2023-11-14 04:00:00+00:00,8.768e-06,8.531e-06,-604.2044983057224,-706.6653294657849
REGIME_HYSTERESIS_ADMISSION_GOVERNOR,MOMENTUM_BREAKOUT,E2,1.0,SOL-USDT,2023-11-07 19:00:00+00:00,2023-11-13 21:00:00+00:00,2023-11-13 22:00:00+00:00,2023-11-14 19:00:00+00:00,53.475,53.723,84.0025122483411,4910.687916598039
REGIME_HYSTERESIS_ADMISSION_GOVERNOR,MOMENTUM_BREAKOUT,E2,1.0,BTC-USDT,2023-11-07 22:00:00+00:00,2023-11-13 21:00:00+00:00,2023-11-13 22:00:00+00:00,2023-11-14 22:00:00+00:00,36779.1,35288.7,-868.8179991363232,-237.53489858741347
REGIME_HYSTERESIS_ADMISSION_GOVERNOR,MOMENTUM_BREAKOUT,E2,1.0,ETH-USDT,2023-11-09 04:00:00+00:00,2023-11-13 21:00:00+00:00,2023-11-13 22:00:00+00:00,2023-11-16 04:00:00+00:00,2085.86,2055.66,-346.69281833054373,1406.0780659952773
REGIME_HYSTERESIS_ADMISSION_GOVERNOR,MOMENTUM_BREAKOUT,E2,2.0,AVAX-USDT,2022-01-01 19:00:00+00:00,2022-01-04 14:00:00+00:00,2022-01-04 15:00:00+00:00,2022-01-04 19:00:00+00:00,107.643,107.591,-25.44501061384169,-514.7073926945066
REGIME_HYSTERESIS_ADMISSION_GOVERNOR,MOMENTUM_BREAKOUT,E2,2.0,ETH-USDT,2022-01-02 18:00:00+00:00,2022-01-04 14:00:00+00:00,2022-01-04 15:00:00+00:00,2022-01-05 18:00:00+00:00,3866.54,3792.5,-196.07541249707776,-154.44763139331246
REGIME_HYSTERESIS_ADMISSION_GOVERNOR,MOMENTUM_BREAKOUT,E2,2.0,ATOM-USDT,2022-02-25 23:00:00+00:00,2022-02-26 13:00:00+00:00,2022-02-26 14:00:00+00:00,2022-03-04 23:00:00+00:00,28.6787,30.9364,651.9090069785145,1025.9480109090068
REGIME_HYSTERESIS_ADMISSION_GOVERNOR,MOMENTUM_BREAKOUT,E2,2.0,ETH-USDT,2022-02-26 00:00:00+00:00,2022-02-26 13:00:00+00:00,2022-02-26 14:00:00+00:00,2022-03-05 00:00:00+00:00,2762.48,2612.38,-458.81892046199437,-565.5915110545602
REGIME_HYSTERESIS_ADMISSION_GOVERNOR,MOMENTUM_BREAKOUT,E2,2.0,SOL-USDT,2022-02-26 00:00:00+00:00,2022-02-26 13:00:00+00:00,2022-02-26 14:00:00+00:00,2022-03-05 00:00:00+00:00,90.748,88.444,-217.9455833711259,-582.4240566079374
REGIME_HYSTERESIS_ADMISSION_GOVERNOR,MOMENTUM_BREAKOUT,E2,2.0,XRP-USDT,2022-03-27 23:00:00+00:00,2022-04-01 15:00:00+00:00,2022-04-01 16:00:00+00:00,2022-04-03 23:00:00+00:00,0.82803,0.84535,274.9709387651544,-204.95351408745512
REGIME_HYSTERESIS_ADMISSION_GOVERNOR,MOMENTUM_BREAKOUT,E2,2.0,AVAX-USDT,2022-03-30 17:00:00+00:00,2022-04-01 15:00:00+00:00,2022-04-01 16:00:00+00:00,2022-04-06 17:00:00+00:00,96.689,85.139,-2145.444135793668,-2262.3056017843974
REGIME_HYSTERESIS_ADMISSION_GOVERNOR,MOMENTUM_BREAKOUT,E2,2.0,SOL-USDT,2022-03-31 12:00:00+00:00,2022-04-01 15:00:00+00:00,2022-04-01 16:00:00+00:00,2022-04-07 12:00:00+00:00,132.627,115.228,-2509.97770940641,-1671.8571514489367
REGIME_HYSTERESIS_ADMISSION_GOVERNOR,MOMENTUM_BREAKOUT,E2,2.0,XRP-USDT,2022-04-15 03:00:00+00:00,2022-04-17 15:00:00+00:00,2022-04-17 16:00:00+00:00,2022-04-22 03:00:00+00:00,0.77955,0.73261,-538.1650967482976,-137.65456454483189
REGIME_HYSTERESIS_ADMISSION_GOVERNOR,MOMENTUM_BREAKOUT,E2,2.0,ETH-USDT,2022-07-22 11:00:00+00:00,2022-07-23 23:00:00+00:00,2022-07-24 00:00:00+00:00,2022-07-25 11:00:00+00:00,1541.76,1535.4,-102.17104350494438,-1034.3366762030896
REGIME_HYSTERESIS_ADMISSION_GOVERNOR,MOMENTUM_BREAKOUT,E2,2.0,ETH-USDT,2022-08-23 20:00:00+00:00,2022-08-26 09:00:00+00:00,2022-08-26 10:00:00+00:00,2022-08-26 20:00:00+00:00,1659.36,1559.28,-521.0998324027988,-528.0233934806444
REGIME_HYSTERESIS_ADMISSION_GOVERNOR,MOMENTUM_BREAKOUT,E2,2.0,XRP-USDT,2022-08-24 21:00:00+00:00,2022-08-26 09:00:00+00:00,2022-08-26 10:00:00+00:00,2022-08-27 21:00:00+00:00,0.37011,0.335,-854.3548821508914,-389.10074709967665
REGIME_HYSTERESIS_ADMISSION_GOVERNOR,MOMENTUM_BREAKOUT,E2,2.0,ADA-USDT,2022-08-25 22:00:00+00:00,2022-08-26 09:00:00+00:00,2022-08-26 10:00:00+00:00,2022-08-28 22:00:00+00:00,0.478575,0.44265,-651.6235591081448,-576.4834683347644
REGIME_HYSTERESIS_ADMISSION_GOVERNOR,MOMENTUM_BREAKOUT,E2,2.0,SOL-USDT,2023-01-29 19:00:00+00:00,2023-01-31 08:00:00+00:00,2023-01-31 09:00:00+00:00,2023-02-01 19:00:00+00:00,24.123,22.655,-924.7260381820779,-2269.194043165322
REGIME_HYSTERESIS_ADMISSION_GOVERNOR,MOMENTUM_BREAKOUT,E2,2.0,BTC-USDT,2023-01-29 20:00:00+00:00,2023-01-31 08:00:00+00:00,2023-01-31 09:00:00+00:00,2023-02-01 20:00:00+00:00,22976.2,23075.1,27.696725798988886,-485.9538888247485
REGIME_HYSTERESIS_ADMISSION_GOVERNOR,MOMENTUM_BREAKOUT,E2,2.0,ETH-USDT,2023-01-29 20:00:00+00:00,2023-01-31 08:00:00+00:00,2023-01-31 09:00:00+00:00,2023-02-01 20:00:00+00:00,1579.91,1580.98,-28.14178043279081,-550.8943046792062
REGIME_HYSTERESIS_ADMISSION_GOVERNOR,MOMENTUM_BREAKOUT,E2,2.0,LTC-USDT,2023-01-29 20:00:00+00:00,2023-01-31 08:00:00+00:00,2023-01-31 09:00:00+00:00,2023-02-01 20:00:00+00:00,94.709,94.962,2.559496223659181,-393.99542341897916
REGIME_HYSTERESIS_ADMISSION_GOVERNOR,MOMENTUM_BREAKOUT,E2,2.0,DOGE-USDT,2023-01-28 06:00:00+00:00,2023-01-29 01:00:00+00:00,2023-01-29 02:00:00+00:00,2023-02-04 06:00:00+00:00,0.08867,0.09381,864.8484948634095,477.5819806487908
REGIME_HYSTERESIS_ADMISSION_GOVERNOR,MOMENTUM_BREAKOUT,E2,2.0,BTC-USDT,2023-02-14 16:00:00+00:00,2023-02-19 16:00:00+00:00,2023-02-19 17:00:00+00:00,2023-02-21 16:00:00+00:00,24921.1,24681.7,-204.27855203592813,1576.8748506327215
REGIME_HYSTERESIS_ADMISSION_GOVERNOR,MOMENTUM_BREAKOUT,E2,2.0,ETH-USDT,2023-02-14 16:00:00+00:00,2023-02-19 16:00:00+00:00,2023-02-19 17:00:00+00:00,2023-02-21 16:00:00+00:00,1711.7,1674.77,-398.87346055593446,1086.957627655945
REGIME_HYSTERESIS_ADMISSION_GOVERNOR,MOMENTUM_BREAKOUT,E2,2.0,XRP-USDT,2023-02-15 12:00:00+00:00,2023-02-19 16:00:00+00:00,2023-02-19 17:00:00+00:00,2023-02-22 12:00:00+00:00,0.39622,0.39014,-276.17506255787674,119.4588718543462
REGIME_HYSTERESIS_ADMISSION_GOVERNOR,MOMENTUM_BREAKOUT,E2,2.0,SOL-USDT,2023-02-15 21:00:00+00:00,2023-02-19 16:00:00+00:00,2023-02-19 17:00:00+00:00,2023-02-22 21:00:00+00:00,25.256,23.785,-1023.9475337483219,442.92251927825555
REGIME_HYSTERESIS_ADMISSION_GOVERNOR,MOMENTUM_BREAKOUT,E2,2.0,XRP-USDT,2023-03-19 12:00:00+00:00,2023-03-25 15:00:00+00:00,2023-03-25 16:00:00+00:00,2023-03-26 12:00:00+00:00,0.45966,0.45678,-158.41751153911864,2484.574410951714
REGIME_HYSTERESIS_ADMISSION_GOVERNOR,MOMENTUM_BREAKOUT,E2,2.0,ETH-USDT,2023-03-23 17:00:00+00:00,2023-03-25 15:00:00+00:00,2023-03-25 16:00:00+00:00,2023-03-26 17:00:00+00:00,1748.57,1763.01,43.1114154416439,-357.01132300310775
REGIME_HYSTERESIS_ADMISSION_GOVERNOR,MOMENTUM_BREAKOUT,E2,2.0,BTC-USDT,2023-03-19 18:00:00+00:00,2023-03-25 15:00:00+00:00,2023-03-25 16:00:00+00:00,2023-03-26 18:00:00+00:00,27526.3,27703.1,59.47018984707006,-198.2837816753183
REGIME_HYSTERESIS_ADMISSION_GOVERNOR,MOMENTUM_BREAKOUT,E2,2.0,XRP-USDT,2023-03-27 13:00:00+00:00,2023-03-27 13:00:00+00:00,2023-03-27 14:00:00+00:00,2023-04-03 13:00:00+00:00,0.48132,0.51518,1069.6047737765991,1156.1750794524128
REGIME_HYSTERESIS_ADMISSION_GOVERNOR,MOMENTUM_BREAKOUT,E2,2.0,ETH-USDT,2023-03-29 08:00:00+00:00,2023-04-04 12:00:00+00:00,2023-04-04 13:00:00+00:00,2023-04-05 08:00:00+00:00,1864.58,1912.59,384.70547767975995,873.9671131486202
REGIME_HYSTERESIS_ADMISSION_GOVERNOR,MOMENTUM_BREAKOUT,E2,2.0,SHIB-USDT,2023-04-01 14:00:00+00:00,2023-04-04 12:00:00+00:00,2023-04-04 13:00:00+00:00,2023-04-08 14:00:00+00:00,1.1439e-05,1.0924e-05,-388.3112052037688,-147.50076062392958
REGIME_HYSTERESIS_ADMISSION_GOVERNOR,MOMENTUM_BREAKOUT,E2,2.0,INJ-USDT,2023-06-26 14:00:00+00:00,2023-06-27 08:00:00+00:00,2023-06-27 09:00:00+00:00,2023-07-03 14:00:00+00:00,7.726,8.838,2164.1608398511094,2609.5253855429896
REGIME_HYSTERESIS_ADMISSION_GOVERNOR,MOMENTUM_BREAKOUT,E2,2.0,LTC-USDT,2023-06-30 05:00:00+00:00,2023-07-06 19:00:00+00:00,2023-07-06 20:00:00+00:00,2023-07-07 05:00:00+00:00,98.636,97.192,-263.9182497280244,130.05598107573923
REGIME_HYSTERESIS_ADMISSION_GOVERNOR,MOMENTUM_BREAKOUT,E2,2.0,SOL-USDT,2023-06-30 05:00:00+00:00,2023-07-06 19:00:00+00:00,2023-07-06 20:00:00+00:00,2023-07-07 05:00:00+00:00,20.77,20.223,-473.0249219455307,924.6252621354005
REGIME_HYSTERESIS_ADMISSION_GOVERNOR,MOMENTUM_BREAKOUT,E2,2.0,ETH-USDT,2023-06-30 19:00:00+00:00,2023-07-06 19:00:00+00:00,2023-07-06 20:00:00+00:00,2023-07-07 19:00:00+00:00,1893.6,1867.03,-124.61571641450371,-296.8727196490301
REGIME_HYSTERESIS_ADMISSION_GOVERNOR,MOMENTUM_BREAKOUT,E2,2.0,XRP-USDT,2023-07-02 04:00:00+00:00,2023-07-06 19:00:00+00:00,2023-07-06 20:00:00+00:00,2023-07-09 04:00:00+00:00,0.46895,0.47064,16.474569115402787,-468.6219102435773
REGIME_HYSTERESIS_ADMISSION_GOVERNOR,MOMENTUM_BREAKOUT,E2,2.0,SOL-USDT,2023-07-13 17:00:00+00:00,2023-07-19 03:00:00+00:00,2023-07-19 04:00:00+00:00,2023-07-20 17:00:00+00:00,26.239,25.687,-376.75394439454567,921.7706418540791
REGIME_HYSTERESIS_ADMISSION_GOVERNOR,MOMENTUM_BREAKOUT,E2,2.0,LTC-USDT,2023-07-20 10:00:00+00:00,2023-07-22 01:00:00+00:00,2023-07-22 02:00:00+00:00,2023-07-23 10:00:00+00:00,95.404,92.895,-485.0979354185132,-418.5558213474412
REGIME_HYSTERESIS_ADMISSION_GOVERNOR,MOMENTUM_BREAKOUT,E2,2.0,BTC-USDT,2023-07-20 11:00:00+00:00,2023-07-22 01:00:00+00:00,2023-07-22 02:00:00+00:00,2023-07-23 11:00:00+00:00,29985.6,29902.6,-87.17022819521245,-316.65622205208217
REGIME_HYSTERESIS_ADMISSION_GOVERNOR,MOMENTUM_BREAKOUT,E2,2.0,SHIB-USDT,2023-09-20 23:00:00+00:00,2023-09-23 17:00:00+00:00,2023-09-23 18:00:00+00:00,2023-09-27 23:00:00+00:00,7.654e-06,7.197e-06,-817.1018937118299,-503.38572008489444
REGIME_HYSTERESIS_ADMISSION_GOVERNOR,MOMENTUM_BREAKOUT,E2,2.0,XRP-USDT,2023-10-04 00:00:00+00:00,2023-10-05 00:00:00+00:00,2023-10-05 01:00:00+00:00,2023-10-07 00:00:00+00:00,0.53271,0.5264,-225.42384710365874,-122.54872144324264
REGIME_HYSTERESIS_ADMISSION_GOVERNOR,MOMENTUM_BREAKOUT,E2,2.0,SOL-USDT,2023-10-01 12:00:00+00:00,2023-10-05 00:00:00+00:00,2023-10-05 01:00:00+00:00,2023-10-08 12:00:00+00:00,23.129,23.169,-12.493192179490542,-27.642211515004462
REGIME_HYSTERESIS_ADMISSION_GOVERNOR,MOMENTUM_BREAKOUT,E2,2.0,XMR-USDT,2023-10-29 16:00:00+00:00,2023-11-05 04:00:00+00:00,2023-11-05 05:00:00+00:00,2023-11-05 16:00:00+00:00,169.4,168.51,-141.08174453960595,440.02140262785656
REGIME_HYSTERESIS_ADMISSION_GOVERNOR,MOMENTUM_BREAKOUT,E2,2.0,ETH-USDT,2023-10-30 10:00:00+00:00,2023-11-05 04:00:00+00:00,2023-11-05 05:00:00+00:00,2023-11-06 10:00:00+00:00,1888.64,1885.16,-79.44802101699614,551.1823430280502
REGIME_HYSTERESIS_ADMISSION_GOVERNOR,MOMENTUM_BREAKOUT,E2,2.0,SOL-USDT,2023-10-30 10:00:00+00:00,2023-11-05 04:00:00+00:00,2023-11-05 05:00:00+00:00,2023-11-06 10:00:00+00:00,42.525,40.197,-1265.141859735442,3212.6914162152934
REGIME_HYSTERESIS_ADMISSION_GOVERNOR,MOMENTUM_BREAKOUT,E2,2.0,XRP-USDT,2023-10-30 13:00:00+00:00,2023-11-05 04:00:00+00:00,2023-11-05 05:00:00+00:00,2023-11-06 13:00:00+00:00,0.62488,0.70238,2395.7767085946575,4320.882321631367
REGIME_HYSTERESIS_ADMISSION_GOVERNOR,MOMENTUM_BREAKOUT,E2,2.0,SHIB-USDT,2023-11-11 04:00:00+00:00,2023-11-13 21:00:00+00:00,2023-11-13 22:00:00+00:00,2023-11-14 04:00:00+00:00,8.768e-06,8.531e-06,-595.2223327270739,-717.3359117254546
REGIME_HYSTERESIS_ADMISSION_GOVERNOR,MOMENTUM_BREAKOUT,E2,2.0,SOL-USDT,2023-11-07 19:00:00+00:00,2023-11-13 21:00:00+00:00,2023-11-13 22:00:00+00:00,2023-11-14 19:00:00+00:00,53.475,53.723,49.92480081850752,4589.3085253497775
REGIME_HYSTERESIS_ADMISSION_GOVERNOR,MOMENTUM_BREAKOUT,E2,2.0,BTC-USDT,2023-11-07 22:00:00+00:00,2023-11-13 21:00:00+00:00,2023-11-13 22:00:00+00:00,2023-11-14 22:00:00+00:00,36779.1,35288.7,-844.7772232598543,-271.94042849522447
REGIME_HYSTERESIS_ADMISSION_GOVERNOR,MOMENTUM_BREAKOUT,E2,2.0,ETH-USDT,2023-11-09 04:00:00+00:00,2023-11-13 21:00:00+00:00,2023-11-13 22:00:00+00:00,2023-11-16 04:00:00+00:00,2085.86,2055.66,-353.2961528852071,1279.0185701008322
REGIME_HYSTERESIS_ADMISSION_GOVERNOR,RELATIVE_STRENGTH_ROTATION,E2,1.0,SOL-USDT,2022-04-03 19:00:00+00:00,2022-04-05 10:00:00+00:00,2022-04-05 11:00:00+00:00,2022-04-06 19:00:00+00:00,131.972,117.505,-2020.4839801520325,-2577.772561374213
REGIME_HYSTERESIS_ADMISSION_GOVERNOR,RELATIVE_STRENGTH_ROTATION,E2,1.0,ATOM-USDT,2022-04-03 20:00:00+00:00,2022-04-05 10:00:00+00:00,2022-04-05 11:00:00+00:00,2022-04-06 20:00:00+00:00,30.4943,27.4917,-1786.6162114189747,-2656.4126048390535
REGIME_HYSTERESIS_ADMISSION_GOVERNOR,RELATIVE_STRENGTH_ROTATION,E2,1.0,BTC-USDT,2022-07-21 11:00:00+00:00,2022-07-21 16:00:00+00:00,2022-07-21 17:00:00+00:00,2022-07-24 11:00:00+00:00,22638.0,22618.4,-37.04120063801228,-343.87295677839967
REGIME_HYSTERESIS_ADMISSION_GOVERNOR,RELATIVE_STRENGTH_ROTATION,E2,1.0,ETH-USDT,2022-07-21 03:00:00+00:00,2022-07-21 16:00:00+00:00,2022-07-21 17:00:00+00:00,2022-07-28 03:00:00+00:00,1510.72,1615.47,1197.1593203196912,942.0275291224511
REGIME_HYSTERESIS_ADMISSION_GOVERNOR,RELATIVE_STRENGTH_ROTATION,E2,1.0,ADA-USDT,2022-07-21 09:00:00+00:00,2022-07-21 16:00:00+00:00,2022-07-21 17:00:00+00:00,2022-07-28 09:00:00+00:00,0.4826,0.500097,610.6899975496816,312.80740492513934
REGIME_HYSTERESIS_ADMISSION_GOVERNOR,RELATIVE_STRENGTH_ROTATION,E2,1.0,LUNC-USDT,2022-10-30 12:00:00+00:00,2022-11-01 16:00:00+00:00,2022-11-01 17:00:00+00:00,2022-11-02 12:00:00+00:00,0.00023691,0.00022006,-1146.6217146568572,-2270.58896168924
REGIME_HYSTERESIS_ADMISSION_GOVERNOR,RELATIVE_STRENGTH_ROTATION,E2,1.0,DOGE-USDT,2023-01-28 06:00:00+00:00,2023-01-29 01:00:00+00:00,2023-01-29 02:00:00+00:00,2023-02-04 06:00:00+00:00,0.08867,0.09381,863.9389730557934,505.59970834862406
REGIME_HYSTERESIS_ADMISSION_GOVERNOR,RELATIVE_STRENGTH_ROTATION,E2,1.0,BTC-USDT,2023-01-30 11:00:00+00:00,2023-01-30 18:00:00+00:00,2023-01-30 19:00:00+00:00,2023-02-06 11:00:00+00:00,23112.3,22836.0,-202.82402938893114,-272.0083008218957
REGIME_HYSTERESIS_ADMISSION_GOVERNOR,RELATIVE_STRENGTH_ROTATION,E2,1.0,SOL-USDT,2023-01-30 12:00:00+00:00,2023-01-30 18:00:00+00:00,2023-01-30 19:00:00+00:00,2023-02-06 12:00:00+00:00,24.261,23.256,-660.7553077604721,-628.950623841936
REGIME_HYSTERESIS_ADMISSION_GOVERNOR,RELATIVE_STRENGTH_ROTATION,E2,1.0,SHIB-USDT,2023-02-02 18:00:00+00:00,2023-02-07 10:00:00+00:00,2023-02-07 11:00:00+00:00,2023-02-09 18:00:00+00:00,1.4111e-05,1.2981e-05,-1440.22317444727,422.19046046807256
REGIME_HYSTERESIS_ADMISSION_GOVERNOR,RELATIVE_STRENGTH_ROTATION,E2,1.0,DOGE-USDT,2023-02-28 02:00:00+00:00,2023-03-01 20:00:00+00:00,2023-03-01 21:00:00+00:00,2023-03-03 02:00:00+00:00,0.08113,0.08035,-159.04814987634217,-457.72041065357655
REGIME_HYSTERESIS_ADMISSION_GOVERNOR,RELATIVE_STRENGTH_ROTATION,E2,1.0,ETH-USDT,2023-02-28 03:00:00+00:00,2023-03-01 20:00:00+00:00,2023-03-01 21:00:00+00:00,2023-03-03 03:00:00+00:00,1634.68,1553.1,-808.6721222447242,-803.6388214549677
REGIME_HYSTERESIS_ADMISSION_GOVERNOR,RELATIVE_STRENGTH_ROTATION,E2,1.0,BTC-USDT,2023-02-28 12:00:00+00:00,2023-03-01 20:00:00+00:00,2023-03-01 21:00:00+00:00,2023-03-03 12:00:00+00:00,23355.0,22352.1,-696.1556043877164,-719.9280079589817
REGIME_HYSTERESIS_ADMISSION_GOVERNOR,RELATIVE_STRENGTH_ROTATION,E2,1.0,OP-USDT,2023-03-19 02:00:00+00:00,2023-03-21 03:00:00+00:00,2023-03-21 04:00:00+00:00,2023-03-22 02:00:00+00:00,2.5,2.575,413.3363528102664,-613.6164401754472
REGIME_HYSTERESIS_ADMISSION_GOVERNOR,RELATIVE_STRENGTH_ROTATION,E2,1.0,BTC-USDT,2023-03-19 21:00:00+00:00,2023-03-21 03:00:00+00:00,2023-03-21 04:00:00+00:00,2023-03-22 21:00:00+00:00,27783.2,26667.2,-634.9742103011828,-910.6622240490188
REGIME_HYSTERESIS_ADMISSION_GOVERNOR,RELATIVE_STRENGTH_ROTATION,E2,1.0,SOL-USDT,2023-03-19 03:00:00+00:00,2023-03-21 03:00:00+00:00,2023-03-21 04:00:00+00:00,2023-03-26 03:00:00+00:00,22.135,20.671,-1061.7434147774477,-710.4170743958083
REGIME_HYSTERESIS_ADMISSION_GOVERNOR,RELATIVE_STRENGTH_ROTATION,E2,1.0,XRP-USDT,2023-03-21 14:00:00+00:00,2023-03-24 15:00:00+00:00,2023-03-24 16:00:00+00:00,2023-03-28 14:00:00+00:00,0.42415,0.49794,2872.3272873437018,3965.4431312652237
REGIME_HYSTERESIS_ADMISSION_GOVERNOR,RELATIVE_STRENGTH_ROTATION,E2,1.0,BTC-USDT,2023-03-26 14:00:00+00:00,2023-04-01 09:00:00+00:00,2023-04-01 10:00:00+00:00,2023-04-02 14:00:00+00:00,28438.0,28264.7,-115.15513201634921,154.202937584625
REGIME_HYSTERESIS_ADMISSION_GOVERNOR,RELATIVE_STRENGTH_ROTATION,E2,1.0,OP-USDT,2023-03-31 01:00:00+00:00,2023-04-01 09:00:00+00:00,2023-04-01 10:00:00+00:00,2023-04-03 01:00:00+00:00,2.261,2.202,-421.9519902731978,-714.9234330965853
REGIME_HYSTERESIS_ADMISSION_GOVERNOR,RELATIVE_STRENGTH_ROTATION,E2,1.0,XRP-USDT,2023-03-31 07:00:00+00:00,2023-04-01 09:00:00+00:00,2023-04-01 10:00:00+00:00,2023-04-03 07:00:00+00:00,0.50148,0.50919,204.3574186910741,-1023.7534541297387
REGIME_HYSTERESIS_ADMISSION_GOVERNOR,RELATIVE_STRENGTH_ROTATION,E2,1.0,SHIB-USDT,2023-04-01 11:00:00+00:00,2023-04-04 16:00:00+00:00,2023-04-04 17:00:00+00:00,2023-04-08 11:00:00+00:00,1.1203e-05,1.0986e-05,-330.37682461754287,164.25233330345492
REGIME_HYSTERESIS_ADMISSION_GOVERNOR,RELATIVE_STRENGTH_ROTATION,E2,1.0,ETH-USDT,2023-04-01 12:00:00+00:00,2023-04-04 16:00:00+00:00,2023-04-04 17:00:00+00:00,2023-04-08 12:00:00+00:00,1862.86,1868.74,30.1405052312462,313.56018273663307
REGIME_HYSTERESIS_ADMISSION_GOVERNOR,RELATIVE_STRENGTH_ROTATION,E2,1.0,OP-USDT,2023-04-06 22:00:00+00:00,2023-04-07 14:00:00+00:00,2023-04-07 15:00:00+00:00,2023-04-13 22:00:00+00:00,2.245,2.436,754.4263205723751,775.3134795502076
REGIME_HYSTERESIS_ADMISSION_GOVERNOR,RELATIVE_STRENGTH_ROTATION,E2,1.0,ETH-USDT,2023-04-14 16:00:00+00:00,2023-04-17 01:00:00+00:00,2023-04-17 02:00:00+00:00,2023-04-17 16:00:00+00:00,2081.61,2078.22,-45.47976893850365,-159.31619398312617
REGIME_HYSTERESIS_ADMISSION_GOVERNOR,RELATIVE_STRENGTH_ROTATION,E2,1.0,SOL-USDT,2023-04-11 06:00:00+00:00,2023-04-17 01:00:00+00:00,2023-04-17 02:00:00+00:00,2023-04-18 06:00:00+00:00,24.838,24.537,-230.8229468231921,1441.5122993440364
REGIME_HYSTERESIS_ADMISSION_GOVERNOR,RELATIVE_STRENGTH_ROTATION,E2,1.0,DOGE-USDT,2023-04-16 10:00:00+00:00,2023-04-17 01:00:00+00:00,2023-04-17 02:00:00+00:00,2023-04-19 10:00:00+00:00,0.08849,0.08687,-304.8581894478576,-610.4306474341973
REGIME_HYSTERESIS_ADMISSION_GOVERNOR,RELATIVE_STRENGTH_ROTATION,E2,1.0,ETH-USDT,2023-05-05 12:00:00+00:00,2023-05-08 01:00:00+00:00,2023-05-08 02:00:00+00:00,2023-05-08 12:00:00+00:00,1881.59,1856.98,-216.6471331384895,-421.22415900413085
REGIME_HYSTERESIS_ADMISSION_GOVERNOR,RELATIVE_STRENGTH_ROTATION,E2,1.0,SOL-USDT,2023-05-06 12:00:00+00:00,2023-05-08 01:00:00+00:00,2023-05-08 02:00:00+00:00,2023-05-09 12:00:00+00:00,21.746,20.688,-739.6191355387383,-1284.9514280802318
REGIME_HYSTERESIS_ADMISSION_GOVERNOR,RELATIVE_STRENGTH_ROTATION,E2,1.0,GRAM-USDT,2023-05-06 22:00:00+00:00,2023-05-08 01:00:00+00:00,2023-05-08 02:00:00+00:00,2023-05-09 22:00:00+00:00,2.0477,1.9584,-617.1582345603049,-787.2621870776462
REGIME_HYSTERESIS_ADMISSION_GOVERNOR,RELATIVE_STRENGTH_ROTATION,E2,1.0,BTC-USDT,2023-05-04 21:00:00+00:00,2023-05-08 01:00:00+00:00,2023-05-08 02:00:00+00:00,2023-05-11 21:00:00+00:00,28571.4,26840.7,-934.5251594933776,-1125.0684812964687
REGIME_HYSTERESIS_ADMISSION_GOVERNOR,RELATIVE_STRENGTH_ROTATION,E2,1.0,INJ-USDT,2023-07-03 18:00:00+00:00,2023-07-06 01:00:00+00:00,2023-07-06 02:00:00+00:00,2023-07-06 18:00:00+00:00,8.237,8.013,-410.21234684623494,-1284.7563311582392
REGIME_HYSTERESIS_ADMISSION_GOVERNOR,RELATIVE_STRENGTH_ROTATION,E2,1.0,XRP-USDT,2023-07-04 09:00:00+00:00,2023-07-06 01:00:00+00:00,2023-07-06 02:00:00+00:00,2023-07-07 09:00:00+00:00,0.47548,0.46305,-408.050460596972,-802.6286943610637
REGIME_HYSTERESIS_ADMISSION_GOVERNOR,RELATIVE_STRENGTH_ROTATION,E2,1.0,LTC-USDT,2023-06-30 12:00:00+00:00,2023-07-06 01:00:00+00:00,2023-07-06 02:00:00+00:00,2023-07-07 12:00:00+00:00,101.818,96.308,-832.1757707562995,-604.1467494158508
REGIME_HYSTERESIS_ADMISSION_GOVERNOR,RELATIVE_STRENGTH_ROTATION,E2,1.0,SOL-USDT,2023-06-30 13:00:00+00:00,2023-07-06 01:00:00+00:00,2023-07-06 02:00:00+00:00,2023-07-07 13:00:00+00:00,19.294,20.166,664.8118900680138,975.2430481229168
REGIME_HYSTERESIS_ADMISSION_GOVERNOR,RELATIVE_STRENGTH_ROTATION,E2,1.0,INJ-USDT,2023-07-10 02:00:00+00:00,2023-07-10 02:00:00+00:00,2023-07-10 03:00:00+00:00,2023-07-13 02:00:00+00:00,8.033,7.886,-282.2051715027785,-583.0851891569945
REGIME_HYSTERESIS_ADMISSION_GOVERNOR,RELATIVE_STRENGTH_ROTATION,E2,1.0,SOL-USDT,2023-07-10 00:00:00+00:00,2023-07-10 02:00:00+00:00,2023-07-10 03:00:00+00:00,2023-07-17 00:00:00+00:00,20.912,27.62,4613.924271832103,4262.880823376033
REGIME_HYSTERESIS_ADMISSION_GOVERNOR,RELATIVE_STRENGTH_ROTATION,E2,1.0,XRP-USDT,2023-07-11 00:00:00+00:00,2023-07-17 19:00:00+00:00,2023-07-17 20:00:00+00:00,2023-07-18 00:00:00+00:00,0.72636,0.73783,325.6947760750623,8006.4626974563125
REGIME_HYSTERESIS_ADMISSION_GOVERNOR,RELATIVE_STRENGTH_ROTATION,E2,1.0,BTC-USDT,2023-07-11 18:00:00+00:00,2023-07-17 19:00:00+00:00,2023-07-17 20:00:00+00:00,2023-07-18 18:00:00+00:00,29799.9,29700.0,-66.3085936573844,-494.9658869702968
REGIME_HYSTERESIS_ADMISSION_GOVERNOR,RELATIVE_STRENGTH_ROTATION,E2,1.0,ETH-USDT,2023-07-11 22:00:00+00:00,2023-07-17 19:00:00+00:00,2023-07-17 20:00:00+00:00,2023-07-18 22:00:00+00:00,1883.52,1894.51,67.99384388706704,123.80753041712333
REGIME_HYSTERESIS_ADMISSION_GOVERNOR,RELATIVE_STRENGTH_ROTATION,E2,1.0,LTC-USDT,2023-07-21 20:00:00+00:00,2023-07-24 06:00:00+00:00,2023-07-24 07:00:00+00:00,2023-07-24 20:00:00+00:00,92.48,89.299,-584.4543805383099,-960.6036470212185
REGIME_HYSTERESIS_ADMISSION_GOVERNOR,RELATIVE_STRENGTH_ROTATION,E2,1.0,BTC-USDT,2023-07-23 19:00:00+00:00,2023-07-24 06:00:00+00:00,2023-07-24 07:00:00+00:00,2023-07-26 19:00:00+00:00,29799.3,29266.6,-316.04125953994725,-514.5924727336612
REGIME_HYSTERESIS_ADMISSION_GOVERNOR,RELATIVE_STRENGTH_ROTATION,E2,1.0,SOL-USDT,2023-08-14 18:00:00+00:00,2023-08-14 20:00:00+00:00,2023-08-14 21:00:00+00:00,2023-08-17 18:00:00+00:00,24.827,23.047,-1185.4203788007976,-1440.6706980569422
REGIME_HYSTERESIS_ADMISSION_GOVERNOR,RELATIVE_STRENGTH_ROTATION,E2,1.0,XMR-USDT,2023-08-14 19:00:00+00:00,2023-08-14 20:00:00+00:00,2023-08-14 21:00:00+00:00,2023-08-17 19:00:00+00:00,159.09,149.87,-973.5624092661348,-986.8892936532682
REGIME_HYSTERESIS_ADMISSION_GOVERNOR,RELATIVE_STRENGTH_ROTATION,E2,1.0,XRP-USDT,2023-10-04 12:00:00+00:00,2023-10-05 07:00:00+00:00,2023-10-05 08:00:00+00:00,2023-10-07 12:00:00+00:00,0.52317,0.52265,-35.265158085417625,-399.1918964455784
REGIME_HYSTERESIS_ADMISSION_GOVERNOR,RELATIVE_STRENGTH_ROTATION,E2,1.0,SOL-USDT,2023-10-04 13:00:00+00:00,2023-10-05 07:00:00+00:00,2023-10-05 08:00:00+00:00,2023-10-07 13:00:00+00:00,23.034,23.475,280.21342371581386,-117.64496718026888
REGIME_HYSTERESIS_ADMISSION_GOVERNOR,RELATIVE_STRENGTH_ROTATION,E2,1.0,SOL-USDT,2023-10-27 08:00:00+00:00,2023-10-27 13:00:00+00:00,2023-10-27 14:00:00+00:00,2023-10-30 08:00:00+00:00,32.923,32.524,-223.82603032653398,-221.3295571914337
REGIME_HYSTERESIS_ADMISSION_GOVERNOR,RELATIVE_STRENGTH_ROTATION,E2,1.0,SHIB-USDT,2023-10-26 22:00:00+00:00,2023-10-27 13:00:00+00:00,2023-10-27 14:00:00+00:00,2023-11-02 22:00:00+00:00,7.894e-06,7.866e-06,-80.41831092511418,-63.08370904592787
REGIME_HYSTERESIS_ADMISSION_GOVERNOR,RELATIVE_STRENGTH_ROTATION,E2,1.0,XMR-USDT,2023-10-29 20:00:00+00:00,2023-11-05 01:00:00+00:00,2023-11-05 02:00:00+00:00,2023-11-05 20:00:00+00:00,168.43,168.16,-48.799352707567586,251.3352126369472
REGIME_HYSTERESIS_ADMISSION_GOVERNOR,RELATIVE_STRENGTH_ROTATION,E2,1.0,SOL-USDT,2023-10-30 16:00:00+00:00,2023-11-05 01:00:00+00:00,2023-11-05 02:00:00+00:00,2023-11-06 16:00:00+00:00,41.866,40.36,-755.7889584613947,2653.746347587939
REGIME_HYSTERESIS_ADMISSION_GOVERNOR,RELATIVE_STRENGTH_ROTATION,E2,1.0,XRP-USDT,2023-11-04 02:00:00+00:00,2023-11-05 01:00:00+00:00,2023-11-05 02:00:00+00:00,2023-11-11 02:00:00+00:00,0.62279,0.66361,1124.0731464589917,1429.50165650355
REGIME_HYSTERESIS_ADMISSION_GOVERNOR,RELATIVE_STRENGTH_ROTATION,E2,1.0,SHIB-USDT,2023-11-04 16:00:00+00:00,2023-11-05 01:00:00+00:00,2023-11-05 02:00:00+00:00,2023-11-11 16:00:00+00:00,7.944e-06,9.28e-06,2927.28352981383,3153.1953763724787
REGIME_HYSTERESIS_ADMISSION_GOVERNOR,RELATIVE_STRENGTH_ROTATION,E2,1.0,ETH-USDT,2023-11-04 20:00:00+00:00,2023-11-05 01:00:00+00:00,2023-11-05 02:00:00+00:00,2023-11-11 20:00:00+00:00,1850.9,2076.73,1797.639322404689,1866.0863490512115
REGIME_HYSTERESIS_ADMISSION_GOVERNOR,RELATIVE_STRENGTH_ROTATION,E2,1.0,SOL-USDT,2023-11-08 21:00:00+00:00,2023-11-13 18:00:00+00:00,2023-11-13 19:00:00+00:00,2023-11-15 21:00:00+00:00,53.632,65.354,4832.244722338536,9184.941781797761
REGIME_HYSTERESIS_ADMISSION_GOVERNOR,RELATIVE_STRENGTH_ROTATION,E2,1.0,SOL-USDT,2023-11-24 19:00:00+00:00,2023-11-27 06:00:00+00:00,2023-11-27 07:00:00+00:00,2023-11-27 19:00:00+00:00,56.872,54.456,-860.9514137689048,-1141.3458388223232
REGIME_HYSTERESIS_ADMISSION_GOVERNOR,RELATIVE_STRENGTH_ROTATION,E2,1.0,ETH-USDT,2023-11-24 21:00:00+00:00,2023-11-27 06:00:00+00:00,2023-11-27 07:00:00+00:00,2023-11-27 21:00:00+00:00,2047.43,1994.67,-527.5984185881126,-934.2711837189773
REGIME_HYSTERESIS_ADMISSION_GOVERNOR,RELATIVE_STRENGTH_ROTATION,E2,1.0,SHIB-USDT,2023-11-25 19:00:00+00:00,2023-11-27 06:00:00+00:00,2023-11-27 07:00:00+00:00,2023-11-28 19:00:00+00:00,8.359e-06,8.326e-06,-101.60107974065993,-585.3955432698984
REGIME_HYSTERESIS_ADMISSION_GOVERNOR,RELATIVE_STRENGTH_ROTATION,E2,1.0,LINK-USDT,2023-11-26 02:00:00+00:00,2023-11-27 06:00:00+00:00,2023-11-27 07:00:00+00:00,2023-11-29 02:00:00+00:00,14.6547,14.5881,-114.03671754736325,-395.3229524014938
REGIME_HYSTERESIS_ADMISSION_GOVERNOR,RELATIVE_STRENGTH_ROTATION,E2,1.0,AVAX-USDT,2023-12-19 01:00:00+00:00,2023-12-19 20:00:00+00:00,2023-12-19 21:00:00+00:00,2023-12-26 01:00:00+00:00,40.468,48.192,3702.9291475045434,3348.0674798072514
REGIME_HYSTERESIS_ADMISSION_GOVERNOR,RELATIVE_STRENGTH_ROTATION,E2,1.0,BTC-USDT,2023-12-19 04:00:00+00:00,2023-12-19 20:00:00+00:00,2023-12-19 21:00:00+00:00,2023-12-26 04:00:00+00:00,42342.3,43409.8,467.33688839849657,103.91182039486667
REGIME_HYSTERESIS_ADMISSION_GOVERNOR,RELATIVE_STRENGTH_ROTATION,E2,1.0,SOL-USDT,2023-12-19 06:00:00+00:00,2023-12-19 20:00:00+00:00,2023-12-19 21:00:00+00:00,2023-12-26 06:00:00+00:00,74.274,120.434,12037.818414982687,11628.176841111856
REGIME_HYSTERESIS_ADMISSION_GOVERNOR,RELATIVE_STRENGTH_ROTATION,E2,2.0,SOL-USDT,2022-04-03 19:00:00+00:00,2022-04-05 10:00:00+00:00,2022-04-05 11:00:00+00:00,2022-04-06 19:00:00+00:00,131.972,117.505,-2033.4302810753334,-2612.0990086329457
REGIME_HYSTERESIS_ADMISSION_GOVERNOR,RELATIVE_STRENGTH_ROTATION,E2,2.0,ATOM-USDT,2022-04-03 20:00:00+00:00,2022-04-05 10:00:00+00:00,2022-04-05 11:00:00+00:00,2022-04-06 20:00:00+00:00,30.4943,27.4917,-1799.910343662089,-2689.7667186909457
REGIME_HYSTERESIS_ADMISSION_GOVERNOR,RELATIVE_STRENGTH_ROTATION,E2,2.0,BTC-USDT,2022-07-21 11:00:00+00:00,2022-07-21 16:00:00+00:00,2022-07-21 17:00:00+00:00,2022-07-24 11:00:00+00:00,22638.0,22618.4,-58.62675978524145,-386.0873095801158
REGIME_HYSTERESIS_ADMISSION_GOVERNOR,RELATIVE_STRENGTH_ROTATION,E2,2.0,ETH-USDT,2022-07-21 03:00:00+00:00,2022-07-21 16:00:00+00:00,2022-07-21 17:00:00+00:00,2022-07-28 03:00:00+00:00,1510.72,1615.47,1168.3687799242537,892.1827258587164
REGIME_HYSTERESIS_ADMISSION_GOVERNOR,RELATIVE_STRENGTH_ROTATION,E2,2.0,ADA-USDT,2022-07-21 09:00:00+00:00,2022-07-21 16:00:00+00:00,2022-07-21 17:00:00+00:00,2022-07-28 09:00:00+00:00,0.4826,0.500097,585.2960398051464,266.73985362099916
REGIME_HYSTERESIS_ADMISSION_GOVERNOR,RELATIVE_STRENGTH_ROTATION,E2,2.0,LUNC-USDT,2022-10-30 12:00:00+00:00,2022-11-01 16:00:00+00:00,2022-11-01 17:00:00+00:00,2022-11-02 12:00:00+00:00,0.00023691,0.00022006,-1154.0828521696278,-2288.486771557714
REGIME_HYSTERESIS_ADMISSION_GOVERNOR,RELATIVE_STRENGTH_ROTATION,E2,2.0,DOGE-USDT,2023-01-28 06:00:00+00:00,2023-01-29 01:00:00+00:00,2023-01-29 02:00:00+00:00,2023-02-04 06:00:00+00:00,0.08867,0.09381,834.3695334779463,460.7510526503715
REGIME_HYSTERESIS_ADMISSION_GOVERNOR,RELATIVE_STRENGTH_ROTATION,E2,2.0,BTC-USDT,2023-01-30 11:00:00+00:00,2023-01-30 18:00:00+00:00,2023-01-30 19:00:00+00:00,2023-02-06 11:00:00+00:00,23112.3,22836.0,-219.2950981924677,-306.75808580526547
REGIME_HYSTERESIS_ADMISSION_GOVERNOR,RELATIVE_STRENGTH_ROTATION,E2,2.0,SOL-USDT,2023-01-30 12:00:00+00:00,2023-01-30 18:00:00+00:00,2023-01-30 19:00:00+00:00,2023-02-06 12:00:00+00:00,24.261,23.256,-671.4594095979312,-659.1135729168603
REGIME_HYSTERESIS_ADMISSION_GOVERNOR,RELATIVE_STRENGTH_ROTATION,E2,2.0,SHIB-USDT,2023-02-02 18:00:00+00:00,2023-02-07 10:00:00+00:00,2023-02-07 11:00:00+00:00,2023-02-09 18:00:00+00:00,1.4111e-05,1.2981e-05,-1443.3813513291739,377.4860319233165
REGIME_HYSTERESIS_ADMISSION_GOVERNOR,RELATIVE_STRENGTH_ROTATION,E2,2.0,DOGE-USDT,2023-02-28 02:00:00+00:00,2023-03-01 20:00:00+00:00,2023-03-01 21:00:00+00:00,2023-03-03 02:00:00+00:00,0.08113,0.08035,-177.19185519694167,-494.5339548778122
REGIME_HYSTERESIS_ADMISSION_GOVERNOR,RELATIVE_STRENGTH_ROTATION,E2,2.0,ETH-USDT,2023-02-28 03:00:00+00:00,2023-03-01 20:00:00+00:00,2023-03-01 21:00:00+00:00,2023-03-03 03:00:00+00:00,1634.68,1553.1,-814.7319890644053,-829.2252863544473
REGIME_HYSTERESIS_ADMISSION_GOVERNOR,RELATIVE_STRENGTH_ROTATION,E2,2.0,BTC-USDT,2023-02-28 12:00:00+00:00,2023-03-01 20:00:00+00:00,2023-03-01 21:00:00+00:00,2023-03-03 12:00:00+00:00,23355.0,22352.1,-703.8509496924291,-746.6641404254128
REGIME_HYSTERESIS_ADMISSION_GOVERNOR,RELATIVE_STRENGTH_ROTATION,E2,2.0,OP-USDT,2023-03-19 02:00:00+00:00,2023-03-21 03:00:00+00:00,2023-03-21 04:00:00+00:00,2023-03-22 02:00:00+00:00,2.5,2.575,388.0950684072877,-640.3391739445641
REGIME_HYSTERESIS_ADMISSION_GOVERNOR,RELATIVE_STRENGTH_ROTATION,E2,2.0,BTC-USDT,2023-03-19 21:00:00+00:00,2023-03-21 03:00:00+00:00,2023-03-21 04:00:00+00:00,2023-03-22 21:00:00+00:00,27783.2,26667.2,-642.0046911474259,-932.0558137456467
REGIME_HYSTERESIS_ADMISSION_GOVERNOR,RELATIVE_STRENGTH_ROTATION,E2,2.0,SOL-USDT,2023-03-19 03:00:00+00:00,2023-03-21 03:00:00+00:00,2023-03-21 04:00:00+00:00,2023-03-26 03:00:00+00:00,22.135,20.671,-1061.569137273208,-735.2125019555572
REGIME_HYSTERESIS_ADMISSION_GOVERNOR,RELATIVE_STRENGTH_ROTATION,E2,2.0,XRP-USDT,2023-03-21 14:00:00+00:00,2023-03-24 15:00:00+00:00,2023-03-24 16:00:00+00:00,2023-03-28 14:00:00+00:00,0.42415,0.49794,2797.626603361506,3852.3686016146466
REGIME_HYSTERESIS_ADMISSION_GOVERNOR,RELATIVE_STRENGTH_ROTATION,E2,2.0,BTC-USDT,2023-03-26 14:00:00+00:00,2023-04-01 09:00:00+00:00,2023-04-01 10:00:00+00:00,2023-04-02 14:00:00+00:00,28438.0,28264.7,-132.16192869685037,113.30355462653986
REGIME_HYSTERESIS_ADMISSION_GOVERNOR,RELATIVE_STRENGTH_ROTATION,E2,2.0,OP-USDT,2023-03-31 01:00:00+00:00,2023-04-01 09:00:00+00:00,2023-04-01 10:00:00+00:00,2023-04-03 01:00:00+00:00,2.261,2.202,-432.38629688510105,-739.0718878972013
REGIME_HYSTERESIS_ADMISSION_GOVERNOR,RELATIVE_STRENGTH_ROTATION,E2,2.0,XRP-USDT,2023-03-31 07:00:00+00:00,2023-04-01 09:00:00+00:00,2023-04-01 10:00:00+00:00,2023-04-03 07:00:00+00:00,0.50148,0.50919,182.39488138380733,-1041.3568200304708
REGIME_HYSTERESIS_ADMISSION_GOVERNOR,RELATIVE_STRENGTH_ROTATION,E2,2.0,SHIB-USDT,2023-04-01 11:00:00+00:00,2023-04-04 16:00:00+00:00,2023-04-04 17:00:00+00:00,2023-04-08 11:00:00+00:00,1.1203e-05,1.0986e-05,-343.2350125649554,122.74690026585048
REGIME_HYSTERESIS_ADMISSION_GOVERNOR,RELATIVE_STRENGTH_ROTATION,E2,2.0,ETH-USDT,2023-04-01 12:00:00+00:00,2023-04-04 16:00:00+00:00,2023-04-04 17:00:00+00:00,2023-04-08 12:00:00+00:00,1862.86,1868.74,10.072683123315088,268.87744282080826
REGIME_HYSTERESIS_ADMISSION_GOVERNOR,RELATIVE_STRENGTH_ROTATION,E2,2.0,OP-USDT,2023-04-06 22:00:00+00:00,2023-04-07 14:00:00+00:00,2023-04-07 15:00:00+00:00,2023-04-13 22:00:00+00:00,2.245,2.436,742.2040963902949,751.867480534255
REGIME_HYSTERESIS_ADMISSION_GOVERNOR,RELATIVE_STRENGTH_ROTATION,E2,2.0,ETH-USDT,2023-04-14 16:00:00+00:00,2023-04-17 01:00:00+00:00,2023-04-17 02:00:00+00:00,2023-04-17 16:00:00+00:00,2081.61,2078.22,-63.823392666751204,-194.69533875389476
REGIME_HYSTERESIS_ADMISSION_GOVERNOR,RELATIVE_STRENGTH_ROTATION,E2,2.0,SOL-USDT,2023-04-11 06:00:00+00:00,2023-04-17 01:00:00+00:00,2023-04-17 02:00:00+00:00,2023-04-18 06:00:00+00:00,24.838,24.537,-246.87132172294744,1371.2526047937222
REGIME_HYSTERESIS_ADMISSION_GOVERNOR,RELATIVE_STRENGTH_ROTATION,E2,2.0,DOGE-USDT,2023-04-16 10:00:00+00:00,2023-04-17 01:00:00+00:00,2023-04-17 02:00:00+00:00,2023-04-19 10:00:00+00:00,0.08849,0.08687,-317.04294998592394,-635.4837242917337
REGIME_HYSTERESIS_ADMISSION_GOVERNOR,RELATIVE_STRENGTH_ROTATION,E2,2.0,ETH-USDT,2023-05-05 12:00:00+00:00,2023-05-08 01:00:00+00:00,2023-05-08 02:00:00+00:00,2023-05-08 12:00:00+00:00,1881.59,1856.98,-229.8977248202809,-448.4716755017386
REGIME_HYSTERESIS_ADMISSION_GOVERNOR,RELATIVE_STRENGTH_ROTATION,E2,2.0,SOL-USDT,2023-05-06 12:00:00+00:00,2023-05-08 01:00:00+00:00,2023-05-08 02:00:00+00:00,2023-05-09 12:00:00+00:00,21.746,20.688,-739.6505515729319,-1291.057531655431
REGIME_HYSTERESIS_ADMISSION_GOVERNOR,RELATIVE_STRENGTH_ROTATION,E2,2.0,GRAM-USDT,2023-05-06 22:00:00+00:00,2023-05-08 01:00:00+00:00,2023-05-08 02:00:00+00:00,2023-05-09 22:00:00+00:00,2.0477,1.9584,-633.6251151266782,-821.1376815761168
REGIME_HYSTERESIS_ADMISSION_GOVERNOR,RELATIVE_STRENGTH_ROTATION,E2,2.0,BTC-USDT,2023-05-04 21:00:00+00:00,2023-05-08 01:00:00+00:00,2023-05-08 02:00:00+00:00,2023-05-11 21:00:00+00:00,28571.4,26840.7,-930.5627617424932,-1135.452782125022
REGIME_HYSTERESIS_ADMISSION_GOVERNOR,RELATIVE_STRENGTH_ROTATION,E2,2.0,INJ-USDT,2023-07-03 18:00:00+00:00,2023-07-06 01:00:00+00:00,2023-07-06 02:00:00+00:00,2023-07-06 18:00:00+00:00,8.237,8.013,-416.41734478309127,-1286.3619939065875
REGIME_HYSTERESIS_ADMISSION_GOVERNOR,RELATIVE_STRENGTH_ROTATION,E2,2.0,XRP-USDT,2023-07-04 09:00:00+00:00,2023-07-06 01:00:00+00:00,2023-07-06 02:00:00+00:00,2023-07-07 09:00:00+00:00,0.47548,0.46305,-414.80183061422247,-817.423024037245
REGIME_HYSTERESIS_ADMISSION_GOVERNOR,RELATIVE_STRENGTH_ROTATION,E2,2.0,LTC-USDT,2023-06-30 12:00:00+00:00,2023-07-06 01:00:00+00:00,2023-07-06 02:00:00+00:00,2023-07-07 12:00:00+00:00,101.818,96.308,-827.9787208767274,-623.8732994839611
REGIME_HYSTERESIS_ADMISSION_GOVERNOR,RELATIVE_STRENGTH_ROTATION,E2,2.0,SOL-USDT,2023-06-30 13:00:00+00:00,2023-07-06 01:00:00+00:00,2023-07-06 02:00:00+00:00,2023-07-07 13:00:00+00:00,19.294,20.166,628.1927652069315,912.484618774733
REGIME_HYSTERESIS_ADMISSION_GOVERNOR,RELATIVE_STRENGTH_ROTATION,E2,2.0,INJ-USDT,2023-07-10 02:00:00+00:00,2023-07-10 02:00:00+00:00,2023-07-10 03:00:00+00:00,2023-07-13 02:00:00+00:00,8.033,7.886,-291.5158742543988,-601.8465570561847
REGIME_HYSTERESIS_ADMISSION_GOVERNOR,RELATIVE_STRENGTH_ROTATION,E2,2.0,SOL-USDT,2023-07-10 00:00:00+00:00,2023-07-10 02:00:00+00:00,2023-07-10 03:00:00+00:00,2023-07-17 00:00:00+00:00,20.912,27.62,4462.1459743126525,4102.911617115268
REGIME_HYSTERESIS_ADMISSION_GOVERNOR,RELATIVE_STRENGTH_ROTATION,E2,2.0,XRP-USDT,2023-07-11 00:00:00+00:00,2023-07-17 19:00:00+00:00,2023-07-17 20:00:00+00:00,2023-07-18 00:00:00+00:00,0.72636,0.73783,288.8037079830518,7734.283121779233
REGIME_HYSTERESIS_ADMISSION_GOVERNOR,RELATIVE_STRENGTH_ROTATION,E2,2.0,BTC-USDT,2023-07-11 18:00:00+00:00,2023-07-17 19:00:00+00:00,2023-07-17 20:00:00+00:00,2023-07-18 18:00:00+00:00,29799.9,29700.0,-81.8706478028596,-516.313256138238
REGIME_HYSTERESIS_ADMISSION_GOVERNOR,RELATIVE_STRENGTH_ROTATION,E2,2.0,ETH-USDT,2023-07-11 22:00:00+00:00,2023-07-17 19:00:00+00:00,2023-07-17 20:00:00+00:00,2023-07-18 22:00:00+00:00,1883.52,1894.51,47.739448843308416,83.88340391182501
REGIME_HYSTERESIS_ADMISSION_GOVERNOR,RELATIVE_STRENGTH_ROTATION,E2,2.0,LTC-USDT,2023-07-21 20:00:00+00:00,2023-07-24 06:00:00+00:00,2023-07-24 07:00:00+00:00,2023-07-24 20:00:00+00:00,92.48,89.299,-585.9357144868465,-971.0007972369267
REGIME_HYSTERESIS_ADMISSION_GOVERNOR,RELATIVE_STRENGTH_ROTATION,E2,2.0,BTC-USDT,2023-07-23 19:00:00+00:00,2023-07-24 06:00:00+00:00,2023-07-24 07:00:00+00:00,2023-07-26 19:00:00+00:00,29799.3,29266.6,-326.0728436587051,-538.8194214457423
REGIME_HYSTERESIS_ADMISSION_GOVERNOR,RELATIVE_STRENGTH_ROTATION,E2,2.0,SOL-USDT,2023-08-14 18:00:00+00:00,2023-08-14 20:00:00+00:00,2023-08-14 21:00:00+00:00,2023-08-17 18:00:00+00:00,24.827,23.047,-1166.7217512215962,-1433.995057662472
REGIME_HYSTERESIS_ADMISSION_GOVERNOR,RELATIVE_STRENGTH_ROTATION,E2,2.0,XMR-USDT,2023-08-14 19:00:00+00:00,2023-08-14 20:00:00+00:00,2023-08-14 21:00:00+00:00,2023-08-17 19:00:00+00:00,159.09,149.87,-961.7490446772566,-994.581933710396
REGIME_HYSTERESIS_ADMISSION_GOVERNOR,RELATIVE_STRENGTH_ROTATION,E2,2.0,XRP-USDT,2023-10-04 12:00:00+00:00,2023-10-05 07:00:00+00:00,2023-10-05 08:00:00+00:00,2023-10-07 12:00:00+00:00,0.52317,0.52265,-53.14082608842582,-424.8400489937274
REGIME_HYSTERESIS_ADMISSION_GOVERNOR,RELATIVE_STRENGTH_ROTATION,E2,2.0,SOL-USDT,2023-10-04 13:00:00+00:00,2023-10-05 07:00:00+00:00,2023-10-05 08:00:00+00:00,2023-10-07 13:00:00+00:00,23.034,23.475,251.83824912257228,-152.5998987522878
REGIME_HYSTERESIS_ADMISSION_GOVERNOR,RELATIVE_STRENGTH_ROTATION,E2,2.0,SOL-USDT,2023-10-27 08:00:00+00:00,2023-10-27 13:00:00+00:00,2023-10-27 14:00:00+00:00,2023-10-30 08:00:00+00:00,32.923,32.524,-235.98513223953262,-253.76717279371658
REGIME_HYSTERESIS_ADMISSION_GOVERNOR,RELATIVE_STRENGTH_ROTATION,E2,2.0,SHIB-USDT,2023-10-26 22:00:00+00:00,2023-10-27 13:00:00+00:00,2023-10-27 14:00:00+00:00,2023-11-02 22:00:00+00:00,7.894e-06,7.866e-06,-97.85150499917512,-101.3209069387259
REGIME_HYSTERESIS_ADMISSION_GOVERNOR,RELATIVE_STRENGTH_ROTATION,E2,2.0,XMR-USDT,2023-10-29 20:00:00+00:00,2023-11-05 01:00:00+00:00,2023-11-05 02:00:00+00:00,2023-11-05 20:00:00+00:00,168.43,168.16,-67.69566133262887,201.63825370212726
REGIME_HYSTERESIS_ADMISSION_GOVERNOR,RELATIVE_STRENGTH_ROTATION,E2,2.0,SOL-USDT,2023-10-30 16:00:00+00:00,2023-11-05 01:00:00+00:00,2023-11-05 02:00:00+00:00,2023-11-06 16:00:00+00:00,41.866,40.36,-752.5392498153652,2515.3784823792275
REGIME_HYSTERESIS_ADMISSION_GOVERNOR,RELATIVE_STRENGTH_ROTATION,E2,2.0,XRP-USDT,2023-11-04 02:00:00+00:00,2023-11-05 01:00:00+00:00,2023-11-05 02:00:00+00:00,2023-11-11 02:00:00+00:00,0.62279,0.66361,1061.1389046064892,1334.8739515052212
REGIME_HYSTERESIS_ADMISSION_GOVERNOR,RELATIVE_STRENGTH_ROTATION,E2,2.0,SHIB-USDT,2023-11-04 16:00:00+00:00,2023-11-05 01:00:00+00:00,2023-11-05 02:00:00+00:00,2023-11-11 16:00:00+00:00,7.944e-06,9.28e-06,2796.5915260300158,2993.4691835831036
REGIME_HYSTERESIS_ADMISSION_GOVERNOR,RELATIVE_STRENGTH_ROTATION,E2,2.0,ETH-USDT,2023-11-04 20:00:00+00:00,2023-11-05 01:00:00+00:00,2023-11-05 02:00:00+00:00,2023-11-11 20:00:00+00:00,1850.9,2076.73,1704.0608347933146,1751.943533063956
REGIME_HYSTERESIS_ADMISSION_GOVERNOR,RELATIVE_STRENGTH_ROTATION,E2,2.0,SOL-USDT,2023-11-08 21:00:00+00:00,2023-11-13 18:00:00+00:00,2023-11-13 19:00:00+00:00,2023-11-15 21:00:00+00:00,53.632,65.354,4620.511017550388,8790.369293024158
REGIME_HYSTERESIS_ADMISSION_GOVERNOR,RELATIVE_STRENGTH_ROTATION,E2,2.0,SOL-USDT,2023-11-24 19:00:00+00:00,2023-11-27 06:00:00+00:00,2023-11-27 07:00:00+00:00,2023-11-27 19:00:00+00:00,56.872,54.456,-850.3815636272298,-1143.9412003010675
REGIME_HYSTERESIS_ADMISSION_GOVERNOR,RELATIVE_STRENGTH_ROTATION,E2,2.0,ETH-USDT,2023-11-24 21:00:00+00:00,2023-11-27 06:00:00+00:00,2023-11-27 07:00:00+00:00,2023-11-27 21:00:00+00:00,2047.43,1994.67,-529.9911082465644,-944.8170069820324
REGIME_HYSTERESIS_ADMISSION_GOVERNOR,RELATIVE_STRENGTH_ROTATION,E2,2.0,SHIB-USDT,2023-11-25 19:00:00+00:00,2023-11-27 06:00:00+00:00,2023-11-27 07:00:00+00:00,2023-11-28 19:00:00+00:00,8.359e-06,8.326e-06,-121.04220158630253,-609.9962403736629
REGIME_HYSTERESIS_ADMISSION_GOVERNOR,RELATIVE_STRENGTH_ROTATION,E2,2.0,LINK-USDT,2023-11-26 02:00:00+00:00,2023-11-27 06:00:00+00:00,2023-11-27 07:00:00+00:00,2023-11-29 02:00:00+00:00,14.6547,14.5881,-133.1079418687546,-427.3129730481443
REGIME_HYSTERESIS_ADMISSION_GOVERNOR,RELATIVE_STRENGTH_ROTATION,E2,2.0,AVAX-USDT,2023-12-19 01:00:00+00:00,2023-12-19 20:00:00+00:00,2023-12-19 21:00:00+00:00,2023-12-26 01:00:00+00:00,40.468,48.192,3513.013782201766,3149.9189933904954
REGIME_HYSTERESIS_ADMISSION_GOVERNOR,RELATIVE_STRENGTH_ROTATION,E2,2.0,BTC-USDT,2023-12-19 04:00:00+00:00,2023-12-19 20:00:00+00:00,2023-12-19 21:00:00+00:00,2023-12-26 04:00:00+00:00,42342.3,43409.8,422.8536333923432,51.67169714165375
REGIME_HYSTERESIS_ADMISSION_GOVERNOR,RELATIVE_STRENGTH_ROTATION,E2,2.0,SOL-USDT,2023-12-19 06:00:00+00:00,2023-12-19 20:00:00+00:00,2023-12-19 21:00:00+00:00,2023-12-26 06:00:00+00:00,74.274,120.434,11468.065533458268,11052.854097267578
