policy_id,portfolio_id,universe_id,cost_multiplier,pair,signal_time,entry_time,exit_time,holding_hours,exit_reason,entry_price,exit_price,quantity,entry_notional,exit_notional,entry_cost,exit_cost,gross_pnl,net_pnl,period_id,membership_rank,support_families,support_count,atr24_at_signal,high_water_at_exit,entry_market_state,exit_market_state,protection_floor_at_exit
FULL_ADAPTIVE_PLUS_CAUSAL_STATIC_SHADOW_SAME_PAIR_OCCUPANCY_GUARD_V1,EAA_EXIT_BRAIN_P13_SHADOW_GUARD,D2,1,AVAX-USDT,2022-01-01 18:00:00+00:00,2022-01-01 19:00:00+00:00,2022-01-02 21:00:00+00:00,26,ADAPTIVE_STAGNATION_24H_CLOSE_NOT_ABOVE_ENTRY,113.53100000000001,112.367,79.273502391417324,9000,8907.7256432163904,11.25,11.134657054020488,-92.274356783609619,-114.65901383763011,ROBUSTNESS_2022,4,MOMENTUM_BREAKOUT,1,2.0215000000000001,117.5,TRANSITION,RISK_OFF,107.46650000000001
FULL_ADAPTIVE_PLUS_CAUSAL_STATIC_SHADOW_SAME_PAIR_OCCUPANCY_GUARD_V1,EAA_EXIT_BRAIN_P13_SHADOW_GUARD,D2,1,ETH-USDT,2022-01-02 17:00:00+00:00,2022-01-02 18:00:00+00:00,2022-01-03 17:00:00+00:00,23,ADAPTIVE_PROTECTION_TOUCH,3839.21,3766.6475,2.3478748130949878,9013.9844611824083,8843.6167950572035,11.267480576478011,11.054520993821505,-170.36766612520478,-192.68966769550431,ROBUSTNESS_2022,2,MOMENTUM_BREAKOUT,1,24.1875,3857.6900000000001,TRANSITION,RISK_OFF,3766.6475
FULL_ADAPTIVE_PLUS_CAUSAL_STATIC_SHADOW_SAME_PAIR_OCCUPANCY_GUARD_V1,EAA_EXIT_BRAIN_P13_SHADOW_GUARD,D2,1,XRP-USDT,2022-01-03 21:00:00+00:00,2022-01-03 22:00:00+00:00,2022-01-05 01:00:00+00:00,27,ADAPTIVE_STAGNATION_24H_CLOSE_NOT_ABOVE_ENTRY,0.82554000000000005,0.8226,10868.448068733212,8972.3386186620173,8940.3853813399401,11.215423273327522,11.175481726674926,-31.953237322077257,-54.344142322079705,ROBUSTNESS_2022,3,RELATIVE_STRENGTH_ROTATION,1,0.0062054166666666811,0.84594999999999998,TRANSITION,RISK_OFF,0.80692375000000005
FULL_ADAPTIVE_PLUS_CAUSAL_STATIC_SHADOW_SAME_PAIR_OCCUPANCY_GUARD_V1,EAA_EXIT_BRAIN_P13_SHADOW_GUARD,D2,1,AVAX-USDT,2022-01-10 04:00:00+00:00,2022-01-10 05:00:00+00:00,2022-01-10 14:00:00+00:00,9,ADAPTIVE_PROTECTION_TOUCH,89.236999999999995,84.484749999999991,100.49024110910307,8967.4476458530298,8489.892897542295,11.209309557316287,10.612366121927868,-477.55474831073479,-499.37642398997895,ROBUSTNESS_2022,4,RELATIVE_STRENGTH_ROTATION,1,1.584083333333334,91.5,TRANSITION,RISK_OFF,84.484749999999991
FULL_ADAPTIVE_PLUS_CAUSAL_STATIC_SHADOW_SAME_PAIR_OCCUPANCY_GUARD_V1,EAA_EXIT_BRAIN_P13_SHADOW_GUARD,D2,1,SHIB-USDT,2022-01-12 13:00:00+00:00,2022-01-12 14:00:00+00:00,2022-01-12 16:00:00+00:00,2,ADAPTIVE_PROTECTION_TOUCH,2.932e-05,3.1167499999999996e-05,306029649.49440187,8972.7893231758626,9538.1791006167696,11.215986653969829,11.922723875770963,565.38977744090698,542.25106691116616,ROBUSTNESS_2022,7,MOMENTUM_BREAKOUT,1,4.1750000000000024e-07,3.2419999999999998e-05,TRANSITION,TRANSITION,2.7650000000000001e-05
FULL_ADAPTIVE_PLUS_CAUSAL_STATIC_SHADOW_SAME_PAIR_OCCUPANCY_GUARD_V1,EAA_EXIT_BRAIN_P13_SHADOW_GUARD,D2,1,ETH-USDT,2022-01-11 17:00:00+00:00,2022-01-11 18:00:00+00:00,2022-01-13 16:00:00+00:00,46,ADAPTIVE_PROTECTION_TOUCH,3219.25,3288.0012499999998,2.7716094642211484,8922.5037676939319,9113.0553828709653,11.153129709617415,11.391319228588706,190.55161517703345,168.00716623882732,ROBUSTNESS_2022,2,MOMENTUM_BREAKOUT,1,41.226249999999993,3411.6799999999998,TRANSITION,TRANSITION,3288.0012499999998
FULL_ADAPTIVE_PLUS_CAUSAL_STATIC_SHADOW_SAME_PAIR_OCCUPANCY_GUARD_V1,EAA_EXIT_BRAIN_P13_SHADOW_GUARD,D2,1,BTC-USDT,2022-01-12 14:00:00+00:00,2022-01-12 15:00:00+00:00,2022-01-14 11:00:00+00:00,44,ADAPTIVE_PROTECTION_TOUCH,43928.5,42308.049999999996,0.20536714157453564,9021.4704786569891,8688.6832940925324,11.276838098321237,10.860854117615666,-332.78718456445677,-354.92487678039367,ROBUSTNESS_2022,1,MOMENTUM_BREAKOUT,1,405.11250000000109,44421,TRANSITION,TRANSITION,42308.049999999996
FULL_ADAPTIVE_PLUS_CAUSAL_STATIC_SHADOW_SAME_PAIR_OCCUPANCY_GUARD_V1,EAA_EXIT_BRAIN_P13_SHADOW_GUARD,D2,1,SAND-USDT,2022-01-12 12:00:00+00:00,2022-01-12 13:00:00+00:00,2022-01-14 13:00:00+00:00,48,ADAPTIVE_STAGNATION_48H_CLOSE_NOT_ABOVE_ENTRY,4.9504900000000003,4.72539,1804.8451235386704,8934.8677356269527,8528.5970983183979,11.168584669533692,10.660746372897998,-406.2706373085548,-428.0999683509865,ROBUSTNESS_2022,8,MOMENTUM_BREAKOUT,1,0.082449583333333298,5.2117199999999997,TRANSITION,TRANSITION,4.6206916666666675
FULL_ADAPTIVE_PLUS_CAUSAL_STATIC_SHADOW_SAME_PAIR_OCCUPANCY_GUARD_V1,EAA_EXIT_BRAIN_P13_SHADOW_GUARD,D2,1,XRP-USDT,2022-01-12 14:00:00+00:00,2022-01-12 15:00:00+00:00,2022-01-14 13:00:00+00:00,46,ADAPTIVE_PROTECTION_TOUCH,0.78876999999999997,0.75329500000000005,11436.103760574235,9020.455563228139,8614.7597823217693,11.275569454035175,10.768449727902212,-405.69578090636969,-427.73980008830711,ROBUSTNESS_2022,3,MOMENTUM_BREAKOUT,1,0.0088687499999999947,0.80725999999999998,TRANSITION,TRANSITION,0.75329500000000005
FULL_ADAPTIVE_PLUS_CAUSAL_STATIC_SHADOW_SAME_PAIR_OCCUPANCY_GUARD_V1,EAA_EXIT_BRAIN_P13_SHADOW_GUARD,D2,1,DOT-USDT,2022-01-17 11:00:00+00:00,2022-01-17 12:00:00+00:00,2022-01-17 17:00:00+00:00,5,ADAPTIVE_PROTECTION_TOUCH,26.777100000000001,25.701900000000002,331.59832765467661,8879.2415794420413,8522.7070575477337,11.099051974302553,10.653383821934668,-356.53452189430755,-378.28695769054474,ROBUSTNESS_2022,4,RELATIVE_STRENGTH_ROTATION,1,0.35839999999999961,26.821200000000001,TRANSITION,RISK_OFF,25.701900000000002
FULL_ADAPTIVE_PLUS_CAUSAL_STATIC_SHADOW_SAME_PAIR_OCCUPANCY_GUARD_V1,EAA_EXIT_BRAIN_P13_SHADOW_GUARD,D2,1,BTC-USDT,2022-01-17 04:00:00+00:00,2022-01-17 05:00:00+00:00,2022-01-17 19:00:00+00:00,14,ADAPTIVE_PROTECTION_TOUCH,42646.599999999999,41900.25,0.20816332815764113,8877.4581906076583,8722.0954906372026,11.096822738259574,10.902619363296504,-155.36269997045565,-177.36214207201172,ROBUSTNESS_2022,1,RELATIVE_STRENGTH_ROTATION,1,248.78333333333254,42967.400000000001,TRANSITION,RISK_OFF,41900.25
FULL_ADAPTIVE_PLUS_CAUSAL_STATIC_SHADOW_SAME_PAIR_OCCUPANCY_GUARD_V1,EAA_EXIT_BRAIN_P13_SHADOW_GUARD,D2,1,BTC-USDT,2022-01-20 15:00:00+00:00,2022-01-20 16:00:00+00:00,2022-01-20 22:00:00+00:00,6,ADAPTIVE_PROTECTION_TOUCH,42973.099999999999,41777.150000000001,0.20541803527390456,8827.449771629028,8581.7800723432028,11.034312214536286,10.727225090429004,-245.66969928582512,-267.43123659079038,ROBUSTNESS_2022,1,MOMENTUM_BREAKOUT,1,298.98749999999956,43498.300000000003,TRANSITION,TRANSITION,41777.150000000001
FULL_ADAPTIVE_PLUS_CAUSAL_STATIC_SHADOW_SAME_PAIR_OCCUPANCY_GUARD_V1,EAA_EXIT_BRAIN_P13_SHADOW_GUARD,D2,1,ETH-USDT,2022-01-20 16:00:00+00:00,2022-01-20 17:00:00+00:00,2022-01-20 22:00:00+00:00,5,ADAPTIVE_PROTECTION_TOUCH,3261.1900000000001,3142.916666666667,2.7083378005896632,8832.4041519050043,8512.080012436596,11.040505189881255,10.640100015545745,-320.32413946840825,-342.00474467383521,ROBUSTNESS_2022,2,MOMENTUM_BREAKOUT,1,29.568333333333289,3275.0100000000002,TRANSITION,TRANSITION,3142.916666666667
FULL_ADAPTIVE_PLUS_CAUSAL_STATIC_SHADOW_SAME_PAIR_OCCUPANCY_GUARD_V1,EAA_EXIT_BRAIN_P13_SHADOW_GUARD,D2,1,BTC-USDT,2022-01-26 05:00:00+00:00,2022-01-26 06:00:00+00:00,2022-01-26 22:00:00+00:00,16,ADAPTIVE_PROTECTION_TOUCH,37788.5,36352.625,0.23215000683581544,8772.6005333152116,8439.262142249836,10.965750666644015,10.549077677812296,-333.33839106537562,-354.85321940983192,ROBUSTNESS_2022,1,MOMENTUM_BREAKOUT,1,478.62499999999937,38936,TRANSITION,RISK_OFF,35874
FULL_ADAPTIVE_PLUS_CAUSAL_STATIC_SHADOW_SAME_PAIR_OCCUPANCY_GUARD_V1,EAA_EXIT_BRAIN_P13_SHADOW_GUARD,D2,1,DOT-USDT,2022-01-26 14:00:00+00:00,2022-01-26 15:00:00+00:00,2022-01-26 22:00:00+00:00,7,ADAPTIVE_PROTECTION_TOUCH,19.223099999999999,18.181062499999999,457.8503162349345,8801.3024140157686,8324.2052151121079,11.00162801751971,10.405256518890136,-477.09719890366068,-498.50408344007053,ROBUSTNESS_2022,4,MOMENTUM_BREAKOUT,1,0.34734583333333308,20.044799999999999,TRANSITION,RISK_OFF,17.833716666666668
FULL_ADAPTIVE_PLUS_CAUSAL_STATIC_SHADOW_SAME_PAIR_OCCUPANCY_GUARD_V1,EAA_EXIT_BRAIN_P13_SHADOW_GUARD,D2,1,ETH-USDT,2022-01-26 14:00:00+00:00,2022-01-26 15:00:00+00:00,2022-01-26 22:00:00+00:00,7,ADAPTIVE_PROTECTION_TOUCH,2622.4699999999998,2499.3175000000001,3.3564893676348495,8802.2926719413626,8388.932615093714,11.002865839926704,10.486165768867142,-413.36005684764859,-434.84908845644242,ROBUSTNESS_2022,2,MOMENTUM_BREAKOUT,1,41.050833333333308,2722.5300000000002,TRANSITION,RISK_OFF,2458.2666666666664
FULL_ADAPTIVE_PLUS_CAUSAL_STATIC_SHADOW_SAME_PAIR_OCCUPANCY_GUARD_V1,EAA_EXIT_BRAIN_P13_SHADOW_GUARD,D2,1,AVAX-USDT,2022-01-26 08:00:00+00:00,2022-01-26 09:00:00+00:00,2022-01-27 02:00:00+00:00,17,ADAPTIVE_PROTECTION_TOUCH,68.403999999999996,63.517499999999998,128.09712451951069,8762.3557056326081,8136.4091066680194,10.95294463204076,10.170511383335024,-625.9465989645887,-647.07005497996443,ROBUSTNESS_2022,7,RELATIVE_STRENGTH_ROTATION,1,1.6288333333333334,73.623999999999995,TRANSITION,RISK_OFF,63.517499999999998
FULL_ADAPTIVE_PLUS_CAUSAL_STATIC_SHADOW_SAME_PAIR_OCCUPANCY_GUARD_V1,EAA_EXIT_BRAIN_P13_SHADOW_GUARD,D2,1,ETH-USDT,2022-01-30 13:00:00+00:00,2022-01-30 14:00:00+00:00,2022-01-31 03:00:00+00:00,13,ADAPTIVE_PROTECTION_TOUCH,2615.8099999999999,2519.63375,3.2870987010331199,8598.4256531494448,8282.2848267042082,10.748032066436807,10.352856033380261,-316.1408264452366,-337.24171454505364,ROBUSTNESS_2022,2,RELATIVE_STRENGTH_ROTATION,1,32.058749999999996,2630.29,TRANSITION,RISK_OFF,2519.63375
FULL_ADAPTIVE_PLUS_CAUSAL_STATIC_SHADOW_SAME_PAIR_OCCUPANCY_GUARD_V1,EAA_EXIT_BRAIN_P13_SHADOW_GUARD,D2,1,DOT-USDT,2022-01-31 20:00:00+00:00,2022-01-31 21:00:00+00:00,2022-02-02 15:00:00+00:00,42,ADAPTIVE_PROTECTION_TOUCH,19.1111,19.668599999999998,448.32970885194413,8568.07389884039,8818.0177115253482,10.710092373550488,11.022522139406686,249.94381268495817,228.21119817200102,ROBUSTNESS_2022,4,MOMENTUM_BREAKOUT,1,0.30323333333333319,20.578299999999999,TRANSITION,TRANSITION,19.668599999999998
FULL_ADAPTIVE_PLUS_CAUSAL_STATIC_SHADOW_SAME_PAIR_OCCUPANCY_GUARD_V1,EAA_EXIT_BRAIN_P13_SHADOW_GUARD,D2,1,NEAR-USDT,2022-02-01 04:00:00+00:00,2022-02-01 05:00:00+00:00,2022-02-02 16:00:00+00:00,35,ADAPTIVE_STAGNATION_24H_CLOSE_NOT_ABOVE_ENTRY,11.432700000000001,11.1243,751.66065602105664,8593.5107820919347,8361.6986357750411,10.741888477614919,10.452123294718801,-231.81214631689363,-253.00615808922734,ROBUSTNESS_2022,5,MOMENTUM_BREAKOUT,1,0.18038333333333348,11.7201,TRANSITION,RISK_OFF,10.711166666666667
FULL_ADAPTIVE_PLUS_CAUSAL_STATIC_SHADOW_SAME_PAIR_OCCUPANCY_GUARD_V1,EAA_EXIT_BRAIN_P13_SHADOW_GUARD,D2,1,AVAX-USDT,2022-02-04 17:00:00+00:00,2022-02-04 18:00:00+00:00,2022-02-05 17:00:00+00:00,23,ADAPTIVE_PROTECTION_TOUCH,75.430999999999997,77.070250000000001,113.94795726352076,8595.2083643446349,8781.997553288862,10.744010455430795,10.977496941611077,186.78918894422713,165.06768154718529,ROBUSTNESS_2022,6,MOMENTUM_BREAKOUT,1,1.2959166666666657,80.957999999999998,TRANSITION,TRANSITION,77.070250000000001
FULL_ADAPTIVE_PLUS_CAUSAL_STATIC_SHADOW_SAME_PAIR_OCCUPANCY_GUARD_V1,EAA_EXIT_BRAIN_P13_SHADOW_GUARD,D2,1,NEAR-USDT,2022-02-04 17:00:00+00:00,2022-02-04 18:00:00+00:00,2022-02-05 17:00:00+00:00,23,ADAPTIVE_PROTECTION_TOUCH,12.247199999999999,12.972412500000001,701.88903864401402,8596.1754340809675,9105.194138518591,10.74521929260121,11.381492673148239,509.01870443762346,486.891992471874,ROBUSTNESS_2022,5,MOMENTUM_BREAKOUT|RELATIVE_STRENGTH_ROTATION,2,0.20706249999999993,13.5936,TRANSITION,TRANSITION,12.972412500000001
FULL_ADAPTIVE_PLUS_CAUSAL_STATIC_SHADOW_SAME_PAIR_OCCUPANCY_GUARD_V1,EAA_EXIT_BRAIN_P13_SHADOW_GUARD,D2,1,ATOM-USDT,2022-02-04 16:00:00+00:00,2022-02-04 17:00:00+00:00,2022-02-06 20:00:00+00:00,51,ADAPTIVE_STAGNATION_48H_CLOSE_NOT_ABOVE_ENTRY,30.376100000000001,30.327100000000002,281.96110413065503,8564.8786951831898,8551.0626010807882,10.706098368978987,10.688828251350985,-13.816094102401621,-35.21102072273159,ROBUSTNESS_2022,3,MOMENTUM_BREAKOUT|RELATIVE_STRENGTH_ROTATION,2,0.62782500000000008,32.2879,TRANSITION,TRANSITION,27.864800000000002
FULL_ADAPTIVE_PLUS_CAUSAL_STATIC_SHADOW_SAME_PAIR_OCCUPANCY_GUARD_V1,EAA_EXIT_BRAIN_P13_SHADOW_GUARD,D2,1,BTC-USDT,2022-02-04 16:00:00+00:00,2022-02-04 17:00:00+00:00,2022-02-08 09:00:00+00:00,88,ADAPTIVE_PROTECTION_TOUCH,39479.099999999999,44374.75,0.21697157109579096,8565.8423524478403,9628.0592244829495,10.707302940559801,12.035074030603687,1062.2168720351092,1039.4744950639456,ROBUSTNESS_2022,1,MOMENTUM_BREAKOUT,1,375.08333333333394,45500,TRANSITION,TRANSITION,44374.75
FULL_ADAPTIVE_PLUS_CAUSAL_STATIC_SHADOW_SAME_PAIR_OCCUPANCY_GUARD_V1,EAA_EXIT_BRAIN_P13_SHADOW_GUARD,D2,1,DOT-USDT,2022-02-05 04:00:00+00:00,2022-02-05 05:00:00+00:00,2022-02-08 09:00:00+00:00,76,ADAPTIVE_PROTECTION_TOUCH,21.773800000000001,22.2797375,399.82643741556052,8705.7408829989326,8908.0280711788673,10.882176103748666,11.135035088973584,202.28718817993467,180.26997698721243,ROBUSTNESS_2022,4,MOMENTUM_BREAKOUT,1,0.30162083333333323,23.1846,TRANSITION,TRANSITION,22.2797375
FULL_ADAPTIVE_PLUS_CAUSAL_STATIC_SHADOW_SAME_PAIR_OCCUPANCY_GUARD_V1,EAA_EXIT_BRAIN_P13_SHADOW_GUARD,D2,1,ETH-USDT,2022-02-07 05:00:00+00:00,2022-02-07 06:00:00+00:00,2022-02-08 09:00:00+00:00,27,ADAPTIVE_PROTECTION_TOUCH,3087,3140.8362500000003,2.8187175496053958,8701.3810756318562,8853.1302583118013,10.87672634453982,11.066412822889752,151.74918267994508,129.80604351251549,ROBUSTNESS_2022,2,MOMENTUM_BREAKOUT,1,30.891249999999939,3233.5100000000002,TRANSITION,TRANSITION,3140.8362500000003
FULL_ADAPTIVE_PLUS_CAUSAL_STATIC_SHADOW_SAME_PAIR_OCCUPANCY_GUARD_V1,EAA_EXIT_BRAIN_P13_SHADOW_GUARD,D2,1,AVAX-USDT,2022-02-15 08:00:00+00:00,2022-02-15 09:00:00+00:00,2022-02-16 14:00:00+00:00,29,ADAPTIVE_PROTECTION_TOUCH,85.128,92.232333333333344,198.81836722237657,16925.009964906472,18337.481918443311,21.156262456133092,22.921852398054138,1412.4719535368386,1368.3938386826512,ROBUSTNESS_2022,5,MOMENTUM_BREAKOUT,1,1.2844166666666652,97.370000000000005,RISK_ON,RISK_ON,92.232333333333344
FULL_ADAPTIVE_PLUS_CAUSAL_STATIC_SHADOW_SAME_PAIR_OCCUPANCY_GUARD_V1,EAA_EXIT_BRAIN_P13_SHADOW_GUARD,D2,1,ETH-USDT,2022-02-15 02:00:00+00:00,2022-02-15 03:00:00+00:00,2022-02-16 14:00:00+00:00,35,ADAPTIVE_PROTECTION_TOUCH,3020.71,3070.9483333333337,5.8300431324509825,17610.869590626007,17903.761240861793,22.013586988282508,22.379701551077243,292.89165023578607,248.49836169642634,ROBUSTNESS_2022,2,MOMENTUM_BREAKOUT,1,31.655416666666593,3197.5700000000002,RISK_ON,RISK_ON,3070.9483333333337
FULL_ADAPTIVE_PLUS_CAUSAL_STATIC_SHADOW_SAME_PAIR_OCCUPANCY_GUARD_V1,EAA_EXIT_BRAIN_P13_SHADOW_GUARD,D2,1,ATOM-USDT,2022-02-14 23:00:00+00:00,2022-02-15 00:00:00+00:00,2022-02-17 15:00:00+00:00,63,ADAPTIVE_PROTECTION_TOUCH,27.110800000000001,29.503299999999999,644.96874143479624,17485.618555290475,19028.706269173224,21.857023194113093,23.785882836466531,1543.0877138827491,1497.4448078521696,ROBUSTNESS_2022,3,RELATIVE_STRENGTH_ROTATION,1,0.45116666666666666,30.8568,RISK_ON,TRANSITION,29.052133333333334
FULL_ADAPTIVE_PLUS_CAUSAL_STATIC_SHADOW_SAME_PAIR_OCCUPANCY_GUARD_V1,EAA_EXIT_BRAIN_P13_SHADOW_GUARD,D2,1,BTC-USDT,2022-02-15 02:00:00+00:00,2022-02-15 03:00:00+00:00,2022-02-17 15:00:00+00:00,60,ADAPTIVE_STAGNATION_48H_CLOSE_NOT_ABOVE_ENTRY,43461,42253.099999999999,0.40530206226351945,17614.832928034819,17125.268567026713,22.018541160043522,21.406585708783393,-489.56436100810606,-532.98948787693303,ROBUSTNESS_2022,1,MOMENTUM_BREAKOUT,1,342.43750000000028,44800.800000000003,RISK_ON,TRANSITION,41748.8125
FULL_ADAPTIVE_PLUS_CAUSAL_STATIC_SHADOW_SAME_PAIR_OCCUPANCY_GUARD_V1,EAA_EXIT_BRAIN_P13_SHADOW_GUARD,D2,1,NEAR-USDT,2022-02-17 08:00:00+00:00,2022-02-17 09:00:00+00:00,2022-02-17 15:00:00+00:00,6,ADAPTIVE_PROTECTION_TOUCH,11.6432,10.941033333333333,1560.3005850512066,18166.89177186821,17071.300711064752,22.708614714835264,21.339125888830942,-1095.5910608034574,-1139.6388014071235,ROBUSTNESS_2022,6,MOMENTUM_BREAKOUT,1,0.17554166666666671,11.7241,RISK_ON,TRANSITION,10.765491666666666
FULL_ADAPTIVE_PLUS_CAUSAL_STATIC_SHADOW_SAME_PAIR_OCCUPANCY_GUARD_V1,EAA_EXIT_BRAIN_P13_SHADOW_GUARD,D2,1,SOL-USDT,2022-02-15 02:00:00+00:00,2022-02-15 03:00:00+00:00,2022-02-17 15:00:00+00:00,60,ADAPTIVE_STAGNATION_48H_CLOSE_NOT_ABOVE_ENTRY,102.02200000000001,97.551000000000002,172.5795136830107,17606.907144968118,16835.304139291376,22.008633931210149,21.044130174114223,-771.6030056767413,-814.6557697820657,ROBUSTNESS_2022,4,MOMENTUM_BREAKOUT,1,1.5941249999999982,105.751,RISK_ON,TRANSITION,94.051375000000007
FULL_ADAPTIVE_PLUS_CAUSAL_STATIC_SHADOW_SAME_PAIR_OCCUPANCY_GUARD_V1,EAA_EXIT_BRAIN_P13_SHADOW_GUARD,D2,1,SOL-USDT,2022-02-23 12:00:00+00:00,2022-02-23 13:00:00+00:00,2022-02-23 21:00:00+00:00,8,ADAPTIVE_PROTECTION_TOUCH,92.049000000000007,87.371000000000009,95.637623415834682,8803.3475978041679,8355.9547954648933,11.00418449725521,10.444943494331117,-447.39280233927457,-468.84193033086092,ROBUSTNESS_2022,7,RELATIVE_STRENGTH_ROTATION,1,1.5593333333333337,93.334999999999994,TRANSITION,RISK_OFF,87.371000000000009
FULL_ADAPTIVE_PLUS_CAUSAL_STATIC_SHADOW_SAME_PAIR_OCCUPANCY_GUARD_V1,EAA_EXIT_BRAIN_P13_SHADOW_GUARD,D2,1,AVAX-USDT,2022-02-23 16:00:00+00:00,2022-02-23 17:00:00+00:00,2022-02-23 23:00:00+00:00,6,ADAPTIVE_PROTECTION_TOUCH,79.968000000000004,75.322249999999997,109.70864016658976,8773.18053684185,8263.5016217879147,10.966475671052313,10.329377027234894,-509.67891505393527,-530.97476775222242,ROBUSTNESS_2022,6,RELATIVE_STRENGTH_ROTATION,1,1.5485833333333343,81.424000000000007,TRANSITION,RISK_OFF,75.322249999999997
FULL_ADAPTIVE_PLUS_CAUSAL_STATIC_SHADOW_SAME_PAIR_OCCUPANCY_GUARD_V1,EAA_EXIT_BRAIN_P13_SHADOW_GUARD,D2,1,ETH-USDT,2022-02-23 09:00:00+00:00,2022-02-23 10:00:00+00:00,2022-02-24 00:00:00+00:00,14,ADAPTIVE_PROTECTION_TOUCH,2702.2399999999998,2579.4862499999999,3.256277770690279,8799.244043070099,8399.5237356762282,10.999055053837624,10.499404669595286,-399.72030739387083,-421.21876711730374,ROBUSTNESS_2022,2,RELATIVE_STRENGTH_ROTATION,1,40.917916666666677,2752.8899999999999,TRANSITION,RISK_OFF,2579.4862499999999
FULL_ADAPTIVE_PLUS_CAUSAL_STATIC_SHADOW_SAME_PAIR_OCCUPANCY_GUARD_V1,EAA_EXIT_BRAIN_P13_SHADOW_GUARD,D2,1,ATOM-USDT,2022-02-25 21:00:00+00:00,2022-02-25 22:00:00+00:00,2022-02-27 02:00:00+00:00,28,ADAPTIVE_PROTECTION_TOUCH,26.819900000000001,28.827237499999999,323.31779205746722,8671.3508512020653,9320.358779616221,10.839188564002582,11.650448474520276,649.00792841415569,626.51829137563277,ROBUSTNESS_2022,5,RELATIVE_STRENGTH_ROTATION,1,0.4963541666666666,30.316299999999998,TRANSITION,TRANSITION,28.827237499999999
FULL_ADAPTIVE_PLUS_CAUSAL_STATIC_SHADOW_SAME_PAIR_OCCUPANCY_GUARD_V1,EAA_EXIT_BRAIN_P13_SHADOW_GUARD,D2,1,SOL-USDT,2022-02-28 16:00:00+00:00,2022-02-28 17:00:00+00:00,2022-03-02 14:00:00+00:00,45,ADAPTIVE_PROTECTION_TOUCH,95.635999999999996,100.59825000000001,91.24969286625759,8726.7556269574106,9179.5594153829988,10.908444533696764,11.474449269228749,452.80378842558821,430.42089462266273,ROBUSTNESS_2022,6,MOMENTUM_BREAKOUT,1,1.9485833333333342,106.444,TRANSITION,TRANSITION,100.59825000000001
FULL_ADAPTIVE_PLUS_CAUSAL_STATIC_SHADOW_SAME_PAIR_OCCUPANCY_GUARD_V1,EAA_EXIT_BRAIN_P13_SHADOW_GUARD,D2,1,BTC-USDT,2022-02-28 16:00:00+00:00,2022-02-28 17:00:00+00:00,2022-03-02 19:00:00+00:00,50,ADAPTIVE_PROTECTION_TOUCH,40824.099999999999,43567.275000000001,0.2137888525999562,8727.737497425871,9314.1977331567577,10.909671871782338,11.642747166445947,586.46023573088678,563.90781669265846,ROBUSTNESS_2022,1,MOMENTUM_BREAKOUT,1,600.07500000000039,45367.5,TRANSITION,TRANSITION,43567.275000000001
FULL_ADAPTIVE_PLUS_CAUSAL_STATIC_SHADOW_SAME_PAIR_OCCUPANCY_GUARD_V1,EAA_EXIT_BRAIN_P13_SHADOW_GUARD,D2,1,AVAX-USDT,2022-03-09 04:00:00+00:00,2022-03-09 05:00:00+00:00,2022-03-10 05:00:00+00:00,24,ADAPTIVE_PROTECTION_TOUCH,79.918999999999997,74.536999999999992,110.30222246204229,8815.2433169439573,8221.5967556532451,11.019054146179947,10.276995944566556,-593.64656129071227,-614.94261138145885,ROBUSTNESS_2022,5,MOMENTUM_BREAKOUT|RELATIVE_STRENGTH_ROTATION,2,1.3455000000000006,80.394000000000005,TRANSITION,TRANSITION,74.536999999999992
FULL_ADAPTIVE_PLUS_CAUSAL_STATIC_SHADOW_SAME_PAIR_OCCUPANCY_GUARD_V1,EAA_EXIT_BRAIN_P13_SHADOW_GUARD,D2,1,SOL-USDT,2022-03-09 08:00:00+00:00,2022-03-09 09:00:00+00:00,2022-03-10 05:00:00+00:00,20,ADAPTIVE_PROTECTION_TOUCH,89.275999999999996,83.293166666666664,98.883811805266348,8827.951182726958,8236.3458173313502,11.034938978408698,10.295432271664188,-591.60536539560781,-612.93573664568066,ROBUSTNESS_2022,7,MOMENTUM_BREAKOUT,1,1.4957083333333323,89.900000000000006,TRANSITION,TRANSITION,83.293166666666664
FULL_ADAPTIVE_PLUS_CAUSAL_STATIC_SHADOW_SAME_PAIR_OCCUPANCY_GUARD_V1,EAA_EXIT_BRAIN_P13_SHADOW_GUARD,D2,1,ATOM-USDT,2022-03-09 07:00:00+00:00,2022-03-09 08:00:00+00:00,2022-03-10 06:00:00+00:00,22,ADAPTIVE_PROTECTION_TOUCH,30.283799999999999,28.052883333333334,291.19038295415839,8818.3513193071412,8168.7298408016613,11.022939149133927,10.210912301002077,-649.6214785054799,-670.85532995561584,ROBUSTNESS_2022,6,MOMENTUM_BREAKOUT,1,0.5577291666666665,31.3672,TRANSITION,TRANSITION,28.052883333333334
FULL_ADAPTIVE_PLUS_CAUSAL_STATIC_SHADOW_SAME_PAIR_OCCUPANCY_GUARD_V1,EAA_EXIT_BRAIN_P13_SHADOW_GUARD,D2,1,BTC-USDT,2022-03-09 04:00:00+00:00,2022-03-09 05:00:00+00:00,2022-03-10 06:00:00+00:00,25,ADAPTIVE_PROTECTION_TOUCH,41205.699999999997,39369.866666666661,0.21398076191993465,8817.2270814442509,8424.3940660195694,11.021533851805314,10.530492582524461,-392.83301542468143,-414.38504185901121,ROBUSTNESS_2022,1,MOMENTUM_BREAKOUT,1,458.95833333333456,42581.199999999997,TRANSITION,TRANSITION,39369.866666666661
FULL_ADAPTIVE_PLUS_CAUSAL_STATIC_SHADOW_SAME_PAIR_OCCUPANCY_GUARD_V1,EAA_EXIT_BRAIN_P13_SHADOW_GUARD,D2,1,ETH-USDT,2022-03-09 04:00:00+00:00,2022-03-09 05:00:00+00:00,2022-03-10 15:00:00+00:00,34,ADAPTIVE_PROTECTION_GAP,2698.04,2573.9499999999998,3.267644343077786,8816.2351433975891,8410.7531568650666,11.020293929246987,10.513441446081334,-405.48198653252257,-427.01572190785089,ROBUSTNESS_2022,2,MOMENTUM_BREAKOUT,1,36.728749999999955,2773.9099999999999,TRANSITION,RISK_OFF,2551.125
FULL_ADAPTIVE_PLUS_CAUSAL_STATIC_SHADOW_SAME_PAIR_OCCUPANCY_GUARD_V1,EAA_EXIT_BRAIN_P13_SHADOW_GUARD,D2,1,XRP-USDT,2022-03-11 17:00:00+00:00,2022-03-11 18:00:00+00:00,2022-03-11 23:00:00+00:00,5,ADAPTIVE_PROTECTION_TOUCH,0.72880999999999996,0.79224125000000001,11759.738452665009,8570.6149816867855,9316.5498914123928,10.713268727108483,11.645687364265491,745.93490972560721,723.5759536342332,ROBUSTNESS_2022,3,RELATIVE_STRENGTH_ROTATION,1,0.0076495833333333346,0.81518999999999997,TRANSITION,TRANSITION,0.75842083333333332
FULL_ADAPTIVE_PLUS_CAUSAL_STATIC_SHADOW_SAME_PAIR_OCCUPANCY_GUARD_V1,EAA_EXIT_BRAIN_P13_SHADOW_GUARD,D2,1,BTC-USDT,2022-03-14 21:00:00+00:00,2022-03-14 22:00:00+00:00,2022-03-16 04:00:00+00:00,30,ADAPTIVE_PROTECTION_TOUCH,38725.099999999999,40621.037499999999,0.22300102046253897,8635.7368175138672,9058.5328147470627,10.794671021892334,11.323166018433829,422.79599723319552,400.67816019286937,ROBUSTNESS_2022,1,RELATIVE_STRENGTH_ROTATION,1,368.22083333333347,41725.699999999997,TRANSITION,TRANSITION,37620.4375
FULL_ADAPTIVE_PLUS_CAUSAL_STATIC_SHADOW_SAME_PAIR_OCCUPANCY_GUARD_V1,EAA_EXIT_BRAIN_P13_SHADOW_GUARD,D2,1,ETH-USDT,2022-03-15 17:00:00+00:00,2022-03-15 18:00:00+00:00,2022-03-16 04:00:00+00:00,10,ADAPTIVE_PROTECTION_TOUCH,2602.4400000000001,2654.645,3.3213531257787334,8643.6222286516077,8817.0134685828853,10.804527785814511,11.021266835728607,173.3912399312776,151.56544530973449,ROBUSTNESS_2022,2,RELATIVE_STRENGTH_ROTATION,1,26.151666666666642,2733.0999999999999,TRANSITION,TRANSITION,2497.8333333333335
FULL_ADAPTIVE_PLUS_CAUSAL_STATIC_SHADOW_SAME_PAIR_OCCUPANCY_GUARD_V1,EAA_EXIT_BRAIN_P13_SHADOW_GUARD,D2,1,AVAX-USDT,2022-03-16 20:00:00+00:00,2022-03-16 21:00:00+00:00,2022-03-17 21:00:00+00:00,24,ADAPTIVE_PROTECTION_TOUCH,73.734999999999999,78.362749999999991,118.41591401385465,8731.397419811572,9279.3966658891877,10.914246774764464,11.599245832361484,547.99924607761568,525.48575347048973,ROBUSTNESS_2022,4,MOMENTUM_BREAKOUT,1,1.1127500000000001,81.700999999999993,TRANSITION,TRANSITION,78.362749999999991
FULL_ADAPTIVE_PLUS_CAUSAL_STATIC_SHADOW_SAME_PAIR_OCCUPANCY_GUARD_V1,EAA_EXIT_BRAIN_P13_SHADOW_GUARD,D2,1,SOL-USDT,2022-03-15 18:00:00+00:00,2022-03-15 19:00:00+00:00,2022-03-17 22:00:00+00:00,51,ADAPTIVE_PROTECTION_TOUCH,82.775000000000006,88.260250000000013,104.4339721777137,8644.5220470102522,9217.3684928980565,10.805652558762816,11.52171061612257,572.84644588780429,550.51908271291882,ROBUSTNESS_2022,7,RELATIVE_STRENGTH_ROTATION,1,0.90658333333333252,90.980000000000004,TRANSITION,TRANSITION,88.061250000000001
FULL_ADAPTIVE_PLUS_CAUSAL_STATIC_SHADOW_SAME_PAIR_OCCUPANCY_GUARD_V1,EAA_EXIT_BRAIN_P13_SHADOW_GUARD,D2,1,ATOM-USDT,2022-03-16 16:00:00+00:00,2022-03-16 17:00:00+00:00,2022-03-18 17:00:00+00:00,48,ADAPTIVE_STAGNATION_48H_CLOSE_NOT_ABOVE_ENTRY,28.118300000000001,27.561199999999999,309.24569161539381,8695.4631305491275,8523.1823557501921,10.869328913186409,10.653977944687741,-172.28077479893545,-193.80408165680961,ROBUSTNESS_2022,6,MOMENTUM_BREAKOUT,1,0.40995000000000026,29.0961,TRANSITION,TRANSITION,26.4785
FULL_ADAPTIVE_PLUS_CAUSAL_STATIC_SHADOW_SAME_PAIR_OCCUPANCY_GUARD_V1,EAA_EXIT_BRAIN_P13_SHADOW_GUARD,D2,1,XRP-USDT,2022-03-19 06:00:00+00:00,2022-03-19 07:00:00+00:00,2022-03-20 18:00:00+00:00,35,ADAPTIVE_PROTECTION_TOUCH,0.82010000000000005,0.79961833333333332,10687.522021602848,8764.8368099164963,8545.9385463773669,10.956046012395621,10.682423182971709,-218.8982635391294,-240.53673273449675,ROBUSTNESS_2022,3,MOMENTUM_BREAKOUT,1,0.0051204166666666689,0.82682999999999995,TRANSITION,RISK_ON,0.79961833333333332
FULL_ADAPTIVE_PLUS_CAUSAL_STATIC_SHADOW_SAME_PAIR_OCCUPANCY_GUARD_V1,EAA_EXIT_BRAIN_P13_SHADOW_GUARD,D2,1,SOL-USDT,2022-03-23 14:00:00+00:00,2022-03-23 15:00:00+00:00,2022-03-25 16:00:00+00:00,49,ADAPTIVE_PROTECTION_TOUCH,92.254999999999995,100.59416666666667,188.14815516403283,17357.608054657849,18926.60687859658,21.69701006832231,23.658258598245727,1568.9988239387312,1523.6435552721632,ROBUSTNESS_2022,6,RELATIVE_STRENGTH_ROTATION,1,1.0557083333333324,104.81699999999999,RISK_ON,RISK_ON,100.59416666666667
FULL_ADAPTIVE_PLUS_CAUSAL_STATIC_SHADOW_SAME_PAIR_OCCUPANCY_GUARD_V1,EAA_EXIT_BRAIN_P13_SHADOW_GUARD,D2,1,ATOM-USDT,2022-03-25 01:00:00+00:00,2022-03-25 02:00:00+00:00,2022-03-25 17:00:00+00:00,15,ADAPTIVE_PROTECTION_TOUCH,29.746099999999998,28.084120833333333,603.8805326692576,17963.090712833004,16959.453848381127,22.453863391041256,21.19931731047641,-1003.636864451877,-1047.2900451533947,ROBUSTNESS_2022,5,MOMENTUM_BREAKOUT,1,0.33239583333333328,30.010000000000002,RISK_ON,RISK_ON,28.084120833333333
FULL_ADAPTIVE_PLUS_CAUSAL_STATIC_SHADOW_SAME_PAIR_OCCUPANCY_GUARD_V1,EAA_EXIT_BRAIN_P13_SHADOW_GUARD,D2,1,ETH-USDT,2022-03-22 19:00:00+00:00,2022-03-22 20:00:00+00:00,2022-03-25 18:00:00+00:00,70,ADAPTIVE_PROTECTION_TOUCH,3000.4099999999999,3079.918333333334,5.8160609294546566,17450.567373345046,17912.992684411107,21.813209216681308,22.391240855513885,462.42531106606111,418.22086099386593,ROBUSTNESS_2022,2,RELATIVE_STRENGTH_ROTATION,1,28.465416666666613,3193.7800000000002,RISK_ON,RISK_ON,3079.918333333334
FULL_ADAPTIVE_PLUS_CAUSAL_STATIC_SHADOW_SAME_PAIR_OCCUPANCY_GUARD_V1,EAA_EXIT_BRAIN_P13_SHADOW_GUARD,D2,1,XRP-USDT,2022-03-27 22:00:00+00:00,2022-03-27 23:00:00+00:00,2022-03-28 15:00:00+00:00,16,ADAPTIVE_PROTECTION_TOUCH,0.85243999999999998,0.88320666666666658,21003.403472119982,17904.141255773957,18550.345969266182,22.380176569717445,23.187932461582729,646.20471349222498,600.63660446092479,ROBUSTNESS_2022,3,MOMENTUM_BREAKOUT,1,0.00509083333333335,0.90356999999999998,RISK_ON,RISK_ON,0.85753666666666661
FULL_ADAPTIVE_PLUS_CAUSAL_STATIC_SHADOW_SAME_PAIR_OCCUPANCY_GUARD_V1,EAA_EXIT_BRAIN_P13_SHADOW_GUARD,D2,1,AVAX-USDT,2022-03-27 22:00:00+00:00,2022-03-27 23:00:00+00:00,2022-03-28 17:00:00+00:00,18,ADAPTIVE_PROTECTION_TOUCH,88.275999999999996,91.978166666666667,202.77439874927961,17900.112823991407,18650.817443894364,22.375141029989258,23.313521804867957,750.70461990295735,705.01595706810019,ROBUSTNESS_2022,4,MOMENTUM_BREAKOUT,1,0.72470833333333096,94.876999999999995,RISK_ON,RISK_ON,90.960166666666666
FULL_ADAPTIVE_PLUS_CAUSAL_STATIC_SHADOW_SAME_PAIR_OCCUPANCY_GUARD_V1,EAA_EXIT_BRAIN_P13_SHADOW_GUARD,D2,1,BTC-USDT,2022-03-22 05:00:00+00:00,2022-03-22 06:00:00+00:00,2022-03-29 06:00:00+00:00,168,MAX_HOLD_168H,42994,47601.199999999997,0.40671668158209945,17486.377007940784,19360.202103325832,21.857971259925982,24.200252629157291,1873.8250953850475,1827.7668714959641,ROBUSTNESS_2022,1,MOMENTUM_BREAKOUT,1,328.09583333333376,48195.199999999997,RISK_ON,RISK_ON,46882.816666666666
FULL_ADAPTIVE_PLUS_CAUSAL_STATIC_SHADOW_SAME_PAIR_OCCUPANCY_GUARD_V1,EAA_EXIT_BRAIN_P13_SHADOW_GUARD,D2,1,SOL-USDT,2022-03-30 14:00:00+00:00,2022-03-30 15:00:00+00:00,2022-03-31 15:00:00+00:00,24,ADAPTIVE_PROTECTION_TOUCH,115.69199999999999,122.577,157.34801908920363,18203.907024468146,19287.248135897313,22.754883780585182,24.10906016987164,1083.3411114291666,1036.4771674787098,ROBUSTNESS_2022,5,MOMENTUM_BREAKOUT,1,2.1409999999999996,129,RISK_ON,TRANSITION,121.569
FULL_ADAPTIVE_PLUS_CAUSAL_STATIC_SHADOW_SAME_PAIR_OCCUPANCY_GUARD_V1,EAA_EXIT_BRAIN_P13_SHADOW_GUARD,D2,1,ETH-USDT,2022-03-30 01:00:00+00:00,2022-03-30 02:00:00+00:00,2022-04-01 02:00:00+00:00,48,ADAPTIVE_STAGNATION_48H_CLOSE_NOT_ABOVE_ENTRY,3372.9000000000001,3300.3299999999999,5.3993346653282197,18211.415892685553,17819.586176022684,22.764269865856942,22.274482720028356,-391.82971666286903,-436.86846924875431,ROBUSTNESS_2022,2,RELATIVE_STRENGTH_ROTATION,1,34.560416666666583,3447.29,RISK_ON,TRANSITION,3234.6583333333338
FULL_ADAPTIVE_PLUS_CAUSAL_STATIC_SHADOW_SAME_PAIR_OCCUPANCY_GUARD_V1,EAA_EXIT_BRAIN_P13_SHADOW_GUARD,D2,1,ATOM-USDT,2022-04-02 19:00:00+00:00,2022-04-02 20:00:00+00:00,2022-04-04 20:00:00+00:00,48,ADAPTIVE_STAGNATION_48H_CLOSE_NOT_ABOVE_ENTRY,31.724,30.625499999999999,288.73006963760787,9159.6727291834723,8842.5027476865598,11.449590911479341,11.053128434608199,-317.16998149691244,-339.67270084299997,ROBUSTNESS_2022,7,MOMENTUM_BREAKOUT,1,0.43193750000000036,33.265999999999998,TRANSITION,TRANSITION,29.99625
FULL_ADAPTIVE_PLUS_CAUSAL_STATIC_SHADOW_SAME_PAIR_OCCUPANCY_GUARD_V1,EAA_EXIT_BRAIN_P13_SHADOW_GUARD,D2,1,BTC-USDT,2022-04-05 19:00:00+00:00,2022-04-05 20:00:00+00:00,2022-04-06 01:00:00+00:00,5,ADAPTIVE_PROTECTION_TOUCH,45896.099999999999,44610.5,0.39781603169365598,18258.204372215205,17746.77208186984,22.822755465269008,22.183465102337301,-511.43229034536489,-556.4385109129712,ROBUSTNESS_2022,1,RELATIVE_STRENGTH_ROTATION,1,321.39999999999935,46108.900000000001,RISK_ON,TRANSITION,44610.5
FULL_ADAPTIVE_PLUS_CAUSAL_STATIC_SHADOW_SAME_PAIR_OCCUPANCY_GUARD_V1,EAA_EXIT_BRAIN_P13_SHADOW_GUARD,D2,1,XRP-USDT,2022-04-14 23:00:00+00:00,2022-04-15 00:00:00+00:00,2022-04-15 06:00:00+00:00,6,ADAPTIVE_PROTECTION_TOUCH,0.72382000000000002,0.77523249999999999,12543.20510641518,9079.0227201254365,9723.9002526590066,11.348778400156796,12.154875315823759,644.87753253357005,621.37387881758946,ROBUSTNESS_2022,3,RELATIVE_STRENGTH_ROTATION,1,0.0074558333333333325,0.79759999999999998,TRANSITION,TRANSITION,0.76855249999999997
FULL_ADAPTIVE_PLUS_CAUSAL_STATIC_SHADOW_SAME_PAIR_OCCUPANCY_GUARD_V1,EAA_EXIT_BRAIN_P13_SHADOW_GUARD,D2,1,JASMY-USDT,2022-04-18 20:00:00+00:00,2022-04-18 21:00:00+00:00,2022-04-19 10:00:00+00:00,13,ADAPTIVE_PROTECTION_TOUCH,0.017989999999999999,0.0190525,507766.73499153758,9134.7235624977602,9674.2257184262689,11.4184044531222,12.092782148032837,539.50215592850873,515.9909693273537,ROBUSTNESS_2022,7,RELATIVE_STRENGTH_ROTATION,1,0.00041583333333333332,0.020299999999999999,TRANSITION,TRANSITION,0.0190525
FULL_ADAPTIVE_PLUS_CAUSAL_STATIC_SHADOW_SAME_PAIR_OCCUPANCY_GUARD_V1,EAA_EXIT_BRAIN_P13_SHADOW_GUARD,D2,1,AVAX-USDT,2022-04-19 12:00:00+00:00,2022-04-19 13:00:00+00:00,2022-04-20 14:00:00+00:00,25,ADAPTIVE_PROTECTION_TOUCH,78.165999999999997,78.995125000000002,117.45429224630603,9180.9322077247562,9278.3164977834749,11.476165259655945,11.597895622229343,97.384290058718761,74.310229176833474,ROBUSTNESS_2022,5,RELATIVE_STRENGTH_ROTATION,1,0.76762500000000067,81.298000000000002,TRANSITION,TRANSITION,75.095499999999987
FULL_ADAPTIVE_PLUS_CAUSAL_STATIC_SHADOW_SAME_PAIR_OCCUPANCY_GUARD_V1,EAA_EXIT_BRAIN_P13_SHADOW_GUARD,D2,1,BTC-USDT,2022-04-18 19:00:00+00:00,2022-04-18 20:00:00+00:00,2022-04-20 16:00:00+00:00,44,ADAPTIVE_PROTECTION_TOUCH,40654,41183.900000000001,0.22469981721894569,9134.9463692190184,9254.0148023633374,11.418682961523773,11.567518502954172,119.06843314431899,96.082231679841044,ROBUSTNESS_2022,1,RELATIVE_STRENGTH_ROTATION,1,345,42218.900000000001,TRANSITION,TRANSITION,41183.900000000001
FULL_ADAPTIVE_PLUS_CAUSAL_STATIC_SHADOW_SAME_PAIR_OCCUPANCY_GUARD_V1,EAA_EXIT_BRAIN_P13_SHADOW_GUARD,D2,1,ETH-USDT,2022-04-19 15:00:00+00:00,2022-04-19 16:00:00+00:00,2022-04-21 17:00:00+00:00,49,ADAPTIVE_STAGNATION_48H_CLOSE_NOT_ABOVE_ENTRY,3112.75,3104.7600000000002,2.9620952421634672,9220.2619650443321,9196.5948240594462,11.525327456305416,11.495743530074307,-23.667140984885918,-46.688211971265645,ROBUSTNESS_2022,2,MOMENTUM_BREAKOUT,1,27.231250000000028,3178.8000000000002,TRANSITION,TRANSITION,3003.8249999999998
FULL_ADAPTIVE_PLUS_CAUSAL_STATIC_SHADOW_SAME_PAIR_OCCUPANCY_GUARD_V1,EAA_EXIT_BRAIN_P13_SHADOW_GUARD,D2,1,SOL-USDT,2022-04-19 14:00:00+00:00,2022-04-19 15:00:00+00:00,2022-04-21 19:00:00+00:00,52,ADAPTIVE_STAGNATION_48H_CLOSE_NOT_ABOVE_ENTRY,106.39700000000001,106.17400000000001,86.58203365433971,9212.0686347207829,9192.7608412158643,11.51508579340098,11.490951051519831,-19.307793504918664,-42.313830349839471,ROBUSTNESS_2022,3,MOMENTUM_BREAKOUT|RELATIVE_STRENGTH_ROTATION,2,1.2755000000000003,110.974,TRANSITION,TRANSITION,101.295
FULL_ADAPTIVE_PLUS_CAUSAL_STATIC_SHADOW_SAME_PAIR_OCCUPANCY_GUARD_V1,EAA_EXIT_BRAIN_P13_SHADOW_GUARD,D2,1,ETH-USDT,2022-04-25 20:00:00+00:00,2022-04-25 21:00:00+00:00,2022-04-26 15:00:00+00:00,18,ADAPTIVE_PROTECTION_TOUCH,3012.1500000000001,2920.1287500000003,3.0505488418992019,9188.7106941266811,8907.995376509065,11.485888367658351,11.134994220636331,-280.71531761761617,-303.33620020591081,ROBUSTNESS_2022,2,MOMENTUM_BREAKOUT|RELATIVE_STRENGTH_ROTATION,2,30.673749999999966,3038.1999999999998,TRANSITION,TRANSITION,2920.1287500000003
FULL_ADAPTIVE_PLUS_CAUSAL_STATIC_SHADOW_SAME_PAIR_OCCUPANCY_GUARD_V1,EAA_EXIT_BRAIN_P13_SHADOW_GUARD,D2,1,JASMY-USDT,2022-04-26 01:00:00+00:00,2022-04-26 02:00:00+00:00,2022-04-26 15:00:00+00:00,13,ADAPTIVE_PROTECTION_TOUCH,0.024109999999999999,0.021176666666666667,381331.73392819002,9193.9081050086606,8075.3350188193035,11.492385131260827,10.09416877352413,-1118.5730861893571,-1140.1596400941421,ROBUSTNESS_2022,7,RELATIVE_STRENGTH_ROTATION,1,0.00073333333333333356,0.024140000000000002,TRANSITION,TRANSITION,0.021176666666666667
FULL_ADAPTIVE_PLUS_CAUSAL_STATIC_SHADOW_SAME_PAIR_OCCUPANCY_GUARD_V1,EAA_EXIT_BRAIN_P13_SHADOW_GUARD,D2,1,BTC-USDT,2022-04-25 21:00:00+00:00,2022-04-25 22:00:00+00:00,2022-04-26 16:00:00+00:00,18,ADAPTIVE_PROTECTION_TOUCH,40180.099999999999,38870.5625,0.22857866789966672,9184.3137340753983,8884.9813967607388,11.480392167594248,11.106226745950924,-299.33233731465953,-321.91895622820471,ROBUSTNESS_2022,1,RELATIVE_STRENGTH_ROTATION,1,436.51249999999982,40800,TRANSITION,RISK_OFF,38870.5625
FULL_ADAPTIVE_PLUS_CAUSAL_STATIC_SHADOW_SAME_PAIR_OCCUPANCY_GUARD_V1,EAA_EXIT_BRAIN_P13_SHADOW_GUARD,D2,1,SOL-USDT,2022-04-28 01:00:00+00:00,2022-04-28 02:00:00+00:00,2022-04-29 02:00:00+00:00,24,ADAPTIVE_STAGNATION_24H_CLOSE_NOT_ABOVE_ENTRY,99.031999999999996,98.537999999999997,91.180864391703082,9029.8233624391396,8984.7800154296383,11.287279203048925,11.230975019287047,-45.043347009501304,-67.561601231837273,ROBUSTNESS_2022,3,RELATIVE_STRENGTH_ROTATION,1,1.2401666666666677,100.54600000000001,TRANSITION,RISK_OFF,95.311499999999995
FULL_ADAPTIVE_PLUS_CAUSAL_STATIC_SHADOW_SAME_PAIR_OCCUPANCY_GUARD_V1,EAA_EXIT_BRAIN_P13_SHADOW_GUARD,D2,1,AVAX-USDT,2022-05-04 12:00:00+00:00,2022-05-04 13:00:00+00:00,2022-05-05 07:00:00+00:00,18,ADAPTIVE_PROTECTION_TOUCH,61.790999999999997,66.954624999999993,145.83059274110212,9011.0181560654401,9764.0326505082139,11.2637726950818,12.205040813135268,753.01449444277387,729.5456809345568,ROBUSTNESS_2022,8,RELATIVE_STRENGTH_ROTATION,1,0.83545833333333341,69.460999999999999,TRANSITION,TRANSITION,66.954624999999993
FULL_ADAPTIVE_PLUS_CAUSAL_STATIC_SHADOW_SAME_PAIR_OCCUPANCY_GUARD_V1,EAA_EXIT_BRAIN_P13_SHADOW_GUARD,D2,1,JASMY-USDT,2022-05-04 08:00:00+00:00,2022-05-04 09:00:00+00:00,2022-05-05 07:00:00+00:00,22,ADAPTIVE_PROTECTION_TOUCH,0.01942,0.020633749999999999,464662.34903853107,9023.7428183282736,9587.7267444737899,11.279678522910343,11.984658430592237,563.98392614551631,540.7195891920137,ROBUSTNESS_2022,6,MOMENTUM_BREAKOUT,1,0.00035541666666666664,0.021700000000000001,TRANSITION,TRANSITION,0.020073749999999998
FULL_ADAPTIVE_PLUS_CAUSAL_STATIC_SHADOW_SAME_PAIR_OCCUPANCY_GUARD_V1,EAA_EXIT_BRAIN_P13_SHADOW_GUARD,D2,1,XRP-USDT,2022-05-04 16:00:00+00:00,2022-05-04 17:00:00+00:00,2022-05-05 09:00:00+00:00,16,ADAPTIVE_PROTECTION_TOUCH,0.61339999999999995,0.63917750000000007,14623.567980338017,8970.0965991393387,9347.055622752503,11.212620748924174,11.68381952844063,376.95902361316439,354.06258333579962,ROBUSTNESS_2022,4,RELATIVE_STRENGTH_ROTATION,1,0.0061241666666666484,0.65754999999999997,TRANSITION,TRANSITION,0.63917750000000007
FULL_ADAPTIVE_PLUS_CAUSAL_STATIC_SHADOW_SAME_PAIR_OCCUPANCY_GUARD_V1,EAA_EXIT_BRAIN_P13_SHADOW_GUARD,D2,1,ETH-USDT,2022-05-04 19:00:00+00:00,2022-05-04 20:00:00+00:00,2022-05-05 15:00:00+00:00,19,ADAPTIVE_PROTECTION_TOUCH,2934.5999999999999,2837.461666666667,3.1032527366419167,9106.8054809493678,8805.3606821998692,11.383506851186709,11.006700852749837,-301.44479874949866,-323.8350064534352,ROBUSTNESS_2022,2,MOMENTUM_BREAKOUT,1,24.284583333333273,2969.2600000000002,TRANSITION,TRANSITION,2837.461666666667
FULL_ADAPTIVE_PLUS_CAUSAL_STATIC_SHADOW_SAME_PAIR_OCCUPANCY_GUARD_V1,EAA_EXIT_BRAIN_P13_SHADOW_GUARD,D2,1,BTC-USDT,2022-05-04 17:00:00+00:00,2022-05-04 18:00:00+00:00,2022-05-05 16:00:00+00:00,22,ADAPTIVE_PROTECTION_GAP,39193.199999999997,38217.5,0.22956348928396128,8997.3277482041503,8773.3426517097905,11.246659685255189,10.966678314637239,-223.98509649435982,-246.19843449425227,ROBUSTNESS_2022,1,MOMENTUM_BREAKOUT,1,271.81250000000063,40039,TRANSITION,RISK_OFF,38105.949999999997
FULL_ADAPTIVE_PLUS_CAUSAL_STATIC_SHADOW_SAME_PAIR_OCCUPANCY_GUARD_V1,EAA_EXIT_BRAIN_P13_SHADOW_GUARD,D2,1,AVAX-USDT,2022-05-15 03:00:00+00:00,2022-05-15 04:00:00+00:00,2022-05-16 05:00:00+00:00,25,ADAPTIVE_PROTECTION_GAP,32.375,34.216999999999999,280.93556754058187,9095.2889991263382,9612.7723145360887,11.369111248907924,12.015965393170111,517.4833154097505,494.09823876767246,ROBUSTNESS_2022,8,RELATIVE_STRENGTH_ROTATION,1,1.1207083333333328,37.095999999999997,TRANSITION,RISK_OFF,33.733874999999998
FULL_ADAPTIVE_PLUS_CAUSAL_STATIC_SHADOW_SAME_PAIR_OCCUPANCY_GUARD_V1,EAA_EXIT_BRAIN_P13_SHADOW_GUARD,D2,1,SOL-USDT,2022-05-15 21:00:00+00:00,2022-05-15 22:00:00+00:00,2022-05-16 11:00:00+00:00,13,ADAPTIVE_PROTECTION_TOUCH,56.848999999999997,52.612624999999994,163.52760568924563,9296.3808558279252,8603.6165952761457,11.620476069784907,10.754520744095183,-692.76426055177944,-715.13925736565955,ROBUSTNESS_2022,5,MOMENTUM_BREAKOUT,1,1.4121249999999996,59.347999999999999,TRANSITION,RISK_OFF,52.612624999999994
FULL_ADAPTIVE_PLUS_CAUSAL_STATIC_SHADOW_SAME_PAIR_OCCUPANCY_GUARD_V1,EAA_EXIT_BRAIN_P13_SHADOW_GUARD,D2,1,JASMY-USDT,2022-05-15 02:00:00+00:00,2022-05-15 03:00:00+00:00,2022-05-16 16:00:00+00:00,37,ADAPTIVE_PROTECTION_TOUCH,0.0099299999999999996,0.011957499999999999,918290.96832372562,9118.6293154545947,10980.464253730948,11.398286644318244,13.725580317163686,1861.8349382763536,1836.7110713148718,ROBUSTNESS_2022,6,RELATIVE_STRENGTH_ROTATION,1,0.00041125000000000021,0.01278,TRANSITION,RISK_OFF,0.011957499999999999
FULL_ADAPTIVE_PLUS_CAUSAL_STATIC_SHADOW_SAME_PAIR_OCCUPANCY_GUARD_V1,EAA_EXIT_BRAIN_P13_SHADOW_GUARD,D2,1,AVAX-USDT,2022-05-22 15:00:00+00:00,2022-05-22 16:00:00+00:00,2022-05-23 20:00:00+00:00,28,ADAPTIVE_PROTECTION_TOUCH,32.348999999999997,30.595124999999996,286.3779288447592,9264.0396201991134,8761.7685302465125,11.580049525248892,10.95221066280814,-502.27108995260096,-524.80335014065804,ROBUSTNESS_2022,8,MOMENTUM_BREAKOUT|RELATIVE_STRENGTH_ROTATION,2,0.58462500000000006,33.061999999999998,TRANSITION,TRANSITION,30.595124999999996
FULL_ADAPTIVE_PLUS_CAUSAL_STATIC_SHADOW_SAME_PAIR_OCCUPANCY_GUARD_V1,EAA_EXIT_BRAIN_P13_SHADOW_GUARD,D2,1,ETH-USDT,2022-05-23 08:00:00+00:00,2022-05-23 09:00:00+00:00,2022-05-23 20:00:00+00:00,11,ADAPTIVE_PROTECTION_TOUCH,2066.9000000000001,2013.6575,4.4864453607887445,9273.0339162142554,9034.1643490924616,11.59129239526782,11.292705436365578,-238.86956712179381,-261.7535649534272,ROBUSTNESS_2022,2,MOMENTUM_BREAKOUT,1,17.74750000000002,2089.29,TRANSITION,TRANSITION,2013.6575
FULL_ADAPTIVE_PLUS_CAUSAL_STATIC_SHADOW_SAME_PAIR_OCCUPANCY_GUARD_V1,EAA_EXIT_BRAIN_P13_SHADOW_GUARD,D2,1,NEAR-USDT,2022-05-23 06:00:00+00:00,2022-05-23 07:00:00+00:00,2022-05-23 23:00:00+00:00,16,ADAPTIVE_PROTECTION_TOUCH,6.2394999999999996,5.9104999999999999,1479.9348022234956,9234.0531984735007,8747.1546485419713,11.542566498091876,10.933943310677464,-486.89854993152949,-509.37505974029887,ROBUSTNESS_2022,5,RELATIVE_STRENGTH_ROTATION,1,0.10966666666666669,6.5313999999999997,TRANSITION,TRANSITION,5.9104999999999999
FULL_ADAPTIVE_PLUS_CAUSAL_STATIC_SHADOW_SAME_PAIR_OCCUPANCY_GUARD_V1,EAA_EXIT_BRAIN_P13_SHADOW_GUARD,D2,1,SOL-USDT,2022-05-24 12:00:00+00:00,2022-05-24 13:00:00+00:00,2022-05-25 13:00:00+00:00,24,ADAPTIVE_STAGNATION_24H_CLOSE_NOT_ABOVE_ENTRY,49.536000000000001,47.677999999999997,184.66177613178331,9147.4057424640177,8804.3041624111647,11.434257178080022,11.005380203013956,-343.10158005285302,-365.541217433947,ROBUSTNESS_2022,4,RELATIVE_STRENGTH_ROTATION,1,0.93558333333333332,50.847999999999999,TRANSITION,RISK_OFF,46.72925
FULL_ADAPTIVE_PLUS_CAUSAL_STATIC_SHADOW_SAME_PAIR_OCCUPANCY_GUARD_V1,EAA_EXIT_BRAIN_P13_SHADOW_GUARD,D2,1,BTC-USDT,2022-05-24 23:00:00+00:00,2022-05-25 00:00:00+00:00,2022-05-26 01:00:00+00:00,25,ADAPTIVE_STAGNATION_24H_CLOSE_NOT_ABOVE_ENTRY,29607.599999999999,29543.599999999999,0.30896592304765819,9147.7394632258438,9127.9656441507941,11.434674329032305,11.409957055188492,-19.773819075049687,-42.618450459270484,ROBUSTNESS_2022,1,RELATIVE_STRENGTH_ROTATION,1,254.62083333333399,30220.599999999999,TRANSITION,RISK_OFF,28843.737499999996
FULL_ADAPTIVE_PLUS_CAUSAL_STATIC_SHADOW_SAME_PAIR_OCCUPANCY_GUARD_V1,EAA_EXIT_BRAIN_P13_SHADOW_GUARD,D2,1,NEAR-USDT,2022-05-30 02:00:00+00:00,2022-05-30 03:00:00+00:00,2022-05-30 12:00:00+00:00,9,ADAPTIVE_PROTECTION_TOUCH,5.3040000000000003,5.4909249999999998,1725.6665421984108,9152.9353398203712,9475.5055582208079,11.441169174775464,11.844381947776011,322.57021840043672,299.28466727788526,ROBUSTNESS_2022,7,MOMENTUM_BREAKOUT,1,0.078758333333333333,5.7271999999999998,TRANSITION,TRANSITION,5.4909249999999998
FULL_ADAPTIVE_PLUS_CAUSAL_STATIC_SHADOW_SAME_PAIR_OCCUPANCY_GUARD_V1,EAA_EXIT_BRAIN_P13_SHADOW_GUARD,D2,1,AVAX-USDT,2022-05-29 09:00:00+00:00,2022-05-29 10:00:00+00:00,2022-05-30 13:00:00+00:00,27,ADAPTIVE_PROTECTION_TOUCH,25.388000000000002,26.507874999999999,358.8573882288336,9110.6713723536286,9512.5467899963915,11.388339215442036,11.89068348749549,401.87541764276284,378.5963949398253,ROBUSTNESS_2022,7,RELATIVE_STRENGTH_ROTATION,1,0.64970833333333378,28.457000000000001,TRANSITION,TRANSITION,26.507874999999999
FULL_ADAPTIVE_PLUS_CAUSAL_STATIC_SHADOW_SAME_PAIR_OCCUPANCY_GUARD_V1,EAA_EXIT_BRAIN_P13_SHADOW_GUARD,D2,1,BTC-USDT,2022-05-30 02:00:00+00:00,2022-05-30 03:00:00+00:00,2022-05-30 13:00:00+00:00,10,ADAPTIVE_PROTECTION_TOUCH,29772.799999999999,30476.462499999998,0.30752986453000497,9156.0251506789318,9372.4223839787755,11.445031438348664,11.715527979973469,216.39723329984372,193.23667388152157,ROBUSTNESS_2022,1,MOMENTUM_BREAKOUT,1,145.11250000000018,30911.799999999999,TRANSITION,TRANSITION,30476.462499999998
FULL_ADAPTIVE_PLUS_CAUSAL_STATIC_SHADOW_SAME_PAIR_OCCUPANCY_GUARD_V1,EAA_EXIT_BRAIN_P13_SHADOW_GUARD,D2,1,ETH-USDT,2022-05-30 02:00:00+00:00,2022-05-30 03:00:00+00:00,2022-05-30 13:00:00+00:00,10,ADAPTIVE_PROTECTION_TOUCH,1845.51,1875.4037500000002,4.9606857171456573,9154.9950978494817,9303.2885965064052,11.443743872311853,11.629110745633007,148.29349865692348,125.22064403897863,ROBUSTNESS_2022,2,MOMENTUM_BREAKOUT,1,14.162083333333328,1917.8900000000001,TRANSITION,TRANSITION,1875.4037500000002
FULL_ADAPTIVE_PLUS_CAUSAL_STATIC_SHADOW_SAME_PAIR_OCCUPANCY_GUARD_V1,EAA_EXIT_BRAIN_P13_SHADOW_GUARD,D2,1,XRP-USDT,2022-05-30 21:00:00+00:00,2022-05-30 22:00:00+00:00,2022-05-31 07:00:00+00:00,9,ADAPTIVE_PROTECTION_TOUCH,0.40869,0.42374749999999994,22576.113247825553,9226.6317232538258,9566.571548482958,11.533289654067282,11.958214435603697,339.93982522913211,316.44832113946114,ROBUSTNESS_2022,3,MOMENTUM_BREAKOUT,1,0.0034841666666666701,0.43419999999999997,TRANSITION,TRANSITION,0.41394749999999997
FULL_ADAPTIVE_PLUS_CAUSAL_STATIC_SHADOW_SAME_PAIR_OCCUPANCY_GUARD_V1,EAA_EXIT_BRAIN_P13_SHADOW_GUARD,D2,1,SOL-USDT,2022-05-30 02:00:00+00:00,2022-05-30 03:00:00+00:00,2022-06-01 04:00:00+00:00,49,ADAPTIVE_STAGNATION_48H_CLOSE_NOT_ABOVE_ENTRY,45.777000000000001,45.582000000000001,199.96865589490295,9153.9651609009725,9114.9712730014671,11.442456451126215,11.393714091251834,-38.993887899505353,-61.830058441883409,ROBUSTNESS_2022,4,MOMENTUM_BREAKOUT,1,0.72341666666666737,48.5,TRANSITION,TRANSITION,42.883333333333333
FULL_ADAPTIVE_PLUS_CAUSAL_STATIC_SHADOW_SAME_PAIR_OCCUPANCY_GUARD_V1,EAA_EXIT_BRAIN_P13_SHADOW_GUARD,D2,1,AVAX-USDT,2022-06-06 02:00:00+00:00,2022-06-06 03:00:00+00:00,2022-06-06 15:00:00+00:00,12,ADAPTIVE_PROTECTION_TOUCH,25.783000000000001,26.480625,357.64582686304544,9221.1823540099012,9470.685023975233,11.526477942512377,11.838356279969041,249.50266996533173,226.13783574285031,ROBUSTNESS_2022,5,MOMENTUM_BREAKOUT,1,0.43212500000000054,27.777000000000001,TRANSITION,TRANSITION,26.480625
FULL_ADAPTIVE_PLUS_CAUSAL_STATIC_SHADOW_SAME_PAIR_OCCUPANCY_GUARD_V1,EAA_EXIT_BRAIN_P13_SHADOW_GUARD,D2,1,SOL-USDT,2022-06-06 04:00:00+00:00,2022-06-06 05:00:00+00:00,2022-06-06 15:00:00+00:00,10,ADAPTIVE_PROTECTION_TOUCH,41.814999999999998,42.798500000000004,221.44607646079689,9259.7676872082211,9477.5599034074166,11.574709609010277,11.84694987925927,217.79221619919554,194.370556710926,ROBUSTNESS_2022,3,MOMENTUM_BREAKOUT,1,0.67716666666666592,44.829999999999998,TRANSITION,TRANSITION,42.798500000000004
FULL_ADAPTIVE_PLUS_CAUSAL_STATIC_SHADOW_SAME_PAIR_OCCUPANCY_GUARD_V1,EAA_EXIT_BRAIN_P13_SHADOW_GUARD,D2,1,BTC-USDT,2022-06-06 02:00:00+00:00,2022-06-06 03:00:00+00:00,2022-06-06 16:00:00+00:00,13,ADAPTIVE_PROTECTION_TOUCH,30840.700000000001,31261.125,0.29906122332530866,9223.2574702088477,9348.9902850253893,11.529071837761061,11.686237856281737,125.73281481654158,102.51750512249878,ROBUSTNESS_2022,1,MOMENTUM_BREAKOUT,1,168.62500000000031,31767,TRANSITION,TRANSITION,31113.025000000001
FULL_ADAPTIVE_PLUS_CAUSAL_STATIC_SHADOW_SAME_PAIR_OCCUPANCY_GUARD_V1,EAA_EXIT_BRAIN_P13_SHADOW_GUARD,D2,1,ETH-USDT,2022-06-06 02:00:00+00:00,2022-06-06 03:00:00+00:00,2022-06-07 01:00:00+00:00,22,ADAPTIVE_PROTECTION_TOUCH,1863.9300000000001,1803.4866666666667,4.9477286452514031,9222.2198537434488,8923.1626419956356,11.527774817179312,11.153953302494545,-299.0572117478132,-321.73893986748703,ROBUSTNESS_2022,2,MOMENTUM_BREAKOUT,1,15.110833333333337,1919.6800000000001,TRANSITION,TRANSITION,1803.4866666666667
FULL_ADAPTIVE_PLUS_CAUSAL_STATIC_SHADOW_SAME_PAIR_OCCUPANCY_GUARD_V1,EAA_EXIT_BRAIN_P13_SHADOW_GUARD,D2,1,NEAR-USDT,2022-06-06 07:00:00+00:00,2022-06-06 08:00:00+00:00,2022-06-07 01:00:00+00:00,17,ADAPTIVE_PROTECTION_TOUCH,5.6402999999999999,5.3372833333333336,1652.9693019814308,9323.2427539658638,8822.3655059771245,11.654053442457331,11.027956882471406,-500.87724798873933,-523.55925831366801,ROBUSTNESS_2022,6,MOMENTUM_BREAKOUT,1,0.075754166666666678,5.7638999999999996,TRANSITION,TRANSITION,5.3372833333333336
FULL_ADAPTIVE_PLUS_CAUSAL_STATIC_SHADOW_SAME_PAIR_OCCUPANCY_GUARD_V1,EAA_EXIT_BRAIN_P13_SHADOW_GUARD,D2,1,XRP-USDT,2022-06-07 20:00:00+00:00,2022-06-07 21:00:00+00:00,2022-06-08 04:00:00+00:00,7,ADAPTIVE_PROTECTION_TOUCH,0.41420000000000001,0.39765666666666671,22197.617004235653,9194.2529631544076,8827.0303858476709,11.49281620394301,11.033787982309589,-367.22257730673664,-389.74918149298924,ROBUSTNESS_2022,4,MOMENTUM_BREAKOUT,1,0.0041358333333333273,0.41747000000000001,TRANSITION,TRANSITION,0.39765666666666671
FULL_ADAPTIVE_PLUS_CAUSAL_STATIC_SHADOW_SAME_PAIR_OCCUPANCY_GUARD_V1,EAA_EXIT_BRAIN_P13_SHADOW_GUARD,D2,1,SOL-USDT,2022-06-10 12:00:00+00:00,2022-06-10 13:00:00+00:00,2022-06-10 17:00:00+00:00,4,ADAPTIVE_PROTECTION_TOUCH,39.304000000000002,37.253250000000001,233.03418320832583,9159.1755368200393,8681.2806856055649,11.448969421025049,10.851600857006956,-477.89485121447433,-500.19542149250628,ROBUSTNESS_2022,3,RELATIVE_STRENGTH_ROTATION,1,0.68358333333333354,39.828000000000003,TRANSITION,RISK_OFF,37.253250000000001
FULL_ADAPTIVE_PLUS_CAUSAL_STATIC_SHADOW_SAME_PAIR_OCCUPANCY_GUARD_V1,EAA_EXIT_BRAIN_P13_SHADOW_GUARD,D2,1,XRP-USDT,2022-06-24 01:00:00+00:00,2022-06-24 02:00:00+00:00,2022-06-24 03:00:00+00:00,1,ADAPTIVE_PROTECTION_GAP,0.34405000000000002,0.36098999999999998,26666.56000676367,9174.6299703270415,9626.3614968416168,11.468287462908803,12.03295187105202,451.73152651457531,428.23028718061448,ROBUSTNESS_2022,5,MOMENTUM_BREAKOUT,1,0.00322625,0.37730999999999998,TRANSITION,TRANSITION,0.33114500000000002
FULL_ADAPTIVE_PLUS_CAUSAL_STATIC_SHADOW_SAME_PAIR_OCCUPANCY_GUARD_V1,EAA_EXIT_BRAIN_P13_SHADOW_GUARD,D2,1,AVAX-USDT,2022-06-22 11:00:00+00:00,2022-06-22 12:00:00+00:00,2022-06-24 08:00:00+00:00,44,ADAPTIVE_PROTECTION_TOUCH,16.792999999999999,19.210833333333333,542.73554152835788,9114.1579488857133,10426.402032377695,11.392697436107142,13.033002540472118,1312.2440834919817,1287.8183835154025,ROBUSTNESS_2022,6,RELATIVE_STRENGTH_ROTATION,1,0.41808333333333375,20.047000000000001,TRANSITION,RISK_OFF,18.792749999999998
FULL_ADAPTIVE_PLUS_CAUSAL_STATIC_SHADOW_SAME_PAIR_OCCUPANCY_GUARD_V1,EAA_EXIT_BRAIN_P13_SHADOW_GUARD,D2,1,ETH-USDT,2022-06-24 12:00:00+00:00,2022-06-24 13:00:00+00:00,2022-06-26 14:00:00+00:00,49,ADAPTIVE_PROTECTION_TOUCH,1195.8800000000001,1225.6387499999998,7.7504451360072535,9268.6023292483551,9499.2458884395091,11.585752911560444,11.874057360549386,230.64355919115405,207.18374891904423,ROBUSTNESS_2022,2,MOMENTUM_BREAKOUT,1,18.57374999999999,1281.3599999999999,TRANSITION,TRANSITION,1221.0787499999999
FULL_ADAPTIVE_PLUS_CAUSAL_STATIC_SHADOW_SAME_PAIR_OCCUPANCY_GUARD_V1,EAA_EXIT_BRAIN_P13_SHADOW_GUARD,D2,1,ADA-USDT,2022-06-26 07:00:00+00:00,2022-06-26 08:00:00+00:00,2022-06-26 19:00:00+00:00,11,ADAPTIVE_PROTECTION_TOUCH,0.52294700000000005,0.49786216666666672,17844.902886270091,9331.9384296662865,8884.3020149146814,11.664923037082858,11.105377518643351,-447.63641475160512,-470.40671530733135,ROBUSTNESS_2022,4,MOMENTUM_BREAKOUT,1,0.0062712083333333404,0.52976000000000001,TRANSITION,TRANSITION,0.49786216666666672
FULL_ADAPTIVE_PLUS_CAUSAL_STATIC_SHADOW_SAME_PAIR_OCCUPANCY_GUARD_V1,EAA_EXIT_BRAIN_P13_SHADOW_GUARD,D2,1,SOL-USDT,2022-06-24 12:00:00+00:00,2022-06-24 13:00:00+00:00,2022-06-26 19:00:00+00:00,54,ADAPTIVE_STAGNATION_48H_CLOSE_NOT_ABOVE_ENTRY,40.298999999999999,40.277999999999999,229.96996480027582,9267.5596114863147,9262.7302422255088,11.584449514357894,11.578412802781886,-4.8293692608058336,-27.99223157794561,ROBUSTNESS_2022,3,MOMENTUM_BREAKOUT,1,0.97412500000000046,42.918999999999997,TRANSITION,TRANSITION,37.376624999999997
FULL_ADAPTIVE_PLUS_CAUSAL_STATIC_SHADOW_SAME_PAIR_OCCUPANCY_GUARD_V1,EAA_EXIT_BRAIN_P13_SHADOW_GUARD,D2,1,BTC-USDT,2022-06-26 12:00:00+00:00,2022-06-26 13:00:00+00:00,2022-06-26 23:00:00+00:00,10,ADAPTIVE_PROTECTION_TOUCH,21709.700000000001,21073.783333333333,0.43072952784076651,9351.0088305646896,9077.1007449852805,11.688761038205863,11.3463759312316,-273.90808557940909,-296.94322254884656,ROBUSTNESS_2022,1,MOMENTUM_BREAKOUT,1,158.97916666666711,21888,TRANSITION,TRANSITION,21073.783333333333
FULL_ADAPTIVE_PLUS_CAUSAL_STATIC_SHADOW_SAME_PAIR_OCCUPANCY_GUARD_V1,EAA_EXIT_BRAIN_P13_SHADOW_GUARD,D2,1,SOL-USDT,2022-07-04 12:00:00+00:00,2022-07-04 13:00:00+00:00,2022-07-05 03:00:00+00:00,14,ADAPTIVE_PROTECTION_TOUCH,34.411999999999999,35.747,267.74365519939931,9213.594662721729,9571.0324424129267,11.516993328402162,11.963790553016159,357.43777969119765,333.9569958097793,ROBUSTNESS_2022,3,MOMENTUM_BREAKOUT,1,0.41433333333333372,36.990000000000002,TRANSITION,TRANSITION,35.747
FULL_ADAPTIVE_PLUS_CAUSAL_STATIC_SHADOW_SAME_PAIR_OCCUPANCY_GUARD_V1,EAA_EXIT_BRAIN_P13_SHADOW_GUARD,D2,1,AVAX-USDT,2022-07-04 12:00:00+00:00,2022-07-04 13:00:00+00:00,2022-07-05 09:00:00+00:00,20,ADAPTIVE_PROTECTION_TOUCH,17.234000000000002,17.536374999999996,534.49702451735959,9211.5217205321769,9373.1402583206091,11.514402150665221,11.716425322900761,161.61853778843215,138.38771031486615,ROBUSTNESS_2022,6,MOMENTUM_BREAKOUT,1,0.23554166666666707,18.242999999999999,TRANSITION,TRANSITION,17.536374999999996
FULL_ADAPTIVE_PLUS_CAUSAL_STATIC_SHADOW_SAME_PAIR_OCCUPANCY_GUARD_V1,EAA_EXIT_BRAIN_P13_SHADOW_GUARD,D2,1,BTC-USDT,2022-07-04 12:00:00+00:00,2022-07-04 13:00:00+00:00,2022-07-05 09:00:00+00:00,20,ADAPTIVE_PROTECTION_TOUCH,19805.400000000001,20070.125,0.46531087841709817,9215.6680714019967,9338.8474936909624,11.519585089252496,11.673559367113704,123.17942228896572,99.986277832599512,ROBUSTNESS_2022,1,MOMENTUM_BREAKOUT,1,139.62499999999955,20489,TRANSITION,TRANSITION,20070.125
FULL_ADAPTIVE_PLUS_CAUSAL_STATIC_SHADOW_SAME_PAIR_OCCUPANCY_GUARD_V1,EAA_EXIT_BRAIN_P13_SHADOW_GUARD,D2,1,ETH-USDT,2022-07-04 12:00:00+00:00,2022-07-04 13:00:00+00:00,2022-07-05 09:00:00+00:00,20,ADAPTIVE_PROTECTION_TOUCH,1101.1199999999999,1140.1087499999999,8.3684169833841597,9214.6313087439648,9540.9054264048846,11.518289135929956,11.926131783006106,326.27411766091973,302.8296967419837,ROBUSTNESS_2022,2,MOMENTUM_BREAKOUT,1,11.160416666666691,1173.5899999999999,TRANSITION,TRANSITION,1140.1087499999999
FULL_ADAPTIVE_PLUS_CAUSAL_STATIC_SHADOW_SAME_PAIR_OCCUPANCY_GUARD_V1,EAA_EXIT_BRAIN_P13_SHADOW_GUARD,D2,1,ADA-USDT,2022-07-04 12:00:00+00:00,2022-07-04 13:00:00+00:00,2022-07-05 12:00:00+00:00,23,ADAPTIVE_PROTECTION_TOUCH,0.46684799999999999,0.45079616666666666,19733.528114765781,9212.5581333221744,8895.7988289453078,11.515697666652718,11.119748536181636,-316.75930437686657,-339.39475057970094,ROBUSTNESS_2022,4,MOMENTUM_BREAKOUT,1,0.0040129583333333345,0.47594999999999998,TRANSITION,TRANSITION,0.45079616666666666
FULL_ADAPTIVE_PLUS_CAUSAL_STATIC_SHADOW_SAME_PAIR_OCCUPANCY_GUARD_V1,EAA_EXIT_BRAIN_P13_SHADOW_GUARD,D2,1,XRP-USDT,2022-07-06 23:00:00+00:00,2022-07-07 00:00:00+00:00,2022-07-08 03:00:00+00:00,27,ADAPTIVE_PROTECTION_TOUCH,0.33172000000000001,0.34912500000000002,27926.826857327735,9263.887005112756,9749.9534265645452,11.579858756390946,12.187441783205681,486.06642145178921,462.29912091219262,ROBUSTNESS_2022,5,MOMENTUM_BREAKOUT,1,0.0032783333333333228,0.35896,TRANSITION,TRANSITION,0.34351500000000001
FULL_ADAPTIVE_PLUS_CAUSAL_STATIC_SHADOW_SAME_PAIR_OCCUPANCY_GUARD_V1,EAA_EXIT_BRAIN_P13_SHADOW_GUARD,D2,1,ADA-USDT,2022-07-07 19:00:00+00:00,2022-07-07 20:00:00+00:00,2022-07-08 06:00:00+00:00,10,ADAPTIVE_PROTECTION_TOUCH,0.47556799999999999,0.48107112499999999,19520.191309044134,9283.1783404595008,9390.6003932570839,11.603972925574377,11.738250491571355,107.42205279758309,84.07982938043736,ROBUSTNESS_2022,4,MOMENTUM_BREAKOUT,1,0.0039266249999999987,0.49285099999999998,TRANSITION,TRANSITION,0.48107112499999999
FULL_ADAPTIVE_PLUS_CAUSAL_STATIC_SHADOW_SAME_PAIR_OCCUPANCY_GUARD_V1,EAA_EXIT_BRAIN_P13_SHADOW_GUARD,D2,1,XRP-USDT,2022-07-14 18:00:00+00:00,2022-07-14 19:00:00+00:00,2022-07-15 07:00:00+00:00,12,ADAPTIVE_PROTECTION_TOUCH,0.32747999999999999,0.33820999999999996,28428.967589184926,9309.9183061062795,9614.9611283382328,11.63739788263285,12.018701410422791,305.04282223195332,281.38672293889766,ROBUSTNESS_2022,4,MOMENTUM_BREAKOUT,1,0.0036566666666666713,0.34917999999999999,TRANSITION,TRANSITION,0.33820999999999996
FULL_ADAPTIVE_PLUS_CAUSAL_STATIC_SHADOW_SAME_PAIR_OCCUPANCY_GUARD_V1,EAA_EXIT_BRAIN_P13_SHADOW_GUARD,D2,1,SOL-USDT,2022-07-14 18:00:00+00:00,2022-07-14 19:00:00+00:00,2022-07-15 22:00:00+00:00,27,ADAPTIVE_PROTECTION_TOUCH,36.555999999999997,37.727499999999999,254.70417413714924,9310.9657897576271,9609.3517297592971,11.638707237197034,12.011689662199121,298.38594000166995,274.73554310227382,ROBUSTNESS_2022,3,MOMENTUM_BREAKOUT,1,0.51383333333333281,39.268999999999998,TRANSITION,TRANSITION,37.342500000000001
FULL_ADAPTIVE_PLUS_CAUSAL_STATIC_SHADOW_SAME_PAIR_OCCUPANCY_GUARD_V1,EAA_EXIT_BRAIN_P13_SHADOW_GUARD,D2,1,ETH-USDT,2022-07-14 18:00:00+00:00,2022-07-14 19:00:00+00:00,2022-07-16 00:00:00+00:00,29,ADAPTIVE_PROTECTION_TOUCH,1195.71,1237.0712500000002,7.7878527329069298,9312.013391264145,9634.1287151130928,11.640016739080181,12.042660893891366,322.11532384894781,298.43264621597626,ROBUSTNESS_2022,2,MOMENTUM_BREAKOUT,1,16.776249999999994,1287.4000000000001,TRANSITION,TRANSITION,1237.0712500000002
FULL_ADAPTIVE_PLUS_CAUSAL_STATIC_SHADOW_SAME_PAIR_OCCUPANCY_GUARD_V1,EAA_EXIT_BRAIN_P13_SHADOW_GUARD,D2,1,AVAX-USDT,2022-07-14 18:00:00+00:00,2022-07-14 19:00:00+00:00,2022-07-17 17:00:00+00:00,70,ADAPTIVE_PROTECTION_TOUCH,19.620000000000001,21.062750000000001,474.45825383775946,9308.8709402968416,9993.3955860212682,11.636088675371052,12.491744482526585,684.52464572442659,660.39681256652898,ROBUSTNESS_2022,5,MOMENTUM_BREAKOUT,1,0.34908333333333336,22.109999999999999,TRANSITION,TRANSITION,21.062750000000001
FULL_ADAPTIVE_PLUS_CAUSAL_STATIC_SHADOW_SAME_PAIR_OCCUPANCY_GUARD_V1,EAA_EXIT_BRAIN_P13_SHADOW_GUARD,D2,1,ADA-USDT,2022-07-16 17:00:00+00:00,2022-07-16 18:00:00+00:00,2022-07-18 18:00:00+00:00,48,ADAPTIVE_PROTECTION_TOUCH,0.45732099999999998,0.48584237499999999,20738.326765302514,9484.0723346349114,10075.557929180641,11.85509041829364,12.594447411475802,591.48559454572933,567.03605671595983,ROBUSTNESS_2022,7,MOMENTUM_BREAKOUT,1,0.0045585416666666682,0.49951800000000002,TRANSITION,TRANSITION,0.48584237499999999
FULL_ADAPTIVE_PLUS_CAUSAL_STATIC_SHADOW_SAME_PAIR_OCCUPANCY_GUARD_V1,EAA_EXIT_BRAIN_P13_SHADOW_GUARD,D2,1,BTC-USDT,2022-07-14 18:00:00+00:00,2022-07-14 19:00:00+00:00,2022-07-18 18:00:00+00:00,95,ADAPTIVE_PROTECTION_TOUCH,20732.099999999999,22041.6875,0.44920973324646768,9313.0611106390916,9901.3405621770016,11.641326388298864,12.376675702721252,588.27945153791006,564.26144944688986,ROBUSTNESS_2022,1,MOMENTUM_BREAKOUT,1,244.20416666666688,22774.299999999999,TRANSITION,TRANSITION,22041.6875
FULL_ADAPTIVE_PLUS_CAUSAL_STATIC_SHADOW_SAME_PAIR_OCCUPANCY_GUARD_V1,EAA_EXIT_BRAIN_P13_SHADOW_GUARD,D2,1,ETH-USDT,2022-07-22 10:00:00+00:00,2022-07-22 11:00:00+00:00,2022-07-22 20:00:00+00:00,9,ADAPTIVE_PROTECTION_TOUCH,1630.73,1526.7750000000001,11.72409648625022,19118.835863022821,17900.057412794682,23.898544828778526,22.375071765993354,-1218.7784502281393,-1265.0520668229112,ROBUSTNESS_2022,2,MOMENTUM_BREAKOUT,1,25.988749999999964,1643.7,RISK_ON,TRANSITION,1526.7750000000001
FULL_ADAPTIVE_PLUS_CAUSAL_STATIC_SHADOW_SAME_PAIR_OCCUPANCY_GUARD_V1,EAA_EXIT_BRAIN_P13_SHADOW_GUARD,D2,1,BTC-USDT,2022-07-22 09:00:00+00:00,2022-07-22 10:00:00+00:00,2022-07-23 12:00:00+00:00,26,ADAPTIVE_PROTECTION_TOUCH,23303.200000000001,22281.216666666667,0.81973493266400133,19102.447082855757,18264.691643922026,23.878058853569698,22.830864554902533,-837.75543893373106,-884.46436234220323,ROBUSTNESS_2022,1,RELATIVE_STRENGTH_ROTATION,1,255.49583333333371,23754,RISK_ON,TRANSITION,22281.216666666667
FULL_ADAPTIVE_PLUS_CAUSAL_STATIC_SHADOW_SAME_PAIR_OCCUPANCY_GUARD_V1,EAA_EXIT_BRAIN_P13_SHADOW_GUARD,D2,1,ADA-USDT,2022-07-23 21:00:00+00:00,2022-07-23 22:00:00+00:00,2022-07-24 18:00:00+00:00,20,ADAPTIVE_PROTECTION_TOUCH,0.497226,0.51846099999999995,18819.947192630749,9357.7670628030173,9757.4086414385292,11.697208828503772,12.196760801798161,399.64157863551191,375.74760900520994,ROBUSTNESS_2022,6,RELATIVE_STRENGTH_ROTATION,1,0.0059486666666666646,0.53630699999999998,TRANSITION,TRANSITION,0.51846099999999995
FULL_ADAPTIVE_PLUS_CAUSAL_STATIC_SHADOW_SAME_PAIR_OCCUPANCY_GUARD_V1,EAA_EXIT_BRAIN_P13_SHADOW_GUARD,D2,1,ETH-USDT,2022-07-27 23:00:00+00:00,2022-07-28 00:00:00+00:00,2022-07-29 12:00:00+00:00,36,ADAPTIVE_PROTECTION_TOUCH,1625.5799999999999,1679.3250000000003,11.554748886690888,18783.168695226974,19404.178674142178,23.478960869033717,24.255223342677724,621.00997891520456,573.27579470349315,ROBUSTNESS_2022,2,RELATIVE_STRENGTH_ROTATION,1,26.211249999999968,1784.1700000000001,RISK_ON,RISK_ON,1679.3250000000003
FULL_ADAPTIVE_PLUS_CAUSAL_STATIC_SHADOW_SAME_PAIR_OCCUPANCY_GUARD_V1,EAA_EXIT_BRAIN_P13_SHADOW_GUARD,D2,1,ADA-USDT,2022-07-28 03:00:00+00:00,2022-07-28 04:00:00+00:00,2022-07-29 13:00:00+00:00,33,ADAPTIVE_PROTECTION_TOUCH,0.51558199999999998,0.51647500000000002,36548.024051700166,18843.503336623675,18876.140722101845,23.554379170779594,23.595175902627307,32.637385478170472,-14.512169595236429,ROBUSTNESS_2022,7,MOMENTUM_BREAKOUT,1,0.0072712499999999999,0.54556000000000004,RISK_ON,RISK_ON,0.51647500000000002
FULL_ADAPTIVE_PLUS_CAUSAL_STATIC_SHADOW_SAME_PAIR_OCCUPANCY_GUARD_V1,EAA_EXIT_BRAIN_P13_SHADOW_GUARD,D2,1,BTC-USDT,2022-07-28 03:00:00+00:00,2022-07-28 04:00:00+00:00,2022-07-29 13:00:00+00:00,33,ADAPTIVE_PROTECTION_TOUCH,23281.400000000001,23505.183333333331,0.80956231493988584,18847.744079041458,19028.910632419753,23.559680098801824,23.78613829052469,181.16655337829434,133.82073498896781,ROBUSTNESS_2022,1,MOMENTUM_BREAKOUT,1,232.45416666666702,24435,RISK_ON,RISK_ON,23505.183333333331
FULL_ADAPTIVE_PLUS_CAUSAL_STATIC_SHADOW_SAME_PAIR_OCCUPANCY_GUARD_V1,EAA_EXIT_BRAIN_P13_SHADOW_GUARD,D2,1,XRP-USDT,2022-07-28 16:00:00+00:00,2022-07-28 17:00:00+00:00,2022-07-30 20:00:00+00:00,51,ADAPTIVE_PROTECTION_TOUCH,0.36468,0.39230999999999999,49808.281309114907,18164.084027808025,19540.286840378871,22.705105034760031,24.42535855047359,1376.2028125708457,1329.0723489856121,ROBUSTNESS_2022,4,MOMENTUM_BREAKOUT,1,0.0044375000000000013,0.41005999999999998,RISK_ON,RISK_ON,0.39230999999999999
FULL_ADAPTIVE_PLUS_CAUSAL_STATIC_SHADOW_SAME_PAIR_OCCUPANCY_GUARD_V1,EAA_EXIT_BRAIN_P13_SHADOW_GUARD,D2,1,SOL-USDT,2022-07-28 16:00:00+00:00,2022-07-28 17:00:00+00:00,2022-07-31 01:00:00+00:00,56,ADAPTIVE_PROTECTION_TOUCH,41.936999999999998,43.302500000000002,453.74187246915915,19028.572905739125,19648.157432595766,23.785716132173906,24.560196790744708,619.58452685664088,571.23861393372226,ROBUSTNESS_2022,3,MOMENTUM_BREAKOUT,1,0.83712500000000034,46.651000000000003,RISK_ON,RISK_ON,43.302500000000002
FULL_ADAPTIVE_PLUS_CAUSAL_STATIC_SHADOW_SAME_PAIR_OCCUPANCY_GUARD_V1,EAA_EXIT_BRAIN_P13_SHADOW_GUARD,D2,1,AVAX-USDT,2022-07-29 16:00:00+00:00,2022-07-29 17:00:00+00:00,2022-07-31 19:00:00+00:00,50,ADAPTIVE_STAGNATION_48H_CLOSE_NOT_ABOVE_ENTRY,25.021000000000001,24.734999999999999,759.006684740693,18991.106258896882,18774.030347061042,23.738882823621104,23.467537933826303,-217.07591183584009,-264.28233259328749,ROBUSTNESS_2022,5,RELATIVE_STRENGTH_ROTATION,1,0.53483333333333327,25.827000000000002,RISK_ON,TRANSITION,22.346833333333336
FULL_ADAPTIVE_PLUS_CAUSAL_STATIC_SHADOW_SAME_PAIR_OCCUPANCY_GUARD_V1,EAA_EXIT_BRAIN_P13_SHADOW_GUARD,D2,1,AVAX-USDT,2022-08-05 12:00:00+00:00,2022-08-05 13:00:00+00:00,2022-08-07 01:00:00+00:00,36,ADAPTIVE_PROTECTION_TOUCH,24.669,25.916125000000001,778.22362121369406,19197.99851172062,20168.540645326746,23.997498139650776,25.210675806658433,970.5421336061263,921.33395965981708,ROBUSTNESS_2022,5,MOMENTUM_BREAKOUT,1,0.32862500000000033,26.934999999999999,RISK_ON,RISK_ON,25.916125000000001
FULL_ADAPTIVE_PLUS_CAUSAL_STATIC_SHADOW_SAME_PAIR_OCCUPANCY_GUARD_V1,EAA_EXIT_BRAIN_P13_SHADOW_GUARD,D2,1,ADA-USDT,2022-08-05 12:00:00+00:00,2022-08-05 13:00:00+00:00,2022-08-08 17:00:00+00:00,76,ADAPTIVE_PROTECTION_TOUCH,0.51675199999999999,0.5312905,37142.921482752819,19193.678962055485,19733.681326032485,23.992098702569358,24.667101657540606,540.00236397700064,491.34316361689065,ROBUSTNESS_2022,7,MOMENTUM_BREAKOUT,1,0.0045146249999999969,0.54934899999999998,RISK_ON,RISK_ON,0.5312905
FULL_ADAPTIVE_PLUS_CAUSAL_STATIC_SHADOW_SAME_PAIR_OCCUPANCY_GUARD_V1,EAA_EXIT_BRAIN_P13_SHADOW_GUARD,D2,1,SOL-USDT,2022-08-08 04:00:00+00:00,2022-08-08 05:00:00+00:00,2022-08-08 17:00:00+00:00,12,ADAPTIVE_PROTECTION_TOUCH,41.926000000000002,42.342833333333331,464.13033493741273,19459.128422585967,19652.593417199045,24.32391052823246,24.565741771498807,193.46499461307758,144.57534231334631,ROBUSTNESS_2022,3,MOMENTUM_BREAKOUT,1,0.34829166666666705,43.735999999999997,RISK_ON,RISK_ON,42.342833333333331
FULL_ADAPTIVE_PLUS_CAUSAL_STATIC_SHADOW_SAME_PAIR_OCCUPANCY_GUARD_V1,EAA_EXIT_BRAIN_P13_SHADOW_GUARD,D2,1,BTC-USDT,2022-08-08 07:00:00+00:00,2022-08-08 08:00:00+00:00,2022-08-08 20:00:00+00:00,12,ADAPTIVE_PROTECTION_TOUCH,23726.5,23809.933333333334,0.82720584978480016,19626.69959491906,19695.716136319439,24.533374493648825,24.619645170399298,69.016541400378628,19.863521736330508,ROBUSTNESS_2022,1,MOMENTUM_BREAKOUT,1,108.61666666666709,24244.400000000001,RISK_ON,RISK_ON,23809.933333333334
FULL_ADAPTIVE_PLUS_CAUSAL_STATIC_SHADOW_SAME_PAIR_OCCUPANCY_GUARD_V1,EAA_EXIT_BRAIN_P13_SHADOW_GUARD,D2,1,XRP-USDT,2022-08-08 09:00:00+00:00,2022-08-08 10:00:00+00:00,2022-08-08 23:00:00+00:00,13,ADAPTIVE_PROTECTION_TOUCH,0.38279999999999997,0.37399583333333336,49617.502212863197,18993.579847084031,18556.739088018283,23.741974808855041,23.195923860022855,-436.84075906574799,-483.77865773462588,ROBUSTNESS_2022,4,MOMENTUM_BREAKOUT,1,0.0017608333333333271,0.38457999999999998,RISK_ON,RISK_ON,0.37399583333333336
FULL_ADAPTIVE_PLUS_CAUSAL_STATIC_SHADOW_SAME_PAIR_OCCUPANCY_GUARD_V1,EAA_EXIT_BRAIN_P13_SHADOW_GUARD,D2,1,ETH-USDT,2022-08-05 12:00:00+00:00,2022-08-05 13:00:00+00:00,2022-08-09 10:00:00+00:00,93,ADAPTIVE_PROTECTION_TOUCH,1713.4200000000001,1737.2483333333332,11.207012310760444,19202.319033503161,19469.36345851473,24.002898791878952,24.336704323143412,267.04442501156882,218.70482189654646,ROBUSTNESS_2022,2,MOMENTUM_BREAKOUT,1,20.220416666666704,1818.1300000000001,RISK_ON,RISK_ON,1737.2483333333332
FULL_ADAPTIVE_PLUS_CAUSAL_STATIC_SHADOW_SAME_PAIR_OCCUPANCY_GUARD_V1,EAA_EXIT_BRAIN_P13_SHADOW_GUARD,D2,1,ADA-USDT,2022-08-13 06:00:00+00:00,2022-08-13 07:00:00+00:00,2022-08-14 14:00:00+00:00,31,ADAPTIVE_PROTECTION_TOUCH,0.55310199999999998,0.58138425000000016,35254.66333360206,19499.424799141965,20496.506001208738,24.374280998927457,25.620632501510922,997.08120206677268,947.08628856633425,ROBUSTNESS_2022,7,MOMENTUM_BREAKOUT,1,0.0044082499999999842,0.59460900000000005,RISK_ON,TRANSITION,0.57697600000000016
FULL_ADAPTIVE_PLUS_CAUSAL_STATIC_SHADOW_SAME_PAIR_OCCUPANCY_GUARD_V1,EAA_EXIT_BRAIN_P13_SHADOW_GUARD,D2,1,XRP-USDT,2022-08-14 10:00:00+00:00,2022-08-14 11:00:00+00:00,2022-08-14 14:00:00+00:00,3,ADAPTIVE_PROTECTION_TOUCH,0.39058999999999999,0.38022666666666666,50559.164809562993,19747.90418296721,19223.942704990772,24.684880228709012,24.029928381238467,-523.96147797643789,-572.67628658638546,ROBUSTNESS_2022,4,MOMENTUM_BREAKOUT,1,0.0025908333333333317,0.39077000000000001,RISK_ON,TRANSITION,0.37763583333333334
FULL_ADAPTIVE_PLUS_CAUSAL_STATIC_SHADOW_SAME_PAIR_OCCUPANCY_GUARD_V1,EAA_EXIT_BRAIN_P13_SHADOW_GUARD,D2,1,ETH-USDT,2022-08-13 00:00:00+00:00,2022-08-13 01:00:00+00:00,2022-08-15 09:00:00+00:00,56,ADAPTIVE_PROTECTION_TOUCH,1958.0799999999999,1880.0299999999997,9.9273199362493134,19438.486620771055,18663.659299746792,24.29810827596382,23.329574124683489,-774.82732102426235,-822.45500342490971,ROBUSTNESS_2022,2,MOMENTUM_BREAKOUT,1,19.512500000000017,2031.3,RISK_ON,RISK_ON,1880.0299999999997
FULL_ADAPTIVE_PLUS_CAUSAL_STATIC_SHADOW_SAME_PAIR_OCCUPANCY_GUARD_V1,EAA_EXIT_BRAIN_P13_SHADOW_GUARD,D2,1,BTC-USDT,2022-08-23 02:00:00+00:00,2022-08-23 03:00:00+00:00,2022-08-24 04:00:00+00:00,25,ADAPTIVE_STAGNATION_24H_CLOSE_NOT_ABOVE_ENTRY,21305,21198.5,0.45459472531563672,9685.1406228496398,9636.7262846035246,12.10642577856205,12.045907855754406,-48.414338246115221,-72.56667188043167,ROBUSTNESS_2022,2,RELATIVE_STRENGTH_ROTATION,1,182.76250000000027,21676.900000000001,TRANSITION,RISK_OFF,20756.712499999998
FULL_ADAPTIVE_PLUS_CAUSAL_STATIC_SHADOW_SAME_PAIR_OCCUPANCY_GUARD_V1,EAA_EXIT_BRAIN_P13_SHADOW_GUARD,D2,1,ADA-USDT,2022-08-23 14:00:00+00:00,2022-08-23 15:00:00+00:00,2022-08-25 00:00:00+00:00,33,ADAPTIVE_STAGNATION_24H_CLOSE_NOT_ABOVE_ENTRY,0.46378900000000001,0.45801599999999998,20914.144018646188,9699.7499402638969,9579.0125868442519,12.124687425329871,11.973765733555314,-120.73735341964493,-144.83580657853014,ROBUSTNESS_2022,5,RELATIVE_STRENGTH_ROTATION,1,0.0056425833333333232,0.46971200000000002,TRANSITION,RISK_OFF,0.44686125000000004
FULL_ADAPTIVE_PLUS_CAUSAL_STATIC_SHADOW_SAME_PAIR_OCCUPANCY_GUARD_V1,EAA_EXIT_BRAIN_P13_SHADOW_GUARD,D2,1,AVAX-USDT,2022-08-23 15:00:00+00:00,2022-08-23 16:00:00+00:00,2022-08-25 00:00:00+00:00,32,ADAPTIVE_STAGNATION_24H_CLOSE_NOT_ABOVE_ENTRY,23.140999999999998,23.074999999999999,418.47129488595527,9683.84423495589,9656.2251294934176,12.104805293694863,12.070281411866773,-27.619105462472362,-51.794192168034002,ROBUSTNESS_2022,6,RELATIVE_STRENGTH_ROTATION,1,0.33587499999999987,23.734000000000002,TRANSITION,RISK_OFF,22.133374999999997
FULL_ADAPTIVE_PLUS_CAUSAL_STATIC_SHADOW_SAME_PAIR_OCCUPANCY_GUARD_V1,EAA_EXIT_BRAIN_P13_SHADOW_GUARD,D2,1,XRP-USDT,2022-08-22 22:00:00+00:00,2022-08-22 23:00:00+00:00,2022-08-25 00:00:00+00:00,49,ADAPTIVE_PROTECTION_GAP,0.33842,0.34583999999999998,28600.316944197984,9678.9192602554813,9891.1336119814296,12.098649075319353,12.363917014976787,212.21435172594829,187.75178563565217,ROBUSTNESS_2022,4,RELATIVE_STRENGTH_ROTATION,1,0.0032995833333333349,0.35264000000000001,TRANSITION,RISK_OFF,0.34274125
FULL_ADAPTIVE_PLUS_CAUSAL_STATIC_SHADOW_SAME_PAIR_OCCUPANCY_GUARD_V1,EAA_EXIT_BRAIN_P13_SHADOW_GUARD,D2,1,ETH-USDT,2022-08-23 19:00:00+00:00,2022-08-23 20:00:00+00:00,2022-08-25 01:00:00+00:00,29,ADAPTIVE_STAGNATION_24H_CLOSE_NOT_ABOVE_ENTRY,1656.5999999999999,1656.4400000000001,5.8584453998549364,9705.1006493996865,9704.1632981357106,12.131375811749608,12.130204122669639,-0.9373512639758701,-25.198931198395115,ROBUSTNESS_2022,1,MOMENTUM_BREAKOUT,1,22.763333333333332,1694.4000000000001,TRANSITION,RISK_OFF,1588.3099999999999
FULL_ADAPTIVE_PLUS_CAUSAL_STATIC_SHADOW_SAME_PAIR_OCCUPANCY_GUARD_V1,EAA_EXIT_BRAIN_P13_SHADOW_GUARD,D2,1,BTC-USDT,2022-08-30 05:00:00+00:00,2022-08-30 06:00:00+00:00,2022-08-30 15:00:00+00:00,9,ADAPTIVE_PROTECTION_TOUCH,20468.900000000001,19911.316666666666,0.47277499892908226,9677.1841755794921,9413.5727157599504,12.096480219474365,11.766965894699938,-263.61145981954178,-287.47490593371606,ROBUSTNESS_2022,2,MOMENTUM_BREAKOUT,1,139.39583333333348,20577.400000000001,TRANSITION,TRANSITION,19911.316666666666
FULL_ADAPTIVE_PLUS_CAUSAL_STATIC_SHADOW_SAME_PAIR_OCCUPANCY_GUARD_V1,EAA_EXIT_BRAIN_P13_SHADOW_GUARD,D2,1,SOL-USDT,2022-08-30 00:00:00+00:00,2022-08-30 01:00:00+00:00,2022-08-30 15:00:00+00:00,14,ADAPTIVE_PROTECTION_TOUCH,32.418999999999997,31.121124999999999,298.26093700602752,9669.321316798405,9282.2159031817082,12.086651645998007,11.602769878977135,-387.10541361669675,-410.79483514167191,ROBUSTNESS_2022,3,MOMENTUM_BREAKOUT,1,0.43262499999999982,33.152999999999999,TRANSITION,TRANSITION,31.121124999999999
FULL_ADAPTIVE_PLUS_CAUSAL_STATIC_SHADOW_SAME_PAIR_OCCUPANCY_GUARD_V1,EAA_EXIT_BRAIN_P13_SHADOW_GUARD,D2,1,ETH-USDT,2022-08-30 05:00:00+00:00,2022-08-30 06:00:00+00:00,2022-08-30 16:00:00+00:00,10,ADAPTIVE_PROTECTION_GAP,1582.4300000000001,1523.79,6.1160828480816773,9678.2729812898888,9319.625883078379,12.097841226612362,11.649532353847974,-358.64709821150973,-382.39447179197009,ROBUSTNESS_2022,1,MOMENTUM_BREAKOUT|RELATIVE_STRENGTH_ROTATION,2,18.865416666666658,1605.98,TRANSITION,RISK_OFF,1506.9683333333335
FULL_ADAPTIVE_PLUS_CAUSAL_STATIC_SHADOW_SAME_PAIR_OCCUPANCY_GUARD_V1,EAA_EXIT_BRAIN_P13_SHADOW_GUARD,D2,1,AVAX-USDT,2022-09-01 06:00:00+00:00,2022-09-01 07:00:00+00:00,2022-09-02 12:00:00+00:00,29,ADAPTIVE_STAGNATION_24H_CLOSE_NOT_ABOVE_ENTRY,19.140999999999998,19.093,500.08158077636199,9572.0615376403439,9548.0576217630787,11.96507692205043,11.935072027203848,-24.003915877265172,-47.904064826519445,ROBUSTNESS_2022,5,RELATIVE_STRENGTH_ROTATION,1,0.29279166666666673,19.609999999999999,TRANSITION,RISK_OFF,18.262625
FULL_ADAPTIVE_PLUS_CAUSAL_STATIC_SHADOW_SAME_PAIR_OCCUPANCY_GUARD_V1,EAA_EXIT_BRAIN_P13_SHADOW_GUARD,D2,1,ADA-USDT,2022-09-02 16:00:00+00:00,2022-09-02 17:00:00+00:00,2022-09-02 20:00:00+00:00,3,ADAPTIVE_PROTECTION_TOUCH,0.46529199999999998,0.44987249999999995,20562.894207951045,9567.7501718059575,9250.6806245664557,11.959687714757447,11.56335078070807,-317.06954723950184,-340.59258573496732,ROBUSTNESS_2022,6,MOMENTUM_BREAKOUT,1,0.0038548750000000054,0.46571000000000001,TRANSITION,TRANSITION,0.44987249999999995
FULL_ADAPTIVE_PLUS_CAUSAL_STATIC_SHADOW_SAME_PAIR_OCCUPANCY_GUARD_V1,EAA_EXIT_BRAIN_P13_SHADOW_GUARD,D2,1,BTC-USDT,2022-09-06 01:00:00+00:00,2022-09-06 02:00:00+00:00,2022-09-06 03:00:00+00:00,1,ADAPTIVE_PROTECTION_GAP,20097.400000000001,19774.299999999999,0.47454381358234438,9537.0968390898088,9383.7717329213519,11.921371048862261,11.72971466615169,-153.32510616845684,-176.97619188347079,ROBUSTNESS_2022,2,MOMENTUM_BREAKOUT,1,103.87916666666706,20176,TRANSITION,RISK_OFF,19681.883333333331
FULL_ADAPTIVE_PLUS_CAUSAL_STATIC_SHADOW_SAME_PAIR_OCCUPANCY_GUARD_V1,EAA_EXIT_BRAIN_P13_SHADOW_GUARD,D2,1,SOL-USDT,2022-09-06 01:00:00+00:00,2022-09-06 02:00:00+00:00,2022-09-06 03:00:00+00:00,1,ADAPTIVE_PROTECTION_TOUCH,33.173999999999999,32.3645,287.45475118150995,9536.0239156954103,9303.3292946139791,11.920029894619264,11.629161618267474,-232.69462108143125,-256.243812594318,ROBUSTNESS_2022,3,MOMENTUM_BREAKOUT,1,0.26983333333333387,33.484000000000002,TRANSITION,RISK_OFF,32.094666666666662
FULL_ADAPTIVE_PLUS_CAUSAL_STATIC_SHADOW_SAME_PAIR_OCCUPANCY_GUARD_V1,EAA_EXIT_BRAIN_P13_SHADOW_GUARD,D2,1,XRP-USDT,2022-09-06 01:00:00+00:00,2022-09-06 02:00:00+00:00,2022-09-06 03:00:00+00:00,1,ADAPTIVE_PROTECTION_GAP,0.34140999999999999,0.33478999999999998,27928.154163629933,9534.9511130048959,9350.0667324416645,11.918688891256121,11.687583415552082,-184.88438056323139,-208.49065287003958,ROBUSTNESS_2022,4,MOMENTUM_BREAKOUT,1,0.0019370833333333323,0.34311999999999998,TRANSITION,RISK_OFF,0.33366166666666663
FULL_ADAPTIVE_PLUS_CAUSAL_STATIC_SHADOW_SAME_PAIR_OCCUPANCY_GUARD_V1,EAA_EXIT_BRAIN_P13_SHADOW_GUARD,D2,1,ETH-USDT,2022-09-06 12:00:00+00:00,2022-09-06 13:00:00+00:00,2022-09-06 18:00:00+00:00,5,ADAPTIVE_PROTECTION_TOUCH,1668.29,1608.395,5.6820713904228315,9479.3428799285048,9139.0152139991296,11.849178599910632,11.423769017498913,-340.32766592937514,-363.6006135467847,ROBUSTNESS_2022,1,RELATIVE_STRENGTH_ROTATION,1,19.964999999999993,1687.4000000000001,TRANSITION,RISK_OFF,1608.395
FULL_ADAPTIVE_PLUS_CAUSAL_STATIC_SHADOW_SAME_PAIR_OCCUPANCY_GUARD_V1,EAA_EXIT_BRAIN_P13_SHADOW_GUARD,D2,1,BTC-USDT,2022-09-09 05:00:00+00:00,2022-09-09 06:00:00+00:00,2022-09-10 01:00:00+00:00,19,ADAPTIVE_PROTECTION_TOUCH,20356.799999999999,21160.75,0.46405224911131882,9446.6188247092941,9819.6936303823404,11.808273530886618,12.274617037977926,373.07480567304628,348.99191510418177,ROBUSTNESS_2022,2,MOMENTUM_BREAKOUT,1,155.81666666666661,21628.200000000001,TRANSITION,TRANSITION,20967.25
FULL_ADAPTIVE_PLUS_CAUSAL_STATIC_SHADOW_SAME_PAIR_OCCUPANCY_GUARD_V1,EAA_EXIT_BRAIN_P13_SHADOW_GUARD,D2,1,AVAX-USDT,2022-09-10 01:00:00+00:00,2022-09-10 02:00:00+00:00,2022-09-12 02:00:00+00:00,48,ADAPTIVE_STAGNATION_48H_CLOSE_NOT_ABOVE_ENTRY,20.759,20.152000000000001,457.60071854883671,9499.3333163553016,9221.5696801961585,11.874166645444127,11.526962100245198,-277.76363615914306,-301.1647649048324,ROBUSTNESS_2022,5,RELATIVE_STRENGTH_ROTATION,1,0.25625000000000037,21.173999999999999,TRANSITION,TRANSITION,19.733999999999998
FULL_ADAPTIVE_PLUS_CAUSAL_STATIC_SHADOW_SAME_PAIR_OCCUPANCY_GUARD_V1,EAA_EXIT_BRAIN_P13_SHADOW_GUARD,D2,1,ADA-USDT,2022-09-10 02:00:00+00:00,2022-09-10 03:00:00+00:00,2022-09-12 03:00:00+00:00,48,ADAPTIVE_STAGNATION_48H_CLOSE_NOT_ABOVE_ENTRY,0.51737299999999997,0.51290999999999998,18340.058411385049,9488.6510404735163,9406.7993597835048,11.860813800591895,11.758499199729382,-81.851680690011563,-105.47099369033285,ROBUSTNESS_2022,6,MOMENTUM_BREAKOUT,1,0.0058074583333333372,0.52417000000000002,TRANSITION,TRANSITION,0.49414316666666663
FULL_ADAPTIVE_PLUS_CAUSAL_STATIC_SHADOW_SAME_PAIR_OCCUPANCY_GUARD_V1,EAA_EXIT_BRAIN_P13_SHADOW_GUARD,D2,1,SOL-USDT,2022-09-13 04:00:00+00:00,2022-09-13 05:00:00+00:00,2022-09-13 13:00:00+00:00,8,ADAPTIVE_PROTECTION_TOUCH,38.771999999999998,36.253166666666658,243.77608413778395,9451.686334190159,8837.655007594436,11.8146079177377,11.047068759493046,-614.03132659572293,-636.89300327295371,ROBUSTNESS_2022,5,MOMENTUM_BREAKOUT,1,0.62970833333333509,38.950000000000003,TRANSITION,TRANSITION,36.253166666666658
FULL_ADAPTIVE_PLUS_CAUSAL_STATIC_SHADOW_SAME_PAIR_OCCUPANCY_GUARD_V1,EAA_EXIT_BRAIN_P13_SHADOW_GUARD,D2,1,XRP-USDT,2022-09-09 05:00:00+00:00,2022-09-09 06:00:00+00:00,2022-09-13 14:00:00+00:00,104,ADAPTIVE_STAGNATION_48H_CLOSE_NOT_ABOVE_ENTRY,0.34850999999999999,0.34317999999999999,27102.683079657727,9445.5560800915136,9301.0987792769374,11.806945100114392,11.626373474096171,-144.45730081457623,-167.8906193887868,ROBUSTNESS_2022,4,MOMENTUM_BREAKOUT,1,0.0037316666666666609,0.36199999999999999,TRANSITION,TRANSITION,0.33358333333333334
FULL_ADAPTIVE_PLUS_CAUSAL_STATIC_SHADOW_SAME_PAIR_OCCUPANCY_GUARD_V1,EAA_EXIT_BRAIN_P13_SHADOW_GUARD,D2,1,BTC-USDT,2022-09-21 18:00:00+00:00,2022-09-21 19:00:00+00:00,2022-09-21 19:00:00+00:00,0,ADAPTIVE_PROTECTION_TOUCH,19857.799999999999,19164.883333333331,0.47180454797387161,9369.0003527555473,9042.0791180553188,11.711250440944434,11.302598897569149,-326.92123470022852,-349.9350840387421,ROBUSTNESS_2022,1,MOMENTUM_BREAKOUT,1,173.22916666666697,19857.799999999999,TRANSITION,TRANSITION,
FULL_ADAPTIVE_PLUS_CAUSAL_STATIC_SHADOW_SAME_PAIR_OCCUPANCY_GUARD_V1,EAA_EXIT_BRAIN_P13_SHADOW_GUARD,D2,1,ETH-USDT,2022-09-21 18:00:00+00:00,2022-09-21 19:00:00+00:00,2022-09-21 19:00:00+00:00,0,ADAPTIVE_PROTECTION_TOUCH,1400.3399999999999,1336.8733333333332,6.6680279040747674,9337.5061951920597,8914.3086908801142,11.671882743990075,11.142885863600142,-423.19750431194552,-446.01227291953575,ROBUSTNESS_2022,2,MOMENTUM_BREAKOUT,1,15.866666666666674,1400.3399999999999,TRANSITION,TRANSITION,
FULL_ADAPTIVE_PLUS_CAUSAL_STATIC_SHADOW_SAME_PAIR_OCCUPANCY_GUARD_V1,EAA_EXIT_BRAIN_P13_SHADOW_GUARD,D2,1,ADA-USDT,2022-09-23 04:00:00+00:00,2022-09-23 05:00:00+00:00,2022-09-23 09:00:00+00:00,4,ADAPTIVE_PROTECTION_TOUCH,0.477719,0.45906800000000003,19459.806156038601,9296.3191370566055,8933.3742924403286,11.620398921320756,11.16671786555041,-362.9448446162769,-385.73196140314809,ROBUSTNESS_2022,6,MOMENTUM_BREAKOUT,1,0.0062170000000000003,0.47850900000000002,TRANSITION,RISK_OFF,0.45906800000000003
FULL_ADAPTIVE_PLUS_CAUSAL_STATIC_SHADOW_SAME_PAIR_OCCUPANCY_GUARD_V1,EAA_EXIT_BRAIN_P13_SHADOW_GUARD,D2,1,XRP-USDT,2022-09-23 04:00:00+00:00,2022-09-23 05:00:00+00:00,2022-09-23 09:00:00+00:00,4,ADAPTIVE_PROTECTION_TOUCH,0.53883000000000003,0.49835125000000002,17254.728004434237,9297.3650906293005,8598.9152694198074,11.621706363286625,10.748644086774759,-698.44982120949317,-720.8201716595546,ROBUSTNESS_2022,4,MOMENTUM_BREAKOUT,1,0.013492916666666669,0.55893999999999999,TRANSITION,RISK_OFF,0.49835125000000002
FULL_ADAPTIVE_PLUS_CAUSAL_STATIC_SHADOW_SAME_PAIR_OCCUPANCY_GUARD_V1,EAA_EXIT_BRAIN_P13_SHADOW_GUARD,D2,1,SOL-USDT,2022-09-23 22:00:00+00:00,2022-09-23 23:00:00+00:00,2022-09-25 18:00:00+00:00,43,ADAPTIVE_STAGNATION_24H_CLOSE_NOT_ABOVE_ENTRY,33.511000000000003,32.896000000000001,274.47033507366706,9197.7753986536572,9028.9761425833512,11.497219248317071,11.28622017822919,-168.799256070306,-191.58269549685227,ROBUSTNESS_2022,5,MOMENTUM_BREAKOUT,1,0.47591666666666671,34.880000000000003,TRANSITION,RISK_OFF,32.08325
FULL_ADAPTIVE_PLUS_CAUSAL_STATIC_SHADOW_SAME_PAIR_OCCUPANCY_GUARD_V1,EAA_EXIT_BRAIN_P13_SHADOW_GUARD,D2,1,BTC-USDT,2022-09-27 01:00:00+00:00,2022-09-27 02:00:00+00:00,2022-09-27 17:00:00+00:00,15,ADAPTIVE_PROTECTION_TOUCH,19346.099999999999,19857.974999999999,0.47454179168198968,9180.5329560589398,9423.4390356761578,11.475666195073675,11.779298794595197,242.90607961721798,219.65111462754911,ROBUSTNESS_2022,1,MOMENTUM_BREAKOUT,1,174.00833333333381,20380,TRANSITION,TRANSITION,19857.974999999999
FULL_ADAPTIVE_PLUS_CAUSAL_STATIC_SHADOW_SAME_PAIR_OCCUPANCY_GUARD_V1,EAA_EXIT_BRAIN_P13_SHADOW_GUARD,D2,1,ETH-USDT,2022-09-27 02:00:00+00:00,2022-09-27 03:00:00+00:00,2022-09-27 19:00:00+00:00,16,ADAPTIVE_PROTECTION_GAP,1366.6900000000001,1314.1900000000001,6.7297176578645939,9197.4378258269626,8844.1276487890718,11.496797282283703,11.05515956098634,-353.31017703789075,-375.86213388116079,ROBUSTNESS_2022,2,MOMENTUM_BREAKOUT,1,16.196250000000031,1400.27,TRANSITION,RISK_OFF,1301.905
FULL_ADAPTIVE_PLUS_CAUSAL_STATIC_SHADOW_SAME_PAIR_OCCUPANCY_GUARD_V1,EAA_EXIT_BRAIN_P13_SHADOW_GUARD,D2,1,XRP-USDT,2022-09-29 22:00:00+00:00,2022-09-29 23:00:00+00:00,2022-09-30 03:00:00+00:00,4,ADAPTIVE_PROTECTION_TOUCH,0.49861,0.47542125000000002,18385.27610752586,9167.08251997347,8740.7509486350791,11.458853149966838,10.925938685793849,-426.33157133839086,-448.71636317415152,ROBUSTNESS_2022,4,MOMENTUM_BREAKOUT|RELATIVE_STRENGTH_ROTATION,2,0.007729583333333327,0.50149999999999995,TRANSITION,RISK_OFF,0.46769166666666667
FULL_ADAPTIVE_PLUS_CAUSAL_STATIC_SHADOW_SAME_PAIR_OCCUPANCY_GUARD_V1,EAA_EXIT_BRAIN_P13_SHADOW_GUARD,D2,1,SOL-USDT,2022-09-29 10:00:00+00:00,2022-09-29 11:00:00+00:00,2022-10-01 11:00:00+00:00,48,ADAPTIVE_STAGNATION_48H_CLOSE_NOT_ABOVE_ENTRY,33.707999999999998,33.107999999999997,271.9376398577819,9166.4739643261128,9003.3113804114419,11.458092455407641,11.254139225514303,-163.1625839146709,-185.87481559559285,ROBUSTNESS_2022,5,RELATIVE_STRENGTH_ROTATION,1,0.43354166666666583,35.207000000000001,TRANSITION,TRANSITION,32.407375000000002
FULL_ADAPTIVE_PLUS_CAUSAL_STATIC_SHADOW_SAME_PAIR_OCCUPANCY_GUARD_V1,EAA_EXIT_BRAIN_P13_SHADOW_GUARD,D2,1,LUNC-USDT,2022-09-30 19:00:00+00:00,2022-09-30 20:00:00+00:00,2022-10-01 20:00:00+00:00,24,ADAPTIVE_STAGNATION_24H_CLOSE_NOT_ABOVE_ENTRY,0.00030384999999999999,0.00030241000000000003,30044828.078522064,9129.1210116589282,9085.856459225859,11.41140126457366,11.357320574032324,-43.264552433069184,-66.033274271675168,ROBUSTNESS_2022,3,RELATIVE_STRENGTH_ROTATION,1,6.0350000000000032e-06,0.00030899999999999998,TRANSITION,RISK_OFF,0.00028574499999999996
FULL_ADAPTIVE_PLUS_CAUSAL_STATIC_SHADOW_SAME_PAIR_OCCUPANCY_GUARD_V1,EAA_EXIT_BRAIN_P13_SHADOW_GUARD,D2,1,BTC-USDT,2022-10-04 07:00:00+00:00,2022-10-04 08:00:00+00:00,2022-10-05 05:00:00+00:00,21,ADAPTIVE_PROTECTION_TOUCH,19841.5,20095.350000000002,0.45880693312261595,9103.4177635523847,9219.8859035255609,11.379272204440481,11.524857379406951,116.46813997317622,93.564010389328786,ROBUSTNESS_2022,1,MOMENTUM_BREAKOUT,1,122.01666666666627,20461.400000000001,TRANSITION,TRANSITION,20095.350000000002
FULL_ADAPTIVE_PLUS_CAUSAL_STATIC_SHADOW_SAME_PAIR_OCCUPANCY_GUARD_V1,EAA_EXIT_BRAIN_P13_SHADOW_GUARD,D2,1,ETH-USDT,2022-10-04 07:00:00+00:00,2022-10-04 08:00:00+00:00,2022-10-06 15:00:00+00:00,55,ADAPTIVE_PROTECTION_TOUCH,1338.04,1354.4037499999999,6.8027814034363576,9102.3936290539841,9213.7126432444657,11.37799203631748,11.517140804055582,111.31901419048154,88.423881350108473,ROBUSTNESS_2022,2,MOMENTUM_BREAKOUT,1,9.7620833333333596,1383.6900000000001,TRANSITION,TRANSITION,1354.4037499999999
FULL_ADAPTIVE_PLUS_CAUSAL_STATIC_SHADOW_SAME_PAIR_OCCUPANCY_GUARD_V1,EAA_EXIT_BRAIN_P13_SHADOW_GUARD,D2,1,SOL-USDT,2022-10-04 07:00:00+00:00,2022-10-04 08:00:00+00:00,2022-10-06 23:00:00+00:00,63,ADAPTIVE_STAGNATION_48H_CLOSE_NOT_ABOVE_ENTRY,33.616,33.435000000000002,270.74516925781523,9101.3696097707161,9052.3647341350534,11.376712012213396,11.315455917668817,-49.004875635662756,-71.697043565544973,ROBUSTNESS_2022,5,MOMENTUM_BREAKOUT,1,0.26825000000000071,34.5,TRANSITION,TRANSITION,32.542999999999999
FULL_ADAPTIVE_PLUS_CAUSAL_STATIC_SHADOW_SAME_PAIR_OCCUPANCY_GUARD_V1,EAA_EXIT_BRAIN_P13_SHADOW_GUARD,D2,1,XRP-USDT,2022-10-05 06:00:00+00:00,2022-10-05 07:00:00+00:00,2022-10-07 07:00:00+00:00,48,ADAPTIVE_STAGNATION_48H_CLOSE_NOT_ABOVE_ENTRY,0.48948000000000003,0.48905999999999999,18654.063808894349,9130.7911531776062,9122.9564463778697,11.413488941472009,11.403695557972338,-7.834706799736523,-30.651891299180871,ROBUSTNESS_2022,4,MOMENTUM_BREAKOUT,1,0.0062329166666666739,0.50600999999999996,TRANSITION,TRANSITION,0.46454833333333334
FULL_ADAPTIVE_PLUS_CAUSAL_STATIC_SHADOW_SAME_PAIR_OCCUPANCY_GUARD_V1,EAA_EXIT_BRAIN_P13_SHADOW_GUARD,D2,1,BTC-USDT,2022-10-13 19:00:00+00:00,2022-10-13 20:00:00+00:00,2022-10-15 10:00:00+00:00,38,ADAPTIVE_STAGNATION_24H_CLOSE_NOT_ABOVE_ENTRY,19421.099999999999,19068.700000000001,0.46910758245779638,9110.5852696711081,8945.2717576129817,11.388231587088885,11.181589697016227,-165.31351205812643,-187.88333334223154,ROBUSTNESS_2022,1,MOMENTUM_BREAKOUT,1,167.69583333333321,19952.200000000001,TRANSITION,RISK_OFF,18750.316666666666
FULL_ADAPTIVE_PLUS_CAUSAL_STATIC_SHADOW_SAME_PAIR_OCCUPANCY_GUARD_V1,EAA_EXIT_BRAIN_P13_SHADOW_GUARD,D2,1,ETH-USDT,2022-10-14 02:00:00+00:00,2022-10-14 03:00:00+00:00,2022-10-15 10:00:00+00:00,31,ADAPTIVE_STAGNATION_24H_CLOSE_NOT_ABOVE_ENTRY,1328.8299999999999,1280.3699999999999,6.8782747408185303,9140.0578238418875,8806.7366299018213,11.425072279802359,11.008420787377277,-333.32119394006622,-355.75468700724588,ROBUSTNESS_2022,2,MOMENTUM_BREAKOUT,1,17.62833333333332,1343.24,TRANSITION,RISK_OFF,1258.3166666666666
FULL_ADAPTIVE_PLUS_CAUSAL_STATIC_SHADOW_SAME_PAIR_OCCUPANCY_GUARD_V1,EAA_EXIT_BRAIN_P13_SHADOW_GUARD,D2,1,LUNC-USDT,2022-10-14 01:00:00+00:00,2022-10-14 02:00:00+00:00,2022-10-15 10:00:00+00:00,32,ADAPTIVE_STAGNATION_24H_CLOSE_NOT_ABOVE_ENTRY,0.00027919000000000002,0.00027048000000000003,32626446.854152579,9108.9776972108593,8824.801345111191,11.386222121513574,11.03100168138899,-284.17635209966829,-306.59357590257088,ROBUSTNESS_2022,4,RELATIVE_STRENGTH_ROTATION,1,6.3566666666666637e-06,0.00028994999999999997,TRANSITION,RISK_OFF,0.00025376333333333338
FULL_ADAPTIVE_PLUS_CAUSAL_STATIC_SHADOW_SAME_PAIR_OCCUPANCY_GUARD_V1,EAA_EXIT_BRAIN_P13_SHADOW_GUARD,D2,1,XRP-USDT,2022-10-14 03:00:00+00:00,2022-10-14 04:00:00+00:00,2022-10-15 10:00:00+00:00,30,ADAPTIVE_STAGNATION_24H_CLOSE_NOT_ABOVE_ENTRY,0.50373000000000001,0.47938999999999998,18156.191044966639,9145.8181150810451,8703.896425046556,11.432272643851306,10.879870531308196,-441.92169003448907,-464.23383320964859,ROBUSTNESS_2022,3,MOMENTUM_BREAKOUT,1,0.0089670833333333391,0.51300000000000001,TRANSITION,RISK_OFF,0.46786166666666668
FULL_ADAPTIVE_PLUS_CAUSAL_STATIC_SHADOW_SAME_PAIR_OCCUPANCY_GUARD_V1,EAA_EXIT_BRAIN_P13_SHADOW_GUARD,D2,1,ETH-USDT,2022-10-17 20:00:00+00:00,2022-10-17 21:00:00+00:00,2022-10-19 15:00:00+00:00,42,ADAPTIVE_STAGNATION_24H_CLOSE_NOT_ABOVE_ENTRY,1325.6800000000001,1293.3499999999999,6.7843534878016571,8993.8817317089015,8774.5435834482723,11.242352164636127,10.96817947931034,-219.33814826062917,-241.54867990457564,ROBUSTNESS_2022,2,RELATIVE_STRENGTH_ROTATION,1,11.40958333333335,1342.04,TRANSITION,RISK_OFF,1280.0416666666667
FULL_ADAPTIVE_PLUS_CAUSAL_STATIC_SHADOW_SAME_PAIR_OCCUPANCY_GUARD_V1,EAA_EXIT_BRAIN_P13_SHADOW_GUARD,D2,1,SOL-USDT,2022-10-17 19:00:00+00:00,2022-10-17 20:00:00+00:00,2022-10-19 15:00:00+00:00,43,ADAPTIVE_PROTECTION_GAP,30.698,29.632000000000001,292.92733666752093,8992.2833810195571,8680.02284013198,11.240354226274446,10.850028550164975,-312.26054088757701,-334.35092366401642,ROBUSTNESS_2022,5,RELATIVE_STRENGTH_ROTATION,1,0.29025000000000006,31.48,TRANSITION,RISK_OFF,29.536999999999999
FULL_ADAPTIVE_PLUS_CAUSAL_STATIC_SHADOW_SAME_PAIR_OCCUPANCY_GUARD_V1,EAA_EXIT_BRAIN_P13_SHADOW_GUARD,D2,1,XRP-USDT,2022-10-22 14:00:00+00:00,2022-10-22 15:00:00+00:00,2022-10-23 11:00:00+00:00,20,ADAPTIVE_PROTECTION_TOUCH,0.46833000000000002,0.45579500000000001,19090.069858216182,8940.4524166983847,8701.158391025645,11.175565520872981,10.876447988782056,-239.29402567273974,-261.3460391823948,ROBUSTNESS_2022,3,MOMENTUM_BREAKOUT,1,0.0041783333333333394,0.46911999999999998,TRANSITION,RISK_OFF,0.45579500000000001
FULL_ADAPTIVE_PLUS_CAUSAL_STATIC_SHADOW_SAME_PAIR_OCCUPANCY_GUARD_V1,EAA_EXIT_BRAIN_P13_SHADOW_GUARD,D2,1,ETH-USDT,2022-10-22 17:00:00+00:00,2022-10-22 18:00:00+00:00,2022-10-23 18:00:00+00:00,24,ADAPTIVE_STAGNATION_24H_CLOSE_NOT_ABOVE_ENTRY,1314.8,1312.3099999999999,6.7915001660120513,8929.4644182726443,8912.5535828592747,11.161830522840805,11.140691978574093,-16.910835413369568,-39.213357914784467,ROBUSTNESS_2022,2,RELATIVE_STRENGTH_ROTATION,1,5.8441666666666476,1318.4000000000001,TRANSITION,RISK_OFF,1297.2674999999999
FULL_ADAPTIVE_PLUS_CAUSAL_STATIC_SHADOW_SAME_PAIR_OCCUPANCY_GUARD_V1,EAA_EXIT_BRAIN_P13_SHADOW_GUARD,D2,1,BTC-USDT,2022-10-23 18:00:00+00:00,2022-10-23 19:00:00+00:00,2022-10-24 00:00:00+00:00,5,ADAPTIVE_PROTECTION_TOUCH,19473.400000000001,19580.674999999999,0.45772192174759613,8913.4020709596389,8962.5041901151108,11.141752588699548,11.203130237643888,49.102119155471883,26.757236329128446,ROBUSTNESS_2022,1,MOMENTUM_BREAKOUT,1,38.108333333333427,19695,TRANSITION,TRANSITION,19320.966666666667
FULL_ADAPTIVE_PLUS_CAUSAL_STATIC_SHADOW_SAME_PAIR_OCCUPANCY_GUARD_V1,EAA_EXIT_BRAIN_P13_SHADOW_GUARD,D2,1,SOL-USDT,2022-10-23 23:00:00+00:00,2022-10-24 00:00:00+00:00,2022-10-24 15:00:00+00:00,15,ADAPTIVE_PROTECTION_TOUCH,29.199000000000002,28.223833333333335,305.34642358400151,8915.81022222926,8618.0465681642618,11.144762777786575,10.772558210205327,-297.76365406499826,-319.68097505299016,ROBUSTNESS_2022,5,MOMENTUM_BREAKOUT,1,0.24379166666666632,29.5,TRANSITION,TRANSITION,28.223833333333335
FULL_ADAPTIVE_PLUS_CAUSAL_STATIC_SHADOW_SAME_PAIR_OCCUPANCY_GUARD_V1,EAA_EXIT_BRAIN_P13_SHADOW_GUARD,D2,1,ADA-USDT,2022-10-23 23:00:00+00:00,2022-10-24 00:00:00+00:00,2022-10-25 20:00:00+00:00,44,ADAPTIVE_PROTECTION_GAP,0.36068899999999998,0.40815499999999999,24716.04954290056,8914.8071935792595,10087.979201182578,11.143508991974075,12.609974001478221,1173.172007603318,1149.4185246098657,ROBUSTNESS_2022,6,MOMENTUM_BREAKOUT,1,0.0023997083333333405,0.417126,TRANSITION,TRANSITION,0.40741087499999995
FULL_ADAPTIVE_PLUS_CAUSAL_STATIC_SHADOW_SAME_PAIR_OCCUPANCY_GUARD_V1,EAA_EXIT_BRAIN_P13_SHADOW_GUARD,D2,1,LUNC-USDT,2022-10-26 08:00:00+00:00,2022-10-26 09:00:00+00:00,2022-10-27 21:00:00+00:00,36,ADAPTIVE_PROTECTION_TOUCH,0.00024810000000000001,0.00023682500000000002,36237350.2688004,8990.4866016893793,8581.9104774086554,11.238108252111724,10.727388096760819,-408.57612428072389,-430.54162062959642,ROBUSTNESS_2022,4,MOMENTUM_BREAKOUT,1,2.8187499999999986e-06,0.00025284,TRANSITION,RISK_ON,0.00023682500000000002
FULL_ADAPTIVE_PLUS_CAUSAL_STATIC_SHADOW_SAME_PAIR_OCCUPANCY_GUARD_V1,EAA_EXIT_BRAIN_P13_SHADOW_GUARD,D2,1,XRP-USDT,2022-10-27 01:00:00+00:00,2022-10-27 02:00:00+00:00,2022-10-27 21:00:00+00:00,19,ADAPTIVE_PROTECTION_TOUCH,0.47693000000000002,0.45915666666666666,18833.992112647386,8982.4958582849176,8647.7530384694637,11.228119822856147,10.809691298086831,-334.74281981545391,-356.7806309363969,ROBUSTNESS_2022,3,MOMENTUM_BREAKOUT,1,0.0044433333333333365,0.47881000000000001,TRANSITION,RISK_ON,0.45915666666666666
FULL_ADAPTIVE_PLUS_CAUSAL_STATIC_SHADOW_SAME_PAIR_OCCUPANCY_GUARD_V1,EAA_EXIT_BRAIN_P13_SHADOW_GUARD,D2,1,LUNC-USDT,2022-10-30 09:00:00+00:00,2022-10-30 10:00:00+00:00,2022-10-31 15:00:00+00:00,29,ADAPTIVE_PROTECTION_GAP,0.00025584000000000002,0.00024115000000000001,69711911.252202004,17835.095374763361,16811.027398468515,22.293869218454201,21.013784248085646,-1024.0679762948457,-1067.3756297613854,ROBUSTNESS_2022,4,MOMENTUM_BREAKOUT,1,3.4574999999999974e-06,0.00025740000000000002,RISK_ON,TRANSITION,0.00023855250000000004
FULL_ADAPTIVE_PLUS_CAUSAL_STATIC_SHADOW_SAME_PAIR_OCCUPANCY_GUARD_V1,EAA_EXIT_BRAIN_P13_SHADOW_GUARD,D2,1,SOL-USDT,2022-10-31 10:00:00+00:00,2022-10-31 11:00:00+00:00,2022-10-31 21:00:00+00:00,10,ADAPTIVE_PROTECTION_TOUCH,33.966999999999999,32.334333333333333,521.62267809744037,17717.957506935756,16866.321547828669,22.147446883669694,21.082901934785838,-851.63595910708682,-894.86630792554229,ROBUSTNESS_2022,5,MOMENTUM_BREAKOUT,1,0.40816666666666662,34.393999999999998,RISK_ON,TRANSITION,32.334333333333333
FULL_ADAPTIVE_PLUS_CAUSAL_STATIC_SHADOW_SAME_PAIR_OCCUPANCY_GUARD_V1,EAA_EXIT_BRAIN_P13_SHADOW_GUARD,D2,1,ETH-USDT,2022-10-30 05:00:00+00:00,2022-10-30 06:00:00+00:00,2022-11-01 06:00:00+00:00,48,ADAPTIVE_STAGNATION_48H_CLOSE_NOT_ABOVE_ENTRY,1618.28,1589.6300000000001,5.5117949916259485,8919.6275990484392,8761.7146725383573,11.149534498810549,10.952143340672947,-157.91292651008189,-180.01460434956539,ROBUSTNESS_2022,2,RELATIVE_STRENGTH_ROTATION,1,19.635833333333352,1640.1600000000001,TRANSITION,TRANSITION,1539.7366666666667
FULL_ADAPTIVE_PLUS_CAUSAL_STATIC_SHADOW_SAME_PAIR_OCCUPANCY_GUARD_V1,EAA_EXIT_BRAIN_P13_SHADOW_GUARD,D2,1,ADA-USDT,2022-11-01 07:00:00+00:00,2022-11-01 08:00:00+00:00,2022-11-02 08:00:00+00:00,24,ADAPTIVE_PROTECTION_TOUCH,0.41243800000000003,0.39394150000000006,21159.118486330441,8726.8245102651545,8335.4548751827442,10.908530637831443,10.41931859397843,-391.36963508241024,-412.69748431422011,ROBUSTNESS_2022,7,RELATIVE_STRENGTH_ROTATION,1,0.0046241249999999972,0.41536000000000001,TRANSITION,TRANSITION,0.39394150000000006
FULL_ADAPTIVE_PLUS_CAUSAL_STATIC_SHADOW_SAME_PAIR_OCCUPANCY_GUARD_V1,EAA_EXIT_BRAIN_P13_SHADOW_GUARD,D2,1,XRP-USDT,2022-11-04 06:00:00+00:00,2022-11-04 07:00:00+00:00,2022-11-04 11:00:00+00:00,4,ADAPTIVE_PROTECTION_TOUCH,0.46172000000000002,0.49466624999999997,18820.241134620279,8689.6817366768755,9309.7381061583583,10.862102170846095,11.637172632697949,620.05636948148276,597.55709467793872,ROBUSTNESS_2022,3,RELATIVE_STRENGTH_ROTATION,1,0.0030079166666666705,0.50368999999999997,TRANSITION,TRANSITION,0.47397624999999999
FULL_ADAPTIVE_PLUS_CAUSAL_STATIC_SHADOW_SAME_PAIR_OCCUPANCY_GUARD_V1,EAA_EXIT_BRAIN_P13_SHADOW_GUARD,D2,1,LUNC-USDT,2022-11-04 21:00:00+00:00,2022-11-04 22:00:00+00:00,2022-11-05 01:00:00+00:00,3,ADAPTIVE_PROTECTION_TOUCH,0.00024596999999999998,0.00025480666666666669,70829281.227381438,17421.878303499012,18047.773051944976,21.777347879373764,22.559716314931219,625.89474844596407,581.55768425165911,ROBUSTNESS_2022,4,MOMENTUM_BREAKOUT,1,3.5783333333333348e-06,0.00026912000000000003,RISK_ON,RISK_ON,0.00022807833333333331
FULL_ADAPTIVE_PLUS_CAUSAL_STATIC_SHADOW_SAME_PAIR_OCCUPANCY_GUARD_V1,EAA_EXIT_BRAIN_P13_SHADOW_GUARD,D2,1,SOL-USDT,2022-11-04 15:00:00+00:00,2022-11-04 16:00:00+00:00,2022-11-05 18:00:00+00:00,26,ADAPTIVE_PROTECTION_TOUCH,33.722999999999999,37.142666666666663,518.31259140597274,17479.055519983616,19251.51181172824,21.848819399979522,24.064389764660302,1772.4562917446237,1726.543082579984,ROBUSTNESS_2022,5,MOMENTUM_BREAKOUT,1,0.40983333333333344,38.781999999999996,RISK_ON,RISK_ON,36.460666666666668
FULL_ADAPTIVE_PLUS_CAUSAL_STATIC_SHADOW_SAME_PAIR_OCCUPANCY_GUARD_V1,EAA_EXIT_BRAIN_P13_SHADOW_GUARD,D2,1,ETH-USDT,2022-11-04 15:00:00+00:00,2022-11-04 16:00:00+00:00,2022-11-06 23:00:00+00:00,55,ADAPTIVE_PROTECTION_TOUCH,1660.3699999999999,1600.4599999999998,10.531943934421715,17486.923750395781,16855.954989284575,21.858654687994726,21.069943736605719,-630.96876111120582,-673.89735953580634,ROBUSTNESS_2022,1,MOMENTUM_BREAKOUT,1,14.977500000000012,1666.9000000000001,RISK_ON,RISK_ON,1600.4599999999998
FULL_ADAPTIVE_PLUS_CAUSAL_STATIC_SHADOW_SAME_PAIR_OCCUPANCY_GUARD_V1,EAA_EXIT_BRAIN_P13_SHADOW_GUARD,D2,1,ADA-USDT,2022-11-04 15:00:00+00:00,2022-11-04 16:00:00+00:00,2022-11-07 08:00:00+00:00,64,ADAPTIVE_PROTECTION_TOUCH,0.41899999999999998,0.39944999999999997,41706.73683172225,17475.122732491622,16659.756027431453,21.843903415614527,20.824695034289316,-815.3667050601689,-858.03530351007271,ROBUSTNESS_2022,7,MOMENTUM_BREAKOUT,1,0.004887499999999996,0.437699,RISK_ON,RISK_ON,0.39944999999999997
FULL_ADAPTIVE_PLUS_CAUSAL_STATIC_SHADOW_SAME_PAIR_OCCUPANCY_GUARD_V1,EAA_EXIT_BRAIN_P13_SHADOW_GUARD,D2,1,BTC-USDT,2022-11-04 15:00:00+00:00,2022-11-04 16:00:00+00:00,2022-11-07 08:00:00+00:00,64,ADAPTIVE_PROTECTION_TOUCH,21218.299999999999,20757.083333333332,0.82395805472407979,17482.989192551941,17102.96600507895,21.853736490689926,21.378707506348686,-380.02318747299068,-423.2556314700293,ROBUSTNESS_2022,2,MOMENTUM_BREAKOUT,1,115.30416666666663,21480,RISK_ON,RISK_ON,20757.083333333332
FULL_ADAPTIVE_PLUS_CAUSAL_STATIC_SHADOW_SAME_PAIR_OCCUPANCY_GUARD_V1,EAA_EXIT_BRAIN_P13_SHADOW_GUARD,D2,1,ETH-USDT,2022-11-12 23:00:00+00:00,2022-11-13 00:00:00+00:00,2022-11-13 22:00:00+00:00,22,ADAPTIVE_PROTECTION_TOUCH,1260.8800000000001,1212.7225000000001,6.9596028152610101,8775.2239977063036,8440.0669251303716,10.96902999713288,10.550083656412964,-335.15707257593203,-356.67618622947788,ROBUSTNESS_2022,1,RELATIVE_STRENGTH_ROTATION,1,16.05250000000002,1274.23,TRANSITION,RISK_OFF,1212.7225000000001
FULL_ADAPTIVE_PLUS_CAUSAL_STATIC_SHADOW_SAME_PAIR_OCCUPANCY_GUARD_V1,EAA_EXIT_BRAIN_P13_SHADOW_GUARD,D2,1,SOL-USDT,2022-11-17 01:00:00+00:00,2022-11-17 02:00:00+00:00,2022-11-17 13:00:00+00:00,11,ADAPTIVE_PROTECTION_TOUCH,14.438000000000001,13.763875000000001,605.56331492905178,8743.1231409456504,8334.897771269103,10.928903926182063,10.41862221408638,-408.22536967654742,-429.57289581681584,ROBUSTNESS_2022,5,RELATIVE_STRENGTH_ROTATION,1,0.22470833333333329,14.473000000000001,TRANSITION,RISK_OFF,13.763875000000001
FULL_ADAPTIVE_PLUS_CAUSAL_STATIC_SHADOW_SAME_PAIR_OCCUPANCY_GUARD_V1,EAA_EXIT_BRAIN_P13_SHADOW_GUARD,D2,1,XRP-USDT,2022-11-17 04:00:00+00:00,2022-11-17 05:00:00+00:00,2022-11-20 09:00:00+00:00,76,ADAPTIVE_PROTECTION_TOUCH,0.37613000000000002,0.38652583333333335,23215.963662812741,8732.2204124937562,8973.5697014050802,10.915275515617195,11.21696212675635,241.34928891132404,219.21705126895048,ROBUSTNESS_2022,4,RELATIVE_STRENGTH_ROTATION,1,0.005112083333333327,0.39674999999999999,TRANSITION,TRANSITION,0.38652583333333335
FULL_ADAPTIVE_PLUS_CAUSAL_STATIC_SHADOW_SAME_PAIR_OCCUPANCY_GUARD_V1,EAA_EXIT_BRAIN_P13_SHADOW_GUARD,D2,1,XRP-USDT,2022-11-24 15:00:00+00:00,2022-11-24 16:00:00+00:00,2022-11-25 02:00:00+00:00,10,ADAPTIVE_PROTECTION_TOUCH,0.39005000000000001,0.39386874999999999,22274.565460462094,8688.1942578532398,8773.2552547053783,10.86024282231655,10.966569068381723,85.060996852138487,63.234184961440214,ROBUSTNESS_2022,4,MOMENTUM_BREAKOUT,1,0.003733750000000001,0.40506999999999999,TRANSITION,TRANSITION,0.39386874999999999
FULL_ADAPTIVE_PLUS_CAUSAL_STATIC_SHADOW_SAME_PAIR_OCCUPANCY_GUARD_V1,EAA_EXIT_BRAIN_P13_SHADOW_GUARD,D2,1,DOGE-USDT,2022-11-25 11:00:00+00:00,2022-11-25 12:00:00+00:00,2022-11-25 13:00:00+00:00,1,ADAPTIVE_PROTECTION_GAP,0.08702,0.087859999999999994,99731.718327961731,8678.6541288992303,8762.4287722947174,10.848317661124039,10.953035965368397,83.774643395487146,61.973289768994704,ROBUSTNESS_2022,3,MOMENTUM_BREAKOUT,1,0.00087791666666666628,0.091800000000000007,TRANSITION,TRANSITION,0.083508333333333337
FULL_ADAPTIVE_PLUS_CAUSAL_STATIC_SHADOW_SAME_PAIR_OCCUPANCY_GUARD_V1,EAA_EXIT_BRAIN_P13_SHADOW_GUARD,D2,1,BTC-USDT,2022-11-24 02:00:00+00:00,2022-11-24 03:00:00+00:00,2022-11-26 03:00:00+00:00,48,ADAPTIVE_STAGNATION_48H_CLOSE_NOT_ABOVE_ENTRY,16746.099999999999,16633.5,0.52096853087801609,8724.1911149363441,8665.5300583594799,10.905238893670431,10.831912572949349,-58.661056576864212,-80.39820804348399,ROBUSTNESS_2022,1,MOMENTUM_BREAKOUT,1,135.41666666666711,16803,TRANSITION,TRANSITION,16204.433333333331
FULL_ADAPTIVE_PLUS_CAUSAL_STATIC_SHADOW_SAME_PAIR_OCCUPANCY_GUARD_V1,EAA_EXIT_BRAIN_P13_SHADOW_GUARD,D2,1,SOL-USDT,2022-11-24 03:00:00+00:00,2022-11-24 04:00:00+00:00,2022-11-26 04:00:00+00:00,48,ADAPTIVE_STAGNATION_48H_CLOSE_NOT_ABOVE_ENTRY,14.651,14.379,595.07779436884391,8718.4847652979315,8556.6236052296063,10.898105956622414,10.695779506537008,-161.86116006832526,-183.45504553148467,ROBUSTNESS_2022,5,MOMENTUM_BREAKOUT,1,0.37820833333333331,14.792,TRANSITION,TRANSITION,13.138166666666667
FULL_ADAPTIVE_PLUS_CAUSAL_STATIC_SHADOW_SAME_PAIR_OCCUPANCY_GUARD_V1,EAA_EXIT_BRAIN_P13_SHADOW_GUARD,D2,1,ETH-USDT,2022-11-24 02:00:00+00:00,2022-11-24 03:00:00+00:00,2022-11-27 00:00:00+00:00,69,ADAPTIVE_STAGNATION_24H_CLOSE_NOT_ABOVE_ENTRY,1202.52,1201.1600000000001,7.2541077432690635,8723.2096434359137,8713.344056905069,10.904012054294892,10.891680071131336,-9.8655865308446664,-31.661278656270895,ROBUSTNESS_2022,2,MOMENTUM_BREAKOUT,1,13.099999999999985,1234.96,TRANSITION,RISK_OFF,1163.22
FULL_ADAPTIVE_PLUS_CAUSAL_STATIC_SHADOW_SAME_PAIR_OCCUPANCY_GUARD_V1,EAA_EXIT_BRAIN_P13_SHADOW_GUARD,D2,1,BTC-USDT,2022-11-30 01:00:00+00:00,2022-11-30 02:00:00+00:00,2022-12-01 14:00:00+00:00,36,ADAPTIVE_PROTECTION_TOUCH,16849.400000000001,17003.637500000001,0.51686490200014679,8708.863479761274,8788.5834300835213,10.886079349701593,10.985729287604402,79.719950322247314,57.848141684941325,ROBUSTNESS_2022,1,MOMENTUM_BREAKOUT,1,79.954166666666808,17243.5,TRANSITION,TRANSITION,17003.637500000001
FULL_ADAPTIVE_PLUS_CAUSAL_STATIC_SHADOW_SAME_PAIR_OCCUPANCY_GUARD_V1,EAA_EXIT_BRAIN_P13_SHADOW_GUARD,D2,1,LUNC-USDT,2022-11-30 23:00:00+00:00,2022-12-01 00:00:00+00:00,2022-12-01 19:00:00+00:00,19,ADAPTIVE_PROTECTION_GAP,0.00016515,0.00016793999999999999,52811479.419032484,8721.8158260532146,8869.1598536323145,10.902269782566519,11.086449817040393,147.34402757909993,125.35530797949302,ROBUSTNESS_2022,6,MOMENTUM_BREAKOUT,1,1.6870833333333362e-06,0.00017623000000000001,TRANSITION,TRANSITION,0.00015840166666666666
FULL_ADAPTIVE_PLUS_CAUSAL_STATIC_SHADOW_SAME_PAIR_OCCUPANCY_GUARD_V1,EAA_EXIT_BRAIN_P13_SHADOW_GUARD,D2,1,ETH-USDT,2022-12-01 03:00:00+00:00,2022-12-01 04:00:00+00:00,2022-12-03 05:00:00+00:00,49,ADAPTIVE_STAGNATION_48H_CLOSE_NOT_ABOVE_ENTRY,1286.78,1285.8900000000001,6.7683149488735923,8709.3323099115605,8703.3085096070645,10.886665387389451,10.879135637008831,-6.0238003044960351,-27.789601328894314,ROBUSTNESS_2022,2,RELATIVE_STRENGTH_ROTATION,1,10.693750000000023,1306,TRANSITION,TRANSITION,1244.0049999999999
FULL_ADAPTIVE_PLUS_CAUSAL_STATIC_SHADOW_SAME_PAIR_OCCUPANCY_GUARD_V1,EAA_EXIT_BRAIN_P13_SHADOW_GUARD,D2,1,DOGE-USDT,2022-12-05 03:00:00+00:00,2022-12-05 04:00:00+00:00,2022-12-05 10:00:00+00:00,6,ADAPTIVE_PROTECTION_TOUCH,0.10415000000000001,0.10841375,83842.932060493898,8732.2413741004402,9089.7266756733698,10.915301717625551,11.362158344591712,357.48530157292953,335.20784151071229,ROBUSTNESS_2022,4,RELATIVE_STRENGTH_ROTATION,1,0.0011120833333333336,0.11175,TRANSITION,TRANSITION,0.099701666666666675
FULL_ADAPTIVE_PLUS_CAUSAL_STATIC_SHADOW_SAME_PAIR_OCCUPANCY_GUARD_V1,EAA_EXIT_BRAIN_P13_SHADOW_GUARD,D2,1,LTC-USDT,2022-12-05 05:00:00+00:00,2022-12-05 06:00:00+00:00,2022-12-05 17:00:00+00:00,11,ADAPTIVE_PROTECTION_TOUCH,83.024000000000001,80.995333333333335,105.15539261975449,8730.4213168624974,8517.0960770345555,10.913026646078121,10.646370096293195,-213.32523982794191,-234.88463657031323,ROBUSTNESS_2022,6,MOMENTUM_BREAKOUT|RELATIVE_STRENGTH_ROTATION,2,0.5071666666666671,84.989000000000004,TRANSITION,TRANSITION,80.995333333333335
FULL_ADAPTIVE_PLUS_CAUSAL_STATIC_SHADOW_SAME_PAIR_OCCUPANCY_GUARD_V1,EAA_EXIT_BRAIN_P13_SHADOW_GUARD,D2,1,SOL-USDT,2022-12-05 01:00:00+00:00,2022-12-05 02:00:00+00:00,2022-12-05 21:00:00+00:00,19,ADAPTIVE_PROTECTION_TOUCH,13.927,13.67775,626.32661205654279,8722.8507261114719,8566.7388180563776,10.903563407639339,10.708423522570472,-156.11190805509432,-177.72389498530416,ROBUSTNESS_2022,5,MOMENTUM_BREAKOUT|RELATIVE_STRENGTH_ROTATION,2,0.083083333333333245,14.212,TRANSITION,RISK_OFF,13.594666666666667
FULL_ADAPTIVE_PLUS_CAUSAL_STATIC_SHADOW_SAME_PAIR_OCCUPANCY_GUARD_V1,EAA_EXIT_BRAIN_P13_SHADOW_GUARD,D2,1,ETH-USDT,2022-12-08 19:00:00+00:00,2022-12-08 20:00:00+00:00,2022-12-09 22:00:00+00:00,26,ADAPTIVE_PROTECTION_TOUCH,1287.4100000000001,1258.5916666666667,6.7693307702928589,8714.9041269827303,8519.8232964008403,10.893630158728413,10.64977912050105,-195.08083058189004,-216.62423986111949,ROBUSTNESS_2022,2,MOMENTUM_BREAKOUT|RELATIVE_STRENGTH_ROTATION,2,7.2045833333333364,1296.6400000000001,TRANSITION,TRANSITION,1258.5916666666667
FULL_ADAPTIVE_PLUS_CAUSAL_STATIC_SHADOW_SAME_PAIR_OCCUPANCY_GUARD_V1,EAA_EXIT_BRAIN_P13_SHADOW_GUARD,D2,1,BTC-USDT,2022-12-08 19:00:00+00:00,2022-12-08 20:00:00+00:00,2022-12-10 20:00:00+00:00,48,ADAPTIVE_STAGNATION_48H_CLOSE_NOT_ABOVE_ENTRY,17246,17184.299999999999,0.50538586710004807,8715.8846640074298,8684.7023560073558,10.894855830009288,10.855877945009196,-31.182308000074045,-52.933041775092533,ROBUSTNESS_2022,1,MOMENTUM_BREAKOUT,1,50.241666666666184,17338.700000000001,TRANSITION,TRANSITION,17045.033333333336
FULL_ADAPTIVE_PLUS_CAUSAL_STATIC_SHADOW_SAME_PAIR_OCCUPANCY_GUARD_V1,EAA_EXIT_BRAIN_P13_SHADOW_GUARD,D2,1,XRP-USDT,2022-12-08 23:00:00+00:00,2022-12-09 00:00:00+00:00,2022-12-11 00:00:00+00:00,48,ADAPTIVE_STAGNATION_48H_CLOSE_NOT_ABOVE_ENTRY,0.39417000000000002,0.38625999999999999,22096.894308368188,8709.932829529489,8535.1463955502968,10.887416036911862,10.668932994437871,-174.78643397919222,-196.34278301054198,ROBUSTNESS_2022,3,MOMENTUM_BREAKOUT,1,0.0029195833333333296,0.39539000000000002,TRANSITION,TRANSITION,0.38249166666666667
FULL_ADAPTIVE_PLUS_CAUSAL_STATIC_SHADOW_SAME_PAIR_OCCUPANCY_GUARD_V1,EAA_EXIT_BRAIN_P13_SHADOW_GUARD,D2,1,LTC-USDT,2022-12-11 17:00:00+00:00,2022-12-11 18:00:00+00:00,2022-12-12 01:00:00+00:00,7,ADAPTIVE_PROTECTION_TOUCH,77.442999999999998,76.164874999999995,112.00436008663436,8673.9536581892244,8530.7980854534944,10.84244207273653,10.663497606816868,-143.15557273572995,-164.66151241528334,ROBUSTNESS_2022,6,RELATIVE_STRENGTH_ROTATION,1,0.4260416666666676,78.414000000000001,TRANSITION,RISK_OFF,76.164874999999995
FULL_ADAPTIVE_PLUS_CAUSAL_STATIC_SHADOW_SAME_PAIR_OCCUPANCY_GUARD_V1,EAA_EXIT_BRAIN_P13_SHADOW_GUARD,D2,1,BTC-USDT,2022-12-13 10:00:00+00:00,2022-12-13 11:00:00+00:00,2022-12-13 16:00:00+00:00,5,ADAPTIVE_PROTECTION_TOUCH,17422,17820.712499999998,0.49734250294402432,8664.7010862907919,8862.9977589958598,10.83087635786349,11.078747198744825,198.29667270506798,176.38704914845965,ROBUSTNESS_2022,1,MOMENTUM_BREAKOUT|RELATIVE_STRENGTH_ROTATION,2,49.429166666667093,17969,TRANSITION,TRANSITION,17820.712499999998
FULL_ADAPTIVE_PLUS_CAUSAL_STATIC_SHADOW_SAME_PAIR_OCCUPANCY_GUARD_V1,EAA_EXIT_BRAIN_P13_SHADOW_GUARD,D2,1,ETH-USDT,2022-12-12 21:00:00+00:00,2022-12-12 22:00:00+00:00,2022-12-13 16:00:00+00:00,18,ADAPTIVE_PROTECTION_TOUCH,1266.48,1326.53,6.8371660997977459,8659.1341220718496,9069.7059463647038,10.823917652589811,11.33713243295588,410.57182429285422,388.41077420730858,ROBUSTNESS_2022,2,RELATIVE_STRENGTH_ROTATION,1,6.6433333333333353,1346.46,TRANSITION,TRANSITION,1326.53
FULL_ADAPTIVE_PLUS_CAUSAL_STATIC_SHADOW_SAME_PAIR_OCCUPANCY_GUARD_V1,EAA_EXIT_BRAIN_P13_SHADOW_GUARD,D2,1,SOL-USDT,2022-12-13 14:00:00+00:00,2022-12-13 15:00:00+00:00,2022-12-13 18:00:00+00:00,3,ADAPTIVE_PROTECTION_TOUCH,14.077999999999999,13.613666666666665,619.50746764999212,8721.4261295765882,8433.7681620977746,10.901782661970735,10.542210202622218,-287.65796747881359,-309.10196034340657,ROBUSTNESS_2022,5,MOMENTUM_BREAKOUT,1,0.11608333333333347,14.118,TRANSITION,TRANSITION,13.613666666666665
FULL_ADAPTIVE_PLUS_CAUSAL_STATIC_SHADOW_SAME_PAIR_OCCUPANCY_GUARD_V1,EAA_EXIT_BRAIN_P13_SHADOW_GUARD,D2,1,XRP-USDT,2022-12-13 14:00:00+00:00,2022-12-13 15:00:00+00:00,2022-12-14 20:00:00+00:00,29,ADAPTIVE_PROTECTION_TOUCH,0.39545999999999998,0.38425499999999996,22056.358166209313,8722.4074004091344,8475.2659071567577,10.903009250511419,10.594082383945947,-247.14149325237668,-268.63858488683405,ROBUSTNESS_2022,3,MOMENTUM_BREAKOUT,1,0.0028012500000000051,0.39601999999999998,TRANSITION,RISK_ON,0.38425499999999996
FULL_ADAPTIVE_PLUS_CAUSAL_STATIC_SHADOW_SAME_PAIR_OCCUPANCY_GUARD_V1,EAA_EXIT_BRAIN_P13_SHADOW_GUARD,D2,1,BTC-USDT,2022-12-20 15:00:00+00:00,2022-12-20 16:00:00+00:00,2022-12-22 00:00:00+00:00,32,ADAPTIVE_STAGNATION_24H_CLOSE_NOT_ABOVE_ENTRY,16903.400000000001,16761.5,0.51249265708353386,8662.868379745807,8590.1456717056535,10.828585474682258,10.737682089632067,-72.72270804015352,-94.288975604467851,ROBUSTNESS_2022,1,MOMENTUM_BREAKOUT,1,105.0291666666667,17040,TRANSITION,RISK_OFF,16588.3125
FULL_ADAPTIVE_PLUS_CAUSAL_STATIC_SHADOW_SAME_PAIR_OCCUPANCY_GUARD_V1,EAA_EXIT_BRAIN_P13_SHADOW_GUARD,D2,1,ETH-USDT,2022-12-20 05:00:00+00:00,2022-12-20 06:00:00+00:00,2022-12-22 16:00:00+00:00,58,ADAPTIVE_STAGNATION_24H_CLOSE_NOT_ABOVE_ENTRY,1208.6700000000001,1192.74,7.1632201321313058,8657.9692771031459,8543.8591803982945,10.822461596378933,10.679823975497868,-114.11009670485146,-135.61238227672825,ROBUSTNESS_2022,2,MOMENTUM_BREAKOUT,1,9.115416666666647,1230,TRANSITION,RISK_OFF,1181.32375
FULL_ADAPTIVE_PLUS_CAUSAL_STATIC_SHADOW_SAME_PAIR_OCCUPANCY_GUARD_V1,EAA_EXIT_BRAIN_P13_SHADOW_GUARD,D2,1,LTC-USDT,2022-12-21 02:00:00+00:00,2022-12-21 03:00:00+00:00,2022-12-22 16:00:00+00:00,37,ADAPTIVE_STAGNATION_24H_CLOSE_NOT_ABOVE_ENTRY,66.162999999999997,64.945999999999998,130.83523214390564,8656.4514643372277,8497.2249868180952,10.820564330421535,10.621531233522619,-159.22647751913246,-180.66857308307664,ROBUSTNESS_2022,5,RELATIVE_STRENGTH_ROTATION,1,0.66899999999999993,66.805000000000007,TRANSITION,RISK_OFF,64.155999999999992
FULL_ADAPTIVE_PLUS_CAUSAL_STATIC_SHADOW_SAME_PAIR_OCCUPANCY_GUARD_V1,EAA_EXIT_BRAIN_P13_SHADOW_GUARD,D2,1,DOGE-USDT,2022-12-22 21:00:00+00:00,2022-12-22 22:00:00+00:00,2022-12-25 13:00:00+00:00,63,ADAPTIVE_STAGNATION_24H_CLOSE_NOT_ABOVE_ENTRY,0.076600000000000001,0.07646,112545.92667514832,8621.017983316362,8605.2615535818404,10.776272479145453,10.756576941977301,-15.756429734521589,-37.289279155644344,ROBUSTNESS_2022,4,RELATIVE_STRENGTH_ROTATION,1,0.00083708333333333378,0.078990000000000005,TRANSITION,RISK_OFF,0.074088749999999995
