year,pair,entry_time,exit_time,entry_price,exit_price,original_quantity,final_quantity,entry_notional,entry_fee,exit_fees_total,net_pnl,holding_hours,exit_reason,score_mfe5_base14,governor_reduction_count,governor_reduced_notional,universe,risk_mode
2020,TRX-USDT,2020-01-01 03:00:00+00:00,2020-01-02 04:00:00+00:00,0.013378,0.013159,1346686.314261857,1346686.314261857,18015.969512195123,22.519961890243902,22.15130651171472,-339.59557122530543,25.0,CHECKPOINT24_NONPOS_NEXT_OPEN,0.20681701250385576,0,0.0,C2,NONE
2020,ETH-USDT,2020-01-01 03:00:00+00:00,2020-01-02 04:00:00+00:00,130.58,129.69,137.93778464584835,137.93778464584835,18011.915919054878,22.514894898818596,22.361439113400092,-167.64096234702268,25.0,CHECKPOINT24_NONPOS_NEXT_OPEN,0.16759271550533542,0,0.0,C2,NONE
2020,BTT-USDT,2020-01-01 04:00:00+00:00,2020-01-02 05:00:00+00:00,0.00029187,0.00027876,62056331.51441226,62056331.51441226,18112.381479111507,22.640476848889385,21.623528716196958,-857.8225117190286,25.0,CHECKPOINT24_NONPOS_NEXT_OPEN,0.31645556981490264,0,0.0,C2,NONE
2020,XTZ-USDT,2020-01-02 07:00:00+00:00,2020-01-03 08:00:00+00:00,1.35555,1.282,13151.336252228914,13151.336252228914,17827.293856708904,22.284117320886132,21.075016344196833,-1010.6399150165203,25.0,CHECKPOINT24_NONPOS_NEXT_OPEN,0.24179011423737626,0,0.0,C2,NONE
2020,ARPA-USDT,2020-01-02 08:00:00+00:00,2020-01-03 09:00:00+00:00,0.010486,0.010219,1701710.8093153518,1701710.8093153518,17844.13954648078,22.305174433100973,21.737228450491976,-498.39918897079195,25.0,CHECKPOINT24_NONPOS_NEXT_OPEN,0.30393171369521654,0,0.0,C2,NONE
2020,TEL-USDT,2020-01-02 16:00:00+00:00,2020-01-03 17:00:00+00:00,0.00037414,0.0003626,46258112.38680147,46258112.38680147,17307.0101683979,21.633762710497376,20.966489439317765,-576.4188690935038,25.0,CHECKPOINT24_NONPOS_NEXT_OPEN,0.3348663479376852,0,0.0,C2,NONE
2020,WIN-USDT,2020-01-01 02:00:00+00:00,2020-01-04 03:00:00+00:00,9.225e-05,9.095e-05,195121951.2195122,195121951.2195122,18000.0,22.5,22.182926829268293,-298.34146341463264,73.0,CHECKPOINT72_NONPOS_NEXT_OPEN,0.6590633137447847,0,0.0,C2,NONE
2020,ATOM-USDT,2020-01-04 00:00:00+00:00,2020-01-07 01:00:00+00:00,4.2238,4.1294,4125.632923183842,4125.632923183842,17425.84834094391,21.782310426179887,21.295485741244196,-432.5375441159769,73.0,CHECKPOINT72_NONPOS_NEXT_OPEN,0.34456912905766346,0,0.0,C2,NONE
2020,TEL-USDT,2020-01-04 04:00:00+00:00,2020-01-07 05:00:00+00:00,0.00036262,0.00034885,48571294.71564813,48571294.71564813,17612.922889788326,22.016153612235406,21.180120201942312,-712.0230020486526,73.0,CHECKPOINT72_NONPOS_NEXT_OPEN,0.2867868076028626,0,0.0,C2,NONE
2020,XTZ-USDT,2020-01-07 01:00:00+00:00,2020-01-08 02:00:00+00:00,1.30161,1.28093,13095.7834978409,13095.7834978409,17045.602758624693,21.307003448280867,20.96847744486168,-313.0962836284928,25.0,CHECKPOINT24_NONPOS_NEXT_OPEN,0.24865858122077183,0,0.0,C2,NONE
2020,ONE-USDT,2020-01-01 04:00:00+00:00,2020-01-08 04:00:00+00:00,0.004633,0.004631,3822444.992148391,3822444.992148391,17709.387648623495,22.13673456077937,22.127178448298995,-51.908802993376426,168.0,TERMINAL168,0.3076822418919851,0,0.0,C2,NONE
2020,ARPA-USDT,2020-01-07 05:00:00+00:00,2020-01-08 06:00:00+00:00,0.01007,0.009636,1677820.2925012389,1677820.2925012389,16895.650345487476,21.119562931859345,20.209345423177425,-769.502915300574,25.0,CHECKPOINT24_NONPOS_NEXT_OPEN,0.18049480848051286,0,0.0,C2,NONE
2020,ONT-USDT,2020-01-08 02:00:00+00:00,2020-01-09 03:00:00+00:00,0.58481,0.54782,28065.523355736994,28065.523355736994,16412.998713668552,20.51624839208569,19.2185687559248,-1077.8785260767243,25.0,CHECKPOINT24_NONPOS_NEXT_OPEN,0.5026966374529018,0,0.0,C2,NONE
2020,XLM-USDT,2020-01-09 06:00:00+00:00,2020-01-10 07:00:00+00:00,0.048138,0.046158,322325.18594434194,322325.18594434194,15516.089800988731,19.395112251235915,18.597357416023666,-676.1963378370573,25.0,CHECKPOINT24_NONPOS_NEXT_OPEN,0.21521068526307519,0,0.0,C2,NONE
2020,COTI-USDT,2020-01-03 22:00:00+00:00,2020-01-10 22:00:00+00:00,0.008422,0.011061,2071614.2518762378,2071614.2518762378,17447.135229301675,21.808919036627096,28.64265655000383,5416.538435114758,168.0,TERMINAL168,0.44535302796073345,0,0.0,C2,NONE
2020,ETN-USDT,2020-01-04 01:00:00+00:00,2020-01-11 01:00:00+00:00,0.0035312,0.0036623,4575820.646228859,4575820.646228859,16158.137865963348,20.197672332454186,20.94753494085494,558.7448794472939,168.0,TERMINAL168,0.3228078813955393,0,0.0,C2,NONE
2020,CHR-USDT,2020-01-11 03:00:00+00:00,2020-01-12 04:00:00+00:00,0.013498,0.013301,1341208.4120169207,1341208.4120169207,18103.631145404397,22.629538931755498,22.29926636029633,-309.14686245938617,25.0,CHECKPOINT24_NONPOS_NEXT_OPEN,0.2977774141357542,0,0.0,C2,NONE
2020,ETN-USDT,2020-01-11 06:00:00+00:00,2020-01-12 07:00:00+00:00,0.0036603,0.0036707,4970161.646798485,4970161.646798485,18192.282675776496,22.74035334472062,22.804965446129,6.144362335853742,25.0,CHECKPOINT24_NONPOS_NEXT_OPEN,0.3323806275267459,0,0.0,C2,NONE
2020,TRX-USDT,2020-01-12 04:00:00+00:00,2020-01-13 05:00:00+00:00,0.014741,0.014597,1204098.545066593,1204098.545066593,17749.616652826648,22.18702081603331,21.970283077921323,-217.5474943835448,25.0,CHECKPOINT24_NONPOS_NEXT_OPEN,0.2698043466496685,0,0.0,C2,NONE
2020,KCS-USDT,2020-01-12 07:00:00+00:00,2020-01-13 08:00:00+00:00,1.03283,1.01451,17634.27937892824,17634.27937892824,18213.21277093845,22.766515963673065,22.362690965895613,-368.1892051515297,25.0,CHECKPOINT24_NONPOS_NEXT_OPEN,0.289104044878385,0,0.0,C2,NONE
2020,XTZ-USDT,2020-01-08 04:00:00+00:00,2020-01-15 04:00:00+00:00,1.28954,1.4,13830.216011764107,13830.216011764107,17834.616755810286,22.29327094476286,24.202878020587185,1481.189511694113,168.0,TERMINAL168,0.4557655028495352,0,0.0,C2,NONE
2020,ETC-USDT,2020-01-08 06:00:00+00:00,2020-01-15 06:00:00+00:00,4.9102,6.856,3272.654077656528,3272.654077656528,16069.386052109083,20.086732565136355,28.046645445516443,6319.796926293418,168.0,TERMINAL168,0.3216736657956544,0,0.0,C2,NONE
2020,VSYS-USDT,2020-01-15 07:00:00+00:00,2020-01-16 08:00:00+00:00,0.03572,0.03291,551724.401359532,551724.401359532,19707.595616562485,24.634494520703107,22.696562560927752,-1597.6766249019154,25.0,CHECKPOINT24_NONPOS_NEXT_OPEN,0.6109426864645127,0,0.0,C2,NONE
2020,BTT-USDT,2020-01-11 07:00:00+00:00,2020-01-18 07:00:00+00:00,0.00029415,0.00037121,60539872.03418661,60539872.03418661,17807.803358855992,22.25975419856999,28.091257372263016,4614.851527383589,168.0,TERMINAL168,0.26652654961012867,0,0.0,C2,NONE
2020,KCS-USDT,2020-01-16 09:00:00+00:00,2020-01-19 10:00:00+00:00,1.07804,1.06931,17932.26829477815,17932.26829477815,19331.70251250264,24.164628140628302,23.96894226286153,-204.68227261690828,73.0,CHECKPOINT72_NONPOS_NEXT_OPEN,0.17117217028076726,0,0.0,C2,NONE
2020,VET-USDT,2020-01-13 05:00:00+00:00,2020-01-20 05:00:00+00:00,0.0054427,0.0058585,3246404.1380638517,3246404.1380638517,17669.203802240125,22.086504752800156,23.773823303558842,1303.9945125505903,168.0,TERMINAL168,0.28972161095390836,0,0.0,C2,NONE
2020,ETN-USDT,2020-01-13 08:00:00+00:00,2020-01-20 08:00:00+00:00,0.0037213,0.0038,4807727.710982326,4807727.710982326,17890.99713087853,22.363746413598165,22.83670662716605,333.1677178135439,168.0,TERMINAL168,0.29288412577475437,0,0.0,C2,NONE
2020,XTZ-USDT,2020-01-19 10:00:00+00:00,2020-01-20 11:00:00+00:00,1.50532,1.4678,13677.375054857646,13677.375054857646,20588.826217578313,25.73603277197289,25.09456388190007,-564.0057087121323,25.0,CHECKPOINT24_NONPOS_NEXT_OPEN,0.27241162254946444,0,0.0,C2,NONE
2020,WIN-USDT,2020-01-20 09:00:00+00:00,2020-01-21 10:00:00+00:00,9.992e-05,9.807e-05,180852343.77812752,180852343.77812752,18070.766190310504,22.58845773788813,22.17023669290121,-379.3355304203267,25.0,CHECKPOINT24_NONPOS_NEXT_OPEN,0.380366433247676,0,0.0,C2,NONE
2020,LTC-USDT,2020-01-15 07:00:00+00:00,2020-01-22 07:00:00+00:00,56.544,57.64,348.45715562303263,348.45715562303263,19703.161407548756,24.628951759435946,25.1063380626395,332.1737527407701,168.0,TERMINAL168,0.554619319775502,0,0.0,C2,NONE
2020,XTZ-USDT,2020-01-21 11:00:00+00:00,2020-01-22 12:00:00+00:00,1.54969,1.54897,11629.891150085055,11629.891150085055,18022.72601637531,22.528407520469138,22.51794061843406,-53.419869766965206,25.0,CHECKPOINT24_NONPOS_NEXT_OPEN,0.38919698650045964,0,0.0,C2,NONE
2020,MTV-USDT,2020-01-20 06:00:00+00:00,2020-01-23 07:00:00+00:00,0.0003977,0.0003712,49436255.27901829,49436255.27901829,19660.798724465574,24.57599840558197,22.93842244946449,-1357.5751857490304,73.0,CHECKPOINT72_NONPOS_NEXT_OPEN,0.288327235920166,0,0.0,C2,NONE
2020,ZEC-USDT,2020-01-22 07:00:00+00:00,2020-01-23 08:00:00+00:00,53.151,51.184,375.8068355001977,375.8068355001977,19974.509113671007,24.96813639208876,24.04412133530265,-788.2243031562803,25.0,CHECKPOINT24_NONPOS_NEXT_OPEN,0.4023735927590138,0,0.0,C2,NONE
2020,SNX-USDT,2020-01-22 12:00:00+00:00,2020-01-23 13:00:00+00:00,1.099996,1.033553,16458.765169463488,16458.765169463488,18104.57585134916,22.63071981418645,21.26375764649312,-1137.4642116153452,25.0,CHECKPOINT24_NONPOS_NEXT_OPEN,0.4687016622209214,0,0.0,C2,NONE
2020,ADA-USDT,2020-01-20 15:00:00+00:00,2020-01-23 16:00:00+00:00,0.043214,0.04307,456742.1630243164,456742.1630243164,19737.65583293281,24.672069791166013,24.589856201821636,-115.03279746849029,73.0,CHECKPOINT72_NONPOS_NEXT_OPEN,0.30604725075389017,0,0.0,C2,NONE
2020,XTZ-USDT,2020-01-23 09:00:00+00:00,2020-01-24 10:00:00+00:00,1.58443,1.55596,12106.485022176348,12106.485022176348,19181.878063686872,23.97734757960859,23.54650804388189,-392.19548420485046,25.0,CHECKPOINT24_NONPOS_NEXT_OPEN,0.3838478084083874,0,0.0,C2,NONE
2020,ARPA-USDT,2020-01-23 13:00:00+00:00,2020-01-24 14:00:00+00:00,0.0092,0.008839,1853194.2459663332,1853194.2459663332,17049.387062890266,21.311733828612834,20.475479925120524,-710.7903365475805,25.0,CHECKPOINT24_NONPOS_NEXT_OPEN,0.4046247612618464,0,0.0,C2,NONE
2020,WIN-USDT,2020-01-23 17:00:00+00:00,2020-01-24 18:00:00+00:00,0.0001026,0.00010244,183444191.4112331,183444191.4112331,18821.374038792517,23.526717548490648,23.4900287102084,-76.3678168844975,25.0,CHECKPOINT24_NONPOS_NEXT_OPEN,0.2313065774648067,0,0.0,C2,NONE
2020,XLM-USDT,2020-01-18 08:00:00+00:00,2020-01-25 08:00:00+00:00,0.05925,0.056431,342734.95050785725,342734.95050785725,20307.04581759054,25.383807271988175,24.176094990136118,-1015.7297277437717,168.0,TERMINAL168,0.7203936826468651,0,0.0,C2,NONE
2020,XTZ-USDT,2020-01-24 10:00:00+00:00,2020-01-25 11:00:00+00:00,1.55596,1.47936,11882.629816694156,11882.629816694156,18488.89668958344,23.1111208619793,21.973359057030834,-955.293923877781,25.0,CHECKPOINT24_NONPOS_NEXT_OPEN,0.24946641940421488,0,0.0,C2,NONE
2020,KCS-USDT,2020-01-24 15:00:00+00:00,2020-01-25 16:00:00+00:00,1.0238,1.01688,17183.048434670298,17183.048434670298,17592.00498741545,21.990006234269313,21.841372865309417,-162.73807426749477,25.0,CHECKPOINT24_NONPOS_NEXT_OPEN,0.2702591607094481,0,0.0,C2,NONE
2020,ARPA-USDT,2020-01-24 23:00:00+00:00,2020-01-26 00:00:00+00:00,0.008949,0.008843,2091426.0516051818,2091426.0516051818,18716.171735814773,23.395214669768468,23.11810071793078,-268.20447685784865,25.0,CHECKPOINT24_NONPOS_NEXT_OPEN,0.2720715349866497,0,0.0,C2,NONE
2020,MTV-USDT,2020-01-25 08:00:00+00:00,2020-01-28 09:00:00+00:00,0.0004265,0.0003964,43218686.56287875,43218686.56287875,18432.769819067787,23.040962273834733,21.414859191906423,-1345.3382870083917,73.0,CHECKPOINT72_NONPOS_NEXT_OPEN,0.4615984551872606,0,0.0,C2,NONE
2020,WIN-USDT,2020-01-25 17:00:00+00:00,2020-01-28 18:00:00+00:00,0.00010337,0.00010282,171973020.30713597,171973020.30713597,17776.851109148643,22.221063886435804,22.102832434974648,-138.9090574903354,73.0,CHECKPOINT72_NONPOS_NEXT_OPEN,0.23948571761176124,0,0.0,C2,NONE
2020,TEL-USDT,2020-01-28 09:00:00+00:00,2020-01-29 10:00:00+00:00,0.0002061,0.00020988,83342512.76409316,83342512.76409316,17176.8918806796,21.4711148508495,21.864908223659842,271.698675173764,25.0,CHECKPOINT24_NONPOS_NEXT_OPEN,0.47414686603346123,0,0.0,C2,NONE
2020,ONE-USDT,2020-01-23 09:00:00+00:00,2020-01-30 09:00:00+00:00,0.004982,0.004953,3746040.9423403023,3746040.9423403023,18662.775974739387,23.328469968424233,23.192675984264397,-155.1563332805577,168.0,TERMINAL168,0.14125405463870783,0,0.0,C2,NONE
2020,ETN-USDT,2020-01-25 15:00:00+00:00,2020-02-01 15:00:00+00:00,0.0038868,0.0044002,4726207.3574820515,4726207.3574820515,18369.82275706124,22.96227844632655,25.995322017990652,2377.4772568669646,168.0,TERMINAL168,0.3241294466287726,0,0.0,C2,NONE
2020,ATOM-USDT,2020-01-26 07:00:00+00:00,2020-02-02 07:00:00+00:00,4.4125,4.3222,4129.4137242477045,4129.4137242477045,18221.038058242993,22.776297572803742,22.310189998679284,-417.97254687104913,168.0,TERMINAL168,0.15554358381191608,0,0.0,C2,NONE
2020,ZEC-USDT,2020-02-01 15:00:00+00:00,2020-02-02 16:00:00+00:00,66.654,65.918,289.1015589257638,289.1015589257638,19269.77530863786,24.087219135797326,23.821245701585628,-260.6872122067436,25.0,CHECKPOINT24_NONPOS_NEXT_OPEN,0.34712689547454983,0,0.0,C2,NONE
2020,SNX-USDT,2020-02-02 07:00:00+00:00,2020-02-03 08:00:00+00:00,1.180148,1.146694,16221.826377841806,16221.826377841806,19144.15595615725,23.930194945196565,23.251838720641167,-589.8670133101544,25.0,CHECKPOINT24_NONPOS_NEXT_OPEN,0.3367659814343191,0,0.0,C2,NONE
2020,ETN-USDT,2020-02-02 16:00:00+00:00,2020-02-03 17:00:00+00:00,0.004377,0.0041195,4298876.185771234,4298876.185771234,18816.18106512069,23.520226331400863,22.13652555910575,-1152.6173697265986,25.0,CHECKPOINT24_NONPOS_NEXT_OPEN,0.326639975042614,0,0.0,C2,NONE
2020,XTZ-USDT,2020-01-28 18:00:00+00:00,2020-02-04 18:00:00+00:00,1.53265,1.92991,11533.437207172272,11533.437207172272,17676.722535572582,22.09590316946573,27.8231197506173,4531.854242001173,168.0,TERMINAL168,0.22261080963651683,0,0.0,C2,NONE
2020,ADA-USDT,2020-02-03 20:00:00+00:00,2020-02-04 21:00:00+00:00,0.05694,0.05589,307277.6303217186,307277.6303217186,17496.388270518655,21.87048533814832,21.467183448351065,-365.9791806243021,25.0,CHECKPOINT24_NONPOS_NEXT_OPEN,0.29415126270135195,0,0.0,C2,NONE
2020,TEL-USDT,2020-01-29 11:00:00+00:00,2020-02-05 11:00:00+00:00,0.00021658,0.00024527,79476980.43511689,79476980.43511689,17213.124422637615,21.516405528297017,24.3666487391514,2234.3115144160574,168.0,TERMINAL168,0.3773715927136638,0,0.0,C2,NONE
2020,LTC-USDT,2020-01-30 09:00:00+00:00,2020-02-06 09:00:00+00:00,61.949,73.142,297.31718124997866,297.31718124997866,18418.502061254927,23.02312757656866,27.182966588732427,3277.6651155657114,168.0,TERMINAL168,0.37068627823976763,0,0.0,C2,NONE
2020,ARPA-USDT,2020-02-03 08:00:00+00:00,2020-02-10 08:00:00+00:00,0.011393,0.016414,1631014.7967248259,1631014.7967248259,18582.15157908594,23.227689473857428,33.464346091801616,8132.633258789694,168.0,TERMINAL168,0.25176329730139924,0,0.0,C2,NONE
2020,BNB-USDT,2020-02-10 08:00:00+00:00,2020-02-11 09:00:00+00:00,24.639,24.415,977.7420341696004,977.7420341696004,24090.585979904783,30.11323247488098,29.83946470531349,-278.9669128341859,25.0,CHECKPOINT24_NONPOS_NEXT_OPEN,0.4008478122303095,0,0.0,C2,NONE
2020,VSYS-USDT,2020-02-04 18:00:00+00:00,2020-02-11 18:00:00+00:00,0.04455,0.04951,443728.40912919893,443728.40912919893,19768.10062670581,24.710125783382264,27.4612419199833,2148.7215415774626,168.0,TERMINAL168,0.3934012547695892,0,0.0,C2,NONE
2020,BTT-USDT,2020-02-04 22:00:00+00:00,2020-02-11 22:00:00+00:00,0.00039395,0.00047129,49607723.17971055,49607723.17971055,19542.962546646973,24.428703183308716,29.224529821707232,3783.0080777137973,168.0,TERMINAL168,0.32020842618853984,0,0.0,C2,NONE
2020,MTV-USDT,2020-02-05 12:00:00+00:00,2020-02-12 12:00:00+00:00,0.000413,0.0005051,46489080.78388741,46489080.78388741,19199.9903637455,23.999987954681874,29.352043379926915,4228.2923088614225,168.0,TERMINAL168,0.3598396429428885,0,0.0,C2,NONE
2020,COTI-USDT,2020-02-06 12:00:00+00:00,2020-02-13 12:00:00+00:00,0.011426,0.015872,1836812.1299573132,1836812.1299573132,20987.415396892262,26.23426924611533,36.442352658353094,8103.790107885744,168.0,TERMINAL168,0.3594643879065765,0,0.0,C2,NONE
2020,KCS-USDT,2020-02-12 12:00:00+00:00,2020-02-13 13:00:00+00:00,1.3058,1.28295,19159.598971207735,19159.598971207735,25018.60433660306,31.273255420753827,30.726009375138705,-499.7961012879887,25.0,CHECKPOINT24_NONPOS_NEXT_OPEN,0.29236336458985407,0,0.0,C2,NONE
2020,SNX-USDT,2020-02-12 18:00:00+00:00,2020-02-13 19:00:00+00:00,1.009602,0.934001,20748.08652430032,20748.08652430032,20947.309651106654,26.18413706388332,24.22341695222878,-1618.9836433397413,25.0,CHECKPOINT24_NONPOS_NEXT_OPEN,0.4499881569216704,0,0.0,C2,NONE
2020,ADA-USDT,2020-02-13 12:00:00+00:00,2020-02-16 13:00:00+00:00,0.068854,0.064475,355857.5608266754,355857.5608266754,24502.216493159907,30.627770616449883,28.67989529287487,-1617.6079247693349,73.0,CHECKPOINT72_NONPOS_NEXT_OPEN,1.2057280780769992,0,0.0,C2,NONE
2020,ARPA-USDT,2020-02-13 19:00:00+00:00,2020-02-16 20:00:00+00:00,0.01854,0.016941,1296881.2690219206,1296881.2690219206,24044.17872766641,30.055223409583014,27.46308197312545,-2131.2314545487598,73.0,CHECKPOINT72_NONPOS_NEXT_OPEN,0.316984226560595,0,0.0,C2,NONE
2020,ALGO-USDT,2020-02-11 10:00:00+00:00,2020-02-18 10:00:00+00:00,0.3534,0.3214,65115.764765789114,65115.764765789114,23011.911268229873,28.76488908528734,26.16025849465578,-2138.6296200851943,168.0,TERMINAL168,0.3947662379294641,0,0.0,C2,NONE
2020,TEL-USDT,2020-02-11 18:00:00+00:00,2020-02-18 18:00:00+00:00,0.00026406,0.00024615,90224160.251984,90224160.251984,23824.591756138892,29.780739695173615,27.760846307532326,-1673.456296115739,168.0,TERMINAL168,0.41059513066637365,0,0.0,C2,NONE
2020,CHR-USDT,2020-02-13 14:00:00+00:00,2020-02-20 14:00:00+00:00,0.021152,0.027391,1168655.064698942,1168655.064698942,24719.39192851202,30.899239910640027,40.013288596460896,7220.326420149596,168.0,TERMINAL168,0.6440303743042836,0,0.0,C2,NONE
2020,XTZ-USDT,2020-02-20 16:00:00+00:00,2020-02-21 17:00:00+00:00,3.67499,3.67334,6777.955141922783,6777.955141922783,24908.91736701481,31.13614670876851,31.122167176288293,-73.44193986922977,25.0,CHECKPOINT24_NONPOS_NEXT_OPEN,0.5854028254474785,0,0.0,C2,NONE
2020,VSYS-USDT,2020-02-18 17:00:00+00:00,2020-02-21 18:00:00+00:00,0.0495,0.04936,408747.4043901223,408747.4043901223,20232.996517311054,25.291245646638817,25.219714850870545,-107.7355971121267,73.0,CHECKPOINT72_NONPOS_NEXT_OPEN,0.5383426745191509,0,0.0,C2,NONE
2020,CHR-USDT,2020-02-21 17:00:00+00:00,2020-02-22 18:00:00+00:00,0.027369,0.025508,937877.7905996771,937877.7905996771,25668.777250922565,32.08597156365321,29.90423335327071,-1807.380773222924,25.0,CHECKPOINT24_NONPOS_NEXT_OPEN,0.6025115595371779,0,0.0,C2,NONE
2020,AVA-USDT,2020-02-16 19:00:00+00:00,2020-02-23 19:00:00+00:00,0.102733,0.142846,229417.58504121954,229417.58504121954,23568.75676403961,29.46094595504951,40.96423044099756,9132.202412362394,168.0,TERMINAL168,0.3426654520060206,0,0.0,C2,NONE
2020,COTI-USDT,2020-02-16 21:00:00+00:00,2020-02-23 21:00:00+00:00,0.020763,0.030323,1071832.8698648696,1071832.8698648696,22254.465877004288,27.81808234625536,40.626485141140556,10178.277668420758,168.0,TERMINAL168,0.6212424559548599,0,0.0,C2,NONE
2020,ARPA-USDT,2020-02-23 19:00:00+00:00,2020-02-24 20:00:00+00:00,0.012509,0.012692,2253603.5100113233,2253603.5100113233,28190.326306731644,35.23790788341456,35.75341968632964,341.418114762327,25.0,CHECKPOINT24_NONPOS_NEXT_OPEN,0.23190486301105448,0,0.0,C2,NONE
2020,ONE-USDT,2020-02-23 21:00:00+00:00,2020-02-24 22:00:00+00:00,0.006132,0.005358,4576466.083838076,4576466.083838076,28062.890026095083,35.078612532618855,30.650881596505513,-3607.914243019796,25.0,CHECKPOINT24_NONPOS_NEXT_OPEN,0.4044485116934406,0,0.0,C2,NONE
2020,ATOM-USDT,2020-02-21 22:00:00+00:00,2020-02-24 23:00:00+00:00,4.7152,4.3561,5429.407176205291,5429.407176205291,25600.74071724319,32.00092589655399,29.56380075033483,-2011.2648436222128,73.0,CHECKPOINT72_NONPOS_NEXT_OPEN,0.5365113702151143,0,0.0,C2,NONE
2020,COTI-USDT,2020-02-24 22:00:00+00:00,2020-02-25 23:00:00+00:00,0.030677,0.029018,859883.8707164531,859883.8707164531,26378.65750196863,32.97332187746079,31.19013770056254,-1490.7108010966222,25.0,CHECKPOINT24_NONPOS_NEXT_OPEN,0.7386352777102934,0,0.0,C2,NONE
2020,ETH-USDT,2020-02-22 23:00:00+00:00,2020-02-26 00:00:00+00:00,262.72,251.97,90.65928430027463,90.65928430027463,23818.007171368154,29.772508964210193,28.55427483142525,-1032.9140900235889,73.0,CHECKPOINT72_NONPOS_NEXT_OPEN,0.2690518445759307,0,0.0,C2,NONE
2020,ONT-USDT,2020-02-25 01:00:00+00:00,2020-02-26 02:00:00+00:00,0.86233,0.76584,30833.243660513854,30833.243660513854,26588.43100577091,33.23553875721364,29.516664156209913,-3037.851883716405,25.0,CHECKPOINT24_NONPOS_NEXT_OPEN,0.21453538202519734,0,0.0,C2,NONE
2020,DAG-USDT,2020-02-25 03:00:00+00:00,2020-02-26 04:00:00+00:00,0.017528,0.013839,1496462.0669916326,1496462.0669916326,26229.987110229333,32.787483887786664,25.886923181371504,-5579.122972201289,25.0,CHECKPOINT24_NONPOS_NEXT_OPEN,0.6236056231758705,0,0.0,C2,NONE
2020,MTV-USDT,2020-02-19 09:00:00+00:00,2020-02-26 09:00:00+00:00,0.0006032,0.0005236,36011074.387714595,36011074.387714595,21721.880070669446,27.152350088336807,23.569248186759207,-2917.2031195371774,168.0,TERMINAL168,0.4996803560605205,0,0.0,C2,NONE
2020,COTI-USDT,2020-02-26 02:00:00+00:00,2020-02-27 03:00:00+00:00,0.030158,0.019291,803582.5601202357,803582.5601202357,24234.442848106068,30.293053560132584,19.37738895909933,-8782.202123345833,25.0,CHECKPOINT24_NONPOS_NEXT_OPEN,1.040567885156075,0,0.0,C2,NONE
2020,VSYS-USDT,2020-02-28 17:00:00+00:00,2020-02-29 18:00:00+00:00,0.04334,0.04175,511009.430914504,511009.430914504,22147.148735834602,27.683935919793253,26.668304675850678,-866.8572357497044,25.0,CHECKPOINT24_NONPOS_NEXT_OPEN,0.28894146030890383,0,0.0,C2,NONE
2020,SNX-USDT,2020-02-28 23:00:00+00:00,2020-03-01 00:00:00+00:00,0.892891,0.894841,24778.712188645382,24778.712188645382,22124.689104831763,27.655861381039703,27.716259491999526,-7.053632105181158,25.0,CHECKPOINT24_NONPOS_NEXT_OPEN,0.5431026562139281,0,0.0,C2,NONE
2020,WIN-USDT,2020-02-29 04:00:00+00:00,2020-03-01 05:00:00+00:00,9.583e-05,9.495e-05,229716112.5647331,229716112.5647331,22013.69506707837,27.517118833847963,27.26443111002676,-256.9317290008384,25.0,CHECKPOINT24_NONPOS_NEXT_OPEN,0.30882677222632315,0,0.0,C2,NONE
2020,XTZ-USDT,2020-02-29 13:00:00+00:00,2020-03-01 14:00:00+00:00,2.88994,2.75239,7638.540300790327,7638.540300790327,22074.923156866,27.5936539460825,26.280302423115362,-1104.5551747429072,25.0,CHECKPOINT24_NONPOS_NEXT_OPEN,0.5983609388714856,0,0.0,C2,NONE
2020,VET-USDT,2020-02-29 13:00:00+00:00,2020-03-01 14:00:00+00:00,0.0058661,0.0056579,3762287.7719704243,3762287.7719704243,22069.956299155707,27.587445373944632,26.60830998128933,-837.5040694794764,25.0,CHECKPOINT24_NONPOS_NEXT_OPEN,0.41200023827346866,0,0.0,C2,NONE
2020,COTI-USDT,2020-02-29 19:00:00+00:00,2020-03-01 20:00:00+00:00,0.019127,0.018676,1133788.2010241908,1133788.2010241908,21685.966920989697,27.10745865123712,26.468285552909734,-564.9142228660568,25.0,CHECKPOINT24_NONPOS_NEXT_OPEN,0.4376742579006788,0,0.0,C2,NONE
2020,BNB-USDT,2020-03-01 02:00:00+00:00,2020-03-02 03:00:00+00:00,19.257,19.153,1111.5313798084537,1111.5313798084537,21404.759780971395,26.755949726214244,26.61145064683914,-168.9666638731373,25.0,CHECKPOINT24_NONPOS_NEXT_OPEN,0.41810899402670276,0,0.0,C2,NONE
2020,ONE-USDT,2020-03-01 05:00:00+00:00,2020-03-02 06:00:00+00:00,0.004555,0.00435,4748526.53897768,4748526.53897768,21629.53838504333,27.036922981304166,25.82011305569113,-1026.3049765274222,25.0,CHECKPOINT24_NONPOS_NEXT_OPEN,0.36364255614029845,0,0.0,C2,NONE
2020,SNX-USDT,2020-03-01 14:00:00+00:00,2020-03-02 15:00:00+00:00,0.873098,0.830212,24697.69169874485,24697.69169874485,21563.50522679073,26.954381533488412,25.63040002574795,-1111.7699877516075,25.0,CHECKPOINT24_NONPOS_NEXT_OPEN,0.24937461038992922,0,0.0,C2,NONE
2020,CHR-USDT,2020-03-01 16:00:00+00:00,2020-03-08 16:00:00+00:00,0.018995,0.021577,1131480.0445994816,1131480.0445994816,21492.463447167156,26.865579308958946,30.517431152903768,2864.0984646939964,168.0,TERMINAL168,0.5502854947435406,0,0.0,C2,NONE
2020,NEO-USDT,2020-03-02 00:00:00+00:00,2020-03-09 00:00:00+00:00,11.3904,10.3185,1827.002139924554,1827.002139924554,20810.28517459664,26.0128564682458,23.56490197601439,-2007.941352229389,168.0,TERMINAL168,0.29256450908079434,0,0.0,C2,NONE
2020,ONE-USDT,2020-03-02 09:00:00+00:00,2020-03-09 09:00:00+00:00,0.004461,0.00411,4692885.905411747,4692885.905411747,20934.9640240418,26.16870503005225,24.10970133905285,-1697.481359168627,168.0,TERMINAL168,0.369000580278784,0,0.0,C2,NONE
2020,WIN-USDT,2020-03-02 09:00:00+00:00,2020-03-09 09:00:00+00:00,9.399e-05,8.76e-05,222685962.9443174,222685962.9443174,20930.253657136393,26.16281707142049,24.38411294240276,-1473.5102332280096,168.0,TERMINAL168,0.18757730171652603,0,0.0,C2,NONE
2020,KCS-USDT,2020-03-08 16:00:00+00:00,2020-03-09 17:00:00+00:00,1.41715,1.25628,14791.160504747266,14791.160504747266,20961.293109302587,26.201616386628235,23.22729889862987,-2428.8829056839495,25.0,CHECKPOINT24_NONPOS_NEXT_OPEN,0.4043967938741067,0,0.0,C2,NONE
2020,VSYS-USDT,2020-03-02 18:00:00+00:00,2020-03-09 18:00:00+00:00,0.04527,0.03413,457345.8586185663,457345.8586185663,20704.047019662496,25.88005877457812,19.511517693314588,-5140.22444147872,168.0,TERMINAL168,0.5378452937262018,0,0.0,C2,NONE
2020,COTI-USDT,2020-03-09 11:00:00+00:00,2020-03-10 12:00:00+00:00,0.032051,0.02864,614978.3816124297,614978.3816124297,19710.67210905999,24.638340136324988,22.016226061724982,-2144.345825878053,25.0,CHECKPOINT24_NONPOS_NEXT_OPEN,0.7745186038500811,0,0.0,C2,NONE
2020,CHR-USDT,2020-03-10 14:00:00+00:00,2020-03-11 15:00:00+00:00,0.024266,0.022074,779185.995946719,779185.995946719,18907.72737764308,23.634659222053852,21.499689593159843,-1753.1100519304214,25.0,CHECKPOINT24_NONPOS_NEXT_OPEN,0.8758646259777851,0,0.0,C2,NONE
2020,XRP-USDT,2020-03-12 00:00:00+00:00,2020-03-13 01:00:00+00:00,0.20817,0.13552,89319.54630313782,89319.54630313782,18593.6499539242,23.24206244240525,15.130731143751547,-6527.437832509119,25.0,CHECKPOINT24_NONPOS_NEXT_OPEN,0.2865870034232505,0,0.0,C2,NONE
2020,ETC-USDT,2020-03-12 01:00:00+00:00,2020-03-13 02:00:00+00:00,6.6041,3.9068,2807.123499326086,2807.123499326086,18538.524301899404,23.173155377374254,13.708587608958942,-7608.535957718584,25.0,CHECKPOINT24_NONPOS_NEXT_OPEN,0.320751126889166,0,0.0,C2,NONE
2020,SNX-USDT,2020-03-10 12:00:00+00:00,2020-03-13 13:00:00+00:00,0.732553,0.494311,25816.538289683023,25816.538289683023,18911.98257372217,23.639978217152713,15.951748573139383,-6190.175442000956,73.0,CHECKPOINT72_NONPOS_NEXT_OPEN,0.5841616181186062,0,0.0,C2,NONE
2020,XLM-USDT,2020-03-15 12:00:00+00:00,2020-03-16 13:00:00+00:00,0.038839,0.032756,384606.0893064583,384606.0893064583,14937.715902573535,18.67214487821692,15.747696326652935,-2373.978682456056,25.0,CHECKPOINT24_NONPOS_NEXT_OPEN,0.4895883035433578,0,0.0,C2,NONE
2020,WIN-USDT,2020-03-15 15:00:00+00:00,2020-03-16 16:00:00+00:00,6.702e-05,6.499e-05,221714571.41674092,221714571.41674092,14859.310576349979,18.574138220437472,18.011537495467493,-486.6662556918905,25.0,CHECKPOINT24_NONPOS_NEXT_OPEN,0.6102295098068508,0,0.0,C2,NONE
2020,SNX-USDT,2020-03-15 18:00:00+00:00,2020-03-16 19:00:00+00:00,0.464844,0.373657,32045.251308049166,32045.251308049166,14896.042799038805,18.62005349879851,14.96741558501466,-2955.6978001108905,25.0,CHECKPOINT24_NONPOS_NEXT_OPEN,0.6490054181691094,0,0.0,C2,NONE
2020,DAG-USDT,2020-03-15 23:00:00+00:00,2020-03-17 00:00:00+00:00,0.006955,0.004982,2136117.1279133037,2136117.1279133037,14856.694624637028,18.570868280796287,13.3026694140801,-4246.432631067825,25.0,CHECKPOINT24_NONPOS_NEXT_OPEN,1.1634736666326047,0,0.0,C2,NONE
2020,MTV-USDT,2020-03-15 22:00:00+00:00,2020-03-18 23:00:00+00:00,0.0002438,0.0002399,60339479.236750156,60339479.236750156,14710.765037919688,18.38845629739961,18.094301336120452,-271.8067266568459,73.0,CHECKPOINT72_NONPOS_NEXT_OPEN,1.1283535336237913,0,0.0,C2,NONE
2020,BTT-USDT,2020-03-16 17:00:00+00:00,2020-03-23 17:00:00+00:00,0.00019341,0.00021421,68622752.43633386,68622752.43633386,13272.326548711333,16.590408185889167,18.374599749233848,1392.3882427406209,168.0,TERMINAL168,0.7813934524885251,0,0.0,C2,NONE
2020,ETC-USDT,2020-03-16 17:00:00+00:00,2020-03-23 17:00:00+00:00,4.6429,4.889,2857.985370186279,2857.985370186279,13269.340275237875,16.586675344047343,17.465863093550897,669.2976611652444,168.0,TERMINAL168,0.7029707211197662,0,0.0,C2,NONE
2020,XRP-USDT,2020-03-16 20:00:00+00:00,2020-03-23 20:00:00+00:00,0.14399,0.15644,92720.1871950175,92720.1871950175,13350.779754210569,16.68847469276321,18.131432605985673,1119.5464232792192,168.0,TERMINAL168,0.6590973271040494,0,0.0,C2,NONE
2020,WIN-USDT,2020-03-17 17:00:00+00:00,2020-03-24 17:00:00+00:00,6.826e-05,7.028e-05,160013188.72477317,160013188.72477317,10922.500262353016,13.65312532794127,14.057158629471324,295.5163572666298,168.0,TERMINAL168,0.5650693899422438,0,0.0,C2,NONE
2020,SNX-USDT,2020-03-18 23:00:00+00:00,2020-03-25 23:00:00+00:00,0.457442,0.534089,28887.76359583836,28887.76359583836,13214.476354807492,16.518095443509363,19.285795963922144,2178.356524922792,168.0,TERMINAL168,0.6127116726474032,0,0.0,C2,NONE
2020,ETN-USDT,2020-03-26 00:00:00+00:00,2020-03-27 01:00:00+00:00,0.0022114,0.00222,6517250.4688467635,6517250.4688467635,14412.247686807734,18.015309608509668,18.08537005104977,19.94767437252255,25.0,CHECKPOINT24_NONPOS_NEXT_OPEN,0.4640484493589219,0,0.0,C2,NONE
2020,VSYS-USDT,2020-03-24 08:00:00+00:00,2020-03-27 09:00:00+00:00,0.02417,0.02392,573139.4596634319,573139.4596634319,13852.780740065149,17.315975925081435,17.136869843936612,-177.73771068487667,73.0,CHECKPOINT72_NONPOS_NEXT_OPEN,0.8663264995722197,0,0.0,C2,NONE
2020,MTV-USDT,2020-03-24 10:00:00+00:00,2020-03-27 11:00:00+00:00,0.0002353,0.000224,59746125.62689707,59746125.62689707,14058.26336000888,17.5728292000111,16.728915175531178,-709.4329639594787,73.0,CHECKPOINT72_NONPOS_NEXT_OPEN,0.494812743917331,0,0.0,C2,NONE
2020,DAG-USDT,2020-03-27 04:00:00+00:00,2020-03-28 05:00:00+00:00,0.008441,0.007353,1725371.8243163384,1725371.8243163384,14563.863569054214,18.204829461317768,15.858323780247545,-1911.2676980977437,25.0,CHECKPOINT24_NONPOS_NEXT_OPEN,0.5906842153953173,0,0.0,C2,NONE
2020,BTC-USDT,2020-03-27 09:00:00+00:00,2020-03-28 10:00:00+00:00,6700.2,6257.5,2.126712177338004,2.126712177338004,14249.396930600094,17.811746163250117,16.634876812115703,-975.9421038828992,25.0,CHECKPOINT24_NONPOS_NEXT_OPEN,0.2945971956791418,0,0.0,C2,NONE
2020,ONE-USDT,2020-03-27 12:00:00+00:00,2020-03-28 13:00:00+00:00,0.002317,0.002084,5849348.200351753,5849348.200351753,13552.939780215012,16.941174725268766,15.237552061916318,-1395.076857469144,25.0,CHECKPOINT24_NONPOS_NEXT_OPEN,0.5241250166822022,0,0.0,C2,NONE
2020,WIN-USDT,2020-03-28 07:00:00+00:00,2020-03-29 08:00:00+00:00,8.659e-05,7.752e-05,150114431.33745578,150114431.33745578,12998.408609510296,16.24801076188787,14.546088396599467,-1392.33199138921,25.0,CHECKPOINT24_NONPOS_NEXT_OPEN,0.5687289011868781,0,0.0,C2,NONE
2020,XRP-USDT,2020-03-28 18:00:00+00:00,2020-03-29 19:00:00+00:00,0.1742,0.17162,74603.92536549675,74603.92536549675,12996.003798669533,16.245004748336918,16.00440708903319,-224.72753928035254,25.0,CHECKPOINT24_NONPOS_NEXT_OPEN,0.3690845264380578,0,0.0,C2,NONE
2020,SNX-USDT,2020-03-28 20:00:00+00:00,2020-03-29 21:00:00+00:00,0.552616,0.541969,23205.527164638846,23205.527164638846,12823.745599614062,16.029681999517578,15.72084543986519,-278.81977516129183,25.0,CHECKPOINT24_NONPOS_NEXT_OPEN,0.38954022610169314,0,0.0,C2,NONE
2020,ONT-USDT,2020-03-24 07:00:00+00:00,2020-03-31 07:00:00+00:00,0.37087,0.3646,37343.148180471166,37343.148180471166,13849.45336569134,17.311816707114176,17.01913978324973,-268.4724955819193,168.0,TERMINAL168,0.32206563210790146,0,0.0,C2,NONE
2020,VET-USDT,2020-03-24 18:00:00+00:00,2020-03-31 18:00:00+00:00,0.0028874,0.0031307,4598074.529821766,4598074.529821766,13276.480397407366,16.595600496759207,17.993989913141256,1084.121942695737,168.0,TERMINAL168,0.3760939342206121,0,0.0,C2,NONE
2020,COTI-USDT,2020-03-31 02:00:00+00:00,2020-04-01 03:00:00+00:00,0.017353,0.016359,669463.0264172525,669463.0264172525,11617.191897418583,14.521489871773229,13.689682061449792,-693.6574201919727,25.0,CHECKPOINT24_NONPOS_NEXT_OPEN,0.6336497010396349,0,0.0,C2,NONE
2020,DASH-USDT,2020-03-31 07:00:00+00:00,2020-04-01 08:00:00+00:00,64.94,64.26,195.54969291509528,195.54969291509528,12698.997057906286,15.873746322382859,15.70752908340503,-164.55506658805098,25.0,CHECKPOINT24_NONPOS_NEXT_OPEN,0.3392942061286086,0,0.0,C2,NONE
2020,ETN-USDT,2020-03-31 19:00:00+00:00,2020-04-01 20:00:00+00:00,0.0020234,0.0019705,6339696.26307939,6339696.26307939,12827.741418714837,16.034676773393546,15.615464357997423,-367.02007344828945,25.0,CHECKPOINT24_NONPOS_NEXT_OPEN,0.36790378494423037,0,0.0,C2,NONE
2020,SNX-USDT,2020-03-29 23:00:00+00:00,2020-04-02 00:00:00+00:00,0.621945,0.594841,20191.562165536357,20191.562165536357,12558.041131044509,15.697551413805636,15.013461287637265,-577.9831136361398,73.0,CHECKPOINT72_NONPOS_NEXT_OPEN,0.43188619773276826,0,0.0,C2,NONE
2020,AVA-USDT,2020-04-02 00:00:00+00:00,2020-04-05 01:00:00+00:00,0.130274,0.126808,95078.93453226407,95078.93453226407,12386.31311725617,15.482891396570212,15.07096191270918,-360.0974403981062,73.0,CHECKPOINT72_NONPOS_NEXT_OPEN,0.42711149307362,0,0.0,C2,NONE
2020,MTV-USDT,2020-03-30 07:00:00+00:00,2020-04-06 07:00:00+00:00,0.0002294,0.0002452,55743243.00051614,55743243.00051614,12787.499944318402,15.984374930398003,17.085303979658196,847.673560498099,168.0,TERMINAL168,0.3944688620401268,0,0.0,C2,NONE
2020,COTI-USDT,2020-04-05 01:00:00+00:00,2020-04-08 02:00:00+00:00,0.020023,0.01937,592200.564570439,592200.564570439,11857.6319043939,14.822039880492376,14.338656169661753,-415.86766471465137,73.0,CHECKPOINT72_NONPOS_NEXT_OPEN,0.3634945280876953,0,0.0,C2,NONE
2020,CHR-USDT,2020-04-01 03:00:00+00:00,2020-04-08 03:00:00+00:00,0.01322,0.014869,963500.8719739142,963500.8719739142,12737.481527495147,15.921851909368934,17.907868081725166,1554.9832178938902,168.0,TERMINAL168,0.4891357107133557,0,0.0,C2,NONE
2020,NEO-USDT,2020-04-01 08:00:00+00:00,2020-04-08 08:00:00+00:00,6.6939,7.8306,1908.2891784169663,1908.2891784169663,12773.89693140533,15.967371164256663,18.678811550639868,2134.506126391668,168.0,TERMINAL168,0.23796681406512835,0,0.0,C2,NONE
2020,KCS-USDT,2020-04-01 21:00:00+00:00,2020-04-08 21:00:00+00:00,0.91594,1.0018,13577.133455256371,13577.133455256371,12435.839617007521,15.544799521259401,17.00196536934479,1133.1859135777077,168.0,TERMINAL168,0.26106085238235044,0,0.0,C2,NONE
2020,SNX-USDT,2020-04-08 04:00:00+00:00,2020-04-09 05:00:00+00:00,0.775957,0.733133,15734.122268446958,15734.122268446958,12209.002313057295,15.26125289132162,14.419005326291655,-703.478310241584,25.0,CHECKPOINT24_NONPOS_NEXT_OPEN,0.5226355216196218,0,0.0,C2,NONE
2020,ARPA-USDT,2020-04-06 11:00:00+00:00,2020-04-09 12:00:00+00:00,0.007864,0.007718,1700870.8548648478,1700870.8548648478,13375.648402657163,16.719560503321453,16.40915157230862,-281.4558568858979,73.0,CHECKPOINT72_NONPOS_NEXT_OPEN,0.2814411032854169,0,0.0,C2,NONE
2020,MTV-USDT,2020-04-08 21:00:00+00:00,2020-04-09 22:00:00+00:00,0.0002562,0.0002388,52284719.954523064,52284719.954523064,13395.345252348809,16.744181565436012,15.606988906425135,-942.1052976805613,25.0,CHECKPOINT24_NONPOS_NEXT_OPEN,0.342733963595158,0,0.0,C2,NONE
2020,KCS-USDT,2020-04-09 05:00:00+00:00,2020-04-10 06:00:00+00:00,1.00574,0.97429,13099.818606037526,13099.818606037526,13175.011564836183,16.46876445604523,15.953777837095377,-444.4118374530219,25.0,CHECKPOINT24_NONPOS_NEXT_OPEN,0.31263783214487373,0,0.0,C2,NONE
2020,XLM-USDT,2020-04-09 12:00:00+00:00,2020-04-10 13:00:00+00:00,0.050049,0.04766,263489.0877785735,263489.0877785735,13187.365354229827,16.484206692787286,15.697362404408516,-661.6569998002102,25.0,CHECKPOINT24_NONPOS_NEXT_OPEN,0.29632590308411844,0,0.0,C2,NONE
2020,DAG-USDT,2020-04-09 22:00:00+00:00,2020-04-10 23:00:00+00:00,0.006709,0.006331,1858147.2352298042,1858147.2352298042,12466.309801156756,15.582887251445946,14.704912682799863,-732.6674548511114,25.0,CHECKPOINT24_NONPOS_NEXT_OPEN,0.610220174043179,0,0.0,C2,NONE
2020,VET-USDT,2020-04-08 04:00:00+00:00,2020-04-11 05:00:00+00:00,0.0038692,0.003703,3496359.313320629,3496359.313320629,13528.113455100178,16.91014181887522,16.183773171532863,-614.1888328642964,73.0,CHECKPOINT72_NONPOS_NEXT_OPEN,0.5397225556708245,0,0.0,C2,NONE
2020,DASH-USDT,2020-04-10 06:00:00+00:00,2020-04-11 07:00:00+00:00,79.93,75.6,161.02956311437345,161.02956311437345,12871.092979731871,16.08886622466484,15.217293714308289,-728.5641682242132,25.0,CHECKPOINT24_NONPOS_NEXT_OPEN,0.5419209396939049,0,0.0,C2,NONE
2020,NEO-USDT,2020-04-08 09:00:00+00:00,2020-04-11 10:00:00+00:00,7.838,7.4242,1719.65910400361,1719.65910400361,13478.688057180296,16.84836007147537,15.958866399929503,-744.4021637080989,73.0,CHECKPOINT72_NONPOS_NEXT_OPEN,0.48324021183099397,0,0.0,C2,NONE
2020,CHR-USDT,2020-04-11 02:00:00+00:00,2020-04-12 03:00:00+00:00,0.02085,0.017907,594907.1156083136,594907.1156083136,12403.81336043334,15.504766700541674,13.31625214899759,-1779.6326600848076,25.0,CHECKPOINT24_NONPOS_NEXT_OPEN,1.2334752965866491,0,0.0,C2,NONE
2020,ATOM-USDT,2020-04-11 03:00:00+00:00,2020-04-12 04:00:00+00:00,2.3638,2.2702,5136.239009191684,5136.239009191684,12141.041769927302,15.176302212409128,14.575362248333702,-510.5036357210836,25.0,CHECKPOINT24_NONPOS_NEXT_OPEN,0.5001990965481609,0,0.0,C2,NONE
2020,DASH-USDT,2020-04-11 13:00:00+00:00,2020-04-12 14:00:00+00:00,75.43,75.24,165.11545431099987,165.11545431099987,12454.65871867872,15.5683233983484,15.529108477949537,-62.46936819538824,25.0,CHECKPOINT24_NONPOS_NEXT_OPEN,0.32463990882735994,0,0.0,C2,NONE
2020,MTV-USDT,2020-04-12 12:00:00+00:00,2020-04-13 13:00:00+00:00,0.0002436,0.0002109,49376153.97440517,49376153.97440517,12028.0311081651,15.035038885206376,13.016788591502564,-1642.6520624397579,25.0,CHECKPOINT24_NONPOS_NEXT_OPEN,0.2785707566443742,0,0.0,C2,NONE
2020,XLM-USDT,2020-04-12 13:00:00+00:00,2020-04-13 14:00:00+00:00,0.049218,0.047489,244304.72938452975,244304.72938452975,12024.190170847785,15.030237713559732,14.502234117177418,-451.93534893658824,25.0,CHECKPOINT24_NONPOS_NEXT_OPEN,0.27013770964053313,0,0.0,C2,NONE
2020,SNX-USDT,2020-04-13 03:00:00+00:00,2020-04-16 04:00:00+00:00,0.688261,0.677624,17057.896396432374,17057.896396432374,11740.284831704943,14.675356039631179,14.448549984670114,-210.56874999315255,73.0,CHECKPOINT72_NONPOS_NEXT_OPEN,0.45943156859963996,0,0.0,C2,NONE
2020,TEL-USDT,2020-04-13 12:00:00+00:00,2020-04-20 12:00:00+00:00,0.00011316,0.00012666,103419129.38821796,103419129.38821796,11702.908681570743,14.628635851963429,16.37383366038961,1365.1557772285912,168.0,TERMINAL168,0.48163107377441383,0,0.0,C2,NONE
2020,BNB-USDT,2020-04-13 12:00:00+00:00,2020-04-20 12:00:00+00:00,14.561,16.033,803.5351642824935,803.5351642824935,11700.275527117388,14.625344408896735,16.103849111176523,1152.0745683037571,168.0,TERMINAL168,0.4488521915632694,0,0.0,C2,NONE
2020,DAG-USDT,2020-04-13 17:00:00+00:00,2020-04-20 17:00:00+00:00,0.006439,0.00794,1807682.912466102,1807682.912466102,11639.670273369231,14.549587841711539,17.94125290622606,2680.8412108636808,168.0,TERMINAL168,0.3823941144124133,0,0.0,C2,NONE
2020,XRP-USDT,2020-04-13 18:00:00+00:00,2020-04-20 18:00:00+00:00,0.18613,0.18859,61924.78906719036,61924.78906719036,11526.06098907614,14.407576236345177,14.597994962726789,123.3294099062184,168.0,TERMINAL168,0.2883967545316765,0,0.0,C2,NONE
2020,ZEC-USDT,2020-04-20 14:00:00+00:00,2020-04-21 15:00:00+00:00,46.467,41.715,270.51827308979125,270.51827308979125,12570.17259566333,15.712715744579164,14.105837202425803,-1315.3213866696935,25.0,CHECKPOINT24_NONPOS_NEXT_OPEN,0.503947244699147,0,0.0,C2,NONE
2020,ADA-USDT,2020-04-20 17:00:00+00:00,2020-04-21 18:00:00+00:00,0.035982,0.034558,351612.5038271369,351612.5038271369,12651.721112708039,15.814651390885048,15.188781134072745,-531.6996379748014,25.0,CHECKPOINT24_NONPOS_NEXT_OPEN,0.3171012537581678,0,0.0,C2,NONE
2020,WIN-USDT,2020-04-20 18:00:00+00:00,2020-04-21 19:00:00+00:00,8.696e-05,8.488e-05,145496622.08650097,145496622.08650097,12652.386256642123,15.815482820802654,15.437191603377753,-333.8856483641011,25.0,CHECKPOINT24_NONPOS_NEXT_OPEN,0.19241676593519882,0,0.0,C2,NONE
2020,ARPA-USDT,2020-04-16 04:00:00+00:00,2020-04-23 04:00:00+00:00,0.007301,0.009296,1566434.8754638894,1566434.8754638894,11436.541025761857,14.295676282202322,18.201973252890397,3092.539927015367,168.0,TERMINAL168,0.21992612381831161,0,0.0,C2,NONE
2020,TEL-USDT,2020-04-20 12:00:00+00:00,2020-04-27 12:00:00+00:00,0.00012666,0.00027405,101584022.1456292,101584022.1456292,12866.632244965394,16.08329030620674,34.798876586262104,14921.586857151819,168.0,TERMINAL168,0.4361247378902121,0,0.0,C2,NONE
2020,COTI-USDT,2020-04-27 12:00:00+00:00,2020-04-28 13:00:00+00:00,0.023368,0.023191,700282.5339019808,700282.5339019808,16364.202252221488,20.45525281527686,20.300315304651047,-164.70557662057905,25.0,CHECKPOINT24_NONPOS_NEXT_OPEN,0.49584992789962984,0,0.0,C2,NONE
2020,XLM-USDT,2020-04-21 16:00:00+00:00,2020-04-28 16:00:00+00:00,0.050232,0.067504,237688.94605359706,237688.94605359706,11939.591138164287,14.92448892270536,20.05619326800252,4070.38279404702,168.0,TERMINAL168,0.3871652279556968,0,0.0,C2,NONE
2020,ETN-USDT,2020-04-21 18:00:00+00:00,2020-04-28 18:00:00+00:00,0.002132,0.0024824,5602485.275248056,5602485.275248056,11944.498606828856,14.930623258536071,17.38451180909472,1930.7957053792888,168.0,TERMINAL168,0.4021022380597168,0,0.0,C2,NONE
2020,ZEC-USDT,2020-04-21 19:00:00+00:00,2020-04-28 19:00:00+00:00,42.862,44.117,283.81414487091814,283.81414487091814,12164.841877457293,15.206052346821616,15.651285786587868,325.32941367959256,168.0,TERMINAL168,0.4366225811492399,0,0.0,C2,NONE
2020,XRP-USDT,2020-04-23 13:00:00+00:00,2020-04-30 13:00:00+00:00,0.18975,0.21749,73182.71859333341,73182.71859333341,13886.420853085016,17.35802606635627,19.895636833580106,1992.8349508791314,168.0,TERMINAL168,0.25434494566462884,0,0.0,C2,NONE
2020,COTI-USDT,2020-04-30 15:00:00+00:00,2020-05-01 16:00:00+00:00,0.0228,0.022249,733156.7878135473,733156.7878135473,16715.97476214888,20.894968452686097,20.39000671507952,-445.2543652530291,25.0,CHECKPOINT24_NONPOS_NEXT_OPEN,0.5021863823316725,0,0.0,C2,NONE
2020,TEL-USDT,2020-05-01 16:00:00+00:00,2020-05-02 17:00:00+00:00,0.00034582,0.000321,46963413.14532404,46963413.14532404,16240.887533915957,20.301109417394947,18.84406952456127,-1204.777093208898,25.0,CHECKPOINT24_NONPOS_NEXT_OPEN,1.165767799139067,0,0.0,C2,NONE
2020,ETN-USDT,2020-05-02 18:00:00+00:00,2020-05-03 19:00:00+00:00,0.0036516,0.0034166,4044520.1244716346,4044520.1244716346,14768.96968652062,18.461212108150775,17.273134321587232,-986.1965756805719,25.0,CHECKPOINT24_NONPOS_NEXT_OPEN,0.6132872466695418,0,0.0,C2,NONE
2020,DAG-USDT,2020-04-28 15:00:00+00:00,2020-05-05 15:00:00+00:00,0.012201,0.014708,1377390.1923126308,1377390.1923126308,16805.537736406408,21.00692217050801,25.32331868566772,3406.786971271591,168.0,TERMINAL168,0.5940295601847969,0,0.0,C2,NONE
2020,VSYS-USDT,2020-04-28 16:00:00+00:00,2020-05-05 16:00:00+00:00,0.02501,0.02548,670682.4266204024,670682.4266204024,16773.767489776263,20.967209362220327,21.361235287859813,272.89229586150765,168.0,TERMINAL168,0.2744984215568164,0,0.0,C2,NONE
2020,SNX-USDT,2020-04-28 18:00:00+00:00,2020-05-05 18:00:00+00:00,0.742501,0.831886,22725.409415320955,22725.409415320955,16873.639216285224,21.09204902035653,23.631187421092108,1986.5874841470138,168.0,TERMINAL168,0.5862241097546217,0,0.0,C2,NONE
2020,ETC-USDT,2020-04-28 19:00:00+00:00,2020-05-05 19:00:00+00:00,6.0677,7.1997,2787.987262058314,2787.987262058314,16916.670309991234,21.145837887489044,25.090839863301557,3109.764902899222,168.0,TERMINAL168,0.1908747624096502,0,0.0,C2,NONE
2020,MTV-USDT,2020-05-05 20:00:00+00:00,2020-05-06 21:00:00+00:00,0.0001961,0.000178,92533901.57569595,92533901.57569595,18145.898098993974,22.682372623742467,20.588793100592348,-1718.1347842444304,25.0,CHECKPOINT24_NONPOS_NEXT_OPEN,0.645270304334668,0,0.0,C2,NONE
2020,BTT-USDT,2020-05-05 23:00:00+00:00,2020-05-07 00:00:00+00:00,0.000296,0.00029257,61624422.94189449,61624422.94189449,18240.829190800767,22.80103648850096,22.536821775137593,-256.70962895433223,25.0,CHECKPOINT24_NONPOS_NEXT_OPEN,0.3019230827072255,0,0.0,C2,NONE
2020,TEL-USDT,2020-05-06 01:00:00+00:00,2020-05-07 02:00:00+00:00,0.000306,0.00028237,60128418.79209684,60128418.79209684,18399.296150381633,22.99912018797704,21.22307701790548,-1465.056733263132,25.0,CHECKPOINT24_NONPOS_NEXT_OPEN,0.6000102503300897,0,0.0,C2,NONE
2020,MTV-USDT,2020-05-07 01:00:00+00:00,2020-05-10 02:00:00+00:00,0.0001868,0.000163,93641638.57317448,93641638.57317448,17492.25808546899,21.86532260683624,19.079483859284302,-2269.6158045076713,73.0,CHECKPOINT72_NONPOS_NEXT_OPEN,0.5547645287814987,0,0.0,C2,NONE
2020,DAG-USDT,2020-05-07 02:00:00+00:00,2020-05-10 03:00:00+00:00,0.016057,0.010391,1092586.4337248919,1092586.4337248919,17543.660366320586,21.929575457900732,14.19133204104419,-6226.71564098418,73.0,CHECKPOINT72_NONPOS_NEXT_OPEN,0.6570704480307803,0,0.0,C2,NONE
2020,CHR-USDT,2020-05-03 21:00:00+00:00,2020-05-10 21:00:00+00:00,0.024168,0.01941,582273.8934936502,582273.8934936502,14072.395457954539,17.590494322443174,14.127420340889689,-2802.1770999061205,168.0,TERMINAL168,0.3901424909952643,0,0.0,C2,NONE
2020,ONT-USDT,2020-05-10 15:00:00+00:00,2020-05-11 16:00:00+00:00,0.47234,0.45237,29169.524014111186,29169.524014111186,13777.932972825278,17.222416216031597,16.494271972829345,-616.2320827506612,25.0,CHECKPOINT24_NONPOS_NEXT_OPEN,0.4602166917945493,0,0.0,C2,NONE
2020,BTC-USDT,2020-05-05 15:00:00+00:00,2020-05-12 15:00:00+00:00,8918.7,8730.4,2.0265166579107725,2.0265166579107725,18073.894116908807,22.592367646136008,22.11537628778026,-426.3008306185155,168.0,TERMINAL168,0.253169458446735,0,0.0,C2,NONE
2020,ARPA-USDT,2020-05-10 10:00:00+00:00,2020-05-13 11:00:00+00:00,0.011703,0.011076,1314554.7273058775,1314554.7273058775,15384.233973660683,19.230292467075852,18.200010199549876,-861.6561166874089,73.0,CHECKPOINT72_NONPOS_NEXT_OPEN,0.20016337339712706,0,0.0,C2,NONE
2020,SNX-USDT,2020-05-06 22:00:00+00:00,2020-05-13 22:00:00+00:00,0.8505,0.819941,21364.99485323913,21364.99485323913,18170.92812267988,22.713660153349853,21.897544056199685,-697.5040819296822,168.0,TERMINAL168,0.4096094966668903,0,0.0,C2,NONE
2020,ONE-USDT,2020-05-10 22:00:00+00:00,2020-05-17 22:00:00+00:00,0.00255,0.003437,4513273.784149131,4513273.784149131,11508.848149580284,14.386060186975357,19.390152495150705,3969.497633858152,168.0,TERMINAL168,0.5233016819387766,0,0.0,C2,NONE
2020,MTV-USDT,2020-05-12 00:00:00+00:00,2020-05-19 00:00:00+00:00,0.0001837,0.0001979,71816356.31079927,71816356.31079927,13192.664654293825,16.49083081786728,17.765571142383973,985.535857653101,168.0,TERMINAL168,0.3896433438061182,0,0.0,C2,NONE
2020,NEO-USDT,2020-05-19 00:00:00+00:00,2020-05-20 01:00:00+00:00,10.2715,10.3321,1362.2238784254628,1362.2238784254628,13992.08256724714,17.490103209058926,17.593291667849655,47.467372155675605,25.0,CHECKPOINT24_NONPOS_NEXT_OPEN,0.28603268100186485,0,0.0,C2,NONE
2020,COTI-USDT,2020-05-13 02:00:00+00:00,2020-05-20 02:00:00+00:00,0.01853,0.020331,814020.6038386705,814020.6038386705,15083.801789130566,18.85475223641321,20.68731612080501,1426.5090391562255,168.0,TERMINAL168,0.3355594080368039,0,0.0,C2,NONE
2020,ALGO-USDT,2020-05-13 14:00:00+00:00,2020-05-20 14:00:00+00:00,0.1944,0.2109,77454.0557467371,77454.0557467371,15057.06843716569,18.821335546457114,20.41882544623357,1238.751758828474,168.0,TERMINAL168,0.3240061892954753,0,0.0,C2,NONE
2020,MTV-USDT,2020-05-20 01:00:00+00:00,2020-05-21 02:00:00+00:00,0.0002066,0.0001974,69689921.41430601,69689921.41430601,14397.937764195623,17.99742220524453,17.19598810898001,-676.3406873258407,25.0,CHECKPOINT24_NONPOS_NEXT_OPEN,0.5258894416951982,0,0.0,C2,NONE
2020,DAG-USDT,2020-05-20 02:00:00+00:00,2020-05-21 03:00:00+00:00,0.009755,0.008678,1693514.6964324748,1693514.6964324748,16520.235863698792,20.65029482962349,18.37040066955127,-1862.9360235569507,25.0,CHECKPOINT24_NONPOS_NEXT_OPEN,0.5122077132477998,0,0.0,C2,NONE
2020,ETN-USDT,2020-05-14 03:00:00+00:00,2020-05-21 03:00:00+00:00,0.0051025,0.0067315,2970209.8640706674,2970209.8640706674,15155.495831420581,18.944369789275726,24.99245962498962,4794.535039156849,168.0,TERMINAL168,1.1163722595564987,0,0.0,C2,NONE
2020,WIN-USDT,2020-05-20 14:00:00+00:00,2020-05-21 15:00:00+00:00,7.527e-05,7.287e-05,216412551.0789015,216412551.0789015,16289.372719708917,20.36171589963615,19.71247824639944,-559.4643167354016,25.0,CHECKPOINT24_NONPOS_NEXT_OPEN,0.2751530364714018,0,0.0,C2,NONE
2020,VET-USDT,2020-05-21 02:00:00+00:00,2020-05-22 03:00:00+00:00,0.0045423,0.0042507,3125210.029347761,3125210.029347761,14195.641516306336,17.74455189538292,16.60541283968566,-945.6612092928766,25.0,CHECKPOINT24_NONPOS_NEXT_OPEN,0.38181623310682533,0,0.0,C2,NONE
2020,ONE-USDT,2020-05-21 06:00:00+00:00,2020-05-22 07:00:00+00:00,0.003419,0.003266,4894616.412173279,4894616.412173279,16734.69351322044,20.91836689152555,19.982271502697408,-789.776949456738,25.0,CHECKPOINT24_NONPOS_NEXT_OPEN,0.49624633934428575,0,0.0,C2,NONE
2020,KSM-USDT,2020-05-22 04:00:00+00:00,2020-05-23 05:00:00+00:00,5.8742,5.7264,2787.6581280444284,2787.6581280444284,16375.261375758582,20.46907671969823,19.95405688054202,-452.43900492520777,25.0,CHECKPOINT24_NONPOS_NEXT_OPEN,0.7789641039844857,0,0.0,C2,NONE
2020,AVA-USDT,2020-05-21 05:00:00+00:00,2020-05-24 06:00:00+00:00,0.375092,0.330103,44644.4798619258,44644.4798619258,16745.78724036947,20.93223405046184,18.421595919826615,-2047.8643344784684,73.0,CHECKPOINT72_NONPOS_NEXT_OPEN,0.9600725817388029,0,0.0,C2,NONE
2020,XTZ-USDT,2020-05-17 23:00:00+00:00,2020-05-24 23:00:00+00:00,2.63914,2.73407,6825.601889745561,6825.601889745561,18013.718971303097,22.517148714128872,23.327091698370804,602.1101469810475,168.0,TERMINAL168,0.28685973397660525,0,0.0,C2,NONE
2020,NEO-USDT,2020-05-24 07:00:00+00:00,2020-05-25 08:00:00+00:00,10.2501,9.7671,1430.4444706405272,1430.4444706405272,14662.198868512467,18.327748585640585,17.464117736491367,-726.6965456415058,25.0,CHECKPOINT24_NONPOS_NEXT_OPEN,0.27066192170772185,0,0.0,C2,NONE
2020,ONT-USDT,2020-05-22 08:00:00+00:00,2020-05-25 09:00:00+00:00,0.48354,0.48048,33988.063617631306,33988.063617631306,16434.588281669443,20.543235352086803,20.413231008749364,-144.95994103078917,73.0,CHECKPOINT72_NONPOS_NEXT_OPEN,0.20381865940091076,0,0.0,C2,NONE
2020,ADA-USDT,2020-05-22 09:00:00+00:00,2020-05-25 10:00:00+00:00,0.053235,0.052785,254412.98482492147,254412.98482492147,13543.675247154693,16.929594058943366,16.78648675497935,-148.20192398513728,73.0,CHECKPOINT72_NONPOS_NEXT_OPEN,0.36514534297355955,0,0.0,C2,NONE
2020,MTV-USDT,2020-05-25 09:00:00+00:00,2020-05-26 10:00:00+00:00,0.0002756,0.0002509,58074481.37281365,58074481.37281365,16005.327066347441,20.006658832934303,18.213609220548683,-1472.659957961978,25.0,CHECKPOINT24_NONPOS_NEXT_OPEN,0.8959939718694085,0,0.0,C2,NONE
2020,VET-USDT,2020-05-23 13:00:00+00:00,2020-05-30 13:00:00+00:00,0.0046012,0.005747,3489822.858639839,3489822.858639839,16057.372937173626,20.071716171467035,25.070014960753948,3953.4973002973106,168.0,TERMINAL168,0.34368172568648836,0,0.0,C2,NONE
2020,ETN-USDT,2020-05-30 19:00:00+00:00,2020-05-31 20:00:00+00:00,0.0088918,0.008554,1859137.28174239,1859137.28174239,16531.076881796984,20.66384610224623,19.878825385030506,-668.5592452598551,25.0,CHECKPOINT24_NONPOS_NEXT_OPEN,0.474279593392815,0,0.0,C2,NONE
2020,BTT-USDT,2020-05-24 23:00:00+00:00,2020-05-31 23:00:00+00:00,0.00027376,0.00030301,58077461.56537377,58077461.56537377,15899.285878136725,19.874107347670908,21.997564536154883,1656.8940789033552,168.0,TERMINAL168,0.2572921097159398,0,0.0,C2,NONE
2020,DAG-USDT,2020-05-25 08:00:00+00:00,2020-06-01 08:00:00+00:00,0.008775,0.008763,1792198.2621554206,1792198.2621554206,15726.539750413815,19.65817468801727,19.631291714084938,-60.79584554796553,168.0,TERMINAL168,0.44020072863643556,0,0.0,C2,NONE
2020,COTI-USDT,2020-05-25 10:00:00+00:00,2020-06-01 10:00:00+00:00,0.022367,0.020926,665880.8703288194,665880.8703288194,14893.757426644705,18.617196783305882,17.417778865626094,-995.5693097927613,168.0,TERMINAL168,0.6431802946830942,0,0.0,C2,NONE
2020,ONE-USDT,2020-05-26 15:00:00+00:00,2020-06-02 15:00:00+00:00,0.003757,0.003871,3863046.6105910866,3863046.6105910866,14513.466115990712,18.14183264498839,18.69231678699762,403.5531641753975,168.0,TERMINAL168,0.4573706621734449,0,0.0,C2,NONE
2020,VET-USDT,2020-06-02 19:00:00+00:00,2020-06-03 20:00:00+00:00,0.007183,0.0070402,2211496.310930794,2211496.310930794,15885.178001415894,19.85647250176987,19.461720410268722,-355.1198661129568,25.0,CHECKPOINT24_NONPOS_NEXT_OPEN,0.693089163927034,0,0.0,C2,NONE
2020,VSYS-USDT,2020-05-31 20:00:00+00:00,2020-06-03 21:00:00+00:00,0.02452,0.02408,666026.153094979,666026.153094979,16330.961273888885,20.413701592361107,20.04738720815887,-333.5125961623098,73.0,CHECKPOINT72_NONPOS_NEXT_OPEN,0.160580723184051,0,0.0,C2,NONE
2020,ALGO-USDT,2020-06-01 11:00:00+00:00,2020-06-04 12:00:00+00:00,0.2454,0.2434,66551.77401402286,66551.77401402286,16331.805343041211,20.414756678801513,20.248377243766456,-173.76668195061592,73.0,CHECKPOINT72_NONPOS_NEXT_OPEN,0.6111595826643701,0,0.0,C2,NONE
2020,AVA-USDT,2020-06-03 21:00:00+00:00,2020-06-04 22:00:00+00:00,0.37051,0.36344,43169.46572016727,43169.46572016727,15994.718743979174,19.99339842997397,19.61188827667199,-344.813409348229,25.0,CHECKPOINT24_NONPOS_NEXT_OPEN,0.4374789776703019,0,0.0,C2,NONE
2020,XLM-USDT,2020-06-04 13:00:00+00:00,2020-06-05 14:00:00+00:00,0.083001,0.081388,193456.334729991,193456.334729991,16057.069238923985,20.07133654865498,19.681280213755635,-351.79768468188706,25.0,CHECKPOINT24_NONPOS_NEXT_OPEN,0.46635295691603357,0,0.0,C2,NONE
2020,LTC-USDT,2020-06-05 00:00:00+00:00,2020-06-06 01:00:00+00:00,47.461,46.828,327.82779445088636,327.82779445088636,15559.034952433518,19.448793690541898,19.189399948182633,-246.15318752613555,25.0,CHECKPOINT24_NONPOS_NEXT_OPEN,0.27668466663293045,0,0.0,C2,NONE
2020,SNX-USDT,2020-06-01 00:00:00+00:00,2020-06-08 00:00:00+00:00,0.790085,0.897142,20398.884611277066,20398.884611277066,16116.852748100842,20.146065935126053,22.87587017241291,2140.8214537219474,168.0,TERMINAL168,0.42800839968362636,0,0.0,C2,NONE
2020,ADA-USDT,2020-06-01 08:00:00+00:00,2020-06-08 08:00:00+00:00,0.078654,0.086104,211355.50385327212,211355.50385327212,16623.955800075266,20.77994475009408,22.748192879727682,1531.0703660770569,168.0,TERMINAL168,0.7064616903780315,0,0.0,C2,NONE
2020,BTT-USDT,2020-06-05 14:00:00+00:00,2020-06-08 15:00:00+00:00,0.00032242,0.00032022,48823914.57297633,48823914.57297633,15741.806536619028,19.677258170773786,19.5429924056981,-146.63286263701883,73.0,CHECKPOINT72_NONPOS_NEXT_OPEN,0.22659865722651476,0,0.0,C2,NONE
2020,TEL-USDT,2020-06-08 00:00:00+00:00,2020-06-09 01:00:00+00:00,0.00030971,0.00029997,54321689.92469457,54321689.92469457,16823.970586577154,21.029963233221444,20.368596658388288,-570.4918197581337,25.0,CHECKPOINT24_NONPOS_NEXT_OPEN,0.5237531729856686,0,0.0,C2,NONE
2020,VSYS-USDT,2020-06-08 15:00:00+00:00,2020-06-09 16:00:00+00:00,0.02509,0.02488,664565.013362295,664565.013362295,16673.936185259983,20.84242023157498,20.667971915567374,-181.0690449532272,25.0,CHECKPOINT24_NONPOS_NEXT_OPEN,0.2907461696011502,0,0.0,C2,NONE
2020,TRX-USDT,2020-06-09 01:00:00+00:00,2020-06-10 02:00:00+00:00,0.017961,0.017508,929869.8189980268,929869.8189980268,16701.39181902356,20.876739773779452,20.350200988771814,-462.45796876865955,25.0,CHECKPOINT24_NONPOS_NEXT_OPEN,0.20447896110442104,0,0.0,C2,NONE
2020,VSYS-USDT,2020-06-09 16:00:00+00:00,2020-06-10 17:00:00+00:00,0.02488,0.02469,663666.0490117278,663666.0490117278,16512.011299411788,20.640014124264734,20.482393437624452,-167.21895687411677,25.0,CHECKPOINT24_NONPOS_NEXT_OPEN,0.3741668428437547,0,0.0,C2,NONE
2020,BTC-USDT,2020-06-03 20:00:00+00:00,2020-06-10 20:00:00+00:00,9596.1,9823.2,1.6007689812524932,1.6007689812524932,15361.13922099705,19.201424026246315,19.655842320799366,324.6773692953959,168.0,TERMINAL168,0.2599314060762049,0,0.0,C2,NONE
2020,AVA-USDT,2020-06-10 02:00:00+00:00,2020-06-11 03:00:00+00:00,0.362714,0.326603,45540.44378648339,45540.44378648339,16518.156527570536,20.64769565946317,18.59205695249604,-1683.7507181856624,25.0,CHECKPOINT24_NONPOS_NEXT_OPEN,0.25463292614148325,0,0.0,C2,NONE
2020,ETH-USDT,2020-06-08 17:00:00+00:00,2020-06-11 18:00:00+00:00,242.97,226.38,68.6946419549521,68.6946419549521,16690.73715579471,20.86342144474339,19.43886630720257,-1179.9463977846015,73.0,CHECKPOINT72_NONPOS_NEXT_OPEN,0.21583012603680451,0,0.0,C2,NONE
2020,DAG-USDT,2020-06-10 18:00:00+00:00,2020-06-11 19:00:00+00:00,0.009696,0.008824,1701974.1328137938,1701974.1328137938,16502.341191762545,20.62792648970318,18.772774684936145,-1523.5221449882679,25.0,CHECKPOINT24_NONPOS_NEXT_OPEN,0.5123238324946622,0,0.0,C2,NONE
2020,XLM-USDT,2020-06-10 20:00:00+00:00,2020-06-11 21:00:00+00:00,0.07867,0.0717,207880.6015432081,207880.6015432081,16353.966923404181,20.442458654255226,18.631298913310026,-1488.0015503237269,25.0,CHECKPOINT24_NONPOS_NEXT_OPEN,0.2964335464116672,0,0.0,C2,NONE
2020,NEO-USDT,2020-06-11 03:00:00+00:00,2020-06-12 04:00:00+00:00,11.967,10.8063,1271.9772490602093,1271.9772490602093,15221.751739503525,19.027189674379407,17.181709683149176,-1512.5928923417137,25.0,CHECKPOINT24_NONPOS_NEXT_OPEN,0.17505998485458396,0,0.0,C2,NONE
2020,CHR-USDT,2020-06-11 19:00:00+00:00,2020-06-12 20:00:00+00:00,0.039547,0.034281,382564.4389056811,382564.4389056811,15129.27586540297,18.911594831753714,16.393364412657064,-2049.889294521728,25.0,CHECKPOINT24_NONPOS_NEXT_OPEN,1.0819304386162243,0,0.0,C2,NONE
2020,VET-USDT,2020-06-11 19:00:00+00:00,2020-06-12 20:00:00+00:00,0.0097507,0.0094824,1551260.0919250164,1551260.0919250164,15125.871778333256,18.90733972291657,18.38708586958722,-453.4975082559838,25.0,CHECKPOINT24_NONPOS_NEXT_OPEN,0.9777456079619027,0,0.0,C2,NONE
2020,ARPA-USDT,2020-06-11 22:00:00+00:00,2020-06-12 23:00:00+00:00,0.013391,0.012641,1118049.5770692932,1118049.5770692932,14971.801886534906,18.71475235816863,17.66658087966617,-874.9185160398055,25.0,CHECKPOINT24_NONPOS_NEXT_OPEN,0.42002042088580227,0,0.0,C2,NONE
2020,ONE-USDT,2020-06-06 04:00:00+00:00,2020-06-13 04:00:00+00:00,0.0037,0.003885,4154401.8094095746,4154401.8094095746,15371.286694815426,19.214108368519284,20.174813786945247,729.1754125853067,168.0,TERMINAL168,0.2538870412260753,0,0.0,C2,NONE
2020,VET-USDT,2020-06-12 21:00:00+00:00,2020-06-13 22:00:00+00:00,0.0095496,0.0094065,1527365.134759007,1527365.134759007,14585.726090894614,18.232157613618266,17.958950175138252,-254.7570585727702,25.0,CHECKPOINT24_NONPOS_NEXT_OPEN,0.5686357222758835,0,0.0,C2,NONE
2020,CHR-USDT,2020-06-13 09:00:00+00:00,2020-06-14 10:00:00+00:00,0.037158,0.034807,395631.37029520347,395631.37029520347,14700.87045742917,18.376088071786462,17.213426382331434,-965.7188660181407,25.0,CHECKPOINT24_NONPOS_NEXT_OPEN,0.6487182513814387,0,0.0,C2,NONE
2020,VET-USDT,2020-06-14 01:00:00+00:00,2020-06-15 02:00:00+00:00,0.0095763,0.0086637,1504604.7051822508,1504604.7051822508,14408.546038236787,18.010682547795984,16.294304730359332,-1407.4072412274759,25.0,CHECKPOINT24_NONPOS_NEXT_OPEN,0.3527266557764432,0,0.0,C2,NONE
2020,MTV-USDT,2020-06-14 02:00:00+00:00,2020-06-15 03:00:00+00:00,0.000472,0.0004403,30331417.448535193,30331417.448535193,14316.42903570861,17.895536294635765,16.69365387823756,-996.0951232914373,25.0,CHECKPOINT24_NONPOS_NEXT_OPEN,0.6520677868267117,0,0.0,C2,NONE
2020,ALGO-USDT,2020-06-14 17:00:00+00:00,2020-06-15 18:00:00+00:00,0.2394,0.2265,59316.089232145045,59316.089232145045,14200.271762175524,17.750339702719405,16.79386776385107,-799.7217585612404,25.0,CHECKPOINT24_NONPOS_NEXT_OPEN,0.33199330317430686,0,0.0,C2,NONE
2020,DAG-USDT,2020-06-14 18:00:00+00:00,2020-06-15 19:00:00+00:00,0.008851,0.008582,1596878.3505128345,1596878.3505128345,14133.970280389098,17.667462850486373,17.13051250512643,-464.35825164356623,25.0,CHECKPOINT24_NONPOS_NEXT_OPEN,0.31453436136007706,0,0.0,C2,NONE
2020,CHR-USDT,2020-06-15 04:00:00+00:00,2020-06-16 05:00:00+00:00,0.03722,0.036572,370023.415004876,370023.415004876,13772.271506481486,17.215339383101856,16.915620416947906,-273.9061327232102,25.0,CHECKPOINT24_NONPOS_NEXT_OPEN,0.5944681054551959,0,0.0,C2,NONE
2020,KSM-USDT,2020-06-15 04:00:00+00:00,2020-06-16 05:00:00+00:00,5.6177,5.4058,2304.1054998276177,2304.1054998276177,12943.773466381608,16.17971683297701,15.56941688871017,-519.9890891351589,25.0,CHECKPOINT24_NONPOS_NEXT_OPEN,0.29256405904561056,0,0.0,C2,NONE
2020,DAG-USDT,2020-06-16 08:00:00+00:00,2020-06-17 09:00:00+00:00,0.00873,0.008756,1437921.4775583213,1437921.4775583213,12553.054499084144,15.691318123855181,15.738050571875826,5.956589720785578,25.0,CHECKPOINT24_NONPOS_NEXT_OPEN,0.30896439675860454,0,0.0,C2,NONE
2020,COTI-USDT,2020-06-12 05:00:00+00:00,2020-06-19 05:00:00+00:00,0.023117,0.02322,628366.5673211466,628366.5673211466,14525.949936762945,18.15743742095368,18.23833961649628,28.325979396629034,168.0,TERMINAL168,0.5831004007167487,0,0.0,C2,NONE
2020,ALGO-USDT,2020-06-15 20:00:00+00:00,2020-06-22 20:00:00+00:00,0.2288,0.2374,58544.725154100845,58544.725154100845,13395.033115258273,16.74379139407284,17.373147189479425,469.367697741715,168.0,TERMINAL168,0.43689457617890287,0,0.0,C2,NONE
2020,AVA-USDT,2020-06-15 22:00:00+00:00,2020-06-22 22:00:00+00:00,0.329545,0.32375,40880.90721334898,40880.90721334898,13472.098567623088,16.840123209528862,16.543992137902165,-270.28897264878617,168.0,TERMINAL168,0.324856315948353,0,0.0,C2,NONE
2020,SNX-USDT,2020-06-16 06:00:00+00:00,2020-06-23 06:00:00+00:00,1.093632,1.565304,12489.019732860368,12489.019732860368,13658.391628487549,17.072989535609437,24.43639067990658,5849.2115352222,168.0,TERMINAL168,0.4770435727582417,0,0.0,C2,NONE
2020,ONE-USDT,2020-06-22 22:00:00+00:00,2020-06-23 23:00:00+00:00,0.005174,0.004871,2823938.097627964,2823938.097627964,14611.055717127085,18.263819646408855,17.194253091932268,-891.1113163196126,25.0,CHECKPOINT24_NONPOS_NEXT_OPEN,0.4221429280052478,0,0.0,C2,NONE
2020,COTI-USDT,2020-06-23 00:00:00+00:00,2020-06-24 01:00:00+00:00,0.027992,0.027107,456498.57743219374,456498.57743219374,12778.308179481966,15.972885224352458,15.467883673068096,-435.4420099249109,25.0,CHECKPOINT24_NONPOS_NEXT_OPEN,0.33528274561442967,0,0.0,C2,NONE
2020,TEL-USDT,2020-06-23 06:00:00+00:00,2020-06-24 07:00:00+00:00,0.00027511,0.00025601,52940164.141199544,52940164.141199544,14564.368556885407,18.20546069610676,16.94151427723562,-1046.3041100702558,25.0,CHECKPOINT24_NONPOS_NEXT_OPEN,0.271578354702164,0,0.0,C2,NONE
2020,ARPA-USDT,2020-06-17 09:00:00+00:00,2020-06-24 09:00:00+00:00,0.01323,0.013308,936063.6841008685,936063.6841008685,12384.12254065449,15.480153175818113,15.571419385017949,41.96139479903155,168.0,TERMINAL168,0.5212072354601985,0,0.0,C2,NONE
2020,CHR-USDT,2020-06-23 23:00:00+00:00,2020-06-25 00:00:00+00:00,0.032624,0.029692,437743.55818822625,437743.55818822625,14280.945842332694,17.85118230291587,16.246852162156017,-1317.5621470729525,25.0,CHECKPOINT24_NONPOS_NEXT_OPEN,0.40608982199027116,0,0.0,C2,NONE
2020,NEO-USDT,2020-06-24 01:00:00+00:00,2020-06-25 02:00:00+00:00,10.9354,10.4503,1304.843857188521,1304.843857188521,14268.989515899351,17.83623689487419,17.045012200971502,-667.8610042179948,25.0,CHECKPOINT24_NONPOS_NEXT_OPEN,0.2398155951583295,0,0.0,C2,NONE
2020,BTT-USDT,2020-06-24 08:00:00+00:00,2020-06-25 09:00:00+00:00,0.00031282,0.00029671,46207840.44565406,46207840.44565406,14454.736648209502,18.068420810261877,17.13791042328752,-779.6146408130361,25.0,CHECKPOINT24_NONPOS_NEXT_OPEN,0.20806297616059785,0,0.0,C2,NONE
2020,MTV-USDT,2020-06-24 09:00:00+00:00,2020-06-25 10:00:00+00:00,0.0004305,0.000337,32935320.696645916,32935320.696645916,14178.655559906067,17.723319449882585,13.874003843462091,-3111.049808429738,25.0,CHECKPOINT24_NONPOS_NEXT_OPEN,0.8553170153861411,0,0.0,C2,NONE
2020,VET-USDT,2020-06-25 00:00:00+00:00,2020-06-26 01:00:00+00:00,0.0089392,0.0088838,1494019.4826951157,1494019.4826951157,13355.338959708179,16.694173699635222,16.590712850458587,-116.05356589140241,25.0,CHECKPOINT24_NONPOS_NEXT_OPEN,0.23003991219179792,0,0.0,C2,NONE
2020,ADA-USDT,2020-06-25 03:00:00+00:00,2020-06-26 04:00:00+00:00,0.083185,0.081028,162436.5593736793,162436.5593736793,13512.285191499514,16.89035648937439,16.45238691616311,-383.7184019745637,25.0,CHECKPOINT24_NONPOS_NEXT_OPEN,0.2757880766722558,0,0.0,C2,NONE
2020,DAG-USDT,2020-06-19 06:00:00+00:00,2020-06-26 06:00:00+00:00,0.008764,0.00818,1580979.8272193798,1580979.8272193798,13855.707205750643,17.319634007188306,16.16551873331816,-956.7773718366227,168.0,TERMINAL168,0.3215996250519209,0,0.0,C2,NONE
2020,ZEC-USDT,2020-06-25 10:00:00+00:00,2020-06-26 11:00:00+00:00,55.571,55.83,237.07421435788453,237.07421435788453,13174.451166082,16.468063957602503,16.544816734500866,28.389340826589017,25.0,CHECKPOINT24_NONPOS_NEXT_OPEN,0.33727686897754805,0,0.0,C2,NONE
2020,SNX-USDT,2020-06-25 11:00:00+00:00,2020-06-26 12:00:00+00:00,1.857844,1.828203,6377.026715842581,6377.026715842581,11847.520821867845,14.809401027334808,14.573124216229445,-218.40397412785455,25.0,CHECKPOINT24_NONPOS_NEXT_OPEN,0.6571250735110163,0,0.0,C2,NONE
2020,ZEC-USDT,2020-06-26 11:00:00+00:00,2020-06-27 12:00:00+00:00,55.83,54.333,230.90167412193802,230.90167412193802,12891.240466227799,16.11405058278475,15.681975825084074,-377.4558325684088,25.0,CHECKPOINT24_NONPOS_NEXT_OPEN,0.2717275210309867,0,0.0,C2,NONE
2020,SENSO-USDT,2020-06-26 11:00:00+00:00,2020-06-27 12:00:00+00:00,0.202235,0.200593,63729.52227420031,63729.52227420031,12888.339937122899,16.110424921403624,15.979620076935829,-136.73392057257595,25.0,CHECKPOINT24_NONPOS_NEXT_OPEN,0.1651089950324351,0,0.0,C2,NONE
2020,SNX-USDT,2020-06-26 17:00:00+00:00,2020-06-27 18:00:00+00:00,1.872102,1.784,6865.722896291201,6865.722896291201,12853.33356559255,16.066666956990687,15.31056205872938,-636.2611476247664,25.0,CHECKPOINT24_NONPOS_NEXT_OPEN,0.4359229339076141,0,0.0,C2,NONE
2020,VET-USDT,2020-06-27 13:00:00+00:00,2020-06-28 14:00:00+00:00,0.0090358,0.0085982,1401971.1333497043,1401971.1333497043,12667.930766721258,15.834913458401573,15.068035248459285,-644.4055166606912,25.0,CHECKPOINT24_NONPOS_NEXT_OPEN,0.25443009839479536,0,0.0,C2,NONE
2020,WIN-USDT,2020-06-27 17:00:00+00:00,2020-06-28 18:00:00+00:00,7.385e-05,7.315e-05,170935836.1026676,170935836.1026676,12623.611496182004,15.779514370227504,15.62994551363767,-151.06454515573347,25.0,CHECKPOINT24_NONPOS_NEXT_OPEN,0.22520015457475917,0,0.0,C2,NONE
2020,ONE-USDT,2020-06-28 04:00:00+00:00,2020-06-29 05:00:00+00:00,0.006655,0.004633,1873504.250582954,1873504.250582954,12468.170787629559,15.585213484536949,10.849931491188531,-3814.660739654459,25.0,CHECKPOINT24_NONPOS_NEXT_OPEN,0.3897254729435716,0,0.0,C2,NONE
2020,COTI-USDT,2020-06-28 11:00:00+00:00,2020-06-29 12:00:00+00:00,0.025971,0.024447,455062.90751269675,455062.90751269675,11818.438771012248,14.77304846376531,13.906153624953623,-722.1950731380696,25.0,CHECKPOINT24_NONPOS_NEXT_OPEN,0.502771142097998,0,0.0,C2,NONE
2020,MTV-USDT,2020-06-28 12:00:00+00:00,2020-06-29 13:00:00+00:00,0.000346,0.0003423,34161763.586813174,34161763.586813174,11819.970201037358,14.774962751296698,14.616964594707689,-155.7904526172126,25.0,CHECKPOINT24_NONPOS_NEXT_OPEN,0.34053449931398655,0,0.0,C2,NONE
2020,TEL-USDT,2020-06-28 15:00:00+00:00,2020-06-29 16:00:00+00:00,0.00022698,0.00021,51577129.49148026,51577129.49148026,11706.97685197619,14.633721064970237,13.53899649151357,-903.9523763218176,25.0,CHECKPOINT24_NONPOS_NEXT_OPEN,0.3310122675471351,0,0.0,C2,NONE
2020,SENSO-USDT,2020-06-29 16:00:00+00:00,2020-06-30 17:00:00+00:00,0.202636,0.201346,56868.32787291769,56868.32787291769,11523.57048685655,14.404463108570688,14.312762929875605,-102.07736899451213,25.0,CHECKPOINT24_NONPOS_NEXT_OPEN,0.1733448053637217,0,0.0,C2,NONE
2020,TEL-USDT,2020-06-29 22:00:00+00:00,2020-06-30 23:00:00+00:00,0.00022885,0.0002078,50607584.967962295,50607584.967962295,11581.545819918172,14.476932274897715,13.145320195428209,-1092.911916045932,25.0,CHECKPOINT24_NONPOS_NEXT_OPEN,0.5449340980310733,0,0.0,C2,NONE
2020,ONE-USDT,2020-06-29 23:00:00+00:00,2020-07-01 00:00:00+00:00,0.004511,0.004452,2574009.327813545,2574009.327813545,11611.3560777669,14.514195097208626,14.324361909282377,-180.7051073474903,25.0,CHECKPOINT24_NONPOS_NEXT_OPEN,0.3740257853227462,0,0.0,C2,NONE
2020,WIN-USDT,2020-06-30 05:00:00+00:00,2020-07-01 06:00:00+00:00,7.175e-05,7.081e-05,156453157.3073035,156453157.3073035,11225.514036799024,14.031892545998781,13.8480600861627,-174.94592050102585,25.0,CHECKPOINT24_NONPOS_NEXT_OPEN,0.2103895519030501,0,0.0,C2,NONE
2020,MTV-USDT,2020-07-01 01:00:00+00:00,2020-07-04 02:00:00+00:00,0.0003408,0.0002962,33196508.122679666,33196508.122679666,11313.36996820923,14.141712460261537,12.291007132422147,-1506.9969818641969,73.0,CHECKPOINT72_NONPOS_NEXT_OPEN,0.35899394740348284,0,0.0,C2,NONE
2020,BTC-USDT,2020-07-01 06:00:00+00:00,2020-07-04 07:00:00+00:00,9150.3,9090.1,1.2083578629449452,1.2083578629449452,11056.83695330513,13.821046191631412,13.730117262444807,-100.29430680336007,73.0,CHECKPOINT72_NONPOS_NEXT_OPEN,0.1929441834268401,0,0.0,C2,NONE
2020,COTI-USDT,2020-07-04 09:00:00+00:00,2020-07-05 10:00:00+00:00,0.025838,0.025596,421695.27041886153,421695.27041886153,10895.762397082544,13.619702996353181,13.492140177051475,-129.1620986147698,25.0,CHECKPOINT24_NONPOS_NEXT_OPEN,0.456275893564199,0,0.0,C2,NONE
2020,SENSO-USDT,2020-07-05 11:00:00+00:00,2020-07-06 12:00:00+00:00,0.209547,0.209234,50634.42545675105,50634.42545675105,10610.291951185813,13.262864938982267,13.243054220022312,-42.35449432696822,25.0,CHECKPOINT24_NONPOS_NEXT_OPEN,0.17947213341587637,0,0.0,C2,NONE
2020,KSM-USDT,2020-06-29 13:00:00+00:00,2020-07-06 13:00:00+00:00,5.9736,8.9795,1936.0700229859974,1936.0700229859974,11565.307889309155,14.456634861636445,21.731175964253453,5783.445071267717,168.0,TERMINAL168,0.46919710354152766,0,0.0,C2,NONE
2020,KSM-USDT,2020-07-06 14:00:00+00:00,2020-07-07 15:00:00+00:00,9.0306,8.523,1350.660855372816,1350.660855372816,12197.277920529752,15.246597400662191,14.389603087928137,-715.2316506758323,25.0,CHECKPOINT24_NONPOS_NEXT_OPEN,0.9301147514545123,0,0.0,C2,NONE
2020,DAG-USDT,2020-06-30 19:00:00+00:00,2020-07-07 19:00:00+00:00,0.006865,0.007284,1663870.6712684901,1663870.6712684901,11422.472158258184,14.278090197822731,15.149542461899603,667.7341786017755,168.0,TERMINAL168,0.5448651360417032,0,0.0,C2,NONE
2020,ETH-USDT,2020-06-30 23:00:00+00:00,2020-07-07 23:00:00+00:00,226.06,238.16,47.07468580517672,47.07468580517672,10641.70347311825,13.302129341397814,14.01413396420111,542.2874349370386,168.0,TERMINAL168,0.182515807636625,0,0.0,C2,NONE
2020,KSM-USDT,2020-07-07 16:00:00+00:00,2020-07-08 17:00:00+00:00,8.7755,8.0844,1375.1607062292032,1375.1607062292032,12067.722777514373,15.084653471892967,13.896686516799214,-979.3549040636941,25.0,CHECKPOINT24_NONPOS_NEXT_OPEN,0.6855599778222716,0,0.0,C2,NONE
2020,MTV-USDT,2020-07-07 19:00:00+00:00,2020-07-10 20:00:00+00:00,0.0003118,0.0002952,38567406.30493948,38567406.30493948,12025.317285880128,15.03164660735016,14.231372926522667,-669.4819641958669,73.0,CHECKPOINT72_NONPOS_NEXT_OPEN,0.6047744708916543,0,0.0,C2,NONE
2020,BTT-USDT,2020-07-04 02:00:00+00:00,2020-07-11 02:00:00+00:00,0.0003243,0.00042069,29897963.79908884,29897963.79908884,9695.909660044512,12.11988707505564,15.722217988298356,2854.0226255308185,168.0,TERMINAL168,0.31038719981159957,0,0.0,C2,NONE
2020,AVA-USDT,2020-07-08 23:00:00+00:00,2020-07-12 00:00:00+00:00,0.357778,0.343603,34809.06469188704,34809.06469188704,12453.91754733396,15.56739693416745,14.95062381915808,-523.9365127608223,73.0,CHECKPOINT72_NONPOS_NEXT_OPEN,0.422332176306491,0,0.0,C2,NONE
2020,XLM-USDT,2020-07-12 00:00:00+00:00,2020-07-13 01:00:00+00:00,0.094278,0.095391,129624.70113341173,129624.70113341173,12220.75757345579,15.275946966819738,15.456287332271598,113.54005806239608,25.0,CHECKPOINT24_NONPOS_NEXT_OPEN,0.4597498148919418,0,0.0,C2,NONE
2020,ARPA-USDT,2020-07-06 12:00:00+00:00,2020-07-13 12:00:00+00:00,0.013401,0.025368,787199.2463511069,787199.2463511069,10549.257100351184,13.18657137543898,24.9620881017936,9382.264721606463,168.0,TERMINAL168,0.29540797717453215,0,0.0,C2,NONE
2020,WIN-USDT,2020-07-11 02:00:00+00:00,2020-07-14 03:00:00+00:00,7.638e-05,7.459e-05,160957161.8540688,160957161.8540688,12293.908022413772,15.367385028017216,15.00724337836874,-318.48794812516695,73.0,CHECKPOINT72_NONPOS_NEXT_OPEN,0.36992601657727886,0,0.0,C2,NONE
2020,COTI-USDT,2020-07-13 02:00:00+00:00,2020-07-14 03:00:00+00:00,0.031897,0.029201,399288.77110816515,399288.77110816515,12736.113932037144,15.92014241504643,14.574539256411914,-1106.977208579072,25.0,CHECKPOINT24_NONPOS_NEXT_OPEN,0.562000890792488,0,0.0,C2,NONE
2020,KCS-USDT,2020-07-13 15:00:00+00:00,2020-07-14 16:00:00+00:00,0.8014,0.78833,18122.261135203113,18122.261135203113,14523.180073751775,18.153975092189718,17.857902650893337,-272.86983078018926,25.0,CHECKPOINT24_NONPOS_NEXT_OPEN,0.17299857717258915,0,0.0,C2,NONE
2020,ONE-USDT,2020-07-07 23:00:00+00:00,2020-07-14 23:00:00+00:00,0.005398,0.005829,2211286.338455937,2211286.338455937,11936.523654985147,14.920654568731434,16.11198508357457,922.0317722222035,168.0,TERMINAL168,0.47676580145365344,0,0.0,C2,NONE
2020,AVA-USDT,2020-07-14 03:00:00+00:00,2020-07-15 04:00:00+00:00,0.37385,0.368307,37546.55234861813,37546.55234861813,14036.778595530888,17.54597324441361,17.28582256982812,-242.9523354826344,25.0,CHECKPOINT24_NONPOS_NEXT_OPEN,0.3088446303213621,0,0.0,C2,NONE
2020,VSYS-USDT,2020-07-14 16:00:00+00:00,2020-07-15 17:00:00+00:00,0.02711,0.02827,510890.40379301546,510890.40379301546,13850.238846828648,17.31279855853581,18.053589644035682,557.2664801973266,25.0,CHECKPOINT24_NONPOS_NEXT_OPEN,0.3643346126403535,0,0.0,C2,NONE
2020,AVA-USDT,2020-07-15 04:00:00+00:00,2020-07-16 05:00:00+00:00,0.368307,0.363896,37239.90031662225,37239.90031662225,13715.71596591419,17.14464495739274,16.93931345702196,-198.34915871103712,25.0,CHECKPOINT24_NONPOS_NEXT_OPEN,0.3034328011569638,0,0.0,C2,NONE
2020,VSYS-USDT,2020-07-15 17:00:00+00:00,2020-07-16 18:00:00+00:00,0.02827,0.02727,442283.84341541486,442283.84341541486,12503.364253353779,15.629205316692223,15.076350512422954,-472.98939924453157,25.0,CHECKPOINT24_NONPOS_NEXT_OPEN,0.38031047856840516,0,0.0,C2,NONE
2020,KPOL-USDT,2020-07-16 19:00:00+00:00,2020-07-17 20:00:00+00:00,0.03173,0.02739,369881.08338774357,369881.08338774357,11736.326775893103,14.670408469866379,12.66380359248787,-1632.6181139651612,25.0,CHECKPOINT24_NONPOS_NEXT_OPEN,0.9297843136256614,0,0.0,C2,NONE
2020,ALGO-USDT,2020-07-10 20:00:00+00:00,2020-07-17 20:00:00+00:00,0.2394,0.34,50865.89414719756,50865.89414719756,12177.295058839096,15.22161882354887,21.618005012558964,5080.269327371969,168.0,TERMINAL168,0.335372765664591,0,0.0,C2,NONE
2020,TEL-USDT,2020-07-17 20:00:00+00:00,2020-07-18 21:00:00+00:00,0.0002188,0.000208,81725557.86829928,81725557.86829928,17881.552061583883,22.351940076979854,21.24864504575781,-926.2366101003712,25.0,CHECKPOINT24_NONPOS_NEXT_OPEN,0.2776700674245206,0,0.0,C2,NONE
2020,XTZ-USDT,2020-07-16 10:00:00+00:00,2020-07-19 11:00:00+00:00,3.10143,3.02,4331.223156478014,4331.223156478014,13432.985434195609,16.79123179274451,16.350367415704504,-385.8331008404544,73.0,CHECKPOINT72_NONPOS_NEXT_OPEN,0.6095577828604553,0,0.0,C2,NONE
2020,MTV-USDT,2020-07-14 04:00:00+00:00,2020-07-21 04:00:00+00:00,0.0003146,0.0009055,44574949.219135284,44574949.219135284,14023.279024339961,17.529098780424953,50.45327064740874,26271.3551241592,168.0,TERMINAL168,0.45322357848052364,0,0.0,C2,NONE
2020,ATOM-USDT,2020-07-15 00:00:00+00:00,2020-07-22 00:00:00+00:00,3.9828,3.9644,3561.0957832136137,3561.0957832136137,14183.13228538318,17.728915356728976,17.647010153715062,-100.90008792157536,168.0,TERMINAL168,0.4586684929660332,0,0.0,C2,NONE
2020,TEL-USDT,2020-07-21 04:00:00+00:00,2020-07-22 05:00:00+00:00,0.0002242,0.00021686,89279635.72617932,89279635.72617932,20016.494329809404,25.020617912261756,24.201477254474057,-704.5346213968941,25.0,CHECKPOINT24_NONPOS_NEXT_OPEN,0.8795285294547281,0,0.0,C2,NONE
2020,ETN-USDT,2020-07-17 20:00:00+00:00,2020-07-24 20:00:00+00:00,0.0056086,0.0056963,1754083.4406272469,1754083.4406272469,9837.952385101977,12.297440481377471,12.489731878556231,129.0459453830745,168.0,TERMINAL168,0.21330595836992305,0,0.0,C2,NONE
2020,KSM-USDT,2020-07-24 20:00:00+00:00,2020-07-25 21:00:00+00:00,13.1227,12.3877,1615.665701172215,1615.665701172215,21201.896296772626,26.50237037096578,25.01797750801381,-1239.0346382405573,25.0,CHECKPOINT24_NONPOS_NEXT_OPEN,0.9684737532320062,0,0.0,C2,NONE
2020,COTI-USDT,2020-07-18 21:00:00+00:00,2020-07-25 21:00:00+00:00,0.029211,0.045602,575647.9977169936,575647.9977169936,16815.2536613111,21.019067076638876,32.81337498986292,9381.613888512737,168.0,TERMINAL168,0.6173050934104349,0,0.0,C2,NONE
2020,SNX-USDT,2020-07-19 13:00:00+00:00,2020-07-26 13:00:00+00:00,3.410158,3.084398,3799.973885359199,3799.973885359199,12958.511344948754,16.198139181185944,14.650789815067679,-1268.7284218908653,168.0,TERMINAL168,0.39272484481707454,0,0.0,C2,NONE
2020,COTI-USDT,2020-07-25 23:00:00+00:00,2020-07-29 00:00:00+00:00,0.045602,0.042873,462630.13666126464,462630.13666126464,21096.85949202699,26.37107436503374,24.792927311348,-1313.6816446249727,73.0,CHECKPOINT72_NONPOS_NEXT_OPEN,0.8414273003387431,0,0.0,C2,NONE
2020,MTV-USDT,2020-07-22 01:00:00+00:00,2020-07-29 01:00:00+00:00,0.0008573,0.001185,23586255.303023316,23586255.303023316,20220.49667128189,25.275620839102363,34.93714066760329,7669.003101294036,168.0,TERMINAL168,0.48550138404123544,0,0.0,C2,NONE
2020,WIN-USDT,2020-07-22 05:00:00+00:00,2020-07-29 05:00:00+00:00,7.762e-05,7.87e-05,261433438.0016189,261433438.0016189,20292.46345768566,25.365579322107074,25.71851446340926,231.26401925623313,168.0,TERMINAL168,0.27762986831435715,0,0.0,C2,NONE
2020,ONE-USDT,2020-07-29 02:00:00+00:00,2020-07-30 03:00:00+00:00,0.009234,0.00848,2430691.8626803686,2430691.8626803686,22445.008659990523,28.056260824988154,25.765333744411905,-1886.5632590303985,25.0,CHECKPOINT24_NONPOS_NEXT_OPEN,0.6273879560662972,0,0.0,C2,NONE
2020,ETH-USDT,2020-07-29 07:00:00+00:00,2020-07-30 08:00:00+00:00,318.02,319.08,69.83931805478795,69.83931805478795,22210.299927783664,27.762874909729582,27.855412006152175,18.41139022219272,25.0,CHECKPOINT24_NONPOS_NEXT_OPEN,0.35014765796307457,0,0.0,C2,NONE
2020,KCS-USDT,2020-07-25 22:00:00+00:00,2020-08-01 22:00:00+00:00,0.85069,0.83122,24977.00681177976,24977.00681177976,21247.689924712922,26.559612405891155,25.951734502609465,-538.8136695338505,168.0,TERMINAL168,0.22610751329291706,0,0.0,C2,NONE
2020,AVA-USDT,2020-07-26 13:00:00+00:00,2020-08-02 13:00:00+00:00,1.068614,1.533983,15221.514663269805,15221.514663269805,16265.9236703754,20.33240458796925,29.18693090963326,7034.1017218336065,168.0,TERMINAL168,0.614804282858443,0,0.0,C2,NONE
2020,VET-USDT,2020-08-01 23:00:00+00:00,2020-08-03 00:00:00+00:00,0.0174983,0.016182,1147790.951436113,1147790.951436113,20084.39040551454,25.105488006893175,23.216941470173975,-1559.1596588524271,25.0,CHECKPOINT24_NONPOS_NEXT_OPEN,0.45864951701231654,0,0.0,C2,NONE
2020,KPOL-USDT,2020-08-02 14:00:00+00:00,2020-08-03 15:00:00+00:00,0.02113,0.0209,1037618.150047448,1037618.150047448,21924.871510502577,27.406089388128223,27.107774169989575,-293.16603806903447,25.0,CHECKPOINT24_NONPOS_NEXT_OPEN,0.379725699484324,0,0.0,C2,NONE
2020,XDB-USDT,2020-08-03 01:00:00+00:00,2020-08-04 02:00:00+00:00,0.0195614,0.01864131,1073864.321474241,1073864.321474241,21006.289538086217,26.257861922607773,25.022797143176234,-1039.3324826110131,25.0,CHECKPOINT24_NONPOS_NEXT_OPEN,0.6569549021962107,0,0.0,C2,NONE
2020,ETH-USDT,2020-08-04 02:00:00+00:00,2020-08-05 03:00:00+00:00,400.15,388.46,49.728965897259684,49.728965897259684,19899.045703788463,24.873807129735578,24.147142615561872,-630.3525610842639,25.0,CHECKPOINT24_NONPOS_NEXT_OPEN,0.4419777549276907,0,0.0,C2,NONE
2020,ZEC-USDT,2020-07-29 03:00:00+00:00,2020-08-05 03:00:00+00:00,70.92,86.2,315.94734603068974,315.94734603068974,22406.985780496518,28.008732225620648,34.04332653480682,4765.623388588511,168.0,TERMINAL168,0.3353048525867382,0,0.0,C2,NONE
2020,ALGO-USDT,2020-07-30 03:00:00+00:00,2020-08-06 03:00:00+00:00,0.3209,0.3497,63109.110119607714,63109.110119607714,20251.713437382117,25.314641796727646,27.586569761033527,1764.641159886941,168.0,TERMINAL168,0.43495323542750625,0,0.0,C2,NONE
2020,NEO-USDT,2020-07-30 08:00:00+00:00,2020-08-06 08:00:00+00:00,11.76,12.849,1882.4456824776544,1882.4456824776544,22137.561225937214,27.671951532421517,30.234430717694227,1992.0769659680518,168.0,TERMINAL168,0.259290770042274,0,0.0,C2,NONE
2020,SNX-USDT,2020-08-06 08:00:00+00:00,2020-08-07 09:00:00+00:00,4.460451,4.519197,5341.9524984303025,5341.9524984303025,23827.517363575942,29.784396704469927,30.17666963131091,253.85727513700556,25.0,CHECKPOINT24_NONPOS_NEXT_OPEN,0.3716810208516361,0,0.0,C2,NONE
2020,XDB-USDT,2020-08-07 09:00:00+00:00,2020-08-08 10:00:00+00:00,0.01866905,0.01815089,1288394.7512082702,1288394.7512082702,24053.106030044757,30.066382537555945,29.23188925719835,-726.8928960808315,25.0,CHECKPOINT24_NONPOS_NEXT_OPEN,0.5345602767528214,0,0.0,C2,NONE
2020,KPOL-USDT,2020-08-03 15:00:00+00:00,2020-08-10 15:00:00+00:00,0.0209,0.02379,1028033.1944880654,1028033.1944880654,21485.893764800567,26.85736720600071,30.571137121088846,2913.5874277434204,168.0,TERMINAL168,0.5931248895409427,0,0.0,C2,NONE
2020,KSM-USDT,2020-08-10 15:00:00+00:00,2020-08-11 16:00:00+00:00,13.7142,13.4335,1682.9015769648613,1682.9015769648613,23079.6488068115,28.849561008514375,28.25907291769683,-529.4991065802462,25.0,CHECKPOINT24_NONPOS_NEXT_OPEN,0.8122529227733835,0,0.0,C2,NONE
2020,COTI-USDT,2020-08-05 03:00:00+00:00,2020-08-12 03:00:00+00:00,0.041653,0.065969,540479.3710785158,540479.3710785158,22512.58724353342,28.140734054416775,44.56860453834826,13069.587048552425,168.0,TERMINAL168,0.3791306870218858,0,0.0,C2,NONE
2020,AVA-USDT,2020-08-05 04:00:00+00:00,2020-08-12 04:00:00+00:00,1.675972,1.761479,13403.898012689646,13403.898012689646,22464.55776012349,28.080697200154365,29.51335608436818,1088.5330540865298,168.0,TERMINAL168,0.3923801017663946,0,0.0,C2,NONE
2020,XTZ-USDT,2020-08-06 03:00:00+00:00,2020-08-13 03:00:00+00:00,3.1844,4.27906,7151.978605018537,7151.978605018537,22774.76066982103,28.468450837276286,38.254681961988275,7762.261766970327,168.0,TERMINAL168,0.35563832881466007,0,0.0,C2,NONE
2020,DAG-USDT,2020-08-08 10:00:00+00:00,2020-08-15 10:00:00+00:00,0.014906,0.021241,1575586.4847341669,1575586.4847341669,23485.692141447493,29.357115176809366,41.833790652798044,9910.149474961334,168.0,TERMINAL168,0.7368100079484967,0,0.0,C2,NONE
2020,CHR-USDT,2020-08-15 11:00:00+00:00,2020-08-16 12:00:00+00:00,0.076972,0.074704,426324.7178443762,426324.7178443762,32815.066181917326,41.018832727396656,39.81020215230786,-1047.733494950745,25.0,CHECKPOINT24_NONPOS_NEXT_OPEN,0.49711367919854527,0,0.0,C2,NONE
2020,TEL-USDT,2020-08-11 16:00:00+00:00,2020-08-18 16:00:00+00:00,0.00032486,0.00031001,67891114.31537728,67891114.31537728,22055.107396493462,27.56888424561683,26.308655436137638,-1062.0605872651065,168.0,TERMINAL168,1.306315635162823,0,0.0,C2,NONE
2020,ATOM-USDT,2020-08-12 04:00:00+00:00,2020-08-19 04:00:00+00:00,5.1237,5.8467,5504.298163533549,5504.298163533549,28202.372500496847,35.25296562562106,40.2274750909145,3904.1271315182203,168.0,TERMINAL168,0.5492036605240131,0,0.0,C2,NONE
2020,ARPA-USDT,2020-08-12 06:00:00+00:00,2020-08-19 06:00:00+00:00,0.033472,0.039699,841251.9953903579,841251.9953903579,28158.386789706063,35.19798348713258,41.74607870625228,5161.532113102372,168.0,TERMINAL168,0.8833660757208586,0,0.0,C2,NONE
2020,TRX-USDT,2020-08-18 17:00:00+00:00,2020-08-19 18:00:00+00:00,0.030119,0.026581,747660.8053908091,747660.8053908091,22518.795797565777,28.148494746957223,24.841964835116368,-2698.214389054756,25.0,CHECKPOINT24_NONPOS_NEXT_OPEN,0.5649419346589386,0,0.0,C2,NONE
2020,KPOL-USDT,2020-08-13 04:00:00+00:00,2020-08-20 04:00:00+00:00,0.03189,0.02611,951805.2893756996,951805.2893756996,30353.070678191063,37.94133834773883,31.0645451319994,-5570.440456071283,168.0,TERMINAL168,0.8373492149861038,0,0.0,C2,NONE
2020,DAG-USDT,2020-08-19 10:00:00+00:00,2020-08-20 11:00:00+00:00,0.021408,0.020129,1369534.9714180832,1369534.9714180832,29319.004668118327,36.64875583514791,34.45921179959325,-1822.7431960784684,25.0,CHECKPOINT24_NONPOS_NEXT_OPEN,0.639052694648138,0,0.0,C2,NONE
2020,ALGO-USDT,2020-08-21 01:00:00+00:00,2020-08-22 02:00:00+00:00,0.6284,0.5221,35574.59363122401,35574.59363122401,22355.074637861166,27.943843297326456,23.21686916857757,-3832.740015465015,25.0,CHECKPOINT24_NONPOS_NEXT_OPEN,0.47025007334128544,0,0.0,C2,NONE
2020,COTI-USDT,2020-08-16 13:00:00+00:00,2020-08-23 13:00:00+00:00,0.069682,0.061203,464152.79769555375,464152.79769555375,32343.09524902157,40.42886906127696,35.509429596701224,-4011.489870318573,168.0,TERMINAL168,0.604956128679639,0,0.0,C2,NONE
2020,KPOL-USDT,2020-08-23 14:00:00+00:00,2020-08-24 15:00:00+00:00,0.02855,0.02615,973637.535528274,973637.535528274,27797.35163933222,34.746689549165275,31.825776942580458,-2403.302551759602,25.0,CHECKPOINT24_NONPOS_NEXT_OPEN,0.5930490165292246,0,0.0,C2,NONE
2020,KCS-USDT,2020-08-19 08:00:00+00:00,2020-08-26 08:00:00+00:00,1.25027,1.35399,23571.81969317422,23571.81969317422,29471.139007784932,36.838923759731166,39.895010182951204,2368.1352046333495,168.0,TERMINAL168,0.5128771748638301,0,0.0,C2,NONE
2020,NEO-USDT,2020-08-19 19:00:00+00:00,2020-08-26 19:00:00+00:00,16.2237,17.7393,1657.0217707751183,1657.0217707751183,26883.024102524287,33.60378012815536,36.74300787288882,2441.035407785725,168.0,TERMINAL168,0.3695331192434996,0,0.0,C2,NONE
2020,ARPA-USDT,2020-08-26 09:00:00+00:00,2020-08-27 10:00:00+00:00,0.038478,0.038209,730111.0141208709,730111.0141208709,28093.211601342868,35.11651450167859,34.87101467318045,-266.38739197337196,25.0,CHECKPOINT24_NONPOS_NEXT_OPEN,0.5457089790071422,0,0.0,C2,NONE
2020,ATOM-USDT,2020-08-24 15:00:00+00:00,2020-08-27 16:00:00+00:00,7.8261,7.1419,3131.1237907857007,3131.1237907857007,24504.48789906797,30.630609873834967,27.952716251765498,-2200.8982237811756,73.0,CHECKPOINT72_NONPOS_NEXT_OPEN,0.5951787146845975,0,0.0,C2,NONE
2020,DAG-USDT,2020-08-20 17:00:00+00:00,2020-08-27 17:00:00+00:00,0.020399,0.019679,1434776.2513555298,1434776.2513555298,29268.000751401454,36.58500093925182,35.29370231303184,-1104.9176042282693,168.0,TERMINAL168,0.5897656349138465,0,0.0,C2,NONE
2020,KCS-USDT,2020-08-26 20:00:00+00:00,2020-08-27 21:00:00+00:00,1.36301,1.3728,20267.891928632136,20267.891928632136,27625.339377644887,34.53167422205611,34.77970254953274,129.11128520972008,25.0,CHECKPOINT24_NONPOS_NEXT_OPEN,0.3206837532382565,0,0.0,C2,NONE
2020,KSM-USDT,2020-08-27 10:00:00+00:00,2020-08-28 11:00:00+00:00,32.1523,28.6841,856.4220725698608,856.4220725698608,27535.939403887933,34.419924254859914,30.707120464751434,-3035.3700768063973,25.0,CHECKPOINT24_NONPOS_NEXT_OPEN,0.8407526859437368,0,0.0,C2,NONE
2020,ONE-USDT,2020-08-27 17:00:00+00:00,2020-08-28 18:00:00+00:00,0.011034,0.010795,2464116.3024720945,2464116.3024720945,27189.059281477093,33.986324101846364,33.25016935648283,-656.1602897491592,25.0,CHECKPOINT24_NONPOS_NEXT_OPEN,0.673066247858946,0,0.0,C2,NONE
2020,TEL-USDT,2020-08-22 03:00:00+00:00,2020-08-29 03:00:00+00:00,0.00031998,0.00044999,63269595.54657284,63269595.54657284,20245.005182992376,25.30625647874047,35.58835662500289,8164.785503906192,168.0,TERMINAL168,0.5627119665573552,0,0.0,C2,NONE
2020,XDB-USDT,2020-08-28 11:00:00+00:00,2020-08-29 12:00:00+00:00,0.0198967,0.0181221,1376952.744153084,1376952.744153084,27396.815664590667,34.246019580738334,31.191594156020752,-2508.9779535108255,25.0,CHECKPOINT24_NONPOS_NEXT_OPEN,1.1178929792813261,0,0.0,C2,NONE
2020,ONE-USDT,2020-08-28 21:00:00+00:00,2020-08-29 22:00:00+00:00,0.010851,0.010568,2507132.5571713657,2507132.5571713657,27204.895377866487,34.00611922233311,33.119221080233736,-776.643853982064,25.0,CHECKPOINT24_NONPOS_NEXT_OPEN,0.4179160645267475,0,0.0,C2,NONE
2020,AVA-USDT,2020-08-27 17:00:00+00:00,2020-08-30 18:00:00+00:00,1.417289,1.342853,19188.16712510386,19188.16712510386,27195.178196571323,33.99397274571415,32.20860973555887,-1494.4929906055,73.0,CHECKPOINT72_NONPOS_NEXT_OPEN,0.7546937441793629,0,0.0,C2,NONE
2020,XTZ-USDT,2020-08-30 18:00:00+00:00,2020-08-31 19:00:00+00:00,3.38794,3.33804,7679.166540857083,7679.166540857083,26016.555490431347,32.52069436303918,32.041706350053225,-447.75281110186063,25.0,CHECKPOINT24_NONPOS_NEXT_OPEN,0.31367206143812804,0,0.0,C2,NONE
2020,CHR-USDT,2020-08-29 13:00:00+00:00,2020-09-01 14:00:00+00:00,0.065712,0.061514,389057.1077696983,389057.1077696983,25565.72066576242,31.957150832203023,29.91557365918153,-1695.1344629085818,73.0,CHECKPOINT72_NONPOS_NEXT_OPEN,0.5892000919055171,0,0.0,C2,NONE
2020,TEL-USDT,2020-08-29 22:00:00+00:00,2020-09-01 23:00:00+00:00,0.00043602,0.00033167,60339346.70683592,60339346.70683592,26309.1619511146,32.88645243889325,25.015938902820334,-6354.313220200044,73.0,CHECKPOINT72_NONPOS_NEXT_OPEN,0.7042454075270137,0,0.0,C2,NONE
2020,ADA-USDT,2020-09-01 14:00:00+00:00,2020-09-02 15:00:00+00:00,0.123517,0.113884,202227.92086377164,202227.92086377164,24978.586101330482,31.223232626663105,28.788155674562212,-2008.072949981937,25.0,CHECKPOINT24_NONPOS_NEXT_OPEN,0.37476440921424625,0,0.0,C2,NONE
2020,VET-USDT,2020-09-01 23:00:00+00:00,2020-09-03 00:00:00+00:00,0.0172735,0.0159954,1141374.3959711632,1141374.3959711632,19715.530628807886,24.644413286009858,22.82092501664643,-1506.2559537933996,25.0,CHECKPOINT24_NONPOS_NEXT_OPEN,0.3660435860478531,0,0.0,C2,NONE
2020,BNB-USDT,2020-08-31 19:00:00+00:00,2020-09-03 20:00:00+00:00,23.298,22.08,1049.1591346306275,1049.1591346306275,24443.30951862436,30.55413689828045,28.956792115805314,-1337.3867549941926,73.0,CHECKPOINT72_NONPOS_NEXT_OPEN,0.21327514005902076,0,0.0,C2,NONE
2020,ETH-USDT,2020-09-03 03:00:00+00:00,2020-09-04 04:00:00+00:00,448.45,386.66,38.83472602142877,38.83472602142877,17415.432884309732,21.769291105387165,18.76979395430706,-2440.136805923776,25.0,CHECKPOINT24_NONPOS_NEXT_OPEN,0.37500118848128056,0,0.0,C2,NONE
2020,KSM-USDT,2020-08-28 12:00:00+00:00,2020-09-04 12:00:00+00:00,29.6865,44.2089,922.3981143876043,922.3981143876043,27382.771622767614,34.22846452845952,50.9727574989377,13310.233154355148,168.0,TERMINAL168,0.6346527973993777,0,0.0,C2,NONE
2020,WIN-USDT,2020-09-03 20:00:00+00:00,2020-09-04 21:00:00+00:00,0.00014454,0.00010689,170886774.1006238,170886774.1006238,24699.974328504162,30.874967910630204,22.832609104519598,-6487.594621903634,25.0,CHECKPOINT24_NONPOS_NEXT_OPEN,0.4696253561065079,0,0.0,C2,NONE
2020,NEO-USDT,2020-08-29 04:00:00+00:00,2020-09-05 04:00:00+00:00,18.1168,18.8907,1501.9384003486882,1501.9384003486882,27210.317611437116,34.0128970142964,35.465834674333706,1092.8713963412176,168.0,TERMINAL168,0.2950719097760912,0,0.0,C2,NONE
2020,TRX-USDT,2020-09-04 06:00:00+00:00,2020-09-05 07:00:00+00:00,0.041115,0.033525,385971.4315552421,385971.4315552421,15869.215408393778,19.836519260492224,16.174615303611862,-2965.5343000683924,25.0,CHECKPOINT24_NONPOS_NEXT_OPEN,1.0932229465205574,0,0.0,C2,NONE
2020,SENSO-USDT,2020-09-02 17:00:00+00:00,2020-09-05 18:00:00+00:00,0.232682,0.224714,99095.43854943855,99095.43854943855,23057.72483256046,28.822156040700577,27.83516547274817,-846.2497758753744,73.0,CHECKPOINT72_NONPOS_NEXT_OPEN,0.2958561691440852,0,0.0,C2,NONE
2020,KSM-USDT,2020-09-05 00:00:00+00:00,2020-09-06 01:00:00+00:00,44.7708,32.6632,551.5557910601286,551.5557910601286,24693.594010394805,30.86699251299351,22.519471393193996,-6731.403359745797,25.0,CHECKPOINT24_NONPOS_NEXT_OPEN,1.098003642773312,0,0.0,C2,NONE
2020,ARPA-USDT,2020-09-05 08:00:00+00:00,2020-09-06 09:00:00+00:00,0.040268,0.034878,594965.7474694072,594965.7474694072,23958.08071909809,29.94760089887261,25.939019175297478,-3262.7519989342777,25.0,CHECKPOINT24_NONPOS_NEXT_OPEN,0.6235725643576423,0,0.0,C2,NONE
2020,ONT-USDT,2020-09-07 01:00:00+00:00,2020-09-08 02:00:00+00:00,0.6426,0.62876,36081.87138680915,36081.87138680915,23186.21055316356,28.982763191454453,28.358546816462653,-556.7144100013548,25.0,CHECKPOINT24_NONPOS_NEXT_OPEN,0.6184728435630691,0,0.0,C2,NONE
2020,LTC-USDT,2020-09-07 02:00:00+00:00,2020-09-08 03:00:00+00:00,48.353,48.448,446.0199136820181,446.0199136820181,21566.400886266623,26.95800110783328,27.01096597258302,-11.59707528062598,25.0,CHECKPOINT24_NONPOS_NEXT_OPEN,0.40452331633665684,0,0.0,C2,NONE
2020,CHR-USDT,2020-09-08 08:00:00+00:00,2020-09-09 09:00:00+00:00,0.050584,0.048054,456432.3922024601,456432.3922024601,23088.17612716924,28.860220158961553,27.416752718621268,-1211.0509251498086,25.0,CHECKPOINT24_NONPOS_NEXT_OPEN,0.8777362535557605,0,0.0,C2,NONE
2020,BTC-USDT,2020-09-07 01:00:00+00:00,2020-09-10 02:00:00+00:00,10255.8,10272.5,2.2597728048730037,2.2597728048730037,23175.777932216548,28.969722415270684,29.016895172572415,-20.248411746460803,73.0,CHECKPOINT72_NONPOS_NEXT_OPEN,0.30645220637224585,0,0.0,C2,NONE
2020,KPOL-USDT,2020-09-06 04:00:00+00:00,2020-09-13 04:00:00+00:00,0.02343,0.02304,953993.1293523153,953993.1293523153,22352.059020724748,27.940073775905937,27.475002125346684,-427.4723963486548,168.0,TERMINAL168,0.6544095502982579,0,0.0,C2,NONE
2020,DASH-USDT,2020-09-07 01:00:00+00:00,2020-09-14 01:00:00+00:00,70.05,75.37,330.92068031105066,330.92068031105066,23180.993655789098,28.976242069736372,31.17686459380486,1700.3449125912507,168.0,TERMINAL168,0.44946683104751034,0,0.0,C2,NONE
2020,ETC-USDT,2020-09-13 05:00:00+00:00,2020-09-14 06:00:00+00:00,4.9795,4.8242,4287.527249803332,4287.527249803332,21349.74194039569,26.68717742549461,25.854861198126542,-718.3950205180764,25.0,CHECKPOINT24_NONPOS_NEXT_OPEN,0.4799946971400423,0,0.0,C2,NONE
2020,ETN-USDT,2020-09-08 12:00:00+00:00,2020-09-15 12:00:00+00:00,0.0047193,0.0053124,4526296.891059613,4526296.891059613,21360.95291797763,26.701191147472038,30.05687450508136,2627.788620434905,168.0,TERMINAL168,0.6242281741671174,0,0.0,C2,NONE
2020,CHR-USDT,2020-09-09 09:00:00+00:00,2020-09-16 09:00:00+00:00,0.048054,0.040054,452898.61308969854,452898.61308969854,21763.589953412375,27.20448744176547,22.67550131086848,-3673.0688934702243,168.0,TERMINAL168,0.4976318892785029,0,0.0,C2,NONE
2020,KSM-USDT,2020-09-15 12:00:00+00:00,2020-09-16 13:00:00+00:00,40.44,40.3,580.5922651273108,580.5922651273108,23479.15120174845,29.348939002185563,29.247335355788284,-139.8791914757975,25.0,CHECKPOINT24_NONPOS_NEXT_OPEN,0.45590352647101506,0,0.0,C2,NONE
2020,NEO-USDT,2020-09-10 02:00:00+00:00,2020-09-17 02:00:00+00:00,17.56,21.5176,1299.9356710453594,1299.9356710453594,22826.87038355651,28.533587979445638,34.96436974410704,5081.127454005565,168.0,TERMINAL168,0.48681368292003646,0,0.0,C2,NONE
2020,MTV-USDT,2020-09-14 07:00:00+00:00,2020-09-17 08:00:00+00:00,0.0004839,0.0004058,46993270.0480449,46993270.0480449,22740.043376248927,28.425054220311157,23.837336231870772,-3722.4367812044907,73.0,CHECKPOINT72_NONPOS_NEXT_OPEN,0.4359753804672214,0,0.0,C2,NONE
2020,SENSO-USDT,2020-09-16 14:00:00+00:00,2020-09-17 15:00:00+00:00,0.243008,0.235,76782.41549182565,76782.41549182565,18658.74122383757,23.32342652979696,22.554834550723786,-660.7518443390614,25.0,CHECKPOINT24_NONPOS_NEXT_OPEN,0.24230940016181296,0,0.0,C2,NONE
2020,DGB-USDT,2020-09-17 09:00:00+00:00,2020-09-18 10:00:00+00:00,0.024888,0.023812,913021.0523131527,913021.0523131527,22723.267949969744,28.40408493746218,27.17607162210099,-1037.9908088485156,25.0,CHECKPOINT24_NONPOS_NEXT_OPEN,0.6864569290491788,0,0.0,C2,NONE
2020,SENSO-USDT,2020-09-18 10:00:00+00:00,2020-09-19 11:00:00+00:00,0.236667,0.228408,91221.08526272015,91221.08526272015,21589.02058587219,26.986275732340236,26.04453205335923,-806.4257509705045,25.0,CHECKPOINT24_NONPOS_NEXT_OPEN,0.2888902632189524,0,0.0,C2,NONE
2020,ONT-USDT,2020-09-14 01:00:00+00:00,2020-09-21 01:00:00+00:00,0.77,0.70929,30463.640376270414,30463.640376270414,23457.00308972822,29.321253862160276,27.00944435310605,-1905.7783054586455,168.0,TERMINAL168,0.38165911266577796,0,0.0,C2,NONE
2020,STX-USDT,2020-09-21 03:00:00+00:00,2020-09-22 04:00:00+00:00,0.1959,0.1821,108955.03602759523,108955.03602759523,21344.291557805904,26.68036444725738,24.800890075781368,-1555.0607517038488,25.0,CHECKPOINT24_NONPOS_NEXT_OPEN,0.3725239781348566,0,0.0,C2,NONE
2020,XDB-USDT,2020-09-22 06:00:00+00:00,2020-09-23 07:00:00+00:00,0.01362418,0.0121981,1535083.0644070168,1535083.0644070168,20914.24798443279,26.14280998054099,23.40637090992904,-2238.700437380027,25.0,CHECKPOINT24_NONPOS_NEXT_OPEN,0.3666998366626961,0,0.0,C2,NONE
2020,ETH-USDT,2020-09-16 14:00:00+00:00,2020-09-23 14:00:00+00:00,367.06,340.7,63.48511405609743,63.48511405609743,23302.845965431123,29.128557456788904,27.03672294864049,-1729.63288692416,168.0,TERMINAL168,0.29116045259111123,0,0.0,C2,NONE
2020,NEO-USDT,2020-09-17 02:00:00+00:00,2020-09-24 02:00:00+00:00,21.5176,20.0211,1067.003899482616,1067.003899482616,22959.36310750714,28.699203884383923,26.703239714914254,-1652.173779175035,168.0,TERMINAL168,0.37822507113651416,0,0.0,C2,NONE
2020,KPOL-USDT,2020-09-17 20:00:00+00:00,2020-09-24 20:00:00+00:00,0.02508,0.02487,766526.1277405416,766526.1277405416,19224.475283732783,24.03059410466598,23.829380996134088,-208.830461926314,168.0,TERMINAL168,0.6896963405852429,0,0.0,C2,NONE
2020,TEL-USDT,2020-09-25 05:00:00+00:00,2020-09-26 06:00:00+00:00,0.00020519,0.00020328,92436445.75130747,92436445.75130747,18967.03430371078,23.708792879638477,23.48810086540723,-223.7505051300451,25.0,CHECKPOINT24_NONPOS_NEXT_OPEN,0.37707700467069744,0,0.0,C2,NONE
2020,DGB-USDT,2020-09-19 11:00:00+00:00,2020-09-26 11:00:00+00:00,0.024079,0.025244,873521.110353447,873521.110353447,21033.51481620065,26.291893520250817,27.56395863720302,963.796241404309,168.0,TERMINAL168,0.3297685552032115,0,0.0,C2,NONE
2020,DAG-USDT,2020-09-26 06:00:00+00:00,2020-09-27 07:00:00+00:00,0.011229,0.01098,1644682.416710974,1644682.416710974,18468.138857247526,23.08517357155941,22.573266169358117,-455.1843615019503,25.0,CHECKPOINT24_NONPOS_NEXT_OPEN,0.4539502059197952,0,0.0,C2,NONE
2020,CHR-USDT,2020-09-26 12:00:00+00:00,2020-09-27 13:00:00+00:00,0.034021,0.031966,634214.5859559911,634214.5859559911,21576.614428808774,26.97076803601097,25.341629318336516,-1355.6233714939112,25.0,CHECKPOINT24_NONPOS_NEXT_OPEN,0.39639453274873215,0,0.0,C2,NONE
2020,SNX-USDT,2020-09-24 09:00:00+00:00,2020-10-01 09:00:00+00:00,4.126969,4.760739,4982.371480985881,4982.371480985881,20562.092648512822,25.702615810641028,29.649712777521554,3102.3252449162587,168.0,TERMINAL168,0.41868612402999483,0,0.0,C2,NONE
2020,ETC-USDT,2020-09-24 15:00:00+00:00,2020-10-01 15:00:00+00:00,4.7359,5.2661,4345.469401481565,4345.469401481565,20579.708538476545,25.724635673095683,28.604595518927585,2249.6386454735,168.0,TERMINAL168,0.3106966066968151,0,0.0,C2,NONE
2020,BTT-USDT,2020-09-24 16:00:00+00:00,2020-10-01 16:00:00+00:00,0.00029683,0.00034893,69619222.58311921,69619222.58311921,20665.073839347275,25.831342299184094,30.365294169909735,3570.964860111419,168.0,TERMINAL168,0.2068361593204705,0,0.0,C2,NONE
2020,STX-USDT,2020-10-01 10:00:00+00:00,2020-10-02 11:00:00+00:00,0.162,0.1404,138922.77722717554,138922.77722717554,22505.48991080244,28.131862388503052,24.380947403369305,-3053.2447978988685,25.0,CHECKPOINT24_NONPOS_NEXT_OPEN,0.4040887527775956,0,0.0,C2,NONE
2020,KPOL-USDT,2020-10-01 17:00:00+00:00,2020-10-02 18:00:00+00:00,0.0224,0.02185,988755.4399653766,988755.4399653766,22148.121855224435,27.685152319030546,27.005382954054355,-598.5060272540379,25.0,CHECKPOINT24_NONPOS_NEXT_OPEN,0.4542436689696029,0,0.0,C2,NONE
2020,ZEC-USDT,2020-10-01 20:00:00+00:00,2020-10-02 21:00:00+00:00,64.917,63.326,334.7851457915656,334.7851457915656,21733.247309351063,27.16655913668883,26.500755177995853,-586.3104812690665,25.0,CHECKPOINT24_NONPOS_NEXT_OPEN,0.464943873191014,0,0.0,C2,NONE
2020,ALGO-USDT,2020-09-27 07:00:00+00:00,2020-10-04 07:00:00+00:00,0.3246,0.3134,56267.4720311369,56267.4720311369,18264.421421307037,22.830526776633796,22.04278216819788,-675.0689956935631,168.0,TERMINAL168,0.4120305624257612,0,0.0,C2,NONE
2020,ADA-USDT,2020-09-27 14:00:00+00:00,2020-10-04 14:00:00+00:00,0.096704,0.094421,212725.88506446377,212725.88506446377,20571.443989273903,25.714304986592378,25.107238492089667,-536.4747390808502,168.0,TERMINAL168,0.3573881359312206,0,0.0,C2,NONE
2020,BTT-USDT,2020-10-02 18:00:00+00:00,2020-10-05 19:00:00+00:00,0.000331,0.00032617,62923729.07292386,62923729.07292386,20827.7543231378,26.034692903922252,25.65479088964447,-355.6110952157921,73.0,CHECKPOINT72_NONPOS_NEXT_OPEN,0.28416605503674075,0,0.0,C2,NONE
2020,STX-USDT,2020-10-05 19:00:00+00:00,2020-10-06 20:00:00+00:00,0.1561,0.1421,130500.24662417061,130500.24662417061,20371.08849803303,25.46386062254129,23.180106306618306,-1875.6474196675463,25.0,CHECKPOINT24_NONPOS_NEXT_OPEN,0.22994905835785479,0,0.0,C2,NONE
2020,DAG-USDT,2020-10-04 07:00:00+00:00,2020-10-07 08:00:00+00:00,0.010714,0.01042,1942719.7727262946,1942719.7727262946,20814.299644989518,26.017874556236897,25.30392503975999,-622.4814127775245,73.0,CHECKPOINT72_NONPOS_NEXT_OPEN,0.41048580478237684,0,0.0,C2,NONE
2020,SENSO-USDT,2020-10-04 14:00:00+00:00,2020-10-07 15:00:00+00:00,0.253251,0.25111,82975.05823871028,82975.05823871028,21013.516474011616,26.26689559251452,26.044833592903174,-229.96132887449482,73.0,CHECKPOINT72_NONPOS_NEXT_OPEN,0.19434670484810887,0,0.0,C2,NONE
2020,XTZ-USDT,2020-10-07 02:00:00+00:00,2020-10-08 03:00:00+00:00,2.17,2.0701,8729.227638134753,8729.227638134753,18942.42397475241,23.678029968440516,22.587967667128442,-918.3158386852274,25.0,CHECKPOINT24_NONPOS_NEXT_OPEN,0.45118215921485977,0,0.0,C2,NONE
2020,ZEC-USDT,2020-10-07 08:00:00+00:00,2020-10-08 09:00:00+00:00,61.857,59.978,324.3837661284462,324.3837661284462,20065.406621407295,25.08175827675912,24.319861906064936,-658.9187167381721,25.0,CHECKPOINT24_NONPOS_NEXT_OPEN,0.4041263896617778,0,0.0,C2,NONE
2020,WIN-USDT,2020-10-02 16:00:00+00:00,2020-10-09 16:00:00+00:00,8.16e-05,7.971e-05,255233364.43813857,255233364.43813857,20827.04253815211,26.03380317269014,25.43081434920503,-533.8556763099806,168.0,TERMINAL168,0.4172236842717846,0,0.0,C2,NONE
2020,KPOL-USDT,2020-10-02 23:00:00+00:00,2020-10-09 23:00:00+00:00,0.02174,0.02088,952350.4141862902,952350.4141862902,20704.09800440995,25.880122505512436,24.856345810262173,-869.7578245159846,168.0,TERMINAL168,0.4732833433053961,0,0.0,C2,NONE
2020,KCS-USDT,2020-10-09 23:00:00+00:00,2020-10-11 00:00:00+00:00,0.86778,0.86164,22928.60565561521,22928.60565561521,19896.985415829768,24.87123176978721,24.695254721380362,-190.34812521664642,25.0,CHECKPOINT24_NONPOS_NEXT_OPEN,0.309269522421046,0,0.0,C2,NONE
2020,SNX-USDT,2020-10-11 00:00:00+00:00,2020-10-12 01:00:00+00:00,4.010453,3.851949,4818.160424806248,4818.160424806248,19323.00593014549,24.153757412681863,23.199135287715,-811.0505926738875,25.0,CHECKPOINT24_NONPOS_NEXT_OPEN,0.409846275151828,0,0.0,C2,NONE
2020,SENSO-USDT,2020-10-09 17:00:00+00:00,2020-10-12 18:00:00+00:00,0.258067,0.25045,76572.24808066213,76572.24808066213,19760.770345432233,24.70096293179029,23.97189941475229,-631.9236759769449,73.0,CHECKPOINT72_NONPOS_NEXT_OPEN,0.19120409923208584,0,0.0,C2,NONE
2020,KPOL-USDT,2020-10-12 20:00:00+00:00,2020-10-13 21:00:00+00:00,0.02153,0.02113,888326.009787322,888326.009787322,19125.658990721044,23.907073738401305,23.46291073350764,-402.70038838683877,25.0,CHECKPOINT24_NONPOS_NEXT_OPEN,0.46676893676860726,0,0.0,C2,NONE
2020,XDB-USDT,2020-10-07 15:00:00+00:00,2020-10-14 15:00:00+00:00,0.01025509,0.01189581,1947852.6044290464,1947852.6044290464,19975.403765154268,24.969254706442836,28.96410561286637,3141.947364819519,168.0,TERMINAL168,0.462123137365155,0,0.0,C2,NONE
2020,BNB-USDT,2020-10-13 21:00:00+00:00,2020-10-14 22:00:00+00:00,30.825,30.674,626.7913722936479,626.7913722936479,19320.844050951695,24.15105506368962,24.032748192169194,-142.82930047219986,25.0,CHECKPOINT24_NONPOS_NEXT_OPEN,0.3016824965640619,0,0.0,C2,NONE
2020,ALGO-USDT,2020-10-12 01:00:00+00:00,2020-10-15 02:00:00+00:00,0.3311,0.3226,56901.97489933216,56901.97489933216,18840.24388916888,23.5503048614611,22.945721378155696,-530.1628128839408,73.0,CHECKPOINT72_NONPOS_NEXT_OPEN,0.41848166111670515,0,0.0,C2,NONE
2020,DAG-USDT,2020-10-08 04:00:00+00:00,2020-10-15 04:00:00+00:00,0.011042,0.011482,1720859.863923922,1720859.863923922,19001.734617447946,23.752168271809932,24.698641196968087,708.7275306577458,168.0,TERMINAL168,0.48829142768383427,0,0.0,C2,NONE
2020,ETN-USDT,2020-10-08 12:00:00+00:00,2020-10-15 12:00:00+00:00,0.0050857,0.00515,3839783.059690964,3839783.059690964,19527.984706670337,24.409980883337923,24.718603446760582,197.76946640802896,168.0,TERMINAL168,0.3064946296041426,0,0.0,C2,NONE
2020,COTI-USDT,2020-10-14 15:00:00+00:00,2020-10-15 16:00:00+00:00,0.038256,0.034614,531178.7173186857,531178.7173186857,20320.77300974364,25.40096626217955,22.982775151586235,-1982.9366298884186,25.0,CHECKPOINT24_NONPOS_NEXT_OPEN,0.4882184809424891,0,0.0,C2,NONE
2020,ARPA-USDT,2020-10-15 05:00:00+00:00,2020-10-16 06:00:00+00:00,0.021141,0.018831,944373.5902068034,944373.5902068034,19965.00207056203,24.95625258820254,22.229373846480396,-2228.688619812398,25.0,CHECKPOINT24_NONPOS_NEXT_OPEN,0.5477757876502451,0,0.0,C2,NONE
2020,CHR-USDT,2020-10-15 05:00:00+00:00,2020-10-16 06:00:00+00:00,0.029614,0.026893,674022.7576516564,674022.7576516564,19960.509945096153,24.950637431370193,22.658117526907496,-1881.6246785284354,25.0,CHECKPOINT24_NONPOS_NEXT_OPEN,0.4057851054629466,0,0.0,C2,NONE
2020,DAG-USDT,2020-10-15 13:00:00+00:00,2020-10-16 14:00:00+00:00,0.011388,0.011008,1704574.4125142049,1704574.4125142049,19411.693409711766,24.26461676213971,23.45494391619546,-695.4578374337324,25.0,CHECKPOINT24_NONPOS_NEXT_OPEN,0.5305932578608956,0,0.0,C2,NONE
2020,KPOL-USDT,2020-10-16 16:00:00+00:00,2020-10-17 17:00:00+00:00,0.02079,0.02041,928452.7855985878,928452.7855985878,19302.53341259464,24.1281667657433,23.687151692583974,-400.62737698578644,25.0,CHECKPOINT24_NONPOS_NEXT_OPEN,0.2092984622500559,0,0.0,C2,NONE
2020,BNB-USDT,2020-10-14 23:00:00+00:00,2020-10-18 00:00:00+00:00,30.857,30.21,647.7958840626138,647.7958840626138,19989.037594520076,24.986296993150095,24.462392071914454,-468.57262605357613,73.0,CHECKPOINT72_NONPOS_NEXT_OPEN,0.15215415210879651,0,0.0,C2,NONE
2020,STX-USDT,2020-10-17 18:00:00+00:00,2020-10-18 19:00:00+00:00,0.1701,0.1689,112761.17601850719,112761.17601850719,19180.676040748072,23.975845050935092,23.806703286907332,-183.09595956004935,25.0,CHECKPOINT24_NONPOS_NEXT_OPEN,0.19625810541813418,0,0.0,C2,NONE
2020,DAG-USDT,2020-10-16 20:00:00+00:00,2020-10-19 21:00:00+00:00,0.011029,0.010472,1435445.4427069048,1435445.4427069048,15831.527787614454,19.789409734518067,18.789980845033387,-838.1225021672968,73.0,CHECKPOINT72_NONPOS_NEXT_OPEN,0.45829160659844537,0,0.0,C2,NONE
2020,TEL-USDT,2020-10-18 23:00:00+00:00,2020-10-20 00:00:00+00:00,0.0001906,0.00018387,99993274.77216136,99993274.77216136,19058.718171573957,23.823397714467447,22.98220429044664,-719.76034122156,25.0,CHECKPOINT24_NONPOS_NEXT_OPEN,0.29491329723949955,0,0.0,C2,NONE
2020,ALGO-USDT,2020-10-19 21:00:00+00:00,2020-10-20 22:00:00+00:00,0.3102,0.2884,50511.83754011769,50511.83754011769,15668.772004944505,19.585965006180633,18.209517433212426,-1138.9535408139566,25.0,CHECKPOINT24_NONPOS_NEXT_OPEN,0.3974582041974564,0,0.0,C2,NONE
2020,ZEC-USDT,2020-10-20 00:00:00+00:00,2020-10-21 01:00:00+00:00,63.67,57.798,289.3450639057148,289.3450639057148,18422.60021887686,23.02825027359608,20.904457504528132,-1742.9669230324805,25.0,CHECKPOINT24_NONPOS_NEXT_OPEN,0.27095998558985834,0,0.0,C2,NONE
2020,SENSO-USDT,2020-10-15 17:00:00+00:00,2020-10-22 17:00:00+00:00,0.251784,0.278476,75377.48424250488,75377.48424250488,18978.84449251485,23.723555615643562,26.23852537739474,1962.0137284079028,168.0,TERMINAL168,0.2600606564042459,0,0.0,C2,NONE
2020,CHR-USDT,2020-10-16 09:00:00+00:00,2020-10-23 09:00:00+00:00,0.029136,0.029425,657850.0746923583,657850.0746923583,19167.11977623655,23.958899720295687,24.1965480597783,141.96322380601913,168.0,TERMINAL168,0.4678740165746138,0,0.0,C2,NONE
2020,KSM-USDT,2020-10-22 22:00:00+00:00,2020-10-23 23:00:00+00:00,27.4782,27.1304,655.235563080454,655.235563080454,18004.69384943733,22.505867311796663,22.221003650747438,-272.6177998019248,25.0,CHECKPOINT24_NONPOS_NEXT_OPEN,0.5120949217783497,0,0.0,C2,NONE
2020,KCS-USDT,2020-10-20 23:00:00+00:00,2020-10-24 00:00:00+00:00,0.915,0.90829,16276.5151848552,16276.5151848552,14893.011394142508,18.616264242678135,18.479744971565164,-146.31142610462135,73.0,CHECKPOINT72_NONPOS_NEXT_OPEN,0.23758731620621107,0,0.0,C2,NONE
2020,MTV-USDT,2020-10-21 02:00:00+00:00,2020-10-24 03:00:00+00:00,0.0003482,0.0003265,48068480.8100511,48068480.8100511,16737.445018059792,20.92180627257474,19.617948730602105,-1083.625788581284,73.0,CHECKPOINT72_NONPOS_NEXT_OPEN,0.2952694273215014,0,0.0,C2,NONE
2020,BTT-USDT,2020-10-18 00:00:00+00:00,2020-10-25 00:00:00+00:00,0.0003356,0.00033234,57230619.93394129,57230619.93394129,19206.5960498307,24.008245062288374,23.775030286057557,-234.35509633299867,168.0,TERMINAL168,0.29427146334484394,0,0.0,C2,NONE
2020,SENSO-USDT,2020-10-24 00:00:00+00:00,2020-10-25 01:00:00+00:00,0.279667,0.279034,64572.3554820262,64572.3554820262,18058.756940591822,22.57344617573978,22.522353299464626,-85.9701004953259,25.0,CHECKPOINT24_NONPOS_NEXT_OPEN,0.16906903900757675,0,0.0,C2,NONE
2020,XTZ-USDT,2020-10-25 00:00:00+00:00,2020-10-26 01:00:00+00:00,2.21749,2.15827,8227.832381067432,8227.832381067432,18245.13602669322,22.806420033366525,22.19735474135801,-532.2560083815387,25.0,CHECKPOINT24_NONPOS_NEXT_OPEN,0.24671476598391875,0,0.0,C2,NONE
2020,COMP-USDT,2020-10-26 02:00:00+00:00,2020-10-27 03:00:00+00:00,94.36,91.81,191.54636318375606,191.54636318375606,18074.314830019222,22.592893537524027,21.982339504875803,-533.0184591609792,25.0,CHECKPOINT24_NONPOS_NEXT_OPEN,0.4454970411356668,0,0.0,C2,NONE
2020,ETC-USDT,2020-10-25 01:00:00+00:00,2020-10-28 02:00:00+00:00,5.4,5.306,3384.176031473991,3384.176031473991,18274.550569959552,22.84318821244944,22.445547528751245,-363.4012826997575,73.0,CHECKPOINT72_NONPOS_NEXT_OPEN,0.291770952745005,0,0.0,C2,NONE
2020,VSYS-USDT,2020-10-27 04:00:00+00:00,2020-10-28 05:00:00+00:00,0.01679,0.01618,1054171.279941611,1054171.279941611,17699.53579021965,22.12441973777456,21.32061413681908,-686.4895146389772,25.0,CHECKPOINT24_NONPOS_NEXT_OPEN,0.2501848018665982,0,0.0,C2,NONE
2020,BNB-USDT,2020-10-28 02:00:00+00:00,2020-10-29 03:00:00+00:00,31.822,30.372,562.1014511976267,562.1014511976267,17887.192380010878,22.3589904750136,21.340181594717897,-858.7462763062922,25.0,CHECKPOINT24_NONPOS_NEXT_OPEN,0.2660654574938466,0,0.0,C2,NONE
2020,SENSO-USDT,2020-10-28 06:00:00+00:00,2020-10-29 07:00:00+00:00,0.27975,0.278968,61133.57781096515,61133.57781096515,17102.1183926175,21.377647990771877,21.317889918461656,-90.50199575740888,25.0,CHECKPOINT24_NONPOS_NEXT_OPEN,0.08627253319977851,0,0.0,C2,NONE
2020,STX-USDT,2020-10-29 03:00:00+00:00,2020-10-30 04:00:00+00:00,0.1741,0.1398,98483.9885030439,98483.9885030439,17146.062398379945,21.43257799797493,17.210076990906924,-3416.6434606432886,25.0,CHECKPOINT24_NONPOS_NEXT_OPEN,1.3376210850047727,0,0.0,C2,NONE
2020,SNX-USDT,2020-10-23 09:00:00+00:00,2020-10-30 09:00:00+00:00,3.532726,3.086935,5164.748232240283,5164.748232240283,18245.640363489285,22.807050454361608,19.92905260536332,-2345.134382258352,168.0,TERMINAL168,0.21348779522997194,0,0.0,C2,NONE
2020,BTC-USDT,2020-10-24 00:00:00+00:00,2020-10-31 00:00:00+00:00,12936.3,13554.0,1.3962895940364535,1.3962895940364535,18062.821075333773,22.578526344167216,23.65663644696261,816.2529194451859,168.0,TERMINAL168,0.22772432962070266,0,0.0,C2,NONE
2020,LTC-USDT,2020-10-24 03:00:00+00:00,2020-10-31 03:00:00+00:00,55.62,55.075,285.68209509009455,285.68209509009455,15889.638128911058,19.862047661138824,19.667426733858697,-195.2262162190977,168.0,TERMINAL168,0.30074146170082805,0,0.0,C2,NONE
2020,KCS-USDT,2020-10-30 06:00:00+00:00,2020-10-31 07:00:00+00:00,0.85144,0.84976,17241.48061081688,17241.48061081688,14680.086251273926,18.350107814092407,18.313900704809694,-65.62969594507484,25.0,CHECKPOINT24_NONPOS_NEXT_OPEN,0.2097066196090204,0,0.0,C2,NONE
2020,DASH-USDT,2020-10-31 10:00:00+00:00,2020-11-01 11:00:00+00:00,70.27,69.56,236.62295408696244,236.62295408696244,16627.49498369085,20.78436872961356,20.574365857861384,-209.36103198921603,25.0,CHECKPOINT24_NONPOS_NEXT_OPEN,0.2997773399639361,0,0.0,C2,NONE
2020,ATOM-USDT,2020-11-01 12:00:00+00:00,2020-11-02 13:00:00+00:00,4.6842,4.6476,3488.008950814433,3488.008950814433,16338.531527404964,20.423164409256206,20.263587999756446,-168.34788000882017,25.0,CHECKPOINT24_NONPOS_NEXT_OPEN,0.33107299267973256,0,0.0,C2,NONE
2020,CRO-USDT,2020-10-30 20:00:00+00:00,2020-11-02 21:00:00+00:00,0.1044,0.0972,152010.49844466496,152010.49844466496,15869.896037623024,19.83737004702878,18.46927556102679,-1132.7822344096471,73.0,CHECKPOINT72_NONPOS_NEXT_OPEN,0.5518064285774724,0,0.0,C2,NONE
2020,DGB-USDT,2020-10-31 07:00:00+00:00,2020-11-03 08:00:00+00:00,0.019841,0.019106,837204.3469513424,837204.3469513424,16610.971447861586,20.763714309826984,19.994532816065437,-656.1034421351292,73.0,CHECKPOINT72_NONPOS_NEXT_OPEN,0.4288181936629159,0,0.0,C2,NONE
2020,MTV-USDT,2020-10-31 13:00:00+00:00,2020-11-03 14:00:00+00:00,0.000449,0.000406,35317236.02235051,35317236.02235051,15857.43897403538,19.821798717544226,17.923497281342886,-1556.386444959958,73.0,CHECKPOINT72_NONPOS_NEXT_OPEN,0.6208815635410564,0,0.0,C2,NONE
2020,NEO-USDT,2020-11-02 15:00:00+00:00,2020-11-03 16:00:00+00:00,15.3417,14.6546,1067.8446681024127,1067.8446681024127,16382.552544626786,20.47819068078348,19.561045591467025,-773.7553077254179,25.0,CHECKPOINT24_NONPOS_NEXT_OPEN,0.3463288124877025,0,0.0,C2,NONE
2020,WIN-USDT,2020-11-03 15:00:00+00:00,2020-11-04 16:00:00+00:00,9.05e-05,8.721e-05,161504683.66720486,161504683.66720486,14616.173871882042,18.270217339852554,17.60602932827117,-567.2266559332293,25.0,CHECKPOINT24_NONPOS_NEXT_OPEN,0.33602325169005093,0,0.0,C2,NONE
2020,DGB-USDT,2020-11-03 21:00:00+00:00,2020-11-04 22:00:00+00:00,0.01977,0.01932,792484.5670619644,792484.5670619644,15667.419890815036,19.584274863518797,19.13850229454644,-395.3408323359487,25.0,CHECKPOINT24_NONPOS_NEXT_OPEN,0.3398272475433011,0,0.0,C2,NONE
2020,SENSO-USDT,2020-10-29 17:00:00+00:00,2020-11-05 17:00:00+00:00,0.285264,0.299698,58620.66646483542,58620.66646483542,16722.365798424813,20.902957248031015,21.96062062272281,803.26712188268,168.0,TERMINAL168,0.23380831839105148,0,0.0,C2,NONE
2020,BTC-USDT,2020-11-02 22:00:00+00:00,2020-11-09 22:00:00+00:00,13661.3,15371.5,1.088701538446119,1.088701538446119,14873.078327173964,18.591347908967457,20.918719622780646,1822.3873035188044,168.0,TERMINAL168,0.24962704864251586,0,0.0,C2,NONE
2020,KPOL-USDT,2020-11-03 10:00:00+00:00,2020-11-10 10:00:00+00:00,0.01702,0.01613,925553.5983625948,925553.5983625948,15752.922244131365,19.691152805164208,18.661474426985816,-862.0953297748614,168.0,TERMINAL168,0.25219955234039537,0,0.0,C2,NONE
2020,AVA-USDT,2020-11-05 03:00:00+00:00,2020-11-12 03:00:00+00:00,0.704934,0.70982,22199.374402980182,22199.374402980182,15649.09379539043,19.56136724423804,19.69694992340424,69.20782616531974,168.0,TERMINAL168,0.6621470593179886,0,0.0,C2,NONE
2020,XRP-USDT,2020-11-05 12:00:00+00:00,2020-11-12 12:00:00+00:00,0.23906,0.25392,57488.05971378639,57488.05971378639,13743.095555177773,17.178869443972218,18.2467101531558,818.8469877497369,168.0,TERMINAL168,0.2624354043541527,0,0.0,C2,NONE
2020,STX-USDT,2020-11-05 21:00:00+00:00,2020-11-12 21:00:00+00:00,0.1509,0.2977,106730.33848272533,106730.33848272533,16105.608077043253,20.132010096304068,39.717027207884165,15608.164651959893,168.0,TERMINAL168,0.40036943092658345,0,0.0,C2,NONE
2020,SNX-USDT,2020-11-09 22:00:00+00:00,2020-11-12 23:00:00+00:00,4.25156,3.775627,3967.135756027653,3967.135756027653,16866.515694896927,21.08314461862116,18.723031091404273,-1927.896997483534,73.0,CHECKPOINT72_NONPOS_NEXT_OPEN,0.656162240919339,0,0.0,C2,NONE
2020,KCS-USDT,2020-11-12 21:00:00+00:00,2020-11-15 22:00:00+00:00,0.84176,0.82005,21675.575854457955,21675.575854457955,18245.632731248526,22.807040914060657,22.218819974310303,-515.6026126886541,73.0,CHECKPOINT72_NONPOS_NEXT_OPEN,0.23110601663743846,0,0.0,C2,NONE
2020,ETH-USDT,2020-11-12 23:00:00+00:00,2020-11-16 00:00:00+00:00,462.82,446.59,39.55838660817042,39.55838660817042,18308.412489993436,22.885515612491794,22.082974844178533,-687.0011051072789,73.0,CHECKPOINT72_NONPOS_NEXT_OPEN,0.27684875404323783,0,0.0,C2,NONE
2020,AVA-USDT,2020-11-16 00:00:00+00:00,2020-11-17 01:00:00+00:00,0.739999,0.717498,24083.878708689062,24083.878708689062,17822.046160551195,22.277557700688995,21.600168507158727,-585.7890810320608,25.0,CHECKPOINT24_NONPOS_NEXT_OPEN,0.42152285699936887,0,0.0,C2,NONE
2020,ONE-USDT,2020-11-10 10:00:00+00:00,2020-11-17 10:00:00+00:00,0.005163,0.00508,2968910.774183237,2968910.774183237,15328.486327108054,19.16060790888507,18.852583416063556,-284.43278558215826,168.0,TERMINAL168,0.5450908680103712,0,0.0,C2,NONE
2020,COTI-USDT,2020-11-17 10:00:00+00:00,2020-11-18 11:00:00+00:00,0.037272,0.035455,500470.3064251991,500470.3064251991,18653.52926108002,23.316911576350027,22.180218392881795,-954.851676743818,25.0,CHECKPOINT24_NONPOS_NEXT_OPEN,0.5750527785302273,0,0.0,C2,NONE
2020,MLK-USDT,2020-11-12 03:00:00+00:00,2020-11-19 03:00:00+00:00,0.15733,0.15278,102410.93273172597,102410.93273172597,16112.312046682448,20.14039005835306,19.55792787844137,-505.6680618661485,168.0,TERMINAL168,0.2862771453923923,0,0.0,C2,NONE
2020,SUKU-USDT,2020-11-18 11:00:00+00:00,2020-11-19 12:00:00+00:00,0.09382,0.07208,193301.05584065084,193301.05584065084,18135.505058969862,22.66938132371233,17.41642513124264,-4242.450760430705,25.0,CHECKPOINT24_NONPOS_NEXT_OPEN,1.0111952811518974,0,0.0,C2,NONE
2020,ZEC-USDT,2020-11-12 13:00:00+00:00,2020-11-19 13:00:00+00:00,61.324,62.129,227.36803666525464,227.36803666525464,13943.117480460074,17.428896850575093,17.657685937469505,147.94468672748528,168.0,TERMINAL168,0.360175195552607,0,0.0,C2,NONE
2020,ONE-USDT,2020-11-19 03:00:00+00:00,2020-11-20 04:00:00+00:00,0.004798,0.004681,3708153.1098248623,3708153.1098248623,17791.71862093969,22.239648276174613,21.69733088386273,-477.7908930095444,25.0,CHECKPOINT24_NONPOS_NEXT_OPEN,0.4244173495566142,0,0.0,C2,NONE
2020,ETC-USDT,2020-11-19 13:00:00+00:00,2020-11-20 14:00:00+00:00,5.7383,5.7,2431.8244022868867,2431.8244022868867,13954.537967642842,17.44317245955355,17.326748866294068,-127.90879593343577,25.0,CHECKPOINT24_NONPOS_NEXT_OPEN,0.5026699222948359,0,0.0,C2,NONE
2020,WAVES-USDT,2020-11-15 22:00:00+00:00,2020-11-22 22:00:00+00:00,4.3295,7.2394,4114.4523070705545,4114.4523070705545,17813.521263461967,22.26690157932746,37.232707539758216,11913.14515922552,168.0,TERMINAL168,0.436431592999712,0,0.0,C2,NONE
2020,BTT-USDT,2020-11-17 01:00:00+00:00,2020-11-24 01:00:00+00:00,0.00029144,0.00032871,63347084.74195338,63347084.74195338,18461.874377194894,23.077342971493618,26.02852528190937,2311.8399800791985,168.0,TERMINAL168,0.2810973361575143,0,0.0,C2,NONE
2020,DIA-USDT,2020-11-24 01:00:00+00:00,2020-11-25 02:00:00+00:00,1.663,1.58,12933.425326841078,12933.425326841078,21508.286318536713,26.88535789817089,25.543515020511133,-1125.9031750464903,25.0,CHECKPOINT24_NONPOS_NEXT_OPEN,0.9608789107896802,0,0.0,C2,NONE
2020,LTC-USDT,2020-11-19 12:00:00+00:00,2020-11-26 12:00:00+00:00,74.706,74.861,217.1056170003987,217.1056170003987,16219.092223631786,20.27386527953973,20.315929492833558,-6.938424137311749,168.0,TERMINAL168,0.4632159307835984,0,0.0,C2,NONE
2020,VET-USDT,2020-11-20 04:00:00+00:00,2020-11-27 04:00:00+00:00,0.0115595,0.0143292,1483132.4492770114,1483132.4492770114,17144.269547417614,21.430336934272017,26.565126865225192,4059.836480963043,168.0,TERMINAL168,0.3558285601316967,0,0.0,C2,NONE
2020,ETC-USDT,2020-11-20 15:00:00+00:00,2020-11-27 15:00:00+00:00,5.7322,6.0382,2315.8482720490665,2315.8482720490665,13274.905465039657,16.59363183129957,17.479443795358343,674.5764956203572,168.0,TERMINAL168,0.43550562609344184,0,0.0,C2,NONE
2020,DIA-USDT,2020-11-25 02:00:00+00:00,2020-11-28 03:00:00+00:00,1.58,1.4088,14011.362477274359,14011.362477274359,22137.952714093488,27.672440892616862,24.674009322480146,-2451.091706324468,73.0,CHECKPOINT72_NONPOS_NEXT_OPEN,0.8844859695342093,0,0.0,C2,NONE
2020,SUKU-USDT,2020-11-27 16:00:00+00:00,2020-11-28 17:00:00+00:00,0.18187,0.14927,103261.22930546009,103261.22930546009,18780.119773784027,23.475149717230035,19.267254623032535,-3409.0584796982603,25.0,CHECKPOINT24_NONPOS_NEXT_OPEN,0.24976858155027304,0,0.0,C2,NONE
2020,KPOL-USDT,2020-11-28 06:00:00+00:00,2020-11-29 07:00:00+00:00,0.01532,0.01531,1275171.1140861793,1275171.1140861793,19535.62146780027,24.419526834750336,24.403587195824258,-61.57482517143793,25.0,CHECKPOINT24_NONPOS_NEXT_OPEN,0.3395081517654999,0,0.0,C2,NONE
2020,ATOM-USDT,2020-11-22 23:00:00+00:00,2020-11-29 23:00:00+00:00,5.5916,5.4176,3674.881880081606,3674.881880081606,20548.46952066431,25.685586900830387,24.88630009191264,-690.0013341269394,168.0,TERMINAL168,0.49079271676780106,0,0.0,C2,NONE
2020,KSM-USDT,2020-11-26 12:00:00+00:00,2020-12-03 12:00:00+00:00,43.819,59.4744,448.5647021839081,448.5647021839081,19655.65668499667,24.569570856245836,33.347645654458276,6964.542622059249,168.0,TERMINAL168,0.696284365317907,0,0.0,C2,NONE
2020,XLM-USDT,2020-11-27 05:00:00+00:00,2020-12-04 05:00:00+00:00,0.175548,0.181,111180.68956187672,111180.68956187672,19517.547691208336,24.39693461401042,25.154631013374605,556.6055538639636,168.0,TERMINAL168,1.202488143478051,0,0.0,C2,NONE
2020,CRO-USDT,2020-12-03 12:00:00+00:00,2020-12-04 13:00:00+00:00,0.0663,0.064,314036.39317298675,314036.39317298675,20820.612867369022,26.025766084211277,25.12291145383894,-773.4323818359182,25.0,CHECKPOINT24_NONPOS_NEXT_OPEN,0.3458779991300773,0,0.0,C2,NONE
2020,CHR-USDT,2020-12-04 05:00:00+00:00,2020-12-05 06:00:00+00:00,0.028856,0.026795,717938.7671193606,717938.7671193606,20716.84106399627,25.89605132999534,24.046461581204085,-1529.6143119442029,25.0,CHECKPOINT24_NONPOS_NEXT_OPEN,0.37748140229448635,0,0.0,C2,NONE
2020,SENSO-USDT,2020-11-28 17:00:00+00:00,2020-12-05 17:00:00+00:00,0.279834,0.290613,54390.57611897588,54390.57611897588,15220.332477677497,19.02541559709687,19.758260622079924,547.4923437672638,168.0,TERMINAL168,0.12124456571587083,0,0.0,C2,NONE
2020,ARPA-USDT,2020-11-29 07:00:00+00:00,2020-12-06 07:00:00+00:00,0.021533,0.023469,904701.2759412044,904701.2759412044,19480.932574841954,24.351165718552444,26.54054280633016,1700.6099616972901,168.0,TERMINAL168,0.22522315637174592,0,0.0,C2,NONE
2020,DIA-USDT,2020-12-05 07:00:00+00:00,2020-12-06 08:00:00+00:00,1.7094,1.6786,11714.966683188139,11714.966683188139,20025.564048241806,25.03195506030226,24.580928842999516,-410.4338577454956,25.0,CHECKPOINT24_NONPOS_NEXT_OPEN,0.5928073539908005,0,0.0,C2,NONE
2020,CHR-USDT,2020-12-05 17:00:00+00:00,2020-12-06 18:00:00+00:00,0.027671,0.026432,722428.8406222597,722428.8406222597,19990.32844885855,24.987910561073186,23.86904889415946,-943.9462929862137,25.0,CHECKPOINT24_NONPOS_NEXT_OPEN,0.33320306301017716,0,0.0,C2,NONE
2020,XRP-USDT,2020-11-29 23:00:00+00:00,2020-12-06 23:00:00+00:00,0.60943,0.622,31988.357960884186,31988.357960884186,19494.66499210165,24.368331240127063,24.870948314587455,352.8543800135979,168.0,TERMINAL168,0.6131924227077546,0,0.0,C2,NONE
2020,COMP-USDT,2020-12-06 07:00:00+00:00,2020-12-07 08:00:00+00:00,138.26,139.03,146.07084142819983,146.07084142819983,20195.754535862907,25.244693169828633,25.385286354703275,61.844568375181886,25.0,CHECKPOINT24_NONPOS_NEXT_OPEN,0.34273963487651055,0,0.0,C2,NONE
2020,SNX-USDT,2020-12-06 09:00:00+00:00,2020-12-07 10:00:00+00:00,5.213588,5.09834,3875.6367949621167,3875.6367949621167,20205.97348657295,25.25746685821619,24.699142621533948,-496.615998825544,25.0,CHECKPOINT24_NONPOS_NEXT_OPEN,0.42647341091223034,0,0.0,C2,NONE
2020,TEL-USDT,2020-12-07 00:00:00+00:00,2020-12-08 01:00:00+00:00,0.00016652,0.00015009,121842528.69746585,121842528.69746585,20289.217878702013,25.361522348377516,22.85918141525331,-2050.0934502629952,25.0,CHECKPOINT24_NONPOS_NEXT_OPEN,0.3025038614936415,0,0.0,C2,NONE
2020,MTV-USDT,2020-12-07 01:00:00+00:00,2020-12-08 02:00:00+00:00,0.0004501,0.0004308,41886975.09158979,41886975.09158979,18853.327488724564,23.566659360905707,22.556136086821102,-854.5414147154094,25.0,CHECKPOINT24_NONPOS_NEXT_OPEN,0.581337901459484,0,0.0,C2,NONE
2020,ETN-USDT,2020-12-07 12:00:00+00:00,2020-12-08 13:00:00+00:00,0.0048571,0.0047505,4054409.254505552,4054409.254505552,19692.671190058914,24.615838987573643,24.075588954410783,-480.891454472273,25.0,CHECKPOINT24_NONPOS_NEXT_OPEN,0.3235835499588874,0,0.0,C2,NONE
2020,ONE-USDT,2020-12-08 01:00:00+00:00,2020-12-09 02:00:00+00:00,0.005196,0.004745,3529521.0996079827,3529521.0996079827,18339.39163356308,22.92423954195385,20.93447202204985,-1635.6727274872026,25.0,CHECKPOINT24_NONPOS_NEXT_OPEN,0.41143088136147393,0,0.0,C2,NONE
2020,AVA-USDT,2020-12-08 02:00:00+00:00,2020-12-09 03:00:00+00:00,0.77059,0.723443,23407.070174565848,23407.070174565848,18037.254205818695,22.54656775727337,21.16710133537305,-1147.2868066129022,25.0,CHECKPOINT24_NONPOS_NEXT_OPEN,0.33301100341824325,0,0.0,C2,NONE
2020,KPOL-USDT,2020-12-07 08:00:00+00:00,2020-12-10 09:00:00+00:00,0.01462,0.01465,1389156.030814804,1389156.030814804,20309.461170512433,25.386826463140544,25.438919814296096,-9.151065352993403,73.0,CHECKPOINT72_NONPOS_NEXT_OPEN,0.28332746994179525,0,0.0,C2,NONE
2020,EWT-USDT,2020-12-09 12:00:00+00:00,2020-12-10 13:00:00+00:00,6.006,5.185,2522.980609780107,2522.980609780107,15153.021542339324,18.941276927924154,16.352068077137318,-2106.6604256345317,25.0,CHECKPOINT24_NONPOS_NEXT_OPEN,0.46569651699486947,0,0.0,C2,NONE
2020,WAVES-USDT,2020-12-04 14:00:00+00:00,2020-12-11 14:00:00+00:00,7.5293,7.9393,2701.550340619971,2701.550340619971,20340.78297962995,25.425978724537437,26.810523274105172,1055.3991376555462,168.0,TERMINAL168,0.41947241381934,0,0.0,C2,NONE
2020,STX-USDT,2020-12-08 15:00:00+00:00,2020-12-11 16:00:00+00:00,0.2844,0.2846,68569.5091168714,68569.5091168714,19501.168392838226,24.376460491047784,24.393602868327005,-35.05616153599915,73.0,CHECKPOINT72_NONPOS_NEXT_OPEN,0.6674826942081429,0,0.0,C2,NONE
2020,VSYS-USDT,2020-12-11 16:00:00+00:00,2020-12-12 17:00:00+00:00,0.015,0.01491,1252276.5545493718,1252276.5545493718,18784.148318240575,23.48018539780072,23.33930428541392,-159.52437959265532,25.0,CHECKPOINT24_NONPOS_NEXT_OPEN,0.45574997098302844,0,0.0,C2,NONE
2020,TEL-USDT,2020-12-11 08:00:00+00:00,2020-12-14 09:00:00+00:00,0.00016335,0.0001633,90340064.95868629,90340064.95868629,14757.049611001406,18.446312013751758,18.44066575969184,-41.40398102137815,73.0,CHECKPOINT72_NONPOS_NEXT_OPEN,0.5213925826225281,0,0.0,C2,NONE
2020,DIA-USDT,2020-12-14 09:00:00+00:00,2020-12-15 10:00:00+00:00,1.4406,1.3849,12378.001809871066,12378.001809871066,17831.74940730026,22.289686759125324,21.42786838311305,-733.1722559520581,25.0,CHECKPOINT24_NONPOS_NEXT_OPEN,0.3398437318446742,0,0.0,C2,NONE
2020,WAVES-USDT,2020-12-12 17:00:00+00:00,2020-12-15 18:00:00+00:00,8.4612,8.3367,2223.1988049788783,2223.1988049788783,18810.929728687286,23.51366216085911,23.16767684683427,-323.4695902275637,73.0,CHECKPOINT72_NONPOS_NEXT_OPEN,0.3999633636750035,0,0.0,C2,NONE
2020,SENSO-USDT,2020-12-09 03:00:00+00:00,2020-12-16 03:00:00+00:00,0.294459,0.299874,64021.364439665915,64021.364439665915,18851.666951539588,23.564583689424484,23.99792829997547,299.11317645138786,168.0,TERMINAL168,0.18957275586902425,0,0.0,C2,NONE
2020,KPOL-USDT,2020-12-10 09:00:00+00:00,2020-12-17 09:00:00+00:00,0.01465,0.01441,1281126.5416210257,1281126.5416210257,18768.503834748026,23.460629793435032,23.076291830948723,-354.0072916134325,168.0,TERMINAL168,0.2887855561696919,0,0.0,C2,NONE
2020,ETN-USDT,2020-12-17 09:00:00+00:00,2020-12-18 10:00:00+00:00,0.0050994,0.0051168,3637984.3913140595,3637984.3913140595,18551.537605066915,23.189422006333643,23.268548166844727,16.84295823568736,25.0,CHECKPOINT24_NONPOS_NEXT_OPEN,0.4663515658151705,0,0.0,C2,NONE
2020,ETC-USDT,2020-12-11 14:00:00+00:00,2020-12-18 14:00:00+00:00,5.8339,6.3594,3186.6077513220575,3186.6077513220575,18590.35096043775,23.23793870054719,25.331141667196867,1625.9932929519987,168.0,TERMINAL168,0.2737580882647127,0,0.0,C2,NONE
2020,XLM-USDT,2020-12-18 10:00:00+00:00,2020-12-19 11:00:00+00:00,0.187608,0.182493,99068.01480907435,99068.01480907435,18585.95212230082,23.232440152876023,22.599024033190503,-552.5643599344835,25.0,CHECKPOINT24_NONPOS_NEXT_OPEN,0.5642311845590678,0,0.0,C2,NONE
2020,DAG-USDT,2020-12-18 14:00:00+00:00,2020-12-21 15:00:00+00:00,0.009733,0.008671,1980220.357063932,1980220.357063932,19273.484735303253,24.091855919129067,21.463113395126694,-2148.548988516154,73.0,CHECKPOINT72_NONPOS_NEXT_OPEN,0.6061529599062494,0,0.0,C2,NONE
2020,DOT-USDT,2020-12-15 10:00:00+00:00,2020-12-22 10:00:00+00:00,5.0392,4.8615,3418.99989354103,3418.99989354103,17229.02426353196,21.53628032941495,20.776834978062148,-649.8693963897183,168.0,TERMINAL168,0.3288988383594664,0,0.0,C2,NONE
2020,CRO-USDT,2020-12-19 11:00:00+00:00,2020-12-22 12:00:00+00:00,0.0661,0.0598,287705.2198807148,287705.2198807148,19017.31503411525,23.771643792644063,21.505965186083433,-1857.820494227233,73.0,CHECKPOINT72_NONPOS_NEXT_OPEN,0.34237071289645593,0,0.0,C2,NONE
2020,KPOL-USDT,2020-12-21 15:00:00+00:00,2020-12-22 16:00:00+00:00,0.01449,0.01413,1219544.5094404418,1219544.5094404418,17671.199941792,22.088999927240003,21.540204897991803,-482.6652282237912,25.0,CHECKPOINT24_NONPOS_NEXT_OPEN,0.30398137391797464,0,0.0,C2,NONE
2020,COMP-USDT,2020-12-15 18:00:00+00:00,2020-12-22 18:00:00+00:00,151.75,146.77,121.8407521652896,121.8407521652896,18489.334141082698,23.111667676353374,22.353208994124444,-652.2318224536212,168.0,TERMINAL168,0.43847611475510206,0,0.0,C2,NONE
2020,UMA-USDT,2020-12-16 03:00:00+00:00,2020-12-23 03:00:00+00:00,7.85,8.7,2366.3353076605176,2366.3353076605176,18575.73216513506,23.219665206418828,25.733896470808126,1962.4314498342133,168.0,TERMINAL168,0.41068607197123075,0,0.0,C2,NONE
2020,BTC-USDT,2020-12-22 13:00:00+00:00,2020-12-23 14:00:00+00:00,23121.0,23841.2,0.807821430247602,0.807821430247602,18677.639288754806,23.34704911094351,24.07429035352391,534.3716545998551,25.0,CHECKPOINT24_NONPOS_NEXT_OPEN,0.3660680722111915,0,0.0,C2,NONE
2020,BNB-USDT,2020-12-22 13:00:00+00:00,2020-12-23 14:00:00+00:00,32.326,33.025,460.18317332878297,460.18317332878297,14875.88126102624,18.5948515762828,18.996936623978822,284.0762499565551,25.0,CHECKPOINT24_NONPOS_NEXT_OPEN,0.3020927711458004,0,0.0,C2,NONE
2020,EWT-USDT,2020-12-23 08:00:00+00:00,2020-12-24 09:00:00+00:00,6.722,6.326,2685.1226738467944,2685.1226738467944,18049.394613598153,22.56174326699769,21.232607543443528,-1107.102929653772,25.0,CHECKPOINT24_NONPOS_NEXT_OPEN,0.927377690024838,0,0.0,C2,NONE
2020,ETN-USDT,2020-12-23 14:00:00+00:00,2020-12-24 15:00:00+00:00,0.0053566,0.0049881,3369168.313745878,3369168.313745878,18047.28698941117,22.559108736763964,21.007185582244766,-1285.1048179343686,25.0,CHECKPOINT24_NONPOS_NEXT_OPEN,0.36474003673977157,0,0.0,C2,NONE
2020,BTC-USDT,2020-12-23 14:00:00+00:00,2020-12-24 15:00:00+00:00,23841.2,23381.1,0.7568086484672982,0.7568086484672982,18043.22634983855,22.55403293729819,22.11877336334843,-392.88046546045183,25.0,CHECKPOINT24_NONPOS_NEXT_OPEN,0.3566189733961344,0,0.0,C2,NONE
2020,KSM-USDT,2020-12-24 15:00:00+00:00,2020-12-27 16:00:00+00:00,50.9375,49.6428,350.8164521214108,350.8164521214108,17869.713029934363,22.337141287417953,21.769388711715965,-498.3085905607247,73.0,CHECKPOINT72_NONPOS_NEXT_OPEN,0.6890205308970585,0,0.0,C2,NONE
2020,VELO-USDT,2020-12-23 08:00:00+00:00,2020-12-30 08:00:00+00:00,1.219414,1.251544,14798.365034196831,14798.365034196831,18045.333499810095,22.55666687476262,23.15100621044855,429.763795463534,168.0,TERMINAL168,0.34239374133644934,0,0.0,C2,NONE
2020,KPOL-USDT,2020-12-23 13:00:00+00:00,2020-12-30 13:00:00+00:00,0.01432,0.01502,1242267.0013045429,1242267.0013045429,17789.263458681053,22.236579323351318,23.323562949492793,824.0267586403379,168.0,TERMINAL168,0.3062790142062601,0,0.0,C2,NONE
2020,EWT-USDT,2020-12-24 10:00:00+00:00,2020-12-31 10:00:00+00:00,6.387,6.088,2732.386969586121,2732.386969586121,17451.755574746552,21.814694468433192,20.79346483855038,-859.5918632132312,168.0,TERMINAL168,0.6427902301824783,0,0.0,C2,NONE
2020,LTC-USDT,2020-12-24 15:00:00+00:00,2020-12-31 15:00:00+00:00,108.74,124.223,151.24319069371822,151.24319069371822,16446.184556034917,20.55773069504365,23.484853596932197,2297.6557372188654,168.0,TERMINAL168,0.6492709909612877,0,0.0,C2,NONE
2020,CHR-USDT,2020-01-07 00:00:00+00:00,2020-01-08 01:00:00+00:00,0.015008,0.01381,270598.5856418617,270598.5856418617,4061.143573313061,5.0764294666413265,4.671208084642638,-333.9247431502351,25.0,CHECKPOINT24_NONPOS_NEXT_OPEN,0.2758801686499016,0,0.0,C2,FROZEN_GOVERNOR
2020,ETC-USDT,2020-01-07 00:00:00+00:00,2020-01-08 01:00:00+00:00,5.0037,4.8426,811.5869060409971,811.5869060409971,4060.9374017573373,5.076171752196672,4.912738438992665,-140.73556075439444,25.0,CHECKPOINT24_NONPOS_NEXT_OPEN,0.12647839028575664,0,0.0,C2,FROZEN_GOVERNOR
2020,XTZ-USDT,2020-01-07 01:00:00+00:00,2020-01-08 02:00:00+00:00,1.30161,1.28093,3118.675068279189,3118.675068279189,4059.2986556228752,5.074123319528594,4.993505569013577,-74.5618293005561,25.0,CHECKPOINT24_NONPOS_NEXT_OPEN,0.24865858122077183,0,0.0,C2,FROZEN_GOVERNOR
2020,ALGO-USDT,2020-01-07 04:00:00+00:00,2020-01-08 05:00:00+00:00,0.2356,0.2316,17222.323371977433,17222.323371977433,4057.5793864378834,5.071974233047355,4.985862616187467,-78.9471303371448,25.0,CHECKPOINT24_NONPOS_NEXT_OPEN,0.3563481435627161,0,0.0,C2,FROZEN_GOVERNOR
2020,XRP-USDT,2020-01-08 01:00:00+00:00,2020-01-09 02:00:00+00:00,0.21351,0.20709,25153.2744751387,25153.2744751387,5370.475633186864,6.71309454148358,6.511239513820592,-174.7083561856944,25.0,CHECKPOINT24_NONPOS_NEXT_OPEN,0.3452868492480988,0,0.0,C2,FROZEN_GOVERNOR
2020,ETN-USDT,2020-01-08 01:00:00+00:00,2020-01-09 02:00:00+00:00,0.0036344,0.0034357,1477578.971866925,1477578.971866925,5370.113015353152,6.71264126919144,6.345647592053993,-306.65323057120366,25.0,CHECKPOINT24_NONPOS_NEXT_OPEN,0.3090126761939259,0,0.0,C2,FROZEN_GOVERNOR
2020,ONT-USDT,2020-01-08 02:00:00+00:00,2020-01-09 03:00:00+00:00,0.58481,0.54782,9194.549465933502,9194.549465933502,5377.0644731725715,6.721330591465715,6.296197610534614,-353.1239129468807,25.0,CHECKPOINT24_NONPOS_NEXT_OPEN,0.5026966374529018,0,0.0,C2,FROZEN_GOVERNOR
2020,VSYS-USDT,2020-01-07 00:00:00+00:00,2020-01-10 01:00:00+00:00,0.03164,0.03003,128361.24384753477,128361.24384753477,4061.3497553360003,5.076687194170001,4.818360190926837,-216.55664997962774,73.0,CHECKPOINT72_NONPOS_NEXT_OPEN,0.7989545999952945,0,0.0,C2,FROZEN_GOVERNOR
2020,XTZ-USDT,2020-01-09 03:00:00+00:00,2020-01-10 04:00:00+00:00,1.35291,1.2925,4039.6059866330816,4039.6059866330816,5465.223335375763,6.831529169219704,6.526488422154073,-257.39061524387836,25.0,CHECKPOINT24_NONPOS_NEXT_OPEN,0.2270905921215237,0,0.0,C2,FROZEN_GOVERNOR
2020,XLM-USDT,2020-01-09 06:00:00+00:00,2020-01-10 07:00:00+00:00,0.048138,0.046158,113419.09955628111,113419.09955628111,5459.7686144402605,6.824710768050326,6.54399849664853,-237.938526386136,25.0,CHECKPOINT24_NONPOS_NEXT_OPEN,0.21521068526307519,0,0.0,C2,FROZEN_GOVERNOR
2020,SNX-USDT,2020-01-09 17:00:00+00:00,2020-01-10 18:00:00+00:00,0.916,0.905001,5952.791930503626,5952.791930503626,5452.757408341321,6.815946760426652,6.73410331237214,-79.02480851640786,25.0,CHECKPOINT24_NONPOS_NEXT_OPEN,0.7679313144780279,0,0.0,C2,FROZEN_GOVERNOR
2020,ETN-USDT,2020-01-10 14:00:00+00:00,2020-01-11 15:00:00+00:00,0.003798,0.0037166,1405068.9873306022,1405068.9873306022,5336.452013881628,6.670565017352035,6.527599247891145,-127.57077983395499,25.0,CHECKPOINT24_NONPOS_NEXT_OPEN,0.2755163194502488,0,0.0,C2,FROZEN_GOVERNOR
2020,CHR-USDT,2020-01-11 03:00:00+00:00,2020-01-12 04:00:00+00:00,0.013498,0.013301,289727.4767133875,289727.4767133875,3910.741480677305,4.888426850846631,4.8170814597059595,-66.7818212230897,25.0,CHECKPOINT24_NONPOS_NEXT_OPEN,0.2977774141357542,0,0.0,C2,FROZEN_GOVERNOR
2020,TRX-USDT,2020-01-12 04:00:00+00:00,2020-01-13 05:00:00+00:00,0.014741,0.014597,350596.0305954965,350596.0305954965,5168.1360870082135,6.460170108760267,6.397062823253078,-63.343061337764254,25.0,CHECKPOINT24_NONPOS_NEXT_OPEN,0.2698043466496685,0,0.0,C2,FROZEN_GOVERNOR
2020,XTZ-USDT,2020-01-10 13:00:00+00:00,2020-01-13 14:00:00+00:00,1.29365,1.2961,4120.916356606089,4120.916356606089,5331.023444723467,6.663779305904334,6.67639961224644,-3.243933844465606,73.0,CHECKPOINT72_NONPOS_NEXT_OPEN,0.19596687917810762,0,0.0,C2,FROZEN_GOVERNOR
2020,XTZ-USDT,2020-01-13 14:00:00+00:00,2020-01-14 15:00:00+00:00,1.2961,1.30261,4411.194958251859,4411.194958251859,5717.3497853902345,7.146687231737793,7.1825833307105675,14.387608615771281,25.0,CHECKPOINT24_NONPOS_NEXT_OPEN,0.17607845453221552,0,0.0,C2,FROZEN_GOVERNOR
2020,ETC-USDT,2020-01-08 06:00:00+00:00,2020-01-15 06:00:00+00:00,4.9102,6.856,1090.2217158128783,766.0078030350583,5353.206668984394,6.691508336230493,9.309725018022057,2078.5721120789985,168.0,TERMINAL168,0.3216736657956544,1,2196.0305168092864,C2,FROZEN_GOVERNOR
2020,CHR-USDT,2020-01-14 15:00:00+00:00,2020-01-15 16:00:00+00:00,0.013259,0.012128,394232.24405983224,276994.0928324754,5227.125323989316,6.5339066549866445,5.985500228978143,-451.2445476907662,25.0,CHECKPOINT24_NONPOS_NEXT_OPEN,0.3134519706172315,1,1429.015825310253,C2,FROZEN_GOVERNOR
2020,VSYS-USDT,2020-01-15 07:00:00+00:00,2020-01-16 08:00:00+00:00,0.03572,0.03291,114801.91236318495,114801.91236318495,4100.724309612967,5.125905387016209,4.7226636698405215,-332.44194279740657,25.0,CHECKPOINT24_NONPOS_NEXT_OPEN,0.6109426864645127,0,0.0,C2,FROZEN_GOVERNOR
2020,ONT-USDT,2020-01-15 18:00:00+00:00,2020-01-16 19:00:00+00:00,0.70287,0.67812,5862.28755144358,5862.28755144358,4120.426051283149,5.150532564103936,4.969168042981151,-155.2113175053136,25.0,CHECKPOINT24_NONPOS_NEXT_OPEN,0.7250600479991112,0,0.0,C2,FROZEN_GOVERNOR
2020,COTI-USDT,2020-01-10 16:00:00+00:00,2020-01-17 16:00:00+00:00,0.010044,0.010632,508791.81755189213,355359.71245503315,5110.305015491205,6.387881269364007,6.809340310273845,323.97001114823235,168.0,TERMINAL168,0.5334288449688336,2,1669.287785397163,C2,FROZEN_GOVERNOR
2020,VET-USDT,2020-01-11 15:00:00+00:00,2020-01-18 15:00:00+00:00,0.0054526,0.0063483,954563.7904205623,648705.8137489412,5204.854523647158,6.506068154558948,7.446053888816685,738.0364653628136,168.0,TERMINAL168,0.23682972447772535,3,1838.6639936309439,C2,FROZEN_GOVERNOR
2020,KCS-USDT,2020-01-16 09:00:00+00:00,2020-01-19 10:00:00+00:00,1.07804,1.06931,3810.346139641953,3685.436208028014,4107.705552379612,5.134631940474515,5.096691128459872,-40.58397268064817,73.0,CHECKPOINT72_NONPOS_NEXT_OPEN,0.17117217028076726,2,136.47911116146227,C2,FROZEN_GOVERNOR
2020,COTI-USDT,2020-01-18 15:00:00+00:00,2020-01-19 16:00:00+00:00,0.010892,0.009849,366375.3324968338,366375.3324968338,3990.560121555514,4.988200151944392,4.510538312201645,-391.6282102583438,25.0,CHECKPOINT24_NONPOS_NEXT_OPEN,0.32231853743763805,0,0.0,C2,FROZEN_GOVERNOR
2020,TRX-USDT,2020-01-16 19:00:00+00:00,2020-01-19 20:00:00+00:00,0.016884,0.016388,243439.79492475282,235459.404949206,4110.237497509526,5.137796871886908,5.000470070141097,-119.99970833867638,73.0,CHECKPOINT72_NONPOS_NEXT_OPEN,0.4278592514137902,2,141.66732780529054,C2,FROZEN_GOVERNOR
2020,ETN-USDT,2020-01-13 08:00:00+00:00,2020-01-20 08:00:00+00:00,0.0037213,0.0038,1536477.0576412077,1044164.4759483095,5717.692074600226,7.1471150932502825,7.294230895592294,103.25129588476584,168.0,TERMINAL168,0.29288412577475437,3,1867.5597078702585,C2,FROZEN_GOVERNOR
2020,XTZ-USDT,2020-01-19 10:00:00+00:00,2020-01-20 11:00:00+00:00,1.50532,1.4678,2642.0736352449862,2642.0736352449862,3977.1662846069826,4.971457855758728,4.847544602265739,-108.94960525241643,25.0,CHECKPOINT24_NONPOS_NEXT_OPEN,0.27241162254946444,0,0.0,C2,FROZEN_GOVERNOR
2020,BTT-USDT,2020-01-17 16:00:00+00:00,2020-01-20 17:00:00+00:00,0.00037778,0.00036214,9390254.126413932,9136757.704330314,3547.450203876655,4.434312754845819,4.2568076946886055,-150.69516857530505,73.0,CHECKPOINT72_NONPOS_NEXT_OPEN,0.24131822018257393,1,96.6607207047045,C2,FROZEN_GOVERNOR
2020,WIN-USDT,2020-01-20 09:00:00+00:00,2020-01-21 10:00:00+00:00,9.992e-05,9.807e-05,36895739.92531519,36895739.92531519,3686.6223333374937,4.6082779166718675,4.522956518094575,-77.38835329659997,25.0,CHECKPOINT24_NONPOS_NEXT_OPEN,0.380366433247676,0,0.0,C2,FROZEN_GOVERNOR
2020,XLM-USDT,2020-01-21 03:00:00+00:00,2020-01-22 04:00:00+00:00,0.062774,0.062816,59262.94698565897,59249.288197655114,3720.172234077756,4.650215292597195,4.653327211959402,-6.814007014790811,25.0,CHECKPOINT24_NONPOS_NEXT_OPEN,0.3403665218858878,1,0.8584821436182096,C2,FROZEN_GOVERNOR
2020,XTZ-USDT,2020-01-21 11:00:00+00:00,2020-01-22 12:00:00+00:00,1.54969,1.54897,2275.809038273925,2275.2845150301087,3526.798508522719,4.408498135653399,4.406435338885855,-10.465170888574727,25.0,CHECKPOINT24_NONPOS_NEXT_OPEN,0.38919698650045964,1,0.8008158624966993,C2,FROZEN_GOVERNOR
2020,MTV-USDT,2020-01-19 23:00:00+00:00,2020-01-23 00:00:00+00:00,0.0003973,0.0003712,9867309.42268127,9865035.227852494,3920.2820336312684,4.900352542039085,4.578501503615095,-266.9596847848473,73.0,CHECKPOINT72_NONPOS_NEXT_OPEN,0.2954059146572644,1,0.9001263132296687,C2,FROZEN_GOVERNOR
2020,ZEC-USDT,2020-01-22 07:00:00+00:00,2020-01-23 08:00:00+00:00,53.151,51.184,67.71394864553615,67.71394864553615,3599.0640844588925,4.4988301055736155,4.332338434341403,-142.0245055256852,25.0,CHECKPOINT24_NONPOS_NEXT_OPEN,0.4023735927590138,0,0.0,C2,FROZEN_GOVERNOR
2020,SNX-USDT,2020-01-22 12:00:00+00:00,2020-01-23 13:00:00+00:00,1.099996,1.033553,3322.1162023746656,3322.1162023746656,3654.314534147323,4.567893167684153,4.291978959141178,-229.59123896120576,25.0,CHECKPOINT24_NONPOS_NEXT_OPEN,0.4687016622209214,0,0.0,C2,FROZEN_GOVERNOR
2020,ADA-USDT,2020-01-20 15:00:00+00:00,2020-01-23 16:00:00+00:00,0.043214,0.04307,85185.68182582001,85166.04842538678,3681.214054420986,4.601517568026233,4.5862524204475905,-21.39988805138758,73.0,CHECKPOINT72_NONPOS_NEXT_OPEN,0.30604725075389017,1,0.9002306766643696,C2,FROZEN_GOVERNOR
2020,XTZ-USDT,2020-01-23 09:00:00+00:00,2020-01-24 10:00:00+00:00,1.58443,1.55596,2438.696978973809,2394.2094074942493,3863.9446543954723,4.829930817994341,4.744161342452705,-78.18967259375546,25.0,CHECKPOINT24_NONPOS_NEXT_OPEN,0.3838478084083874,1,70.03500427741183,C2,FROZEN_GOVERNOR
2020,ARPA-USDT,2020-01-23 13:00:00+00:00,2020-01-24 14:00:00+00:00,0.0092,0.008839,419312.2106316924,411662.96921155526,3857.67233781157,4.822090422264463,4.636843831203606,-157.65620710215248,25.0,CHECKPOINT24_NONPOS_NEXT_OPEN,0.4046247612618464,1,70.78608010194866,C2,FROZEN_GOVERNOR
2020,WIN-USDT,2020-01-23 17:00:00+00:00,2020-01-24 18:00:00+00:00,0.0001026,0.00010244,37507219.32259846,36822999.38260584,3848.240702498602,4.810300878123252,4.80214087256649,-16.1404461961,25.0,CHECKPOINT24_NONPOS_NEXT_OPEN,0.2313065774648067,1,69.56464129904894,C2,FROZEN_GOVERNOR
2020,XTZ-USDT,2020-01-24 10:00:00+00:00,2020-01-25 11:00:00+00:00,1.55596,1.47936,2397.952678891707,2397.952678891707,3731.1184502483407,4.663898062810426,4.434294093806544,-192.78136735972228,25.0,CHECKPOINT24_NONPOS_NEXT_OPEN,0.24946641940421488,0,0.0,C2,FROZEN_GOVERNOR
2020,KCS-USDT,2020-01-24 15:00:00+00:00,2020-01-25 16:00:00+00:00,1.0238,1.01688,3651.2803363393427,3651.2803363393427,3738.1808083442193,4.672726010430274,4.641142435520939,-34.580728373419646,25.0,CHECKPOINT24_NONPOS_NEXT_OPEN,0.2702591607094481,0,0.0,C2,FROZEN_GOVERNOR
2020,ARPA-USDT,2020-01-24 23:00:00+00:00,2020-01-26 00:00:00+00:00,0.008949,0.008843,415612.59620554367,412838.82097873394,3719.3171234434103,4.649146404304263,4.594077735307029,-53.298159337398765,25.0,CHECKPOINT24_NONPOS_NEXT_OPEN,0.2720715349866497,1,24.528494330678537,C2,FROZEN_GOVERNOR
2020,ETC-USDT,2020-01-20 01:00:00+00:00,2020-01-27 01:00:00+00:00,8.5298,9.1926,417.30744370547353,406.86669861895024,3559.549033318948,4.449436291648685,4.785421673039875,259.55344714826253,168.0,TERMINAL168,0.5651822123831536,3,88.17452470733727,C2,FROZEN_GOVERNOR
2020,MTV-USDT,2020-01-26 07:00:00+00:00,2020-01-27 08:00:00+00:00,0.0004405,0.0004054,8298194.2012422215,8298194.2012422215,3655.3545456471984,4.569193182058998,4.205109911479496,-300.04091955714057,25.0,CHECKPOINT24_NONPOS_NEXT_OPEN,0.4201822589840598,0,0.0,C2,FROZEN_GOVERNOR
2020,WIN-USDT,2020-01-25 17:00:00+00:00,2020-01-28 18:00:00+00:00,0.00010337,0.00010282,36104660.386058986,35863699.90154638,3732.1387441069173,4.665173430133647,4.641146645717123,-28.527747609069728,73.0,CHECKPOINT72_NONPOS_NEXT_OPEN,0.23948571761176124,1,25.411692696699316,C2,FROZEN_GOVERNOR
2020,ONE-USDT,2020-01-23 00:00:00+00:00,2020-01-30 00:00:00+00:00,0.004953,0.004953,783318.9201650659,763896.8809949245,3879.7786115775716,4.849723264471964,4.855493152365287,-5.0893061021798385,168.0,TERMINAL168,0.06210977830387315,2,100.81327032436826,C2,FROZEN_GOVERNOR
2020,AVA-USDT,2020-01-27 02:00:00+00:00,2020-01-30 03:00:00+00:00,0.09481,0.095073,41890.39772525593,41890.39772525593,3971.628608331515,4.964535760414393,4.978307228666572,1.0743316126612612,73.0,CHECKPOINT72_NONPOS_NEXT_OPEN,0.18006027616128442,0,0.0,C2,FROZEN_GOVERNOR
2020,ETN-USDT,2020-01-25 15:00:00+00:00,2020-02-01 15:00:00+00:00,0.0038868,0.0044002,961105.1417843977,954690.7798113005,3735.6234650875967,4.669529331359496,5.282141202864653,480.13782666990187,168.0,TERMINAL168,0.3241294466287726,1,24.882592966038516,C2,FROZEN_GOVERNOR
2020,AVA-USDT,2020-01-30 03:00:00+00:00,2020-02-02 04:00:00+00:00,0.095073,0.094504,84203.56431628167,84203.56431628167,8005.485470241848,10.00685683780231,9.946967052682353,-67.86565198644934,73.0,CHECKPOINT72_NONPOS_NEXT_OPEN,0.2404996287138997,0,0.0,C2,FROZEN_GOVERNOR
2020,ARPA-USDT,2020-01-27 08:00:00+00:00,2020-02-03 08:00:00+00:00,0.008864,0.011393,447058.0987096977,447058.0987096977,3962.722986962761,4.9534037337034516,6.366666148249483,1119.2898617548724,168.0,TERMINAL168,0.3276512154660324,0,0.0,C2,FROZEN_GOVERNOR
2020,LTC-USDT,2020-02-01 15:00:00+00:00,2020-02-04 16:00:00+00:00,70.515,68.003,111.9140845517841,111.9140845517841,7891.621672169056,9.86452709021132,9.513116864718718,-300.50582434901196,73.0,CHECKPOINT72_NONPOS_NEXT_OPEN,0.3958251051958925,0,0.0,C2,FROZEN_GOVERNOR
2020,XTZ-USDT,2020-01-28 18:00:00+00:00,2020-02-04 18:00:00+00:00,1.53265,1.92991,2403.783749116904,2403.783749116904,3684.159163084023,4.605198953855029,5.798857869072755,944.5230753512529,168.0,TERMINAL168,0.22261080963651683,0,0.0,C2,FROZEN_GOVERNOR
2020,VSYS-USDT,2020-01-30 01:00:00+00:00,2020-02-06 01:00:00+00:00,0.03419,0.04536,234406.62914167967,234406.62914167967,8014.362650354028,10.017953312942536,13.290855872333237,2595.013238327285,168.0,TERMINAL168,0.25436251796388565,0,0.0,C2,FROZEN_GOVERNOR
2020,ONT-USDT,2020-02-02 04:00:00+00:00,2020-02-09 04:00:00+00:00,0.76358,0.86882,10275.95606541398,10275.890452439648,7846.514532428807,9.80814316553601,11.159944518329203,1060.4729945506901,168.0,TERMINAL168,0.2718532258453443,1,0.056471774748372346,C2,FROZEN_GOVERNOR
2020,ARPA-USDT,2020-02-03 08:00:00+00:00,2020-02-10 08:00:00+00:00,0.011393,0.016414,710710.9516050019,710706.4136467692,8097.129871635788,10.121412339544735,14.58202295977679,3543.7850608863237,168.0,TERMINAL168,0.25176329730139924,1,0.08329422336026998,C2,FROZEN_GOVERNOR
2020,BNB-USDT,2020-02-10 08:00:00+00:00,2020-02-11 09:00:00+00:00,24.639,24.415,549.6909429857798,549.6909429857798,13543.835144226628,16.929793930283285,16.775880466247266,-156.83644562534678,25.0,CHECKPOINT24_NONPOS_NEXT_OPEN,0.4008478122303095,0,0.0,C2,FROZEN_GOVERNOR
2020,XRP-USDT,2020-02-04 16:00:00+00:00,2020-02-11 16:00:00+00:00,0.26071,0.27226,42077.37467278028,42077.106004669324,10969.992350940547,13.712490438675685,14.319984775534325,457.96299427270384,168.0,TERMINAL168,0.36963485029565374,1,0.07493959618940342,C2,FROZEN_GOVERNOR
2020,MTV-USDT,2020-02-04 18:00:00+00:00,2020-02-11 18:00:00+00:00,0.0004062,0.000498,27416027.803192735,27415852.74920096,11136.390493656889,13.92048811707111,17.06646273424266,2485.792742885925,168.0,TERMINAL168,0.3352722159434156,1,0.07551829205134915,C2,FROZEN_GOVERNOR
2020,ONE-USDT,2020-02-06 03:00:00+00:00,2020-02-13 03:00:00+00:00,0.00595,0.007022,1793284.6850107028,1759751.9712359633,10670.043875813682,13.337554844767103,15.71663030618067,1874.2061839799064,168.0,TERMINAL168,0.3778568160314265,2,216.32590292560252,C2,FROZEN_GOVERNOR
2020,ATOM-USDT,2020-02-13 06:00:00+00:00,2020-02-14 07:00:00+00:00,5.1686,4.9361,2645.4218007443656,2617.5701200368153,13673.127119327328,17.09140889915916,16.321072234639445,-649.6818127495734,25.0,CHECKPOINT24_NONPOS_NEXT_OPEN,0.47727935211912964,1,136.26991819783026,C2,FROZEN_GOVERNOR
2020,CHR-USDT,2020-02-14 07:00:00+00:00,2020-02-15 08:00:00+00:00,0.023864,0.023421,540523.9445156461,540523.9445156461,12899.06341192138,16.123829264901723,15.824514130626186,-271.4004508159592,25.0,CHECKPOINT24_NONPOS_NEXT_OPEN,1.0862557751328117,0,0.0,C2,FROZEN_GOVERNOR
2020,VET-USDT,2020-02-09 04:00:00+00:00,2020-02-16 04:00:00+00:00,0.0067063,0.0076359,2028608.206996644,1588275.8434558802,13604.455218581594,17.005569023226993,19.289376021486024,1790.7506535625116,168.0,TERMINAL168,0.24907554987767427,3,3303.5853041440623,C2,FROZEN_GOVERNOR
2020,XTZ-USDT,2020-02-15 08:00:00+00:00,2020-02-16 09:00:00+00:00,3.392,3.24077,3783.1840302218175,3050.5407453112766,12832.560230512405,16.040700288140506,15.350144293359383,-583.8356404064001,25.0,CHECKPOINT24_NONPOS_NEXT_OPEN,0.4141953108494616,1,2394.01450350508,C2,FROZEN_GOVERNOR
2020,ETH-USDT,2020-02-16 04:00:00+00:00,2020-02-17 05:00:00+00:00,273.45,249.29,42.38385999159045,39.98072737627869,11589.866514700407,14.487333143375508,13.225784614451996,-1036.951940896638,25.0,CHECKPOINT24_NONPOS_NEXT_OPEN,0.3261370256144642,1,613.8321639290814,C2,FROZEN_GOVERNOR
2020,NEO-USDT,2020-02-16 11:00:00+00:00,2020-02-17 12:00:00+00:00,15.5837,13.8892,628.1874230300613,592.5696740777074,9789.484344273566,12.236855430341958,10.936947279003006,-1063.1003237805069,25.0,CHECKPOINT24_NONPOS_NEXT_OPEN,0.46310652906188476,1,519.2391060023095,C2,FROZEN_GOVERNOR
2020,CHR-USDT,2020-02-17 08:00:00+00:00,2020-02-18 09:00:00+00:00,0.026445,0.025946,394197.80246373167,390016.7569486303,10424.560886153384,13.03070110769173,12.788938558237353,-219.2296792294305,25.0,CHECKPOINT24_NONPOS_NEXT_OPEN,0.6947089847092461,1,111.77607080071915,C2,FROZEN_GOVERNOR
2020,COTI-USDT,2020-02-11 09:00:00+00:00,2020-02-18 09:00:00+00:00,0.014442,0.023046,884076.8001171501,646006.6654983339,12767.83714729188,15.959796434114851,24.554397705425533,6835.166822909007,168.0,TERMINAL168,0.6005053695997852,5,4755.648551265825,C2,FROZEN_GOVERNOR
2020,KCS-USDT,2020-02-17 13:00:00+00:00,2020-02-18 14:00:00+00:00,1.264,1.24823,6609.6196423518395,6539.514937583163,8354.559227932725,10.443199034915907,10.312098074684778,-125.63606529450368,25.0,CHECKPOINT24_NONPOS_NEXT_OPEN,0.28466439342622657,1,86.85972920838987,C2,FROZEN_GOVERNOR
2020,XRP-USDT,2020-02-11 17:00:00+00:00,2020-02-18 17:00:00+00:00,0.2775,0.28963,47357.90473805223,34605.050286087004,13141.818564809495,16.42727320601187,17.40039543939627,744.6701180621133,168.0,TERMINAL168,0.31761993117154674,5,3897.6556371576376,C2,FROZEN_GOVERNOR
2020,TEL-USDT,2020-02-11 18:00:00+00:00,2020-02-18 18:00:00+00:00,0.00026406,0.00024615,49954311.02809237,36502278.86338421,13190.93537007807,16.48866921259759,15.654313146574884,-699.6278351773353,168.0,TERMINAL168,0.41059513066637365,5,3538.4145750378852,C2,FROZEN_GOVERNOR
2020,CHR-USDT,2020-02-18 12:00:00+00:00,2020-02-19 13:00:00+00:00,0.026283,0.026149,394666.1639214766,394666.1639214766,10373.01078634817,12.966263482935213,12.900156900478363,-78.75168634889394,25.0,CHECKPOINT24_NONPOS_NEXT_OPEN,1.0585083236934343,0,0.0,C2,FROZEN_GOVERNOR
2020,SNX-USDT,2020-02-19 13:00:00+00:00,2020-02-20 14:00:00+00:00,0.980953,0.885916,10080.242150862436,9847.895010260952,9888.243778614959,12.360304723268698,11.169444429254183,-976.2179843641346,25.0,CHECKPOINT24_NONPOS_NEXT_OPEN,0.3387559934762647,1,211.14778749300382,C2,FROZEN_GOVERNOR
2020,XTZ-USDT,2020-02-20 16:00:00+00:00,2020-02-21 17:00:00+00:00,3.67499,3.67334,2418.045565127702,2400.462559398486,8886.293271388655,11.107866589235819,11.100895347848773,-27.785755046721125,25.0,CHECKPOINT24_NONPOS_NEXT_OPEN,0.5854028254474785,1,63.00114033818229,C2,FROZEN_GOVERNOR
2020,VSYS-USDT,2020-02-18 17:00:00+00:00,2020-02-21 18:00:00+00:00,0.0495,0.04936,209407.95725541087,203093.52682907626,10365.693884142838,12.957117355178548,12.920981180332813,-54.78703841209955,73.0,CHECKPOINT72_NONPOS_NEXT_OPEN,0.5383426745191509,2,312.0884599830464,C2,FROZEN_GOVERNOR
2020,CHR-USDT,2020-02-21 17:00:00+00:00,2020-02-22 18:00:00+00:00,0.027369,0.025508,293360.04893399705,293360.04893399705,8028.971179274566,10.036213974093208,9.353785160260497,-565.3330502005224,25.0,CHECKPOINT24_NONPOS_NEXT_OPEN,0.6025115595371779,0,0.0,C2,FROZEN_GOVERNOR
2020,ATOM-USDT,2020-02-21 22:00:00+00:00,2020-02-24 23:00:00+00:00,4.7152,4.3561,1961.0902551878978,1867.78988139844,9246.932771261976,11.55866596407747,10.732343269828949,-683.3491646327241,73.0,CHECKPOINT72_NONPOS_NEXT_OPEN,0.5365113702151143,2,449.5951135034144,C2,FROZEN_GOVERNOR
2020,AVA-USDT,2020-02-18 16:00:00+00:00,2020-02-25 16:00:00+00:00,0.110476,0.149759,93437.85038622543,86309.01819549831,10322.639959268641,12.903299949085802,17.3063529332974,3492.232734486896,168.0,TERMINAL168,0.27458314358987107,4,919.5300906982884,C2,FROZEN_GOVERNOR
2020,COTI-USDT,2020-02-18 18:00:00+00:00,2020-02-25 18:00:00+00:00,0.023582,0.030638,440746.1729572739,407119.48427886236,10393.676250678433,12.992095313348042,16.774323042047527,2996.0157646041935,168.0,TERMINAL168,0.642036967893906,4,946.1316743022353,C2,FROZEN_GOVERNOR
2020,ETH-USDT,2020-02-22 23:00:00+00:00,2020-02-26 00:00:00+00:00,262.72,251.97,26.732242894689737,25.460435925221034,7023.094853292889,8.778868566616111,8.451407491589203,-279.19913607973115,73.0,CHECKPOINT72_NONPOS_NEXT_OPEN,0.2690518445759307,2,345.8599531934186,C2,FROZEN_GOVERNOR
2020,ONT-USDT,2020-02-25 01:00:00+00:00,2020-02-26 02:00:00+00:00,0.86233,0.76584,7913.672290616325,7913.672290616325,6824.197026367176,8.53024628295897,7.575758483807008,-779.6962440883352,25.0,CHECKPOINT24_NONPOS_NEXT_OPEN,0.21453538202519734,0,0.0,C2,FROZEN_GOVERNOR
2020,MTV-USDT,2020-02-19 09:00:00+00:00,2020-02-26 09:00:00+00:00,0.0006032,0.0005236,11027930.072545812,10186555.163199205,6652.047419759634,8.315059274699543,7.356856142008013,-782.2344215699322,168.0,TERMINAL168,0.4996803560605205,4,551.8046301553054,C2,FROZEN_GOVERNOR
2020,AVA-USDT,2020-02-25 17:00:00+00:00,2020-02-26 18:00:00+00:00,0.15696,0.129679,57466.81771055309,57466.81771055309,9019.991707848412,11.274989634810515,9.315299317358518,-1588.3425429137674,25.0,CHECKPOINT24_NONPOS_NEXT_OPEN,0.6722636073228264,0,0.0,C2,FROZEN_GOVERNOR
2020,ETN-USDT,2020-02-25 19:00:00+00:00,2020-02-26 20:00:00+00:00,0.0041043,0.003689,2169223.341106081,2169223.341106081,8903.143358901689,11.12892919862711,10.002831131675416,-922.0102138916584,25.0,CHECKPOINT24_NONPOS_NEXT_OPEN,0.45698261776869964,0,0.0,C2,FROZEN_GOVERNOR
2020,COTI-USDT,2020-02-26 02:00:00+00:00,2020-02-27 03:00:00+00:00,0.030158,0.019291,303380.1819125509,303380.1819125509,9149.339526118709,11.436674407648386,7.315633861593774,-3315.5847451129316,25.0,CHECKPOINT24_NONPOS_NEXT_OPEN,1.040567885156075,0,0.0,C2,FROZEN_GOVERNOR
2020,VSYS-USDT,2020-02-28 17:00:00+00:00,2020-02-29 18:00:00+00:00,0.04334,0.04175,85923.7170400508,85923.7170400508,3723.9338965158013,4.6549173706447515,4.484143983027652,-145.75777144735235,25.0,CHECKPOINT24_NONPOS_NEXT_OPEN,0.28894146030890383,0,0.0,C2,FROZEN_GOVERNOR
2020,SNX-USDT,2020-02-28 23:00:00+00:00,2020-03-01 00:00:00+00:00,0.892891,0.894841,4169.87225634559,0.0,3723.2414088406704,4.654051761050838,4.66421582467568,-1.1870166858525426,25.0,GOVERNOR_LIQUIDATE,0.5431026562139281,1,3731.3726597405443,C2,FROZEN_GOVERNOR
2020,WIN-USDT,2020-02-29 04:00:00+00:00,2020-03-01 00:00:00+00:00,9.583e-05,9.661e-05,38945156.74490173,0.0,3732.114370863933,4.665142963579917,4.703114491406195,21.00896480603712,20.0,GOVERNOR_LIQUIDATE,0.30882677222632315,1,3762.491593124956,C2,FROZEN_GOVERNOR
2020,XTZ-USDT,2020-02-29 13:00:00+00:00,2020-03-01 00:00:00+00:00,2.88994,2.81551,1292.075429815322,0.0,3734.020467640492,4.667525584550615,4.547314116749172,-105.38401394245425,11.0,GOVERNOR_LIQUIDATE,0.5983609388714856,1,3637.8512933993375,C2,FROZEN_GOVERNOR
2020,VET-USDT,2020-02-29 13:00:00+00:00,2020-03-01 00:00:00+00:00,0.0058661,0.0057553,636515.8964719339,0.0,3733.8659002940117,4.667332375367515,4.579174923706152,-79.77246862816415,11.0,GOVERNOR_LIQUIDATE,0.41200023827346866,1,3663.339938964921,C2,FROZEN_GOVERNOR
2020,COTI-USDT,2020-02-29 19:00:00+00:00,2020-03-01 00:00:00+00:00,0.019127,0.019163,194723.73283859206,0.0,3724.4808380037507,4.655601047504688,4.664363615482424,-2.3099102807984844,5.0,GOVERNOR_LIQUIDATE,0.4376742579006788,1,3731.4908923859393,C2,FROZEN_GOVERNOR
2020,XTZ-USDT,2020-03-03 01:00:00+00:00,2020-03-04 02:00:00+00:00,2.79867,2.77041,1323.374337202527,1323.374337202527,3703.688056298596,4.6296100703732455,4.582861871911566,-46.61103071162807,25.0,CHECKPOINT24_NONPOS_NEXT_OPEN,0.4091070040048969,0,0.0,C2,FROZEN_GOVERNOR
2020,ONT-USDT,2020-03-03 04:00:00+00:00,2020-03-04 05:00:00+00:00,0.71705,0.71402,5162.576137980913,5162.576137980913,3701.8252197392135,4.627281524674017,4.607728267551415,-24.87761549030764,25.0,CHECKPOINT24_NONPOS_NEXT_OPEN,0.2571660178448163,0,0.0,C2,FROZEN_GOVERNOR
2020,WIN-USDT,2020-03-03 03:00:00+00:00,2020-03-09 00:00:00+00:00,9.616e-05,8.771e-05,38482761.46992336,0.0,3700.5023429478306,4.625627928684788,4.219153760658722,-334.0241161101962,141.0,GOVERNOR_LIQUIDATE,0.22676793346856966,1,3375.323008526978,C2,FROZEN_GOVERNOR
2020,LTC-USDT,2020-03-03 04:00:00+00:00,2020-03-09 00:00:00+00:00,60.771,52.01,60.91935106628448,0.0,3702.129883649174,4.627662354561468,3.9605193111968195,-542.3026163574767,140.0,GOVERNOR_LIQUIDATE,0.3114210418250145,1,3168.4154489574557,C2,FROZEN_GOVERNOR
2020,TRX-USDT,2020-03-03 04:00:00+00:00,2020-03-09 00:00:00+00:00,0.017301,0.015268,213974.77305127188,0.0,3701.977548560055,4.627471935700068,4.0837085436835245,-443.72189409261915,140.0,GOVERNOR_LIQUIDATE,0.2800793621431926,1,3266.9668349468193,C2,FROZEN_GOVERNOR
2020,BTC-USDT,2020-03-04 02:00:00+00:00,2020-03-09 00:00:00+00:00,8779.1,8159.1,0.4499010947346144,0.0,3949.7267007846535,4.937158375980817,4.588485027561491,-288.4643221390029,118.0,GOVERNOR_LIQUIDATE,0.21313292480361834,1,3670.788022049193,C2,FROZEN_GOVERNOR
2020,DAG-USDT,2020-03-04 05:00:00+00:00,2020-03-09 00:00:00+00:00,0.01465,0.014634,269948.80602566357,0.0,3954.7500082759716,4.943437510344965,4.938038534224451,-14.20065694098054,115.0,GOVERNOR_LIQUIDATE,0.5738316782377899,1,3950.4308273795605,C2,FROZEN_GOVERNOR
2020,TEL-USDT,2020-04-17 05:00:00+00:00,2020-04-18 06:00:00+00:00,0.00012393,0.00012259,29881483.781507235,29881483.781507235,3703.212285042191,4.629015356302739,4.578963870968715,-49.24916749449069,25.0,CHECKPOINT24_NONPOS_NEXT_OPEN,0.57750162266085,0,0.0,C2,FROZEN_GOVERNOR
2020,DAG-USDT,2020-04-17 00:00:00+00:00,2020-04-21 00:00:00+00:00,0.007547,0.007828,490119.7233010077,0.0,3698.933551752705,4.623666939690882,4.795821492500361,128.3041538153918,96.0,GOVERNOR_LIQUIDATE,0.43696094792215606,1,3836.657194000288,C2,FROZEN_GOVERNOR
2020,WIN-USDT,2020-04-17 03:00:00+00:00,2020-04-21 00:00:00+00:00,8.537e-05,8.472e-05,43341591.02616372,0.0,3700.071625903597,4.625089532379497,4.589874489670739,-37.386998189056825,93.0,GOVERNOR_LIQUIDATE,0.35442188685315545,1,3671.8995917365905,C2,FROZEN_GOVERNOR
2020,ONE-USDT,2020-04-17 06:00:00+00:00,2020-04-21 00:00:00+00:00,0.002193,0.00217,1686348.425078869,0.0,3698.16209619796,4.62270262024745,4.574220103026432,-47.98293650008823,90.0,GOVERNOR_LIQUIDATE,0.30584833547261625,1,3659.376082421146,C2,FROZEN_GOVERNOR
2020,LTC-USDT,2020-04-17 07:00:00+00:00,2020-04-21 00:00:00+00:00,42.062,40.689,87.3628883259372,0.0,3674.6578087655707,4.593322260956963,4.443385703867574,-128.9859536363361,89.0,GOVERNOR_LIQUIDATE,0.424572477104189,1,3554.708563094059,C2,FROZEN_GOVERNOR
2020,SNX-USDT,2020-04-18 07:00:00+00:00,2020-04-21 00:00:00+00:00,0.734055,0.716314,5291.933927829235,0.0,3884.5705593926887,4.855713199240861,4.738357949473838,-103.47827096233283,65.0,GOVERNOR_LIQUIDATE,0.27603044661294995,1,3790.6863595790705,C2,FROZEN_GOVERNOR
2020,ETN-USDT,2020-04-22 21:00:00+00:00,2020-04-23 22:00:00+00:00,0.0022177,0.0022261,1795854.602862899,1795854.602862899,3982.666752769051,4.978333440961314,4.997189914291375,5.109655308795582,25.0,CHECKPOINT24_NONPOS_NEXT_OPEN,0.6560551103203125,0,0.0,C2,FROZEN_GOVERNOR
2020,TEL-USDT,2020-04-22 01:00:00+00:00,2020-04-29 01:00:00+00:00,0.00014937,0.00031796,26621800.271744467,24440105.997739315,3976.4983065904707,4.9706228832380885,10.371032387476706,4304.985948120178,168.0,TERMINAL168,1.147131790708829,2,525.8498069401719,C2,FROZEN_GOVERNOR
2020,XRP-USDT,2020-04-23 13:00:00+00:00,2020-04-30 13:00:00+00:00,0.18975,0.21749,21298.981769724178,19553.500018121267,4041.4817908051627,5.051852238506454,5.738072695443102,538.1864406153685,168.0,TERMINAL168,0.25434494566462884,2,337.76743741328704,C2,FROZEN_GOVERNOR
2020,BTC-USDT,2020-04-23 13:00:00+00:00,2020-04-30 13:00:00+00:00,7134.0,8838.7,0.5664842466029127,0.5200600594888866,4041.2986152651793,5.051623269081474,6.181857336779523,892.9537735525779,168.0,TERMINAL168,0.25143805196023394,2,348.8310216191962,C2,FROZEN_GOVERNOR
2020,TRX-USDT,2020-04-23 13:00:00+00:00,2020-04-30 13:00:00+00:00,0.013032,0.015438,250980.34291130994,230412.14799480687,3270.7758288201912,4.0884697860252395,4.804380171274201,563.8354582418701,168.0,TERMINAL168,0.21899412287014033,2,286.4013962755322,C2,FROZEN_GOVERNOR
2020,DAG-USDT,2020-04-24 01:00:00+00:00,2020-05-01 01:00:00+00:00,0.011261,0.013,254058.4569327268,233238.00620832527,2860.9522835194366,3.5761903543992957,4.092955356534324,405.74285599708907,168.0,TERMINAL168,0.9616533230218252,2,242.270204519231,C2,FROZEN_GOVERNOR
2020,COTI-USDT,2020-04-30 15:00:00+00:00,2020-05-01 16:00:00+00:00,0.0228,0.022249,385125.84698185977,385125.84698185977,8780.869311186403,10.976086638983004,10.710831211874249,-233.891259537861,25.0,CHECKPOINT24_NONPOS_NEXT_OPEN,0.5021863823316725,0,0.0,C2,FROZEN_GOVERNOR
2020,BTC-USDT,2020-04-30 15:00:00+00:00,2020-05-01 16:00:00+00:00,8853.9,8824.5,0.9916590723422942,0.9916590723422942,8780.050260611439,10.975062825764299,10.93861935485572,-51.068458907483944,25.0,CHECKPOINT24_NONPOS_NEXT_OPEN,0.47122234811162533,0,0.0,C2,FROZEN_GOVERNOR
2020,XLM-USDT,2020-04-30 15:00:00+00:00,2020-05-01 16:00:00+00:00,0.070929,0.071108,123774.91979916272,123774.91979916272,8779.231286434813,10.974039108043517,11.00173374634858,0.1799377896583909,25.0,CHECKPOINT24_NONPOS_NEXT_OPEN,0.4360195709383609,0,0.0,C2,FROZEN_GOVERNOR
2020,AVA-USDT,2020-05-01 02:00:00+00:00,2020-05-02 03:00:00+00:00,0.121087,0.119545,79949.79121047849,79949.79121047849,9680.88036830321,12.101100460379012,11.946997237820815,-147.33067574475714,25.0,CHECKPOINT24_NONPOS_NEXT_OPEN,0.5532007375154748,0,0.0,C2,FROZEN_GOVERNOR
2020,TEL-USDT,2020-05-01 16:00:00+00:00,2020-05-02 17:00:00+00:00,0.00034582,0.000321,28123740.66115774,28123740.66115774,9725.75199544157,12.157189994301962,11.284650940289543,-721.473084144526,25.0,CHECKPOINT24_NONPOS_NEXT_OPEN,1.165767799139067,0,0.0,C2,FROZEN_GOVERNOR
2020,ADA-USDT,2020-05-01 16:00:00+00:00,2020-05-02 17:00:00+00:00,0.0507,0.05068,191789.671796446,191789.671796446,9723.736360079813,12.154670450099767,12.149875708304856,-28.140339594332904,25.0,CHECKPOINT24_NONPOS_NEXT_OPEN,0.5070276648128591,0,0.0,C2,FROZEN_GOVERNOR
2020,ETN-USDT,2020-05-02 18:00:00+00:00,2020-05-03 19:00:00+00:00,0.0036516,0.0034166,2674647.0158809125,2674647.0158809125,9766.741043190741,12.208426303988427,11.422748743073408,-652.173223779077,25.0,CHECKPOINT24_NONPOS_NEXT_OPEN,0.6132872466695418,0,0.0,C2,FROZEN_GOVERNOR
2020,CHR-USDT,2020-05-03 00:00:00+00:00,2020-05-04 01:00:00+00:00,0.024324,0.024169,401855.13065364683,401855.13065364683,9774.724198019305,12.218405247524132,12.140545815959989,-86.64649631479855,25.0,CHECKPOINT24_NONPOS_NEXT_OPEN,0.45552718329714004,0,0.0,C2,FROZEN_GOVERNOR
2020,ATOM-USDT,2020-05-02 04:00:00+00:00,2020-05-05 05:00:00+00:00,2.8329,2.754,3428.3637635094133,3428.3637635094133,9712.211705645817,12.140264632057272,11.802142255881156,-294.440307828831,73.0,CHECKPOINT72_NONPOS_NEXT_OPEN,0.2742064860796341,0,0.0,C2,FROZEN_GOVERNOR
2020,NEO-USDT,2020-04-29 01:00:00+00:00,2020-05-06 01:00:00+00:00,8.4726,9.114,562.6951379374542,562.6951379374542,4767.490825688875,5.959363532111094,6.410504358952448,348.54279358201956,168.0,TERMINAL168,0.18714521272196494,0,0.0,C2,FROZEN_GOVERNOR
2020,VET-USDT,2020-05-05 06:00:00+00:00,2020-05-06 07:00:00+00:00,0.0044354,0.0044221,2205282.5115459436,2205282.5115459436,9781.310051710878,12.226637564638597,12.189974742884147,-53.74686971108335,25.0,CHECKPOINT24_NONPOS_NEXT_OPEN,0.42476358172706224,0,0.0,C2,FROZEN_GOVERNOR
2020,TEL-USDT,2020-05-06 01:00:00+00:00,2020-05-07 02:00:00+00:00,0.000306,0.00028237,27422398.856119588,27422398.856119588,8391.254049972595,10.489067562465744,9.67907845625311,-668.1594309888256,25.0,CHECKPOINT24_NONPOS_NEXT_OPEN,0.6000102503300897,0,0.0,C2,FROZEN_GOVERNOR
2020,COTI-USDT,2020-05-06 19:00:00+00:00,2020-05-07 20:00:00+00:00,0.020785,0.019381,459647.2195554449,459647.2195554449,9553.767458459923,11.942209323074904,11.135528452755095,-668.4224340316764,25.0,CHECKPOINT24_NONPOS_NEXT_OPEN,0.1992559827753519,0,0.0,C2,FROZEN_GOVERNOR
2020,DAG-USDT,2020-05-01 16:00:00+00:00,2020-05-08 16:00:00+00:00,0.013609,0.014069,714581.8300785084,714581.8300785084,9724.74412553842,12.155930156923025,12.566814709218168,303.9848969699727,168.0,TERMINAL168,0.5916382391649584,0,0.0,C2,FROZEN_GOVERNOR
2020,XRP-USDT,2020-05-07 20:00:00+00:00,2020-05-08 21:00:00+00:00,0.21895,0.21916,50190.414021084915,50190.414021084915,10989.191149916542,13.736488937395677,13.749663921076213,-16.946165914043725,25.0,CHECKPOINT24_NONPOS_NEXT_OPEN,0.34803298553478734,0,0.0,C2,FROZEN_GOVERNOR
2020,ETN-USDT,2020-05-08 23:00:00+00:00,2020-05-10 00:00:00+00:00,0.0039548,0.0037001,2789117.057353581,2789117.057353581,11030.400138421941,13.788000173027427,12.900015029892481,-737.0761297108758,25.0,CHECKPOINT24_NONPOS_NEXT_OPEN,0.5321799433871593,0,0.0,C2,FROZEN_GOVERNOR
2020,BTC-USDT,2020-05-07 02:00:00+00:00,2020-05-10 03:00:00+00:00,9184.9,8712.8,1.1804940784428946,1.1804940784428946,10842.720061090142,13.553400076362678,12.856761008321564,-583.7214155175748,73.0,CHECKPOINT72_NONPOS_NEXT_OPEN,0.2854057921795975,0,0.0,C2,FROZEN_GOVERNOR
2020,BTT-USDT,2020-05-03 21:00:00+00:00,2020-05-10 21:00:00+00:00,0.00028534,0.00025437,33727951.393184304,33727951.393184304,9623.933650531208,12.02991706316401,10.724223744855365,-1067.3087954549353,168.0,TERMINAL168,0.29813973180579334,0,0.0,C2,FROZEN_GOVERNOR
2020,CHR-USDT,2020-05-04 01:00:00+00:00,2020-05-11 01:00:00+00:00,0.024169,0.019048,403757.6589233315,356300.4528910913,9758.418858517998,12.198023573147498,9.626995162683711,-2078.6477471068606,168.0,TERMINAL168,0.45698821198783834,1,914.7851034774619,C2,FROZEN_GOVERNOR
2020,ONT-USDT,2020-05-10 15:00:00+00:00,2020-05-11 16:00:00+00:00,0.47234,0.45237,24375.864230708157,21510.753475669095,11513.69571073269,14.392119638415863,13.821528217292204,-484.6867847546368,25.0,CHECKPOINT24_NONPOS_NEXT_OPEN,0.4602166917945493,1,1326.4030240453344,C2,FROZEN_GOVERNOR
2020,COTI-USDT,2020-05-11 11:00:00+00:00,2020-05-12 12:00:00+00:00,0.01876,0.018404,354040.1350713091,354040.1350713091,6641.792933937759,8.3022411674222,8.144693307315466,-142.4852225601235,25.0,CHECKPOINT24_NONPOS_NEXT_OPEN,0.5445601825417552,0,0.0,C2,FROZEN_GOVERNOR
2020,ARPA-USDT,2020-05-10 10:00:00+00:00,2020-05-13 11:00:00+00:00,0.011703,0.011076,980893.6971068361,865600.591823193,11479.398937241303,14.34924867155163,13.72329257061426,-528.8374219920613,73.0,CHECKPOINT72_NONPOS_NEXT_OPEN,0.20016337339712706,1,1391.2419014577215,C2,FROZEN_GOVERNOR
2020,ONE-USDT,2020-05-08 16:00:00+00:00,2020-05-15 16:00:00+00:00,0.002587,0.003569,4233178.066195695,3735615.2355751703,10951.231657248261,13.689039571560327,18.27761704092023,3638.8953188754413,168.0,TERMINAL168,0.3848837907874635,1,1289.6828569684,C2,FROZEN_GOVERNOR
2020,VET-USDT,2020-05-15 18:00:00+00:00,2020-05-16 19:00:00+00:00,0.0044723,0.0044164,2240988.986792651,2240988.986792651,10022.375045632774,12.527968807040969,12.37137970158883,-150.17063287033986,25.0,CHECKPOINT24_NONPOS_NEXT_OPEN,0.37337906287139544,0,0.0,C2,FROZEN_GOVERNOR
2020,AVA-USDT,2020-05-10 22:00:00+00:00,2020-05-17 22:00:00+00:00,0.109913,0.347849,104206.90399156297,90841.29542315449,11453.69343842466,14.317116798030824,41.472872564953676,21668.8146241753,168.0,TERMINAL168,0.4323447592664049,2,1579.2442803140766,C2,FROZEN_GOVERNOR
2020,MTV-USDT,2020-05-12 00:00:00+00:00,2020-05-19 00:00:00+00:00,0.0001837,0.0001979,43409765.44671798,42882358.58637618,7974.373912562092,9.967967390702615,10.73031592104656,589.180540963407,168.0,TERMINAL168,0.3896433438061182,1,97.83397259340255,C2,FROZEN_GOVERNOR
2020,NEO-USDT,2020-05-19 00:00:00+00:00,2020-05-20 01:00:00+00:00,10.2715,10.3321,1074.5332687355674,1074.5332687355674,11037.06846981738,13.796335587271727,13.877731482378445,37.44264901572455,25.0,CHECKPOINT24_NONPOS_NEXT_OPEN,0.28603268100186485,0,0.0,C2,FROZEN_GOVERNOR
2020,COTI-USDT,2020-05-13 02:00:00+00:00,2020-05-20 02:00:00+00:00,0.01853,0.020331,160526.1203309181,158575.80854610793,2974.5490097319125,3.718186262164891,4.076557458852337,278.9022136289401,168.0,TERMINAL168,0.3355594080368039,1,37.24120353094973,C2,FROZEN_GOVERNOR
2020,ALGO-USDT,2020-05-13 14:00:00+00:00,2020-05-20 14:00:00+00:00,0.1944,0.2109,43715.70052458887,43184.576706617205,8498.332181980077,10.622915227475096,11.51631913161618,692.5838889537764,168.0,TERMINAL168,0.3240061892954753,1,105.42807786737626,C2,FROZEN_GOVERNOR
2020,MTV-USDT,2020-05-20 01:00:00+00:00,2020-05-21 02:00:00+00:00,0.0002066,0.0001974,61692477.20780973,61692477.20780973,12745.665791133491,15.932082238916864,15.222618751027051,-598.7254913017949,25.0,CHECKPOINT24_NONPOS_NEXT_OPEN,0.5258894416951982,0,0.0,C2,FROZEN_GOVERNOR
2020,DAG-USDT,2020-05-20 02:00:00+00:00,2020-05-21 03:00:00+00:00,0.009755,0.008678,1305557.0172857814,1305557.0172857814,12735.708703622799,15.9196358795285,14.162029745007516,-1436.1665732413228,25.0,CHECKPOINT24_NONPOS_NEXT_OPEN,0.5122077132477998,0,0.0,C2,FROZEN_GOVERNOR
2020,WIN-USDT,2020-05-20 14:00:00+00:00,2020-05-21 15:00:00+00:00,7.527e-05,7.287e-05,169837286.09947282,169837286.09947282,12783.652524707319,15.979565655884148,15.47005379758573,-439.0591060922037,25.0,CHECKPOINT24_NONPOS_NEXT_OPEN,0.2751530364714018,0,0.0,C2,FROZEN_GOVERNOR
2020,VET-USDT,2020-05-21 02:00:00+00:00,2020-05-22 03:00:00+00:00,0.0045423,0.0042507,2838999.6884765634,2838999.6884765634,12895.588284967094,16.11948535620887,15.08466996975916,-859.0564644857352,25.0,CHECKPOINT24_NONPOS_NEXT_OPEN,0.38181623310682533,0,0.0,C2,FROZEN_GOVERNOR
2020,KSM-USDT,2020-05-22 04:00:00+00:00,2020-05-23 05:00:00+00:00,5.8742,5.7264,2088.154012332337,2088.154012332337,12266.234299242615,15.332792874053268,14.947006420274867,-338.90896231704875,25.0,CHECKPOINT24_NONPOS_NEXT_OPEN,0.7789641039844857,0,0.0,C2,FROZEN_GOVERNOR
2020,ETH-USDT,2020-05-16 21:00:00+00:00,2020-05-23 21:00:00+00:00,200.11,207.16,49.893627119833845,49.28744459478348,9984.213722949951,12.48026715368744,12.91563569218999,322.898927956163,168.0,TERMINAL168,0.2838700873850333,1,122.121531496647,C2,FROZEN_GOVERNOR
2020,AVA-USDT,2020-05-21 05:00:00+00:00,2020-05-24 06:00:00+00:00,0.375092,0.330103,34200.28929438465,34200.28929438465,12828.254912009326,16.03531864001166,14.11202262118032,-1568.7841563262625,73.0,CHECKPOINT72_NONPOS_NEXT_OPEN,0.9600725817388029,0,0.0,C2,FROZEN_GOVERNOR
2020,TEL-USDT,2020-05-23 21:00:00+00:00,2020-05-24 22:00:00+00:00,0.00036929,0.00035203,32239183.75198742,32239183.75198742,11905.608167771434,14.882010209714293,14.186449820265164,-585.5167715892824,25.0,CHECKPOINT24_NONPOS_NEXT_OPEN,0.34502500165387645,0,0.0,C2,FROZEN_GOVERNOR
2020,XTZ-USDT,2020-05-17 23:00:00+00:00,2020-05-24 23:00:00+00:00,2.63914,2.73407,4186.721553618028,4186.721553618028,11049.344321015482,13.811680401269353,14.308487247625553,369.3253094360657,168.0,TERMINAL168,0.28685973397660525,0,0.0,C2,FROZEN_GOVERNOR
2020,NEO-USDT,2020-05-24 07:00:00+00:00,2020-05-25 08:00:00+00:00,10.2501,9.7671,1122.3830966230523,1113.3608452816784,11504.53897869595,14.380673723369938,13.704459316714287,-569.0566583646055,25.0,CHECKPOINT24_NONPOS_NEXT_OPEN,0.27066192170772185,1,89.26074142074833,C2,FROZEN_GOVERNOR
2020,ONT-USDT,2020-05-22 08:00:00+00:00,2020-05-25 09:00:00+00:00,0.48354,0.48048,25442.841320018706,25238.319610881637,12302.631491881846,15.378289364852309,15.282123487938495,-107.59311438384084,73.0,CHECKPOINT72_NONPOS_NEXT_OPEN,0.20381865940091076,1,99.19098371438658,C2,FROZEN_GOVERNOR
2020,MTV-USDT,2020-05-25 09:00:00+00:00,2020-05-26 10:00:00+00:00,0.0002756,0.0002509,41303352.294859245,41255533.60640258,11383.203892463207,14.22900486557901,12.954265959704028,-1046.9743955252698,25.0,CHECKPOINT24_NONPOS_NEXT_OPEN,0.8959939718694085,1,12.399385916811893,C2,FROZEN_GOVERNOR
2020,VET-USDT,2020-05-23 13:00:00+00:00,2020-05-30 13:00:00+00:00,0.0046012,0.005747,2606707.434057173,2482049.7819195143,11993.982245583862,14.992477806979828,18.660971787861914,2901.1417351108266,168.0,TERMINAL168,0.34368172568648836,3,664.4373335980813,C2,FROZEN_GOVERNOR
2020,ETN-USDT,2020-05-30 19:00:00+00:00,2020-05-31 20:00:00+00:00,0.0088918,0.008554,1341383.5360519383,1341383.5360519383,11927.314125866626,14.909142657333282,14.34274345923535,-482.37124459491366,25.0,CHECKPOINT24_NONPOS_NEXT_OPEN,0.474279593392815,0,0.0,C2,FROZEN_GOVERNOR
2020,ARPA-USDT,2020-05-24 22:00:00+00:00,2020-05-31 22:00:00+00:00,0.01072,0.011247,1106914.0596303341,1053979.3474379051,11866.118719237182,14.832648399046477,15.540455039974914,535.8722093037276,168.0,TERMINAL168,0.2078184615499284,3,578.2583113458121,C2,FROZEN_GOVERNOR
2020,BTT-USDT,2020-05-24 23:00:00+00:00,2020-05-31 23:00:00+00:00,0.00027376,0.00030301,43374581.257270165,41300327.20353857,11874.225364990281,14.842781706237853,16.386345232045713,1203.621693708003,168.0,TERMINAL168,0.2572921097159398,3,594.6640396923476,C2,FROZEN_GOVERNOR
2020,DAG-USDT,2020-05-25 08:00:00+00:00,2020-06-01 08:00:00+00:00,0.008775,0.008763,1271498.5291176096,1220504.0726530899,11157.399593007023,13.94674949125878,13.955891652857273,-20.588911865321855,168.0,TERMINAL168,0.44020072863643556,2,469.4361336267911,C2,FROZEN_GOVERNOR
2020,ONE-USDT,2020-05-26 15:00:00+00:00,2020-06-02 15:00:00+00:00,0.003757,0.003871,2832847.583306917,2722385.8098259927,10643.008370484087,13.303760463105109,13.723182046447375,308.51032416426057,168.0,TERMINAL168,0.4573706621734449,1,440.19016732148407,C2,FROZEN_GOVERNOR
2020,VET-USDT,2020-06-02 19:00:00+00:00,2020-06-03 20:00:00+00:00,0.007183,0.0070402,2210745.156956533,2210745.156956533,15879.782462418776,19.84972807802347,19.45511006750673,-354.9992465589222,25.0,CHECKPOINT24_NONPOS_NEXT_OPEN,0.693089163927034,0,0.0,C2,FROZEN_GOVERNOR
2020,VSYS-USDT,2020-05-31 20:00:00+00:00,2020-06-03 21:00:00+00:00,0.02452,0.02408,590738.5348381414,590738.5348381414,14484.908874231229,18.106136092789036,17.78122989862806,-295.8123213201998,73.0,CHECKPOINT72_NONPOS_NEXT_OPEN,0.160580723184051,0,0.0,C2,FROZEN_GOVERNOR
2020,MTV-USDT,2020-05-31 22:00:00+00:00,2020-06-03 23:00:00+00:00,0.000475,0.0004161,30502957.112267684,30502957.112267684,14488.90462832715,18.111130785408935,15.865350568018227,-1830.6006552659942,73.0,CHECKPOINT72_NONPOS_NEXT_OPEN,1.1001853058388538,0,0.0,C2,FROZEN_GOVERNOR
2020,AVA-USDT,2020-06-03 21:00:00+00:00,2020-06-04 22:00:00+00:00,0.37051,0.36344,42287.73343066554,42097.65766570433,15668.028113395889,19.58503514174486,19.21264046247019,-336.7134190239519,25.0,CHECKPOINT24_NONPOS_NEXT_OPEN,0.4374789776703019,1,70.13966795256951,C2,FROZEN_GOVERNOR
2020,LTC-USDT,2020-06-05 00:00:00+00:00,2020-06-06 01:00:00+00:00,47.461,46.828,351.7447354134623,351.7447354134623,16694.156887458335,20.86769610932292,20.58937808742702,-264.1114917134718,25.0,CHECKPOINT24_NONPOS_NEXT_OPEN,0.27668466663293045,0,0.0,C2,FROZEN_GOVERNOR
2020,KCS-USDT,2020-06-03 23:00:00+00:00,2020-06-07 00:00:00+00:00,0.97879,0.96938,16080.528896261127,16008.249807670365,15739.460878371428,19.674326097964286,19.4859603944674,-189.8528492899387,73.0,CHECKPOINT72_NONPOS_NEXT_OPEN,0.22390341821446724,1,70.69111701442301,C2,FROZEN_GOVERNOR
2020,SNX-USDT,2020-06-01 00:00:00+00:00,2020-06-08 00:00:00+00:00,0.790085,0.897142,18755.015786521857,18670.715359819453,14818.056647694122,18.522570809617655,21.024724290510957,1962.1754896145155,168.0,TERMINAL168,0.42800839968362636,1,69.49651306962171,C2,FROZEN_GOVERNOR
2020,BTT-USDT,2020-06-07 01:00:00+00:00,2020-06-08 02:00:00+00:00,0.00032679,0.00032573,51081033.990603626,51081033.990603626,16692.77109778936,20.865963872236698,20.79828150219915,-95.81014140447645,25.0,CHECKPOINT24_NONPOS_NEXT_OPEN,0.24409021446694337,0,0.0,C2,FROZEN_GOVERNOR
2020,ADA-USDT,2020-06-01 08:00:00+00:00,2020-06-08 08:00:00+00:00,0.078654,0.086104,191839.47860824395,190977.19461503805,15088.94235045282,18.861177938066024,20.646513609939507,1388.760845950783,168.0,TERMINAL168,0.7064616903780315,1,73.31052281837219,C2,FROZEN_GOVERNOR
2020,TEL-USDT,2020-06-08 00:00:00+00:00,2020-06-09 01:00:00+00:00,0.00030971,0.00029997,54864320.43434604,54864320.43434604,16992.028681721313,21.240035852151642,20.57206275086348,-576.1905796335448,25.0,CHECKPOINT24_NONPOS_NEXT_OPEN,0.5237531729856686,0,0.0,C2,FROZEN_GOVERNOR
2020,VSYS-USDT,2020-06-08 15:00:00+00:00,2020-06-09 16:00:00+00:00,0.02509,0.02488,674427.8167414544,674427.8167414544,16921.39392204309,21.151742402553865,20.974705100659232,-183.75628901892017,25.0,CHECKPOINT24_NONPOS_NEXT_OPEN,0.2907461696011502,0,0.0,C2,FROZEN_GOVERNOR
2020,TRX-USDT,2020-06-09 01:00:00+00:00,2020-06-10 02:00:00+00:00,0.017961,0.017508,938406.5417713082,938406.5417713082,16854.71989675447,21.068399870943086,20.53702716666508,-466.70359046001266,25.0,CHECKPOINT24_NONPOS_NEXT_OPEN,0.20447896110442104,0,0.0,C2,FROZEN_GOVERNOR
2020,VSYS-USDT,2020-06-09 16:00:00+00:00,2020-06-10 17:00:00+00:00,0.02488,0.02469,672164.824927112,672164.824927112,16723.460844186546,20.90432605523318,20.744686909312996,-169.36032970069564,25.0,CHECKPOINT24_NONPOS_NEXT_OPEN,0.3741668428437547,0,0.0,C2,FROZEN_GOVERNOR
2020,BTC-USDT,2020-06-03 20:00:00+00:00,2020-06-10 20:00:00+00:00,9596.1,9823.2,1.6282407698499521,1.6209221200959358,15624.761251557125,19.530951564446408,19.99120610002227,328.6814707962224,168.0,TERMINAL168,0.2599314060762049,1,70.3227098914175,C2,FROZEN_GOVERNOR
2020,AVA-USDT,2020-06-10 02:00:00+00:00,2020-06-11 03:00:00+00:00,0.362714,0.326603,47151.03112508232,47151.03112508232,17102.33910350311,21.377923879378887,19.249585273181577,-1743.2983941104085,25.0,CHECKPOINT24_NONPOS_NEXT_OPEN,0.25463292614148325,0,0.0,C2,FROZEN_GOVERNOR
2020,ETH-USDT,2020-06-08 17:00:00+00:00,2020-06-11 18:00:00+00:00,242.97,226.38,69.69554841141182,69.69554841141182,16933.92739752073,21.167409246900913,19.72209781171926,-1197.1386552039419,73.0,CHECKPOINT72_NONPOS_NEXT_OPEN,0.21583012603680451,0,0.0,C2,FROZEN_GOVERNOR
2020,DAG-USDT,2020-06-10 18:00:00+00:00,2020-06-11 19:00:00+00:00,0.009696,0.008824,1762893.3175531502,1762893.3175531502,17093.013606995344,21.36626700874418,19.444713292611247,-1578.0539532077014,25.0,CHECKPOINT24_NONPOS_NEXT_OPEN,0.5123238324946622,0,0.0,C2,FROZEN_GOVERNOR
2020,XLM-USDT,2020-06-10 20:00:00+00:00,2020-06-11 21:00:00+00:00,0.07867,0.0717,215840.10975463886,215840.10975463886,16980.14143439744,21.2251767929968,19.344669836759508,-1544.975411619589,25.0,CHECKPOINT24_NONPOS_NEXT_OPEN,0.2964335464116672,0,0.0,C2,FROZEN_GOVERNOR
2020,NEO-USDT,2020-06-11 03:00:00+00:00,2020-06-12 04:00:00+00:00,11.967,10.8063,1557.0803219737127,649.2804337597944,18633.58021305942,23.291975266324275,21.04839242726633,-1839.20663893995,25.0,CHECKPOINT24_NONPOS_NEXT_OPEN,0.17505998485458396,1,9822.394790474596,C2,FROZEN_GOVERNOR
2020,CHR-USDT,2020-06-11 19:00:00+00:00,2020-06-12 20:00:00+00:00,0.039547,0.034281,446234.93095445534,186073.64401190606,17647.252814455846,22.059066018069807,20.989032222092252,-899.0751350222033,25.0,CHECKPOINT24_NONPOS_NEXT_OPEN,1.0819304386162243,1,10412.435187301651,C2,FROZEN_GOVERNOR
2020,VET-USDT,2020-06-11 19:00:00+00:00,2020-06-12 20:00:00+00:00,0.0097507,0.0094824,1809524.2593555935,754545.9790565034,17644.128195698584,22.05516024462323,21.028277818297774,-864.5893791232854,25.0,CHECKPOINT24_NONPOS_NEXT_OPEN,0.9777456079619027,1,9667.715462832832,C2,FROZEN_GOVERNOR
2020,ARPA-USDT,2020-06-11 22:00:00+00:00,2020-06-12 23:00:00+00:00,0.013391,0.012641,1307627.7187127343,545262.2324106848,17510.442781282225,21.88805347660278,20.778413226970656,-930.3786664092736,25.0,CHECKPOINT24_NONPOS_NEXT_OPEN,0.42002042088580227,1,9730.070701673058,C2,FROZEN_GOVERNOR
2020,ONE-USDT,2020-06-06 04:00:00+00:00,2020-06-13 04:00:00+00:00,0.0037,0.003885,4468537.451694426,1863316.8077227972,16533.588571269378,20.666985714086724,20.905742703379712,149.4328630169238,168.0,TERMINAL168,0.2538870412260753,1,9485.608364700702,C2,FROZEN_GOVERNOR
2020,VET-USDT,2020-06-12 21:00:00+00:00,2020-06-13 22:00:00+00:00,0.0095496,0.0094065,732860.4382254286,732860.4382254286,6998.524040877553,8.74815505109694,8.617064640209367,-122.23754840136466,25.0,CHECKPOINT24_NONPOS_NEXT_OPEN,0.5686357222758835,0,0.0,C2,FROZEN_GOVERNOR
2020,CHR-USDT,2020-06-13 09:00:00+00:00,2020-06-14 10:00:00+00:00,0.037158,0.034807,185916.7882181634,185916.7882181634,6908.296016610515,8.635370020763144,8.089007059387015,-453.8147461810527,25.0,CHECKPOINT24_NONPOS_NEXT_OPEN,0.6487182513814387,0,0.0,C2,FROZEN_GOVERNOR
2020,VET-USDT,2020-06-14 01:00:00+00:00,2020-06-15 02:00:00+00:00,0.0095763,0.0086637,727563.0730913146,727563.0730913146,6967.362256844356,8.709202821055445,7.879235245426528,-680.5624985696159,25.0,CHECKPOINT24_NONPOS_NEXT_OPEN,0.3527266557764432,0,0.0,C2,FROZEN_GOVERNOR
2020,MTV-USDT,2020-06-14 02:00:00+00:00,2020-06-15 03:00:00+00:00,0.000472,0.0004403,14731585.965453012,14731585.965453012,6953.308575693822,8.691635719617278,8.1078966257362,-483.790807450214,25.0,CHECKPOINT24_NONPOS_NEXT_OPEN,0.6520677868267117,0,0.0,C2,FROZEN_GOVERNOR
2020,ALGO-USDT,2020-06-14 17:00:00+00:00,2020-06-15 18:00:00+00:00,0.2394,0.2265,28967.727240371118,28967.727240371118,6934.873901344846,8.668592376681058,8.201487774930072,-390.55376155239856,25.0,CHECKPOINT24_NONPOS_NEXT_OPEN,0.33199330317430686,0,0.0,C2,FROZEN_GOVERNOR
2020,DAG-USDT,2020-06-14 18:00:00+00:00,2020-06-15 19:00:00+00:00,0.008851,0.008582,782348.8301805947,782348.8301805947,6924.569495928444,8.655711869910554,8.39264707576233,-227.50019426425328,25.0,CHECKPOINT24_NONPOS_NEXT_OPEN,0.31453436136007706,0,0.0,C2,FROZEN_GOVERNOR
2020,CHR-USDT,2020-06-15 04:00:00+00:00,2020-06-16 05:00:00+00:00,0.03722,0.036572,182720.845369909,182720.845369909,6800.869864668013,8.501087330835016,8.353083446085389,-135.2572785766219,25.0,CHECKPOINT24_NONPOS_NEXT_OPEN,0.5944681054551959,0,0.0,C2,FROZEN_GOVERNOR
2020,KSM-USDT,2020-06-15 04:00:00+00:00,2020-06-16 05:00:00+00:00,5.6177,5.4058,1194.8153449153513,1194.8153449153513,6712.114163130969,8.390142703913712,8.073665989429257,-269.64518028090623,25.0,CHECKPOINT24_NONPOS_NEXT_OPEN,0.29256405904561056,0,0.0,C2,FROZEN_GOVERNOR
2020,DAG-USDT,2020-06-16 08:00:00+00:00,2020-06-17 09:00:00+00:00,0.00873,0.008756,1557250.476067347,1557250.476067347,13594.79665606794,16.993495820084924,17.044106460557114,6.450910097109212,25.0,CHECKPOINT24_NONPOS_NEXT_OPEN,0.30896439675860454,0,0.0,C2,FROZEN_GOVERNOR
2020,COTI-USDT,2020-06-12 05:00:00+00:00,2020-06-19 05:00:00+00:00,0.023117,0.02322,302361.5853658666,302361.5853658666,6989.692768902738,8.737115961128422,8.776045015244279,13.630082316312226,168.0,TERMINAL168,0.5831004007167487,0,0.0,C2,FROZEN_GOVERNOR
2020,ALGO-USDT,2020-06-15 20:00:00+00:00,2020-06-22 20:00:00+00:00,0.2288,0.2374,29463.913077295598,21361.36875291848,6741.343312085233,8.426679140106542,8.687711213457376,191.71126832710348,168.0,TERMINAL168,0.43689457617890287,1,1878.9800288230535,C2,FROZEN_GOVERNOR
2020,AVA-USDT,2020-06-15 22:00:00+00:00,2020-06-22 22:00:00+00:00,0.329545,0.32375,20491.99521096111,14856.71862512019,6753.034561796179,8.441293202245225,8.3478475673179,-91.54564871142225,168.0,TERMINAL168,0.324856315948353,1,1868.4153989716585,C2,FROZEN_GOVERNOR
2020,SNX-USDT,2020-06-16 06:00:00+00:00,2020-06-23 06:00:00+00:00,1.093632,1.565304,12456.945891345686,9031.299203948514,13623.314649044165,17.029143311305205,23.534902986499745,5164.043693857827,168.0,TERMINAL168,0.4770435727582417,1,4691.1936200623695,C2,FROZEN_GOVERNOR
2020,ONE-USDT,2020-06-22 22:00:00+00:00,2020-06-23 23:00:00+00:00,0.005174,0.004871,1856676.9220653644,1856676.9220653644,9606.446394766195,12.008057993457744,11.30484160922549,-585.8860069884875,25.0,CHECKPOINT24_NONPOS_NEXT_OPEN,0.4221429280052478,0,0.0,C2,FROZEN_GOVERNOR
2020,COTI-USDT,2020-06-23 00:00:00+00:00,2020-06-24 01:00:00+00:00,0.027992,0.027107,637128.4958588296,637128.4958588296,17834.500856080358,22.29312607010045,21.588302671556615,-607.7401475767218,25.0,CHECKPOINT24_NONPOS_NEXT_OPEN,0.33528274561442967,0,0.0,C2,FROZEN_GOVERNOR
2020,TEL-USDT,2020-06-23 06:00:00+00:00,2020-06-24 07:00:00+00:00,0.00027511,0.00025601,64585258.71246392,64585258.71246392,17768.05052438595,22.21006315548244,20.66809010372236,-1276.4565946672674,25.0,CHECKPOINT24_NONPOS_NEXT_OPEN,0.271578354702164,0,0.0,C2,FROZEN_GOVERNOR
2020,ARPA-USDT,2020-06-17 09:00:00+00:00,2020-06-24 09:00:00+00:00,0.01323,0.013308,1043647.4694721199,756645.5407657095,13807.456021116148,17.259320026395184,17.78691476638685,387.029557200551,168.0,TERMINAL168,0.5212072354601985,1,4160.092956599419,C2,FROZEN_GOVERNOR
2020,CHR-USDT,2020-06-23 23:00:00+00:00,2020-06-25 00:00:00+00:00,0.032624,0.029692,537216.8914024875,292065.22359807754,17526.163865114755,21.907704831393445,19.938804924403325,-1616.9664353478913,25.0,CHECKPOINT24_NONPOS_NEXT_OPEN,0.40608982199027116,1,7279.043320448541,C2,FROZEN_GOVERNOR
2020,NEO-USDT,2020-06-24 01:00:00+00:00,2020-06-25 02:00:00+00:00,10.9354,10.4503,1636.573513320269,889.7453091147581,17896.58599756247,22.37073249695309,21.432780338194988,-794.1652398416305,25.0,CHECKPOINT24_NONPOS_NEXT_OPEN,0.2398155951583295,1,7848.118866714031,C2,FROZEN_GOVERNOR
2020,BTT-USDT,2020-06-24 08:00:00+00:00,2020-06-25 09:00:00+00:00,0.00031282,0.00029671,57691183.760461986,31364591.758551486,18046.95610394772,22.558695129934648,21.524951970567635,-871.0781745941131,25.0,CHECKPOINT24_NONPOS_NEXT_OPEN,0.20806297616059785,1,7913.773555774296,C2,FROZEN_GOVERNOR
2020,MTV-USDT,2020-06-24 09:00:00+00:00,2020-06-25 10:00:00+00:00,0.0004305,0.000337,41349022.10642561,22479954.70795267,17800.754016816227,22.250942521020285,17.963119883462696,-3470.472172450553,25.0,CHECKPOINT24_NONPOS_NEXT_OPEN,0.8553170153861411,1,6794.751170190107,C2,FROZEN_GOVERNOR
2020,VET-USDT,2020-06-25 00:00:00+00:00,2020-06-26 01:00:00+00:00,0.0089392,0.0088838,921350.9892075522,921350.9892075522,8236.14076272415,10.295175953405188,10.231372397402565,-71.56939315290529,25.0,CHECKPOINT24_NONPOS_NEXT_OPEN,0.23003991219179792,0,0.0,C2,FROZEN_GOVERNOR
2020,ADA-USDT,2020-06-25 03:00:00+00:00,2020-06-26 04:00:00+00:00,0.083185,0.081028,99513.52825537219,99513.52825537219,8278.032847923136,10.34754105990392,10.079227709345373,-235.0774492160865,25.0,CHECKPOINT24_NONPOS_NEXT_OPEN,0.2757880766722558,0,0.0,C2,FROZEN_GOVERNOR
2020,DAG-USDT,2020-06-19 06:00:00+00:00,2020-06-26 06:00:00+00:00,0.008764,0.00818,1632864.4460251525,643604.3550658592,14310.424004964436,17.888030006205547,17.416216141986194,-412.7553375236738,168.0,TERMINAL168,0.3215996250519209,2,8668.289289150227,C2,FROZEN_GOVERNOR
2020,ZEC-USDT,2020-06-25 10:00:00+00:00,2020-06-26 11:00:00+00:00,55.571,55.83,147.28807136905263,147.28807136905263,8184.945414049623,10.23118176756203,10.27886628066776,17.637562436355342,25.0,CHECKPOINT24_NONPOS_NEXT_OPEN,0.33727686897754805,0,0.0,C2,FROZEN_GOVERNOR
2020,SNX-USDT,2020-06-25 11:00:00+00:00,2020-06-26 12:00:00+00:00,1.857844,1.828203,4401.974784628552,4401.974784628552,8178.182441773447,10.222728052216809,10.05962938397784,-150.7612920273696,25.0,CHECKPOINT24_NONPOS_NEXT_OPEN,0.6571250735110163,0,0.0,C2,FROZEN_GOVERNOR
2020,ZEC-USDT,2020-06-26 11:00:00+00:00,2020-06-27 12:00:00+00:00,55.83,54.333,145.62394111460324,145.62394111460324,8130.184632428299,10.162730790535374,9.890231990724672,-238.05200262982066,25.0,CHECKPOINT24_NONPOS_NEXT_OPEN,0.2717275210309867,0,0.0,C2,FROZEN_GOVERNOR
2020,SENSO-USDT,2020-06-26 11:00:00+00:00,2020-06-27 12:00:00+00:00,0.202235,0.200593,40198.09961526702,40198.09961526702,8129.462675693525,10.161828344616906,10.079321745156571,-86.24642965804121,25.0,CHECKPOINT24_NONPOS_NEXT_OPEN,0.1651089950324351,0,0.0,C2,FROZEN_GOVERNOR
2020,SNX-USDT,2020-06-26 17:00:00+00:00,2020-06-27 18:00:00+00:00,1.872102,1.784,4337.430747719486,4337.430747719486,8120.112777667145,10.15014097208393,9.672470567414456,-401.9589352750792,25.0,CHECKPOINT24_NONPOS_NEXT_OPEN,0.4359229339076141,0,0.0,C2,FROZEN_GOVERNOR
2020,VET-USDT,2020-06-27 13:00:00+00:00,2020-06-28 14:00:00+00:00,0.0090358,0.0085982,893873.7171383287,893873.7171383287,8076.8641333185105,10.096080166648138,9.607131243373473,-410.86235002975405,25.0,CHECKPOINT24_NONPOS_NEXT_OPEN,0.25443009839479536,0,0.0,C2,FROZEN_GOVERNOR
2020,WIN-USDT,2020-06-27 17:00:00+00:00,2020-06-28 18:00:00+00:00,7.385e-05,7.315e-05,109217545.51155035,109217545.51155035,8065.715736027994,10.082144670034992,9.986579317712387,-96.52100584583275,25.0,CHECKPOINT24_NONPOS_NEXT_OPEN,0.22520015457475917,0,0.0,C2,FROZEN_GOVERNOR
2020,ONE-USDT,2020-06-28 04:00:00+00:00,2020-06-29 05:00:00+00:00,0.006655,0.004633,1157077.4157245345,1157077.4157245345,7700.350201646777,9.625437752058472,6.700924583814711,-2355.9368969308825,25.0,CHECKPOINT24_NONPOS_NEXT_OPEN,0.3897254729435716,0,0.0,C2,FROZEN_GOVERNOR
2020,COTI-USDT,2020-06-28 11:00:00+00:00,2020-06-29 12:00:00+00:00,0.025971,0.024447,290668.45179881854,290668.45179881854,7548.950361667117,9.436187952083896,8.882464551407146,-461.2973730448915,25.0,CHECKPOINT24_NONPOS_NEXT_OPEN,0.502771142097998,0,0.0,C2,FROZEN_GOVERNOR
2020,MTV-USDT,2020-06-28 12:00:00+00:00,2020-06-29 13:00:00+00:00,0.000346,0.0003423,21819385.559924275,21819385.559924275,7549.507403733799,9.436884254667248,9.3359695964526,-99.50458042283911,25.0,CHECKPOINT24_NONPOS_NEXT_OPEN,0.34053449931398655,0,0.0,C2,FROZEN_GOVERNOR
2020,TEL-USDT,2020-06-28 15:00:00+00:00,2020-06-29 16:00:00+00:00,0.00022698,0.00021,33140061.05136043,33140061.05136043,7522.13105743779,9.402663821797239,8.699266025982112,-580.8201664998794,25.0,CHECKPOINT24_NONPOS_NEXT_OPEN,0.3310122675471351,0,0.0,C2,FROZEN_GOVERNOR
2020,SENSO-USDT,2020-06-29 16:00:00+00:00,2020-06-30 17:00:00+00:00,0.202636,0.201346,35599.47203411972,35599.47203411972,7213.734615105883,9.017168268882354,8.959764120227335,-63.900251313123675,25.0,CHECKPOINT24_NONPOS_NEXT_OPEN,0.1733448053637217,0,0.0,C2,FROZEN_GOVERNOR
2020,TEL-USDT,2020-06-29 22:00:00+00:00,2020-06-30 23:00:00+00:00,0.00022885,0.0002078,31579491.197757173,31579491.197757173,7226.966560606729,9.033708200758412,8.202772838617426,-681.9847707521642,25.0,CHECKPOINT24_NONPOS_NEXT_OPEN,0.5449340980310733,0,0.0,C2,FROZEN_GOVERNOR
2020,ONE-USDT,2020-06-29 23:00:00+00:00,2020-07-01 00:00:00+00:00,0.004511,0.004452,1603585.847572191,1603585.847572191,7233.775758398154,9.042219697997693,8.923955241739243,-112.57773994649645,25.0,CHECKPOINT24_NONPOS_NEXT_OPEN,0.3740257853227462,0,0.0,C2,FROZEN_GOVERNOR
2020,WIN-USDT,2020-06-30 05:00:00+00:00,2020-07-01 06:00:00+00:00,7.175e-05,7.081e-05,88786677.62590057,88786677.62590057,6370.444119658365,7.9630551495729565,7.858730803362524,-99.28126292128175,25.0,CHECKPOINT24_NONPOS_NEXT_OPEN,0.2103895519030501,0,0.0,C2,FROZEN_GOVERNOR
2020,MTV-USDT,2020-07-01 01:00:00+00:00,2020-07-04 02:00:00+00:00,0.0003408,0.0002962,20661429.98407811,20661429.98407811,7041.41533857382,8.801769173217275,7.64989445160492,-937.9514409147064,73.0,CHECKPOINT72_NONPOS_NEXT_OPEN,0.35899394740348284,0,0.0,C2,FROZEN_GOVERNOR
2020,BTC-USDT,2020-07-01 06:00:00+00:00,2020-07-04 07:00:00+00:00,9150.3,9090.1,0.7084855922680087,0.7084855922680087,6482.8557149299595,8.10356964366245,8.050256102844283,-58.80465840104033,73.0,CHECKPOINT72_NONPOS_NEXT_OPEN,0.1929441834268401,0,0.0,C2,FROZEN_GOVERNOR
2020,COTI-USDT,2020-07-04 09:00:00+00:00,2020-07-05 10:00:00+00:00,0.025838,0.025596,335208.59776872536,335208.59776872536,8661.119749148325,10.826399686435407,10.724999085610369,-102.67187943207658,25.0,CHECKPOINT24_NONPOS_NEXT_OPEN,0.456275893564199,0,0.0,C2,FROZEN_GOVERNOR
2020,SENSO-USDT,2020-07-05 11:00:00+00:00,2020-07-06 12:00:00+00:00,0.209547,0.209234,41850.62980118834,41850.62980118834,8769.673922949614,10.962092403687018,10.945718344777301,-35.00705787623751,25.0,CHECKPOINT24_NONPOS_NEXT_OPEN,0.17947213341587637,0,0.0,C2,FROZEN_GOVERNOR
2020,KSM-USDT,2020-06-29 13:00:00+00:00,2020-07-06 13:00:00+00:00,5.9736,8.9795,1209.2618015413384,1209.2618015413384,7223.646297687339,9.029557872109175,13.57320793367556,3612.3172834473244,168.0,TERMINAL168,0.46919710354152766,0,0.0,C2,FROZEN_GOVERNOR
2020,KSM-USDT,2020-07-06 14:00:00+00:00,2020-07-07 15:00:00+00:00,9.0306,8.523,964.2177882152242,852.6819225138604,8707.465158256404,10.884331447820506,10.351209872467043,-447.7328016030568,25.0,CHECKPOINT24_NONPOS_NEXT_OPEN,0.9301147514545123,1,1013.5598723880031,C2,FROZEN_GOVERNOR
2020,DAG-USDT,2020-06-30 19:00:00+00:00,2020-07-07 19:00:00+00:00,0.006865,0.007284,1022625.8102521087,904333.5982341656,7020.326187380726,8.775407734225908,9.265465500718541,374.00533995916317,168.0,TERMINAL168,0.5448651360417032,1,825.2064710371715,C2,FROZEN_GOVERNOR
2020,ETH-USDT,2020-06-30 23:00:00+00:00,2020-07-07 23:00:00+00:00,226.06,238.16,30.787137712998398,27.225836418565212,6959.740351400418,8.699675439250523,9.172097369619046,360.0657714859489,168.0,TERMINAL168,0.182515807636625,1,853.572694249746,C2,FROZEN_GOVERNOR
2020,KSM-USDT,2020-07-07 16:00:00+00:00,2020-07-08 17:00:00+00:00,8.7755,8.0844,821.5120035221673,805.1400513561915,7209.178586908779,9.011473233635973,8.313333824364296,-575.8363344753426,25.0,CHECKPOINT24_NONPOS_NEXT_OPEN,0.6855599778222716,1,141.59282830744203,C2,FROZEN_GOVERNOR
2020,MTV-USDT,2020-07-07 19:00:00+00:00,2020-07-10 20:00:00+00:00,0.0003118,0.0002952,22421023.748469513,21974194.089562107,6990.875204772794,8.738594005965993,8.27855215797005,-385.05062456068976,73.0,CHECKPOINT72_NONPOS_NEXT_OPEN,0.6047744708916543,1,136.05963113730562,C2,FROZEN_GOVERNOR
2020,BTT-USDT,2020-07-04 02:00:00+00:00,2020-07-11 02:00:00+00:00,0.0003243,0.00042069,26613656.334115885,23066089.79747067,8630.808749153783,10.78851093644223,13.612142169927518,2234.504333681861,168.0,TERMINAL168,0.31038719981159957,2,1186.040419044079,C2,FROZEN_GOVERNOR
2020,AVA-USDT,2020-07-08 23:00:00+00:00,2020-07-12 00:00:00+00:00,0.357778,0.343603,15367.285102304193,15367.285102304193,5498.076529332189,6.872595661665237,6.600306578758785,-231.3041685655858,73.0,CHECKPOINT72_NONPOS_NEXT_OPEN,0.422332176306491,0,0.0,C2,FROZEN_GOVERNOR
2020,XLM-USDT,2020-07-12 00:00:00+00:00,2020-07-13 01:00:00+00:00,0.094278,0.095391,134201.77813062843,134201.77813062843,12652.275238599388,15.815344048249235,16.002052272073474,117.54918273906684,25.0,CHECKPOINT24_NONPOS_NEXT_OPEN,0.4597498148919418,0,0.0,C2,FROZEN_GOVERNOR
2020,ARPA-USDT,2020-07-06 12:00:00+00:00,2020-07-13 12:00:00+00:00,0.013401,0.025368,645688.2777025667,559618.8516032534,8652.868609492096,10.81608576186512,19.19654757456232,6674.356816821332,168.0,TERMINAL168,0.29540797717453215,2,1160.8270321785228,C2,FROZEN_GOVERNOR
2020,WIN-USDT,2020-07-11 02:00:00+00:00,2020-07-14 03:00:00+00:00,7.638e-05,7.459e-05,169925491.7106908,91853698.1456831,12978.909056862562,16.223636321078203,15.825861879823407,-350.2690512047386,73.0,CHECKPOINT72_NONPOS_NEXT_OPEN,0.36992601657727886,1,5809.322159172223,C2,FROZEN_GOVERNOR
2020,COTI-USDT,2020-07-13 02:00:00+00:00,2020-07-14 03:00:00+00:00,0.031897,0.029201,409300.03077194473,221248.272399024,13055.443081532721,16.3193038519159,14.988856205391407,-1095.6662772769027,25.0,CHECKPOINT24_NONPOS_NEXT_OPEN,0.562000890792488,1,5530.414161989226,C2,FROZEN_GOVERNOR
2020,KCS-USDT,2020-07-13 15:00:00+00:00,2020-07-14 16:00:00+00:00,0.8014,0.78833,16441.200504793305,8887.336756342156,13175.978084541355,16.469972605676695,16.26198424901095,-199.1226421872811,25.0,CHECKPOINT24_NONPOS_NEXT_OPEN,0.17299857717258915,1,6003.43321408155,C2,FROZEN_GOVERNOR
2020,ONE-USDT,2020-07-07 23:00:00+00:00,2020-07-14 23:00:00+00:00,0.005398,0.005829,1238156.620065557,655950.7190026969,6683.569435113877,8.354461793892346,9.162293519436515,628.748625122006,168.0,TERMINAL168,0.47676580145365344,2,3506.2980744824918,C2,FROZEN_GOVERNOR
2020,AVA-USDT,2020-07-14 03:00:00+00:00,2020-07-15 04:00:00+00:00,0.37385,0.368307,17136.969997451757,17136.969997451757,6406.656233547339,8.008320291934174,7.889582511064331,-110.88812749887303,25.0,CHECKPOINT24_NONPOS_NEXT_OPEN,0.3088446303213621,0,0.0,C2,FROZEN_GOVERNOR
2020,VSYS-USDT,2020-07-14 16:00:00+00:00,2020-07-15 17:00:00+00:00,0.02711,0.02827,235566.2212499564,235566.2212499564,6386.200258086318,7.982750322607898,8.324321343420335,256.94974498392133,25.0,CHECKPOINT24_NONPOS_NEXT_OPEN,0.3643346126403535,0,0.0,C2,FROZEN_GOVERNOR
2020,AVA-USDT,2020-07-15 04:00:00+00:00,2020-07-16 05:00:00+00:00,0.368307,0.363896,16432.892666805696,16321.265007151038,6052.349399433206,7.565436749291507,7.47425179560747,-87.9876514921288,25.0,CHECKPOINT24_NONPOS_NEXT_OPEN,0.3034328011569638,1,40.15838544374236,C2,FROZEN_GOVERNOR
2020,VSYS-USDT,2020-07-15 17:00:00+00:00,2020-07-16 18:00:00+00:00,0.02827,0.02727,11138.271342335946,11062.60972951138,314.8789308478372,0.3935986635597965,0.3798214729865638,-11.79517259513251,25.0,CHECKPOINT24_NONPOS_NEXT_OPEN,0.38031047856840516,1,2.179811065475765,C2,FROZEN_GOVERNOR
2020,ALGO-USDT,2020-07-10 20:00:00+00:00,2020-07-17 20:00:00+00:00,0.2394,0.34,53882.944753200034,28297.555594271667,12899.576973916088,16.12447121739511,20.579444852121906,3527.2749917119195,168.0,TERMINAL168,0.335372765664591,3,6842.386979645158,C2,FROZEN_GOVERNOR
2020,TEL-USDT,2020-07-17 20:00:00+00:00,2020-07-18 21:00:00+00:00,0.0002188,0.000208,32373505.15721214,32373505.15721214,7083.322928398016,8.85415366049752,8.417111340875156,-366.9051206992644,25.0,CHECKPOINT24_NONPOS_NEXT_OPEN,0.2776700674245206,0,0.0,C2,FROZEN_GOVERNOR
2020,XTZ-USDT,2020-07-16 10:00:00+00:00,2020-07-19 11:00:00+00:00,3.10143,3.02,1800.1534820398015,1760.8778301426496,5583.050013802702,6.9788125172533775,6.801962179079187,-155.26104523568478,73.0,CHECKPOINT72_NONPOS_NEXT_OPEN,0.6095577828604553,1,123.71869623254769,C2,FROZEN_GOVERNOR
2020,MTV-USDT,2020-07-14 04:00:00+00:00,2020-07-21 04:00:00+00:00,0.0003146,0.0009055,20359732.45748413,19780239.936503794,6405.171831124507,8.006464788905634,22.931753360519746,11909.292639141868,168.0,TERMINAL168,0.45322357848052364,2,434.3954259116152,C2,FROZEN_GOVERNOR
2020,ATOM-USDT,2020-07-15 00:00:00+00:00,2020-07-22 00:00:00+00:00,3.9828,3.9644,1387.3516795655546,1347.8639346280117,5525.544269373691,6.906930336717115,6.875163630232919,-39.195459154306285,168.0,TERMINAL168,0.4586684929660332,2,156.65912174704465,C2,FROZEN_GOVERNOR
2020,TEL-USDT,2020-07-21 04:00:00+00:00,2020-07-22 05:00:00+00:00,0.0002242,0.00021686,67624727.90134332,67624727.90134332,15161.463995481172,18.951829994351467,18.331373115856643,-533.6487059060674,25.0,CHECKPOINT24_NONPOS_NEXT_OPEN,0.8795285294547281,0,0.0,C2,FROZEN_GOVERNOR
2020,ETN-USDT,2020-07-17 03:00:00+00:00,2020-07-24 03:00:00+00:00,0.0056026,0.0057443,181765.94432687858,181765.94432687858,1018.36187968577,1.2729523496072124,1.305147642496111,23.178134319015438,168.0,TERMINAL168,0.3752088606773699,0,0.0,C2,FROZEN_GOVERNOR
2020,COTI-USDT,2020-07-18 21:00:00+00:00,2020-07-25 21:00:00+00:00,0.029211,0.045602,260705.49991435852,260705.49991435852,7615.468357998327,9.519335447497909,14.860865258868222,4248.843648389884,168.0,TERMINAL168,0.6173050934104349,0,0.0,C2,FROZEN_GOVERNOR
2020,SNX-USDT,2020-07-19 13:00:00+00:00,2020-07-26 13:00:00+00:00,3.410158,3.084398,2259.2560539133733,2149.003718178026,7704.420106301121,9.630525132876402,8.77388128835293,-703.7194820400073,168.0,TERMINAL168,0.39272484481707454,1,390.7222603414764,C2,FROZEN_GOVERNOR
2020,XDB-USDT,2020-07-24 03:00:00+00:00,2020-07-27 04:00:00+00:00,0.02395087,0.02224889,659625.219445661,627435.3217898135,15798.597879664496,19.74824734958062,18.413994327573402,-1105.5646592829296,73.0,CHECKPOINT72_NONPOS_NEXT_OPEN,0.6482012399588961,1,771.4560054425559,C2,FROZEN_GOVERNOR
2020,MTV-USDT,2020-07-22 01:00:00+00:00,2020-07-29 01:00:00+00:00,0.0008573,0.001185,18185782.597600766,17298311.252735842,15590.671420923136,19.48833927615392,26.734792336476392,5750.939316645346,168.0,TERMINAL168,0.48550138404123544,1,889.3350346891389,C2,FROZEN_GOVERNOR
2020,WIN-USDT,2020-07-22 05:00:00+00:00,2020-07-29 05:00:00+00:00,7.762e-05,7.87e-05,201486015.03713167,191653440.39939967,15639.344487182161,19.549180608977704,19.848349216714563,199.93735636379787,168.0,TERMINAL168,0.27762986831435715,1,795.553613938896,C2,FROZEN_GOVERNOR
2020,ETH-USDT,2020-07-29 07:00:00+00:00,2020-07-30 08:00:00+00:00,318.02,319.08,60.71004864240124,60.71004864240124,19307.00966925644,24.133762086570552,24.214202901021736,16.004686573355997,25.0,CHECKPOINT24_NONPOS_NEXT_OPEN,0.35014765796307457,0,0.0,C2,FROZEN_GOVERNOR
2020,KCS-USDT,2020-07-25 22:00:00+00:00,2020-08-01 22:00:00+00:00,0.85069,0.83122,18203.320705533915,17314.99349603131,15485.382890990646,19.35672861373831,18.93189379568194,-378.1564768545143,168.0,TERMINAL168,0.22610751329291706,1,752.9461427744058,C2,FROZEN_GOVERNOR
2020,AVA-USDT,2020-07-26 13:00:00+00:00,2020-08-02 13:00:00+00:00,1.068614,1.533983,7971.269537592343,6686.060575432783,8518.210225644703,10.64776278205588,15.550063306537476,3895.642593496683,168.0,TERMINAL168,0.614804282858443,1,2183.747385545872,C2,FROZEN_GOVERNOR
2020,ALGO-USDT,2020-08-01 22:00:00+00:00,2020-08-02 23:00:00+00:00,0.3278,0.3023,66186.64024115338,55515.35848208069,21695.980671050074,27.119975838812593,25.406448016431405,-1423.3486817601945,25.0,CHECKPOINT24_NONPOS_NEXT_OPEN,0.46630207332037876,1,3542.8655440121333,C2,FROZEN_GOVERNOR
2020,ONE-USDT,2020-07-27 05:00:00+00:00,2020-08-03 05:00:00+00:00,0.007739,0.008295,1914750.551465087,1450406.425771079,14818.25451778831,18.522818147235387,19.997760112958062,1141.4329943179473,168.0,TERMINAL168,0.6368004384622334,2,3967.0867885953485,C2,FROZEN_GOVERNOR
2020,KPOL-USDT,2020-08-02 14:00:00+00:00,2020-08-03 15:00:00+00:00,0.02113,0.0209,668571.6281082489,603785.4483939657,14126.918501927299,17.658648127409123,17.46805343882086,-187.6024524368416,25.0,CHECKPOINT24_NONPOS_NEXT_OPEN,0.379725699484324,1,1355.3268796228037,C2,FROZEN_GOVERNOR
2020,XDB-USDT,2020-08-03 15:00:00+00:00,2020-08-04 16:00:00+00:00,0.01919591,0.01838456,619940.4791714966,615953.7369563666,11900.321643532923,14.875402054416154,14.245981446720965,-532.6578696572891,25.0,CHECKPOINT24_NONPOS_NEXT_OPEN,0.637018699768253,1,72.74672307823089,C2,FROZEN_GOVERNOR
2020,ZEC-USDT,2020-07-29 03:00:00+00:00,2020-08-05 03:00:00+00:00,70.92,86.2,272.60501121472373,204.27827972569378,19333.14739534821,24.16643424418526,29.63245899691595,4319.020908943451,168.0,TERMINAL168,0.3353048525867382,4,6097.179485177955,C2,FROZEN_GOVERNOR
2020,XLM-USDT,2020-08-04 16:00:00+00:00,2020-08-05 17:00:00+00:00,0.10956,0.10692,101915.83475229029,101473.9137825288,11165.898855460924,13.957373569326155,13.623238823443916,-294.8884090985607,25.0,CHECKPOINT24_NONPOS_NEXT_OPEN,0.49468201190960237,1,49.00019712715372,C2,FROZEN_GOVERNOR
2020,NEO-USDT,2020-07-30 08:00:00+00:00,2020-08-06 08:00:00+00:00,11.76,12.849,1727.365632256213,1294.412300941319,20313.819835333066,25.392274794166333,27.792671469586537,1867.1323940724087,168.0,TERMINAL168,0.259290770042274,4,5602.233520874219,C2,FROZEN_GOVERNOR
2020,SNX-USDT,2020-08-06 08:00:00+00:00,2020-08-07 09:00:00+00:00,4.460451,4.519197,3385.7539991732756,3385.7539991732756,15101.989811366437,18.877487264208046,19.12611164475234,160.895905526472,25.0,CHECKPOINT24_NONPOS_NEXT_OPEN,0.3716810208516361,0,0.0,C2,FROZEN_GOVERNOR
2020,XDB-USDT,2020-08-07 09:00:00+00:00,2020-08-08 10:00:00+00:00,0.01866905,0.01815089,828933.0349954548,796114.4609356667,15475.392276981896,19.34424034622737,18.8174473095747,-459.5961169779386,25.0,CHECKPOINT24_NONPOS_NEXT_OPEN,0.5345602767528214,1,603.7718398071772,C2,FROZEN_GOVERNOR
2020,XRP-USDT,2020-08-02 23:00:00+00:00,2020-08-09 23:00:00+00:00,0.29196,0.29004,55061.23055305268,45466.23269036193,16075.67687226926,20.094596090336577,19.97171611451064,-138.3702928655939,168.0,TERMINAL168,1.0059346525086015,5,2790.3467620959373,C2,FROZEN_GOVERNOR
2020,BTT-USDT,2020-08-03 05:00:00+00:00,2020-08-10 05:00:00+00:00,0.00038941,0.00041652,29853922.26701595,27296675.406485867,11625.41586999868,14.53176983749835,15.536621261791137,773.8127483349389,168.0,TERMINAL168,0.2804927521976037,4,1059.6857691234165,C2,FROZEN_GOVERNOR
2020,COTI-USDT,2020-08-05 03:00:00+00:00,2020-08-12 03:00:00+00:00,0.041653,0.065969,340929.60120586085,261365.7474952694,14200.740679027724,17.750925848784654,27.603614703058405,7836.796542867155,168.0,TERMINAL168,0.3791306870218858,4,4840.8547659312935,C2,FROZEN_GOVERNOR
2020,ONE-USDT,2020-08-05 17:00:00+00:00,2020-08-12 17:00:00+00:00,0.008362,0.01133,1656413.1173525248,1269850.5821921856,13850.926487301811,17.313658109127264,23.239328753191604,4699.983528389156,168.0,TERMINAL168,0.5502528927550121,4,4204.0559063158225,C2,FROZEN_GOVERNOR
2020,KSM-USDT,2020-08-12 18:00:00+00:00,2020-08-13 19:00:00+00:00,13.899,13.2912,934.2896631647696,915.5182196232612,12985.692028327132,16.232115035408917,15.54535152864067,-581.188271978646,25.0,CHECKPOINT24_NONPOS_NEXT_OPEN,0.6888133035609327,1,267.94546225584565,C2,FROZEN_GOVERNOR
2020,DAG-USDT,2020-08-08 10:00:00+00:00,2020-08-15 10:00:00+00:00,0.014906,0.021241,929691.1925310934,727196.9700056367,13857.97691586848,17.3224711448356,24.170906144000632,5437.2546220431905,168.0,TERMINAL168,0.7368100079484967,4,3890.3340753107755,C2,FROZEN_GOVERNOR
2020,SENSO-USDT,2020-08-15 11:00:00+00:00,2020-08-16 12:00:00+00:00,0.223062,0.223193,70644.97282139682,70644.97282139682,15758.20892748642,19.697761159358024,19.709329273657524,-30.152598993415232,25.0,CHECKPOINT24_NONPOS_NEXT_OPEN,0.3685043702920813,0,0.0,C2,FROZEN_GOVERNOR
2020,ARPA-USDT,2020-08-10 00:00:00+00:00,2020-08-17 00:00:00+00:00,0.027922,0.051902,538954.180415135,438050.05688759044,15048.678625551398,18.810848281939247,33.00529441894411,11303.740766903005,168.0,TERMINAL168,0.45815143840940087,3,3668.5614825755697,C2,FROZEN_GOVERNOR
2020,CHR-USDT,2020-08-10 05:00:00+00:00,2020-08-17 05:00:00+00:00,0.068991,0.074958,199565.02409488536,162202.04487550713,13768.190577330235,17.210238221662795,18.688789191949134,1146.941748815458,168.0,TERMINAL168,0.8292994288016522,3,2792.6904737810414,C2,FROZEN_GOVERNOR
2020,ONE-USDT,2020-08-16 14:00:00+00:00,2020-08-17 15:00:00+00:00,0.01327,0.0125,1168973.3903146088,1168973.3903146088,15512.276889474859,19.390346111843574,18.265209223665764,-937.7650658777576,25.0,CHECKPOINT24_NONPOS_NEXT_OPEN,0.5896081108206205,0,0.0,C2,FROZEN_GOVERNOR
2020,KPOL-USDT,2020-08-17 00:00:00+00:00,2020-08-18 01:00:00+00:00,0.03549,0.03113,440144.2038307348,440144.2038307348,15620.71779395278,19.525897242440973,17.12711133156347,-1955.6817372760083,25.0,CHECKPOINT24_NONPOS_NEXT_OPEN,0.5903317565177485,0,0.0,C2,FROZEN_GOVERNOR
2020,MTV-USDT,2020-08-17 05:00:00+00:00,2020-08-18 06:00:00+00:00,0.0011328,0.0010129,13725357.83533981,13725357.83533981,15548.085355872938,19.435106694841174,17.37801868926962,-1682.483529841354,25.0,CHECKPOINT24_NONPOS_NEXT_OPEN,0.7110927634369862,0,0.0,C2,FROZEN_GOVERNOR
2020,XDB-USDT,2020-08-17 15:00:00+00:00,2020-08-18 16:00:00+00:00,0.02274262,0.02049597,673352.9596093702,673352.9596093702,15313.810486271257,19.14226310783907,17.25127757445608,-1549.1819673886896,25.0,CHECKPOINT24_NONPOS_NEXT_OPEN,0.5596259623443349,0,0.0,C2,FROZEN_GOVERNOR
2020,KSM-USDT,2020-08-18 02:00:00+00:00,2020-08-19 03:00:00+00:00,13.6358,12.9608,1119.8382208601097,1119.8382208601097,15269.890012004284,19.087362515005356,18.142499016154638,-793.1206606117328,25.0,CHECKPOINT24_NONPOS_NEXT_OPEN,0.33662165042121384,0,0.0,C2,FROZEN_GOVERNOR
2020,ATOM-USDT,2020-08-12 04:00:00+00:00,2020-08-19 04:00:00+00:00,5.1237,5.8467,2726.785641047466,2671.9999522736716,13971.231589034902,17.46403948629363,19.927858393558022,1933.663227931664,168.0,TERMINAL168,0.5492036605240131,1,319.90459388794113,C2,FROZEN_GOVERNOR
2020,XTZ-USDT,2020-08-18 09:00:00+00:00,2020-08-19 10:00:00+00:00,4.11393,3.80774,3686.7215957095245,3686.7215957095245,15166.914574237284,18.958643217796606,17.54759661105873,-1165.3435252191555,25.0,CHECKPOINT24_NONPOS_NEXT_OPEN,0.2748079899207596,0,0.0,C2,FROZEN_GOVERNOR
2020,TRX-USDT,2020-08-18 17:00:00+00:00,2020-08-19 18:00:00+00:00,0.030119,0.026581,491332.23948157596,491332.23948157596,14798.435720945587,18.498044651181985,16.325127822074716,-1773.1566357590718,25.0,CHECKPOINT24_NONPOS_NEXT_OPEN,0.5649419346589386,0,0.0,C2,FROZEN_GOVERNOR
2020,DAG-USDT,2020-08-19 10:00:00+00:00,2020-08-20 11:00:00+00:00,0.021408,0.020129,649033.5676805038,649033.5676805038,13894.510616904226,17.368138271130285,16.33049585480108,-863.8125671892964,25.0,CHECKPOINT24_NONPOS_NEXT_OPEN,0.639052694648138,0,0.0,C2,FROZEN_GOVERNOR
2020,COTI-USDT,2020-08-13 19:00:00+00:00,2020-08-20 19:00:00+00:00,0.069715,0.076651,126862.06683021356,126862.06683021356,8844.188989068338,11.055236236335423,12.155130355753375,856.7049289422728,168.0,TERMINAL168,0.9862336519100101,0,0.0,C2,FROZEN_GOVERNOR
2020,COTI-USDT,2020-08-20 19:00:00+00:00,2020-08-21 20:00:00+00:00,0.076651,0.066921,132822.26466186874,129431.97682171845,10180.9594085969,12.726199260746126,11.160416183654348,-1276.513077117823,25.0,CHECKPOINT24_NONPOS_NEXT_OPEN,0.5662078722266827,1,266.6156260372598,C2,FROZEN_GOVERNOR
2020,SENSO-USDT,2020-08-19 11:00:00+00:00,2020-08-22 12:00:00+00:00,0.23094,0.229843,60196.833713141044,58660.30974351322,13901.856777712794,17.377320972140993,17.30055915600253,-96.0873330389114,73.0,CHECKPOINT72_NONPOS_NEXT_OPEN,0.42614614481818647,1,357.78575242371693,C2,FROZEN_GOVERNOR
2020,ALGO-USDT,2020-08-22 12:00:00+00:00,2020-08-23 13:00:00+00:00,0.5609,0.5467,24332.240053164176,24332.240053164176,13647.953445819785,17.059941807274733,16.62804454633107,-379.20579510853605,25.0,CHECKPOINT24_NONPOS_NEXT_OPEN,0.6878524977032996,0,0.0,C2,FROZEN_GOVERNOR
2020,KPOL-USDT,2020-08-23 14:00:00+00:00,2020-08-24 15:00:00+00:00,0.02855,0.02615,511882.7557395216,511882.7557395216,14614.252676363341,18.267815845454177,16.73216757823561,-1263.5185971985413,25.0,CHECKPOINT24_NONPOS_NEXT_OPEN,0.5930490165292246,0,0.0,C2,FROZEN_GOVERNOR
2020,KCS-USDT,2020-08-19 08:00:00+00:00,2020-08-26 08:00:00+00:00,1.25027,1.35399,11109.673632605998,10826.099252056563,13890.0916526383,17.362614565797877,18.782732996814257,1099.9493972504943,168.0,TERMINAL168,0.5128771748638301,1,367.7562711593402,C2,FROZEN_GOVERNOR
2020,NEO-USDT,2020-08-19 19:00:00+00:00,2020-08-26 19:00:00+00:00,16.2237,17.7393,854.497627798181,832.686578842372,13863.11316410935,17.328891455136688,18.949602055686064,1260.2899869286778,168.0,TERMINAL168,0.3695331192434996,1,388.4046164903615,C2,FROZEN_GOVERNOR
2020,ARPA-USDT,2020-08-26 09:00:00+00:00,2020-08-27 10:00:00+00:00,0.038478,0.038209,364350.62874680787,364350.62874680787,14019.483492919673,17.52435436614959,17.401841467233478,-132.93651496627388,25.0,CHECKPOINT24_NONPOS_NEXT_OPEN,0.5457089790071422,0,0.0,C2,FROZEN_GOVERNOR
2020,ATOM-USDT,2020-08-24 15:00:00+00:00,2020-08-27 16:00:00+00:00,7.8261,7.1419,1907.0582868461609,1907.0582868461609,14924.82885868674,18.656036073358425,17.025024473533243,-1340.4903404070362,73.0,CHECKPOINT72_NONPOS_NEXT_OPEN,0.5951787146845975,0,0.0,C2,FROZEN_GOVERNOR
2020,DAG-USDT,2020-08-20 17:00:00+00:00,2020-08-27 17:00:00+00:00,0.020399,0.019679,651636.1914062062,635003.1799035756,13292.726668495201,16.615908335619,16.079459545447577,-461.854400018207,168.0,TERMINAL168,0.5897656349138465,1,367.3400590355979,C2,FROZEN_GOVERNOR
2020,KCS-USDT,2020-08-26 20:00:00+00:00,2020-08-27 21:00:00+00:00,1.36301,1.3728,10208.232520276253,10208.232520276253,13913.923007461735,17.39240375932717,17.51732700479405,65.02886560938457,25.0,CHECKPOINT24_NONPOS_NEXT_OPEN,0.3206837532382565,0,0.0,C2,FROZEN_GOVERNOR
2020,KSM-USDT,2020-08-27 10:00:00+00:00,2020-08-28 11:00:00+00:00,32.1523,28.6841,431.95974904005755,431.95974904005755,13888.49943906064,17.3606242988258,15.487970796799894,-1530.9713967163516,25.0,CHECKPOINT24_NONPOS_NEXT_OPEN,0.8407526859437368,0,0.0,C2,FROZEN_GOVERNOR
2020,ONE-USDT,2020-08-27 17:00:00+00:00,2020-08-28 18:00:00+00:00,0.011034,0.010795,1250292.1917951324,1250292.1917951324,13795.72404426749,17.244655055334363,16.871130263035568,-332.93561915740565,25.0,CHECKPOINT24_NONPOS_NEXT_OPEN,0.673066247858946,0,0.0,C2,FROZEN_GOVERNOR
2020,TEL-USDT,2020-08-21 22:00:00+00:00,2020-08-28 22:00:00+00:00,0.00031833,0.0004143,27916865.92515647,27916865.92515647,8886.77592995506,11.108469912443825,14.457446940990408,2653.615705983832,168.0,TERMINAL168,0.8220863626233594,0,0.0,C2,FROZEN_GOVERNOR
2020,XDB-USDT,2020-08-28 11:00:00+00:00,2020-08-29 12:00:00+00:00,0.0198967,0.0181221,669291.8879889346,669291.8879889346,13316.699907749437,16.645874884686798,15.16121815415534,-1219.5324774640067,25.0,CHECKPOINT24_NONPOS_NEXT_OPEN,1.1178929792813261,0,0.0,C2,FROZEN_GOVERNOR
2020,ONE-USDT,2020-08-28 21:00:00+00:00,2020-08-29 22:00:00+00:00,0.010851,0.010568,1227735.0174797615,1227735.0174797615,13322.15267467289,16.652690843341112,16.218379580907648,-380.32008037101997,25.0,CHECKPOINT24_NONPOS_NEXT_OPEN,0.4179160645267475,0,0.0,C2,FROZEN_GOVERNOR
2020,SENSO-USDT,2020-08-28 22:00:00+00:00,2020-08-29 23:00:00+00:00,0.23269,0.230833,52910.95886779989,52910.95886779989,12311.851018948357,15.389813773685447,15.266994210413566,-128.91245860160322,25.0,CHECKPOINT24_NONPOS_NEXT_OPEN,0.255916783613669,0,0.0,C2,FROZEN_GOVERNOR
2020,AVA-USDT,2020-08-27 17:00:00+00:00,2020-08-30 18:00:00+00:00,1.417289,1.342853,9734.868427706153,9734.868427706153,13797.121939035225,17.24640242379403,16.340621590938117,-758.2116902994655,73.0,CHECKPOINT72_NONPOS_NEXT_OPEN,0.7546937441793629,0,0.0,C2,FROZEN_GOVERNOR
2020,XTZ-USDT,2020-08-30 18:00:00+00:00,2020-08-31 19:00:00+00:00,3.38794,3.33804,4018.6062698877017,3984.012851623543,13614.79692600334,17.018496157504178,16.769733905247175,-232.7980318683528,25.0,CHECKPOINT24_NONPOS_NEXT_OPEN,0.31367206143812804,1,116.99286496428834,C2,FROZEN_GOVERNOR
2020,CHR-USDT,2020-08-29 13:00:00+00:00,2020-09-01 14:00:00+00:00,0.065712,0.061514,183025.87406621673,181450.3301613114,12026.996236639236,15.033745295799045,14.083684100530846,-789.1663856108893,73.0,CHECKPOINT72_NONPOS_NEXT_OPEN,0.5892000919055171,1,105.21167088176698,C2,FROZEN_GOVERNOR
2020,TEL-USDT,2020-08-29 22:00:00+00:00,2020-09-01 23:00:00+00:00,0.00043602,0.00033167,30730716.96750404,30466177.35495721,13399.207212171112,16.74900901521389,12.787629411092004,-3198.6403217238135,73.0,CHECKPOINT72_NONPOS_NEXT_OPEN,0.7042454075270137,1,125.38648555494493,C2,FROZEN_GOVERNOR
2020,ADA-USDT,2020-09-01 14:00:00+00:00,2020-09-02 15:00:00+00:00,0.123517,0.113884,122195.49308187622,122195.49308187622,15093.220718994105,18.866525898742633,17.39513941767049,-1213.3708501741273,25.0,CHECKPOINT24_NONPOS_NEXT_OPEN,0.37476440921424625,0,0.0,C2,FROZEN_GOVERNOR
2020,VET-USDT,2020-09-01 23:00:00+00:00,2020-09-03 00:00:00+00:00,0.0172735,0.0159954,873616.3292940151,773729.9632383081,15090.41166406017,18.863014580075212,17.46730329198686,-1152.8993483427444,25.0,CHECKPOINT24_NONPOS_NEXT_OPEN,0.3660435860478531,1,1597.7223796074547,C2,FROZEN_GOVERNOR
2020,BNB-USDT,2020-08-31 19:00:00+00:00,2020-09-03 20:00:00+00:00,23.298,22.08,473.18723152336776,419.08458779299553,11024.31612003142,13.780395150039276,13.236139323691976,-462.42119555157177,73.0,CHECKPOINT72_NONPOS_NEXT_OPEN,0.21327514005902076,1,1335.523760484239,C2,FROZEN_GOVERNOR
2020,ETH-USDT,2020-09-03 03:00:00+00:00,2020-09-04 04:00:00+00:00,448.45,386.66,26.60772310515768,11.342931700768796,11932.233426507963,14.915291783134954,13.037058540198693,-1530.5389446723416,25.0,CHECKPOINT24_NONPOS_NEXT_OPEN,0.37500118848128056,1,6043.788860739692,C2,FROZEN_GOVERNOR
2020,KSM-USDT,2020-08-28 12:00:00+00:00,2020-09-04 12:00:00+00:00,29.6865,44.2089,448.4777406524019,167.86974969020375,13313.734447877529,16.64216805984691,25.686685547207205,7193.285136281183,168.0,TERMINAL168,0.6346527973993777,3,13128.011460686515,C2,FROZEN_GOVERNOR
2020,WIN-USDT,2020-09-03 20:00:00+00:00,2020-09-04 21:00:00+00:00,0.00014454,0.00010689,91783022.97242454,39127307.38935338,13266.318140434243,16.582897675542803,14.384068102011263,-1790.030624602787,25.0,CHECKPOINT24_NONPOS_NEXT_OPEN,0.4696253561065079,1,7324.936594761028,C2,FROZEN_GOVERNOR
2020,TRX-USDT,2020-09-04 06:00:00+00:00,2020-09-05 07:00:00+00:00,0.041115,0.033525,133567.8256966103,133567.8256966103,5491.641153516132,6.864551441895165,5.597326695598575,-1026.241675174766,25.0,CHECKPOINT24_NONPOS_NEXT_OPEN,1.0932229465205574,0,0.0,C2,FROZEN_GOVERNOR
2020,SENSO-USDT,2020-09-02 17:00:00+00:00,2020-09-05 18:00:00+00:00,0.232682,0.224714,65595.68879755562,24766.325353849512,15262.936060792837,19.07867007599105,18.897655479003156,-182.7880031453069,73.0,CHECKPOINT72_NONPOS_NEXT_OPEN,0.2958561691440852,2,9552.784347637586,C2,FROZEN_GOVERNOR
2020,KSM-USDT,2020-09-05 00:00:00+00:00,2020-09-06 01:00:00+00:00,44.7708,32.6632,121.67725875114672,121.67725875114672,5447.58821609584,6.8094852701198,4.96796079755057,-1484.9970241230542,25.0,CHECKPOINT24_NONPOS_NEXT_OPEN,1.098003642773312,0,0.0,C2,FROZEN_GOVERNOR
2020,SNX-USDT,2020-08-30 02:00:00+00:00,2020-09-06 02:00:00+00:00,6.669542,4.456113,2028.5619969878358,759.3112518138174,13529.579438514244,16.911974298142805,13.635355394111688,-2651.842452917147,168.0,TERMINAL168,0.35389607418294877,3,7524.707575035525,C2,FROZEN_GOVERNOR
2020,ARPA-USDT,2020-09-05 08:00:00+00:00,2020-09-06 09:00:00+00:00,0.040268,0.034878,134540.24470829152,134540.24470829152,5417.666573913482,6.772083217391853,5.865618318669739,-737.8096205137529,25.0,CHECKPOINT24_NONPOS_NEXT_OPEN,0.6235725643576423,0,0.0,C2,FROZEN_GOVERNOR
2020,ONT-USDT,2020-09-07 01:00:00+00:00,2020-09-08 02:00:00+00:00,0.6426,0.62876,6950.922564786404,6950.922564786404,4466.662840131743,5.583328550164679,5.463077589793875,-107.24717443660177,25.0,CHECKPOINT24_NONPOS_NEXT_OPEN,0.6184728435630691,0,0.0,C2,FROZEN_GOVERNOR
2020,LTC-USDT,2020-09-07 02:00:00+00:00,2020-09-08 03:00:00+00:00,48.353,48.448,77.90543285029564,77.90543285029564,3766.9613946103455,4.708701743262932,4.717953013413903,-2.0256386358993224,25.0,CHECKPOINT24_NONPOS_NEXT_OPEN,0.40452331633665684,0,0.0,C2,FROZEN_GOVERNOR
2020,CHR-USDT,2020-09-08 08:00:00+00:00,2020-09-09 09:00:00+00:00,0.050584,0.048054,88881.46591571945,88856.73817918658,4495.980071880753,5.619975089850941,5.338887361163468,-235.82904540099403,25.0,CHECKPOINT24_NONPOS_NEXT_OPEN,0.8777362535557605,1,1.1881924681414904,C2,FROZEN_GOVERNOR
2020,BTC-USDT,2020-09-07 01:00:00+00:00,2020-09-10 02:00:00+00:00,10255.8,10272.5,0.4354948924816528,0.42631109983971827,4466.348518313334,5.582935647891668,5.592034618192642,-3.895794025304676,73.0,CHECKPOINT72_NONPOS_NEXT_OPEN,0.30645220637224585,2,94.34692145060839,C2,FROZEN_GOVERNOR
2020,KPOL-USDT,2020-09-06 04:00:00+00:00,2020-09-13 04:00:00+00:00,0.02343,0.02304,197696.19787785577,192321.3249167647,4632.0219162781605,5.790027395347701,5.704772959648189,-79.69834891460567,168.0,TERMINAL168,0.6544095502982579,3,132.73504163629266,C2,FROZEN_GOVERNOR
2020,DASH-USDT,2020-09-07 01:00:00+00:00,2020-09-14 01:00:00+00:00,70.05,75.37,63.76167989232782,62.02815677511158,4466.505676457564,5.583132095571955,6.01000637690715,329.9062865956766,168.0,TERMINAL168,0.44946683104751034,3,132.94292538555973,C2,FROZEN_GOVERNOR
2020,ETC-USDT,2020-09-13 05:00:00+00:00,2020-09-14 06:00:00+00:00,4.9795,4.8242,905.5379264287816,905.5379264287816,4509.126104652118,5.636407630815147,5.4606200808471606,-151.72706768605184,25.0,CHECKPOINT24_NONPOS_NEXT_OPEN,0.4799946971400423,0,0.0,C2,FROZEN_GOVERNOR
2020,ETN-USDT,2020-09-08 12:00:00+00:00,2020-09-15 12:00:00+00:00,0.0047193,0.0053124,900872.601919663,873310.5396143979,4251.488070239466,5.314360087799332,5.973278649188037,515.8472103739765,168.0,TERMINAL168,0.6242281741671174,4,139.24800870290176,C2,FROZEN_GOVERNOR
2020,CHR-USDT,2020-09-09 09:00:00+00:00,2020-09-16 09:00:00+00:00,0.048054,0.040054,86684.81825317397,84056.09449273167,4165.552256338022,5.206940320422527,4.368889263597544,-680.0166750440071,168.0,TERMINAL168,0.4976318892785029,3,128.3286020661604,C2,FROZEN_GOVERNOR
2020,KSM-USDT,2020-09-15 12:00:00+00:00,2020-09-16 13:00:00+00:00,40.44,40.3,116.47505454356148,116.47505454356148,4710.251205741626,5.887814007177033,5.867430872631909,-28.061752515907955,25.0,CHECKPOINT24_NONPOS_NEXT_OPEN,0.45590352647101506,0,0.0,C2,FROZEN_GOVERNOR
2020,NEO-USDT,2020-09-10 02:00:00+00:00,2020-09-17 02:00:00+00:00,17.56,21.5176,235.59840415855703,233.31039682727243,4137.107977024261,5.171384971280327,6.337547030409609,921.4207153017356,168.0,TERMINAL168,0.48681368292003646,2,49.75782955716912,C2,FROZEN_GOVERNOR
2020,MTV-USDT,2020-09-14 07:00:00+00:00,2020-09-17 08:00:00+00:00,0.0004839,0.0004058,9670632.831984937,9636761.080578849,4679.619227397511,5.8495240342468895,4.909781024080042,-762.5537131918051,73.0,CHECKPOINT72_NONPOS_NEXT_OPEN,0.4359753804672214,1,17.22717276513663,C2,FROZEN_GOVERNOR
2020,SENSO-USDT,2020-09-16 14:00:00+00:00,2020-09-17 15:00:00+00:00,0.243008,0.235,17469.56150603532,17469.56150603532,4245.243202458631,5.3065540030732885,5.131683692397875,-150.334486235802,25.0,CHECKPOINT24_NONPOS_NEXT_OPEN,0.24230940016181296,0,0.0,C2,FROZEN_GOVERNOR
2020,DGB-USDT,2020-09-17 09:00:00+00:00,2020-09-18 10:00:00+00:00,0.024888,0.023812,190143.4368995045,190143.4368995045,4732.289857554868,5.915362321943585,5.659619399313751,-216.16931982512423,25.0,CHECKPOINT24_NONPOS_NEXT_OPEN,0.6864569290491788,0,0.0,C2,FROZEN_GOVERNOR
2020,SENSO-USDT,2020-09-18 10:00:00+00:00,2020-09-19 11:00:00+00:00,0.236667,0.228408,20549.36026040945,20549.36026040945,4863.355444750323,6.079194305937904,5.867047847949501,-181.6634085446094,25.0,CHECKPOINT24_NONPOS_NEXT_OPEN,0.2888902632189524,0,0.0,C2,FROZEN_GOVERNOR
2020,ONT-USDT,2020-09-14 01:00:00+00:00,2020-09-21 01:00:00+00:00,0.77,0.70929,6081.4505919920475,6060.150084960173,4682.716955833876,5.853396194792346,5.395421204545759,-377.62880959660856,168.0,TERMINAL168,0.38165911266577796,1,17.933109875204856,C2,FROZEN_GOVERNOR
2020,STX-USDT,2020-09-21 03:00:00+00:00,2020-09-22 04:00:00+00:00,0.1959,0.1821,21022.848857557092,21022.848857557092,4118.376091195434,5.147970113994293,4.785325971201433,-300.04861031948303,25.0,CHECKPOINT24_NONPOS_NEXT_OPEN,0.3725239781348566,0,0.0,C2,FROZEN_GOVERNOR
2020,XDB-USDT,2020-09-22 06:00:00+00:00,2020-09-23 07:00:00+00:00,0.01362418,0.0121981,354817.4841854341,354817.4841854341,4834.097271689508,6.042621589611884,5.41012394230293,-517.4508633790783,25.0,CHECKPOINT24_NONPOS_NEXT_OPEN,0.3666998366626961,0,0.0,C2,FROZEN_GOVERNOR
2020,ETH-USDT,2020-09-16 14:00:00+00:00,2020-09-23 14:00:00+00:00,367.06,340.7,12.70353823416445,12.70353823416445,4662.960744232403,5.828700930290504,5.410119345474786,-346.1040881283403,168.0,TERMINAL168,0.29116045259111123,0,0.0,C2,FROZEN_GOVERNOR
2020,NEO-USDT,2020-09-17 02:00:00+00:00,2020-09-24 02:00:00+00:00,21.5176,20.0211,220.29355975084158,220.29355975084158,4740.188701294709,5.925235876618387,5.513149236409468,-341.10769728016203,168.0,TERMINAL168,0.37822507113651416,0,0.0,C2,FROZEN_GOVERNOR
2020,KPOL-USDT,2020-09-17 20:00:00+00:00,2020-09-24 20:00:00+00:00,0.02508,0.02487,157860.7957126663,157860.7957126663,3959.148756473671,4.948935945592089,4.907497486717514,-43.00720053196984,168.0,TERMINAL168,0.6896963405852429,0,0.0,C2,FROZEN_GOVERNOR
2020,TEL-USDT,2020-09-25 05:00:00+00:00,2020-09-26 06:00:00+00:00,0.00020519,0.00020328,15132619.666933507,15132619.666933507,3105.062229458086,3.8813277868226077,3.845198657367804,-36.62983000803352,25.0,CHECKPOINT24_NONPOS_NEXT_OPEN,0.37707700467069744,0,0.0,C2,FROZEN_GOVERNOR
2020,DGB-USDT,2020-09-19 11:00:00+00:00,2020-09-26 11:00:00+00:00,0.024079,0.025244,202331.50715639014,202331.50715639014,4871.940360818719,6.089925451023398,6.384570708319891,223.24170967785085,168.0,TERMINAL168,0.3297685552032115,0,0.0,C2,FROZEN_GOVERNOR
2020,DAG-USDT,2020-09-26 06:00:00+00:00,2020-09-27 07:00:00+00:00,0.011229,0.01098,590819.3207080151,590819.3207080151,6634.310152230301,8.292887690287877,8.108995176717508,-163.51589372330034,25.0,CHECKPOINT24_NONPOS_NEXT_OPEN,0.4539502059197952,0,0.0,C2,FROZEN_GOVERNOR
2020,CHR-USDT,2020-09-26 12:00:00+00:00,2020-09-27 13:00:00+00:00,0.034021,0.031966,195002.63692647716,195002.63692647716,6634.18471087568,8.292730888594601,7.791817864989712,-416.814967637495,25.0,CHECKPOINT24_NONPOS_NEXT_OPEN,0.39639453274873215,0,0.0,C2,FROZEN_GOVERNOR
2020,SNX-USDT,2020-09-24 09:00:00+00:00,2020-10-01 09:00:00+00:00,4.126969,4.760739,1374.0623992864564,1374.0623992864564,5670.712925920828,7.088391157401035,8.176940565895757,855.5741950724808,168.0,TERMINAL168,0.41868612402999483,0,0.0,C2,FROZEN_GOVERNOR
2020,ETC-USDT,2020-09-24 15:00:00+00:00,2020-10-01 15:00:00+00:00,4.7359,5.2661,1197.481233148777,1197.481233148777,5671.151372069293,7.088939215086616,7.882569902355968,619.9330406980384,168.0,TERMINAL168,0.3106966066968151,0,0.0,C2,FROZEN_GOVERNOR
2020,BTT-USDT,2020-09-24 16:00:00+00:00,2020-10-01 16:00:00+00:00,0.00029683,0.00034893,19123865.20027609,19123865.20027609,5676.536907397952,7.09567113424744,8.341112855415421,980.916592944722,168.0,TERMINAL168,0.2068361593204705,0,0.0,C2,FROZEN_GOVERNOR
2020,STX-USDT,2020-10-01 10:00:00+00:00,2020-10-02 11:00:00+00:00,0.162,0.1404,48654.57470187026,48654.57470187026,7882.041101702982,9.852551377128728,8.53887786017823,-1069.3302427977046,25.0,CHECKPOINT24_NONPOS_NEXT_OPEN,0.4040887527775956,0,0.0,C2,FROZEN_GOVERNOR
2020,KPOL-USDT,2020-10-01 17:00:00+00:00,2020-10-02 18:00:00+00:00,0.0224,0.02185,350214.7279894076,350214.7279894076,7844.809906962731,9.806012383703413,9.565239758210696,-211.9893525360879,25.0,CHECKPOINT24_NONPOS_NEXT_OPEN,0.4542436689696029,0,0.0,C2,FROZEN_GOVERNOR
2020,ZEC-USDT,2020-10-01 20:00:00+00:00,2020-10-02 21:00:00+00:00,64.917,63.326,120.21070887762778,120.21070887762778,7803.7185882089625,9.754648235261204,9.515579187980821,-210.5254652475474,25.0,CHECKPOINT24_NONPOS_NEXT_OPEN,0.464943873191014,0,0.0,C2,FROZEN_GOVERNOR
2020,ALGO-USDT,2020-09-27 07:00:00+00:00,2020-10-04 07:00:00+00:00,0.3246,0.3134,22392.726834297897,22392.726834297897,7268.6791304130975,9.085848913016372,8.772350737336202,-268.65674019448846,168.0,TERMINAL168,0.4120305624257612,0,0.0,C2,FROZEN_GOVERNOR
2020,ADA-USDT,2020-09-27 14:00:00+00:00,2020-10-04 14:00:00+00:00,0.096704,0.094421,74650.55890514019,74650.55890514019,7219.007648362677,9.023759560453346,8.810725527977803,-188.2617110688659,168.0,TERMINAL168,0.3573881359312206,0,0.0,C2,FROZEN_GOVERNOR
2020,BTT-USDT,2020-10-02 18:00:00+00:00,2020-10-05 19:00:00+00:00,0.000331,0.00032617,23079065.40833963,23079065.40833963,7639.1706501604185,9.548963312700524,9.409623455297671,-130.4304726902803,73.0,CHECKPOINT72_NONPOS_NEXT_OPEN,0.28416605503674075,0,0.0,C2,FROZEN_GOVERNOR
2020,STX-USDT,2020-10-05 19:00:00+00:00,2020-10-06 20:00:00+00:00,0.1561,0.1421,49124.1882898233,49124.1882898233,7668.285792041417,9.585357240051772,8.725683944979865,-706.0496772425572,25.0,CHECKPOINT24_NONPOS_NEXT_OPEN,0.22994905835785479,0,0.0,C2,FROZEN_GOVERNOR
2020,DAG-USDT,2020-10-04 07:00:00+00:00,2020-10-07 08:00:00+00:00,0.010714,0.01042,731706.2934989328,731706.2934989328,7839.501228547566,9.799376535684457,9.5304744728236,-234.45150129719354,73.0,CHECKPOINT72_NONPOS_NEXT_OPEN,0.41048580478237684,0,0.0,C2,FROZEN_GOVERNOR
2020,SENSO-USDT,2020-10-04 14:00:00+00:00,2020-10-07 15:00:00+00:00,0.253251,0.25111,31070.86834651012,31070.86834651012,7868.728479622035,9.835910599527544,9.752757188115195,-86.11139691752157,73.0,CHECKPOINT72_NONPOS_NEXT_OPEN,0.19434670484810887,0,0.0,C2,FROZEN_GOVERNOR
2020,XTZ-USDT,2020-10-07 02:00:00+00:00,2020-10-08 03:00:00+00:00,2.17,2.0701,3427.442787610904,3422.8345482867435,7437.550849115662,9.296938561394578,8.868868326143685,-360.62199508825205,25.0,CHECKPOINT24_NONPOS_NEXT_OPEN,0.45118215921485977,1,9.484862506559704,C2,FROZEN_GOVERNOR
2020,ZEC-USDT,2020-10-07 08:00:00+00:00,2020-10-08 09:00:00+00:00,61.857,59.978,123.59353977338687,123.42736672674853,7645.125589762391,9.556406987202989,9.26639479279706,-250.83255730474488,25.0,CHECKPOINT24_NONPOS_NEXT_OPEN,0.4041263896617778,1,10.189232700722794,C2,FROZEN_GOVERNOR
2020,WIN-USDT,2020-10-02 16:00:00+00:00,2020-10-09 16:00:00+00:00,8.16e-05,7.971e-05,93615249.8214832,89406741.05671182,7639.004385433029,9.548755481791286,9.342409283563807,-183.96812334733858,168.0,TERMINAL168,0.4172236842717846,2,347.31609722054577,C2,FROZEN_GOVERNOR
2020,KPOL-USDT,2020-10-02 23:00:00+00:00,2020-10-09 23:00:00+00:00,0.02174,0.02088,350804.079449501,335033.55011911853,7626.4806872321515,9.53310085904019,9.157375614771793,-319.2706718885293,168.0,TERMINAL168,0.4732833433053961,2,330.3999653302394,C2,FROZEN_GOVERNOR
2020,KCS-USDT,2020-10-09 23:00:00+00:00,2020-10-11 00:00:00+00:00,0.86778,0.86164,8232.587053284942,8132.947131374302,7144.074393099607,8.930092991374508,8.867346301396953,-67.99479127481544,25.0,CHECKPOINT24_NONPOS_NEXT_OPEN,0.309269522421046,1,86.20447484020914,C2,FROZEN_GOVERNOR
2020,SNX-USDT,2020-10-11 00:00:00+00:00,2020-10-12 01:00:00+00:00,4.010453,3.851949,3816.9418313272904,3816.9418313272904,15307.665818272026,19.13458227284003,18.378331587799156,-642.513461893341,25.0,CHECKPOINT24_NONPOS_NEXT_OPEN,0.409846275151828,0,0.0,C2,FROZEN_GOVERNOR
2020,SENSO-USDT,2020-10-09 17:00:00+00:00,2020-10-12 18:00:00+00:00,0.258067,0.25045,25920.685604079288,25606.964647016324,6689.2735717879295,8.361591964734911,8.117949885452733,-211.39320527593057,73.0,CHECKPOINT72_NONPOS_NEXT_OPEN,0.19120409923208584,1,81.09561251694754,C2,FROZEN_GOVERNOR
2020,KPOL-USDT,2020-10-12 20:00:00+00:00,2020-10-13 21:00:00+00:00,0.02153,0.02113,843076.8893807498,843076.8893807498,18151.445428367544,22.68930678545943,22.267768340769052,-382.1878308785303,25.0,CHECKPOINT24_NONPOS_NEXT_OPEN,0.46676893676860726,0,0.0,C2,FROZEN_GOVERNOR
2020,XDB-USDT,2020-10-07 15:00:00+00:00,2020-10-14 15:00:00+00:00,0.01025509,0.01189581,744562.9255007165,702484.4074330939,7635.5598116731435,9.54444976459143,11.125462474650021,1244.1402558076338,168.0,TERMINAL168,0.462123137365155,3,543.7489409333459,C2,FROZEN_GOVERNOR
2020,BNB-USDT,2020-10-13 21:00:00+00:00,2020-10-14 22:00:00+00:00,30.825,30.674,575.1222678506464,575.1222678506464,17728.143906496174,22.160179883120218,22.05162555506341,-131.0552678836294,25.0,CHECKPOINT24_NONPOS_NEXT_OPEN,0.3016824965640619,0,0.0,C2,FROZEN_GOVERNOR
2020,ALGO-USDT,2020-10-12 01:00:00+00:00,2020-10-15 02:00:00+00:00,0.3311,0.3226,54478.07387005005,47329.662155676,18037.690258373572,22.547112822966966,21.98883497177651,-491.15822874710767,73.0,CHECKPOINT72_NONPOS_NEXT_OPEN,0.41848166111670515,1,2322.51896600013,C2,FROZEN_GOVERNOR
2020,DAG-USDT,2020-10-08 04:00:00+00:00,2020-10-15 04:00:00+00:00,0.011042,0.011482,634159.3981572685,520510.7245062372,7002.3880744525595,8.7529850930657,9.097860685096308,258.04962784632403,168.0,TERMINAL168,0.48829142768383427,3,1301.784409296431,C2,FROZEN_GOVERNOR
2020,ETN-USDT,2020-10-08 12:00:00+00:00,2020-10-15 12:00:00+00:00,0.0050857,0.00515,1492734.0207083155,1225218.8785213043,7591.597409116281,9.489496761395351,9.641034642583243,102.09977354633486,168.0,TERMINAL168,0.3064946296041426,3,1402.9504896818771,C2,FROZEN_GOVERNOR
2020,COTI-USDT,2020-10-14 15:00:00+00:00,2020-10-15 16:00:00+00:00,0.038256,0.034614,504159.7866387518,438005.80084767035,19287.13679765209,24.108920997065113,22.012030140800963,-1723.6336361491853,25.0,CHECKPOINT24_NONPOS_NEXT_OPEN,0.4882184809424891,1,2448.491322099507,C2,FROZEN_GOVERNOR
2020,ARPA-USDT,2020-10-15 05:00:00+00:00,2020-10-16 06:00:00+00:00,0.021141,0.018831,572640.1386052675,572640.1386052675,12106.18517025396,15.132731462817452,13.479233062594743,-1351.4106847035791,25.0,CHECKPOINT24_NONPOS_NEXT_OPEN,0.5477757876502451,0,0.0,C2,FROZEN_GOVERNOR
2020,CHR-USDT,2020-10-15 05:00:00+00:00,2020-10-16 06:00:00+00:00,0.029614,0.026893,312866.4445311541,312866.4445311541,9265.226888345598,11.581533610431999,10.51739661597041,-873.4085257956721,25.0,CHECKPOINT24_NONPOS_NEXT_OPEN,0.4057851054629466,0,0.0,C2,FROZEN_GOVERNOR
2020,DAG-USDT,2020-10-15 13:00:00+00:00,2020-10-16 14:00:00+00:00,0.011388,0.011008,650131.3256862917,650131.3256862917,7403.695536915489,9.254619421144362,8.945807041443373,-265.25033022337834,25.0,CHECKPOINT24_NONPOS_NEXT_OPEN,0.5305932578608956,0,0.0,C2,FROZEN_GOVERNOR
2020,KPOL-USDT,2020-10-16 16:00:00+00:00,2020-10-17 17:00:00+00:00,0.02079,0.02041,577130.0631796343,577130.0631796343,11998.534013504595,14.998167516880745,14.72403073687042,-249.03162226201033,25.0,CHECKPOINT24_NONPOS_NEXT_OPEN,0.2092984622500559,0,0.0,C2,FROZEN_GOVERNOR
2020,BNB-USDT,2020-10-14 23:00:00+00:00,2020-10-18 00:00:00+00:00,30.857,30.21,617.8594660908994,536.7862281534395,19065.289545166885,23.831611931458607,23.39018947802514,-400.359764156256,73.0,CHECKPOINT72_NONPOS_NEXT_OPEN,0.15215415210879651,1,2495.8396299047026,C2,FROZEN_GOVERNOR
2020,STX-USDT,2020-10-17 18:00:00+00:00,2020-10-18 19:00:00+00:00,0.1701,0.1689,69830.13633803754,69830.13633803754,11878.106191100185,14.847632738875232,14.742887534368176,-113.38668387888774,25.0,CHECKPOINT24_NONPOS_NEXT_OPEN,0.19625810541813418,0,0.0,C2,FROZEN_GOVERNOR
2020,DAG-USDT,2020-10-16 20:00:00+00:00,2020-10-19 21:00:00+00:00,0.011029,0.010472,383829.4718058661,383829.4718058661,4233.255244546897,5.291569055683622,5.024327785938787,-224.1089126374896,73.0,CHECKPOINT72_NONPOS_NEXT_OPEN,0.45829160659844537,0,0.0,C2,FROZEN_GOVERNOR
2020,TEL-USDT,2020-10-18 23:00:00+00:00,2020-10-20 00:00:00+00:00,0.0001906,0.00018387,62226871.11315408,62226871.11315408,11860.441634167168,14.82555204270896,14.302068489469553,-447.9144631237043,25.0,CHECKPOINT24_NONPOS_NEXT_OPEN,0.29491329723949955,0,0.0,C2,FROZEN_GOVERNOR
2020,ALGO-USDT,2020-10-19 21:00:00+00:00,2020-10-20 22:00:00+00:00,0.3102,0.2884,31196.51948245166,31196.51948245166,9677.160343456504,12.09645042932063,11.246345273423822,-703.4269204201911,25.0,CHECKPOINT24_NONPOS_NEXT_OPEN,0.3974582041974564,0,0.0,C2,FROZEN_GOVERNOR
2020,ZEC-USDT,2020-10-20 00:00:00+00:00,2020-10-21 01:00:00+00:00,63.67,57.798,366.455690020716,255.30793999592055,23332.23378361899,29.16529222952374,26.668765615127292,-2053.055349361806,25.0,CHECKPOINT24_NONPOS_NEXT_OPEN,0.27095998558985834,1,6578.724176217618,C2,FROZEN_GOVERNOR
2020,SENSO-USDT,2020-10-15 17:00:00+00:00,2020-10-22 17:00:00+00:00,0.251784,0.278476,47694.28176022862,33228.37973971865,12008.657038717403,15.010821298396754,16.617312124070793,1253.5645271167616,168.0,TERMINAL168,0.2600606564042459,1,4040.543422858743,C2,FROZEN_GOVERNOR
2020,CHR-USDT,2020-10-16 09:00:00+00:00,2020-10-23 09:00:00+00:00,0.029136,0.029425,410450.1571350309,285958.6764315836,11958.87577828626,14.948594722857825,14.662083345766064,-258.8197797420305,168.0,TERMINAL168,0.4678740165746138,1,3315.3326226135046,C2,FROZEN_GOVERNOR
2020,KSM-USDT,2020-10-22 22:00:00+00:00,2020-10-23 23:00:00+00:00,27.4782,27.1304,723.8409398913032,723.8409398913032,19889.846114521206,24.862307643151507,24.547617794533767,-301.16180433187776,25.0,CHECKPOINT24_NONPOS_NEXT_OPEN,0.5120949217783497,0,0.0,C2,FROZEN_GOVERNOR
2020,KCS-USDT,2020-10-20 23:00:00+00:00,2020-10-24 00:00:00+00:00,0.915,0.90829,24958.845810938383,17388.70941888299,22837.34391700862,28.546679896260777,28.40527955114023,-170.07223554383802,73.0,CHECKPOINT72_NONPOS_NEXT_OPEN,0.23758731620621107,1,6930.23276283495,C2,FROZEN_GOVERNOR
2020,MTV-USDT,2020-10-21 02:00:00+00:00,2020-10-24 03:00:00+00:00,0.0003482,0.0003265,32214308.427999243,32214308.427999243,11217.022194629337,14.02127774328667,13.147464627177191,-726.2192352580473,73.0,CHECKPOINT72_NONPOS_NEXT_OPEN,0.2952694273215014,0,0.0,C2,FROZEN_GOVERNOR
2020,BTT-USDT,2020-10-18 00:00:00+00:00,2020-10-25 00:00:00+00:00,0.0003356,0.00033234,35401001.27773677,24663709.572911784,11880.57602880846,14.850720036010575,14.750886500232511,-109.46843515869597,168.0,TERMINAL168,0.29427146334484394,1,3603.9719607245065,C2,FROZEN_GOVERNOR
2020,SENSO-USDT,2020-10-24 00:00:00+00:00,2020-10-25 01:00:00+00:00,0.279667,0.279034,70432.11675818043,70432.11675818043,19697.53879741005,24.621923496762562,24.56619408437765,-93.77164748907012,25.0,CHECKPOINT24_NONPOS_NEXT_OPEN,0.16906903900757675,0,0.0,C2,FROZEN_GOVERNOR
2020,XTZ-USDT,2020-10-25 00:00:00+00:00,2020-10-26 01:00:00+00:00,2.21749,2.15827,8090.600137397456,7895.205636022789,17940.824898677485,22.426031123346856,21.8278693897125,-522.7832874205442,25.0,CHECKPOINT24_NONPOS_NEXT_OPEN,0.24671476598391875,1,422.3100437110959,C2,FROZEN_GOVERNOR
2020,COMP-USDT,2020-10-26 02:00:00+00:00,2020-10-27 03:00:00+00:00,94.36,91.81,179.15546139363988,99.63108122474863,16905.10933710386,21.131386671379826,20.61500164955371,-454.8544057818241,25.0,CHECKPOINT24_NONPOS_NEXT_OPEN,0.4454970411356668,1,7344.871752398796,C2,FROZEN_GOVERNOR
2020,ETC-USDT,2020-10-25 01:00:00+00:00,2020-10-28 02:00:00+00:00,5.4,5.306,3619.014938833581,1948.425370205803,19542.680669701338,24.428350837126672,24.009194623215286,-383.7625165894484,73.0,CHECKPOINT72_NONPOS_NEXT_OPEN,0.291770952745005,3,8869.01068426024,C2,FROZEN_GOVERNOR
2020,VSYS-USDT,2020-10-27 04:00:00+00:00,2020-10-28 05:00:00+00:00,0.01679,0.01618,545154.1899048355,540835.5791883867,9153.138848502189,11.441423560627737,11.026499247700679,-354.4073731499745,25.0,CHECKPOINT24_NONPOS_NEXT_OPEN,0.2501848018665982,1,70.47972689244621,C2,FROZEN_GOVERNOR
2020,BNB-USDT,2020-10-28 02:00:00+00:00,2020-10-29 03:00:00+00:00,31.822,30.372,316.8943092762228,307.4089031808201,10084.210709787963,12.605263387234954,12.03072645706513,-484.2655339801599,25.0,CHECKPOINT24_NONPOS_NEXT_OPEN,0.2660654574938466,1,287.95795824423504,C2,FROZEN_GOVERNOR
2020,SENSO-USDT,2020-10-28 06:00:00+00:00,2020-10-29 07:00:00+00:00,0.27975,0.278968,31695.67489834099,30746.947391793798,8866.865052810892,11.083581316013616,11.05292373297148,-46.66257148269255,25.0,CHECKPOINT24_NONPOS_NEXT_OPEN,0.08627253319977851,1,264.9245663832512,C2,FROZEN_GOVERNOR
2020,STX-USDT,2020-10-29 03:00:00+00:00,2020-10-30 04:00:00+00:00,0.1741,0.1398,51823.062747521275,51823.062747521275,9022.395224343454,11.277994030429317,9.056080215129343,-1797.8651264855382,25.0,CHECKPOINT24_NONPOS_NEXT_OPEN,1.3376210850047727,0,0.0,C2,FROZEN_GOVERNOR
2020,SNX-USDT,2020-10-23 09:00:00+00:00,2020-10-30 09:00:00+00:00,3.532726,3.086935,5753.3114334606635,3004.7841839952366,20324.872887083755,25.406091108854696,23.764565919033195,-1362.390808885088,168.0,TERMINAL168,0.21348779522997194,4,9736.079270205219,C2,FROZEN_GOVERNOR
2020,BTC-USDT,2020-10-24 00:00:00+00:00,2020-10-31 00:00:00+00:00,12936.3,13554.0,1.522914514476585,0.795373151549265,19700.879033623445,24.626098792029307,25.347428731719752,527.0904242286105,168.0,TERMINAL168,0.22772432962070266,4,9497.455289277064,C2,FROZEN_GOVERNOR
2020,LTC-USDT,2020-10-24 03:00:00+00:00,2020-10-31 03:00:00+00:00,55.62,55.075,354.76619118637643,185.28387566390597,19732.095553786257,24.66511944223282,24.80669921438205,63.79199906276908,168.0,TERMINAL168,0.30074146170082805,4,9640.849919316017,C2,FROZEN_GOVERNOR
2020,KCS-USDT,2020-10-30 06:00:00+00:00,2020-10-31 07:00:00+00:00,0.85144,0.84976,10109.93141231511,10109.93141231511,8608.000001701577,10.760000002126972,10.73876914616111,-38.48345392097752,25.0,CHECKPOINT24_NONPOS_NEXT_OPEN,0.2097066196090204,0,0.0,C2,FROZEN_GOVERNOR
2020,DASH-USDT,2020-10-31 10:00:00+00:00,2020-11-01 11:00:00+00:00,70.27,69.56,147.416885186047,147.416885186047,10358.984522023522,12.948730652529402,12.817898166926788,-130.43261730154725,25.0,CHECKPOINT24_NONPOS_NEXT_OPEN,0.2997773399639361,0,0.0,C2,FROZEN_GOVERNOR
2020,ATOM-USDT,2020-11-01 12:00:00+00:00,2020-11-02 13:00:00+00:00,4.6842,4.6476,2222.2843011948567,2222.2843011948567,10409.624123656948,13.012030154571185,12.91036064779152,-107.25799622609469,25.0,CHECKPOINT24_NONPOS_NEXT_OPEN,0.33107299267973256,0,0.0,C2,FROZEN_GOVERNOR
2020,CRO-USDT,2020-10-30 20:00:00+00:00,2020-11-02 21:00:00+00:00,0.1044,0.0972,87386.47184049699,87386.47184049699,9123.147660147886,11.403934575184858,10.617456328620383,-651.2039881553851,73.0,CHECKPOINT72_NONPOS_NEXT_OPEN,0.5518064285774724,0,0.0,C2,FROZEN_GOVERNOR
2020,DGB-USDT,2020-10-31 07:00:00+00:00,2020-11-03 08:00:00+00:00,0.019841,0.019106,521933.6138678281,509388.128266011,10355.684832751578,12.944606040939473,12.484525035881223,-393.493935123421,73.0,CHECKPOINT72_NONPOS_NEXT_OPEN,0.4288181936629159,1,255.25045005457076,C2,FROZEN_GOVERNOR
2020,MTV-USDT,2020-10-31 13:00:00+00:00,2020-11-03 14:00:00+00:00,0.000449,0.000406,23076966.94729301,22522276.18034772,10361.558159334561,12.951947699168201,11.721337150518615,-1009.1617237693572,73.0,CHECKPOINT72_NONPOS_NEXT_OPEN,0.6208815635410564,1,233.02559119371733,C2,FROZEN_GOVERNOR
2020,NEO-USDT,2020-11-02 15:00:00+00:00,2020-11-03 16:00:00+00:00,15.3417,14.6546,683.8252489443532,667.3884462804749,10491.041821729583,13.113802277161978,12.536021375820948,-487.8745447258085,25.0,CHECKPOINT24_NONPOS_NEXT_OPEN,0.3463288124877025,1,248.50637579491064,C2,FROZEN_GOVERNOR
2020,WIN-USDT,2020-11-03 15:00:00+00:00,2020-11-04 16:00:00+00:00,9.05e-05,8.721e-05,100692097.72886004,100692097.72886004,9112.634844461834,11.390793555577293,10.976697303667354,-353.64449238719584,25.0,CHECKPOINT24_NONPOS_NEXT_OPEN,0.33602325169005093,0,0.0,C2,FROZEN_GOVERNOR
2020,DGB-USDT,2020-11-03 21:00:00+00:00,2020-11-04 22:00:00+00:00,0.01977,0.01932,503058.4786490914,503058.4786490914,9945.466122892536,12.43183265361567,12.148862259375559,-250.95701030508118,25.0,CHECKPOINT24_NONPOS_NEXT_OPEN,0.3398272475433011,0,0.0,C2,FROZEN_GOVERNOR
2020,SENSO-USDT,2020-10-29 17:00:00+00:00,2020-11-05 17:00:00+00:00,0.285264,0.299698,34226.09530921948,33403.417914049896,9763.472852289187,12.204341065361485,12.81907857030194,466.7665843167013,168.0,TERMINAL168,0.23380831839105148,1,244.32531423662476,C2,FROZEN_GOVERNOR
2020,BTC-USDT,2020-11-02 22:00:00+00:00,2020-11-09 22:00:00+00:00,13661.3,15371.5,0.7635790052440348,0.7452251970937042,10431.481864340332,13.039352330425416,14.630642762731616,1245.362350751805,168.0,TERMINAL168,0.24962704864251586,1,249.28509305942075,C2,FROZEN_GOVERNOR
2020,KPOL-USDT,2020-11-03 10:00:00+00:00,2020-11-10 10:00:00+00:00,0.01702,0.01613,582717.1586520645,582717.1586520645,9917.846040258139,12.397307550322674,11.749034711322249,-542.7646134619841,168.0,TERMINAL168,0.25219955234039537,0,0.0,C2,FROZEN_GOVERNOR
2020,AVA-USDT,2020-11-05 03:00:00+00:00,2020-11-12 03:00:00+00:00,0.704934,0.70982,14215.433689854175,14215.433689854175,10020.942532723662,12.526178165904579,12.612998927165364,44.317431915558274,168.0,TERMINAL168,0.6621470593179886,0,0.0,C2,FROZEN_GOVERNOR
2020,XRP-USDT,2020-11-05 12:00:00+00:00,2020-11-12 12:00:00+00:00,0.23906,0.25392,39034.39213938712,39034.39213938712,9331.561784841884,11.664452231052355,12.389516065041471,555.9970988951987,168.0,TERMINAL168,0.2624354043541527,0,0.0,C2,FROZEN_GOVERNOR
2020,STX-USDT,2020-11-05 21:00:00+00:00,2020-11-12 21:00:00+00:00,0.1509,0.2977,60496.83261504063,60496.83261504063,9128.972041609632,11.41121505201204,22.512383836871997,8847.01142899908,168.0,TERMINAL168,0.40036943092658345,0,0.0,C2,FROZEN_GOVERNOR
2020,SNX-USDT,2020-11-09 22:00:00+00:00,2020-11-12 23:00:00+00:00,4.25156,3.775627,3689.5672977265854,3689.5672977265854,15686.41674032244,19.60802092540305,17.41303738451692,-1793.007891018826,73.0,CHECKPOINT72_NONPOS_NEXT_OPEN,0.656162240919339,0,0.0,C2,FROZEN_GOVERNOR
2020,KCS-USDT,2020-11-12 21:00:00+00:00,2020-11-15 22:00:00+00:00,0.84176,0.82005,21437.5187103978,21186.60371229344,18045.24574966445,22.55655718708056,21.98259057020576,-503.71244125712985,73.0,CHECKPOINT72_NONPOS_NEXT_OPEN,0.23110601663743846,1,211.99808189837293,C2,FROZEN_GOVERNOR
2020,ETH-USDT,2020-11-12 23:00:00+00:00,2020-11-16 00:00:00+00:00,462.82,446.59,39.09937119599765,38.641733407685564,18095.970976931632,22.61996372116454,21.843696428555056,-665.4774942373089,73.0,CHECKPOINT72_NONPOS_NEXT_OPEN,0.27684875404323783,1,217.94542030574715,C2,FROZEN_GOVERNOR
2020,AVA-USDT,2020-11-16 00:00:00+00:00,2020-11-17 01:00:00+00:00,0.739999,0.717498,23217.85930481003,21475.423713098604,17181.192667700117,21.476490834625146,20.825700727133068,-562.9342775554186,25.0,CHECKPOINT24_NONPOS_NEXT_OPEN,0.42152285699936887,1,1251.987018405635,C2,FROZEN_GOVERNOR
2020,ONE-USDT,2020-11-10 10:00:00+00:00,2020-11-17 10:00:00+00:00,0.005163,0.00508,3079399.9433009056,2814961.701425099,15898.941907262575,19.87367738407822,19.514832738040187,-326.46422695254284,168.0,TERMINAL168,0.5450908680103712,2,1311.8607471926482,C2,FROZEN_GOVERNOR
2020,COTI-USDT,2020-11-17 10:00:00+00:00,2020-11-18 11:00:00+00:00,0.037272,0.035455,370356.6859740473,370356.6859740473,13803.93439962469,17.254917999530864,16.41374537651231,-706.6067617908861,25.0,CHECKPOINT24_NONPOS_NEXT_OPEN,0.5750527785302273,0,0.0,C2,FROZEN_GOVERNOR
2020,MLK-USDT,2020-11-12 03:00:00+00:00,2020-11-19 03:00:00+00:00,0.15733,0.15278,110467.35561757218,99891.11150842863,17379.82905931263,21.724786324140787,21.181283126489795,-477.70862757142544,168.0,TERMINAL168,0.2862771453923923,3,1683.662484934111,C2,FROZEN_GOVERNOR
2020,SUKU-USDT,2020-11-18 11:00:00+00:00,2020-11-19 12:00:00+00:00,0.09382,0.07208,159555.92981328673,157833.59325155555,14969.537335082561,18.7119216688532,14.382275804627454,-3496.8108888540787,25.0,CHECKPOINT24_NONPOS_NEXT_OPEN,1.0111952811518974,1,129.175242129839,C2,FROZEN_GOVERNOR
2020,ZEC-USDT,2020-11-12 13:00:00+00:00,2020-11-19 13:00:00+00:00,61.324,62.129,290.95008151730605,263.09425869526723,17842.222798967276,22.302778498709095,22.70469738092432,276.52762989254484,168.0,TERMINAL168,0.360175195552607,3,1817.9747062611978,C2,FROZEN_GOVERNOR
2020,ONE-USDT,2020-11-19 03:00:00+00:00,2020-11-20 04:00:00+00:00,0.004798,0.004681,3163706.237238663,3133659.9222581196,15179.462526271105,18.974328157838883,18.51099763644939,-408.14974290588145,25.0,CHECKPOINT24_NONPOS_NEXT_OPEN,0.4244173495566142,1,140.13601306925318,C2,FROZEN_GOVERNOR
2020,ETC-USDT,2020-11-19 13:00:00+00:00,2020-11-20 14:00:00+00:00,5.7383,5.7,2718.371051552841,2692.554168844971,15598.828605125667,19.498535756407083,19.369113387919473,-142.40554393441465,25.0,CHECKPOINT24_NONPOS_NEXT_OPEN,0.5026699222948359,1,147.7319479192438,C2,FROZEN_GOVERNOR
2020,WAVES-USDT,2020-11-15 22:00:00+00:00,2020-11-22 22:00:00+00:00,4.3295,7.2394,3952.145473320885,2770.2536080305626,17110.81382674277,21.388517283428463,33.74374657271183,9829.051167570547,168.0,TERMINAL168,0.436431592999712,5,6940.023288193006,C2,FROZEN_GOVERNOR
2020,BTT-USDT,2020-11-17 01:00:00+00:00,2020-11-24 01:00:00+00:00,0.00029144,0.00032871,52895624.52964438,40085452.47343754,15415.900812919557,19.269876016149446,21.474117598159562,1722.6492719937814,168.0,TERMINAL168,0.2810973361575143,4,4002.804995983995,C2,FROZEN_GOVERNOR
2020,DIA-USDT,2020-11-24 01:00:00+00:00,2020-11-25 02:00:00+00:00,1.663,1.58,7843.942580927835,7843.942580927835,13044.476512082989,16.305595640103736,15.491786597332473,-682.8446164544469,25.0,CHECKPOINT24_NONPOS_NEXT_OPEN,0.9608789107896802,0,0.0,C2,FROZEN_GOVERNOR
2020,LTC-USDT,2020-11-19 12:00:00+00:00,2020-11-26 12:00:00+00:00,74.706,74.861,156.80112612961506,116.62489790250979,11713.984928639024,14.64248116079878,15.155912703539816,380.9468403284907,168.0,TERMINAL168,0.4632159307835984,4,3394.0736809520677,C2,FROZEN_GOVERNOR
2020,VET-USDT,2020-11-20 04:00:00+00:00,2020-11-27 04:00:00+00:00,0.0115595,0.0143292,1254224.6357078748,761364.4087099014,14498.20967646518,18.122762095581475,22.273271588461345,3280.011560619856,168.0,TERMINAL168,0.3558285601316967,4,6908.874385483157,C2,FROZEN_GOVERNOR
2020,ETC-USDT,2020-11-20 15:00:00+00:00,2020-11-27 15:00:00+00:00,5.7322,6.0382,2294.397233137743,1392.7906875849476,13151.94381979217,16.439929774740214,17.40981904989179,742.0616712966313,168.0,TERMINAL168,0.43550562609344184,4,5517.906510138004,C2,FROZEN_GOVERNOR
2020,DIA-USDT,2020-11-25 02:00:00+00:00,2020-11-28 03:00:00+00:00,1.58,1.4088,7770.621618748845,6098.853092014398,12277.582157623176,15.34697769702897,13.605265629236191,-1422.3218975604873,73.0,CHECKPOINT72_NONPOS_NEXT_OPEN,0.8844859695342093,2,2292.1482673590685,C2,FROZEN_GOVERNOR
2020,SUKU-USDT,2020-11-27 16:00:00+00:00,2020-11-28 17:00:00+00:00,0.18187,0.14927,52694.50574773917,52694.50574773917,9583.549760341322,11.979437200426654,9.832136091206282,-1739.6524606679295,25.0,CHECKPOINT24_NONPOS_NEXT_OPEN,0.24976858155027304,0,0.0,C2,FROZEN_GOVERNOR
2020,KPOL-USDT,2020-11-28 06:00:00+00:00,2020-11-29 07:00:00+00:00,0.01532,0.01531,646944.3539686042,641401.416005324,9911.187502799017,12.388984378498773,12.381590441319574,-30.685724563176034,25.0,CHECKPOINT24_NONPOS_NEXT_OPEN,0.3395081517654999,1,85.41667401414794,C2,FROZEN_GOVERNOR
2020,ATOM-USDT,2020-11-22 23:00:00+00:00,2020-11-29 23:00:00+00:00,5.5916,5.4176,2357.562252870091,1834.5035942334207,13182.5450931484,16.4781813664355,15.962448477311614,-445.0269411428554,168.0,TERMINAL168,0.49079271676780106,3,2831.3521097303105,C2,FROZEN_GOVERNOR
2020,KSM-USDT,2020-11-26 12:00:00+00:00,2020-12-03 12:00:00+00:00,43.819,59.4744,274.4839673727401,204.3833694713985,12027.6129663061,15.034516207882625,19.63431534510954,3645.170478228538,168.0,TERMINAL168,0.696284365317907,5,3551.874006797885,C2,FROZEN_GOVERNOR
2020,XLM-USDT,2020-11-27 05:00:00+00:00,2020-12-04 05:00:00+00:00,0.175548,0.181,54775.527048294156,50452.684569285186,9615.734222273943,12.019667777842429,12.438830280143279,310.87150378269325,168.0,TERMINAL168,1.202488143478051,4,819.1283170740032,C2,FROZEN_GOVERNOR
2020,CRO-USDT,2020-12-03 12:00:00+00:00,2020-12-04 13:00:00+00:00,0.0663,0.064,142391.85738385614,142391.85738385614,9440.580144549662,11.800725180687078,11.391348590708493,-350.6933457542639,25.0,CHECKPOINT24_NONPOS_NEXT_OPEN,0.3458779991300773,0,0.0,C2,FROZEN_GOVERNOR
2020,CHR-USDT,2020-12-04 05:00:00+00:00,2020-12-05 06:00:00+00:00,0.028856,0.026795,328478.94926024956,328478.94926024956,9478.58855985376,11.8482356998172,11.001991806785483,-699.8453419319763,25.0,CHECKPOINT24_NONPOS_NEXT_OPEN,0.37748140229448635,0,0.0,C2,FROZEN_GOVERNOR
2020,SENSO-USDT,2020-11-28 17:00:00+00:00,2020-12-05 17:00:00+00:00,0.279834,0.290613,28049.84370758864,25836.171609065164,7849.29996406936,9.8116249550867,10.17757155769062,272.76808557035827,168.0,TERMINAL168,0.12124456571587083,4,633.7299063272403,C2,FROZEN_GOVERNOR
2020,ARPA-USDT,2020-11-29 07:00:00+00:00,2020-12-06 07:00:00+00:00,0.021533,0.023469,450449.615636843,416014.8654489626,9699.53157350814,12.124414466885176,13.218132258255757,849.6316863713246,168.0,TERMINAL168,0.22522315637174592,4,811.0529293829014,C2,FROZEN_GOVERNOR
2020,DIA-USDT,2020-12-05 07:00:00+00:00,2020-12-06 08:00:00+00:00,1.7094,1.6786,4983.3964164815925,4953.969596967583,8518.617834333634,10.648272292917042,10.45583770790198,-175.05177801287056,25.0,CHECKPOINT24_NONPOS_NEXT_OPEN,0.5928073539908005,1,48.93680085179796,C2,FROZEN_GOVERNOR
2020,CHR-USDT,2020-12-05 17:00:00+00:00,2020-12-06 18:00:00+00:00,0.027671,0.026432,278047.5863316727,276405.72294062725,7693.8547613837145,9.617318451729643,9.18845930787308,-361.893092844854,25.0,CHECKPOINT24_NONPOS_NEXT_OPEN,0.33320306301017716,1,44.811377531803046,C2,FROZEN_GOVERNOR
2020,XRP-USDT,2020-11-29 23:00:00+00:00,2020-12-06 23:00:00+00:00,0.60943,0.622,13442.210975896623,12414.617298691752,8192.08663504068,10.24010829380085,10.45910753454158,154.50017676424292,168.0,TERMINAL168,0.6131924227077546,4,645.3940678469951,C2,FROZEN_GOVERNOR
2020,COMP-USDT,2020-12-06 07:00:00+00:00,2020-12-07 08:00:00+00:00,138.26,139.03,61.861854513604314,61.861854513604314,8553.020005050932,10.691275006313665,10.75081704128301,26.191535927879297,25.0,CHECKPOINT24_NONPOS_NEXT_OPEN,0.34273963487651055,0,0.0,C2,FROZEN_GOVERNOR
2020,SNX-USDT,2020-12-06 09:00:00+00:00,2020-12-07 10:00:00+00:00,5.213588,5.09834,1640.6358936572285,1640.6358936572285,8553.599607540602,10.691999509425752,10.455649502585493,-210.22765448421887,25.0,CHECKPOINT24_NONPOS_NEXT_OPEN,0.42647341091223034,0,0.0,C2,FROZEN_GOVERNOR
2020,TEL-USDT,2020-12-07 00:00:00+00:00,2020-12-08 01:00:00+00:00,0.00016652,0.00015009,52209210.04335952,52209210.04335952,8693.877656420227,10.867347070525284,9.795100419259787,-878.4597685021824,25.0,CHECKPOINT24_NONPOS_NEXT_OPEN,0.3025038614936415,0,0.0,C2,FROZEN_GOVERNOR
2020,MTV-USDT,2020-12-07 01:00:00+00:00,2020-12-08 02:00:00+00:00,0.0004501,0.0004308,16353546.92170226,16353546.92170226,7360.731469458187,9.200914336822734,8.806385017336668,-333.63075494301256,25.0,CHECKPOINT24_NONPOS_NEXT_OPEN,0.581337901459484,0,0.0,C2,FROZEN_GOVERNOR
2020,ETN-USDT,2020-12-07 12:00:00+00:00,2020-12-08 13:00:00+00:00,0.0048571,0.0047505,1704332.6643042986,1704332.6643042986,8278.114183792408,10.34764272974051,10.120540402221964,-202.1500451467994,25.0,CHECKPOINT24_NONPOS_NEXT_OPEN,0.3235835499588874,0,0.0,C2,FROZEN_GOVERNOR
2020,ONE-USDT,2020-12-08 01:00:00+00:00,2020-12-09 02:00:00+00:00,0.005196,0.004745,1596629.2949978742,1575712.6961490444,8296.085816808954,10.370107271011193,9.471445522126999,-738.7709519004936,25.0,CHECKPOINT24_NONPOS_NEXT_OPEN,0.41143088136147393,1,100.3996744743823,C2,FROZEN_GOVERNOR
2020,AVA-USDT,2020-12-08 02:00:00+00:00,2020-12-09 03:00:00+00:00,0.77059,0.723443,9274.784533715767,9153.28047005563,7147.056213836033,8.933820267295042,8.388218311962945,-453.80360284493656,25.0,CHECKPOINT24_NONPOS_NEXT_OPEN,0.33301100341824325,1,88.6979664719004,C2,FROZEN_GOVERNOR
2020,KPOL-USDT,2020-12-07 08:00:00+00:00,2020-12-10 09:00:00+00:00,0.01462,0.01465,594941.2930797584,577935.7474412401,8698.041704826068,10.872552131032585,10.89489786754897,-3.8908607854728814,73.0,CHECKPOINT72_NONPOS_NEXT_OPEN,0.28332746994179525,2,249.15959402500846,C2,FROZEN_GOVERNOR
2020,EWT-USDT,2020-12-09 12:00:00+00:00,2020-12-10 13:00:00+00:00,6.006,5.185,1033.982977905571,1017.7612070095422,6210.10176530086,7.7626272066260755,6.710667476106739,-856.0410790982027,25.0,CHECKPOINT24_NONPOS_NEXT_OPEN,0.46569651699486947,1,91.44212254091424,C2,FROZEN_GOVERNOR
2020,WAVES-USDT,2020-12-04 14:00:00+00:00,2020-12-11 14:00:00+00:00,7.5293,7.9393,1251.2525082071618,1208.3098265806263,9421.055510044183,11.77631938755523,12.429490885693983,498.33138823775397,168.0,TERMINAL168,0.41947241381934,3,350.4585023836189,C2,FROZEN_GOVERNOR
2020,STX-USDT,2020-12-08 15:00:00+00:00,2020-12-11 16:00:00+00:00,0.2844,0.2846,30379.66696625122,29511.307652337684,8639.977285201847,10.799971606502309,10.804558828190428,-17.93475308419797,73.0,CHECKPOINT72_NONPOS_NEXT_OPEN,0.6674826942081429,2,244.7289046970368,C2,FROZEN_GOVERNOR
2020,VSYS-USDT,2020-12-11 16:00:00+00:00,2020-12-12 17:00:00+00:00,0.015,0.01491,548581.9663333831,548581.9663333831,8228.729495000747,10.285911868750935,10.224196397538428,-69.88248523629483,25.0,CHECKPOINT24_NONPOS_NEXT_OPEN,0.45574997098302844,0,0.0,C2,FROZEN_GOVERNOR
2020,TEL-USDT,2020-12-11 08:00:00+00:00,2020-12-14 09:00:00+00:00,0.00016335,0.0001633,43548043.498992,43548043.498992,7113.572905560344,8.891966131950431,8.889244379231743,-19.95861268613192,73.0,CHECKPOINT72_NONPOS_NEXT_OPEN,0.5213925826225281,0,0.0,C2,FROZEN_GOVERNOR
2020,DIA-USDT,2020-12-14 09:00:00+00:00,2020-12-15 10:00:00+00:00,1.4406,1.3849,6724.229897060239,6724.229897060239,9686.92558970498,12.108656987131226,11.640482480548405,-398.28874473393597,25.0,CHECKPOINT24_NONPOS_NEXT_OPEN,0.3398437318446742,0,0.0,C2,FROZEN_GOVERNOR
2020,WAVES-USDT,2020-12-12 17:00:00+00:00,2020-12-15 18:00:00+00:00,8.4612,8.3367,1063.840681457389,1063.840681457389,9001.36877394726,11.251710967434077,11.086150761382271,-154.78602657026028,73.0,CHECKPOINT72_NONPOS_NEXT_OPEN,0.3999633636750035,0,0.0,C2,FROZEN_GOVERNOR
2020,SENSO-USDT,2020-12-09 03:00:00+00:00,2020-12-16 03:00:00+00:00,0.294459,0.299874,27698.039136621825,27263.494995427507,8155.936906130527,10.19492113266316,10.382477193933521,129.46745068969318,168.0,TERMINAL168,0.18957275586902425,1,130.36845688798923,C2,FROZEN_GOVERNOR
2020,KPOL-USDT,2020-12-10 09:00:00+00:00,2020-12-17 09:00:00+00:00,0.01465,0.01441,555358.5470474779,555358.5470474779,8136.002714245551,10.170003392806938,10.003395828692696,-153.4594505128945,168.0,TERMINAL168,0.2887855561696919,0,0.0,C2,FROZEN_GOVERNOR
2020,ETN-USDT,2020-12-17 09:00:00+00:00,2020-12-18 10:00:00+00:00,0.0050994,0.0051168,2054194.8488829685,2054194.8488829685,10475.161212393808,13.093951515492261,13.138630253455467,9.510408601617439,25.0,CHECKPOINT24_NONPOS_NEXT_OPEN,0.4663515658151705,0,0.0,C2,FROZEN_GOVERNOR
2020,ETC-USDT,2020-12-11 14:00:00+00:00,2020-12-18 14:00:00+00:00,5.8339,6.3594,1406.2572924656108,1406.2572924656108,8203.964418515126,10.254955523143908,11.178690782132257,717.5545608854034,168.0,TERMINAL168,0.2737580882647127,0,0.0,C2,FROZEN_GOVERNOR
2020,XLM-USDT,2020-12-18 10:00:00+00:00,2020-12-19 11:00:00+00:00,0.187608,0.182493,54953.82062436654,54953.82062436654,10309.776379696157,12.887220474620197,12.535859484003154,-306.51187245225753,25.0,CHECKPOINT24_NONPOS_NEXT_OPEN,0.5642311845590678,0,0.0,C2,FROZEN_GOVERNOR
2020,DAG-USDT,2020-12-18 14:00:00+00:00,2020-12-21 15:00:00+00:00,0.009733,0.008671,1027427.4267379562,1027427.4267379562,9999.951144440529,12.49993893055066,11.136029021556023,-1114.7638951478166,73.0,CHECKPOINT72_NONPOS_NEXT_OPEN,0.6061529599062494,0,0.0,C2,FROZEN_GOVERNOR
2020,DOT-USDT,2020-12-15 10:00:00+00:00,2020-12-22 10:00:00+00:00,5.0392,4.8615,1936.880389271282,1936.880389271282,9760.327657615844,12.200409572019806,11.770180015552924,-368.154234761078,168.0,TERMINAL168,0.3288988383594664,0,0.0,C2,FROZEN_GOVERNOR
2020,CRO-USDT,2020-12-19 11:00:00+00:00,2020-12-22 12:00:00+00:00,0.0661,0.0598,161197.33432807578,161197.33432807578,10655.14379908581,13.318929748857263,12.049500741023664,-1040.9116367567597,73.0,CHECKPOINT72_NONPOS_NEXT_OPEN,0.34237071289645593,0,0.0,C2,FROZEN_GOVERNOR
2020,KPOL-USDT,2020-12-21 15:00:00+00:00,2020-12-22 16:00:00+00:00,0.01449,0.01413,723091.7626072086,723091.7626072086,10477.599640178452,13.096999550223066,12.771608257049822,-286.18164234586726,25.0,CHECKPOINT24_NONPOS_NEXT_OPEN,0.30398137391797464,0,0.0,C2,FROZEN_GOVERNOR
2020,COMP-USDT,2020-12-15 18:00:00+00:00,2020-12-22 18:00:00+00:00,151.75,146.77,64.34372447873788,64.34372447873788,9764.160189648474,12.205200237060593,11.804660552180449,-344.4416086933557,168.0,TERMINAL168,0.43847611475510206,0,0.0,C2,FROZEN_GOVERNOR
2020,UMA-USDT,2020-12-16 03:00:00+00:00,2020-12-23 03:00:00+00:00,7.85,8.7,1256.9847490325315,1256.9847490325315,9867.33027990537,12.334162849881714,13.669709145728778,1042.4331646820406,168.0,TERMINAL168,0.41068607197123075,0,0.0,C2,FROZEN_GOVERNOR
2020,BTC-USDT,2020-12-22 13:00:00+00:00,2020-12-23 14:00:00+00:00,23121.0,23841.2,0.45895091489778267,0.45895091489778267,10611.404103351633,13.264255129189541,13.67742569032627,303.5947680898668,25.0,CHECKPOINT24_NONPOS_NEXT_OPEN,0.3660680722111915,0,0.0,C2,FROZEN_GOVERNOR
2020,BNB-USDT,2020-12-22 13:00:00+00:00,2020-12-23 14:00:00+00:00,32.326,33.025,298.62662154581017,298.62662154581017,9653.404168089859,12.066755210112325,12.327680220687975,184.3455730297212,25.0,CHECKPOINT24_NONPOS_NEXT_OPEN,0.3020927711458004,0,0.0,C2,FROZEN_GOVERNOR
2020,EWT-USDT,2020-12-23 08:00:00+00:00,2020-12-24 09:00:00+00:00,6.722,6.326,1559.9008539030644,1291.1384879507418,10485.6535399364,13.1070669249205,12.350369838280741,-630.8151060750096,25.0,CHECKPOINT24_NONPOS_NEXT_OPEN,0.927377690024838,1,1712.5537958481993,C2,FROZEN_GOVERNOR
2020,ETN-USDT,2020-12-23 14:00:00+00:00,2020-12-24 15:00:00+00:00,0.0053566,0.0049881,1957288.7304319132,1620058.6117827261,10484.412813431587,13.105516016789483,12.162544898270093,-779.6449557305716,25.0,CHECKPOINT24_NONPOS_NEXT_OPEN,0.36474003673977157,1,1649.02155718266,C2,FROZEN_GOVERNOR
2020,BTC-USDT,2020-12-23 14:00:00+00:00,2020-12-24 15:00:00+00:00,23841.2,23381.1,0.43972130787352515,0.3639597370223804,10483.483645274287,13.10435455659286,12.843059775233979,-234.9832394189318,25.0,CHECKPOINT24_NONPOS_NEXT_OPEN,0.3566189733961344,1,1764.6688128932049,C2,FROZEN_GOVERNOR
2020,KSM-USDT,2020-12-24 15:00:00+00:00,2020-12-27 16:00:00+00:00,50.9375,49.6428,167.03221903155995,162.05722201308487,8508.203656920085,10.635254571150107,10.380863526556816,-224.52895377234054,73.0,CHECKPOINT72_NONPOS_NEXT_OPEN,0.6890205308970585,2,259.7165602942823,C2,FROZEN_GOVERNOR
2020,VELO-USDT,2020-12-23 08:00:00+00:00,2020-12-30 08:00:00+00:00,1.219414,1.251544,8598.166219037377,6904.779390478388,10484.724261821244,13.105905327276556,13.51803979088602,303.08362576941016,168.0,TERMINAL168,0.34239374133644934,3,2172.7966152319327,C2,FROZEN_GOVERNOR
2020,KPOL-USDT,2020-12-23 13:00:00+00:00,2020-12-30 13:00:00+00:00,0.01432,0.01502,727889.217332792,584533.2991194011,10423.37359220558,13.029216990256975,13.554522901288037,393.6609889333045,168.0,TERMINAL168,0.3062790142062601,3,2063.928168257023,C2,FROZEN_GOVERNOR
2020,EWT-USDT,2020-12-24 10:00:00+00:00,2020-12-31 10:00:00+00:00,6.387,6.088,1281.9822150882053,1243.7988170900214,8188.020407768367,10.235025509710459,9.779792012030118,-384.2016156660125,168.0,TERMINAL168,0.6427902301824783,2,251.58641118004425,C2,FROZEN_GOVERNOR
2020,LTC-USDT,2020-12-24 15:00:00+00:00,2020-12-31 15:00:00+00:00,108.74,124.223,70.92351858965043,68.81108605675925,7712.2234114385865,9.640279264298233,10.980422802231145,1051.4941282798013,168.0,TERMINAL168,0.6492709909612877,2,236.41869855611094,C2,FROZEN_GOVERNOR
