timestamp,equity,cash,market_value,drawdown
2020-01-21T00:00:00Z,100000.0,100000.0,0.0,0.0
2020-01-22T00:00:00Z,100000.0,100000.0,0.0,0.0
2020-01-23T00:00:00Z,100000.0,100000.0,0.0,0.0
2020-01-24T00:00:00Z,100000.0,100000.0,0.0,0.0
2020-01-25T00:00:00Z,100000.0,100000.0,0.0,0.0
2020-01-26T00:00:00Z,100000.0,100000.0,0.0,0.0
2020-01-27T00:00:00Z,100000.0,100000.0,0.0,0.0
2020-01-28T00:00:00Z,100000.0,100000.0,0.0,0.0
2020-01-29T00:00:00Z,100000.0,100000.0,0.0,0.0
2020-01-30T00:00:00Z,100000.0,100000.0,0.0,0.0
2020-01-31T00:00:00Z,100000.0,100000.0,0.0,0.0
2020-02-01T00:00:00Z,100000.0,100000.0,0.0,0.0
2020-02-02T00:00:00Z,100000.0,100000.0,0.0,0.0
2020-02-03T00:00:00Z,100000.0,100000.0,0.0,0.0
2020-02-04T00:00:00Z,100000.0,100000.0,0.0,0.0
2020-02-05T00:00:00Z,100000.0,100000.0,0.0,0.0
2020-02-06T00:00:00Z,100000.0,100000.0,0.0,0.0
2020-02-07T00:00:00Z,100000.0,100000.0,0.0,0.0
2020-02-08T00:00:00Z,100000.0,100000.0,0.0,0.0
2020-02-09T00:00:00Z,100000.0,100000.0,0.0,0.0
2020-02-10T00:00:00Z,100000.0,100000.0,0.0,0.0
2020-02-11T00:00:00Z,100000.0,100000.0,0.0,0.0
2020-02-12T00:00:00Z,100000.0,100000.0,0.0,0.0
2020-02-13T00:00:00Z,100000.0,100000.0,0.0,0.0
2020-02-14T00:00:00Z,100000.0,100000.0,0.0,0.0
2020-02-15T00:00:00Z,100000.0,100000.0,0.0,0.0
2020-02-16T00:00:00Z,100000.0,100000.0,0.0,0.0
2020-02-17T00:00:00Z,100000.0,100000.0,0.0,0.0
2020-02-18T00:00:00Z,100000.0,100000.0,0.0,0.0
2020-02-19T00:00:00Z,100000.0,100000.0,0.0,0.0
2020-02-20T00:00:00Z,100000.0,100000.0,0.0,0.0
2020-02-21T00:00:00Z,100000.0,100000.0,0.0,0.0
2020-02-22T00:00:00Z,100000.0,100000.0,0.0,0.0
2020-02-23T00:00:00Z,100000.0,100000.0,0.0,0.0
2020-02-24T00:00:00Z,100000.0,100000.0,0.0,0.0
2020-02-25T00:00:00Z,100000.0,100000.0,0.0,0.0
2020-02-26T00:00:00Z,100000.0,100000.0,0.0,0.0
2020-02-27T00:00:00Z,100000.0,100000.0,0.0,0.0
2020-02-28T00:00:00Z,100000.0,100000.0,0.0,0.0
2020-02-29T00:00:00Z,100000.0,100000.0,0.0,0.0
2020-03-01T00:00:00Z,100000.0,100000.0,0.0,0.0
2020-03-02T00:00:00Z,100000.0,100000.0,0.0,0.0
2020-03-03T00:00:00Z,100000.0,100000.0,0.0,0.0
2020-03-04T00:00:00Z,100000.0,100000.0,0.0,0.0
2020-03-05T00:00:00Z,100000.0,100000.0,0.0,0.0
2020-03-06T00:00:00Z,100000.0,100000.0,0.0,0.0
2020-03-07T00:00:00Z,100000.0,100000.0,0.0,0.0
2020-03-08T00:00:00Z,100000.0,100000.0,0.0,0.0
2020-03-09T00:00:00Z,100000.0,100000.0,0.0,0.0
2020-03-10T00:00:00Z,100000.0,100000.0,0.0,0.0
2020-03-11T00:00:00Z,100000.0,100000.0,0.0,0.0
2020-03-12T00:00:00Z,100000.0,100000.0,0.0,0.0
2020-03-13T00:00:00Z,100000.0,100000.0,0.0,0.0
2020-03-14T00:00:00Z,100000.0,100000.0,0.0,0.0
2020-03-15T00:00:00Z,100000.0,100000.0,0.0,0.0
2020-03-16T00:00:00Z,100000.0,100000.0,0.0,0.0
2020-03-17T00:00:00Z,100000.0,100000.0,0.0,0.0
2020-03-18T00:00:00Z,100000.0,100000.0,0.0,0.0
2020-03-19T00:00:00Z,100000.0,100000.0,0.0,0.0
2020-03-20T00:00:00Z,100000.0,100000.0,0.0,0.0
2020-03-21T00:00:00Z,100000.0,100000.0,0.0,0.0
2020-03-22T00:00:00Z,100000.0,100000.0,0.0,0.0
2020-03-23T00:00:00Z,100000.0,100000.0,0.0,0.0
2020-03-24T00:00:00Z,100000.0,100000.0,0.0,0.0
2020-03-25T00:00:00Z,100000.0,100000.0,0.0,0.0
2020-03-26T00:00:00Z,100000.0,100000.0,0.0,0.0
2020-03-27T00:00:00Z,100000.0,100000.0,0.0,0.0
2020-03-28T00:00:00Z,100000.0,100000.0,0.0,0.0
2020-03-29T00:00:00Z,100000.0,100000.0,0.0,0.0
2020-03-30T00:00:00Z,100000.0,100000.0,0.0,0.0
2020-03-31T00:00:00Z,100000.0,100000.0,0.0,0.0
2020-04-01T00:00:00Z,100000.0,100000.0,0.0,0.0
2020-04-02T00:00:00Z,100000.0,100000.0,0.0,0.0
2020-04-03T00:00:00Z,100000.0,100000.0,0.0,0.0
2020-04-04T00:00:00Z,100000.0,100000.0,0.0,0.0
2020-04-05T00:00:00Z,100000.0,100000.0,0.0,0.0
2020-04-06T00:00:00Z,100000.0,100000.0,0.0,0.0
2020-04-07T00:00:00Z,100000.0,100000.0,0.0,0.0
2020-04-08T00:00:00Z,100000.0,100000.0,0.0,0.0
2020-04-09T00:00:00Z,100000.0,100000.0,0.0,0.0
2020-04-10T00:00:00Z,100000.0,100000.0,0.0,0.0
2020-04-11T00:00:00Z,100000.0,100000.0,0.0,0.0
2020-04-12T00:00:00Z,100000.0,100000.0,0.0,0.0
2020-04-13T00:00:00Z,100000.0,100000.0,0.0,0.0
2020-04-14T00:00:00Z,100000.0,100000.0,0.0,0.0
2020-04-15T00:00:00Z,100000.0,100000.0,0.0,0.0
2020-04-16T00:00:00Z,100000.0,100000.0,0.0,0.0
2020-04-17T00:00:00Z,100000.0,100000.0,0.0,0.0
2020-04-18T00:00:00Z,100000.0,100000.0,0.0,0.0
2020-04-19T00:00:00Z,100000.0,100000.0,0.0,0.0
2020-04-20T00:00:00Z,100000.0,100000.0,0.0,0.0
2020-04-21T00:00:00Z,100000.0,100000.0,0.0,0.0
2020-04-22T00:00:00Z,100000.0,100000.0,0.0,0.0
2020-04-23T00:00:00Z,100000.0,100000.0,0.0,0.0
2020-04-24T00:00:00Z,100000.0,100000.0,0.0,0.0
2020-04-25T00:00:00Z,100000.0,100000.0,0.0,0.0
2020-04-26T00:00:00Z,100000.0,100000.0,0.0,0.0
2020-04-27T00:00:00Z,100000.0,100000.0,0.0,0.0
2020-04-28T00:00:00Z,100000.0,100000.0,0.0,0.0
2020-04-29T00:00:00Z,100000.0,100000.0,0.0,0.0
2020-04-30T00:00:00Z,100000.0,100000.0,0.0,0.0
2020-05-01T00:00:00Z,100000.0,100000.0,0.0,0.0
2020-05-02T00:00:00Z,100000.0,100000.0,0.0,0.0
2020-05-03T00:00:00Z,100000.0,100000.0,0.0,0.0
2020-05-04T00:00:00Z,100000.0,100000.0,0.0,0.0
2020-05-05T00:00:00Z,100000.0,100000.0,0.0,0.0
2020-05-06T00:00:00Z,100000.0,100000.0,0.0,0.0
2020-05-07T00:00:00Z,100000.0,100000.0,0.0,0.0
2020-05-08T00:00:00Z,100000.0,100000.0,0.0,0.0
2020-05-09T00:00:00Z,100000.0,100000.0,0.0,0.0
2020-05-10T00:00:00Z,100000.0,100000.0,0.0,0.0
2020-05-11T00:00:00Z,100000.0,100000.0,0.0,0.0
2020-05-12T00:00:00Z,100000.0,100000.0,0.0,0.0
2020-05-13T00:00:00Z,100000.0,100000.0,0.0,0.0
2020-05-14T00:00:00Z,100000.0,100000.0,0.0,0.0
2020-05-15T00:00:00Z,100000.0,100000.0,0.0,0.0
2020-05-16T00:00:00Z,100000.0,100000.0,0.0,0.0
2020-05-17T00:00:00Z,100000.0,100000.0,0.0,0.0
2020-05-18T00:00:00Z,100000.0,100000.0,0.0,0.0
2020-05-19T00:00:00Z,100000.0,100000.0,0.0,0.0
2020-05-20T00:00:00Z,100000.0,100000.0,0.0,0.0
2020-05-21T00:00:00Z,100000.0,100000.0,0.0,0.0
2020-05-22T00:00:00Z,100000.0,100000.0,0.0,0.0
2020-05-23T00:00:00Z,100000.0,100000.0,0.0,0.0
2020-05-24T00:00:00Z,100000.0,100000.0,0.0,0.0
2020-05-25T00:00:00Z,100000.0,100000.0,0.0,0.0
2020-05-26T00:00:00Z,100000.0,100000.0,0.0,0.0
2020-05-27T00:00:00Z,100000.0,100000.0,0.0,0.0
2020-05-28T00:00:00Z,100000.0,100000.0,0.0,0.0
2020-05-29T00:00:00Z,100000.0,100000.0,0.0,0.0
2020-05-30T00:00:00Z,100000.0,100000.0,0.0,0.0
2020-05-31T00:00:00Z,100000.0,100000.0,0.0,0.0
2020-06-01T00:00:00Z,100000.0,100000.0,0.0,0.0
2020-06-02T00:00:00Z,100000.0,100000.0,0.0,0.0
2020-06-03T00:00:00Z,98973.48678095845,98973.48678095845,0.0,0.010265132190415461
2020-06-04T00:00:00Z,98973.48678095845,98973.48678095845,0.0,0.010265132190415461
2020-06-05T00:00:00Z,98973.48678095845,98973.48678095845,0.0,0.010265132190415461
2020-06-06T00:00:00Z,98973.48678095845,98973.48678095845,0.0,0.010265132190415461
2020-06-07T00:00:00Z,98973.48678095845,98973.48678095845,0.0,0.010265132190415461
2020-06-08T00:00:00Z,98973.48678095845,98973.48678095845,0.0,0.010265132190415461
2020-06-09T00:00:00Z,98973.48678095845,98973.48678095845,0.0,0.010265132190415461
2020-06-10T00:00:00Z,98973.48678095845,98973.48678095845,0.0,0.010265132190415461
2020-06-11T00:00:00Z,98973.48678095845,98973.48678095845,0.0,0.010265132190415461
2020-06-12T00:00:00Z,98973.48678095845,98973.48678095845,0.0,0.010265132190415461
2020-06-13T00:00:00Z,98973.48678095845,98973.48678095845,0.0,0.010265132190415461
2020-06-14T00:00:00Z,98973.48678095845,98973.48678095845,0.0,0.010265132190415461
2020-06-15T00:00:00Z,98973.48678095845,98973.48678095845,0.0,0.010265132190415461
2020-06-16T00:00:00Z,98973.48678095845,98973.48678095845,0.0,0.010265132190415461
2020-06-17T00:00:00Z,98973.48678095845,98973.48678095845,0.0,0.010265132190415461
2020-06-18T00:00:00Z,98973.48678095845,98973.48678095845,0.0,0.010265132190415461
2020-06-19T00:00:00Z,98973.48678095845,98973.48678095845,0.0,0.010265132190415461
2020-06-20T00:00:00Z,98973.48678095845,98973.48678095845,0.0,0.010265132190415461
2020-06-21T00:00:00Z,98973.48678095845,98973.48678095845,0.0,0.010265132190415461
2020-06-22T00:00:00Z,98973.48678095845,98973.48678095845,0.0,0.010265132190415461
2020-06-23T00:00:00Z,98973.48678095845,98973.48678095845,0.0,0.010265132190415461
2020-06-24T00:00:00Z,98973.48678095845,98973.48678095845,0.0,0.010265132190415461
2020-06-25T00:00:00Z,98973.48678095845,98973.48678095845,0.0,0.010265132190415461
2020-06-26T00:00:00Z,98973.48678095845,98973.48678095845,0.0,0.010265132190415461
2020-06-27T00:00:00Z,98973.48678095845,98973.48678095845,0.0,0.010265132190415461
2020-06-28T00:00:00Z,98973.48678095845,98973.48678095845,0.0,0.010265132190415461
2020-06-29T00:00:00Z,98973.48678095845,98973.48678095845,0.0,0.010265132190415461
2020-06-30T00:00:00Z,98973.48678095845,98973.48678095845,0.0,0.010265132190415461
2020-07-01T00:00:00Z,98973.48678095845,98973.48678095845,0.0,0.010265132190415461
2020-07-02T00:00:00Z,98973.48678095845,98973.48678095845,0.0,0.010265132190415461
2020-07-03T00:00:00Z,98973.48678095845,98973.48678095845,0.0,0.010265132190415461
2020-07-04T00:00:00Z,98973.48678095845,98973.48678095845,0.0,0.010265132190415461
2020-07-05T00:00:00Z,98973.48678095845,98973.48678095845,0.0,0.010265132190415461
2020-07-06T00:00:00Z,98973.48678095845,98973.48678095845,0.0,0.010265132190415461
2020-07-07T00:00:00Z,98973.48678095845,98973.48678095845,0.0,0.010265132190415461
2020-07-08T00:00:00Z,98973.48678095845,98973.48678095845,0.0,0.010265132190415461
2020-07-09T00:00:00Z,98973.48678095845,98973.48678095845,0.0,0.010265132190415461
2020-07-10T00:00:00Z,98973.48678095845,98973.48678095845,0.0,0.010265132190415461
2020-07-11T00:00:00Z,98973.48678095845,98973.48678095845,0.0,0.010265132190415461
2020-07-12T00:00:00Z,98973.48678095845,98973.48678095845,0.0,0.010265132190415461
2020-07-13T00:00:00Z,98973.48678095845,98973.48678095845,0.0,0.010265132190415461
2020-07-14T00:00:00Z,98973.48678095845,98973.48678095845,0.0,0.010265132190415461
2020-07-15T00:00:00Z,98973.48678095845,98973.48678095845,0.0,0.010265132190415461
2020-07-16T00:00:00Z,98973.48678095845,98973.48678095845,0.0,0.010265132190415461
2020-07-17T00:00:00Z,98973.48678095845,98973.48678095845,0.0,0.010265132190415461
2020-07-18T00:00:00Z,98973.48678095845,98973.48678095845,0.0,0.010265132190415461
2020-07-19T00:00:00Z,98973.48678095845,98973.48678095845,0.0,0.010265132190415461
2020-07-20T00:00:00Z,98973.48678095845,98973.48678095845,0.0,0.010265132190415461
2020-07-21T00:00:00Z,98973.48678095845,98973.48678095845,0.0,0.010265132190415461
2020-07-22T00:00:00Z,98973.48678095845,98973.48678095845,0.0,0.010265132190415461
2020-07-23T00:00:00Z,98973.48678095845,98973.48678095845,0.0,0.010265132190415461
2020-07-24T00:00:00Z,99162.21879036311,74205.3717140236,24956.84707633951,0.008377812096368871
2020-07-25T00:00:00Z,98999.01041835497,74205.3717140236,24793.638704331377,0.010009895816450298
2020-07-26T00:00:00Z,99413.26861099983,74205.3717140236,25207.896896976228,0.005867313890001678
2020-07-27T00:00:00Z,100014.64468238011,74205.3717140236,25809.27296835652,0.0
2020-07-28T00:00:00Z,102861.69518452839,74205.3717140236,28656.3234705048,0.0
2020-07-29T00:00:00Z,102558.40828941137,74205.3717140236,28353.03657538777,0.0029484920948750016
2020-07-30T00:00:00Z,103055.31021183103,74205.3717140236,28849.938497807445,0.0
2020-07-31T00:00:00Z,103053.49101023222,74205.3717140236,28848.119296208624,1.7652672094990867e-05
2020-08-01T00:00:00Z,103667.08172091885,74205.3717140236,29461.71000689526,0.0
2020-08-02T00:00:00Z,104870.35363556482,74205.3717140236,30664.981921541224,0.0
2020-08-03T00:00:00Z,102976.30488525386,74205.3717140236,28770.93317123026,0.018060859763026776
2020-08-04T00:00:00Z,103366.13379928602,74205.3717140236,29160.762085262428,0.014343613653732126
2020-08-05T00:00:00Z,103283.23018356852,74205.3717140236,29077.85846954492,0.015134147992975399
2020-08-06T00:00:00Z,104719.10001692035,74205.3717140236,30513.728302896747,0.00144229149040633
2020-08-07T00:00:00Z,104778.87378373861,74205.3717140236,30573.502069715014,0.000872313753647788
2020-08-08T00:00:00Z,104332.12984825774,74205.3717140236,30126.758134234144,0.005132277794899662
2020-08-09T00:00:00Z,104782.77207287893,74205.3717140236,30577.400358855335,0.000835141292554915
2020-08-10T00:00:00Z,104565.76731073436,74205.3717140236,30360.39559671076,0.0029044082933956275
2020-08-11T00:00:00Z,105106.07018558294,74205.3717140236,30900.698471559346,0.0
2020-08-12T00:00:00Z,103811.83819099615,74205.3717140236,29606.466476972542,0.012313579913144908
2020-08-13T00:00:00Z,104260.40132807582,74205.3717140236,30055.029614052226,0.008045861252484677
2020-08-14T00:00:00Z,104808.50078120505,74205.3717140236,30603.129067181457,0.0028311343374600806
2020-08-15T00:00:00Z,104767.17891631764,74205.3717140236,30561.807202294047,0.0032242787563736765
2020-08-16T00:00:00Z,105013.29090404329,74205.3717140236,30807.91919001969,0.0008827204877495224
2020-08-17T00:00:00Z,105158.04737412056,74205.3717140236,30952.675660096967,0.0
2020-08-18T00:00:00Z,106121.4445636654,74205.3717140236,31916.0728496418,0.0
2020-08-19T00:00:00Z,105249.78711188947,74205.3717140236,31044.415397865872,0.008213772959460573
2020-08-20T00:00:00Z,104750.5462159856,74205.3717140236,30545.174501962003,0.012918202850672274
2020-08-21T00:00:00Z,105022.64679798007,74205.3717140236,30817.27508395646,0.010354153867799372
2020-08-22T00:00:00Z,104168.66159030692,74205.3717140236,29963.28987628332,0.018401398335535737
2020-08-23T00:00:00Z,104123.47214089372,104123.47214089372,0.0,0.018827226023794247
2020-08-24T00:00:00Z,104123.47214089372,104123.47214089372,0.0,0.018827226023794247
2020-08-25T00:00:00Z,104123.47214089372,104123.47214089372,0.0,0.018827226023794247
2020-08-26T00:00:00Z,104123.47214089372,104123.47214089372,0.0,0.018827226023794247
2020-08-27T00:00:00Z,104123.47214089372,104123.47214089372,0.0,0.018827226023794247
2020-08-28T00:00:00Z,104123.47214089372,104123.47214089372,0.0,0.018827226023794247
2020-08-29T00:00:00Z,104123.47214089372,104123.47214089372,0.0,0.018827226023794247
2020-08-30T00:00:00Z,104123.47214089372,104123.47214089372,0.0,0.018827226023794247
2020-08-31T00:00:00Z,104123.47214089372,104123.47214089372,0.0,0.018827226023794247
2020-09-01T00:00:00Z,104123.47214089372,104123.47214089372,0.0,0.018827226023794247
2020-09-02T00:00:00Z,104123.47214089372,104123.47214089372,0.0,0.018827226023794247
2020-09-03T00:00:00Z,104123.47214089372,104123.47214089372,0.0,0.018827226023794247
2020-09-04T00:00:00Z,104123.47214089372,104123.47214089372,0.0,0.018827226023794247
2020-09-05T00:00:00Z,104123.47214089372,104123.47214089372,0.0,0.018827226023794247
2020-09-06T00:00:00Z,104123.47214089372,104123.47214089372,0.0,0.018827226023794247
2020-09-07T00:00:00Z,104123.47214089372,104123.47214089372,0.0,0.018827226023794247
2020-09-08T00:00:00Z,104123.47214089372,104123.47214089372,0.0,0.018827226023794247
2020-09-09T00:00:00Z,104123.47214089372,104123.47214089372,0.0,0.018827226023794247
2020-09-10T00:00:00Z,104123.47214089372,104123.47214089372,0.0,0.018827226023794247
2020-09-11T00:00:00Z,104123.47214089372,104123.47214089372,0.0,0.018827226023794247
2020-09-12T00:00:00Z,104123.47214089372,104123.47214089372,0.0,0.018827226023794247
2020-09-13T00:00:00Z,104123.47214089372,104123.47214089372,0.0,0.018827226023794247
2020-09-14T00:00:00Z,104123.47214089372,104123.47214089372,0.0,0.018827226023794247
2020-09-15T00:00:00Z,104123.47214089372,104123.47214089372,0.0,0.018827226023794247
2020-09-16T00:00:00Z,104123.47214089372,104123.47214089372,0.0,0.018827226023794247
2020-09-17T00:00:00Z,104123.47214089372,104123.47214089372,0.0,0.018827226023794247
2020-09-18T00:00:00Z,104123.47214089372,104123.47214089372,0.0,0.018827226023794247
2020-09-19T00:00:00Z,104123.47214089372,104123.47214089372,0.0,0.018827226023794247
2020-09-20T00:00:00Z,104123.47214089372,104123.47214089372,0.0,0.018827226023794247
2020-09-21T00:00:00Z,104123.47214089372,104123.47214089372,0.0,0.018827226023794247
2020-09-22T00:00:00Z,104123.47214089372,104123.47214089372,0.0,0.018827226023794247
2020-09-23T00:00:00Z,104123.47214089372,104123.47214089372,0.0,0.018827226023794247
2020-09-24T00:00:00Z,104123.47214089372,104123.47214089372,0.0,0.018827226023794247
2020-09-25T00:00:00Z,104123.47214089372,104123.47214089372,0.0,0.018827226023794247
2020-09-26T00:00:00Z,104123.47214089372,104123.47214089372,0.0,0.018827226023794247
2020-09-27T00:00:00Z,104123.47214089372,104123.47214089372,0.0,0.018827226023794247
2020-09-28T00:00:00Z,104123.47214089372,104123.47214089372,0.0,0.018827226023794247
2020-09-29T00:00:00Z,104123.47214089372,104123.47214089372,0.0,0.018827226023794247
2020-09-30T00:00:00Z,104123.47214089372,104123.47214089372,0.0,0.018827226023794247
2020-10-01T00:00:00Z,104123.47214089372,104123.47214089372,0.0,0.018827226023794247
2020-10-02T00:00:00Z,104123.47214089372,104123.47214089372,0.0,0.018827226023794247
2020-10-03T00:00:00Z,104123.47214089372,104123.47214089372,0.0,0.018827226023794247
2020-10-04T00:00:00Z,104123.47214089372,104123.47214089372,0.0,0.018827226023794247
2020-10-05T00:00:00Z,104123.47214089372,104123.47214089372,0.0,0.018827226023794247
2020-10-06T00:00:00Z,104123.47214089372,104123.47214089372,0.0,0.018827226023794247
2020-10-07T00:00:00Z,104123.47214089372,104123.47214089372,0.0,0.018827226023794247
2020-10-08T00:00:00Z,104123.47214089372,104123.47214089372,0.0,0.018827226023794247
2020-10-09T00:00:00Z,104123.47214089372,104123.47214089372,0.0,0.018827226023794247
2020-10-10T00:00:00Z,104123.47214089372,104123.47214089372,0.0,0.018827226023794247
2020-10-11T00:00:00Z,104123.47214089372,104123.47214089372,0.0,0.018827226023794247
2020-10-12T00:00:00Z,104123.47214089372,104123.47214089372,0.0,0.018827226023794247
2020-10-13T00:00:00Z,104123.47214089372,104123.47214089372,0.0,0.018827226023794247
2020-10-14T00:00:00Z,103886.85812502219,82859.97036807863,21026.887756943554,0.02105687919940265
2020-10-15T00:00:00Z,103881.33413398318,82859.97036807863,21021.363765904545,0.021108932684555638
2020-10-16T00:00:00Z,104042.45053928753,82859.97036807863,21182.480171208903,0.019590706034260767
2020-10-17T00:00:00Z,103699.96309486913,82859.97036807863,20839.9927267905,0.02281802211374484
2020-10-18T00:00:00Z,103779.8768319001,82859.97036807863,20919.90646382146,0.02206498169519853
2020-10-19T00:00:00Z,104039.5044107334,82859.97036807863,21179.534042654763,0.01961846789300898
2020-10-20T00:00:00Z,104495.6019375207,82859.97036807863,21635.631569442066,0.015320585135545446
2020-10-21T00:00:00Z,104789.47826079585,82859.97036807863,21929.507892717214,0.012551339725407378
2020-10-22T00:00:00Z,106401.56297901257,82859.97036807863,23541.592610933938,0.0
2020-10-23T00:00:00Z,106737.78990025344,82859.97036807863,23877.819532174803,0.0
2020-10-24T00:00:00Z,106658.42856232637,82859.97036807863,23798.45819424774,0.0007435167807131052
2020-10-25T00:00:00Z,107000.91600674478,82859.97036807863,24140.945638666144,0.0
2020-10-26T00:00:00Z,106854.89851028037,82859.97036807863,23994.928142201738,0.001364637817261359
2020-10-27T00:00:00Z,106899.09043859242,82859.97036807863,24039.12007051379,0.0009516326771066165
2020-10-28T00:00:00Z,107970.00816802114,82859.97036807863,25110.03779994251,0.0
2020-10-29T00:00:00Z,107295.89712822772,82859.97036807863,24435.926760149086,0.006243502721092546
2020-10-30T00:00:00Z,107635.07017802272,82859.97036807863,24775.099809944088,0.003102139155877387
2020-10-31T00:00:00Z,107822.33347424504,82859.97036807863,24962.36310616641,0.0013677380995127508
2020-11-01T00:00:00Z,108255.78263777241,82859.97036807863,25395.812269693783,0.0
2020-11-02T00:00:00Z,108194.2822042048,82859.97036807863,25334.311836126177,0.0005681029878411981
2020-11-03T00:00:00Z,107811.6537582363,82859.97036807863,24951.68339015766,0.004102588043930997
2020-11-04T00:00:00Z,108675.05355763301,82859.97036807863,25815.083189554374,0.0
2020-11-05T00:00:00Z,108898.77519471277,82859.97036807863,26038.804826634136,0.0
2020-11-06T00:00:00Z,111565.94220137973,82859.97036807863,28705.9718333011,0.0
2020-11-07T00:00:00Z,111544.76690239688,82859.97036807863,28684.79653431824,0.00018980074532630052
2020-11-08T00:00:00Z,110138.54291690046,82859.97036807863,27278.572548821827,0.012794220676259514
2020-11-09T00:00:00Z,111360.63386776333,82859.97036807863,28500.66349968469,0.0018402420090336414
2020-11-10T00:00:00Z,111081.6723202935,82859.97036807863,28221.701952214866,0.0043406605235504015
2020-11-11T00:00:00Z,111031.2198688039,82859.97036807863,28171.249500725273,0.004792881429806195
2020-11-12T00:00:00Z,111747.49737352841,82859.97036807863,28887.52700544978,0.0
2020-11-13T00:00:00Z,111700.68724516794,111700.68724516794,0.0,0.0004188919614370364
2020-11-14T00:00:00Z,111700.68724516794,111700.68724516794,0.0,0.0004188919614370364
2020-11-15T00:00:00Z,111700.68724516794,111700.68724516794,0.0,0.0004188919614370364
2020-11-16T00:00:00Z,111700.68724516794,111700.68724516794,0.0,0.0004188919614370364
2020-11-17T00:00:00Z,111700.68724516794,111700.68724516794,0.0,0.0004188919614370364
2020-11-18T00:00:00Z,111700.68724516794,111700.68724516794,0.0,0.0004188919614370364
2020-11-19T00:00:00Z,111758.67604839758,100530.87453223982,11227.801516157759,0.0
2020-11-20T00:00:00Z,111777.81499244044,100530.87453223982,11246.940460200625,0.0
2020-11-21T00:00:00Z,112317.05316172742,100530.87453223982,11786.178629487611,0.0
2020-11-22T00:00:00Z,112344.08770974838,100530.87453223982,11813.213177508558,0.0
2020-11-23T00:00:00Z,112163.87844455267,100530.87453223982,11633.003912312848,0.00160408321318425
2020-11-24T00:00:00Z,112134.63312741785,100530.87453223982,11603.758595178037,0.0018644023606446405
2020-11-25T00:00:00Z,112628.96110127751,100530.87453223982,12098.086569037701,0.0
2020-11-26T00:00:00Z,112357.41548926337,100530.87453223982,11826.540957023557,0.0024109750224009315
2020-11-27T00:00:00Z,111362.69571768888,100530.87453223982,10831.821185449064,0.011242804436862265
2020-11-28T00:00:00Z,111356.82138832919,100530.87453223982,10825.946856089373,0.01129496090978232
2020-11-29T00:00:00Z,111721.66145694834,100530.87453223982,11190.786924708515,0.008055651365844716
2020-11-30T00:00:00Z,112014.49361728739,100530.87453223982,11483.619085047567,0.005455679231894802
2020-12-01T00:00:00Z,112970.49334695337,100530.87453223982,12439.618814713553,0.0
2020-12-02T00:00:00Z,112387.2292898846,100530.87453223982,11856.354757644789,0.005162976984418871
2020-12-03T00:00:00Z,112662.31213248093,100530.87453223982,12131.437600241114,0.0027279797170218357
2020-12-04T00:00:00Z,112799.88513619501,100530.87453223982,12269.010603955187,0.0015102015199171944
2020-12-05T00:00:00Z,112314.02124979984,100530.87453223982,11783.146717560026,0.005811004959829468
2020-12-06T00:00:00Z,112625.0448817044,100530.87453223982,12094.170349464574,0.00305786453625586
2020-12-07T00:00:00Z,112761.22825911832,100530.87453223982,12230.353726878504,0.001852387129021046
2020-12-08T00:00:00Z,112638.87797987399,100530.87453223982,12108.003447634172,0.002935415764370738
2020-12-09T00:00:00Z,112107.28275523779,100530.87453223982,11576.408222997967,0.007641027016359978
2020-12-10T00:00:00Z,112241.69751736062,100530.87453223982,11710.822985120809,0.006451205159868475
2020-12-11T00:00:00Z,112059.21431821922,100530.87453223982,11528.339785979413,0.008066522520490739
2020-12-12T00:00:00Z,111917.59876526838,100530.87453223982,11386.72423302856,0.00932008483357998
2020-12-13T00:00:00Z,112410.15812383695,100530.87453223982,11879.283591597134,0.004960013951568075
2020-12-14T00:00:00Z,112643.42584776536,100530.87453223982,12112.551315525543,0.0028951586338879015
2020-12-15T00:00:00Z,112703.43243799877,100530.87453223982,12172.557905758955,0.002363988162239953
2020-12-16T00:00:00Z,112800.8957735042,100530.87453223982,12270.021241264383,0.00150125549092098
2020-12-17T00:00:00Z,114010.75496227342,100530.87453223982,13479.88043003361,0.0
2020-12-18T00:00:00Z,114936.05658367265,100530.87453223982,14405.182051432821,0.0
2020-12-19T00:00:00Z,114910.73487633311,114910.73487633311,0.0,0.00022031125907909783
2020-12-20T00:00:00Z,114910.73487633311,114910.73487633311,0.0,0.00022031125907909783
2020-12-21T00:00:00Z,114910.73487633311,114910.73487633311,0.0,0.00022031125907909783
2020-12-22T00:00:00Z,114910.73487633311,114910.73487633311,0.0,0.00022031125907909783
2020-12-23T00:00:00Z,114910.73487633311,114910.73487633311,0.0,0.00022031125907909783
2020-12-24T00:00:00Z,114910.73487633311,114910.73487633311,0.0,0.00022031125907909783
2020-12-25T00:00:00Z,114910.73487633311,114910.73487633311,0.0,0.00022031125907909783
2020-12-26T00:00:00Z,114910.73487633311,114910.73487633311,0.0,0.00022031125907909783
2020-12-27T00:00:00Z,115648.17166356527,104422.14801739644,11226.023646168826,0.0
2020-12-28T00:00:00Z,115561.54018788192,104422.14801739644,11139.392170485491,0.0007490950737670712
2020-12-29T00:00:00Z,115897.6821808587,104422.14801739644,11475.534163462264,0.0
2020-12-30T00:00:00Z,116028.09561074011,104422.14801739644,11605.947593343682,0.0
2020-12-31T00:00:00Z,116657.40292529303,104422.14801739644,12235.254907896591,0.0
2021-01-01T00:00:00Z,116679.61177718054,104422.14801739644,12257.463759784101,0.0
2021-01-02T00:00:00Z,116854.52767744723,104422.14801739644,12432.379660050794,0.0
2021-01-03T00:00:00Z,118063.3843063318,104422.14801739644,13641.236288935364,0.0
2021-01-04T00:00:00Z,118408.80824313179,104422.14801739644,13986.660225735352,0.0
2021-01-05T00:00:00Z,117981.83882726393,104422.14801739644,13559.69080986749,0.0036058923504335436
2021-01-06T00:00:00Z,118806.44841185049,104422.14801739644,14384.300394454061,0.0
2021-01-07T00:00:00Z,119998.26695207327,104422.14801739644,15576.11893467684,0.0
2021-01-08T00:00:00Z,121137.91164368247,104422.14801739644,16715.76362628603,0.0
2021-01-09T00:00:00Z,121619.04692350497,104422.14801739644,17196.898906108538,0.0
2021-01-10T00:00:00Z,121416.41234168402,104422.14801739644,16994.264324287586,0.0016661418334284726
2021-01-11T00:00:00Z,120595.91393769495,104422.14801739644,16173.765920298512,0.008412604864874036
2021-01-12T00:00:00Z,119422.57451850834,104422.14801739644,15000.426501111906,0.018060266550009658
2021-01-13T00:00:00Z,118859.38515995641,104422.14801739644,14437.237142559974,0.02269103264132888
2021-01-14T00:00:00Z,120268.54528887985,104422.14801739644,15846.397271483409,0.011104359627769076
2021-01-15T00:00:00Z,121015.46627516526,104422.14801739644,16593.318257768828,0.004962879282546412
2021-01-16T00:00:00Z,119997.24975275018,104422.14801739644,15575.101735353748,0.01333505903705075
2021-01-17T00:00:00Z,119677.04388250185,104422.14801739644,15254.895865105416,0.01596791859604511
2021-01-18T00:00:00Z,119610.71400997523,104422.14801739644,15188.565992578791,0.016513309093705734
2021-01-19T00:00:00Z,119943.21103871093,104422.14801739644,15521.063021314485,0.013779386758787007
2021-01-20T00:00:00Z,119637.45787551152,104422.14801739644,15215.309858115088,0.016293410432987612
2021-01-21T00:00:00Z,119457.4983619345,104422.14801739644,15035.350344538061,0.017773108869452183
2021-01-22T00:00:00Z,117501.97504659528,104422.14801739644,13079.827029198845,0.03385219651901408
2021-01-23T00:00:00Z,117482.361845965,117482.361845965,0.0,0.0340134640270765
2021-01-24T00:00:00Z,117482.361845965,117482.361845965,0.0,0.0340134640270765
2021-01-25T00:00:00Z,117482.361845965,117482.361845965,0.0,0.0340134640270765
2021-01-26T00:00:00Z,117482.361845965,117482.361845965,0.0,0.0340134640270765
2021-01-27T00:00:00Z,117482.361845965,117482.361845965,0.0,0.0340134640270765
2021-01-28T00:00:00Z,117482.361845965,117482.361845965,0.0,0.0340134640270765
2021-01-29T00:00:00Z,117482.361845965,117482.361845965,0.0,0.0340134640270765
2021-01-30T00:00:00Z,117482.361845965,117482.361845965,0.0,0.0340134640270765
2021-01-31T00:00:00Z,117482.361845965,117482.361845965,0.0,0.0340134640270765
2021-02-01T00:00:00Z,117482.361845965,117482.361845965,0.0,0.0340134640270765
2021-02-02T00:00:00Z,117482.361845965,117482.361845965,0.0,0.0340134640270765
2021-02-03T00:00:00Z,117482.361845965,117482.361845965,0.0,0.0340134640270765
2021-02-04T00:00:00Z,117482.361845965,117482.361845965,0.0,0.0340134640270765
2021-02-05T00:00:00Z,117482.361845965,117482.361845965,0.0,0.0340134640270765
2021-02-06T00:00:00Z,117482.361845965,117482.361845965,0.0,0.0340134640270765
2021-02-07T00:00:00Z,117482.361845965,117482.361845965,0.0,0.0340134640270765
2021-02-08T00:00:00Z,117482.361845965,117482.361845965,0.0,0.0340134640270765
2021-02-09T00:00:00Z,117482.361845965,117482.361845965,0.0,0.0340134640270765
2021-02-10T00:00:00Z,117480.67206519231,109120.10708419877,8360.564980993548,0.03402735807422979
2021-02-11T00:00:00Z,117188.52366058715,109120.10708419877,8068.416576388377,0.036429518031863034
2021-02-12T00:00:00Z,117751.9527266114,109120.10708419877,8631.845642412633,0.0317967809707131
2021-02-13T00:00:00Z,117638.37746861501,109120.10708419877,8518.270384416242,0.032730641750495594
2021-02-14T00:00:00Z,117609.91163429474,109120.10708419877,8489.804550095969,0.03296469912095155
2021-02-15T00:00:00Z,117869.05695584547,109120.10708419877,8748.949871646704,0.030833903590924656
2021-02-16T00:00:00Z,117745.27288819721,109120.10708419877,8625.16580399845,0.031851705249295786
2021-02-17T00:00:00Z,117969.12849737114,109120.10708419877,8849.021413172373,0.03001107571932809
2021-02-18T00:00:00Z,118503.94768943277,109120.10708419877,9383.840605234,0.025613580379654777
2021-02-19T00:00:00Z,118405.06447495653,109120.10708419877,9284.957390757754,0.026426637355330938
2021-02-20T00:00:00Z,119183.16662295461,109120.10708419877,10063.059538755844,0.020028773141779834
2021-02-21T00:00:00Z,119176.14469038983,109120.10708419877,10056.03760619107,0.020086510254036554
2021-02-22T00:00:00Z,119459.09256283962,109120.10708419877,10338.985478640856,0.017760000717847245
2021-02-23T00:00:00Z,118860.17572993031,109120.10708419877,9740.068645731553,0.022684532261709862
2021-02-24T00:00:00Z,117926.02463439661,109120.10708419877,8805.91755019784,0.03036549276225757
2021-02-25T00:00:00Z,118065.90513207795,109120.10708419877,8945.798047879189,0.02921533987732893
2021-02-26T00:00:00Z,117597.32617054402,109120.10708419877,8477.21908634526,0.03306818179138088
2021-02-27T00:00:00Z,117454.528870105,109120.10708419877,8334.421785906236,0.034242317784477734
2021-02-28T00:00:00Z,117422.9841884294,109120.10708419877,8302.877104230638,0.03450169065800011
2021-03-01T00:00:00Z,117247.83198332654,109120.10708419877,8127.724899127772,0.03594186149911042
2021-03-02T00:00:00Z,117234.72758404024,117234.72758404024,0.0,0.03604961106316135
2021-03-03T00:00:00Z,117234.72758404024,117234.72758404024,0.0,0.03604961106316135
2021-03-04T00:00:00Z,117234.72758404024,117234.72758404024,0.0,0.03604961106316135
2021-03-05T00:00:00Z,117234.72758404024,117234.72758404024,0.0,0.03604961106316135
2021-03-06T00:00:00Z,117234.72758404024,117234.72758404024,0.0,0.03604961106316135
2021-03-07T00:00:00Z,117234.72758404024,117234.72758404024,0.0,0.03604961106316135
2021-03-08T00:00:00Z,117234.72758404024,117234.72758404024,0.0,0.03604961106316135
2021-03-09T00:00:00Z,117234.72758404024,117234.72758404024,0.0,0.03604961106316135
2021-03-10T00:00:00Z,117234.72758404024,117234.72758404024,0.0,0.03604961106316135
2021-03-11T00:00:00Z,117234.72758404024,117234.72758404024,0.0,0.03604961106316135
2021-03-12T00:00:00Z,117234.72758404024,117234.72758404024,0.0,0.03604961106316135
2021-03-13T00:00:00Z,117234.72758404024,117234.72758404024,0.0,0.03604961106316135
2021-03-14T00:00:00Z,117234.72758404024,117234.72758404024,0.0,0.03604961106316135
2021-03-15T00:00:00Z,116876.3888871225,107546.6781906691,9329.710696453403,0.03899601383462134
2021-03-16T00:00:00Z,116339.86726980052,107546.6781906691,8793.189079131424,0.04340750718943638
2021-03-17T00:00:00Z,116039.9471545696,116039.9471545696,0.0,0.045873569231671976
2021-03-18T00:00:00Z,116039.9471545696,116039.9471545696,0.0,0.045873569231671976
2021-03-19T00:00:00Z,116039.9471545696,116039.9471545696,0.0,0.045873569231671976
2021-03-20T00:00:00Z,116039.9471545696,116039.9471545696,0.0,0.045873569231671976
2021-03-21T00:00:00Z,116039.9471545696,116039.9471545696,0.0,0.045873569231671976
2021-03-22T00:00:00Z,116039.9471545696,116039.9471545696,0.0,0.045873569231671976
2021-03-23T00:00:00Z,116039.9471545696,116039.9471545696,0.0,0.045873569231671976
2021-03-24T00:00:00Z,116039.9471545696,116039.9471545696,0.0,0.045873569231671976
2021-03-25T00:00:00Z,116039.9471545696,116039.9471545696,0.0,0.045873569231671976
2021-03-26T00:00:00Z,116039.9471545696,116039.9471545696,0.0,0.045873569231671976
2021-03-27T00:00:00Z,116039.9471545696,116039.9471545696,0.0,0.045873569231671976
2021-03-28T00:00:00Z,116039.9471545696,116039.9471545696,0.0,0.045873569231671976
2021-03-29T00:00:00Z,116039.9471545696,116039.9471545696,0.0,0.045873569231671976
2021-03-30T00:00:00Z,116039.9471545696,116039.9471545696,0.0,0.045873569231671976
2021-03-31T00:00:00Z,116039.9471545696,116039.9471545696,0.0,0.045873569231671976
2021-04-01T00:00:00Z,116039.9471545696,116039.9471545696,0.0,0.045873569231671976
2021-04-02T00:00:00Z,116039.9471545696,116039.9471545696,0.0,0.045873569231671976
2021-04-03T00:00:00Z,116039.9471545696,116039.9471545696,0.0,0.045873569231671976
2021-04-04T00:00:00Z,116039.9471545696,116039.9471545696,0.0,0.045873569231671976
2021-04-05T00:00:00Z,116039.9471545696,116039.9471545696,0.0,0.045873569231671976
2021-04-06T00:00:00Z,116039.9471545696,116039.9471545696,0.0,0.045873569231671976
2021-04-07T00:00:00Z,116039.9471545696,116039.9471545696,0.0,0.045873569231671976
2021-04-08T00:00:00Z,116039.9471545696,116039.9471545696,0.0,0.045873569231671976
2021-04-09T00:00:00Z,116039.9471545696,116039.9471545696,0.0,0.045873569231671976
2021-04-10T00:00:00Z,116039.9471545696,116039.9471545696,0.0,0.045873569231671976
2021-04-11T00:00:00Z,116039.9471545696,116039.9471545696,0.0,0.045873569231671976
2021-04-12T00:00:00Z,116039.9471545696,116039.9471545696,0.0,0.045873569231671976
2021-04-13T00:00:00Z,116039.9471545696,116039.9471545696,0.0,0.045873569231671976
2021-04-14T00:00:00Z,116039.9471545696,116039.9471545696,0.0,0.045873569231671976
2021-04-15T00:00:00Z,115872.23302840671,101112.56609243821,14759.666935968504,0.04725258124011481
2021-04-16T00:00:00Z,115917.6898027506,101112.56609243821,14805.123710312388,0.04687881762747548
2021-04-17T00:00:00Z,115493.36405977777,101112.56609243821,14380.797967339566,0.05036779204148906
2021-04-18T00:00:00Z,115177.48753708077,101112.56609243821,14064.92144464256,0.05296505398924693
2021-04-19T00:00:00Z,114844.01398678194,114844.01398678194,0.0,0.05570700567144173
2021-04-20T00:00:00Z,114844.01398678194,114844.01398678194,0.0,0.05570700567144173
2021-04-21T00:00:00Z,114844.01398678194,114844.01398678194,0.0,0.05570700567144173
2021-04-22T00:00:00Z,114844.01398678194,114844.01398678194,0.0,0.05570700567144173
2021-04-23T00:00:00Z,114844.01398678194,114844.01398678194,0.0,0.05570700567144173
2021-04-24T00:00:00Z,114844.01398678194,114844.01398678194,0.0,0.05570700567144173
2021-04-25T00:00:00Z,114844.01398678194,114844.01398678194,0.0,0.05570700567144173
2021-04-26T00:00:00Z,114844.01398678194,114844.01398678194,0.0,0.05570700567144173
2021-04-27T00:00:00Z,114844.01398678194,114844.01398678194,0.0,0.05570700567144173
2021-04-28T00:00:00Z,114844.01398678194,114844.01398678194,0.0,0.05570700567144173
2021-04-29T00:00:00Z,114844.01398678194,114844.01398678194,0.0,0.05570700567144173
2021-04-30T00:00:00Z,114844.01398678194,114844.01398678194,0.0,0.05570700567144173
2021-05-01T00:00:00Z,114844.01398678194,114844.01398678194,0.0,0.05570700567144173
2021-05-02T00:00:00Z,114844.01398678194,114844.01398678194,0.0,0.05570700567144173
2021-05-03T00:00:00Z,114844.01398678194,114844.01398678194,0.0,0.05570700567144173
2021-05-04T00:00:00Z,114844.01398678194,114844.01398678194,0.0,0.05570700567144173
2021-05-05T00:00:00Z,114844.01398678194,114844.01398678194,0.0,0.05570700567144173
2021-05-06T00:00:00Z,114844.01398678194,114844.01398678194,0.0,0.05570700567144173
2021-05-07T00:00:00Z,114844.01398678194,114844.01398678194,0.0,0.05570700567144173
2021-05-08T00:00:00Z,114844.01398678194,114844.01398678194,0.0,0.05570700567144173
2021-05-09T00:00:00Z,114844.01398678194,114844.01398678194,0.0,0.05570700567144173
2021-05-10T00:00:00Z,114844.01398678194,114844.01398678194,0.0,0.05570700567144173
2021-05-11T00:00:00Z,114844.01398678194,114844.01398678194,0.0,0.05570700567144173
2021-05-12T00:00:00Z,114844.01398678194,114844.01398678194,0.0,0.05570700567144173
2021-05-13T00:00:00Z,114844.01398678194,114844.01398678194,0.0,0.05570700567144173
2021-05-14T00:00:00Z,114844.01398678194,114844.01398678194,0.0,0.05570700567144173
2021-05-15T00:00:00Z,114844.01398678194,114844.01398678194,0.0,0.05570700567144173
2021-05-16T00:00:00Z,114844.01398678194,114844.01398678194,0.0,0.05570700567144173
2021-05-17T00:00:00Z,114844.01398678194,114844.01398678194,0.0,0.05570700567144173
2021-05-18T00:00:00Z,114844.01398678194,114844.01398678194,0.0,0.05570700567144173
2021-05-19T00:00:00Z,114844.01398678194,114844.01398678194,0.0,0.05570700567144173
2021-05-20T00:00:00Z,114844.01398678194,114844.01398678194,0.0,0.05570700567144173
2021-05-21T00:00:00Z,114844.01398678194,114844.01398678194,0.0,0.05570700567144173
2021-05-22T00:00:00Z,114844.01398678194,114844.01398678194,0.0,0.05570700567144173
2021-05-23T00:00:00Z,114844.01398678194,114844.01398678194,0.0,0.05570700567144173
2021-05-24T00:00:00Z,114844.01398678194,114844.01398678194,0.0,0.05570700567144173
2021-05-25T00:00:00Z,114844.01398678194,114844.01398678194,0.0,0.05570700567144173
2021-05-26T00:00:00Z,114844.01398678194,114844.01398678194,0.0,0.05570700567144173
2021-05-27T00:00:00Z,114844.01398678194,114844.01398678194,0.0,0.05570700567144173
2021-05-28T00:00:00Z,114844.01398678194,114844.01398678194,0.0,0.05570700567144173
2021-05-29T00:00:00Z,114844.01398678194,114844.01398678194,0.0,0.05570700567144173
2021-05-30T00:00:00Z,114844.01398678194,114844.01398678194,0.0,0.05570700567144173
2021-05-31T00:00:00Z,114844.01398678194,114844.01398678194,0.0,0.05570700567144173
2021-06-01T00:00:00Z,114844.01398678194,114844.01398678194,0.0,0.05570700567144173
2021-06-02T00:00:00Z,114844.01398678194,114844.01398678194,0.0,0.05570700567144173
2021-06-03T00:00:00Z,114844.01398678194,114844.01398678194,0.0,0.05570700567144173
2021-06-04T00:00:00Z,114844.01398678194,114844.01398678194,0.0,0.05570700567144173
2021-06-05T00:00:00Z,114844.01398678194,114844.01398678194,0.0,0.05570700567144173
2021-06-06T00:00:00Z,114844.01398678194,114844.01398678194,0.0,0.05570700567144173
2021-06-07T00:00:00Z,114844.01398678194,114844.01398678194,0.0,0.05570700567144173
2021-06-08T00:00:00Z,114844.01398678194,114844.01398678194,0.0,0.05570700567144173
2021-06-09T00:00:00Z,114844.01398678194,114844.01398678194,0.0,0.05570700567144173
2021-06-10T00:00:00Z,114844.01398678194,114844.01398678194,0.0,0.05570700567144173
2021-06-11T00:00:00Z,114844.01398678194,114844.01398678194,0.0,0.05570700567144173
2021-06-12T00:00:00Z,114844.01398678194,114844.01398678194,0.0,0.05570700567144173
2021-06-13T00:00:00Z,114844.01398678194,114844.01398678194,0.0,0.05570700567144173
2021-06-14T00:00:00Z,114844.01398678194,114844.01398678194,0.0,0.05570700567144173
2021-06-15T00:00:00Z,114844.01398678194,114844.01398678194,0.0,0.05570700567144173
2021-06-16T00:00:00Z,114844.01398678194,114844.01398678194,0.0,0.05570700567144173
2021-06-17T00:00:00Z,114844.01398678194,114844.01398678194,0.0,0.05570700567144173
2021-06-18T00:00:00Z,114844.01398678194,114844.01398678194,0.0,0.05570700567144173
2021-06-19T00:00:00Z,114844.01398678194,114844.01398678194,0.0,0.05570700567144173
2021-06-20T00:00:00Z,114844.01398678194,114844.01398678194,0.0,0.05570700567144173
2021-06-21T00:00:00Z,114844.01398678194,114844.01398678194,0.0,0.05570700567144173
2021-06-22T00:00:00Z,114844.01398678194,114844.01398678194,0.0,0.05570700567144173
2021-06-23T00:00:00Z,114844.01398678194,114844.01398678194,0.0,0.05570700567144173
2021-06-24T00:00:00Z,114844.01398678194,114844.01398678194,0.0,0.05570700567144173
2021-06-25T00:00:00Z,114844.01398678194,114844.01398678194,0.0,0.05570700567144173
2021-06-26T00:00:00Z,114844.01398678194,114844.01398678194,0.0,0.05570700567144173
2021-06-27T00:00:00Z,114844.01398678194,114844.01398678194,0.0,0.05570700567144173
2021-06-28T00:00:00Z,114844.01398678194,114844.01398678194,0.0,0.05570700567144173
2021-06-29T00:00:00Z,114844.01398678194,114844.01398678194,0.0,0.05570700567144173
2021-06-30T00:00:00Z,114844.01398678194,114844.01398678194,0.0,0.05570700567144173
2021-07-01T00:00:00Z,114844.01398678194,114844.01398678194,0.0,0.05570700567144173
2021-07-02T00:00:00Z,114844.01398678194,114844.01398678194,0.0,0.05570700567144173
2021-07-03T00:00:00Z,114844.01398678194,114844.01398678194,0.0,0.05570700567144173
2021-07-04T00:00:00Z,114844.01398678194,114844.01398678194,0.0,0.05570700567144173
2021-07-05T00:00:00Z,114844.01398678194,114844.01398678194,0.0,0.05570700567144173
2021-07-06T00:00:00Z,114844.01398678194,114844.01398678194,0.0,0.05570700567144173
2021-07-07T00:00:00Z,114844.01398678194,114844.01398678194,0.0,0.05570700567144173
2021-07-08T00:00:00Z,114844.01398678194,114844.01398678194,0.0,0.05570700567144173
2021-07-09T00:00:00Z,114844.01398678194,114844.01398678194,0.0,0.05570700567144173
2021-07-10T00:00:00Z,114844.01398678194,114844.01398678194,0.0,0.05570700567144173
2021-07-11T00:00:00Z,114844.01398678194,114844.01398678194,0.0,0.05570700567144173
2021-07-12T00:00:00Z,114844.01398678194,114844.01398678194,0.0,0.05570700567144173
2021-07-13T00:00:00Z,114844.01398678194,114844.01398678194,0.0,0.05570700567144173
2021-07-14T00:00:00Z,114844.01398678194,114844.01398678194,0.0,0.05570700567144173
2021-07-15T00:00:00Z,114844.01398678194,114844.01398678194,0.0,0.05570700567144173
2021-07-16T00:00:00Z,114844.01398678194,114844.01398678194,0.0,0.05570700567144173
2021-07-17T00:00:00Z,114844.01398678194,114844.01398678194,0.0,0.05570700567144173
2021-07-18T00:00:00Z,114844.01398678194,114844.01398678194,0.0,0.05570700567144173
2021-07-19T00:00:00Z,114844.01398678194,114844.01398678194,0.0,0.05570700567144173
2021-07-20T00:00:00Z,114844.01398678194,114844.01398678194,0.0,0.05570700567144173
2021-07-21T00:00:00Z,114844.01398678194,114844.01398678194,0.0,0.05570700567144173
2021-07-22T00:00:00Z,114844.01398678194,114844.01398678194,0.0,0.05570700567144173
2021-07-23T00:00:00Z,114844.01398678194,114844.01398678194,0.0,0.05570700567144173
2021-07-24T00:00:00Z,114844.01398678194,114844.01398678194,0.0,0.05570700567144173
2021-07-25T00:00:00Z,114844.01398678194,114844.01398678194,0.0,0.05570700567144173
2021-07-26T00:00:00Z,114844.01398678194,114844.01398678194,0.0,0.05570700567144173
2021-07-27T00:00:00Z,114844.01398678194,114844.01398678194,0.0,0.05570700567144173
2021-07-28T00:00:00Z,114844.01398678194,114844.01398678194,0.0,0.05570700567144173
2021-07-29T00:00:00Z,114844.01398678194,114844.01398678194,0.0,0.05570700567144173
2021-07-30T00:00:00Z,114844.01398678194,114844.01398678194,0.0,0.05570700567144173
2021-07-31T00:00:00Z,114844.01398678194,114844.01398678194,0.0,0.05570700567144173
2021-08-01T00:00:00Z,114844.01398678194,114844.01398678194,0.0,0.05570700567144173
2021-08-02T00:00:00Z,114844.01398678194,114844.01398678194,0.0,0.05570700567144173
2021-08-03T00:00:00Z,114844.01398678194,114844.01398678194,0.0,0.05570700567144173
2021-08-04T00:00:00Z,114844.01398678194,114844.01398678194,0.0,0.05570700567144173
2021-08-05T00:00:00Z,114844.01398678194,114844.01398678194,0.0,0.05570700567144173
2021-08-06T00:00:00Z,114844.01398678194,114844.01398678194,0.0,0.05570700567144173
2021-08-07T00:00:00Z,114844.01398678194,114844.01398678194,0.0,0.05570700567144173
2021-08-08T00:00:00Z,114844.01398678194,114844.01398678194,0.0,0.05570700567144173
2021-08-09T00:00:00Z,114844.01398678194,114844.01398678194,0.0,0.05570700567144173
2021-08-10T00:00:00Z,114844.01398678194,114844.01398678194,0.0,0.05570700567144173
2021-08-11T00:00:00Z,114844.01398678194,114844.01398678194,0.0,0.05570700567144173
2021-08-12T00:00:00Z,114844.01398678194,114844.01398678194,0.0,0.05570700567144173
2021-08-13T00:00:00Z,114844.01398678194,114844.01398678194,0.0,0.05570700567144173
2021-08-14T00:00:00Z,114844.01398678194,114844.01398678194,0.0,0.05570700567144173
2021-08-15T00:00:00Z,114844.01398678194,114844.01398678194,0.0,0.05570700567144173
2021-08-16T00:00:00Z,114844.01398678194,114844.01398678194,0.0,0.05570700567144173
2021-08-17T00:00:00Z,114844.01398678194,114844.01398678194,0.0,0.05570700567144173
2021-08-18T00:00:00Z,114844.01398678194,114844.01398678194,0.0,0.05570700567144173
2021-08-19T00:00:00Z,114844.01398678194,114844.01398678194,0.0,0.05570700567144173
2021-08-20T00:00:00Z,114844.01398678194,114844.01398678194,0.0,0.05570700567144173
2021-08-21T00:00:00Z,114844.01398678194,114844.01398678194,0.0,0.05570700567144173
2021-08-22T00:00:00Z,114844.01398678194,114844.01398678194,0.0,0.05570700567144173
2021-08-23T00:00:00Z,114844.01398678194,114844.01398678194,0.0,0.05570700567144173
2021-08-24T00:00:00Z,114844.01398678194,114844.01398678194,0.0,0.05570700567144173
2021-08-25T00:00:00Z,114844.01398678194,114844.01398678194,0.0,0.05570700567144173
2021-08-26T00:00:00Z,114844.01398678194,114844.01398678194,0.0,0.05570700567144173
2021-08-27T00:00:00Z,114844.01398678194,114844.01398678194,0.0,0.05570700567144173
2021-08-28T00:00:00Z,114844.01398678194,114844.01398678194,0.0,0.05570700567144173
2021-08-29T00:00:00Z,114844.01398678194,114844.01398678194,0.0,0.05570700567144173
2021-08-30T00:00:00Z,114844.01398678194,114844.01398678194,0.0,0.05570700567144173
2021-08-31T00:00:00Z,114844.01398678194,114844.01398678194,0.0,0.05570700567144173
2021-09-01T00:00:00Z,114844.01398678194,114844.01398678194,0.0,0.05570700567144173
2021-09-02T00:00:00Z,114844.01398678194,114844.01398678194,0.0,0.05570700567144173
2021-09-03T00:00:00Z,114844.01398678194,114844.01398678194,0.0,0.05570700567144173
2021-09-04T00:00:00Z,114844.01398678194,114844.01398678194,0.0,0.05570700567144173
2021-09-05T00:00:00Z,114844.01398678194,114844.01398678194,0.0,0.05570700567144173
2021-09-06T00:00:00Z,114844.01398678194,114844.01398678194,0.0,0.05570700567144173
2021-09-07T00:00:00Z,114844.01398678194,114844.01398678194,0.0,0.05570700567144173
2021-09-08T00:00:00Z,114844.01398678194,114844.01398678194,0.0,0.05570700567144173
2021-09-09T00:00:00Z,114844.01398678194,114844.01398678194,0.0,0.05570700567144173
2021-09-10T00:00:00Z,114844.01398678194,114844.01398678194,0.0,0.05570700567144173
2021-09-11T00:00:00Z,114844.01398678194,114844.01398678194,0.0,0.05570700567144173
2021-09-12T00:00:00Z,114844.01398678194,114844.01398678194,0.0,0.05570700567144173
2021-09-13T00:00:00Z,114844.01398678194,114844.01398678194,0.0,0.05570700567144173
2021-09-14T00:00:00Z,114844.01398678194,114844.01398678194,0.0,0.05570700567144173
2021-09-15T00:00:00Z,114844.01398678194,114844.01398678194,0.0,0.05570700567144173
2021-09-16T00:00:00Z,114844.01398678194,114844.01398678194,0.0,0.05570700567144173
2021-09-17T00:00:00Z,114844.01398678194,114844.01398678194,0.0,0.05570700567144173
2021-09-18T00:00:00Z,114844.01398678194,114844.01398678194,0.0,0.05570700567144173
2021-09-19T00:00:00Z,114844.01398678194,114844.01398678194,0.0,0.05570700567144173
2021-09-20T00:00:00Z,114844.01398678194,114844.01398678194,0.0,0.05570700567144173
2021-09-21T00:00:00Z,114844.01398678194,114844.01398678194,0.0,0.05570700567144173
2021-09-22T00:00:00Z,114844.01398678194,114844.01398678194,0.0,0.05570700567144173
2021-09-23T00:00:00Z,114844.01398678194,114844.01398678194,0.0,0.05570700567144173
2021-09-24T00:00:00Z,114844.01398678194,114844.01398678194,0.0,0.05570700567144173
2021-09-25T00:00:00Z,114844.01398678194,114844.01398678194,0.0,0.05570700567144173
2021-09-26T00:00:00Z,114844.01398678194,114844.01398678194,0.0,0.05570700567144173
2021-09-27T00:00:00Z,114844.01398678194,114844.01398678194,0.0,0.05570700567144173
2021-09-28T00:00:00Z,114844.01398678194,114844.01398678194,0.0,0.05570700567144173
2021-09-29T00:00:00Z,114844.01398678194,114844.01398678194,0.0,0.05570700567144173
2021-09-30T00:00:00Z,114844.01398678194,114844.01398678194,0.0,0.05570700567144173
2021-10-01T00:00:00Z,114844.01398678194,114844.01398678194,0.0,0.05570700567144173
2021-10-02T00:00:00Z,114844.01398678194,114844.01398678194,0.0,0.05570700567144173
2021-10-03T00:00:00Z,114844.01398678194,114844.01398678194,0.0,0.05570700567144173
2021-10-04T00:00:00Z,114844.01398678194,114844.01398678194,0.0,0.05570700567144173
2021-10-05T00:00:00Z,114844.01398678194,114844.01398678194,0.0,0.05570700567144173
2021-10-06T00:00:00Z,115301.26286888168,104431.09790467458,10870.164964207099,0.05194732416047466
2021-10-07T00:00:00Z,116114.98910164063,104431.09790467458,11683.891196966057,0.045256544604614736
2021-10-08T00:00:00Z,115790.52516587565,104431.09790467458,11359.42726120107,0.047924415665708195
2021-10-09T00:00:00Z,115826.66589851635,104431.09790467458,11395.567993841776,0.047627252239789905
2021-10-10T00:00:00Z,116037.46923677133,104431.09790467458,11606.371332096745,0.04589394365377898
2021-10-11T00:00:00Z,115977.45998987931,104431.09790467458,11546.362085204724,0.04638736346268246
2021-10-12T00:00:00Z,116570.64537547191,104431.09790467458,12139.547470797339,0.041509958149962826
2021-10-13T00:00:00Z,116260.69265146856,104431.09790467458,11829.594746793991,0.04405851227732991
2021-10-14T00:00:00Z,116548.53003527623,104431.09790467458,12117.432130601652,0.04169179924110041
2021-10-15T00:00:00Z,116543.81970016292,104431.09790467458,12112.72179548834,0.04173052948305235
2021-10-16T00:00:00Z,117458.21614435707,104431.09790467458,13027.11823968249,0.03421199955435393
2021-10-17T00:00:00Z,117290.18602854361,104431.09790467458,12859.088123869034,0.03559360975492671
2021-10-18T00:00:00Z,117427.0180951985,104431.09790467458,12995.920190523912,0.0344685222779549
2021-10-19T00:00:00Z,117532.96895137955,104431.09790467458,13101.871046704968,0.03359735235135869
2021-10-20T00:00:00Z,118009.83229451023,104431.09790467458,13578.734389835647,0.029676392968815468
2021-10-21T00:00:00Z,118373.52085944751,104431.09790467458,13942.422954772926,0.026686001462409112
2021-10-22T00:00:00Z,117571.47541286639,104431.09790467458,13140.377508191821,0.03328073696535697
2021-10-23T00:00:00Z,117252.29212184728,104431.09790467458,12821.1942171727,0.0359051884726926
2021-10-24T00:00:00Z,117378.43616353652,104431.09790467458,12947.338258861946,0.0348679821725266
2021-10-25T00:00:00Z,117285.03211927165,104431.09790467458,12853.93421459707,0.035635987239394276
2021-10-26T00:00:00Z,117755.81215965509,104431.09790467458,13324.71425498051,0.031765047182780046
2021-10-27T00:00:00Z,117174.26531508236,104431.09790467458,12743.167410407785,0.036546755799017665
2021-10-28T00:00:00Z,116768.41608249409,104431.09790467458,12337.31817781951,0.03988380902262611
2021-10-29T00:00:00Z,117229.41636880819,104431.09790467458,12798.318464133608,0.0360932819795713
2021-10-30T00:00:00Z,117580.60036698726,104431.09790467458,13149.50246231268,0.033205707976463425
2021-10-31T00:00:00Z,117496.65923810698,104431.09790467458,13065.561333432393,0.03389590520299717
2021-11-01T00:00:00Z,117377.88697648296,104431.09790467458,12946.789071808376,0.03487249780611735
2021-11-02T00:00:00Z,117294.22044112945,104431.09790467458,12863.122536454875,0.03556043721585578
2021-11-03T00:00:00Z,117785.19366702109,104431.09790467458,13354.09576234651,0.03152346078567176
2021-11-04T00:00:00Z,117715.9327305343,104431.09790467458,13284.83482585973,0.03209295165275893
2021-11-05T00:00:00Z,117695.99102980725,117695.99102980725,0.0,0.03225692021879773
2021-11-06T00:00:00Z,117695.99102980725,117695.99102980725,0.0,0.03225692021879773
2021-11-07T00:00:00Z,117695.99102980725,117695.99102980725,0.0,0.03225692021879773
2021-11-08T00:00:00Z,117695.99102980725,117695.99102980725,0.0,0.03225692021879773
2021-11-09T00:00:00Z,117695.99102980725,117695.99102980725,0.0,0.03225692021879773
2021-11-10T00:00:00Z,117561.14092469215,104067.68168836675,13493.459236325407,0.03336571122256142
2021-11-11T00:00:00Z,117148.02257387571,104067.68168836675,13080.340885508967,0.036762534016907766
2021-11-12T00:00:00Z,117123.22942571742,104067.68168836675,13055.547737350673,0.036966393106297665
2021-11-13T00:00:00Z,116995.21212169033,104067.68168836675,12927.530433323584,0.03801900211175722
2021-11-14T00:00:00Z,117042.88350005973,104067.68168836675,12975.201811692985,0.0376270291471986
2021-11-15T00:00:00Z,117271.58517404672,104067.68168836675,13203.903485679974,0.03574655335189958
2021-11-16T00:00:00Z,116889.93194865719,104067.68168836675,12822.25026029044,0.03888465741572748
2021-11-17T00:00:00Z,116486.76604162501,116486.76604162501,0.0,0.04219964727324345
2021-11-18T00:00:00Z,116486.76604162501,116486.76604162501,0.0,0.04219964727324345
2021-11-19T00:00:00Z,116486.76604162501,116486.76604162501,0.0,0.04219964727324345
2021-11-20T00:00:00Z,116486.76604162501,116486.76604162501,0.0,0.04219964727324345
2021-11-21T00:00:00Z,116486.76604162501,116486.76604162501,0.0,0.04219964727324345
2021-11-22T00:00:00Z,116486.76604162501,116486.76604162501,0.0,0.04219964727324345
2021-11-23T00:00:00Z,116486.76604162501,116486.76604162501,0.0,0.04219964727324345
2021-11-24T00:00:00Z,116486.76604162501,116486.76604162501,0.0,0.04219964727324345
2021-11-25T00:00:00Z,116486.76604162501,116486.76604162501,0.0,0.04219964727324345
2021-11-26T00:00:00Z,116486.76604162501,116486.76604162501,0.0,0.04219964727324345
2021-11-27T00:00:00Z,116486.76604162501,116486.76604162501,0.0,0.04219964727324345
2021-11-28T00:00:00Z,116486.76604162501,116486.76604162501,0.0,0.04219964727324345
2021-11-29T00:00:00Z,116486.76604162501,116486.76604162501,0.0,0.04219964727324345
2021-11-30T00:00:00Z,116486.76604162501,116486.76604162501,0.0,0.04219964727324345
2021-12-01T00:00:00Z,116486.76604162501,116486.76604162501,0.0,0.04219964727324345
2021-12-02T00:00:00Z,116486.76604162501,116486.76604162501,0.0,0.04219964727324345
2021-12-03T00:00:00Z,116486.76604162501,116486.76604162501,0.0,0.04219964727324345
2021-12-04T00:00:00Z,116486.76604162501,116486.76604162501,0.0,0.04219964727324345
2021-12-05T00:00:00Z,116486.76604162501,116486.76604162501,0.0,0.04219964727324345
2021-12-06T00:00:00Z,116486.76604162501,116486.76604162501,0.0,0.04219964727324345
2021-12-07T00:00:00Z,116486.76604162501,116486.76604162501,0.0,0.04219964727324345
2021-12-08T00:00:00Z,116486.76604162501,116486.76604162501,0.0,0.04219964727324345
2021-12-09T00:00:00Z,116486.76604162501,116486.76604162501,0.0,0.04219964727324345
2021-12-10T00:00:00Z,116486.76604162501,116486.76604162501,0.0,0.04219964727324345
2021-12-11T00:00:00Z,116486.76604162501,116486.76604162501,0.0,0.04219964727324345
2021-12-12T00:00:00Z,116486.76604162501,116486.76604162501,0.0,0.04219964727324345
2021-12-13T00:00:00Z,116486.76604162501,116486.76604162501,0.0,0.04219964727324345
2021-12-14T00:00:00Z,116486.76604162501,116486.76604162501,0.0,0.04219964727324345
2021-12-15T00:00:00Z,116486.76604162501,116486.76604162501,0.0,0.04219964727324345
2021-12-16T00:00:00Z,116486.76604162501,116486.76604162501,0.0,0.04219964727324345
2021-12-17T00:00:00Z,116486.76604162501,116486.76604162501,0.0,0.04219964727324345
2021-12-18T00:00:00Z,116486.76604162501,116486.76604162501,0.0,0.04219964727324345
2021-12-19T00:00:00Z,116486.76604162501,116486.76604162501,0.0,0.04219964727324345
2021-12-20T00:00:00Z,116486.76604162501,116486.76604162501,0.0,0.04219964727324345
2021-12-21T00:00:00Z,116486.76604162501,116486.76604162501,0.0,0.04219964727324345
2021-12-22T00:00:00Z,116486.76604162501,116486.76604162501,0.0,0.04219964727324345
2021-12-23T00:00:00Z,116486.76604162501,116486.76604162501,0.0,0.04219964727324345
2021-12-24T00:00:00Z,116486.76604162501,116486.76604162501,0.0,0.04219964727324345
2021-12-25T00:00:00Z,116486.76604162501,116486.76604162501,0.0,0.04219964727324345
2021-12-26T00:00:00Z,116486.76604162501,116486.76604162501,0.0,0.04219964727324345
2021-12-27T00:00:00Z,116486.76604162501,116486.76604162501,0.0,0.04219964727324345
2021-12-28T00:00:00Z,116486.76604162501,116486.76604162501,0.0,0.04219964727324345
2021-12-29T00:00:00Z,116486.76604162501,116486.76604162501,0.0,0.04219964727324345
2021-12-30T00:00:00Z,116486.76604162501,116486.76604162501,0.0,0.04219964727324345
2021-12-31T00:00:00Z,116486.76604162501,116486.76604162501,0.0,0.04219964727324345
2022-01-01T00:00:00Z,116486.76604162501,116486.76604162501,0.0,0.04219964727324345
2022-01-02T00:00:00Z,116486.76604162501,116486.76604162501,0.0,0.04219964727324345
2022-01-03T00:00:00Z,116486.76604162501,116486.76604162501,0.0,0.04219964727324345
2022-01-04T00:00:00Z,116486.76604162501,116486.76604162501,0.0,0.04219964727324345
2022-01-05T00:00:00Z,116486.76604162501,116486.76604162501,0.0,0.04219964727324345
2022-01-06T00:00:00Z,116486.76604162501,116486.76604162501,0.0,0.04219964727324345
2022-01-07T00:00:00Z,116486.76604162501,116486.76604162501,0.0,0.04219964727324345
2022-01-08T00:00:00Z,116486.76604162501,116486.76604162501,0.0,0.04219964727324345
2022-01-09T00:00:00Z,116486.76604162501,116486.76604162501,0.0,0.04219964727324345
2022-01-10T00:00:00Z,116486.76604162501,116486.76604162501,0.0,0.04219964727324345
2022-01-11T00:00:00Z,116486.76604162501,116486.76604162501,0.0,0.04219964727324345
2022-01-12T00:00:00Z,116486.76604162501,116486.76604162501,0.0,0.04219964727324345
2022-01-13T00:00:00Z,116486.76604162501,116486.76604162501,0.0,0.04219964727324345
2022-01-14T00:00:00Z,116486.76604162501,116486.76604162501,0.0,0.04219964727324345
2022-01-15T00:00:00Z,116486.76604162501,116486.76604162501,0.0,0.04219964727324345
2022-01-16T00:00:00Z,116486.76604162501,116486.76604162501,0.0,0.04219964727324345
2022-01-17T00:00:00Z,116486.76604162501,116486.76604162501,0.0,0.04219964727324345
2022-01-18T00:00:00Z,116486.76604162501,116486.76604162501,0.0,0.04219964727324345
2022-01-19T00:00:00Z,116486.76604162501,116486.76604162501,0.0,0.04219964727324345
2022-01-20T00:00:00Z,116486.76604162501,116486.76604162501,0.0,0.04219964727324345
2022-01-21T00:00:00Z,116486.76604162501,116486.76604162501,0.0,0.04219964727324345
2022-01-22T00:00:00Z,116486.76604162501,116486.76604162501,0.0,0.04219964727324345
2022-01-23T00:00:00Z,116486.76604162501,116486.76604162501,0.0,0.04219964727324345
2022-01-24T00:00:00Z,116486.76604162501,116486.76604162501,0.0,0.04219964727324345
2022-01-25T00:00:00Z,116486.76604162501,116486.76604162501,0.0,0.04219964727324345
2022-01-26T00:00:00Z,116486.76604162501,116486.76604162501,0.0,0.04219964727324345
2022-01-27T00:00:00Z,116486.76604162501,116486.76604162501,0.0,0.04219964727324345
2022-01-28T00:00:00Z,116486.76604162501,116486.76604162501,0.0,0.04219964727324345
2022-01-29T00:00:00Z,116486.76604162501,116486.76604162501,0.0,0.04219964727324345
2022-01-30T00:00:00Z,116486.76604162501,116486.76604162501,0.0,0.04219964727324345
2022-01-31T00:00:00Z,116486.76604162501,116486.76604162501,0.0,0.04219964727324345
2022-02-01T00:00:00Z,116486.76604162501,116486.76604162501,0.0,0.04219964727324345
2022-02-02T00:00:00Z,116486.76604162501,116486.76604162501,0.0,0.04219964727324345
2022-02-03T00:00:00Z,116486.76604162501,116486.76604162501,0.0,0.04219964727324345
2022-02-04T00:00:00Z,116486.76604162501,116486.76604162501,0.0,0.04219964727324345
2022-02-05T00:00:00Z,116486.76604162501,116486.76604162501,0.0,0.04219964727324345
2022-02-06T00:00:00Z,116486.76604162501,116486.76604162501,0.0,0.04219964727324345
2022-02-07T00:00:00Z,116486.76604162501,116486.76604162501,0.0,0.04219964727324345
2022-02-08T00:00:00Z,116486.76604162501,116486.76604162501,0.0,0.04219964727324345
2022-02-09T00:00:00Z,116486.76604162501,116486.76604162501,0.0,0.04219964727324345
2022-02-10T00:00:00Z,116486.76604162501,116486.76604162501,0.0,0.04219964727324345
2022-02-11T00:00:00Z,116486.76604162501,116486.76604162501,0.0,0.04219964727324345
2022-02-12T00:00:00Z,116486.76604162501,116486.76604162501,0.0,0.04219964727324345
2022-02-13T00:00:00Z,116486.76604162501,116486.76604162501,0.0,0.04219964727324345
2022-02-14T00:00:00Z,116486.76604162501,116486.76604162501,0.0,0.04219964727324345
2022-02-15T00:00:00Z,116486.76604162501,116486.76604162501,0.0,0.04219964727324345
2022-02-16T00:00:00Z,116486.76604162501,116486.76604162501,0.0,0.04219964727324345
2022-02-17T00:00:00Z,116486.76604162501,116486.76604162501,0.0,0.04219964727324345
2022-02-18T00:00:00Z,116486.76604162501,116486.76604162501,0.0,0.04219964727324345
2022-02-19T00:00:00Z,116486.76604162501,116486.76604162501,0.0,0.04219964727324345
2022-02-20T00:00:00Z,116486.76604162501,116486.76604162501,0.0,0.04219964727324345
2022-02-21T00:00:00Z,116486.76604162501,116486.76604162501,0.0,0.04219964727324345
2022-02-22T00:00:00Z,116486.76604162501,116486.76604162501,0.0,0.04219964727324345
2022-02-23T00:00:00Z,116486.76604162501,116486.76604162501,0.0,0.04219964727324345
2022-02-24T00:00:00Z,116486.76604162501,116486.76604162501,0.0,0.04219964727324345
2022-02-25T00:00:00Z,116486.76604162501,116486.76604162501,0.0,0.04219964727324345
2022-02-26T00:00:00Z,116486.76604162501,116486.76604162501,0.0,0.04219964727324345
2022-02-27T00:00:00Z,116486.76604162501,116486.76604162501,0.0,0.04219964727324345
2022-02-28T00:00:00Z,116486.76604162501,116486.76604162501,0.0,0.04219964727324345
2022-03-01T00:00:00Z,116486.76604162501,116486.76604162501,0.0,0.04219964727324345
2022-03-02T00:00:00Z,116486.76604162501,116486.76604162501,0.0,0.04219964727324345
2022-03-03T00:00:00Z,116486.76604162501,116486.76604162501,0.0,0.04219964727324345
2022-03-04T00:00:00Z,116486.76604162501,116486.76604162501,0.0,0.04219964727324345
2022-03-05T00:00:00Z,116486.76604162501,116486.76604162501,0.0,0.04219964727324345
2022-03-06T00:00:00Z,116486.76604162501,116486.76604162501,0.0,0.04219964727324345
2022-03-07T00:00:00Z,116486.76604162501,116486.76604162501,0.0,0.04219964727324345
2022-03-08T00:00:00Z,116486.76604162501,116486.76604162501,0.0,0.04219964727324345
2022-03-09T00:00:00Z,116486.76604162501,116486.76604162501,0.0,0.04219964727324345
2022-03-10T00:00:00Z,116486.76604162501,116486.76604162501,0.0,0.04219964727324345
2022-03-11T00:00:00Z,116486.76604162501,116486.76604162501,0.0,0.04219964727324345
2022-03-12T00:00:00Z,116486.76604162501,116486.76604162501,0.0,0.04219964727324345
2022-03-13T00:00:00Z,116486.76604162501,116486.76604162501,0.0,0.04219964727324345
2022-03-14T00:00:00Z,116486.76604162501,116486.76604162501,0.0,0.04219964727324345
2022-03-15T00:00:00Z,116486.76604162501,116486.76604162501,0.0,0.04219964727324345
2022-03-16T00:00:00Z,116486.76604162501,116486.76604162501,0.0,0.04219964727324345
2022-03-17T00:00:00Z,116486.76604162501,116486.76604162501,0.0,0.04219964727324345
2022-03-18T00:00:00Z,116486.76604162501,116486.76604162501,0.0,0.04219964727324345
2022-03-19T00:00:00Z,116486.76604162501,116486.76604162501,0.0,0.04219964727324345
2022-03-20T00:00:00Z,116486.76604162501,116486.76604162501,0.0,0.04219964727324345
2022-03-21T00:00:00Z,116486.76604162501,116486.76604162501,0.0,0.04219964727324345
2022-03-22T00:00:00Z,116486.76604162501,116486.76604162501,0.0,0.04219964727324345
2022-03-23T00:00:00Z,116486.76604162501,116486.76604162501,0.0,0.04219964727324345
2022-03-24T00:00:00Z,116486.76604162501,116486.76604162501,0.0,0.04219964727324345
2022-03-25T00:00:00Z,116486.76604162501,116486.76604162501,0.0,0.04219964727324345
2022-03-26T00:00:00Z,116486.76604162501,116486.76604162501,0.0,0.04219964727324345
2022-03-27T00:00:00Z,116486.76604162501,116486.76604162501,0.0,0.04219964727324345
2022-03-28T00:00:00Z,116486.76604162501,116486.76604162501,0.0,0.04219964727324345
2022-03-29T00:00:00Z,116486.76604162501,116486.76604162501,0.0,0.04219964727324345
2022-03-30T00:00:00Z,116486.76604162501,116486.76604162501,0.0,0.04219964727324345
2022-03-31T00:00:00Z,116486.76604162501,116486.76604162501,0.0,0.04219964727324345
2022-04-01T00:00:00Z,116486.76604162501,116486.76604162501,0.0,0.04219964727324345
2022-04-02T00:00:00Z,116486.76604162501,116486.76604162501,0.0,0.04219964727324345
2022-04-03T00:00:00Z,116486.76604162501,116486.76604162501,0.0,0.04219964727324345
2022-04-04T00:00:00Z,116486.76604162501,116486.76604162501,0.0,0.04219964727324345
2022-04-05T00:00:00Z,116486.76604162501,116486.76604162501,0.0,0.04219964727324345
2022-04-06T00:00:00Z,116486.76604162501,116486.76604162501,0.0,0.04219964727324345
2022-04-07T00:00:00Z,116486.76604162501,116486.76604162501,0.0,0.04219964727324345
2022-04-08T00:00:00Z,116486.76604162501,116486.76604162501,0.0,0.04219964727324345
2022-04-09T00:00:00Z,116486.76604162501,116486.76604162501,0.0,0.04219964727324345
2022-04-10T00:00:00Z,116486.76604162501,116486.76604162501,0.0,0.04219964727324345
2022-04-11T00:00:00Z,116486.76604162501,116486.76604162501,0.0,0.04219964727324345
2022-04-12T00:00:00Z,116486.76604162501,116486.76604162501,0.0,0.04219964727324345
2022-04-13T00:00:00Z,116486.76604162501,116486.76604162501,0.0,0.04219964727324345
2022-04-14T00:00:00Z,116486.76604162501,116486.76604162501,0.0,0.04219964727324345
2022-04-15T00:00:00Z,116486.76604162501,116486.76604162501,0.0,0.04219964727324345
2022-04-16T00:00:00Z,116486.76604162501,116486.76604162501,0.0,0.04219964727324345
2022-04-17T00:00:00Z,116486.76604162501,116486.76604162501,0.0,0.04219964727324345
2022-04-18T00:00:00Z,116486.76604162501,116486.76604162501,0.0,0.04219964727324345
2022-04-19T00:00:00Z,116486.76604162501,116486.76604162501,0.0,0.04219964727324345
2022-04-20T00:00:00Z,116486.76604162501,116486.76604162501,0.0,0.04219964727324345
2022-04-21T00:00:00Z,116486.76604162501,116486.76604162501,0.0,0.04219964727324345
2022-04-22T00:00:00Z,116486.76604162501,116486.76604162501,0.0,0.04219964727324345
2022-04-23T00:00:00Z,116486.76604162501,116486.76604162501,0.0,0.04219964727324345
2022-04-24T00:00:00Z,116486.76604162501,116486.76604162501,0.0,0.04219964727324345
2022-04-25T00:00:00Z,116486.76604162501,116486.76604162501,0.0,0.04219964727324345
2022-04-26T00:00:00Z,116486.76604162501,116486.76604162501,0.0,0.04219964727324345
2022-04-27T00:00:00Z,116486.76604162501,116486.76604162501,0.0,0.04219964727324345
2022-04-28T00:00:00Z,116486.76604162501,116486.76604162501,0.0,0.04219964727324345
2022-04-29T00:00:00Z,116486.76604162501,116486.76604162501,0.0,0.04219964727324345
2022-04-30T00:00:00Z,116486.76604162501,116486.76604162501,0.0,0.04219964727324345
2022-05-01T00:00:00Z,116486.76604162501,116486.76604162501,0.0,0.04219964727324345
2022-05-02T00:00:00Z,116486.76604162501,116486.76604162501,0.0,0.04219964727324345
2022-05-03T00:00:00Z,116486.76604162501,116486.76604162501,0.0,0.04219964727324345
2022-05-04T00:00:00Z,116486.76604162501,116486.76604162501,0.0,0.04219964727324345
2022-05-05T00:00:00Z,116486.76604162501,116486.76604162501,0.0,0.04219964727324345
2022-05-06T00:00:00Z,116486.76604162501,116486.76604162501,0.0,0.04219964727324345
2022-05-07T00:00:00Z,116486.76604162501,116486.76604162501,0.0,0.04219964727324345
2022-05-08T00:00:00Z,116486.76604162501,116486.76604162501,0.0,0.04219964727324345
2022-05-09T00:00:00Z,116486.76604162501,116486.76604162501,0.0,0.04219964727324345
2022-05-10T00:00:00Z,116486.76604162501,116486.76604162501,0.0,0.04219964727324345
2022-05-11T00:00:00Z,116486.76604162501,116486.76604162501,0.0,0.04219964727324345
2022-05-12T00:00:00Z,116486.76604162501,116486.76604162501,0.0,0.04219964727324345
2022-05-13T00:00:00Z,116486.76604162501,116486.76604162501,0.0,0.04219964727324345
2022-05-14T00:00:00Z,116486.76604162501,116486.76604162501,0.0,0.04219964727324345
2022-05-15T00:00:00Z,116486.76604162501,116486.76604162501,0.0,0.04219964727324345
2022-05-16T00:00:00Z,116486.76604162501,116486.76604162501,0.0,0.04219964727324345
2022-05-17T00:00:00Z,116486.76604162501,116486.76604162501,0.0,0.04219964727324345
2022-05-18T00:00:00Z,116486.76604162501,116486.76604162501,0.0,0.04219964727324345
2022-05-19T00:00:00Z,116486.76604162501,116486.76604162501,0.0,0.04219964727324345
2022-05-20T00:00:00Z,116486.76604162501,116486.76604162501,0.0,0.04219964727324345
2022-05-21T00:00:00Z,116486.76604162501,116486.76604162501,0.0,0.04219964727324345
2022-05-22T00:00:00Z,116486.76604162501,116486.76604162501,0.0,0.04219964727324345
2022-05-23T00:00:00Z,116486.76604162501,116486.76604162501,0.0,0.04219964727324345
2022-05-24T00:00:00Z,116486.76604162501,116486.76604162501,0.0,0.04219964727324345
2022-05-25T00:00:00Z,116486.76604162501,116486.76604162501,0.0,0.04219964727324345
2022-05-26T00:00:00Z,116486.76604162501,116486.76604162501,0.0,0.04219964727324345
2022-05-27T00:00:00Z,116486.76604162501,116486.76604162501,0.0,0.04219964727324345
2022-05-28T00:00:00Z,116486.76604162501,116486.76604162501,0.0,0.04219964727324345
2022-05-29T00:00:00Z,116486.76604162501,116486.76604162501,0.0,0.04219964727324345
2022-05-30T00:00:00Z,116486.76604162501,116486.76604162501,0.0,0.04219964727324345
2022-05-31T00:00:00Z,116486.76604162501,116486.76604162501,0.0,0.04219964727324345
2022-06-01T00:00:00Z,116486.76604162501,116486.76604162501,0.0,0.04219964727324345
2022-06-02T00:00:00Z,116486.76604162501,116486.76604162501,0.0,0.04219964727324345
2022-06-03T00:00:00Z,116486.76604162501,116486.76604162501,0.0,0.04219964727324345
2022-06-04T00:00:00Z,116486.76604162501,116486.76604162501,0.0,0.04219964727324345
2022-06-05T00:00:00Z,116486.76604162501,116486.76604162501,0.0,0.04219964727324345
2022-06-06T00:00:00Z,116486.76604162501,116486.76604162501,0.0,0.04219964727324345
2022-06-07T00:00:00Z,116486.76604162501,116486.76604162501,0.0,0.04219964727324345
2022-06-08T00:00:00Z,116486.76604162501,116486.76604162501,0.0,0.04219964727324345
2022-06-09T00:00:00Z,116486.76604162501,116486.76604162501,0.0,0.04219964727324345
2022-06-10T00:00:00Z,116486.76604162501,116486.76604162501,0.0,0.04219964727324345
2022-06-11T00:00:00Z,116486.76604162501,116486.76604162501,0.0,0.04219964727324345
2022-06-12T00:00:00Z,116486.76604162501,116486.76604162501,0.0,0.04219964727324345
2022-06-13T00:00:00Z,116486.76604162501,116486.76604162501,0.0,0.04219964727324345
2022-06-14T00:00:00Z,116486.76604162501,116486.76604162501,0.0,0.04219964727324345
2022-06-15T00:00:00Z,116486.76604162501,116486.76604162501,0.0,0.04219964727324345
2022-06-16T00:00:00Z,116486.76604162501,116486.76604162501,0.0,0.04219964727324345
2022-06-17T00:00:00Z,116486.76604162501,116486.76604162501,0.0,0.04219964727324345
2022-06-18T00:00:00Z,116486.76604162501,116486.76604162501,0.0,0.04219964727324345
2022-06-19T00:00:00Z,116486.76604162501,116486.76604162501,0.0,0.04219964727324345
2022-06-20T00:00:00Z,116486.76604162501,116486.76604162501,0.0,0.04219964727324345
2022-06-21T00:00:00Z,116486.76604162501,116486.76604162501,0.0,0.04219964727324345
2022-06-22T00:00:00Z,116486.76604162501,116486.76604162501,0.0,0.04219964727324345
2022-06-23T00:00:00Z,116486.76604162501,116486.76604162501,0.0,0.04219964727324345
2022-06-24T00:00:00Z,116486.76604162501,116486.76604162501,0.0,0.04219964727324345
2022-06-25T00:00:00Z,116486.76604162501,116486.76604162501,0.0,0.04219964727324345
2022-06-26T00:00:00Z,116486.76604162501,116486.76604162501,0.0,0.04219964727324345
2022-06-27T00:00:00Z,116486.76604162501,116486.76604162501,0.0,0.04219964727324345
2022-06-28T00:00:00Z,116486.76604162501,116486.76604162501,0.0,0.04219964727324345
2022-06-29T00:00:00Z,116486.76604162501,116486.76604162501,0.0,0.04219964727324345
2022-06-30T00:00:00Z,116486.76604162501,116486.76604162501,0.0,0.04219964727324345
2022-07-01T00:00:00Z,116486.76604162501,116486.76604162501,0.0,0.04219964727324345
2022-07-02T00:00:00Z,116486.76604162501,116486.76604162501,0.0,0.04219964727324345
2022-07-03T00:00:00Z,116486.76604162501,116486.76604162501,0.0,0.04219964727324345
2022-07-04T00:00:00Z,116486.76604162501,116486.76604162501,0.0,0.04219964727324345
2022-07-05T00:00:00Z,116486.76604162501,116486.76604162501,0.0,0.04219964727324345
2022-07-06T00:00:00Z,116486.76604162501,116486.76604162501,0.0,0.04219964727324345
2022-07-07T00:00:00Z,116486.76604162501,116486.76604162501,0.0,0.04219964727324345
2022-07-08T00:00:00Z,116486.76604162501,116486.76604162501,0.0,0.04219964727324345
2022-07-09T00:00:00Z,116486.76604162501,116486.76604162501,0.0,0.04219964727324345
2022-07-10T00:00:00Z,116486.76604162501,116486.76604162501,0.0,0.04219964727324345
2022-07-11T00:00:00Z,116486.76604162501,116486.76604162501,0.0,0.04219964727324345
2022-07-12T00:00:00Z,116486.76604162501,116486.76604162501,0.0,0.04219964727324345
2022-07-13T00:00:00Z,116486.76604162501,116486.76604162501,0.0,0.04219964727324345
2022-07-14T00:00:00Z,116486.76604162501,116486.76604162501,0.0,0.04219964727324345
2022-07-15T00:00:00Z,116486.76604162501,116486.76604162501,0.0,0.04219964727324345
2022-07-16T00:00:00Z,116486.76604162501,116486.76604162501,0.0,0.04219964727324345
2022-07-17T00:00:00Z,116486.76604162501,116486.76604162501,0.0,0.04219964727324345
2022-07-18T00:00:00Z,116486.76604162501,116486.76604162501,0.0,0.04219964727324345
2022-07-19T00:00:00Z,116486.76604162501,116486.76604162501,0.0,0.04219964727324345
2022-07-20T00:00:00Z,116486.76604162501,116486.76604162501,0.0,0.04219964727324345
2022-07-21T00:00:00Z,116486.76604162501,116486.76604162501,0.0,0.04219964727324345
2022-07-22T00:00:00Z,116486.76604162501,116486.76604162501,0.0,0.04219964727324345
2022-07-23T00:00:00Z,116486.76604162501,116486.76604162501,0.0,0.04219964727324345
2022-07-24T00:00:00Z,116486.76604162501,116486.76604162501,0.0,0.04219964727324345
2022-07-25T00:00:00Z,116486.76604162501,116486.76604162501,0.0,0.04219964727324345
2022-07-26T00:00:00Z,116486.76604162501,116486.76604162501,0.0,0.04219964727324345
2022-07-27T00:00:00Z,116486.76604162501,116486.76604162501,0.0,0.04219964727324345
2022-07-28T00:00:00Z,116486.76604162501,116486.76604162501,0.0,0.04219964727324345
2022-07-29T00:00:00Z,116486.76604162501,116486.76604162501,0.0,0.04219964727324345
2022-07-30T00:00:00Z,116486.76604162501,116486.76604162501,0.0,0.04219964727324345
2022-07-31T00:00:00Z,116486.76604162501,116486.76604162501,0.0,0.04219964727324345
2022-08-01T00:00:00Z,116486.76604162501,116486.76604162501,0.0,0.04219964727324345
2022-08-02T00:00:00Z,116486.76604162501,116486.76604162501,0.0,0.04219964727324345
2022-08-03T00:00:00Z,116486.76604162501,116486.76604162501,0.0,0.04219964727324345
2022-08-04T00:00:00Z,116486.76604162501,116486.76604162501,0.0,0.04219964727324345
2022-08-05T00:00:00Z,116486.76604162501,116486.76604162501,0.0,0.04219964727324345
2022-08-06T00:00:00Z,116486.76604162501,116486.76604162501,0.0,0.04219964727324345
2022-08-07T00:00:00Z,116486.76604162501,116486.76604162501,0.0,0.04219964727324345
2022-08-08T00:00:00Z,116486.76604162501,116486.76604162501,0.0,0.04219964727324345
2022-08-09T00:00:00Z,116486.76604162501,116486.76604162501,0.0,0.04219964727324345
2022-08-10T00:00:00Z,116486.76604162501,116486.76604162501,0.0,0.04219964727324345
2022-08-11T00:00:00Z,116486.76604162501,116486.76604162501,0.0,0.04219964727324345
2022-08-12T00:00:00Z,116486.76604162501,116486.76604162501,0.0,0.04219964727324345
2022-08-13T00:00:00Z,116486.76604162501,116486.76604162501,0.0,0.04219964727324345
2022-08-14T00:00:00Z,116486.76604162501,116486.76604162501,0.0,0.04219964727324345
2022-08-15T00:00:00Z,116486.76604162501,116486.76604162501,0.0,0.04219964727324345
2022-08-16T00:00:00Z,116486.76604162501,116486.76604162501,0.0,0.04219964727324345
2022-08-17T00:00:00Z,116486.76604162501,116486.76604162501,0.0,0.04219964727324345
2022-08-18T00:00:00Z,116486.76604162501,116486.76604162501,0.0,0.04219964727324345
2022-08-19T00:00:00Z,116486.76604162501,116486.76604162501,0.0,0.04219964727324345
2022-08-20T00:00:00Z,116486.76604162501,116486.76604162501,0.0,0.04219964727324345
2022-08-21T00:00:00Z,116486.76604162501,116486.76604162501,0.0,0.04219964727324345
2022-08-22T00:00:00Z,116486.76604162501,116486.76604162501,0.0,0.04219964727324345
2022-08-23T00:00:00Z,116486.76604162501,116486.76604162501,0.0,0.04219964727324345
2022-08-24T00:00:00Z,116486.76604162501,116486.76604162501,0.0,0.04219964727324345
2022-08-25T00:00:00Z,116486.76604162501,116486.76604162501,0.0,0.04219964727324345
2022-08-26T00:00:00Z,116486.76604162501,116486.76604162501,0.0,0.04219964727324345
2022-08-27T00:00:00Z,116486.76604162501,116486.76604162501,0.0,0.04219964727324345
2022-08-28T00:00:00Z,116486.76604162501,116486.76604162501,0.0,0.04219964727324345
2022-08-29T00:00:00Z,116486.76604162501,116486.76604162501,0.0,0.04219964727324345
2022-08-30T00:00:00Z,116486.76604162501,116486.76604162501,0.0,0.04219964727324345
2022-08-31T00:00:00Z,116486.76604162501,116486.76604162501,0.0,0.04219964727324345
2022-09-01T00:00:00Z,116486.76604162501,116486.76604162501,0.0,0.04219964727324345
2022-09-02T00:00:00Z,116486.76604162501,116486.76604162501,0.0,0.04219964727324345
2022-09-03T00:00:00Z,116486.76604162501,116486.76604162501,0.0,0.04219964727324345
2022-09-04T00:00:00Z,116486.76604162501,116486.76604162501,0.0,0.04219964727324345
2022-09-05T00:00:00Z,116486.76604162501,116486.76604162501,0.0,0.04219964727324345
2022-09-06T00:00:00Z,116486.76604162501,116486.76604162501,0.0,0.04219964727324345
2022-09-07T00:00:00Z,116486.76604162501,116486.76604162501,0.0,0.04219964727324345
2022-09-08T00:00:00Z,116486.76604162501,116486.76604162501,0.0,0.04219964727324345
2022-09-09T00:00:00Z,116486.76604162501,116486.76604162501,0.0,0.04219964727324345
2022-09-10T00:00:00Z,116486.76604162501,116486.76604162501,0.0,0.04219964727324345
2022-09-11T00:00:00Z,116486.76604162501,116486.76604162501,0.0,0.04219964727324345
2022-09-12T00:00:00Z,116486.76604162501,116486.76604162501,0.0,0.04219964727324345
2022-09-13T00:00:00Z,116486.76604162501,116486.76604162501,0.0,0.04219964727324345
2022-09-14T00:00:00Z,116486.76604162501,116486.76604162501,0.0,0.04219964727324345
2022-09-15T00:00:00Z,116486.76604162501,116486.76604162501,0.0,0.04219964727324345
2022-09-16T00:00:00Z,116486.76604162501,116486.76604162501,0.0,0.04219964727324345
2022-09-17T00:00:00Z,116486.76604162501,116486.76604162501,0.0,0.04219964727324345
2022-09-18T00:00:00Z,116486.76604162501,116486.76604162501,0.0,0.04219964727324345
2022-09-19T00:00:00Z,116486.76604162501,116486.76604162501,0.0,0.04219964727324345
2022-09-20T00:00:00Z,116486.76604162501,116486.76604162501,0.0,0.04219964727324345
2022-09-21T00:00:00Z,116486.76604162501,116486.76604162501,0.0,0.04219964727324345
2022-09-22T00:00:00Z,116486.76604162501,116486.76604162501,0.0,0.04219964727324345
2022-09-23T00:00:00Z,116486.76604162501,116486.76604162501,0.0,0.04219964727324345
2022-09-24T00:00:00Z,116486.76604162501,116486.76604162501,0.0,0.04219964727324345
2022-09-25T00:00:00Z,116486.76604162501,116486.76604162501,0.0,0.04219964727324345
2022-09-26T00:00:00Z,116486.76604162501,116486.76604162501,0.0,0.04219964727324345
2022-09-27T00:00:00Z,116486.76604162501,116486.76604162501,0.0,0.04219964727324345
2022-09-28T00:00:00Z,116486.76604162501,116486.76604162501,0.0,0.04219964727324345
2022-09-29T00:00:00Z,116486.76604162501,116486.76604162501,0.0,0.04219964727324345
2022-09-30T00:00:00Z,116486.76604162501,116486.76604162501,0.0,0.04219964727324345
2022-10-01T00:00:00Z,116486.76604162501,116486.76604162501,0.0,0.04219964727324345
2022-10-02T00:00:00Z,116486.76604162501,116486.76604162501,0.0,0.04219964727324345
2022-10-03T00:00:00Z,116486.76604162501,116486.76604162501,0.0,0.04219964727324345
2022-10-04T00:00:00Z,116486.76604162501,116486.76604162501,0.0,0.04219964727324345
2022-10-05T00:00:00Z,116486.76604162501,116486.76604162501,0.0,0.04219964727324345
2022-10-06T00:00:00Z,116486.76604162501,116486.76604162501,0.0,0.04219964727324345
2022-10-07T00:00:00Z,116486.76604162501,116486.76604162501,0.0,0.04219964727324345
2022-10-08T00:00:00Z,116486.76604162501,116486.76604162501,0.0,0.04219964727324345
2022-10-09T00:00:00Z,116486.76604162501,116486.76604162501,0.0,0.04219964727324345
2022-10-10T00:00:00Z,116486.76604162501,116486.76604162501,0.0,0.04219964727324345
2022-10-11T00:00:00Z,116486.76604162501,116486.76604162501,0.0,0.04219964727324345
2022-10-12T00:00:00Z,116486.76604162501,116486.76604162501,0.0,0.04219964727324345
2022-10-13T00:00:00Z,116486.76604162501,116486.76604162501,0.0,0.04219964727324345
2022-10-14T00:00:00Z,116486.76604162501,116486.76604162501,0.0,0.04219964727324345
2022-10-15T00:00:00Z,116486.76604162501,116486.76604162501,0.0,0.04219964727324345
2022-10-16T00:00:00Z,116486.76604162501,116486.76604162501,0.0,0.04219964727324345
2022-10-17T00:00:00Z,116486.76604162501,116486.76604162501,0.0,0.04219964727324345
2022-10-18T00:00:00Z,116486.76604162501,116486.76604162501,0.0,0.04219964727324345
2022-10-19T00:00:00Z,116486.76604162501,116486.76604162501,0.0,0.04219964727324345
2022-10-20T00:00:00Z,116486.76604162501,116486.76604162501,0.0,0.04219964727324345
2022-10-21T00:00:00Z,116486.76604162501,116486.76604162501,0.0,0.04219964727324345
2022-10-22T00:00:00Z,116486.76604162501,116486.76604162501,0.0,0.04219964727324345
2022-10-23T00:00:00Z,116486.76604162501,116486.76604162501,0.0,0.04219964727324345
2022-10-24T00:00:00Z,116486.76604162501,116486.76604162501,0.0,0.04219964727324345
2022-10-25T00:00:00Z,116486.76604162501,116486.76604162501,0.0,0.04219964727324345
2022-10-26T00:00:00Z,116486.76604162501,116486.76604162501,0.0,0.04219964727324345
2022-10-27T00:00:00Z,116486.76604162501,116486.76604162501,0.0,0.04219964727324345
2022-10-28T00:00:00Z,116486.76604162501,116486.76604162501,0.0,0.04219964727324345
2022-10-29T00:00:00Z,116486.76604162501,116486.76604162501,0.0,0.04219964727324345
2022-10-30T00:00:00Z,116486.76604162501,116486.76604162501,0.0,0.04219964727324345
2022-10-31T00:00:00Z,116486.76604162501,116486.76604162501,0.0,0.04219964727324345
2022-11-01T00:00:00Z,116486.76604162501,116486.76604162501,0.0,0.04219964727324345
2022-11-02T00:00:00Z,116486.76604162501,116486.76604162501,0.0,0.04219964727324345
2022-11-03T00:00:00Z,116486.76604162501,116486.76604162501,0.0,0.04219964727324345
2022-11-04T00:00:00Z,116486.76604162501,116486.76604162501,0.0,0.04219964727324345
2022-11-05T00:00:00Z,116486.76604162501,116486.76604162501,0.0,0.04219964727324345
2022-11-06T00:00:00Z,116486.76604162501,116486.76604162501,0.0,0.04219964727324345
2022-11-07T00:00:00Z,116486.76604162501,116486.76604162501,0.0,0.04219964727324345
2022-11-08T00:00:00Z,116486.76604162501,116486.76604162501,0.0,0.04219964727324345
2022-11-09T00:00:00Z,116486.76604162501,116486.76604162501,0.0,0.04219964727324345
2022-11-10T00:00:00Z,116486.76604162501,116486.76604162501,0.0,0.04219964727324345
2022-11-11T00:00:00Z,116486.76604162501,116486.76604162501,0.0,0.04219964727324345
2022-11-12T00:00:00Z,116486.76604162501,116486.76604162501,0.0,0.04219964727324345
2022-11-13T00:00:00Z,116486.76604162501,116486.76604162501,0.0,0.04219964727324345
2022-11-14T00:00:00Z,116486.76604162501,116486.76604162501,0.0,0.04219964727324345
2022-11-15T00:00:00Z,116486.76604162501,116486.76604162501,0.0,0.04219964727324345
2022-11-16T00:00:00Z,116486.76604162501,116486.76604162501,0.0,0.04219964727324345
2022-11-17T00:00:00Z,116486.76604162501,116486.76604162501,0.0,0.04219964727324345
2022-11-18T00:00:00Z,116486.76604162501,116486.76604162501,0.0,0.04219964727324345
2022-11-19T00:00:00Z,116486.76604162501,116486.76604162501,0.0,0.04219964727324345
2022-11-20T00:00:00Z,116486.76604162501,116486.76604162501,0.0,0.04219964727324345
2022-11-21T00:00:00Z,116486.76604162501,116486.76604162501,0.0,0.04219964727324345
2022-11-22T00:00:00Z,116486.76604162501,116486.76604162501,0.0,0.04219964727324345
2022-11-23T00:00:00Z,116486.76604162501,116486.76604162501,0.0,0.04219964727324345
2022-11-24T00:00:00Z,116486.76604162501,116486.76604162501,0.0,0.04219964727324345
2022-11-25T00:00:00Z,116486.76604162501,116486.76604162501,0.0,0.04219964727324345
2022-11-26T00:00:00Z,116486.76604162501,116486.76604162501,0.0,0.04219964727324345
2022-11-27T00:00:00Z,116486.76604162501,116486.76604162501,0.0,0.04219964727324345
2022-11-28T00:00:00Z,116486.76604162501,116486.76604162501,0.0,0.04219964727324345
2022-11-29T00:00:00Z,116486.76604162501,116486.76604162501,0.0,0.04219964727324345
2022-11-30T00:00:00Z,116486.76604162501,116486.76604162501,0.0,0.04219964727324345
2022-12-01T00:00:00Z,116486.76604162501,116486.76604162501,0.0,0.04219964727324345
2022-12-02T00:00:00Z,116486.76604162501,116486.76604162501,0.0,0.04219964727324345
2022-12-03T00:00:00Z,116486.76604162501,116486.76604162501,0.0,0.04219964727324345
2022-12-04T00:00:00Z,116486.76604162501,116486.76604162501,0.0,0.04219964727324345
2022-12-05T00:00:00Z,116486.76604162501,116486.76604162501,0.0,0.04219964727324345
2022-12-06T00:00:00Z,116486.76604162501,116486.76604162501,0.0,0.04219964727324345
2022-12-07T00:00:00Z,116486.76604162501,116486.76604162501,0.0,0.04219964727324345
2022-12-08T00:00:00Z,116486.76604162501,116486.76604162501,0.0,0.04219964727324345
2022-12-09T00:00:00Z,116486.76604162501,116486.76604162501,0.0,0.04219964727324345
2022-12-10T00:00:00Z,116486.76604162501,116486.76604162501,0.0,0.04219964727324345
2022-12-11T00:00:00Z,116486.76604162501,116486.76604162501,0.0,0.04219964727324345
2022-12-12T00:00:00Z,116486.76604162501,116486.76604162501,0.0,0.04219964727324345
2022-12-13T00:00:00Z,116486.76604162501,116486.76604162501,0.0,0.04219964727324345
2022-12-14T00:00:00Z,116486.76604162501,116486.76604162501,0.0,0.04219964727324345
2022-12-15T00:00:00Z,116486.76604162501,116486.76604162501,0.0,0.04219964727324345
2022-12-16T00:00:00Z,116486.76604162501,116486.76604162501,0.0,0.04219964727324345
2022-12-17T00:00:00Z,116486.76604162501,116486.76604162501,0.0,0.04219964727324345
2022-12-18T00:00:00Z,116486.76604162501,116486.76604162501,0.0,0.04219964727324345
2022-12-19T00:00:00Z,116486.76604162501,116486.76604162501,0.0,0.04219964727324345
2022-12-20T00:00:00Z,116486.76604162501,116486.76604162501,0.0,0.04219964727324345
2022-12-21T00:00:00Z,116486.76604162501,116486.76604162501,0.0,0.04219964727324345
2022-12-22T00:00:00Z,116486.76604162501,116486.76604162501,0.0,0.04219964727324345
2022-12-23T00:00:00Z,116486.76604162501,116486.76604162501,0.0,0.04219964727324345
2022-12-24T00:00:00Z,116486.76604162501,116486.76604162501,0.0,0.04219964727324345
2022-12-25T00:00:00Z,116486.76604162501,116486.76604162501,0.0,0.04219964727324345
2022-12-26T00:00:00Z,116486.76604162501,116486.76604162501,0.0,0.04219964727324345
2022-12-27T00:00:00Z,116486.76604162501,116486.76604162501,0.0,0.04219964727324345
2022-12-28T00:00:00Z,116486.76604162501,116486.76604162501,0.0,0.04219964727324345
2022-12-29T00:00:00Z,116486.76604162501,116486.76604162501,0.0,0.04219964727324345
2022-12-30T00:00:00Z,116486.76604162501,116486.76604162501,0.0,0.04219964727324345
2022-12-31T00:00:00Z,116486.76604162501,116486.76604162501,0.0,0.04219964727324345
2023-01-01T00:00:00Z,116486.76604162501,116486.76604162501,0.0,0.04219964727324345
2023-01-02T00:00:00Z,116486.76604162501,116486.76604162501,0.0,0.04219964727324345
2023-01-03T00:00:00Z,116486.76604162501,116486.76604162501,0.0,0.04219964727324345
2023-01-04T00:00:00Z,116486.76604162501,116486.76604162501,0.0,0.04219964727324345
2023-01-05T00:00:00Z,116486.76604162501,116486.76604162501,0.0,0.04219964727324345
2023-01-06T00:00:00Z,116486.76604162501,116486.76604162501,0.0,0.04219964727324345
2023-01-07T00:00:00Z,116486.76604162501,116486.76604162501,0.0,0.04219964727324345
2023-01-08T00:00:00Z,116486.76604162501,116486.76604162501,0.0,0.04219964727324345
2023-01-09T00:00:00Z,116486.76604162501,116486.76604162501,0.0,0.04219964727324345
2023-01-10T00:00:00Z,116486.76604162501,116486.76604162501,0.0,0.04219964727324345
2023-01-11T00:00:00Z,116486.76604162501,116486.76604162501,0.0,0.04219964727324345
2023-01-12T00:00:00Z,116486.76604162501,116486.76604162501,0.0,0.04219964727324345
2023-01-13T00:00:00Z,116486.76604162501,116486.76604162501,0.0,0.04219964727324345
2023-01-14T00:00:00Z,116486.76604162501,116486.76604162501,0.0,0.04219964727324345
2023-01-15T00:00:00Z,116486.76604162501,116486.76604162501,0.0,0.04219964727324345
2023-01-16T00:00:00Z,116486.76604162501,116486.76604162501,0.0,0.04219964727324345
2023-01-17T00:00:00Z,116486.76604162501,116486.76604162501,0.0,0.04219964727324345
2023-01-18T00:00:00Z,116486.76604162501,116486.76604162501,0.0,0.04219964727324345
2023-01-19T00:00:00Z,116486.76604162501,116486.76604162501,0.0,0.04219964727324345
2023-01-20T00:00:00Z,116486.76604162501,116486.76604162501,0.0,0.04219964727324345
2023-01-21T00:00:00Z,116486.76604162501,116486.76604162501,0.0,0.04219964727324345
2023-01-22T00:00:00Z,116486.76604162501,116486.76604162501,0.0,0.04219964727324345
2023-01-23T00:00:00Z,116486.76604162501,116486.76604162501,0.0,0.04219964727324345
2023-01-24T00:00:00Z,116486.76604162501,116486.76604162501,0.0,0.04219964727324345
2023-01-25T00:00:00Z,116486.76604162501,116486.76604162501,0.0,0.04219964727324345
2023-01-26T00:00:00Z,116486.76604162501,116486.76604162501,0.0,0.04219964727324345
2023-01-27T00:00:00Z,116486.76604162501,116486.76604162501,0.0,0.04219964727324345
2023-01-28T00:00:00Z,116486.76604162501,116486.76604162501,0.0,0.04219964727324345
2023-01-29T00:00:00Z,116486.76604162501,116486.76604162501,0.0,0.04219964727324345
2023-01-30T00:00:00Z,116486.76604162501,116486.76604162501,0.0,0.04219964727324345
2023-01-31T00:00:00Z,116486.76604162501,116486.76604162501,0.0,0.04219964727324345
2023-02-01T00:00:00Z,116486.76604162501,116486.76604162501,0.0,0.04219964727324345
2023-02-02T00:00:00Z,116486.76604162501,116486.76604162501,0.0,0.04219964727324345
2023-02-03T00:00:00Z,116486.76604162501,116486.76604162501,0.0,0.04219964727324345
2023-02-04T00:00:00Z,116486.76604162501,116486.76604162501,0.0,0.04219964727324345
2023-02-05T00:00:00Z,116486.76604162501,116486.76604162501,0.0,0.04219964727324345
2023-02-06T00:00:00Z,116486.76604162501,116486.76604162501,0.0,0.04219964727324345
2023-02-07T00:00:00Z,116486.76604162501,116486.76604162501,0.0,0.04219964727324345
2023-02-08T00:00:00Z,116486.76604162501,116486.76604162501,0.0,0.04219964727324345
2023-02-09T00:00:00Z,116486.76604162501,116486.76604162501,0.0,0.04219964727324345
2023-02-10T00:00:00Z,116486.76604162501,116486.76604162501,0.0,0.04219964727324345
2023-02-11T00:00:00Z,116486.76604162501,116486.76604162501,0.0,0.04219964727324345
2023-02-12T00:00:00Z,116486.76604162501,116486.76604162501,0.0,0.04219964727324345
2023-02-13T00:00:00Z,116486.76604162501,116486.76604162501,0.0,0.04219964727324345
2023-02-14T00:00:00Z,116486.76604162501,116486.76604162501,0.0,0.04219964727324345
2023-02-15T00:00:00Z,116486.76604162501,116486.76604162501,0.0,0.04219964727324345
2023-02-16T00:00:00Z,116486.76604162501,116486.76604162501,0.0,0.04219964727324345
2023-02-17T00:00:00Z,116486.76604162501,116486.76604162501,0.0,0.04219964727324345
2023-02-18T00:00:00Z,116486.76604162501,116486.76604162501,0.0,0.04219964727324345
2023-02-19T00:00:00Z,116486.76604162501,116486.76604162501,0.0,0.04219964727324345
2023-02-20T00:00:00Z,116486.76604162501,116486.76604162501,0.0,0.04219964727324345
2023-02-21T00:00:00Z,116486.76604162501,116486.76604162501,0.0,0.04219964727324345
2023-02-22T00:00:00Z,116486.76604162501,116486.76604162501,0.0,0.04219964727324345
2023-02-23T00:00:00Z,116486.76604162501,116486.76604162501,0.0,0.04219964727324345
2023-02-24T00:00:00Z,116486.76604162501,116486.76604162501,0.0,0.04219964727324345
2023-02-25T00:00:00Z,116486.76604162501,116486.76604162501,0.0,0.04219964727324345
2023-02-26T00:00:00Z,116486.76604162501,116486.76604162501,0.0,0.04219964727324345
2023-02-27T00:00:00Z,116486.76604162501,116486.76604162501,0.0,0.04219964727324345
2023-02-28T00:00:00Z,116486.76604162501,116486.76604162501,0.0,0.04219964727324345
2023-03-01T00:00:00Z,116486.76604162501,116486.76604162501,0.0,0.04219964727324345
2023-03-02T00:00:00Z,116486.76604162501,116486.76604162501,0.0,0.04219964727324345
2023-03-03T00:00:00Z,116486.76604162501,116486.76604162501,0.0,0.04219964727324345
2023-03-04T00:00:00Z,116486.76604162501,116486.76604162501,0.0,0.04219964727324345
2023-03-05T00:00:00Z,116486.76604162501,116486.76604162501,0.0,0.04219964727324345
2023-03-06T00:00:00Z,116486.76604162501,116486.76604162501,0.0,0.04219964727324345
2023-03-07T00:00:00Z,116486.76604162501,116486.76604162501,0.0,0.04219964727324345
2023-03-08T00:00:00Z,116486.76604162501,116486.76604162501,0.0,0.04219964727324345
2023-03-09T00:00:00Z,116486.76604162501,116486.76604162501,0.0,0.04219964727324345
2023-03-10T00:00:00Z,116486.76604162501,116486.76604162501,0.0,0.04219964727324345
2023-03-11T00:00:00Z,116486.76604162501,116486.76604162501,0.0,0.04219964727324345
2023-03-12T00:00:00Z,116486.76604162501,116486.76604162501,0.0,0.04219964727324345
2023-03-13T00:00:00Z,116486.76604162501,116486.76604162501,0.0,0.04219964727324345
2023-03-14T00:00:00Z,116486.76604162501,116486.76604162501,0.0,0.04219964727324345
2023-03-15T00:00:00Z,116486.76604162501,116486.76604162501,0.0,0.04219964727324345
2023-03-16T00:00:00Z,116267.3604025479,103927.24093369985,12340.119468848043,0.04400368738560442
2023-03-17T00:00:00Z,116632.86106238347,103927.24093369985,12705.62012868362,0.04099839611683253
2023-03-18T00:00:00Z,117847.36812144224,103927.24093369985,13920.127187742382,0.031012237782417504
2023-03-19T00:00:00Z,117601.85453861886,103927.24093369985,13674.613604919014,0.03303094775453065
2023-03-20T00:00:00Z,118140.39882286215,103927.24093369985,14213.157889162287,0.02860282323072961
2023-03-21T00:00:00Z,118015.88872600491,103927.24093369985,14088.64779230506,0.029626594588973768
2023-03-22T00:00:00Z,118211.80155187618,103927.24093369985,14284.560618176327,0.028015721696716213
2023-03-23T00:00:00Z,117777.79492854528,103927.24093369985,13850.553994845428,0.03158429614545271
2023-03-24T00:00:00Z,118306.0734823538,103927.24093369985,14378.832548653942,0.0272405805254743
2023-03-25T00:00:00Z,117878.57187632809,103927.24093369985,13951.330942628234,0.030755668144065742
2023-03-26T00:00:00Z,117883.95884378396,103927.24093369985,13956.717910084099,0.030711374362851894
2023-03-27T00:00:00Z,118141.77097494995,103927.24093369985,14214.530041250098,0.028591540852495996
2023-03-28T00:00:00Z,117712.54147370256,103927.24093369985,13785.300540002701,0.03212083591034466
2023-03-29T00:00:00Z,117781.80974391333,103927.24093369985,13854.568810213475,0.03155128474247259
2023-03-30T00:00:00Z,118333.92308769166,103927.24093369985,14406.682153991802,0.027011590033916025
2023-03-31T00:00:00Z,118170.94191192793,103927.24093369985,14243.700978228078,0.02835168584856447
2023-04-01T00:00:00Z,118394.39942045088,103927.24093369985,14467.158486751025,0.026514329659911774
2023-04-02T00:00:00Z,118387.6403009072,103927.24093369985,14460.399367207347,0.026569905819359356
2023-04-03T00:00:00Z,118245.1397655653,103927.24093369985,14317.898831865445,0.02774160169222313
2023-04-04T00:00:00Z,118055.78277744692,103927.24093369985,14128.541843747069,0.02929856988847515
2023-04-05T00:00:00Z,118240.15936169101,103927.24093369985,14312.918427991157,0.02778255254655288
2023-04-06T00:00:00Z,118244.12335661137,103927.24093369985,14316.882422911509,0.027749959009433247
2023-04-07T00:00:00Z,118172.36488446344,103927.24093369985,14245.12395076359,0.028339985604470257
2023-04-08T00:00:00Z,118109.19506797628,103927.24093369985,14181.954134276433,0.028859392869081492
2023-04-09T00:00:00Z,118126.06745661164,103927.24093369985,14198.82652291178,0.02872066140339284
2023-04-10T00:00:00Z,118319.99828502272,103927.24093369985,14392.75735132287,0.027126085279695164
2023-04-11T00:00:00Z,118988.69373581756,103927.24093369985,15061.452802117714,0.021627806287133823
2023-04-12T00:00:00Z,119275.16859948458,103927.24093369985,15347.927665784726,0.019272296431451456
2023-04-13T00:00:00Z,119117.16782759514,103927.24093369985,15189.926893895294,0.020571441391770147
2023-04-14T00:00:00Z,119362.7830513139,103927.24093369985,15435.542117614055,0.01855189568793604
2023-04-15T00:00:00Z,119339.58671166611,119339.58671166611,0.0,0.01874262518495623
2023-04-16T00:00:00Z,119339.58671166611,119339.58671166611,0.0,0.01874262518495623
2023-04-17T00:00:00Z,119339.58671166611,119339.58671166611,0.0,0.01874262518495623
2023-04-18T00:00:00Z,119339.58671166611,119339.58671166611,0.0,0.01874262518495623
2023-04-19T00:00:00Z,119339.58671166611,119339.58671166611,0.0,0.01874262518495623
2023-04-20T00:00:00Z,119339.58671166611,119339.58671166611,0.0,0.01874262518495623
2023-04-21T00:00:00Z,119339.58671166611,119339.58671166611,0.0,0.01874262518495623
2023-04-22T00:00:00Z,119339.58671166611,119339.58671166611,0.0,0.01874262518495623
2023-04-23T00:00:00Z,119339.58671166611,119339.58671166611,0.0,0.01874262518495623
2023-04-24T00:00:00Z,119339.58671166611,119339.58671166611,0.0,0.01874262518495623
2023-04-25T00:00:00Z,119339.58671166611,119339.58671166611,0.0,0.01874262518495623
2023-04-26T00:00:00Z,119339.58671166611,119339.58671166611,0.0,0.01874262518495623
2023-04-27T00:00:00Z,119339.58671166611,119339.58671166611,0.0,0.01874262518495623
2023-04-28T00:00:00Z,119339.58671166611,119339.58671166611,0.0,0.01874262518495623
2023-04-29T00:00:00Z,119339.58671166611,119339.58671166611,0.0,0.01874262518495623
2023-04-30T00:00:00Z,119339.58671166611,119339.58671166611,0.0,0.01874262518495623
2023-05-01T00:00:00Z,119339.58671166611,119339.58671166611,0.0,0.01874262518495623
2023-05-02T00:00:00Z,119339.58671166611,119339.58671166611,0.0,0.01874262518495623
2023-05-03T00:00:00Z,119339.58671166611,119339.58671166611,0.0,0.01874262518495623
2023-05-04T00:00:00Z,119339.58671166611,119339.58671166611,0.0,0.01874262518495623
2023-05-05T00:00:00Z,119339.58671166611,119339.58671166611,0.0,0.01874262518495623
2023-05-06T00:00:00Z,119339.58671166611,119339.58671166611,0.0,0.01874262518495623
2023-05-07T00:00:00Z,119339.58671166611,119339.58671166611,0.0,0.01874262518495623
2023-05-08T00:00:00Z,119339.58671166611,119339.58671166611,0.0,0.01874262518495623
2023-05-09T00:00:00Z,119339.58671166611,119339.58671166611,0.0,0.01874262518495623
2023-05-10T00:00:00Z,119339.58671166611,119339.58671166611,0.0,0.01874262518495623
2023-05-11T00:00:00Z,119339.58671166611,119339.58671166611,0.0,0.01874262518495623
2023-05-12T00:00:00Z,119339.58671166611,119339.58671166611,0.0,0.01874262518495623
2023-05-13T00:00:00Z,119339.58671166611,119339.58671166611,0.0,0.01874262518495623
2023-05-14T00:00:00Z,119339.58671166611,119339.58671166611,0.0,0.01874262518495623
2023-05-15T00:00:00Z,119339.58671166611,119339.58671166611,0.0,0.01874262518495623
2023-05-16T00:00:00Z,119339.58671166611,119339.58671166611,0.0,0.01874262518495623
2023-05-17T00:00:00Z,119339.58671166611,119339.58671166611,0.0,0.01874262518495623
2023-05-18T00:00:00Z,119339.58671166611,119339.58671166611,0.0,0.01874262518495623
2023-05-19T00:00:00Z,119339.58671166611,119339.58671166611,0.0,0.01874262518495623
2023-05-20T00:00:00Z,119339.58671166611,119339.58671166611,0.0,0.01874262518495623
2023-05-21T00:00:00Z,119339.58671166611,119339.58671166611,0.0,0.01874262518495623
2023-05-22T00:00:00Z,119339.58671166611,119339.58671166611,0.0,0.01874262518495623
2023-05-23T00:00:00Z,119339.58671166611,119339.58671166611,0.0,0.01874262518495623
2023-05-24T00:00:00Z,119339.58671166611,119339.58671166611,0.0,0.01874262518495623
2023-05-25T00:00:00Z,119339.58671166611,119339.58671166611,0.0,0.01874262518495623
2023-05-26T00:00:00Z,119339.58671166611,119339.58671166611,0.0,0.01874262518495623
2023-05-27T00:00:00Z,119339.58671166611,119339.58671166611,0.0,0.01874262518495623
2023-05-28T00:00:00Z,119339.58671166611,119339.58671166611,0.0,0.01874262518495623
2023-05-29T00:00:00Z,119339.58671166611,119339.58671166611,0.0,0.01874262518495623
2023-05-30T00:00:00Z,119339.58671166611,119339.58671166611,0.0,0.01874262518495623
2023-05-31T00:00:00Z,119339.58671166611,119339.58671166611,0.0,0.01874262518495623
2023-06-01T00:00:00Z,119339.58671166611,119339.58671166611,0.0,0.01874262518495623
2023-06-02T00:00:00Z,119339.58671166611,119339.58671166611,0.0,0.01874262518495623
2023-06-03T00:00:00Z,119339.58671166611,119339.58671166611,0.0,0.01874262518495623
2023-06-04T00:00:00Z,119339.58671166611,119339.58671166611,0.0,0.01874262518495623
2023-06-05T00:00:00Z,119339.58671166611,119339.58671166611,0.0,0.01874262518495623
2023-06-06T00:00:00Z,119339.58671166611,119339.58671166611,0.0,0.01874262518495623
2023-06-07T00:00:00Z,119339.58671166611,119339.58671166611,0.0,0.01874262518495623
2023-06-08T00:00:00Z,119339.58671166611,119339.58671166611,0.0,0.01874262518495623
2023-06-09T00:00:00Z,119339.58671166611,119339.58671166611,0.0,0.01874262518495623
2023-06-10T00:00:00Z,119339.58671166611,119339.58671166611,0.0,0.01874262518495623
2023-06-11T00:00:00Z,119339.58671166611,119339.58671166611,0.0,0.01874262518495623
2023-06-12T00:00:00Z,119339.58671166611,119339.58671166611,0.0,0.01874262518495623
2023-06-13T00:00:00Z,119339.58671166611,119339.58671166611,0.0,0.01874262518495623
2023-06-14T00:00:00Z,119339.58671166611,119339.58671166611,0.0,0.01874262518495623
2023-06-15T00:00:00Z,119339.58671166611,119339.58671166611,0.0,0.01874262518495623
2023-06-16T00:00:00Z,119339.58671166611,119339.58671166611,0.0,0.01874262518495623
2023-06-17T00:00:00Z,119339.58671166611,119339.58671166611,0.0,0.01874262518495623
2023-06-18T00:00:00Z,119339.58671166611,119339.58671166611,0.0,0.01874262518495623
2023-06-19T00:00:00Z,119339.58671166611,119339.58671166611,0.0,0.01874262518495623
2023-06-20T00:00:00Z,119339.58671166611,119339.58671166611,0.0,0.01874262518495623
2023-06-21T00:00:00Z,119339.58671166611,119339.58671166611,0.0,0.01874262518495623
2023-06-22T00:00:00Z,120427.4543467414,100573.62780188734,19853.82654485407,0.009797746380244556
2023-06-23T00:00:00Z,120358.47492531393,100573.62780188734,19784.84712342659,0.01036492251895299
2023-06-24T00:00:00Z,120890.5167775334,100573.62780188734,20316.888975646052,0.005990263568088933
2023-06-25T00:00:00Z,120785.52506699214,100573.62780188734,20211.897265104795,0.006853547019136674
2023-06-26T00:00:00Z,120740.70830278253,100573.62780188734,20167.080500895194,0.00722204821482354
2023-06-27T00:00:00Z,120613.01031436256,100573.62780188734,20039.38251247522,0.008272031680820332
2023-06-28T00:00:00Z,120891.70836062907,100573.62780188734,20318.08055874173,0.005980465899665985
2023-06-29T00:00:00Z,120485.64332124694,100573.62780188734,19912.015519359597,0.00931929357225522
2023-06-30T00:00:00Z,120730.44744834755,100573.62780188734,20156.819646460204,0.007306417026243617
2023-07-01T00:00:00Z,120747.85780135659,100573.62780188734,20174.22999946925,0.007163262204285616
2023-07-02T00:00:00Z,120820.94156455807,100573.62780188734,20247.313762670732,0.00656233854100896
2023-07-03T00:00:00Z,120840.53648657586,100573.62780188734,20266.90868468852,0.006401221326942063
2023-07-04T00:00:00Z,121198.93820213094,100573.62780188734,20625.3104002436,0.003454300391272278
2023-07-05T00:00:00Z,120940.36467036919,100573.62780188734,20366.736868481847,0.005580394439060586
2023-07-06T00:00:00Z,120767.1879271309,100573.62780188734,20193.560125243555,0.007004322249868171
2023-07-07T00:00:00Z,120363.83704924447,100573.62780188734,19790.20924735713,0.010320833011049607
2023-07-08T00:00:00Z,120660.67363818962,100573.62780188734,20087.04583630227,0.007880124943900762
2023-07-09T00:00:00Z,120624.19795564974,100573.62780188734,20050.5701537624,0.008180042460626757
2023-07-10T00:00:00Z,120541.44912956111,100573.62780188734,19967.82132767377,0.008860436101112017
2023-07-11T00:00:00Z,120707.27777704273,100573.62780188734,20133.649975155386,0.007496927245579475
2023-07-12T00:00:00Z,120844.57462928898,100573.62780188734,20270.946827401644,0.006368018117286413
2023-07-13T00:00:00Z,120685.16729071185,100573.62780188734,20111.539488824506,0.007678728426317172
2023-07-14T00:00:00Z,121394.49022794359,100573.62780188734,20820.862426056254,0.0018463941400775471
2023-07-15T00:00:00Z,120640.74772086747,100573.62780188734,20067.119918980126,0.008043963732529682
2023-07-16T00:00:00Z,120624.13175658887,100573.62780188734,20050.50395470153,0.008180586775539091
2023-07-17T00:00:00Z,120586.26589377072,100573.62780188734,20012.63809188337,0.008491934905425151
2023-07-18T00:00:00Z,120526.81913710864,100573.62780188734,19953.191335221298,0.008980729696749767
2023-07-19T00:00:00Z,120496.89932670147,120496.89932670147,0.0,0.009226742234785755
2023-07-20T00:00:00Z,120496.89932670147,120496.89932670147,0.0,0.009226742234785755
2023-07-21T00:00:00Z,120496.89932670147,120496.89932670147,0.0,0.009226742234785755
2023-07-22T00:00:00Z,120496.89932670147,120496.89932670147,0.0,0.009226742234785755
2023-07-23T00:00:00Z,120496.89932670147,120496.89932670147,0.0,0.009226742234785755
2023-07-24T00:00:00Z,120496.89932670147,120496.89932670147,0.0,0.009226742234785755
2023-07-25T00:00:00Z,120496.89932670147,120496.89932670147,0.0,0.009226742234785755
2023-07-26T00:00:00Z,120496.89932670147,120496.89932670147,0.0,0.009226742234785755
2023-07-27T00:00:00Z,120496.89932670147,120496.89932670147,0.0,0.009226742234785755
2023-07-28T00:00:00Z,120496.89932670147,120496.89932670147,0.0,0.009226742234785755
2023-07-29T00:00:00Z,120496.89932670147,120496.89932670147,0.0,0.009226742234785755
2023-07-30T00:00:00Z,120496.89932670147,120496.89932670147,0.0,0.009226742234785755
2023-07-31T00:00:00Z,120496.89932670147,120496.89932670147,0.0,0.009226742234785755
2023-08-01T00:00:00Z,120496.89932670147,120496.89932670147,0.0,0.009226742234785755
2023-08-02T00:00:00Z,120496.89932670147,120496.89932670147,0.0,0.009226742234785755
2023-08-03T00:00:00Z,120496.89932670147,120496.89932670147,0.0,0.009226742234785755
2023-08-04T00:00:00Z,120496.89932670147,120496.89932670147,0.0,0.009226742234785755
2023-08-05T00:00:00Z,120496.89932670147,120496.89932670147,0.0,0.009226742234785755
2023-08-06T00:00:00Z,120496.89932670147,120496.89932670147,0.0,0.009226742234785755
2023-08-07T00:00:00Z,120496.89932670147,120496.89932670147,0.0,0.009226742234785755
2023-08-08T00:00:00Z,120496.89932670147,120496.89932670147,0.0,0.009226742234785755
2023-08-09T00:00:00Z,120496.89932670147,120496.89932670147,0.0,0.009226742234785755
2023-08-10T00:00:00Z,120496.89932670147,120496.89932670147,0.0,0.009226742234785755
2023-08-11T00:00:00Z,120496.89932670147,120496.89932670147,0.0,0.009226742234785755
2023-08-12T00:00:00Z,120496.89932670147,120496.89932670147,0.0,0.009226742234785755
2023-08-13T00:00:00Z,120496.89932670147,120496.89932670147,0.0,0.009226742234785755
2023-08-14T00:00:00Z,120496.89932670147,120496.89932670147,0.0,0.009226742234785755
2023-08-15T00:00:00Z,120496.89932670147,120496.89932670147,0.0,0.009226742234785755
2023-08-16T00:00:00Z,120496.89932670147,120496.89932670147,0.0,0.009226742234785755
2023-08-17T00:00:00Z,120496.89932670147,120496.89932670147,0.0,0.009226742234785755
2023-08-18T00:00:00Z,120496.89932670147,120496.89932670147,0.0,0.009226742234785755
2023-08-19T00:00:00Z,120496.89932670147,120496.89932670147,0.0,0.009226742234785755
2023-08-20T00:00:00Z,120496.89932670147,120496.89932670147,0.0,0.009226742234785755
2023-08-21T00:00:00Z,120496.89932670147,120496.89932670147,0.0,0.009226742234785755
2023-08-22T00:00:00Z,120496.89932670147,120496.89932670147,0.0,0.009226742234785755
2023-08-23T00:00:00Z,120496.89932670147,120496.89932670147,0.0,0.009226742234785755
2023-08-24T00:00:00Z,120496.89932670147,120496.89932670147,0.0,0.009226742234785755
2023-08-25T00:00:00Z,120496.89932670147,120496.89932670147,0.0,0.009226742234785755
2023-08-26T00:00:00Z,120496.89932670147,120496.89932670147,0.0,0.009226742234785755
2023-08-27T00:00:00Z,120496.89932670147,120496.89932670147,0.0,0.009226742234785755
2023-08-28T00:00:00Z,120496.89932670147,120496.89932670147,0.0,0.009226742234785755
2023-08-29T00:00:00Z,120496.89932670147,120496.89932670147,0.0,0.009226742234785755
2023-08-30T00:00:00Z,120496.89932670147,120496.89932670147,0.0,0.009226742234785755
2023-08-31T00:00:00Z,120496.89932670147,120496.89932670147,0.0,0.009226742234785755
2023-09-01T00:00:00Z,120496.89932670147,120496.89932670147,0.0,0.009226742234785755
2023-09-02T00:00:00Z,120496.89932670147,120496.89932670147,0.0,0.009226742234785755
2023-09-03T00:00:00Z,120496.89932670147,120496.89932670147,0.0,0.009226742234785755
2023-09-04T00:00:00Z,120496.89932670147,120496.89932670147,0.0,0.009226742234785755
2023-09-05T00:00:00Z,120496.89932670147,120496.89932670147,0.0,0.009226742234785755
2023-09-06T00:00:00Z,120496.89932670147,120496.89932670147,0.0,0.009226742234785755
2023-09-07T00:00:00Z,120496.89932670147,120496.89932670147,0.0,0.009226742234785755
2023-09-08T00:00:00Z,120496.89932670147,120496.89932670147,0.0,0.009226742234785755
2023-09-09T00:00:00Z,120496.89932670147,120496.89932670147,0.0,0.009226742234785755
2023-09-10T00:00:00Z,120496.89932670147,120496.89932670147,0.0,0.009226742234785755
2023-09-11T00:00:00Z,120496.89932670147,120496.89932670147,0.0,0.009226742234785755
2023-09-12T00:00:00Z,120496.89932670147,120496.89932670147,0.0,0.009226742234785755
2023-09-13T00:00:00Z,120496.89932670147,120496.89932670147,0.0,0.009226742234785755
2023-09-14T00:00:00Z,120496.89932670147,120496.89932670147,0.0,0.009226742234785755
2023-09-15T00:00:00Z,120496.89932670147,120496.89932670147,0.0,0.009226742234785755
2023-09-16T00:00:00Z,120496.89932670147,120496.89932670147,0.0,0.009226742234785755
2023-09-17T00:00:00Z,120496.89932670147,120496.89932670147,0.0,0.009226742234785755
2023-09-18T00:00:00Z,120496.89932670147,120496.89932670147,0.0,0.009226742234785755
2023-09-19T00:00:00Z,120496.89932670147,120496.89932670147,0.0,0.009226742234785755
2023-09-20T00:00:00Z,120496.89932670147,120496.89932670147,0.0,0.009226742234785755
2023-09-21T00:00:00Z,120496.89932670147,120496.89932670147,0.0,0.009226742234785755
2023-09-22T00:00:00Z,120496.89932670147,120496.89932670147,0.0,0.009226742234785755
2023-09-23T00:00:00Z,120496.89932670147,120496.89932670147,0.0,0.009226742234785755
2023-09-24T00:00:00Z,120496.89932670147,120496.89932670147,0.0,0.009226742234785755
2023-09-25T00:00:00Z,120496.89932670147,120496.89932670147,0.0,0.009226742234785755
2023-09-26T00:00:00Z,120496.89932670147,120496.89932670147,0.0,0.009226742234785755
2023-09-27T00:00:00Z,120496.89932670147,120496.89932670147,0.0,0.009226742234785755
2023-09-28T00:00:00Z,120496.89932670147,120496.89932670147,0.0,0.009226742234785755
2023-09-29T00:00:00Z,120496.89932670147,120496.89932670147,0.0,0.009226742234785755
2023-09-30T00:00:00Z,120496.89932670147,120496.89932670147,0.0,0.009226742234785755
2023-10-01T00:00:00Z,120496.89932670147,120496.89932670147,0.0,0.009226742234785755
2023-10-02T00:00:00Z,120496.89932670147,120496.89932670147,0.0,0.009226742234785755
2023-10-03T00:00:00Z,120496.89932670147,120496.89932670147,0.0,0.009226742234785755
2023-10-04T00:00:00Z,120496.89932670147,120496.89932670147,0.0,0.009226742234785755
2023-10-05T00:00:00Z,120496.89932670147,120496.89932670147,0.0,0.009226742234785755
2023-10-06T00:00:00Z,120496.89932670147,120496.89932670147,0.0,0.009226742234785755
2023-10-07T00:00:00Z,120496.89932670147,120496.89932670147,0.0,0.009226742234785755
2023-10-08T00:00:00Z,120496.89932670147,120496.89932670147,0.0,0.009226742234785755
2023-10-09T00:00:00Z,120496.89932670147,120496.89932670147,0.0,0.009226742234785755
2023-10-10T00:00:00Z,120496.89932670147,120496.89932670147,0.0,0.009226742234785755
2023-10-11T00:00:00Z,120496.89932670147,120496.89932670147,0.0,0.009226742234785755
2023-10-12T00:00:00Z,120496.89932670147,120496.89932670147,0.0,0.009226742234785755
2023-10-13T00:00:00Z,120496.89932670147,120496.89932670147,0.0,0.009226742234785755
2023-10-14T00:00:00Z,120496.89932670147,120496.89932670147,0.0,0.009226742234785755
2023-10-15T00:00:00Z,120496.89932670147,120496.89932670147,0.0,0.009226742234785755
2023-10-16T00:00:00Z,120496.89932670147,120496.89932670147,0.0,0.009226742234785755
2023-10-17T00:00:00Z,120496.89932670147,120496.89932670147,0.0,0.009226742234785755
2023-10-18T00:00:00Z,120496.89932670147,120496.89932670147,0.0,0.009226742234785755
2023-10-19T00:00:00Z,120496.89932670147,120496.89932670147,0.0,0.009226742234785755
2023-10-20T00:00:00Z,120496.89932670147,120496.89932670147,0.0,0.009226742234785755
2023-10-21T00:00:00Z,120496.89932670147,120496.89932670147,0.0,0.009226742234785755
2023-10-22T00:00:00Z,120496.89932670147,120496.89932670147,0.0,0.009226742234785755
2023-10-23T00:00:00Z,120496.89932670147,120496.89932670147,0.0,0.009226742234785755
2023-10-24T00:00:00Z,120496.89932670147,120496.89932670147,0.0,0.009226742234785755
2023-10-25T00:00:00Z,120911.38031070748,103455.42275706654,17455.957553640936,0.005818715330359334
2023-10-26T00:00:00Z,121203.11043517808,103455.42275706654,17747.687678111546,0.0034199946377519216
2023-10-27T00:00:00Z,121025.55123596326,103455.42275706654,17570.128478896717,0.004879956738314224
2023-10-28T00:00:00Z,120893.01211768526,103455.42275706654,17437.589360618713,0.005969745892486464
2023-10-29T00:00:00Z,120991.90194118305,103455.42275706654,17536.47918411651,0.005156634574816002
2023-10-30T00:00:00Z,121218.28863389393,103455.42275706654,17762.86587682739,0.0032951934729689644
2023-10-31T00:00:00Z,121192.5628733586,103455.42275706654,17737.140116292063,0.0035067208709060925
2023-11-01T00:00:00Z,121277.97239833589,103455.42275706654,17822.549641269346,0.0028044499097547512
2023-11-02T00:00:00Z,121680.42619615054,103455.42275706654,18225.003439084005,0.0
2023-11-03T00:00:00Z,121430.4747067893,103455.42275706654,17975.05194972277,0.0020541634934636947
2023-11-04T00:00:00Z,121317.38426347601,103455.42275706654,17861.96150640947,0.0029835688781144113
2023-11-05T00:00:00Z,121495.45797790153,103455.42275706654,18040.035220835,0.0015201148124747324
2023-11-06T00:00:00Z,121470.14382953478,103455.42275706654,18014.72107246824,0.0017281527784656643
2023-11-07T00:00:00Z,121484.03574022386,103455.42275706654,18028.61298315732,0.0016139856020071545
2023-11-08T00:00:00Z,121667.3575097986,103455.42275706654,18211.93475273206,0.0001074017141497341
2023-11-09T00:00:00Z,121785.6960082611,103455.42275706654,18330.27325119457,0.0
2023-11-10T00:00:00Z,122338.28534455993,103455.42275706654,18882.862587493397,0.0
2023-11-11T00:00:00Z,122648.33221053169,103455.42275706654,19192.90945346516,0.0
2023-11-12T00:00:00Z,122561.27623688015,103455.42275706654,19105.85347981361,0.0007098015283412638
2023-11-13T00:00:00Z,122525.15726908855,103455.42275706654,19069.734512022012,0.0010042936518019996
2023-11-14T00:00:00Z,122216.03653049606,103455.42275706654,18760.61377342952,0.0035246763836427647
2023-11-15T00:00:00Z,121747.15881897918,103455.42275706654,18291.736061912645,0.007347620430790727
2023-11-16T00:00:00Z,122932.1902522785,103455.42275706654,19476.76749521196,0.0
2023-11-17T00:00:00Z,122062.40228857909,103455.42275706654,18606.979531512545,0.007075347489656256
2023-11-18T00:00:00Z,122291.41300886456,103455.42275706654,18835.990251798026,0.005212444698975473
2023-11-19T00:00:00Z,122270.26643370453,103455.42275706654,18814.84367663799,0.005384462907685795
2023-11-20T00:00:00Z,122673.33764977203,103455.42275706654,19217.914892705496,0.0021056535474984444
2023-11-21T00:00:00Z,122722.52530391558,103455.42275706654,19267.10254684904,0.0017055333345370803
2023-11-22T00:00:00Z,121846.25444856126,103455.42275706654,18390.831691494725,0.00883361633343312
2023-11-23T00:00:00Z,122701.73888940303,103455.42275706654,19246.316132336495,0.0018746217927341738
2023-11-24T00:00:00Z,122673.08453584065,122673.08453584065,0.0,0.0021077125194476154
2023-11-25T00:00:00Z,122673.08453584065,122673.08453584065,0.0,0.0021077125194476154
2023-11-26T00:00:00Z,122673.08453584065,122673.08453584065,0.0,0.0021077125194476154
2023-11-27T00:00:00Z,122673.08453584065,122673.08453584065,0.0,0.0021077125194476154
2023-11-28T00:00:00Z,122673.08453584065,122673.08453584065,0.0,0.0021077125194476154
2023-11-29T00:00:00Z,122673.08453584065,122673.08453584065,0.0,0.0021077125194476154
2023-11-30T00:00:00Z,122673.08453584065,122673.08453584065,0.0,0.0021077125194476154
2023-12-01T00:00:00Z,122673.08453584065,122673.08453584065,0.0,0.0021077125194476154
2023-12-02T00:00:00Z,122673.08453584065,122673.08453584065,0.0,0.0021077125194476154
2023-12-03T00:00:00Z,123075.02569072672,100870.20270539296,22204.82298533375,0.0
2023-12-04T00:00:00Z,123367.40917337393,100870.20270539296,22497.206467980974,0.0
2023-12-05T00:00:00Z,124500.13486572389,100870.20270539296,23629.932160330925,0.0
2023-12-06T00:00:00Z,125674.22761481027,100870.20270539296,24804.0249094173,0.0
2023-12-07T00:00:00Z,125500.9925119059,100870.20270539296,24630.78980651294,0.001378445733800943
2023-12-08T00:00:00Z,125227.63224718644,100870.20270539296,24357.429541793485,0.0035535954833367765
2023-12-09T00:00:00Z,125728.65202823083,100870.20270539296,24858.449322837874,0.0
2023-12-10T00:00:00Z,125472.45768501425,100870.20270539296,24602.254979621284,0.002037676687721594
2023-12-11T00:00:00Z,125512.58654413407,100870.20270539296,24642.38383874111,0.00171850632780384
2023-12-12T00:00:00Z,124086.57686177937,100870.20270539296,23216.374156386406,0.013060469033603894
2023-12-13T00:00:00Z,124221.48412027897,100870.20270539296,23351.281414885998,0.011987465733852369
2023-12-14T00:00:00Z,124997.44005391847,100870.20270539296,24127.23734852551,0.005815794272161428
2023-12-15T00:00:00Z,125084.17016879036,100870.20270539296,24213.967463397385,0.0051259744620165675
2023-12-16T00:00:00Z,124473.79502551621,100870.20270539296,23603.592320123247,0.009980676500316386
2023-12-17T00:00:00Z,124663.12669743637,100870.20270539296,23792.92399204341,0.00847480119770325
2023-12-18T00:00:00Z,124156.08477343853,100870.20270539296,23285.882068045565,0.012507628368108183
2023-12-19T00:00:00Z,124877.61629365747,100870.20270539296,24007.413588264502,0.006768828909278968
2023-12-20T00:00:00Z,124659.6935131358,100870.20270539296,23789.490807742837,0.008502107497780284
2023-12-21T00:00:00Z,124624.13356630044,124624.13356630044,0.0,0.008784938390036861
2023-12-22T00:00:00Z,124624.13356630044,124624.13356630044,0.0,0.008784938390036861
2023-12-23T00:00:00Z,124624.13356630044,124624.13356630044,0.0,0.008784938390036861
2023-12-24T00:00:00Z,124624.13356630044,124624.13356630044,0.0,0.008784938390036861
2023-12-25T00:00:00Z,124624.13356630044,124624.13356630044,0.0,0.008784938390036861
2023-12-26T00:00:00Z,124624.13356630044,124624.13356630044,0.0,0.008784938390036861
2023-12-27T00:00:00Z,124624.13356630044,124624.13356630044,0.0,0.008784938390036861
2023-12-28T00:00:00Z,124624.13356630044,124624.13356630044,0.0,0.008784938390036861
2023-12-29T00:00:00Z,124624.13356630044,124624.13356630044,0.0,0.008784938390036861
2023-12-30T00:00:00Z,124624.13356630044,124624.13356630044,0.0,0.008784938390036861
2023-12-31T00:00:00Z,124624.13356630044,124624.13356630044,0.0,0.008784938390036861
2024-01-01T00:00:00Z,124624.13356630044,124624.13356630044,0.0,0.008784938390036861
2024-01-02T00:00:00Z,124624.13356630044,124624.13356630044,0.0,0.008784938390036861
2024-01-03T00:00:00Z,124624.13356630044,124624.13356630044,0.0,0.008784938390036861
2024-01-04T00:00:00Z,123330.68990518773,123330.68990518773,0.0,0.019072519146269656
2024-01-05T00:00:00Z,123330.68990518773,123330.68990518773,0.0,0.019072519146269656
2024-01-06T00:00:00Z,123330.68990518773,123330.68990518773,0.0,0.019072519146269656
2024-01-07T00:00:00Z,123330.68990518773,123330.68990518773,0.0,0.019072519146269656
2024-01-08T00:00:00Z,123330.68990518773,123330.68990518773,0.0,0.019072519146269656
2024-01-09T00:00:00Z,123330.68990518773,123330.68990518773,0.0,0.019072519146269656
2024-01-10T00:00:00Z,123046.75509295493,108543.56577493958,14503.18931801535,0.021330833441797453
2024-01-11T00:00:00Z,123212.80486136713,108543.56577493958,14669.239086427559,0.02001013393747993
2024-01-12T00:00:00Z,123116.98030751258,108543.56577493958,14573.414532573011,0.02077228760976323
2024-01-13T00:00:00Z,122062.3088565607,122062.3088565607,0.0,0.029160760992227117
2024-01-14T00:00:00Z,122062.3088565607,122062.3088565607,0.0,0.029160760992227117
2024-01-15T00:00:00Z,122062.3088565607,122062.3088565607,0.0,0.029160760992227117
2024-01-16T00:00:00Z,122062.3088565607,122062.3088565607,0.0,0.029160760992227117
2024-01-17T00:00:00Z,122062.3088565607,122062.3088565607,0.0,0.029160760992227117
2024-01-18T00:00:00Z,122062.3088565607,122062.3088565607,0.0,0.029160760992227117
2024-01-19T00:00:00Z,122062.3088565607,122062.3088565607,0.0,0.029160760992227117
2024-01-20T00:00:00Z,122062.3088565607,122062.3088565607,0.0,0.029160760992227117
2024-01-21T00:00:00Z,122062.3088565607,122062.3088565607,0.0,0.029160760992227117
2024-01-22T00:00:00Z,122062.3088565607,122062.3088565607,0.0,0.029160760992227117
2024-01-23T00:00:00Z,122062.3088565607,122062.3088565607,0.0,0.029160760992227117
2024-01-24T00:00:00Z,122062.3088565607,122062.3088565607,0.0,0.029160760992227117
2024-01-25T00:00:00Z,122062.3088565607,122062.3088565607,0.0,0.029160760992227117
2024-01-26T00:00:00Z,122062.3088565607,122062.3088565607,0.0,0.029160760992227117
2024-01-27T00:00:00Z,122062.3088565607,122062.3088565607,0.0,0.029160760992227117
2024-01-28T00:00:00Z,122062.3088565607,122062.3088565607,0.0,0.029160760992227117
2024-01-29T00:00:00Z,122062.3088565607,122062.3088565607,0.0,0.029160760992227117
2024-01-30T00:00:00Z,122062.3088565607,122062.3088565607,0.0,0.029160760992227117
2024-01-31T00:00:00Z,122062.3088565607,122062.3088565607,0.0,0.029160760992227117
2024-02-01T00:00:00Z,122062.3088565607,122062.3088565607,0.0,0.029160760992227117
2024-02-02T00:00:00Z,122062.3088565607,122062.3088565607,0.0,0.029160760992227117
2024-02-03T00:00:00Z,122062.3088565607,122062.3088565607,0.0,0.029160760992227117
2024-02-04T00:00:00Z,122062.3088565607,122062.3088565607,0.0,0.029160760992227117
2024-02-05T00:00:00Z,122062.3088565607,122062.3088565607,0.0,0.029160760992227117
2024-02-06T00:00:00Z,122062.3088565607,122062.3088565607,0.0,0.029160760992227117
2024-02-07T00:00:00Z,122062.3088565607,122062.3088565607,0.0,0.029160760992227117
2024-02-08T00:00:00Z,122062.3088565607,122062.3088565607,0.0,0.029160760992227117
2024-02-09T00:00:00Z,122506.48936402291,99664.32273827924,22842.166625743666,0.025627910680887787
2024-02-10T00:00:00Z,123438.10937379161,99664.32273827924,23773.786635512373,0.018218143736440533
2024-02-11T00:00:00Z,123747.9432604252,99664.32273827924,24083.62052214597,0.015753837616591028
2024-02-12T00:00:00Z,124024.18617058184,99664.32273827924,24359.863432302605,0.01355670191442339
2024-02-13T00:00:00Z,124844.39106467846,99664.32273827924,25180.068326399232,0.007033090304299289
2024-02-14T00:00:00Z,124728.63837546732,99664.32273827924,25064.31563718808,0.007953745121986815
2024-02-15T00:00:00Z,125786.60282378676,99664.32273827924,26122.280085507522,0.0
2024-02-16T00:00:00Z,125831.18904481624,99664.32273827924,26166.866306537002,0.0
2024-02-17T00:00:00Z,125952.59066700851,99664.32273827924,26288.267928729263,0.0
2024-02-18T00:00:00Z,125712.00664629514,99664.32273827924,26047.68390801589,0.001910115698607785
2024-02-19T00:00:00Z,125958.59265830094,99664.32273827924,26294.269920021696,0.0
2024-02-20T00:00:00Z,125779.08772544582,99664.32273827924,26114.764987166578,0.0014251106579293395
2024-02-21T00:00:00Z,126024.56412561605,99664.32273827924,26360.24138733681,0.0
2024-02-22T00:00:00Z,125818.02501349419,99664.32273827924,26153.70227521495,0.0016388797974019311
2024-02-23T00:00:00Z,125533.20783006266,99664.32273827924,25868.885091783413,0.0038988930369449385
2024-02-24T00:00:00Z,125259.13370667555,99664.32273827924,25594.810968396312,0.006073660514132345
2024-02-25T00:00:00Z,125670.64838696914,99664.32273827924,26006.3256486899,0.002808307579577367
2024-02-26T00:00:00Z,125753.26403181789,99664.32273827924,26088.941293538646,0.002152755660616571
2024-02-27T00:00:00Z,127138.36222402558,99664.32273827924,27474.039485746336,0.0
2024-02-28T00:00:00Z,128429.39559471745,99664.32273827924,28765.07285643821,0.0
2024-02-29T00:00:00Z,131151.92910710472,99664.32273827924,31487.606368825473,0.0
2024-03-01T00:00:00Z,130503.05836780125,99664.32273827924,30838.735629522,0.0049474738474763365
2024-03-02T00:00:00Z,131127.71939432854,99664.32273827924,31463.396656049285,0.00018459288354355852
2024-03-03T00:00:00Z,130926.12309856513,99664.32273827924,31261.8003602859,0.0017217132075516858
2024-03-04T00:00:00Z,131493.0843096425,99664.32273827924,31828.761571363266,0.0
2024-03-05T00:00:00Z,134086.75153839818,99664.32273827924,34422.42880011894,0.0
2024-03-06T00:00:00Z,131799.74067147422,99664.32273827924,32135.417933194985,0.01705620309750758
2024-03-07T00:00:00Z,132990.05154963685,99664.32273827924,33325.7288113576,0.008179033172022775
2024-03-08T00:00:00Z,133366.3612726017,99664.32273827924,33702.03853432248,0.005372568561258509
2024-03-09T00:00:00Z,134024.00803278654,99664.32273827924,34359.68529450732,0.000467932177428205
2024-03-10T00:00:00Z,133972.43532341596,133972.43532341596,0.0,0.0008525541387993127
2024-03-11T00:00:00Z,133972.43532341596,133972.43532341596,0.0,0.0008525541387993127
2024-03-12T00:00:00Z,133972.43532341596,133972.43532341596,0.0,0.0008525541387993127
2024-03-13T00:00:00Z,133843.8426677542,121571.5154539778,12272.327213776396,0.0018115799499731555
2024-03-14T00:00:00Z,134123.48683761773,121571.5154539778,12551.97138363993,0.0
2024-03-15T00:00:00Z,133833.17630638296,121571.5154539778,12261.66085240515,0.0021645018190307925
2024-03-16T00:00:00Z,133507.55170271778,121571.5154539778,11936.036248739969,0.004592298854007993
2024-03-17T00:00:00Z,132788.9206344222,121571.5154539778,11217.40518044439,0.009950279661393627
2024-03-18T00:00:00Z,133319.2500606679,121571.5154539778,11747.734606690101,0.005996241194679952
2024-03-19T00:00:00Z,133185.29361568505,121571.5154539778,11613.778161707254,0.006994995761395227
2024-03-20T00:00:00Z,132603.7547527699,132603.7547527699,0.0,0.011330842350436125
2024-03-21T00:00:00Z,132603.7547527699,132603.7547527699,0.0,0.011330842350436125
2024-03-22T00:00:00Z,132603.7547527699,132603.7547527699,0.0,0.011330842350436125
2024-03-23T00:00:00Z,132603.7547527699,132603.7547527699,0.0,0.011330842350436125
2024-03-24T00:00:00Z,132603.7547527699,132603.7547527699,0.0,0.011330842350436125
2024-03-25T00:00:00Z,132603.7547527699,132603.7547527699,0.0,0.011330842350436125
2024-03-26T00:00:00Z,132603.7547527699,132603.7547527699,0.0,0.011330842350436125
2024-03-27T00:00:00Z,132603.7547527699,132603.7547527699,0.0,0.011330842350436125
2024-03-28T00:00:00Z,132603.7547527699,132603.7547527699,0.0,0.011330842350436125
2024-03-29T00:00:00Z,132603.7547527699,132603.7547527699,0.0,0.011330842350436125
2024-03-30T00:00:00Z,132603.7547527699,132603.7547527699,0.0,0.011330842350436125
2024-03-31T00:00:00Z,132603.7547527699,132603.7547527699,0.0,0.011330842350436125
2024-04-01T00:00:00Z,132603.7547527699,132603.7547527699,0.0,0.011330842350436125
2024-04-02T00:00:00Z,132603.7547527699,132603.7547527699,0.0,0.011330842350436125
2024-04-03T00:00:00Z,132603.7547527699,132603.7547527699,0.0,0.011330842350436125
2024-04-04T00:00:00Z,132603.7547527699,132603.7547527699,0.0,0.011330842350436125
2024-04-05T00:00:00Z,132603.7547527699,132603.7547527699,0.0,0.011330842350436125
2024-04-06T00:00:00Z,132603.7547527699,132603.7547527699,0.0,0.011330842350436125
2024-04-07T00:00:00Z,132603.7547527699,132603.7547527699,0.0,0.011330842350436125
2024-04-08T00:00:00Z,132603.7547527699,132603.7547527699,0.0,0.011330842350436125
2024-04-09T00:00:00Z,132603.7547527699,132603.7547527699,0.0,0.011330842350436125
2024-04-10T00:00:00Z,132603.7547527699,132603.7547527699,0.0,0.011330842350436125
2024-04-11T00:00:00Z,132603.7547527699,132603.7547527699,0.0,0.011330842350436125
2024-04-12T00:00:00Z,132603.7547527699,132603.7547527699,0.0,0.011330842350436125
2024-04-13T00:00:00Z,132603.7547527699,132603.7547527699,0.0,0.011330842350436125
2024-04-14T00:00:00Z,132603.7547527699,132603.7547527699,0.0,0.011330842350436125
2024-04-15T00:00:00Z,132603.7547527699,132603.7547527699,0.0,0.011330842350436125
2024-04-16T00:00:00Z,132603.7547527699,132603.7547527699,0.0,0.011330842350436125
2024-04-17T00:00:00Z,132603.7547527699,132603.7547527699,0.0,0.011330842350436125
2024-04-18T00:00:00Z,132603.7547527699,132603.7547527699,0.0,0.011330842350436125
2024-04-19T00:00:00Z,132603.7547527699,132603.7547527699,0.0,0.011330842350436125
2024-04-20T00:00:00Z,132603.7547527699,132603.7547527699,0.0,0.011330842350436125
2024-04-21T00:00:00Z,132603.7547527699,132603.7547527699,0.0,0.011330842350436125
2024-04-22T00:00:00Z,132603.7547527699,132603.7547527699,0.0,0.011330842350436125
2024-04-23T00:00:00Z,132603.7547527699,132603.7547527699,0.0,0.011330842350436125
2024-04-24T00:00:00Z,132603.7547527699,132603.7547527699,0.0,0.011330842350436125
2024-04-25T00:00:00Z,132603.7547527699,132603.7547527699,0.0,0.011330842350436125
2024-04-26T00:00:00Z,132603.7547527699,132603.7547527699,0.0,0.011330842350436125
2024-04-27T00:00:00Z,132603.7547527699,132603.7547527699,0.0,0.011330842350436125
2024-04-28T00:00:00Z,132603.7547527699,132603.7547527699,0.0,0.011330842350436125
2024-04-29T00:00:00Z,132603.7547527699,132603.7547527699,0.0,0.011330842350436125
2024-04-30T00:00:00Z,132603.7547527699,132603.7547527699,0.0,0.011330842350436125
2024-05-01T00:00:00Z,132603.7547527699,132603.7547527699,0.0,0.011330842350436125
2024-05-02T00:00:00Z,132603.7547527699,132603.7547527699,0.0,0.011330842350436125
2024-05-03T00:00:00Z,132603.7547527699,132603.7547527699,0.0,0.011330842350436125
2024-05-04T00:00:00Z,132603.7547527699,132603.7547527699,0.0,0.011330842350436125
2024-05-05T00:00:00Z,132603.7547527699,132603.7547527699,0.0,0.011330842350436125
2024-05-06T00:00:00Z,132603.7547527699,132603.7547527699,0.0,0.011330842350436125
2024-05-07T00:00:00Z,132603.7547527699,132603.7547527699,0.0,0.011330842350436125
2024-05-08T00:00:00Z,132603.7547527699,132603.7547527699,0.0,0.011330842350436125
2024-05-09T00:00:00Z,132603.7547527699,132603.7547527699,0.0,0.011330842350436125
2024-05-10T00:00:00Z,132603.7547527699,132603.7547527699,0.0,0.011330842350436125
2024-05-11T00:00:00Z,132603.7547527699,132603.7547527699,0.0,0.011330842350436125
2024-05-12T00:00:00Z,132603.7547527699,132603.7547527699,0.0,0.011330842350436125
2024-05-13T00:00:00Z,132603.7547527699,132603.7547527699,0.0,0.011330842350436125
2024-05-14T00:00:00Z,132603.7547527699,132603.7547527699,0.0,0.011330842350436125
2024-05-15T00:00:00Z,132603.7547527699,132603.7547527699,0.0,0.011330842350436125
2024-05-16T00:00:00Z,132603.7547527699,132603.7547527699,0.0,0.011330842350436125
2024-05-17T00:00:00Z,132330.73550223207,115722.81951857771,16607.915983654344,0.013366423567231988
2024-05-18T00:00:00Z,132784.23618562956,115722.81951857771,17061.416667051857,0.009985206048285877
2024-05-19T00:00:00Z,132757.48030720526,115722.81951857771,17034.66078862754,0.010184692946927977
2024-05-20T00:00:00Z,132593.38098054193,115722.81951857771,16870.56146196422,0.011408187284366463
2024-05-21T00:00:00Z,133899.81120792453,115722.81951857771,18176.991689346814,0.001667684273403973
2024-05-22T00:00:00Z,133579.9880864738,115722.81951857771,17857.168567896104,0.004052226526155964
2024-05-23T00:00:00Z,133331.29334210925,115722.81951857771,17608.47382353154,0.0059064487077314775
2024-05-24T00:00:00Z,133026.59200161387,115722.81951857771,17303.77248303616,0.008178245748500896
2024-05-25T00:00:00Z,133178.03892906036,115722.81951857771,17455.21941048265,0.007049085367889487
2024-05-26T00:00:00Z,133363.52259242817,115722.81951857771,17640.703073850465,0.005666153356940729
2024-05-27T00:00:00Z,133162.12796425048,115722.81951857771,17439.308445672756,0.00716771458925133
2024-05-28T00:00:00Z,133397.86481887384,115722.81951857771,17675.045300296137,0.005410104045553136
2024-05-29T00:00:00Z,133137.07774125377,115722.81951857771,17414.25822267606,0.00735448443536365
2024-05-30T00:00:00Z,132945.8661305544,115722.81951857771,17223.04661197668,0.008780122966002672
2024-05-31T00:00:00Z,133123.81436098824,115722.81951857771,17400.99484241053,0.007453373754290995
2024-06-01T00:00:00Z,132915.9280591681,115722.81951857771,17193.108540590383,0.009003335708917358
2024-06-02T00:00:00Z,132973.2839051148,115722.81951857771,17250.46438653709,0.008575701091751892
2024-06-03T00:00:00Z,132974.98956054242,115722.81951857771,17252.17004196471,0.008562984039221894
2024-06-04T00:00:00Z,133239.82438761013,115722.81951857771,17517.004869032426,0.0065884243754969095
2024-06-05T00:00:00Z,133213.58305817912,133213.58305817912,0.0,0.0067840748916722015
2024-06-06T00:00:00Z,133213.58305817912,133213.58305817912,0.0,0.0067840748916722015
2024-06-07T00:00:00Z,133213.58305817912,133213.58305817912,0.0,0.0067840748916722015
2024-06-08T00:00:00Z,133213.58305817912,133213.58305817912,0.0,0.0067840748916722015
2024-06-09T00:00:00Z,133213.58305817912,133213.58305817912,0.0,0.0067840748916722015
2024-06-10T00:00:00Z,133213.58305817912,133213.58305817912,0.0,0.0067840748916722015
2024-06-11T00:00:00Z,133213.58305817912,133213.58305817912,0.0,0.0067840748916722015
2024-06-12T00:00:00Z,133213.58305817912,133213.58305817912,0.0,0.0067840748916722015
2024-06-13T00:00:00Z,133213.58305817912,133213.58305817912,0.0,0.0067840748916722015
2024-06-14T00:00:00Z,133213.58305817912,133213.58305817912,0.0,0.0067840748916722015
2024-06-15T00:00:00Z,133213.58305817912,133213.58305817912,0.0,0.0067840748916722015
2024-06-16T00:00:00Z,133213.58305817912,133213.58305817912,0.0,0.0067840748916722015
2024-06-17T00:00:00Z,133213.58305817912,133213.58305817912,0.0,0.0067840748916722015
2024-06-18T00:00:00Z,133213.58305817912,133213.58305817912,0.0,0.0067840748916722015
2024-06-19T00:00:00Z,133213.58305817912,133213.58305817912,0.0,0.0067840748916722015
2024-06-20T00:00:00Z,133213.58305817912,133213.58305817912,0.0,0.0067840748916722015
2024-06-21T00:00:00Z,133213.58305817912,133213.58305817912,0.0,0.0067840748916722015
2024-06-22T00:00:00Z,133213.58305817912,133213.58305817912,0.0,0.0067840748916722015
2024-06-23T00:00:00Z,133213.58305817912,133213.58305817912,0.0,0.0067840748916722015
2024-06-24T00:00:00Z,133213.58305817912,133213.58305817912,0.0,0.0067840748916722015
2024-06-25T00:00:00Z,133213.58305817912,133213.58305817912,0.0,0.0067840748916722015
2024-06-26T00:00:00Z,133213.58305817912,133213.58305817912,0.0,0.0067840748916722015
2024-06-27T00:00:00Z,133213.58305817912,133213.58305817912,0.0,0.0067840748916722015
2024-06-28T00:00:00Z,133213.58305817912,133213.58305817912,0.0,0.0067840748916722015
2024-06-29T00:00:00Z,133213.58305817912,133213.58305817912,0.0,0.0067840748916722015
2024-06-30T00:00:00Z,133213.58305817912,133213.58305817912,0.0,0.0067840748916722015
2024-07-01T00:00:00Z,133213.58305817912,133213.58305817912,0.0,0.0067840748916722015
2024-07-02T00:00:00Z,133213.58305817912,133213.58305817912,0.0,0.0067840748916722015
2024-07-03T00:00:00Z,133213.58305817912,133213.58305817912,0.0,0.0067840748916722015
2024-07-04T00:00:00Z,133213.58305817912,133213.58305817912,0.0,0.0067840748916722015
2024-07-05T00:00:00Z,133213.58305817912,133213.58305817912,0.0,0.0067840748916722015
2024-07-06T00:00:00Z,133213.58305817912,133213.58305817912,0.0,0.0067840748916722015
2024-07-07T00:00:00Z,133213.58305817912,133213.58305817912,0.0,0.0067840748916722015
2024-07-08T00:00:00Z,133213.58305817912,133213.58305817912,0.0,0.0067840748916722015
2024-07-09T00:00:00Z,133213.58305817912,133213.58305817912,0.0,0.0067840748916722015
2024-07-10T00:00:00Z,133213.58305817912,133213.58305817912,0.0,0.0067840748916722015
2024-07-11T00:00:00Z,133213.58305817912,133213.58305817912,0.0,0.0067840748916722015
2024-07-12T00:00:00Z,133213.58305817912,133213.58305817912,0.0,0.0067840748916722015
2024-07-13T00:00:00Z,133213.58305817912,133213.58305817912,0.0,0.0067840748916722015
2024-07-14T00:00:00Z,133213.58305817912,133213.58305817912,0.0,0.0067840748916722015
2024-07-15T00:00:00Z,133213.58305817912,133213.58305817912,0.0,0.0067840748916722015
2024-07-16T00:00:00Z,133213.58305817912,133213.58305817912,0.0,0.0067840748916722015
2024-07-17T00:00:00Z,133269.51702363626,117572.307805161,15697.209218475266,0.0063670415533959865
2024-07-18T00:00:00Z,133036.47903446693,117572.307805161,15464.171229305914,0.008104529853647735
2024-07-19T00:00:00Z,133013.60236327167,117572.307805161,15441.294558110661,0.008275094098096283
2024-07-20T00:00:00Z,133656.77949129598,117572.307805161,16084.47168613497,0.003479683963829482
2024-07-21T00:00:00Z,133769.95627178726,117572.307805161,16197.648466626248,0.0026358587460411625
2024-07-22T00:00:00Z,134022.9992824976,117572.307805161,16450.691477336597,0.0007492166919415077
2024-07-23T00:00:00Z,133869.98137949224,117572.307805161,16297.673574331224,0.0018900899768018442
2024-07-24T00:00:00Z,133483.6117776914,117572.307805161,15911.303972530408,0.0047707905230723775
2024-07-25T00:00:00Z,133350.96086887253,117572.307805161,15778.653063711525,0.005759811252748719
2024-07-26T00:00:00Z,133449.87592713133,117572.307805161,15877.56812197032,0.005022318807607025
2024-07-27T00:00:00Z,133960.57106690464,117572.307805161,16388.263261743647,0.001214669962393203
2024-07-28T00:00:00Z,133961.39153823443,117572.307805161,16389.083733073432,0.0012085526793644485
2024-07-29T00:00:00Z,134041.31509835963,117572.307805161,16469.007293198618,0.0006126573443291824
2024-07-30T00:00:00Z,133687.9574018279,117572.307805161,16115.649596666897,0.003247227208737243
2024-07-31T00:00:00Z,133544.90581232848,117572.307805161,15972.598007167475,0.004313793496807452
2024-08-01T00:00:00Z,133169.3471268731,117572.307805161,15597.03932171209,0.007113889843169741
2024-08-02T00:00:00Z,133342.32178840006,117572.307805161,15770.013983239058,0.00582422264463957
2024-08-03T00:00:00Z,132411.69011683372,117572.307805161,14839.382311672724,0.01276284088003521
2024-08-04T00:00:00Z,132389.4384630574,132389.4384630574,0.0,0.012928745109793785
2024-08-05T00:00:00Z,132389.4384630574,132389.4384630574,0.0,0.012928745109793785
2024-08-06T00:00:00Z,132389.4384630574,132389.4384630574,0.0,0.012928745109793785
2024-08-07T00:00:00Z,132389.4384630574,132389.4384630574,0.0,0.012928745109793785
2024-08-08T00:00:00Z,132389.4384630574,132389.4384630574,0.0,0.012928745109793785
2024-08-09T00:00:00Z,132389.4384630574,132389.4384630574,0.0,0.012928745109793785
2024-08-10T00:00:00Z,132389.4384630574,132389.4384630574,0.0,0.012928745109793785
2024-08-11T00:00:00Z,132389.4384630574,132389.4384630574,0.0,0.012928745109793785
2024-08-12T00:00:00Z,132389.4384630574,132389.4384630574,0.0,0.012928745109793785
2024-08-13T00:00:00Z,132389.4384630574,132389.4384630574,0.0,0.012928745109793785
2024-08-14T00:00:00Z,132389.4384630574,132389.4384630574,0.0,0.012928745109793785
2024-08-15T00:00:00Z,132389.4384630574,132389.4384630574,0.0,0.012928745109793785
2024-08-16T00:00:00Z,132389.4384630574,132389.4384630574,0.0,0.012928745109793785
2024-08-17T00:00:00Z,132389.4384630574,132389.4384630574,0.0,0.012928745109793785
2024-08-18T00:00:00Z,132389.4384630574,132389.4384630574,0.0,0.012928745109793785
2024-08-19T00:00:00Z,132389.4384630574,132389.4384630574,0.0,0.012928745109793785
2024-08-20T00:00:00Z,132389.4384630574,132389.4384630574,0.0,0.012928745109793785
2024-08-21T00:00:00Z,132389.4384630574,132389.4384630574,0.0,0.012928745109793785
2024-08-22T00:00:00Z,132389.4384630574,132389.4384630574,0.0,0.012928745109793785
2024-08-23T00:00:00Z,132389.4384630574,132389.4384630574,0.0,0.012928745109793785
2024-08-24T00:00:00Z,132389.4384630574,132389.4384630574,0.0,0.012928745109793785
2024-08-25T00:00:00Z,132392.9101029074,116716.24583788711,15676.664265020281,0.01290286120286699
2024-08-26T00:00:00Z,132409.844955881,116716.24583788711,15693.59911799389,0.012776598060050557
2024-08-27T00:00:00Z,132070.0482306313,116716.24583788711,15353.802392744195,0.015310059821755968
2024-08-28T00:00:00Z,131028.39324909891,131028.39324909891,0.0,0.023076447395570833
2024-08-29T00:00:00Z,131028.39324909891,131028.39324909891,0.0,0.023076447395570833
2024-08-30T00:00:00Z,131028.39324909891,131028.39324909891,0.0,0.023076447395570833
2024-08-31T00:00:00Z,131028.39324909891,131028.39324909891,0.0,0.023076447395570833
2024-09-01T00:00:00Z,131028.39324909891,131028.39324909891,0.0,0.023076447395570833
2024-09-02T00:00:00Z,131028.39324909891,131028.39324909891,0.0,0.023076447395570833
2024-09-03T00:00:00Z,131028.39324909891,131028.39324909891,0.0,0.023076447395570833
2024-09-04T00:00:00Z,131028.39324909891,131028.39324909891,0.0,0.023076447395570833
2024-09-05T00:00:00Z,131028.39324909891,131028.39324909891,0.0,0.023076447395570833
2024-09-06T00:00:00Z,131028.39324909891,131028.39324909891,0.0,0.023076447395570833
2024-09-07T00:00:00Z,131028.39324909891,131028.39324909891,0.0,0.023076447395570833
2024-09-08T00:00:00Z,131028.39324909891,131028.39324909891,0.0,0.023076447395570833
2024-09-09T00:00:00Z,131028.39324909891,131028.39324909891,0.0,0.023076447395570833
2024-09-10T00:00:00Z,131028.39324909891,131028.39324909891,0.0,0.023076447395570833
2024-09-11T00:00:00Z,131028.39324909891,131028.39324909891,0.0,0.023076447395570833
2024-09-12T00:00:00Z,131028.39324909891,131028.39324909891,0.0,0.023076447395570833
2024-09-13T00:00:00Z,131028.39324909891,131028.39324909891,0.0,0.023076447395570833
2024-09-14T00:00:00Z,131028.39324909891,131028.39324909891,0.0,0.023076447395570833
2024-09-15T00:00:00Z,131028.39324909891,131028.39324909891,0.0,0.023076447395570833
2024-09-16T00:00:00Z,131028.39324909891,131028.39324909891,0.0,0.023076447395570833
2024-09-17T00:00:00Z,131028.39324909891,131028.39324909891,0.0,0.023076447395570833
2024-09-18T00:00:00Z,131028.39324909891,131028.39324909891,0.0,0.023076447395570833
2024-09-19T00:00:00Z,131028.39324909891,131028.39324909891,0.0,0.023076447395570833
2024-09-20T00:00:00Z,131336.13305954193,113770.2115691672,17565.92149037473,0.020781996082836953
2024-09-21T00:00:00Z,131407.31714371286,113770.2115691672,17637.105574545672,0.020251260669902776
2024-09-22T00:00:00Z,131445.82519395038,113770.2115691672,17675.61362478319,0.019964151744050425
2024-09-23T00:00:00Z,131510.6749829011,113770.2115691672,17740.463413733905,0.019480643668919332
2024-09-24T00:00:00Z,131442.44876345855,113770.2115691672,17672.23719429135,0.01998932578754899
2024-09-25T00:00:00Z,131704.2756006894,113770.2115691672,17934.064031522226,0.018037193141699694
2024-09-26T00:00:00Z,131393.0580033713,113770.2115691672,17622.8464342041,0.02035757419244663
2024-09-27T00:00:00Z,131954.2430746225,113770.2115691672,18184.031505455318,0.016173481723014846
2024-09-28T00:00:00Z,132123.1483123672,113770.2115691672,18352.936743200014,0.014914155398243705
2024-09-29T00:00:00Z,132142.73719009673,113770.2115691672,18372.525620929533,0.01476810433596231
2024-09-30T00:00:00Z,132074.92953641762,113770.2115691672,18304.71796725043,0.015273665705397921
2024-10-01T00:00:00Z,131442.05810207932,113770.2115691672,17671.846532912128,0.019992238486796873
2024-10-02T00:00:00Z,130740.541882535,113770.2115691672,16970.33031336782,0.025222614136019533
2024-10-03T00:00:00Z,130714.70479664764,130714.70479664764,0.0,0.025415250686832206
2024-10-04T00:00:00Z,130714.70479664764,130714.70479664764,0.0,0.025415250686832206
2024-10-05T00:00:00Z,130714.70479664764,130714.70479664764,0.0,0.025415250686832206
2024-10-06T00:00:00Z,130714.70479664764,130714.70479664764,0.0,0.025415250686832206
2024-10-07T00:00:00Z,130714.70479664764,130714.70479664764,0.0,0.025415250686832206
2024-10-08T00:00:00Z,130714.70479664764,130714.70479664764,0.0,0.025415250686832206
2024-10-09T00:00:00Z,130714.70479664764,130714.70479664764,0.0,0.025415250686832206
2024-10-10T00:00:00Z,130714.70479664764,130714.70479664764,0.0,0.025415250686832206
2024-10-11T00:00:00Z,130714.70479664764,130714.70479664764,0.0,0.025415250686832206
2024-10-12T00:00:00Z,130714.70479664764,130714.70479664764,0.0,0.025415250686832206
2024-10-13T00:00:00Z,130714.70479664764,130714.70479664764,0.0,0.025415250686832206
2024-10-14T00:00:00Z,130714.70479664764,130714.70479664764,0.0,0.025415250686832206
2024-10-15T00:00:00Z,130714.70479664764,130714.70479664764,0.0,0.025415250686832206
2024-10-16T00:00:00Z,130714.70479664764,130714.70479664764,0.0,0.025415250686832206
2024-10-17T00:00:00Z,130854.7005075465,109623.19054267858,21231.509964867913,0.024371468466434433
2024-10-18T00:00:00Z,130793.8804401653,109623.19054267858,21170.68989748672,0.024824931680187814
2024-10-19T00:00:00Z,131108.56227562958,109623.19054267858,21485.371732951,0.02247872190825385
2024-10-20T00:00:00Z,131093.27091124412,109623.19054267858,21470.080368565537,0.02259273150303846
2024-10-21T00:00:00Z,131299.40603894548,109623.19054267858,21676.215496266894,0.021055825979914636
2024-10-22T00:00:00Z,130778.4948784633,109623.19054267858,21155.304335784716,0.024939643592804796
2024-10-23T00:00:00Z,130792.40468220614,109623.19054267858,21169.214139527554,0.02483593465956125
2024-10-24T00:00:00Z,130555.40423378423,109623.19054267858,20932.213691105644,0.02660296632575141
2024-10-25T00:00:00Z,131037.38050342868,109623.19054267858,21414.189960750093,0.02300944008356553
2024-10-26T00:00:00Z,130565.38914933777,109623.19054267858,20942.19860665919,0.0265285206355224
2024-10-27T00:00:00Z,130690.32619017916,109623.19054267858,21067.135647500574,0.025597013083883496
2024-10-28T00:00:00Z,130981.4272974022,109623.19054267858,21358.236754723617,0.023426616875980844
2024-10-29T00:00:00Z,131590.4443479575,109623.19054267858,21967.253805278906,0.018885897983900234
2024-10-30T00:00:00Z,132461.48693402958,109623.19054267858,22838.296391351,0.012391564988168841
2024-10-31T00:00:00Z,132339.06182162935,109623.19054267858,22715.871278950763,0.013304344064278398
2024-11-01T00:00:00Z,131696.19653532963,109623.19054267858,22073.005992651055,0.018097429164116566
2024-11-02T00:00:00Z,131444.06171804984,109623.19054267858,21820.871175371256,0.01997729989537071
2024-11-03T00:00:00Z,131406.88517712092,109623.19054267858,21783.69463444233,0.02025448133320442
2024-11-04T00:00:00Z,131216.82639144288,109623.19054267858,21593.635848764294,0.021671524612940623
2024-11-05T00:00:00Z,130929.74436972567,109623.19054267858,21306.553827047082,0.023811955259996367
2024-11-06T00:00:00Z,131406.28859411614,109623.19054267858,21783.09805143756,0.020258929346142686
2024-11-07T00:00:00Z,133355.16827517748,109623.19054267858,23731.9777324989,0.005728441606729561
2024-11-08T00:00:00Z,133444.24753752153,109623.19054267858,23821.05699484296,0.00506428304327156
2024-11-09T00:00:00Z,133645.67279939575,109623.19054267858,24022.482256717172,0.0035624934117651744
2024-11-10T00:00:00Z,133701.31201436708,109623.19054267858,24078.121471688508,0.003147657678790997
2024-11-11T00:00:00Z,134855.35473843955,109623.19054267858,25232.164195760954,0.0
2024-11-12T00:00:00Z,137454.44709649094,109623.19054267858,27831.256553812345,0.0
2024-11-13T00:00:00Z,137234.5905596798,109623.19054267858,27611.40001700124,0.001599486531394611
2024-11-14T00:00:00Z,138000.25774764593,109623.19054267858,28377.067204967356,0.0
2024-11-15T00:00:00Z,137041.64305629447,109623.19054267858,27418.452513615888,0.006946470296486135
2024-11-16T00:00:00Z,137001.9399277653,137001.9399277653,0.0,0.007234173589053622
2024-11-17T00:00:00Z,137001.9399277653,137001.9399277653,0.0,0.007234173589053622
2024-11-18T00:00:00Z,137001.9399277653,137001.9399277653,0.0,0.007234173589053622
2024-11-19T00:00:00Z,137001.9399277653,137001.9399277653,0.0,0.007234173589053622
2024-11-20T00:00:00Z,137001.9399277653,137001.9399277653,0.0,0.007234173589053622
2024-11-21T00:00:00Z,137001.9399277653,137001.9399277653,0.0,0.007234173589053622
2024-11-22T00:00:00Z,137001.9399277653,137001.9399277653,0.0,0.007234173589053622
2024-11-23T00:00:00Z,137071.2212512231,121021.27316446681,16049.948086756276,0.006732135950946683
2024-11-24T00:00:00Z,136875.2780011008,121021.27316446681,15854.004836634014,0.008152011923066879
2024-11-25T00:00:00Z,136909.00367605768,121021.27316446681,15887.730511590864,0.00790762343055743
2024-11-26T00:00:00Z,136114.8922468162,121021.27316446681,15093.619082349396,0.013662043329494411
2024-11-27T00:00:00Z,135945.98796420026,121021.27316446681,14924.714799733443,0.014885985120420588
2024-11-28T00:00:00Z,136578.30379496008,121021.27316446681,15557.030630493271,0.010303994904749364
2024-11-29T00:00:00Z,136543.89646536022,121021.27316446681,15522.623300893405,0.010553322914431684
2024-11-30T00:00:00Z,136838.58225948512,121021.27316446681,15817.309095018307,0.008417922597544012
2024-12-01T00:00:00Z,136666.10740492956,121021.27316446681,15644.834240462746,0.009667738049852508
2024-12-02T00:00:00Z,136794.38831679622,121021.27316446681,15773.11515232942,0.008738167960923807
2024-12-03T00:00:00Z,136573.84058003558,121021.27316446681,15552.567415568761,0.010336336981476948
2024-12-04T00:00:00Z,136576.84310643934,121021.27316446681,15555.569941972522,0.010314579584405672
2024-12-05T00:00:00Z,137026.8974695546,121021.27316446681,16005.62430508777,0.007053322174740208
2024-12-06T00:00:00Z,136752.45032637828,121021.27316446681,15731.177161911468,0.00904206587461196
2024-12-07T00:00:00Z,137207.22758237727,121021.27316446681,16185.95441791047,0.005746584667391239
2024-12-08T00:00:00Z,137223.97681074854,121021.27316446681,16202.703646281729,0.005625213673998556
2024-12-09T00:00:00Z,137430.72915592435,121021.27316446681,16409.455991457533,0.0041270110724216805
2024-12-10T00:00:00Z,136808.54076557505,121021.27316446681,15787.267601108233,0.008635614175809098
2024-12-11T00:00:00Z,136696.42480667133,121021.27316446681,15675.151642204515,0.00944804714320785
2024-12-12T00:00:00Z,137431.36212095,121021.27316446681,16410.088956483192,0.004122424377903877
2024-12-13T00:00:00Z,137251.6162835356,121021.27316446681,16230.34311906879,0.005424928013390533
2024-12-14T00:00:00Z,137480.50617473698,121021.27316446681,16459.23301027017,0.0037663087112445354
2024-12-15T00:00:00Z,137481.41504759435,121021.27316446681,16460.14188312753,0.0037597226883471597
2024-12-16T00:00:00Z,137976.4748470211,121021.27316446681,16955.2016825543,0.00017233953771529745
2024-12-17T00:00:00Z,138234.72457748954,121021.27316446681,17213.45141302274,0.0
2024-12-18T00:00:00Z,138249.26654320722,121021.27316446681,17227.99337874042,0.0
2024-12-19T00:00:00Z,137284.07602844114,121021.27316446681,16262.802863974324,0.006981523583450152
2024-12-20T00:00:00Z,136838.35504127078,121021.27316446681,15817.081876803968,0.010205562294939814
2024-12-21T00:00:00Z,136894.07219340114,121021.27316446681,15872.799028934318,0.009802542781538344
2024-12-22T00:00:00Z,136809.7255462641,121021.27316446681,15788.452381797284,0.010412648348432526
2024-12-23T00:00:00Z,136786.13178959637,136786.13178959637,0.0,0.010583309338234904
2024-12-24T00:00:00Z,136786.13178959637,136786.13178959637,0.0,0.010583309338234904
2024-12-25T00:00:00Z,136786.13178959637,136786.13178959637,0.0,0.010583309338234904
2024-12-26T00:00:00Z,136786.13178959637,136786.13178959637,0.0,0.010583309338234904
2024-12-27T00:00:00Z,136786.13178959637,136786.13178959637,0.0,0.010583309338234904
2024-12-28T00:00:00Z,136786.13178959637,136786.13178959637,0.0,0.010583309338234904
2024-12-29T00:00:00Z,136786.13178959637,136786.13178959637,0.0,0.010583309338234904
2024-12-30T00:00:00Z,136786.13178959637,136786.13178959637,0.0,0.010583309338234904
2024-12-31T00:00:00Z,136786.13178959637,136786.13178959637,0.0,0.010583309338234904
