daily_timestamp,membership_snapshot_time,eligible_member_count,valid_return_count,market_return,missing_reason
2021-01-02 00:00:00+00:00,,0,0,,NO_KNOWN_MEMBERSHIP
2021-01-03 00:00:00+00:00,,0,0,,NO_KNOWN_MEMBERSHIP
2021-01-04 00:00:00+00:00,,0,0,,NO_KNOWN_MEMBERSHIP
2021-01-05 00:00:00+00:00,,0,0,,NO_KNOWN_MEMBERSHIP
2021-01-06 00:00:00+00:00,,0,0,,NO_KNOWN_MEMBERSHIP
2021-01-07 00:00:00+00:00,,0,0,,NO_KNOWN_MEMBERSHIP
2021-01-08 00:00:00+00:00,,0,0,,NO_KNOWN_MEMBERSHIP
2021-01-09 00:00:00+00:00,,0,0,,NO_KNOWN_MEMBERSHIP
2021-01-10 00:00:00+00:00,,0,0,,NO_KNOWN_MEMBERSHIP
2021-01-11 00:00:00+00:00,,0,0,,NO_KNOWN_MEMBERSHIP
2021-01-12 00:00:00+00:00,,0,0,,NO_KNOWN_MEMBERSHIP
2021-01-13 00:00:00+00:00,,0,0,,NO_KNOWN_MEMBERSHIP
2021-01-14 00:00:00+00:00,,0,0,,NO_KNOWN_MEMBERSHIP
2021-01-15 00:00:00+00:00,,0,0,,NO_KNOWN_MEMBERSHIP
2021-01-16 00:00:00+00:00,,0,0,,NO_KNOWN_MEMBERSHIP
2021-01-17 00:00:00+00:00,,0,0,,NO_KNOWN_MEMBERSHIP
2021-01-18 00:00:00+00:00,,0,0,,NO_KNOWN_MEMBERSHIP
2021-01-19 00:00:00+00:00,,0,0,,NO_KNOWN_MEMBERSHIP
2021-01-20 00:00:00+00:00,,0,0,,NO_KNOWN_MEMBERSHIP
2021-01-21 00:00:00+00:00,,0,0,,NO_KNOWN_MEMBERSHIP
2021-01-22 00:00:00+00:00,,0,0,,NO_KNOWN_MEMBERSHIP
2021-01-23 00:00:00+00:00,,0,0,,NO_KNOWN_MEMBERSHIP
2021-01-24 00:00:00+00:00,,0,0,,NO_KNOWN_MEMBERSHIP
2021-01-25 00:00:00+00:00,,0,0,,NO_KNOWN_MEMBERSHIP
2021-01-26 00:00:00+00:00,,0,0,,NO_KNOWN_MEMBERSHIP
2021-01-27 00:00:00+00:00,,0,0,,NO_KNOWN_MEMBERSHIP
2021-01-28 00:00:00+00:00,,0,0,,NO_KNOWN_MEMBERSHIP
2021-01-29 00:00:00+00:00,,0,0,,NO_KNOWN_MEMBERSHIP
2021-01-30 00:00:00+00:00,,0,0,,NO_KNOWN_MEMBERSHIP
2021-01-31 00:00:00+00:00,,0,0,,NO_KNOWN_MEMBERSHIP
2021-02-01 00:00:00+00:00,,0,0,,NO_KNOWN_MEMBERSHIP
2021-02-02 00:00:00+00:00,,0,0,,NO_KNOWN_MEMBERSHIP
2021-02-03 00:00:00+00:00,,0,0,,NO_KNOWN_MEMBERSHIP
2021-02-04 00:00:00+00:00,,0,0,,NO_KNOWN_MEMBERSHIP
2021-02-05 00:00:00+00:00,,0,0,,NO_KNOWN_MEMBERSHIP
2021-02-06 00:00:00+00:00,,0,0,,NO_KNOWN_MEMBERSHIP
2021-02-07 00:00:00+00:00,,0,0,,NO_KNOWN_MEMBERSHIP
2021-02-08 00:00:00+00:00,,0,0,,NO_KNOWN_MEMBERSHIP
2021-02-09 00:00:00+00:00,,0,0,,NO_KNOWN_MEMBERSHIP
2021-02-10 00:00:00+00:00,,0,0,,NO_KNOWN_MEMBERSHIP
2021-02-11 00:00:00+00:00,,0,0,,NO_KNOWN_MEMBERSHIP
2021-02-12 00:00:00+00:00,,0,0,,NO_KNOWN_MEMBERSHIP
2021-02-13 00:00:00+00:00,,0,0,,NO_KNOWN_MEMBERSHIP
2021-02-14 00:00:00+00:00,,0,0,,NO_KNOWN_MEMBERSHIP
2021-02-15 00:00:00+00:00,,0,0,,NO_KNOWN_MEMBERSHIP
2021-02-16 00:00:00+00:00,,0,0,,NO_KNOWN_MEMBERSHIP
2021-02-17 00:00:00+00:00,,0,0,,NO_KNOWN_MEMBERSHIP
2021-02-18 00:00:00+00:00,,0,0,,NO_KNOWN_MEMBERSHIP
2021-02-19 00:00:00+00:00,,0,0,,NO_KNOWN_MEMBERSHIP
2021-02-20 00:00:00+00:00,,0,0,,NO_KNOWN_MEMBERSHIP
2021-02-21 00:00:00+00:00,,0,0,,NO_KNOWN_MEMBERSHIP
2021-02-22 00:00:00+00:00,,0,0,,NO_KNOWN_MEMBERSHIP
2021-02-23 00:00:00+00:00,,0,0,,NO_KNOWN_MEMBERSHIP
2021-02-24 00:00:00+00:00,,0,0,,NO_KNOWN_MEMBERSHIP
2021-02-25 00:00:00+00:00,,0,0,,NO_KNOWN_MEMBERSHIP
2021-02-26 00:00:00+00:00,,0,0,,NO_KNOWN_MEMBERSHIP
2021-02-27 00:00:00+00:00,,0,0,,NO_KNOWN_MEMBERSHIP
2021-02-28 00:00:00+00:00,,0,0,,NO_KNOWN_MEMBERSHIP
2021-03-01 00:00:00+00:00,,0,0,,NO_KNOWN_MEMBERSHIP
2021-03-02 00:00:00+00:00,,0,0,,NO_KNOWN_MEMBERSHIP
2021-03-03 00:00:00+00:00,,0,0,,NO_KNOWN_MEMBERSHIP
2021-03-04 00:00:00+00:00,,0,0,,NO_KNOWN_MEMBERSHIP
2021-03-05 00:00:00+00:00,,0,0,,NO_KNOWN_MEMBERSHIP
2021-03-06 00:00:00+00:00,,0,0,,NO_KNOWN_MEMBERSHIP
2021-03-07 00:00:00+00:00,,0,0,,NO_KNOWN_MEMBERSHIP
2021-03-08 00:00:00+00:00,,0,0,,NO_KNOWN_MEMBERSHIP
2021-03-09 00:00:00+00:00,,0,0,,NO_KNOWN_MEMBERSHIP
2021-03-10 00:00:00+00:00,,0,0,,NO_KNOWN_MEMBERSHIP
2021-03-11 00:00:00+00:00,,0,0,,NO_KNOWN_MEMBERSHIP
2021-03-12 00:00:00+00:00,,0,0,,NO_KNOWN_MEMBERSHIP
2021-03-13 00:00:00+00:00,,0,0,,NO_KNOWN_MEMBERSHIP
2021-03-14 00:00:00+00:00,,0,0,,NO_KNOWN_MEMBERSHIP
2021-03-15 00:00:00+00:00,,0,0,,NO_KNOWN_MEMBERSHIP
2021-03-16 00:00:00+00:00,,0,0,,NO_KNOWN_MEMBERSHIP
2021-03-17 00:00:00+00:00,,0,0,,NO_KNOWN_MEMBERSHIP
2021-03-18 00:00:00+00:00,,0,0,,NO_KNOWN_MEMBERSHIP
2021-03-19 00:00:00+00:00,,0,0,,NO_KNOWN_MEMBERSHIP
2021-03-20 00:00:00+00:00,,0,0,,NO_KNOWN_MEMBERSHIP
2021-03-21 00:00:00+00:00,,0,0,,NO_KNOWN_MEMBERSHIP
2021-03-22 00:00:00+00:00,,0,0,,NO_KNOWN_MEMBERSHIP
2021-03-23 00:00:00+00:00,,0,0,,NO_KNOWN_MEMBERSHIP
2021-03-24 00:00:00+00:00,,0,0,,NO_KNOWN_MEMBERSHIP
2021-03-25 00:00:00+00:00,,0,0,,NO_KNOWN_MEMBERSHIP
2021-03-26 00:00:00+00:00,,0,0,,NO_KNOWN_MEMBERSHIP
2021-03-27 00:00:00+00:00,,0,0,,NO_KNOWN_MEMBERSHIP
2021-03-28 00:00:00+00:00,,0,0,,NO_KNOWN_MEMBERSHIP
2021-03-29 00:00:00+00:00,,0,0,,NO_KNOWN_MEMBERSHIP
2021-03-30 00:00:00+00:00,,0,0,,NO_KNOWN_MEMBERSHIP
2021-03-31 00:00:00+00:00,,0,0,,NO_KNOWN_MEMBERSHIP
2021-04-01 00:00:00+00:00,,0,0,,NO_KNOWN_MEMBERSHIP
2021-04-02 00:00:00+00:00,,0,0,,NO_KNOWN_MEMBERSHIP
2021-04-03 00:00:00+00:00,,0,0,,NO_KNOWN_MEMBERSHIP
2021-04-04 00:00:00+00:00,,0,0,,NO_KNOWN_MEMBERSHIP
2021-04-05 00:00:00+00:00,,0,0,,NO_KNOWN_MEMBERSHIP
2021-04-06 00:00:00+00:00,,0,0,,NO_KNOWN_MEMBERSHIP
2021-04-07 00:00:00+00:00,,0,0,,NO_KNOWN_MEMBERSHIP
2021-04-08 00:00:00+00:00,,0,0,,NO_KNOWN_MEMBERSHIP
2021-04-09 00:00:00+00:00,,0,0,,NO_KNOWN_MEMBERSHIP
2021-04-10 00:00:00+00:00,,0,0,,NO_KNOWN_MEMBERSHIP
2021-04-11 00:00:00+00:00,,0,0,,NO_KNOWN_MEMBERSHIP
2021-04-12 00:00:00+00:00,,0,0,,NO_KNOWN_MEMBERSHIP
2021-04-13 00:00:00+00:00,,0,0,,NO_KNOWN_MEMBERSHIP
2021-04-14 00:00:00+00:00,,0,0,,NO_KNOWN_MEMBERSHIP
2021-04-15 00:00:00+00:00,,0,0,,NO_KNOWN_MEMBERSHIP
2021-04-16 00:00:00+00:00,,0,0,,NO_KNOWN_MEMBERSHIP
2021-04-17 00:00:00+00:00,,0,0,,NO_KNOWN_MEMBERSHIP
2021-04-18 00:00:00+00:00,,0,0,,NO_KNOWN_MEMBERSHIP
2021-04-19 00:00:00+00:00,,0,0,,NO_KNOWN_MEMBERSHIP
2021-04-20 00:00:00+00:00,,0,0,,NO_KNOWN_MEMBERSHIP
2021-04-21 00:00:00+00:00,,0,0,,NO_KNOWN_MEMBERSHIP
2021-04-22 00:00:00+00:00,,0,0,,NO_KNOWN_MEMBERSHIP
2021-04-23 00:00:00+00:00,,0,0,,NO_KNOWN_MEMBERSHIP
2021-04-24 00:00:00+00:00,,0,0,,NO_KNOWN_MEMBERSHIP
2021-04-25 00:00:00+00:00,,0,0,,NO_KNOWN_MEMBERSHIP
2021-04-26 00:00:00+00:00,,0,0,,NO_KNOWN_MEMBERSHIP
2021-04-27 00:00:00+00:00,,0,0,,NO_KNOWN_MEMBERSHIP
2021-04-28 00:00:00+00:00,,0,0,,NO_KNOWN_MEMBERSHIP
2021-04-29 00:00:00+00:00,,0,0,,NO_KNOWN_MEMBERSHIP
2021-04-30 00:00:00+00:00,,0,0,,NO_KNOWN_MEMBERSHIP
2021-05-01 00:00:00+00:00,,0,0,,NO_KNOWN_MEMBERSHIP
2021-05-02 00:00:00+00:00,,0,0,,NO_KNOWN_MEMBERSHIP
2021-05-03 00:00:00+00:00,,0,0,,NO_KNOWN_MEMBERSHIP
2021-05-04 00:00:00+00:00,,0,0,,NO_KNOWN_MEMBERSHIP
2021-05-05 00:00:00+00:00,,0,0,,NO_KNOWN_MEMBERSHIP
2021-05-06 00:00:00+00:00,,0,0,,NO_KNOWN_MEMBERSHIP
2021-05-07 00:00:00+00:00,,0,0,,NO_KNOWN_MEMBERSHIP
2021-05-08 00:00:00+00:00,,0,0,,NO_KNOWN_MEMBERSHIP
2021-05-09 00:00:00+00:00,,0,0,,NO_KNOWN_MEMBERSHIP
2021-05-10 00:00:00+00:00,,0,0,,NO_KNOWN_MEMBERSHIP
2021-05-11 00:00:00+00:00,,0,0,,NO_KNOWN_MEMBERSHIP
2021-05-12 00:00:00+00:00,,0,0,,NO_KNOWN_MEMBERSHIP
2021-05-13 00:00:00+00:00,,0,0,,NO_KNOWN_MEMBERSHIP
2021-05-14 00:00:00+00:00,,0,0,,NO_KNOWN_MEMBERSHIP
2021-05-15 00:00:00+00:00,,0,0,,NO_KNOWN_MEMBERSHIP
2021-05-16 00:00:00+00:00,,0,0,,NO_KNOWN_MEMBERSHIP
2021-05-17 00:00:00+00:00,,0,0,,NO_KNOWN_MEMBERSHIP
2021-05-18 00:00:00+00:00,,0,0,,NO_KNOWN_MEMBERSHIP
2021-05-19 00:00:00+00:00,,0,0,,NO_KNOWN_MEMBERSHIP
2021-05-20 00:00:00+00:00,,0,0,,NO_KNOWN_MEMBERSHIP
2021-05-21 00:00:00+00:00,,0,0,,NO_KNOWN_MEMBERSHIP
2021-05-22 00:00:00+00:00,,0,0,,NO_KNOWN_MEMBERSHIP
2021-05-23 00:00:00+00:00,,0,0,,NO_KNOWN_MEMBERSHIP
2021-05-24 00:00:00+00:00,,0,0,,NO_KNOWN_MEMBERSHIP
2021-05-25 00:00:00+00:00,,0,0,,NO_KNOWN_MEMBERSHIP
2021-05-26 00:00:00+00:00,,0,0,,NO_KNOWN_MEMBERSHIP
2021-05-27 00:00:00+00:00,,0,0,,NO_KNOWN_MEMBERSHIP
2021-05-28 00:00:00+00:00,,0,0,,NO_KNOWN_MEMBERSHIP
2021-05-29 00:00:00+00:00,,0,0,,NO_KNOWN_MEMBERSHIP
2021-05-30 00:00:00+00:00,,0,0,,NO_KNOWN_MEMBERSHIP
2021-05-31 00:00:00+00:00,,0,0,,NO_KNOWN_MEMBERSHIP
2021-06-01 00:00:00+00:00,,0,0,,NO_KNOWN_MEMBERSHIP
2021-06-02 00:00:00+00:00,,0,0,,NO_KNOWN_MEMBERSHIP
2021-06-03 00:00:00+00:00,,0,0,,NO_KNOWN_MEMBERSHIP
2021-06-04 00:00:00+00:00,,0,0,,NO_KNOWN_MEMBERSHIP
2021-06-05 00:00:00+00:00,,0,0,,NO_KNOWN_MEMBERSHIP
2021-06-06 00:00:00+00:00,,0,0,,NO_KNOWN_MEMBERSHIP
2021-06-07 00:00:00+00:00,,0,0,,NO_KNOWN_MEMBERSHIP
2021-06-08 00:00:00+00:00,,0,0,,NO_KNOWN_MEMBERSHIP
2021-06-09 00:00:00+00:00,,0,0,,NO_KNOWN_MEMBERSHIP
2021-06-10 00:00:00+00:00,,0,0,,NO_KNOWN_MEMBERSHIP
2021-06-11 00:00:00+00:00,,0,0,,NO_KNOWN_MEMBERSHIP
2021-06-12 00:00:00+00:00,,0,0,,NO_KNOWN_MEMBERSHIP
2021-06-13 00:00:00+00:00,,0,0,,NO_KNOWN_MEMBERSHIP
2021-06-14 00:00:00+00:00,,0,0,,NO_KNOWN_MEMBERSHIP
2021-06-15 00:00:00+00:00,,0,0,,NO_KNOWN_MEMBERSHIP
2021-06-16 00:00:00+00:00,,0,0,,NO_KNOWN_MEMBERSHIP
2021-06-17 00:00:00+00:00,,0,0,,NO_KNOWN_MEMBERSHIP
2021-06-18 00:00:00+00:00,,0,0,,NO_KNOWN_MEMBERSHIP
2021-06-19 00:00:00+00:00,,0,0,,NO_KNOWN_MEMBERSHIP
2021-06-20 00:00:00+00:00,,0,0,,NO_KNOWN_MEMBERSHIP
2021-06-21 00:00:00+00:00,,0,0,,NO_KNOWN_MEMBERSHIP
2021-06-22 00:00:00+00:00,,0,0,,NO_KNOWN_MEMBERSHIP
2021-06-23 00:00:00+00:00,,0,0,,NO_KNOWN_MEMBERSHIP
2021-06-24 00:00:00+00:00,,0,0,,NO_KNOWN_MEMBERSHIP
2021-06-25 00:00:00+00:00,,0,0,,NO_KNOWN_MEMBERSHIP
2021-06-26 00:00:00+00:00,,0,0,,NO_KNOWN_MEMBERSHIP
2021-06-27 00:00:00+00:00,,0,0,,NO_KNOWN_MEMBERSHIP
2021-06-28 00:00:00+00:00,,0,0,,NO_KNOWN_MEMBERSHIP
2021-06-29 00:00:00+00:00,,0,0,,NO_KNOWN_MEMBERSHIP
2021-06-30 00:00:00+00:00,,0,0,,NO_KNOWN_MEMBERSHIP
2021-07-01 00:00:00+00:00,,0,0,,NO_KNOWN_MEMBERSHIP
2021-07-02 00:00:00+00:00,,0,0,,NO_KNOWN_MEMBERSHIP
2021-07-03 00:00:00+00:00,,0,0,,NO_KNOWN_MEMBERSHIP
2021-07-04 00:00:00+00:00,,0,0,,NO_KNOWN_MEMBERSHIP
2021-07-05 00:00:00+00:00,,0,0,,NO_KNOWN_MEMBERSHIP
2021-07-06 00:00:00+00:00,,0,0,,NO_KNOWN_MEMBERSHIP
2021-07-07 00:00:00+00:00,,0,0,,NO_KNOWN_MEMBERSHIP
2021-07-08 00:00:00+00:00,,0,0,,NO_KNOWN_MEMBERSHIP
2021-07-09 00:00:00+00:00,,0,0,,NO_KNOWN_MEMBERSHIP
2021-07-10 00:00:00+00:00,,0,0,,NO_KNOWN_MEMBERSHIP
2021-07-11 00:00:00+00:00,,0,0,,NO_KNOWN_MEMBERSHIP
2021-07-12 00:00:00+00:00,,0,0,,NO_KNOWN_MEMBERSHIP
2021-07-13 00:00:00+00:00,,0,0,,NO_KNOWN_MEMBERSHIP
2021-07-14 00:00:00+00:00,,0,0,,NO_KNOWN_MEMBERSHIP
2021-07-15 00:00:00+00:00,,0,0,,NO_KNOWN_MEMBERSHIP
2021-07-16 00:00:00+00:00,,0,0,,NO_KNOWN_MEMBERSHIP
2021-07-17 00:00:00+00:00,,0,0,,NO_KNOWN_MEMBERSHIP
2021-07-18 00:00:00+00:00,,0,0,,NO_KNOWN_MEMBERSHIP
2021-07-19 00:00:00+00:00,,0,0,,NO_KNOWN_MEMBERSHIP
2021-07-20 00:00:00+00:00,,0,0,,NO_KNOWN_MEMBERSHIP
2021-07-21 00:00:00+00:00,,0,0,,NO_KNOWN_MEMBERSHIP
2021-07-22 00:00:00+00:00,,0,0,,NO_KNOWN_MEMBERSHIP
2021-07-23 00:00:00+00:00,,0,0,,NO_KNOWN_MEMBERSHIP
2021-07-24 00:00:00+00:00,,0,0,,NO_KNOWN_MEMBERSHIP
2021-07-25 00:00:00+00:00,,0,0,,NO_KNOWN_MEMBERSHIP
2021-07-26 00:00:00+00:00,,0,0,,NO_KNOWN_MEMBERSHIP
2021-07-27 00:00:00+00:00,,0,0,,NO_KNOWN_MEMBERSHIP
2021-07-28 00:00:00+00:00,,0,0,,NO_KNOWN_MEMBERSHIP
2021-07-29 00:00:00+00:00,,0,0,,NO_KNOWN_MEMBERSHIP
2021-07-30 00:00:00+00:00,,0,0,,NO_KNOWN_MEMBERSHIP
2021-07-31 00:00:00+00:00,,0,0,,NO_KNOWN_MEMBERSHIP
2021-08-01 00:00:00+00:00,,0,0,,NO_KNOWN_MEMBERSHIP
2021-08-02 00:00:00+00:00,,0,0,,NO_KNOWN_MEMBERSHIP
2021-08-03 00:00:00+00:00,,0,0,,NO_KNOWN_MEMBERSHIP
2021-08-04 00:00:00+00:00,,0,0,,NO_KNOWN_MEMBERSHIP
2021-08-05 00:00:00+00:00,,0,0,,NO_KNOWN_MEMBERSHIP
2021-08-06 00:00:00+00:00,,0,0,,NO_KNOWN_MEMBERSHIP
2021-08-07 00:00:00+00:00,,0,0,,NO_KNOWN_MEMBERSHIP
2021-08-08 00:00:00+00:00,,0,0,,NO_KNOWN_MEMBERSHIP
2021-08-09 00:00:00+00:00,,0,0,,NO_KNOWN_MEMBERSHIP
2021-08-10 00:00:00+00:00,,0,0,,NO_KNOWN_MEMBERSHIP
2021-08-11 00:00:00+00:00,,0,0,,NO_KNOWN_MEMBERSHIP
2021-08-12 00:00:00+00:00,,0,0,,NO_KNOWN_MEMBERSHIP
2021-08-13 00:00:00+00:00,,0,0,,NO_KNOWN_MEMBERSHIP
2021-08-14 00:00:00+00:00,,0,0,,NO_KNOWN_MEMBERSHIP
2021-08-15 00:00:00+00:00,,0,0,,NO_KNOWN_MEMBERSHIP
2021-08-16 00:00:00+00:00,,0,0,,NO_KNOWN_MEMBERSHIP
2021-08-17 00:00:00+00:00,,0,0,,NO_KNOWN_MEMBERSHIP
2021-08-18 00:00:00+00:00,,0,0,,NO_KNOWN_MEMBERSHIP
2021-08-19 00:00:00+00:00,,0,0,,NO_KNOWN_MEMBERSHIP
2021-08-20 00:00:00+00:00,,0,0,,NO_KNOWN_MEMBERSHIP
2021-08-21 00:00:00+00:00,,0,0,,NO_KNOWN_MEMBERSHIP
2021-08-22 00:00:00+00:00,,0,0,,NO_KNOWN_MEMBERSHIP
2021-08-23 00:00:00+00:00,,0,0,,NO_KNOWN_MEMBERSHIP
2021-08-24 00:00:00+00:00,,0,0,,NO_KNOWN_MEMBERSHIP
2021-08-25 00:00:00+00:00,,0,0,,NO_KNOWN_MEMBERSHIP
2021-08-26 00:00:00+00:00,,0,0,,NO_KNOWN_MEMBERSHIP
2021-08-27 00:00:00+00:00,,0,0,,NO_KNOWN_MEMBERSHIP
2021-08-28 00:00:00+00:00,,0,0,,NO_KNOWN_MEMBERSHIP
2021-08-29 00:00:00+00:00,,0,0,,NO_KNOWN_MEMBERSHIP
2021-08-30 00:00:00+00:00,,0,0,,NO_KNOWN_MEMBERSHIP
2021-08-31 00:00:00+00:00,,0,0,,NO_KNOWN_MEMBERSHIP
2021-09-01 00:00:00+00:00,,0,0,,NO_KNOWN_MEMBERSHIP
2021-09-02 00:00:00+00:00,,0,0,,NO_KNOWN_MEMBERSHIP
2021-09-03 00:00:00+00:00,,0,0,,NO_KNOWN_MEMBERSHIP
2021-09-04 00:00:00+00:00,,0,0,,NO_KNOWN_MEMBERSHIP
2021-09-05 00:00:00+00:00,,0,0,,NO_KNOWN_MEMBERSHIP
2021-09-06 00:00:00+00:00,,0,0,,NO_KNOWN_MEMBERSHIP
2021-09-07 00:00:00+00:00,,0,0,,NO_KNOWN_MEMBERSHIP
2021-09-08 00:00:00+00:00,,0,0,,NO_KNOWN_MEMBERSHIP
2021-09-09 00:00:00+00:00,,0,0,,NO_KNOWN_MEMBERSHIP
2021-09-10 00:00:00+00:00,,0,0,,NO_KNOWN_MEMBERSHIP
2021-09-11 00:00:00+00:00,,0,0,,NO_KNOWN_MEMBERSHIP
2021-09-12 00:00:00+00:00,,0,0,,NO_KNOWN_MEMBERSHIP
2021-09-13 00:00:00+00:00,,0,0,,NO_KNOWN_MEMBERSHIP
2021-09-14 00:00:00+00:00,,0,0,,NO_KNOWN_MEMBERSHIP
2021-09-15 00:00:00+00:00,,0,0,,NO_KNOWN_MEMBERSHIP
2021-09-16 00:00:00+00:00,,0,0,,NO_KNOWN_MEMBERSHIP
2021-09-17 00:00:00+00:00,,0,0,,NO_KNOWN_MEMBERSHIP
2021-09-18 00:00:00+00:00,,0,0,,NO_KNOWN_MEMBERSHIP
2021-09-19 00:00:00+00:00,,0,0,,NO_KNOWN_MEMBERSHIP
2021-09-20 00:00:00+00:00,,0,0,,NO_KNOWN_MEMBERSHIP
2021-09-21 00:00:00+00:00,,0,0,,NO_KNOWN_MEMBERSHIP
2021-09-22 00:00:00+00:00,,0,0,,NO_KNOWN_MEMBERSHIP
2021-09-23 00:00:00+00:00,,0,0,,NO_KNOWN_MEMBERSHIP
2021-09-24 00:00:00+00:00,,0,0,,NO_KNOWN_MEMBERSHIP
2021-09-25 00:00:00+00:00,,0,0,,NO_KNOWN_MEMBERSHIP
2021-09-26 00:00:00+00:00,,0,0,,NO_KNOWN_MEMBERSHIP
2021-09-27 00:00:00+00:00,,0,0,,NO_KNOWN_MEMBERSHIP
2021-09-28 00:00:00+00:00,,0,0,,NO_KNOWN_MEMBERSHIP
2021-09-29 00:00:00+00:00,,0,0,,NO_KNOWN_MEMBERSHIP
2021-09-30 00:00:00+00:00,,0,0,,NO_KNOWN_MEMBERSHIP
2021-10-01 00:00:00+00:00,,0,0,,NO_KNOWN_MEMBERSHIP
2021-10-02 00:00:00+00:00,,0,0,,NO_KNOWN_MEMBERSHIP
2021-10-03 00:00:00+00:00,,0,0,,NO_KNOWN_MEMBERSHIP
2021-10-04 00:00:00+00:00,,0,0,,NO_KNOWN_MEMBERSHIP
2021-10-05 00:00:00+00:00,,0,0,,NO_KNOWN_MEMBERSHIP
2021-10-06 00:00:00+00:00,,0,0,,NO_KNOWN_MEMBERSHIP
2021-10-07 00:00:00+00:00,,0,0,,NO_KNOWN_MEMBERSHIP
2021-10-08 00:00:00+00:00,,0,0,,NO_KNOWN_MEMBERSHIP
2021-10-09 00:00:00+00:00,,0,0,,NO_KNOWN_MEMBERSHIP
2021-10-10 00:00:00+00:00,,0,0,,NO_KNOWN_MEMBERSHIP
2021-10-11 00:00:00+00:00,,0,0,,NO_KNOWN_MEMBERSHIP
2021-10-12 00:00:00+00:00,,0,0,,NO_KNOWN_MEMBERSHIP
2021-10-13 00:00:00+00:00,,0,0,,NO_KNOWN_MEMBERSHIP
2021-10-14 00:00:00+00:00,,0,0,,NO_KNOWN_MEMBERSHIP
2021-10-15 00:00:00+00:00,,0,0,,NO_KNOWN_MEMBERSHIP
2021-10-16 00:00:00+00:00,,0,0,,NO_KNOWN_MEMBERSHIP
2021-10-17 00:00:00+00:00,,0,0,,NO_KNOWN_MEMBERSHIP
2021-10-18 00:00:00+00:00,,0,0,,NO_KNOWN_MEMBERSHIP
2021-10-19 00:00:00+00:00,,0,0,,NO_KNOWN_MEMBERSHIP
2021-10-20 00:00:00+00:00,,0,0,,NO_KNOWN_MEMBERSHIP
2021-10-21 00:00:00+00:00,,0,0,,NO_KNOWN_MEMBERSHIP
2021-10-22 00:00:00+00:00,,0,0,,NO_KNOWN_MEMBERSHIP
2021-10-23 00:00:00+00:00,,0,0,,NO_KNOWN_MEMBERSHIP
2021-10-24 00:00:00+00:00,,0,0,,NO_KNOWN_MEMBERSHIP
2021-10-25 00:00:00+00:00,,0,0,,NO_KNOWN_MEMBERSHIP
2021-10-26 00:00:00+00:00,,0,0,,NO_KNOWN_MEMBERSHIP
2021-10-27 00:00:00+00:00,,0,0,,NO_KNOWN_MEMBERSHIP
2021-10-28 00:00:00+00:00,,0,0,,NO_KNOWN_MEMBERSHIP
2021-10-29 00:00:00+00:00,,0,0,,NO_KNOWN_MEMBERSHIP
2021-10-30 00:00:00+00:00,,0,0,,NO_KNOWN_MEMBERSHIP
2021-10-31 00:00:00+00:00,,0,0,,NO_KNOWN_MEMBERSHIP
2021-11-01 00:00:00+00:00,,0,0,,NO_KNOWN_MEMBERSHIP
2021-11-02 00:00:00+00:00,,0,0,,NO_KNOWN_MEMBERSHIP
2021-11-03 00:00:00+00:00,,0,0,,NO_KNOWN_MEMBERSHIP
2021-11-04 00:00:00+00:00,,0,0,,NO_KNOWN_MEMBERSHIP
2021-11-05 00:00:00+00:00,,0,0,,NO_KNOWN_MEMBERSHIP
2021-11-06 00:00:00+00:00,,0,0,,NO_KNOWN_MEMBERSHIP
2021-11-07 00:00:00+00:00,,0,0,,NO_KNOWN_MEMBERSHIP
2021-11-08 00:00:00+00:00,,0,0,,NO_KNOWN_MEMBERSHIP
2021-11-09 00:00:00+00:00,,0,0,,NO_KNOWN_MEMBERSHIP
2021-11-10 00:00:00+00:00,,0,0,,NO_KNOWN_MEMBERSHIP
2021-11-11 00:00:00+00:00,,0,0,,NO_KNOWN_MEMBERSHIP
2021-11-12 00:00:00+00:00,,0,0,,NO_KNOWN_MEMBERSHIP
2021-11-13 00:00:00+00:00,,0,0,,NO_KNOWN_MEMBERSHIP
2021-11-14 00:00:00+00:00,,0,0,,NO_KNOWN_MEMBERSHIP
2021-11-15 00:00:00+00:00,,0,0,,NO_KNOWN_MEMBERSHIP
2021-11-16 00:00:00+00:00,,0,0,,NO_KNOWN_MEMBERSHIP
2021-11-17 00:00:00+00:00,,0,0,,NO_KNOWN_MEMBERSHIP
2021-11-18 00:00:00+00:00,,0,0,,NO_KNOWN_MEMBERSHIP
2021-11-19 00:00:00+00:00,,0,0,,NO_KNOWN_MEMBERSHIP
2021-11-20 00:00:00+00:00,,0,0,,NO_KNOWN_MEMBERSHIP
2021-11-21 00:00:00+00:00,,0,0,,NO_KNOWN_MEMBERSHIP
2021-11-22 00:00:00+00:00,,0,0,,NO_KNOWN_MEMBERSHIP
2021-11-23 00:00:00+00:00,,0,0,,NO_KNOWN_MEMBERSHIP
2021-11-24 00:00:00+00:00,,0,0,,NO_KNOWN_MEMBERSHIP
2021-11-25 00:00:00+00:00,,0,0,,NO_KNOWN_MEMBERSHIP
2021-11-26 00:00:00+00:00,,0,0,,NO_KNOWN_MEMBERSHIP
2021-11-27 00:00:00+00:00,,0,0,,NO_KNOWN_MEMBERSHIP
2021-11-28 00:00:00+00:00,,0,0,,NO_KNOWN_MEMBERSHIP
2021-11-29 00:00:00+00:00,,0,0,,NO_KNOWN_MEMBERSHIP
2021-11-30 00:00:00+00:00,,0,0,,NO_KNOWN_MEMBERSHIP
2021-12-01 00:00:00+00:00,,0,0,,NO_KNOWN_MEMBERSHIP
2021-12-02 00:00:00+00:00,,0,0,,NO_KNOWN_MEMBERSHIP
2021-12-03 00:00:00+00:00,,0,0,,NO_KNOWN_MEMBERSHIP
2021-12-04 00:00:00+00:00,,0,0,,NO_KNOWN_MEMBERSHIP
2021-12-05 00:00:00+00:00,,0,0,,NO_KNOWN_MEMBERSHIP
2021-12-06 00:00:00+00:00,,0,0,,NO_KNOWN_MEMBERSHIP
2021-12-07 00:00:00+00:00,,0,0,,NO_KNOWN_MEMBERSHIP
2021-12-08 00:00:00+00:00,,0,0,,NO_KNOWN_MEMBERSHIP
2021-12-09 00:00:00+00:00,,0,0,,NO_KNOWN_MEMBERSHIP
2021-12-10 00:00:00+00:00,,0,0,,NO_KNOWN_MEMBERSHIP
2021-12-11 00:00:00+00:00,,0,0,,NO_KNOWN_MEMBERSHIP
2021-12-12 00:00:00+00:00,,0,0,,NO_KNOWN_MEMBERSHIP
2021-12-13 00:00:00+00:00,,0,0,,NO_KNOWN_MEMBERSHIP
2021-12-14 00:00:00+00:00,,0,0,,NO_KNOWN_MEMBERSHIP
2021-12-15 00:00:00+00:00,,0,0,,NO_KNOWN_MEMBERSHIP
2021-12-16 00:00:00+00:00,,0,0,,NO_KNOWN_MEMBERSHIP
2021-12-17 00:00:00+00:00,,0,0,,NO_KNOWN_MEMBERSHIP
2021-12-18 00:00:00+00:00,,0,0,,NO_KNOWN_MEMBERSHIP
2021-12-19 00:00:00+00:00,,0,0,,NO_KNOWN_MEMBERSHIP
2021-12-20 00:00:00+00:00,,0,0,,NO_KNOWN_MEMBERSHIP
2021-12-21 00:00:00+00:00,,0,0,,NO_KNOWN_MEMBERSHIP
2021-12-22 00:00:00+00:00,,0,0,,NO_KNOWN_MEMBERSHIP
2021-12-23 00:00:00+00:00,,0,0,,NO_KNOWN_MEMBERSHIP
2021-12-24 00:00:00+00:00,,0,0,,NO_KNOWN_MEMBERSHIP
2021-12-25 00:00:00+00:00,,0,0,,NO_KNOWN_MEMBERSHIP
2021-12-26 00:00:00+00:00,,0,0,,NO_KNOWN_MEMBERSHIP
2021-12-27 00:00:00+00:00,,0,0,,NO_KNOWN_MEMBERSHIP
2021-12-28 00:00:00+00:00,,0,0,,NO_KNOWN_MEMBERSHIP
2021-12-29 00:00:00+00:00,,0,0,,NO_KNOWN_MEMBERSHIP
2021-12-30 00:00:00+00:00,,0,0,,NO_KNOWN_MEMBERSHIP
2021-12-31 00:00:00+00:00,,0,0,,NO_KNOWN_MEMBERSHIP
2022-01-01 00:00:00+00:00,,0,0,,NO_KNOWN_MEMBERSHIP
2022-01-02 00:00:00+00:00,,0,0,,NO_KNOWN_MEMBERSHIP
2022-01-03 00:00:00+00:00,2022-01-03 00:00:00+00:00,30,30,0.008201501924341345,
2022-01-04 00:00:00+00:00,2022-01-03 00:00:00+00:00,30,30,-0.003716143800948765,
2022-01-05 00:00:00+00:00,2022-01-03 00:00:00+00:00,30,30,-0.014471458639658603,
2022-01-06 00:00:00+00:00,2022-01-03 00:00:00+00:00,30,30,-0.07161443553280626,
2022-01-07 00:00:00+00:00,2022-01-03 00:00:00+00:00,30,30,0.007078633611394233,
2022-01-08 00:00:00+00:00,2022-01-03 00:00:00+00:00,30,30,-0.053646901404610474,
2022-01-09 00:00:00+00:00,2022-01-03 00:00:00+00:00,30,30,-0.03251374068289388,
2022-01-10 00:00:00+00:00,2022-01-10 00:00:00+00:00,30,30,0.024054472061325494,
2022-01-11 00:00:00+00:00,2022-01-10 00:00:00+00:00,30,30,-0.03590747254485108,
2022-01-12 00:00:00+00:00,2022-01-10 00:00:00+00:00,30,30,0.038445035648299576,
2022-01-13 00:00:00+00:00,2022-01-10 00:00:00+00:00,30,30,0.04670039943623819,
2022-01-14 00:00:00+00:00,2022-01-10 00:00:00+00:00,30,30,-0.03519223646742704,
2022-01-15 00:00:00+00:00,2022-01-10 00:00:00+00:00,30,30,0.028960371299433206,
2022-01-16 00:00:00+00:00,2022-01-10 00:00:00+00:00,30,30,0.005575086980361788,
2022-01-17 00:00:00+00:00,2022-01-17 00:00:00+00:00,30,30,0.003197355635519599,
2022-01-18 00:00:00+00:00,2022-01-17 00:00:00+00:00,30,30,-0.04340831049138632,
2022-01-19 00:00:00+00:00,2022-01-17 00:00:00+00:00,30,30,-0.020216144636344757,
2022-01-20 00:00:00+00:00,2022-01-17 00:00:00+00:00,30,30,-0.04317396462491136,
2022-01-21 00:00:00+00:00,2022-01-17 00:00:00+00:00,30,30,-0.04565006135252571,
2022-01-22 00:00:00+00:00,2022-01-17 00:00:00+00:00,30,30,-0.1379160554756923,
2022-01-23 00:00:00+00:00,2022-01-17 00:00:00+00:00,30,30,-0.09756345001162928,
2022-01-24 00:00:00+00:00,2022-01-24 00:00:00+00:00,30,30,0.054406600515636186,
2022-01-25 00:00:00+00:00,2022-01-24 00:00:00+00:00,30,30,-0.036147524449024256,
2022-01-26 00:00:00+00:00,2022-01-24 00:00:00+00:00,30,30,0.012657435190181638,
2022-01-27 00:00:00+00:00,2022-01-24 00:00:00+00:00,30,30,-0.0011681977926811596,
2022-01-28 00:00:00+00:00,2022-01-24 00:00:00+00:00,30,30,-0.00945500799688529,
2022-01-29 00:00:00+00:00,2022-01-24 00:00:00+00:00,30,30,0.028117016256860843,
2022-01-30 00:00:00+00:00,2022-01-24 00:00:00+00:00,30,30,0.0195388434465768,
2022-01-31 00:00:00+00:00,2022-01-31 00:00:00+00:00,30,30,-0.011935451416880153,
2022-02-01 00:00:00+00:00,2022-01-31 00:00:00+00:00,30,30,0.0285627321987195,
2022-02-02 00:00:00+00:00,2022-01-31 00:00:00+00:00,30,30,0.014537889876097556,
2022-02-03 00:00:00+00:00,2022-01-31 00:00:00+00:00,30,30,-0.04043682245173471,
2022-02-04 00:00:00+00:00,2022-01-31 00:00:00+00:00,30,30,0.016323461791152703,
2022-02-05 00:00:00+00:00,2022-01-31 00:00:00+00:00,30,30,0.07714136478468075,
2022-02-06 00:00:00+00:00,2022-01-31 00:00:00+00:00,30,30,0.01086666331895392,
2022-02-07 00:00:00+00:00,2022-02-07 00:00:00+00:00,30,30,0.039871179764288486,
2022-02-08 00:00:00+00:00,2022-02-07 00:00:00+00:00,30,30,0.05552982287805523,
2022-02-09 00:00:00+00:00,2022-02-07 00:00:00+00:00,30,30,-0.01784932104643049,
2022-02-10 00:00:00+00:00,2022-02-07 00:00:00+00:00,30,30,0.021648248782053712,
2022-02-11 00:00:00+00:00,2022-02-07 00:00:00+00:00,30,30,-0.050489995885789125,
2022-02-12 00:00:00+00:00,2022-02-07 00:00:00+00:00,30,30,-0.06249077526705358,
2022-02-13 00:00:00+00:00,2022-02-07 00:00:00+00:00,30,30,0.0016357264975995693,
2022-02-14 00:00:00+00:00,2022-02-14 00:00:00+00:00,30,30,-0.015691957580615402,
2022-02-15 00:00:00+00:00,2022-02-14 00:00:00+00:00,30,30,0.007254369907358926,
2022-02-16 00:00:00+00:00,2022-02-14 00:00:00+00:00,30,30,0.06704778633838608,
2022-02-17 00:00:00+00:00,2022-02-14 00:00:00+00:00,30,30,-0.010404833411739341,
2022-02-18 00:00:00+00:00,2022-02-14 00:00:00+00:00,30,30,-0.08470088581292551,
2022-02-19 00:00:00+00:00,2022-02-14 00:00:00+00:00,30,30,-0.015775421795799223,
2022-02-20 00:00:00+00:00,2022-02-14 00:00:00+00:00,30,30,0.0022736405967979916,
2022-02-21 00:00:00+00:00,2022-02-21 00:00:00+00:00,30,30,-0.06209947837062497,
2022-02-22 00:00:00+00:00,2022-02-21 00:00:00+00:00,30,30,-0.06965066051593466,
2022-02-23 00:00:00+00:00,2022-02-21 00:00:00+00:00,30,30,0.0398584969737263,
2022-02-24 00:00:00+00:00,2022-02-21 00:00:00+00:00,30,30,-0.031093558501798825,
2022-02-25 00:00:00+00:00,2022-02-21 00:00:00+00:00,30,30,0.002410306144888677,
2022-02-26 00:00:00+00:00,2022-02-21 00:00:00+00:00,30,30,0.05329992156223558,
2022-02-27 00:00:00+00:00,2022-02-21 00:00:00+00:00,30,30,0.003039821565132696,
2022-02-28 00:00:00+00:00,2022-02-28 00:00:00+00:00,30,30,-0.04742691011493861,
2022-03-01 00:00:00+00:00,2022-02-28 00:00:00+00:00,30,30,0.10856139586300657,
2022-03-02 00:00:00+00:00,2022-02-28 00:00:00+00:00,30,30,0.008096471358968786,
2022-03-03 00:00:00+00:00,2022-02-28 00:00:00+00:00,30,30,-0.015292578615913495,
2022-03-04 00:00:00+00:00,2022-02-28 00:00:00+00:00,30,30,-0.022805145395601377,
2022-03-05 00:00:00+00:00,2022-02-28 00:00:00+00:00,30,30,-0.07706437826640095,
2022-03-06 00:00:00+00:00,2022-02-28 00:00:00+00:00,30,30,0.020821030701262358,
2022-03-07 00:00:00+00:00,2022-03-07 00:00:00+00:00,30,30,-0.05256133861814542,
2022-03-08 00:00:00+00:00,2022-03-07 00:00:00+00:00,30,30,-0.01749391138014417,
2022-03-09 00:00:00+00:00,2022-03-07 00:00:00+00:00,30,30,0.03815122129781365,
2022-03-10 00:00:00+00:00,2022-03-07 00:00:00+00:00,30,30,0.047209857449374906,
2022-03-11 00:00:00+00:00,2022-03-07 00:00:00+00:00,30,30,-0.04054154780987477,
2022-03-12 00:00:00+00:00,2022-03-07 00:00:00+00:00,30,30,-0.01599687210395203,
2022-03-13 00:00:00+00:00,2022-03-07 00:00:00+00:00,30,30,0.0072742857696909665,
2022-03-14 00:00:00+00:00,2022-03-14 00:00:00+00:00,30,30,-0.030033812770366423,
2022-03-15 00:00:00+00:00,2022-03-14 00:00:00+00:00,30,30,0.027728764267014133,
2022-03-16 00:00:00+00:00,2022-03-14 00:00:00+00:00,30,30,-0.0002396067986841194,
2022-03-17 00:00:00+00:00,2022-03-14 00:00:00+00:00,30,30,0.05724646534833,
2022-03-18 00:00:00+00:00,2022-03-14 00:00:00+00:00,30,30,0.0017197843604669833,
2022-03-19 00:00:00+00:00,2022-03-14 00:00:00+00:00,30,30,0.03090789251578906,
2022-03-20 00:00:00+00:00,2022-03-14 00:00:00+00:00,30,30,0.03291868586288562,
2022-03-21 00:00:00+00:00,2022-03-21 00:00:00+00:00,30,30,-0.016123747460278823,
2022-03-22 00:00:00+00:00,2022-03-21 00:00:00+00:00,30,30,0.012633499526101098,
2022-03-23 00:00:00+00:00,2022-03-21 00:00:00+00:00,30,30,0.03302306952908871,
2022-03-24 00:00:00+00:00,2022-03-21 00:00:00+00:00,30,30,0.026607225979173088,
2022-03-25 00:00:00+00:00,2022-03-21 00:00:00+00:00,30,30,0.03115711417930819,
2022-03-26 00:00:00+00:00,2022-03-21 00:00:00+00:00,30,30,-0.019819487585325816,
2022-03-27 00:00:00+00:00,2022-03-21 00:00:00+00:00,30,30,0.02024066786864822,
2022-03-28 00:00:00+00:00,2022-03-28 00:00:00+00:00,30,30,0.05074272537669052,
2022-03-29 00:00:00+00:00,2022-03-28 00:00:00+00:00,30,30,-0.017271017582088866,
2022-03-30 00:00:00+00:00,2022-03-28 00:00:00+00:00,30,30,0.035432407495220905,
2022-03-31 00:00:00+00:00,2022-03-28 00:00:00+00:00,30,30,0.005201228492411975,
2022-04-01 00:00:00+00:00,2022-03-28 00:00:00+00:00,30,30,-0.03927265912896738,
2022-04-02 00:00:00+00:00,2022-03-28 00:00:00+00:00,30,30,0.0293090911544836,
2022-04-03 00:00:00+00:00,2022-03-28 00:00:00+00:00,30,30,-0.008873524402979779,
2022-04-04 00:00:00+00:00,2022-04-04 00:00:00+00:00,30,30,0.028981994945963336,
2022-04-05 00:00:00+00:00,2022-04-04 00:00:00+00:00,30,30,-0.018671768980314467,
2022-04-06 00:00:00+00:00,2022-04-04 00:00:00+00:00,30,30,-0.03396832338728631,
2022-04-07 00:00:00+00:00,2022-04-04 00:00:00+00:00,30,30,-0.10086266934334827,
2022-04-08 00:00:00+00:00,2022-04-04 00:00:00+00:00,30,30,0.03664236169360289,
2022-04-09 00:00:00+00:00,2022-04-04 00:00:00+00:00,30,30,-0.0498924402689663,
2022-04-10 00:00:00+00:00,2022-04-04 00:00:00+00:00,30,30,0.02592421065115493,
2022-04-11 00:00:00+00:00,2022-04-11 00:00:00+00:00,30,30,-0.027073041192441628,
2022-04-12 00:00:00+00:00,2022-04-11 00:00:00+00:00,30,30,-0.08945892848119966,
2022-04-13 00:00:00+00:00,2022-04-11 00:00:00+00:00,30,30,0.04030887902378661,
2022-04-14 00:00:00+00:00,2022-04-11 00:00:00+00:00,30,30,0.03321934084084792,
2022-04-15 00:00:00+00:00,2022-04-11 00:00:00+00:00,30,30,-0.026801021642119584,
2022-04-16 00:00:00+00:00,2022-04-11 00:00:00+00:00,30,30,0.02069032570929358,
2022-04-17 00:00:00+00:00,2022-04-11 00:00:00+00:00,30,30,0.0004414385240531784,
2022-04-18 00:00:00+00:00,2022-04-18 00:00:00+00:00,30,30,-0.032435401720505824,
2022-04-19 00:00:00+00:00,2022-04-18 00:00:00+00:00,30,30,0.02826262820302387,
2022-04-20 00:00:00+00:00,2022-04-18 00:00:00+00:00,30,30,0.025595271741839183,
2022-04-21 00:00:00+00:00,2022-04-18 00:00:00+00:00,30,30,-0.009030286132138191,
2022-04-22 00:00:00+00:00,2022-04-18 00:00:00+00:00,30,30,-0.03539607969424969,
2022-04-23 00:00:00+00:00,2022-04-18 00:00:00+00:00,30,30,0.0006820511577656674,
2022-04-24 00:00:00+00:00,2022-04-18 00:00:00+00:00,30,30,-0.009395265651360306,
2022-04-25 00:00:00+00:00,2022-04-25 00:00:00+00:00,30,30,-0.010448141304994326,
2022-04-26 00:00:00+00:00,2022-04-25 00:00:00+00:00,30,30,0.015339764047393787,
2022-04-27 00:00:00+00:00,2022-04-25 00:00:00+00:00,30,30,-0.08355874960254879,
2022-04-28 00:00:00+00:00,2022-04-25 00:00:00+00:00,30,30,0.02664051547951338,
2022-04-29 00:00:00+00:00,2022-04-25 00:00:00+00:00,30,30,-0.008098327840411094,
2022-04-30 00:00:00+00:00,2022-04-25 00:00:00+00:00,30,30,-0.05527946077587354,
2022-05-01 00:00:00+00:00,2022-04-25 00:00:00+00:00,30,30,-0.08330751710252667,
2022-05-02 00:00:00+00:00,2022-05-02 00:00:00+00:00,30,30,0.04053058057588208,
2022-05-03 00:00:00+00:00,2022-05-02 00:00:00+00:00,30,30,-0.010379280272524315,
2022-05-04 00:00:00+00:00,2022-05-02 00:00:00+00:00,30,30,-0.008300701002521343,
2022-05-05 00:00:00+00:00,2022-05-02 00:00:00+00:00,30,30,0.09558263118697702,
2022-05-06 00:00:00+00:00,2022-05-02 00:00:00+00:00,30,30,-0.09137423379342587,
2022-05-07 00:00:00+00:00,2022-05-02 00:00:00+00:00,30,30,-0.004239532191692222,
2022-05-08 00:00:00+00:00,2022-05-02 00:00:00+00:00,30,30,-0.03491885487870576,
2022-05-09 00:00:00+00:00,2022-05-09 00:00:00+00:00,30,30,-0.022161558013497965,
2022-05-10 00:00:00+00:00,2022-05-09 00:00:00+00:00,30,30,-0.19642391081921234,
2022-05-11 00:00:00+00:00,2022-05-09 00:00:00+00:00,30,30,0.04966319548396739,
2022-05-12 00:00:00+00:00,2022-05-09 00:00:00+00:00,30,30,-0.20976765454098933,
2022-05-13 00:00:00+00:00,2022-05-09 00:00:00+00:00,30,30,-0.0538042788555236,
2022-05-14 00:00:00+00:00,2022-05-09 00:00:00+00:00,30,30,0.0865585576037649,
2022-05-15 00:00:00+00:00,2022-05-09 00:00:00+00:00,30,30,0.040665372986036306,
2022-05-16 00:00:00+00:00,2022-05-16 00:00:00+00:00,30,30,0.05592560356824741,
2022-05-17 00:00:00+00:00,2022-05-16 00:00:00+00:00,30,30,-0.07897889937131033,
2022-05-18 00:00:00+00:00,2022-05-16 00:00:00+00:00,30,30,0.05203670425646343,
2022-05-19 00:00:00+00:00,2022-05-16 00:00:00+00:00,30,30,-0.11097908295441936,
2022-05-20 00:00:00+00:00,2022-05-16 00:00:00+00:00,30,30,0.04904057888150285,
2022-05-21 00:00:00+00:00,2022-05-16 00:00:00+00:00,30,30,-0.02679354305609525,
2022-05-22 00:00:00+00:00,2022-05-16 00:00:00+00:00,30,30,0.01976514622623523,
2022-05-23 00:00:00+00:00,2022-05-23 00:00:00+00:00,30,30,0.03272624683897057,
2022-05-24 00:00:00+00:00,2022-05-23 00:00:00+00:00,30,30,-0.025202196471952192,
2022-05-25 00:00:00+00:00,2022-05-23 00:00:00+00:00,30,30,0.01852959868663848,
2022-05-26 00:00:00+00:00,2022-05-23 00:00:00+00:00,30,30,-0.01466396803945561,
2022-05-27 00:00:00+00:00,2022-05-23 00:00:00+00:00,30,30,-0.07313451590094053,
2022-05-28 00:00:00+00:00,2022-05-23 00:00:00+00:00,30,30,-0.030688463509637144,
2022-05-29 00:00:00+00:00,2022-05-23 00:00:00+00:00,30,30,0.025923036441765256,
2022-05-30 00:00:00+00:00,2022-05-30 00:00:00+00:00,30,30,0.024756213783975103,
2022-05-31 00:00:00+00:00,2022-05-30 00:00:00+00:00,30,30,0.09635638724067631,
2022-06-01 00:00:00+00:00,2022-05-30 00:00:00+00:00,30,30,-0.0089533128392905,
2022-06-02 00:00:00+00:00,2022-05-30 00:00:00+00:00,30,30,-0.0712918781278165,
2022-06-03 00:00:00+00:00,2022-05-30 00:00:00+00:00,30,30,0.0327823944352746,
2022-06-04 00:00:00+00:00,2022-05-30 00:00:00+00:00,30,30,-0.044951382450372106,
2022-06-05 00:00:00+00:00,2022-05-30 00:00:00+00:00,30,30,0.008986531768984956,
2022-06-06 00:00:00+00:00,2022-06-06 00:00:00+00:00,30,30,-0.005701359703665214,
2022-06-07 00:00:00+00:00,2022-06-06 00:00:00+00:00,30,30,0.036782840872971095,
2022-06-08 00:00:00+00:00,2022-06-06 00:00:00+00:00,30,30,-0.024668922677482583,
2022-06-09 00:00:00+00:00,2022-06-06 00:00:00+00:00,30,30,-0.011856212928644104,
2022-06-10 00:00:00+00:00,2022-06-06 00:00:00+00:00,30,30,-0.0027880370773582515,
2022-06-11 00:00:00+00:00,2022-06-06 00:00:00+00:00,30,30,-0.06465234471528665,
2022-06-12 00:00:00+00:00,2022-06-06 00:00:00+00:00,30,30,-0.07297612188077339,
2022-06-13 00:00:00+00:00,2022-06-13 00:00:00+00:00,30,30,-0.06481740359079086,
2022-06-14 00:00:00+00:00,2022-06-13 00:00:00+00:00,30,30,-0.1050758318593648,
2022-06-15 00:00:00+00:00,2022-06-13 00:00:00+00:00,30,30,0.009936067180275772,
2022-06-16 00:00:00+00:00,2022-06-13 00:00:00+00:00,30,30,0.07157774964298455,
2022-06-17 00:00:00+00:00,2022-06-13 00:00:00+00:00,30,30,-0.11907821571008247,
2022-06-18 00:00:00+00:00,2022-06-13 00:00:00+00:00,30,30,0.029950743661510064,
2022-06-19 00:00:00+00:00,2022-06-13 00:00:00+00:00,30,30,-0.06397385446775754,
2022-06-20 00:00:00+00:00,2022-06-20 00:00:00+00:00,30,30,0.09110196260631692,
2022-06-21 00:00:00+00:00,2022-06-20 00:00:00+00:00,30,30,0.03949789968557802,
2022-06-22 00:00:00+00:00,2022-06-20 00:00:00+00:00,30,30,0.026457756879958817,
2022-06-23 00:00:00+00:00,2022-06-20 00:00:00+00:00,30,30,-0.04121886480537096,
2022-06-24 00:00:00+00:00,2022-06-20 00:00:00+00:00,30,30,0.06559615350462425,
2022-06-25 00:00:00+00:00,2022-06-20 00:00:00+00:00,30,30,0.038217290583197366,
2022-06-26 00:00:00+00:00,2022-06-20 00:00:00+00:00,30,30,0.014582035228293986,
2022-06-27 00:00:00+00:00,2022-06-27 00:00:00+00:00,30,30,-0.0448336757438347,
2022-06-28 00:00:00+00:00,2022-06-27 00:00:00+00:00,30,30,-0.013020934806439151,
2022-06-29 00:00:00+00:00,2022-06-27 00:00:00+00:00,30,30,-0.0460545291283071,
2022-06-30 00:00:00+00:00,2022-06-27 00:00:00+00:00,30,30,-0.012105201997504955,
2022-07-01 00:00:00+00:00,2022-06-27 00:00:00+00:00,30,30,-0.013681802444795405,
2022-07-02 00:00:00+00:00,2022-06-27 00:00:00+00:00,30,30,-0.019343952511819477,
2022-07-03 00:00:00+00:00,2022-06-27 00:00:00+00:00,30,30,0.015180123582822577,
2022-07-04 00:00:00+00:00,2022-07-04 00:00:00+00:00,30,30,0.0030578363033980194,
2022-07-05 00:00:00+00:00,2022-07-04 00:00:00+00:00,30,30,0.04695502282260548,
2022-07-06 00:00:00+00:00,2022-07-04 00:00:00+00:00,30,30,-0.016690031950135763,
2022-07-07 00:00:00+00:00,2022-07-04 00:00:00+00:00,30,30,0.01818288751151923,
2022-07-08 00:00:00+00:00,2022-07-04 00:00:00+00:00,30,30,0.045245343257319326,
2022-07-09 00:00:00+00:00,2022-07-04 00:00:00+00:00,30,30,-0.008302108187716577,
2022-07-10 00:00:00+00:00,2022-07-04 00:00:00+00:00,30,30,0.03118577479799248,
2022-07-11 00:00:00+00:00,2022-07-11 00:00:00+00:00,30,30,-0.04189208599620345,
2022-07-12 00:00:00+00:00,2022-07-11 00:00:00+00:00,30,30,-0.058249343026106765,
2022-07-13 00:00:00+00:00,2022-07-11 00:00:00+00:00,30,30,-0.025171010711463715,
2022-07-14 00:00:00+00:00,2022-07-11 00:00:00+00:00,30,30,0.0698033977782663,
2022-07-15 00:00:00+00:00,2022-07-11 00:00:00+00:00,30,30,0.04167833059530743,
2022-07-16 00:00:00+00:00,2022-07-11 00:00:00+00:00,30,30,0.01286823380064312,
2022-07-17 00:00:00+00:00,2022-07-11 00:00:00+00:00,30,30,0.04824616202813812,
2022-07-18 00:00:00+00:00,2022-07-18 00:00:00+00:00,30,30,-0.014664995819666722,
2022-07-19 00:00:00+00:00,2022-07-18 00:00:00+00:00,30,30,0.0882777303267701,
2022-07-20 00:00:00+00:00,2022-07-18 00:00:00+00:00,30,30,0.01407964197103791,
2022-07-21 00:00:00+00:00,2022-07-18 00:00:00+00:00,30,30,-0.044323064220018187,
2022-07-22 00:00:00+00:00,2022-07-18 00:00:00+00:00,30,30,0.033970590406753,
2022-07-23 00:00:00+00:00,2022-07-18 00:00:00+00:00,30,30,-0.02833074745485837,
2022-07-24 00:00:00+00:00,2022-07-18 00:00:00+00:00,30,30,0.004842610429033784,
2022-07-25 00:00:00+00:00,2022-07-25 00:00:00+00:00,30,30,0.011967880460159038,
2022-07-26 00:00:00+00:00,2022-07-25 00:00:00+00:00,30,30,-0.08732779876427815,
2022-07-27 00:00:00+00:00,2022-07-25 00:00:00+00:00,30,30,0.009347433869981946,
2022-07-28 00:00:00+00:00,2022-07-25 00:00:00+00:00,30,30,0.10265581956531232,
2022-07-29 00:00:00+00:00,2022-07-25 00:00:00+00:00,30,30,0.06593828574983229,
2022-07-30 00:00:00+00:00,2022-07-25 00:00:00+00:00,30,30,0.0009293859570245422,
2022-07-31 00:00:00+00:00,2022-07-25 00:00:00+00:00,30,30,-0.004170792323062742,
2022-08-01 00:00:00+00:00,2022-08-01 00:00:00+00:00,30,30,-0.019707348147443446,
2022-08-02 00:00:00+00:00,2022-08-01 00:00:00+00:00,30,30,6.805323310553705e-05,
2022-08-03 00:00:00+00:00,2022-08-01 00:00:00+00:00,30,30,-0.014010160839997225,
2022-08-04 00:00:00+00:00,2022-08-01 00:00:00+00:00,30,30,0.004450356452179166,
2022-08-05 00:00:00+00:00,2022-08-01 00:00:00+00:00,30,30,0.007093319935435304,
2022-08-06 00:00:00+00:00,2022-08-01 00:00:00+00:00,30,30,0.05154765466505674,
2022-08-07 00:00:00+00:00,2022-08-01 00:00:00+00:00,30,30,-0.006992587554282678,
2022-08-08 00:00:00+00:00,2022-08-08 00:00:00+00:00,30,30,0.012063864030997577,
2022-08-09 00:00:00+00:00,2022-08-08 00:00:00+00:00,30,30,0.018517474844281,
2022-08-10 00:00:00+00:00,2022-08-08 00:00:00+00:00,30,30,-0.04154705899137581,
2022-08-11 00:00:00+00:00,2022-08-08 00:00:00+00:00,30,30,0.05996069381822865,
2022-08-12 00:00:00+00:00,2022-08-08 00:00:00+00:00,30,30,-0.011236145493892092,
2022-08-13 00:00:00+00:00,2022-08-08 00:00:00+00:00,30,30,0.02484294303977543,
2022-08-14 00:00:00+00:00,2022-08-08 00:00:00+00:00,30,30,-0.001067161845526765,
2022-08-15 00:00:00+00:00,2022-08-15 00:00:00+00:00,30,30,-0.011297103146991764,
2022-08-16 00:00:00+00:00,2022-08-15 00:00:00+00:00,30,30,-0.02095825369155733,
2022-08-17 00:00:00+00:00,2022-08-15 00:00:00+00:00,30,30,-0.003142511435539346,
2022-08-18 00:00:00+00:00,2022-08-15 00:00:00+00:00,30,30,-0.040147095692308295,
2022-08-19 00:00:00+00:00,2022-08-15 00:00:00+00:00,30,30,-0.04372684211798277,
2022-08-20 00:00:00+00:00,2022-08-15 00:00:00+00:00,30,30,-0.10544722499828732,
2022-08-21 00:00:00+00:00,2022-08-15 00:00:00+00:00,30,30,0.0012358178818491312,
2022-08-22 00:00:00+00:00,2022-08-22 00:00:00+00:00,30,30,0.034964142857842335,
2022-08-23 00:00:00+00:00,2022-08-22 00:00:00+00:00,30,30,-0.0033752752612671,
2022-08-24 00:00:00+00:00,2022-08-22 00:00:00+00:00,30,30,0.017143264648182114,
2022-08-25 00:00:00+00:00,2022-08-22 00:00:00+00:00,30,30,-0.006902118767733489,
2022-08-26 00:00:00+00:00,2022-08-22 00:00:00+00:00,30,30,0.010631030382203959,
2022-08-27 00:00:00+00:00,2022-08-22 00:00:00+00:00,30,30,-0.09195149576085307,
2022-08-28 00:00:00+00:00,2022-08-22 00:00:00+00:00,30,30,-0.0005937992170385343,
2022-08-29 00:00:00+00:00,2022-08-29 00:00:00+00:00,30,30,-0.026780931263382532,
2022-08-30 00:00:00+00:00,2022-08-29 00:00:00+00:00,30,30,0.06481522595625952,
2022-08-31 00:00:00+00:00,2022-08-29 00:00:00+00:00,30,30,-0.034304062051736306,
2022-09-01 00:00:00+00:00,2022-08-29 00:00:00+00:00,30,30,0.007018345684660639,
2022-09-02 00:00:00+00:00,2022-08-29 00:00:00+00:00,30,30,0.014427334165424927,
2022-09-03 00:00:00+00:00,2022-08-29 00:00:00+00:00,30,30,0.0025882274857880684,
2022-09-04 00:00:00+00:00,2022-08-29 00:00:00+00:00,30,30,-0.0006012686363896578,
2022-09-05 00:00:00+00:00,2022-09-05 00:00:00+00:00,30,30,0.017715572006971006,
2022-09-06 00:00:00+00:00,2022-09-05 00:00:00+00:00,30,30,0.008185871362150687,
2022-09-07 00:00:00+00:00,2022-09-05 00:00:00+00:00,30,30,-0.07599363745942389,
2022-09-08 00:00:00+00:00,2022-09-05 00:00:00+00:00,30,30,0.0433983649289391,
2022-09-09 00:00:00+00:00,2022-09-05 00:00:00+00:00,30,30,0.012235342869103102,
2022-09-10 00:00:00+00:00,2022-09-05 00:00:00+00:00,30,30,0.05320127386004738,
2022-09-11 00:00:00+00:00,2022-09-05 00:00:00+00:00,30,30,0.009999793611528838,
2022-09-12 00:00:00+00:00,2022-09-12 00:00:00+00:00,30,30,-0.004652832049994519,
2022-09-13 00:00:00+00:00,2022-09-12 00:00:00+00:00,30,30,-0.005992219870348775,
2022-09-14 00:00:00+00:00,2022-09-12 00:00:00+00:00,30,30,-0.0821323600535233,
2022-09-15 00:00:00+00:00,2022-09-12 00:00:00+00:00,30,30,0.022780029989698632,
2022-09-16 00:00:00+00:00,2022-09-12 00:00:00+00:00,30,30,-0.0394968078699791,
2022-09-17 00:00:00+00:00,2022-09-12 00:00:00+00:00,30,30,0.008944068382708984,
2022-09-18 00:00:00+00:00,2022-09-12 00:00:00+00:00,30,30,0.027717131391835785,
2022-09-19 00:00:00+00:00,2022-09-19 00:00:00+00:00,30,30,-0.08353512174046028,
2022-09-20 00:00:00+00:00,2022-09-19 00:00:00+00:00,30,30,0.027361022218838512,
2022-09-21 00:00:00+00:00,2022-09-19 00:00:00+00:00,30,30,-0.01463113154916439,
2022-09-22 00:00:00+00:00,2022-09-19 00:00:00+00:00,30,30,-0.024834059034566702,
2022-09-23 00:00:00+00:00,2022-09-19 00:00:00+00:00,30,30,0.06076764651665065,
2022-09-24 00:00:00+00:00,2022-09-19 00:00:00+00:00,30,30,0.020752047123945815,
2022-09-25 00:00:00+00:00,2022-09-19 00:00:00+00:00,30,30,-0.0168133279178605,
2022-09-26 00:00:00+00:00,2022-09-26 00:00:00+00:00,30,30,-0.013684495183401823,
2022-09-27 00:00:00+00:00,2022-09-26 00:00:00+00:00,30,30,0.015012292077619572,
2022-09-28 00:00:00+00:00,2022-09-26 00:00:00+00:00,30,30,-0.007932285700788059,
2022-09-29 00:00:00+00:00,2022-09-26 00:00:00+00:00,30,30,0.003726650391868311,
2022-09-30 00:00:00+00:00,2022-09-26 00:00:00+00:00,30,30,0.009038102349329082,
2022-10-01 00:00:00+00:00,2022-09-26 00:00:00+00:00,30,30,-0.005431164745457183,
2022-10-02 00:00:00+00:00,2022-09-26 00:00:00+00:00,30,30,-0.0100528915224402,
2022-10-03 00:00:00+00:00,2022-10-03 00:00:00+00:00,30,30,-0.027726566350380448,
2022-10-04 00:00:00+00:00,2022-10-03 00:00:00+00:00,30,30,0.029420053742601888,
2022-10-05 00:00:00+00:00,2022-10-03 00:00:00+00:00,30,30,0.025564858716119517,
2022-10-06 00:00:00+00:00,2022-10-03 00:00:00+00:00,30,30,-0.0067215085757682405,
2022-10-07 00:00:00+00:00,2022-10-03 00:00:00+00:00,30,30,-0.011341690186459873,
2022-10-08 00:00:00+00:00,2022-10-03 00:00:00+00:00,30,30,-0.003795591205001834,
2022-10-09 00:00:00+00:00,2022-10-03 00:00:00+00:00,30,30,-0.006073112044376871,
2022-10-10 00:00:00+00:00,2022-10-10 00:00:00+00:00,30,30,0.00834741734463034,
2022-10-11 00:00:00+00:00,2022-10-10 00:00:00+00:00,30,30,-0.045965786216913725,
2022-10-12 00:00:00+00:00,2022-10-10 00:00:00+00:00,30,30,-0.01581870643594592,
2022-10-13 00:00:00+00:00,2022-10-10 00:00:00+00:00,30,30,-0.0014859915572399036,
2022-10-14 00:00:00+00:00,2022-10-10 00:00:00+00:00,30,30,-0.006440478211718637,
2022-10-15 00:00:00+00:00,2022-10-10 00:00:00+00:00,30,30,-0.004090430234785288,
2022-10-16 00:00:00+00:00,2022-10-10 00:00:00+00:00,30,30,0.0007216320393888374,
2022-10-17 00:00:00+00:00,2022-10-17 00:00:00+00:00,30,30,0.02010770135992398,
2022-10-18 00:00:00+00:00,2022-10-17 00:00:00+00:00,30,30,0.02484722213268657,
2022-10-19 00:00:00+00:00,2022-10-17 00:00:00+00:00,30,30,-0.016126587003152986,
2022-10-20 00:00:00+00:00,2022-10-17 00:00:00+00:00,30,30,-0.030004646457367997,
2022-10-21 00:00:00+00:00,2022-10-17 00:00:00+00:00,30,30,-0.006174264573586657,
2022-10-22 00:00:00+00:00,2022-10-17 00:00:00+00:00,30,30,0.016865286565678164,
2022-10-23 00:00:00+00:00,2022-10-17 00:00:00+00:00,30,30,0.0037958488266123616,
2022-10-24 00:00:00+00:00,2022-10-24 00:00:00+00:00,30,30,0.02253301471341366,
2022-10-25 00:00:00+00:00,2022-10-24 00:00:00+00:00,30,30,-0.023400210781353206,
2022-10-26 00:00:00+00:00,2022-10-24 00:00:00+00:00,30,30,0.03799806947022621,
2022-10-27 00:00:00+00:00,2022-10-24 00:00:00+00:00,30,30,0.02942022212246228,
2022-10-28 00:00:00+00:00,2022-10-24 00:00:00+00:00,30,30,-0.020757806652826703,
2022-10-29 00:00:00+00:00,2022-10-24 00:00:00+00:00,30,30,0.027793003574743045,
2022-10-30 00:00:00+00:00,2022-10-24 00:00:00+00:00,30,30,0.03061604844603486,
2022-10-31 00:00:00+00:00,2022-10-31 00:00:00+00:00,30,30,-0.01467107299451056,
2022-11-01 00:00:00+00:00,2022-10-31 00:00:00+00:00,30,30,0.003970239546853892,
2022-11-02 00:00:00+00:00,2022-10-31 00:00:00+00:00,30,30,-0.005219400722137472,
2022-11-03 00:00:00+00:00,2022-10-31 00:00:00+00:00,30,30,-0.02564979322941439,
2022-11-04 00:00:00+00:00,2022-10-31 00:00:00+00:00,30,30,0.015951403819893708,
2022-11-05 00:00:00+00:00,2022-10-31 00:00:00+00:00,30,30,0.0748404290167792,
2022-11-06 00:00:00+00:00,2022-10-31 00:00:00+00:00,30,30,-0.0010722691130970348,
2022-11-07 00:00:00+00:00,2022-11-07 00:00:00+00:00,30,30,-0.05290266011681953,
2022-11-08 00:00:00+00:00,2022-11-07 00:00:00+00:00,30,30,0.012270439551438101,
2022-11-09 00:00:00+00:00,2022-11-07 00:00:00+00:00,30,30,-0.19341954874839223,
2022-11-10 00:00:00+00:00,2022-11-07 00:00:00+00:00,30,30,-0.21337070860723736,
2022-11-11 00:00:00+00:00,2022-11-07 00:00:00+00:00,30,30,0.16191069617215362,
2022-11-12 00:00:00+00:00,2022-11-07 00:00:00+00:00,30,30,-0.04063440090737757,
2022-11-13 00:00:00+00:00,2022-11-07 00:00:00+00:00,30,30,-0.0593376999493097,
2022-11-14 00:00:00+00:00,2022-11-14 00:00:00+00:00,30,30,-0.03491865091127799,
2022-11-15 00:00:00+00:00,2022-11-14 00:00:00+00:00,30,30,0.030588759568128916,
2022-11-16 00:00:00+00:00,2022-11-14 00:00:00+00:00,30,30,0.023041475829862386,
2022-11-17 00:00:00+00:00,2022-11-14 00:00:00+00:00,30,30,-0.02542884665396499,
2022-11-18 00:00:00+00:00,2022-11-14 00:00:00+00:00,30,30,-0.007798141049169783,
2022-11-19 00:00:00+00:00,2022-11-14 00:00:00+00:00,30,30,0.005525722354530799,
2022-11-20 00:00:00+00:00,2022-11-14 00:00:00+00:00,30,30,0.0015509419219546276,
2022-11-21 00:00:00+00:00,2022-11-21 00:00:00+00:00,30,30,-0.058223117678011596,
2022-11-22 00:00:00+00:00,2022-11-21 00:00:00+00:00,30,30,-0.017917047053527875,
2022-11-23 00:00:00+00:00,2022-11-21 00:00:00+00:00,30,30,0.04705443989949917,
2022-11-24 00:00:00+00:00,2022-11-21 00:00:00+00:00,30,30,0.040982386996482385,
2022-11-25 00:00:00+00:00,2022-11-21 00:00:00+00:00,30,30,-0.0010256088904888197,
2022-11-26 00:00:00+00:00,2022-11-21 00:00:00+00:00,30,30,-0.002377568068820292,
2022-11-27 00:00:00+00:00,2022-11-21 00:00:00+00:00,30,30,0.0010616717326710193,
2022-11-28 00:00:00+00:00,2022-11-28 00:00:00+00:00,30,30,-0.003960071176459934,
2022-11-29 00:00:00+00:00,2022-11-28 00:00:00+00:00,30,30,-0.01827155220911163,
2022-11-30 00:00:00+00:00,2022-11-28 00:00:00+00:00,30,30,0.01746680412815953,
2022-12-01 00:00:00+00:00,2022-11-28 00:00:00+00:00,30,30,0.03949381801145626,
2022-12-02 00:00:00+00:00,2022-11-28 00:00:00+00:00,30,30,-0.014387231067382477,
2022-12-03 00:00:00+00:00,2022-11-28 00:00:00+00:00,30,30,0.01882404524387559,
2022-12-04 00:00:00+00:00,2022-11-28 00:00:00+00:00,30,30,-0.02463625570252671,
2022-12-05 00:00:00+00:00,2022-12-05 00:00:00+00:00,30,30,0.01961794406433865,
2022-12-06 00:00:00+00:00,2022-12-05 00:00:00+00:00,30,30,0.0033239188506635504,
2022-12-07 00:00:00+00:00,2022-12-05 00:00:00+00:00,30,30,-0.0037342223267567863,
2022-12-08 00:00:00+00:00,2022-12-05 00:00:00+00:00,30,30,-0.033456743719035634,
2022-12-09 00:00:00+00:00,2022-12-05 00:00:00+00:00,30,30,0.020156903967966874,
2022-12-10 00:00:00+00:00,2022-12-05 00:00:00+00:00,30,30,0.0028739754899433367,
2022-12-11 00:00:00+00:00,2022-12-05 00:00:00+00:00,30,30,-0.00452745081921567,
2022-12-12 00:00:00+00:00,2022-12-12 00:00:00+00:00,30,30,-0.014655776302283643,
2022-12-13 00:00:00+00:00,2022-12-12 00:00:00+00:00,30,30,0.0010888197384050122,
2022-12-14 00:00:00+00:00,2022-12-12 00:00:00+00:00,30,30,0.016772820684731012,
2022-12-15 00:00:00+00:00,2022-12-12 00:00:00+00:00,30,30,-0.013012812435858745,
2022-12-16 00:00:00+00:00,2022-12-12 00:00:00+00:00,30,30,-0.021791556756059503,
2022-12-17 00:00:00+00:00,2022-12-12 00:00:00+00:00,30,30,-0.09708333121683295,
2022-12-18 00:00:00+00:00,2022-12-12 00:00:00+00:00,30,30,0.011110101842950847,
2022-12-19 00:00:00+00:00,2022-12-19 00:00:00+00:00,30,30,-0.005878392211496449,
2022-12-20 00:00:00+00:00,2022-12-19 00:00:00+00:00,30,30,-0.042301782597139646,
2022-12-21 00:00:00+00:00,2022-12-19 00:00:00+00:00,30,30,0.034201210097111724,
2022-12-22 00:00:00+00:00,2022-12-19 00:00:00+00:00,30,30,-0.01438876442573498,
2022-12-23 00:00:00+00:00,2022-12-19 00:00:00+00:00,30,30,0.00845243537518292,
2022-12-24 00:00:00+00:00,2022-12-19 00:00:00+00:00,30,30,-0.0020754872753807325,
2022-12-25 00:00:00+00:00,2022-12-19 00:00:00+00:00,30,30,-0.0014511567500237346,
2022-12-26 00:00:00+00:00,2022-12-26 00:00:00+00:00,30,30,-0.00259972556878279,
2022-12-27 00:00:00+00:00,2022-12-26 00:00:00+00:00,30,30,0.016098066435791338,
2022-12-28 00:00:00+00:00,2022-12-26 00:00:00+00:00,30,30,-0.009981132563097284,
2022-12-29 00:00:00+00:00,2022-12-26 00:00:00+00:00,30,30,-0.031052942045113056,
2022-12-30 00:00:00+00:00,2022-12-26 00:00:00+00:00,30,30,0.0006880827020513662,
2022-12-31 00:00:00+00:00,2022-12-26 00:00:00+00:00,30,30,-0.003892706343506002,
2023-01-01 00:00:00+00:00,2022-12-26 00:00:00+00:00,30,30,-0.0006335802510311452,
2023-01-02 00:00:00+00:00,2023-01-02 00:00:00+00:00,30,30,0.014095677827370746,
2023-01-03 00:00:00+00:00,2023-01-02 00:00:00+00:00,30,30,0.021960443671773893,
2023-01-04 00:00:00+00:00,2023-01-02 00:00:00+00:00,30,30,-0.0028626449920507208,
2023-01-05 00:00:00+00:00,2023-01-02 00:00:00+00:00,30,30,0.0394583372291952,
2023-01-06 00:00:00+00:00,2023-01-02 00:00:00+00:00,30,30,-0.01578113293675292,
2023-01-07 00:00:00+00:00,2023-01-02 00:00:00+00:00,30,30,0.02450470141287116,
2023-01-08 00:00:00+00:00,2023-01-02 00:00:00+00:00,30,30,0.005988174443916413,
2023-01-09 00:00:00+00:00,2023-01-09 00:00:00+00:00,30,30,0.03597384867554698,
2023-01-10 00:00:00+00:00,2023-01-09 00:00:00+00:00,30,30,0.021148966643156828,
2023-01-11 00:00:00+00:00,2023-01-09 00:00:00+00:00,30,30,0.013354553489278565,
2023-01-12 00:00:00+00:00,2023-01-09 00:00:00+00:00,30,30,0.025279057610140487,
2023-01-13 00:00:00+00:00,2023-01-09 00:00:00+00:00,30,30,0.0242771770105771,
2023-01-14 00:00:00+00:00,2023-01-09 00:00:00+00:00,30,30,0.0459972361316663,
2023-01-15 00:00:00+00:00,2023-01-09 00:00:00+00:00,30,30,0.048489773958569814,
2023-01-16 00:00:00+00:00,2023-01-16 00:00:00+00:00,30,30,0.014246927882396865,
2023-01-17 00:00:00+00:00,2023-01-16 00:00:00+00:00,30,30,-0.0010961342093812323,
2023-01-18 00:00:00+00:00,2023-01-16 00:00:00+00:00,30,30,-0.004330254509167948,
2023-01-19 00:00:00+00:00,2023-01-16 00:00:00+00:00,30,30,-0.050273641389825666,
2023-01-20 00:00:00+00:00,2023-01-16 00:00:00+00:00,30,30,0.03437429269746525,
2023-01-21 00:00:00+00:00,2023-01-16 00:00:00+00:00,30,30,0.07286985350925265,
2023-01-22 00:00:00+00:00,2023-01-16 00:00:00+00:00,30,30,-0.014995492651376702,
2023-01-23 00:00:00+00:00,2023-01-23 00:00:00+00:00,30,30,0.010433878031819466,
2023-01-24 00:00:00+00:00,2023-01-23 00:00:00+00:00,30,30,0.01800206270595769,
2023-01-25 00:00:00+00:00,2023-01-23 00:00:00+00:00,30,30,-0.05279820817306325,
2023-01-26 00:00:00+00:00,2023-01-23 00:00:00+00:00,30,30,0.03681407605243404,
2023-01-27 00:00:00+00:00,2023-01-23 00:00:00+00:00,30,30,0.0006223671429691154,
2023-01-28 00:00:00+00:00,2023-01-23 00:00:00+00:00,30,30,0.024152070439097895,
2023-01-29 00:00:00+00:00,2023-01-23 00:00:00+00:00,30,30,-0.014613490603079489,
2023-01-30 00:00:00+00:00,2023-01-30 00:00:00+00:00,30,30,0.034177226996705466,
2023-01-31 00:00:00+00:00,2023-01-30 00:00:00+00:00,30,30,-0.0580643676596848,
2023-02-01 00:00:00+00:00,2023-01-30 00:00:00+00:00,30,30,0.018436260360101004,
2023-02-02 00:00:00+00:00,2023-01-30 00:00:00+00:00,30,30,0.03736832537768294,
2023-02-03 00:00:00+00:00,2023-01-30 00:00:00+00:00,30,30,-0.00982422646832807,
2023-02-04 00:00:00+00:00,2023-01-30 00:00:00+00:00,30,30,0.02050404516211113,
2023-02-05 00:00:00+00:00,2023-01-30 00:00:00+00:00,30,30,0.0008265094220015266,
2023-02-06 00:00:00+00:00,2023-02-06 00:00:00+00:00,30,30,-0.036120295035633035,
2023-02-07 00:00:00+00:00,2023-02-06 00:00:00+00:00,30,30,-0.010005373723322693,
2023-02-08 00:00:00+00:00,2023-02-06 00:00:00+00:00,30,30,0.057377954095390066,
2023-02-09 00:00:00+00:00,2023-02-06 00:00:00+00:00,30,30,-0.020903607688899546,
2023-02-10 00:00:00+00:00,2023-02-06 00:00:00+00:00,30,30,-0.08687536600677977,
2023-02-11 00:00:00+00:00,2023-02-06 00:00:00+00:00,30,30,0.002378882420656474,
2023-02-12 00:00:00+00:00,2023-02-06 00:00:00+00:00,30,30,0.020937186299703266,
2023-02-13 00:00:00+00:00,2023-02-13 00:00:00+00:00,30,30,-0.011006433329995518,
2023-02-14 00:00:00+00:00,2023-02-13 00:00:00+00:00,30,30,-0.011231234232946882,
2023-02-15 00:00:00+00:00,2023-02-13 00:00:00+00:00,30,30,0.0323375236763332,
2023-02-16 00:00:00+00:00,2023-02-13 00:00:00+00:00,30,30,0.06621256782356423,
2023-02-17 00:00:00+00:00,2023-02-13 00:00:00+00:00,30,30,-0.05257063782447601,
2023-02-18 00:00:00+00:00,2023-02-13 00:00:00+00:00,30,30,0.0526973171571054,
2023-02-19 00:00:00+00:00,2023-02-13 00:00:00+00:00,30,30,0.009438911148498659,
2023-02-20 00:00:00+00:00,2023-02-20 00:00:00+00:00,30,30,-0.003614259702960574,
2023-02-21 00:00:00+00:00,2023-02-20 00:00:00+00:00,30,30,0.0382244801048954,
2023-02-22 00:00:00+00:00,2023-02-20 00:00:00+00:00,30,30,-0.025276873376933944,
2023-02-23 00:00:00+00:00,2023-02-20 00:00:00+00:00,30,30,-0.014893167946239017,
2023-02-24 00:00:00+00:00,2023-02-20 00:00:00+00:00,30,30,-0.010214806169683946,
2023-02-25 00:00:00+00:00,2023-02-20 00:00:00+00:00,30,30,-0.043000572953353675,
2023-02-26 00:00:00+00:00,2023-02-20 00:00:00+00:00,30,30,-0.013545167451819851,
2023-02-27 00:00:00+00:00,2023-02-27 00:00:00+00:00,30,30,0.026877500846278764,
2023-02-28 00:00:00+00:00,2023-02-27 00:00:00+00:00,30,30,-0.007780162447509977,
2023-03-01 00:00:00+00:00,2023-02-27 00:00:00+00:00,30,30,-0.028165064092438956,
2023-03-02 00:00:00+00:00,2023-02-27 00:00:00+00:00,30,30,0.0346674425222573,
2023-03-03 00:00:00+00:00,2023-02-27 00:00:00+00:00,30,30,-0.024182289655178303,
2023-03-04 00:00:00+00:00,2023-02-27 00:00:00+00:00,30,30,-0.04773264919593258,
2023-03-05 00:00:00+00:00,2023-02-27 00:00:00+00:00,30,30,-0.020129141494668348,
2023-03-06 00:00:00+00:00,2023-03-06 00:00:00+00:00,30,30,0.003256141631718536,
2023-03-07 00:00:00+00:00,2023-03-06 00:00:00+00:00,30,30,0.0020084346034303837,
2023-03-08 00:00:00+00:00,2023-03-06 00:00:00+00:00,30,30,-0.013952080324273109,
2023-03-09 00:00:00+00:00,2023-03-06 00:00:00+00:00,30,30,-0.052848546846785964,
2023-03-10 00:00:00+00:00,2023-03-06 00:00:00+00:00,30,30,-0.055598295865754134,
2023-03-11 00:00:00+00:00,2023-03-06 00:00:00+00:00,30,30,-0.00221634849419662,
2023-03-12 00:00:00+00:00,2023-03-06 00:00:00+00:00,30,30,-0.013629097918526479,
2023-03-13 00:00:00+00:00,2023-03-13 00:00:00+00:00,30,30,0.08471304670951066,
2023-03-14 00:00:00+00:00,2023-03-13 00:00:00+00:00,30,30,0.04344875590385433,
2023-03-15 00:00:00+00:00,2023-03-13 00:00:00+00:00,30,30,0.025986391705362055,
2023-03-16 00:00:00+00:00,2023-03-13 00:00:00+00:00,30,30,-0.07575466198652561,
2023-03-17 00:00:00+00:00,2023-03-13 00:00:00+00:00,30,30,0.01941710257538135,
2023-03-18 00:00:00+00:00,2023-03-13 00:00:00+00:00,30,30,0.0766617256100999,
2023-03-19 00:00:00+00:00,2023-03-13 00:00:00+00:00,30,30,-0.0307117615594627,
2023-03-20 00:00:00+00:00,2023-03-20 00:00:00+00:00,30,30,0.023609649098046644,
2023-03-21 00:00:00+00:00,2023-03-20 00:00:00+00:00,30,30,-0.040032318980125485,
2023-03-22 00:00:00+00:00,2023-03-20 00:00:00+00:00,30,30,0.046179434056665365,
2023-03-23 00:00:00+00:00,2023-03-20 00:00:00+00:00,30,30,-0.04132364387678833,
2023-03-24 00:00:00+00:00,2023-03-20 00:00:00+00:00,30,30,0.03870119877446866,
2023-03-25 00:00:00+00:00,2023-03-20 00:00:00+00:00,30,30,-0.03818644421836927,
2023-03-26 00:00:00+00:00,2023-03-20 00:00:00+00:00,30,30,-0.010276125890253202,
2023-03-27 00:00:00+00:00,2023-03-27 00:00:00+00:00,30,30,0.016506343432838796,
2023-03-28 00:00:00+00:00,2023-03-27 00:00:00+00:00,30,30,-0.03000884051303075,
2023-03-29 00:00:00+00:00,2023-03-27 00:00:00+00:00,30,30,0.022170785691604647,
2023-03-30 00:00:00+00:00,2023-03-27 00:00:00+00:00,30,30,0.03797223963861602,
2023-03-31 00:00:00+00:00,2023-03-27 00:00:00+00:00,30,30,-0.014248755590661926,
2023-04-01 00:00:00+00:00,2023-03-27 00:00:00+00:00,30,30,0.02324577738788384,
2023-04-02 00:00:00+00:00,2023-03-27 00:00:00+00:00,30,30,0.0015635783722778463,
2023-04-03 00:00:00+00:00,2023-04-03 00:00:00+00:00,30,30,-0.02023562998496603,
2023-04-04 00:00:00+00:00,2023-04-03 00:00:00+00:00,30,30,0.0047136652828775275,
2023-04-05 00:00:00+00:00,2023-04-03 00:00:00+00:00,30,30,0.02042193769219622,
2023-04-06 00:00:00+00:00,2023-04-03 00:00:00+00:00,30,30,0.005447757710099935,
2023-04-07 00:00:00+00:00,2023-04-03 00:00:00+00:00,30,30,-0.013208190133525062,
2023-04-08 00:00:00+00:00,2023-04-03 00:00:00+00:00,30,30,-0.006726421483405181,
2023-04-09 00:00:00+00:00,2023-04-03 00:00:00+00:00,30,30,-0.006736378817989711,
2023-04-10 00:00:00+00:00,2023-04-10 00:00:00+00:00,30,30,0.006094881070750753,
2023-04-11 00:00:00+00:00,2023-04-10 00:00:00+00:00,30,30,0.020885507817719348,
2023-04-12 00:00:00+00:00,2023-04-10 00:00:00+00:00,30,30,-0.0014931436847940979,
2023-04-13 00:00:00+00:00,2023-04-10 00:00:00+00:00,30,30,-0.00599151932684393,
2023-04-14 00:00:00+00:00,2023-04-10 00:00:00+00:00,30,30,0.026299087108018055,
2023-04-15 00:00:00+00:00,2023-04-10 00:00:00+00:00,30,30,0.022516929227210148,
2023-04-16 00:00:00+00:00,2023-04-10 00:00:00+00:00,30,30,0.0024369702701305487,
2023-04-17 00:00:00+00:00,2023-04-17 00:00:00+00:00,30,30,0.013412982799922658,
2023-04-18 00:00:00+00:00,2023-04-17 00:00:00+00:00,30,30,-0.020091733087014032,
2023-04-19 00:00:00+00:00,2023-04-17 00:00:00+00:00,30,30,0.029998297563938073,
2023-04-20 00:00:00+00:00,2023-04-17 00:00:00+00:00,30,30,-0.08709350997752917,
2023-04-21 00:00:00+00:00,2023-04-17 00:00:00+00:00,30,30,-0.02217125591126877,
2023-04-22 00:00:00+00:00,2023-04-17 00:00:00+00:00,30,30,-0.04425993935006352,
2023-04-23 00:00:00+00:00,2023-04-17 00:00:00+00:00,30,30,0.02454363068871015,
2023-04-24 00:00:00+00:00,2023-04-24 00:00:00+00:00,30,30,-0.01578009206987229,
2023-04-25 00:00:00+00:00,2023-04-24 00:00:00+00:00,30,30,-0.007292969506303439,
2023-04-26 00:00:00+00:00,2023-04-24 00:00:00+00:00,30,30,0.018064856361981275,
2023-04-27 00:00:00+00:00,2023-04-24 00:00:00+00:00,30,30,-0.01885689146769608,
2023-04-28 00:00:00+00:00,2023-04-24 00:00:00+00:00,30,30,0.0208009142551608,
2023-04-29 00:00:00+00:00,2023-04-24 00:00:00+00:00,30,30,-0.001644160455502076,
2023-04-30 00:00:00+00:00,2023-04-24 00:00:00+00:00,30,30,0.009799166035056338,
2023-05-01 00:00:00+00:00,2023-05-01 00:00:00+00:00,30,30,-0.021780045813963964,
2023-05-02 00:00:00+00:00,2023-05-01 00:00:00+00:00,30,30,-0.025973410172796526,
2023-05-03 00:00:00+00:00,2023-05-01 00:00:00+00:00,30,30,0.010036524786415755,
2023-05-04 00:00:00+00:00,2023-05-01 00:00:00+00:00,30,30,0.014280466896150479,
2023-05-05 00:00:00+00:00,2023-05-01 00:00:00+00:00,30,30,-0.014805206843034296,
2023-05-06 00:00:00+00:00,2023-05-01 00:00:00+00:00,30,30,0.018419508116847578,
2023-05-07 00:00:00+00:00,2023-05-01 00:00:00+00:00,30,30,-0.0416496813663783,
2023-05-08 00:00:00+00:00,2023-05-08 00:00:00+00:00,30,30,-0.008927009002395998,
2023-05-09 00:00:00+00:00,2023-05-08 00:00:00+00:00,30,30,-0.04802043523652284,
2023-05-10 00:00:00+00:00,2023-05-08 00:00:00+00:00,30,30,0.00643074308141293,
2023-05-11 00:00:00+00:00,2023-05-08 00:00:00+00:00,30,30,0.004203204743797267,
2023-05-12 00:00:00+00:00,2023-05-08 00:00:00+00:00,30,30,-0.035778911981192034,
2023-05-13 00:00:00+00:00,2023-05-08 00:00:00+00:00,30,30,0.016345684950436038,
2023-05-14 00:00:00+00:00,2023-05-08 00:00:00+00:00,30,30,-0.011519276779256156,
2023-05-15 00:00:00+00:00,2023-05-15 00:00:00+00:00,30,30,0.010405661648120694,
2023-05-16 00:00:00+00:00,2023-05-15 00:00:00+00:00,30,30,0.010101381246136344,
2023-05-17 00:00:00+00:00,2023-05-15 00:00:00+00:00,30,30,0.007709341106687004,
2023-05-18 00:00:00+00:00,2023-05-15 00:00:00+00:00,30,30,0.023040480544204614,
2023-05-19 00:00:00+00:00,2023-05-15 00:00:00+00:00,30,30,-0.018942873318514908,
2023-05-20 00:00:00+00:00,2023-05-15 00:00:00+00:00,30,30,0.0016156591905537717,
2023-05-21 00:00:00+00:00,2023-05-15 00:00:00+00:00,30,30,-0.002361318340972004,
2023-05-22 00:00:00+00:00,2023-05-22 00:00:00+00:00,30,30,-0.018969829239034824,
2023-05-23 00:00:00+00:00,2023-05-22 00:00:00+00:00,30,30,0.008331105597141182,
2023-05-24 00:00:00+00:00,2023-05-22 00:00:00+00:00,30,30,0.00785640424625999,
2023-05-25 00:00:00+00:00,2023-05-22 00:00:00+00:00,30,30,-0.02901938188647544,
2023-05-26 00:00:00+00:00,2023-05-22 00:00:00+00:00,30,30,-0.005765965164306735,
2023-05-27 00:00:00+00:00,2023-05-22 00:00:00+00:00,30,30,0.010394157823929601,
2023-05-28 00:00:00+00:00,2023-05-22 00:00:00+00:00,30,30,0.011139366369983828,
2023-05-29 00:00:00+00:00,2023-05-29 00:00:00+00:00,30,30,0.027952624566718723,
2023-05-30 00:00:00+00:00,2023-05-29 00:00:00+00:00,30,30,-0.006951262122755447,
2023-05-31 00:00:00+00:00,2023-05-29 00:00:00+00:00,30,30,0.001263633468004241,
2023-06-01 00:00:00+00:00,2023-05-29 00:00:00+00:00,30,30,-0.021378338870303704,
2023-06-02 00:00:00+00:00,2023-05-29 00:00:00+00:00,30,30,-0.008714976758514943,
2023-06-03 00:00:00+00:00,2023-05-29 00:00:00+00:00,30,30,0.02284721142298397,
2023-06-04 00:00:00+00:00,2023-05-29 00:00:00+00:00,30,30,-0.0022309920842977014,
2023-06-05 00:00:00+00:00,2023-06-05 00:00:00+00:00,30,30,0.001173694593926968,
2023-06-06 00:00:00+00:00,2023-06-05 00:00:00+00:00,30,30,-0.06812960921381615,
2023-06-07 00:00:00+00:00,2023-06-05 00:00:00+00:00,30,30,0.03207678325455993,
2023-06-08 00:00:00+00:00,2023-06-05 00:00:00+00:00,30,30,-0.0480911644485767,
2023-06-09 00:00:00+00:00,2023-06-05 00:00:00+00:00,30,30,0.0005675494272497102,
2023-06-10 00:00:00+00:00,2023-06-05 00:00:00+00:00,30,30,-0.003848931860502834,
2023-06-11 00:00:00+00:00,2023-06-05 00:00:00+00:00,30,30,-0.1184395338428428,
2023-06-12 00:00:00+00:00,2023-06-12 00:00:00+00:00,30,30,-0.000898000185532416,
2023-06-13 00:00:00+00:00,2023-06-12 00:00:00+00:00,30,30,0.0030239594621700072,
2023-06-14 00:00:00+00:00,2023-06-12 00:00:00+00:00,30,30,0.00694394141465476,
2023-06-15 00:00:00+00:00,2023-06-12 00:00:00+00:00,30,30,-0.03423978742905758,
2023-06-16 00:00:00+00:00,2023-06-12 00:00:00+00:00,30,30,0.013720013360778984,
2023-06-17 00:00:00+00:00,2023-06-12 00:00:00+00:00,30,30,0.019987497141210783,
2023-06-18 00:00:00+00:00,2023-06-12 00:00:00+00:00,30,30,0.005729767099443787,
2023-06-19 00:00:00+00:00,2023-06-19 00:00:00+00:00,30,30,-0.010609396446208431,
2023-06-20 00:00:00+00:00,2023-06-19 00:00:00+00:00,30,30,0.01006575984279146,
2023-06-21 00:00:00+00:00,2023-06-19 00:00:00+00:00,30,30,0.030328505624094514,
2023-06-22 00:00:00+00:00,2023-06-19 00:00:00+00:00,30,30,0.04698110666022022,
2023-06-23 00:00:00+00:00,2023-06-19 00:00:00+00:00,30,30,-0.006630582179029581,
2023-06-24 00:00:00+00:00,2023-06-19 00:00:00+00:00,30,30,0.051211389896524205,
2023-06-25 00:00:00+00:00,2023-06-19 00:00:00+00:00,30,30,-0.0012788369934152472,
2023-06-26 00:00:00+00:00,2023-06-26 00:00:00+00:00,30,30,0.03116445383615798,
2023-06-27 00:00:00+00:00,2023-06-26 00:00:00+00:00,30,30,-0.01341510898303672,
2023-06-28 00:00:00+00:00,2023-06-26 00:00:00+00:00,30,30,0.022028312062824806,
2023-06-29 00:00:00+00:00,2023-06-26 00:00:00+00:00,30,30,-0.040484652224945024,
2023-06-30 00:00:00+00:00,2023-06-26 00:00:00+00:00,30,30,0.0371524751432654,
2023-07-01 00:00:00+00:00,2023-06-26 00:00:00+00:00,30,30,0.06089626293233744,
2023-07-02 00:00:00+00:00,2023-06-26 00:00:00+00:00,30,30,0.006027984798767104,
2023-07-03 00:00:00+00:00,2023-07-03 00:00:00+00:00,30,30,0.007650095541149134,
2023-07-04 00:00:00+00:00,2023-07-03 00:00:00+00:00,30,30,-0.00014755610916548182,
2023-07-05 00:00:00+00:00,2023-07-03 00:00:00+00:00,30,30,-0.016168576141549477,
2023-07-06 00:00:00+00:00,2023-07-03 00:00:00+00:00,30,30,-0.020645119429486113,
2023-07-07 00:00:00+00:00,2023-07-03 00:00:00+00:00,30,30,-0.03648238596631613,
2023-07-08 00:00:00+00:00,2023-07-03 00:00:00+00:00,30,30,0.01639787758274352,
2023-07-09 00:00:00+00:00,2023-07-03 00:00:00+00:00,30,30,0.0011435432449291968,
2023-07-10 00:00:00+00:00,2023-07-10 00:00:00+00:00,30,30,-0.00594112562300309,
2023-07-11 00:00:00+00:00,2023-07-10 00:00:00+00:00,30,30,0.0004240659979197555,
2023-07-12 00:00:00+00:00,2023-07-10 00:00:00+00:00,30,30,0.012369391261224069,
2023-07-13 00:00:00+00:00,2023-07-10 00:00:00+00:00,30,30,0.00022467982758190747,
2023-07-14 00:00:00+00:00,2023-07-10 00:00:00+00:00,30,30,0.10039336232268356,
2023-07-15 00:00:00+00:00,2023-07-10 00:00:00+00:00,30,30,-0.026124754802491556,
2023-07-16 00:00:00+00:00,2023-07-10 00:00:00+00:00,30,30,0.006462322483339404,
2023-07-17 00:00:00+00:00,2023-07-17 00:00:00+00:00,30,30,-0.010069440246620171,
2023-07-18 00:00:00+00:00,2023-07-17 00:00:00+00:00,30,30,0.0007807089804273821,
2023-07-19 00:00:00+00:00,2023-07-17 00:00:00+00:00,30,30,-0.02115311543028784,
2023-07-20 00:00:00+00:00,2023-07-17 00:00:00+00:00,30,30,0.00782184475655017,
2023-07-21 00:00:00+00:00,2023-07-17 00:00:00+00:00,30,30,0.011136716872089307,
2023-07-22 00:00:00+00:00,2023-07-17 00:00:00+00:00,30,30,0.0019995520973005165,
2023-07-23 00:00:00+00:00,2023-07-17 00:00:00+00:00,30,30,-0.013474232486401993,
2023-07-24 00:00:00+00:00,2023-07-24 00:00:00+00:00,30,30,0.009464826395069906,
2023-07-25 00:00:00+00:00,2023-07-24 00:00:00+00:00,30,30,-0.03980754095679559,
2023-07-26 00:00:00+00:00,2023-07-24 00:00:00+00:00,30,30,0.0021210354155033434,
2023-07-27 00:00:00+00:00,2023-07-24 00:00:00+00:00,30,30,0.013265994052112144,
2023-07-28 00:00:00+00:00,2023-07-24 00:00:00+00:00,30,30,0.002258948701436262,
2023-07-29 00:00:00+00:00,2023-07-24 00:00:00+00:00,30,30,0.00935086924045068,
2023-07-30 00:00:00+00:00,2023-07-24 00:00:00+00:00,30,30,0.010343811101835607,
2023-07-31 00:00:00+00:00,2023-07-31 00:00:00+00:00,30,30,-0.016717889935300264,
2023-08-01 00:00:00+00:00,2023-07-31 00:00:00+00:00,30,30,-0.01803915091681754,
2023-08-02 00:00:00+00:00,2023-07-31 00:00:00+00:00,30,30,0.011245038555908932,
2023-08-03 00:00:00+00:00,2023-07-31 00:00:00+00:00,30,30,-0.033736479719173415,
2023-08-04 00:00:00+00:00,2023-07-31 00:00:00+00:00,30,30,-0.015747800456237086,
2023-08-05 00:00:00+00:00,2023-07-31 00:00:00+00:00,30,30,-0.0012441363253236082,
2023-08-06 00:00:00+00:00,2023-07-31 00:00:00+00:00,30,30,0.007918952014070602,
2023-08-07 00:00:00+00:00,2023-08-07 00:00:00+00:00,30,30,-0.0008932230613690381,
2023-08-08 00:00:00+00:00,2023-08-07 00:00:00+00:00,30,30,-0.004634152113898209,
2023-08-09 00:00:00+00:00,2023-08-07 00:00:00+00:00,30,30,0.014931773014513105,
2023-08-10 00:00:00+00:00,2023-08-07 00:00:00+00:00,30,30,0.0017461778434468788,
2023-08-11 00:00:00+00:00,2023-08-07 00:00:00+00:00,30,30,-0.0065303088297560445,
2023-08-12 00:00:00+00:00,2023-08-07 00:00:00+00:00,30,30,-0.001511189861632814,
2023-08-13 00:00:00+00:00,2023-08-07 00:00:00+00:00,30,30,0.00020268895478040005,
2023-08-14 00:00:00+00:00,2023-08-14 00:00:00+00:00,30,30,-0.00769922915215163,
2023-08-15 00:00:00+00:00,2023-08-14 00:00:00+00:00,30,30,0.002813050139930278,
2023-08-16 00:00:00+00:00,2023-08-14 00:00:00+00:00,30,30,-0.0441313871591998,
2023-08-17 00:00:00+00:00,2023-08-14 00:00:00+00:00,30,30,-0.04047380670932356,
2023-08-18 00:00:00+00:00,2023-08-14 00:00:00+00:00,30,30,-0.09220734600843396,
2023-08-19 00:00:00+00:00,2023-08-14 00:00:00+00:00,30,30,0.016981890865582955,
2023-08-20 00:00:00+00:00,2023-08-14 00:00:00+00:00,30,30,0.015827473268520787,
2023-08-21 00:00:00+00:00,2023-08-21 00:00:00+00:00,30,30,0.003826985236006323,
2023-08-22 00:00:00+00:00,2023-08-21 00:00:00+00:00,30,30,-0.017477424711325663,
2023-08-23 00:00:00+00:00,2023-08-21 00:00:00+00:00,30,30,-0.005683138707163354,
2023-08-24 00:00:00+00:00,2023-08-21 00:00:00+00:00,30,30,0.02216675970288223,
2023-08-25 00:00:00+00:00,2023-08-21 00:00:00+00:00,30,30,-0.016264688906640047,
2023-08-26 00:00:00+00:00,2023-08-21 00:00:00+00:00,30,30,-0.006017910910888445,
2023-08-27 00:00:00+00:00,2023-08-21 00:00:00+00:00,30,30,-0.001534288703430499,
2023-08-28 00:00:00+00:00,2023-08-28 00:00:00+00:00,30,30,0.006908117561529424,
2023-08-29 00:00:00+00:00,2023-08-28 00:00:00+00:00,30,30,0.0027521789862674172,
2023-08-30 00:00:00+00:00,2023-08-28 00:00:00+00:00,30,30,0.03478840228883984,
2023-08-31 00:00:00+00:00,2023-08-28 00:00:00+00:00,30,30,-0.023388759136080666,
2023-09-01 00:00:00+00:00,2023-08-28 00:00:00+00:00,30,30,-0.03548071789149179,
2023-09-02 00:00:00+00:00,2023-08-28 00:00:00+00:00,30,30,-0.014050771205957206,
2023-09-03 00:00:00+00:00,2023-08-28 00:00:00+00:00,30,30,0.00470682120015518,
2023-09-04 00:00:00+00:00,2023-09-04 00:00:00+00:00,30,30,0.0031739319051776104,
2023-09-05 00:00:00+00:00,2023-09-04 00:00:00+00:00,30,30,0.0035799437386146086,
2023-09-06 00:00:00+00:00,2023-09-04 00:00:00+00:00,30,30,0.005692952017388639,
2023-09-07 00:00:00+00:00,2023-09-04 00:00:00+00:00,30,30,0.005852514941464539,
2023-09-08 00:00:00+00:00,2023-09-04 00:00:00+00:00,30,30,0.008243322233892151,
2023-09-09 00:00:00+00:00,2023-09-04 00:00:00+00:00,30,30,-0.010149390622968883,
2023-09-10 00:00:00+00:00,2023-09-04 00:00:00+00:00,30,30,0.0009472638231283229,
2023-09-11 00:00:00+00:00,2023-09-11 00:00:00+00:00,30,30,-0.025126255073179924,
2023-09-12 00:00:00+00:00,2023-09-11 00:00:00+00:00,30,30,-0.034861483645236425,
2023-09-13 00:00:00+00:00,2023-09-11 00:00:00+00:00,30,30,0.010956829359559394,
2023-09-14 00:00:00+00:00,2023-09-11 00:00:00+00:00,30,30,0.016237302469152722,
2023-09-15 00:00:00+00:00,2023-09-11 00:00:00+00:00,30,30,0.011104306480836811,
2023-09-16 00:00:00+00:00,2023-09-11 00:00:00+00:00,30,30,0.020533979966954555,
2023-09-17 00:00:00+00:00,2023-09-11 00:00:00+00:00,30,30,-0.00102901672628728,
2023-09-18 00:00:00+00:00,2023-09-18 00:00:00+00:00,30,30,-0.017461778317003976,
2023-09-19 00:00:00+00:00,2023-09-18 00:00:00+00:00,30,30,0.013389237938939948,
2023-09-20 00:00:00+00:00,2023-09-18 00:00:00+00:00,30,30,0.014664744148640056,
2023-09-21 00:00:00+00:00,2023-09-18 00:00:00+00:00,30,30,-0.00313805795133659,
2023-09-22 00:00:00+00:00,2023-09-18 00:00:00+00:00,30,30,-0.019949206584868085,
2023-09-23 00:00:00+00:00,2023-09-18 00:00:00+00:00,30,30,0.015569615714132864,
2023-09-24 00:00:00+00:00,2023-09-18 00:00:00+00:00,30,30,-0.00044828954657478157,
2023-09-25 00:00:00+00:00,2023-09-25 00:00:00+00:00,30,30,-0.008111443695836709,
2023-09-26 00:00:00+00:00,2023-09-25 00:00:00+00:00,30,30,0.010375081189452321,
2023-09-27 00:00:00+00:00,2023-09-25 00:00:00+00:00,30,30,-0.006447018416140371,
2023-09-28 00:00:00+00:00,2023-09-25 00:00:00+00:00,30,30,0.0028117433226693615,
2023-09-29 00:00:00+00:00,2023-09-25 00:00:00+00:00,30,30,0.029441057538999147,
2023-09-30 00:00:00+00:00,2023-09-25 00:00:00+00:00,30,30,0.006176408167523783,
2023-10-01 00:00:00+00:00,2023-09-25 00:00:00+00:00,30,30,0.004611622004094396,
2023-10-02 00:00:00+00:00,2023-10-02 00:00:00+00:00,30,30,0.02928768653534502,
2023-10-03 00:00:00+00:00,2023-10-02 00:00:00+00:00,30,30,-0.035630127992537036,
2023-10-04 00:00:00+00:00,2023-10-02 00:00:00+00:00,30,30,-0.009659465722286128,
2023-10-05 00:00:00+00:00,2023-10-02 00:00:00+00:00,30,30,0.0019374051482761408,
2023-10-06 00:00:00+00:00,2023-10-02 00:00:00+00:00,30,30,-0.012004174030966257,
2023-10-07 00:00:00+00:00,2023-10-02 00:00:00+00:00,30,30,0.015411454482898582,
2023-10-08 00:00:00+00:00,2023-10-02 00:00:00+00:00,30,30,-0.004595759660539853,
2023-10-09 00:00:00+00:00,2023-10-09 00:00:00+00:00,30,30,-0.0035866790801924705,
2023-10-10 00:00:00+00:00,2023-10-09 00:00:00+00:00,30,30,-0.03759128975878491,
2023-10-11 00:00:00+00:00,2023-10-09 00:00:00+00:00,30,30,-0.0074649524984616985,
2023-10-12 00:00:00+00:00,2023-10-09 00:00:00+00:00,30,30,-0.00599235416691443,
2023-10-13 00:00:00+00:00,2023-10-09 00:00:00+00:00,30,30,-0.00891176631761671,
2023-10-14 00:00:00+00:00,2023-10-09 00:00:00+00:00,30,30,0.012848394680382265,
2023-10-15 00:00:00+00:00,2023-10-09 00:00:00+00:00,30,30,0.004752760896823569,
2023-10-16 00:00:00+00:00,2023-10-16 00:00:00+00:00,30,30,0.0021653345349944776,
2023-10-17 00:00:00+00:00,2023-10-16 00:00:00+00:00,30,30,0.017038584777041076,
2023-10-18 00:00:00+00:00,2023-10-16 00:00:00+00:00,30,30,-0.0230352200476643,
2023-10-19 00:00:00+00:00,2023-10-16 00:00:00+00:00,30,30,-0.009681724600313257,
2023-10-20 00:00:00+00:00,2023-10-16 00:00:00+00:00,30,30,0.006145382331542113,
2023-10-21 00:00:00+00:00,2023-10-16 00:00:00+00:00,30,30,0.022008357994189574,
2023-10-22 00:00:00+00:00,2023-10-16 00:00:00+00:00,30,30,0.03304407215517018,
2023-10-23 00:00:00+00:00,2023-10-23 00:00:00+00:00,30,30,0.023974033712024733,
2023-10-24 00:00:00+00:00,2023-10-23 00:00:00+00:00,30,30,0.05014680938123974,
2023-10-25 00:00:00+00:00,2023-10-23 00:00:00+00:00,30,30,0.00605742258174414,
2023-10-26 00:00:00+00:00,2023-10-23 00:00:00+00:00,30,30,0.013974354729933672,
2023-10-27 00:00:00+00:00,2023-10-23 00:00:00+00:00,30,30,0.004411809461221777,
2023-10-28 00:00:00+00:00,2023-10-23 00:00:00+00:00,30,30,-0.014966807347605946,
2023-10-29 00:00:00+00:00,2023-10-23 00:00:00+00:00,30,30,0.01586305707486354,
2023-10-30 00:00:00+00:00,2023-10-30 00:00:00+00:00,30,30,0.02202583528242495,
2023-10-31 00:00:00+00:00,2023-10-30 00:00:00+00:00,30,30,0.006529584133290369,
2023-11-01 00:00:00+00:00,2023-10-30 00:00:00+00:00,30,30,-0.006370775641026951,
2023-11-02 00:00:00+00:00,2023-10-30 00:00:00+00:00,30,30,0.03496813204103691,
2023-11-03 00:00:00+00:00,2023-10-30 00:00:00+00:00,30,30,-0.015566993720750884,
2023-11-04 00:00:00+00:00,2023-10-30 00:00:00+00:00,30,30,0.007646646671060724,
2023-11-05 00:00:00+00:00,2023-10-30 00:00:00+00:00,30,30,0.01782984647006842,
2023-11-06 00:00:00+00:00,2023-11-06 00:00:00+00:00,30,30,0.02248880139530069,
2023-11-07 00:00:00+00:00,2023-11-06 00:00:00+00:00,30,30,0.04138432564790905,
2023-11-08 00:00:00+00:00,2023-11-06 00:00:00+00:00,30,30,-0.018718740299611677,
2023-11-09 00:00:00+00:00,2023-11-06 00:00:00+00:00,30,30,0.0261290813572252,
2023-11-10 00:00:00+00:00,2023-11-06 00:00:00+00:00,30,30,0.024729714711052113,
2023-11-11 00:00:00+00:00,2023-11-06 00:00:00+00:00,30,30,0.05313235402203088,
2023-11-12 00:00:00+00:00,2023-11-06 00:00:00+00:00,30,30,0.004513586621892383,
2023-11-13 00:00:00+00:00,2023-11-13 00:00:00+00:00,30,30,0.012096224791296841,
2023-11-14 00:00:00+00:00,2023-11-13 00:00:00+00:00,30,30,-0.05197260149707245,
2023-11-15 00:00:00+00:00,2023-11-13 00:00:00+00:00,30,30,-0.01163931813524046,
2023-11-16 00:00:00+00:00,2023-11-13 00:00:00+00:00,30,30,0.06310197827095775,
2023-11-17 00:00:00+00:00,2023-11-13 00:00:00+00:00,30,30,-0.041044987682570894,
2023-11-18 00:00:00+00:00,2023-11-13 00:00:00+00:00,30,30,-0.0013817961594498904,
2023-11-19 00:00:00+00:00,2023-11-13 00:00:00+00:00,30,30,-0.004723206544364958,
2023-11-20 00:00:00+00:00,2023-11-20 00:00:00+00:00,30,30,0.028417449758937747,
2023-11-21 00:00:00+00:00,2023-11-20 00:00:00+00:00,30,30,-0.019263527676480836,
2023-11-22 00:00:00+00:00,2023-11-20 00:00:00+00:00,30,30,-0.07011681898107823,
2023-11-23 00:00:00+00:00,2023-11-20 00:00:00+00:00,30,30,0.0795358980015042,
2023-11-24 00:00:00+00:00,2023-11-20 00:00:00+00:00,30,30,0.00197141769594479,
2023-11-25 00:00:00+00:00,2023-11-20 00:00:00+00:00,30,30,0.013053701549657432,
2023-11-26 00:00:00+00:00,2023-11-20 00:00:00+00:00,30,30,0.018514887825452967,
2023-11-27 00:00:00+00:00,2023-11-27 00:00:00+00:00,30,30,-0.01961428624440203,
2023-11-28 00:00:00+00:00,2023-11-27 00:00:00+00:00,30,30,-0.02539494237366301,
2023-11-29 00:00:00+00:00,2023-11-27 00:00:00+00:00,30,30,0.014432259639684706,
2023-11-30 00:00:00+00:00,2023-11-27 00:00:00+00:00,30,30,-0.0056990496059824425,
2023-12-01 00:00:00+00:00,2023-11-27 00:00:00+00:00,30,30,0.0035733572578087996,
2023-12-02 00:00:00+00:00,2023-11-27 00:00:00+00:00,30,30,0.019287135832268213,
2023-12-03 00:00:00+00:00,2023-11-27 00:00:00+00:00,30,30,0.029175394229778256,
2023-12-04 00:00:00+00:00,2023-12-04 00:00:00+00:00,30,30,0.006314990573215091,
2023-12-05 00:00:00+00:00,2023-12-04 00:00:00+00:00,30,30,0.012052899148645695,
2023-12-06 00:00:00+00:00,2023-12-04 00:00:00+00:00,30,30,0.017700296902321163,
2023-12-07 00:00:00+00:00,2023-12-04 00:00:00+00:00,30,30,-0.011873789823064312,
2023-12-08 00:00:00+00:00,2023-12-04 00:00:00+00:00,30,30,0.029259266145336797,
2023-12-09 00:00:00+00:00,2023-12-04 00:00:00+00:00,30,30,0.04576838731473529,
2023-12-10 00:00:00+00:00,2023-12-04 00:00:00+00:00,30,30,0.007019114667592222,
2023-12-11 00:00:00+00:00,2023-12-11 00:00:00+00:00,30,30,0.021629758234657563,
2023-12-12 00:00:00+00:00,2023-12-11 00:00:00+00:00,30,30,-0.06347085710974139,
2023-12-13 00:00:00+00:00,2023-12-11 00:00:00+00:00,30,30,0.0032717019313458643,
2023-12-14 00:00:00+00:00,2023-12-11 00:00:00+00:00,30,30,0.025630491306182168,
2023-12-15 00:00:00+00:00,2023-12-11 00:00:00+00:00,30,30,0.013027279868504849,
2023-12-16 00:00:00+00:00,2023-12-11 00:00:00+00:00,30,30,-0.040056370897674824,
2023-12-17 00:00:00+00:00,2023-12-11 00:00:00+00:00,30,30,0.03185569985636972,
2023-12-18 00:00:00+00:00,2023-12-18 00:00:00+00:00,30,30,-0.029406985660138153,
2023-12-19 00:00:00+00:00,2023-12-18 00:00:00+00:00,30,30,-0.0032560396696576207,
2023-12-20 00:00:00+00:00,2023-12-18 00:00:00+00:00,30,30,-0.01722080336930907,
2023-12-21 00:00:00+00:00,2023-12-18 00:00:00+00:00,30,30,0.018638477690755106,
2023-12-22 00:00:00+00:00,2023-12-18 00:00:00+00:00,30,30,0.031734088373949976,
2023-12-23 00:00:00+00:00,2023-12-18 00:00:00+00:00,30,30,0.027000623357717104,
2023-12-24 00:00:00+00:00,2023-12-18 00:00:00+00:00,30,30,-0.0033583611505491624,
2023-12-25 00:00:00+00:00,2023-12-25 00:00:00+00:00,30,30,-0.00038226785610768197,
2023-12-26 00:00:00+00:00,2023-12-25 00:00:00+00:00,30,30,0.027371556575145894,
2023-12-27 00:00:00+00:00,2023-12-25 00:00:00+00:00,30,30,-0.012741381743754259,
2023-12-28 00:00:00+00:00,2023-12-25 00:00:00+00:00,30,30,0.031535034430211786,
2023-12-29 00:00:00+00:00,2023-12-25 00:00:00+00:00,30,30,-0.01212191464969545,
2023-12-30 00:00:00+00:00,2023-12-25 00:00:00+00:00,30,30,-0.023734157217233886,
2023-12-31 00:00:00+00:00,2023-12-25 00:00:00+00:00,30,30,0.007779515816198825,
2024-01-01 00:00:00+00:00,2024-01-01 00:00:00+00:00,30,30,-0.010848333449247544,
2024-01-02 00:00:00+00:00,2024-01-01 00:00:00+00:00,30,30,0.04049681330386493,
2024-01-03 00:00:00+00:00,2024-01-01 00:00:00+00:00,30,30,-0.01943441812013576,
2024-01-04 00:00:00+00:00,2024-01-01 00:00:00+00:00,30,30,-0.08222682427581539,
2024-01-05 00:00:00+00:00,2024-01-01 00:00:00+00:00,30,30,0.02479736498145301,
2024-01-06 00:00:00+00:00,2024-01-01 00:00:00+00:00,30,30,-0.020159679679211784,
2024-01-07 00:00:00+00:00,2024-01-01 00:00:00+00:00,30,30,-0.030970829239610052,
2024-01-08 00:00:00+00:00,2024-01-08 00:00:00+00:00,30,30,-0.0409650963601655,
2024-01-09 00:00:00+00:00,2024-01-08 00:00:00+00:00,30,30,0.05780441677878821,
2024-01-10 00:00:00+00:00,2024-01-08 00:00:00+00:00,30,30,-0.023871932735189227,
2024-01-11 00:00:00+00:00,2024-01-08 00:00:00+00:00,30,30,0.07275094540767547,
2024-01-12 00:00:00+00:00,2024-01-08 00:00:00+00:00,30,30,0.025515133198523443,
2024-01-13 00:00:00+00:00,2024-01-08 00:00:00+00:00,30,30,-0.043882844047474126,
2024-01-14 00:00:00+00:00,2024-01-08 00:00:00+00:00,30,30,0.011727468382965232,
2024-01-15 00:00:00+00:00,2024-01-15 00:00:00+00:00,30,30,-0.03300853810500694,
2024-01-16 00:00:00+00:00,2024-01-15 00:00:00+00:00,30,30,0.012516133069313085,
2024-01-17 00:00:00+00:00,2024-01-15 00:00:00+00:00,30,30,0.012650128981804433,
2024-01-18 00:00:00+00:00,2024-01-15 00:00:00+00:00,30,30,-0.016985228144757756,
2024-01-19 00:00:00+00:00,2024-01-15 00:00:00+00:00,30,30,-0.046074152299423785,
2024-01-20 00:00:00+00:00,2024-01-15 00:00:00+00:00,30,30,0.007164450949067647,
2024-01-21 00:00:00+00:00,2024-01-15 00:00:00+00:00,30,30,0.00893574555479782,
2024-01-22 00:00:00+00:00,2024-01-22 00:00:00+00:00,30,30,-0.0038702070623965654,
2024-01-23 00:00:00+00:00,2024-01-22 00:00:00+00:00,30,30,-0.04974899246189781,
2024-01-24 00:00:00+00:00,2024-01-22 00:00:00+00:00,30,30,-0.014228272914808538,
2024-01-25 00:00:00+00:00,2024-01-22 00:00:00+00:00,30,30,0.01105184888124052,
2024-01-26 00:00:00+00:00,2024-01-22 00:00:00+00:00,30,30,-0.007286940026512693,
2024-01-27 00:00:00+00:00,2024-01-22 00:00:00+00:00,30,30,0.030691243359368993,
2024-01-28 00:00:00+00:00,2024-01-22 00:00:00+00:00,30,30,0.009624541090017024,
2024-01-29 00:00:00+00:00,2024-01-29 00:00:00+00:00,30,30,-0.009213331912535842,
2024-01-30 00:00:00+00:00,2024-01-29 00:00:00+00:00,30,30,0.02799909243645467,
2024-01-31 00:00:00+00:00,2024-01-29 00:00:00+00:00,30,30,-0.01566040527448692,
2024-02-01 00:00:00+00:00,2024-01-29 00:00:00+00:00,30,30,-0.03501722503928868,
2024-02-02 00:00:00+00:00,2024-01-29 00:00:00+00:00,30,30,0.00323458798667364,
2024-02-03 00:00:00+00:00,2024-01-29 00:00:00+00:00,30,30,0.01440743775783584,
2024-02-04 00:00:00+00:00,2024-01-29 00:00:00+00:00,30,30,-0.0027716170002618705,
2024-02-05 00:00:00+00:00,2024-02-05 00:00:00+00:00,30,30,-0.021162489197370356,
2024-02-06 00:00:00+00:00,2024-02-05 00:00:00+00:00,30,30,0.0033061964010343745,
2024-02-07 00:00:00+00:00,2024-02-05 00:00:00+00:00,30,30,-0.010997804762609455,
2024-02-08 00:00:00+00:00,2024-02-05 00:00:00+00:00,30,30,0.029129662825073323,
2024-02-09 00:00:00+00:00,2024-02-05 00:00:00+00:00,30,30,0.0017339736118956773,
2024-02-10 00:00:00+00:00,2024-02-05 00:00:00+00:00,30,30,0.025449170005301208,
2024-02-11 00:00:00+00:00,2024-02-05 00:00:00+00:00,30,30,0.005370714017950362,
2024-02-12 00:00:00+00:00,2024-02-12 00:00:00+00:00,30,30,0.0027765213691563306,
2024-02-13 00:00:00+00:00,2024-02-12 00:00:00+00:00,30,30,0.03129293618308362,
2024-02-14 00:00:00+00:00,2024-02-12 00:00:00+00:00,30,30,-0.017369067691513102,
2024-02-15 00:00:00+00:00,2024-02-12 00:00:00+00:00,30,30,0.030921999505567895,
2024-02-16 00:00:00+00:00,2024-02-12 00:00:00+00:00,30,30,0.012126708678800259,
2024-02-17 00:00:00+00:00,2024-02-12 00:00:00+00:00,30,30,-0.002636781612414428,
2024-02-18 00:00:00+00:00,2024-02-12 00:00:00+00:00,30,30,-0.011360494439342655,
2024-02-19 00:00:00+00:00,2024-02-19 00:00:00+00:00,30,30,0.019361649896582376,
2024-02-20 00:00:00+00:00,2024-02-19 00:00:00+00:00,30,30,0.011313011912284624,
2024-02-21 00:00:00+00:00,2024-02-19 00:00:00+00:00,30,30,-0.02368732352221498,
2024-02-22 00:00:00+00:00,2024-02-19 00:00:00+00:00,30,30,-0.023984090227537405,
2024-02-23 00:00:00+00:00,2024-02-19 00:00:00+00:00,30,30,-0.003754207551421563,
2024-02-24 00:00:00+00:00,2024-02-19 00:00:00+00:00,30,30,0.017913680566939042,
2024-02-25 00:00:00+00:00,2024-02-19 00:00:00+00:00,30,30,0.02735680931912929,
2024-02-26 00:00:00+00:00,2024-02-26 00:00:00+00:00,30,30,0.009037367818885722,
2024-02-27 00:00:00+00:00,2024-02-26 00:00:00+00:00,30,30,0.027900453031460114,
2024-02-28 00:00:00+00:00,2024-02-26 00:00:00+00:00,30,30,0.019837205458292692,
2024-02-29 00:00:00+00:00,2024-02-26 00:00:00+00:00,30,30,0.018212943956616934,
2024-03-01 00:00:00+00:00,2024-02-26 00:00:00+00:00,30,30,0.018907072307319372,
2024-03-02 00:00:00+00:00,2024-02-26 00:00:00+00:00,30,30,0.06506879450573208,
2024-03-03 00:00:00+00:00,2024-02-26 00:00:00+00:00,30,30,0.07924742006042682,
2024-03-04 00:00:00+00:00,2024-03-04 00:00:00+00:00,30,30,-0.014553797531436962,
2024-03-05 00:00:00+00:00,2024-03-04 00:00:00+00:00,30,30,0.04010420422858056,
2024-03-06 00:00:00+00:00,2024-03-04 00:00:00+00:00,30,30,-0.062472916594677394,
2024-03-07 00:00:00+00:00,2024-03-04 00:00:00+00:00,30,30,0.0707196343496755,
2024-03-08 00:00:00+00:00,2024-03-04 00:00:00+00:00,30,30,0.01359638262428351,
2024-03-09 00:00:00+00:00,2024-03-04 00:00:00+00:00,30,30,-0.006573641090066844,
2024-03-10 00:00:00+00:00,2024-03-04 00:00:00+00:00,30,30,0.013782767872868511,
2024-03-11 00:00:00+00:00,2024-03-11 00:00:00+00:00,30,30,0.005773842584046059,
2024-03-12 00:00:00+00:00,2024-03-11 00:00:00+00:00,30,30,0.057151580410118724,
2024-03-13 00:00:00+00:00,2024-03-11 00:00:00+00:00,30,30,-0.007540044443076138,
2024-03-14 00:00:00+00:00,2024-03-11 00:00:00+00:00,30,30,0.01759558724887187,
2024-03-15 00:00:00+00:00,2024-03-11 00:00:00+00:00,30,30,-0.006982154227314385,
2024-03-16 00:00:00+00:00,2024-03-11 00:00:00+00:00,30,30,-0.05608739882543475,
2024-03-17 00:00:00+00:00,2024-03-11 00:00:00+00:00,30,30,-0.08276127695228747,
2024-03-18 00:00:00+00:00,2024-03-18 00:00:00+00:00,30,30,0.03794456692660465,
2024-03-19 00:00:00+00:00,2024-03-18 00:00:00+00:00,30,30,-0.03900055335086106,
2024-03-20 00:00:00+00:00,2024-03-18 00:00:00+00:00,30,30,-0.0979846761029556,
2024-03-21 00:00:00+00:00,2024-03-18 00:00:00+00:00,30,30,0.09616053052143503,
2024-03-22 00:00:00+00:00,2024-03-18 00:00:00+00:00,30,30,-0.0011789272726424253,
2024-03-23 00:00:00+00:00,2024-03-18 00:00:00+00:00,30,30,-0.022304562444919067,
2024-03-24 00:00:00+00:00,2024-03-18 00:00:00+00:00,30,30,0.01770098038218498,
2024-03-25 00:00:00+00:00,2024-03-25 00:00:00+00:00,30,30,0.043428769272322046,
2024-03-26 00:00:00+00:00,2024-03-25 00:00:00+00:00,30,30,0.037345337048091315,
2024-03-27 00:00:00+00:00,2024-03-25 00:00:00+00:00,30,30,0.010159312582462561,
2024-03-28 00:00:00+00:00,2024-03-25 00:00:00+00:00,30,30,-0.01911275544967822,
2024-03-29 00:00:00+00:00,2024-03-25 00:00:00+00:00,30,30,0.01801820865571057,
2024-03-30 00:00:00+00:00,2024-03-25 00:00:00+00:00,30,30,-0.006314546261686817,
2024-03-31 00:00:00+00:00,2024-03-25 00:00:00+00:00,30,30,-0.023620640118586823,
2024-04-01 00:00:00+00:00,2024-04-01 00:00:00+00:00,30,30,0.026012564222710647,
2024-04-02 00:00:00+00:00,2024-04-01 00:00:00+00:00,30,30,-0.04517862209792425,
2024-04-03 00:00:00+00:00,2024-04-01 00:00:00+00:00,30,30,-0.0639222642782942,
2024-04-04 00:00:00+00:00,2024-04-01 00:00:00+00:00,30,30,-0.011819740604005511,
2024-04-05 00:00:00+00:00,2024-04-01 00:00:00+00:00,30,30,0.026363393113212792,
2024-04-06 00:00:00+00:00,2024-04-01 00:00:00+00:00,30,30,-0.018245512482665652,
2024-04-07 00:00:00+00:00,2024-04-01 00:00:00+00:00,30,30,0.020021924286907685,
2024-04-08 00:00:00+00:00,2024-04-08 00:00:00+00:00,30,30,0.01619065713917785,
2024-04-09 00:00:00+00:00,2024-04-08 00:00:00+00:00,30,30,0.04788114112552952,
2024-04-10 00:00:00+00:00,2024-04-08 00:00:00+00:00,30,30,-0.05322602337519298,
2024-04-11 00:00:00+00:00,2024-04-08 00:00:00+00:00,30,30,-0.002324614474695223,
2024-04-12 00:00:00+00:00,2024-04-08 00:00:00+00:00,30,30,-0.012700335566505207,
2024-04-13 00:00:00+00:00,2024-04-08 00:00:00+00:00,30,30,-0.13752288171243995,
2024-04-14 00:00:00+00:00,2024-04-08 00:00:00+00:00,30,30,-0.1336537185308012,
2024-04-15 00:00:00+00:00,2024-04-15 00:00:00+00:00,30,30,0.06913076357248628,
2024-04-16 00:00:00+00:00,2024-04-15 00:00:00+00:00,30,30,-0.02871920706647387,
2024-04-17 00:00:00+00:00,2024-04-15 00:00:00+00:00,30,30,-0.0005889854681554656,
2024-04-18 00:00:00+00:00,2024-04-15 00:00:00+00:00,30,30,-0.03372123224958454,
2024-04-19 00:00:00+00:00,2024-04-15 00:00:00+00:00,30,30,0.032378422142271275,
2024-04-20 00:00:00+00:00,2024-04-15 00:00:00+00:00,30,30,0.0064211983398079365,
2024-04-21 00:00:00+00:00,2024-04-15 00:00:00+00:00,30,30,0.06401414315225532,
2024-04-22 00:00:00+00:00,2024-04-22 00:00:00+00:00,30,30,-0.012940349988415653,
2024-04-23 00:00:00+00:00,2024-04-22 00:00:00+00:00,30,30,0.031885425174658207,
2024-04-24 00:00:00+00:00,2024-04-22 00:00:00+00:00,30,30,-0.01670494996058334,
2024-04-25 00:00:00+00:00,2024-04-22 00:00:00+00:00,30,30,-0.035976090045610816,
2024-04-26 00:00:00+00:00,2024-04-22 00:00:00+00:00,30,30,0.0038324567940997184,
2024-04-27 00:00:00+00:00,2024-04-22 00:00:00+00:00,30,30,-0.009284292923291228,
2024-04-28 00:00:00+00:00,2024-04-22 00:00:00+00:00,30,30,0.006129317536807556,
2024-04-29 00:00:00+00:00,2024-04-29 00:00:00+00:00,30,30,-0.007157865233743915,
2024-04-30 00:00:00+00:00,2024-04-29 00:00:00+00:00,30,30,-0.0010758153124395672,
2024-05-01 00:00:00+00:00,2024-04-29 00:00:00+00:00,30,30,-0.06125710459606652,
2024-05-02 00:00:00+00:00,2024-04-29 00:00:00+00:00,30,30,0.008769602861522246,
2024-05-03 00:00:00+00:00,2024-04-29 00:00:00+00:00,30,30,0.007054350893392114,
2024-05-04 00:00:00+00:00,2024-04-29 00:00:00+00:00,30,30,0.04006718242137241,
2024-05-05 00:00:00+00:00,2024-04-29 00:00:00+00:00,30,30,0.0018544861214559506,
2024-05-06 00:00:00+00:00,2024-05-06 00:00:00+00:00,30,30,0.007009912964845294,
2024-05-07 00:00:00+00:00,2024-05-06 00:00:00+00:00,30,30,-0.01576076802216765,
2024-05-08 00:00:00+00:00,2024-05-06 00:00:00+00:00,30,30,-0.019928020552013634,
2024-05-09 00:00:00+00:00,2024-05-06 00:00:00+00:00,30,30,-0.005328594958701504,
2024-05-10 00:00:00+00:00,2024-05-06 00:00:00+00:00,30,30,0.020863893994323715,
2024-05-11 00:00:00+00:00,2024-05-06 00:00:00+00:00,30,30,-0.0435850747569476,
2024-05-12 00:00:00+00:00,2024-05-06 00:00:00+00:00,30,30,-0.0043047813946607396,
2024-05-13 00:00:00+00:00,2024-05-13 00:00:00+00:00,30,30,0.008466986680255336,
2024-05-14 00:00:00+00:00,2024-05-13 00:00:00+00:00,30,30,-0.006557984223766008,
2024-05-15 00:00:00+00:00,2024-05-13 00:00:00+00:00,30,30,-0.028457662107230695,
2024-05-16 00:00:00+00:00,2024-05-13 00:00:00+00:00,30,30,0.05742160131856622,
2024-05-17 00:00:00+00:00,2024-05-13 00:00:00+00:00,30,30,-0.00631244023587453,
2024-05-18 00:00:00+00:00,2024-05-13 00:00:00+00:00,30,30,0.036874754925027675,
2024-05-19 00:00:00+00:00,2024-05-13 00:00:00+00:00,30,30,0.002550524116147803,
2024-05-20 00:00:00+00:00,2024-05-20 00:00:00+00:00,30,30,-0.030163545196189558,
2024-05-21 00:00:00+00:00,2024-05-20 00:00:00+00:00,30,30,0.09533551497318805,
2024-05-22 00:00:00+00:00,2024-05-20 00:00:00+00:00,30,30,0.0002068835064415131,
2024-05-23 00:00:00+00:00,2024-05-20 00:00:00+00:00,30,30,-0.016313465579009596,
2024-05-24 00:00:00+00:00,2024-05-20 00:00:00+00:00,30,30,-0.009544844607200531,
2024-05-25 00:00:00+00:00,2024-05-20 00:00:00+00:00,30,30,0.012440072491189134,
2024-05-26 00:00:00+00:00,2024-05-20 00:00:00+00:00,30,30,0.01729589586485087,
2024-05-27 00:00:00+00:00,2024-05-27 00:00:00+00:00,30,30,-0.011713391268627697,
2024-05-28 00:00:00+00:00,2024-05-27 00:00:00+00:00,30,30,0.01730880775839273,
2024-05-29 00:00:00+00:00,2024-05-27 00:00:00+00:00,30,30,-0.013605357674898105,
2024-05-30 00:00:00+00:00,2024-05-27 00:00:00+00:00,30,30,-0.013239524720993425,
2024-05-31 00:00:00+00:00,2024-05-27 00:00:00+00:00,30,30,-0.005938351157504557,
2024-06-01 00:00:00+00:00,2024-05-27 00:00:00+00:00,30,30,-0.002863735747662795,
2024-06-02 00:00:00+00:00,2024-05-27 00:00:00+00:00,30,30,0.0015228897277065334,
2024-06-03 00:00:00+00:00,2024-06-03 00:00:00+00:00,30,30,-0.019466721433247132,
2024-06-04 00:00:00+00:00,2024-06-03 00:00:00+00:00,30,30,-0.0007511121781680341,
2024-06-05 00:00:00+00:00,2024-06-03 00:00:00+00:00,30,30,0.02807294693347837,
2024-06-06 00:00:00+00:00,2024-06-03 00:00:00+00:00,30,30,0.011383886316786364,
2024-06-07 00:00:00+00:00,2024-06-03 00:00:00+00:00,30,30,-0.012347445550772726,
2024-06-08 00:00:00+00:00,2024-06-03 00:00:00+00:00,30,30,-0.057627814043774386,
2024-06-09 00:00:00+00:00,2024-06-03 00:00:00+00:00,30,30,-0.023443237973454156,
2024-06-10 00:00:00+00:00,2024-06-10 00:00:00+00:00,30,30,0.010683330837266618,
2024-06-11 00:00:00+00:00,2024-06-10 00:00:00+00:00,30,30,-0.01151617127651245,
2024-06-12 00:00:00+00:00,2024-06-10 00:00:00+00:00,30,30,-0.05218727027557038,
2024-06-13 00:00:00+00:00,2024-06-10 00:00:00+00:00,30,30,0.04524389028455523,
2024-06-14 00:00:00+00:00,2024-06-10 00:00:00+00:00,30,30,-0.04966785407811165,
2024-06-15 00:00:00+00:00,2024-06-10 00:00:00+00:00,30,30,-0.01699308699476686,
2024-06-16 00:00:00+00:00,2024-06-10 00:00:00+00:00,30,30,0.020161056720368272,
2024-06-17 00:00:00+00:00,2024-06-17 00:00:00+00:00,30,30,0.017080110699566775,
2024-06-18 00:00:00+00:00,2024-06-17 00:00:00+00:00,30,30,-0.054649146126202246,
2024-06-19 00:00:00+00:00,2024-06-17 00:00:00+00:00,30,30,-0.04000041443096617,
2024-06-20 00:00:00+00:00,2024-06-17 00:00:00+00:00,30,30,0.023755440312342654,
2024-06-21 00:00:00+00:00,2024-06-17 00:00:00+00:00,30,30,-0.0014986710569460918,
2024-06-22 00:00:00+00:00,2024-06-17 00:00:00+00:00,30,30,-0.01702872654159698,
2024-06-23 00:00:00+00:00,2024-06-17 00:00:00+00:00,30,30,-0.005366343195088811,
2024-06-24 00:00:00+00:00,2024-06-24 00:00:00+00:00,30,30,-0.02103428443953772,
2024-06-25 00:00:00+00:00,2024-06-24 00:00:00+00:00,30,30,0.0012537803323843264,
2024-06-26 00:00:00+00:00,2024-06-24 00:00:00+00:00,30,30,0.022492280466203617,
2024-06-27 00:00:00+00:00,2024-06-24 00:00:00+00:00,30,30,-0.012120895254750562,
2024-06-28 00:00:00+00:00,2024-06-24 00:00:00+00:00,30,30,0.016603927297788732,
2024-06-29 00:00:00+00:00,2024-06-24 00:00:00+00:00,30,30,-0.02353048791070585,
2024-06-30 00:00:00+00:00,2024-06-24 00:00:00+00:00,30,30,-0.007267161853305944,
2024-07-01 00:00:00+00:00,2024-07-01 00:00:00+00:00,30,30,0.02711109663080282,
2024-07-02 00:00:00+00:00,2024-07-01 00:00:00+00:00,30,30,-0.0022278202495886836,
2024-07-03 00:00:00+00:00,2024-07-01 00:00:00+00:00,30,30,0.00031648273702966634,
2024-07-04 00:00:00+00:00,2024-07-01 00:00:00+00:00,30,30,-0.04704786929938048,
2024-07-05 00:00:00+00:00,2024-07-01 00:00:00+00:00,30,30,-0.0857119884282928,
2024-07-06 00:00:00+00:00,2024-07-01 00:00:00+00:00,30,30,-0.010597969203417374,
2024-07-07 00:00:00+00:00,2024-07-01 00:00:00+00:00,30,30,0.05809317688247736,
2024-07-08 00:00:00+00:00,2024-07-08 00:00:00+00:00,30,30,-0.06515194732177494,
2024-07-09 00:00:00+00:00,2024-07-08 00:00:00+00:00,30,30,0.03683723046781631,
2024-07-10 00:00:00+00:00,2024-07-08 00:00:00+00:00,30,30,0.016426394791832357,
2024-07-11 00:00:00+00:00,2024-07-08 00:00:00+00:00,30,30,0.008019190216745697,
2024-07-12 00:00:00+00:00,2024-07-08 00:00:00+00:00,30,30,-0.008323188833318068,
2024-07-13 00:00:00+00:00,2024-07-08 00:00:00+00:00,30,30,0.030124135418510126,
2024-07-14 00:00:00+00:00,2024-07-08 00:00:00+00:00,30,30,0.030497481596237316,
2024-07-15 00:00:00+00:00,2024-07-15 00:00:00+00:00,30,30,0.024304778339275336,
2024-07-16 00:00:00+00:00,2024-07-15 00:00:00+00:00,30,30,0.04308890691884758,
2024-07-17 00:00:00+00:00,2024-07-15 00:00:00+00:00,30,30,0.0036596079310022363,
2024-07-18 00:00:00+00:00,2024-07-15 00:00:00+00:00,30,30,-0.008174037242400716,
2024-07-19 00:00:00+00:00,2024-07-15 00:00:00+00:00,30,30,-0.019831621042832644,
2024-07-20 00:00:00+00:00,2024-07-15 00:00:00+00:00,30,30,0.027028305501709326,
2024-07-21 00:00:00+00:00,2024-07-15 00:00:00+00:00,30,30,0.00346922812387561,
2024-07-22 00:00:00+00:00,2024-07-22 00:00:00+00:00,30,30,0.018610440102629956,
2024-07-23 00:00:00+00:00,2024-07-22 00:00:00+00:00,30,30,-0.03682142901858384,
2024-07-24 00:00:00+00:00,2024-07-22 00:00:00+00:00,30,30,-0.021054488875365533,
2024-07-25 00:00:00+00:00,2024-07-22 00:00:00+00:00,30,30,-0.016772831509140627,
2024-07-26 00:00:00+00:00,2024-07-22 00:00:00+00:00,30,30,-0.019091228999937856,
2024-07-27 00:00:00+00:00,2024-07-22 00:00:00+00:00,30,30,0.0366510315144561,
2024-07-28 00:00:00+00:00,2024-07-22 00:00:00+00:00,30,30,0.002416875028194911,
2024-07-29 00:00:00+00:00,2024-07-29 00:00:00+00:00,30,30,-0.011705375595072122,
2024-07-30 00:00:00+00:00,2024-07-29 00:00:00+00:00,30,30,0.0047990679244958425,
2024-07-31 00:00:00+00:00,2024-07-29 00:00:00+00:00,30,30,-0.010964074383858519,
2024-08-01 00:00:00+00:00,2024-07-29 00:00:00+00:00,30,30,-0.01613242936146426,
2024-08-02 00:00:00+00:00,2024-07-29 00:00:00+00:00,30,30,0.0008784822498654606,
2024-08-03 00:00:00+00:00,2024-07-29 00:00:00+00:00,30,30,-0.059192728849698194,
2024-08-04 00:00:00+00:00,2024-07-29 00:00:00+00:00,30,30,-0.04284653670189645,
2024-08-05 00:00:00+00:00,2024-08-05 00:00:00+00:00,30,30,-0.05350003026190762,
2024-08-06 00:00:00+00:00,2024-08-05 00:00:00+00:00,30,30,-0.07278465694766953,
2024-08-07 00:00:00+00:00,2024-08-05 00:00:00+00:00,30,30,0.044001528616628774,
2024-08-08 00:00:00+00:00,2024-08-05 00:00:00+00:00,30,30,-0.02177796307076246,
2024-08-09 00:00:00+00:00,2024-08-05 00:00:00+00:00,30,30,0.0960163757687736,
2024-08-10 00:00:00+00:00,2024-08-05 00:00:00+00:00,30,30,-0.014755335118165942,
2024-08-11 00:00:00+00:00,2024-08-05 00:00:00+00:00,30,30,0.004638534845903789,
2024-08-12 00:00:00+00:00,2024-08-12 00:00:00+00:00,30,30,-0.04487294397722368,
2024-08-13 00:00:00+00:00,2024-08-12 00:00:00+00:00,30,30,0.04465097850049336,
2024-08-14 00:00:00+00:00,2024-08-12 00:00:00+00:00,30,30,0.007669678289711123,
2024-08-15 00:00:00+00:00,2024-08-12 00:00:00+00:00,30,30,-0.008015079474806086,
2024-08-16 00:00:00+00:00,2024-08-12 00:00:00+00:00,30,30,-0.021705781603555314,
2024-08-17 00:00:00+00:00,2024-08-12 00:00:00+00:00,30,30,0.008988623759067475,
2024-08-18 00:00:00+00:00,2024-08-12 00:00:00+00:00,30,30,0.01042765100461759,
2024-08-19 00:00:00+00:00,2024-08-19 00:00:00+00:00,30,30,-0.01029500210143467,
2024-08-20 00:00:00+00:00,2024-08-19 00:00:00+00:00,30,30,0.014989980125043177,
2024-08-21 00:00:00+00:00,2024-08-19 00:00:00+00:00,30,30,0.018039292266632385,
2024-08-22 00:00:00+00:00,2024-08-19 00:00:00+00:00,30,30,0.042510959066078054,
2024-08-23 00:00:00+00:00,2024-08-19 00:00:00+00:00,30,30,0.009497842386609685,
2024-08-24 00:00:00+00:00,2024-08-19 00:00:00+00:00,30,30,0.05011568847991691,
2024-08-25 00:00:00+00:00,2024-08-19 00:00:00+00:00,30,30,0.0034602578572141664,
2024-08-26 00:00:00+00:00,2024-08-26 00:00:00+00:00,30,30,-0.026802682140871913,
2024-08-27 00:00:00+00:00,2024-08-26 00:00:00+00:00,30,30,-0.04121846513153217,
2024-08-28 00:00:00+00:00,2024-08-26 00:00:00+00:00,30,30,-0.055657832633861586,
2024-08-29 00:00:00+00:00,2024-08-26 00:00:00+00:00,30,30,-0.004409120134867919,
2024-08-30 00:00:00+00:00,2024-08-26 00:00:00+00:00,30,30,0.0001202239183843166,
2024-08-31 00:00:00+00:00,2024-08-26 00:00:00+00:00,30,30,0.008338158888107343,
2024-09-01 00:00:00+00:00,2024-08-26 00:00:00+00:00,30,30,-0.01140834835798829,
2024-09-02 00:00:00+00:00,2024-09-02 00:00:00+00:00,30,30,-0.045892898032129155,
2024-09-03 00:00:00+00:00,2024-09-02 00:00:00+00:00,30,30,0.042753519490033004,
2024-09-04 00:00:00+00:00,2024-09-02 00:00:00+00:00,30,30,-0.036892013864596805,
2024-09-05 00:00:00+00:00,2024-09-02 00:00:00+00:00,30,30,0.026141479572943195,
2024-09-06 00:00:00+00:00,2024-09-02 00:00:00+00:00,30,30,-0.026474691000268887,
2024-09-07 00:00:00+00:00,2024-09-02 00:00:00+00:00,30,30,-0.03600581810107713,
2024-09-08 00:00:00+00:00,2024-09-02 00:00:00+00:00,30,30,0.013977609778549038,
2024-09-09 00:00:00+00:00,2024-09-09 00:00:00+00:00,30,30,0.02417336172165754,
2024-09-10 00:00:00+00:00,2024-09-09 00:00:00+00:00,30,30,0.03403787859498259,
2024-09-11 00:00:00+00:00,2024-09-09 00:00:00+00:00,30,30,0.01466821040378018,
2024-09-12 00:00:00+00:00,2024-09-09 00:00:00+00:00,30,30,-0.011893944861661778,
2024-09-13 00:00:00+00:00,2024-09-09 00:00:00+00:00,30,30,0.017646683653214368,
2024-09-14 00:00:00+00:00,2024-09-09 00:00:00+00:00,30,30,0.022769002021816673,
2024-09-15 00:00:00+00:00,2024-09-09 00:00:00+00:00,30,30,-0.010175339075227172,
2024-09-16 00:00:00+00:00,2024-09-16 00:00:00+00:00,30,30,-0.03043280770890403,
2024-09-17 00:00:00+00:00,2024-09-16 00:00:00+00:00,30,30,-0.015095662169975304,
2024-09-18 00:00:00+00:00,2024-09-16 00:00:00+00:00,30,30,0.013799112852227116,
2024-09-19 00:00:00+00:00,2024-09-16 00:00:00+00:00,30,30,0.02280208254569611,
2024-09-20 00:00:00+00:00,2024-09-16 00:00:00+00:00,30,30,0.021138658415764098,
2024-09-21 00:00:00+00:00,2024-09-16 00:00:00+00:00,30,30,0.01925699793058851,
2024-09-22 00:00:00+00:00,2024-09-16 00:00:00+00:00,30,30,0.01874629837859348,
2024-09-23 00:00:00+00:00,2024-09-23 00:00:00+00:00,30,30,-0.017965192452366475,
2024-09-24 00:00:00+00:00,2024-09-23 00:00:00+00:00,30,30,0.015273995888873204,
2024-09-25 00:00:00+00:00,2024-09-23 00:00:00+00:00,30,30,0.020270303209669927,
2024-09-26 00:00:00+00:00,2024-09-23 00:00:00+00:00,30,30,-0.012830143258973416,
2024-09-27 00:00:00+00:00,2024-09-23 00:00:00+00:00,30,30,0.037798364897341515,
2024-09-28 00:00:00+00:00,2024-09-23 00:00:00+00:00,30,30,0.02225389335016037,
2024-09-29 00:00:00+00:00,2024-09-23 00:00:00+00:00,30,30,-0.013750089529618285,
2024-09-30 00:00:00+00:00,2024-09-30 00:00:00+00:00,30,30,0.00637051091642028,
2024-10-01 00:00:00+00:00,2024-09-30 00:00:00+00:00,30,30,-0.048273422845100195,
2024-10-02 00:00:00+00:00,2024-09-30 00:00:00+00:00,30,30,-0.05722844674283392,
2024-10-03 00:00:00+00:00,2024-09-30 00:00:00+00:00,30,30,-0.026423939493677665,
2024-10-04 00:00:00+00:00,2024-09-30 00:00:00+00:00,30,30,0.0009086154319102405,
2024-10-05 00:00:00+00:00,2024-09-30 00:00:00+00:00,30,30,0.03684639921083128,
2024-10-06 00:00:00+00:00,2024-09-30 00:00:00+00:00,30,30,0.0016053027840498113,
2024-10-07 00:00:00+00:00,2024-10-07 00:00:00+00:00,30,30,0.012905028264812936,
2024-10-08 00:00:00+00:00,2024-10-07 00:00:00+00:00,30,30,-0.012427726875330126,
2024-10-09 00:00:00+00:00,2024-10-07 00:00:00+00:00,30,30,-0.01074905561345638,
2024-10-10 00:00:00+00:00,2024-10-07 00:00:00+00:00,30,30,-0.018458072083575864,
2024-10-11 00:00:00+00:00,2024-10-07 00:00:00+00:00,30,30,0.012428140902349906,
2024-10-12 00:00:00+00:00,2024-10-07 00:00:00+00:00,30,30,0.025281406109063518,
2024-10-13 00:00:00+00:00,2024-10-07 00:00:00+00:00,30,30,0.006412927905171797,
2024-10-14 00:00:00+00:00,2024-10-14 00:00:00+00:00,30,30,-0.014551519503731843,
2024-10-15 00:00:00+00:00,2024-10-14 00:00:00+00:00,30,30,0.046513845882803766,
2024-10-16 00:00:00+00:00,2024-10-14 00:00:00+00:00,30,30,-0.013314043561469356,
2024-10-17 00:00:00+00:00,2024-10-14 00:00:00+00:00,30,30,0.002942263413846084,
2024-10-18 00:00:00+00:00,2024-10-14 00:00:00+00:00,30,30,-0.015000216042587283,
2024-10-19 00:00:00+00:00,2024-10-14 00:00:00+00:00,30,30,0.02566830647068073,
2024-10-20 00:00:00+00:00,2024-10-14 00:00:00+00:00,30,30,0.00527721313496458,
2024-10-21 00:00:00+00:00,2024-10-21 00:00:00+00:00,30,30,0.024543359960746435,
2024-10-22 00:00:00+00:00,2024-10-21 00:00:00+00:00,30,30,-0.02908308717108521,
2024-10-23 00:00:00+00:00,2024-10-21 00:00:00+00:00,30,30,-0.0022351652514153303,
2024-10-24 00:00:00+00:00,2024-10-21 00:00:00+00:00,30,30,-0.02409469063179758,
2024-10-25 00:00:00+00:00,2024-10-21 00:00:00+00:00,30,30,0.008939426824414853,
2024-10-26 00:00:00+00:00,2024-10-21 00:00:00+00:00,30,30,-0.05963268308550259,
2024-10-27 00:00:00+00:00,2024-10-21 00:00:00+00:00,30,30,0.013439510860861098,
2024-10-28 00:00:00+00:00,2024-10-28 00:00:00+00:00,30,30,0.015387229682996098,
2024-10-29 00:00:00+00:00,2024-10-28 00:00:00+00:00,30,30,0.014874522375110215,
2024-10-30 00:00:00+00:00,2024-10-28 00:00:00+00:00,30,30,0.03347243250105173,
2024-10-31 00:00:00+00:00,2024-10-28 00:00:00+00:00,30,30,-0.00693356752645958,
2024-11-01 00:00:00+00:00,2024-10-28 00:00:00+00:00,30,30,-0.043911555120895035,
2024-11-02 00:00:00+00:00,2024-10-28 00:00:00+00:00,30,30,-0.0035095002667982268,
2024-11-03 00:00:00+00:00,2024-10-28 00:00:00+00:00,30,30,-0.015851039531612928,
2024-11-04 00:00:00+00:00,2024-11-04 00:00:00+00:00,30,30,-0.029110676619354996,
2024-11-05 00:00:00+00:00,2024-11-04 00:00:00+00:00,30,30,-0.01547672041990819,
2024-11-06 00:00:00+00:00,2024-11-04 00:00:00+00:00,30,30,0.03503075270299469,
2024-11-07 00:00:00+00:00,2024-11-04 00:00:00+00:00,30,30,0.10328883153596077,
2024-11-08 00:00:00+00:00,2024-11-04 00:00:00+00:00,30,30,0.01723582967510806,
2024-11-09 00:00:00+00:00,2024-11-04 00:00:00+00:00,30,30,0.029789553736987964,
2024-11-10 00:00:00+00:00,2024-11-04 00:00:00+00:00,30,30,0.030956528606512854,
2024-11-11 00:00:00+00:00,2024-11-11 00:00:00+00:00,30,30,0.06001535155395266,
2024-11-12 00:00:00+00:00,2024-11-11 00:00:00+00:00,30,30,0.06868371891393112,
2024-11-13 00:00:00+00:00,2024-11-11 00:00:00+00:00,30,30,-0.04341592581214139,
2024-11-14 00:00:00+00:00,2024-11-11 00:00:00+00:00,30,30,-0.02182717446184347,
2024-11-15 00:00:00+00:00,2024-11-11 00:00:00+00:00,30,30,-0.03228334834838166,
2024-11-16 00:00:00+00:00,2024-11-11 00:00:00+00:00,30,30,0.0631634737467661,
2024-11-17 00:00:00+00:00,2024-11-11 00:00:00+00:00,30,30,0.09196741976001714,
2024-11-18 00:00:00+00:00,2024-11-18 00:00:00+00:00,30,30,-0.042574219094595044,
2024-11-19 00:00:00+00:00,2024-11-18 00:00:00+00:00,30,30,0.06445910544041018,
2024-11-20 00:00:00+00:00,2024-11-18 00:00:00+00:00,30,30,-0.007968352988745686,
2024-11-21 00:00:00+00:00,2024-11-18 00:00:00+00:00,30,30,-0.02009417973998118,
2024-11-22 00:00:00+00:00,2024-11-18 00:00:00+00:00,30,30,0.05845963758824945,
2024-11-23 00:00:00+00:00,2024-11-18 00:00:00+00:00,30,30,0.07991352947170371,
2024-11-24 00:00:00+00:00,2024-11-18 00:00:00+00:00,30,30,0.06037742127836779,
2024-11-25 00:00:00+00:00,2024-11-25 00:00:00+00:00,30,30,0.020969198490865846,
2024-11-26 00:00:00+00:00,2024-11-25 00:00:00+00:00,30,30,-0.033428154510119344,
2024-11-27 00:00:00+00:00,2024-11-25 00:00:00+00:00,30,30,-0.009641502545161496,
2024-11-28 00:00:00+00:00,2024-11-25 00:00:00+00:00,30,30,0.0676545026344196,
2024-11-29 00:00:00+00:00,2024-11-25 00:00:00+00:00,30,30,-0.01040987185554302,
2024-11-30 00:00:00+00:00,2024-11-25 00:00:00+00:00,30,30,0.045034372516192904,
2024-12-01 00:00:00+00:00,2024-11-25 00:00:00+00:00,30,30,0.028323180793057512,
2024-12-02 00:00:00+00:00,2024-12-02 00:00:00+00:00,30,30,0.03387632406832255,
2024-12-03 00:00:00+00:00,2024-12-02 00:00:00+00:00,30,30,0.06823278758436642,
2024-12-04 00:00:00+00:00,2024-12-02 00:00:00+00:00,30,30,0.04252445562455535,
2024-12-05 00:00:00+00:00,2024-12-02 00:00:00+00:00,30,30,0.03440256967175828,
2024-12-06 00:00:00+00:00,2024-12-02 00:00:00+00:00,30,30,-0.024214215698125922,
2024-12-07 00:00:00+00:00,2024-12-02 00:00:00+00:00,30,30,0.05829311583104218,
2024-12-08 00:00:00+00:00,2024-12-02 00:00:00+00:00,30,30,-0.005178822181799066,
2024-12-09 00:00:00+00:00,2024-12-09 00:00:00+00:00,30,30,0.018471160982592823,
2024-12-10 00:00:00+00:00,2024-12-09 00:00:00+00:00,30,30,-0.16800593464995087,
2024-12-11 00:00:00+00:00,2024-12-09 00:00:00+00:00,30,30,-0.007391907683342356,
2024-12-12 00:00:00+00:00,2024-12-09 00:00:00+00:00,30,30,0.07059078298405634,
2024-12-13 00:00:00+00:00,2024-12-09 00:00:00+00:00,30,30,0.023284079458503536,
2024-12-14 00:00:00+00:00,2024-12-09 00:00:00+00:00,30,30,0.004588714547857139,
2024-12-15 00:00:00+00:00,2024-12-09 00:00:00+00:00,30,30,-0.03402127618519149,
2024-12-16 00:00:00+00:00,2024-12-16 00:00:00+00:00,30,30,0.024218360088169813,
2024-12-17 00:00:00+00:00,2024-12-16 00:00:00+00:00,30,30,-0.024802804131748474,
2024-12-18 00:00:00+00:00,2024-12-16 00:00:00+00:00,30,30,-0.01765449640816104,
2024-12-19 00:00:00+00:00,2024-12-16 00:00:00+00:00,30,30,-0.09629801931627434,
2024-12-20 00:00:00+00:00,2024-12-16 00:00:00+00:00,30,30,-0.08682500923130261,
2024-12-21 00:00:00+00:00,2024-12-16 00:00:00+00:00,30,30,0.03706019207836016,
2024-12-22 00:00:00+00:00,2024-12-16 00:00:00+00:00,30,30,-0.04423345504220489,
2024-12-23 00:00:00+00:00,2024-12-23 00:00:00+00:00,30,30,0.007851836992051673,
2024-12-24 00:00:00+00:00,2024-12-23 00:00:00+00:00,30,30,0.06637655088520872,
2024-12-25 00:00:00+00:00,2024-12-23 00:00:00+00:00,30,30,0.03294405305982074,
2024-12-26 00:00:00+00:00,2024-12-23 00:00:00+00:00,30,30,-0.01477912395809983,
2024-12-27 00:00:00+00:00,2024-12-23 00:00:00+00:00,30,30,-0.05917765689635379,
2024-12-28 00:00:00+00:00,2024-12-23 00:00:00+00:00,30,30,-0.008809264247820558,
2024-12-29 00:00:00+00:00,2024-12-23 00:00:00+00:00,30,30,0.026929075564148624,
2024-12-30 00:00:00+00:00,2024-12-30 00:00:00+00:00,30,30,-0.037820756821953336,
2024-12-31 00:00:00+00:00,2024-12-30 00:00:00+00:00,30,30,-0.007862506268230464,
2025-01-01 00:00:00+00:00,2024-12-30 00:00:00+00:00,30,30,-0.012350907681992747,
