timestamp,equity,cash,market_value,drawdown
2020-01-21T00:00:00Z,100000.0,100000.0,0.0,0.0
2020-01-22T00:00:00Z,100000.0,100000.0,0.0,0.0
2020-01-23T00:00:00Z,100000.0,100000.0,0.0,0.0
2020-01-24T00:00:00Z,100000.0,100000.0,0.0,0.0
2020-01-25T00:00:00Z,100000.0,100000.0,0.0,0.0
2020-01-26T00:00:00Z,100000.0,100000.0,0.0,0.0
2020-01-27T00:00:00Z,100000.0,100000.0,0.0,0.0
2020-01-28T00:00:00Z,100000.0,100000.0,0.0,0.0
2020-01-29T00:00:00Z,100000.0,100000.0,0.0,0.0
2020-01-30T00:00:00Z,100000.0,100000.0,0.0,0.0
2020-01-31T00:00:00Z,100000.0,100000.0,0.0,0.0
2020-02-01T00:00:00Z,100000.0,100000.0,0.0,0.0
2020-02-02T00:00:00Z,100000.0,100000.0,0.0,0.0
2020-02-03T00:00:00Z,100000.0,100000.0,0.0,0.0
2020-02-04T00:00:00Z,100000.0,100000.0,0.0,0.0
2020-02-05T00:00:00Z,100000.0,100000.0,0.0,0.0
2020-02-06T00:00:00Z,100000.0,100000.0,0.0,0.0
2020-02-07T00:00:00Z,100000.0,100000.0,0.0,0.0
2020-02-08T00:00:00Z,100000.0,100000.0,0.0,0.0
2020-02-09T00:00:00Z,100000.0,100000.0,0.0,0.0
2020-02-10T00:00:00Z,100000.0,100000.0,0.0,0.0
2020-02-11T00:00:00Z,100000.0,100000.0,0.0,0.0
2020-02-12T00:00:00Z,100000.0,100000.0,0.0,0.0
2020-02-13T00:00:00Z,100000.0,100000.0,0.0,0.0
2020-02-14T00:00:00Z,100000.0,100000.0,0.0,0.0
2020-02-15T00:00:00Z,100000.0,100000.0,0.0,0.0
2020-02-16T00:00:00Z,100000.0,100000.0,0.0,0.0
2020-02-17T00:00:00Z,100000.0,100000.0,0.0,0.0
2020-02-18T00:00:00Z,100000.0,100000.0,0.0,0.0
2020-02-19T00:00:00Z,100000.0,100000.0,0.0,0.0
2020-02-20T00:00:00Z,100000.0,100000.0,0.0,0.0
2020-02-21T00:00:00Z,100000.0,100000.0,0.0,0.0
2020-02-22T00:00:00Z,100000.0,100000.0,0.0,0.0
2020-02-23T00:00:00Z,100000.0,100000.0,0.0,0.0
2020-02-24T00:00:00Z,100000.0,100000.0,0.0,0.0
2020-02-25T00:00:00Z,100000.0,100000.0,0.0,0.0
2020-02-26T00:00:00Z,100000.0,100000.0,0.0,0.0
2020-02-27T00:00:00Z,100000.0,100000.0,0.0,0.0
2020-02-28T00:00:00Z,100000.0,100000.0,0.0,0.0
2020-02-29T00:00:00Z,100000.0,100000.0,0.0,0.0
2020-03-01T00:00:00Z,100000.0,100000.0,0.0,0.0
2020-03-02T00:00:00Z,100000.0,100000.0,0.0,0.0
2020-03-03T00:00:00Z,100000.0,100000.0,0.0,0.0
2020-03-04T00:00:00Z,100000.0,100000.0,0.0,0.0
2020-03-05T00:00:00Z,100000.0,100000.0,0.0,0.0
2020-03-06T00:00:00Z,100000.0,100000.0,0.0,0.0
2020-03-07T00:00:00Z,100000.0,100000.0,0.0,0.0
2020-03-08T00:00:00Z,100000.0,100000.0,0.0,0.0
2020-03-09T00:00:00Z,100000.0,100000.0,0.0,0.0
2020-03-10T00:00:00Z,100000.0,100000.0,0.0,0.0
2020-03-11T00:00:00Z,100000.0,100000.0,0.0,0.0
2020-03-12T00:00:00Z,100000.0,100000.0,0.0,0.0
2020-03-13T00:00:00Z,100000.0,100000.0,0.0,0.0
2020-03-14T00:00:00Z,100000.0,100000.0,0.0,0.0
2020-03-15T00:00:00Z,100000.0,100000.0,0.0,0.0
2020-03-16T00:00:00Z,100000.0,100000.0,0.0,0.0
2020-03-17T00:00:00Z,100000.0,100000.0,0.0,0.0
2020-03-18T00:00:00Z,100000.0,100000.0,0.0,0.0
2020-03-19T00:00:00Z,100000.0,100000.0,0.0,0.0
2020-03-20T00:00:00Z,100000.0,100000.0,0.0,0.0
2020-03-21T00:00:00Z,100000.0,100000.0,0.0,0.0
2020-03-22T00:00:00Z,100000.0,100000.0,0.0,0.0
2020-03-23T00:00:00Z,100000.0,100000.0,0.0,0.0
2020-03-24T00:00:00Z,100000.0,100000.0,0.0,0.0
2020-03-25T00:00:00Z,100000.0,100000.0,0.0,0.0
2020-03-26T00:00:00Z,100000.0,100000.0,0.0,0.0
2020-03-27T00:00:00Z,100000.0,100000.0,0.0,0.0
2020-03-28T00:00:00Z,100000.0,100000.0,0.0,0.0
2020-03-29T00:00:00Z,100000.0,100000.0,0.0,0.0
2020-03-30T00:00:00Z,100000.0,100000.0,0.0,0.0
2020-03-31T00:00:00Z,100000.0,100000.0,0.0,0.0
2020-04-01T00:00:00Z,100000.0,100000.0,0.0,0.0
2020-04-02T00:00:00Z,100000.0,100000.0,0.0,0.0
2020-04-03T00:00:00Z,100000.0,100000.0,0.0,0.0
2020-04-04T00:00:00Z,100000.0,100000.0,0.0,0.0
2020-04-05T00:00:00Z,100000.0,100000.0,0.0,0.0
2020-04-06T00:00:00Z,100000.0,100000.0,0.0,0.0
2020-04-07T00:00:00Z,100000.0,100000.0,0.0,0.0
2020-04-08T00:00:00Z,100000.0,100000.0,0.0,0.0
2020-04-09T00:00:00Z,100000.0,100000.0,0.0,0.0
2020-04-10T00:00:00Z,100000.0,100000.0,0.0,0.0
2020-04-11T00:00:00Z,100000.0,100000.0,0.0,0.0
2020-04-12T00:00:00Z,100000.0,100000.0,0.0,0.0
2020-04-13T00:00:00Z,100000.0,100000.0,0.0,0.0
2020-04-14T00:00:00Z,100000.0,100000.0,0.0,0.0
2020-04-15T00:00:00Z,100000.0,100000.0,0.0,0.0
2020-04-16T00:00:00Z,100000.0,100000.0,0.0,0.0
2020-04-17T00:00:00Z,100000.0,100000.0,0.0,0.0
2020-04-18T00:00:00Z,100000.0,100000.0,0.0,0.0
2020-04-19T00:00:00Z,100000.0,100000.0,0.0,0.0
2020-04-20T00:00:00Z,100000.0,100000.0,0.0,0.0
2020-04-21T00:00:00Z,100000.0,100000.0,0.0,0.0
2020-04-22T00:00:00Z,100000.0,100000.0,0.0,0.0
2020-04-23T00:00:00Z,100000.0,100000.0,0.0,0.0
2020-04-24T00:00:00Z,100000.0,100000.0,0.0,0.0
2020-04-25T00:00:00Z,100000.0,100000.0,0.0,0.0
2020-04-26T00:00:00Z,100000.0,100000.0,0.0,0.0
2020-04-27T00:00:00Z,100000.0,100000.0,0.0,0.0
2020-04-28T00:00:00Z,100000.0,100000.0,0.0,0.0
2020-04-29T00:00:00Z,100000.0,100000.0,0.0,0.0
2020-04-30T00:00:00Z,100000.0,100000.0,0.0,0.0
2020-05-01T00:00:00Z,100000.0,100000.0,0.0,0.0
2020-05-02T00:00:00Z,100000.0,100000.0,0.0,0.0
2020-05-03T00:00:00Z,100000.0,100000.0,0.0,0.0
2020-05-04T00:00:00Z,100000.0,100000.0,0.0,0.0
2020-05-05T00:00:00Z,100000.0,100000.0,0.0,0.0
2020-05-06T00:00:00Z,100000.0,100000.0,0.0,0.0
2020-05-07T00:00:00Z,100000.0,100000.0,0.0,0.0
2020-05-08T00:00:00Z,100000.0,100000.0,0.0,0.0
2020-05-09T00:00:00Z,100000.0,100000.0,0.0,0.0
2020-05-10T00:00:00Z,100000.0,100000.0,0.0,0.0
2020-05-11T00:00:00Z,100000.0,100000.0,0.0,0.0
2020-05-12T00:00:00Z,100000.0,100000.0,0.0,0.0
2020-05-13T00:00:00Z,100000.0,100000.0,0.0,0.0
2020-05-14T00:00:00Z,100000.0,100000.0,0.0,0.0
2020-05-15T00:00:00Z,100000.0,100000.0,0.0,0.0
2020-05-16T00:00:00Z,100000.0,100000.0,0.0,0.0
2020-05-17T00:00:00Z,100000.0,100000.0,0.0,0.0
2020-05-18T00:00:00Z,100000.0,100000.0,0.0,0.0
2020-05-19T00:00:00Z,100000.0,100000.0,0.0,0.0
2020-05-20T00:00:00Z,100000.0,100000.0,0.0,0.0
2020-05-21T00:00:00Z,100001.00856441897,91585.88970523342,8415.118859185553,0.0
2020-05-22T00:00:00Z,99298.20710367522,91585.88970523342,7712.317398441797,0.007027943726097701
2020-05-23T00:00:00Z,99836.29640905831,91585.88970523342,8250.406703824889,0.0016471049414921745
2020-05-24T00:00:00Z,99742.32316678156,91585.88970523342,8156.4334615481375,0.00258682788654847
2020-05-25T00:00:00Z,99174.78397917315,91585.88970523342,7588.894273939735,0.008262162523226698
2020-05-26T00:00:00Z,99554.08070351223,91585.88970523342,7968.190998278807,0.004469233533968181
2020-05-27T00:00:00Z,99490.29729025037,91585.88970523342,7904.407585016949,0.005107061233683538
2020-05-28T00:00:00Z,99724.86042254746,91585.88970523342,8138.970717314032,0.0027614535676769906
2020-05-29T00:00:00Z,101204.45802299303,91585.88970523342,9618.568317759615,0.0
2020-05-30T00:00:00Z,101162.57703470277,91585.88970523342,9576.687329469349,0.00041382552812784033
2020-05-31T00:00:00Z,102960.94371209972,91585.88970523342,11375.0540068663,0.0
2020-06-01T00:00:00Z,101998.20303420692,80895.18720081596,21103.015833390964,0.009350542479338786
2020-06-02T00:00:00Z,103741.5516557699,80895.18720081596,22846.36445495394,0.0
2020-06-03T00:00:00Z,102972.86812604673,80895.18720081596,22077.680925230776,0.007409601239373992
2020-06-04T00:00:00Z,104256.03942102156,80895.18720081596,23360.852220205612,0.0
2020-06-05T00:00:00Z,104689.80183756983,80895.18720081596,23794.614636753875,0.0
2020-06-06T00:00:00Z,104028.06089808872,80895.18720081596,23132.873697272767,0.006320968498037919
2020-06-07T00:00:00Z,104249.10687921973,80895.18720081596,23353.919678403778,0.004209530924834991
2020-06-08T00:00:00Z,104416.17564731496,80895.18720081596,23520.988446499003,0.0026136852439496783
2020-06-09T00:00:00Z,104489.09015168597,80895.18720081596,23593.902950870015,0.0019172037998053334
2020-06-10T00:00:00Z,103846.37771673422,80895.18720081596,22951.190515918257,0.00805641147496119
2020-06-11T00:00:00Z,104115.36445033917,80895.18720081596,23220.17724952322,0.005487042454449592
2020-06-12T00:00:00Z,102132.46556940963,80895.18720081596,21237.27836859367,0.024427749630551453
2020-06-13T00:00:00Z,103064.35954581684,80895.18720081596,22169.172345000894,0.015526271549113476
2020-06-14T00:00:00Z,103040.37011130509,80895.18720081596,22145.18291048913,0.015755419317957004
2020-06-15T00:00:00Z,102366.75059655106,80895.18720081596,21471.56339573511,0.022189852308853036
2020-06-16T00:00:00Z,102095.75782562666,90531.12945126978,11564.628374356877,0.02477838305557145
2020-06-17T00:00:00Z,102256.17828960775,90531.12945126978,11725.048838337972,0.02324604216691459
2020-06-18T00:00:00Z,102880.9893587297,90531.12945126978,12349.859907459922,0.017277828853344984
2020-06-19T00:00:00Z,102656.48950277091,90531.12945126978,12125.360051501137,0.019422257938301168
2020-06-20T00:00:00Z,102624.1218503778,102624.1218503778,0.0,0.019731434685462658
2020-06-21T00:00:00Z,102624.1218503778,102624.1218503778,0.0,0.019731434685462658
2020-06-22T00:00:00Z,102624.1218503778,102624.1218503778,0.0,0.019731434685462658
2020-06-23T00:00:00Z,102624.1218503778,102624.1218503778,0.0,0.019731434685462658
2020-06-24T00:00:00Z,102624.1218503778,102624.1218503778,0.0,0.019731434685462658
2020-06-25T00:00:00Z,102624.1218503778,102624.1218503778,0.0,0.019731434685462658
2020-06-26T00:00:00Z,102624.1218503778,102624.1218503778,0.0,0.019731434685462658
2020-06-27T00:00:00Z,102624.1218503778,102624.1218503778,0.0,0.019731434685462658
2020-06-28T00:00:00Z,102624.1218503778,102624.1218503778,0.0,0.019731434685462658
2020-06-29T00:00:00Z,102624.1218503778,102624.1218503778,0.0,0.019731434685462658
2020-06-30T00:00:00Z,102624.1218503778,102624.1218503778,0.0,0.019731434685462658
2020-07-01T00:00:00Z,102624.1218503778,102624.1218503778,0.0,0.019731434685462658
2020-07-02T00:00:00Z,102624.1218503778,102624.1218503778,0.0,0.019731434685462658
2020-07-03T00:00:00Z,102231.01626527512,92871.9644668871,9359.051798388007,0.02348639054747292
2020-07-04T00:00:00Z,102597.02507964795,92871.9644668871,9725.06061276084,0.01999026381928681
2020-07-05T00:00:00Z,102940.98274399391,92871.9644668871,10069.018277106808,0.0167047703107632
2020-07-06T00:00:00Z,102755.5114273296,92871.9644668871,9883.5469604425,0.018476397665183747
2020-07-07T00:00:00Z,103473.13035993901,92871.9644668871,10601.165893051902,0.011621680968682446
2020-07-08T00:00:00Z,104724.91071214892,92871.9644668871,11852.94624526182,0.0
2020-07-09T00:00:00Z,105958.96959219113,92871.9644668871,13087.005125304033,0.0
2020-07-10T00:00:00Z,105358.15127159617,92871.9644668871,12486.186804709068,0.0056702922169529985
2020-07-11T00:00:00Z,104793.78279716434,92871.9644668871,11921.818330277232,0.010996584805527048
2020-07-12T00:00:00Z,105475.85809525555,92871.9644668871,12603.893628368447,0.00455942048884541
2020-07-13T00:00:00Z,105635.85479567878,92871.9644668871,12763.890328791673,0.003049433169800902
2020-07-14T00:00:00Z,105388.55970679304,92871.9644668871,12516.595239905932,0.005383309101565058
2020-07-15T00:00:00Z,106217.23991099892,92871.9644668871,13345.27544411182,0.0
2020-07-16T00:00:00Z,106019.78646258486,92871.9644668871,13147.821995697757,0.001858958569997768
2020-07-17T00:00:00Z,105555.50402982747,92871.9644668871,12683.539562940361,0.006230023315668247
2020-07-18T00:00:00Z,105181.03724010187,92871.9644668871,12309.072773214759,0.009755503642961369
2020-07-19T00:00:00Z,105226.75058307993,92871.9644668871,12354.786116192825,0.00932512771701592
2020-07-20T00:00:00Z,105349.89467660895,92871.9644668871,12477.930209721842,0.008165767017828103
2020-07-21T00:00:00Z,104731.05281329795,92871.9644668871,11859.088346410856,0.013991957416199732
2020-07-22T00:00:00Z,105282.02949342124,92871.9644668871,12410.065026534141,0.008804695154584171
2020-07-23T00:00:00Z,105341.3360110734,92871.9644668871,12469.3715441863,0.008246344008368576
2020-07-24T00:00:00Z,106101.89885388846,75891.29290490947,30210.60594897899,0.001085897705561804
2020-07-25T00:00:00Z,106127.44514854733,75891.29290490947,30236.152243637865,0.0008453878346569258
2020-07-26T00:00:00Z,109981.22876963788,75891.29290490947,34089.93586472841,0.0
2020-07-27T00:00:00Z,110815.33670846955,75891.29290490947,34924.04380356008,0.0
2020-07-28T00:00:00Z,110523.83228673344,75891.29290490947,34632.539381823975,0.00263054221910634
2020-07-29T00:00:00Z,111253.9238256925,75891.29290490947,35362.63092078303,0.0
2020-07-30T00:00:00Z,110387.34203383891,75891.29290490947,34496.04912892945,0.007789224523993514
2020-07-31T00:00:00Z,111581.95110505693,75891.29290490947,35690.65820014746,0.0
2020-08-01T00:00:00Z,112133.93907919238,75891.29290490947,36242.64617428292,0.0
2020-08-02T00:00:00Z,114724.66736370201,89850.0545940953,24874.612769606712,0.0
2020-08-03T00:00:00Z,113785.60252503547,89850.0545940953,23935.547930940163,0.008185378613384886
2020-08-04T00:00:00Z,114647.53678147067,89850.0545940953,24797.48218737537,0.0006723103583889564
2020-08-05T00:00:00Z,114894.35464461095,89850.0545940953,25044.300050515656,0.0
2020-08-06T00:00:00Z,115609.0980399547,89850.0545940953,25759.04344585939,0.0
2020-08-07T00:00:00Z,115236.30022583656,89850.0545940953,25386.245631741254,0.003224640797641185
2020-08-08T00:00:00Z,114233.60265682916,89850.0545940953,24383.548062733855,0.011897812598193329
2020-08-09T00:00:00Z,115367.42221562983,89850.0545940953,25517.367621534533,0.0020904567929536026
2020-08-10T00:00:00Z,114919.42208383614,89850.0545940953,25069.36748974084,0.005965585475636249
2020-08-11T00:00:00Z,115263.93868446945,89850.0545940953,25413.88409037415,0.002985572600574711
2020-08-12T00:00:00Z,114211.74899186361,89850.0545940953,24361.694397768308,0.012086843265641238
2020-08-13T00:00:00Z,114732.38042192515,89850.0545940953,24882.325827829845,0.007583465599969952
2020-08-14T00:00:00Z,117130.49877446785,89850.0545940953,27280.44418037255,0.0
2020-08-15T00:00:00Z,118009.14465705318,89850.0545940953,28159.090062957883,0.0
2020-08-16T00:00:00Z,117624.77725560035,89850.0545940953,27774.722661505046,0.0032570984441065856
2020-08-17T00:00:00Z,117720.5477285376,89850.0545940953,27870.49313444229,0.0024455471595381914
2020-08-18T00:00:00Z,117545.07565396129,89850.0545940953,27695.021059865994,0.00393248340576084
2020-08-19T00:00:00Z,115755.87514106392,88636.76242852525,27119.112712538667,0.019094024641374156
2020-08-20T00:00:00Z,114821.95234121279,88636.76242852525,26185.18991268754,0.02700801132914493
2020-08-21T00:00:00Z,115369.5794750553,88636.76242852525,26732.817046530046,0.02236746304423044
2020-08-22T00:00:00Z,113573.07966391703,88636.76242852525,24936.31723539178,0.037590857946033084
2020-08-23T00:00:00Z,113535.68765622257,113535.68765622257,0.0,0.0379077148116864
2020-08-24T00:00:00Z,113535.68765622257,113535.68765622257,0.0,0.0379077148116864
2020-08-25T00:00:00Z,113535.68765622257,113535.68765622257,0.0,0.0379077148116864
2020-08-26T00:00:00Z,113535.68765622257,113535.68765622257,0.0,0.0379077148116864
2020-08-27T00:00:00Z,113535.68765622257,113535.68765622257,0.0,0.0379077148116864
2020-08-28T00:00:00Z,113535.68765622257,113535.68765622257,0.0,0.0379077148116864
2020-08-29T00:00:00Z,113535.68765622257,113535.68765622257,0.0,0.0379077148116864
2020-08-30T00:00:00Z,113535.68765622257,113535.68765622257,0.0,0.0379077148116864
2020-08-31T00:00:00Z,113535.68765622257,113535.68765622257,0.0,0.0379077148116864
2020-09-01T00:00:00Z,113535.68765622257,113535.68765622257,0.0,0.0379077148116864
2020-09-02T00:00:00Z,113535.68765622257,113535.68765622257,0.0,0.0379077148116864
2020-09-03T00:00:00Z,112375.9220177042,112375.9220177042,0.0,0.047735475549117085
2020-09-04T00:00:00Z,112375.9220177042,112375.9220177042,0.0,0.047735475549117085
2020-09-05T00:00:00Z,112375.9220177042,112375.9220177042,0.0,0.047735475549117085
2020-09-06T00:00:00Z,112375.9220177042,112375.9220177042,0.0,0.047735475549117085
2020-09-07T00:00:00Z,112375.9220177042,112375.9220177042,0.0,0.047735475549117085
2020-09-08T00:00:00Z,112375.9220177042,112375.9220177042,0.0,0.047735475549117085
2020-09-09T00:00:00Z,112375.9220177042,112375.9220177042,0.0,0.047735475549117085
2020-09-10T00:00:00Z,112375.9220177042,112375.9220177042,0.0,0.047735475549117085
2020-09-11T00:00:00Z,112375.9220177042,112375.9220177042,0.0,0.047735475549117085
2020-09-12T00:00:00Z,112375.9220177042,112375.9220177042,0.0,0.047735475549117085
2020-09-13T00:00:00Z,112375.9220177042,112375.9220177042,0.0,0.047735475549117085
2020-09-14T00:00:00Z,112375.9220177042,112375.9220177042,0.0,0.047735475549117085
2020-09-15T00:00:00Z,112375.9220177042,112375.9220177042,0.0,0.047735475549117085
2020-09-16T00:00:00Z,112375.9220177042,112375.9220177042,0.0,0.047735475549117085
2020-09-17T00:00:00Z,112375.9220177042,112375.9220177042,0.0,0.047735475549117085
2020-09-18T00:00:00Z,112375.9220177042,112375.9220177042,0.0,0.047735475549117085
2020-09-19T00:00:00Z,112375.9220177042,112375.9220177042,0.0,0.047735475549117085
2020-09-20T00:00:00Z,112375.9220177042,112375.9220177042,0.0,0.047735475549117085
2020-09-21T00:00:00Z,112375.9220177042,112375.9220177042,0.0,0.047735475549117085
2020-09-22T00:00:00Z,112375.9220177042,112375.9220177042,0.0,0.047735475549117085
2020-09-23T00:00:00Z,112375.9220177042,112375.9220177042,0.0,0.047735475549117085
2020-09-24T00:00:00Z,112375.9220177042,112375.9220177042,0.0,0.047735475549117085
2020-09-25T00:00:00Z,112375.9220177042,112375.9220177042,0.0,0.047735475549117085
2020-09-26T00:00:00Z,112375.9220177042,112375.9220177042,0.0,0.047735475549117085
2020-09-27T00:00:00Z,112375.9220177042,112375.9220177042,0.0,0.047735475549117085
2020-09-28T00:00:00Z,112375.9220177042,112375.9220177042,0.0,0.047735475549117085
2020-09-29T00:00:00Z,112375.9220177042,112375.9220177042,0.0,0.047735475549117085
2020-09-30T00:00:00Z,112375.9220177042,112375.9220177042,0.0,0.047735475549117085
2020-10-01T00:00:00Z,112375.9220177042,112375.9220177042,0.0,0.047735475549117085
2020-10-02T00:00:00Z,112375.9220177042,112375.9220177042,0.0,0.047735475549117085
2020-10-03T00:00:00Z,112375.9220177042,112375.9220177042,0.0,0.047735475549117085
2020-10-04T00:00:00Z,112375.9220177042,112375.9220177042,0.0,0.047735475549117085
2020-10-05T00:00:00Z,112375.9220177042,112375.9220177042,0.0,0.047735475549117085
2020-10-06T00:00:00Z,112375.9220177042,112375.9220177042,0.0,0.047735475549117085
2020-10-07T00:00:00Z,112375.9220177042,112375.9220177042,0.0,0.047735475549117085
2020-10-08T00:00:00Z,112375.9220177042,112375.9220177042,0.0,0.047735475549117085
2020-10-09T00:00:00Z,112375.9220177042,112375.9220177042,0.0,0.047735475549117085
2020-10-10T00:00:00Z,112375.9220177042,112375.9220177042,0.0,0.047735475549117085
2020-10-11T00:00:00Z,112375.9220177042,112375.9220177042,0.0,0.047735475549117085
2020-10-12T00:00:00Z,112375.9220177042,112375.9220177042,0.0,0.047735475549117085
2020-10-13T00:00:00Z,112375.9220177042,112375.9220177042,0.0,0.047735475549117085
2020-10-14T00:00:00Z,112120.55483056414,89427.15198618003,22693.402844384113,0.04989943655300524
2020-10-15T00:00:00Z,112114.59302797091,89427.15198618003,22687.44104179088,0.04994995638865487
2020-10-16T00:00:00Z,112288.47893694017,89427.15198618003,22861.326950760144,0.048476461182206367
2020-10-17T00:00:00Z,111918.84717615979,89427.15198618003,22491.695189979764,0.05160869099248563
2020-10-18T00:00:00Z,112005.09458700856,89427.15198618003,22577.94260082852,0.050877837370087046
2020-10-19T00:00:00Z,112285.29930889045,89427.15198618003,22858.147322710418,0.048503405094552844
2020-10-20T00:00:00Z,112777.5454763383,89427.15198618003,23350.39349015827,0.04433215066441208
2020-10-21T00:00:00Z,113094.71337429824,89427.15198618003,23667.561388118203,0.04164449540784988
2020-10-22T00:00:00Z,114834.56609775641,89427.15198618003,25407.41411157638,0.02690112337075595
2020-10-23T00:00:00Z,115197.44114893113,89427.15198618003,25770.289162751098,0.023826149374212947
2020-10-24T00:00:00Z,114938.37764968332,75579.67591632617,39358.70173335714,0.02602143262959693
2020-10-25T00:00:00Z,115400.87799416712,75579.67591632617,39821.20207784094,0.02210224191070916
2020-10-26T00:00:00Z,115039.84534990453,75579.67591632617,39460.16943357836,0.025161603499269044
2020-10-27T00:00:00Z,114642.57231204261,75579.67591632617,39062.89639571643,0.028528063268267734
2020-10-28T00:00:00Z,116157.14717609371,75579.67591632617,40577.47125976754,0.015693677692026058
2020-10-29T00:00:00Z,114925.51251566966,75579.67591632617,39345.83659934348,0.026130450740447952
2020-10-30T00:00:00Z,115251.81409611457,75579.67591632617,39672.138179788395,0.02336539739315715
2020-10-31T00:00:00Z,115183.11750962904,88242.32777107341,26940.789738555624,0.023947526741566288
2020-11-01T00:00:00Z,115650.92028644463,88242.32777107341,27408.59251537122,0.01998340363758929
2020-11-02T00:00:00Z,115584.54555090665,88242.32777107341,27342.21777983324,0.02054585780782217
2020-11-03T00:00:00Z,115171.59135794878,88242.32777107341,26929.263586875375,0.024045198423822377
2020-11-04T00:00:00Z,116103.42110327093,88242.32777107341,27861.09333219752,0.016148948111779696
2020-11-05T00:00:00Z,116344.87410829682,88242.32777107341,28102.54633722341,0.014102894767968263
2020-11-06T00:00:00Z,119223.4311270623,88242.32777107341,30981.103355988882,0.0
2020-11-07T00:00:00Z,119200.57755045491,88242.32777107341,30958.24977938149,0.0001916869560903244
2020-11-08T00:00:00Z,117100.12217226996,75812.01247843367,41288.10969383629,0.01780949377752289
2020-11-09T00:00:00Z,118943.74706570132,75812.01247843367,43131.734587267645,0.002345881667026584
2020-11-10T00:00:00Z,118368.76659745525,75812.01247843367,42556.754119021585,0.0071685953132500525
2020-11-11T00:00:00Z,118476.86410931134,75812.01247843367,42664.85163087767,0.00626191521828714
2020-11-12T00:00:00Z,119599.5132837489,75812.01247843367,43787.50080531524,0.0
2020-11-13T00:00:00Z,119531.29522801808,106938.54028312443,12592.754944893644,0.0005703874025723191
2020-11-14T00:00:00Z,119909.75856582136,106938.54028312443,12971.218282696933,0.0
2020-11-15T00:00:00Z,119480.6519324559,106938.54028312443,12542.111649331477,0.0035785797461172675
2020-11-16T00:00:00Z,119142.48541047628,106938.54028312443,12203.945127351846,0.006398754901369532
2020-11-17T00:00:00Z,119466.7658675437,106938.54028312443,12528.22558441927,0.0036943840399319755
2020-11-18T00:00:00Z,120067.95079550748,106938.54028312443,13129.410512383056,0.0
2020-11-19T00:00:00Z,119963.94144655723,106938.54028312443,13025.4011634328,0.0008662540524855746
2020-11-20T00:00:00Z,119767.90288309078,106938.54028312443,12829.362599966347,0.0024989842037674713
2020-11-21T00:00:00Z,120826.78340159221,106938.54028312443,13888.243118467783,0.0
2020-11-22T00:00:00Z,121977.96541039244,106938.54028312443,15039.425127268007,0.0
2020-11-23T00:00:00Z,122187.34548720591,106938.54028312443,15248.80520408148,0.0
2020-11-24T00:00:00Z,123517.41268516927,106938.54028312443,16578.872402044843,0.0
2020-11-25T00:00:00Z,123415.58154247975,106938.54028312443,16477.041259355323,0.0008244274266744762
2020-11-26T00:00:00Z,122443.28472284267,106938.54028312443,15504.744439718239,0.00869616630542952
2020-11-27T00:00:00Z,121091.43546227193,106938.54028312443,14152.895179147492,0.01964077104724387
2020-11-28T00:00:00Z,121059.30691992604,106938.54028312443,14120.766636801603,0.019900884513413875
2020-11-29T00:00:00Z,121576.08635528621,106938.54028312443,14637.54607216178,0.015717025540611506
2020-11-30T00:00:00Z,122624.62039404914,106938.54028312443,15686.080110924708,0.007228068267554707
2020-12-01T00:00:00Z,123723.25317680904,106938.54028312443,16784.712893684617,0.0
2020-12-02T00:00:00Z,122419.83122180315,97328.51234689764,25091.31887490551,0.010534979654497218
2020-12-03T00:00:00Z,122941.33003019352,97328.51234689764,25612.817683295892,0.0063199368472642405
2020-12-04T00:00:00Z,123564.775138859,97328.51234689764,26236.26279196135,0.00128090745984159
2020-12-05T00:00:00Z,121864.00618763229,97328.51234689764,24535.493840734653,0.015027466069937252
2020-12-06T00:00:00Z,122906.59273532423,97328.51234689764,25578.080388426584,0.0066007029439950765
2020-12-07T00:00:00Z,123143.69568109896,97328.51234689764,25815.18333420132,0.0046843053413884025
2020-12-08T00:00:00Z,123029.37561718086,113689.49880118565,9339.876815995212,0.005608303546921602
2020-12-09T00:00:00Z,122619.31346816127,113689.49880118565,8929.814666975624,0.008922653424495422
2020-12-10T00:00:00Z,122722.99838416812,113689.49880118565,9033.499582982477,0.008084614387010048
2020-12-11T00:00:00Z,122582.23441690131,113689.49880118565,8892.735615715654,0.009222346896077314
2020-12-12T00:00:00Z,122472.99495182265,113689.49880118565,8783.496150637004,0.010105280881999495
2020-12-13T00:00:00Z,122852.94559797934,113689.49880118565,9163.446796793698,0.007034308882793195
2020-12-14T00:00:00Z,123032.88375343673,113689.49880118565,9343.38495225108,0.005579948842645786
2020-12-15T00:00:00Z,123079.17166236836,113689.49880118565,9389.672861182713,0.005205824272339847
2020-12-16T00:00:00Z,123154.35297129626,113689.49880118565,9464.854170110617,0.0045981672070955085
2020-12-17T00:00:00Z,124087.61466358727,113689.49880118565,10398.11586240163,0.0
2020-12-18T00:00:00Z,124801.37421931303,113689.49880118565,11111.875418127383,0.0
2020-12-19T00:00:00Z,125129.40881202227,102088.79609230041,23040.612719721852,0.0
2020-12-20T00:00:00Z,125556.51634762583,102088.79609230041,23467.720255325417,0.0
2020-12-21T00:00:00Z,125026.70284879688,102088.79609230041,22937.906756496457,0.004219721239812587
2020-12-22T00:00:00Z,123483.29021516046,112414.3894661675,11068.900748992963,0.01651229416659878
2020-12-23T00:00:00Z,124017.11161542883,112414.3894661675,11602.722149261332,0.012260651832158834
2020-12-24T00:00:00Z,123733.3423716206,112414.3894661675,11318.952905453101,0.014520743558681128
2020-12-25T00:00:00Z,123976.42697968366,112414.3894661675,11562.037513516161,0.012584686274405779
2020-12-26T00:00:00Z,124452.51030407415,112414.3894661675,12038.120837906656,0.00879290120231625
2020-12-27T00:00:00Z,125319.89699333826,112414.3894661675,12905.50752717076,0.0018845645066517024
2020-12-28T00:00:00Z,125220.30490296325,112414.3894661675,12805.915436795754,0.002677769776056197
2020-12-29T00:00:00Z,126162.67944913385,103835.3097116357,22327.36973749816,0.0
2020-12-30T00:00:00Z,126330.48789511065,103835.3097116357,22495.17818347495,0.0
2020-12-31T00:00:00Z,127306.3254274078,103835.3097116357,23471.01571577211,0.0
2021-01-01T00:00:00Z,127087.30407191551,117879.99295190403,9207.311120011482,0.0017204279108439535
2021-01-02T00:00:00Z,126997.5071500985,117879.99295190403,9117.514198194473,0.0024257889486048578
2021-01-03T00:00:00Z,127568.05528008346,117879.99295190403,9688.062328179427,0.0
2021-01-04T00:00:00Z,130113.88555934119,117879.99295190403,12233.892607437154,0.0
2021-01-05T00:00:00Z,130910.55184342802,117879.99295190403,13030.558891523993,0.0
2021-01-06T00:00:00Z,131636.18100830587,117879.99295190403,13756.188056401834,0.0
2021-01-07T00:00:00Z,132996.01656668517,117879.99295190403,15116.023614781145,0.0
2021-01-08T00:00:00Z,133193.2446247707,117879.99295190403,15313.251672866692,0.0
2021-01-09T00:00:00Z,133091.5664946353,117879.99295190403,15211.573542731276,0.000763388041351882
2021-01-10T00:00:00Z,133844.960167373,117879.99295190403,15964.967215468972,0.0
2021-01-11T00:00:00Z,133572.6928988554,117879.99295190403,15692.699946951381,0.0020341988833732522
2021-01-12T00:00:00Z,131476.72268613777,117879.99295190403,13596.729734233746,0.01769388610728231
2021-01-13T00:00:00Z,131010.1038626012,117879.99295190403,13130.110910697165,0.021180149788432974
2021-01-14T00:00:00Z,132009.25094950382,117879.99295190403,14129.2579975998,0.013715191185186422
2021-01-15T00:00:00Z,133288.4193566687,117879.99295190403,15408.426404764665,0.004158100611396685
2021-01-16T00:00:00Z,132494.37944494697,117879.99295190403,14614.386493042946,0.01009063561853308
2021-01-17T00:00:00Z,133234.01592910546,117879.99295190403,15354.022977201435,0.004564566626218594
2021-01-18T00:00:00Z,133292.296382541,117879.99295190403,15412.303430636986,0.004129134067811665
2021-01-19T00:00:00Z,133617.4662944132,117879.99295190403,15737.473342509165,0.001699682025197857
2021-01-20T00:00:00Z,134963.91986026545,117879.99295190403,17083.92690836143,0.0
2021-01-21T00:00:00Z,135105.11864122842,117879.99295190403,17225.125689324388,0.0
2021-01-22T00:00:00Z,131785.8842331178,117879.99295190403,13905.891281213757,0.024567791668388513
2021-01-23T00:00:00Z,133299.17497683063,117879.99295190403,15419.182024926591,0.013366952211436675
2021-01-24T00:00:00Z,133307.8044860303,117879.99295190403,15427.811534126275,0.013303079655855799
2021-01-25T00:00:00Z,135288.71457608548,117879.99295190403,17408.72162418145,0.0
2021-01-26T00:00:00Z,134368.60879083793,117879.99295190403,16488.615838933903,0.00680105349607774
2021-01-27T00:00:00Z,134969.54780104785,117879.99295190403,17089.554849143835,0.0023591529865421594
2021-01-28T00:00:00Z,134938.80202312727,134938.80202312727,0.0,0.002586413464379694
2021-01-29T00:00:00Z,134938.80202312727,134938.80202312727,0.0,0.002586413464379694
2021-01-30T00:00:00Z,134938.80202312727,134938.80202312727,0.0,0.002586413464379694
2021-01-31T00:00:00Z,134938.80202312727,134938.80202312727,0.0,0.002586413464379694
2021-02-01T00:00:00Z,134938.80202312727,134938.80202312727,0.0,0.002586413464379694
2021-02-02T00:00:00Z,134938.80202312727,134938.80202312727,0.0,0.002586413464379694
2021-02-03T00:00:00Z,134938.80202312727,134938.80202312727,0.0,0.002586413464379694
2021-02-04T00:00:00Z,134938.80202312727,134938.80202312727,0.0,0.002586413464379694
2021-02-05T00:00:00Z,134938.80202312727,134938.80202312727,0.0,0.002586413464379694
2021-02-06T00:00:00Z,134938.80202312727,134938.80202312727,0.0,0.002586413464379694
2021-02-07T00:00:00Z,134938.80202312727,134938.80202312727,0.0,0.002586413464379694
2021-02-08T00:00:00Z,134938.80202312727,134938.80202312727,0.0,0.002586413464379694
2021-02-09T00:00:00Z,134938.80202312727,134938.80202312727,0.0,0.002586413464379694
2021-02-10T00:00:00Z,134938.80202312727,134938.80202312727,0.0,0.002586413464379694
2021-02-11T00:00:00Z,134938.80202312727,134938.80202312727,0.0,0.002586413464379694
2021-02-12T00:00:00Z,134938.80202312727,134938.80202312727,0.0,0.002586413464379694
2021-02-13T00:00:00Z,134938.80202312727,134938.80202312727,0.0,0.002586413464379694
2021-02-14T00:00:00Z,134938.80202312727,134938.80202312727,0.0,0.002586413464379694
2021-02-15T00:00:00Z,134938.80202312727,134938.80202312727,0.0,0.002586413464379694
2021-02-16T00:00:00Z,134938.80202312727,134938.80202312727,0.0,0.002586413464379694
2021-02-17T00:00:00Z,134938.80202312727,134938.80202312727,0.0,0.002586413464379694
2021-02-18T00:00:00Z,134938.80202312727,134938.80202312727,0.0,0.002586413464379694
2021-02-19T00:00:00Z,134938.80202312727,134938.80202312727,0.0,0.002586413464379694
2021-02-20T00:00:00Z,134938.80202312727,134938.80202312727,0.0,0.002586413464379694
2021-02-21T00:00:00Z,134938.80202312727,134938.80202312727,0.0,0.002586413464379694
2021-02-22T00:00:00Z,134938.80202312727,134938.80202312727,0.0,0.002586413464379694
2021-02-23T00:00:00Z,134938.80202312727,134938.80202312727,0.0,0.002586413464379694
2021-02-24T00:00:00Z,134938.80202312727,134938.80202312727,0.0,0.002586413464379694
2021-02-25T00:00:00Z,134938.80202312727,134938.80202312727,0.0,0.002586413464379694
2021-02-26T00:00:00Z,134938.80202312727,134938.80202312727,0.0,0.002586413464379694
2021-02-27T00:00:00Z,134938.80202312727,134938.80202312727,0.0,0.002586413464379694
2021-02-28T00:00:00Z,134938.80202312727,134938.80202312727,0.0,0.002586413464379694
2021-03-01T00:00:00Z,134938.80202312727,134938.80202312727,0.0,0.002586413464379694
2021-03-02T00:00:00Z,134938.80202312727,134938.80202312727,0.0,0.002586413464379694
2021-03-03T00:00:00Z,134938.80202312727,134938.80202312727,0.0,0.002586413464379694
2021-03-04T00:00:00Z,134938.80202312727,134938.80202312727,0.0,0.002586413464379694
2021-03-05T00:00:00Z,134938.80202312727,134938.80202312727,0.0,0.002586413464379694
2021-03-06T00:00:00Z,134938.80202312727,134938.80202312727,0.0,0.002586413464379694
2021-03-07T00:00:00Z,134938.80202312727,134938.80202312727,0.0,0.002586413464379694
2021-03-08T00:00:00Z,134938.80202312727,134938.80202312727,0.0,0.002586413464379694
2021-03-09T00:00:00Z,134938.80202312727,134938.80202312727,0.0,0.002586413464379694
2021-03-10T00:00:00Z,134938.80202312727,134938.80202312727,0.0,0.002586413464379694
2021-03-11T00:00:00Z,134938.80202312727,134938.80202312727,0.0,0.002586413464379694
2021-03-12T00:00:00Z,134938.80202312727,134938.80202312727,0.0,0.002586413464379694
2021-03-13T00:00:00Z,134938.80202312727,134938.80202312727,0.0,0.002586413464379694
2021-03-14T00:00:00Z,134938.80202312727,134938.80202312727,0.0,0.002586413464379694
2021-03-15T00:00:00Z,134938.80202312727,134938.80202312727,0.0,0.002586413464379694
2021-03-16T00:00:00Z,134938.80202312727,134938.80202312727,0.0,0.002586413464379694
2021-03-17T00:00:00Z,134938.80202312727,134938.80202312727,0.0,0.002586413464379694
2021-03-18T00:00:00Z,134938.80202312727,134938.80202312727,0.0,0.002586413464379694
2021-03-19T00:00:00Z,134938.80202312727,134938.80202312727,0.0,0.002586413464379694
2021-03-20T00:00:00Z,134938.80202312727,134938.80202312727,0.0,0.002586413464379694
2021-03-21T00:00:00Z,134938.80202312727,134938.80202312727,0.0,0.002586413464379694
2021-03-22T00:00:00Z,134938.80202312727,134938.80202312727,0.0,0.002586413464379694
2021-03-23T00:00:00Z,134938.80202312727,134938.80202312727,0.0,0.002586413464379694
2021-03-24T00:00:00Z,134938.80202312727,134938.80202312727,0.0,0.002586413464379694
2021-03-25T00:00:00Z,134938.80202312727,134938.80202312727,0.0,0.002586413464379694
2021-03-26T00:00:00Z,134938.80202312727,134938.80202312727,0.0,0.002586413464379694
2021-03-27T00:00:00Z,134938.80202312727,134938.80202312727,0.0,0.002586413464379694
2021-03-28T00:00:00Z,134938.80202312727,134938.80202312727,0.0,0.002586413464379694
2021-03-29T00:00:00Z,134938.80202312727,134938.80202312727,0.0,0.002586413464379694
2021-03-30T00:00:00Z,134938.80202312727,134938.80202312727,0.0,0.002586413464379694
2021-03-31T00:00:00Z,134938.80202312727,134938.80202312727,0.0,0.002586413464379694
2021-04-01T00:00:00Z,134938.80202312727,134938.80202312727,0.0,0.002586413464379694
2021-04-02T00:00:00Z,134938.80202312727,134938.80202312727,0.0,0.002586413464379694
2021-04-03T00:00:00Z,135960.49867188575,122552.85836933424,13407.64030255151,0.0
2021-04-04T00:00:00Z,135173.36609162742,122552.85836933424,12620.507722293192,0.005789421103536271
2021-04-05T00:00:00Z,135594.60672939837,122552.85836933424,13041.748360064124,0.00269116358105157
2021-04-06T00:00:00Z,135789.04964869755,122552.85836933424,13236.191279363311,0.0012610208469591387
2021-04-07T00:00:00Z,135815.37326200493,122552.85836933424,13262.514892670697,0.0010674086319075633
2021-04-08T00:00:00Z,134885.8167405346,122552.85836933424,12332.958371200344,0.007904368856021204
2021-04-09T00:00:00Z,135620.1764444726,122552.85836933424,13067.318075138364,0.0025030963459060007
2021-04-10T00:00:00Z,135536.68221515155,122552.85836933424,12983.823845817325,0.003117202870496978
2021-04-11T00:00:00Z,135957.98567777526,122552.85836933424,13405.127308441019,1.848326635342498e-05
2021-04-12T00:00:00Z,136066.73549790672,122552.85836933424,13513.877128572485,0.0
2021-04-13T00:00:00Z,135982.36172064702,122552.85836933424,13429.503351312775,0.0006200911409459971
2021-04-14T00:00:00Z,136996.5433187881,122552.85836933424,14443.684949453886,0.0
2021-04-15T00:00:00Z,138110.63054049507,111578.42493835904,26532.205602136044,0.0
2021-04-16T00:00:00Z,138841.26719174068,111578.42493835904,27262.842253381663,0.0
2021-04-17T00:00:00Z,137734.52464092968,111578.42493835904,26156.099702570646,0.007971279528028105
2021-04-18T00:00:00Z,136756.0626283104,111578.42493835904,25177.637689951385,0.015018622385163027
2021-04-19T00:00:00Z,135203.4848127619,121157.54400614586,14045.940806616038,0.02620101683424564
2021-04-20T00:00:00Z,134733.61773895298,121157.54400614586,13576.073732807119,0.029585220128501257
2021-04-21T00:00:00Z,135800.50938856162,121157.54400614586,14642.965382415765,0.021900965503143643
2021-04-22T00:00:00Z,135958.95366722805,121157.54400614586,14801.409661082176,0.02075977540980045
2021-04-23T00:00:00Z,136224.07454588477,121157.54400614586,15066.530539738898,0.01885025035273956
2021-04-24T00:00:00Z,136029.4431520273,121157.54400614586,14871.899145881427,0.020252077041548786
2021-04-25T00:00:00Z,135061.37499581368,121157.54400614586,13903.830989667813,0.02722455846435738
2021-04-26T00:00:00Z,135732.90984698944,121157.54400614586,14575.365840843575,0.022387849143285222
2021-04-27T00:00:00Z,137067.37254451253,121157.54400614586,15909.828538366672,0.012776422191382
2021-04-28T00:00:00Z,137906.27280344695,121157.54400614586,16748.728797301086,0.0067342686162789305
2021-04-29T00:00:00Z,138425.95998549633,121157.54400614586,17268.415979350473,0.0029912375091680162
2021-04-30T00:00:00Z,138484.70122282906,121157.54400614586,17327.157216683187,0.0025681555356247884
2021-05-01T00:00:00Z,138573.59838948766,121157.54400614586,17416.054383341776,0.001927876399193163
2021-05-02T00:00:00Z,139661.66201447716,121157.54400614586,18504.118008331305,0.0
2021-05-03T00:00:00Z,139633.97782017058,139633.97782017058,0.0,0.00019822329125448426
2021-05-04T00:00:00Z,139633.97782017058,139633.97782017058,0.0,0.00019822329125448426
2021-05-05T00:00:00Z,139633.97782017058,139633.97782017058,0.0,0.00019822329125448426
2021-05-06T00:00:00Z,139633.97782017058,139633.97782017058,0.0,0.00019822329125448426
2021-05-07T00:00:00Z,139633.97782017058,139633.97782017058,0.0,0.00019822329125448426
2021-05-08T00:00:00Z,139633.97782017058,139633.97782017058,0.0,0.00019822329125448426
2021-05-09T00:00:00Z,139633.97782017058,139633.97782017058,0.0,0.00019822329125448426
2021-05-10T00:00:00Z,139633.97782017058,139633.97782017058,0.0,0.00019822329125448426
2021-05-11T00:00:00Z,139633.97782017058,139633.97782017058,0.0,0.00019822329125448426
2021-05-12T00:00:00Z,139633.97782017058,139633.97782017058,0.0,0.00019822329125448426
2021-05-13T00:00:00Z,139633.97782017058,139633.97782017058,0.0,0.00019822329125448426
2021-05-14T00:00:00Z,139633.97782017058,139633.97782017058,0.0,0.00019822329125448426
2021-05-15T00:00:00Z,139633.97782017058,139633.97782017058,0.0,0.00019822329125448426
2021-05-16T00:00:00Z,139633.97782017058,139633.97782017058,0.0,0.00019822329125448426
2021-05-17T00:00:00Z,139633.97782017058,139633.97782017058,0.0,0.00019822329125448426
2021-05-18T00:00:00Z,139633.97782017058,139633.97782017058,0.0,0.00019822329125448426
2021-05-19T00:00:00Z,139633.97782017058,139633.97782017058,0.0,0.00019822329125448426
2021-05-20T00:00:00Z,139633.97782017058,139633.97782017058,0.0,0.00019822329125448426
2021-05-21T00:00:00Z,139633.97782017058,139633.97782017058,0.0,0.00019822329125448426
2021-05-22T00:00:00Z,139633.97782017058,139633.97782017058,0.0,0.00019822329125448426
2021-05-23T00:00:00Z,139633.97782017058,139633.97782017058,0.0,0.00019822329125448426
2021-05-24T00:00:00Z,139633.97782017058,139633.97782017058,0.0,0.00019822329125448426
2021-05-25T00:00:00Z,139633.97782017058,139633.97782017058,0.0,0.00019822329125448426
2021-05-26T00:00:00Z,139633.97782017058,139633.97782017058,0.0,0.00019822329125448426
2021-05-27T00:00:00Z,139633.97782017058,139633.97782017058,0.0,0.00019822329125448426
2021-05-28T00:00:00Z,139633.97782017058,139633.97782017058,0.0,0.00019822329125448426
2021-05-29T00:00:00Z,139633.97782017058,139633.97782017058,0.0,0.00019822329125448426
2021-05-30T00:00:00Z,139633.97782017058,139633.97782017058,0.0,0.00019822329125448426
2021-05-31T00:00:00Z,139633.97782017058,139633.97782017058,0.0,0.00019822329125448426
2021-06-01T00:00:00Z,139633.97782017058,139633.97782017058,0.0,0.00019822329125448426
2021-06-02T00:00:00Z,139633.97782017058,139633.97782017058,0.0,0.00019822329125448426
2021-06-03T00:00:00Z,139633.97782017058,139633.97782017058,0.0,0.00019822329125448426
2021-06-04T00:00:00Z,139633.97782017058,139633.97782017058,0.0,0.00019822329125448426
2021-06-05T00:00:00Z,139633.97782017058,139633.97782017058,0.0,0.00019822329125448426
2021-06-06T00:00:00Z,139633.97782017058,139633.97782017058,0.0,0.00019822329125448426
2021-06-07T00:00:00Z,139633.97782017058,139633.97782017058,0.0,0.00019822329125448426
2021-06-08T00:00:00Z,139633.97782017058,139633.97782017058,0.0,0.00019822329125448426
2021-06-09T00:00:00Z,139633.97782017058,139633.97782017058,0.0,0.00019822329125448426
2021-06-10T00:00:00Z,139633.97782017058,139633.97782017058,0.0,0.00019822329125448426
2021-06-11T00:00:00Z,139633.97782017058,139633.97782017058,0.0,0.00019822329125448426
2021-06-12T00:00:00Z,139633.97782017058,139633.97782017058,0.0,0.00019822329125448426
2021-06-13T00:00:00Z,139633.97782017058,139633.97782017058,0.0,0.00019822329125448426
2021-06-14T00:00:00Z,139633.97782017058,139633.97782017058,0.0,0.00019822329125448426
2021-06-15T00:00:00Z,139633.97782017058,139633.97782017058,0.0,0.00019822329125448426
2021-06-16T00:00:00Z,139633.97782017058,139633.97782017058,0.0,0.00019822329125448426
2021-06-17T00:00:00Z,139633.97782017058,139633.97782017058,0.0,0.00019822329125448426
2021-06-18T00:00:00Z,139633.97782017058,139633.97782017058,0.0,0.00019822329125448426
2021-06-19T00:00:00Z,139633.97782017058,139633.97782017058,0.0,0.00019822329125448426
2021-06-20T00:00:00Z,139633.97782017058,139633.97782017058,0.0,0.00019822329125448426
2021-06-21T00:00:00Z,139633.97782017058,139633.97782017058,0.0,0.00019822329125448426
2021-06-22T00:00:00Z,139633.97782017058,139633.97782017058,0.0,0.00019822329125448426
2021-06-23T00:00:00Z,139633.97782017058,139633.97782017058,0.0,0.00019822329125448426
2021-06-24T00:00:00Z,139633.97782017058,139633.97782017058,0.0,0.00019822329125448426
2021-06-25T00:00:00Z,139633.97782017058,139633.97782017058,0.0,0.00019822329125448426
2021-06-26T00:00:00Z,139633.97782017058,139633.97782017058,0.0,0.00019822329125448426
2021-06-27T00:00:00Z,139633.97782017058,139633.97782017058,0.0,0.00019822329125448426
2021-06-28T00:00:00Z,139633.97782017058,139633.97782017058,0.0,0.00019822329125448426
2021-06-29T00:00:00Z,139633.97782017058,139633.97782017058,0.0,0.00019822329125448426
2021-06-30T00:00:00Z,139633.97782017058,139633.97782017058,0.0,0.00019822329125448426
2021-07-01T00:00:00Z,139633.97782017058,139633.97782017058,0.0,0.00019822329125448426
2021-07-02T00:00:00Z,139633.97782017058,139633.97782017058,0.0,0.00019822329125448426
2021-07-03T00:00:00Z,139633.97782017058,139633.97782017058,0.0,0.00019822329125448426
2021-07-04T00:00:00Z,139633.97782017058,139633.97782017058,0.0,0.00019822329125448426
2021-07-05T00:00:00Z,139633.97782017058,139633.97782017058,0.0,0.00019822329125448426
2021-07-06T00:00:00Z,139633.97782017058,139633.97782017058,0.0,0.00019822329125448426
2021-07-07T00:00:00Z,139633.97782017058,139633.97782017058,0.0,0.00019822329125448426
2021-07-08T00:00:00Z,139633.97782017058,139633.97782017058,0.0,0.00019822329125448426
2021-07-09T00:00:00Z,139633.97782017058,139633.97782017058,0.0,0.00019822329125448426
2021-07-10T00:00:00Z,139633.97782017058,139633.97782017058,0.0,0.00019822329125448426
2021-07-11T00:00:00Z,139633.97782017058,139633.97782017058,0.0,0.00019822329125448426
2021-07-12T00:00:00Z,139633.97782017058,139633.97782017058,0.0,0.00019822329125448426
2021-07-13T00:00:00Z,139633.97782017058,139633.97782017058,0.0,0.00019822329125448426
2021-07-14T00:00:00Z,139633.97782017058,139633.97782017058,0.0,0.00019822329125448426
2021-07-15T00:00:00Z,139633.97782017058,139633.97782017058,0.0,0.00019822329125448426
2021-07-16T00:00:00Z,139633.97782017058,139633.97782017058,0.0,0.00019822329125448426
2021-07-17T00:00:00Z,139633.97782017058,139633.97782017058,0.0,0.00019822329125448426
2021-07-18T00:00:00Z,139633.97782017058,139633.97782017058,0.0,0.00019822329125448426
2021-07-19T00:00:00Z,139633.97782017058,139633.97782017058,0.0,0.00019822329125448426
2021-07-20T00:00:00Z,139633.97782017058,139633.97782017058,0.0,0.00019822329125448426
2021-07-21T00:00:00Z,139633.97782017058,139633.97782017058,0.0,0.00019822329125448426
2021-07-22T00:00:00Z,139633.97782017058,139633.97782017058,0.0,0.00019822329125448426
2021-07-23T00:00:00Z,139633.97782017058,139633.97782017058,0.0,0.00019822329125448426
2021-07-24T00:00:00Z,139633.97782017058,139633.97782017058,0.0,0.00019822329125448426
2021-07-25T00:00:00Z,139633.97782017058,139633.97782017058,0.0,0.00019822329125448426
2021-07-26T00:00:00Z,139633.97782017058,139633.97782017058,0.0,0.00019822329125448426
2021-07-27T00:00:00Z,139633.97782017058,139633.97782017058,0.0,0.00019822329125448426
2021-07-28T00:00:00Z,139633.97782017058,139633.97782017058,0.0,0.00019822329125448426
2021-07-29T00:00:00Z,139633.97782017058,139633.97782017058,0.0,0.00019822329125448426
2021-07-30T00:00:00Z,139633.97782017058,139633.97782017058,0.0,0.00019822329125448426
2021-07-31T00:00:00Z,139633.97782017058,139633.97782017058,0.0,0.00019822329125448426
2021-08-01T00:00:00Z,139633.97782017058,139633.97782017058,0.0,0.00019822329125448426
2021-08-02T00:00:00Z,139633.97782017058,139633.97782017058,0.0,0.00019822329125448426
2021-08-03T00:00:00Z,139633.97782017058,139633.97782017058,0.0,0.00019822329125448426
2021-08-04T00:00:00Z,139633.97782017058,139633.97782017058,0.0,0.00019822329125448426
2021-08-05T00:00:00Z,139633.97782017058,139633.97782017058,0.0,0.00019822329125448426
2021-08-06T00:00:00Z,139633.97782017058,139633.97782017058,0.0,0.00019822329125448426
2021-08-07T00:00:00Z,139633.97782017058,139633.97782017058,0.0,0.00019822329125448426
2021-08-08T00:00:00Z,139633.97782017058,139633.97782017058,0.0,0.00019822329125448426
2021-08-09T00:00:00Z,139633.97782017058,139633.97782017058,0.0,0.00019822329125448426
2021-08-10T00:00:00Z,139633.97782017058,139633.97782017058,0.0,0.00019822329125448426
2021-08-11T00:00:00Z,139633.97782017058,139633.97782017058,0.0,0.00019822329125448426
2021-08-12T00:00:00Z,139633.97782017058,139633.97782017058,0.0,0.00019822329125448426
2021-08-13T00:00:00Z,139633.97782017058,139633.97782017058,0.0,0.00019822329125448426
2021-08-14T00:00:00Z,139633.97782017058,139633.97782017058,0.0,0.00019822329125448426
2021-08-15T00:00:00Z,139633.97782017058,139633.97782017058,0.0,0.00019822329125448426
2021-08-16T00:00:00Z,139633.97782017058,139633.97782017058,0.0,0.00019822329125448426
2021-08-17T00:00:00Z,139633.97782017058,139633.97782017058,0.0,0.00019822329125448426
2021-08-18T00:00:00Z,139633.97782017058,139633.97782017058,0.0,0.00019822329125448426
2021-08-19T00:00:00Z,139633.97782017058,139633.97782017058,0.0,0.00019822329125448426
2021-08-20T00:00:00Z,139633.97782017058,139633.97782017058,0.0,0.00019822329125448426
2021-08-21T00:00:00Z,139633.97782017058,139633.97782017058,0.0,0.00019822329125448426
2021-08-22T00:00:00Z,139633.97782017058,139633.97782017058,0.0,0.00019822329125448426
2021-08-23T00:00:00Z,139633.97782017058,139633.97782017058,0.0,0.00019822329125448426
2021-08-24T00:00:00Z,139633.97782017058,139633.97782017058,0.0,0.00019822329125448426
2021-08-25T00:00:00Z,139633.97782017058,139633.97782017058,0.0,0.00019822329125448426
2021-08-26T00:00:00Z,139633.97782017058,139633.97782017058,0.0,0.00019822329125448426
2021-08-27T00:00:00Z,139633.97782017058,139633.97782017058,0.0,0.00019822329125448426
2021-08-28T00:00:00Z,139633.97782017058,139633.97782017058,0.0,0.00019822329125448426
2021-08-29T00:00:00Z,139633.97782017058,139633.97782017058,0.0,0.00019822329125448426
2021-08-30T00:00:00Z,139633.97782017058,139633.97782017058,0.0,0.00019822329125448426
2021-08-31T00:00:00Z,139633.97782017058,139633.97782017058,0.0,0.00019822329125448426
2021-09-01T00:00:00Z,139633.97782017058,139633.97782017058,0.0,0.00019822329125448426
2021-09-02T00:00:00Z,141201.37197542784,125929.23105037649,15272.140925051348,0.0
2021-09-03T00:00:00Z,141032.65320182676,125929.23105037649,15103.422151450264,0.0011948805542090818
2021-09-04T00:00:00Z,141648.52260548717,125929.23105037649,15719.291555110689,0.0
2021-09-05T00:00:00Z,141436.27765974167,125929.23105037649,15507.046609365178,0.0014983915246094192
2021-09-06T00:00:00Z,141687.54056731783,125929.23105037649,15758.309516941348,0.0
2021-09-07T00:00:00Z,141593.70595972508,125929.23105037649,15664.474909348597,0.000662264354487631
2021-09-08T00:00:00Z,138205.51105970895,138205.51105970895,0.0,0.02457541075006886
2021-09-09T00:00:00Z,138205.51105970895,138205.51105970895,0.0,0.02457541075006886
2021-09-10T00:00:00Z,138205.51105970895,138205.51105970895,0.0,0.02457541075006886
2021-09-11T00:00:00Z,138205.51105970895,138205.51105970895,0.0,0.02457541075006886
2021-09-12T00:00:00Z,138205.51105970895,138205.51105970895,0.0,0.02457541075006886
2021-09-13T00:00:00Z,138205.51105970895,138205.51105970895,0.0,0.02457541075006886
2021-09-14T00:00:00Z,138205.51105970895,138205.51105970895,0.0,0.02457541075006886
2021-09-15T00:00:00Z,138205.51105970895,138205.51105970895,0.0,0.02457541075006886
2021-09-16T00:00:00Z,138205.51105970895,138205.51105970895,0.0,0.02457541075006886
2021-09-17T00:00:00Z,138205.51105970895,138205.51105970895,0.0,0.02457541075006886
2021-09-18T00:00:00Z,138205.51105970895,138205.51105970895,0.0,0.02457541075006886
2021-09-19T00:00:00Z,138205.51105970895,138205.51105970895,0.0,0.02457541075006886
2021-09-20T00:00:00Z,138205.51105970895,138205.51105970895,0.0,0.02457541075006886
2021-09-21T00:00:00Z,138205.51105970895,138205.51105970895,0.0,0.02457541075006886
2021-09-22T00:00:00Z,138205.51105970895,138205.51105970895,0.0,0.02457541075006886
2021-09-23T00:00:00Z,138205.51105970895,138205.51105970895,0.0,0.02457541075006886
2021-09-24T00:00:00Z,138205.51105970895,138205.51105970895,0.0,0.02457541075006886
2021-09-25T00:00:00Z,138205.51105970895,138205.51105970895,0.0,0.02457541075006886
2021-09-26T00:00:00Z,138205.51105970895,138205.51105970895,0.0,0.02457541075006886
2021-09-27T00:00:00Z,138205.51105970895,138205.51105970895,0.0,0.02457541075006886
2021-09-28T00:00:00Z,138205.51105970895,138205.51105970895,0.0,0.02457541075006886
2021-09-29T00:00:00Z,138205.51105970895,138205.51105970895,0.0,0.02457541075006886
2021-09-30T00:00:00Z,138205.51105970895,138205.51105970895,0.0,0.02457541075006886
2021-10-01T00:00:00Z,138205.51105970895,138205.51105970895,0.0,0.02457541075006886
2021-10-02T00:00:00Z,138205.51105970895,138205.51105970895,0.0,0.02457541075006886
2021-10-03T00:00:00Z,138205.51105970895,138205.51105970895,0.0,0.02457541075006886
2021-10-04T00:00:00Z,138205.51105970895,138205.51105970895,0.0,0.02457541075006886
2021-10-05T00:00:00Z,138205.51105970895,138205.51105970895,0.0,0.02457541075006886
2021-10-06T00:00:00Z,138755.77322173465,125674.40613929798,13081.367082436664,0.02069177948776842
2021-10-07T00:00:00Z,139735.02713281865,125674.40613929798,14060.620993520679,0.013780417294853914
2021-10-08T00:00:00Z,139344.56094737162,125674.40613929798,13670.154808073645,0.016536243134469754
2021-10-09T00:00:00Z,139388.05340510875,125674.40613929798,13713.647265810763,0.016229282779572043
2021-10-10T00:00:00Z,139641.73822580802,125674.40613929798,13967.332086510029,0.014438830212723068
2021-10-11T00:00:00Z,139569.52193566706,125674.40613929798,13895.115796369086,0.014948517160861251
2021-10-12T00:00:00Z,140283.37271920388,125674.40613929798,14608.966579905906,0.009910312808675034
2021-10-13T00:00:00Z,139910.36960708554,125674.40613929798,14235.963467787567,0.012542888055763346
2021-10-14T00:00:00Z,140256.7586904191,125674.40613929798,14582.352551121123,0.010098148864535724
2021-10-15T00:00:00Z,140251.09018190048,125674.40613929798,14576.684042602492,0.010138155970989375
2021-10-16T00:00:00Z,141351.49257549478,125674.40613929798,15677.0864361968,0.0023717540051688205
2021-10-17T00:00:00Z,141149.281879236,125674.40613929798,15474.875739938017,0.0037989133407683585
2021-10-18T00:00:00Z,141313.94823880412,125674.40613929798,15639.542099506136,0.0026367338088998118
2021-10-19T00:00:00Z,141441.45155149224,125674.40613929798,15767.045412194266,0.0017368430197902465
2021-10-20T00:00:00Z,142015.31813587167,125674.40613929798,16340.911996573685,0.0
2021-10-21T00:00:00Z,142452.98799987967,125674.40613929798,16778.581860581693,0.0
2021-10-22T00:00:00Z,141086.60985437318,110979.1939166844,30107.41593768878,0.00959178297830891
2021-10-23T00:00:00Z,140414.44105122157,110979.1939166844,29435.247134537167,0.014310313720199542
2021-10-24T00:00:00Z,141253.9867985727,110979.1939166844,30274.79288188831,0.008416820300799708
2021-10-25T00:00:00Z,140838.61100184201,110979.1939166844,29859.417085157605,0.011332700146935609
2021-10-26T00:00:00Z,141895.77118994514,110979.1939166844,30916.57727326075,0.003911583868883114
2021-10-27T00:00:00Z,140877.30036197178,110979.1939166844,29898.10644528737,0.01106110626411866
2021-10-28T00:00:00Z,139652.74280501888,110979.1939166844,28673.548888334488,0.019657328597861054
2021-10-29T00:00:00Z,141491.71977626637,110979.1939166844,30512.52585958199,0.0067479681339791125
2021-10-30T00:00:00Z,142386.9742162277,110979.1939166844,31407.7802995433,0.0004634075043200415
2021-10-31T00:00:00Z,141943.46211372205,110979.1939166844,30964.26819703765,0.003576800271525686
2021-11-01T00:00:00Z,141674.37632984642,110979.1939166844,30695.18241316203,0.005465744741232857
2021-11-02T00:00:00Z,141689.47750685466,110979.1939166844,30710.28359017026,0.005359736596228182
2021-11-03T00:00:00Z,143229.60923134763,110979.1939166844,32250.415314663216,0.0
2021-11-04T00:00:00Z,143193.82225268777,110979.1939166844,32214.62833600338,0.0002498574062438194
2021-11-05T00:00:00Z,142924.95756407,126942.42325593742,15982.534308132577,0.002127015977440388
2021-11-06T00:00:00Z,142719.50949200013,126942.42325593742,15777.086236062709,0.0035614126302863317
2021-11-07T00:00:00Z,142869.77887301295,126942.42325593742,15927.355617075544,0.002512262375536231
2021-11-08T00:00:00Z,143208.3257046613,126942.42325593742,16265.902448723886,0.00014859725444013193
2021-11-09T00:00:00Z,143892.92931121367,126942.42325593742,16950.50605527626,0.0
2021-11-10T00:00:00Z,143464.26105372014,110283.96090347705,33180.300150243085,0.00297907798211819
2021-11-11T00:00:00Z,142599.41102541785,110283.96090347705,32315.450121940787,0.008989449947176861
2021-11-12T00:00:00Z,142883.994053044,110283.96090347705,32600.033149566938,0.007011708379273585
2021-11-13T00:00:00Z,142534.47578174676,110283.96090347705,32250.514878269707,0.009440724683065014
2021-11-14T00:00:00Z,142518.45803608737,110283.96090347705,32234.497132610304,0.00955204179736708
2021-11-15T00:00:00Z,142735.18015667325,110283.96090347705,32451.219253196195,0.008045907190035883
2021-11-16T00:00:00Z,142045.41584446287,110283.96090347705,31761.4549409858,0.012839501395895327
2021-11-17T00:00:00Z,140299.29466986549,125464.33610392103,14834.958565944464,0.024974365721444288
2021-11-18T00:00:00Z,140278.38744254582,140278.38744254582,0.0,0.025119662835206193
2021-11-19T00:00:00Z,140278.38744254582,140278.38744254582,0.0,0.025119662835206193
2021-11-20T00:00:00Z,140278.38744254582,140278.38744254582,0.0,0.025119662835206193
2021-11-21T00:00:00Z,140278.38744254582,140278.38744254582,0.0,0.025119662835206193
2021-11-22T00:00:00Z,140278.38744254582,140278.38744254582,0.0,0.025119662835206193
2021-11-23T00:00:00Z,140278.38744254582,140278.38744254582,0.0,0.025119662835206193
2021-11-24T00:00:00Z,140278.38744254582,140278.38744254582,0.0,0.025119662835206193
2021-11-25T00:00:00Z,140278.38744254582,140278.38744254582,0.0,0.025119662835206193
2021-11-26T00:00:00Z,140278.38744254582,140278.38744254582,0.0,0.025119662835206193
2021-11-27T00:00:00Z,140278.38744254582,140278.38744254582,0.0,0.025119662835206193
2021-11-28T00:00:00Z,140278.38744254582,140278.38744254582,0.0,0.025119662835206193
2021-11-29T00:00:00Z,140278.38744254582,140278.38744254582,0.0,0.025119662835206193
2021-11-30T00:00:00Z,140278.38744254582,140278.38744254582,0.0,0.025119662835206193
2021-12-01T00:00:00Z,140278.38744254582,140278.38744254582,0.0,0.025119662835206193
2021-12-02T00:00:00Z,140278.38744254582,140278.38744254582,0.0,0.025119662835206193
2021-12-03T00:00:00Z,140278.38744254582,140278.38744254582,0.0,0.025119662835206193
2021-12-04T00:00:00Z,140278.38744254582,140278.38744254582,0.0,0.025119662835206193
2021-12-05T00:00:00Z,140278.38744254582,140278.38744254582,0.0,0.025119662835206193
2021-12-06T00:00:00Z,140278.38744254582,140278.38744254582,0.0,0.025119662835206193
2021-12-07T00:00:00Z,140278.38744254582,140278.38744254582,0.0,0.025119662835206193
2021-12-08T00:00:00Z,140278.38744254582,140278.38744254582,0.0,0.025119662835206193
2021-12-09T00:00:00Z,140278.38744254582,140278.38744254582,0.0,0.025119662835206193
2021-12-10T00:00:00Z,140278.38744254582,140278.38744254582,0.0,0.025119662835206193
2021-12-11T00:00:00Z,140278.38744254582,140278.38744254582,0.0,0.025119662835206193
2021-12-12T00:00:00Z,140278.38744254582,140278.38744254582,0.0,0.025119662835206193
2021-12-13T00:00:00Z,140278.38744254582,140278.38744254582,0.0,0.025119662835206193
2021-12-14T00:00:00Z,140278.38744254582,140278.38744254582,0.0,0.025119662835206193
2021-12-15T00:00:00Z,140278.38744254582,140278.38744254582,0.0,0.025119662835206193
2021-12-16T00:00:00Z,140278.38744254582,140278.38744254582,0.0,0.025119662835206193
2021-12-17T00:00:00Z,140278.38744254582,140278.38744254582,0.0,0.025119662835206193
2021-12-18T00:00:00Z,140278.38744254582,140278.38744254582,0.0,0.025119662835206193
2021-12-19T00:00:00Z,140278.38744254582,140278.38744254582,0.0,0.025119662835206193
2021-12-20T00:00:00Z,140278.38744254582,140278.38744254582,0.0,0.025119662835206193
2021-12-21T00:00:00Z,140278.38744254582,140278.38744254582,0.0,0.025119662835206193
2021-12-22T00:00:00Z,140278.38744254582,140278.38744254582,0.0,0.025119662835206193
2021-12-23T00:00:00Z,140278.38744254582,140278.38744254582,0.0,0.025119662835206193
2021-12-24T00:00:00Z,140278.38744254582,140278.38744254582,0.0,0.025119662835206193
2021-12-25T00:00:00Z,140278.38744254582,140278.38744254582,0.0,0.025119662835206193
2021-12-26T00:00:00Z,140278.38744254582,140278.38744254582,0.0,0.025119662835206193
2021-12-27T00:00:00Z,140278.38744254582,140278.38744254582,0.0,0.025119662835206193
2021-12-28T00:00:00Z,140278.38744254582,140278.38744254582,0.0,0.025119662835206193
2021-12-29T00:00:00Z,140278.38744254582,140278.38744254582,0.0,0.025119662835206193
2021-12-30T00:00:00Z,140278.38744254582,140278.38744254582,0.0,0.025119662835206193
2021-12-31T00:00:00Z,140278.38744254582,140278.38744254582,0.0,0.025119662835206193
2022-01-01T00:00:00Z,140278.38744254582,140278.38744254582,0.0,0.025119662835206193
2022-01-02T00:00:00Z,140278.38744254582,140278.38744254582,0.0,0.025119662835206193
2022-01-03T00:00:00Z,140278.38744254582,140278.38744254582,0.0,0.025119662835206193
2022-01-04T00:00:00Z,140278.38744254582,140278.38744254582,0.0,0.025119662835206193
2022-01-05T00:00:00Z,140278.38744254582,140278.38744254582,0.0,0.025119662835206193
2022-01-06T00:00:00Z,140278.38744254582,140278.38744254582,0.0,0.025119662835206193
2022-01-07T00:00:00Z,140278.38744254582,140278.38744254582,0.0,0.025119662835206193
2022-01-08T00:00:00Z,140278.38744254582,140278.38744254582,0.0,0.025119662835206193
2022-01-09T00:00:00Z,140278.38744254582,140278.38744254582,0.0,0.025119662835206193
2022-01-10T00:00:00Z,140278.38744254582,140278.38744254582,0.0,0.025119662835206193
2022-01-11T00:00:00Z,140278.38744254582,140278.38744254582,0.0,0.025119662835206193
2022-01-12T00:00:00Z,140278.38744254582,140278.38744254582,0.0,0.025119662835206193
2022-01-13T00:00:00Z,140278.38744254582,140278.38744254582,0.0,0.025119662835206193
2022-01-14T00:00:00Z,140278.38744254582,140278.38744254582,0.0,0.025119662835206193
2022-01-15T00:00:00Z,140278.38744254582,140278.38744254582,0.0,0.025119662835206193
2022-01-16T00:00:00Z,140278.38744254582,140278.38744254582,0.0,0.025119662835206193
2022-01-17T00:00:00Z,140278.38744254582,140278.38744254582,0.0,0.025119662835206193
2022-01-18T00:00:00Z,140278.38744254582,140278.38744254582,0.0,0.025119662835206193
2022-01-19T00:00:00Z,140278.38744254582,140278.38744254582,0.0,0.025119662835206193
2022-01-20T00:00:00Z,140278.38744254582,140278.38744254582,0.0,0.025119662835206193
2022-01-21T00:00:00Z,140278.38744254582,140278.38744254582,0.0,0.025119662835206193
2022-01-22T00:00:00Z,140278.38744254582,140278.38744254582,0.0,0.025119662835206193
2022-01-23T00:00:00Z,140278.38744254582,140278.38744254582,0.0,0.025119662835206193
2022-01-24T00:00:00Z,140278.38744254582,140278.38744254582,0.0,0.025119662835206193
2022-01-25T00:00:00Z,140278.38744254582,140278.38744254582,0.0,0.025119662835206193
2022-01-26T00:00:00Z,140278.38744254582,140278.38744254582,0.0,0.025119662835206193
2022-01-27T00:00:00Z,140278.38744254582,140278.38744254582,0.0,0.025119662835206193
2022-01-28T00:00:00Z,140278.38744254582,140278.38744254582,0.0,0.025119662835206193
2022-01-29T00:00:00Z,140278.38744254582,140278.38744254582,0.0,0.025119662835206193
2022-01-30T00:00:00Z,140278.38744254582,140278.38744254582,0.0,0.025119662835206193
2022-01-31T00:00:00Z,140278.38744254582,140278.38744254582,0.0,0.025119662835206193
2022-02-01T00:00:00Z,140278.38744254582,140278.38744254582,0.0,0.025119662835206193
2022-02-02T00:00:00Z,140278.38744254582,140278.38744254582,0.0,0.025119662835206193
2022-02-03T00:00:00Z,140278.38744254582,140278.38744254582,0.0,0.025119662835206193
2022-02-04T00:00:00Z,140278.38744254582,140278.38744254582,0.0,0.025119662835206193
2022-02-05T00:00:00Z,140278.38744254582,140278.38744254582,0.0,0.025119662835206193
2022-02-06T00:00:00Z,140278.38744254582,140278.38744254582,0.0,0.025119662835206193
2022-02-07T00:00:00Z,140278.38744254582,140278.38744254582,0.0,0.025119662835206193
2022-02-08T00:00:00Z,140278.38744254582,140278.38744254582,0.0,0.025119662835206193
2022-02-09T00:00:00Z,140278.38744254582,140278.38744254582,0.0,0.025119662835206193
2022-02-10T00:00:00Z,140278.38744254582,140278.38744254582,0.0,0.025119662835206193
2022-02-11T00:00:00Z,140278.38744254582,140278.38744254582,0.0,0.025119662835206193
2022-02-12T00:00:00Z,140278.38744254582,140278.38744254582,0.0,0.025119662835206193
2022-02-13T00:00:00Z,140278.38744254582,140278.38744254582,0.0,0.025119662835206193
2022-02-14T00:00:00Z,140278.38744254582,140278.38744254582,0.0,0.025119662835206193
2022-02-15T00:00:00Z,140278.38744254582,140278.38744254582,0.0,0.025119662835206193
2022-02-16T00:00:00Z,140278.38744254582,140278.38744254582,0.0,0.025119662835206193
2022-02-17T00:00:00Z,140278.38744254582,140278.38744254582,0.0,0.025119662835206193
2022-02-18T00:00:00Z,140278.38744254582,140278.38744254582,0.0,0.025119662835206193
2022-02-19T00:00:00Z,140278.38744254582,140278.38744254582,0.0,0.025119662835206193
2022-02-20T00:00:00Z,140278.38744254582,140278.38744254582,0.0,0.025119662835206193
2022-02-21T00:00:00Z,140278.38744254582,140278.38744254582,0.0,0.025119662835206193
2022-02-22T00:00:00Z,140278.38744254582,140278.38744254582,0.0,0.025119662835206193
2022-02-23T00:00:00Z,140278.38744254582,140278.38744254582,0.0,0.025119662835206193
2022-02-24T00:00:00Z,140278.38744254582,140278.38744254582,0.0,0.025119662835206193
2022-02-25T00:00:00Z,140278.38744254582,140278.38744254582,0.0,0.025119662835206193
2022-02-26T00:00:00Z,140278.38744254582,140278.38744254582,0.0,0.025119662835206193
2022-02-27T00:00:00Z,140278.38744254582,140278.38744254582,0.0,0.025119662835206193
2022-02-28T00:00:00Z,140278.38744254582,140278.38744254582,0.0,0.025119662835206193
2022-03-01T00:00:00Z,140278.38744254582,140278.38744254582,0.0,0.025119662835206193
2022-03-02T00:00:00Z,140278.38744254582,140278.38744254582,0.0,0.025119662835206193
2022-03-03T00:00:00Z,140278.38744254582,140278.38744254582,0.0,0.025119662835206193
2022-03-04T00:00:00Z,140278.38744254582,140278.38744254582,0.0,0.025119662835206193
2022-03-05T00:00:00Z,140278.38744254582,140278.38744254582,0.0,0.025119662835206193
2022-03-06T00:00:00Z,140278.38744254582,140278.38744254582,0.0,0.025119662835206193
2022-03-07T00:00:00Z,140278.38744254582,140278.38744254582,0.0,0.025119662835206193
2022-03-08T00:00:00Z,140278.38744254582,140278.38744254582,0.0,0.025119662835206193
2022-03-09T00:00:00Z,140278.38744254582,140278.38744254582,0.0,0.025119662835206193
2022-03-10T00:00:00Z,140278.38744254582,140278.38744254582,0.0,0.025119662835206193
2022-03-11T00:00:00Z,140278.38744254582,140278.38744254582,0.0,0.025119662835206193
2022-03-12T00:00:00Z,140278.38744254582,140278.38744254582,0.0,0.025119662835206193
2022-03-13T00:00:00Z,140278.38744254582,140278.38744254582,0.0,0.025119662835206193
2022-03-14T00:00:00Z,140278.38744254582,140278.38744254582,0.0,0.025119662835206193
2022-03-15T00:00:00Z,140278.38744254582,140278.38744254582,0.0,0.025119662835206193
2022-03-16T00:00:00Z,140278.38744254582,140278.38744254582,0.0,0.025119662835206193
2022-03-17T00:00:00Z,140278.38744254582,140278.38744254582,0.0,0.025119662835206193
2022-03-18T00:00:00Z,140278.38744254582,140278.38744254582,0.0,0.025119662835206193
2022-03-19T00:00:00Z,140278.38744254582,140278.38744254582,0.0,0.025119662835206193
2022-03-20T00:00:00Z,140278.38744254582,140278.38744254582,0.0,0.025119662835206193
2022-03-21T00:00:00Z,140278.38744254582,140278.38744254582,0.0,0.025119662835206193
2022-03-22T00:00:00Z,140278.38744254582,140278.38744254582,0.0,0.025119662835206193
2022-03-23T00:00:00Z,140278.38744254582,140278.38744254582,0.0,0.025119662835206193
2022-03-24T00:00:00Z,140278.38744254582,140278.38744254582,0.0,0.025119662835206193
2022-03-25T00:00:00Z,140278.38744254582,140278.38744254582,0.0,0.025119662835206193
2022-03-26T00:00:00Z,140278.38744254582,140278.38744254582,0.0,0.025119662835206193
2022-03-27T00:00:00Z,140278.38744254582,140278.38744254582,0.0,0.025119662835206193
2022-03-28T00:00:00Z,140278.38744254582,140278.38744254582,0.0,0.025119662835206193
2022-03-29T00:00:00Z,140278.38744254582,140278.38744254582,0.0,0.025119662835206193
2022-03-30T00:00:00Z,140278.38744254582,140278.38744254582,0.0,0.025119662835206193
2022-03-31T00:00:00Z,140278.38744254582,140278.38744254582,0.0,0.025119662835206193
2022-04-01T00:00:00Z,140278.38744254582,140278.38744254582,0.0,0.025119662835206193
2022-04-02T00:00:00Z,140278.38744254582,140278.38744254582,0.0,0.025119662835206193
2022-04-03T00:00:00Z,140278.38744254582,140278.38744254582,0.0,0.025119662835206193
2022-04-04T00:00:00Z,140278.38744254582,140278.38744254582,0.0,0.025119662835206193
2022-04-05T00:00:00Z,140278.38744254582,140278.38744254582,0.0,0.025119662835206193
2022-04-06T00:00:00Z,140278.38744254582,140278.38744254582,0.0,0.025119662835206193
2022-04-07T00:00:00Z,140278.38744254582,140278.38744254582,0.0,0.025119662835206193
2022-04-08T00:00:00Z,140278.38744254582,140278.38744254582,0.0,0.025119662835206193
2022-04-09T00:00:00Z,140278.38744254582,140278.38744254582,0.0,0.025119662835206193
2022-04-10T00:00:00Z,140278.38744254582,140278.38744254582,0.0,0.025119662835206193
2022-04-11T00:00:00Z,140278.38744254582,140278.38744254582,0.0,0.025119662835206193
2022-04-12T00:00:00Z,140278.38744254582,140278.38744254582,0.0,0.025119662835206193
2022-04-13T00:00:00Z,140278.38744254582,140278.38744254582,0.0,0.025119662835206193
2022-04-14T00:00:00Z,140278.38744254582,140278.38744254582,0.0,0.025119662835206193
2022-04-15T00:00:00Z,140278.38744254582,140278.38744254582,0.0,0.025119662835206193
2022-04-16T00:00:00Z,140278.38744254582,140278.38744254582,0.0,0.025119662835206193
2022-04-17T00:00:00Z,140278.38744254582,140278.38744254582,0.0,0.025119662835206193
2022-04-18T00:00:00Z,140278.38744254582,140278.38744254582,0.0,0.025119662835206193
2022-04-19T00:00:00Z,140278.38744254582,140278.38744254582,0.0,0.025119662835206193
2022-04-20T00:00:00Z,140278.38744254582,140278.38744254582,0.0,0.025119662835206193
2022-04-21T00:00:00Z,140278.38744254582,140278.38744254582,0.0,0.025119662835206193
2022-04-22T00:00:00Z,140278.38744254582,140278.38744254582,0.0,0.025119662835206193
2022-04-23T00:00:00Z,140278.38744254582,140278.38744254582,0.0,0.025119662835206193
2022-04-24T00:00:00Z,140278.38744254582,140278.38744254582,0.0,0.025119662835206193
2022-04-25T00:00:00Z,140278.38744254582,140278.38744254582,0.0,0.025119662835206193
2022-04-26T00:00:00Z,140278.38744254582,140278.38744254582,0.0,0.025119662835206193
2022-04-27T00:00:00Z,140278.38744254582,140278.38744254582,0.0,0.025119662835206193
2022-04-28T00:00:00Z,140278.38744254582,140278.38744254582,0.0,0.025119662835206193
2022-04-29T00:00:00Z,140278.38744254582,140278.38744254582,0.0,0.025119662835206193
2022-04-30T00:00:00Z,140278.38744254582,140278.38744254582,0.0,0.025119662835206193
2022-05-01T00:00:00Z,140278.38744254582,140278.38744254582,0.0,0.025119662835206193
2022-05-02T00:00:00Z,140278.38744254582,140278.38744254582,0.0,0.025119662835206193
2022-05-03T00:00:00Z,140278.38744254582,140278.38744254582,0.0,0.025119662835206193
2022-05-04T00:00:00Z,140278.38744254582,140278.38744254582,0.0,0.025119662835206193
2022-05-05T00:00:00Z,140278.38744254582,140278.38744254582,0.0,0.025119662835206193
2022-05-06T00:00:00Z,140278.38744254582,140278.38744254582,0.0,0.025119662835206193
2022-05-07T00:00:00Z,140278.38744254582,140278.38744254582,0.0,0.025119662835206193
2022-05-08T00:00:00Z,140278.38744254582,140278.38744254582,0.0,0.025119662835206193
2022-05-09T00:00:00Z,140278.38744254582,140278.38744254582,0.0,0.025119662835206193
2022-05-10T00:00:00Z,140278.38744254582,140278.38744254582,0.0,0.025119662835206193
2022-05-11T00:00:00Z,140278.38744254582,140278.38744254582,0.0,0.025119662835206193
2022-05-12T00:00:00Z,140278.38744254582,140278.38744254582,0.0,0.025119662835206193
2022-05-13T00:00:00Z,140278.38744254582,140278.38744254582,0.0,0.025119662835206193
2022-05-14T00:00:00Z,140278.38744254582,140278.38744254582,0.0,0.025119662835206193
2022-05-15T00:00:00Z,140278.38744254582,140278.38744254582,0.0,0.025119662835206193
2022-05-16T00:00:00Z,140278.38744254582,140278.38744254582,0.0,0.025119662835206193
2022-05-17T00:00:00Z,140278.38744254582,140278.38744254582,0.0,0.025119662835206193
2022-05-18T00:00:00Z,140278.38744254582,140278.38744254582,0.0,0.025119662835206193
2022-05-19T00:00:00Z,140278.38744254582,140278.38744254582,0.0,0.025119662835206193
2022-05-20T00:00:00Z,140278.38744254582,140278.38744254582,0.0,0.025119662835206193
2022-05-21T00:00:00Z,140278.38744254582,140278.38744254582,0.0,0.025119662835206193
2022-05-22T00:00:00Z,140278.38744254582,140278.38744254582,0.0,0.025119662835206193
2022-05-23T00:00:00Z,140278.38744254582,140278.38744254582,0.0,0.025119662835206193
2022-05-24T00:00:00Z,140278.38744254582,140278.38744254582,0.0,0.025119662835206193
2022-05-25T00:00:00Z,140278.38744254582,140278.38744254582,0.0,0.025119662835206193
2022-05-26T00:00:00Z,140278.38744254582,140278.38744254582,0.0,0.025119662835206193
2022-05-27T00:00:00Z,140278.38744254582,140278.38744254582,0.0,0.025119662835206193
2022-05-28T00:00:00Z,140278.38744254582,140278.38744254582,0.0,0.025119662835206193
2022-05-29T00:00:00Z,140278.38744254582,140278.38744254582,0.0,0.025119662835206193
2022-05-30T00:00:00Z,140278.38744254582,140278.38744254582,0.0,0.025119662835206193
2022-05-31T00:00:00Z,140278.38744254582,140278.38744254582,0.0,0.025119662835206193
2022-06-01T00:00:00Z,140278.38744254582,140278.38744254582,0.0,0.025119662835206193
2022-06-02T00:00:00Z,140278.38744254582,140278.38744254582,0.0,0.025119662835206193
2022-06-03T00:00:00Z,140278.38744254582,140278.38744254582,0.0,0.025119662835206193
2022-06-04T00:00:00Z,140278.38744254582,140278.38744254582,0.0,0.025119662835206193
2022-06-05T00:00:00Z,140278.38744254582,140278.38744254582,0.0,0.025119662835206193
2022-06-06T00:00:00Z,140278.38744254582,140278.38744254582,0.0,0.025119662835206193
2022-06-07T00:00:00Z,140278.38744254582,140278.38744254582,0.0,0.025119662835206193
2022-06-08T00:00:00Z,140278.38744254582,140278.38744254582,0.0,0.025119662835206193
2022-06-09T00:00:00Z,140278.38744254582,140278.38744254582,0.0,0.025119662835206193
2022-06-10T00:00:00Z,140278.38744254582,140278.38744254582,0.0,0.025119662835206193
2022-06-11T00:00:00Z,140278.38744254582,140278.38744254582,0.0,0.025119662835206193
2022-06-12T00:00:00Z,140278.38744254582,140278.38744254582,0.0,0.025119662835206193
2022-06-13T00:00:00Z,140278.38744254582,140278.38744254582,0.0,0.025119662835206193
2022-06-14T00:00:00Z,140278.38744254582,140278.38744254582,0.0,0.025119662835206193
2022-06-15T00:00:00Z,140278.38744254582,140278.38744254582,0.0,0.025119662835206193
2022-06-16T00:00:00Z,140278.38744254582,140278.38744254582,0.0,0.025119662835206193
2022-06-17T00:00:00Z,140278.38744254582,140278.38744254582,0.0,0.025119662835206193
2022-06-18T00:00:00Z,140278.38744254582,140278.38744254582,0.0,0.025119662835206193
2022-06-19T00:00:00Z,140278.38744254582,140278.38744254582,0.0,0.025119662835206193
2022-06-20T00:00:00Z,140278.38744254582,140278.38744254582,0.0,0.025119662835206193
2022-06-21T00:00:00Z,140278.38744254582,140278.38744254582,0.0,0.025119662835206193
2022-06-22T00:00:00Z,140278.38744254582,140278.38744254582,0.0,0.025119662835206193
2022-06-23T00:00:00Z,140278.38744254582,140278.38744254582,0.0,0.025119662835206193
2022-06-24T00:00:00Z,140278.38744254582,140278.38744254582,0.0,0.025119662835206193
2022-06-25T00:00:00Z,140278.38744254582,140278.38744254582,0.0,0.025119662835206193
2022-06-26T00:00:00Z,140278.38744254582,140278.38744254582,0.0,0.025119662835206193
2022-06-27T00:00:00Z,140278.38744254582,140278.38744254582,0.0,0.025119662835206193
2022-06-28T00:00:00Z,140278.38744254582,140278.38744254582,0.0,0.025119662835206193
2022-06-29T00:00:00Z,140278.38744254582,140278.38744254582,0.0,0.025119662835206193
2022-06-30T00:00:00Z,140278.38744254582,140278.38744254582,0.0,0.025119662835206193
2022-07-01T00:00:00Z,140278.38744254582,140278.38744254582,0.0,0.025119662835206193
2022-07-02T00:00:00Z,140278.38744254582,140278.38744254582,0.0,0.025119662835206193
2022-07-03T00:00:00Z,140278.38744254582,140278.38744254582,0.0,0.025119662835206193
2022-07-04T00:00:00Z,140278.38744254582,140278.38744254582,0.0,0.025119662835206193
2022-07-05T00:00:00Z,140278.38744254582,140278.38744254582,0.0,0.025119662835206193
2022-07-06T00:00:00Z,140278.38744254582,140278.38744254582,0.0,0.025119662835206193
2022-07-07T00:00:00Z,140278.38744254582,140278.38744254582,0.0,0.025119662835206193
2022-07-08T00:00:00Z,140278.38744254582,140278.38744254582,0.0,0.025119662835206193
2022-07-09T00:00:00Z,140278.38744254582,140278.38744254582,0.0,0.025119662835206193
2022-07-10T00:00:00Z,140278.38744254582,140278.38744254582,0.0,0.025119662835206193
2022-07-11T00:00:00Z,140278.38744254582,140278.38744254582,0.0,0.025119662835206193
2022-07-12T00:00:00Z,140278.38744254582,140278.38744254582,0.0,0.025119662835206193
2022-07-13T00:00:00Z,140278.38744254582,140278.38744254582,0.0,0.025119662835206193
2022-07-14T00:00:00Z,140278.38744254582,140278.38744254582,0.0,0.025119662835206193
2022-07-15T00:00:00Z,140278.38744254582,140278.38744254582,0.0,0.025119662835206193
2022-07-16T00:00:00Z,140278.38744254582,140278.38744254582,0.0,0.025119662835206193
2022-07-17T00:00:00Z,140278.38744254582,140278.38744254582,0.0,0.025119662835206193
2022-07-18T00:00:00Z,140278.38744254582,140278.38744254582,0.0,0.025119662835206193
2022-07-19T00:00:00Z,140278.38744254582,140278.38744254582,0.0,0.025119662835206193
2022-07-20T00:00:00Z,140278.38744254582,140278.38744254582,0.0,0.025119662835206193
2022-07-21T00:00:00Z,140278.38744254582,140278.38744254582,0.0,0.025119662835206193
2022-07-22T00:00:00Z,140278.38744254582,140278.38744254582,0.0,0.025119662835206193
2022-07-23T00:00:00Z,140278.38744254582,140278.38744254582,0.0,0.025119662835206193
2022-07-24T00:00:00Z,140278.38744254582,140278.38744254582,0.0,0.025119662835206193
2022-07-25T00:00:00Z,140278.38744254582,140278.38744254582,0.0,0.025119662835206193
2022-07-26T00:00:00Z,140278.38744254582,140278.38744254582,0.0,0.025119662835206193
2022-07-27T00:00:00Z,140278.38744254582,140278.38744254582,0.0,0.025119662835206193
2022-07-28T00:00:00Z,140278.38744254582,140278.38744254582,0.0,0.025119662835206193
2022-07-29T00:00:00Z,140278.38744254582,140278.38744254582,0.0,0.025119662835206193
2022-07-30T00:00:00Z,140278.38744254582,140278.38744254582,0.0,0.025119662835206193
2022-07-31T00:00:00Z,140278.38744254582,140278.38744254582,0.0,0.025119662835206193
2022-08-01T00:00:00Z,140278.38744254582,140278.38744254582,0.0,0.025119662835206193
2022-08-02T00:00:00Z,140278.38744254582,140278.38744254582,0.0,0.025119662835206193
2022-08-03T00:00:00Z,140278.38744254582,140278.38744254582,0.0,0.025119662835206193
2022-08-04T00:00:00Z,140278.38744254582,140278.38744254582,0.0,0.025119662835206193
2022-08-05T00:00:00Z,140278.38744254582,140278.38744254582,0.0,0.025119662835206193
2022-08-06T00:00:00Z,140278.38744254582,140278.38744254582,0.0,0.025119662835206193
2022-08-07T00:00:00Z,140278.38744254582,140278.38744254582,0.0,0.025119662835206193
2022-08-08T00:00:00Z,140278.38744254582,140278.38744254582,0.0,0.025119662835206193
2022-08-09T00:00:00Z,140278.38744254582,140278.38744254582,0.0,0.025119662835206193
2022-08-10T00:00:00Z,140278.38744254582,140278.38744254582,0.0,0.025119662835206193
2022-08-11T00:00:00Z,140278.38744254582,140278.38744254582,0.0,0.025119662835206193
2022-08-12T00:00:00Z,140278.38744254582,140278.38744254582,0.0,0.025119662835206193
2022-08-13T00:00:00Z,140278.38744254582,140278.38744254582,0.0,0.025119662835206193
2022-08-14T00:00:00Z,140278.38744254582,140278.38744254582,0.0,0.025119662835206193
2022-08-15T00:00:00Z,140278.38744254582,140278.38744254582,0.0,0.025119662835206193
2022-08-16T00:00:00Z,140278.38744254582,140278.38744254582,0.0,0.025119662835206193
2022-08-17T00:00:00Z,140278.38744254582,140278.38744254582,0.0,0.025119662835206193
2022-08-18T00:00:00Z,140278.38744254582,140278.38744254582,0.0,0.025119662835206193
2022-08-19T00:00:00Z,140278.38744254582,140278.38744254582,0.0,0.025119662835206193
2022-08-20T00:00:00Z,140278.38744254582,140278.38744254582,0.0,0.025119662835206193
2022-08-21T00:00:00Z,140278.38744254582,140278.38744254582,0.0,0.025119662835206193
2022-08-22T00:00:00Z,140278.38744254582,140278.38744254582,0.0,0.025119662835206193
2022-08-23T00:00:00Z,140278.38744254582,140278.38744254582,0.0,0.025119662835206193
2022-08-24T00:00:00Z,140278.38744254582,140278.38744254582,0.0,0.025119662835206193
2022-08-25T00:00:00Z,140278.38744254582,140278.38744254582,0.0,0.025119662835206193
2022-08-26T00:00:00Z,140278.38744254582,140278.38744254582,0.0,0.025119662835206193
2022-08-27T00:00:00Z,140278.38744254582,140278.38744254582,0.0,0.025119662835206193
2022-08-28T00:00:00Z,140278.38744254582,140278.38744254582,0.0,0.025119662835206193
2022-08-29T00:00:00Z,140278.38744254582,140278.38744254582,0.0,0.025119662835206193
2022-08-30T00:00:00Z,140278.38744254582,140278.38744254582,0.0,0.025119662835206193
2022-08-31T00:00:00Z,140278.38744254582,140278.38744254582,0.0,0.025119662835206193
2022-09-01T00:00:00Z,140278.38744254582,140278.38744254582,0.0,0.025119662835206193
2022-09-02T00:00:00Z,140278.38744254582,140278.38744254582,0.0,0.025119662835206193
2022-09-03T00:00:00Z,140278.38744254582,140278.38744254582,0.0,0.025119662835206193
2022-09-04T00:00:00Z,140278.38744254582,140278.38744254582,0.0,0.025119662835206193
2022-09-05T00:00:00Z,140278.38744254582,140278.38744254582,0.0,0.025119662835206193
2022-09-06T00:00:00Z,140278.38744254582,140278.38744254582,0.0,0.025119662835206193
2022-09-07T00:00:00Z,140278.38744254582,140278.38744254582,0.0,0.025119662835206193
2022-09-08T00:00:00Z,140278.38744254582,140278.38744254582,0.0,0.025119662835206193
2022-09-09T00:00:00Z,140278.38744254582,140278.38744254582,0.0,0.025119662835206193
2022-09-10T00:00:00Z,140278.38744254582,140278.38744254582,0.0,0.025119662835206193
2022-09-11T00:00:00Z,140278.38744254582,140278.38744254582,0.0,0.025119662835206193
2022-09-12T00:00:00Z,140278.38744254582,140278.38744254582,0.0,0.025119662835206193
2022-09-13T00:00:00Z,140278.38744254582,140278.38744254582,0.0,0.025119662835206193
2022-09-14T00:00:00Z,140278.38744254582,140278.38744254582,0.0,0.025119662835206193
2022-09-15T00:00:00Z,140278.38744254582,140278.38744254582,0.0,0.025119662835206193
2022-09-16T00:00:00Z,140278.38744254582,140278.38744254582,0.0,0.025119662835206193
2022-09-17T00:00:00Z,140278.38744254582,140278.38744254582,0.0,0.025119662835206193
2022-09-18T00:00:00Z,140278.38744254582,140278.38744254582,0.0,0.025119662835206193
2022-09-19T00:00:00Z,140278.38744254582,140278.38744254582,0.0,0.025119662835206193
2022-09-20T00:00:00Z,140278.38744254582,140278.38744254582,0.0,0.025119662835206193
2022-09-21T00:00:00Z,140278.38744254582,140278.38744254582,0.0,0.025119662835206193
2022-09-22T00:00:00Z,140278.38744254582,140278.38744254582,0.0,0.025119662835206193
2022-09-23T00:00:00Z,140278.38744254582,140278.38744254582,0.0,0.025119662835206193
2022-09-24T00:00:00Z,140278.38744254582,140278.38744254582,0.0,0.025119662835206193
2022-09-25T00:00:00Z,140278.38744254582,140278.38744254582,0.0,0.025119662835206193
2022-09-26T00:00:00Z,140278.38744254582,140278.38744254582,0.0,0.025119662835206193
2022-09-27T00:00:00Z,140278.38744254582,140278.38744254582,0.0,0.025119662835206193
2022-09-28T00:00:00Z,140278.38744254582,140278.38744254582,0.0,0.025119662835206193
2022-09-29T00:00:00Z,140278.38744254582,140278.38744254582,0.0,0.025119662835206193
2022-09-30T00:00:00Z,140278.38744254582,140278.38744254582,0.0,0.025119662835206193
2022-10-01T00:00:00Z,140278.38744254582,140278.38744254582,0.0,0.025119662835206193
2022-10-02T00:00:00Z,140278.38744254582,140278.38744254582,0.0,0.025119662835206193
2022-10-03T00:00:00Z,140278.38744254582,140278.38744254582,0.0,0.025119662835206193
2022-10-04T00:00:00Z,140278.38744254582,140278.38744254582,0.0,0.025119662835206193
2022-10-05T00:00:00Z,140278.38744254582,140278.38744254582,0.0,0.025119662835206193
2022-10-06T00:00:00Z,140278.38744254582,140278.38744254582,0.0,0.025119662835206193
2022-10-07T00:00:00Z,140278.38744254582,140278.38744254582,0.0,0.025119662835206193
2022-10-08T00:00:00Z,140278.38744254582,140278.38744254582,0.0,0.025119662835206193
2022-10-09T00:00:00Z,140278.38744254582,140278.38744254582,0.0,0.025119662835206193
2022-10-10T00:00:00Z,140278.38744254582,140278.38744254582,0.0,0.025119662835206193
2022-10-11T00:00:00Z,140278.38744254582,140278.38744254582,0.0,0.025119662835206193
2022-10-12T00:00:00Z,140278.38744254582,140278.38744254582,0.0,0.025119662835206193
2022-10-13T00:00:00Z,140278.38744254582,140278.38744254582,0.0,0.025119662835206193
2022-10-14T00:00:00Z,140278.38744254582,140278.38744254582,0.0,0.025119662835206193
2022-10-15T00:00:00Z,140278.38744254582,140278.38744254582,0.0,0.025119662835206193
2022-10-16T00:00:00Z,140278.38744254582,140278.38744254582,0.0,0.025119662835206193
2022-10-17T00:00:00Z,140278.38744254582,140278.38744254582,0.0,0.025119662835206193
2022-10-18T00:00:00Z,140278.38744254582,140278.38744254582,0.0,0.025119662835206193
2022-10-19T00:00:00Z,140278.38744254582,140278.38744254582,0.0,0.025119662835206193
2022-10-20T00:00:00Z,140278.38744254582,140278.38744254582,0.0,0.025119662835206193
2022-10-21T00:00:00Z,140278.38744254582,140278.38744254582,0.0,0.025119662835206193
2022-10-22T00:00:00Z,140278.38744254582,140278.38744254582,0.0,0.025119662835206193
2022-10-23T00:00:00Z,140278.38744254582,140278.38744254582,0.0,0.025119662835206193
2022-10-24T00:00:00Z,140278.38744254582,140278.38744254582,0.0,0.025119662835206193
2022-10-25T00:00:00Z,140278.38744254582,140278.38744254582,0.0,0.025119662835206193
2022-10-26T00:00:00Z,140278.38744254582,140278.38744254582,0.0,0.025119662835206193
2022-10-27T00:00:00Z,140278.38744254582,140278.38744254582,0.0,0.025119662835206193
2022-10-28T00:00:00Z,140278.38744254582,140278.38744254582,0.0,0.025119662835206193
2022-10-29T00:00:00Z,140278.38744254582,140278.38744254582,0.0,0.025119662835206193
2022-10-30T00:00:00Z,140278.38744254582,140278.38744254582,0.0,0.025119662835206193
2022-10-31T00:00:00Z,140278.38744254582,140278.38744254582,0.0,0.025119662835206193
2022-11-01T00:00:00Z,140278.38744254582,140278.38744254582,0.0,0.025119662835206193
2022-11-02T00:00:00Z,140278.38744254582,140278.38744254582,0.0,0.025119662835206193
2022-11-03T00:00:00Z,140278.38744254582,140278.38744254582,0.0,0.025119662835206193
2022-11-04T00:00:00Z,140278.38744254582,140278.38744254582,0.0,0.025119662835206193
2022-11-05T00:00:00Z,140278.38744254582,140278.38744254582,0.0,0.025119662835206193
2022-11-06T00:00:00Z,140278.38744254582,140278.38744254582,0.0,0.025119662835206193
2022-11-07T00:00:00Z,140278.38744254582,140278.38744254582,0.0,0.025119662835206193
2022-11-08T00:00:00Z,140278.38744254582,140278.38744254582,0.0,0.025119662835206193
2022-11-09T00:00:00Z,140278.38744254582,140278.38744254582,0.0,0.025119662835206193
2022-11-10T00:00:00Z,140278.38744254582,140278.38744254582,0.0,0.025119662835206193
2022-11-11T00:00:00Z,140278.38744254582,140278.38744254582,0.0,0.025119662835206193
2022-11-12T00:00:00Z,140278.38744254582,140278.38744254582,0.0,0.025119662835206193
2022-11-13T00:00:00Z,140278.38744254582,140278.38744254582,0.0,0.025119662835206193
2022-11-14T00:00:00Z,140278.38744254582,140278.38744254582,0.0,0.025119662835206193
2022-11-15T00:00:00Z,140278.38744254582,140278.38744254582,0.0,0.025119662835206193
2022-11-16T00:00:00Z,140278.38744254582,140278.38744254582,0.0,0.025119662835206193
2022-11-17T00:00:00Z,140278.38744254582,140278.38744254582,0.0,0.025119662835206193
2022-11-18T00:00:00Z,140278.38744254582,140278.38744254582,0.0,0.025119662835206193
2022-11-19T00:00:00Z,140278.38744254582,140278.38744254582,0.0,0.025119662835206193
2022-11-20T00:00:00Z,140278.38744254582,140278.38744254582,0.0,0.025119662835206193
2022-11-21T00:00:00Z,140278.38744254582,140278.38744254582,0.0,0.025119662835206193
2022-11-22T00:00:00Z,140278.38744254582,140278.38744254582,0.0,0.025119662835206193
2022-11-23T00:00:00Z,140278.38744254582,140278.38744254582,0.0,0.025119662835206193
2022-11-24T00:00:00Z,140278.38744254582,140278.38744254582,0.0,0.025119662835206193
2022-11-25T00:00:00Z,140278.38744254582,140278.38744254582,0.0,0.025119662835206193
2022-11-26T00:00:00Z,140278.38744254582,140278.38744254582,0.0,0.025119662835206193
2022-11-27T00:00:00Z,140278.38744254582,140278.38744254582,0.0,0.025119662835206193
2022-11-28T00:00:00Z,140278.38744254582,140278.38744254582,0.0,0.025119662835206193
2022-11-29T00:00:00Z,140278.38744254582,140278.38744254582,0.0,0.025119662835206193
2022-11-30T00:00:00Z,140278.38744254582,140278.38744254582,0.0,0.025119662835206193
2022-12-01T00:00:00Z,140278.38744254582,140278.38744254582,0.0,0.025119662835206193
2022-12-02T00:00:00Z,140278.38744254582,140278.38744254582,0.0,0.025119662835206193
2022-12-03T00:00:00Z,140278.38744254582,140278.38744254582,0.0,0.025119662835206193
2022-12-04T00:00:00Z,140278.38744254582,140278.38744254582,0.0,0.025119662835206193
2022-12-05T00:00:00Z,140278.38744254582,140278.38744254582,0.0,0.025119662835206193
2022-12-06T00:00:00Z,140278.38744254582,140278.38744254582,0.0,0.025119662835206193
2022-12-07T00:00:00Z,140278.38744254582,140278.38744254582,0.0,0.025119662835206193
2022-12-08T00:00:00Z,140278.38744254582,140278.38744254582,0.0,0.025119662835206193
2022-12-09T00:00:00Z,140278.38744254582,140278.38744254582,0.0,0.025119662835206193
2022-12-10T00:00:00Z,140278.38744254582,140278.38744254582,0.0,0.025119662835206193
2022-12-11T00:00:00Z,140278.38744254582,140278.38744254582,0.0,0.025119662835206193
2022-12-12T00:00:00Z,140278.38744254582,140278.38744254582,0.0,0.025119662835206193
2022-12-13T00:00:00Z,140278.38744254582,140278.38744254582,0.0,0.025119662835206193
2022-12-14T00:00:00Z,140278.38744254582,140278.38744254582,0.0,0.025119662835206193
2022-12-15T00:00:00Z,140278.38744254582,140278.38744254582,0.0,0.025119662835206193
2022-12-16T00:00:00Z,140278.38744254582,140278.38744254582,0.0,0.025119662835206193
2022-12-17T00:00:00Z,140278.38744254582,140278.38744254582,0.0,0.025119662835206193
2022-12-18T00:00:00Z,140278.38744254582,140278.38744254582,0.0,0.025119662835206193
2022-12-19T00:00:00Z,140278.38744254582,140278.38744254582,0.0,0.025119662835206193
2022-12-20T00:00:00Z,140278.38744254582,140278.38744254582,0.0,0.025119662835206193
2022-12-21T00:00:00Z,140278.38744254582,140278.38744254582,0.0,0.025119662835206193
2022-12-22T00:00:00Z,140278.38744254582,140278.38744254582,0.0,0.025119662835206193
2022-12-23T00:00:00Z,140278.38744254582,140278.38744254582,0.0,0.025119662835206193
2022-12-24T00:00:00Z,140278.38744254582,140278.38744254582,0.0,0.025119662835206193
2022-12-25T00:00:00Z,140278.38744254582,140278.38744254582,0.0,0.025119662835206193
2022-12-26T00:00:00Z,140278.38744254582,140278.38744254582,0.0,0.025119662835206193
2022-12-27T00:00:00Z,140278.38744254582,140278.38744254582,0.0,0.025119662835206193
2022-12-28T00:00:00Z,140278.38744254582,140278.38744254582,0.0,0.025119662835206193
2022-12-29T00:00:00Z,140278.38744254582,140278.38744254582,0.0,0.025119662835206193
2022-12-30T00:00:00Z,140278.38744254582,140278.38744254582,0.0,0.025119662835206193
2022-12-31T00:00:00Z,140278.38744254582,140278.38744254582,0.0,0.025119662835206193
2023-01-01T00:00:00Z,140278.38744254582,140278.38744254582,0.0,0.025119662835206193
2023-01-02T00:00:00Z,140278.38744254582,140278.38744254582,0.0,0.025119662835206193
2023-01-03T00:00:00Z,140278.38744254582,140278.38744254582,0.0,0.025119662835206193
2023-01-04T00:00:00Z,140278.38744254582,140278.38744254582,0.0,0.025119662835206193
2023-01-05T00:00:00Z,140278.38744254582,140278.38744254582,0.0,0.025119662835206193
2023-01-06T00:00:00Z,140278.38744254582,140278.38744254582,0.0,0.025119662835206193
2023-01-07T00:00:00Z,140278.38744254582,140278.38744254582,0.0,0.025119662835206193
2023-01-08T00:00:00Z,140278.38744254582,140278.38744254582,0.0,0.025119662835206193
2023-01-09T00:00:00Z,140278.38744254582,140278.38744254582,0.0,0.025119662835206193
2023-01-10T00:00:00Z,140278.38744254582,140278.38744254582,0.0,0.025119662835206193
2023-01-11T00:00:00Z,140278.38744254582,140278.38744254582,0.0,0.025119662835206193
2023-01-12T00:00:00Z,140278.38744254582,140278.38744254582,0.0,0.025119662835206193
2023-01-13T00:00:00Z,140278.38744254582,140278.38744254582,0.0,0.025119662835206193
2023-01-14T00:00:00Z,140278.38744254582,140278.38744254582,0.0,0.025119662835206193
2023-01-15T00:00:00Z,140278.38744254582,140278.38744254582,0.0,0.025119662835206193
2023-01-16T00:00:00Z,140278.38744254582,140278.38744254582,0.0,0.025119662835206193
2023-01-17T00:00:00Z,140278.38744254582,140278.38744254582,0.0,0.025119662835206193
2023-01-18T00:00:00Z,140278.38744254582,140278.38744254582,0.0,0.025119662835206193
2023-01-19T00:00:00Z,140278.38744254582,140278.38744254582,0.0,0.025119662835206193
2023-01-20T00:00:00Z,140278.38744254582,140278.38744254582,0.0,0.025119662835206193
2023-01-21T00:00:00Z,140278.38744254582,140278.38744254582,0.0,0.025119662835206193
2023-01-22T00:00:00Z,140278.38744254582,140278.38744254582,0.0,0.025119662835206193
2023-01-23T00:00:00Z,140278.38744254582,140278.38744254582,0.0,0.025119662835206193
2023-01-24T00:00:00Z,140278.38744254582,140278.38744254582,0.0,0.025119662835206193
2023-01-25T00:00:00Z,140278.38744254582,140278.38744254582,0.0,0.025119662835206193
2023-01-26T00:00:00Z,140278.38744254582,140278.38744254582,0.0,0.025119662835206193
2023-01-27T00:00:00Z,140278.38744254582,140278.38744254582,0.0,0.025119662835206193
2023-01-28T00:00:00Z,140278.38744254582,140278.38744254582,0.0,0.025119662835206193
2023-01-29T00:00:00Z,140278.38744254582,140278.38744254582,0.0,0.025119662835206193
2023-01-30T00:00:00Z,140278.38744254582,140278.38744254582,0.0,0.025119662835206193
2023-01-31T00:00:00Z,140278.38744254582,140278.38744254582,0.0,0.025119662835206193
2023-02-01T00:00:00Z,140278.38744254582,140278.38744254582,0.0,0.025119662835206193
2023-02-02T00:00:00Z,140278.38744254582,140278.38744254582,0.0,0.025119662835206193
2023-02-03T00:00:00Z,140278.38744254582,140278.38744254582,0.0,0.025119662835206193
2023-02-04T00:00:00Z,140278.38744254582,140278.38744254582,0.0,0.025119662835206193
2023-02-05T00:00:00Z,140278.38744254582,140278.38744254582,0.0,0.025119662835206193
2023-02-06T00:00:00Z,140278.38744254582,140278.38744254582,0.0,0.025119662835206193
2023-02-07T00:00:00Z,140278.38744254582,140278.38744254582,0.0,0.025119662835206193
2023-02-08T00:00:00Z,140278.38744254582,140278.38744254582,0.0,0.025119662835206193
2023-02-09T00:00:00Z,140278.38744254582,140278.38744254582,0.0,0.025119662835206193
2023-02-10T00:00:00Z,140278.38744254582,140278.38744254582,0.0,0.025119662835206193
2023-02-11T00:00:00Z,140278.38744254582,140278.38744254582,0.0,0.025119662835206193
2023-02-12T00:00:00Z,140278.38744254582,140278.38744254582,0.0,0.025119662835206193
2023-02-13T00:00:00Z,140278.38744254582,140278.38744254582,0.0,0.025119662835206193
2023-02-14T00:00:00Z,140278.38744254582,140278.38744254582,0.0,0.025119662835206193
2023-02-15T00:00:00Z,140278.38744254582,140278.38744254582,0.0,0.025119662835206193
2023-02-16T00:00:00Z,140278.38744254582,140278.38744254582,0.0,0.025119662835206193
2023-02-17T00:00:00Z,140278.38744254582,140278.38744254582,0.0,0.025119662835206193
2023-02-18T00:00:00Z,140278.38744254582,140278.38744254582,0.0,0.025119662835206193
2023-02-19T00:00:00Z,140278.38744254582,140278.38744254582,0.0,0.025119662835206193
2023-02-20T00:00:00Z,140278.38744254582,140278.38744254582,0.0,0.025119662835206193
2023-02-21T00:00:00Z,140278.38744254582,140278.38744254582,0.0,0.025119662835206193
2023-02-22T00:00:00Z,140278.38744254582,140278.38744254582,0.0,0.025119662835206193
2023-02-23T00:00:00Z,140278.38744254582,140278.38744254582,0.0,0.025119662835206193
2023-02-24T00:00:00Z,140278.38744254582,140278.38744254582,0.0,0.025119662835206193
2023-02-25T00:00:00Z,140278.38744254582,140278.38744254582,0.0,0.025119662835206193
2023-02-26T00:00:00Z,140278.38744254582,140278.38744254582,0.0,0.025119662835206193
2023-02-27T00:00:00Z,140278.38744254582,140278.38744254582,0.0,0.025119662835206193
2023-02-28T00:00:00Z,140278.38744254582,140278.38744254582,0.0,0.025119662835206193
2023-03-01T00:00:00Z,140278.38744254582,140278.38744254582,0.0,0.025119662835206193
2023-03-02T00:00:00Z,140278.38744254582,140278.38744254582,0.0,0.025119662835206193
2023-03-03T00:00:00Z,140278.38744254582,140278.38744254582,0.0,0.025119662835206193
2023-03-04T00:00:00Z,140278.38744254582,140278.38744254582,0.0,0.025119662835206193
2023-03-05T00:00:00Z,140278.38744254582,140278.38744254582,0.0,0.025119662835206193
2023-03-06T00:00:00Z,140278.38744254582,140278.38744254582,0.0,0.025119662835206193
2023-03-07T00:00:00Z,140278.38744254582,140278.38744254582,0.0,0.025119662835206193
2023-03-08T00:00:00Z,140278.38744254582,140278.38744254582,0.0,0.025119662835206193
2023-03-09T00:00:00Z,140278.38744254582,140278.38744254582,0.0,0.025119662835206193
2023-03-10T00:00:00Z,140278.38744254582,140278.38744254582,0.0,0.025119662835206193
2023-03-11T00:00:00Z,140278.38744254582,140278.38744254582,0.0,0.025119662835206193
2023-03-12T00:00:00Z,140278.38744254582,140278.38744254582,0.0,0.025119662835206193
2023-03-13T00:00:00Z,140278.38744254582,140278.38744254582,0.0,0.025119662835206193
2023-03-14T00:00:00Z,140278.38744254582,140278.38744254582,0.0,0.025119662835206193
2023-03-15T00:00:00Z,140278.38744254582,140278.38744254582,0.0,0.025119662835206193
2023-03-16T00:00:00Z,139560.79225898255,110225.95177015153,29334.840488831003,0.030106670793125016
2023-03-17T00:00:00Z,140204.95976008158,110225.95177015153,29979.00798993005,0.025629956723972842
2023-03-18T00:00:00Z,142682.5135168392,110225.95177015153,32456.56174668765,0.008411919891884159
2023-03-19T00:00:00Z,142118.98600264144,110225.95177015153,31893.034232489907,0.012328217356222674
2023-03-20T00:00:00Z,142960.7516431432,110225.95177015153,32734.799872991665,0.00647827292510219
2023-03-21T00:00:00Z,142390.58769543597,110225.95177015153,32164.63592528444,0.010440691026092115
2023-03-22T00:00:00Z,143224.52813587696,110225.95177015153,32998.57636572543,0.004645128697679655
2023-03-23T00:00:00Z,142117.63550703644,110225.95177015153,31891.683736884916,0.012337602776419945
2023-03-24T00:00:00Z,143450.06143878857,110225.95177015153,33224.10966863704,0.0030777597936536005
2023-03-25T00:00:00Z,142371.78994518227,110225.95177015153,32145.838175030738,0.010571328093136875
2023-03-26T00:00:00Z,142311.6167849573,110225.95177015153,32085.665014805767,0.01098950819769806
2023-03-27T00:00:00Z,142901.79572980668,110225.95177015153,32675.843959655147,0.00688799363631935
2023-03-28T00:00:00Z,141872.0526914986,110225.95177015153,31646.100921347053,0.014044308010050225
2023-03-29T00:00:00Z,142459.45607769513,110225.95177015153,32233.50430754361,0.009962082503847036
2023-03-30T00:00:00Z,143301.59875839486,110225.95177015153,33075.64698824333,0.004109517789716189
2023-03-31T00:00:00Z,143110.5924590616,110225.95177015153,32884.64068891005,0.005436937422130214
2023-04-01T00:00:00Z,143628.43809398334,110225.95177015153,33402.48632383179,0.0018381112852201714
2023-04-02T00:00:00Z,143610.47483596051,110225.95177015153,33384.52306580898,0.001962948955207205
2023-04-03T00:00:00Z,143206.52304122612,110225.95177015153,32980.571271074594,0.004770257115990607
2023-04-04T00:00:00Z,143120.23220554576,110225.95177015153,32894.28043539425,0.005369944926179818
2023-04-05T00:00:00Z,143869.40969834448,110225.95177015153,33643.45792819296,0.0001634521792125104
2023-04-06T00:00:00Z,144208.97629321116,110225.95177015153,33983.024523059634,0.0
2023-04-07T00:00:00Z,143804.34604873092,110225.95177015153,33578.3942785794,0.002805860320771799
2023-04-08T00:00:00Z,143651.52708476476,110225.95177015153,33425.575314613234,0.0038655652565827326
2023-04-09T00:00:00Z,143540.71756091662,110225.95177015153,33314.76579076509,0.004633960724718123
2023-04-10T00:00:00Z,143860.12652139575,110225.95177015153,33634.17475124421,0.0024190572652434323
2023-04-11T00:00:00Z,145116.58393334632,110225.95177015153,34890.632163194794,0.0
2023-04-12T00:00:00Z,145283.69136103638,110225.95177015153,35057.73959088484,0.0
2023-04-13T00:00:00Z,145333.13424782635,110225.95177015153,35107.182477674825,0.0
2023-04-14T00:00:00Z,146458.83640856206,110225.95177015153,36232.88463841053,0.0
2023-04-15T00:00:00Z,146404.44408964153,146404.44408964153,0.0,0.0003713829786875433
2023-04-16T00:00:00Z,146404.44408964153,146404.44408964153,0.0,0.0003713829786875433
2023-04-17T00:00:00Z,146404.44408964153,146404.44408964153,0.0,0.0003713829786875433
2023-04-18T00:00:00Z,146404.44408964153,146404.44408964153,0.0,0.0003713829786875433
2023-04-19T00:00:00Z,146404.44408964153,146404.44408964153,0.0,0.0003713829786875433
2023-04-20T00:00:00Z,146404.44408964153,146404.44408964153,0.0,0.0003713829786875433
2023-04-21T00:00:00Z,146404.44408964153,146404.44408964153,0.0,0.0003713829786875433
2023-04-22T00:00:00Z,146404.44408964153,146404.44408964153,0.0,0.0003713829786875433
2023-04-23T00:00:00Z,146404.44408964153,146404.44408964153,0.0,0.0003713829786875433
2023-04-24T00:00:00Z,146404.44408964153,146404.44408964153,0.0,0.0003713829786875433
2023-04-25T00:00:00Z,146404.44408964153,146404.44408964153,0.0,0.0003713829786875433
2023-04-26T00:00:00Z,146404.44408964153,146404.44408964153,0.0,0.0003713829786875433
2023-04-27T00:00:00Z,146404.44408964153,146404.44408964153,0.0,0.0003713829786875433
2023-04-28T00:00:00Z,146404.44408964153,146404.44408964153,0.0,0.0003713829786875433
2023-04-29T00:00:00Z,146404.44408964153,146404.44408964153,0.0,0.0003713829786875433
2023-04-30T00:00:00Z,146404.44408964153,146404.44408964153,0.0,0.0003713829786875433
2023-05-01T00:00:00Z,146404.44408964153,146404.44408964153,0.0,0.0003713829786875433
2023-05-02T00:00:00Z,146404.44408964153,146404.44408964153,0.0,0.0003713829786875433
2023-05-03T00:00:00Z,146404.44408964153,146404.44408964153,0.0,0.0003713829786875433
2023-05-04T00:00:00Z,146404.44408964153,146404.44408964153,0.0,0.0003713829786875433
2023-05-05T00:00:00Z,146404.44408964153,146404.44408964153,0.0,0.0003713829786875433
2023-05-06T00:00:00Z,146404.44408964153,146404.44408964153,0.0,0.0003713829786875433
2023-05-07T00:00:00Z,146404.44408964153,146404.44408964153,0.0,0.0003713829786875433
2023-05-08T00:00:00Z,146404.44408964153,146404.44408964153,0.0,0.0003713829786875433
2023-05-09T00:00:00Z,146404.44408964153,146404.44408964153,0.0,0.0003713829786875433
2023-05-10T00:00:00Z,146404.44408964153,146404.44408964153,0.0,0.0003713829786875433
2023-05-11T00:00:00Z,146404.44408964153,146404.44408964153,0.0,0.0003713829786875433
2023-05-12T00:00:00Z,146404.44408964153,146404.44408964153,0.0,0.0003713829786875433
2023-05-13T00:00:00Z,146404.44408964153,146404.44408964153,0.0,0.0003713829786875433
2023-05-14T00:00:00Z,146404.44408964153,146404.44408964153,0.0,0.0003713829786875433
2023-05-15T00:00:00Z,146404.44408964153,146404.44408964153,0.0,0.0003713829786875433
2023-05-16T00:00:00Z,146404.44408964153,146404.44408964153,0.0,0.0003713829786875433
2023-05-17T00:00:00Z,146404.44408964153,146404.44408964153,0.0,0.0003713829786875433
2023-05-18T00:00:00Z,146404.44408964153,146404.44408964153,0.0,0.0003713829786875433
2023-05-19T00:00:00Z,146404.44408964153,146404.44408964153,0.0,0.0003713829786875433
2023-05-20T00:00:00Z,146404.44408964153,146404.44408964153,0.0,0.0003713829786875433
2023-05-21T00:00:00Z,146404.44408964153,146404.44408964153,0.0,0.0003713829786875433
2023-05-22T00:00:00Z,146404.44408964153,146404.44408964153,0.0,0.0003713829786875433
2023-05-23T00:00:00Z,146404.44408964153,146404.44408964153,0.0,0.0003713829786875433
2023-05-24T00:00:00Z,146404.44408964153,146404.44408964153,0.0,0.0003713829786875433
2023-05-25T00:00:00Z,146404.44408964153,146404.44408964153,0.0,0.0003713829786875433
2023-05-26T00:00:00Z,146404.44408964153,146404.44408964153,0.0,0.0003713829786875433
2023-05-27T00:00:00Z,146404.44408964153,146404.44408964153,0.0,0.0003713829786875433
2023-05-28T00:00:00Z,146404.44408964153,146404.44408964153,0.0,0.0003713829786875433
2023-05-29T00:00:00Z,146404.44408964153,146404.44408964153,0.0,0.0003713829786875433
2023-05-30T00:00:00Z,146404.44408964153,146404.44408964153,0.0,0.0003713829786875433
2023-05-31T00:00:00Z,146404.44408964153,146404.44408964153,0.0,0.0003713829786875433
2023-06-01T00:00:00Z,146404.44408964153,146404.44408964153,0.0,0.0003713829786875433
2023-06-02T00:00:00Z,146404.44408964153,146404.44408964153,0.0,0.0003713829786875433
2023-06-03T00:00:00Z,146404.44408964153,146404.44408964153,0.0,0.0003713829786875433
2023-06-04T00:00:00Z,146404.44408964153,146404.44408964153,0.0,0.0003713829786875433
2023-06-05T00:00:00Z,146404.44408964153,146404.44408964153,0.0,0.0003713829786875433
2023-06-06T00:00:00Z,146404.44408964153,146404.44408964153,0.0,0.0003713829786875433
2023-06-07T00:00:00Z,146404.44408964153,146404.44408964153,0.0,0.0003713829786875433
2023-06-08T00:00:00Z,146404.44408964153,146404.44408964153,0.0,0.0003713829786875433
2023-06-09T00:00:00Z,146404.44408964153,146404.44408964153,0.0,0.0003713829786875433
2023-06-10T00:00:00Z,146404.44408964153,146404.44408964153,0.0,0.0003713829786875433
2023-06-11T00:00:00Z,146404.44408964153,146404.44408964153,0.0,0.0003713829786875433
2023-06-12T00:00:00Z,146404.44408964153,146404.44408964153,0.0,0.0003713829786875433
2023-06-13T00:00:00Z,146404.44408964153,146404.44408964153,0.0,0.0003713829786875433
2023-06-14T00:00:00Z,146404.44408964153,146404.44408964153,0.0,0.0003713829786875433
2023-06-15T00:00:00Z,146404.44408964153,146404.44408964153,0.0,0.0003713829786875433
2023-06-16T00:00:00Z,146404.44408964153,146404.44408964153,0.0,0.0003713829786875433
2023-06-17T00:00:00Z,146404.44408964153,146404.44408964153,0.0,0.0003713829786875433
2023-06-18T00:00:00Z,146404.44408964153,146404.44408964153,0.0,0.0003713829786875433
2023-06-19T00:00:00Z,146404.44408964153,146404.44408964153,0.0,0.0003713829786875433
2023-06-20T00:00:00Z,146404.44408964153,146404.44408964153,0.0,0.0003713829786875433
2023-06-21T00:00:00Z,146404.44408964153,146404.44408964153,0.0,0.0003713829786875433
2023-06-22T00:00:00Z,147739.02769886013,123382.57969661996,24356.448002240177,0.0
2023-06-23T00:00:00Z,147654.4045312593,123382.57969661996,24271.824834639345,0.0005727881719468285
2023-06-24T00:00:00Z,148307.1074084262,123382.57969661996,24924.527711806248,0.0
2023-06-25T00:00:00Z,148178.30477520652,123382.57969661996,24795.72507858655,0.0008684859105570523
2023-06-26T00:00:00Z,148123.32407994184,123382.57969661996,24740.7443833219,0.0012392078282414377
2023-06-27T00:00:00Z,147966.66564395145,123382.57969661996,24584.08594733149,0.0022955188758230515
2023-06-28T00:00:00Z,148308.56922897976,123382.57969661996,24925.989532359818,0.0
2023-06-29T00:00:00Z,147810.41326922592,123382.57969661996,24427.833572605952,0.003358915552510791
2023-06-30T00:00:00Z,148110.7361807306,123382.57969661996,24728.156484110645,0.0013339286413296568
2023-07-01T00:00:00Z,148132.09500326324,123382.57969661996,24749.51530664329,0.0011899125359644861
2023-07-02T00:00:00Z,148221.75333054858,123382.57969661996,24839.173633928633,0.0005853734472829774
2023-07-03T00:00:00Z,148245.79215742945,123382.57969661996,24863.212460809482,0.0004232868800277462
2023-07-04T00:00:00Z,148685.4752950407,123382.57969661996,25302.895598420735,0.0
2023-07-05T00:00:00Z,148368.26023491702,123382.57969661996,24985.680538297067,0.0021334636721860047
2023-07-06T00:00:00Z,148155.8089811322,123382.57969661996,24773.22928451224,0.003562327206860441
2023-07-07T00:00:00Z,147660.98272375035,123382.57969661996,24278.403027130385,0.006890333902873974
2023-07-08T00:00:00Z,148025.13846609407,123382.57969661996,24642.5587694741,0.004441165672950274
2023-07-09T00:00:00Z,147980.39051470437,123382.57969661996,24597.810818084403,0.004742122785949396
2023-07-10T00:00:00Z,147878.87519848454,123382.57969661996,24496.29550186459,0.005424874857181547
2023-07-11T00:00:00Z,148082.31189218906,123382.57969661996,24699.732195569097,0.004056639706432441
2023-07-12T00:00:00Z,148250.74610486097,123382.57969661996,24868.16640824101,0.0029238174698442048
2023-07-13T00:00:00Z,148055.1869996951,123382.57969661996,24672.607303075165,0.0042390710598657075
2023-07-14T00:00:00Z,148925.37629033136,123382.57969661996,25542.7965937114,0.0
2023-07-15T00:00:00Z,147154.40725051577,98976.01920123768,48178.3880492781,0.011891653954011669
2023-07-16T00:00:00Z,147054.99633101045,98976.01920123768,48078.97712977277,0.012559175648309854
2023-07-17T00:00:00Z,146898.5135179581,98976.01920123768,47922.49431672043,0.013609922115770669
2023-07-18T00:00:00Z,146312.96340898753,121834.61581503061,24478.34759395693,0.017541757801242057
2023-07-19T00:00:00Z,146083.7824310897,121834.61581503061,24249.16661605908,0.01908065589642662
2023-07-20T00:00:00Z,146124.06370856572,121834.61581503061,24289.4478935351,0.01881017628791789
2023-07-21T00:00:00Z,146036.43568760477,121834.61581503061,24201.81987257416,0.01939857850078269
2023-07-22T00:00:00Z,146000.14505870585,146000.14505870585,0.0,0.019642261812538565
2023-07-23T00:00:00Z,146000.14505870585,146000.14505870585,0.0,0.019642261812538565
2023-07-24T00:00:00Z,146000.14505870585,146000.14505870585,0.0,0.019642261812538565
2023-07-25T00:00:00Z,146000.14505870585,146000.14505870585,0.0,0.019642261812538565
2023-07-26T00:00:00Z,146000.14505870585,146000.14505870585,0.0,0.019642261812538565
2023-07-27T00:00:00Z,146000.14505870585,146000.14505870585,0.0,0.019642261812538565
2023-07-28T00:00:00Z,146000.14505870585,146000.14505870585,0.0,0.019642261812538565
2023-07-29T00:00:00Z,146000.14505870585,146000.14505870585,0.0,0.019642261812538565
2023-07-30T00:00:00Z,146000.14505870585,146000.14505870585,0.0,0.019642261812538565
2023-07-31T00:00:00Z,146000.14505870585,146000.14505870585,0.0,0.019642261812538565
2023-08-01T00:00:00Z,146000.14505870585,146000.14505870585,0.0,0.019642261812538565
2023-08-02T00:00:00Z,146000.14505870585,146000.14505870585,0.0,0.019642261812538565
2023-08-03T00:00:00Z,146000.14505870585,146000.14505870585,0.0,0.019642261812538565
2023-08-04T00:00:00Z,146000.14505870585,146000.14505870585,0.0,0.019642261812538565
2023-08-05T00:00:00Z,146000.14505870585,146000.14505870585,0.0,0.019642261812538565
2023-08-06T00:00:00Z,146000.14505870585,146000.14505870585,0.0,0.019642261812538565
2023-08-07T00:00:00Z,146000.14505870585,146000.14505870585,0.0,0.019642261812538565
2023-08-08T00:00:00Z,146000.14505870585,146000.14505870585,0.0,0.019642261812538565
2023-08-09T00:00:00Z,146000.14505870585,146000.14505870585,0.0,0.019642261812538565
2023-08-10T00:00:00Z,146000.14505870585,146000.14505870585,0.0,0.019642261812538565
2023-08-11T00:00:00Z,146000.14505870585,146000.14505870585,0.0,0.019642261812538565
2023-08-12T00:00:00Z,146000.14505870585,146000.14505870585,0.0,0.019642261812538565
2023-08-13T00:00:00Z,146000.14505870585,146000.14505870585,0.0,0.019642261812538565
2023-08-14T00:00:00Z,146000.14505870585,146000.14505870585,0.0,0.019642261812538565
2023-08-15T00:00:00Z,146000.14505870585,146000.14505870585,0.0,0.019642261812538565
2023-08-16T00:00:00Z,146000.14505870585,146000.14505870585,0.0,0.019642261812538565
2023-08-17T00:00:00Z,146000.14505870585,146000.14505870585,0.0,0.019642261812538565
2023-08-18T00:00:00Z,146000.14505870585,146000.14505870585,0.0,0.019642261812538565
2023-08-19T00:00:00Z,146000.14505870585,146000.14505870585,0.0,0.019642261812538565
2023-08-20T00:00:00Z,146000.14505870585,146000.14505870585,0.0,0.019642261812538565
2023-08-21T00:00:00Z,146000.14505870585,146000.14505870585,0.0,0.019642261812538565
2023-08-22T00:00:00Z,146000.14505870585,146000.14505870585,0.0,0.019642261812538565
2023-08-23T00:00:00Z,146000.14505870585,146000.14505870585,0.0,0.019642261812538565
2023-08-24T00:00:00Z,146000.14505870585,146000.14505870585,0.0,0.019642261812538565
2023-08-25T00:00:00Z,146000.14505870585,146000.14505870585,0.0,0.019642261812538565
2023-08-26T00:00:00Z,146000.14505870585,146000.14505870585,0.0,0.019642261812538565
2023-08-27T00:00:00Z,146000.14505870585,146000.14505870585,0.0,0.019642261812538565
2023-08-28T00:00:00Z,146000.14505870585,146000.14505870585,0.0,0.019642261812538565
2023-08-29T00:00:00Z,146000.14505870585,146000.14505870585,0.0,0.019642261812538565
2023-08-30T00:00:00Z,146000.14505870585,146000.14505870585,0.0,0.019642261812538565
2023-08-31T00:00:00Z,146000.14505870585,146000.14505870585,0.0,0.019642261812538565
2023-09-01T00:00:00Z,146000.14505870585,146000.14505870585,0.0,0.019642261812538565
2023-09-02T00:00:00Z,146000.14505870585,146000.14505870585,0.0,0.019642261812538565
2023-09-03T00:00:00Z,146000.14505870585,146000.14505870585,0.0,0.019642261812538565
2023-09-04T00:00:00Z,146000.14505870585,146000.14505870585,0.0,0.019642261812538565
2023-09-05T00:00:00Z,146000.14505870585,146000.14505870585,0.0,0.019642261812538565
2023-09-06T00:00:00Z,146000.14505870585,146000.14505870585,0.0,0.019642261812538565
2023-09-07T00:00:00Z,146000.14505870585,146000.14505870585,0.0,0.019642261812538565
2023-09-08T00:00:00Z,146000.14505870585,146000.14505870585,0.0,0.019642261812538565
2023-09-09T00:00:00Z,146000.14505870585,146000.14505870585,0.0,0.019642261812538565
2023-09-10T00:00:00Z,146000.14505870585,146000.14505870585,0.0,0.019642261812538565
2023-09-11T00:00:00Z,146000.14505870585,146000.14505870585,0.0,0.019642261812538565
2023-09-12T00:00:00Z,146000.14505870585,146000.14505870585,0.0,0.019642261812538565
2023-09-13T00:00:00Z,146000.14505870585,146000.14505870585,0.0,0.019642261812538565
2023-09-14T00:00:00Z,146000.14505870585,146000.14505870585,0.0,0.019642261812538565
2023-09-15T00:00:00Z,146000.14505870585,146000.14505870585,0.0,0.019642261812538565
2023-09-16T00:00:00Z,146000.14505870585,146000.14505870585,0.0,0.019642261812538565
2023-09-17T00:00:00Z,146000.14505870585,146000.14505870585,0.0,0.019642261812538565
2023-09-18T00:00:00Z,146000.14505870585,146000.14505870585,0.0,0.019642261812538565
2023-09-19T00:00:00Z,146000.14505870585,146000.14505870585,0.0,0.019642261812538565
2023-09-20T00:00:00Z,146000.14505870585,146000.14505870585,0.0,0.019642261812538565
2023-09-21T00:00:00Z,146000.14505870585,146000.14505870585,0.0,0.019642261812538565
2023-09-22T00:00:00Z,146000.14505870585,146000.14505870585,0.0,0.019642261812538565
2023-09-23T00:00:00Z,146000.14505870585,146000.14505870585,0.0,0.019642261812538565
2023-09-24T00:00:00Z,146000.14505870585,146000.14505870585,0.0,0.019642261812538565
2023-09-25T00:00:00Z,146000.14505870585,146000.14505870585,0.0,0.019642261812538565
2023-09-26T00:00:00Z,146000.14505870585,146000.14505870585,0.0,0.019642261812538565
2023-09-27T00:00:00Z,146000.14505870585,146000.14505870585,0.0,0.019642261812538565
2023-09-28T00:00:00Z,146000.14505870585,146000.14505870585,0.0,0.019642261812538565
2023-09-29T00:00:00Z,146000.14505870585,146000.14505870585,0.0,0.019642261812538565
2023-09-30T00:00:00Z,146000.14505870585,146000.14505870585,0.0,0.019642261812538565
2023-10-01T00:00:00Z,146000.14505870585,146000.14505870585,0.0,0.019642261812538565
2023-10-02T00:00:00Z,146000.14505870585,146000.14505870585,0.0,0.019642261812538565
2023-10-03T00:00:00Z,146000.14505870585,146000.14505870585,0.0,0.019642261812538565
2023-10-04T00:00:00Z,146000.14505870585,146000.14505870585,0.0,0.019642261812538565
2023-10-05T00:00:00Z,146000.14505870585,146000.14505870585,0.0,0.019642261812538565
2023-10-06T00:00:00Z,146000.14505870585,146000.14505870585,0.0,0.019642261812538565
2023-10-07T00:00:00Z,146000.14505870585,146000.14505870585,0.0,0.019642261812538565
2023-10-08T00:00:00Z,146000.14505870585,146000.14505870585,0.0,0.019642261812538565
2023-10-09T00:00:00Z,146000.14505870585,146000.14505870585,0.0,0.019642261812538565
2023-10-10T00:00:00Z,146000.14505870585,146000.14505870585,0.0,0.019642261812538565
2023-10-11T00:00:00Z,146000.14505870585,146000.14505870585,0.0,0.019642261812538565
2023-10-12T00:00:00Z,146000.14505870585,146000.14505870585,0.0,0.019642261812538565
2023-10-13T00:00:00Z,146000.14505870585,146000.14505870585,0.0,0.019642261812538565
2023-10-14T00:00:00Z,146000.14505870585,146000.14505870585,0.0,0.019642261812538565
2023-10-15T00:00:00Z,146000.14505870585,146000.14505870585,0.0,0.019642261812538565
2023-10-16T00:00:00Z,146000.14505870585,146000.14505870585,0.0,0.019642261812538565
2023-10-17T00:00:00Z,146000.14505870585,146000.14505870585,0.0,0.019642261812538565
2023-10-18T00:00:00Z,146000.14505870585,146000.14505870585,0.0,0.019642261812538565
2023-10-19T00:00:00Z,146000.14505870585,146000.14505870585,0.0,0.019642261812538565
2023-10-20T00:00:00Z,146000.14505870585,146000.14505870585,0.0,0.019642261812538565
2023-10-21T00:00:00Z,146000.14505870585,146000.14505870585,0.0,0.019642261812538565
2023-10-22T00:00:00Z,146000.14505870585,146000.14505870585,0.0,0.019642261812538565
2023-10-23T00:00:00Z,146000.14505870585,146000.14505870585,0.0,0.019642261812538565
2023-10-24T00:00:00Z,146000.14505870585,146000.14505870585,0.0,0.019642261812538565
2023-10-25T00:00:00Z,146000.14505870585,146000.14505870585,0.0,0.019642261812538565
2023-10-26T00:00:00Z,146000.14505870585,146000.14505870585,0.0,0.019642261812538565
2023-10-27T00:00:00Z,146000.14505870585,146000.14505870585,0.0,0.019642261812538565
2023-10-28T00:00:00Z,146000.14505870585,146000.14505870585,0.0,0.019642261812538565
2023-10-29T00:00:00Z,146000.14505870585,146000.14505870585,0.0,0.019642261812538565
2023-10-30T00:00:00Z,146000.14505870585,146000.14505870585,0.0,0.019642261812538565
2023-10-31T00:00:00Z,146000.14505870585,146000.14505870585,0.0,0.019642261812538565
2023-11-01T00:00:00Z,146000.14505870585,146000.14505870585,0.0,0.019642261812538565
2023-11-02T00:00:00Z,146000.14505870585,146000.14505870585,0.0,0.019642261812538565
2023-11-03T00:00:00Z,146000.14505870585,146000.14505870585,0.0,0.019642261812538565
2023-11-04T00:00:00Z,146000.14505870585,146000.14505870585,0.0,0.019642261812538565
2023-11-05T00:00:00Z,146000.14505870585,146000.14505870585,0.0,0.019642261812538565
2023-11-06T00:00:00Z,146000.14505870585,146000.14505870585,0.0,0.019642261812538565
2023-11-07T00:00:00Z,146000.14505870585,146000.14505870585,0.0,0.019642261812538565
2023-11-08T00:00:00Z,146000.14505870585,146000.14505870585,0.0,0.019642261812538565
2023-11-09T00:00:00Z,146000.14505870585,146000.14505870585,0.0,0.019642261812538565
2023-11-10T00:00:00Z,146000.14505870585,146000.14505870585,0.0,0.019642261812538565
2023-11-11T00:00:00Z,146000.14505870585,146000.14505870585,0.0,0.019642261812538565
2023-11-12T00:00:00Z,146000.14505870585,146000.14505870585,0.0,0.019642261812538565
2023-11-13T00:00:00Z,146000.14505870585,146000.14505870585,0.0,0.019642261812538565
2023-11-14T00:00:00Z,146000.14505870585,146000.14505870585,0.0,0.019642261812538565
2023-11-15T00:00:00Z,146000.14505870585,146000.14505870585,0.0,0.019642261812538565
2023-11-16T00:00:00Z,146000.14505870585,146000.14505870585,0.0,0.019642261812538565
2023-11-17T00:00:00Z,146000.14505870585,146000.14505870585,0.0,0.019642261812538565
2023-11-18T00:00:00Z,146000.14505870585,146000.14505870585,0.0,0.019642261812538565
2023-11-19T00:00:00Z,146000.14505870585,146000.14505870585,0.0,0.019642261812538565
2023-11-20T00:00:00Z,146000.14505870585,146000.14505870585,0.0,0.019642261812538565
2023-11-21T00:00:00Z,146000.14505870585,146000.14505870585,0.0,0.019642261812538565
2023-11-22T00:00:00Z,146000.14505870585,146000.14505870585,0.0,0.019642261812538565
2023-11-23T00:00:00Z,146000.14505870585,146000.14505870585,0.0,0.019642261812538565
2023-11-24T00:00:00Z,146000.14505870585,146000.14505870585,0.0,0.019642261812538565
2023-11-25T00:00:00Z,146000.14505870585,146000.14505870585,0.0,0.019642261812538565
2023-11-26T00:00:00Z,146000.14505870585,146000.14505870585,0.0,0.019642261812538565
2023-11-27T00:00:00Z,146000.14505870585,146000.14505870585,0.0,0.019642261812538565
2023-11-28T00:00:00Z,146000.14505870585,146000.14505870585,0.0,0.019642261812538565
2023-11-29T00:00:00Z,146000.14505870585,146000.14505870585,0.0,0.019642261812538565
2023-11-30T00:00:00Z,146000.14505870585,146000.14505870585,0.0,0.019642261812538565
2023-12-01T00:00:00Z,146000.14505870585,146000.14505870585,0.0,0.019642261812538565
2023-12-02T00:00:00Z,146000.14505870585,146000.14505870585,0.0,0.019642261812538565
2023-12-03T00:00:00Z,146478.51785857853,120051.30777310581,26427.210085472707,0.01643009735951687
2023-12-04T00:00:00Z,146826.4999040352,120051.30777310581,26775.192130929405,0.014093477139882267
2023-12-05T00:00:00Z,148174.6205290326,120051.30777310581,28123.312755926803,0.0050411540329779216
2023-12-06T00:00:00Z,150027.246604582,97947.18537218879,52080.061232393215,0.0
2023-12-07T00:00:00Z,149232.03081153933,97947.18537218879,51284.84543935054,0.005300475820492661
2023-12-08T00:00:00Z,150112.02026759915,97947.18537218879,52164.83489541035,0.0
2023-12-09T00:00:00Z,150737.43447207415,97947.18537218879,52790.249099885375,0.0
2023-12-10T00:00:00Z,150257.29710973921,97947.18537218879,52310.11173755041,0.00318525629692793
2023-12-11T00:00:00Z,150415.83972926316,97947.18537218879,52468.65435707437,0.002133476292317905
2023-12-12T00:00:00Z,147468.56863651512,97947.18537218879,49521.383264326316,0.021685826397454214
2023-12-13T00:00:00Z,147417.20521132616,97947.18537218879,49470.01983913737,0.022026574038336185
2023-12-14T00:00:00Z,148899.1548535757,97947.18537218879,50951.969481386914,0.012195242840218461
2023-12-15T00:00:00Z,149547.14234227096,97947.18537218879,51599.95697008218,0.007896460053018233
2023-12-16T00:00:00Z,147886.42395050067,97947.18537218879,49939.238578311866,0.018913752456770537
2023-12-17T00:00:00Z,148193.22211284854,97947.18537218879,50246.03674065975,0.01687843745076446
2023-12-18T00:00:00Z,147271.77835929408,97947.18537218879,49324.592987105294,0.022991343357526228
2023-12-19T00:00:00Z,148352.96513417992,97947.18537218879,50405.779761991114,0.01581869391797286
2023-12-20T00:00:00Z,147686.18518049666,97947.18537218879,49738.99980830787,0.02024214689777523
2023-12-21T00:00:00Z,148865.1358842658,97947.18537218879,50917.950512077005,0.012420926456428588
2023-12-22T00:00:00Z,149357.41667375807,97947.18537218879,51410.231301569285,0.009155110030559443
2023-12-23T00:00:00Z,150271.9337406329,97947.18537218879,52324.748368444125,0.003088156124399808
2023-12-24T00:00:00Z,149933.589600324,97947.18537218879,51986.4042281352,0.005332748793061628
2023-12-25T00:00:00Z,149030.18556053698,97947.18537218879,51083.00018834819,0.011325978298068085
2023-12-26T00:00:00Z,149481.832003888,97947.18537218879,51534.64663169921,0.008329732243245524
2023-12-27T00:00:00Z,148372.12866795948,97947.18537218879,50424.943295770696,0.01569156203565925
2023-12-28T00:00:00Z,150440.6708137267,97947.18537218879,52493.48544153791,0.0019687455832507962
2023-12-29T00:00:00Z,149519.82709233928,97947.18537218879,51572.641720150496,0.008077670845329673
2023-12-30T00:00:00Z,148748.04012351402,97947.18537218879,50800.85475132522,0.013197745838832703
2023-12-31T00:00:00Z,148722.60855642555,97947.18537218879,50775.423184236766,0.013366460180943783
2024-01-01T00:00:00Z,148720.47647538915,97947.18537218879,50773.29110320036,0.013380604517709662
2024-01-02T00:00:00Z,149361.2931078307,126224.76432239298,23136.528785437702,0.009129393564797667
2024-01-03T00:00:00Z,149398.8766849528,126224.76432239298,23174.11236255982,0.008880062154496495
2024-01-04T00:00:00Z,145253.64126483133,145253.64126483133,0.0,0.03637977007137374
2024-01-05T00:00:00Z,145253.64126483133,145253.64126483133,0.0,0.03637977007137374
2024-01-06T00:00:00Z,145253.64126483133,145253.64126483133,0.0,0.03637977007137374
2024-01-07T00:00:00Z,145253.64126483133,145253.64126483133,0.0,0.03637977007137374
2024-01-08T00:00:00Z,145253.64126483133,145253.64126483133,0.0,0.03637977007137374
2024-01-09T00:00:00Z,145253.64126483133,145253.64126483133,0.0,0.03637977007137374
2024-01-10T00:00:00Z,144919.2349188491,127837.99536675995,17081.239552089155,0.03859823920714885
2024-01-11T00:00:00Z,145114.80127391935,127837.99536675995,17276.80590715939,0.037300841810442624
2024-01-12T00:00:00Z,145167.62438502294,113101.50874817403,32066.115636848903,0.036950410537092464
2024-01-13T00:00:00Z,143383.31830929025,129023.30939194564,14360.008917344601,0.048787590080328305
2024-01-14T00:00:00Z,143701.62245607862,129023.30939194564,14678.31306413298,0.04667594377360187
2024-01-15T00:00:00Z,143105.9479277569,129023.30939194564,14082.638535811247,0.05062767965399508
2024-01-16T00:00:00Z,143323.76793591506,129023.30939194564,14300.458543969418,0.049182650362359415
2024-01-17T00:00:00Z,143755.36581407688,129023.30939194564,14732.056422131234,0.04631940753436915
2024-01-18T00:00:00Z,143428.4650072697,129023.30939194564,14405.155615324067,0.04848808453190521
2024-01-19T00:00:00Z,143091.54425236117,129023.30939194564,14068.234860415527,0.050723234387603094
2024-01-20T00:00:00Z,143211.44204043777,129023.30939194564,14188.132648492137,0.0499278262098235
2024-01-21T00:00:00Z,143097.4651307847,129023.30939194564,14074.155738839063,0.05068395497141653
2024-01-22T00:00:00Z,143009.1643381414,129023.30939194564,13985.85494619575,0.051269747033969276
2024-01-23T00:00:00Z,142292.78541996708,142292.78541996708,0.0,0.05602224213038159
2024-01-24T00:00:00Z,142292.78541996708,142292.78541996708,0.0,0.05602224213038159
2024-01-25T00:00:00Z,142292.78541996708,142292.78541996708,0.0,0.05602224213038159
2024-01-26T00:00:00Z,142292.78541996708,142292.78541996708,0.0,0.05602224213038159
2024-01-27T00:00:00Z,142292.78541996708,142292.78541996708,0.0,0.05602224213038159
2024-01-28T00:00:00Z,142292.78541996708,142292.78541996708,0.0,0.05602224213038159
2024-01-29T00:00:00Z,142292.78541996708,142292.78541996708,0.0,0.05602224213038159
2024-01-30T00:00:00Z,142292.78541996708,142292.78541996708,0.0,0.05602224213038159
2024-01-31T00:00:00Z,142292.78541996708,142292.78541996708,0.0,0.05602224213038159
2024-02-01T00:00:00Z,142292.78541996708,142292.78541996708,0.0,0.05602224213038159
2024-02-02T00:00:00Z,142292.78541996708,142292.78541996708,0.0,0.05602224213038159
2024-02-03T00:00:00Z,142292.78541996708,142292.78541996708,0.0,0.05602224213038159
2024-02-04T00:00:00Z,142292.78541996708,142292.78541996708,0.0,0.05602224213038159
2024-02-05T00:00:00Z,142292.78541996708,142292.78541996708,0.0,0.05602224213038159
2024-02-06T00:00:00Z,142292.78541996708,142292.78541996708,0.0,0.05602224213038159
2024-02-07T00:00:00Z,142292.78541996708,142292.78541996708,0.0,0.05602224213038159
2024-02-08T00:00:00Z,142292.78541996708,142292.78541996708,0.0,0.05602224213038159
2024-02-09T00:00:00Z,142292.78541996708,142292.78541996708,0.0,0.05602224213038159
2024-02-10T00:00:00Z,142292.78541996708,142292.78541996708,0.0,0.05602224213038159
2024-02-11T00:00:00Z,142592.1953334999,125996.70789363595,16595.48743986396,0.05403594115225075
2024-02-12T00:00:00Z,142287.02194998256,125996.70789363595,16290.314056346604,0.05606047729077627
2024-02-13T00:00:00Z,142820.1728473302,125996.70789363595,16823.464953694256,0.05252352643835611
2024-02-14T00:00:00Z,142389.03722438193,125996.70789363595,16392.32933074599,0.05538370264115685
2024-02-15T00:00:00Z,143350.04457484314,125996.70789363595,17353.336681207187,0.04900832976960087
2024-02-16T00:00:00Z,144305.06518404646,125996.70789363595,18308.357290410506,0.04267267325170885
2024-02-17T00:00:00Z,144007.20224337163,125996.70789363595,18010.494349735687,0.044648711531237915
2024-02-18T00:00:00Z,144330.96761732805,125996.70789363595,18334.259723692096,0.042500835158720815
2024-02-19T00:00:00Z,144627.3865199105,125996.70789363595,18630.67862627456,0.04053437670319115
2024-02-20T00:00:00Z,144977.0242430216,125996.70789363595,18980.31634938563,0.03821486181735264
2024-02-21T00:00:00Z,144709.75685942848,125996.70789363595,18713.04896579255,0.03998792757589598
2024-02-22T00:00:00Z,144009.96998304865,125996.70789363595,18013.2620894127,0.044630350201905825
2024-02-23T00:00:00Z,143621.58390445943,125996.70789363595,17624.87601082348,0.047206923698392994
2024-02-24T00:00:00Z,143523.0283046563,125996.70789363595,17526.32041102036,0.04786074668634754
2024-02-25T00:00:00Z,143944.59717524273,125996.70789363595,17947.889281606782,0.04506403681754231
2024-02-26T00:00:00Z,143790.6867818994,125996.70789363595,17793.97888826345,0.04608508639213787
2024-02-27T00:00:00Z,144625.22046277198,125996.70789363595,18628.51256913603,0.04054874643919014
2024-02-28T00:00:00Z,145853.51983499067,102079.45683189982,43774.063003090865,0.03240014435822364
2024-02-29T00:00:00Z,148367.2706352891,102079.45683189982,46287.81380338928,0.01572379047770074
2024-03-01T00:00:00Z,148584.47464256507,102079.45683189982,46505.01781066525,0.014282847768036972
2024-03-02T00:00:00Z,151072.3299717112,102079.45683189982,48992.87313981139,0.0
2024-03-03T00:00:00Z,151564.42169185617,102079.45683189982,49484.96485995635,0.0
2024-03-04T00:00:00Z,151648.00935546367,102079.45683189982,49568.55252356386,0.0
2024-03-05T00:00:00Z,155168.18276886403,102079.45683189982,53088.7259369642,0.0
2024-03-06T00:00:00Z,150839.74993257516,102079.45683189982,48760.29310067532,0.02789510554967599
2024-03-07T00:00:00Z,153159.03109187452,102079.45683189982,51079.57425997472,0.012948219416749302
2024-03-08T00:00:00Z,153715.91491268502,102079.45683189982,51636.458080785196,0.009359314714294768
2024-03-09T00:00:00Z,153685.73097124262,102079.45683189982,51606.2741393428,0.009553838752043953
2024-03-10T00:00:00Z,154339.42391367123,102079.45683189982,52259.96708177142,0.005341036032027978
2024-03-11T00:00:00Z,153865.5330265293,102079.45683189982,51786.076194629466,0.008395082800416226
2024-03-12T00:00:00Z,155208.07249081883,123604.72463940858,31603.347851410253,0.0
2024-03-13T00:00:00Z,154929.4599049372,123604.72463940858,31324.73526552861,0.001795090818476073
2024-03-14T00:00:00Z,155643.24299081272,123604.72463940858,32038.51835140415,0.0
2024-03-15T00:00:00Z,154902.2343477645,123604.72463940858,31297.50970835591,0.004760943223805568
2024-03-16T00:00:00Z,154071.08762815094,123604.72463940858,30466.36298874235,0.010101019051335132
2024-03-17T00:00:00Z,152236.80407493265,123604.72463940858,28632.07943552408,0.021886198529551017
2024-03-18T00:00:00Z,153590.45351658203,123604.72463940858,29985.72887717343,0.01318906901953892
2024-03-19T00:00:00Z,153248.53383801537,123604.72463940858,29643.8091986068,0.015385885739599424
2024-03-20T00:00:00Z,150756.54044791334,123604.72463940858,27151.815808504754,0.03139681780588337
2024-03-21T00:00:00Z,150715.82630010849,150715.82630010849,0.0,0.03165840415568245
2024-03-22T00:00:00Z,150715.82630010849,150715.82630010849,0.0,0.03165840415568245
2024-03-23T00:00:00Z,150715.82630010849,150715.82630010849,0.0,0.03165840415568245
2024-03-24T00:00:00Z,150715.82630010849,150715.82630010849,0.0,0.03165840415568245
2024-03-25T00:00:00Z,150715.82630010849,150715.82630010849,0.0,0.03165840415568245
2024-03-26T00:00:00Z,150715.82630010849,150715.82630010849,0.0,0.03165840415568245
2024-03-27T00:00:00Z,150715.82630010849,150715.82630010849,0.0,0.03165840415568245
2024-03-28T00:00:00Z,150715.82630010849,150715.82630010849,0.0,0.03165840415568245
2024-03-29T00:00:00Z,150715.82630010849,150715.82630010849,0.0,0.03165840415568245
2024-03-30T00:00:00Z,150715.82630010849,150715.82630010849,0.0,0.03165840415568245
2024-03-31T00:00:00Z,150715.82630010849,150715.82630010849,0.0,0.03165840415568245
2024-04-01T00:00:00Z,150715.82630010849,150715.82630010849,0.0,0.03165840415568245
2024-04-02T00:00:00Z,150715.82630010849,150715.82630010849,0.0,0.03165840415568245
2024-04-03T00:00:00Z,150715.82630010849,150715.82630010849,0.0,0.03165840415568245
2024-04-04T00:00:00Z,150715.82630010849,150715.82630010849,0.0,0.03165840415568245
2024-04-05T00:00:00Z,150715.82630010849,150715.82630010849,0.0,0.03165840415568245
2024-04-06T00:00:00Z,150715.82630010849,150715.82630010849,0.0,0.03165840415568245
2024-04-07T00:00:00Z,150715.82630010849,150715.82630010849,0.0,0.03165840415568245
2024-04-08T00:00:00Z,150715.82630010849,150715.82630010849,0.0,0.03165840415568245
2024-04-09T00:00:00Z,150715.82630010849,150715.82630010849,0.0,0.03165840415568245
2024-04-10T00:00:00Z,150715.82630010849,150715.82630010849,0.0,0.03165840415568245
2024-04-11T00:00:00Z,150715.82630010849,150715.82630010849,0.0,0.03165840415568245
2024-04-12T00:00:00Z,150715.82630010849,150715.82630010849,0.0,0.03165840415568245
2024-04-13T00:00:00Z,150715.82630010849,150715.82630010849,0.0,0.03165840415568245
2024-04-14T00:00:00Z,150715.82630010849,150715.82630010849,0.0,0.03165840415568245
2024-04-15T00:00:00Z,150715.82630010849,150715.82630010849,0.0,0.03165840415568245
2024-04-16T00:00:00Z,150715.82630010849,150715.82630010849,0.0,0.03165840415568245
2024-04-17T00:00:00Z,150715.82630010849,150715.82630010849,0.0,0.03165840415568245
2024-04-18T00:00:00Z,150715.82630010849,150715.82630010849,0.0,0.03165840415568245
2024-04-19T00:00:00Z,150715.82630010849,150715.82630010849,0.0,0.03165840415568245
2024-04-20T00:00:00Z,150715.82630010849,150715.82630010849,0.0,0.03165840415568245
2024-04-21T00:00:00Z,150715.82630010849,150715.82630010849,0.0,0.03165840415568245
2024-04-22T00:00:00Z,150715.82630010849,150715.82630010849,0.0,0.03165840415568245
2024-04-23T00:00:00Z,150715.82630010849,150715.82630010849,0.0,0.03165840415568245
2024-04-24T00:00:00Z,150715.82630010849,150715.82630010849,0.0,0.03165840415568245
2024-04-25T00:00:00Z,150715.82630010849,150715.82630010849,0.0,0.03165840415568245
2024-04-26T00:00:00Z,150715.82630010849,150715.82630010849,0.0,0.03165840415568245
2024-04-27T00:00:00Z,150715.82630010849,150715.82630010849,0.0,0.03165840415568245
2024-04-28T00:00:00Z,150715.82630010849,150715.82630010849,0.0,0.03165840415568245
2024-04-29T00:00:00Z,150715.82630010849,150715.82630010849,0.0,0.03165840415568245
2024-04-30T00:00:00Z,150715.82630010849,150715.82630010849,0.0,0.03165840415568245
2024-05-01T00:00:00Z,150715.82630010849,150715.82630010849,0.0,0.03165840415568245
2024-05-02T00:00:00Z,150715.82630010849,150715.82630010849,0.0,0.03165840415568245
2024-05-03T00:00:00Z,150715.82630010849,150715.82630010849,0.0,0.03165840415568245
2024-05-04T00:00:00Z,150715.82630010849,150715.82630010849,0.0,0.03165840415568245
2024-05-05T00:00:00Z,150715.82630010849,150715.82630010849,0.0,0.03165840415568245
2024-05-06T00:00:00Z,150715.82630010849,150715.82630010849,0.0,0.03165840415568245
2024-05-07T00:00:00Z,150715.82630010849,150715.82630010849,0.0,0.03165840415568245
2024-05-08T00:00:00Z,150715.82630010849,150715.82630010849,0.0,0.03165840415568245
2024-05-09T00:00:00Z,150715.82630010849,150715.82630010849,0.0,0.03165840415568245
2024-05-10T00:00:00Z,150715.82630010849,150715.82630010849,0.0,0.03165840415568245
2024-05-11T00:00:00Z,150715.82630010849,150715.82630010849,0.0,0.03165840415568245
2024-05-12T00:00:00Z,150715.82630010849,150715.82630010849,0.0,0.03165840415568245
2024-05-13T00:00:00Z,150715.82630010849,150715.82630010849,0.0,0.03165840415568245
2024-05-14T00:00:00Z,150715.82630010849,150715.82630010849,0.0,0.03165840415568245
2024-05-15T00:00:00Z,150715.82630010849,150715.82630010849,0.0,0.03165840415568245
2024-05-16T00:00:00Z,150715.82630010849,150715.82630010849,0.0,0.03165840415568245
2024-05-17T00:00:00Z,150405.51591698726,131529.15917078467,18876.356746202604,0.03365213274394849
2024-05-18T00:00:00Z,150920.95931716362,131529.15917078467,19391.800146378966,0.030340434848995318
2024-05-19T00:00:00Z,150890.54890885638,131529.15917078467,19361.389738071714,0.03053582019128763
2024-05-20T00:00:00Z,150704.03559587014,131529.15917078467,19174.876425085477,0.03173415883678377
2024-05-21T00:00:00Z,152188.9084155766,131529.15917078467,20659.74924479191,0.02219392572949689
2024-05-22T00:00:00Z,152432.28019170818,113431.83132604978,39000.448865658385,0.020630274320961546
2024-05-23T00:00:00Z,151892.06162576715,113431.83132604978,38460.230299717354,0.024101151408590205
2024-05-24T00:00:00Z,151771.17034982392,113431.83132604978,38339.33902377414,0.02487787176997694
2024-05-25T00:00:00Z,151669.31458711473,113431.83132604978,38237.48326106493,0.025532289917221576
2024-05-26T00:00:00Z,151986.08648930927,113431.83132604978,38554.25516325947,0.023497046394229473
2024-05-27T00:00:00Z,152136.38546616206,113431.83132604978,38704.55414011229,0.022531383035096924
2024-05-28T00:00:00Z,152738.5653986076,113431.83132604978,39306.73407255783,0.01866240728726382
2024-05-29T00:00:00Z,152193.33769700877,113431.83132604978,38761.506370958996,0.02216546781929745
2024-05-30T00:00:00Z,151599.81753070868,113431.83132604978,38167.98620465891,0.025978805005641776
2024-05-31T00:00:00Z,151705.6423866693,113431.83132604978,38273.811060619504,0.025298885634089868
2024-06-01T00:00:00Z,151535.2429300499,113431.83132604978,38103.41160400012,0.026393693563718137
2024-06-02T00:00:00Z,151868.25271397905,113431.83132604978,38436.42138792928,0.0242541224681145
2024-06-03T00:00:00Z,151698.5043759866,113431.83132604978,38266.67304993683,0.025344746993346594
2024-06-04T00:00:00Z,151932.1010036908,113431.83132604978,38500.269677641,0.023843900421305065
2024-06-05T00:00:00Z,152642.8991161232,113431.83132604978,39211.06779007343,0.019277058335687696
2024-06-06T00:00:00Z,153083.86435146705,113431.83132604978,39652.03302541728,0.016443878900009447
2024-06-07T00:00:00Z,152738.2776991159,113431.83132604978,39306.44637306611,0.01866425574201321
2024-06-08T00:00:00Z,151647.93950710192,113431.83132604978,38216.108181052135,0.02566962373012642
2024-06-09T00:00:00Z,151653.19927357353,113431.83132604978,38221.36794752373,0.025635829995361386
2024-06-10T00:00:00Z,151872.87461656862,113431.83132604978,38441.04329051882,0.024224426976676802
2024-06-11T00:00:00Z,151654.47840325008,113431.83132604978,38222.647077200294,0.02562761165159027
2024-06-12T00:00:00Z,150166.938009204,113431.83132604978,36735.1066831542,0.03518498378970415
2024-06-13T00:00:00Z,150418.74390992257,130665.54890173813,19753.19500818444,0.03356714355533275
2024-06-14T00:00:00Z,149985.1568799662,130665.54890173813,19319.607978228072,0.036352918392869145
2024-06-15T00:00:00Z,149957.86282605043,149957.86282605043,0.0,0.03652828131509625
2024-06-16T00:00:00Z,149957.86282605043,149957.86282605043,0.0,0.03652828131509625
2024-06-17T00:00:00Z,149957.86282605043,149957.86282605043,0.0,0.03652828131509625
2024-06-18T00:00:00Z,149957.86282605043,149957.86282605043,0.0,0.03652828131509625
2024-06-19T00:00:00Z,149957.86282605043,149957.86282605043,0.0,0.03652828131509625
2024-06-20T00:00:00Z,149957.86282605043,149957.86282605043,0.0,0.03652828131509625
2024-06-21T00:00:00Z,149957.86282605043,149957.86282605043,0.0,0.03652828131509625
2024-06-22T00:00:00Z,149957.86282605043,149957.86282605043,0.0,0.03652828131509625
2024-06-23T00:00:00Z,149957.86282605043,149957.86282605043,0.0,0.03652828131509625
2024-06-24T00:00:00Z,149957.86282605043,149957.86282605043,0.0,0.03652828131509625
2024-06-25T00:00:00Z,149957.86282605043,149957.86282605043,0.0,0.03652828131509625
2024-06-26T00:00:00Z,149957.86282605043,149957.86282605043,0.0,0.03652828131509625
2024-06-27T00:00:00Z,149957.86282605043,149957.86282605043,0.0,0.03652828131509625
2024-06-28T00:00:00Z,149957.86282605043,149957.86282605043,0.0,0.03652828131509625
2024-06-29T00:00:00Z,149957.86282605043,149957.86282605043,0.0,0.03652828131509625
2024-06-30T00:00:00Z,149957.86282605043,149957.86282605043,0.0,0.03652828131509625
2024-07-01T00:00:00Z,149957.86282605043,149957.86282605043,0.0,0.03652828131509625
2024-07-02T00:00:00Z,149957.86282605043,149957.86282605043,0.0,0.03652828131509625
2024-07-03T00:00:00Z,149957.86282605043,149957.86282605043,0.0,0.03652828131509625
2024-07-04T00:00:00Z,149957.86282605043,149957.86282605043,0.0,0.03652828131509625
2024-07-05T00:00:00Z,149957.86282605043,149957.86282605043,0.0,0.03652828131509625
2024-07-06T00:00:00Z,149957.86282605043,149957.86282605043,0.0,0.03652828131509625
2024-07-07T00:00:00Z,149957.86282605043,149957.86282605043,0.0,0.03652828131509625
2024-07-08T00:00:00Z,149957.86282605043,149957.86282605043,0.0,0.03652828131509625
2024-07-09T00:00:00Z,149957.86282605043,149957.86282605043,0.0,0.03652828131509625
2024-07-10T00:00:00Z,149957.86282605043,149957.86282605043,0.0,0.03652828131509625
2024-07-11T00:00:00Z,149957.86282605043,149957.86282605043,0.0,0.03652828131509625
2024-07-12T00:00:00Z,149957.86282605043,149957.86282605043,0.0,0.03652828131509625
2024-07-13T00:00:00Z,149957.86282605043,149957.86282605043,0.0,0.03652828131509625
2024-07-14T00:00:00Z,149957.86282605043,149957.86282605043,0.0,0.03652828131509625
2024-07-15T00:00:00Z,149957.86282605043,149957.86282605043,0.0,0.03652828131509625
2024-07-16T00:00:00Z,149957.86282605043,149957.86282605043,0.0,0.03652828131509625
2024-07-17T00:00:00Z,150020.82741064296,132350.5576626407,17670.269748002254,0.036123737029185664
2024-07-18T00:00:00Z,149758.49771414456,132350.5576626407,17407.940051503854,0.03780919212159779
2024-07-19T00:00:00Z,149732.7455600304,132350.5576626407,17382.18789738969,0.03797464841523003
2024-07-20T00:00:00Z,150456.7668296557,132350.5576626407,18106.209167015022,0.033322848210398444
2024-07-21T00:00:00Z,150584.16936425006,132350.5576626407,18233.611701609356,0.03250429334000248
2024-07-22T00:00:00Z,150869.0186132386,132350.5576626407,18518.460950597888,0.030674151256639835
2024-07-23T00:00:00Z,150696.7671267007,132350.5576626407,18346.20946406,0.0317808583852497
2024-07-24T00:00:00Z,150261.83280231053,132350.5576626407,17911.275139669833,0.03457528952169063
2024-07-25T00:00:00Z,150112.50833905573,132350.5576626407,17761.95067641502,0.03553469168002021
2024-07-26T00:00:00Z,150223.856524408,132350.5576626407,17873.2988617673,0.03481928519521152
2024-07-27T00:00:00Z,150798.74348381523,132350.5576626407,18448.18582117453,0.031125665425022386
2024-07-28T00:00:00Z,150799.66708427924,132350.5576626407,18449.10942163854,0.031119731338541897
2024-07-29T00:00:00Z,150889.63663536165,132350.5576626407,18539.078972720934,0.030541681502560772
2024-07-30T00:00:00Z,150491.86364728812,132350.5576626407,18141.30598464741,0.033097352924139976
2024-07-31T00:00:00Z,150330.831189916,132350.5576626407,17980.273527275294,0.03413197835520749
2024-08-01T00:00:00Z,149908.06665987513,132350.5576626407,17557.508997234432,0.036848219175670424
2024-08-02T00:00:00Z,150102.7833694641,132350.5576626407,17752.22570682339,0.03559717412002051
2024-08-03T00:00:00Z,149055.17596080084,132350.5576626407,16704.61829816016,0.0423279989764847
2024-08-04T00:00:00Z,149030.12738566275,149030.12738566275,0.0,0.04248893481061898
2024-08-05T00:00:00Z,149030.12738566275,149030.12738566275,0.0,0.04248893481061898
2024-08-06T00:00:00Z,149030.12738566275,149030.12738566275,0.0,0.04248893481061898
2024-08-07T00:00:00Z,149030.12738566275,149030.12738566275,0.0,0.04248893481061898
2024-08-08T00:00:00Z,149030.12738566275,149030.12738566275,0.0,0.04248893481061898
2024-08-09T00:00:00Z,149030.12738566275,149030.12738566275,0.0,0.04248893481061898
2024-08-10T00:00:00Z,149030.12738566275,149030.12738566275,0.0,0.04248893481061898
2024-08-11T00:00:00Z,149030.12738566275,149030.12738566275,0.0,0.04248893481061898
2024-08-12T00:00:00Z,149030.12738566275,149030.12738566275,0.0,0.04248893481061898
2024-08-13T00:00:00Z,149030.12738566275,149030.12738566275,0.0,0.04248893481061898
2024-08-14T00:00:00Z,149030.12738566275,149030.12738566275,0.0,0.04248893481061898
2024-08-15T00:00:00Z,149030.12738566275,149030.12738566275,0.0,0.04248893481061898
2024-08-16T00:00:00Z,149030.12738566275,149030.12738566275,0.0,0.04248893481061898
2024-08-17T00:00:00Z,149030.12738566275,149030.12738566275,0.0,0.04248893481061898
2024-08-18T00:00:00Z,149030.12738566275,149030.12738566275,0.0,0.04248893481061898
2024-08-19T00:00:00Z,149030.12738566275,149030.12738566275,0.0,0.04248893481061898
2024-08-20T00:00:00Z,149030.12738566275,149030.12738566275,0.0,0.04248893481061898
2024-08-21T00:00:00Z,149030.12738566275,149030.12738566275,0.0,0.04248893481061898
2024-08-22T00:00:00Z,149030.12738566275,149030.12738566275,0.0,0.04248893481061898
2024-08-23T00:00:00Z,149030.12738566275,149030.12738566275,0.0,0.04248893481061898
2024-08-24T00:00:00Z,149030.12738566275,149030.12738566275,0.0,0.04248893481061898
2024-08-25T00:00:00Z,149034.0353932432,131386.8929963807,17647.142396862506,0.04246382605867227
2024-08-26T00:00:00Z,149053.09887236368,131386.8929963807,17666.205875983,0.042341344165117666
2024-08-27T00:00:00Z,148670.59140169923,131386.8929963807,17283.698405318533,0.04479893540592104
2024-08-28T00:00:00Z,147498.00560941943,147498.00560941943,0.0,0.05233274008479821
2024-08-29T00:00:00Z,147498.00560941943,147498.00560941943,0.0,0.05233274008479821
2024-08-30T00:00:00Z,147498.00560941943,147498.00560941943,0.0,0.05233274008479821
2024-08-31T00:00:00Z,147498.00560941943,147498.00560941943,0.0,0.05233274008479821
2024-09-01T00:00:00Z,147498.00560941943,147498.00560941943,0.0,0.05233274008479821
2024-09-02T00:00:00Z,147498.00560941943,147498.00560941943,0.0,0.05233274008479821
2024-09-03T00:00:00Z,147498.00560941943,147498.00560941943,0.0,0.05233274008479821
2024-09-04T00:00:00Z,147498.00560941943,147498.00560941943,0.0,0.05233274008479821
2024-09-05T00:00:00Z,147498.00560941943,147498.00560941943,0.0,0.05233274008479821
2024-09-06T00:00:00Z,147498.00560941943,147498.00560941943,0.0,0.05233274008479821
2024-09-07T00:00:00Z,147498.00560941943,147498.00560941943,0.0,0.05233274008479821
2024-09-08T00:00:00Z,147498.00560941943,147498.00560941943,0.0,0.05233274008479821
2024-09-09T00:00:00Z,147498.00560941943,147498.00560941943,0.0,0.05233274008479821
2024-09-10T00:00:00Z,147498.00560941943,147498.00560941943,0.0,0.05233274008479821
2024-09-11T00:00:00Z,147498.00560941943,147498.00560941943,0.0,0.05233274008479821
2024-09-12T00:00:00Z,147498.00560941943,147498.00560941943,0.0,0.05233274008479821
2024-09-13T00:00:00Z,147498.00560941943,147498.00560941943,0.0,0.05233274008479821
2024-09-14T00:00:00Z,147498.00560941943,147498.00560941943,0.0,0.05233274008479821
2024-09-15T00:00:00Z,147498.00560941943,147498.00560941943,0.0,0.05233274008479821
2024-09-16T00:00:00Z,147498.00560941943,147498.00560941943,0.0,0.05233274008479821
2024-09-17T00:00:00Z,147498.00560941943,147498.00560941943,0.0,0.05233274008479821
2024-09-18T00:00:00Z,147498.00560941943,147498.00560941943,0.0,0.05233274008479821
2024-09-19T00:00:00Z,147498.00560941943,147498.00560941943,0.0,0.05233274008479821
2024-09-20T00:00:00Z,147844.42677174468,128070.55698463478,19773.86978710991,0.05010700155822628
2024-09-21T00:00:00Z,147924.55833854477,128070.55698463478,19854.00135390999,0.04959216027594318
2024-09-22T00:00:00Z,147967.9066577075,128070.55698463478,19897.349673072713,0.04931364950779317
2024-09-23T00:00:00Z,148040.90774012357,128070.55698463478,19970.35075548878,0.048844621228676804
2024-09-24T00:00:00Z,147964.10582682438,128070.55698463478,19893.548842189604,0.04933806965485566
2024-09-25T00:00:00Z,148258.84298530544,128070.55698463478,20188.28600067065,0.04744439825083295
2024-09-26T00:00:00Z,147908.50689572436,128070.55698463478,19837.94991108959,0.049695289987917585
2024-09-27T00:00:00Z,148540.23011795737,128070.55698463478,20469.673133322598,0.04563650009062474
2024-09-28T00:00:00Z,148730.36589758925,128070.55698463478,20659.80891295446,0.044414887279311754
2024-09-29T00:00:00Z,148752.41699907638,128070.55698463478,20681.860014441587,0.04427321006247022
2024-09-30T00:00:00Z,148676.0862631594,128070.55698463478,20605.529278524613,0.04476363119769081
2024-10-01T00:00:00Z,147963.66606126766,128070.55698463478,19893.10907663288,0.049340895126416554
2024-10-02T00:00:00Z,147173.97276869454,128070.55698463478,19103.415784059773,0.05441463477227922
2024-10-03T00:00:00Z,147144.88809059808,147144.88809059808,0.0,0.05460150236471419
2024-10-04T00:00:00Z,147144.88809059808,147144.88809059808,0.0,0.05460150236471419
2024-10-05T00:00:00Z,147144.88809059808,147144.88809059808,0.0,0.05460150236471419
2024-10-06T00:00:00Z,147144.88809059808,147144.88809059808,0.0,0.05460150236471419
2024-10-07T00:00:00Z,147144.88809059808,147144.88809059808,0.0,0.05460150236471419
2024-10-08T00:00:00Z,147144.88809059808,147144.88809059808,0.0,0.05460150236471419
2024-10-09T00:00:00Z,147144.88809059808,147144.88809059808,0.0,0.05460150236471419
2024-10-10T00:00:00Z,147144.88809059808,147144.88809059808,0.0,0.05460150236471419
2024-10-11T00:00:00Z,147144.88809059808,147144.88809059808,0.0,0.05460150236471419
2024-10-12T00:00:00Z,147144.88809059808,147144.88809059808,0.0,0.05460150236471419
2024-10-13T00:00:00Z,147144.88809059808,147144.88809059808,0.0,0.05460150236471419
2024-10-14T00:00:00Z,147144.88809059808,147144.88809059808,0.0,0.05460150236471419
2024-10-15T00:00:00Z,147144.88809059808,147144.88809059808,0.0,0.05460150236471419
2024-10-16T00:00:00Z,147144.88809059808,147144.88809059808,0.0,0.05460150236471419
2024-10-17T00:00:00Z,147144.88809059808,147144.88809059808,0.0,0.05460150236471419
2024-10-18T00:00:00Z,147144.88809059808,147144.88809059808,0.0,0.05460150236471419
2024-10-19T00:00:00Z,147144.88809059808,147144.88809059808,0.0,0.05460150236471419
2024-10-20T00:00:00Z,147144.88809059808,147144.88809059808,0.0,0.05460150236471419
2024-10-21T00:00:00Z,147144.88809059808,147144.88809059808,0.0,0.05460150236471419
2024-10-22T00:00:00Z,147144.88809059808,147144.88809059808,0.0,0.05460150236471419
2024-10-23T00:00:00Z,147144.88809059808,147144.88809059808,0.0,0.05460150236471419
2024-10-24T00:00:00Z,147144.88809059808,147144.88809059808,0.0,0.05460150236471419
2024-10-25T00:00:00Z,147144.88809059808,147144.88809059808,0.0,0.05460150236471419
2024-10-26T00:00:00Z,147144.88809059808,147144.88809059808,0.0,0.05460150236471419
2024-10-27T00:00:00Z,147144.88809059808,147144.88809059808,0.0,0.05460150236471419
2024-10-28T00:00:00Z,147144.88809059808,147144.88809059808,0.0,0.05460150236471419
2024-10-29T00:00:00Z,147144.88809059808,147144.88809059808,0.0,0.05460150236471419
2024-10-30T00:00:00Z,148168.43139215838,120275.1010435532,27893.33034860518,0.04802528818482382
2024-10-31T00:00:00Z,148018.90867625046,120275.1010435532,27743.807632697255,0.04898596410646822
2024-11-01T00:00:00Z,147233.75143452207,120275.1010435532,26958.650390968876,0.05403055985403136
2024-11-02T00:00:00Z,146925.80903679426,120275.1010435532,26650.70799324108,0.05600907425536636
2024-11-03T00:00:00Z,146880.40383145062,120275.1010435532,26605.30278789741,0.0563008004136701
2024-11-04T00:00:00Z,146648.27738892927,120275.1010435532,26373.176345376072,0.05779220111993171
2024-11-05T00:00:00Z,146297.65256421876,120275.1010435532,26022.55152066558,0.06004494796568593
2024-11-06T00:00:00Z,146879.6752006216,120275.1010435532,26604.57415706841,0.05630548183006197
2024-11-07T00:00:00Z,149259.92037399256,120275.1010435532,28984.81933043936,0.04101252643005491
2024-11-08T00:00:00Z,149368.71646145877,120275.1010435532,29093.61541790558,0.040313517045673014
2024-11-09T00:00:00Z,149614.72523872202,120275.1010435532,29339.624195168817,0.03873292303763262
2024-11-10T00:00:00Z,149682.67965077353,120275.1010435532,29407.578607220337,0.0382963193615224
2024-11-11T00:00:00Z,151092.15846597744,120275.1010435532,30817.057422424237,0.029240488937280276
2024-11-12T00:00:00Z,154266.5345449707,120275.1010435532,33991.4335014175,0.008845282450991417
2024-11-13T00:00:00Z,153998.0149099906,120275.1010435532,33722.91386643742,0.01057050758650178
2024-11-14T00:00:00Z,154933.1550555189,120275.1010435532,34658.054011965716,0.0045622792332574045
2024-11-15T00:00:00Z,153762.36036029732,120275.1010435532,33487.25931674411,0.01208457620371243
2024-11-16T00:00:00Z,155188.9044764961,120275.1010435532,34913.80343294289,0.0029191020797699643
2024-11-17T00:00:00Z,155009.00935971638,120275.1010435532,34733.90831616318,0.004074919147847499
2024-11-18T00:00:00Z,154733.28011442834,120275.1010435532,34458.17907087515,0.005846465666602002
2024-11-19T00:00:00Z,154967.78419439166,120275.1010435532,34692.68315083847,0.004339788759483357
2024-11-20T00:00:00Z,155668.19016601064,120275.1010435532,35393.08912245746,0.0
2024-11-21T00:00:00Z,156432.44720764417,120275.1010435532,36157.34616409098,0.0
2024-11-22T00:00:00Z,157978.67852475308,120275.1010435532,37703.5774811999,0.0
2024-11-23T00:00:00Z,158198.9551290555,120275.1010435532,37923.854085502324,0.0
2024-11-24T00:00:00Z,157735.96776071584,120275.1010435532,37460.866717162644,0.002926614578218781
2024-11-25T00:00:00Z,157815.65696401327,120275.1010435532,37540.55592046007,0.002422886830886825
2024-11-26T00:00:00Z,155939.2791833877,120275.1010435532,35664.17813983451,0.01428376024243911
2024-11-27T00:00:00Z,155540.18123405357,120275.1010435532,35265.080190500375,0.016806519947195397
2024-11-28T00:00:00Z,157034.25792340285,120275.1010435532,36759.15687984967,0.007362230709441292
2024-11-29T00:00:00Z,156979.13756766153,156979.13756766153,0.0,0.007710654981247376
2024-11-30T00:00:00Z,156979.13756766153,156979.13756766153,0.0,0.007710654981247376
2024-12-01T00:00:00Z,156979.13756766153,156979.13756766153,0.0,0.007710654981247376
2024-12-02T00:00:00Z,156979.13756766153,156979.13756766153,0.0,0.007710654981247376
2024-12-03T00:00:00Z,156979.13756766153,156979.13756766153,0.0,0.007710654981247376
2024-12-04T00:00:00Z,156979.13756766153,156979.13756766153,0.0,0.007710654981247376
2024-12-05T00:00:00Z,156979.13756766153,156979.13756766153,0.0,0.007710654981247376
2024-12-06T00:00:00Z,156979.13756766153,156979.13756766153,0.0,0.007710654981247376
2024-12-07T00:00:00Z,156979.13756766153,156979.13756766153,0.0,0.007710654981247376
2024-12-08T00:00:00Z,156944.12406175814,142029.39450684786,14914.729554910284,0.007931980753436133
2024-12-09T00:00:00Z,156973.53423922625,142029.39450684786,14944.139732378384,0.007746074484686594
2024-12-10T00:00:00Z,155374.37054092548,155374.37054092548,0.0,0.01785463491731532
2024-12-11T00:00:00Z,155374.37054092548,155374.37054092548,0.0,0.01785463491731532
2024-12-12T00:00:00Z,155374.37054092548,155374.37054092548,0.0,0.01785463491731532
2024-12-13T00:00:00Z,155374.37054092548,155374.37054092548,0.0,0.01785463491731532
2024-12-14T00:00:00Z,155374.37054092548,155374.37054092548,0.0,0.01785463491731532
2024-12-15T00:00:00Z,155374.37054092548,155374.37054092548,0.0,0.01785463491731532
2024-12-16T00:00:00Z,155374.37054092548,155374.37054092548,0.0,0.01785463491731532
2024-12-17T00:00:00Z,155374.37054092548,155374.37054092548,0.0,0.01785463491731532
2024-12-18T00:00:00Z,155362.75915621524,137639.35326400842,17723.40589220681,0.017928032271303948
2024-12-19T00:00:00Z,154369.8133800915,137639.35326400842,16730.4601160831,0.0242045956993854
2024-12-20T00:00:00Z,153778.67228291012,153778.67228291012,0.0,0.02794128976730227
2024-12-21T00:00:00Z,153778.67228291012,153778.67228291012,0.0,0.02794128976730227
2024-12-22T00:00:00Z,153778.67228291012,153778.67228291012,0.0,0.02794128976730227
2024-12-23T00:00:00Z,153778.67228291012,153778.67228291012,0.0,0.02794128976730227
2024-12-24T00:00:00Z,153778.67228291012,153778.67228291012,0.0,0.02794128976730227
2024-12-25T00:00:00Z,153778.67228291012,153778.67228291012,0.0,0.02794128976730227
2024-12-26T00:00:00Z,153778.67228291012,153778.67228291012,0.0,0.02794128976730227
2024-12-27T00:00:00Z,153778.67228291012,153778.67228291012,0.0,0.02794128976730227
2024-12-28T00:00:00Z,153778.67228291012,153778.67228291012,0.0,0.02794128976730227
2024-12-29T00:00:00Z,153778.67228291012,153778.67228291012,0.0,0.02794128976730227
2024-12-30T00:00:00Z,153778.67228291012,153778.67228291012,0.0,0.02794128976730227
2024-12-31T00:00:00Z,153778.67228291012,153778.67228291012,0.0,0.02794128976730227
