decision_time,period,metric,left_variant,right_variant,left_count,right_count,intersection_size,union_size,exact_match,jaccard,symmetric_difference_size,substitution_count,shared_slot_rate,left_only,right_only,mean_common_rank_displacement,left_liquidity,right_liquidity,liquidity_retained_ratio,left_current_seed_slots,right_current_seed_slots,left_evidence_strong_slots,right_evidence_strong_slots
2019-01-07T00:00:00+00:00,FULL,TOP_4,E10,C2,0,0,0,0,True,1.0,0,0.0,0.0,,,0.0,0,0,0.0,0,0,0,0
2019-01-07T00:00:00+00:00,FULL,TOP_6,E10,C2,0,0,0,0,True,1.0,0,0.0,0.0,,,0.0,0,0,0.0,0,0,0,0
2019-01-07T00:00:00+00:00,FULL,TOP_8,E10,C2,0,0,0,0,True,1.0,0,0.0,0.0,,,0.0,0,0,0.0,0,0,0,0
2019-01-07T00:00:00+00:00,FULL,TOP_10,E10,C2,0,0,0,0,True,1.0,0,0.0,0.0,,,0.0,0,0,0.0,0,0,0,0
2019-01-07T00:00:00+00:00,FULL,TOP_30,E10,C2,0,0,0,0,True,1.0,0,0.0,0.0,,,0.0,0,0,0.0,0,0,0,0
2019-01-07T00:00:00+00:00,FULL,HYSTERESIS,E10,C2,0,0,0,0,True,1.0,0,0.0,0.0,,,0.0,0,0,0.0,0,0,0,0
2019-01-14T00:00:00+00:00,FULL,TOP_4,E10,C2,0,0,0,0,True,1.0,0,0.0,0.0,,,0.0,0,0,0.0,0,0,0,0
2019-01-14T00:00:00+00:00,FULL,TOP_6,E10,C2,0,0,0,0,True,1.0,0,0.0,0.0,,,0.0,0,0,0.0,0,0,0,0
2019-01-14T00:00:00+00:00,FULL,TOP_8,E10,C2,0,0,0,0,True,1.0,0,0.0,0.0,,,0.0,0,0,0.0,0,0,0,0
2019-01-14T00:00:00+00:00,FULL,TOP_10,E10,C2,0,0,0,0,True,1.0,0,0.0,0.0,,,0.0,0,0,0.0,0,0,0,0
2019-01-14T00:00:00+00:00,FULL,TOP_30,E10,C2,0,0,0,0,True,1.0,0,0.0,0.0,,,0.0,0,0,0.0,0,0,0,0
2019-01-14T00:00:00+00:00,FULL,HYSTERESIS,E10,C2,0,0,0,0,True,1.0,0,0.0,0.0,,,0.0,0,0,0.0,0,0,0,0
2019-01-21T00:00:00+00:00,FULL,TOP_4,E10,C2,0,0,0,0,True,1.0,0,0.0,0.0,,,0.0,0,0,0.0,0,0,0,0
2019-01-21T00:00:00+00:00,FULL,TOP_6,E10,C2,0,0,0,0,True,1.0,0,0.0,0.0,,,0.0,0,0,0.0,0,0,0,0
2019-01-21T00:00:00+00:00,FULL,TOP_8,E10,C2,0,0,0,0,True,1.0,0,0.0,0.0,,,0.0,0,0,0.0,0,0,0,0
2019-01-21T00:00:00+00:00,FULL,TOP_10,E10,C2,0,0,0,0,True,1.0,0,0.0,0.0,,,0.0,0,0,0.0,0,0,0,0
2019-01-21T00:00:00+00:00,FULL,TOP_30,E10,C2,0,0,0,0,True,1.0,0,0.0,0.0,,,0.0,0,0,0.0,0,0,0,0
2019-01-21T00:00:00+00:00,FULL,HYSTERESIS,E10,C2,0,0,0,0,True,1.0,0,0.0,0.0,,,0.0,0,0,0.0,0,0,0,0
2019-01-28T00:00:00+00:00,FULL,TOP_4,E10,C2,2,2,2,2,True,1.0,0,0.0,1.0,,,0.0,679016.89611526,679016.89611526,1.0,0,0,2,2
2019-01-28T00:00:00+00:00,FULL,TOP_6,E10,C2,2,2,2,2,True,1.0,0,0.0,1.0,,,0.0,679016.89611526,679016.89611526,1.0,0,0,2,2
2019-01-28T00:00:00+00:00,FULL,TOP_8,E10,C2,2,2,2,2,True,1.0,0,0.0,1.0,,,0.0,679016.89611526,679016.89611526,1.0,0,0,2,2
2019-01-28T00:00:00+00:00,FULL,TOP_10,E10,C2,2,2,2,2,True,1.0,0,0.0,1.0,,,0.0,679016.89611526,679016.89611526,1.0,0,0,2,2
2019-01-28T00:00:00+00:00,FULL,TOP_30,E10,C2,2,2,2,2,True,1.0,0,0.0,1.0,,,0.0,679016.89611526,679016.89611526,1.0,0,0,2,2
2019-01-28T00:00:00+00:00,FULL,HYSTERESIS,E10,C2,2,2,2,2,True,1.0,0,0.0,1.0,,,0.0,679016.89611526,679016.89611526,1.0,0,0,2,2
2019-02-04T00:00:00+00:00,FULL,TOP_4,E10,C2,2,2,2,2,True,1.0,0,0.0,1.0,,,0.0,605466.52468438,605466.52468438,1.0,0,0,2,2
2019-02-04T00:00:00+00:00,FULL,TOP_6,E10,C2,2,2,2,2,True,1.0,0,0.0,1.0,,,0.0,605466.52468438,605466.52468438,1.0,0,0,2,2
2019-02-04T00:00:00+00:00,FULL,TOP_8,E10,C2,2,2,2,2,True,1.0,0,0.0,1.0,,,0.0,605466.52468438,605466.52468438,1.0,0,0,2,2
2019-02-04T00:00:00+00:00,FULL,TOP_10,E10,C2,2,2,2,2,True,1.0,0,0.0,1.0,,,0.0,605466.52468438,605466.52468438,1.0,0,0,2,2
2019-02-04T00:00:00+00:00,FULL,TOP_30,E10,C2,2,2,2,2,True,1.0,0,0.0,1.0,,,0.0,605466.52468438,605466.52468438,1.0,0,0,2,2
2019-02-04T00:00:00+00:00,FULL,HYSTERESIS,E10,C2,2,2,2,2,True,1.0,0,0.0,1.0,,,0.0,605466.52468438,605466.52468438,1.0,0,0,2,2
2019-02-11T00:00:00+00:00,FULL,TOP_4,E10,C2,2,2,2,2,True,1.0,0,0.0,1.0,,,0.0,478592.081972535,478592.081972535,1.0,0,0,2,2
2019-02-11T00:00:00+00:00,FULL,TOP_6,E10,C2,2,2,2,2,True,1.0,0,0.0,1.0,,,0.0,478592.081972535,478592.081972535,1.0,0,0,2,2
2019-02-11T00:00:00+00:00,FULL,TOP_8,E10,C2,2,2,2,2,True,1.0,0,0.0,1.0,,,0.0,478592.081972535,478592.081972535,1.0,0,0,2,2
2019-02-11T00:00:00+00:00,FULL,TOP_10,E10,C2,2,2,2,2,True,1.0,0,0.0,1.0,,,0.0,478592.081972535,478592.081972535,1.0,0,0,2,2
2019-02-11T00:00:00+00:00,FULL,TOP_30,E10,C2,2,2,2,2,True,1.0,0,0.0,1.0,,,0.0,478592.081972535,478592.081972535,1.0,0,0,2,2
2019-02-11T00:00:00+00:00,FULL,HYSTERESIS,E10,C2,2,2,2,2,True,1.0,0,0.0,1.0,,,0.0,478592.081972535,478592.081972535,1.0,0,0,2,2
2019-02-18T00:00:00+00:00,FULL,TOP_4,E10,C2,2,2,2,2,True,1.0,0,0.0,1.0,,,0.0,430626.17135094,430626.17135094,1.0,0,0,2,2
2019-02-18T00:00:00+00:00,FULL,TOP_6,E10,C2,2,2,2,2,True,1.0,0,0.0,1.0,,,0.0,430626.17135094,430626.17135094,1.0,0,0,2,2
2019-02-18T00:00:00+00:00,FULL,TOP_8,E10,C2,2,2,2,2,True,1.0,0,0.0,1.0,,,0.0,430626.17135094,430626.17135094,1.0,0,0,2,2
2019-02-18T00:00:00+00:00,FULL,TOP_10,E10,C2,2,2,2,2,True,1.0,0,0.0,1.0,,,0.0,430626.17135094,430626.17135094,1.0,0,0,2,2
2019-02-18T00:00:00+00:00,FULL,TOP_30,E10,C2,2,2,2,2,True,1.0,0,0.0,1.0,,,0.0,430626.17135094,430626.17135094,1.0,0,0,2,2
2019-02-18T00:00:00+00:00,FULL,HYSTERESIS,E10,C2,2,2,2,2,True,1.0,0,0.0,1.0,,,0.0,430626.17135094,430626.17135094,1.0,0,0,2,2
2019-02-25T00:00:00+00:00,FULL,TOP_4,E10,C2,2,2,2,2,True,1.0,0,0.0,1.0,,,0.0,426600.8378455505,426600.8378455505,1.0,0,0,2,2
2019-02-25T00:00:00+00:00,FULL,TOP_6,E10,C2,2,2,2,2,True,1.0,0,0.0,1.0,,,0.0,426600.8378455505,426600.8378455505,1.0,0,0,2,2
2019-02-25T00:00:00+00:00,FULL,TOP_8,E10,C2,2,2,2,2,True,1.0,0,0.0,1.0,,,0.0,426600.8378455505,426600.8378455505,1.0,0,0,2,2
2019-02-25T00:00:00+00:00,FULL,TOP_10,E10,C2,2,2,2,2,True,1.0,0,0.0,1.0,,,0.0,426600.8378455505,426600.8378455505,1.0,0,0,2,2
2019-02-25T00:00:00+00:00,FULL,TOP_30,E10,C2,2,2,2,2,True,1.0,0,0.0,1.0,,,0.0,426600.8378455505,426600.8378455505,1.0,0,0,2,2
2019-02-25T00:00:00+00:00,FULL,HYSTERESIS,E10,C2,2,2,2,2,True,1.0,0,0.0,1.0,,,0.0,426600.8378455505,426600.8378455505,1.0,0,0,2,2
2019-03-04T00:00:00+00:00,FULL,TOP_4,E10,C2,2,2,2,2,True,1.0,0,0.0,1.0,,,0.0,402445.2653792135,402445.2653792135,1.0,0,0,2,2
2019-03-04T00:00:00+00:00,FULL,TOP_6,E10,C2,2,2,2,2,True,1.0,0,0.0,1.0,,,0.0,402445.2653792135,402445.2653792135,1.0,0,0,2,2
2019-03-04T00:00:00+00:00,FULL,TOP_8,E10,C2,2,2,2,2,True,1.0,0,0.0,1.0,,,0.0,402445.2653792135,402445.2653792135,1.0,0,0,2,2
2019-03-04T00:00:00+00:00,FULL,TOP_10,E10,C2,2,2,2,2,True,1.0,0,0.0,1.0,,,0.0,402445.2653792135,402445.2653792135,1.0,0,0,2,2
2019-03-04T00:00:00+00:00,FULL,TOP_30,E10,C2,2,2,2,2,True,1.0,0,0.0,1.0,,,0.0,402445.2653792135,402445.2653792135,1.0,0,0,2,2
2019-03-04T00:00:00+00:00,FULL,HYSTERESIS,E10,C2,2,2,2,2,True,1.0,0,0.0,1.0,,,0.0,402445.2653792135,402445.2653792135,1.0,0,0,2,2
2019-03-11T00:00:00+00:00,FULL,TOP_4,E10,C2,3,3,3,3,True,1.0,0,0.0,1.0,,,0.0,738582.3909607315,738582.3909607315,1.0,0,0,3,3
2019-03-11T00:00:00+00:00,FULL,TOP_6,E10,C2,3,3,3,3,True,1.0,0,0.0,1.0,,,0.0,738582.3909607315,738582.3909607315,1.0,0,0,3,3
2019-03-11T00:00:00+00:00,FULL,TOP_8,E10,C2,3,3,3,3,True,1.0,0,0.0,1.0,,,0.0,738582.3909607315,738582.3909607315,1.0,0,0,3,3
2019-03-11T00:00:00+00:00,FULL,TOP_10,E10,C2,3,3,3,3,True,1.0,0,0.0,1.0,,,0.0,738582.3909607315,738582.3909607315,1.0,0,0,3,3
2019-03-11T00:00:00+00:00,FULL,TOP_30,E10,C2,3,3,3,3,True,1.0,0,0.0,1.0,,,0.0,738582.3909607315,738582.3909607315,1.0,0,0,3,3
2019-03-11T00:00:00+00:00,FULL,HYSTERESIS,E10,C2,3,3,3,3,True,1.0,0,0.0,1.0,,,0.0,738582.3909607315,738582.3909607315,1.0,0,0,3,3
2019-03-18T00:00:00+00:00,FULL,TOP_4,E10,C2,4,4,4,4,True,1.0,0,0.0,1.0,,,0.0,891225.7271223448,891225.7271223448,1.0,1,1,3,3
2019-03-18T00:00:00+00:00,FULL,TOP_6,E10,C2,6,6,6,6,True,1.0,0,0.0,1.0,,,0.0,910990.5382313981,910990.5382313981,1.0,1,1,5,5
2019-03-18T00:00:00+00:00,FULL,TOP_8,E10,C2,8,8,8,8,True,1.0,0,0.0,1.0,,,0.0,917733.3701122439,917733.3701122439,1.0,2,2,6,6
2019-03-18T00:00:00+00:00,FULL,TOP_10,E10,C2,10,10,10,10,True,1.0,0,0.0,1.0,,,0.0,920832.294367188,920832.294367188,1.0,4,4,6,6
2019-03-18T00:00:00+00:00,FULL,TOP_30,E10,C2,13,13,13,13,True,1.0,0,0.0,1.0,,,0.0,922871.7683606043,922871.7683606043,1.0,7,7,6,6
2019-03-18T00:00:00+00:00,FULL,HYSTERESIS,E10,C2,6,6,6,6,True,1.0,0,0.0,1.0,,,0.0,910990.5382313981,910990.5382313981,1.0,1,1,5,5
2019-03-25T00:00:00+00:00,FULL,TOP_4,E10,C2,4,4,4,4,True,1.0,0,0.0,1.0,,,0.0,1015641.8522022868,1015641.8522022868,1.0,0,0,4,4
2019-03-25T00:00:00+00:00,FULL,TOP_6,E10,C2,6,6,6,6,True,1.0,0,0.0,1.0,,,0.0,1034275.559599483,1034275.559599483,1.0,1,1,5,5
2019-03-25T00:00:00+00:00,FULL,TOP_8,E10,C2,8,8,8,8,True,1.0,0,0.0,1.0,,,0.0,1042211.5248226438,1042211.5248226438,1.0,2,2,6,6
2019-03-25T00:00:00+00:00,FULL,TOP_10,E10,C2,10,10,10,10,True,1.0,0,0.0,1.0,,,0.0,1046545.096634517,1046545.096634517,1.0,4,4,6,6
2019-03-25T00:00:00+00:00,FULL,TOP_30,E10,C2,13,13,13,13,True,1.0,0,0.0,1.0,,,0.0,1049766.5026780395,1049766.5026780395,1.0,7,7,6,6
2019-03-25T00:00:00+00:00,FULL,HYSTERESIS,E10,C2,6,6,6,6,True,1.0,0,0.0,1.0,,,0.0,1034275.559599483,1034275.559599483,1.0,1,1,5,5
2019-04-01T00:00:00+00:00,POST_WARMUP,TOP_4,E10,C2,4,4,4,4,True,1.0,0,0.0,1.0,,,0.0,1460855.0784390988,1460855.0784390988,1.0,0,0,4,4
2019-04-01T00:00:00+00:00,POST_WARMUP,TOP_6,E10,C2,6,6,6,6,True,1.0,0,0.0,1.0,,,0.0,1482321.7191311102,1482321.7191311102,1.0,1,1,5,5
2019-04-01T00:00:00+00:00,POST_WARMUP,TOP_8,E10,C2,8,8,8,8,True,1.0,0,0.0,1.0,,,0.0,1492009.1914709944,1492009.1914709944,1.0,2,2,6,6
2019-04-01T00:00:00+00:00,POST_WARMUP,TOP_10,E10,C2,10,10,10,10,True,1.0,0,0.0,1.0,,,0.0,1498121.0564445162,1498121.0564445162,1.0,4,4,6,6
2019-04-01T00:00:00+00:00,POST_WARMUP,TOP_30,E10,C2,13,13,13,13,True,1.0,0,0.0,1.0,,,0.0,1501911.5435006954,1501911.5435006954,1.0,7,7,6,6
2019-04-01T00:00:00+00:00,POST_WARMUP,HYSTERESIS,E10,C2,6,6,6,6,True,1.0,0,0.0,1.0,,,0.0,1482321.7191311102,1482321.7191311102,1.0,1,1,5,5
2019-04-08T00:00:00+00:00,POST_WARMUP,TOP_4,E10,C2,4,4,4,4,True,1.0,0,0.0,1.0,,,0.0,2800001.4054558035,2800001.4054558035,1.0,0,0,4,4
2019-04-08T00:00:00+00:00,POST_WARMUP,TOP_6,E10,C2,6,6,6,6,True,1.0,0,0.0,1.0,,,0.0,2828655.475009048,2828655.475009048,1.0,1,1,5,5
2019-04-08T00:00:00+00:00,POST_WARMUP,TOP_8,E10,C2,8,8,8,8,True,1.0,0,0.0,1.0,,,0.0,2841732.7979988265,2841732.7979988265,1.0,2,2,6,6
2019-04-08T00:00:00+00:00,POST_WARMUP,TOP_10,E10,C2,10,10,10,10,True,1.0,0,0.0,1.0,,,0.0,2848577.5686759707,2848577.5686759707,1.0,4,4,6,6
2019-04-08T00:00:00+00:00,POST_WARMUP,TOP_30,E10,C2,13,13,13,13,True,1.0,0,0.0,1.0,,,0.0,2853423.811049383,2853423.811049383,1.0,7,7,6,6
2019-04-08T00:00:00+00:00,POST_WARMUP,HYSTERESIS,E10,C2,6,6,6,6,True,1.0,0,0.0,1.0,,,0.0,2828655.475009048,2828655.475009048,1.0,1,1,5,5
2019-04-15T00:00:00+00:00,POST_WARMUP,TOP_4,E10,C2,4,4,4,4,True,1.0,0,0.0,1.0,,,0.0,3636924.4851923874,3636924.4851923874,1.0,0,0,4,4
2019-04-15T00:00:00+00:00,POST_WARMUP,TOP_6,E10,C2,6,6,6,6,True,1.0,0,0.0,1.0,,,0.0,3681691.8456369676,3681691.8456369676,1.0,1,1,5,5
2019-04-15T00:00:00+00:00,POST_WARMUP,TOP_8,E10,C2,8,8,8,8,True,1.0,0,0.0,1.0,,,0.0,3703699.5377962426,3703699.5377962426,1.0,2,2,6,6
2019-04-15T00:00:00+00:00,POST_WARMUP,TOP_10,E10,C2,10,10,10,10,True,1.0,0,0.0,1.0,,,0.0,3713323.6335583716,3713323.6335583716,1.0,4,4,6,6
2019-04-15T00:00:00+00:00,POST_WARMUP,TOP_30,E10,C2,13,13,13,13,True,1.0,0,0.0,1.0,,,0.0,3721023.056816569,3721023.056816569,1.0,7,7,6,6
2019-04-15T00:00:00+00:00,POST_WARMUP,HYSTERESIS,E10,C2,6,6,6,6,True,1.0,0,0.0,1.0,,,0.0,3681691.8456369676,3681691.8456369676,1.0,1,1,5,5
2019-04-22T00:00:00+00:00,POST_WARMUP,TOP_4,E10,C2,4,4,4,4,True,1.0,0,0.0,1.0,,,0.0,3537257.0355414543,3537257.0355414543,1.0,0,0,4,4
2019-04-22T00:00:00+00:00,POST_WARMUP,TOP_6,E10,C2,6,6,6,6,True,1.0,0,0.0,1.0,,,0.0,3594270.934842928,3594270.934842928,1.0,1,1,5,5
2019-04-22T00:00:00+00:00,POST_WARMUP,TOP_8,E10,C2,8,8,8,8,True,1.0,0,0.0,1.0,,,0.0,3618018.6171688735,3618018.6171688735,1.0,2,2,6,6
2019-04-22T00:00:00+00:00,POST_WARMUP,TOP_10,E10,C2,10,10,10,10,True,1.0,0,0.0,1.0,,,0.0,3628000.67455733,3628000.67455733,1.0,4,4,6,6
2019-04-22T00:00:00+00:00,POST_WARMUP,TOP_30,E10,C2,13,13,13,13,True,1.0,0,0.0,1.0,,,0.0,3637449.323713161,3637449.323713161,1.0,7,7,6,6
2019-04-22T00:00:00+00:00,POST_WARMUP,HYSTERESIS,E10,C2,6,6,6,6,True,1.0,0,0.0,1.0,,,0.0,3594270.934842928,3594270.934842928,1.0,1,1,5,5
2019-04-29T00:00:00+00:00,POST_WARMUP,TOP_4,E10,C2,4,4,4,4,True,1.0,0,0.0,1.0,,,0.0,3655263.243240877,3655263.243240877,1.0,0,0,4,4
2019-04-29T00:00:00+00:00,POST_WARMUP,TOP_6,E10,C2,6,6,6,6,True,1.0,0,0.0,1.0,,,0.0,3741833.869953648,3741833.869953648,1.0,1,1,5,5
2019-04-29T00:00:00+00:00,POST_WARMUP,TOP_8,E10,C2,8,8,8,8,True,1.0,0,0.0,1.0,,,0.0,3774343.254447395,3774343.254447395,1.0,2,2,6,6
2019-04-29T00:00:00+00:00,POST_WARMUP,TOP_10,E10,C2,10,10,10,10,True,1.0,0,0.0,1.0,,,0.0,3792549.6077768295,3792549.6077768295,1.0,4,4,6,6
2019-04-29T00:00:00+00:00,POST_WARMUP,TOP_30,E10,C2,13,13,13,13,True,1.0,0,0.0,1.0,,,0.0,3810638.600718256,3810638.600718256,1.0,7,7,6,6
2019-04-29T00:00:00+00:00,POST_WARMUP,HYSTERESIS,E10,C2,6,6,6,6,True,1.0,0,0.0,1.0,,,0.0,3741833.869953648,3741833.869953648,1.0,1,1,5,5
2019-05-06T00:00:00+00:00,POST_WARMUP,TOP_4,E10,C2,4,4,4,4,True,1.0,0,0.0,1.0,,,0.0,3323359.179774979,3323359.179774979,1.0,0,0,4,4
2019-05-06T00:00:00+00:00,POST_WARMUP,TOP_6,E10,C2,6,6,6,6,True,1.0,0,0.0,1.0,,,0.0,3434974.803320289,3434974.803320289,1.0,1,1,5,5
2019-05-06T00:00:00+00:00,POST_WARMUP,TOP_8,E10,C2,8,8,8,8,True,1.0,0,0.0,1.0,,,0.0,3486703.9623207473,3486703.9623207473,1.0,2,2,6,6
2019-05-06T00:00:00+00:00,POST_WARMUP,TOP_10,E10,C2,10,10,10,10,True,1.0,0,0.0,1.0,,,0.0,3522555.6932012043,3522555.6932012043,1.0,4,4,6,6
2019-05-06T00:00:00+00:00,POST_WARMUP,TOP_30,E10,C2,13,13,13,13,True,1.0,0,0.0,1.0,,,0.0,3545530.474962911,3545530.474962911,1.0,7,7,6,6
2019-05-06T00:00:00+00:00,POST_WARMUP,HYSTERESIS,E10,C2,6,6,6,6,True,1.0,0,0.0,1.0,,,0.0,3434974.803320289,3434974.803320289,1.0,1,1,5,5
2019-05-13T00:00:00+00:00,POST_WARMUP,TOP_4,E10,C2,4,4,4,4,True,1.0,0,0.0,1.0,,,0.0,3561771.3262054324,3561771.3262054324,1.0,0,0,4,4
2019-05-13T00:00:00+00:00,POST_WARMUP,TOP_6,E10,C2,6,6,6,6,True,1.0,0,0.0,1.0,,,0.0,3784948.0183380595,3784948.0183380595,1.0,1,1,5,5
2019-05-13T00:00:00+00:00,POST_WARMUP,TOP_8,E10,C2,8,8,8,8,True,1.0,0,0.0,1.0,,,0.0,3921793.7885085116,3921793.7885085116,1.0,3,3,5,5
2019-05-13T00:00:00+00:00,POST_WARMUP,TOP_10,E10,C2,10,10,10,10,True,1.0,0,0.0,1.0,,,0.0,3994080.2361986623,3994080.2361986623,1.0,4,4,6,6
2019-05-13T00:00:00+00:00,POST_WARMUP,TOP_30,E10,C2,13,13,13,13,True,1.0,0,0.0,1.0,,,0.0,4069403.867175381,4069403.867175381,1.0,7,7,6,6
2019-05-13T00:00:00+00:00,POST_WARMUP,HYSTERESIS,E10,C2,6,6,6,6,True,1.0,0,0.0,1.0,,,0.0,3784948.0183380595,3784948.0183380595,1.0,1,1,5,5
2019-05-20T00:00:00+00:00,POST_WARMUP,TOP_4,E10,C2,4,4,4,4,True,1.0,0,0.0,1.0,,,0.0,4628440.254076887,4628440.254076887,1.0,0,0,4,4
2019-05-20T00:00:00+00:00,POST_WARMUP,TOP_6,E10,C2,6,6,6,6,True,1.0,0,0.0,1.0,,,0.0,4934171.801784917,4934171.801784917,1.0,1,1,5,5
2019-05-20T00:00:00+00:00,POST_WARMUP,TOP_8,E10,C2,8,8,8,8,True,1.0,0,0.0,1.0,,,0.0,5092259.122855828,5092259.122855828,1.0,3,3,5,5
2019-05-20T00:00:00+00:00,POST_WARMUP,TOP_10,E10,C2,10,10,10,10,True,1.0,0,0.0,1.0,,,0.0,5201630.588981814,5201630.588981814,1.0,4,4,6,6
2019-05-20T00:00:00+00:00,POST_WARMUP,TOP_30,E10,C2,13,13,13,13,True,1.0,0,0.0,1.0,,,0.0,5300311.804911959,5300311.804911959,1.0,7,7,6,6
2019-05-20T00:00:00+00:00,POST_WARMUP,HYSTERESIS,E10,C2,6,6,6,6,True,1.0,0,0.0,1.0,,,0.0,4934171.801784917,4934171.801784917,1.0,1,1,5,5
2019-05-27T00:00:00+00:00,POST_WARMUP,TOP_4,E10,C2,4,4,4,4,True,1.0,0,0.0,1.0,,,0.0,7472438.198777609,7472438.198777609,1.0,0,0,4,4
2019-05-27T00:00:00+00:00,POST_WARMUP,TOP_6,E10,C2,6,6,6,6,True,1.0,0,0.0,1.0,,,0.0,7836895.354205435,7836895.354205435,1.0,1,1,5,5
2019-05-27T00:00:00+00:00,POST_WARMUP,TOP_8,E10,C2,8,8,8,8,True,1.0,0,0.0,1.0,,,0.0,8018647.461716539,8018647.461716539,1.0,2,2,6,6
2019-05-27T00:00:00+00:00,POST_WARMUP,TOP_10,E10,C2,10,10,10,10,True,1.0,0,0.0,1.0,,,0.0,8159290.11690653,8159290.11690653,1.0,4,4,6,6
2019-05-27T00:00:00+00:00,POST_WARMUP,TOP_30,E10,C2,13,13,13,13,True,1.0,0,0.0,1.0,,,0.0,8262363.661712895,8262363.661712895,1.0,7,7,6,6
2019-05-27T00:00:00+00:00,POST_WARMUP,HYSTERESIS,E10,C2,6,6,6,6,True,1.0,0,0.0,1.0,,,0.0,7836895.354205435,7836895.354205435,1.0,1,1,5,5
2019-06-03T00:00:00+00:00,POST_WARMUP,TOP_4,E10,C2,4,4,4,4,True,1.0,0,0.0,1.0,,,0.0,9616147.328136776,9616147.328136776,1.0,0,0,4,4
2019-06-03T00:00:00+00:00,POST_WARMUP,TOP_6,E10,C2,6,6,6,6,True,1.0,0,0.0,1.0,,,0.0,10030479.938565016,10030479.938565016,1.0,1,1,5,5
2019-06-03T00:00:00+00:00,POST_WARMUP,TOP_8,E10,C2,8,8,8,8,True,1.0,0,0.0,1.0,,,0.0,10251918.273420114,10251918.273420114,1.0,2,2,6,6
2019-06-03T00:00:00+00:00,POST_WARMUP,TOP_10,E10,C2,10,10,10,10,True,1.0,0,0.0,1.0,,,0.0,10411707.465612832,10411707.465612832,1.0,4,4,6,6
2019-06-03T00:00:00+00:00,POST_WARMUP,TOP_30,E10,C2,14,14,14,14,True,1.0,0,0.0,1.0,,,0.0,10566367.57792355,10566367.57792355,1.0,8,8,6,6
2019-06-03T00:00:00+00:00,POST_WARMUP,HYSTERESIS,E10,C2,6,6,6,6,True,1.0,0,0.0,1.0,,,0.0,10030479.938565016,10030479.938565016,1.0,1,1,5,5
2019-06-10T00:00:00+00:00,POST_WARMUP,TOP_4,E10,C2,4,4,4,4,True,1.0,0,0.0,1.0,,,0.0,10658803.174528029,10658803.174528029,1.0,0,0,4,4
2019-06-10T00:00:00+00:00,POST_WARMUP,TOP_6,E10,C2,6,6,6,6,True,1.0,0,0.0,1.0,,,0.0,11133447.148238301,11133447.148238301,1.0,1,1,5,5
2019-06-10T00:00:00+00:00,POST_WARMUP,TOP_8,E10,C2,8,8,8,8,True,1.0,0,0.0,1.0,,,0.0,11398229.532063311,11398229.532063311,1.0,2,2,6,6
2019-06-10T00:00:00+00:00,POST_WARMUP,TOP_10,E10,C2,10,10,10,10,True,1.0,0,0.0,1.0,,,0.0,11564648.021594126,11564648.021594126,1.0,4,4,6,6
2019-06-10T00:00:00+00:00,POST_WARMUP,TOP_30,E10,C2,15,15,15,15,True,1.0,0,0.0,1.0,,,0.0,11744969.742343046,11744969.742343046,1.0,9,9,6,6
2019-06-10T00:00:00+00:00,POST_WARMUP,HYSTERESIS,E10,C2,6,6,6,6,True,1.0,0,0.0,1.0,,,0.0,11133447.148238301,11133447.148238301,1.0,1,1,5,5
2019-06-17T00:00:00+00:00,POST_WARMUP,TOP_4,E10,C2,4,4,4,4,True,1.0,0,0.0,1.0,,,0.0,10882555.090054026,10882555.090054026,1.0,0,0,4,4
2019-06-17T00:00:00+00:00,POST_WARMUP,TOP_6,E10,C2,6,6,6,6,True,1.0,0,0.0,1.0,,,0.0,11386442.796070602,11386442.796070602,1.0,1,1,5,5
2019-06-17T00:00:00+00:00,POST_WARMUP,TOP_8,E10,C2,8,8,8,8,True,1.0,0,0.0,1.0,,,0.0,11652651.08506892,11652651.08506892,1.0,2,2,6,6
2019-06-17T00:00:00+00:00,POST_WARMUP,TOP_10,E10,C2,10,10,10,10,True,1.0,0,0.0,1.0,,,0.0,11824342.2573621,11824342.2573621,1.0,4,4,6,6
2019-06-17T00:00:00+00:00,POST_WARMUP,TOP_30,E10,C2,15,15,15,15,True,1.0,0,0.0,1.0,,,0.0,11965916.164681733,11965916.164681733,1.0,9,9,6,6
2019-06-17T00:00:00+00:00,POST_WARMUP,HYSTERESIS,E10,C2,6,6,6,6,True,1.0,0,0.0,1.0,,,0.0,11386442.796070602,11386442.796070602,1.0,1,1,5,5
2019-06-24T00:00:00+00:00,POST_WARMUP,TOP_4,E10,C2,4,4,4,4,True,1.0,0,0.0,1.0,,,0.0,13805431.616185052,13805431.616185052,1.0,0,0,4,4
2019-06-24T00:00:00+00:00,POST_WARMUP,TOP_6,E10,C2,6,6,6,6,True,1.0,0,0.0,1.0,,,0.0,14400116.906803453,14400116.906803453,1.0,1,1,5,5
2019-06-24T00:00:00+00:00,POST_WARMUP,TOP_8,E10,C2,8,8,8,8,True,1.0,0,0.0,1.0,,,0.0,14677253.726886883,14677253.726886883,1.0,2,2,6,6
2019-06-24T00:00:00+00:00,POST_WARMUP,TOP_10,E10,C2,10,10,10,10,True,1.0,0,0.0,1.0,,,0.0,14831380.392406484,14831380.392406484,1.0,4,4,6,6
2019-06-24T00:00:00+00:00,POST_WARMUP,TOP_30,E10,C2,15,15,15,15,True,1.0,0,0.0,1.0,,,0.0,14950109.217280017,14950109.217280017,1.0,9,9,6,6
2019-06-24T00:00:00+00:00,POST_WARMUP,HYSTERESIS,E10,C2,6,6,6,6,True,1.0,0,0.0,1.0,,,0.0,14400116.906803453,14400116.906803453,1.0,1,1,5,5
2019-07-01T00:00:00+00:00,POST_WARMUP,TOP_4,E10,C2,4,4,4,4,True,1.0,0,0.0,1.0,,,0.0,17074168.88915942,17074168.88915942,1.0,0,0,4,4
2019-07-01T00:00:00+00:00,POST_WARMUP,TOP_6,E10,C2,6,6,6,6,True,1.0,0,0.0,1.0,,,0.0,17798393.208584774,17798393.208584774,1.0,1,1,5,5
2019-07-01T00:00:00+00:00,POST_WARMUP,TOP_8,E10,C2,8,8,8,8,True,1.0,0,0.0,1.0,,,0.0,18084480.760039948,18084480.760039948,1.0,2,2,6,6
2019-07-01T00:00:00+00:00,POST_WARMUP,TOP_10,E10,C2,10,10,10,10,True,1.0,0,0.0,1.0,,,0.0,18253143.738328427,18253143.738328427,1.0,4,4,6,6
2019-07-01T00:00:00+00:00,POST_WARMUP,TOP_30,E10,C2,15,15,15,15,True,1.0,0,0.0,1.0,,,0.0,18370611.792121805,18370611.792121805,1.0,9,9,6,6
2019-07-01T00:00:00+00:00,POST_WARMUP,HYSTERESIS,E10,C2,6,6,6,6,True,1.0,0,0.0,1.0,,,0.0,17798393.208584774,17798393.208584774,1.0,1,1,5,5
2019-07-08T00:00:00+00:00,POST_WARMUP,TOP_4,E10,C2,4,4,4,4,True,1.0,0,0.0,1.0,,,0.0,18612935.885842003,18612935.885842003,1.0,0,0,4,4
2019-07-08T00:00:00+00:00,POST_WARMUP,TOP_6,E10,C2,6,6,6,6,True,1.0,0,0.0,1.0,,,0.0,19505989.969224893,19505989.969224893,1.0,1,1,5,5
2019-07-08T00:00:00+00:00,POST_WARMUP,TOP_8,E10,C2,8,8,8,8,True,1.0,0,0.0,1.0,,,0.0,19837553.507481564,19837553.507481564,1.0,2,2,6,6
2019-07-08T00:00:00+00:00,POST_WARMUP,TOP_10,E10,C2,10,10,10,10,True,1.0,0,0.0,1.0,,,0.0,20004434.355476845,20004434.355476845,1.0,4,4,6,6
2019-07-08T00:00:00+00:00,POST_WARMUP,TOP_30,E10,C2,15,15,15,15,True,1.0,0,0.0,1.0,,,0.0,20161020.968634393,20161020.968634393,1.0,9,9,6,6
2019-07-08T00:00:00+00:00,POST_WARMUP,HYSTERESIS,E10,C2,6,6,6,6,True,1.0,0,0.0,1.0,,,0.0,19505989.969224893,19505989.969224893,1.0,1,1,5,5
2019-07-15T00:00:00+00:00,POST_WARMUP,TOP_4,E10,C2,4,4,4,4,True,1.0,0,0.0,1.0,,,0.0,42297076.81116609,42297076.81116609,1.0,1,1,3,3
2019-07-15T00:00:00+00:00,POST_WARMUP,TOP_6,E10,C2,6,6,6,6,True,1.0,0,0.0,1.0,,,0.0,50121926.36661639,50121926.36661639,1.0,1,1,5,5
2019-07-15T00:00:00+00:00,POST_WARMUP,TOP_8,E10,C2,8,8,8,8,True,1.0,0,0.0,1.0,,,0.0,51165601.65605271,51165601.65605271,1.0,2,2,6,6
2019-07-15T00:00:00+00:00,POST_WARMUP,TOP_10,E10,C2,10,10,10,10,True,1.0,0,0.0,1.0,,,0.0,51471455.425059244,51471455.425059244,1.0,4,4,6,6
2019-07-15T00:00:00+00:00,POST_WARMUP,TOP_30,E10,C2,16,16,16,16,True,1.0,0,0.0,1.0,,,0.0,51733181.556058384,51733181.556058384,1.0,10,10,6,6
2019-07-15T00:00:00+00:00,POST_WARMUP,HYSTERESIS,E10,C2,6,6,6,6,True,1.0,0,0.0,1.0,,,0.0,43786251.20133765,43786251.20133765,1.0,1,1,5,5
2019-07-22T00:00:00+00:00,POST_WARMUP,TOP_4,E10,C2,4,4,4,4,True,1.0,0,0.0,1.0,,,0.0,87608746.89486423,87608746.89486423,1.0,1,1,3,3
2019-07-22T00:00:00+00:00,POST_WARMUP,TOP_6,E10,C2,6,6,6,6,True,1.0,0,0.0,1.0,,,0.0,106733589.59098347,106733589.59098347,1.0,1,1,5,5
2019-07-22T00:00:00+00:00,POST_WARMUP,TOP_8,E10,C2,8,8,8,8,True,1.0,0,0.0,1.0,,,0.0,112701588.72268924,112701588.72268924,1.0,2,2,6,6
2019-07-22T00:00:00+00:00,POST_WARMUP,TOP_10,E10,C2,10,10,10,10,True,1.0,0,0.0,1.0,,,0.0,113021323.70867656,113021323.70867656,1.0,4,4,6,6
2019-07-22T00:00:00+00:00,POST_WARMUP,TOP_30,E10,C2,16,16,16,16,True,1.0,0,0.0,1.0,,,0.0,113268798.43940979,113268798.43940979,1.0,10,10,6,6
2019-07-22T00:00:00+00:00,POST_WARMUP,HYSTERESIS,E10,C2,6,6,6,6,True,1.0,0,0.0,1.0,,,0.0,92093192.69961685,92093192.69961685,1.0,1,1,5,5
2019-07-29T00:00:00+00:00,POST_WARMUP,TOP_4,E10,C2,4,4,4,4,True,1.0,0,0.0,1.0,,,0.0,129360151.5816009,129360151.5816009,1.0,1,1,3,3
2019-07-29T00:00:00+00:00,POST_WARMUP,TOP_6,E10,C2,6,6,6,6,True,1.0,0,0.0,1.0,,,0.0,152799126.80177692,152799126.80177692,1.0,1,1,5,5
2019-07-29T00:00:00+00:00,POST_WARMUP,TOP_8,E10,C2,8,8,8,8,True,1.0,0,0.0,1.0,,,0.0,161438329.7086174,161438329.7086174,1.0,2,2,6,6
2019-07-29T00:00:00+00:00,POST_WARMUP,TOP_10,E10,C2,10,10,10,10,True,1.0,0,0.0,1.0,,,0.0,161759195.21673083,161759195.21673083,1.0,4,4,6,6
2019-07-29T00:00:00+00:00,POST_WARMUP,TOP_30,E10,C2,16,16,16,16,True,1.0,0,0.0,1.0,,,0.0,161982051.3826271,161982051.3826271,1.0,10,10,6,6
2019-07-29T00:00:00+00:00,POST_WARMUP,HYSTERESIS,E10,C2,6,6,6,6,True,1.0,0,0.0,1.0,,,0.0,133363693.10733001,133363693.10733001,1.0,1,1,5,5
2019-08-05T00:00:00+00:00,POST_WARMUP,TOP_4,E10,C2,4,4,4,4,True,1.0,0,0.0,1.0,,,0.0,225543974.39486402,225543974.39486402,1.0,1,1,3,3
2019-08-05T00:00:00+00:00,POST_WARMUP,TOP_6,E10,C2,6,6,6,6,True,1.0,0,0.0,1.0,,,0.0,256342658.5698578,256342658.5698578,1.0,1,1,5,5
2019-08-05T00:00:00+00:00,POST_WARMUP,TOP_8,E10,C2,8,8,8,8,True,1.0,0,0.0,1.0,,,0.0,265430917.9624559,265430917.9624559,1.0,2,2,6,6
2019-08-05T00:00:00+00:00,POST_WARMUP,TOP_10,E10,C2,10,10,10,10,True,1.0,0,0.0,1.0,,,0.0,265758026.1571227,265758026.1571227,1.0,4,4,6,6
2019-08-05T00:00:00+00:00,POST_WARMUP,TOP_30,E10,C2,16,16,16,16,True,1.0,0,0.0,1.0,,,0.0,265939357.03086114,265939357.03086114,1.0,10,10,6,6
2019-08-05T00:00:00+00:00,POST_WARMUP,HYSTERESIS,E10,C2,6,6,6,6,True,1.0,0,0.0,1.0,,,0.0,230275545.68190908,230275545.68190908,1.0,1,1,5,5
2019-08-12T00:00:00+00:00,POST_WARMUP,TOP_4,E10,C2,4,4,4,4,True,1.0,0,0.0,1.0,,,0.0,251229644.93836793,251229644.93836793,1.0,1,1,3,3
2019-08-12T00:00:00+00:00,POST_WARMUP,TOP_6,E10,C2,6,6,6,6,True,1.0,0,0.0,1.0,,,0.0,285224904.39258844,285224904.39258844,1.0,1,1,5,5
2019-08-12T00:00:00+00:00,POST_WARMUP,TOP_8,E10,C2,8,8,8,8,True,1.0,0,0.0,1.0,,,0.0,294010791.7862877,294010791.7862877,1.0,2,2,6,6
2019-08-12T00:00:00+00:00,POST_WARMUP,TOP_10,E10,C2,10,10,10,10,True,1.0,0,0.0,1.0,,,0.0,294418666.4870471,294418666.4870471,1.0,4,4,6,6
2019-08-12T00:00:00+00:00,POST_WARMUP,TOP_30,E10,C2,16,16,16,16,True,1.0,0,0.0,1.0,,,0.0,294572693.21041423,294572693.21041423,1.0,10,10,6,6
2019-08-12T00:00:00+00:00,POST_WARMUP,HYSTERESIS,E10,C2,6,6,6,6,True,1.0,0,0.0,1.0,,,0.0,254008591.7954676,254008591.7954676,1.0,1,1,5,5
2019-08-19T00:00:00+00:00,POST_WARMUP,TOP_4,E10,C2,4,4,4,4,True,1.0,0,0.0,1.0,,,0.0,250439825.64665553,250439825.64665553,1.0,1,1,3,3
2019-08-19T00:00:00+00:00,POST_WARMUP,TOP_6,E10,C2,6,6,6,6,True,1.0,0,0.0,1.0,,,0.0,284673142.86182326,284673142.86182326,1.0,1,1,5,5
2019-08-19T00:00:00+00:00,POST_WARMUP,TOP_8,E10,C2,8,8,8,8,True,1.0,0,0.0,1.0,,,0.0,294009415.6546432,294009415.6546432,1.0,2,2,6,6
2019-08-19T00:00:00+00:00,POST_WARMUP,TOP_10,E10,C2,10,10,10,10,True,1.0,0,0.0,1.0,,,0.0,294417392.04301727,294417392.04301727,1.0,4,4,6,6
2019-08-19T00:00:00+00:00,POST_WARMUP,TOP_30,E10,C2,16,16,16,16,True,1.0,0,0.0,1.0,,,0.0,294556267.59477836,294556267.59477836,1.0,10,10,6,6
2019-08-19T00:00:00+00:00,POST_WARMUP,HYSTERESIS,E10,C2,6,6,6,6,True,1.0,0,0.0,1.0,,,0.0,254081849.54744047,254081849.54744047,1.0,1,1,5,5
2019-08-26T00:00:00+00:00,POST_WARMUP,TOP_4,E10,C2,4,4,4,4,True,1.0,0,0.0,1.0,,,0.0,233366301.5795768,233366301.5795768,1.0,1,1,3,3
2019-08-26T00:00:00+00:00,POST_WARMUP,TOP_6,E10,C2,6,6,6,6,True,1.0,0,0.0,1.0,,,0.0,268054770.9591804,268054770.9591804,1.0,1,1,5,5
2019-08-26T00:00:00+00:00,POST_WARMUP,TOP_8,E10,C2,8,8,8,8,True,1.0,0,0.0,1.0,,,0.0,277772968.7205321,277772968.7205321,1.0,2,2,6,6
2019-08-26T00:00:00+00:00,POST_WARMUP,TOP_10,E10,C2,10,10,10,10,True,1.0,0,0.0,1.0,,,0.0,278139990.5999409,278139990.5999409,1.0,4,4,6,6
2019-08-26T00:00:00+00:00,POST_WARMUP,TOP_30,E10,C2,17,17,17,17,True,1.0,0,0.0,1.0,,,0.0,278302119.2880872,278302119.2880872,1.0,10,10,7,7
2019-08-26T00:00:00+00:00,POST_WARMUP,HYSTERESIS,E10,C2,6,6,6,6,True,1.0,0,0.0,1.0,,,0.0,239861455.9705946,239861455.9705946,1.0,1,1,5,5
2019-09-02T00:00:00+00:00,POST_WARMUP,TOP_4,E10,C2,4,4,4,4,True,1.0,0,0.0,1.0,,,0.0,208069345.76688313,208069345.76688313,1.0,1,1,3,3
2019-09-02T00:00:00+00:00,POST_WARMUP,TOP_6,E10,C2,6,6,6,6,True,1.0,0,0.0,1.0,,,0.0,237469033.61071151,237469033.61071151,1.0,1,1,5,5
2019-09-02T00:00:00+00:00,POST_WARMUP,TOP_8,E10,C2,8,8,8,8,True,1.0,0,0.0,1.0,,,0.0,247097535.78445527,247097535.78445527,1.0,2,2,6,6
2019-09-02T00:00:00+00:00,POST_WARMUP,TOP_10,E10,C2,10,10,10,10,True,1.0,0,0.0,1.0,,,0.0,247734993.88872537,247734993.88872537,1.0,4,4,6,6
2019-09-02T00:00:00+00:00,POST_WARMUP,TOP_30,E10,C2,18,18,18,18,True,1.0,0,0.0,1.0,,,0.0,247912683.97146535,247912683.97146535,1.0,11,11,7,7
2019-09-02T00:00:00+00:00,POST_WARMUP,HYSTERESIS,E10,C2,6,6,6,6,True,1.0,0,0.0,1.0,,,0.0,237469033.61071151,237469033.61071151,1.0,1,1,5,5
2019-09-09T00:00:00+00:00,POST_WARMUP,TOP_4,E10,C2,4,4,4,4,True,1.0,0,0.0,1.0,,,0.0,185561229.4135521,185561229.4135521,1.0,1,1,3,3
2019-09-09T00:00:00+00:00,POST_WARMUP,TOP_6,E10,C2,6,6,6,6,True,1.0,0,0.0,1.0,,,0.0,213830353.8467578,213830353.8467578,1.0,1,1,5,5
2019-09-09T00:00:00+00:00,POST_WARMUP,TOP_8,E10,C2,8,8,8,8,True,1.0,0,0.0,1.0,,,0.0,222128568.18628666,222128568.18628666,1.0,2,2,6,6
2019-09-09T00:00:00+00:00,POST_WARMUP,TOP_10,E10,C2,10,10,10,10,True,1.0,0,0.0,1.0,,,0.0,222646216.48698124,222646216.48698124,1.0,4,4,6,6
2019-09-09T00:00:00+00:00,POST_WARMUP,TOP_30,E10,C2,19,19,19,19,True,1.0,0,0.0,1.0,,,0.0,222845051.76152498,222845051.76152498,1.0,12,12,7,7
2019-09-09T00:00:00+00:00,POST_WARMUP,HYSTERESIS,E10,C2,6,6,6,6,True,1.0,0,0.0,1.0,,,0.0,213004603.03257996,213004603.03257996,1.0,1,1,5,5
2019-09-16T00:00:00+00:00,POST_WARMUP,TOP_4,E10,C2,4,4,4,4,True,1.0,0,0.0,1.0,,,0.0,132738312.5172548,132738312.5172548,1.0,1,1,3,3
2019-09-16T00:00:00+00:00,POST_WARMUP,TOP_6,E10,C2,6,6,6,6,True,1.0,0,0.0,1.0,,,0.0,157762553.18139055,157762553.18139055,1.0,1,1,5,5
2019-09-16T00:00:00+00:00,POST_WARMUP,TOP_8,E10,C2,8,8,8,8,True,1.0,0,0.0,1.0,,,0.0,164426853.66259283,164426853.66259283,1.0,2,2,6,6
2019-09-16T00:00:00+00:00,POST_WARMUP,TOP_10,E10,C2,10,10,10,10,True,1.0,0,0.0,1.0,,,0.0,164795934.58515096,164795934.58515096,1.0,4,4,6,6
2019-09-16T00:00:00+00:00,POST_WARMUP,TOP_30,E10,C2,19,19,19,19,True,1.0,0,0.0,1.0,,,0.0,164944024.66386506,164944024.66386506,1.0,12,12,7,7
2019-09-16T00:00:00+00:00,POST_WARMUP,HYSTERESIS,E10,C2,6,6,6,6,True,1.0,0,0.0,1.0,,,0.0,156970252.98822457,156970252.98822457,1.0,1,1,5,5
2019-09-23T00:00:00+00:00,POST_WARMUP,TOP_4,E10,C2,4,4,4,4,True,1.0,0,0.0,1.0,,,0.0,87823386.70601934,87823386.70601934,1.0,1,1,3,3
2019-09-23T00:00:00+00:00,POST_WARMUP,TOP_6,E10,C2,6,6,6,6,True,1.0,0,0.0,1.0,,,0.0,105931017.9129132,105931017.9129132,1.0,1,1,5,5
2019-09-23T00:00:00+00:00,POST_WARMUP,TOP_8,E10,C2,8,8,8,8,True,1.0,0,0.0,1.0,,,0.0,111834272.059491,111834272.059491,1.0,2,2,6,6
2019-09-23T00:00:00+00:00,POST_WARMUP,TOP_10,E10,C2,10,10,10,10,True,1.0,0,0.0,1.0,,,0.0,112054435.42321408,112054435.42321408,1.0,4,4,6,6
2019-09-23T00:00:00+00:00,POST_WARMUP,TOP_30,E10,C2,21,21,21,21,True,1.0,0,0.0,1.0,,,0.0,112230329.14400244,112230329.14400244,1.0,12,12,9,9
2019-09-23T00:00:00+00:00,POST_WARMUP,HYSTERESIS,E10,C2,6,6,6,6,True,1.0,0,0.0,1.0,,,0.0,105931017.9129132,105931017.9129132,1.0,1,1,5,5
2019-09-30T00:00:00+00:00,POST_WARMUP,TOP_4,E10,C2,4,4,4,4,True,1.0,0,0.0,1.0,,,0.0,44243437.65830817,44243437.65830817,1.0,0,0,4,4
2019-09-30T00:00:00+00:00,POST_WARMUP,TOP_6,E10,C2,6,6,6,6,True,1.0,0,0.0,1.0,,,0.0,51565802.47046611,51565802.47046611,1.0,0,0,6,6
2019-09-30T00:00:00+00:00,POST_WARMUP,TOP_8,E10,C2,8,8,8,8,True,1.0,0,0.0,1.0,,,0.0,52760284.896645136,52760284.896645136,1.0,2,2,6,6
2019-09-30T00:00:00+00:00,POST_WARMUP,TOP_10,E10,C2,10,10,10,10,True,1.0,0,0.0,1.0,,,0.0,52931869.42937601,52931869.42937601,1.0,4,4,6,6
2019-09-30T00:00:00+00:00,POST_WARMUP,TOP_30,E10,C2,23,23,23,23,True,1.0,0,0.0,1.0,,,0.0,53112459.27942657,53112459.27942657,1.0,12,12,11,11
2019-09-30T00:00:00+00:00,POST_WARMUP,HYSTERESIS,E10,C2,6,6,6,6,True,1.0,0,0.0,1.0,,,0.0,48242434.49941605,48242434.49941605,1.0,1,1,5,5
2019-10-07T00:00:00+00:00,POST_WARMUP,TOP_4,E10,C2,4,4,4,4,True,1.0,0,0.0,1.0,,,0.0,17693649.08900487,17693649.08900487,1.0,0,0,4,4
2019-10-07T00:00:00+00:00,POST_WARMUP,TOP_6,E10,C2,6,6,6,6,True,1.0,0,0.0,1.0,,,0.0,19144840.511217188,19144840.511217188,1.0,1,1,5,5
2019-10-07T00:00:00+00:00,POST_WARMUP,TOP_8,E10,C2,8,8,8,8,True,1.0,0,0.0,1.0,,,0.0,19661758.581102476,19661758.581102476,1.0,2,2,6,6
2019-10-07T00:00:00+00:00,POST_WARMUP,TOP_10,E10,C2,10,10,10,10,True,1.0,0,0.0,1.0,,,0.0,19755779.599000882,19755779.599000882,1.0,4,4,6,6
2019-10-07T00:00:00+00:00,POST_WARMUP,TOP_30,E10,C2,25,25,25,25,True,1.0,0,0.0,1.0,,,0.0,19945999.141986478,19945999.141986478,1.0,12,12,13,13
2019-10-07T00:00:00+00:00,POST_WARMUP,HYSTERESIS,E10,C2,6,6,6,6,True,1.0,0,0.0,1.0,,,0.0,19144840.511217188,19144840.511217188,1.0,1,1,5,5
2019-10-14T00:00:00+00:00,POST_WARMUP,TOP_4,E10,C2,4,4,4,4,True,1.0,0,0.0,1.0,,,0.0,14664482.243482979,14664482.243482979,1.0,0,0,4,4
2019-10-14T00:00:00+00:00,POST_WARMUP,TOP_6,E10,C2,6,6,6,6,True,1.0,0,0.0,1.0,,,0.0,15573695.186686492,15573695.186686492,1.0,1,1,5,5
2019-10-14T00:00:00+00:00,POST_WARMUP,TOP_8,E10,C2,8,8,8,8,True,1.0,0,0.0,1.0,,,0.0,15979285.3037069,15979285.3037069,1.0,2,2,6,6
2019-10-14T00:00:00+00:00,POST_WARMUP,TOP_10,E10,C2,10,10,10,10,True,1.0,0,0.0,1.0,,,0.0,16038169.65808964,16038169.65808964,1.0,4,4,6,6
2019-10-14T00:00:00+00:00,POST_WARMUP,TOP_30,E10,C2,27,27,27,27,True,1.0,0,0.0,1.0,,,0.0,16242400.831746388,16242400.831746388,1.0,13,13,14,14
2019-10-14T00:00:00+00:00,POST_WARMUP,HYSTERESIS,E10,C2,6,6,6,6,True,1.0,0,0.0,1.0,,,0.0,15573695.186686492,15573695.186686492,1.0,1,1,5,5
2019-10-21T00:00:00+00:00,POST_WARMUP,TOP_4,E10,C2,4,4,4,4,True,1.0,0,0.0,1.0,,,0.0,12799181.864095472,12799181.864095472,1.0,0,0,4,4
2019-10-21T00:00:00+00:00,POST_WARMUP,TOP_6,E10,C2,6,6,6,6,True,1.0,0,0.0,1.0,,,0.0,13547074.47110471,13547074.47110471,1.0,1,1,5,5
2019-10-21T00:00:00+00:00,POST_WARMUP,TOP_8,E10,C2,8,8,8,8,True,1.0,0,0.0,1.0,,,0.0,13835636.568925885,13835636.568925885,1.0,2,2,6,6
2019-10-21T00:00:00+00:00,POST_WARMUP,TOP_10,E10,C2,10,10,10,10,True,1.0,0,0.0,1.0,,,0.0,13894467.554733776,13894467.554733776,1.0,3,3,7,7
2019-10-21T00:00:00+00:00,POST_WARMUP,TOP_30,E10,C2,27,27,27,27,True,1.0,0,0.0,1.0,,,0.0,14084220.11540677,14084220.11540677,1.0,13,13,14,14
2019-10-21T00:00:00+00:00,POST_WARMUP,HYSTERESIS,E10,C2,6,6,6,6,True,1.0,0,0.0,1.0,,,0.0,13547074.47110471,13547074.47110471,1.0,1,1,5,5
2019-10-28T00:00:00+00:00,POST_WARMUP,TOP_4,E10,C2,4,4,4,4,True,1.0,0,0.0,1.0,,,0.0,12438511.676035764,12438511.676035764,1.0,0,0,4,4
2019-10-28T00:00:00+00:00,POST_WARMUP,TOP_6,E10,C2,6,6,6,6,True,1.0,0,0.0,1.0,,,0.0,13126760.213011872,13126760.213011872,1.0,1,1,5,5
2019-10-28T00:00:00+00:00,POST_WARMUP,TOP_8,E10,C2,8,8,8,8,True,1.0,0,0.0,1.0,,,0.0,13399699.070662435,13399699.070662435,1.0,2,2,6,6
2019-10-28T00:00:00+00:00,POST_WARMUP,TOP_10,E10,C2,10,10,10,10,True,1.0,0,0.0,1.0,,,0.0,13464989.698068984,13464989.698068984,1.0,3,3,7,7
2019-10-28T00:00:00+00:00,POST_WARMUP,TOP_30,E10,C2,27,27,27,27,True,1.0,0,0.0,1.0,,,0.0,13653391.205565821,13653391.205565821,1.0,13,13,14,14
2019-10-28T00:00:00+00:00,POST_WARMUP,HYSTERESIS,E10,C2,6,6,6,6,True,1.0,0,0.0,1.0,,,0.0,13126760.213011872,13126760.213011872,1.0,1,1,5,5
2019-11-04T00:00:00+00:00,POST_WARMUP,TOP_4,E10,C2,4,4,4,4,True,1.0,0,0.0,1.0,,,0.07142857142857142,13136613.646089029,13136613.646089029,1.0,0,0,4,4
2019-11-04T00:00:00+00:00,POST_WARMUP,TOP_6,E10,C2,6,6,6,6,True,1.0,0,0.0,1.0,,,0.07142857142857142,13747484.405633831,13747484.405633831,1.0,1,1,5,5
2019-11-04T00:00:00+00:00,POST_WARMUP,TOP_8,E10,C2,8,8,7,9,False,0.7777777777777778,2,1.0,0.875,ALGO,CHR,0.07142857142857142,14022263.68961576,14023724.735805228,1.0001041947450005,1,2,7,6
2019-11-04T00:00:00+00:00,POST_WARMUP,TOP_10,E10,C2,10,10,10,10,True,1.0,0,0.0,1.0,,,0.07142857142857142,14108928.09657128,14108928.09657128,1.0,3,3,7,7
2019-11-04T00:00:00+00:00,POST_WARMUP,TOP_30,E10,C2,28,28,28,28,True,1.0,0,0.0,1.0,,,0.07142857142857142,14354089.969370453,14354089.969370453,1.0,13,13,15,15
2019-11-04T00:00:00+00:00,POST_WARMUP,HYSTERESIS,E10,C2,6,6,6,6,True,1.0,0,0.0,1.0,,,0.07142857142857142,13715167.070217248,13715167.070217248,1.0,1,1,5,5
2019-11-11T00:00:00+00:00,POST_WARMUP,TOP_4,E10,C2,4,4,4,4,True,1.0,0,0.0,1.0,,,0.0,12866609.905661061,12866609.905661061,1.0,0,0,4,4
2019-11-11T00:00:00+00:00,POST_WARMUP,TOP_6,E10,C2,6,6,6,6,True,1.0,0,0.0,1.0,,,0.0,13486327.593146317,13486327.593146317,1.0,1,1,5,5
2019-11-11T00:00:00+00:00,POST_WARMUP,TOP_8,E10,C2,8,8,8,8,True,1.0,0,0.0,1.0,,,0.0,13757744.768972082,13757744.768972082,1.0,2,2,6,6
2019-11-11T00:00:00+00:00,POST_WARMUP,TOP_10,E10,C2,10,10,10,10,True,1.0,0,0.0,1.0,,,0.0,13848108.522094471,13848108.522094471,1.0,3,3,7,7
2019-11-11T00:00:00+00:00,POST_WARMUP,TOP_30,E10,C2,29,29,29,29,True,1.0,0,0.0,1.0,,,0.0,14132738.119126111,14132738.119126111,1.0,13,13,16,16
2019-11-11T00:00:00+00:00,POST_WARMUP,HYSTERESIS,E10,C2,6,6,6,6,True,1.0,0,0.0,1.0,,,0.0,13453132.604688598,13453132.604688598,1.0,1,1,5,5
2019-11-18T00:00:00+00:00,POST_WARMUP,TOP_4,E10,C2,4,4,4,4,True,1.0,0,0.0,1.0,,,0.0,12776656.182740632,12776656.182740632,1.0,0,0,4,4
2019-11-18T00:00:00+00:00,POST_WARMUP,TOP_6,E10,C2,6,6,6,6,True,1.0,0,0.0,1.0,,,0.0,13451721.262122586,13451721.262122586,1.0,1,1,5,5
2019-11-18T00:00:00+00:00,POST_WARMUP,TOP_8,E10,C2,8,8,8,8,True,1.0,0,0.0,1.0,,,0.0,13713002.795488177,13713002.795488177,1.0,2,2,6,6
2019-11-18T00:00:00+00:00,POST_WARMUP,TOP_10,E10,C2,10,10,10,10,True,1.0,0,0.0,1.0,,,0.0,13813528.863892267,13813528.863892267,1.0,4,4,6,6
2019-11-18T00:00:00+00:00,POST_WARMUP,TOP_30,E10,C2,29,29,29,29,True,1.0,0,0.0,1.0,,,0.0,14122663.134696798,14122663.134696798,1.0,13,13,16,16
2019-11-18T00:00:00+00:00,POST_WARMUP,HYSTERESIS,E10,C2,6,6,6,6,True,1.0,0,0.0,1.0,,,0.0,13383398.640588874,13383398.640588874,1.0,1,1,5,5
2019-11-25T00:00:00+00:00,POST_WARMUP,TOP_4,E10,C2,4,4,4,4,True,1.0,0,0.0,1.0,,,0.0,12261560.68762997,12261560.68762997,1.0,0,0,4,4
2019-11-25T00:00:00+00:00,POST_WARMUP,TOP_6,E10,C2,6,6,6,6,True,1.0,0,0.0,1.0,,,0.0,12919160.641765965,12919160.641765965,1.0,1,1,5,5
2019-11-25T00:00:00+00:00,POST_WARMUP,TOP_8,E10,C2,8,8,8,8,True,1.0,0,0.0,1.0,,,0.0,13171746.380020387,13171746.380020387,1.0,2,2,6,6
2019-11-25T00:00:00+00:00,POST_WARMUP,TOP_10,E10,C2,10,10,10,10,True,1.0,0,0.0,1.0,,,0.0,13269322.949791545,13269322.949791545,1.0,4,4,6,6
2019-11-25T00:00:00+00:00,POST_WARMUP,TOP_30,E10,C2,30,30,30,30,True,1.0,0,0.0,1.0,,,0.0,13599531.457457265,13599531.457457265,1.0,13,13,17,17
2019-11-25T00:00:00+00:00,POST_WARMUP,HYSTERESIS,E10,C2,6,6,6,6,True,1.0,0,0.0,1.0,,,0.0,12839535.155409152,12839535.155409152,1.0,1,1,5,5
2019-12-02T00:00:00+00:00,POST_WARMUP,TOP_4,E10,C2,4,4,4,4,True,1.0,0,0.0,1.0,,,0.0,12135186.91253266,12135186.91253266,1.0,0,0,4,4
2019-12-02T00:00:00+00:00,POST_WARMUP,TOP_6,E10,C2,6,6,6,6,True,1.0,0,0.0,1.0,,,0.0,12788158.219592106,12788158.219592106,1.0,1,1,5,5
2019-12-02T00:00:00+00:00,POST_WARMUP,TOP_8,E10,C2,8,8,8,8,True,1.0,0,0.0,1.0,,,0.0,13041161.564091284,13041161.564091284,1.0,2,2,6,6
2019-12-02T00:00:00+00:00,POST_WARMUP,TOP_10,E10,C2,10,10,10,10,True,1.0,0,0.0,1.0,,,0.0,13134207.862078575,13134207.862078575,1.0,4,4,6,6
2019-12-02T00:00:00+00:00,POST_WARMUP,TOP_30,E10,C2,30,30,30,30,True,1.0,0,0.0,1.0,,,0.0,13455351.59826589,13455351.59826589,1.0,13,13,17,17
2019-12-02T00:00:00+00:00,POST_WARMUP,HYSTERESIS,E10,C2,6,6,6,6,True,1.0,0,0.0,1.0,,,0.0,12724053.28924473,12724053.28924473,1.0,1,1,5,5
2019-12-09T00:00:00+00:00,POST_WARMUP,TOP_4,E10,C2,4,4,4,4,True,1.0,0,0.0,1.0,,,0.0,12036834.855028652,12036834.855028652,1.0,0,0,4,4
2019-12-09T00:00:00+00:00,POST_WARMUP,TOP_6,E10,C2,6,6,6,6,True,1.0,0,0.0,1.0,,,0.0,12665323.792089097,12665323.792089097,1.0,1,1,5,5
2019-12-09T00:00:00+00:00,POST_WARMUP,TOP_8,E10,C2,8,8,8,8,True,1.0,0,0.0,1.0,,,0.0,12903212.162018947,12903212.162018947,1.0,2,2,6,6
2019-12-09T00:00:00+00:00,POST_WARMUP,TOP_10,E10,C2,10,10,10,10,True,1.0,0,0.0,1.0,,,0.0,12993940.443795627,12993940.443795627,1.0,4,4,6,6
2019-12-09T00:00:00+00:00,POST_WARMUP,TOP_30,E10,C2,30,30,30,30,True,1.0,0,0.0,1.0,,,0.0,13296248.207853291,13296248.207853291,1.0,13,13,17,17
2019-12-09T00:00:00+00:00,POST_WARMUP,HYSTERESIS,E10,C2,6,6,6,6,True,1.0,0,0.0,1.0,,,0.0,12602770.26388448,12602770.26388448,1.0,1,1,5,5
2019-12-16T00:00:00+00:00,POST_WARMUP,TOP_4,E10,C2,4,4,4,4,True,1.0,0,0.0,1.0,,,0.0,11571255.099014372,11571255.099014372,1.0,0,0,4,4
2019-12-16T00:00:00+00:00,POST_WARMUP,TOP_6,E10,C2,6,6,6,6,True,1.0,0,0.0,1.0,,,0.0,12117971.982758984,12117971.982758984,1.0,1,1,5,5
2019-12-16T00:00:00+00:00,POST_WARMUP,TOP_8,E10,C2,8,8,8,8,True,1.0,0,0.0,1.0,,,0.0,12352359.313296326,12352359.313296326,1.0,2,2,6,6
2019-12-16T00:00:00+00:00,POST_WARMUP,TOP_10,E10,C2,10,10,10,10,True,1.0,0,0.0,1.0,,,0.0,12441164.378342757,12441164.378342757,1.0,3,3,7,7
2019-12-16T00:00:00+00:00,POST_WARMUP,TOP_30,E10,C2,30,30,30,30,True,1.0,0,0.0,1.0,,,0.0,12733100.380396493,12733100.380396493,1.0,13,13,17,17
2019-12-16T00:00:00+00:00,POST_WARMUP,HYSTERESIS,E10,C2,6,6,6,6,True,1.0,0,0.0,1.0,,,0.0,12078050.417276382,12078050.417276382,1.0,1,1,5,5
2019-12-23T00:00:00+00:00,POST_WARMUP,TOP_4,E10,C2,4,4,4,4,True,1.0,0,0.0,1.0,,,0.0,11321158.701023212,11321158.701023212,1.0,0,0,4,4
2019-12-23T00:00:00+00:00,POST_WARMUP,TOP_6,E10,C2,6,6,6,6,True,1.0,0,0.0,1.0,,,0.0,11860496.62411362,11860496.62411362,1.0,1,1,5,5
2019-12-23T00:00:00+00:00,POST_WARMUP,TOP_8,E10,C2,8,8,8,8,True,1.0,0,0.0,1.0,,,0.0,12082930.520853814,12082930.520853814,1.0,2,2,6,6
2019-12-23T00:00:00+00:00,POST_WARMUP,TOP_10,E10,C2,10,10,10,10,True,1.0,0,0.0,1.0,,,0.0,12173776.754638687,12173776.754638687,1.0,3,3,7,7
2019-12-23T00:00:00+00:00,POST_WARMUP,TOP_30,E10,C2,30,30,30,30,True,1.0,0,0.0,1.0,,,0.0,12444852.122160232,12444852.122160232,1.0,13,13,17,17
2019-12-23T00:00:00+00:00,POST_WARMUP,HYSTERESIS,E10,C2,6,6,6,6,True,1.0,0,0.0,1.0,,,0.0,11817532.310596505,11817532.310596505,1.0,1,1,5,5
2019-12-30T00:00:00+00:00,POST_WARMUP,TOP_4,E10,C2,4,4,4,4,True,1.0,0,0.0,1.0,,,0.0,10694189.008878367,10694189.008878367,1.0,1,1,3,3
2019-12-30T00:00:00+00:00,POST_WARMUP,TOP_6,E10,C2,6,6,6,6,True,1.0,0,0.0,1.0,,,0.0,11186409.77377448,11186409.77377448,1.0,1,1,5,5
2019-12-30T00:00:00+00:00,POST_WARMUP,TOP_8,E10,C2,8,8,8,8,True,1.0,0,0.0,1.0,,,0.0,11417961.089452513,11417961.089452513,1.0,2,2,6,6
2019-12-30T00:00:00+00:00,POST_WARMUP,TOP_10,E10,C2,10,10,10,10,True,1.0,0,0.0,1.0,,,0.0,11495503.05519884,11495503.05519884,1.0,3,3,7,7
2019-12-30T00:00:00+00:00,POST_WARMUP,TOP_30,E10,C2,30,30,30,30,True,1.0,0,0.0,1.0,,,0.0,11742084.494947977,11742084.494947977,1.0,13,13,17,17
2019-12-30T00:00:00+00:00,POST_WARMUP,HYSTERESIS,E10,C2,6,6,6,6,True,1.0,0,0.0,1.0,,,0.0,11132886.73879071,11132886.73879071,1.0,1,1,5,5
2020-01-06T00:00:00+00:00,POST_WARMUP,TOP_4,E10,C2,4,4,4,4,True,1.0,0,0.0,1.0,,,0.0,12577845.975786196,12577845.975786196,1.0,1,1,3,3
2020-01-06T00:00:00+00:00,POST_WARMUP,TOP_6,E10,C2,6,6,6,6,True,1.0,0,0.0,1.0,,,0.0,13075419.232894909,13075419.232894909,1.0,1,1,5,5
2020-01-06T00:00:00+00:00,POST_WARMUP,TOP_8,E10,C2,8,8,8,8,True,1.0,0,0.0,1.0,,,0.0,13315869.461447226,13315869.461447226,1.0,2,2,6,6
2020-01-06T00:00:00+00:00,POST_WARMUP,TOP_10,E10,C2,10,10,10,10,True,1.0,0,0.0,1.0,,,0.0,13386434.551680455,13386434.551680455,1.0,4,4,6,6
2020-01-06T00:00:00+00:00,POST_WARMUP,TOP_30,E10,C2,30,30,30,30,True,1.0,0,0.0,1.0,,,0.0,13633693.046578689,13633693.046578689,1.0,13,13,17,17
2020-01-06T00:00:00+00:00,POST_WARMUP,HYSTERESIS,E10,C2,6,6,6,6,True,1.0,0,0.0,1.0,,,0.0,13017786.187334348,13017786.187334348,1.0,1,1,5,5
2020-01-13T00:00:00+00:00,POST_WARMUP,TOP_4,E10,C2,4,4,4,4,True,1.0,0,0.0,1.0,,,0.0,14579326.6766736,14579326.6766736,1.0,1,1,3,3
2020-01-13T00:00:00+00:00,POST_WARMUP,TOP_6,E10,C2,6,6,6,6,True,1.0,0,0.0,1.0,,,0.0,15256989.380365007,15256989.380365007,1.0,1,1,5,5
2020-01-13T00:00:00+00:00,POST_WARMUP,TOP_8,E10,C2,8,8,8,8,True,1.0,0,0.0,1.0,,,0.0,15567195.375331258,15567195.375331258,1.0,2,2,6,6
2020-01-13T00:00:00+00:00,POST_WARMUP,TOP_10,E10,C2,10,10,10,10,True,1.0,0,0.0,1.0,,,0.0,15665671.411402028,15665671.411402028,1.0,3,3,7,7
2020-01-13T00:00:00+00:00,POST_WARMUP,TOP_30,E10,C2,30,30,30,30,True,1.0,0,0.0,1.0,,,0.0,15940855.464920314,15940855.464920314,1.0,13,13,17,17
2020-01-13T00:00:00+00:00,POST_WARMUP,HYSTERESIS,E10,C2,6,6,6,6,True,1.0,0,0.0,1.0,,,0.0,15217318.883105924,15217318.883105924,1.0,1,1,5,5
2020-01-20T00:00:00+00:00,POST_WARMUP,TOP_4,E10,C2,4,4,4,4,True,1.0,0,0.0,1.0,,,0.0,18003039.99793536,18003039.99793536,1.0,1,1,3,3
2020-01-20T00:00:00+00:00,POST_WARMUP,TOP_6,E10,C2,6,6,6,6,True,1.0,0,0.0,1.0,,,0.0,19184622.779859554,19184622.779859554,1.0,1,1,5,5
2020-01-20T00:00:00+00:00,POST_WARMUP,TOP_8,E10,C2,8,8,8,8,True,1.0,0,0.0,1.0,,,0.0,19753139.768971793,19753139.768971793,1.0,2,2,6,6
2020-01-20T00:00:00+00:00,POST_WARMUP,TOP_10,E10,C2,10,10,10,10,True,1.0,0,0.0,1.0,,,0.0,19891755.81540822,19891755.81540822,1.0,4,4,6,6
2020-01-20T00:00:00+00:00,POST_WARMUP,TOP_30,E10,C2,30,30,30,30,True,1.0,0,0.0,1.0,,,0.0,20209893.224517472,20209893.224517472,1.0,13,13,17,17
2020-01-20T00:00:00+00:00,POST_WARMUP,HYSTERESIS,E10,C2,6,6,6,6,True,1.0,0,0.0,1.0,,,0.0,19184622.779859554,19184622.779859554,1.0,1,1,5,5
2020-01-27T00:00:00+00:00,POST_WARMUP,TOP_4,E10,C2,4,4,4,4,True,1.0,0,0.0,1.0,,,0.0,21898157.532205205,21898157.532205205,1.0,1,1,3,3
2020-01-27T00:00:00+00:00,POST_WARMUP,TOP_6,E10,C2,6,6,6,6,True,1.0,0,0.0,1.0,,,0.0,23996523.692178402,23996523.692178402,1.0,1,1,5,5
2020-01-27T00:00:00+00:00,POST_WARMUP,TOP_8,E10,C2,8,8,8,8,True,1.0,0,0.0,1.0,,,0.0,24689510.93241801,24689510.93241801,1.0,2,2,6,6
2020-01-27T00:00:00+00:00,POST_WARMUP,TOP_10,E10,C2,10,10,10,10,True,1.0,0,0.0,1.0,,,0.0,24900010.683970626,24900010.683970626,1.0,4,4,6,6
2020-01-27T00:00:00+00:00,POST_WARMUP,TOP_30,E10,C2,30,30,30,30,True,1.0,0,0.0,1.0,,,0.0,25273480.493958134,25273480.493958134,1.0,13,13,17,17
2020-01-27T00:00:00+00:00,POST_WARMUP,HYSTERESIS,E10,C2,6,6,6,6,True,1.0,0,0.0,1.0,,,0.0,23996523.692178402,23996523.692178402,1.0,1,1,5,5
2020-02-03T00:00:00+00:00,POST_WARMUP,TOP_4,E10,C2,4,4,4,4,True,1.0,0,0.0,1.0,,,0.0,25844398.95720919,25844398.95720919,1.0,1,1,3,3
2020-02-03T00:00:00+00:00,POST_WARMUP,TOP_6,E10,C2,6,6,6,6,True,1.0,0,0.0,1.0,,,0.0,28508525.986599088,28508525.986599088,1.0,1,1,5,5
2020-02-03T00:00:00+00:00,POST_WARMUP,TOP_8,E10,C2,8,8,8,8,True,1.0,0,0.0,1.0,,,0.0,29532101.804237325,29532101.804237325,1.0,2,2,6,6
2020-02-03T00:00:00+00:00,POST_WARMUP,TOP_10,E10,C2,10,10,10,10,True,1.0,0,0.0,1.0,,,0.0,29794602.311125144,29794602.311125144,1.0,3,3,7,7
2020-02-03T00:00:00+00:00,POST_WARMUP,TOP_30,E10,C2,30,30,30,30,True,1.0,0,0.0,1.0,,,0.0,30231969.592173286,30231969.592173286,1.0,13,13,17,17
2020-02-03T00:00:00+00:00,POST_WARMUP,HYSTERESIS,E10,C2,6,6,6,6,True,1.0,0,0.0,1.0,,,0.0,28508525.986599088,28508525.986599088,1.0,1,1,5,5
2020-02-10T00:00:00+00:00,POST_WARMUP,TOP_4,E10,C2,4,4,4,4,True,1.0,0,0.0,1.0,,,0.0,26742656.4768534,26742656.4768534,1.0,1,1,3,3
2020-02-10T00:00:00+00:00,POST_WARMUP,TOP_6,E10,C2,6,6,6,6,True,1.0,0,0.0,1.0,,,0.0,29661658.225831676,29661658.225831676,1.0,1,1,5,5
2020-02-10T00:00:00+00:00,POST_WARMUP,TOP_8,E10,C2,8,8,8,8,True,1.0,0,0.0,1.0,,,0.0,30749535.70425124,30749535.70425124,1.0,2,2,6,6
2020-02-10T00:00:00+00:00,POST_WARMUP,TOP_10,E10,C2,10,10,10,10,True,1.0,0,0.0,1.0,,,0.0,31099890.839984607,31099890.839984607,1.0,3,3,7,7
2020-02-10T00:00:00+00:00,POST_WARMUP,TOP_30,E10,C2,30,30,30,30,True,1.0,0,0.0,1.0,,,0.0,31576896.712308146,31576896.712308146,1.0,13,13,17,17
2020-02-10T00:00:00+00:00,POST_WARMUP,HYSTERESIS,E10,C2,6,6,6,6,True,1.0,0,0.0,1.0,,,0.0,29661658.225831676,29661658.225831676,1.0,1,1,5,5
2020-02-17T00:00:00+00:00,POST_WARMUP,TOP_4,E10,C2,4,4,4,4,True,1.0,0,0.0,1.0,,,0.0625,28279072.022649623,28279072.022649623,1.0,1,1,3,3
2020-02-17T00:00:00+00:00,POST_WARMUP,TOP_6,E10,C2,6,6,6,6,True,1.0,0,0.0,1.0,,,0.0625,32046397.586162537,32046397.586162537,1.0,1,1,5,5
2020-02-17T00:00:00+00:00,POST_WARMUP,TOP_8,E10,C2,8,8,7,9,False,0.7777777777777778,2,1.0,0.875,ADA,ETC,0.0625,33390569.12594409,33402001.055471797,1.0003423700112624,1,2,7,6
2020-02-17T00:00:00+00:00,POST_WARMUP,TOP_10,E10,C2,10,10,10,10,True,1.0,0,0.0,1.0,,,0.0625,33852176.11454003,33852176.11454003,1.0,3,3,7,7
2020-02-17T00:00:00+00:00,POST_WARMUP,TOP_30,E10,C2,30,30,30,30,True,1.0,0,0.0,1.0,,,0.0625,34472612.65630267,34472612.65630267,1.0,14,14,16,16
2020-02-17T00:00:00+00:00,POST_WARMUP,HYSTERESIS,E10,C2,6,6,6,6,True,1.0,0,0.0,1.0,,,0.0625,32046397.586162537,32046397.586162537,1.0,1,1,5,5
2020-02-24T00:00:00+00:00,POST_WARMUP,TOP_4,E10,C2,4,4,4,4,True,1.0,0,0.0,1.0,,,0.0,32838873.064242497,32838873.064242497,1.0,1,1,3,3
2020-02-24T00:00:00+00:00,POST_WARMUP,TOP_6,E10,C2,6,6,6,6,True,1.0,0,0.0,1.0,,,0.0,37643091.12397361,37643091.12397361,1.0,1,1,5,5
2020-02-24T00:00:00+00:00,POST_WARMUP,TOP_8,E10,C2,8,8,8,8,True,1.0,0,0.0,1.0,,,0.0,39122553.98184103,39122553.98184103,1.0,1,1,7,7
2020-02-24T00:00:00+00:00,POST_WARMUP,TOP_10,E10,C2,10,10,10,10,True,1.0,0,0.0,1.0,,,0.0,39554056.57547796,39554056.57547796,1.0,2,2,8,8
2020-02-24T00:00:00+00:00,POST_WARMUP,TOP_30,E10,C2,30,30,30,30,True,1.0,0,0.0,1.0,,,0.0,40381469.00665456,40381469.00665456,1.0,14,14,16,16
2020-02-24T00:00:00+00:00,POST_WARMUP,HYSTERESIS,E10,C2,6,6,6,6,True,1.0,0,0.0,1.0,,,0.0,37643091.12397361,37643091.12397361,1.0,1,1,5,5
2020-03-02T00:00:00+00:00,POST_WARMUP,TOP_4,E10,C2,4,4,4,4,True,1.0,0,0.0,1.0,,,0.0,36153571.2404263,36153571.2404263,1.0,1,1,3,3
2020-03-02T00:00:00+00:00,POST_WARMUP,TOP_6,E10,C2,6,6,6,6,True,1.0,0,0.0,1.0,,,0.0,40950427.10855318,40950427.10855318,1.0,1,1,5,5
2020-03-02T00:00:00+00:00,POST_WARMUP,TOP_8,E10,C2,8,8,8,8,True,1.0,0,0.0,1.0,,,0.0,42425060.6867163,42425060.6867163,1.0,1,1,7,7
2020-03-02T00:00:00+00:00,POST_WARMUP,TOP_10,E10,C2,10,10,10,10,True,1.0,0,0.0,1.0,,,0.0,42846330.08827321,42846330.08827321,1.0,2,2,8,8
2020-03-02T00:00:00+00:00,POST_WARMUP,TOP_30,E10,C2,30,30,30,30,True,1.0,0,0.0,1.0,,,0.0,43840492.004838526,43840492.004838526,1.0,14,14,16,16
2020-03-02T00:00:00+00:00,POST_WARMUP,HYSTERESIS,E10,C2,6,6,6,6,True,1.0,0,0.0,1.0,,,0.0,40950427.10855318,40950427.10855318,1.0,1,1,5,5
2020-03-09T00:00:00+00:00,POST_WARMUP,TOP_4,E10,C2,4,4,4,4,True,1.0,0,0.0,1.0,,,0.0,36026967.06281707,36026967.06281707,1.0,1,1,3,3
2020-03-09T00:00:00+00:00,POST_WARMUP,TOP_6,E10,C2,6,6,6,6,True,1.0,0,0.0,1.0,,,0.0,40184900.340427175,40184900.340427175,1.0,1,1,5,5
2020-03-09T00:00:00+00:00,POST_WARMUP,TOP_8,E10,C2,8,8,8,8,True,1.0,0,0.0,1.0,,,0.0,41471379.355170704,41471379.355170704,1.0,1,1,7,7
2020-03-09T00:00:00+00:00,POST_WARMUP,TOP_10,E10,C2,10,10,10,10,True,1.0,0,0.0,1.0,,,0.0,41894326.53837158,41894326.53837158,1.0,2,2,8,8
2020-03-09T00:00:00+00:00,POST_WARMUP,TOP_30,E10,C2,30,30,30,30,True,1.0,0,0.0,1.0,,,0.0,42802335.86354792,42802335.86354792,1.0,14,14,16,16
2020-03-09T00:00:00+00:00,POST_WARMUP,HYSTERESIS,E10,C2,6,6,6,6,True,1.0,0,0.0,1.0,,,0.0,40184900.340427175,40184900.340427175,1.0,1,1,5,5
2020-03-16T00:00:00+00:00,POST_WARMUP,TOP_4,E10,C2,4,4,4,4,True,1.0,0,0.0,1.0,,,0.0,35931103.43228103,35931103.43228103,1.0,1,1,3,3
2020-03-16T00:00:00+00:00,POST_WARMUP,TOP_6,E10,C2,6,6,6,6,True,1.0,0,0.0,1.0,,,0.0,39778967.64037607,39778967.64037607,1.0,1,1,5,5
2020-03-16T00:00:00+00:00,POST_WARMUP,TOP_8,E10,C2,8,8,8,8,True,1.0,0,0.0,1.0,,,0.0,41082908.72428709,41082908.72428709,1.0,1,1,7,7
2020-03-16T00:00:00+00:00,POST_WARMUP,TOP_10,E10,C2,10,10,10,10,True,1.0,0,0.0,1.0,,,0.0,41518748.834775835,41518748.834775835,1.0,2,2,8,8
2020-03-16T00:00:00+00:00,POST_WARMUP,TOP_30,E10,C2,30,30,30,30,True,1.0,0,0.0,1.0,,,0.0,42386398.26993592,42386398.26993592,1.0,14,14,16,16
2020-03-16T00:00:00+00:00,POST_WARMUP,HYSTERESIS,E10,C2,6,6,6,6,True,1.0,0,0.0,1.0,,,0.0,39778967.64037607,39778967.64037607,1.0,1,1,5,5
2020-03-23T00:00:00+00:00,POST_WARMUP,TOP_4,E10,C2,4,4,4,4,True,1.0,0,0.0,1.0,,,0.0,35747290.562100075,35747290.562100075,1.0,1,1,3,3
2020-03-23T00:00:00+00:00,POST_WARMUP,TOP_6,E10,C2,6,6,6,6,True,1.0,0,0.0,1.0,,,0.0,39303875.88962713,39303875.88962713,1.0,1,1,5,5
2020-03-23T00:00:00+00:00,POST_WARMUP,TOP_8,E10,C2,8,8,8,8,True,1.0,0,0.0,1.0,,,0.0,40638923.65027227,40638923.65027227,1.0,1,1,7,7
2020-03-23T00:00:00+00:00,POST_WARMUP,TOP_10,E10,C2,10,10,10,10,True,1.0,0,0.0,1.0,,,0.0,41065675.897906296,41065675.897906296,1.0,2,2,8,8
2020-03-23T00:00:00+00:00,POST_WARMUP,TOP_30,E10,C2,30,30,30,30,True,1.0,0,0.0,1.0,,,0.0,41955584.4242885,41955584.4242885,1.0,15,15,15,15
2020-03-23T00:00:00+00:00,POST_WARMUP,HYSTERESIS,E10,C2,6,6,6,6,True,1.0,0,0.0,1.0,,,0.0,39303875.88962713,39303875.88962713,1.0,1,1,5,5
2020-03-30T00:00:00+00:00,POST_WARMUP,TOP_4,E10,C2,4,4,4,4,True,1.0,0,0.0,1.0,,,0.0,36716299.4501262,36716299.4501262,1.0,1,1,3,3
2020-03-30T00:00:00+00:00,POST_WARMUP,TOP_6,E10,C2,6,6,6,6,True,1.0,0,0.0,1.0,,,0.0,39935772.044083074,39935772.044083074,1.0,1,1,5,5
2020-03-30T00:00:00+00:00,POST_WARMUP,TOP_8,E10,C2,8,8,8,8,True,1.0,0,0.0,1.0,,,0.0,41134980.671761274,41134980.671761274,1.0,1,1,7,7
2020-03-30T00:00:00+00:00,POST_WARMUP,TOP_10,E10,C2,10,10,10,10,True,1.0,0,0.0,1.0,,,0.0,41519947.427736014,41519947.427736014,1.0,2,2,8,8
2020-03-30T00:00:00+00:00,POST_WARMUP,TOP_30,E10,C2,30,30,30,30,True,1.0,0,0.0,1.0,,,0.0,42293973.524721965,42293973.524721965,1.0,15,15,15,15
2020-03-30T00:00:00+00:00,POST_WARMUP,HYSTERESIS,E10,C2,6,6,6,6,True,1.0,0,0.0,1.0,,,0.0,39935772.044083074,39935772.044083074,1.0,1,1,5,5
2020-04-06T00:00:00+00:00,POST_WARMUP,TOP_4,E10,C2,4,4,4,4,True,1.0,0,0.0,1.0,,,0.0,35364427.52144036,35364427.52144036,1.0,1,1,3,3
2020-04-06T00:00:00+00:00,POST_WARMUP,TOP_6,E10,C2,6,6,6,6,True,1.0,0,0.0,1.0,,,0.0,38253476.81062524,38253476.81062524,1.0,1,1,5,5
2020-04-06T00:00:00+00:00,POST_WARMUP,TOP_8,E10,C2,8,8,8,8,True,1.0,0,0.0,1.0,,,0.0,39175964.94368263,39175964.94368263,1.0,1,1,7,7
2020-04-06T00:00:00+00:00,POST_WARMUP,TOP_10,E10,C2,10,10,10,10,True,1.0,0,0.0,1.0,,,0.0,39464486.09348449,39464486.09348449,1.0,2,2,8,8
2020-04-06T00:00:00+00:00,POST_WARMUP,TOP_30,E10,C2,30,30,30,30,True,1.0,0,0.0,1.0,,,0.0,40079573.7583329,40079573.7583329,1.0,14,14,16,16
2020-04-06T00:00:00+00:00,POST_WARMUP,HYSTERESIS,E10,C2,6,6,6,6,True,1.0,0,0.0,1.0,,,0.0,38253476.81062524,38253476.81062524,1.0,1,1,5,5
2020-04-13T00:00:00+00:00,POST_WARMUP,TOP_4,E10,C2,4,4,4,4,True,1.0,0,0.0,1.0,,,0.0,31707263.903839458,31707263.903839458,1.0,1,1,3,3
2020-04-13T00:00:00+00:00,POST_WARMUP,TOP_6,E10,C2,6,6,6,6,True,1.0,0,0.0,1.0,,,0.0,33692674.28871019,33692674.28871019,1.0,1,1,5,5
2020-04-13T00:00:00+00:00,POST_WARMUP,TOP_8,E10,C2,8,8,8,8,True,1.0,0,0.0,1.0,,,0.0,34525476.46744231,34525476.46744231,1.0,1,1,7,7
2020-04-13T00:00:00+00:00,POST_WARMUP,TOP_10,E10,C2,10,10,10,10,True,1.0,0,0.0,1.0,,,0.0,34735841.519075654,34735841.519075654,1.0,2,2,8,8
2020-04-13T00:00:00+00:00,POST_WARMUP,TOP_30,E10,C2,30,30,30,30,True,1.0,0,0.0,1.0,,,0.0,35275348.57140908,35275348.57140908,1.0,14,14,16,16
2020-04-13T00:00:00+00:00,POST_WARMUP,HYSTERESIS,E10,C2,6,6,6,6,True,1.0,0,0.0,1.0,,,0.0,33692674.28871019,33692674.28871019,1.0,1,1,5,5
2020-04-20T00:00:00+00:00,POST_WARMUP,TOP_4,E10,C2,4,4,4,4,True,1.0,0,0.0,1.0,,,0.0,28616345.495326195,28616345.495326195,1.0,1,1,3,3
2020-04-20T00:00:00+00:00,POST_WARMUP,TOP_6,E10,C2,6,6,6,6,True,1.0,0,0.0,1.0,,,0.0,30028654.135398056,30028654.135398056,1.0,1,1,5,5
2020-04-20T00:00:00+00:00,POST_WARMUP,TOP_8,E10,C2,8,8,8,8,True,1.0,0,0.0,1.0,,,0.0,30764647.334945638,30764647.334945638,1.0,1,1,7,7
2020-04-20T00:00:00+00:00,POST_WARMUP,TOP_10,E10,C2,10,10,10,10,True,1.0,0,0.0,1.0,,,0.0,30943423.90214958,30943423.90214958,1.0,2,2,8,8
2020-04-20T00:00:00+00:00,POST_WARMUP,TOP_30,E10,C2,30,30,30,30,True,1.0,0,0.0,1.0,,,0.0,31400310.63527423,31400310.63527423,1.0,15,15,15,15
2020-04-20T00:00:00+00:00,POST_WARMUP,HYSTERESIS,E10,C2,6,6,6,6,True,1.0,0,0.0,1.0,,,0.0,30028654.135398056,30028654.135398056,1.0,1,1,5,5
2020-04-27T00:00:00+00:00,POST_WARMUP,TOP_4,E10,C2,4,4,4,4,True,1.0,0,0.0,1.0,,,0.0,25791578.706779223,25791578.706779223,1.0,1,1,3,3
2020-04-27T00:00:00+00:00,POST_WARMUP,TOP_6,E10,C2,6,6,6,6,True,1.0,0,0.0,1.0,,,0.0,27102325.00953428,27102325.00953428,1.0,1,1,5,5
2020-04-27T00:00:00+00:00,POST_WARMUP,TOP_8,E10,C2,8,8,8,8,True,1.0,0,0.0,1.0,,,0.0,27950623.008861102,27950623.008861102,1.0,1,1,7,7
2020-04-27T00:00:00+00:00,POST_WARMUP,TOP_10,E10,C2,10,10,10,10,True,1.0,0,0.0,1.0,,,0.0,28162775.479997844,28162775.479997844,1.0,2,2,8,8
2020-04-27T00:00:00+00:00,POST_WARMUP,TOP_30,E10,C2,30,30,30,30,True,1.0,0,0.0,1.0,,,0.0,28658172.287384354,28658172.287384354,1.0,14,14,16,16
2020-04-27T00:00:00+00:00,POST_WARMUP,HYSTERESIS,E10,C2,6,6,6,6,True,1.0,0,0.0,1.0,,,0.0,27102325.00953428,27102325.00953428,1.0,1,1,5,5
2020-05-04T00:00:00+00:00,POST_WARMUP,TOP_4,E10,C2,4,4,4,4,True,1.0,0,0.0,1.0,,,0.0,27018376.790414855,27018376.790414855,1.0,1,1,3,3
2020-05-04T00:00:00+00:00,POST_WARMUP,TOP_6,E10,C2,6,6,6,6,True,1.0,0,0.0,1.0,,,0.0,28517038.07388459,28517038.07388459,1.0,1,1,5,5
2020-05-04T00:00:00+00:00,POST_WARMUP,TOP_8,E10,C2,8,8,8,8,True,1.0,0,0.0,1.0,,,0.0,29473231.32006613,29473231.32006613,1.0,1,1,7,7
2020-05-04T00:00:00+00:00,POST_WARMUP,TOP_10,E10,C2,10,10,10,10,True,1.0,0,0.0,1.0,,,0.0,29755095.65842681,29755095.65842681,1.0,2,2,8,8
2020-05-04T00:00:00+00:00,POST_WARMUP,TOP_30,E10,C2,30,30,30,30,True,1.0,0,0.0,1.0,,,0.0,30382055.841324862,30382055.841324862,1.0,14,14,16,16
2020-05-04T00:00:00+00:00,POST_WARMUP,HYSTERESIS,E10,C2,6,6,6,6,True,1.0,0,0.0,1.0,,,0.0,28407308.054567665,28407308.054567665,1.0,1,1,5,5
2020-05-11T00:00:00+00:00,POST_WARMUP,TOP_4,E10,C2,4,4,4,4,True,1.0,0,0.0,1.0,,,0.0,29952520.78779896,29952520.78779896,1.0,1,1,3,3
2020-05-11T00:00:00+00:00,POST_WARMUP,TOP_6,E10,C2,6,6,6,6,True,1.0,0,0.0,1.0,,,0.0,31604957.967684317,31604957.967684317,1.0,1,1,5,5
2020-05-11T00:00:00+00:00,POST_WARMUP,TOP_8,E10,C2,8,8,8,8,True,1.0,0,0.0,1.0,,,0.0,32648724.245153993,32648724.245153993,1.0,1,1,7,7
2020-05-11T00:00:00+00:00,POST_WARMUP,TOP_10,E10,C2,10,10,10,10,True,1.0,0,0.0,1.0,,,0.0,32982427.694289867,32982427.694289867,1.0,1,1,9,9
2020-05-11T00:00:00+00:00,POST_WARMUP,TOP_30,E10,C2,30,30,30,30,True,1.0,0,0.0,1.0,,,0.0,33705796.79073295,33705796.79073295,1.0,15,15,15,15
2020-05-11T00:00:00+00:00,POST_WARMUP,HYSTERESIS,E10,C2,6,6,6,6,True,1.0,0,0.0,1.0,,,0.0,31496970.357107263,31496970.357107263,1.0,1,1,5,5
2020-05-18T00:00:00+00:00,POST_WARMUP,TOP_4,E10,C2,4,4,4,4,True,1.0,0,0.0,1.0,,,0.0,45100389.3870825,45100389.3870825,1.0,1,1,3,3
2020-05-18T00:00:00+00:00,POST_WARMUP,TOP_6,E10,C2,6,6,6,6,True,1.0,0,0.0,1.0,,,0.0,47064955.2472079,47064955.2472079,1.0,1,1,5,5
2020-05-18T00:00:00+00:00,POST_WARMUP,TOP_8,E10,C2,8,8,8,8,True,1.0,0,0.0,1.0,,,0.0,48331738.44800742,48331738.44800742,1.0,1,1,7,7
2020-05-18T00:00:00+00:00,POST_WARMUP,TOP_10,E10,C2,10,10,10,10,True,1.0,0,0.0,1.0,,,0.0,48801121.37269071,48801121.37269071,1.0,2,2,8,8
2020-05-18T00:00:00+00:00,POST_WARMUP,TOP_30,E10,C2,30,30,30,30,True,1.0,0,0.0,1.0,,,0.0,49622390.666312136,49622390.666312136,1.0,14,14,16,16
2020-05-18T00:00:00+00:00,POST_WARMUP,HYSTERESIS,E10,C2,6,6,6,6,True,1.0,0,0.0,1.0,,,0.0,47064955.2472079,47064955.2472079,1.0,1,1,5,5
2020-05-25T00:00:00+00:00,POST_WARMUP,TOP_4,E10,C2,4,4,4,4,True,1.0,0,0.0,1.0,,,0.0,47441031.773624115,47441031.773624115,1.0,1,1,3,3
2020-05-25T00:00:00+00:00,POST_WARMUP,TOP_6,E10,C2,6,6,6,6,True,1.0,0,0.0,1.0,,,0.0,49509590.469416074,49509590.469416074,1.0,1,1,5,5
2020-05-25T00:00:00+00:00,POST_WARMUP,TOP_8,E10,C2,8,8,8,8,True,1.0,0,0.0,1.0,,,0.0,50868382.818038285,50868382.818038285,1.0,1,1,7,7
2020-05-25T00:00:00+00:00,POST_WARMUP,TOP_10,E10,C2,10,10,10,10,True,1.0,0,0.0,1.0,,,0.0,51378225.15432836,51378225.15432836,1.0,2,2,8,8
2020-05-25T00:00:00+00:00,POST_WARMUP,TOP_30,E10,C2,30,30,30,30,True,1.0,0,0.0,1.0,,,0.0,52203003.238376364,52203003.238376364,1.0,14,14,16,16
2020-05-25T00:00:00+00:00,POST_WARMUP,HYSTERESIS,E10,C2,6,6,6,6,True,1.0,0,0.0,1.0,,,0.0,49509590.469416074,49509590.469416074,1.0,1,1,5,5
2020-06-01T00:00:00+00:00,POST_WARMUP,TOP_4,E10,C2,4,4,4,4,True,1.0,0,0.0,1.0,,,0.0,46196941.77260049,46196941.77260049,1.0,1,1,3,3
2020-06-01T00:00:00+00:00,POST_WARMUP,TOP_6,E10,C2,6,6,6,6,True,1.0,0,0.0,1.0,,,0.0,48091999.28053541,48091999.28053541,1.0,1,1,5,5
2020-06-01T00:00:00+00:00,POST_WARMUP,TOP_8,E10,C2,8,8,8,8,True,1.0,0,0.0,1.0,,,0.0,49313202.51394134,49313202.51394134,1.0,1,1,7,7
2020-06-01T00:00:00+00:00,POST_WARMUP,TOP_10,E10,C2,10,10,10,10,True,1.0,0,0.0,1.0,,,0.0,49845168.89133344,49845168.89133344,1.0,2,2,8,8
2020-06-01T00:00:00+00:00,POST_WARMUP,TOP_30,E10,C2,30,30,30,30,True,1.0,0,0.0,1.0,,,0.0,50675765.78135882,50675765.78135882,1.0,14,14,16,16
2020-06-01T00:00:00+00:00,POST_WARMUP,HYSTERESIS,E10,C2,6,6,6,6,True,1.0,0,0.0,1.0,,,0.0,48091999.28053541,48091999.28053541,1.0,1,1,5,5
2020-06-08T00:00:00+00:00,POST_WARMUP,TOP_4,E10,C2,4,4,4,4,True,1.0,0,0.0,1.0,,,0.0,43949704.715334944,43949704.715334944,1.0,0,0,4,4
2020-06-08T00:00:00+00:00,POST_WARMUP,TOP_6,E10,C2,6,6,6,6,True,1.0,0,0.0,1.0,,,0.0,45939699.06877407,45939699.06877407,1.0,1,1,5,5
2020-06-08T00:00:00+00:00,POST_WARMUP,TOP_8,E10,C2,8,8,8,8,True,1.0,0,0.0,1.0,,,0.0,47177143.2407951,47177143.2407951,1.0,1,1,7,7
2020-06-08T00:00:00+00:00,POST_WARMUP,TOP_10,E10,C2,10,10,10,10,True,1.0,0,0.0,1.0,,,0.0,47813192.253107615,47813192.253107615,1.0,2,2,8,8
2020-06-08T00:00:00+00:00,POST_WARMUP,TOP_30,E10,C2,30,30,30,30,True,1.0,0,0.0,1.0,,,0.0,48728798.293402955,48728798.293402955,1.0,14,14,16,16
2020-06-08T00:00:00+00:00,POST_WARMUP,HYSTERESIS,E10,C2,6,6,6,6,True,1.0,0,0.0,1.0,,,0.0,45939699.06877407,45939699.06877407,1.0,1,1,5,5
2020-06-15T00:00:00+00:00,POST_WARMUP,TOP_4,E10,C2,4,4,4,4,True,1.0,0,0.0,1.0,,,0.0,38766824.30739557,38766824.30739557,1.0,0,0,4,4
2020-06-15T00:00:00+00:00,POST_WARMUP,TOP_6,E10,C2,6,6,6,6,True,1.0,0,0.0,1.0,,,0.0,40485225.26593003,40485225.26593003,1.0,1,1,5,5
2020-06-15T00:00:00+00:00,POST_WARMUP,TOP_8,E10,C2,8,8,8,8,True,1.0,0,0.0,1.0,,,0.0,41930587.92879394,41930587.92879394,1.0,1,1,7,7
2020-06-15T00:00:00+00:00,POST_WARMUP,TOP_10,E10,C2,10,10,10,10,True,1.0,0,0.0,1.0,,,0.0,42574851.02562539,42574851.02562539,1.0,2,2,8,8
2020-06-15T00:00:00+00:00,POST_WARMUP,TOP_30,E10,C2,30,30,30,30,True,1.0,0,0.0,1.0,,,0.0,43492281.65880162,43492281.65880162,1.0,15,15,15,15
2020-06-15T00:00:00+00:00,POST_WARMUP,HYSTERESIS,E10,C2,6,6,6,6,True,1.0,0,0.0,1.0,,,0.0,40430467.064374566,40430467.064374566,1.0,1,1,5,5
2020-06-22T00:00:00+00:00,POST_WARMUP,TOP_4,E10,C2,4,4,4,4,True,1.0,0,0.0,1.0,,,0.0,36589636.97811315,36589636.97811315,1.0,0,0,4,4
2020-06-22T00:00:00+00:00,POST_WARMUP,TOP_6,E10,C2,6,6,6,6,True,1.0,0,0.0,1.0,,,0.0,38171834.1580652,38171834.1580652,1.0,0,0,6,6
2020-06-22T00:00:00+00:00,POST_WARMUP,TOP_8,E10,C2,8,8,8,8,True,1.0,0,0.0,1.0,,,0.0,39476767.05497491,39476767.05497491,1.0,1,1,7,7
2020-06-22T00:00:00+00:00,POST_WARMUP,TOP_10,E10,C2,10,10,10,10,True,1.0,0,0.0,1.0,,,0.0,40370218.80129039,40370218.80129039,1.0,1,1,9,9
2020-06-22T00:00:00+00:00,POST_WARMUP,TOP_30,E10,C2,30,30,30,30,True,1.0,0,0.0,1.0,,,0.0,41338563.634412706,41338563.634412706,1.0,14,14,16,16
2020-06-22T00:00:00+00:00,POST_WARMUP,HYSTERESIS,E10,C2,6,6,6,6,True,1.0,0,0.0,1.0,,,0.0,37531927.19807378,37531927.19807378,1.0,1,1,5,5
2020-06-29T00:00:00+00:00,POST_WARMUP,TOP_4,E10,C2,4,4,4,4,True,1.0,0,0.0,1.0,,,0.0,36449716.439764135,36449716.439764135,1.0,0,0,4,4
2020-06-29T00:00:00+00:00,POST_WARMUP,TOP_6,E10,C2,6,6,6,6,True,1.0,0,0.0,1.0,,,0.0,37894876.668911085,37894876.668911085,1.0,0,0,6,6
2020-06-29T00:00:00+00:00,POST_WARMUP,TOP_8,E10,C2,8,8,8,8,True,1.0,0,0.0,1.0,,,0.0,39099589.48354053,39099589.48354053,1.0,1,1,7,7
2020-06-29T00:00:00+00:00,POST_WARMUP,TOP_10,E10,C2,10,10,10,10,True,1.0,0,0.0,1.0,,,0.0,39878557.43742374,39878557.43742374,1.0,1,1,9,9
2020-06-29T00:00:00+00:00,POST_WARMUP,TOP_30,E10,C2,30,30,30,30,True,1.0,0,0.0,1.0,,,0.0,40917190.32854104,40917190.32854104,1.0,14,14,16,16
2020-06-29T00:00:00+00:00,POST_WARMUP,HYSTERESIS,E10,C2,6,6,6,6,True,1.0,0,0.0,1.0,,,0.0,37307898.06077808,37307898.06077808,1.0,1,1,5,5
2020-07-06T00:00:00+00:00,POST_WARMUP,TOP_4,E10,C2,4,4,4,4,True,1.0,0,0.0,1.0,,,0.0,32149022.661117088,32149022.661117088,1.0,0,0,4,4
2020-07-06T00:00:00+00:00,POST_WARMUP,TOP_6,E10,C2,6,6,6,6,True,1.0,0,0.0,1.0,,,0.0,33583089.83596877,33583089.83596877,1.0,1,1,5,5
2020-07-06T00:00:00+00:00,POST_WARMUP,TOP_8,E10,C2,8,8,8,8,True,1.0,0,0.0,1.0,,,0.0,34580269.49341889,34580269.49341889,1.0,1,1,7,7
2020-07-06T00:00:00+00:00,POST_WARMUP,TOP_10,E10,C2,10,10,10,10,True,1.0,0,0.0,1.0,,,0.0,35253144.40586111,35253144.40586111,1.0,1,1,9,9
2020-07-06T00:00:00+00:00,POST_WARMUP,TOP_30,E10,C2,30,30,30,30,True,1.0,0,0.0,1.0,,,0.0,36389886.15032005,36389886.15032005,1.0,14,14,16,16
2020-07-06T00:00:00+00:00,POST_WARMUP,HYSTERESIS,E10,C2,6,6,6,6,True,1.0,0,0.0,1.0,,,0.0,32788578.07065645,32788578.07065645,1.0,1,1,5,5
2020-07-13T00:00:00+00:00,POST_WARMUP,TOP_4,E10,C2,4,4,4,4,True,1.0,0,0.0,1.0,,,0.0,33714813.5792361,33714813.5792361,1.0,0,0,4,4
2020-07-13T00:00:00+00:00,POST_WARMUP,TOP_6,E10,C2,6,6,6,6,True,1.0,0,0.0,1.0,,,0.0,35240965.612559125,35240965.612559125,1.0,1,1,5,5
2020-07-13T00:00:00+00:00,POST_WARMUP,TOP_8,E10,C2,8,8,8,8,True,1.0,0,0.0,1.0,,,0.0,36252497.27400386,36252497.27400386,1.0,1,1,7,7
2020-07-13T00:00:00+00:00,POST_WARMUP,TOP_10,E10,C2,10,10,10,10,True,1.0,0,0.0,1.0,,,0.0,37003834.97547192,37003834.97547192,1.0,2,2,8,8
2020-07-13T00:00:00+00:00,POST_WARMUP,TOP_30,E10,C2,30,30,30,30,True,1.0,0,0.0,1.0,,,0.0,38899662.689501636,38899662.689501636,1.0,15,15,15,15
2020-07-13T00:00:00+00:00,POST_WARMUP,HYSTERESIS,E10,C2,6,6,6,6,True,1.0,0,0.0,1.0,,,0.0,34207161.607605614,34207161.607605614,1.0,1,1,5,5
2020-07-20T00:00:00+00:00,POST_WARMUP,TOP_4,E10,C2,4,4,4,4,True,1.0,0,0.0,1.0,,,0.0,34126702.757700264,34126702.757700264,1.0,0,0,4,4
2020-07-20T00:00:00+00:00,POST_WARMUP,TOP_6,E10,C2,6,6,6,6,True,1.0,0,0.0,1.0,,,0.0,35927929.50790338,35927929.50790338,1.0,1,1,5,5
2020-07-20T00:00:00+00:00,POST_WARMUP,TOP_8,E10,C2,8,8,8,8,True,1.0,0,0.0,1.0,,,0.0,37523986.50964215,37523986.50964215,1.0,1,1,7,7
2020-07-20T00:00:00+00:00,POST_WARMUP,TOP_10,E10,C2,10,10,10,10,True,1.0,0,0.0,1.0,,,0.0,38506330.3696926,38506330.3696926,1.0,2,2,8,8
2020-07-20T00:00:00+00:00,POST_WARMUP,TOP_30,E10,C2,30,30,30,30,True,1.0,0,0.0,1.0,,,0.0,40970021.32408507,40970021.32408507,1.0,15,15,15,15
2020-07-20T00:00:00+00:00,POST_WARMUP,HYSTERESIS,E10,C2,6,6,6,6,True,1.0,0,0.0,1.0,,,0.0,35927929.50790338,35927929.50790338,1.0,1,1,5,5
2020-07-27T00:00:00+00:00,POST_WARMUP,TOP_4,E10,C2,4,4,4,4,True,1.0,0,0.0,1.0,,,0.0,34986825.32375976,34986825.32375976,1.0,0,0,4,4
2020-07-27T00:00:00+00:00,POST_WARMUP,TOP_6,E10,C2,6,6,6,6,True,1.0,0,0.0,1.0,,,0.0,37270061.84278688,37270061.84278688,1.0,0,0,6,6
2020-07-27T00:00:00+00:00,POST_WARMUP,TOP_8,E10,C2,8,8,8,8,True,1.0,0,0.0,1.0,,,0.0,39340714.25051255,39340714.25051255,1.0,1,1,7,7
2020-07-27T00:00:00+00:00,POST_WARMUP,TOP_10,E10,C2,10,10,10,10,True,1.0,0,0.0,1.0,,,0.0,40581922.23561222,40581922.23561222,1.0,2,2,8,8
2020-07-27T00:00:00+00:00,POST_WARMUP,TOP_30,E10,C2,30,30,30,30,True,1.0,0,0.0,1.0,,,0.0,43664912.60289657,43664912.60289657,1.0,15,15,15,15
2020-07-27T00:00:00+00:00,POST_WARMUP,HYSTERESIS,E10,C2,6,6,6,6,True,1.0,0,0.0,1.0,,,0.0,37222961.58695872,37222961.58695872,1.0,1,1,5,5
2020-08-03T00:00:00+00:00,POST_WARMUP,TOP_4,E10,C2,4,4,4,4,True,1.0,0,0.0,1.0,,,0.0,45018744.04328152,45018744.04328152,1.0,0,0,4,4
2020-08-03T00:00:00+00:00,POST_WARMUP,TOP_6,E10,C2,6,6,6,6,True,1.0,0,0.0,1.0,,,0.0,48127627.526102565,48127627.526102565,1.0,1,1,5,5
2020-08-03T00:00:00+00:00,POST_WARMUP,TOP_8,E10,C2,8,8,8,8,True,1.0,0,0.0,1.0,,,0.0,50635045.16502281,50635045.16502281,1.0,1,1,7,7
2020-08-03T00:00:00+00:00,POST_WARMUP,TOP_10,E10,C2,10,10,10,10,True,1.0,0,0.0,1.0,,,0.0,51997467.07337798,51997467.07337798,1.0,2,2,8,8
2020-08-03T00:00:00+00:00,POST_WARMUP,TOP_30,E10,C2,30,30,30,30,True,1.0,0,0.0,1.0,,,0.0,55687673.45822232,55687673.45822232,1.0,16,16,14,14
2020-08-03T00:00:00+00:00,POST_WARMUP,HYSTERESIS,E10,C2,6,6,6,6,True,1.0,0,0.0,1.0,,,0.0,48127627.526102565,48127627.526102565,1.0,1,1,5,5
2020-08-10T00:00:00+00:00,POST_WARMUP,TOP_4,E10,C2,4,4,4,4,True,1.0,0,0.0,1.0,,,0.0,69434165.76455854,69434165.76455854,1.0,0,0,4,4
2020-08-10T00:00:00+00:00,POST_WARMUP,TOP_6,E10,C2,6,6,6,6,True,1.0,0,0.0,1.0,,,0.0,73473353.8806238,73473353.8806238,1.0,1,1,5,5
2020-08-10T00:00:00+00:00,POST_WARMUP,TOP_8,E10,C2,8,8,8,8,True,1.0,0,0.0,1.0,,,0.0,76227874.04208235,76227874.04208235,1.0,1,1,7,7
2020-08-10T00:00:00+00:00,POST_WARMUP,TOP_10,E10,C2,10,10,10,10,True,1.0,0,0.0,1.0,,,0.0,77811019.79010752,77811019.79010752,1.0,1,1,9,9
2020-08-10T00:00:00+00:00,POST_WARMUP,TOP_30,E10,C2,30,30,30,30,True,1.0,0,0.0,1.0,,,0.0,82169246.01520629,82169246.01520629,1.0,16,16,14,14
2020-08-10T00:00:00+00:00,POST_WARMUP,HYSTERESIS,E10,C2,6,6,6,6,True,1.0,0,0.0,1.0,,,0.0,73473353.8806238,73473353.8806238,1.0,1,1,5,5
2020-08-17T00:00:00+00:00,POST_WARMUP,TOP_4,E10,C2,4,4,4,4,True,1.0,0,0.0,1.0,,,0.0,87484915.4021442,87484915.4021442,1.0,0,0,4,4
2020-08-17T00:00:00+00:00,POST_WARMUP,TOP_6,E10,C2,6,6,6,6,True,1.0,0,0.0,1.0,,,0.0,92337784.66485906,92337784.66485906,1.0,1,1,5,5
2020-08-17T00:00:00+00:00,POST_WARMUP,TOP_8,E10,C2,8,8,8,8,True,1.0,0,0.0,1.0,,,0.0,96090452.71212807,96090452.71212807,1.0,1,1,7,7
2020-08-17T00:00:00+00:00,POST_WARMUP,TOP_10,E10,C2,10,10,10,10,True,1.0,0,0.0,1.0,,,0.0,97725447.7233583,97725447.7233583,1.0,1,1,9,9
2020-08-17T00:00:00+00:00,POST_WARMUP,TOP_30,E10,C2,30,30,30,30,True,1.0,0,0.0,1.0,,,0.0,103148428.1258427,103148428.1258427,1.0,16,16,14,14
2020-08-17T00:00:00+00:00,POST_WARMUP,HYSTERESIS,E10,C2,6,6,6,6,True,1.0,0,0.0,1.0,,,0.0,92337784.66485906,92337784.66485906,1.0,1,1,5,5
2020-08-24T00:00:00+00:00,POST_WARMUP,TOP_4,E10,C2,4,4,4,4,True,1.0,0,0.0,1.0,,,0.0,96098313.95266853,96098313.95266853,1.0,0,0,4,4
2020-08-24T00:00:00+00:00,POST_WARMUP,TOP_6,E10,C2,6,6,6,6,True,1.0,0,0.0,1.0,,,0.0,102502461.1932202,102502461.1932202,1.0,1,1,5,5
2020-08-24T00:00:00+00:00,POST_WARMUP,TOP_8,E10,C2,8,8,8,8,True,1.0,0,0.0,1.0,,,0.0,107116313.08605014,107116313.08605014,1.0,1,1,7,7
2020-08-24T00:00:00+00:00,POST_WARMUP,TOP_10,E10,C2,10,10,10,10,True,1.0,0,0.0,1.0,,,0.0,109775423.77829574,109775423.77829574,1.0,1,1,9,9
2020-08-24T00:00:00+00:00,POST_WARMUP,TOP_30,E10,C2,30,30,30,30,True,1.0,0,0.0,1.0,,,0.0,116226889.87912582,116226889.87912582,1.0,15,15,15,15
2020-08-24T00:00:00+00:00,POST_WARMUP,HYSTERESIS,E10,C2,6,6,6,6,True,1.0,0,0.0,1.0,,,0.0,101526408.69876812,101526408.69876812,1.0,1,1,5,5
2020-08-31T00:00:00+00:00,POST_WARMUP,TOP_4,E10,C2,4,4,4,4,True,1.0,0,0.0,1.0,,,0.05128205128205128,91093322.91743606,91093322.91743606,1.0,0,0,4,4
2020-08-31T00:00:00+00:00,POST_WARMUP,TOP_6,E10,C2,6,6,5,7,False,0.7142857142857143,2,1.0,0.8333333333333334,ATOM,BCHSV,0.05128205128205128,97166307.4011317,97269236.45037657,1.0010593080255683,0,1,6,5
2020-08-31T00:00:00+00:00,POST_WARMUP,TOP_8,E10,C2,8,8,8,8,True,1.0,0,0.0,1.0,,,0.05128205128205128,102491122.2616182,102491122.2616182,1.0,1,1,7,7
2020-08-31T00:00:00+00:00,POST_WARMUP,TOP_10,E10,C2,10,10,10,10,True,1.0,0,0.0,1.0,,,0.05128205128205128,106367917.20837751,106367917.20837751,1.0,1,1,9,9
2020-08-31T00:00:00+00:00,POST_WARMUP,TOP_30,E10,C2,30,30,30,30,True,1.0,0,0.0,1.0,,,0.05128205128205128,113104352.34037964,113104352.34037964,1.0,15,15,15,15
2020-08-31T00:00:00+00:00,POST_WARMUP,HYSTERESIS,E10,C2,6,6,6,6,True,1.0,0,0.0,1.0,,,0.05128205128205128,97269236.45037657,97269236.45037657,1.0,1,1,5,5
2020-09-07T00:00:00+00:00,POST_WARMUP,TOP_4,E10,C2,4,4,4,4,True,1.0,0,0.0,1.0,,,0.0,93743773.83589566,93743773.83589566,1.0,0,0,4,4
2020-09-07T00:00:00+00:00,POST_WARMUP,TOP_6,E10,C2,6,6,6,6,True,1.0,0,0.0,1.0,,,0.0,100269340.35958052,100269340.35958052,1.0,0,0,6,6
2020-09-07T00:00:00+00:00,POST_WARMUP,TOP_8,E10,C2,8,8,8,8,True,1.0,0,0.0,1.0,,,0.0,106340122.29885164,106340122.29885164,1.0,0,0,8,8
2020-09-07T00:00:00+00:00,POST_WARMUP,TOP_10,E10,C2,10,10,10,10,True,1.0,0,0.0,1.0,,,0.0,111504609.99130265,111504609.99130265,1.0,1,1,9,9
2020-09-07T00:00:00+00:00,POST_WARMUP,TOP_30,E10,C2,30,30,30,30,True,1.0,0,0.0,1.0,,,0.0,118659463.17333771,118659463.17333771,1.0,15,15,15,15
2020-09-07T00:00:00+00:00,POST_WARMUP,HYSTERESIS,E10,C2,6,6,6,6,True,1.0,0,0.0,1.0,,,0.0,100269340.35958052,100269340.35958052,1.0,0,0,6,6
2020-09-14T00:00:00+00:00,POST_WARMUP,TOP_4,E10,C2,4,4,4,4,True,1.0,0,0.0,1.0,,,0.0,92634575.27628893,92634575.27628893,1.0,0,0,4,4
2020-09-14T00:00:00+00:00,POST_WARMUP,TOP_6,E10,C2,6,6,6,6,True,1.0,0,0.0,1.0,,,0.0,99850333.75513628,99850333.75513628,1.0,0,0,6,6
2020-09-14T00:00:00+00:00,POST_WARMUP,TOP_8,E10,C2,8,8,8,8,True,1.0,0,0.0,1.0,,,0.0,105276224.45230998,105276224.45230998,1.0,0,0,8,8
2020-09-14T00:00:00+00:00,POST_WARMUP,TOP_10,E10,C2,10,10,10,10,True,1.0,0,0.0,1.0,,,0.0,109958914.54184954,109958914.54184954,1.0,1,1,9,9
2020-09-14T00:00:00+00:00,POST_WARMUP,TOP_30,E10,C2,30,30,30,30,True,1.0,0,0.0,1.0,,,0.0,116773562.69207172,116773562.69207172,1.0,15,15,15,15
2020-09-14T00:00:00+00:00,POST_WARMUP,HYSTERESIS,E10,C2,6,6,6,6,True,1.0,0,0.0,1.0,,,0.0,98060465.97346261,98060465.97346261,1.0,0,0,6,6
2020-09-21T00:00:00+00:00,POST_WARMUP,TOP_4,E10,C2,4,4,4,4,True,1.0,0,0.0,1.0,,,0.0,82205902.85220402,82205902.85220402,1.0,0,0,4,4
2020-09-21T00:00:00+00:00,POST_WARMUP,TOP_6,E10,C2,6,6,6,6,True,1.0,0,0.0,1.0,,,0.0,87695267.49761574,87695267.49761574,1.0,0,0,6,6
2020-09-21T00:00:00+00:00,POST_WARMUP,TOP_8,E10,C2,8,8,8,8,True,1.0,0,0.0,1.0,,,0.0,92233747.16166306,92233747.16166306,1.0,0,0,8,8
2020-09-21T00:00:00+00:00,POST_WARMUP,TOP_10,E10,C2,10,10,10,10,True,1.0,0,0.0,1.0,,,0.0,95072845.5148593,95072845.5148593,1.0,1,1,9,9
2020-09-21T00:00:00+00:00,POST_WARMUP,TOP_30,E10,C2,30,30,30,30,True,1.0,0,0.0,1.0,,,0.0,100914607.0051414,100914607.0051414,1.0,15,15,15,15
2020-09-21T00:00:00+00:00,POST_WARMUP,HYSTERESIS,E10,C2,6,6,6,6,True,1.0,0,0.0,1.0,,,0.0,87695267.49761574,87695267.49761574,1.0,0,0,6,6
2020-09-28T00:00:00+00:00,POST_WARMUP,TOP_4,E10,C2,4,4,4,4,True,1.0,0,0.0,1.0,,,0.0,76271617.53071016,76271617.53071016,1.0,0,0,4,4
2020-09-28T00:00:00+00:00,POST_WARMUP,TOP_6,E10,C2,6,6,6,6,True,1.0,0,0.0,1.0,,,0.0,81113399.1137928,81113399.1137928,1.0,0,0,6,6
2020-09-28T00:00:00+00:00,POST_WARMUP,TOP_8,E10,C2,8,8,8,8,True,1.0,0,0.0,1.0,,,0.0,84825499.53423524,84825499.53423524,1.0,0,0,8,8
2020-09-28T00:00:00+00:00,POST_WARMUP,TOP_10,E10,C2,10,10,10,10,True,1.0,0,0.0,1.0,,,0.0,87309072.07165378,87309072.07165378,1.0,1,1,9,9
2020-09-28T00:00:00+00:00,POST_WARMUP,TOP_30,E10,C2,30,30,30,30,True,1.0,0,0.0,1.0,,,0.0,93154933.22007519,93154933.22007519,1.0,16,16,14,14
2020-09-28T00:00:00+00:00,POST_WARMUP,HYSTERESIS,E10,C2,6,6,6,6,True,1.0,0,0.0,1.0,,,0.0,81063328.49842028,81063328.49842028,1.0,0,0,6,6
2020-10-05T00:00:00+00:00,POST_WARMUP,TOP_4,E10,C2,4,4,4,4,True,1.0,0,0.0,1.0,,,0.0,59621318.28255545,59621318.28255545,1.0,0,0,4,4
2020-10-05T00:00:00+00:00,POST_WARMUP,TOP_6,E10,C2,6,6,6,6,True,1.0,0,0.0,1.0,,,0.0,63687185.934931725,63687185.934931725,1.0,0,0,6,6
2020-10-05T00:00:00+00:00,POST_WARMUP,TOP_8,E10,C2,8,8,8,8,True,1.0,0,0.0,1.0,,,0.0,66265646.15011319,66265646.15011319,1.0,0,0,8,8
2020-10-05T00:00:00+00:00,POST_WARMUP,TOP_10,E10,C2,10,10,10,10,True,1.0,0,0.0,1.0,,,0.0,68135284.14597616,68135284.14597616,1.0,2,2,8,8
2020-10-05T00:00:00+00:00,POST_WARMUP,TOP_30,E10,C2,30,30,30,30,True,1.0,0,0.0,1.0,,,0.0,72702398.48388956,72702398.48388956,1.0,15,15,15,15
2020-10-05T00:00:00+00:00,POST_WARMUP,HYSTERESIS,E10,C2,6,6,6,6,True,1.0,0,0.0,1.0,,,0.0,63687185.934931725,63687185.934931725,1.0,0,0,6,6
2020-10-12T00:00:00+00:00,POST_WARMUP,TOP_4,E10,C2,4,4,4,4,True,1.0,0,0.0,1.0,,,0.0,40667831.50151193,40667831.50151193,1.0,0,0,4,4
2020-10-12T00:00:00+00:00,POST_WARMUP,TOP_6,E10,C2,6,6,6,6,True,1.0,0,0.0,1.0,,,0.0,43094725.05883403,43094725.05883403,1.0,0,0,6,6
2020-10-12T00:00:00+00:00,POST_WARMUP,TOP_8,E10,C2,8,8,8,8,True,1.0,0,0.0,1.0,,,0.0,45054842.0036101,45054842.0036101,1.0,1,1,7,7
2020-10-12T00:00:00+00:00,POST_WARMUP,TOP_10,E10,C2,10,10,10,10,True,1.0,0,0.0,1.0,,,0.0,46551693.554895334,46551693.554895334,1.0,1,1,9,9
2020-10-12T00:00:00+00:00,POST_WARMUP,TOP_30,E10,C2,30,30,30,30,True,1.0,0,0.0,1.0,,,0.0,49746621.60320916,49746621.60320916,1.0,15,15,15,15
2020-10-12T00:00:00+00:00,POST_WARMUP,HYSTERESIS,E10,C2,6,6,6,6,True,1.0,0,0.0,1.0,,,0.0,43094725.05883403,43094725.05883403,1.0,0,0,6,6
2020-10-19T00:00:00+00:00,POST_WARMUP,TOP_4,E10,C2,4,4,4,4,True,1.0,0,0.0,1.0,,,0.0,34286768.76102683,34286768.76102683,1.0,0,0,4,4
2020-10-19T00:00:00+00:00,POST_WARMUP,TOP_6,E10,C2,6,6,6,6,True,1.0,0,0.0,1.0,,,0.0,36337667.60601473,36337667.60601473,1.0,0,0,6,6
2020-10-19T00:00:00+00:00,POST_WARMUP,TOP_8,E10,C2,8,8,8,8,True,1.0,0,0.0,1.0,,,0.0,38121860.12647191,38121860.12647191,1.0,1,1,7,7
2020-10-19T00:00:00+00:00,POST_WARMUP,TOP_10,E10,C2,10,10,10,10,True,1.0,0,0.0,1.0,,,0.0,39436180.966950834,39436180.966950834,1.0,1,1,9,9
2020-10-19T00:00:00+00:00,POST_WARMUP,TOP_30,E10,C2,30,30,30,30,True,1.0,0,0.0,1.0,,,0.0,41835168.99177885,41835168.99177885,1.0,15,15,15,15
2020-10-19T00:00:00+00:00,POST_WARMUP,HYSTERESIS,E10,C2,6,6,6,6,True,1.0,0,0.0,1.0,,,0.0,36308816.69516157,36308816.69516157,1.0,0,0,6,6
2020-10-26T00:00:00+00:00,POST_WARMUP,TOP_4,E10,C2,4,4,4,4,True,1.0,0,0.0,1.0,,,0.047619047619047616,31247477.270544127,31247477.270544127,1.0,0,0,4,4
2020-10-26T00:00:00+00:00,POST_WARMUP,TOP_6,E10,C2,6,6,5,7,False,0.7142857142857143,2,1.0,0.8333333333333334,ADA,BCHSV,0.047619047619047616,33336764.55342268,33341298.11160446,1.000135992746822,0,1,6,5
2020-10-26T00:00:00+00:00,POST_WARMUP,TOP_8,E10,C2,8,8,8,8,True,1.0,0,0.0,1.0,,,0.047619047619047616,34982134.22953332,34982134.22953332,1.0,1,1,7,7
2020-10-26T00:00:00+00:00,POST_WARMUP,TOP_10,E10,C2,10,10,10,10,True,1.0,0,0.0,1.0,,,0.047619047619047616,36143845.12443707,36143845.12443707,1.0,1,1,9,9
2020-10-26T00:00:00+00:00,POST_WARMUP,TOP_30,E10,C2,30,30,30,30,True,1.0,0,0.0,1.0,,,0.047619047619047616,38335796.17381042,38335796.17381042,1.0,14,14,16,16
2020-10-26T00:00:00+00:00,POST_WARMUP,HYSTERESIS,E10,C2,6,6,6,6,True,1.0,0,0.0,1.0,,,0.047619047619047616,33232220.557140484,33232220.557140484,1.0,0,0,6,6
2020-11-02T00:00:00+00:00,POST_WARMUP,TOP_4,E10,C2,4,4,4,4,True,1.0,0,0.0,1.0,,,0.047619047619047616,33976399.00843528,33976399.00843528,1.0,0,0,4,4
2020-11-02T00:00:00+00:00,POST_WARMUP,TOP_6,E10,C2,6,6,5,7,False,0.7142857142857143,2,1.0,0.8333333333333334,LTC,BCHSV,0.047619047619047616,36218217.123453625,36295841.82996453,1.0021432503495773,0,1,6,5
2020-11-02T00:00:00+00:00,POST_WARMUP,TOP_8,E10,C2,8,8,8,8,True,1.0,0,0.0,1.0,,,0.047619047619047616,38006341.98789246,38006341.98789246,1.0,1,1,7,7
2020-11-02T00:00:00+00:00,POST_WARMUP,TOP_10,E10,C2,10,10,10,10,True,1.0,0,0.0,1.0,,,0.047619047619047616,39129301.405554146,39129301.405554146,1.0,1,1,9,9
2020-11-02T00:00:00+00:00,POST_WARMUP,TOP_30,E10,C2,30,30,30,30,True,1.0,0,0.0,1.0,,,0.047619047619047616,41261211.15716392,41261211.15716392,1.0,14,14,16,16
2020-11-02T00:00:00+00:00,POST_WARMUP,HYSTERESIS,E10,C2,6,6,5,7,False,0.7142857142857143,2,1.0,0.8333333333333334,LTC,BCHSV,0.047619047619047616,36218217.123453625,36295841.82996453,1.0021432503495773,0,1,6,5
2020-11-09T00:00:00+00:00,POST_WARMUP,TOP_4,E10,C2,4,4,4,4,True,1.0,0,0.0,1.0,,,0.0,44772359.96979859,44772359.96979859,1.0,0,0,4,4
2020-11-09T00:00:00+00:00,POST_WARMUP,TOP_6,E10,C2,6,6,6,6,True,1.0,0,0.0,1.0,,,0.0,47662782.071162105,47662782.071162105,1.0,0,0,6,6
2020-11-09T00:00:00+00:00,POST_WARMUP,TOP_8,E10,C2,8,8,8,8,True,1.0,0,0.0,1.0,,,0.0,49699183.215026505,49699183.215026505,1.0,1,1,7,7
2020-11-09T00:00:00+00:00,POST_WARMUP,TOP_10,E10,C2,10,10,10,10,True,1.0,0,0.0,1.0,,,0.0,50626949.104897045,50626949.104897045,1.0,1,1,9,9
2020-11-09T00:00:00+00:00,POST_WARMUP,TOP_30,E10,C2,30,30,30,30,True,1.0,0,0.0,1.0,,,0.0,52661263.75857262,52661263.75857262,1.0,14,14,16,16
2020-11-09T00:00:00+00:00,POST_WARMUP,HYSTERESIS,E10,C2,6,6,5,7,False,0.7142857142857143,2,1.0,0.8333333333333334,LTC,BCHSV,0.0,47662782.071162105,47369460.44747952,0.9938458979745529,0,1,6,5
2020-11-16T00:00:00+00:00,POST_WARMUP,TOP_4,E10,C2,4,4,4,4,True,1.0,0,0.0,1.0,,,0.0,51136874.62039508,51136874.62039508,1.0,0,0,4,4
2020-11-16T00:00:00+00:00,POST_WARMUP,TOP_6,E10,C2,6,6,6,6,True,1.0,0,0.0,1.0,,,0.0,54035592.96635769,54035592.96635769,1.0,0,0,6,6
2020-11-16T00:00:00+00:00,POST_WARMUP,TOP_8,E10,C2,8,8,8,8,True,1.0,0,0.0,1.0,,,0.0,56064018.77016915,56064018.77016915,1.0,1,1,7,7
2020-11-16T00:00:00+00:00,POST_WARMUP,TOP_10,E10,C2,10,10,10,10,True,1.0,0,0.0,1.0,,,0.0,56999598.511667356,56999598.511667356,1.0,2,2,8,8
2020-11-16T00:00:00+00:00,POST_WARMUP,TOP_30,E10,C2,30,30,30,30,True,1.0,0,0.0,1.0,,,0.0,59096087.42587642,59096087.42587642,1.0,14,14,16,16
2020-11-16T00:00:00+00:00,POST_WARMUP,HYSTERESIS,E10,C2,6,6,5,7,False,0.7142857142857143,2,1.0,0.8333333333333334,LTC,BCHSV,0.0,54035592.96635769,53582656.54266159,0.9916178133924042,0,1,6,5
2020-11-23T00:00:00+00:00,POST_WARMUP,TOP_4,E10,C2,4,4,4,4,True,1.0,0,0.0,1.0,,,0.0,54393757.239391916,54393757.239391916,1.0,0,0,4,4
2020-11-23T00:00:00+00:00,POST_WARMUP,TOP_6,E10,C2,6,6,6,6,True,1.0,0,0.0,1.0,,,0.0,57202246.25579583,57202246.25579583,1.0,1,1,5,5
2020-11-23T00:00:00+00:00,POST_WARMUP,TOP_8,E10,C2,8,8,8,8,True,1.0,0,0.0,1.0,,,0.0,59023343.551916935,59023343.551916935,1.0,1,1,7,7
2020-11-23T00:00:00+00:00,POST_WARMUP,TOP_10,E10,C2,10,10,10,10,True,1.0,0,0.0,1.0,,,0.0,60456982.01487304,60456982.01487304,1.0,1,1,9,9
2020-11-23T00:00:00+00:00,POST_WARMUP,TOP_30,E10,C2,30,30,30,30,True,1.0,0,0.0,1.0,,,0.0,63880238.699014924,63880238.699014924,1.0,11,11,19,19
2020-11-23T00:00:00+00:00,POST_WARMUP,HYSTERESIS,E10,C2,6,6,5,7,False,0.7142857142857143,2,1.0,0.8333333333333334,LTC,BCHSV,0.0,56978022.67930402,56346338.95336348,0.9889135548017186,0,1,6,5
2020-11-30T00:00:00+00:00,POST_WARMUP,TOP_4,E10,C2,4,4,4,4,True,1.0,0,0.0,1.0,,,0.0,62709767.94334051,62709767.94334051,1.0,0,0,4,4
2020-11-30T00:00:00+00:00,POST_WARMUP,TOP_6,E10,C2,6,6,6,6,True,1.0,0,0.0,1.0,,,0.0,65893491.25245092,65893491.25245092,1.0,0,0,6,6
2020-11-30T00:00:00+00:00,POST_WARMUP,TOP_8,E10,C2,8,8,8,8,True,1.0,0,0.0,1.0,,,0.0,68348587.31184213,68348587.31184213,1.0,1,1,7,7
2020-11-30T00:00:00+00:00,POST_WARMUP,TOP_10,E10,C2,10,10,10,10,True,1.0,0,0.0,1.0,,,0.0,70126817.04784627,70126817.04784627,1.0,1,1,9,9
2020-11-30T00:00:00+00:00,POST_WARMUP,TOP_30,E10,C2,30,30,30,30,True,1.0,0,0.0,1.0,,,0.0,74417385.5405806,74417385.5405806,1.0,10,10,20,20
2020-11-30T00:00:00+00:00,POST_WARMUP,HYSTERESIS,E10,C2,6,6,5,7,False,0.7142857142857143,2,1.0,0.8333333333333334,ADA,BCHSV,0.0,65893491.25245092,65882224.321800895,0.9998290129960353,0,1,6,5
2020-12-07T00:00:00+00:00,POST_WARMUP,TOP_4,E10,C2,4,4,4,4,True,1.0,0,0.0,1.0,,,0.0,66865147.79006448,66865147.79006448,1.0,0,0,4,4
2020-12-07T00:00:00+00:00,POST_WARMUP,TOP_6,E10,C2,6,6,6,6,True,1.0,0,0.0,1.0,,,0.0,71732943.8723373,71732943.8723373,1.0,0,0,6,6
2020-12-07T00:00:00+00:00,POST_WARMUP,TOP_8,E10,C2,8,8,8,8,True,1.0,0,0.0,1.0,,,0.0,74253567.0888095,74253567.0888095,1.0,1,1,7,7
2020-12-07T00:00:00+00:00,POST_WARMUP,TOP_10,E10,C2,10,10,10,10,True,1.0,0,0.0,1.0,,,0.0,76019679.33698381,76019679.33698381,1.0,2,2,8,8
2020-12-07T00:00:00+00:00,POST_WARMUP,TOP_30,E10,C2,30,30,30,30,True,1.0,0,0.0,1.0,,,0.0,81062594.95387323,81062594.95387323,1.0,11,11,19,19
2020-12-07T00:00:00+00:00,POST_WARMUP,HYSTERESIS,E10,C2,6,6,5,7,False,0.7142857142857143,2,1.0,0.8333333333333334,ADA,BCHSV,0.0,71732943.8723373,71590013.94966073,0.9980074716725563,0,1,6,5
2020-12-14T00:00:00+00:00,POST_WARMUP,TOP_4,E10,C2,4,4,4,4,True,1.0,0,0.0,1.0,,,0.0,76338125.09922129,76338125.09922129,1.0,0,0,4,4
2020-12-14T00:00:00+00:00,POST_WARMUP,TOP_6,E10,C2,6,6,6,6,True,1.0,0,0.0,1.0,,,0.0,81488662.13249892,81488662.13249892,1.0,1,1,5,5
2020-12-14T00:00:00+00:00,POST_WARMUP,TOP_8,E10,C2,8,8,8,8,True,1.0,0,0.0,1.0,,,0.0,84225657.25496277,84225657.25496277,1.0,1,1,7,7
2020-12-14T00:00:00+00:00,POST_WARMUP,TOP_10,E10,C2,10,10,10,10,True,1.0,0,0.0,1.0,,,0.0,86396901.1580931,86396901.1580931,1.0,3,3,7,7
2020-12-14T00:00:00+00:00,POST_WARMUP,TOP_30,E10,C2,30,30,30,30,True,1.0,0,0.0,1.0,,,0.0,91590908.33563334,91590908.33563334,1.0,10,10,20,20
2020-12-14T00:00:00+00:00,POST_WARMUP,HYSTERESIS,E10,C2,6,6,5,7,False,0.7142857142857143,2,1.0,0.8333333333333334,ADA,BCHSV,0.0,81216293.86589675,81488662.13249892,1.003353616049655,0,1,6,5
2020-12-21T00:00:00+00:00,POST_WARMUP,TOP_4,E10,C2,4,4,4,4,True,1.0,0,0.0,1.0,,,0.0,77353801.09936541,77353801.09936541,1.0,0,0,4,4
2020-12-21T00:00:00+00:00,POST_WARMUP,TOP_6,E10,C2,6,6,6,6,True,1.0,0,0.0,1.0,,,0.0,82448241.00555338,82448241.00555338,1.0,1,1,5,5
2020-12-21T00:00:00+00:00,POST_WARMUP,TOP_8,E10,C2,8,8,8,8,True,1.0,0,0.0,1.0,,,0.0,85808804.75595807,85808804.75595807,1.0,2,2,6,6
2020-12-21T00:00:00+00:00,POST_WARMUP,TOP_10,E10,C2,10,10,10,10,True,1.0,0,0.0,1.0,,,0.0,87918694.16665968,87918694.16665968,1.0,3,3,7,7
2020-12-21T00:00:00+00:00,POST_WARMUP,TOP_30,E10,C2,30,30,30,30,True,1.0,0,0.0,1.0,,,0.0,93977362.48652467,93977362.48652467,1.0,8,8,22,22
2020-12-21T00:00:00+00:00,POST_WARMUP,HYSTERESIS,E10,C2,6,6,5,7,False,0.7142857142857143,2,1.0,0.8333333333333334,ADA,BCHSV,0.0,82213041.72411123,82448241.00555338,1.0028608512288284,0,1,6,5
2020-12-28T00:00:00+00:00,POST_WARMUP,TOP_4,E10,C2,4,4,4,4,True,1.0,0,0.0,1.0,,,0.0,74070631.36082274,74070631.36082274,1.0,0,0,4,4
2020-12-28T00:00:00+00:00,POST_WARMUP,TOP_6,E10,C2,6,6,6,6,True,1.0,0,0.0,1.0,,,0.0,80188642.86248696,80188642.86248696,1.0,1,1,5,5
2020-12-28T00:00:00+00:00,POST_WARMUP,TOP_8,E10,C2,8,8,8,8,True,1.0,0,0.0,1.0,,,0.0,83071250.45136112,83071250.45136112,1.0,2,2,6,6
2020-12-28T00:00:00+00:00,POST_WARMUP,TOP_10,E10,C2,10,10,10,10,True,1.0,0,0.0,1.0,,,0.0,84761330.17252341,84761330.17252341,1.0,3,3,7,7
2020-12-28T00:00:00+00:00,POST_WARMUP,TOP_30,E10,C2,30,30,30,30,True,1.0,0,0.0,1.0,,,0.0,90194608.12515086,90194608.12515086,1.0,8,8,22,22
2020-12-28T00:00:00+00:00,POST_WARMUP,HYSTERESIS,E10,C2,6,6,5,7,False,0.7142857142857143,2,1.0,0.8333333333333334,ADA,BCHSV,0.0,79557134.4112394,80188642.86248696,1.0079377978596264,0,1,6,5
2021-01-04T00:00:00+00:00,POST_WARMUP,TOP_4,E10,C2,4,4,4,4,True,1.0,0,0.0,1.0,,,0.0,84677384.66090858,84677384.66090858,1.0,0,0,4,4
2021-01-04T00:00:00+00:00,POST_WARMUP,TOP_6,E10,C2,6,6,6,6,True,1.0,0,0.0,1.0,,,0.0,92838820.23840253,92838820.23840253,1.0,1,1,5,5
2021-01-04T00:00:00+00:00,POST_WARMUP,TOP_8,E10,C2,8,8,8,8,True,1.0,0,0.0,1.0,,,0.0,95896069.29367284,95896069.29367284,1.0,2,2,6,6
2021-01-04T00:00:00+00:00,POST_WARMUP,TOP_10,E10,C2,10,10,10,10,True,1.0,0,0.0,1.0,,,0.0,97705261.73250282,97705261.73250282,1.0,3,3,7,7
2021-01-04T00:00:00+00:00,POST_WARMUP,TOP_30,E10,C2,30,30,30,30,True,1.0,0,0.0,1.0,,,0.0,103787937.9914279,103787937.9914279,1.0,8,8,22,22
2021-01-04T00:00:00+00:00,POST_WARMUP,HYSTERESIS,E10,C2,6,6,5,7,False,0.7142857142857143,2,1.0,0.8333333333333334,ADA,BCHSV,0.0,92091366.63234164,92838820.23840253,1.0081164351599317,0,1,6,5
2021-01-11T00:00:00+00:00,POST_WARMUP,TOP_4,E10,C2,4,4,4,4,True,1.0,0,0.0,1.0,,,0.0,117948866.02185133,117948866.02185133,1.0,0,0,4,4
2021-01-11T00:00:00+00:00,POST_WARMUP,TOP_6,E10,C2,6,6,6,6,True,1.0,0,0.0,1.0,,,0.0,127230187.83452421,127230187.83452421,1.0,1,1,5,5
2021-01-11T00:00:00+00:00,POST_WARMUP,TOP_8,E10,C2,8,8,8,8,True,1.0,0,0.0,1.0,,,0.0,131583468.90532517,131583468.90532517,1.0,1,1,7,7
2021-01-11T00:00:00+00:00,POST_WARMUP,TOP_10,E10,C2,10,10,10,10,True,1.0,0,0.0,1.0,,,0.0,134509269.29794943,134509269.29794943,1.0,2,2,8,8
2021-01-11T00:00:00+00:00,POST_WARMUP,TOP_30,E10,C2,30,30,30,30,True,1.0,0,0.0,1.0,,,0.0,142263567.7606527,142263567.7606527,1.0,8,8,22,22
2021-01-11T00:00:00+00:00,POST_WARMUP,HYSTERESIS,E10,C2,6,6,5,7,False,0.7142857142857143,2,1.0,0.8333333333333334,ADA,BCHSV,0.0,126775307.08380659,127230187.83452421,1.0035880863646176,0,1,6,5
2021-01-18T00:00:00+00:00,POST_WARMUP,TOP_4,E10,C2,4,4,4,4,True,1.0,0,0.0,1.0,,,0.0,212534752.63667345,212534752.63667345,1.0,0,0,4,4
2021-01-18T00:00:00+00:00,POST_WARMUP,TOP_6,E10,C2,6,6,6,6,True,1.0,0,0.0,1.0,,,0.0,225683591.00976226,225683591.00976226,1.0,0,0,6,6
2021-01-18T00:00:00+00:00,POST_WARMUP,TOP_8,E10,C2,8,8,8,8,True,1.0,0,0.0,1.0,,,0.0,234428439.90402323,234428439.90402323,1.0,1,1,7,7
2021-01-18T00:00:00+00:00,POST_WARMUP,TOP_10,E10,C2,10,10,10,10,True,1.0,0,0.0,1.0,,,0.0,239817959.9670112,239817959.9670112,1.0,2,2,8,8
2021-01-18T00:00:00+00:00,POST_WARMUP,TOP_30,E10,C2,30,30,30,30,True,1.0,0,0.0,1.0,,,0.0,251701657.3465048,251701657.3465048,1.0,7,7,23,23
2021-01-18T00:00:00+00:00,POST_WARMUP,HYSTERESIS,E10,C2,6,6,5,7,False,0.7142857142857143,2,1.0,0.8333333333333334,ADA,BCHSV,0.0,225683591.00976226,223908293.2896493,0.9921336872026458,0,1,6,5
2021-01-25T00:00:00+00:00,POST_WARMUP,TOP_4,E10,C2,4,4,4,4,True,1.0,0,0.0,1.0,,,0.0,250830174.66172323,250830174.66172323,1.0,0,0,4,4
2021-01-25T00:00:00+00:00,POST_WARMUP,TOP_6,E10,C2,6,6,6,6,True,1.0,0,0.0,1.0,,,0.0,267781616.35556814,267781616.35556814,1.0,0,0,6,6
2021-01-25T00:00:00+00:00,POST_WARMUP,TOP_8,E10,C2,8,8,8,8,True,1.0,0,0.0,1.0,,,0.0,281718073.05055135,281718073.05055135,1.0,1,1,7,7
2021-01-25T00:00:00+00:00,POST_WARMUP,TOP_10,E10,C2,10,10,10,10,True,1.0,0,0.0,1.0,,,0.0,290424185.99007267,290424185.99007267,1.0,3,3,7,7
2021-01-25T00:00:00+00:00,POST_WARMUP,TOP_30,E10,C2,30,30,30,30,True,1.0,0,0.0,1.0,,,0.0,307909788.74930423,307909788.74930423,1.0,6,6,24,24
2021-01-25T00:00:00+00:00,POST_WARMUP,HYSTERESIS,E10,C2,6,6,5,7,False,0.7142857142857143,2,1.0,0.8333333333333334,ADA,BCHSV,0.0,267781616.35556814,263171507.85943028,0.9827840739820749,0,1,6,5
2021-02-01T00:00:00+00:00,POST_WARMUP,TOP_4,E10,C2,4,4,4,4,True,1.0,0,0.0,1.0,,,0.0,270888439.20977336,270888439.20977336,1.0,0,0,4,4
2021-02-01T00:00:00+00:00,POST_WARMUP,TOP_6,E10,C2,6,6,6,6,True,1.0,0,0.0,1.0,,,0.0,287891224.9389918,287891224.9389918,1.0,0,0,6,6
2021-02-01T00:00:00+00:00,POST_WARMUP,TOP_8,E10,C2,8,8,8,8,True,1.0,0,0.0,1.0,,,0.0,302758892.54619795,302758892.54619795,1.0,1,1,7,7
2021-02-01T00:00:00+00:00,POST_WARMUP,TOP_10,E10,C2,10,10,10,10,True,1.0,0,0.0,1.0,,,0.0,312598114.82213163,312598114.82213163,1.0,2,2,8,8
2021-02-01T00:00:00+00:00,POST_WARMUP,TOP_30,E10,C2,30,30,30,30,True,1.0,0,0.0,1.0,,,0.0,332738263.3310264,332738263.3310264,1.0,7,7,23,23
2021-02-01T00:00:00+00:00,POST_WARMUP,HYSTERESIS,E10,C2,6,6,5,7,False,0.7142857142857143,2,1.0,0.8333333333333334,ADA,BCHSV,0.0,287891224.9389918,284710161.8745479,0.9889504688268356,0,1,6,5
2021-02-08T00:00:00+00:00,POST_WARMUP,TOP_4,E10,C2,4,4,4,4,True,1.0,0,0.0,1.0,,,0.0,216737671.45855194,216737671.45855194,1.0,0,0,4,4
2021-02-08T00:00:00+00:00,POST_WARMUP,TOP_6,E10,C2,6,6,6,6,True,1.0,0,0.0,1.0,,,0.0,233698615.3651789,233698615.3651789,1.0,1,1,5,5
2021-02-08T00:00:00+00:00,POST_WARMUP,TOP_8,E10,C2,8,8,8,8,True,1.0,0,0.0,1.0,,,0.0,249518228.3240795,249518228.3240795,1.0,1,1,7,7
2021-02-08T00:00:00+00:00,POST_WARMUP,TOP_10,E10,C2,10,10,10,10,True,1.0,0,0.0,1.0,,,0.0,260395545.804402,260395545.804402,1.0,2,2,8,8
2021-02-08T00:00:00+00:00,POST_WARMUP,TOP_30,E10,C2,30,30,30,30,True,1.0,0,0.0,1.0,,,0.0,282450782.77545327,282450782.77545327,1.0,8,8,22,22
2021-02-08T00:00:00+00:00,POST_WARMUP,HYSTERESIS,E10,C2,6,6,5,7,False,0.7142857142857143,2,1.0,0.8333333333333334,ADA,BCHSV,0.0,233430738.67053443,231257451.9010366,0.9906898004012863,0,1,6,5
2021-02-15T00:00:00+00:00,POST_WARMUP,TOP_4,E10,C2,4,4,4,4,True,1.0,0,0.0,1.0,,,0.0,226940697.7389384,226940697.7389384,1.0,0,0,4,4
2021-02-15T00:00:00+00:00,POST_WARMUP,TOP_6,E10,C2,6,6,6,6,True,1.0,0,0.0,1.0,,,0.0,244828691.28728774,244828691.28728774,1.0,0,0,6,6
2021-02-15T00:00:00+00:00,POST_WARMUP,TOP_8,E10,C2,8,8,8,8,True,1.0,0,0.0,1.0,,,0.0,261438962.03929836,261438962.03929836,1.0,1,1,7,7
2021-02-15T00:00:00+00:00,POST_WARMUP,TOP_10,E10,C2,10,10,10,10,True,1.0,0,0.0,1.0,,,0.0,274215100.94987845,274215100.94987845,1.0,3,3,7,7
2021-02-15T00:00:00+00:00,POST_WARMUP,TOP_30,E10,C2,30,30,30,30,True,1.0,0,0.0,1.0,,,0.0,304090360.198901,304090360.198901,1.0,9,9,21,21
2021-02-15T00:00:00+00:00,POST_WARMUP,HYSTERESIS,E10,C2,6,6,6,6,True,1.0,0,0.0,1.0,,,0.0,244397645.85527197,244397645.85527197,1.0,0,0,6,6
2021-02-22T00:00:00+00:00,POST_WARMUP,TOP_4,E10,C2,4,4,4,4,True,1.0,0,0.0,1.0,,,0.06451612903225806,261336291.31247976,261336291.31247976,1.0,0,0,4,4
2021-02-22T00:00:00+00:00,POST_WARMUP,TOP_6,E10,C2,6,6,5,7,False,0.7142857142857143,2,1.0,0.8333333333333334,KCS,XLM,0.06451612903225806,282588663.8980342,282828760.256152,1.0008496319519893,0,1,6,5
2021-02-22T00:00:00+00:00,POST_WARMUP,TOP_8,E10,C2,8,8,7,9,False,0.7777777777777778,2,1.0,0.875,DOT,BCHSV,0.06451612903225806,301987759.22746134,302791958.60451216,1.002663019783014,1,2,7,6
2021-02-22T00:00:00+00:00,POST_WARMUP,TOP_10,E10,C2,10,10,10,10,True,1.0,0,0.0,1.0,,,0.06451612903225806,317582224.3495228,317582224.3495228,1.0,3,3,7,7
2021-02-22T00:00:00+00:00,POST_WARMUP,TOP_30,E10,C2,30,30,30,30,True,1.0,0,0.0,1.0,,,0.06451612903225806,357623703.24764663,357623703.24764663,1.0,10,10,20,20
2021-02-22T00:00:00+00:00,POST_WARMUP,HYSTERESIS,E10,C2,6,6,6,6,True,1.0,0,0.0,1.0,,,0.06451612903225806,282588663.8980342,282588663.8980342,1.0,0,0,6,6
2021-03-01T00:00:00+00:00,POST_WARMUP,TOP_4,E10,C2,4,4,4,4,True,1.0,0,0.0,1.0,,,0.0,309287105.7690339,309287105.7690339,1.0,0,0,4,4
2021-03-01T00:00:00+00:00,POST_WARMUP,TOP_6,E10,C2,6,6,6,6,True,1.0,0,0.0,1.0,,,0.0,339687848.12026924,339687848.12026924,1.0,0,0,6,6
2021-03-01T00:00:00+00:00,POST_WARMUP,TOP_8,E10,C2,8,8,8,8,True,1.0,0,0.0,1.0,,,0.0,362872747.92052346,362872747.92052346,1.0,1,1,7,7
2021-03-01T00:00:00+00:00,POST_WARMUP,TOP_10,E10,C2,10,10,10,10,True,1.0,0,0.0,1.0,,,0.0,381744064.1132503,381744064.1132503,1.0,3,3,7,7
2021-03-01T00:00:00+00:00,POST_WARMUP,TOP_30,E10,C2,30,30,30,30,True,1.0,0,0.0,1.0,,,0.0,432838047.67136717,432838047.67136717,1.0,9,9,21,21
2021-03-01T00:00:00+00:00,POST_WARMUP,HYSTERESIS,E10,C2,6,6,6,6,True,1.0,0,0.0,1.0,,,0.0,339687848.12026924,339687848.12026924,1.0,0,0,6,6
2021-03-08T00:00:00+00:00,POST_WARMUP,TOP_4,E10,C2,4,4,4,4,True,1.0,0,0.0,1.0,,,0.0,321008995.7602863,321008995.7602863,1.0,0,0,4,4
2021-03-08T00:00:00+00:00,POST_WARMUP,TOP_6,E10,C2,6,6,6,6,True,1.0,0,0.0,1.0,,,0.0,353871860.91089684,353871860.91089684,1.0,0,0,6,6
2021-03-08T00:00:00+00:00,POST_WARMUP,TOP_8,E10,C2,8,8,8,8,True,1.0,0,0.0,1.0,,,0.0,377764706.4697018,377764706.4697018,1.0,1,1,7,7
2021-03-08T00:00:00+00:00,POST_WARMUP,TOP_10,E10,C2,10,10,10,10,True,1.0,0,0.0,1.0,,,0.0,395840876.20263034,395840876.20263034,1.0,3,3,7,7
2021-03-08T00:00:00+00:00,POST_WARMUP,TOP_30,E10,C2,30,30,30,30,True,1.0,0,0.0,1.0,,,0.0,447708183.43857145,447708183.43857145,1.0,9,9,21,21
2021-03-08T00:00:00+00:00,POST_WARMUP,HYSTERESIS,E10,C2,6,6,6,6,True,1.0,0,0.0,1.0,,,0.0,353871860.91089684,353871860.91089684,1.0,0,0,6,6
2021-03-15T00:00:00+00:00,POST_WARMUP,TOP_4,E10,C2,4,4,4,4,True,1.0,0,0.0,1.0,,,0.0,305744155.84632236,305744155.84632236,1.0,0,0,4,4
2021-03-15T00:00:00+00:00,POST_WARMUP,TOP_6,E10,C2,6,6,6,6,True,1.0,0,0.0,1.0,,,0.0,336363150.1226765,336363150.1226765,1.0,0,0,6,6
2021-03-15T00:00:00+00:00,POST_WARMUP,TOP_8,E10,C2,8,8,8,8,True,1.0,0,0.0,1.0,,,0.0,360929521.26235086,360929521.26235086,1.0,0,0,8,8
2021-03-15T00:00:00+00:00,POST_WARMUP,TOP_10,E10,C2,10,10,10,10,True,1.0,0,0.0,1.0,,,0.0,379284523.3959818,379284523.3959818,1.0,2,2,8,8
2021-03-15T00:00:00+00:00,POST_WARMUP,TOP_30,E10,C2,30,30,30,30,True,1.0,0,0.0,1.0,,,0.0,428791573.4436672,428791573.4436672,1.0,8,8,22,22
2021-03-15T00:00:00+00:00,POST_WARMUP,HYSTERESIS,E10,C2,6,6,6,6,True,1.0,0,0.0,1.0,,,0.0,336363150.1226765,336363150.1226765,1.0,0,0,6,6
2021-03-22T00:00:00+00:00,POST_WARMUP,TOP_4,E10,C2,4,4,4,4,True,1.0,0,0.0,1.0,,,0.0,321435945.5888742,321435945.5888742,1.0,0,0,4,4
2021-03-22T00:00:00+00:00,POST_WARMUP,TOP_6,E10,C2,6,6,6,6,True,1.0,0,0.0,1.0,,,0.0,347779737.6597186,347779737.6597186,1.0,0,0,6,6
2021-03-22T00:00:00+00:00,POST_WARMUP,TOP_8,E10,C2,8,8,8,8,True,1.0,0,0.0,1.0,,,0.0,370374349.51306546,370374349.51306546,1.0,1,1,7,7
2021-03-22T00:00:00+00:00,POST_WARMUP,TOP_10,E10,C2,10,10,10,10,True,1.0,0,0.0,1.0,,,0.0,385059948.42257494,385059948.42257494,1.0,2,2,8,8
2021-03-22T00:00:00+00:00,POST_WARMUP,TOP_30,E10,C2,30,30,30,30,True,1.0,0,0.0,1.0,,,0.0,435380171.3260867,435380171.3260867,1.0,8,8,22,22
2021-03-22T00:00:00+00:00,POST_WARMUP,HYSTERESIS,E10,C2,6,6,6,6,True,1.0,0,0.0,1.0,,,0.0,345741362.5078746,345741362.5078746,1.0,0,0,6,6
2021-03-29T00:00:00+00:00,POST_WARMUP,TOP_4,E10,C2,4,4,4,4,True,1.0,0,0.0,1.0,,,0.0,320807079.3656011,320807079.3656011,1.0,1,1,3,3
2021-03-29T00:00:00+00:00,POST_WARMUP,TOP_6,E10,C2,6,6,6,6,True,1.0,0,0.0,1.0,,,0.0,347638604.87274295,347638604.87274295,1.0,1,1,5,5
2021-03-29T00:00:00+00:00,POST_WARMUP,TOP_8,E10,C2,8,8,8,8,True,1.0,0,0.0,1.0,,,0.0,367691906.6690261,367691906.6690261,1.0,1,1,7,7
2021-03-29T00:00:00+00:00,POST_WARMUP,TOP_10,E10,C2,10,10,10,10,True,1.0,0,0.0,1.0,,,0.0,381784653.17372406,381784653.17372406,1.0,2,2,8,8
2021-03-29T00:00:00+00:00,POST_WARMUP,TOP_30,E10,C2,30,30,30,30,True,1.0,0,0.0,1.0,,,0.0,435819840.15409505,435819840.15409505,1.0,7,7,23,23
2021-03-29T00:00:00+00:00,POST_WARMUP,HYSTERESIS,E10,C2,6,6,6,6,True,1.0,0,0.0,1.0,,,0.0,340497467.35591346,340497467.35591346,1.0,0,0,6,6
2021-04-05T00:00:00+00:00,POST_WARMUP,TOP_4,E10,C2,4,4,4,4,True,1.0,0,0.0,1.0,,,0.0,341643950.9542457,341643950.9542457,1.0,0,0,4,4
2021-04-05T00:00:00+00:00,POST_WARMUP,TOP_6,E10,C2,6,6,6,6,True,1.0,0,0.0,1.0,,,0.0,369199315.1369151,369199315.1369151,1.0,1,1,5,5
2021-04-05T00:00:00+00:00,POST_WARMUP,TOP_8,E10,C2,8,8,8,8,True,1.0,0,0.0,1.0,,,0.0,388174952.02323335,388174952.02323335,1.0,1,1,7,7
2021-04-05T00:00:00+00:00,POST_WARMUP,TOP_10,E10,C2,10,10,10,10,True,1.0,0,0.0,1.0,,,0.0,403547460.5131151,403547460.5131151,1.0,2,2,8,8
2021-04-05T00:00:00+00:00,POST_WARMUP,TOP_30,E10,C2,30,30,30,30,True,1.0,0,0.0,1.0,,,0.0,471694459.74568456,471694459.74568456,1.0,6,6,24,24
2021-04-05T00:00:00+00:00,POST_WARMUP,HYSTERESIS,E10,C2,6,6,6,6,True,1.0,0,0.0,1.0,,,0.0,362153033.65267354,362153033.65267354,1.0,0,0,6,6
2021-04-12T00:00:00+00:00,POST_WARMUP,TOP_4,E10,C2,4,4,4,4,True,1.0,0,0.0,1.0,,,0.0,348459804.4968732,348459804.4968732,1.0,0,0,4,4
2021-04-12T00:00:00+00:00,POST_WARMUP,TOP_6,E10,C2,6,6,6,6,True,1.0,0,0.0,1.0,,,0.0,380196606.35614794,380196606.35614794,1.0,1,1,5,5
2021-04-12T00:00:00+00:00,POST_WARMUP,TOP_8,E10,C2,8,8,8,8,True,1.0,0,0.0,1.0,,,0.0,399858151.41308945,399858151.41308945,1.0,1,1,7,7
2021-04-12T00:00:00+00:00,POST_WARMUP,TOP_10,E10,C2,10,10,10,10,True,1.0,0,0.0,1.0,,,0.0,415950705.40849286,415950705.40849286,1.0,2,2,8,8
2021-04-12T00:00:00+00:00,POST_WARMUP,TOP_30,E10,C2,30,30,30,30,True,1.0,0,0.0,1.0,,,0.0,496503961.3327631,496503961.3327631,1.0,7,7,23,23
2021-04-12T00:00:00+00:00,POST_WARMUP,HYSTERESIS,E10,C2,6,6,6,6,True,1.0,0,0.0,1.0,,,0.0,369360186.4182889,369360186.4182889,1.0,0,0,6,6
2021-04-19T00:00:00+00:00,POST_WARMUP,TOP_4,E10,C2,4,4,4,4,True,1.0,0,0.0,1.0,,,0.0,425389808.8166282,425389808.8166282,1.0,0,0,4,4
2021-04-19T00:00:00+00:00,POST_WARMUP,TOP_6,E10,C2,6,6,6,6,True,1.0,0,0.0,1.0,,,0.0,478205459.12431306,478205459.12431306,1.0,1,1,5,5
2021-04-19T00:00:00+00:00,POST_WARMUP,TOP_8,E10,C2,8,8,8,8,True,1.0,0,0.0,1.0,,,0.0,515163282.08466935,515163282.08466935,1.0,1,1,7,7
2021-04-19T00:00:00+00:00,POST_WARMUP,TOP_10,E10,C2,10,10,10,10,True,1.0,0,0.0,1.0,,,0.0,541216937.2175201,541216937.2175201,1.0,1,1,9,9
2021-04-19T00:00:00+00:00,POST_WARMUP,TOP_30,E10,C2,30,30,30,30,True,1.0,0,0.0,1.0,,,0.0,641816960.4915037,641816960.4915037,1.0,6,6,24,24
2021-04-19T00:00:00+00:00,POST_WARMUP,HYSTERESIS,E10,C2,6,6,6,6,True,1.0,0,0.0,1.0,,,0.0,478205459.12431306,478205459.12431306,1.0,1,1,5,5
2021-04-26T00:00:00+00:00,POST_WARMUP,TOP_4,E10,C2,4,4,4,4,True,1.0,0,0.0,1.0,,,0.0,655898589.4098163,655898589.4098163,1.0,0,0,4,4
2021-04-26T00:00:00+00:00,POST_WARMUP,TOP_6,E10,C2,6,6,6,6,True,1.0,0,0.0,1.0,,,0.0,735080462.6202788,735080462.6202788,1.0,1,1,5,5
2021-04-26T00:00:00+00:00,POST_WARMUP,TOP_8,E10,C2,8,8,8,8,True,1.0,0,0.0,1.0,,,0.0,793256148.9574282,793256148.9574282,1.0,1,1,7,7
2021-04-26T00:00:00+00:00,POST_WARMUP,TOP_10,E10,C2,10,10,10,10,True,1.0,0,0.0,1.0,,,0.0,830358790.894521,830358790.894521,1.0,1,1,9,9
2021-04-26T00:00:00+00:00,POST_WARMUP,TOP_30,E10,C2,30,30,30,30,True,1.0,0,0.0,1.0,,,0.0,960543144.8604563,960543144.8604563,1.0,6,6,24,24
2021-04-26T00:00:00+00:00,POST_WARMUP,HYSTERESIS,E10,C2,6,6,6,6,True,1.0,0,0.0,1.0,,,0.0,735080462.6202788,735080462.6202788,1.0,1,1,5,5
2021-05-03T00:00:00+00:00,POST_WARMUP,TOP_4,E10,C2,4,4,4,4,True,1.0,0,0.0,1.0,,,0.0,705478188.2641733,705478188.2641733,1.0,1,1,3,3
2021-05-03T00:00:00+00:00,POST_WARMUP,TOP_6,E10,C2,6,6,6,6,True,1.0,0,0.0,1.0,,,0.0,818548027.8334233,818548027.8334233,1.0,1,1,5,5
2021-05-03T00:00:00+00:00,POST_WARMUP,TOP_8,E10,C2,8,8,8,8,True,1.0,0,0.0,1.0,,,0.0,882656255.8730812,882656255.8730812,1.0,1,1,7,7
2021-05-03T00:00:00+00:00,POST_WARMUP,TOP_10,E10,C2,10,10,10,10,True,1.0,0,0.0,1.0,,,0.0,915521465.661425,915521465.661425,1.0,1,1,9,9
2021-05-03T00:00:00+00:00,POST_WARMUP,TOP_30,E10,C2,30,30,30,30,True,1.0,0,0.0,1.0,,,0.0,1049640324.284561,1049640324.284561,1.0,7,7,23,23
2021-05-03T00:00:00+00:00,POST_WARMUP,HYSTERESIS,E10,C2,6,6,6,6,True,1.0,0,0.0,1.0,,,0.0,818548027.8334233,818548027.8334233,1.0,1,1,5,5
2021-05-10T00:00:00+00:00,POST_WARMUP,TOP_4,E10,C2,4,4,4,4,True,1.0,0,0.0,1.0,,,0.0,833275685.292255,833275685.292255,1.0,0,0,4,4
2021-05-10T00:00:00+00:00,POST_WARMUP,TOP_6,E10,C2,6,6,6,6,True,1.0,0,0.0,1.0,,,0.0,940119726.0964501,940119726.0964501,1.0,1,1,5,5
2021-05-10T00:00:00+00:00,POST_WARMUP,TOP_8,E10,C2,8,8,8,8,True,1.0,0,0.0,1.0,,,0.0,1010373265.8295559,1010373265.8295559,1.0,1,1,7,7
2021-05-10T00:00:00+00:00,POST_WARMUP,TOP_10,E10,C2,10,10,10,10,True,1.0,0,0.0,1.0,,,0.0,1046441627.5383538,1046441627.5383538,1.0,1,1,9,9
2021-05-10T00:00:00+00:00,POST_WARMUP,TOP_30,E10,C2,30,30,30,30,True,1.0,0,0.0,1.0,,,0.0,1200434988.8941357,1200434988.8941357,1.0,7,7,23,23
2021-05-10T00:00:00+00:00,POST_WARMUP,HYSTERESIS,E10,C2,6,6,6,6,True,1.0,0,0.0,1.0,,,0.0,940119726.0964501,940119726.0964501,1.0,1,1,5,5
2021-05-17T00:00:00+00:00,POST_WARMUP,TOP_4,E10,C2,4,4,4,4,True,1.0,0,0.0,1.0,,,0.0,956084127.8879987,956084127.8879987,1.0,0,0,4,4
2021-05-17T00:00:00+00:00,POST_WARMUP,TOP_6,E10,C2,6,6,6,6,True,1.0,0,0.0,1.0,,,0.0,1088158433.6254153,1088158433.6254153,1.0,1,1,5,5
2021-05-17T00:00:00+00:00,POST_WARMUP,TOP_8,E10,C2,8,8,8,8,True,1.0,0,0.0,1.0,,,0.0,1158298856.893639,1158298856.893639,1.0,1,1,7,7
2021-05-17T00:00:00+00:00,POST_WARMUP,TOP_10,E10,C2,10,10,10,10,True,1.0,0,0.0,1.0,,,0.0,1221258236.4071116,1221258236.4071116,1.0,1,1,9,9
2021-05-17T00:00:00+00:00,POST_WARMUP,TOP_30,E10,C2,30,30,30,30,True,1.0,0,0.0,1.0,,,0.0,1405726282.9373498,1405726282.9373498,1.0,8,8,22,22
2021-05-17T00:00:00+00:00,POST_WARMUP,HYSTERESIS,E10,C2,6,6,6,6,True,1.0,0,0.0,1.0,,,0.0,1088158433.6254153,1088158433.6254153,1.0,1,1,5,5
2021-05-24T00:00:00+00:00,POST_WARMUP,TOP_4,E10,C2,4,4,4,4,True,1.0,0,0.0,1.0,,,0.0,1076270490.4686751,1076270490.4686751,1.0,0,0,4,4
2021-05-24T00:00:00+00:00,POST_WARMUP,TOP_6,E10,C2,6,6,6,6,True,1.0,0,0.0,1.0,,,0.0,1228818404.0218384,1228818404.0218384,1.0,1,1,5,5
2021-05-24T00:00:00+00:00,POST_WARMUP,TOP_8,E10,C2,8,8,8,8,True,1.0,0,0.0,1.0,,,0.0,1313115868.3748753,1313115868.3748753,1.0,2,2,6,6
2021-05-24T00:00:00+00:00,POST_WARMUP,TOP_10,E10,C2,10,10,10,10,True,1.0,0,0.0,1.0,,,0.0,1373866108.7901256,1373866108.7901256,1.0,2,2,8,8
2021-05-24T00:00:00+00:00,POST_WARMUP,TOP_30,E10,C2,30,30,30,30,True,1.0,0,0.0,1.0,,,0.0,1600068796.2845042,1600068796.2845042,1.0,8,8,22,22
2021-05-24T00:00:00+00:00,POST_WARMUP,HYSTERESIS,E10,C2,6,6,6,6,True,1.0,0,0.0,1.0,,,0.0,1224213108.3457944,1224213108.3457944,1.0,1,1,5,5
2021-05-31T00:00:00+00:00,POST_WARMUP,TOP_4,E10,C2,4,4,4,4,True,1.0,0,0.0,1.0,,,0.0,1228676542.549392,1228676542.549392,1.0,0,0,4,4
2021-05-31T00:00:00+00:00,POST_WARMUP,TOP_6,E10,C2,6,6,6,6,True,1.0,0,0.0,1.0,,,0.0,1388387457.659973,1388387457.659973,1.0,1,1,5,5
2021-05-31T00:00:00+00:00,POST_WARMUP,TOP_8,E10,C2,8,8,8,8,True,1.0,0,0.0,1.0,,,0.0,1471680297.5591197,1471680297.5591197,1.0,2,2,6,6
2021-05-31T00:00:00+00:00,POST_WARMUP,TOP_10,E10,C2,10,10,10,10,True,1.0,0,0.0,1.0,,,0.0,1527649717.5711584,1527649717.5711584,1.0,2,2,8,8
2021-05-31T00:00:00+00:00,POST_WARMUP,TOP_30,E10,C2,30,30,30,30,True,1.0,0,0.0,1.0,,,0.0,1772308697.7586997,1772308697.7586997,1.0,7,7,23,23
2021-05-31T00:00:00+00:00,POST_WARMUP,HYSTERESIS,E10,C2,6,6,6,6,True,1.0,0,0.0,1.0,,,0.0,1372442022.114234,1372442022.114234,1.0,1,1,5,5
2021-06-07T00:00:00+00:00,POST_WARMUP,TOP_4,E10,C2,4,4,4,4,True,1.0,0,0.0,1.0,,,0.0,1175215083.5358696,1175215083.5358696,1.0,0,0,4,4
2021-06-07T00:00:00+00:00,POST_WARMUP,TOP_6,E10,C2,6,6,6,6,True,1.0,0,0.0,1.0,,,0.0,1303384811.4164543,1303384811.4164543,1.0,1,1,5,5
2021-06-07T00:00:00+00:00,POST_WARMUP,TOP_8,E10,C2,8,8,8,8,True,1.0,0,0.0,1.0,,,0.0,1373449157.422148,1373449157.422148,1.0,2,2,6,6
2021-06-07T00:00:00+00:00,POST_WARMUP,TOP_10,E10,C2,10,10,10,10,True,1.0,0,0.0,1.0,,,0.0,1424864088.4703786,1424864088.4703786,1.0,2,2,8,8
2021-06-07T00:00:00+00:00,POST_WARMUP,TOP_30,E10,C2,30,30,30,30,True,1.0,0,0.0,1.0,,,0.0,1635325166.5559142,1635325166.5559142,1.0,5,5,25,25
2021-06-07T00:00:00+00:00,POST_WARMUP,HYSTERESIS,E10,C2,6,6,6,6,True,1.0,0,0.0,1.0,,,0.0,1282118201.3167229,1282118201.3167229,1.0,1,1,5,5
2021-06-14T00:00:00+00:00,POST_WARMUP,TOP_4,E10,C2,4,4,4,4,True,1.0,0,0.0,1.0,,,0.0,903723046.8108736,903723046.8108736,1.0,0,0,4,4
2021-06-14T00:00:00+00:00,POST_WARMUP,TOP_6,E10,C2,6,6,6,6,True,1.0,0,0.0,1.0,,,0.0,986422701.7998558,986422701.7998558,1.0,1,1,5,5
2021-06-14T00:00:00+00:00,POST_WARMUP,TOP_8,E10,C2,8,8,8,8,True,1.0,0,0.0,1.0,,,0.0,1041892786.782389,1041892786.782389,1.0,2,2,6,6
2021-06-14T00:00:00+00:00,POST_WARMUP,TOP_10,E10,C2,10,10,10,10,True,1.0,0,0.0,1.0,,,0.0,1084105272.1865675,1084105272.1865675,1.0,2,2,8,8
2021-06-14T00:00:00+00:00,POST_WARMUP,TOP_30,E10,C2,30,30,30,30,True,1.0,0,0.0,1.0,,,0.0,1232879389.9948857,1232879389.9948857,1.0,5,5,25,25
2021-06-14T00:00:00+00:00,POST_WARMUP,HYSTERESIS,E10,C2,6,6,6,6,True,1.0,0,0.0,1.0,,,0.0,982112471.7173483,982112471.7173483,1.0,1,1,5,5
2021-06-21T00:00:00+00:00,POST_WARMUP,TOP_4,E10,C2,4,4,4,4,True,1.0,0,0.0,1.0,,,0.0,702753359.0052749,702753359.0052749,1.0,0,0,4,4
2021-06-21T00:00:00+00:00,POST_WARMUP,TOP_6,E10,C2,6,6,6,6,True,1.0,0,0.0,1.0,,,0.0,765011744.6216398,765011744.6216398,1.0,1,1,5,5
2021-06-21T00:00:00+00:00,POST_WARMUP,TOP_8,E10,C2,8,8,8,8,True,1.0,0,0.0,1.0,,,0.0,811064434.1235877,811064434.1235877,1.0,2,2,6,6
2021-06-21T00:00:00+00:00,POST_WARMUP,TOP_10,E10,C2,10,10,10,10,True,1.0,0,0.0,1.0,,,0.0,837246495.4474478,837246495.4474478,1.0,2,2,8,8
2021-06-21T00:00:00+00:00,POST_WARMUP,TOP_30,E10,C2,30,30,30,30,True,1.0,0,0.0,1.0,,,0.0,947992749.283416,947992749.283416,1.0,5,5,25,25
2021-06-21T00:00:00+00:00,POST_WARMUP,HYSTERESIS,E10,C2,6,6,6,6,True,1.0,0,0.0,1.0,,,0.0,759678932.3410988,759678932.3410988,1.0,1,1,5,5
2021-06-28T00:00:00+00:00,POST_WARMUP,TOP_4,E10,C2,4,4,4,4,True,1.0,0,0.0,1.0,,,0.0,568717335.8330001,568717335.8330001,1.0,0,0,4,4
2021-06-28T00:00:00+00:00,POST_WARMUP,TOP_6,E10,C2,6,6,6,6,True,1.0,0,0.0,1.0,,,0.0,620817777.0919902,620817777.0919902,1.0,1,1,5,5
2021-06-28T00:00:00+00:00,POST_WARMUP,TOP_8,E10,C2,8,8,8,8,True,1.0,0,0.0,1.0,,,0.0,654603342.7191461,654603342.7191461,1.0,2,2,6,6
2021-06-28T00:00:00+00:00,POST_WARMUP,TOP_10,E10,C2,10,10,10,10,True,1.0,0,0.0,1.0,,,0.0,678238574.8496128,678238574.8496128,1.0,2,2,8,8
2021-06-28T00:00:00+00:00,POST_WARMUP,TOP_30,E10,C2,30,30,30,30,True,1.0,0,0.0,1.0,,,0.0,763755345.6131146,763755345.6131146,1.0,5,5,25,25
2021-06-28T00:00:00+00:00,POST_WARMUP,HYSTERESIS,E10,C2,6,6,6,6,True,1.0,0,0.0,1.0,,,0.0,620817777.0919902,620817777.0919902,1.0,1,1,5,5
2021-07-05T00:00:00+00:00,POST_WARMUP,TOP_4,E10,C2,4,4,4,4,True,1.0,0,0.0,1.0,,,0.0,477765300.77549857,477765300.77549857,1.0,0,0,4,4
2021-07-05T00:00:00+00:00,POST_WARMUP,TOP_6,E10,C2,6,6,6,6,True,1.0,0,0.0,1.0,,,0.0,512094570.54512167,512094570.54512167,1.0,1,1,5,5
2021-07-05T00:00:00+00:00,POST_WARMUP,TOP_8,E10,C2,8,8,8,8,True,1.0,0,0.0,1.0,,,0.0,538309623.6432414,538309623.6432414,1.0,2,2,6,6
2021-07-05T00:00:00+00:00,POST_WARMUP,TOP_10,E10,C2,10,10,10,10,True,1.0,0,0.0,1.0,,,0.0,557071367.7304412,557071367.7304412,1.0,2,2,8,8
2021-07-05T00:00:00+00:00,POST_WARMUP,TOP_30,E10,C2,30,30,30,30,True,1.0,0,0.0,1.0,,,0.0,626394209.079334,626394209.079334,1.0,5,5,25,25
2021-07-05T00:00:00+00:00,POST_WARMUP,HYSTERESIS,E10,C2,6,6,6,6,True,1.0,0,0.0,1.0,,,0.0,511100260.32515854,511100260.32515854,1.0,1,1,5,5
2021-07-12T00:00:00+00:00,POST_WARMUP,TOP_4,E10,C2,4,4,4,4,True,1.0,0,0.0,1.0,,,0.0,415836487.2036557,415836487.2036557,1.0,0,0,4,4
2021-07-12T00:00:00+00:00,POST_WARMUP,TOP_6,E10,C2,6,6,6,6,True,1.0,0,0.0,1.0,,,0.0,445771231.6407327,445771231.6407327,1.0,1,1,5,5
2021-07-12T00:00:00+00:00,POST_WARMUP,TOP_8,E10,C2,8,8,8,8,True,1.0,0,0.0,1.0,,,0.0,466175243.29505354,466175243.29505354,1.0,2,2,6,6
2021-07-12T00:00:00+00:00,POST_WARMUP,TOP_10,E10,C2,10,10,10,10,True,1.0,0,0.0,1.0,,,0.0,484836252.1368608,484836252.1368608,1.0,2,2,8,8
2021-07-12T00:00:00+00:00,POST_WARMUP,TOP_30,E10,C2,30,30,30,30,True,1.0,0,0.0,1.0,,,0.0,543896048.8891549,543896048.8891549,1.0,4,4,26,26
2021-07-12T00:00:00+00:00,POST_WARMUP,HYSTERESIS,E10,C2,6,6,6,6,True,1.0,0,0.0,1.0,,,0.0,442226253.71753246,442226253.71753246,1.0,1,1,5,5
2021-07-19T00:00:00+00:00,POST_WARMUP,TOP_4,E10,C2,4,4,4,4,True,1.0,0,0.0,1.0,,,0.0,322485955.9369859,322485955.9369859,1.0,0,0,4,4
2021-07-19T00:00:00+00:00,POST_WARMUP,TOP_6,E10,C2,6,6,6,6,True,1.0,0,0.0,1.0,,,0.0,350886992.1175136,350886992.1175136,1.0,0,0,6,6
2021-07-19T00:00:00+00:00,POST_WARMUP,TOP_8,E10,C2,8,8,8,8,True,1.0,0,0.0,1.0,,,0.0,373494708.77462536,373494708.77462536,1.0,1,1,7,7
2021-07-19T00:00:00+00:00,POST_WARMUP,TOP_10,E10,C2,10,10,10,10,True,1.0,0,0.0,1.0,,,0.0,389959949.5055811,389959949.5055811,1.0,2,2,8,8
2021-07-19T00:00:00+00:00,POST_WARMUP,TOP_30,E10,C2,30,30,30,30,True,1.0,0,0.0,1.0,,,0.0,442639177.2709042,442639177.2709042,1.0,6,6,24,24
2021-07-19T00:00:00+00:00,POST_WARMUP,HYSTERESIS,E10,C2,6,6,6,6,True,1.0,0,0.0,1.0,,,0.0,350886992.1175136,350886992.1175136,1.0,0,0,6,6
2021-07-26T00:00:00+00:00,POST_WARMUP,TOP_4,E10,C2,4,4,4,4,True,1.0,0,0.0,1.0,,,0.038461538461538464,294683077.64479756,294683077.64479756,1.0,0,0,4,4
2021-07-26T00:00:00+00:00,POST_WARMUP,TOP_6,E10,C2,6,6,5,7,False,0.7142857142857143,2,1.0,0.8333333333333334,DOGE,TEL,0.038461538461538464,322121473.8849846,322773828.96443206,1.0020251834551097,0,1,6,5
2021-07-26T00:00:00+00:00,POST_WARMUP,TOP_8,E10,C2,8,8,7,9,False,0.7777777777777778,2,1.0,0.875,BNB,VET,0.038461538461538464,342352837.90500814,342844023.188112,1.0014347340775955,1,2,7,6
2021-07-26T00:00:00+00:00,POST_WARMUP,TOP_10,E10,C2,10,10,10,10,True,1.0,0,0.0,1.0,,,0.038461538461538464,357540650.6466027,357540650.6466027,1.0,2,2,8,8
2021-07-26T00:00:00+00:00,POST_WARMUP,TOP_30,E10,C2,30,30,30,30,True,1.0,0,0.0,1.0,,,0.038461538461538464,403125392.82334423,403125392.82334423,1.0,6,6,24,24
2021-07-26T00:00:00+00:00,POST_WARMUP,HYSTERESIS,E10,C2,6,6,6,6,True,1.0,0,0.0,1.0,,,0.038461538461538464,322121473.8849846,322121473.8849846,1.0,0,0,6,6
2021-08-02T00:00:00+00:00,POST_WARMUP,TOP_4,E10,C2,4,4,4,4,True,1.0,0,0.0,1.0,,,0.0,298138264.1255799,298138264.1255799,1.0,0,0,4,4
2021-08-02T00:00:00+00:00,POST_WARMUP,TOP_6,E10,C2,6,6,6,6,True,1.0,0,0.0,1.0,,,0.0,326533686.9472573,326533686.9472573,1.0,1,1,5,5
2021-08-02T00:00:00+00:00,POST_WARMUP,TOP_8,E10,C2,8,8,8,8,True,1.0,0,0.0,1.0,,,0.0,346977275.2728555,346977275.2728555,1.0,1,1,7,7
2021-08-02T00:00:00+00:00,POST_WARMUP,TOP_10,E10,C2,10,10,10,10,True,1.0,0,0.0,1.0,,,0.0,362610943.81871283,362610943.81871283,1.0,2,2,8,8
2021-08-02T00:00:00+00:00,POST_WARMUP,TOP_30,E10,C2,30,30,30,30,True,1.0,0,0.0,1.0,,,0.0,410134755.3954004,410134755.3954004,1.0,8,8,22,22
2021-08-02T00:00:00+00:00,POST_WARMUP,HYSTERESIS,E10,C2,6,6,6,6,True,1.0,0,0.0,1.0,,,0.0,325134026.0506299,325134026.0506299,1.0,0,0,6,6
2021-08-09T00:00:00+00:00,POST_WARMUP,TOP_4,E10,C2,4,4,4,4,True,1.0,0,0.0,1.0,,,0.0,372446975.38035923,372446975.38035923,1.0,0,0,4,4
2021-08-09T00:00:00+00:00,POST_WARMUP,TOP_6,E10,C2,6,6,6,6,True,1.0,0,0.0,1.0,,,0.0,400139917.93552625,400139917.93552625,1.0,1,1,5,5
2021-08-09T00:00:00+00:00,POST_WARMUP,TOP_8,E10,C2,8,8,8,8,True,1.0,0,0.0,1.0,,,0.0,421241195.4677552,421241195.4677552,1.0,1,1,7,7
2021-08-09T00:00:00+00:00,POST_WARMUP,TOP_10,E10,C2,10,10,10,10,True,1.0,0,0.0,1.0,,,0.0,438339098.3536216,438339098.3536216,1.0,2,2,8,8
2021-08-09T00:00:00+00:00,POST_WARMUP,TOP_30,E10,C2,30,30,30,30,True,1.0,0,0.0,1.0,,,0.0,487687285.7709765,487687285.7709765,1.0,6,6,24,24
2021-08-09T00:00:00+00:00,POST_WARMUP,HYSTERESIS,E10,C2,6,6,6,6,True,1.0,0,0.0,1.0,,,0.0,396998624.70671386,396998624.70671386,1.0,0,0,6,6
2021-08-16T00:00:00+00:00,POST_WARMUP,TOP_4,E10,C2,4,4,4,4,True,1.0,0,0.0,1.0,,,0.0,594571650.0187992,594571650.0187992,1.0,0,0,4,4
2021-08-16T00:00:00+00:00,POST_WARMUP,TOP_6,E10,C2,6,6,6,6,True,1.0,0,0.0,1.0,,,0.0,624578939.392776,624578939.392776,1.0,0,0,6,6
2021-08-16T00:00:00+00:00,POST_WARMUP,TOP_8,E10,C2,8,8,8,8,True,1.0,0,0.0,1.0,,,0.0,652798589.8307397,652798589.8307397,1.0,2,2,6,6
2021-08-16T00:00:00+00:00,POST_WARMUP,TOP_10,E10,C2,10,10,10,10,True,1.0,0,0.0,1.0,,,0.0,676443565.5468683,676443565.5468683,1.0,2,2,8,8
2021-08-16T00:00:00+00:00,POST_WARMUP,TOP_30,E10,C2,30,30,30,30,True,1.0,0,0.0,1.0,,,0.0,740827714.8201303,740827714.8201303,1.0,4,4,26,26
2021-08-16T00:00:00+00:00,POST_WARMUP,HYSTERESIS,E10,C2,6,6,6,6,True,1.0,0,0.0,1.0,,,0.0,624578939.392776,624578939.392776,1.0,0,0,6,6
2021-08-23T00:00:00+00:00,POST_WARMUP,TOP_4,E10,C2,4,4,4,4,True,1.0,0,0.0,1.0,,,0.0,726361166.58913,726361166.58913,1.0,0,0,4,4
2021-08-23T00:00:00+00:00,POST_WARMUP,TOP_6,E10,C2,6,6,6,6,True,1.0,0,0.0,1.0,,,0.0,776378367.8277565,776378367.8277565,1.0,1,1,5,5
2021-08-23T00:00:00+00:00,POST_WARMUP,TOP_8,E10,C2,8,8,8,8,True,1.0,0,0.0,1.0,,,0.0,809417198.6429621,809417198.6429621,1.0,1,1,7,7
2021-08-23T00:00:00+00:00,POST_WARMUP,TOP_10,E10,C2,10,10,10,10,True,1.0,0,0.0,1.0,,,0.0,835438161.1242297,835438161.1242297,1.0,2,2,8,8
2021-08-23T00:00:00+00:00,POST_WARMUP,TOP_30,E10,C2,30,30,30,30,True,1.0,0,0.0,1.0,,,0.0,923476213.9558609,923476213.9558609,1.0,4,4,26,26
2021-08-23T00:00:00+00:00,POST_WARMUP,HYSTERESIS,E10,C2,6,6,6,6,True,1.0,0,0.0,1.0,,,0.0,772190589.023982,772190589.023982,1.0,0,0,6,6
2021-08-30T00:00:00+00:00,POST_WARMUP,TOP_4,E10,C2,4,4,4,4,True,1.0,0,0.0,1.0,,,0.0,820100731.7980639,820100731.7980639,1.0,0,0,4,4
2021-08-30T00:00:00+00:00,POST_WARMUP,TOP_6,E10,C2,6,6,6,6,True,1.0,0,0.0,1.0,,,0.0,879700546.7100567,879700546.7100567,1.0,1,1,5,5
2021-08-30T00:00:00+00:00,POST_WARMUP,TOP_8,E10,C2,8,8,8,8,True,1.0,0,0.0,1.0,,,0.0,918413778.3221365,918413778.3221365,1.0,1,1,7,7
2021-08-30T00:00:00+00:00,POST_WARMUP,TOP_10,E10,C2,10,10,10,10,True,1.0,0,0.0,1.0,,,0.0,945979471.211741,945979471.211741,1.0,2,2,8,8
2021-08-30T00:00:00+00:00,POST_WARMUP,TOP_30,E10,C2,30,30,30,30,True,1.0,0,0.0,1.0,,,0.0,1046489718.053352,1046489718.053352,1.0,4,4,26,26
2021-08-30T00:00:00+00:00,POST_WARMUP,HYSTERESIS,E10,C2,6,6,6,6,True,1.0,0,0.0,1.0,,,0.0,876593051.1458281,876593051.1458281,1.0,0,0,6,6
2021-09-06T00:00:00+00:00,POST_WARMUP,TOP_4,E10,C2,4,4,4,4,True,1.0,0,0.0,1.0,,,0.017094017094017096,805381432.258846,805381432.258846,1.0,0,0,4,4
2021-09-06T00:00:00+00:00,POST_WARMUP,TOP_6,E10,C2,6,6,5,7,False,0.7142857142857143,2,1.0,0.8333333333333334,BNB,VET,0.017094017094017096,866209475.8797078,868692686.498816,1.0028667553152617,0,1,6,5
2021-09-06T00:00:00+00:00,POST_WARMUP,TOP_8,E10,C2,8,8,8,8,True,1.0,0,0.0,1.0,,,0.017094017094017096,912253870.7291081,912253870.7291081,1.0,1,1,7,7
2021-09-06T00:00:00+00:00,POST_WARMUP,TOP_10,E10,C2,10,10,10,10,True,1.0,0,0.0,1.0,,,0.017094017094017096,941113227.8531902,941113227.8531902,1.0,1,1,9,9
2021-09-06T00:00:00+00:00,POST_WARMUP,TOP_30,E10,C2,30,30,30,30,True,1.0,0,0.0,1.0,,,0.017094017094017096,1067311753.9394705,1067311753.9394705,1.0,4,4,26,26
2021-09-06T00:00:00+00:00,POST_WARMUP,HYSTERESIS,E10,C2,6,6,6,6,True,1.0,0,0.0,1.0,,,0.017094017094017096,862447115.8648841,862447115.8648841,1.0,0,0,6,6
2021-09-13T00:00:00+00:00,POST_WARMUP,TOP_4,E10,C2,4,4,4,4,True,1.0,0,0.0,1.0,,,0.01652892561983471,767902066.659865,767902066.659865,1.0,0,0,4,4
2021-09-13T00:00:00+00:00,POST_WARMUP,TOP_6,E10,C2,6,6,5,7,False,0.7142857142857143,2,1.0,0.8333333333333334,DOT,VET,0.01652892561983471,828004079.8255095,828305862.9051647,1.0003644705225592,0,1,6,5
2021-09-13T00:00:00+00:00,POST_WARMUP,TOP_8,E10,C2,8,8,8,8,True,1.0,0,0.0,1.0,,,0.01652892561983471,881289080.4334986,881289080.4334986,1.0,1,1,7,7
2021-09-13T00:00:00+00:00,POST_WARMUP,TOP_10,E10,C2,10,10,10,10,True,1.0,0,0.0,1.0,,,0.01652892561983471,913344703.3210219,913344703.3210219,1.0,1,1,9,9
2021-09-13T00:00:00+00:00,POST_WARMUP,TOP_30,E10,C2,30,30,30,30,True,1.0,0,0.0,1.0,,,0.01652892561983471,1054123003.0729634,1054123003.0729634,1.0,5,5,25,25
2021-09-13T00:00:00+00:00,POST_WARMUP,HYSTERESIS,E10,C2,6,6,6,6,True,1.0,0,0.0,1.0,,,0.01652892561983471,828004079.8255095,828004079.8255095,1.0,0,0,6,6
2021-09-20T00:00:00+00:00,POST_WARMUP,TOP_4,E10,C2,4,4,4,4,True,1.0,0,0.0,1.0,,,0.0,658215573.795439,658215573.795439,1.0,0,0,4,4
2021-09-20T00:00:00+00:00,POST_WARMUP,TOP_6,E10,C2,6,6,6,6,True,1.0,0,0.0,1.0,,,0.0,716021856.0748924,716021856.0748924,1.0,0,0,6,6
2021-09-20T00:00:00+00:00,POST_WARMUP,TOP_8,E10,C2,8,8,8,8,True,1.0,0,0.0,1.0,,,0.0,760771415.8080312,760771415.8080312,1.0,0,0,8,8
2021-09-20T00:00:00+00:00,POST_WARMUP,TOP_10,E10,C2,10,10,10,10,True,1.0,0,0.0,1.0,,,0.0,799378971.0744058,799378971.0744058,1.0,1,1,9,9
2021-09-20T00:00:00+00:00,POST_WARMUP,TOP_30,E10,C2,30,30,30,30,True,1.0,0,0.0,1.0,,,0.0,951524695.027714,951524695.027714,1.0,5,5,25,25
2021-09-20T00:00:00+00:00,POST_WARMUP,HYSTERESIS,E10,C2,6,6,6,6,True,1.0,0,0.0,1.0,,,0.0,712845972.1357914,712845972.1357914,1.0,0,0,6,6
2021-09-27T00:00:00+00:00,POST_WARMUP,TOP_4,E10,C2,4,4,4,4,True,1.0,0,0.0,1.0,,,0.0,638387627.467217,638387627.467217,1.0,0,0,4,4
2021-09-27T00:00:00+00:00,POST_WARMUP,TOP_6,E10,C2,6,6,6,6,True,1.0,0,0.0,1.0,,,0.0,709752870.6641917,709752870.6641917,1.0,0,0,6,6
2021-09-27T00:00:00+00:00,POST_WARMUP,TOP_8,E10,C2,8,8,8,8,True,1.0,0,0.0,1.0,,,0.0,759411497.2798221,759411497.2798221,1.0,0,0,8,8
2021-09-27T00:00:00+00:00,POST_WARMUP,TOP_10,E10,C2,10,10,10,10,True,1.0,0,0.0,1.0,,,0.0,806041710.9684657,806041710.9684657,1.0,0,0,10,10
2021-09-27T00:00:00+00:00,POST_WARMUP,TOP_30,E10,C2,30,30,30,30,True,1.0,0,0.0,1.0,,,0.0,978191071.4129329,978191071.4129329,1.0,5,5,25,25
2021-09-27T00:00:00+00:00,POST_WARMUP,HYSTERESIS,E10,C2,6,6,6,6,True,1.0,0,0.0,1.0,,,0.0,709752870.6641917,709752870.6641917,1.0,0,0,6,6
2021-10-04T00:00:00+00:00,POST_WARMUP,TOP_4,E10,C2,4,4,4,4,True,1.0,0,0.0,1.0,,,0.0,602748103.5211338,602748103.5211338,1.0,0,0,4,4
2021-10-04T00:00:00+00:00,POST_WARMUP,TOP_6,E10,C2,6,6,6,6,True,1.0,0,0.0,1.0,,,0.0,670643479.8976239,670643479.8976239,1.0,0,0,6,6
2021-10-04T00:00:00+00:00,POST_WARMUP,TOP_8,E10,C2,8,8,8,8,True,1.0,0,0.0,1.0,,,0.0,723122568.2110767,723122568.2110767,1.0,0,0,8,8
2021-10-04T00:00:00+00:00,POST_WARMUP,TOP_10,E10,C2,10,10,10,10,True,1.0,0,0.0,1.0,,,0.0,759603184.5933774,759603184.5933774,1.0,0,0,10,10
2021-10-04T00:00:00+00:00,POST_WARMUP,TOP_30,E10,C2,30,30,30,30,True,1.0,0,0.0,1.0,,,0.0,918008308.68826,918008308.68826,1.0,6,6,24,24
2021-10-04T00:00:00+00:00,POST_WARMUP,HYSTERESIS,E10,C2,6,6,6,6,True,1.0,0,0.0,1.0,,,0.0,670643479.8976239,670643479.8976239,1.0,0,0,6,6
2021-10-11T00:00:00+00:00,POST_WARMUP,TOP_4,E10,C2,4,4,4,4,True,1.0,0,0.0,1.0,,,0.0,617528849.0007837,617528849.0007837,1.0,0,0,4,4
2021-10-11T00:00:00+00:00,POST_WARMUP,TOP_6,E10,C2,6,6,6,6,True,1.0,0,0.0,1.0,,,0.0,681451624.5467926,681451624.5467926,1.0,0,0,6,6
2021-10-11T00:00:00+00:00,POST_WARMUP,TOP_8,E10,C2,8,8,8,8,True,1.0,0,0.0,1.0,,,0.0,727969291.8338443,727969291.8338443,1.0,0,0,8,8
2021-10-11T00:00:00+00:00,POST_WARMUP,TOP_10,E10,C2,10,10,10,10,True,1.0,0,0.0,1.0,,,0.0,762979675.7246195,762979675.7246195,1.0,0,0,10,10
2021-10-11T00:00:00+00:00,POST_WARMUP,TOP_30,E10,C2,30,30,30,30,True,1.0,0,0.0,1.0,,,0.0,914246529.6875526,914246529.6875526,1.0,6,6,24,24
2021-10-11T00:00:00+00:00,POST_WARMUP,HYSTERESIS,E10,C2,6,6,6,6,True,1.0,0,0.0,1.0,,,0.0,681451624.5467926,681451624.5467926,1.0,0,0,6,6
2021-10-18T00:00:00+00:00,POST_WARMUP,TOP_4,E10,C2,4,4,4,4,True,1.0,0,0.0,1.0,,,0.0,814685176.9023619,814685176.9023619,1.0,0,0,4,4
2021-10-18T00:00:00+00:00,POST_WARMUP,TOP_6,E10,C2,6,6,6,6,True,1.0,0,0.0,1.0,,,0.0,873757733.77102,873757733.77102,1.0,0,0,6,6
2021-10-18T00:00:00+00:00,POST_WARMUP,TOP_8,E10,C2,8,8,8,8,True,1.0,0,0.0,1.0,,,0.0,913761176.1775266,913761176.1775266,1.0,0,0,8,8
2021-10-18T00:00:00+00:00,POST_WARMUP,TOP_10,E10,C2,10,10,10,10,True,1.0,0,0.0,1.0,,,0.0,948419424.8354402,948419424.8354402,1.0,1,1,9,9
2021-10-18T00:00:00+00:00,POST_WARMUP,TOP_30,E10,C2,30,30,30,30,True,1.0,0,0.0,1.0,,,0.0,1100622874.4337435,1100622874.4337435,1.0,6,6,24,24
2021-10-18T00:00:00+00:00,POST_WARMUP,HYSTERESIS,E10,C2,6,6,6,6,True,1.0,0,0.0,1.0,,,0.0,873757733.77102,873757733.77102,1.0,0,0,6,6
2021-10-25T00:00:00+00:00,POST_WARMUP,TOP_4,E10,C2,4,4,4,4,True,1.0,0,0.0,1.0,,,0.0,870527240.1998616,870527240.1998616,1.0,0,0,4,4
2021-10-25T00:00:00+00:00,POST_WARMUP,TOP_6,E10,C2,6,6,6,6,True,1.0,0,0.0,1.0,,,0.0,940952660.9851139,940952660.9851139,1.0,0,0,6,6
2021-10-25T00:00:00+00:00,POST_WARMUP,TOP_8,E10,C2,8,8,8,8,True,1.0,0,0.0,1.0,,,0.0,983805451.9712602,983805451.9712602,1.0,0,0,8,8
2021-10-25T00:00:00+00:00,POST_WARMUP,TOP_10,E10,C2,10,10,10,10,True,1.0,0,0.0,1.0,,,0.0,1021562786.3498999,1021562786.3498999,1.0,0,0,10,10
2021-10-25T00:00:00+00:00,POST_WARMUP,TOP_30,E10,C2,30,30,30,30,True,1.0,0,0.0,1.0,,,0.0,1173331558.994408,1173331558.994408,1.0,6,6,24,24
2021-10-25T00:00:00+00:00,POST_WARMUP,HYSTERESIS,E10,C2,6,6,6,6,True,1.0,0,0.0,1.0,,,0.0,940952660.9851139,940952660.9851139,1.0,0,0,6,6
2021-11-01T00:00:00+00:00,POST_WARMUP,TOP_4,E10,C2,4,4,4,4,True,1.0,0,0.0,1.0,,,0.0,1001854420.4870546,1001854420.4870546,1.0,0,0,4,4
2021-11-01T00:00:00+00:00,POST_WARMUP,TOP_6,E10,C2,6,6,6,6,True,1.0,0,0.0,1.0,,,0.0,1079595288.9458532,1079595288.9458532,1.0,0,0,6,6
2021-11-01T00:00:00+00:00,POST_WARMUP,TOP_8,E10,C2,8,8,8,8,True,1.0,0,0.0,1.0,,,0.0,1135245287.231331,1135245287.231331,1.0,0,0,8,8
2021-11-01T00:00:00+00:00,POST_WARMUP,TOP_10,E10,C2,10,10,10,10,True,1.0,0,0.0,1.0,,,0.0,1174986409.0552516,1174986409.0552516,1.0,1,1,9,9
2021-11-01T00:00:00+00:00,POST_WARMUP,TOP_30,E10,C2,30,30,30,30,True,1.0,0,0.0,1.0,,,0.0,1349554244.279994,1349554244.279994,1.0,6,6,24,24
2021-11-01T00:00:00+00:00,POST_WARMUP,HYSTERESIS,E10,C2,6,6,6,6,True,1.0,0,0.0,1.0,,,0.0,1079595288.9458532,1079595288.9458532,1.0,0,0,6,6
2021-11-08T00:00:00+00:00,POST_WARMUP,TOP_4,E10,C2,4,4,4,4,True,1.0,0,0.0,1.0,,,0.0,1075966942.1335464,1075966942.1335464,1.0,0,0,4,4
2021-11-08T00:00:00+00:00,POST_WARMUP,TOP_6,E10,C2,6,6,6,6,True,1.0,0,0.0,1.0,,,0.0,1163842889.0518346,1163842889.0518346,1.0,0,0,6,6
2021-11-08T00:00:00+00:00,POST_WARMUP,TOP_8,E10,C2,8,8,8,8,True,1.0,0,0.0,1.0,,,0.0,1233392020.500076,1233392020.500076,1.0,0,0,8,8
2021-11-08T00:00:00+00:00,POST_WARMUP,TOP_10,E10,C2,10,10,10,10,True,1.0,0,0.0,1.0,,,0.0,1290748256.467255,1290748256.467255,1.0,1,1,9,9
2021-11-08T00:00:00+00:00,POST_WARMUP,TOP_30,E10,C2,30,30,30,30,True,1.0,0,0.0,1.0,,,0.0,1511309552.997895,1511309552.997895,1.0,5,5,25,25
2021-11-08T00:00:00+00:00,POST_WARMUP,HYSTERESIS,E10,C2,6,6,6,6,True,1.0,0,0.0,1.0,,,0.0,1162255169.383377,1162255169.383377,1.0,0,0,6,6
2021-11-15T00:00:00+00:00,POST_WARMUP,TOP_4,E10,C2,4,4,4,4,True,1.0,0,0.0,1.0,,,0.0,1044828382.1100467,1044828382.1100467,1.0,0,0,4,4
2021-11-15T00:00:00+00:00,POST_WARMUP,TOP_6,E10,C2,6,6,6,6,True,1.0,0,0.0,1.0,,,0.0,1142231575.4126413,1142231575.4126413,1.0,0,0,6,6
2021-11-15T00:00:00+00:00,POST_WARMUP,TOP_8,E10,C2,8,8,8,8,True,1.0,0,0.0,1.0,,,0.0,1226784125.5061495,1226784125.5061495,1.0,0,0,8,8
2021-11-15T00:00:00+00:00,POST_WARMUP,TOP_10,E10,C2,10,10,10,10,True,1.0,0,0.0,1.0,,,0.0,1295121037.0163326,1295121037.0163326,1.0,1,1,9,9
2021-11-15T00:00:00+00:00,POST_WARMUP,TOP_30,E10,C2,30,30,30,30,True,1.0,0,0.0,1.0,,,0.0,1598225283.3043678,1598225283.3043678,1.0,6,6,24,24
2021-11-15T00:00:00+00:00,POST_WARMUP,HYSTERESIS,E10,C2,6,6,6,6,True,1.0,0,0.0,1.0,,,0.0,1142231575.4126413,1142231575.4126413,1.0,0,0,6,6
2021-11-22T00:00:00+00:00,POST_WARMUP,TOP_4,E10,C2,4,4,4,4,True,1.0,0,0.0,1.0,,,0.0,1001713420.7777789,1001713420.7777789,1.0,0,0,4,4
2021-11-22T00:00:00+00:00,POST_WARMUP,TOP_6,E10,C2,6,6,6,6,True,1.0,0,0.0,1.0,,,0.0,1104070137.7255967,1104070137.7255967,1.0,0,0,6,6
2021-11-22T00:00:00+00:00,POST_WARMUP,TOP_8,E10,C2,8,8,8,8,True,1.0,0,0.0,1.0,,,0.0,1195357214.7781742,1195357214.7781742,1.0,1,1,7,7
2021-11-22T00:00:00+00:00,POST_WARMUP,TOP_10,E10,C2,10,10,10,10,True,1.0,0,0.0,1.0,,,0.0,1281095069.0480165,1281095069.0480165,1.0,1,1,9,9
2021-11-22T00:00:00+00:00,POST_WARMUP,TOP_30,E10,C2,30,30,30,30,True,1.0,0,0.0,1.0,,,0.0,1675916363.2287085,1675916363.2287085,1.0,6,6,24,24
2021-11-22T00:00:00+00:00,POST_WARMUP,HYSTERESIS,E10,C2,6,6,6,6,True,1.0,0,0.0,1.0,,,0.0,1104070137.7255967,1104070137.7255967,1.0,0,0,6,6
2021-11-29T00:00:00+00:00,POST_WARMUP,TOP_4,E10,C2,4,4,4,4,True,1.0,0,0.0,1.0,,,0.0,917437623.0606996,917437623.0606996,1.0,0,0,4,4
2021-11-29T00:00:00+00:00,POST_WARMUP,TOP_6,E10,C2,6,6,6,6,True,1.0,0,0.0,1.0,,,0.0,1045759949.5015925,1045759949.5015925,1.0,1,1,5,5
2021-11-29T00:00:00+00:00,POST_WARMUP,TOP_8,E10,C2,8,8,8,8,True,1.0,0,0.0,1.0,,,0.0,1151852271.3266256,1151852271.3266256,1.0,1,1,7,7
2021-11-29T00:00:00+00:00,POST_WARMUP,TOP_10,E10,C2,10,10,10,10,True,1.0,0,0.0,1.0,,,0.0,1248276498.5849953,1248276498.5849953,1.0,1,1,9,9
2021-11-29T00:00:00+00:00,POST_WARMUP,TOP_30,E10,C2,30,30,30,30,True,1.0,0,0.0,1.0,,,0.0,1692184339.5198784,1692184339.5198784,1.0,5,5,25,25
2021-11-29T00:00:00+00:00,POST_WARMUP,HYSTERESIS,E10,C2,6,6,6,6,True,1.0,0,0.0,1.0,,,0.0,1038935879.4783311,1038935879.4783311,1.0,1,1,5,5
2021-12-06T00:00:00+00:00,POST_WARMUP,TOP_4,E10,C2,4,4,4,4,True,1.0,0,0.0,1.0,,,0.013888888888888888,921184349.3907175,921184349.3907175,1.0,0,0,4,4
2021-12-06T00:00:00+00:00,POST_WARMUP,TOP_6,E10,C2,6,6,5,7,False,0.7142857142857143,2,1.0,0.8333333333333334,AVAX,MANA,0.013888888888888888,1059843598.823658,1060924079.2451651,1.001019471573642,0,1,6,5
2021-12-06T00:00:00+00:00,POST_WARMUP,TOP_8,E10,C2,8,8,8,8,True,1.0,0,0.0,1.0,,,0.013888888888888888,1182138772.1695428,1182138772.1695428,1.0,1,1,7,7
2021-12-06T00:00:00+00:00,POST_WARMUP,TOP_10,E10,C2,10,10,10,10,True,1.0,0,0.0,1.0,,,0.013888888888888888,1279119542.6237383,1279119542.6237383,1.0,1,1,9,9
2021-12-06T00:00:00+00:00,POST_WARMUP,TOP_30,E10,C2,30,30,30,30,True,1.0,0,0.0,1.0,,,0.013888888888888888,1759693828.187327,1759693828.187327,1.0,4,4,26,26
2021-12-06T00:00:00+00:00,POST_WARMUP,HYSTERESIS,E10,C2,6,6,6,6,True,1.0,0,0.0,1.0,,,0.013888888888888888,1060924079.2451651,1060924079.2451651,1.0,1,1,5,5
2021-12-13T00:00:00+00:00,POST_WARMUP,TOP_4,E10,C2,4,4,4,4,True,1.0,0,0.0,1.0,,,0.0,972561818.5398078,972561818.5398078,1.0,0,0,4,4
2021-12-13T00:00:00+00:00,POST_WARMUP,TOP_6,E10,C2,6,6,6,6,True,1.0,0,0.0,1.0,,,0.0,1108757920.8676023,1108757920.8676023,1.0,0,0,6,6
2021-12-13T00:00:00+00:00,POST_WARMUP,TOP_8,E10,C2,8,8,8,8,True,1.0,0,0.0,1.0,,,0.0,1220200683.2728655,1220200683.2728655,1.0,1,1,7,7
2021-12-13T00:00:00+00:00,POST_WARMUP,TOP_10,E10,C2,10,10,10,10,True,1.0,0,0.0,1.0,,,0.0,1315088887.7093782,1315088887.7093782,1.0,1,1,9,9
2021-12-13T00:00:00+00:00,POST_WARMUP,TOP_30,E10,C2,30,30,30,30,True,1.0,0,0.0,1.0,,,0.0,1748593343.1661382,1748593343.1661382,1.0,4,4,26,26
2021-12-13T00:00:00+00:00,POST_WARMUP,HYSTERESIS,E10,C2,6,6,6,6,True,1.0,0,0.0,1.0,,,0.0,1098985990.3484879,1098985990.3484879,1.0,1,1,5,5
2021-12-20T00:00:00+00:00,POST_WARMUP,TOP_4,E10,C2,4,4,4,4,True,1.0,0,0.0,1.0,,,0.012738853503184714,929686129.0419691,929686129.0419691,1.0,0,0,4,4
2021-12-20T00:00:00+00:00,POST_WARMUP,TOP_6,E10,C2,6,6,6,6,True,1.0,0,0.0,1.0,,,0.012738853503184714,1055283010.5825354,1055283010.5825354,1.0,0,0,6,6
2021-12-20T00:00:00+00:00,POST_WARMUP,TOP_8,E10,C2,8,8,7,9,False,0.7777777777777778,2,1.0,0.875,BNB,MANA,0.012738853503184714,1144273129.115706,1148673183.3375607,1.003845283184492,0,1,8,7
2021-12-20T00:00:00+00:00,POST_WARMUP,TOP_10,E10,C2,10,10,10,10,True,1.0,0,0.0,1.0,,,0.012738853503184714,1231487692.0429702,1231487692.0429702,1.0,1,1,9,9
2021-12-20T00:00:00+00:00,POST_WARMUP,TOP_30,E10,C2,30,30,30,30,True,1.0,0,0.0,1.0,,,0.012738853503184714,1593249771.3266177,1593249771.3266177,1.0,3,3,27,27
2021-12-20T00:00:00+00:00,POST_WARMUP,HYSTERESIS,E10,C2,6,6,5,7,False,0.7142857142857143,2,1.0,0.8333333333333334,AVAX,MANA,0.012738853503184714,1055283010.5825354,1035235606.6168189,0.9810028174767544,0,1,6,5
2021-12-27T00:00:00+00:00,POST_WARMUP,TOP_4,E10,C2,4,4,4,4,True,1.0,0,0.0,1.0,,,0.0,890506692.618563,890506692.618563,1.0,0,0,4,4
2021-12-27T00:00:00+00:00,POST_WARMUP,TOP_6,E10,C2,6,6,6,6,True,1.0,0,0.0,1.0,,,0.0,992165229.8309916,992165229.8309916,1.0,0,0,6,6
2021-12-27T00:00:00+00:00,POST_WARMUP,TOP_8,E10,C2,8,8,8,8,True,1.0,0,0.0,1.0,,,0.0,1074060519.7383547,1074060519.7383547,1.0,0,0,8,8
2021-12-27T00:00:00+00:00,POST_WARMUP,TOP_10,E10,C2,10,10,10,10,True,1.0,0,0.0,1.0,,,0.0,1140704516.5893009,1140704516.5893009,1.0,1,1,9,9
2021-12-27T00:00:00+00:00,POST_WARMUP,TOP_30,E10,C2,30,30,30,30,True,1.0,0,0.0,1.0,,,0.0,1445844103.804402,1445844103.804402,1.0,3,3,27,27
2021-12-27T00:00:00+00:00,POST_WARMUP,HYSTERESIS,E10,C2,6,6,6,6,True,1.0,0,0.0,1.0,,,0.0,992165229.8309916,992165229.8309916,1.0,0,0,6,6
2022-01-03T00:00:00+00:00,POST_WARMUP,TOP_4,E10,C2,4,4,4,4,True,1.0,0,0.0,1.0,,,0.0,790123890.353015,790123890.353015,1.0,0,0,4,4
2022-01-03T00:00:00+00:00,POST_WARMUP,TOP_6,E10,C2,6,6,6,6,True,1.0,0,0.0,1.0,,,0.0,870069157.0870185,870069157.0870185,1.0,0,0,6,6
2022-01-03T00:00:00+00:00,POST_WARMUP,TOP_8,E10,C2,8,8,8,8,True,1.0,0,0.0,1.0,,,0.0,947323121.1191899,947323121.1191899,1.0,0,0,8,8
2022-01-03T00:00:00+00:00,POST_WARMUP,TOP_10,E10,C2,10,10,10,10,True,1.0,0,0.0,1.0,,,0.0,1006676647.6022285,1006676647.6022285,1.0,1,1,9,9
2022-01-03T00:00:00+00:00,POST_WARMUP,TOP_30,E10,C2,30,30,30,30,True,1.0,0,0.0,1.0,,,0.0,1285242056.3019395,1285242056.3019395,1.0,3,3,27,27
2022-01-03T00:00:00+00:00,POST_WARMUP,HYSTERESIS,E10,C2,6,6,6,6,True,1.0,0,0.0,1.0,,,0.0,869206455.441068,869206455.441068,1.0,0,0,6,6
2022-01-10T00:00:00+00:00,POST_WARMUP,TOP_4,E10,C2,4,4,4,4,True,1.0,0,0.0,1.0,,,0.0,765154724.372264,765154724.372264,1.0,0,0,4,4
2022-01-10T00:00:00+00:00,POST_WARMUP,TOP_6,E10,C2,6,6,6,6,True,1.0,0,0.0,1.0,,,0.0,847465742.1210861,847465742.1210861,1.0,0,0,6,6
2022-01-10T00:00:00+00:00,POST_WARMUP,TOP_8,E10,C2,8,8,8,8,True,1.0,0,0.0,1.0,,,0.0,912644940.1819392,912644940.1819392,1.0,0,0,8,8
2022-01-10T00:00:00+00:00,POST_WARMUP,TOP_10,E10,C2,10,10,10,10,True,1.0,0,0.0,1.0,,,0.0,967760807.4351947,967760807.4351947,1.0,0,0,10,10
2022-01-10T00:00:00+00:00,POST_WARMUP,TOP_30,E10,C2,30,30,30,30,True,1.0,0,0.0,1.0,,,0.0,1252830671.9690044,1252830671.9690044,1.0,3,3,27,27
2022-01-10T00:00:00+00:00,POST_WARMUP,HYSTERESIS,E10,C2,6,6,6,6,True,1.0,0,0.0,1.0,,,0.0,830333922.4331172,830333922.4331172,1.0,0,0,6,6
2022-01-17T00:00:00+00:00,POST_WARMUP,TOP_4,E10,C2,4,4,4,4,True,1.0,0,0.0,1.0,,,0.0,749637089.7286842,749637089.7286842,1.0,0,0,4,4
2022-01-17T00:00:00+00:00,POST_WARMUP,TOP_6,E10,C2,6,6,6,6,True,1.0,0,0.0,1.0,,,0.0,827439837.3867295,827439837.3867295,1.0,0,0,6,6
2022-01-17T00:00:00+00:00,POST_WARMUP,TOP_8,E10,C2,8,8,8,8,True,1.0,0,0.0,1.0,,,0.0,895657690.1913,895657690.1913,1.0,0,0,8,8
2022-01-17T00:00:00+00:00,POST_WARMUP,TOP_10,E10,C2,10,10,10,10,True,1.0,0,0.0,1.0,,,0.0,959414690.0954355,959414690.0954355,1.0,0,0,10,10
2022-01-17T00:00:00+00:00,POST_WARMUP,TOP_30,E10,C2,30,30,30,30,True,1.0,0,0.0,1.0,,,0.0,1263968219.703549,1263968219.703549,1.0,3,3,27,27
2022-01-17T00:00:00+00:00,POST_WARMUP,HYSTERESIS,E10,C2,6,6,6,6,True,1.0,0,0.0,1.0,,,0.0,824735543.7219063,824735543.7219063,1.0,0,0,6,6
2022-01-24T00:00:00+00:00,POST_WARMUP,TOP_4,E10,C2,4,4,4,4,True,1.0,0,0.0,1.0,,,0.0,743305506.5008627,743305506.5008627,1.0,0,0,4,4
2022-01-24T00:00:00+00:00,POST_WARMUP,TOP_6,E10,C2,6,6,6,6,True,1.0,0,0.0,1.0,,,0.0,824916929.143762,824916929.143762,1.0,0,0,6,6
2022-01-24T00:00:00+00:00,POST_WARMUP,TOP_8,E10,C2,8,8,8,8,True,1.0,0,0.0,1.0,,,0.0,904216696.9876312,904216696.9876312,1.0,0,0,8,8
2022-01-24T00:00:00+00:00,POST_WARMUP,TOP_10,E10,C2,10,10,10,10,True,1.0,0,0.0,1.0,,,0.0,970209482.7034788,970209482.7034788,1.0,0,0,10,10
2022-01-24T00:00:00+00:00,POST_WARMUP,TOP_30,E10,C2,30,30,30,30,True,1.0,0,0.0,1.0,,,0.0,1276401012.9558816,1276401012.9558816,1.0,3,3,27,27
2022-01-24T00:00:00+00:00,POST_WARMUP,HYSTERESIS,E10,C2,6,6,6,6,True,1.0,0,0.0,1.0,,,0.0,823996914.8609207,823996914.8609207,1.0,0,0,6,6
2022-01-31T00:00:00+00:00,POST_WARMUP,TOP_4,E10,C2,4,4,4,4,True,1.0,0,0.0,1.0,,,0.0,793826495.0854996,793826495.0854996,1.0,0,0,4,4
2022-01-31T00:00:00+00:00,POST_WARMUP,TOP_6,E10,C2,6,6,6,6,True,1.0,0,0.0,1.0,,,0.0,876663200.8803484,876663200.8803484,1.0,0,0,6,6
2022-01-31T00:00:00+00:00,POST_WARMUP,TOP_8,E10,C2,8,8,8,8,True,1.0,0,0.0,1.0,,,0.0,952524741.5193535,952524741.5193535,1.0,0,0,8,8
2022-01-31T00:00:00+00:00,POST_WARMUP,TOP_10,E10,C2,10,10,10,10,True,1.0,0,0.0,1.0,,,0.0,1021733642.3587044,1021733642.3587044,1.0,0,0,10,10
2022-01-31T00:00:00+00:00,POST_WARMUP,TOP_30,E10,C2,30,30,30,30,True,1.0,0,0.0,1.0,,,0.0,1313889693.643157,1313889693.643157,1.0,3,3,27,27
2022-01-31T00:00:00+00:00,POST_WARMUP,HYSTERESIS,E10,C2,6,6,6,6,True,1.0,0,0.0,1.0,,,0.0,876663200.8803484,876663200.8803484,1.0,0,0,6,6
2022-02-07T00:00:00+00:00,POST_WARMUP,TOP_4,E10,C2,4,4,4,4,True,1.0,0,0.0,1.0,,,0.0,733931535.7025669,733931535.7025669,1.0,0,0,4,4
2022-02-07T00:00:00+00:00,POST_WARMUP,TOP_6,E10,C2,6,6,6,6,True,1.0,0,0.0,1.0,,,0.0,811138823.3616828,811138823.3616828,1.0,0,0,6,6
2022-02-07T00:00:00+00:00,POST_WARMUP,TOP_8,E10,C2,8,8,8,8,True,1.0,0,0.0,1.0,,,0.0,879673107.7052826,879673107.7052826,1.0,0,0,8,8
2022-02-07T00:00:00+00:00,POST_WARMUP,TOP_10,E10,C2,10,10,10,10,True,1.0,0,0.0,1.0,,,0.0,943300602.6577048,943300602.6577048,1.0,0,0,10,10
2022-02-07T00:00:00+00:00,POST_WARMUP,TOP_30,E10,C2,30,30,30,30,True,1.0,0,0.0,1.0,,,0.0,1193675632.3553097,1193675632.3553097,1.0,3,3,27,27
2022-02-07T00:00:00+00:00,POST_WARMUP,HYSTERESIS,E10,C2,6,6,6,6,True,1.0,0,0.0,1.0,,,0.0,803133153.7667981,803133153.7667981,1.0,0,0,6,6
2022-02-14T00:00:00+00:00,POST_WARMUP,TOP_4,E10,C2,4,4,4,4,True,1.0,0,0.0,1.0,,,0.0,741991847.7793896,741991847.7793896,1.0,0,0,4,4
2022-02-14T00:00:00+00:00,POST_WARMUP,TOP_6,E10,C2,6,6,6,6,True,1.0,0,0.0,1.0,,,0.0,820135561.3293424,820135561.3293424,1.0,0,0,6,6
2022-02-14T00:00:00+00:00,POST_WARMUP,TOP_8,E10,C2,8,8,8,8,True,1.0,0,0.0,1.0,,,0.0,888136449.156046,888136449.156046,1.0,0,0,8,8
2022-02-14T00:00:00+00:00,POST_WARMUP,TOP_10,E10,C2,10,10,10,10,True,1.0,0,0.0,1.0,,,0.0,946951454.5472143,946951454.5472143,1.0,0,0,10,10
2022-02-14T00:00:00+00:00,POST_WARMUP,TOP_30,E10,C2,30,30,30,30,True,1.0,0,0.0,1.0,,,0.0,1177491900.2567723,1177491900.2567723,1.0,3,3,27,27
2022-02-14T00:00:00+00:00,POST_WARMUP,HYSTERESIS,E10,C2,6,6,6,6,True,1.0,0,0.0,1.0,,,0.0,820135561.3293424,820135561.3293424,1.0,0,0,6,6
2022-02-21T00:00:00+00:00,POST_WARMUP,TOP_4,E10,C2,4,4,4,4,True,1.0,0,0.0,1.0,,,0.0,731480245.6771713,731480245.6771713,1.0,0,0,4,4
2022-02-21T00:00:00+00:00,POST_WARMUP,TOP_6,E10,C2,6,6,6,6,True,1.0,0,0.0,1.0,,,0.0,818264160.082857,818264160.082857,1.0,0,0,6,6
2022-02-21T00:00:00+00:00,POST_WARMUP,TOP_8,E10,C2,8,8,8,8,True,1.0,0,0.0,1.0,,,0.0,881777900.3130076,881777900.3130076,1.0,0,0,8,8
2022-02-21T00:00:00+00:00,POST_WARMUP,TOP_10,E10,C2,10,10,10,10,True,1.0,0,0.0,1.0,,,0.0,924728138.8219204,924728138.8219204,1.0,0,0,10,10
2022-02-21T00:00:00+00:00,POST_WARMUP,TOP_30,E10,C2,30,30,30,30,True,1.0,0,0.0,1.0,,,0.0,1130829281.083116,1130829281.083116,1.0,3,3,27,27
2022-02-21T00:00:00+00:00,POST_WARMUP,HYSTERESIS,E10,C2,6,6,6,6,True,1.0,0,0.0,1.0,,,0.0,778759158.1467907,778759158.1467907,1.0,0,0,6,6
2022-02-28T00:00:00+00:00,POST_WARMUP,TOP_4,E10,C2,4,4,4,4,True,1.0,0,0.0,1.0,,,0.0,722401831.9817829,722401831.9817829,1.0,0,0,4,4
2022-02-28T00:00:00+00:00,POST_WARMUP,TOP_6,E10,C2,6,6,6,6,True,1.0,0,0.0,1.0,,,0.0,804519196.0778934,804519196.0778934,1.0,0,0,6,6
2022-02-28T00:00:00+00:00,POST_WARMUP,TOP_8,E10,C2,8,8,8,8,True,1.0,0,0.0,1.0,,,0.0,864335732.6364799,864335732.6364799,1.0,0,0,8,8
2022-02-28T00:00:00+00:00,POST_WARMUP,TOP_10,E10,C2,10,10,10,10,True,1.0,0,0.0,1.0,,,0.0,906491648.4011314,906491648.4011314,1.0,1,1,9,9
2022-02-28T00:00:00+00:00,POST_WARMUP,TOP_30,E10,C2,30,30,30,30,True,1.0,0,0.0,1.0,,,0.0,1108938255.0509152,1108938255.0509152,1.0,2,2,28,28
2022-02-28T00:00:00+00:00,POST_WARMUP,HYSTERESIS,E10,C2,6,6,6,6,True,1.0,0,0.0,1.0,,,0.0,780592507.714485,780592507.714485,1.0,0,0,6,6
2022-03-07T00:00:00+00:00,POST_WARMUP,TOP_4,E10,C2,4,4,4,4,True,1.0,0,0.0,1.0,,,0.0,745948317.5235574,745948317.5235574,1.0,0,0,4,4
2022-03-07T00:00:00+00:00,POST_WARMUP,TOP_6,E10,C2,6,6,6,6,True,1.0,0,0.0,1.0,,,0.0,824497986.843979,824497986.843979,1.0,0,0,6,6
2022-03-07T00:00:00+00:00,POST_WARMUP,TOP_8,E10,C2,8,8,8,8,True,1.0,0,0.0,1.0,,,0.0,876812311.8695592,876812311.8695592,1.0,0,0,8,8
2022-03-07T00:00:00+00:00,POST_WARMUP,TOP_10,E10,C2,10,10,10,10,True,1.0,0,0.0,1.0,,,0.0,915352002.4176577,915352002.4176577,1.0,1,1,9,9
2022-03-07T00:00:00+00:00,POST_WARMUP,TOP_30,E10,C2,30,30,30,30,True,1.0,0,0.0,1.0,,,0.0,1107941141.960032,1107941141.960032,1.0,3,3,27,27
2022-03-07T00:00:00+00:00,POST_WARMUP,HYSTERESIS,E10,C2,6,6,6,6,True,1.0,0,0.0,1.0,,,0.0,793069086.9475642,793069086.9475642,1.0,0,0,6,6
2022-03-14T00:00:00+00:00,POST_WARMUP,TOP_4,E10,C2,4,4,4,4,True,1.0,0,0.0,1.0,,,0.0,674809760.437133,674809760.437133,1.0,0,0,4,4
2022-03-14T00:00:00+00:00,POST_WARMUP,TOP_6,E10,C2,6,6,6,6,True,1.0,0,0.0,1.0,,,0.0,744540456.624791,744540456.624791,1.0,0,0,6,6
2022-03-14T00:00:00+00:00,POST_WARMUP,TOP_8,E10,C2,8,8,8,8,True,1.0,0,0.0,1.0,,,0.0,789733020.9615275,789733020.9615275,1.0,0,0,8,8
2022-03-14T00:00:00+00:00,POST_WARMUP,TOP_10,E10,C2,10,10,10,10,True,1.0,0,0.0,1.0,,,0.0,822044496.8472841,822044496.8472841,1.0,1,1,9,9
2022-03-14T00:00:00+00:00,POST_WARMUP,TOP_30,E10,C2,30,30,30,30,True,1.0,0,0.0,1.0,,,0.0,987455001.2976053,987455001.2976053,1.0,2,2,28,28
2022-03-14T00:00:00+00:00,POST_WARMUP,HYSTERESIS,E10,C2,6,6,6,6,True,1.0,0,0.0,1.0,,,0.0,733908434.0437641,733908434.0437641,1.0,0,0,6,6
2022-03-21T00:00:00+00:00,POST_WARMUP,TOP_4,E10,C2,4,4,4,4,True,1.0,0,0.0,1.0,,,0.0,627403959.7962917,627403959.7962917,1.0,0,0,4,4
2022-03-21T00:00:00+00:00,POST_WARMUP,TOP_6,E10,C2,6,6,6,6,True,1.0,0,0.0,1.0,,,0.0,683435074.8893793,683435074.8893793,1.0,0,0,6,6
2022-03-21T00:00:00+00:00,POST_WARMUP,TOP_8,E10,C2,8,8,8,8,True,1.0,0,0.0,1.0,,,0.0,721037319.4984908,721037319.4984908,1.0,0,0,8,8
2022-03-21T00:00:00+00:00,POST_WARMUP,TOP_10,E10,C2,10,10,10,10,True,1.0,0,0.0,1.0,,,0.0,750912327.5567528,750912327.5567528,1.0,0,0,10,10
2022-03-21T00:00:00+00:00,POST_WARMUP,TOP_30,E10,C2,30,30,30,30,True,1.0,0,0.0,1.0,,,0.0,899466714.3859836,899466714.3859836,1.0,1,1,29,29
2022-03-21T00:00:00+00:00,POST_WARMUP,HYSTERESIS,E10,C2,6,6,6,6,True,1.0,0,0.0,1.0,,,0.0,683435074.8893793,683435074.8893793,1.0,0,0,6,6
2022-03-28T00:00:00+00:00,POST_WARMUP,TOP_4,E10,C2,4,4,4,4,True,1.0,0,0.0,1.0,,,0.0,529996313.5740464,529996313.5740464,1.0,0,0,4,4
2022-03-28T00:00:00+00:00,POST_WARMUP,TOP_6,E10,C2,6,6,6,6,True,1.0,0,0.0,1.0,,,0.0,576874440.8519806,576874440.8519806,1.0,0,0,6,6
2022-03-28T00:00:00+00:00,POST_WARMUP,TOP_8,E10,C2,8,8,8,8,True,1.0,0,0.0,1.0,,,0.0,615141830.7604481,615141830.7604481,1.0,0,0,8,8
2022-03-28T00:00:00+00:00,POST_WARMUP,TOP_10,E10,C2,10,10,10,10,True,1.0,0,0.0,1.0,,,0.0,647995846.0807985,647995846.0807985,1.0,0,0,10,10
2022-03-28T00:00:00+00:00,POST_WARMUP,TOP_30,E10,C2,30,30,30,30,True,1.0,0,0.0,1.0,,,0.0,791787940.0543332,791787940.0543332,1.0,1,1,29,29
2022-03-28T00:00:00+00:00,POST_WARMUP,HYSTERESIS,E10,C2,6,6,6,6,True,1.0,0,0.0,1.0,,,0.0,576330625.6736482,576330625.6736482,1.0,0,0,6,6
2022-04-04T00:00:00+00:00,POST_WARMUP,TOP_4,E10,C2,4,4,4,4,True,1.0,0,0.0,1.0,,,0.0,530733686.9101453,530733686.9101453,1.0,0,0,4,4
2022-04-04T00:00:00+00:00,POST_WARMUP,TOP_6,E10,C2,6,6,6,6,True,1.0,0,0.0,1.0,,,0.0,589382726.4736519,589382726.4736519,1.0,0,0,6,6
2022-04-04T00:00:00+00:00,POST_WARMUP,TOP_8,E10,C2,8,8,8,8,True,1.0,0,0.0,1.0,,,0.0,634755630.25066,634755630.25066,1.0,0,0,8,8
2022-04-04T00:00:00+00:00,POST_WARMUP,TOP_10,E10,C2,10,10,10,10,True,1.0,0,0.0,1.0,,,0.0,667831295.477031,667831295.477031,1.0,0,0,10,10
2022-04-04T00:00:00+00:00,POST_WARMUP,TOP_30,E10,C2,30,30,30,30,True,1.0,0,0.0,1.0,,,0.0,822682579.6213704,822682579.6213704,1.0,2,2,28,28
2022-04-04T00:00:00+00:00,POST_WARMUP,HYSTERESIS,E10,C2,6,6,6,6,True,1.0,0,0.0,1.0,,,0.0,576392391.5970937,576392391.5970937,1.0,0,0,6,6
2022-04-11T00:00:00+00:00,POST_WARMUP,TOP_4,E10,C2,4,4,4,4,True,1.0,0,0.0,1.0,,,0.0,590624569.4388813,590624569.4388813,1.0,0,0,4,4
2022-04-11T00:00:00+00:00,POST_WARMUP,TOP_6,E10,C2,6,6,6,6,True,1.0,0,0.0,1.0,,,0.0,663498926.7890102,663498926.7890102,1.0,0,0,6,6
2022-04-11T00:00:00+00:00,POST_WARMUP,TOP_8,E10,C2,8,8,8,8,True,1.0,0,0.0,1.0,,,0.0,716104754.7929797,716104754.7929797,1.0,0,0,8,8
2022-04-11T00:00:00+00:00,POST_WARMUP,TOP_10,E10,C2,10,10,10,10,True,1.0,0,0.0,1.0,,,0.0,758315969.88279,758315969.88279,1.0,0,0,10,10
2022-04-11T00:00:00+00:00,POST_WARMUP,TOP_30,E10,C2,30,30,30,30,True,1.0,0,0.0,1.0,,,0.0,945792716.5250621,945792716.5250621,1.0,3,3,27,27
2022-04-11T00:00:00+00:00,POST_WARMUP,HYSTERESIS,E10,C2,6,6,6,6,True,1.0,0,0.0,1.0,,,0.0,663498926.7890102,663498926.7890102,1.0,0,0,6,6
2022-04-18T00:00:00+00:00,POST_WARMUP,TOP_4,E10,C2,4,4,4,4,True,1.0,0,0.0,1.0,,,0.0,727119035.4446672,727119035.4446672,1.0,0,0,4,4
2022-04-18T00:00:00+00:00,POST_WARMUP,TOP_6,E10,C2,6,6,6,6,True,1.0,0,0.0,1.0,,,0.0,801162830.5382738,801162830.5382738,1.0,0,0,6,6
2022-04-18T00:00:00+00:00,POST_WARMUP,TOP_8,E10,C2,8,8,8,8,True,1.0,0,0.0,1.0,,,0.0,859837524.3755227,859837524.3755227,1.0,0,0,8,8
2022-04-18T00:00:00+00:00,POST_WARMUP,TOP_10,E10,C2,10,10,10,10,True,1.0,0,0.0,1.0,,,0.0,902044492.006187,902044492.006187,1.0,0,0,10,10
2022-04-18T00:00:00+00:00,POST_WARMUP,TOP_30,E10,C2,30,30,30,30,True,1.0,0,0.0,1.0,,,0.0,1124136670.5266514,1124136670.5266514,1.0,3,3,27,27
2022-04-18T00:00:00+00:00,POST_WARMUP,HYSTERESIS,E10,C2,6,6,6,6,True,1.0,0,0.0,1.0,,,0.0,798689440.525329,798689440.525329,1.0,0,0,6,6
2022-04-25T00:00:00+00:00,POST_WARMUP,TOP_4,E10,C2,4,4,4,4,True,1.0,0,0.0,1.0,,,0.0,795940534.1530355,795940534.1530355,1.0,0,0,4,4
2022-04-25T00:00:00+00:00,POST_WARMUP,TOP_6,E10,C2,6,6,6,6,True,1.0,0,0.0,1.0,,,0.0,869766294.7487336,869766294.7487336,1.0,0,0,6,6
2022-04-25T00:00:00+00:00,POST_WARMUP,TOP_8,E10,C2,8,8,8,8,True,1.0,0,0.0,1.0,,,0.0,922561445.3396871,922561445.3396871,1.0,0,0,8,8
2022-04-25T00:00:00+00:00,POST_WARMUP,TOP_10,E10,C2,10,10,10,10,True,1.0,0,0.0,1.0,,,0.0,965046453.3468031,965046453.3468031,1.0,1,1,9,9
2022-04-25T00:00:00+00:00,POST_WARMUP,TOP_30,E10,C2,30,30,30,30,True,1.0,0,0.0,1.0,,,0.0,1183283247.8590486,1183283247.8590486,1.0,2,2,28,28
2022-04-25T00:00:00+00:00,POST_WARMUP,HYSTERESIS,E10,C2,6,6,6,6,True,1.0,0,0.0,1.0,,,0.0,851158973.3265485,851158973.3265485,1.0,0,0,6,6
2022-05-02T00:00:00+00:00,POST_WARMUP,TOP_4,E10,C2,4,4,4,4,True,1.0,0,0.0,1.0,,,0.0,742972012.2539765,742972012.2539765,1.0,0,0,4,4
2022-05-02T00:00:00+00:00,POST_WARMUP,TOP_6,E10,C2,6,6,6,6,True,1.0,0,0.0,1.0,,,0.0,817198216.5206947,817198216.5206947,1.0,0,0,6,6
2022-05-02T00:00:00+00:00,POST_WARMUP,TOP_8,E10,C2,8,8,8,8,True,1.0,0,0.0,1.0,,,0.0,867483196.6047393,867483196.6047393,1.0,0,0,8,8
2022-05-02T00:00:00+00:00,POST_WARMUP,TOP_10,E10,C2,10,10,10,10,True,1.0,0,0.0,1.0,,,0.0,902747199.953979,902747199.953979,1.0,0,0,10,10
2022-05-02T00:00:00+00:00,POST_WARMUP,TOP_30,E10,C2,30,30,30,30,True,1.0,0,0.0,1.0,,,0.0,1078949785.502959,1078949785.502959,1.0,2,2,28,28
2022-05-02T00:00:00+00:00,POST_WARMUP,HYSTERESIS,E10,C2,6,6,6,6,True,1.0,0,0.0,1.0,,,0.0,788728265.9834259,788728265.9834259,1.0,0,0,6,6
2022-05-09T00:00:00+00:00,POST_WARMUP,TOP_4,E10,C2,4,4,4,4,True,1.0,0,0.0,1.0,,,0.0,708584422.872142,708584422.872142,1.0,0,0,4,4
2022-05-09T00:00:00+00:00,POST_WARMUP,TOP_6,E10,C2,6,6,6,6,True,1.0,0,0.0,1.0,,,0.0,771628191.6920658,771628191.6920658,1.0,0,0,6,6
2022-05-09T00:00:00+00:00,POST_WARMUP,TOP_8,E10,C2,8,8,8,8,True,1.0,0,0.0,1.0,,,0.0,821792460.4445821,821792460.4445821,1.0,0,0,8,8
2022-05-09T00:00:00+00:00,POST_WARMUP,TOP_10,E10,C2,10,10,10,10,True,1.0,0,0.0,1.0,,,0.0,856517359.6451979,856517359.6451979,1.0,0,0,10,10
2022-05-09T00:00:00+00:00,POST_WARMUP,TOP_30,E10,C2,30,30,30,30,True,1.0,0,0.0,1.0,,,0.0,1019492571.2068772,1019492571.2068772,1.0,2,2,28,28
2022-05-09T00:00:00+00:00,POST_WARMUP,HYSTERESIS,E10,C2,6,6,6,6,True,1.0,0,0.0,1.0,,,0.0,747740335.0762951,747740335.0762951,1.0,0,0,6,6
2022-05-16T00:00:00+00:00,POST_WARMUP,TOP_4,E10,C2,4,4,4,4,True,1.0,0,0.0,1.0,,,0.0,790227368.2525809,790227368.2525809,1.0,0,0,4,4
2022-05-16T00:00:00+00:00,POST_WARMUP,TOP_6,E10,C2,6,6,6,6,True,1.0,0,0.0,1.0,,,0.0,855574599.5382135,855574599.5382135,1.0,0,0,6,6
2022-05-16T00:00:00+00:00,POST_WARMUP,TOP_8,E10,C2,8,8,8,8,True,1.0,0,0.0,1.0,,,0.0,905416043.8654418,905416043.8654418,1.0,0,0,8,8
2022-05-16T00:00:00+00:00,POST_WARMUP,TOP_10,E10,C2,10,10,10,10,True,1.0,0,0.0,1.0,,,0.0,945002591.4719883,945002591.4719883,1.0,0,0,10,10
2022-05-16T00:00:00+00:00,POST_WARMUP,TOP_30,E10,C2,30,30,30,30,True,1.0,0,0.0,1.0,,,0.0,1110027623.8758442,1110027623.8758442,1.0,3,3,27,27
2022-05-16T00:00:00+00:00,POST_WARMUP,HYSTERESIS,E10,C2,6,6,6,6,True,1.0,0,0.0,1.0,,,0.0,831397328.7378631,831397328.7378631,1.0,0,0,6,6
2022-05-23T00:00:00+00:00,POST_WARMUP,TOP_4,E10,C2,4,4,4,4,True,1.0,0,0.0,1.0,,,0.0,757670980.2871559,757670980.2871559,1.0,0,0,4,4
2022-05-23T00:00:00+00:00,POST_WARMUP,TOP_6,E10,C2,6,6,6,6,True,1.0,0,0.0,1.0,,,0.0,819037578.8059689,819037578.8059689,1.0,0,0,6,6
2022-05-23T00:00:00+00:00,POST_WARMUP,TOP_8,E10,C2,8,8,8,8,True,1.0,0,0.0,1.0,,,0.0,863945203.9276989,863945203.9276989,1.0,0,0,8,8
2022-05-23T00:00:00+00:00,POST_WARMUP,TOP_10,E10,C2,10,10,10,10,True,1.0,0,0.0,1.0,,,0.0,900157289.7921178,900157289.7921178,1.0,0,0,10,10
2022-05-23T00:00:00+00:00,POST_WARMUP,TOP_30,E10,C2,30,30,30,30,True,1.0,0,0.0,1.0,,,0.0,1054397534.4366211,1054397534.4366211,1.0,3,3,27,27
2022-05-23T00:00:00+00:00,POST_WARMUP,HYSTERESIS,E10,C2,6,6,6,6,True,1.0,0,0.0,1.0,,,0.0,818779531.10496,818779531.10496,1.0,0,0,6,6
2022-05-30T00:00:00+00:00,POST_WARMUP,TOP_4,E10,C2,4,4,4,4,True,1.0,0,0.0,1.0,,,0.0,762616444.6273654,762616444.6273654,1.0,0,0,4,4
2022-05-30T00:00:00+00:00,POST_WARMUP,TOP_6,E10,C2,6,6,6,6,True,1.0,0,0.0,1.0,,,0.0,817365723.509147,817365723.509147,1.0,0,0,6,6
2022-05-30T00:00:00+00:00,POST_WARMUP,TOP_8,E10,C2,8,8,8,8,True,1.0,0,0.0,1.0,,,0.0,861427398.9136791,861427398.9136791,1.0,0,0,8,8
2022-05-30T00:00:00+00:00,POST_WARMUP,TOP_10,E10,C2,10,10,10,10,True,1.0,0,0.0,1.0,,,0.0,896293273.7398851,896293273.7398851,1.0,0,0,10,10
2022-05-30T00:00:00+00:00,POST_WARMUP,TOP_30,E10,C2,30,30,30,30,True,1.0,0,0.0,1.0,,,0.0,1037374444.7863364,1037374444.7863364,1.0,2,2,28,28
2022-05-30T00:00:00+00:00,POST_WARMUP,HYSTERESIS,E10,C2,6,6,6,6,True,1.0,0,0.0,1.0,,,0.0,815799048.0657465,815799048.0657465,1.0,0,0,6,6
2022-06-06T00:00:00+00:00,POST_WARMUP,TOP_4,E10,C2,4,4,4,4,True,1.0,0,0.0,1.0,,,0.0,771565483.4313375,771565483.4313375,1.0,0,0,4,4
2022-06-06T00:00:00+00:00,POST_WARMUP,TOP_6,E10,C2,6,6,6,6,True,1.0,0,0.0,1.0,,,0.0,819962367.4366838,819962367.4366838,1.0,0,0,6,6
2022-06-06T00:00:00+00:00,POST_WARMUP,TOP_8,E10,C2,8,8,8,8,True,1.0,0,0.0,1.0,,,0.0,855752431.9014953,855752431.9014953,1.0,0,0,8,8
2022-06-06T00:00:00+00:00,POST_WARMUP,TOP_10,E10,C2,10,10,10,10,True,1.0,0,0.0,1.0,,,0.0,887443601.7944164,887443601.7944164,1.0,0,0,10,10
2022-06-06T00:00:00+00:00,POST_WARMUP,TOP_30,E10,C2,30,30,30,30,True,1.0,0,0.0,1.0,,,0.0,1011641909.69023,1011641909.69023,1.0,3,3,27,27
2022-06-06T00:00:00+00:00,POST_WARMUP,HYSTERESIS,E10,C2,6,6,6,6,True,1.0,0,0.0,1.0,,,0.0,819962367.4366838,819962367.4366838,1.0,0,0,6,6
2022-06-13T00:00:00+00:00,POST_WARMUP,TOP_4,E10,C2,4,4,4,4,True,1.0,0,0.0,1.0,,,0.0,651037485.6285154,651037485.6285154,1.0,0,0,4,4
2022-06-13T00:00:00+00:00,POST_WARMUP,TOP_6,E10,C2,6,6,6,6,True,1.0,0,0.0,1.0,,,0.0,695948018.2095568,695948018.2095568,1.0,0,0,6,6
2022-06-13T00:00:00+00:00,POST_WARMUP,TOP_8,E10,C2,8,8,8,8,True,1.0,0,0.0,1.0,,,0.0,726751318.7597184,726751318.7597184,1.0,0,0,8,8
2022-06-13T00:00:00+00:00,POST_WARMUP,TOP_10,E10,C2,10,10,10,10,True,1.0,0,0.0,1.0,,,0.0,754794277.5674821,754794277.5674821,1.0,0,0,10,10
2022-06-13T00:00:00+00:00,POST_WARMUP,TOP_30,E10,C2,30,30,30,30,True,1.0,0,0.0,1.0,,,0.0,857654933.217228,857654933.217228,1.0,2,2,28,28
2022-06-13T00:00:00+00:00,POST_WARMUP,HYSTERESIS,E10,C2,6,6,6,6,True,1.0,0,0.0,1.0,,,0.0,695948018.2095568,695948018.2095568,1.0,0,0,6,6
2022-06-20T00:00:00+00:00,POST_WARMUP,TOP_4,E10,C2,4,4,4,4,True,1.0,0,0.0,1.0,,,0.0,720341715.0273671,720341715.0273671,1.0,0,0,4,4
2022-06-20T00:00:00+00:00,POST_WARMUP,TOP_6,E10,C2,6,6,6,6,True,1.0,0,0.0,1.0,,,0.0,781305855.5861692,781305855.5861692,1.0,0,0,6,6
2022-06-20T00:00:00+00:00,POST_WARMUP,TOP_8,E10,C2,8,8,8,8,True,1.0,0,0.0,1.0,,,0.0,813815614.5588522,813815614.5588522,1.0,0,0,8,8
2022-06-20T00:00:00+00:00,POST_WARMUP,TOP_10,E10,C2,10,10,10,10,True,1.0,0,0.0,1.0,,,0.0,842680869.6229547,842680869.6229547,1.0,0,0,10,10
2022-06-20T00:00:00+00:00,POST_WARMUP,TOP_30,E10,C2,30,30,30,30,True,1.0,0,0.0,1.0,,,0.0,960926708.6035445,960926708.6035445,1.0,2,2,28,28
2022-06-20T00:00:00+00:00,POST_WARMUP,HYSTERESIS,E10,C2,6,6,6,6,True,1.0,0,0.0,1.0,,,0.0,781305855.5861692,781305855.5861692,1.0,0,0,6,6
2022-06-27T00:00:00+00:00,POST_WARMUP,TOP_4,E10,C2,4,4,4,4,True,1.0,0,0.0,1.0,,,0.0,649459219.2029997,649459219.2029997,1.0,0,0,4,4
2022-06-27T00:00:00+00:00,POST_WARMUP,TOP_6,E10,C2,6,6,6,6,True,1.0,0,0.0,1.0,,,0.0,702362806.4726046,702362806.4726046,1.0,0,0,6,6
2022-06-27T00:00:00+00:00,POST_WARMUP,TOP_8,E10,C2,8,8,8,8,True,1.0,0,0.0,1.0,,,0.0,730741925.7439393,730741925.7439393,1.0,0,0,8,8
2022-06-27T00:00:00+00:00,POST_WARMUP,TOP_10,E10,C2,10,10,10,10,True,1.0,0,0.0,1.0,,,0.0,755852975.8413752,755852975.8413752,1.0,0,0,10,10
2022-06-27T00:00:00+00:00,POST_WARMUP,TOP_30,E10,C2,30,30,30,30,True,1.0,0,0.0,1.0,,,0.0,871771643.8057607,871771643.8057607,1.0,2,2,28,28
2022-06-27T00:00:00+00:00,POST_WARMUP,HYSTERESIS,E10,C2,6,6,6,6,True,1.0,0,0.0,1.0,,,0.0,702362806.4726046,702362806.4726046,1.0,0,0,6,6
2022-07-04T00:00:00+00:00,POST_WARMUP,TOP_4,E10,C2,4,4,4,4,True,1.0,0,0.0,1.0,,,0.0,655482559.8823789,655482559.8823789,1.0,0,0,4,4
2022-07-04T00:00:00+00:00,POST_WARMUP,TOP_6,E10,C2,6,6,6,6,True,1.0,0,0.0,1.0,,,0.0,704575781.7176006,704575781.7176006,1.0,0,0,6,6
2022-07-04T00:00:00+00:00,POST_WARMUP,TOP_8,E10,C2,8,8,8,8,True,1.0,0,0.0,1.0,,,0.0,734522378.2591038,734522378.2591038,1.0,0,0,8,8
2022-07-04T00:00:00+00:00,POST_WARMUP,TOP_10,E10,C2,10,10,10,10,True,1.0,0,0.0,1.0,,,0.0,757931973.880601,757931973.880601,1.0,0,0,10,10
2022-07-04T00:00:00+00:00,POST_WARMUP,TOP_30,E10,C2,30,30,30,30,True,1.0,0,0.0,1.0,,,0.0,875149603.7429696,875149603.7429696,1.0,3,3,27,27
2022-07-04T00:00:00+00:00,POST_WARMUP,HYSTERESIS,E10,C2,6,6,6,6,True,1.0,0,0.0,1.0,,,0.0,704575781.7176006,704575781.7176006,1.0,0,0,6,6
2022-07-11T00:00:00+00:00,POST_WARMUP,TOP_4,E10,C2,4,4,4,4,True,1.0,0,0.0,1.0,,,0.0,638384871.9594293,638384871.9594293,1.0,0,0,4,4
2022-07-11T00:00:00+00:00,POST_WARMUP,TOP_6,E10,C2,6,6,6,6,True,1.0,0,0.0,1.0,,,0.0,673748063.7355531,673748063.7355531,1.0,0,0,6,6
2022-07-11T00:00:00+00:00,POST_WARMUP,TOP_8,E10,C2,8,8,8,8,True,1.0,0,0.0,1.0,,,0.0,702218079.779825,702218079.779825,1.0,0,0,8,8
2022-07-11T00:00:00+00:00,POST_WARMUP,TOP_10,E10,C2,10,10,10,10,True,1.0,0,0.0,1.0,,,0.0,724542238.252215,724542238.252215,1.0,0,0,10,10
2022-07-11T00:00:00+00:00,POST_WARMUP,TOP_30,E10,C2,30,30,30,30,True,1.0,0,0.0,1.0,,,0.0,835779594.4419203,835779594.4419203,1.0,3,3,27,27
2022-07-11T00:00:00+00:00,POST_WARMUP,HYSTERESIS,E10,C2,6,6,6,6,True,1.0,0,0.0,1.0,,,0.0,673400886.3206482,673400886.3206482,1.0,0,0,6,6
2022-07-18T00:00:00+00:00,POST_WARMUP,TOP_4,E10,C2,4,4,4,4,True,1.0,0,0.0,1.0,,,0.0,578609348.0187746,578609348.0187746,1.0,0,0,4,4
2022-07-18T00:00:00+00:00,POST_WARMUP,TOP_6,E10,C2,6,6,6,6,True,1.0,0,0.0,1.0,,,0.0,608538046.4878672,608538046.4878672,1.0,0,0,6,6
2022-07-18T00:00:00+00:00,POST_WARMUP,TOP_8,E10,C2,8,8,8,8,True,1.0,0,0.0,1.0,,,0.0,631232303.6226,631232303.6226,1.0,0,0,8,8
2022-07-18T00:00:00+00:00,POST_WARMUP,TOP_10,E10,C2,10,10,10,10,True,1.0,0,0.0,1.0,,,0.0,649321387.1647667,649321387.1647667,1.0,0,0,10,10
2022-07-18T00:00:00+00:00,POST_WARMUP,TOP_30,E10,C2,30,30,30,30,True,1.0,0,0.0,1.0,,,0.0,738159494.5657816,738159494.5657816,1.0,2,2,28,28
2022-07-18T00:00:00+00:00,POST_WARMUP,HYSTERESIS,E10,C2,6,6,6,6,True,1.0,0,0.0,1.0,,,0.0,608538046.4878672,608538046.4878672,1.0,0,0,6,6
2022-07-25T00:00:00+00:00,POST_WARMUP,TOP_4,E10,C2,4,4,4,4,True,1.0,0,0.0,1.0,,,0.0,511140686.5211235,511140686.5211235,1.0,0,0,4,4
2022-07-25T00:00:00+00:00,POST_WARMUP,TOP_6,E10,C2,6,6,6,6,True,1.0,0,0.0,1.0,,,0.0,542475620.6039919,542475620.6039919,1.0,0,0,6,6
2022-07-25T00:00:00+00:00,POST_WARMUP,TOP_8,E10,C2,8,8,8,8,True,1.0,0,0.0,1.0,,,0.0,563781161.9061424,563781161.9061424,1.0,0,0,8,8
2022-07-25T00:00:00+00:00,POST_WARMUP,TOP_10,E10,C2,10,10,10,10,True,1.0,0,0.0,1.0,,,0.0,581058641.362799,581058641.362799,1.0,0,0,10,10
2022-07-25T00:00:00+00:00,POST_WARMUP,TOP_30,E10,C2,30,30,30,30,True,1.0,0,0.0,1.0,,,0.0,666020106.96138,666020106.96138,1.0,1,1,29,29
2022-07-25T00:00:00+00:00,POST_WARMUP,HYSTERESIS,E10,C2,6,6,6,6,True,1.0,0,0.0,1.0,,,0.0,539380050.7962441,539380050.7962441,1.0,0,0,6,6
2022-08-01T00:00:00+00:00,POST_WARMUP,TOP_4,E10,C2,4,4,4,4,True,1.0,0,0.0,1.0,,,0.0,479033547.5246959,479033547.5246959,1.0,0,0,4,4
2022-08-01T00:00:00+00:00,POST_WARMUP,TOP_6,E10,C2,6,6,6,6,True,1.0,0,0.0,1.0,,,0.0,508758667.36906046,508758667.36906046,1.0,0,0,6,6
2022-08-01T00:00:00+00:00,POST_WARMUP,TOP_8,E10,C2,8,8,8,8,True,1.0,0,0.0,1.0,,,0.0,529347664.40809137,529347664.40809137,1.0,0,0,8,8
2022-08-01T00:00:00+00:00,POST_WARMUP,TOP_10,E10,C2,10,10,10,10,True,1.0,0,0.0,1.0,,,0.0,544788194.834385,544788194.834385,1.0,0,0,10,10
2022-08-01T00:00:00+00:00,POST_WARMUP,TOP_30,E10,C2,30,30,30,30,True,1.0,0,0.0,1.0,,,0.0,631696940.2435944,631696940.2435944,1.0,2,2,28,28
2022-08-01T00:00:00+00:00,POST_WARMUP,HYSTERESIS,E10,C2,6,6,6,6,True,1.0,0,0.0,1.0,,,0.0,507148179.4372346,507148179.4372346,1.0,0,0,6,6
2022-08-08T00:00:00+00:00,POST_WARMUP,TOP_4,E10,C2,4,4,4,4,True,1.0,0,0.0,1.0,,,0.0,454519083.3800584,454519083.3800584,1.0,0,0,4,4
2022-08-08T00:00:00+00:00,POST_WARMUP,TOP_6,E10,C2,6,6,6,6,True,1.0,0,0.0,1.0,,,0.0,485374057.70532244,485374057.70532244,1.0,0,0,6,6
2022-08-08T00:00:00+00:00,POST_WARMUP,TOP_8,E10,C2,8,8,8,8,True,1.0,0,0.0,1.0,,,0.0,507455586.9669018,507455586.9669018,1.0,0,0,8,8
2022-08-08T00:00:00+00:00,POST_WARMUP,TOP_10,E10,C2,10,10,10,10,True,1.0,0,0.0,1.0,,,0.0,523215566.3403736,523215566.3403736,1.0,1,1,9,9
2022-08-08T00:00:00+00:00,POST_WARMUP,TOP_30,E10,C2,30,30,30,30,True,1.0,0,0.0,1.0,,,0.0,613226136.3738548,613226136.3738548,1.0,2,2,28,28
2022-08-08T00:00:00+00:00,POST_WARMUP,HYSTERESIS,E10,C2,6,6,6,6,True,1.0,0,0.0,1.0,,,0.0,481530740.678973,481530740.678973,1.0,0,0,6,6
2022-08-15T00:00:00+00:00,POST_WARMUP,TOP_4,E10,C2,4,4,4,4,True,1.0,0,0.0,1.0,,,0.0,461865034.602058,461865034.602058,1.0,0,0,4,4
2022-08-15T00:00:00+00:00,POST_WARMUP,TOP_6,E10,C2,6,6,6,6,True,1.0,0,0.0,1.0,,,0.0,495309423.00783825,495309423.00783825,1.0,0,0,6,6
2022-08-15T00:00:00+00:00,POST_WARMUP,TOP_8,E10,C2,8,8,8,8,True,1.0,0,0.0,1.0,,,0.0,519136535.22900075,519136535.22900075,1.0,0,0,8,8
2022-08-15T00:00:00+00:00,POST_WARMUP,TOP_10,E10,C2,10,10,10,10,True,1.0,0,0.0,1.0,,,0.0,537674511.1863976,537674511.1863976,1.0,1,1,9,9
2022-08-15T00:00:00+00:00,POST_WARMUP,TOP_30,E10,C2,30,30,30,30,True,1.0,0,0.0,1.0,,,0.0,634815357.8443669,634815357.8443669,1.0,2,2,28,28
2022-08-15T00:00:00+00:00,POST_WARMUP,HYSTERESIS,E10,C2,6,6,6,6,True,1.0,0,0.0,1.0,,,0.0,492372880.4034936,492372880.4034936,1.0,0,0,6,6
2022-08-22T00:00:00+00:00,POST_WARMUP,TOP_4,E10,C2,4,4,4,4,True,1.0,0,0.0,1.0,,,0.0,445882747.0211973,445882747.0211973,1.0,0,0,4,4
2022-08-22T00:00:00+00:00,POST_WARMUP,TOP_6,E10,C2,6,6,6,6,True,1.0,0,0.0,1.0,,,0.0,473591961.9283887,473591961.9283887,1.0,0,0,6,6
2022-08-22T00:00:00+00:00,POST_WARMUP,TOP_8,E10,C2,8,8,8,8,True,1.0,0,0.0,1.0,,,0.0,495554260.14344585,495554260.14344585,1.0,0,0,8,8
2022-08-22T00:00:00+00:00,POST_WARMUP,TOP_10,E10,C2,10,10,10,10,True,1.0,0,0.0,1.0,,,0.0,513907896.67533135,513907896.67533135,1.0,1,1,9,9
2022-08-22T00:00:00+00:00,POST_WARMUP,TOP_30,E10,C2,30,30,30,30,True,1.0,0,0.0,1.0,,,0.0,611035328.418602,611035328.418602,1.0,1,1,29,29
2022-08-22T00:00:00+00:00,POST_WARMUP,HYSTERESIS,E10,C2,6,6,6,6,True,1.0,0,0.0,1.0,,,0.0,473591961.9283887,473591961.9283887,1.0,0,0,6,6
2022-08-29T00:00:00+00:00,POST_WARMUP,TOP_4,E10,C2,4,4,4,4,True,1.0,0,0.0,1.0,,,0.0,402767316.94427645,402767316.94427645,1.0,0,0,4,4
2022-08-29T00:00:00+00:00,POST_WARMUP,TOP_6,E10,C2,6,6,6,6,True,1.0,0,0.0,1.0,,,0.0,427827175.13420504,427827175.13420504,1.0,0,0,6,6
2022-08-29T00:00:00+00:00,POST_WARMUP,TOP_8,E10,C2,8,8,8,8,True,1.0,0,0.0,1.0,,,0.0,447727055.14246774,447727055.14246774,1.0,0,0,8,8
2022-08-29T00:00:00+00:00,POST_WARMUP,TOP_10,E10,C2,10,10,10,10,True,1.0,0,0.0,1.0,,,0.0,465920429.1337217,465920429.1337217,1.0,1,1,9,9
2022-08-29T00:00:00+00:00,POST_WARMUP,TOP_30,E10,C2,30,30,30,30,True,1.0,0,0.0,1.0,,,0.0,553746418.644712,553746418.644712,1.0,1,1,29,29
2022-08-29T00:00:00+00:00,POST_WARMUP,HYSTERESIS,E10,C2,6,6,6,6,True,1.0,0,0.0,1.0,,,0.0,427827175.13420504,427827175.13420504,1.0,0,0,6,6
2022-09-05T00:00:00+00:00,POST_WARMUP,TOP_4,E10,C2,4,4,4,4,True,1.0,0,0.0,1.0,,,0.0,377491348.28634137,377491348.28634137,1.0,0,0,4,4
2022-09-05T00:00:00+00:00,POST_WARMUP,TOP_6,E10,C2,6,6,6,6,True,1.0,0,0.0,1.0,,,0.0,402656093.4362518,402656093.4362518,1.0,0,0,6,6
2022-09-05T00:00:00+00:00,POST_WARMUP,TOP_8,E10,C2,8,8,8,8,True,1.0,0,0.0,1.0,,,0.0,419855611.0736505,419855611.0736505,1.0,0,0,8,8
2022-09-05T00:00:00+00:00,POST_WARMUP,TOP_10,E10,C2,10,10,10,10,True,1.0,0,0.0,1.0,,,0.0,434764971.8252188,434764971.8252188,1.0,0,0,10,10
2022-09-05T00:00:00+00:00,POST_WARMUP,TOP_30,E10,C2,30,30,30,30,True,1.0,0,0.0,1.0,,,0.0,516558870.86339337,516558870.86339337,1.0,1,1,29,29
2022-09-05T00:00:00+00:00,POST_WARMUP,HYSTERESIS,E10,C2,6,6,6,6,True,1.0,0,0.0,1.0,,,0.0,402656093.4362518,402656093.4362518,1.0,0,0,6,6
2022-09-12T00:00:00+00:00,POST_WARMUP,TOP_4,E10,C2,4,4,4,4,True,1.0,0,0.0,1.0,,,0.0,357563242.4635958,357563242.4635958,1.0,0,0,4,4
2022-09-12T00:00:00+00:00,POST_WARMUP,TOP_6,E10,C2,6,6,6,6,True,1.0,0,0.0,1.0,,,0.0,388842260.56332505,388842260.56332505,1.0,0,0,6,6
2022-09-12T00:00:00+00:00,POST_WARMUP,TOP_8,E10,C2,8,8,8,8,True,1.0,0,0.0,1.0,,,0.0,410883044.23833793,410883044.23833793,1.0,0,0,8,8
2022-09-12T00:00:00+00:00,POST_WARMUP,TOP_10,E10,C2,10,10,10,10,True,1.0,0,0.0,1.0,,,0.0,425991731.27845806,425991731.27845806,1.0,0,0,10,10
2022-09-12T00:00:00+00:00,POST_WARMUP,TOP_30,E10,C2,30,30,30,30,True,1.0,0,0.0,1.0,,,0.0,499314648.36653656,499314648.36653656,1.0,1,1,29,29
2022-09-12T00:00:00+00:00,POST_WARMUP,HYSTERESIS,E10,C2,6,6,6,6,True,1.0,0,0.0,1.0,,,0.0,379985839.5119099,379985839.5119099,1.0,0,0,6,6
2022-09-19T00:00:00+00:00,POST_WARMUP,TOP_4,E10,C2,4,4,4,4,True,1.0,0,0.0,1.0,,,0.0,404226019.78863186,404226019.78863186,1.0,0,0,4,4
2022-09-19T00:00:00+00:00,POST_WARMUP,TOP_6,E10,C2,6,6,6,6,True,1.0,0,0.0,1.0,,,0.0,432018436.6449725,432018436.6449725,1.0,0,0,6,6
2022-09-19T00:00:00+00:00,POST_WARMUP,TOP_8,E10,C2,8,8,8,8,True,1.0,0,0.0,1.0,,,0.0,451391131.4181151,451391131.4181151,1.0,0,0,8,8
2022-09-19T00:00:00+00:00,POST_WARMUP,TOP_10,E10,C2,10,10,10,10,True,1.0,0,0.0,1.0,,,0.0,466245536.8044668,466245536.8044668,1.0,1,1,9,9
2022-09-19T00:00:00+00:00,POST_WARMUP,TOP_30,E10,C2,30,30,30,30,True,1.0,0,0.0,1.0,,,0.0,533780064.17168814,533780064.17168814,1.0,1,1,29,29
2022-09-19T00:00:00+00:00,POST_WARMUP,HYSTERESIS,E10,C2,6,6,6,6,True,1.0,0,0.0,1.0,,,0.0,370874092.54031533,370874092.54031533,1.0,0,0,6,6
2022-09-26T00:00:00+00:00,POST_WARMUP,TOP_4,E10,C2,4,4,4,4,True,1.0,0,0.0,1.0,,,0.0,426749973.3171178,426749973.3171178,1.0,0,0,4,4
2022-09-26T00:00:00+00:00,POST_WARMUP,TOP_6,E10,C2,6,6,6,6,True,1.0,0,0.0,1.0,,,0.0,453991784.969549,453991784.969549,1.0,0,0,6,6
2022-09-26T00:00:00+00:00,POST_WARMUP,TOP_8,E10,C2,8,8,8,8,True,1.0,0,0.0,1.0,,,0.0,474832497.1438704,474832497.1438704,1.0,0,0,8,8
2022-09-26T00:00:00+00:00,POST_WARMUP,TOP_10,E10,C2,10,10,10,10,True,1.0,0,0.0,1.0,,,0.0,491442372.82019067,491442372.82019067,1.0,0,0,10,10
2022-09-26T00:00:00+00:00,POST_WARMUP,TOP_30,E10,C2,30,30,30,30,True,1.0,0,0.0,1.0,,,0.0,559864482.4423708,559864482.4423708,1.0,1,1,29,29
2022-09-26T00:00:00+00:00,POST_WARMUP,HYSTERESIS,E10,C2,6,6,6,6,True,1.0,0,0.0,1.0,,,0.0,453991784.969549,453991784.969549,1.0,0,0,6,6
2022-10-03T00:00:00+00:00,POST_WARMUP,TOP_4,E10,C2,4,4,4,4,True,1.0,0,0.0,1.0,,,0.0,483483883.65567684,483483883.65567684,1.0,0,0,4,4
2022-10-03T00:00:00+00:00,POST_WARMUP,TOP_6,E10,C2,6,6,6,6,True,1.0,0,0.0,1.0,,,0.0,510690787.3577097,510690787.3577097,1.0,0,0,6,6
2022-10-03T00:00:00+00:00,POST_WARMUP,TOP_8,E10,C2,8,8,8,8,True,1.0,0,0.0,1.0,,,0.0,532250624.43634504,532250624.43634504,1.0,0,0,8,8
2022-10-03T00:00:00+00:00,POST_WARMUP,TOP_10,E10,C2,10,10,10,10,True,1.0,0,0.0,1.0,,,0.0,546172576.7303703,546172576.7303703,1.0,1,1,9,9
2022-10-03T00:00:00+00:00,POST_WARMUP,TOP_30,E10,C2,30,30,30,30,True,1.0,0,0.0,1.0,,,0.0,614133158.9896743,614133158.9896743,1.0,2,2,28,28
2022-10-03T00:00:00+00:00,POST_WARMUP,HYSTERESIS,E10,C2,6,6,6,6,True,1.0,0,0.0,1.0,,,0.0,510506358.2881095,510506358.2881095,1.0,0,0,6,6
2022-10-10T00:00:00+00:00,POST_WARMUP,TOP_4,E10,C2,4,4,4,4,True,1.0,0,0.0,1.0,,,0.0,500839686.6672894,500839686.6672894,1.0,0,0,4,4
2022-10-10T00:00:00+00:00,POST_WARMUP,TOP_6,E10,C2,6,6,6,6,True,1.0,0,0.0,1.0,,,0.0,523146596.88884366,523146596.88884366,1.0,0,0,6,6
2022-10-10T00:00:00+00:00,POST_WARMUP,TOP_8,E10,C2,8,8,8,8,True,1.0,0,0.0,1.0,,,0.0,539974105.8267279,539974105.8267279,1.0,0,0,8,8
2022-10-10T00:00:00+00:00,POST_WARMUP,TOP_10,E10,C2,10,10,10,10,True,1.0,0,0.0,1.0,,,0.0,550878865.5108051,550878865.5108051,1.0,0,0,10,10
2022-10-10T00:00:00+00:00,POST_WARMUP,TOP_30,E10,C2,30,30,30,30,True,1.0,0,0.0,1.0,,,0.0,613630771.5279152,613630771.5279152,1.0,2,2,28,28
2022-10-10T00:00:00+00:00,POST_WARMUP,HYSTERESIS,E10,C2,6,6,6,6,True,1.0,0,0.0,1.0,,,0.0,522186312.94057363,522186312.94057363,1.0,0,0,6,6
2022-10-17T00:00:00+00:00,POST_WARMUP,TOP_4,E10,C2,4,4,4,4,True,1.0,0,0.0,1.0,,,0.0,506385031.33425593,506385031.33425593,1.0,0,0,4,4
2022-10-17T00:00:00+00:00,POST_WARMUP,TOP_6,E10,C2,6,6,6,6,True,1.0,0,0.0,1.0,,,0.0,526563103.6148949,526563103.6148949,1.0,0,0,6,6
2022-10-17T00:00:00+00:00,POST_WARMUP,TOP_8,E10,C2,8,8,8,8,True,1.0,0,0.0,1.0,,,0.0,540218326.8666289,540218326.8666289,1.0,0,0,8,8
2022-10-17T00:00:00+00:00,POST_WARMUP,TOP_10,E10,C2,10,10,10,10,True,1.0,0,0.0,1.0,,,0.0,551337228.1748203,551337228.1748203,1.0,0,0,10,10
2022-10-17T00:00:00+00:00,POST_WARMUP,TOP_30,E10,C2,30,30,30,30,True,1.0,0,0.0,1.0,,,0.0,610518626.6597477,610518626.6597477,1.0,2,2,28,28
2022-10-17T00:00:00+00:00,POST_WARMUP,HYSTERESIS,E10,C2,6,6,6,6,True,1.0,0,0.0,1.0,,,0.0,526563103.6148949,526563103.6148949,1.0,0,0,6,6
2022-10-24T00:00:00+00:00,POST_WARMUP,TOP_4,E10,C2,4,4,4,4,True,1.0,0,0.0,1.0,,,0.0,525869124.0806754,525869124.0806754,1.0,0,0,4,4
2022-10-24T00:00:00+00:00,POST_WARMUP,TOP_6,E10,C2,6,6,6,6,True,1.0,0,0.0,1.0,,,0.0,547182790.2719799,547182790.2719799,1.0,0,0,6,6
2022-10-24T00:00:00+00:00,POST_WARMUP,TOP_8,E10,C2,8,8,8,8,True,1.0,0,0.0,1.0,,,0.0,559768127.4354692,559768127.4354692,1.0,0,0,8,8
2022-10-24T00:00:00+00:00,POST_WARMUP,TOP_10,E10,C2,10,10,10,10,True,1.0,0,0.0,1.0,,,0.0,571144693.1317191,571144693.1317191,1.0,0,0,10,10
2022-10-24T00:00:00+00:00,POST_WARMUP,TOP_30,E10,C2,30,30,30,30,True,1.0,0,0.0,1.0,,,0.0,625639453.4303591,625639453.4303591,1.0,2,2,28,28
2022-10-24T00:00:00+00:00,POST_WARMUP,HYSTERESIS,E10,C2,6,6,6,6,True,1.0,0,0.0,1.0,,,0.0,544707640.6839621,544707640.6839621,1.0,0,0,6,6
2022-10-31T00:00:00+00:00,POST_WARMUP,TOP_4,E10,C2,4,4,4,4,True,1.0,0,0.0,1.0,,,0.0,584907311.8945508,584907311.8945508,1.0,0,0,4,4
2022-10-31T00:00:00+00:00,POST_WARMUP,TOP_6,E10,C2,6,6,6,6,True,1.0,0,0.0,1.0,,,0.0,606493424.5624026,606493424.5624026,1.0,0,0,6,6
2022-10-31T00:00:00+00:00,POST_WARMUP,TOP_8,E10,C2,8,8,8,8,True,1.0,0,0.0,1.0,,,0.0,619662027.5637575,619662027.5637575,1.0,0,0,8,8
2022-10-31T00:00:00+00:00,POST_WARMUP,TOP_10,E10,C2,10,10,10,10,True,1.0,0,0.0,1.0,,,0.0,629988973.8594023,629988973.8594023,1.0,0,0,10,10
2022-10-31T00:00:00+00:00,POST_WARMUP,TOP_30,E10,C2,30,30,30,30,True,1.0,0,0.0,1.0,,,0.0,686121458.863091,686121458.863091,1.0,2,2,28,28
2022-10-31T00:00:00+00:00,POST_WARMUP,HYSTERESIS,E10,C2,6,6,6,6,True,1.0,0,0.0,1.0,,,0.0,605418504.7715303,605418504.7715303,1.0,0,0,6,6
2022-11-07T00:00:00+00:00,POST_WARMUP,TOP_4,E10,C2,4,4,4,4,True,1.0,0,0.0,1.0,,,0.0,639216950.2899251,639216950.2899251,1.0,0,0,4,4
2022-11-07T00:00:00+00:00,POST_WARMUP,TOP_6,E10,C2,6,6,6,6,True,1.0,0,0.0,1.0,,,0.0,661827060.334153,661827060.334153,1.0,0,0,6,6
2022-11-07T00:00:00+00:00,POST_WARMUP,TOP_8,E10,C2,8,8,8,8,True,1.0,0,0.0,1.0,,,0.0,676727957.1889528,676727957.1889528,1.0,0,0,8,8
2022-11-07T00:00:00+00:00,POST_WARMUP,TOP_10,E10,C2,10,10,10,10,True,1.0,0,0.0,1.0,,,0.0,688462350.6259195,688462350.6259195,1.0,0,0,10,10
2022-11-07T00:00:00+00:00,POST_WARMUP,TOP_30,E10,C2,30,30,30,30,True,1.0,0,0.0,1.0,,,0.0,754999702.2391375,754999702.2391375,1.0,1,1,29,29
2022-11-07T00:00:00+00:00,POST_WARMUP,HYSTERESIS,E10,C2,6,6,6,6,True,1.0,0,0.0,1.0,,,0.0,661827060.334153,661827060.334153,1.0,0,0,6,6
2022-11-14T00:00:00+00:00,POST_WARMUP,TOP_4,E10,C2,4,4,4,4,True,1.0,0,0.0,1.0,,,0.0,645564702.0408782,645564702.0408782,1.0,0,0,4,4
2022-11-14T00:00:00+00:00,POST_WARMUP,TOP_6,E10,C2,6,6,6,6,True,1.0,0,0.0,1.0,,,0.0,680587847.7668076,680587847.7668076,1.0,0,0,6,6
2022-11-14T00:00:00+00:00,POST_WARMUP,TOP_8,E10,C2,8,8,8,8,True,1.0,0,0.0,1.0,,,0.0,699413385.1951113,699413385.1951113,1.0,0,0,8,8
2022-11-14T00:00:00+00:00,POST_WARMUP,TOP_10,E10,C2,10,10,10,10,True,1.0,0,0.0,1.0,,,0.0,715860162.9420824,715860162.9420824,1.0,0,0,10,10
2022-11-14T00:00:00+00:00,POST_WARMUP,TOP_30,E10,C2,30,30,30,30,True,1.0,0,0.0,1.0,,,0.0,794816641.5531172,794816641.5531172,1.0,1,1,29,29
2022-11-14T00:00:00+00:00,POST_WARMUP,HYSTERESIS,E10,C2,6,6,6,6,True,1.0,0,0.0,1.0,,,0.0,650963286.3886431,650963286.3886431,1.0,0,0,6,6
2022-11-21T00:00:00+00:00,POST_WARMUP,TOP_4,E10,C2,4,4,4,4,True,1.0,0,0.0,1.0,,,0.0,500936849.2726306,500936849.2726306,1.0,0,0,4,4
2022-11-21T00:00:00+00:00,POST_WARMUP,TOP_6,E10,C2,6,6,6,6,True,1.0,0,0.0,1.0,,,0.0,533123259.0639541,533123259.0639541,1.0,0,0,6,6
2022-11-21T00:00:00+00:00,POST_WARMUP,TOP_8,E10,C2,8,8,8,8,True,1.0,0,0.0,1.0,,,0.0,550887203.8549042,550887203.8549042,1.0,0,0,8,8
2022-11-21T00:00:00+00:00,POST_WARMUP,TOP_10,E10,C2,10,10,10,10,True,1.0,0,0.0,1.0,,,0.0,567296890.9869009,567296890.9869009,1.0,0,0,10,10
2022-11-21T00:00:00+00:00,POST_WARMUP,TOP_30,E10,C2,30,30,30,30,True,1.0,0,0.0,1.0,,,0.0,642370245.3716476,642370245.3716476,1.0,1,1,29,29
2022-11-21T00:00:00+00:00,POST_WARMUP,HYSTERESIS,E10,C2,6,6,6,6,True,1.0,0,0.0,1.0,,,0.0,533123259.0639541,533123259.0639541,1.0,0,0,6,6
2022-11-28T00:00:00+00:00,POST_WARMUP,TOP_4,E10,C2,4,4,4,4,True,1.0,0,0.0,1.0,,,0.0,334880491.01236105,334880491.01236105,1.0,0,0,4,4
2022-11-28T00:00:00+00:00,POST_WARMUP,TOP_6,E10,C2,6,6,6,6,True,1.0,0,0.0,1.0,,,0.0,357258943.7332877,357258943.7332877,1.0,0,0,6,6
2022-11-28T00:00:00+00:00,POST_WARMUP,TOP_8,E10,C2,8,8,8,8,True,1.0,0,0.0,1.0,,,0.0,372672728.2085441,372672728.2085441,1.0,0,0,8,8
2022-11-28T00:00:00+00:00,POST_WARMUP,TOP_10,E10,C2,10,10,10,10,True,1.0,0,0.0,1.0,,,0.0,385541935.655579,385541935.655579,1.0,0,0,10,10
2022-11-28T00:00:00+00:00,POST_WARMUP,TOP_30,E10,C2,30,30,30,30,True,1.0,0,0.0,1.0,,,0.0,440871305.9172317,440871305.9172317,1.0,1,1,29,29
2022-11-28T00:00:00+00:00,POST_WARMUP,HYSTERESIS,E10,C2,6,6,6,6,True,1.0,0,0.0,1.0,,,0.0,357258943.7332877,357258943.7332877,1.0,0,0,6,6
2022-12-05T00:00:00+00:00,POST_WARMUP,TOP_4,E10,C2,4,4,4,4,True,1.0,0,0.0,1.0,,,0.0,255257815.85783312,255257815.85783312,1.0,0,0,4,4
2022-12-05T00:00:00+00:00,POST_WARMUP,TOP_6,E10,C2,6,6,6,6,True,1.0,0,0.0,1.0,,,0.0,272168267.30319107,272168267.30319107,1.0,0,0,6,6
2022-12-05T00:00:00+00:00,POST_WARMUP,TOP_8,E10,C2,8,8,8,8,True,1.0,0,0.0,1.0,,,0.0,283893867.5450783,283893867.5450783,1.0,0,0,8,8
2022-12-05T00:00:00+00:00,POST_WARMUP,TOP_10,E10,C2,10,10,10,10,True,1.0,0,0.0,1.0,,,0.0,292149773.1622077,292149773.1622077,1.0,0,0,10,10
2022-12-05T00:00:00+00:00,POST_WARMUP,TOP_30,E10,C2,30,30,30,30,True,1.0,0,0.0,1.0,,,0.0,335410020.0451933,335410020.0451933,1.0,2,2,28,28
2022-12-05T00:00:00+00:00,POST_WARMUP,HYSTERESIS,E10,C2,6,6,6,6,True,1.0,0,0.0,1.0,,,0.0,272168267.30319107,272168267.30319107,1.0,0,0,6,6
2022-12-12T00:00:00+00:00,POST_WARMUP,TOP_4,E10,C2,4,4,4,4,True,1.0,0,0.0,1.0,,,0.0,190970951.67919374,190970951.67919374,1.0,0,0,4,4
2022-12-12T00:00:00+00:00,POST_WARMUP,TOP_6,E10,C2,6,6,6,6,True,1.0,0,0.0,1.0,,,0.0,203320057.0592808,203320057.0592808,1.0,0,0,6,6
2022-12-12T00:00:00+00:00,POST_WARMUP,TOP_8,E10,C2,8,8,8,8,True,1.0,0,0.0,1.0,,,0.0,210893608.71316215,210893608.71316215,1.0,0,0,8,8
2022-12-12T00:00:00+00:00,POST_WARMUP,TOP_10,E10,C2,10,10,10,10,True,1.0,0,0.0,1.0,,,0.0,216758465.49907905,216758465.49907905,1.0,0,0,10,10
2022-12-12T00:00:00+00:00,POST_WARMUP,TOP_30,E10,C2,30,30,30,30,True,1.0,0,0.0,1.0,,,0.0,250940024.2876575,250940024.2876575,1.0,3,3,27,27
2022-12-12T00:00:00+00:00,POST_WARMUP,HYSTERESIS,E10,C2,6,6,6,6,True,1.0,0,0.0,1.0,,,0.0,203320057.0592808,203320057.0592808,1.0,0,0,6,6
2022-12-19T00:00:00+00:00,POST_WARMUP,TOP_4,E10,C2,4,4,4,4,True,1.0,0,0.0,1.0,,,0.0,175570009.90823832,175570009.90823832,1.0,0,0,4,4
2022-12-19T00:00:00+00:00,POST_WARMUP,TOP_6,E10,C2,6,6,6,6,True,1.0,0,0.0,1.0,,,0.0,186624009.54452688,186624009.54452688,1.0,0,0,6,6
2022-12-19T00:00:00+00:00,POST_WARMUP,TOP_8,E10,C2,8,8,8,8,True,1.0,0,0.0,1.0,,,0.0,193840496.8200791,193840496.8200791,1.0,0,0,8,8
2022-12-19T00:00:00+00:00,POST_WARMUP,TOP_10,E10,C2,10,10,10,10,True,1.0,0,0.0,1.0,,,0.0,199469949.17267027,199469949.17267027,1.0,0,0,10,10
2022-12-19T00:00:00+00:00,POST_WARMUP,TOP_30,E10,C2,30,30,30,30,True,1.0,0,0.0,1.0,,,0.0,230481547.47472528,230481547.47472528,1.0,3,3,27,27
2022-12-19T00:00:00+00:00,POST_WARMUP,HYSTERESIS,E10,C2,6,6,6,6,True,1.0,0,0.0,1.0,,,0.0,186624009.54452688,186624009.54452688,1.0,0,0,6,6
2022-12-26T00:00:00+00:00,POST_WARMUP,TOP_4,E10,C2,4,4,4,4,True,1.0,0,0.0,1.0,,,0.0,130931739.18999459,130931739.18999459,1.0,0,0,4,4
2022-12-26T00:00:00+00:00,POST_WARMUP,TOP_6,E10,C2,6,6,6,6,True,1.0,0,0.0,1.0,,,0.0,139675091.1463758,139675091.1463758,1.0,0,0,6,6
2022-12-26T00:00:00+00:00,POST_WARMUP,TOP_8,E10,C2,8,8,8,8,True,1.0,0,0.0,1.0,,,0.0,146085964.3512715,146085964.3512715,1.0,0,0,8,8
2022-12-26T00:00:00+00:00,POST_WARMUP,TOP_10,E10,C2,10,10,10,10,True,1.0,0,0.0,1.0,,,0.0,151325938.05036426,151325938.05036426,1.0,0,0,10,10
2022-12-26T00:00:00+00:00,POST_WARMUP,TOP_30,E10,C2,30,30,30,30,True,1.0,0,0.0,1.0,,,0.0,177815577.9976181,177815577.9976181,1.0,3,3,27,27
2022-12-26T00:00:00+00:00,POST_WARMUP,HYSTERESIS,E10,C2,6,6,6,6,True,1.0,0,0.0,1.0,,,0.0,139379100.168362,139379100.168362,1.0,0,0,6,6
2023-01-02T00:00:00+00:00,POST_WARMUP,TOP_4,E10,C2,4,4,4,4,True,1.0,0,0.0,1.0,,,0.0,120733929.81258331,120733929.81258331,1.0,0,0,4,4
2023-01-02T00:00:00+00:00,POST_WARMUP,TOP_6,E10,C2,6,6,6,6,True,1.0,0,0.0,1.0,,,0.0,127530520.7603647,127530520.7603647,1.0,0,0,6,6
2023-01-02T00:00:00+00:00,POST_WARMUP,TOP_8,E10,C2,8,8,8,8,True,1.0,0,0.0,1.0,,,0.0,132976093.89776541,132976093.89776541,1.0,0,0,8,8
2023-01-02T00:00:00+00:00,POST_WARMUP,TOP_10,E10,C2,10,10,10,10,True,1.0,0,0.0,1.0,,,0.0,137777678.8897464,137777678.8897464,1.0,0,0,10,10
2023-01-02T00:00:00+00:00,POST_WARMUP,TOP_30,E10,C2,30,30,30,30,True,1.0,0,0.0,1.0,,,0.0,159292779.86909908,159292779.86909908,1.0,2,2,28,28
2023-01-02T00:00:00+00:00,POST_WARMUP,HYSTERESIS,E10,C2,6,6,6,6,True,1.0,0,0.0,1.0,,,0.0,127530520.7603647,127530520.7603647,1.0,0,0,6,6
2023-01-09T00:00:00+00:00,POST_WARMUP,TOP_4,E10,C2,4,4,4,4,True,1.0,0,0.0,1.0,,,0.0,108424664.53610855,108424664.53610855,1.0,0,0,4,4
2023-01-09T00:00:00+00:00,POST_WARMUP,TOP_6,E10,C2,6,6,6,6,True,1.0,0,0.0,1.0,,,0.0,116283166.28697813,116283166.28697813,1.0,0,0,6,6
2023-01-09T00:00:00+00:00,POST_WARMUP,TOP_8,E10,C2,8,8,8,8,True,1.0,0,0.0,1.0,,,0.0,122142341.52201636,122142341.52201636,1.0,0,0,8,8
2023-01-09T00:00:00+00:00,POST_WARMUP,TOP_10,E10,C2,10,10,10,10,True,1.0,0,0.0,1.0,,,0.0,126643883.24747896,126643883.24747896,1.0,0,0,10,10
2023-01-09T00:00:00+00:00,POST_WARMUP,TOP_30,E10,C2,30,30,30,30,True,1.0,0,0.0,1.0,,,0.0,146937873.0909781,146937873.0909781,1.0,2,2,28,28
2023-01-09T00:00:00+00:00,POST_WARMUP,HYSTERESIS,E10,C2,6,6,6,6,True,1.0,0,0.0,1.0,,,0.0,116283166.28697813,116283166.28697813,1.0,0,0,6,6
2023-01-16T00:00:00+00:00,POST_WARMUP,TOP_4,E10,C2,4,4,4,4,True,1.0,0,0.0,1.0,,,0.0,115665716.25940476,115665716.25940476,1.0,0,0,4,4
2023-01-16T00:00:00+00:00,POST_WARMUP,TOP_6,E10,C2,6,6,6,6,True,1.0,0,0.0,1.0,,,0.0,124333798.22216557,124333798.22216557,1.0,0,0,6,6
2023-01-16T00:00:00+00:00,POST_WARMUP,TOP_8,E10,C2,8,8,8,8,True,1.0,0,0.0,1.0,,,0.0,130866274.30047852,130866274.30047852,1.0,0,0,8,8
2023-01-16T00:00:00+00:00,POST_WARMUP,TOP_10,E10,C2,10,10,10,10,True,1.0,0,0.0,1.0,,,0.0,135408569.26273382,135408569.26273382,1.0,0,0,10,10
2023-01-16T00:00:00+00:00,POST_WARMUP,TOP_30,E10,C2,30,30,30,30,True,1.0,0,0.0,1.0,,,0.0,156535447.4634641,156535447.4634641,1.0,1,1,29,29
2023-01-16T00:00:00+00:00,POST_WARMUP,HYSTERESIS,E10,C2,6,6,6,6,True,1.0,0,0.0,1.0,,,0.0,124039990.98923215,124039990.98923215,1.0,0,0,6,6
2023-01-23T00:00:00+00:00,POST_WARMUP,TOP_4,E10,C2,4,4,4,4,True,1.0,0,0.0,1.0,,,0.0,158459471.8590054,158459471.8590054,1.0,0,0,4,4
2023-01-23T00:00:00+00:00,POST_WARMUP,TOP_6,E10,C2,6,6,6,6,True,1.0,0,0.0,1.0,,,0.0,170643596.62134144,170643596.62134144,1.0,0,0,6,6
2023-01-23T00:00:00+00:00,POST_WARMUP,TOP_8,E10,C2,8,8,8,8,True,1.0,0,0.0,1.0,,,0.0,181268712.66295642,181268712.66295642,1.0,0,0,8,8
2023-01-23T00:00:00+00:00,POST_WARMUP,TOP_10,E10,C2,10,10,10,10,True,1.0,0,0.0,1.0,,,0.0,188380553.06980205,188380553.06980205,1.0,0,0,10,10
2023-01-23T00:00:00+00:00,POST_WARMUP,TOP_30,E10,C2,30,30,30,30,True,1.0,0,0.0,1.0,,,0.0,222916515.0012665,222916515.0012665,1.0,3,3,27,27
2023-01-23T00:00:00+00:00,POST_WARMUP,HYSTERESIS,E10,C2,6,6,6,6,True,1.0,0,0.0,1.0,,,0.0,170303516.5446658,170303516.5446658,1.0,0,0,6,6
2023-01-30T00:00:00+00:00,POST_WARMUP,TOP_4,E10,C2,4,4,4,4,True,1.0,0,0.0,1.0,,,0.0,237593241.4400833,237593241.4400833,1.0,0,0,4,4
2023-01-30T00:00:00+00:00,POST_WARMUP,TOP_6,E10,C2,6,6,6,6,True,1.0,0,0.0,1.0,,,0.0,256357696.6963183,256357696.6963183,1.0,0,0,6,6
2023-01-30T00:00:00+00:00,POST_WARMUP,TOP_8,E10,C2,8,8,8,8,True,1.0,0,0.0,1.0,,,0.0,272328588.766574,272328588.766574,1.0,1,1,7,7
2023-01-30T00:00:00+00:00,POST_WARMUP,TOP_10,E10,C2,10,10,10,10,True,1.0,0,0.0,1.0,,,0.0,287185061.3184509,287185061.3184509,1.0,1,1,9,9
2023-01-30T00:00:00+00:00,POST_WARMUP,TOP_30,E10,C2,30,30,30,30,True,1.0,0,0.0,1.0,,,0.0,361994778.81002736,361994778.81002736,1.0,2,2,28,28
2023-01-30T00:00:00+00:00,POST_WARMUP,HYSTERESIS,E10,C2,6,6,6,6,True,1.0,0,0.0,1.0,,,0.0,256357696.6963183,256357696.6963183,1.0,0,0,6,6
2023-02-06T00:00:00+00:00,POST_WARMUP,TOP_4,E10,C2,4,4,4,4,True,1.0,0,0.0,1.0,,,0.0,276787267.3740377,276787267.3740377,1.0,0,0,4,4
2023-02-06T00:00:00+00:00,POST_WARMUP,TOP_6,E10,C2,6,6,6,6,True,1.0,0,0.0,1.0,,,0.0,300557772.4963277,300557772.4963277,1.0,0,0,6,6
2023-02-06T00:00:00+00:00,POST_WARMUP,TOP_8,E10,C2,8,8,8,8,True,1.0,0,0.0,1.0,,,0.0,317619833.5090629,317619833.5090629,1.0,0,0,8,8
2023-02-06T00:00:00+00:00,POST_WARMUP,TOP_10,E10,C2,10,10,10,10,True,1.0,0,0.0,1.0,,,0.0,333739263.2139655,333739263.2139655,1.0,1,1,9,9
2023-02-06T00:00:00+00:00,POST_WARMUP,TOP_30,E10,C2,30,30,30,30,True,1.0,0,0.0,1.0,,,0.0,423570598.69076973,423570598.69076973,1.0,2,2,28,28
2023-02-06T00:00:00+00:00,POST_WARMUP,HYSTERESIS,E10,C2,6,6,6,6,True,1.0,0,0.0,1.0,,,0.0,300557772.4963277,300557772.4963277,1.0,0,0,6,6
2023-02-13T00:00:00+00:00,POST_WARMUP,TOP_4,E10,C2,4,4,4,4,True,1.0,0,0.0,1.0,,,0.007575757575757576,267728893.05095187,267728893.05095187,1.0,0,0,4,4
2023-02-13T00:00:00+00:00,POST_WARMUP,TOP_6,E10,C2,6,6,6,6,True,1.0,0,0.0,1.0,,,0.007575757575757576,294053585.6207795,294053585.6207795,1.0,0,0,6,6
2023-02-13T00:00:00+00:00,POST_WARMUP,TOP_8,E10,C2,8,8,7,9,False,0.7777777777777778,2,1.0,0.875,ADA,GRAM,0.007575757575757576,311880017.52627146,312223091.5546462,1.001100019267332,0,1,8,7
2023-02-13T00:00:00+00:00,POST_WARMUP,TOP_10,E10,C2,10,10,10,10,True,1.0,0,0.0,1.0,,,0.007575757575757576,327452301.91900486,327452301.91900486,1.0,1,1,9,9
2023-02-13T00:00:00+00:00,POST_WARMUP,TOP_30,E10,C2,30,30,30,30,True,1.0,0,0.0,1.0,,,0.007575757575757576,418918684.3240064,418918684.3240064,1.0,2,2,28,28
2023-02-13T00:00:00+00:00,POST_WARMUP,HYSTERESIS,E10,C2,6,6,6,6,True,1.0,0,0.0,1.0,,,0.007575757575757576,294053585.6207795,294053585.6207795,1.0,0,0,6,6
2023-02-20T00:00:00+00:00,POST_WARMUP,TOP_4,E10,C2,4,4,4,4,True,1.0,0,0.0,1.0,,,0.0,257285329.57238856,257285329.57238856,1.0,0,0,4,4
2023-02-20T00:00:00+00:00,POST_WARMUP,TOP_6,E10,C2,6,6,6,6,True,1.0,0,0.0,1.0,,,0.0,283147642.7715354,283147642.7715354,1.0,0,0,6,6
2023-02-20T00:00:00+00:00,POST_WARMUP,TOP_8,E10,C2,8,8,8,8,True,1.0,0,0.0,1.0,,,0.0,301684676.3839876,301684676.3839876,1.0,0,0,8,8
2023-02-20T00:00:00+00:00,POST_WARMUP,TOP_10,E10,C2,10,10,10,10,True,1.0,0,0.0,1.0,,,0.0,316324766.3344434,316324766.3344434,1.0,0,0,10,10
2023-02-20T00:00:00+00:00,POST_WARMUP,TOP_30,E10,C2,30,30,30,30,True,1.0,0,0.0,1.0,,,0.0,406958276.1078839,406958276.1078839,1.0,2,2,28,28
2023-02-20T00:00:00+00:00,POST_WARMUP,HYSTERESIS,E10,C2,6,6,6,6,True,1.0,0,0.0,1.0,,,0.0,283147642.7715354,283147642.7715354,1.0,0,0,6,6
2023-02-27T00:00:00+00:00,POST_WARMUP,TOP_4,E10,C2,4,4,4,4,True,1.0,0,0.0,1.0,,,0.0,230412374.34038013,230412374.34038013,1.0,0,0,4,4
2023-02-27T00:00:00+00:00,POST_WARMUP,TOP_6,E10,C2,6,6,6,6,True,1.0,0,0.0,1.0,,,0.0,253419578.30554098,253419578.30554098,1.0,0,0,6,6
2023-02-27T00:00:00+00:00,POST_WARMUP,TOP_8,E10,C2,8,8,8,8,True,1.0,0,0.0,1.0,,,0.0,269400887.8022647,269400887.8022647,1.0,0,0,8,8
2023-02-27T00:00:00+00:00,POST_WARMUP,TOP_10,E10,C2,10,10,10,10,True,1.0,0,0.0,1.0,,,0.0,283780625.92893535,283780625.92893535,1.0,0,0,10,10
2023-02-27T00:00:00+00:00,POST_WARMUP,TOP_30,E10,C2,30,30,30,30,True,1.0,0,0.0,1.0,,,0.0,373176363.04143107,373176363.04143107,1.0,2,2,28,28
2023-02-27T00:00:00+00:00,POST_WARMUP,HYSTERESIS,E10,C2,6,6,6,6,True,1.0,0,0.0,1.0,,,0.0,252378006.63364488,252378006.63364488,1.0,0,0,6,6
2023-03-06T00:00:00+00:00,POST_WARMUP,TOP_4,E10,C2,4,4,4,4,True,1.0,0,0.0,1.0,,,0.0,210489525.23612025,210489525.23612025,1.0,0,0,4,4
2023-03-06T00:00:00+00:00,POST_WARMUP,TOP_6,E10,C2,6,6,6,6,True,1.0,0,0.0,1.0,,,0.0,231250526.6608694,231250526.6608694,1.0,0,0,6,6
2023-03-06T00:00:00+00:00,POST_WARMUP,TOP_8,E10,C2,8,8,8,8,True,1.0,0,0.0,1.0,,,0.0,245074367.348713,245074367.348713,1.0,0,0,8,8
2023-03-06T00:00:00+00:00,POST_WARMUP,TOP_10,E10,C2,10,10,10,10,True,1.0,0,0.0,1.0,,,0.0,257950708.56656978,257950708.56656978,1.0,0,0,10,10
2023-03-06T00:00:00+00:00,POST_WARMUP,TOP_30,E10,C2,30,30,30,30,True,1.0,0,0.0,1.0,,,0.0,343670337.12868804,343670337.12868804,1.0,1,1,29,29
2023-03-06T00:00:00+00:00,POST_WARMUP,HYSTERESIS,E10,C2,6,6,6,6,True,1.0,0,0.0,1.0,,,0.0,230793022.3229118,230793022.3229118,1.0,0,0,6,6
2023-03-13T00:00:00+00:00,POST_WARMUP,TOP_4,E10,C2,4,4,4,4,True,1.0,0,0.0,1.0,,,0.0,207009657.97522798,207009657.97522798,1.0,0,0,4,4
2023-03-13T00:00:00+00:00,POST_WARMUP,TOP_6,E10,C2,6,6,6,6,True,1.0,0,0.0,1.0,,,0.0,227213345.5541093,227213345.5541093,1.0,0,0,6,6
2023-03-13T00:00:00+00:00,POST_WARMUP,TOP_8,E10,C2,8,8,8,8,True,1.0,0,0.0,1.0,,,0.0,240290109.97201324,240290109.97201324,1.0,0,0,8,8
2023-03-13T00:00:00+00:00,POST_WARMUP,TOP_10,E10,C2,10,10,10,10,True,1.0,0,0.0,1.0,,,0.0,251884511.06387654,251884511.06387654,1.0,1,1,9,9
2023-03-13T00:00:00+00:00,POST_WARMUP,TOP_30,E10,C2,30,30,30,30,True,1.0,0,0.0,1.0,,,0.0,329940774.5581607,329940774.5581607,1.0,1,1,29,29
2023-03-13T00:00:00+00:00,POST_WARMUP,HYSTERESIS,E10,C2,6,6,6,6,True,1.0,0,0.0,1.0,,,0.0,227213345.5541093,227213345.5541093,1.0,0,0,6,6
2023-03-20T00:00:00+00:00,POST_WARMUP,TOP_4,E10,C2,4,4,4,4,True,1.0,0,0.0,1.0,,,0.0,223926193.72215176,223926193.72215176,1.0,0,0,4,4
2023-03-20T00:00:00+00:00,POST_WARMUP,TOP_6,E10,C2,6,6,6,6,True,1.0,0,0.0,1.0,,,0.0,245319356.76627427,245319356.76627427,1.0,0,0,6,6
2023-03-20T00:00:00+00:00,POST_WARMUP,TOP_8,E10,C2,8,8,8,8,True,1.0,0,0.0,1.0,,,0.0,259119128.4690663,259119128.4690663,1.0,0,0,8,8
2023-03-20T00:00:00+00:00,POST_WARMUP,TOP_10,E10,C2,10,10,10,10,True,1.0,0,0.0,1.0,,,0.0,271963477.97941935,271963477.97941935,1.0,0,0,10,10
2023-03-20T00:00:00+00:00,POST_WARMUP,TOP_30,E10,C2,30,30,30,30,True,1.0,0,0.0,1.0,,,0.0,356856860.8150706,356856860.8150706,1.0,1,1,29,29
2023-03-20T00:00:00+00:00,POST_WARMUP,HYSTERESIS,E10,C2,6,6,6,6,True,1.0,0,0.0,1.0,,,0.0,245319356.76627427,245319356.76627427,1.0,0,0,6,6
2023-03-27T00:00:00+00:00,POST_WARMUP,TOP_4,E10,C2,4,4,4,4,True,1.0,0,0.0,1.0,,,0.0,278997176.5908816,278997176.5908816,1.0,0,0,4,4
2023-03-27T00:00:00+00:00,POST_WARMUP,TOP_6,E10,C2,6,6,6,6,True,1.0,0,0.0,1.0,,,0.0,297882882.9149394,297882882.9149394,1.0,0,0,6,6
2023-03-27T00:00:00+00:00,POST_WARMUP,TOP_8,E10,C2,8,8,8,8,True,1.0,0,0.0,1.0,,,0.0,312361081.20075077,312361081.20075077,1.0,0,0,8,8
2023-03-27T00:00:00+00:00,POST_WARMUP,TOP_10,E10,C2,10,10,10,10,True,1.0,0,0.0,1.0,,,0.0,326340017.62103623,326340017.62103623,1.0,0,0,10,10
2023-03-27T00:00:00+00:00,POST_WARMUP,TOP_30,E10,C2,30,30,30,30,True,1.0,0,0.0,1.0,,,0.0,404967045.42966956,404967045.42966956,1.0,1,1,29,29
2023-03-27T00:00:00+00:00,POST_WARMUP,HYSTERESIS,E10,C2,6,6,6,6,True,1.0,0,0.0,1.0,,,0.0,297882882.9149394,297882882.9149394,1.0,0,0,6,6
2023-04-03T00:00:00+00:00,POST_WARMUP,TOP_4,E10,C2,4,4,4,4,True,1.0,0,0.0,1.0,,,0.0,290680740.27413744,290680740.27413744,1.0,0,0,4,4
2023-04-03T00:00:00+00:00,POST_WARMUP,TOP_6,E10,C2,6,6,6,6,True,1.0,0,0.0,1.0,,,0.0,308205462.9379599,308205462.9379599,1.0,0,0,6,6
2023-04-03T00:00:00+00:00,POST_WARMUP,TOP_8,E10,C2,8,8,8,8,True,1.0,0,0.0,1.0,,,0.0,324074454.08097756,324074454.08097756,1.0,0,0,8,8
2023-04-03T00:00:00+00:00,POST_WARMUP,TOP_10,E10,C2,10,10,10,10,True,1.0,0,0.0,1.0,,,0.0,338622479.3137219,338622479.3137219,1.0,0,0,10,10
2023-04-03T00:00:00+00:00,POST_WARMUP,TOP_30,E10,C2,30,30,30,30,True,1.0,0,0.0,1.0,,,0.0,416496419.7452688,416496419.7452688,1.0,1,1,29,29
2023-04-03T00:00:00+00:00,POST_WARMUP,HYSTERESIS,E10,C2,6,6,6,6,True,1.0,0,0.0,1.0,,,0.0,307859994.9242214,307859994.9242214,1.0,0,0,6,6
2023-04-10T00:00:00+00:00,POST_WARMUP,TOP_4,E10,C2,4,4,4,4,True,1.0,0,0.0,1.0,,,0.0,293411412.3663422,293411412.3663422,1.0,0,0,4,4
2023-04-10T00:00:00+00:00,POST_WARMUP,TOP_6,E10,C2,6,6,6,6,True,1.0,0,0.0,1.0,,,0.0,311093706.1853413,311093706.1853413,1.0,0,0,6,6
2023-04-10T00:00:00+00:00,POST_WARMUP,TOP_8,E10,C2,8,8,8,8,True,1.0,0,0.0,1.0,,,0.0,327715978.2374716,327715978.2374716,1.0,0,0,8,8
2023-04-10T00:00:00+00:00,POST_WARMUP,TOP_10,E10,C2,10,10,10,10,True,1.0,0,0.0,1.0,,,0.0,342812337.5357287,342812337.5357287,1.0,0,0,10,10
2023-04-10T00:00:00+00:00,POST_WARMUP,TOP_30,E10,C2,30,30,30,30,True,1.0,0,0.0,1.0,,,0.0,417029617.6769351,417029617.6769351,1.0,2,2,28,28
2023-04-10T00:00:00+00:00,POST_WARMUP,HYSTERESIS,E10,C2,6,6,6,6,True,1.0,0,0.0,1.0,,,0.0,311093706.1853413,311093706.1853413,1.0,0,0,6,6
2023-04-17T00:00:00+00:00,POST_WARMUP,TOP_4,E10,C2,4,4,4,4,True,1.0,0,0.0,1.0,,,0.007434944237918215,260097194.60527334,260097194.60527334,1.0,0,0,4,4
2023-04-17T00:00:00+00:00,POST_WARMUP,TOP_6,E10,C2,6,6,5,7,False,0.7142857142857143,2,1.0,0.8333333333333334,LTC,GRAM,0.007434944237918215,279067907.8459738,279816063.79670215,1.0026809100211598,0,1,6,5
2023-04-17T00:00:00+00:00,POST_WARMUP,TOP_8,E10,C2,8,8,8,8,True,1.0,0,0.0,1.0,,,0.007434944237918215,294198770.542798,294198770.542798,1.0,1,1,7,7
2023-04-17T00:00:00+00:00,POST_WARMUP,TOP_10,E10,C2,10,10,10,10,True,1.0,0,0.0,1.0,,,0.007434944237918215,307794746.5569319,307794746.5569319,1.0,1,1,9,9
2023-04-17T00:00:00+00:00,POST_WARMUP,TOP_30,E10,C2,30,30,30,30,True,1.0,0,0.0,1.0,,,0.007434944237918215,373686892.533818,373686892.533818,1.0,2,2,28,28
2023-04-17T00:00:00+00:00,POST_WARMUP,HYSTERESIS,E10,C2,6,6,5,7,False,0.7142857142857143,2,1.0,0.8333333333333334,LTC,GRAM,0.007434944237918215,279067907.8459738,279816063.79670215,1.0026809100211598,0,1,6,5
2023-04-24T00:00:00+00:00,POST_WARMUP,TOP_4,E10,C2,4,4,4,4,True,1.0,0,0.0,1.0,,,0.007380073800738007,247979327.34328672,247979327.34328672,1.0,0,0,4,4
2023-04-24T00:00:00+00:00,POST_WARMUP,TOP_6,E10,C2,6,6,5,7,False,0.7142857142857143,2,1.0,0.8333333333333334,SHIB,GRAM,0.007380073800738007,268334367.6794964,268846950.0765217,1.0019102375944535,0,1,6,5
2023-04-24T00:00:00+00:00,POST_WARMUP,TOP_8,E10,C2,8,8,8,8,True,1.0,0,0.0,1.0,,,0.007380073800738007,284575813.103474,284575813.103474,1.0,1,1,7,7
2023-04-24T00:00:00+00:00,POST_WARMUP,TOP_10,E10,C2,10,10,10,10,True,1.0,0,0.0,1.0,,,0.007380073800738007,298909050.9628341,298909050.9628341,1.0,1,1,9,9
2023-04-24T00:00:00+00:00,POST_WARMUP,TOP_30,E10,C2,30,30,30,30,True,1.0,0,0.0,1.0,,,0.007380073800738007,361776594.92520046,361776594.92520046,1.0,1,1,29,29
2023-04-24T00:00:00+00:00,POST_WARMUP,HYSTERESIS,E10,C2,6,6,5,7,False,0.7142857142857143,2,1.0,0.8333333333333334,SHIB,GRAM,0.007380073800738007,268334367.6794964,268846950.0765217,1.0019102375944535,0,1,6,5
2023-05-01T00:00:00+00:00,POST_WARMUP,TOP_4,E10,C2,4,4,4,4,True,1.0,0,0.0,1.0,,,0.0,234711443.46502188,234711443.46502188,1.0,0,0,4,4
2023-05-01T00:00:00+00:00,POST_WARMUP,TOP_6,E10,C2,6,6,6,6,True,1.0,0,0.0,1.0,,,0.0,257999657.72466418,257999657.72466418,1.0,1,1,5,5
2023-05-01T00:00:00+00:00,POST_WARMUP,TOP_8,E10,C2,8,8,8,8,True,1.0,0,0.0,1.0,,,0.0,272659308.9375478,272659308.9375478,1.0,1,1,7,7
2023-05-01T00:00:00+00:00,POST_WARMUP,TOP_10,E10,C2,10,10,10,10,True,1.0,0,0.0,1.0,,,0.0,286535930.4747537,286535930.4747537,1.0,1,1,9,9
2023-05-01T00:00:00+00:00,POST_WARMUP,TOP_30,E10,C2,30,30,30,30,True,1.0,0,0.0,1.0,,,0.0,349281926.0763141,349281926.0763141,1.0,1,1,29,29
2023-05-01T00:00:00+00:00,POST_WARMUP,HYSTERESIS,E10,C2,6,6,6,6,True,1.0,0,0.0,1.0,,,0.0,257999657.72466418,257999657.72466418,1.0,1,1,5,5
2023-05-08T00:00:00+00:00,POST_WARMUP,TOP_4,E10,C2,4,4,4,4,True,1.0,0,0.0,1.0,,,0.0,225888048.5104889,225888048.5104889,1.0,0,0,4,4
2023-05-08T00:00:00+00:00,POST_WARMUP,TOP_6,E10,C2,6,6,6,6,True,1.0,0,0.0,1.0,,,0.0,244537740.5376262,244537740.5376262,1.0,1,1,5,5
2023-05-08T00:00:00+00:00,POST_WARMUP,TOP_8,E10,C2,8,8,8,8,True,1.0,0,0.0,1.0,,,0.0,259332003.0599197,259332003.0599197,1.0,1,1,7,7
2023-05-08T00:00:00+00:00,POST_WARMUP,TOP_10,E10,C2,10,10,10,10,True,1.0,0,0.0,1.0,,,0.0,271931325.02448344,271931325.02448344,1.0,1,1,9,9
2023-05-08T00:00:00+00:00,POST_WARMUP,TOP_30,E10,C2,30,30,30,30,True,1.0,0,0.0,1.0,,,0.0,329766544.5843065,329766544.5843065,1.0,1,1,29,29
2023-05-08T00:00:00+00:00,POST_WARMUP,HYSTERESIS,E10,C2,6,6,6,6,True,1.0,0,0.0,1.0,,,0.0,244537740.5376262,244537740.5376262,1.0,1,1,5,5
2023-05-15T00:00:00+00:00,POST_WARMUP,TOP_4,E10,C2,4,4,4,4,True,1.0,0,0.0,1.0,,,0.0,220619565.65982017,220619565.65982017,1.0,0,0,4,4
2023-05-15T00:00:00+00:00,POST_WARMUP,TOP_6,E10,C2,6,6,6,6,True,1.0,0,0.0,1.0,,,0.0,235939852.43234798,235939852.43234798,1.0,1,1,5,5
2023-05-15T00:00:00+00:00,POST_WARMUP,TOP_8,E10,C2,8,8,8,8,True,1.0,0,0.0,1.0,,,0.0,248556105.98309273,248556105.98309273,1.0,1,1,7,7
2023-05-15T00:00:00+00:00,POST_WARMUP,TOP_10,E10,C2,10,10,10,10,True,1.0,0,0.0,1.0,,,0.0,260697141.67020985,260697141.67020985,1.0,1,1,9,9
2023-05-15T00:00:00+00:00,POST_WARMUP,TOP_30,E10,C2,30,30,30,30,True,1.0,0,0.0,1.0,,,0.0,313766477.3301195,313766477.3301195,1.0,1,1,29,29
2023-05-15T00:00:00+00:00,POST_WARMUP,HYSTERESIS,E10,C2,6,6,6,6,True,1.0,0,0.0,1.0,,,0.0,235939852.43234798,235939852.43234798,1.0,1,1,5,5
2023-05-22T00:00:00+00:00,POST_WARMUP,TOP_4,E10,C2,4,4,4,4,True,1.0,0,0.0,1.0,,,0.007168458781362007,181888401.9716081,181888401.9716081,1.0,0,0,4,4
2023-05-22T00:00:00+00:00,POST_WARMUP,TOP_6,E10,C2,6,6,6,6,True,1.0,0,0.0,1.0,,,0.007168458781362007,193574788.31645235,193574788.31645235,1.0,0,0,6,6
2023-05-22T00:00:00+00:00,POST_WARMUP,TOP_8,E10,C2,8,8,7,9,False,0.7777777777777778,2,1.0,0.875,INJ,GRAM,0.007168458781362007,203986679.01243082,204013127.7475427,1.0001296591289193,0,1,8,7
2023-05-22T00:00:00+00:00,POST_WARMUP,TOP_10,E10,C2,10,10,10,10,True,1.0,0,0.0,1.0,,,0.007168458781362007,213625892.13438332,213625892.13438332,1.0,1,1,9,9
2023-05-22T00:00:00+00:00,POST_WARMUP,TOP_30,E10,C2,30,30,30,30,True,1.0,0,0.0,1.0,,,0.007168458781362007,259148719.91518402,259148719.91518402,1.0,1,1,29,29
2023-05-22T00:00:00+00:00,POST_WARMUP,HYSTERESIS,E10,C2,6,6,5,7,False,0.7142857142857143,2,1.0,0.8333333333333334,INJ,GRAM,0.007168458781362007,192555341.61993775,192581790.35504964,1.0001373565380705,0,1,6,5
2023-05-29T00:00:00+00:00,POST_WARMUP,TOP_4,E10,C2,4,4,4,4,True,1.0,0,0.0,1.0,,,0.0,154523840.10436565,154523840.10436565,1.0,0,0,4,4
2023-05-29T00:00:00+00:00,POST_WARMUP,TOP_6,E10,C2,6,6,6,6,True,1.0,0,0.0,1.0,,,0.0,166210226.4492099,166210226.4492099,1.0,0,0,6,6
2023-05-29T00:00:00+00:00,POST_WARMUP,TOP_8,E10,C2,8,8,8,8,True,1.0,0,0.0,1.0,,,0.0,175424511.7627118,175424511.7627118,1.0,0,0,8,8
2023-05-29T00:00:00+00:00,POST_WARMUP,TOP_10,E10,C2,10,10,10,10,True,1.0,0,0.0,1.0,,,0.0,183482030.98088264,183482030.98088264,1.0,1,1,9,9
2023-05-29T00:00:00+00:00,POST_WARMUP,TOP_30,E10,C2,30,30,30,30,True,1.0,0,0.0,1.0,,,0.0,217008610.66538414,217008610.66538414,1.0,2,2,28,28
2023-05-29T00:00:00+00:00,POST_WARMUP,HYSTERESIS,E10,C2,6,6,5,7,False,0.7142857142857143,2,1.0,0.8333333333333334,INJ,XMR,0.0,164835404.88613528,166210226.4492099,1.0083405720028675,0,0,6,6
2023-06-05T00:00:00+00:00,POST_WARMUP,TOP_4,E10,C2,4,4,4,4,True,1.0,0,0.0,1.0,,,0.0,150022495.964481,150022495.964481,1.0,0,0,4,4
2023-06-05T00:00:00+00:00,POST_WARMUP,TOP_6,E10,C2,6,6,6,6,True,1.0,0,0.0,1.0,,,0.0,162155817.66758338,162155817.66758338,1.0,0,0,6,6
2023-06-05T00:00:00+00:00,POST_WARMUP,TOP_8,E10,C2,8,8,8,8,True,1.0,0,0.0,1.0,,,0.0,170977915.54438782,170977915.54438782,1.0,0,0,8,8
2023-06-05T00:00:00+00:00,POST_WARMUP,TOP_10,E10,C2,10,10,10,10,True,1.0,0,0.0,1.0,,,0.0,178510897.91462895,178510897.91462895,1.0,1,1,9,9
2023-06-05T00:00:00+00:00,POST_WARMUP,TOP_30,E10,C2,30,30,30,30,True,1.0,0,0.0,1.0,,,0.0,207711180.3113143,207711180.3113143,1.0,2,2,28,28
2023-06-05T00:00:00+00:00,POST_WARMUP,HYSTERESIS,E10,C2,6,6,5,7,False,0.7142857142857143,2,1.0,0.8333333333333334,INJ,XMR,0.0,160882054.3831757,162155817.66758338,1.0079173733160687,0,0,6,6
2023-06-12T00:00:00+00:00,POST_WARMUP,TOP_4,E10,C2,4,4,4,4,True,1.0,0,0.0,1.0,,,0.0,160111890.8653861,160111890.8653861,1.0,0,0,4,4
2023-06-12T00:00:00+00:00,POST_WARMUP,TOP_6,E10,C2,6,6,6,6,True,1.0,0,0.0,1.0,,,0.0,172787295.1833332,172787295.1833332,1.0,0,0,6,6
2023-06-12T00:00:00+00:00,POST_WARMUP,TOP_8,E10,C2,8,8,8,8,True,1.0,0,0.0,1.0,,,0.0,181594642.99876815,181594642.99876815,1.0,0,0,8,8
2023-06-12T00:00:00+00:00,POST_WARMUP,TOP_10,E10,C2,10,10,10,10,True,1.0,0,0.0,1.0,,,0.0,188860197.6211277,188860197.6211277,1.0,1,1,9,9
2023-06-12T00:00:00+00:00,POST_WARMUP,TOP_30,E10,C2,30,30,30,30,True,1.0,0,0.0,1.0,,,0.0,218314045.471557,218314045.471557,1.0,1,1,29,29
2023-06-12T00:00:00+00:00,POST_WARMUP,HYSTERESIS,E10,C2,6,6,5,7,False,0.7142857142857143,2,1.0,0.8333333333333334,INJ,XMR,0.0,171350635.20555243,172787295.1833332,1.0083843282871834,0,0,6,6
2023-06-19T00:00:00+00:00,POST_WARMUP,TOP_4,E10,C2,4,4,4,4,True,1.0,0,0.0,1.0,,,0.0,173975475.93013853,173975475.93013853,1.0,0,0,4,4
2023-06-19T00:00:00+00:00,POST_WARMUP,TOP_6,E10,C2,6,6,6,6,True,1.0,0,0.0,1.0,,,0.0,187812097.00770962,187812097.00770962,1.0,0,0,6,6
2023-06-19T00:00:00+00:00,POST_WARMUP,TOP_8,E10,C2,8,8,8,8,True,1.0,0,0.0,1.0,,,0.0,197671239.5311838,197671239.5311838,1.0,0,0,8,8
2023-06-19T00:00:00+00:00,POST_WARMUP,TOP_10,E10,C2,10,10,10,10,True,1.0,0,0.0,1.0,,,0.0,206556822.90145415,206556822.90145415,1.0,0,0,10,10
2023-06-19T00:00:00+00:00,POST_WARMUP,TOP_30,E10,C2,30,30,30,30,True,1.0,0,0.0,1.0,,,0.0,241229121.2792077,241229121.2792077,1.0,2,2,28,28
2023-06-19T00:00:00+00:00,POST_WARMUP,HYSTERESIS,E10,C2,6,6,5,7,False,0.7142857142857143,2,1.0,0.8333333333333334,INJ,XMR,0.0,185127531.97882926,187812097.00770962,1.014501165764946,0,0,6,6
2023-06-26T00:00:00+00:00,POST_WARMUP,TOP_4,E10,C2,4,4,4,4,True,1.0,0,0.0,1.0,,,0.0,205341937.51743975,205341937.51743975,1.0,0,0,4,4
2023-06-26T00:00:00+00:00,POST_WARMUP,TOP_6,E10,C2,6,6,6,6,True,1.0,0,0.0,1.0,,,0.0,221850154.1765869,221850154.1765869,1.0,0,0,6,6
2023-06-26T00:00:00+00:00,POST_WARMUP,TOP_8,E10,C2,8,8,8,8,True,1.0,0,0.0,1.0,,,0.0,234207904.3613294,234207904.3613294,1.0,0,0,8,8
2023-06-26T00:00:00+00:00,POST_WARMUP,TOP_10,E10,C2,10,10,10,10,True,1.0,0,0.0,1.0,,,0.0,243900532.99098194,243900532.99098194,1.0,0,0,10,10
2023-06-26T00:00:00+00:00,POST_WARMUP,TOP_30,E10,C2,30,30,30,30,True,1.0,0,0.0,1.0,,,0.0,286088818.27993894,286088818.27993894,1.0,2,2,28,28
2023-06-26T00:00:00+00:00,POST_WARMUP,HYSTERESIS,E10,C2,6,6,5,7,False,0.7142857142857143,2,1.0,0.8333333333333334,INJ,XMR,0.0,217699687.70218226,220094642.90353462,1.0110011880431757,0,0,6,6
2023-07-03T00:00:00+00:00,POST_WARMUP,TOP_4,E10,C2,4,4,4,4,True,1.0,0,0.0,1.0,,,0.0,234194922.82641613,234194922.82641613,1.0,0,0,4,4
2023-07-03T00:00:00+00:00,POST_WARMUP,TOP_6,E10,C2,6,6,6,6,True,1.0,0,0.0,1.0,,,0.0,251571252.7360697,251571252.7360697,1.0,0,0,6,6
2023-07-03T00:00:00+00:00,POST_WARMUP,TOP_8,E10,C2,8,8,8,8,True,1.0,0,0.0,1.0,,,0.0,265156095.786792,265156095.786792,1.0,0,0,8,8
2023-07-03T00:00:00+00:00,POST_WARMUP,TOP_10,E10,C2,10,10,10,10,True,1.0,0,0.0,1.0,,,0.0,275526586.63511187,275526586.63511187,1.0,0,0,10,10
2023-07-03T00:00:00+00:00,POST_WARMUP,TOP_30,E10,C2,30,30,30,30,True,1.0,0,0.0,1.0,,,0.0,319771347.508515,319771347.508515,1.0,2,2,28,28
2023-07-03T00:00:00+00:00,POST_WARMUP,HYSTERESIS,E10,C2,6,6,5,7,False,0.7142857142857143,2,1.0,0.8333333333333334,INJ,XMR,0.0,247779765.8771384,250039983.1750621,1.0091218800289141,0,0,6,6
2023-07-10T00:00:00+00:00,POST_WARMUP,TOP_4,E10,C2,4,4,4,4,True,1.0,0,0.0,1.0,,,0.0,206363859.34522808,206363859.34522808,1.0,0,0,4,4
2023-07-10T00:00:00+00:00,POST_WARMUP,TOP_6,E10,C2,6,6,6,6,True,1.0,0,0.0,1.0,,,0.0,222969450.12989038,222969450.12989038,1.0,0,0,6,6
2023-07-10T00:00:00+00:00,POST_WARMUP,TOP_8,E10,C2,8,8,8,8,True,1.0,0,0.0,1.0,,,0.0,236163476.7749346,236163476.7749346,1.0,0,0,8,8
2023-07-10T00:00:00+00:00,POST_WARMUP,TOP_10,E10,C2,10,10,10,10,True,1.0,0,0.0,1.0,,,0.0,246368153.09078845,246368153.09078845,1.0,0,0,10,10
2023-07-10T00:00:00+00:00,POST_WARMUP,TOP_30,E10,C2,30,30,30,30,True,1.0,0,0.0,1.0,,,0.0,289939389.4876118,289939389.4876118,1.0,2,2,28,28
2023-07-10T00:00:00+00:00,POST_WARMUP,HYSTERESIS,E10,C2,6,6,5,7,False,0.7142857142857143,2,1.0,0.8333333333333334,INJ,XMR,0.0,220761697.4083954,222969450.12989038,1.0100006149047258,0,0,6,6
2023-07-17T00:00:00+00:00,POST_WARMUP,TOP_4,E10,C2,4,4,4,4,True,1.0,0,0.0,1.0,,,0.0,202373669.74771544,202373669.74771544,1.0,0,0,4,4
2023-07-17T00:00:00+00:00,POST_WARMUP,TOP_6,E10,C2,6,6,6,6,True,1.0,0,0.0,1.0,,,0.0,222182276.85230446,222182276.85230446,1.0,0,0,6,6
2023-07-17T00:00:00+00:00,POST_WARMUP,TOP_8,E10,C2,8,8,8,8,True,1.0,0,0.0,1.0,,,0.0,235729622.18698284,235729622.18698284,1.0,0,0,8,8
2023-07-17T00:00:00+00:00,POST_WARMUP,TOP_10,E10,C2,10,10,10,10,True,1.0,0,0.0,1.0,,,0.0,246617162.47815064,246617162.47815064,1.0,0,0,10,10
2023-07-17T00:00:00+00:00,POST_WARMUP,TOP_30,E10,C2,30,30,30,30,True,1.0,0,0.0,1.0,,,0.0,290721420.82052237,290721420.82052237,1.0,3,3,27,27
2023-07-17T00:00:00+00:00,POST_WARMUP,HYSTERESIS,E10,C2,6,6,6,6,True,1.0,0,0.0,1.0,,,0.0,222182276.85230446,222182276.85230446,1.0,0,0,6,6
2023-07-24T00:00:00+00:00,POST_WARMUP,TOP_4,E10,C2,4,4,4,4,True,1.0,0,0.0,1.0,,,0.0,175366928.99044466,175366928.99044466,1.0,0,0,4,4
2023-07-24T00:00:00+00:00,POST_WARMUP,TOP_6,E10,C2,6,6,6,6,True,1.0,0,0.0,1.0,,,0.0,191436953.8176871,191436953.8176871,1.0,0,0,6,6
2023-07-24T00:00:00+00:00,POST_WARMUP,TOP_8,E10,C2,8,8,8,8,True,1.0,0,0.0,1.0,,,0.0,203828436.90971696,203828436.90971696,1.0,0,0,8,8
2023-07-24T00:00:00+00:00,POST_WARMUP,TOP_10,E10,C2,10,10,10,10,True,1.0,0,0.0,1.0,,,0.0,213987746.9972481,213987746.9972481,1.0,0,0,10,10
2023-07-24T00:00:00+00:00,POST_WARMUP,TOP_30,E10,C2,30,30,30,30,True,1.0,0,0.0,1.0,,,0.0,259744962.55659956,259744962.55659956,1.0,3,3,27,27
2023-07-24T00:00:00+00:00,POST_WARMUP,HYSTERESIS,E10,C2,6,6,6,6,True,1.0,0,0.0,1.0,,,0.0,191179825.11421758,191179825.11421758,1.0,0,0,6,6
2023-07-31T00:00:00+00:00,POST_WARMUP,TOP_4,E10,C2,4,4,4,4,True,1.0,0,0.0,1.0,,,0.0,151382112.9299844,151382112.9299844,1.0,0,0,4,4
2023-07-31T00:00:00+00:00,POST_WARMUP,TOP_6,E10,C2,6,6,6,6,True,1.0,0,0.0,1.0,,,0.0,165851161.7127431,165851161.7127431,1.0,0,0,6,6
2023-07-31T00:00:00+00:00,POST_WARMUP,TOP_8,E10,C2,8,8,8,8,True,1.0,0,0.0,1.0,,,0.0,176189156.25639984,176189156.25639984,1.0,0,0,8,8
2023-07-31T00:00:00+00:00,POST_WARMUP,TOP_10,E10,C2,10,10,10,10,True,1.0,0,0.0,1.0,,,0.0,185254532.15062803,185254532.15062803,1.0,1,1,9,9
2023-07-31T00:00:00+00:00,POST_WARMUP,TOP_30,E10,C2,30,30,30,30,True,1.0,0,0.0,1.0,,,0.0,225012361.22597083,225012361.22597083,1.0,3,3,27,27
2023-07-31T00:00:00+00:00,POST_WARMUP,HYSTERESIS,E10,C2,6,6,6,6,True,1.0,0,0.0,1.0,,,0.0,165851161.7127431,165851161.7127431,1.0,0,0,6,6
2023-08-07T00:00:00+00:00,POST_WARMUP,TOP_4,E10,C2,4,4,4,4,True,1.0,0,0.0,1.0,,,0.006644518272425249,129381768.71364105,129381768.71364105,1.0,0,0,4,4
2023-08-07T00:00:00+00:00,POST_WARMUP,TOP_6,E10,C2,6,6,6,6,True,1.0,0,0.0,1.0,,,0.006644518272425249,144814316.17778718,144814316.17778718,1.0,0,0,6,6
2023-08-07T00:00:00+00:00,POST_WARMUP,TOP_8,E10,C2,8,8,7,9,False,0.7777777777777778,2,1.0,0.875,SHIB,XLM,0.006644518272425249,155655130.88289064,155764269.5648088,1.000701156982742,0,1,8,7
2023-08-07T00:00:00+00:00,POST_WARMUP,TOP_10,E10,C2,10,10,10,10,True,1.0,0,0.0,1.0,,,0.006644518272425249,165711649.6509981,165711649.6509981,1.0,2,2,8,8
2023-08-07T00:00:00+00:00,POST_WARMUP,TOP_30,E10,C2,30,30,30,30,True,1.0,0,0.0,1.0,,,0.006644518272425249,205376169.7701244,205376169.7701244,1.0,6,6,24,24
2023-08-07T00:00:00+00:00,POST_WARMUP,HYSTERESIS,E10,C2,6,6,6,6,True,1.0,0,0.0,1.0,,,0.006644518272425249,142390037.71334654,142390037.71334654,1.0,0,0,6,6
2023-08-14T00:00:00+00:00,POST_WARMUP,TOP_4,E10,C2,4,4,4,4,True,1.0,0,0.0,1.0,,,0.0,119274090.07323675,119274090.07323675,1.0,0,0,4,4
2023-08-14T00:00:00+00:00,POST_WARMUP,TOP_6,E10,C2,6,6,6,6,True,1.0,0,0.0,1.0,,,0.0,131790512.260926,131790512.260926,1.0,0,0,6,6
2023-08-14T00:00:00+00:00,POST_WARMUP,TOP_8,E10,C2,8,8,8,8,True,1.0,0,0.0,1.0,,,0.0,142878985.89179167,142878985.89179167,1.0,0,0,8,8
2023-08-14T00:00:00+00:00,POST_WARMUP,TOP_10,E10,C2,10,10,10,10,True,1.0,0,0.0,1.0,,,0.0,152264484.5689309,152264484.5689309,1.0,2,2,8,8
2023-08-14T00:00:00+00:00,POST_WARMUP,TOP_30,E10,C2,30,30,30,30,True,1.0,0,0.0,1.0,,,0.0,187968865.91104287,187968865.91104287,1.0,5,5,25,25
2023-08-14T00:00:00+00:00,POST_WARMUP,HYSTERESIS,E10,C2,6,6,6,6,True,1.0,0,0.0,1.0,,,0.0,130384196.61301911,130384196.61301911,1.0,0,0,6,6
2023-08-21T00:00:00+00:00,POST_WARMUP,TOP_4,E10,C2,4,4,4,4,True,1.0,0,0.0,1.0,,,0.006557377049180328,111725134.0947002,111725134.0947002,1.0,0,0,4,4
2023-08-21T00:00:00+00:00,POST_WARMUP,TOP_6,E10,C2,6,6,5,7,False,0.7142857142857143,2,1.0,0.8333333333333334,DOGE,PEPE,0.006557377049180328,127148193.28191686,127184651.42055044,1.000286737370721,0,1,6,5
2023-08-21T00:00:00+00:00,POST_WARMUP,TOP_8,E10,C2,8,8,8,8,True,1.0,0,0.0,1.0,,,0.006557377049180328,138805627.06274688,138805627.06274688,1.0,1,1,7,7
2023-08-21T00:00:00+00:00,POST_WARMUP,TOP_10,E10,C2,10,10,10,10,True,1.0,0,0.0,1.0,,,0.006557377049180328,148207297.15457097,148207297.15457097,1.0,2,2,8,8
2023-08-21T00:00:00+00:00,POST_WARMUP,TOP_30,E10,C2,30,30,30,30,True,1.0,0,0.0,1.0,,,0.006557377049180328,182327859.09764367,182327859.09764367,1.0,5,5,25,25
2023-08-21T00:00:00+00:00,POST_WARMUP,HYSTERESIS,E10,C2,6,6,6,6,True,1.0,0,0.0,1.0,,,0.006557377049180328,126837344.19377117,126837344.19377117,1.0,0,0,6,6
2023-08-28T00:00:00+00:00,POST_WARMUP,TOP_4,E10,C2,4,4,4,4,True,1.0,0,0.0,1.0,,,0.0,107174845.84886041,107174845.84886041,1.0,0,0,4,4
2023-08-28T00:00:00+00:00,POST_WARMUP,TOP_6,E10,C2,6,6,6,6,True,1.0,0,0.0,1.0,,,0.0,121646036.75090812,121646036.75090812,1.0,1,1,5,5
2023-08-28T00:00:00+00:00,POST_WARMUP,TOP_8,E10,C2,8,8,8,8,True,1.0,0,0.0,1.0,,,0.0,131853629.27866752,131853629.27866752,1.0,1,1,7,7
2023-08-28T00:00:00+00:00,POST_WARMUP,TOP_10,E10,C2,10,10,10,10,True,1.0,0,0.0,1.0,,,0.0,140211763.7161668,140211763.7161668,1.0,2,2,8,8
2023-08-28T00:00:00+00:00,POST_WARMUP,TOP_30,E10,C2,30,30,30,30,True,1.0,0,0.0,1.0,,,0.0,173893852.748751,173893852.748751,1.0,5,5,25,25
2023-08-28T00:00:00+00:00,POST_WARMUP,HYSTERESIS,E10,C2,6,6,6,6,True,1.0,0,0.0,1.0,,,0.0,120997880.13868232,120997880.13868232,1.0,0,0,6,6
2023-09-04T00:00:00+00:00,POST_WARMUP,TOP_4,E10,C2,4,4,4,4,True,1.0,0,0.0,1.0,,,0.0,99216628.01641814,99216628.01641814,1.0,0,0,4,4
2023-09-04T00:00:00+00:00,POST_WARMUP,TOP_6,E10,C2,6,6,6,6,True,1.0,0,0.0,1.0,,,0.0,110984455.62376311,110984455.62376311,1.0,0,0,6,6
2023-09-04T00:00:00+00:00,POST_WARMUP,TOP_8,E10,C2,8,8,8,8,True,1.0,0,0.0,1.0,,,0.0,119152374.78501283,119152374.78501283,1.0,1,1,7,7
2023-09-04T00:00:00+00:00,POST_WARMUP,TOP_10,E10,C2,10,10,10,10,True,1.0,0,0.0,1.0,,,0.0,125288444.28375444,125288444.28375444,1.0,2,2,8,8
2023-09-04T00:00:00+00:00,POST_WARMUP,TOP_30,E10,C2,30,30,30,30,True,1.0,0,0.0,1.0,,,0.0,155743584.62691224,155743584.62691224,1.0,5,5,25,25
2023-09-04T00:00:00+00:00,POST_WARMUP,HYSTERESIS,E10,C2,6,6,6,6,True,1.0,0,0.0,1.0,,,0.0,108941258.39619166,108941258.39619166,1.0,0,0,6,6
2023-09-11T00:00:00+00:00,POST_WARMUP,TOP_4,E10,C2,4,4,4,4,True,1.0,0,0.0,1.0,,,0.0064516129032258064,93312992.08715771,93312992.08715771,1.0,0,0,4,4
2023-09-11T00:00:00+00:00,POST_WARMUP,TOP_6,E10,C2,6,6,5,7,False,0.7142857142857143,2,1.0,0.8333333333333334,SHIB,PEPE,0.0064516129032258064,102278166.33842808,102476902.83032218,1.0019430979162893,0,1,6,5
2023-09-11T00:00:00+00:00,POST_WARMUP,TOP_8,E10,C2,8,8,8,8,True,1.0,0,0.0,1.0,,,0.0064516129032258064,109276075.29618604,109276075.29618604,1.0,2,2,6,6
2023-09-11T00:00:00+00:00,POST_WARMUP,TOP_10,E10,C2,10,10,10,10,True,1.0,0,0.0,1.0,,,0.0064516129032258064,114208875.84760535,114208875.84760535,1.0,3,3,7,7
2023-09-11T00:00:00+00:00,POST_WARMUP,TOP_30,E10,C2,30,30,30,30,True,1.0,0,0.0,1.0,,,0.0064516129032258064,139661173.56542978,139661173.56542978,1.0,5,5,25,25
2023-09-11T00:00:00+00:00,POST_WARMUP,HYSTERESIS,E10,C2,6,6,6,6,True,1.0,0,0.0,1.0,,,0.0064516129032258064,102278166.33842808,102278166.33842808,1.0,0,0,6,6
2023-09-18T00:00:00+00:00,POST_WARMUP,TOP_4,E10,C2,4,4,4,4,True,1.0,0,0.0,1.0,,,0.0,89416993.7002372,89416993.7002372,1.0,0,0,4,4
2023-09-18T00:00:00+00:00,POST_WARMUP,TOP_6,E10,C2,6,6,6,6,True,1.0,0,0.0,1.0,,,0.0,98037832.76156223,98037832.76156223,1.0,1,1,5,5
2023-09-18T00:00:00+00:00,POST_WARMUP,TOP_8,E10,C2,8,8,8,8,True,1.0,0,0.0,1.0,,,0.0,103900629.33280937,103900629.33280937,1.0,2,2,6,6
2023-09-18T00:00:00+00:00,POST_WARMUP,TOP_10,E10,C2,10,10,10,10,True,1.0,0,0.0,1.0,,,0.0,108668902.65249316,108668902.65249316,1.0,3,3,7,7
2023-09-18T00:00:00+00:00,POST_WARMUP,TOP_30,E10,C2,30,30,30,30,True,1.0,0,0.0,1.0,,,0.0,130868739.1861749,130868739.1861749,1.0,5,5,25,25
2023-09-18T00:00:00+00:00,POST_WARMUP,HYSTERESIS,E10,C2,6,6,6,6,True,1.0,0,0.0,1.0,,,0.0,97623159.19453764,97623159.19453764,1.0,0,0,6,6
2023-09-25T00:00:00+00:00,POST_WARMUP,TOP_4,E10,C2,4,4,4,4,True,1.0,0,0.0,1.0,,,0.0,85376076.05355205,85376076.05355205,1.0,0,0,4,4
2023-09-25T00:00:00+00:00,POST_WARMUP,TOP_6,E10,C2,6,6,6,6,True,1.0,0,0.0,1.0,,,0.0,94076742.82086794,94076742.82086794,1.0,1,1,5,5
2023-09-25T00:00:00+00:00,POST_WARMUP,TOP_8,E10,C2,8,8,8,8,True,1.0,0,0.0,1.0,,,0.0,99419080.11195152,99419080.11195152,1.0,1,1,7,7
2023-09-25T00:00:00+00:00,POST_WARMUP,TOP_10,E10,C2,10,10,10,10,True,1.0,0,0.0,1.0,,,0.0,103724810.48361334,103724810.48361334,1.0,3,3,7,7
2023-09-25T00:00:00+00:00,POST_WARMUP,TOP_30,E10,C2,30,30,30,30,True,1.0,0,0.0,1.0,,,0.0,122625374.67466056,122625374.67466056,1.0,5,5,25,25
2023-09-25T00:00:00+00:00,POST_WARMUP,HYSTERESIS,E10,C2,6,6,6,6,True,1.0,0,0.0,1.0,,,0.0,92809305.25326358,92809305.25326358,1.0,0,0,6,6
2023-10-02T00:00:00+00:00,POST_WARMUP,TOP_4,E10,C2,4,4,4,4,True,1.0,0,0.0,1.0,,,0.006389776357827476,82707707.24729319,82707707.24729319,1.0,0,0,4,4
2023-10-02T00:00:00+00:00,POST_WARMUP,TOP_6,E10,C2,6,6,5,7,False,0.7142857142857143,2,1.0,0.8333333333333334,SHIB,GRAM,0.006389776357827476,89341633.97819297,89588282.46491076,1.0027607340019995,0,1,6,5
2023-10-02T00:00:00+00:00,POST_WARMUP,TOP_8,E10,C2,8,8,8,8,True,1.0,0,0.0,1.0,,,0.006389776357827476,94770962.57845797,94770962.57845797,1.0,1,1,7,7
2023-10-02T00:00:00+00:00,POST_WARMUP,TOP_10,E10,C2,10,10,10,10,True,1.0,0,0.0,1.0,,,0.006389776357827476,98810874.63970709,98810874.63970709,1.0,2,2,8,8
2023-10-02T00:00:00+00:00,POST_WARMUP,TOP_30,E10,C2,30,30,30,30,True,1.0,0,0.0,1.0,,,0.006389776357827476,117307301.29310223,117307301.29310223,1.0,5,5,25,25
2023-10-02T00:00:00+00:00,POST_WARMUP,HYSTERESIS,E10,C2,6,6,6,6,True,1.0,0,0.0,1.0,,,0.006389776357827476,89341633.97819297,89341633.97819297,1.0,0,0,6,6
2023-10-09T00:00:00+00:00,POST_WARMUP,TOP_4,E10,C2,4,4,4,4,True,1.0,0,0.0,1.0,,,0.0,93227978.45921455,93227978.45921455,1.0,0,0,4,4
2023-10-09T00:00:00+00:00,POST_WARMUP,TOP_6,E10,C2,6,6,6,6,True,1.0,0,0.0,1.0,,,0.0,100396510.29788588,100396510.29788588,1.0,0,0,6,6
2023-10-09T00:00:00+00:00,POST_WARMUP,TOP_8,E10,C2,8,8,8,8,True,1.0,0,0.0,1.0,,,0.0,106060479.68088898,106060479.68088898,1.0,0,0,8,8
2023-10-09T00:00:00+00:00,POST_WARMUP,TOP_10,E10,C2,10,10,10,10,True,1.0,0,0.0,1.0,,,0.0,110239806.49248824,110239806.49248824,1.0,2,2,8,8
2023-10-09T00:00:00+00:00,POST_WARMUP,TOP_30,E10,C2,30,30,30,30,True,1.0,0,0.0,1.0,,,0.0,128789469.51360302,128789469.51360302,1.0,5,5,25,25
2023-10-09T00:00:00+00:00,POST_WARMUP,HYSTERESIS,E10,C2,6,6,6,6,True,1.0,0,0.0,1.0,,,0.0,100396510.29788588,100396510.29788588,1.0,0,0,6,6
2023-10-16T00:00:00+00:00,POST_WARMUP,TOP_4,E10,C2,4,4,4,4,True,1.0,0,0.0,1.0,,,0.0,86151264.18501644,86151264.18501644,1.0,0,0,4,4
2023-10-16T00:00:00+00:00,POST_WARMUP,TOP_6,E10,C2,6,6,6,6,True,1.0,0,0.0,1.0,,,0.0,93534227.95444441,93534227.95444441,1.0,0,0,6,6
2023-10-16T00:00:00+00:00,POST_WARMUP,TOP_8,E10,C2,8,8,8,8,True,1.0,0,0.0,1.0,,,0.0,99222257.92984365,99222257.92984365,1.0,1,1,7,7
2023-10-16T00:00:00+00:00,POST_WARMUP,TOP_10,E10,C2,10,10,10,10,True,1.0,0,0.0,1.0,,,0.0,102809493.40904932,102809493.40904932,1.0,2,2,8,8
2023-10-16T00:00:00+00:00,POST_WARMUP,TOP_30,E10,C2,30,30,30,30,True,1.0,0,0.0,1.0,,,0.0,120161935.18717676,120161935.18717676,1.0,5,5,25,25
2023-10-16T00:00:00+00:00,POST_WARMUP,HYSTERESIS,E10,C2,6,6,6,6,True,1.0,0,0.0,1.0,,,0.0,93534227.95444441,93534227.95444441,1.0,0,0,6,6
2023-10-23T00:00:00+00:00,POST_WARMUP,TOP_4,E10,C2,4,4,4,4,True,1.0,0,0.0,1.0,,,0.0,94835240.64718693,94835240.64718693,1.0,0,0,4,4
2023-10-23T00:00:00+00:00,POST_WARMUP,TOP_6,E10,C2,6,6,6,6,True,1.0,0,0.0,1.0,,,0.0,103365560.21857628,103365560.21857628,1.0,0,0,6,6
2023-10-23T00:00:00+00:00,POST_WARMUP,TOP_8,E10,C2,8,8,8,8,True,1.0,0,0.0,1.0,,,0.0,108481214.58829379,108481214.58829379,1.0,1,1,7,7
2023-10-23T00:00:00+00:00,POST_WARMUP,TOP_10,E10,C2,10,10,10,10,True,1.0,0,0.0,1.0,,,0.0,111993233.79298614,111993233.79298614,1.0,1,1,9,9
2023-10-23T00:00:00+00:00,POST_WARMUP,TOP_30,E10,C2,30,30,30,30,True,1.0,0,0.0,1.0,,,0.0,132001509.85958222,132001509.85958222,1.0,5,5,25,25
2023-10-23T00:00:00+00:00,POST_WARMUP,HYSTERESIS,E10,C2,6,6,6,6,True,1.0,0,0.0,1.0,,,0.0,103365560.21857628,103365560.21857628,1.0,0,0,6,6
2023-10-30T00:00:00+00:00,POST_WARMUP,TOP_4,E10,C2,4,4,4,4,True,1.0,0,0.0,1.0,,,0.0,108405067.21294667,108405067.21294667,1.0,0,0,4,4
2023-10-30T00:00:00+00:00,POST_WARMUP,TOP_6,E10,C2,6,6,6,6,True,1.0,0,0.0,1.0,,,0.0,118596965.28336826,118596965.28336826,1.0,0,0,6,6
2023-10-30T00:00:00+00:00,POST_WARMUP,TOP_8,E10,C2,8,8,8,8,True,1.0,0,0.0,1.0,,,0.0,123833439.9436119,123833439.9436119,1.0,0,0,8,8
2023-10-30T00:00:00+00:00,POST_WARMUP,TOP_10,E10,C2,10,10,10,10,True,1.0,0,0.0,1.0,,,0.0,128053869.54415351,128053869.54415351,1.0,1,1,9,9
2023-10-30T00:00:00+00:00,POST_WARMUP,TOP_30,E10,C2,30,30,30,30,True,1.0,0,0.0,1.0,,,0.0,153227600.0379519,153227600.0379519,1.0,5,5,25,25
2023-10-30T00:00:00+00:00,POST_WARMUP,HYSTERESIS,E10,C2,6,6,6,6,True,1.0,0,0.0,1.0,,,0.0,118596965.28336826,118596965.28336826,1.0,0,0,6,6
2023-11-06T00:00:00+00:00,POST_WARMUP,TOP_4,E10,C2,4,4,4,4,True,1.0,0,0.0,1.0,,,0.0,127020556.43784295,127020556.43784295,1.0,0,0,4,4
2023-11-06T00:00:00+00:00,POST_WARMUP,TOP_6,E10,C2,6,6,6,6,True,1.0,0,0.0,1.0,,,0.0,139556633.60552052,139556633.60552052,1.0,0,0,6,6
2023-11-06T00:00:00+00:00,POST_WARMUP,TOP_8,E10,C2,8,8,8,8,True,1.0,0,0.0,1.0,,,0.0,147206046.27737665,147206046.27737665,1.0,0,0,8,8
2023-11-06T00:00:00+00:00,POST_WARMUP,TOP_10,E10,C2,10,10,10,10,True,1.0,0,0.0,1.0,,,0.0,152547570.2238503,152547570.2238503,1.0,0,0,10,10
2023-11-06T00:00:00+00:00,POST_WARMUP,TOP_30,E10,C2,30,30,30,30,True,1.0,0,0.0,1.0,,,0.0,184073961.69654036,184073961.69654036,1.0,4,4,26,26
2023-11-06T00:00:00+00:00,POST_WARMUP,HYSTERESIS,E10,C2,6,6,6,6,True,1.0,0,0.0,1.0,,,0.0,137715368.22374305,137715368.22374305,1.0,0,0,6,6
2023-11-13T00:00:00+00:00,POST_WARMUP,TOP_4,E10,C2,4,4,4,4,True,1.0,0,0.0,1.0,,,0.006329113924050633,182383498.2781455,182383498.2781455,1.0,0,0,4,4
2023-11-13T00:00:00+00:00,POST_WARMUP,TOP_6,E10,C2,6,6,5,7,False,0.7142857142857143,2,1.0,0.8333333333333334,SHIB,PEPE,0.006329113924050633,202267914.70841765,202351402.92193368,1.0004127605390918,0,1,6,5
2023-11-13T00:00:00+00:00,POST_WARMUP,TOP_8,E10,C2,8,8,8,8,True,1.0,0,0.0,1.0,,,0.006329113924050633,215829950.57773426,215829950.57773426,1.0,1,1,7,7
2023-11-13T00:00:00+00:00,POST_WARMUP,TOP_10,E10,C2,10,10,10,10,True,1.0,0,0.0,1.0,,,0.006329113924050633,226373289.66137215,226373289.66137215,1.0,1,1,9,9
2023-11-13T00:00:00+00:00,POST_WARMUP,TOP_30,E10,C2,30,30,30,30,True,1.0,0,0.0,1.0,,,0.006329113924050633,273724990.25780576,273724990.25780576,1.0,4,4,26,26
2023-11-13T00:00:00+00:00,POST_WARMUP,HYSTERESIS,E10,C2,6,6,6,6,True,1.0,0,0.0,1.0,,,0.006329113924050633,202267914.70841765,202267914.70841765,1.0,0,0,6,6
2023-11-20T00:00:00+00:00,POST_WARMUP,TOP_4,E10,C2,4,4,4,4,True,1.0,0,0.0,1.0,,,0.0,220267517.87806273,220267517.87806273,1.0,0,0,4,4
2023-11-20T00:00:00+00:00,POST_WARMUP,TOP_6,E10,C2,6,6,6,6,True,1.0,0,0.0,1.0,,,0.0,244655863.97093529,244655863.97093529,1.0,1,1,5,5
2023-11-20T00:00:00+00:00,POST_WARMUP,TOP_8,E10,C2,8,8,8,8,True,1.0,0,0.0,1.0,,,0.0,259764290.62959853,259764290.62959853,1.0,1,1,7,7
2023-11-20T00:00:00+00:00,POST_WARMUP,TOP_10,E10,C2,10,10,10,10,True,1.0,0,0.0,1.0,,,0.0,271372568.24843425,271372568.24843425,1.0,1,1,9,9
2023-11-20T00:00:00+00:00,POST_WARMUP,TOP_30,E10,C2,30,30,30,30,True,1.0,0,0.0,1.0,,,0.0,335697139.44429475,335697139.44429475,1.0,3,3,27,27
2023-11-20T00:00:00+00:00,POST_WARMUP,HYSTERESIS,E10,C2,6,6,6,6,True,1.0,0,0.0,1.0,,,0.0,243536497.99880165,243536497.99880165,1.0,0,0,6,6
2023-11-27T00:00:00+00:00,POST_WARMUP,TOP_4,E10,C2,4,4,4,4,True,1.0,0,0.0,1.0,,,0.006309148264984227,236650355.584451,236650355.584451,1.0,0,0,4,4
2023-11-27T00:00:00+00:00,POST_WARMUP,TOP_6,E10,C2,6,6,6,6,True,1.0,0,0.0,1.0,,,0.006309148264984227,259613073.0188081,259613073.0188081,1.0,1,1,5,5
2023-11-27T00:00:00+00:00,POST_WARMUP,TOP_8,E10,C2,8,8,7,9,False,0.7777777777777778,2,1.0,0.875,SHIB,PEPE,0.006309148264984227,274957041.87730503,275651076.5148813,1.0025241566203857,1,2,7,6
2023-11-27T00:00:00+00:00,POST_WARMUP,TOP_10,E10,C2,10,10,10,10,True,1.0,0,0.0,1.0,,,0.006309148264984227,289753817.1102274,289753817.1102274,1.0,2,2,8,8
2023-11-27T00:00:00+00:00,POST_WARMUP,TOP_30,E10,C2,30,30,30,30,True,1.0,0,0.0,1.0,,,0.006309148264984227,369478590.36784744,369478590.36784744,1.0,3,3,27,27
2023-11-27T00:00:00+00:00,POST_WARMUP,HYSTERESIS,E10,C2,6,6,5,7,False,0.7142857142857143,2,1.0,0.8333333333333334,SHIB,KAS,0.006309148264984227,257585015.14832622,259613073.0188081,1.0078733534608528,0,1,6,5
2023-12-04T00:00:00+00:00,POST_WARMUP,TOP_4,E10,C2,4,4,4,4,True,1.0,0,0.0,1.0,,,0.0,216659643.93142354,216659643.93142354,1.0,0,0,4,4
2023-12-04T00:00:00+00:00,POST_WARMUP,TOP_6,E10,C2,6,6,6,6,True,1.0,0,0.0,1.0,,,0.0,240152280.9202873,240152280.9202873,1.0,1,1,5,5
2023-12-04T00:00:00+00:00,POST_WARMUP,TOP_8,E10,C2,8,8,8,8,True,1.0,0,0.0,1.0,,,0.0,257404461.75101072,257404461.75101072,1.0,1,1,7,7
2023-12-04T00:00:00+00:00,POST_WARMUP,TOP_10,E10,C2,10,10,10,10,True,1.0,0,0.0,1.0,,,0.0,271894264.97858554,271894264.97858554,1.0,1,1,9,9
2023-12-04T00:00:00+00:00,POST_WARMUP,TOP_30,E10,C2,30,30,30,30,True,1.0,0,0.0,1.0,,,0.0,356164018.8774943,356164018.8774943,1.0,3,3,27,27
2023-12-04T00:00:00+00:00,POST_WARMUP,HYSTERESIS,E10,C2,6,6,6,6,True,1.0,0,0.0,1.0,,,0.0,240152280.9202873,240152280.9202873,1.0,1,1,5,5
2023-12-11T00:00:00+00:00,POST_WARMUP,TOP_4,E10,C2,4,4,4,4,True,1.0,0,0.0,1.0,,,0.0,234770932.55372322,234770932.55372322,1.0,0,0,4,4
2023-12-11T00:00:00+00:00,POST_WARMUP,TOP_6,E10,C2,6,6,6,6,True,1.0,0,0.0,1.0,,,0.0,257648375.36785722,257648375.36785722,1.0,0,0,6,6
2023-12-11T00:00:00+00:00,POST_WARMUP,TOP_8,E10,C2,8,8,8,8,True,1.0,0,0.0,1.0,,,0.0,275368696.7147406,275368696.7147406,1.0,1,1,7,7
2023-12-11T00:00:00+00:00,POST_WARMUP,TOP_10,E10,C2,10,10,10,10,True,1.0,0,0.0,1.0,,,0.0,290679245.8561297,290679245.8561297,1.0,1,1,9,9
2023-12-11T00:00:00+00:00,POST_WARMUP,TOP_30,E10,C2,30,30,30,30,True,1.0,0,0.0,1.0,,,0.0,380314349.1787951,380314349.1787951,1.0,3,3,27,27
2023-12-11T00:00:00+00:00,POST_WARMUP,HYSTERESIS,E10,C2,6,6,6,6,True,1.0,0,0.0,1.0,,,0.0,255537924.15807253,255537924.15807253,1.0,1,1,5,5
2023-12-18T00:00:00+00:00,POST_WARMUP,TOP_4,E10,C2,4,4,4,4,True,1.0,0,0.0,1.0,,,0.006309148264984227,236808853.0125857,236808853.0125857,1.0,0,0,4,4
2023-12-18T00:00:00+00:00,POST_WARMUP,TOP_6,E10,C2,6,6,6,6,True,1.0,0,0.0,1.0,,,0.006309148264984227,257609786.08926538,257609786.08926538,1.0,0,0,6,6
2023-12-18T00:00:00+00:00,POST_WARMUP,TOP_8,E10,C2,8,8,7,9,False,0.7777777777777778,2,1.0,0.875,INJ,KAS,0.006309148264984227,275379688.8390392,275465807.82822365,1.0003127281810344,0,1,8,7
2023-12-18T00:00:00+00:00,POST_WARMUP,TOP_10,E10,C2,10,10,10,10,True,1.0,0,0.0,1.0,,,0.006309148264984227,291923749.58718836,291923749.58718836,1.0,1,1,9,9
2023-12-18T00:00:00+00:00,POST_WARMUP,TOP_30,E10,C2,30,30,30,30,True,1.0,0,0.0,1.0,,,0.006309148264984227,383622040.1967525,383622040.1967525,1.0,4,4,26,26
2023-12-18T00:00:00+00:00,POST_WARMUP,HYSTERESIS,E10,C2,6,6,5,7,False,0.7142857142857143,2,1.0,0.8333333333333334,AVAX,KAS,0.006309148264984227,257609786.08926538,255123095.66470203,0.9903470653723471,0,1,6,5
2023-12-25T00:00:00+00:00,POST_WARMUP,TOP_4,E10,C2,4,4,4,4,True,1.0,0,0.0,1.0,,,0.0,268030834.21569875,268030834.21569875,1.0,0,0,4,4
2023-12-25T00:00:00+00:00,POST_WARMUP,TOP_6,E10,C2,6,6,6,6,True,1.0,0,0.0,1.0,,,0.0,297423585.39924324,297423585.39924324,1.0,0,0,6,6
2023-12-25T00:00:00+00:00,POST_WARMUP,TOP_8,E10,C2,8,8,8,8,True,1.0,0,0.0,1.0,,,0.0,318030061.0837489,318030061.0837489,1.0,0,0,8,8
2023-12-25T00:00:00+00:00,POST_WARMUP,TOP_10,E10,C2,10,10,10,10,True,1.0,0,0.0,1.0,,,0.0,336504301.1037986,336504301.1037986,1.0,0,0,10,10
2023-12-25T00:00:00+00:00,POST_WARMUP,TOP_30,E10,C2,30,30,30,30,True,1.0,0,0.0,1.0,,,0.0,434354119.17600644,434354119.17600644,1.0,4,4,26,26
2023-12-25T00:00:00+00:00,POST_WARMUP,HYSTERESIS,E10,C2,6,6,6,6,True,1.0,0,0.0,1.0,,,0.0,297423585.39924324,297423585.39924324,1.0,0,0,6,6
2024-01-01T00:00:00+00:00,POST_WARMUP,TOP_4,E10,C2,4,4,4,4,True,1.0,0,0.0,1.0,,,0.0,313050509.3851362,313050509.3851362,1.0,0,0,4,4
2024-01-01T00:00:00+00:00,POST_WARMUP,TOP_6,E10,C2,6,6,6,6,True,1.0,0,0.0,1.0,,,0.0,352123771.17552614,352123771.17552614,1.0,0,0,6,6
2024-01-01T00:00:00+00:00,POST_WARMUP,TOP_8,E10,C2,8,8,8,8,True,1.0,0,0.0,1.0,,,0.0,378124329.2604606,378124329.2604606,1.0,0,0,8,8
2024-01-01T00:00:00+00:00,POST_WARMUP,TOP_10,E10,C2,10,10,10,10,True,1.0,0,0.0,1.0,,,0.0,396142038.9809519,396142038.9809519,1.0,0,0,10,10
2024-01-01T00:00:00+00:00,POST_WARMUP,TOP_30,E10,C2,30,30,30,30,True,1.0,0,0.0,1.0,,,0.0,508430426.2388878,508430426.2388878,1.0,4,4,26,26
2024-01-01T00:00:00+00:00,POST_WARMUP,HYSTERESIS,E10,C2,6,6,6,6,True,1.0,0,0.0,1.0,,,0.0,352123771.17552614,352123771.17552614,1.0,0,0,6,6
2024-01-08T00:00:00+00:00,POST_WARMUP,TOP_4,E10,C2,4,4,4,4,True,1.0,0,0.0,1.0,,,0.0,343553997.231357,343553997.231357,1.0,0,0,4,4
2024-01-08T00:00:00+00:00,POST_WARMUP,TOP_6,E10,C2,6,6,6,6,True,1.0,0,0.0,1.0,,,0.0,381410525.3964113,381410525.3964113,1.0,0,0,6,6
2024-01-08T00:00:00+00:00,POST_WARMUP,TOP_8,E10,C2,8,8,8,8,True,1.0,0,0.0,1.0,,,0.0,407702799.81554985,407702799.81554985,1.0,0,0,8,8
2024-01-08T00:00:00+00:00,POST_WARMUP,TOP_10,E10,C2,10,10,10,10,True,1.0,0,0.0,1.0,,,0.0,425494252.52145875,425494252.52145875,1.0,0,0,10,10
2024-01-08T00:00:00+00:00,POST_WARMUP,TOP_30,E10,C2,30,30,30,30,True,1.0,0,0.0,1.0,,,0.0,542888925.3529779,542888925.3529779,1.0,4,4,26,26
2024-01-08T00:00:00+00:00,POST_WARMUP,HYSTERESIS,E10,C2,6,6,6,6,True,1.0,0,0.0,1.0,,,0.0,381410525.3964113,381410525.3964113,1.0,0,0,6,6
2024-01-15T00:00:00+00:00,POST_WARMUP,TOP_4,E10,C2,4,4,4,4,True,1.0,0,0.0,1.0,,,0.0,381385076.839266,381385076.839266,1.0,0,0,4,4
2024-01-15T00:00:00+00:00,POST_WARMUP,TOP_6,E10,C2,6,6,6,6,True,1.0,0,0.0,1.0,,,0.0,419718268.6118059,419718268.6118059,1.0,0,0,6,6
2024-01-15T00:00:00+00:00,POST_WARMUP,TOP_8,E10,C2,8,8,8,8,True,1.0,0,0.0,1.0,,,0.0,452218984.5096932,452218984.5096932,1.0,0,0,8,8
2024-01-15T00:00:00+00:00,POST_WARMUP,TOP_10,E10,C2,10,10,10,10,True,1.0,0,0.0,1.0,,,0.0,475703146.1325921,475703146.1325921,1.0,0,0,10,10
2024-01-15T00:00:00+00:00,POST_WARMUP,TOP_30,E10,C2,30,30,30,30,True,1.0,0,0.0,1.0,,,0.0,611159132.0741539,611159132.0741539,1.0,4,4,26,26
2024-01-15T00:00:00+00:00,POST_WARMUP,HYSTERESIS,E10,C2,6,6,6,6,True,1.0,0,0.0,1.0,,,0.0,418359450.31217337,418359450.31217337,1.0,0,0,6,6
2024-01-22T00:00:00+00:00,POST_WARMUP,TOP_4,E10,C2,4,4,4,4,True,1.0,0,0.0,1.0,,,0.0,320570239.9852078,320570239.9852078,1.0,0,0,4,4
2024-01-22T00:00:00+00:00,POST_WARMUP,TOP_6,E10,C2,6,6,6,6,True,1.0,0,0.0,1.0,,,0.0,353165617.1234588,353165617.1234588,1.0,0,0,6,6
2024-01-22T00:00:00+00:00,POST_WARMUP,TOP_8,E10,C2,8,8,8,8,True,1.0,0,0.0,1.0,,,0.0,378494575.141093,378494575.141093,1.0,0,0,8,8
2024-01-22T00:00:00+00:00,POST_WARMUP,TOP_10,E10,C2,10,10,10,10,True,1.0,0,0.0,1.0,,,0.0,400555016.2591407,400555016.2591407,1.0,0,0,10,10
2024-01-22T00:00:00+00:00,POST_WARMUP,TOP_30,E10,C2,30,30,30,30,True,1.0,0,0.0,1.0,,,0.0,528387058.2063372,528387058.2063372,1.0,4,4,26,26
2024-01-22T00:00:00+00:00,POST_WARMUP,HYSTERESIS,E10,C2,6,6,6,6,True,1.0,0,0.0,1.0,,,0.0,346251749.8496896,346251749.8496896,1.0,0,0,6,6
2024-01-29T00:00:00+00:00,POST_WARMUP,TOP_4,E10,C2,4,4,4,4,True,1.0,0,0.0,1.0,,,0.0,316494146.621882,316494146.621882,1.0,0,0,4,4
2024-01-29T00:00:00+00:00,POST_WARMUP,TOP_6,E10,C2,6,6,6,6,True,1.0,0,0.0,1.0,,,0.0,341964296.3227959,341964296.3227959,1.0,0,0,6,6
2024-01-29T00:00:00+00:00,POST_WARMUP,TOP_8,E10,C2,8,8,8,8,True,1.0,0,0.0,1.0,,,0.0,365359037.55838567,365359037.55838567,1.0,1,1,7,7
2024-01-29T00:00:00+00:00,POST_WARMUP,TOP_10,E10,C2,10,10,10,10,True,1.0,0,0.0,1.0,,,0.0,386349388.8810369,386349388.8810369,1.0,1,1,9,9
2024-01-29T00:00:00+00:00,POST_WARMUP,TOP_30,E10,C2,30,30,30,30,True,1.0,0,0.0,1.0,,,0.0,490191419.4933077,490191419.4933077,1.0,4,4,26,26
2024-01-29T00:00:00+00:00,POST_WARMUP,HYSTERESIS,E10,C2,6,6,6,6,True,1.0,0,0.0,1.0,,,0.0,333913181.9128474,333913181.9128474,1.0,0,0,6,6
2024-02-05T00:00:00+00:00,POST_WARMUP,TOP_4,E10,C2,4,4,4,4,True,1.0,0,0.0,1.0,,,0.0,279161286.9664054,279161286.9664054,1.0,0,0,4,4
2024-02-05T00:00:00+00:00,POST_WARMUP,TOP_6,E10,C2,6,6,6,6,True,1.0,0,0.0,1.0,,,0.0,304517976.9065416,304517976.9065416,1.0,1,1,5,5
2024-02-05T00:00:00+00:00,POST_WARMUP,TOP_8,E10,C2,8,8,8,8,True,1.0,0,0.0,1.0,,,0.0,325826931.5791195,325826931.5791195,1.0,1,1,7,7
2024-02-05T00:00:00+00:00,POST_WARMUP,TOP_10,E10,C2,10,10,10,10,True,1.0,0,0.0,1.0,,,0.0,343754565.5626556,343754565.5626556,1.0,1,1,9,9
2024-02-05T00:00:00+00:00,POST_WARMUP,TOP_30,E10,C2,30,30,30,30,True,1.0,0,0.0,1.0,,,0.0,438061279.13365144,438061279.13365144,1.0,4,4,26,26
2024-02-05T00:00:00+00:00,POST_WARMUP,HYSTERESIS,E10,C2,6,6,6,6,True,1.0,0,0.0,1.0,,,0.0,297666125.13074774,297666125.13074774,1.0,0,0,6,6
2024-02-12T00:00:00+00:00,POST_WARMUP,TOP_4,E10,C2,4,4,4,4,True,1.0,0,0.0,1.0,,,0.0,236356383.4730358,236356383.4730358,1.0,0,0,4,4
2024-02-12T00:00:00+00:00,POST_WARMUP,TOP_6,E10,C2,6,6,6,6,True,1.0,0,0.0,1.0,,,0.0,260573550.77851668,260573550.77851668,1.0,1,1,5,5
2024-02-12T00:00:00+00:00,POST_WARMUP,TOP_8,E10,C2,8,8,8,8,True,1.0,0,0.0,1.0,,,0.0,279600216.1006145,279600216.1006145,1.0,1,1,7,7
2024-02-12T00:00:00+00:00,POST_WARMUP,TOP_10,E10,C2,10,10,10,10,True,1.0,0,0.0,1.0,,,0.0,294591100.1349646,294591100.1349646,1.0,1,1,9,9
2024-02-12T00:00:00+00:00,POST_WARMUP,TOP_30,E10,C2,30,30,30,30,True,1.0,0,0.0,1.0,,,0.0,369060344.408109,369060344.408109,1.0,4,4,26,26
2024-02-12T00:00:00+00:00,POST_WARMUP,HYSTERESIS,E10,C2,6,6,6,6,True,1.0,0,0.0,1.0,,,0.0,257912096.28280568,257912096.28280568,1.0,0,0,6,6
2024-02-19T00:00:00+00:00,POST_WARMUP,TOP_4,E10,C2,4,4,4,4,True,1.0,0,0.0,1.0,,,0.0,269071854.2956773,269071854.2956773,1.0,0,0,4,4
2024-02-19T00:00:00+00:00,POST_WARMUP,TOP_6,E10,C2,6,6,6,6,True,1.0,0,0.0,1.0,,,0.0,292327079.46753937,292327079.46753937,1.0,1,1,5,5
2024-02-19T00:00:00+00:00,POST_WARMUP,TOP_8,E10,C2,8,8,8,8,True,1.0,0,0.0,1.0,,,0.0,311098664.74938273,311098664.74938273,1.0,1,1,7,7
2024-02-19T00:00:00+00:00,POST_WARMUP,TOP_10,E10,C2,10,10,10,10,True,1.0,0,0.0,1.0,,,0.0,327171989.2203207,327171989.2203207,1.0,1,1,9,9
2024-02-19T00:00:00+00:00,POST_WARMUP,TOP_30,E10,C2,30,30,30,30,True,1.0,0,0.0,1.0,,,0.0,403539813.7126499,403539813.7126499,1.0,4,4,26,26
2024-02-19T00:00:00+00:00,POST_WARMUP,HYSTERESIS,E10,C2,6,6,6,6,True,1.0,0,0.0,1.0,,,0.0,291114390.0490715,291114390.0490715,1.0,0,0,6,6
2024-02-26T00:00:00+00:00,POST_WARMUP,TOP_4,E10,C2,4,4,4,4,True,1.0,0,0.0,1.0,,,0.0,353741189.9098206,353741189.9098206,1.0,0,0,4,4
2024-02-26T00:00:00+00:00,POST_WARMUP,TOP_6,E10,C2,6,6,6,6,True,1.0,0,0.0,1.0,,,0.0,376717013.47149783,376717013.47149783,1.0,0,0,6,6
2024-02-26T00:00:00+00:00,POST_WARMUP,TOP_8,E10,C2,8,8,8,8,True,1.0,0,0.0,1.0,,,0.0,395597779.7411543,395597779.7411543,1.0,1,1,7,7
2024-02-26T00:00:00+00:00,POST_WARMUP,TOP_10,E10,C2,10,10,10,10,True,1.0,0,0.0,1.0,,,0.0,412270199.41897386,412270199.41897386,1.0,1,1,9,9
2024-02-26T00:00:00+00:00,POST_WARMUP,TOP_30,E10,C2,30,30,30,30,True,1.0,0,0.0,1.0,,,0.0,493975060.6052686,493975060.6052686,1.0,4,4,26,26
2024-02-26T00:00:00+00:00,POST_WARMUP,HYSTERESIS,E10,C2,6,6,6,6,True,1.0,0,0.0,1.0,,,0.0,376717013.47149783,376717013.47149783,1.0,0,0,6,6
2024-03-04T00:00:00+00:00,POST_WARMUP,TOP_4,E10,C2,4,4,4,4,True,1.0,0,0.0,1.0,,,0.0,476735987.82845926,476735987.82845926,1.0,0,0,4,4
2024-03-04T00:00:00+00:00,POST_WARMUP,TOP_6,E10,C2,6,6,6,6,True,1.0,0,0.0,1.0,,,0.0,500289908.993638,500289908.993638,1.0,0,0,6,6
2024-03-04T00:00:00+00:00,POST_WARMUP,TOP_8,E10,C2,8,8,8,8,True,1.0,0,0.0,1.0,,,0.0,521053461.9790014,521053461.9790014,1.0,1,1,7,7
2024-03-04T00:00:00+00:00,POST_WARMUP,TOP_10,E10,C2,10,10,10,10,True,1.0,0,0.0,1.0,,,0.0,540080687.8584305,540080687.8584305,1.0,1,1,9,9
2024-03-04T00:00:00+00:00,POST_WARMUP,TOP_30,E10,C2,30,30,30,30,True,1.0,0,0.0,1.0,,,0.0,650768066.3953816,650768066.3953816,1.0,3,3,27,27
2024-03-04T00:00:00+00:00,POST_WARMUP,HYSTERESIS,E10,C2,6,6,6,6,True,1.0,0,0.0,1.0,,,0.0,500289908.993638,500289908.993638,1.0,0,0,6,6
2024-03-11T00:00:00+00:00,POST_WARMUP,TOP_4,E10,C2,4,4,4,4,True,1.0,0,0.0,1.0,,,0.0,602761034.6894737,602761034.6894737,1.0,0,0,4,4
2024-03-11T00:00:00+00:00,POST_WARMUP,TOP_6,E10,C2,6,6,6,6,True,1.0,0,0.0,1.0,,,0.0,635362100.2106876,635362100.2106876,1.0,1,1,5,5
2024-03-11T00:00:00+00:00,POST_WARMUP,TOP_8,E10,C2,8,8,8,8,True,1.0,0,0.0,1.0,,,0.0,666911635.7330039,666911635.7330039,1.0,1,1,7,7
2024-03-11T00:00:00+00:00,POST_WARMUP,TOP_10,E10,C2,10,10,10,10,True,1.0,0,0.0,1.0,,,0.0,691844270.7993643,691844270.7993643,1.0,1,1,9,9
2024-03-11T00:00:00+00:00,POST_WARMUP,TOP_30,E10,C2,30,30,30,30,True,1.0,0,0.0,1.0,,,0.0,849303748.1754817,849303748.1754817,1.0,3,3,27,27
2024-03-11T00:00:00+00:00,POST_WARMUP,HYSTERESIS,E10,C2,6,6,6,6,True,1.0,0,0.0,1.0,,,0.0,635141328.7088817,635141328.7088817,1.0,1,1,5,5
2024-03-18T00:00:00+00:00,POST_WARMUP,TOP_4,E10,C2,4,4,4,4,True,1.0,0,0.0,1.0,,,0.0,849572547.6492646,849572547.6492646,1.0,1,1,3,3
2024-03-18T00:00:00+00:00,POST_WARMUP,TOP_6,E10,C2,6,6,6,6,True,1.0,0,0.0,1.0,,,0.0,924039329.5632466,924039329.5632466,1.0,1,1,5,5
2024-03-18T00:00:00+00:00,POST_WARMUP,TOP_8,E10,C2,8,8,8,8,True,1.0,0,0.0,1.0,,,0.0,975933094.8715144,975933094.8715144,1.0,1,1,7,7
2024-03-18T00:00:00+00:00,POST_WARMUP,TOP_10,E10,C2,10,10,10,10,True,1.0,0,0.0,1.0,,,0.0,1016693373.7189245,1016693373.7189245,1.0,1,1,9,9
2024-03-18T00:00:00+00:00,POST_WARMUP,TOP_30,E10,C2,30,30,30,30,True,1.0,0,0.0,1.0,,,0.0,1235664586.9267626,1235664586.9267626,1.0,3,3,27,27
2024-03-18T00:00:00+00:00,POST_WARMUP,HYSTERESIS,E10,C2,6,6,6,6,True,1.0,0,0.0,1.0,,,0.0,924039329.5632466,924039329.5632466,1.0,1,1,5,5
2024-03-25T00:00:00+00:00,POST_WARMUP,TOP_4,E10,C2,4,4,4,4,True,1.0,0,0.0,1.0,,,0.0,1102679768.7571685,1102679768.7571685,1.0,1,1,3,3
2024-03-25T00:00:00+00:00,POST_WARMUP,TOP_6,E10,C2,6,6,6,6,True,1.0,0,0.0,1.0,,,0.0,1186856946.2000668,1186856946.2000668,1.0,1,1,5,5
2024-03-25T00:00:00+00:00,POST_WARMUP,TOP_8,E10,C2,8,8,8,8,True,1.0,0,0.0,1.0,,,0.0,1248782078.697606,1248782078.697606,1.0,1,1,7,7
2024-03-25T00:00:00+00:00,POST_WARMUP,TOP_10,E10,C2,10,10,10,10,True,1.0,0,0.0,1.0,,,0.0,1292768630.898347,1292768630.898347,1.0,1,1,9,9
2024-03-25T00:00:00+00:00,POST_WARMUP,TOP_30,E10,C2,30,30,30,30,True,1.0,0,0.0,1.0,,,0.0,1537703740.777739,1537703740.777739,1.0,3,3,27,27
2024-03-25T00:00:00+00:00,POST_WARMUP,HYSTERESIS,E10,C2,6,6,6,6,True,1.0,0,0.0,1.0,,,0.0,1186856946.2000668,1186856946.2000668,1.0,1,1,5,5
2024-04-01T00:00:00+00:00,POST_WARMUP,TOP_4,E10,C2,4,4,4,4,True,1.0,0,0.0,1.0,,,0.0,1037762734.9236171,1037762734.9236171,1.0,1,1,3,3
2024-04-01T00:00:00+00:00,POST_WARMUP,TOP_6,E10,C2,6,6,6,6,True,1.0,0,0.0,1.0,,,0.0,1116843482.5210345,1116843482.5210345,1.0,1,1,5,5
2024-04-01T00:00:00+00:00,POST_WARMUP,TOP_8,E10,C2,8,8,8,8,True,1.0,0,0.0,1.0,,,0.0,1178542227.1609416,1178542227.1609416,1.0,1,1,7,7
2024-04-01T00:00:00+00:00,POST_WARMUP,TOP_10,E10,C2,10,10,10,10,True,1.0,0,0.0,1.0,,,0.0,1223205695.7722995,1223205695.7722995,1.0,1,1,9,9
2024-04-01T00:00:00+00:00,POST_WARMUP,TOP_30,E10,C2,30,30,30,30,True,1.0,0,0.0,1.0,,,0.0,1459560944.6261933,1459560944.6261933,1.0,4,4,26,26
2024-04-01T00:00:00+00:00,POST_WARMUP,HYSTERESIS,E10,C2,6,6,6,6,True,1.0,0,0.0,1.0,,,0.0,1109440015.0126882,1109440015.0126882,1.0,1,1,5,5
2024-04-08T00:00:00+00:00,POST_WARMUP,TOP_4,E10,C2,4,4,4,4,True,1.0,0,0.0,1.0,,,0.0,768386556.8125277,768386556.8125277,1.0,0,0,4,4
2024-04-08T00:00:00+00:00,POST_WARMUP,TOP_6,E10,C2,6,6,6,6,True,1.0,0,0.0,1.0,,,0.0,827281989.4093007,827281989.4093007,1.0,0,0,6,6
2024-04-08T00:00:00+00:00,POST_WARMUP,TOP_8,E10,C2,8,8,8,8,True,1.0,0,0.0,1.0,,,0.0,873545468.3916322,873545468.3916322,1.0,1,1,7,7
2024-04-08T00:00:00+00:00,POST_WARMUP,TOP_10,E10,C2,10,10,10,10,True,1.0,0,0.0,1.0,,,0.0,912589754.8674053,912589754.8674053,1.0,1,1,9,9
2024-04-08T00:00:00+00:00,POST_WARMUP,TOP_30,E10,C2,30,30,30,30,True,1.0,0,0.0,1.0,,,0.0,1087834422.118357,1087834422.118357,1.0,4,4,26,26
2024-04-08T00:00:00+00:00,POST_WARMUP,HYSTERESIS,E10,C2,6,6,6,6,True,1.0,0,0.0,1.0,,,0.0,814199136.0282358,814199136.0282358,1.0,1,1,5,5
2024-04-15T00:00:00+00:00,POST_WARMUP,TOP_4,E10,C2,4,4,4,4,True,1.0,0,0.0,1.0,,,0.0,602653056.920536,602653056.920536,1.0,0,0,4,4
2024-04-15T00:00:00+00:00,POST_WARMUP,TOP_6,E10,C2,6,6,6,6,True,1.0,0,0.0,1.0,,,0.0,650226327.7687669,650226327.7687669,1.0,0,0,6,6
2024-04-15T00:00:00+00:00,POST_WARMUP,TOP_8,E10,C2,8,8,8,8,True,1.0,0,0.0,1.0,,,0.0,682220539.2574258,682220539.2574258,1.0,0,0,8,8
2024-04-15T00:00:00+00:00,POST_WARMUP,TOP_10,E10,C2,10,10,10,10,True,1.0,0,0.0,1.0,,,0.0,704869201.5429757,704869201.5429757,1.0,1,1,9,9
2024-04-15T00:00:00+00:00,POST_WARMUP,TOP_30,E10,C2,30,30,30,30,True,1.0,0,0.0,1.0,,,0.0,826408628.8266641,826408628.8266641,1.0,4,4,26,26
2024-04-15T00:00:00+00:00,POST_WARMUP,HYSTERESIS,E10,C2,6,6,6,6,True,1.0,0,0.0,1.0,,,0.0,639942028.4663029,639942028.4663029,1.0,0,0,6,6
2024-04-22T00:00:00+00:00,POST_WARMUP,TOP_4,E10,C2,4,4,4,4,True,1.0,0,0.0,1.0,,,0.0,507938253.4448308,507938253.4448308,1.0,0,0,4,4
2024-04-22T00:00:00+00:00,POST_WARMUP,TOP_6,E10,C2,6,6,6,6,True,1.0,0,0.0,1.0,,,0.0,548078927.7104393,548078927.7104393,1.0,0,0,6,6
2024-04-22T00:00:00+00:00,POST_WARMUP,TOP_8,E10,C2,8,8,8,8,True,1.0,0,0.0,1.0,,,0.0,577783878.3792413,577783878.3792413,1.0,0,0,8,8
2024-04-22T00:00:00+00:00,POST_WARMUP,TOP_10,E10,C2,10,10,10,10,True,1.0,0,0.0,1.0,,,0.0,601651380.5946087,601651380.5946087,1.0,1,1,9,9
2024-04-22T00:00:00+00:00,POST_WARMUP,TOP_30,E10,C2,30,30,30,30,True,1.0,0,0.0,1.0,,,0.0,712777966.280897,712777966.280897,1.0,5,5,25,25
2024-04-22T00:00:00+00:00,POST_WARMUP,HYSTERESIS,E10,C2,6,6,6,6,True,1.0,0,0.0,1.0,,,0.0,548078927.7104393,548078927.7104393,1.0,0,0,6,6
2024-04-29T00:00:00+00:00,POST_WARMUP,TOP_4,E10,C2,4,4,4,4,True,1.0,0,0.0,1.0,,,0.0,435672740.89134985,435672740.89134985,1.0,0,0,4,4
2024-04-29T00:00:00+00:00,POST_WARMUP,TOP_6,E10,C2,6,6,6,6,True,1.0,0,0.0,1.0,,,0.0,471745524.73571634,471745524.73571634,1.0,0,0,6,6
2024-04-29T00:00:00+00:00,POST_WARMUP,TOP_8,E10,C2,8,8,8,8,True,1.0,0,0.0,1.0,,,0.0,498864524.40414137,498864524.40414137,1.0,0,0,8,8
2024-04-29T00:00:00+00:00,POST_WARMUP,TOP_10,E10,C2,10,10,10,10,True,1.0,0,0.0,1.0,,,0.0,518763573.00531524,518763573.00531524,1.0,0,0,10,10
2024-04-29T00:00:00+00:00,POST_WARMUP,TOP_30,E10,C2,30,30,30,30,True,1.0,0,0.0,1.0,,,0.0,613846335.158662,613846335.158662,1.0,5,5,25,25
2024-04-29T00:00:00+00:00,POST_WARMUP,HYSTERESIS,E10,C2,6,6,6,6,True,1.0,0,0.0,1.0,,,0.0,471745524.73571634,471745524.73571634,1.0,0,0,6,6
2024-05-06T00:00:00+00:00,POST_WARMUP,TOP_4,E10,C2,4,4,4,4,True,1.0,0,0.0,1.0,,,0.0,396620158.5962818,396620158.5962818,1.0,0,0,4,4
2024-05-06T00:00:00+00:00,POST_WARMUP,TOP_6,E10,C2,6,6,6,6,True,1.0,0,0.0,1.0,,,0.0,430955330.2131348,430955330.2131348,1.0,0,0,6,6
2024-05-06T00:00:00+00:00,POST_WARMUP,TOP_8,E10,C2,8,8,8,8,True,1.0,0,0.0,1.0,,,0.0,454849494.6551346,454849494.6551346,1.0,0,0,8,8
2024-05-06T00:00:00+00:00,POST_WARMUP,TOP_10,E10,C2,10,10,10,10,True,1.0,0,0.0,1.0,,,0.0,473515881.30192196,473515881.30192196,1.0,1,1,9,9
2024-05-06T00:00:00+00:00,POST_WARMUP,TOP_30,E10,C2,30,30,30,30,True,1.0,0,0.0,1.0,,,0.0,561353929.3264639,561353929.3264639,1.0,4,4,26,26
2024-05-06T00:00:00+00:00,POST_WARMUP,HYSTERESIS,E10,C2,6,6,6,6,True,1.0,0,0.0,1.0,,,0.0,430955330.2131348,430955330.2131348,1.0,0,0,6,6
2024-05-13T00:00:00+00:00,POST_WARMUP,TOP_4,E10,C2,4,4,4,4,True,1.0,0,0.0,1.0,,,0.0,355288399.39265937,355288399.39265937,1.0,0,0,4,4
2024-05-13T00:00:00+00:00,POST_WARMUP,TOP_6,E10,C2,6,6,6,6,True,1.0,0,0.0,1.0,,,0.0,382608448.3200787,382608448.3200787,1.0,0,0,6,6
2024-05-13T00:00:00+00:00,POST_WARMUP,TOP_8,E10,C2,8,8,8,8,True,1.0,0,0.0,1.0,,,0.0,405361651.7271053,405361651.7271053,1.0,1,1,7,7
2024-05-13T00:00:00+00:00,POST_WARMUP,TOP_10,E10,C2,10,10,10,10,True,1.0,0,0.0,1.0,,,0.0,424055945.2078214,424055945.2078214,1.0,2,2,8,8
2024-05-13T00:00:00+00:00,POST_WARMUP,TOP_30,E10,C2,30,30,30,30,True,1.0,0,0.0,1.0,,,0.0,501794724.04551214,501794724.04551214,1.0,4,4,26,26
2024-05-13T00:00:00+00:00,POST_WARMUP,HYSTERESIS,E10,C2,6,6,6,6,True,1.0,0,0.0,1.0,,,0.0,382608448.3200787,382608448.3200787,1.0,0,0,6,6
2024-05-20T00:00:00+00:00,POST_WARMUP,TOP_4,E10,C2,4,4,4,4,True,1.0,0,0.0,1.0,,,0.0,316497366.91195756,316497366.91195756,1.0,1,1,3,3
2024-05-20T00:00:00+00:00,POST_WARMUP,TOP_6,E10,C2,6,6,6,6,True,1.0,0,0.0,1.0,,,0.0,343770226.32840306,343770226.32840306,1.0,1,1,5,5
2024-05-20T00:00:00+00:00,POST_WARMUP,TOP_8,E10,C2,8,8,8,8,True,1.0,0,0.0,1.0,,,0.0,363508319.17099,363508319.17099,1.0,1,1,7,7
2024-05-20T00:00:00+00:00,POST_WARMUP,TOP_10,E10,C2,10,10,10,10,True,1.0,0,0.0,1.0,,,0.0,380895868.46956134,380895868.46956134,1.0,2,2,8,8
2024-05-20T00:00:00+00:00,POST_WARMUP,TOP_30,E10,C2,30,30,30,30,True,1.0,0,0.0,1.0,,,0.0,451644693.7606666,451644693.7606666,1.0,3,3,27,27
2024-05-20T00:00:00+00:00,POST_WARMUP,HYSTERESIS,E10,C2,6,6,6,6,True,1.0,0,0.0,1.0,,,0.0,343770226.32840306,343770226.32840306,1.0,1,1,5,5
2024-05-27T00:00:00+00:00,POST_WARMUP,TOP_4,E10,C2,4,4,4,4,True,1.0,0,0.0,1.0,,,0.0,324674075.63721037,324674075.63721037,1.0,1,1,3,3
2024-05-27T00:00:00+00:00,POST_WARMUP,TOP_6,E10,C2,6,6,6,6,True,1.0,0,0.0,1.0,,,0.0,353328988.88233644,353328988.88233644,1.0,1,1,5,5
2024-05-27T00:00:00+00:00,POST_WARMUP,TOP_8,E10,C2,8,8,8,8,True,1.0,0,0.0,1.0,,,0.0,371430010.15845335,371430010.15845335,1.0,1,1,7,7
2024-05-27T00:00:00+00:00,POST_WARMUP,TOP_10,E10,C2,10,10,10,10,True,1.0,0,0.0,1.0,,,0.0,387332885.8008496,387332885.8008496,1.0,2,2,8,8
2024-05-27T00:00:00+00:00,POST_WARMUP,TOP_30,E10,C2,30,30,30,30,True,1.0,0,0.0,1.0,,,0.0,452458715.793314,452458715.793314,1.0,3,3,27,27
2024-05-27T00:00:00+00:00,POST_WARMUP,HYSTERESIS,E10,C2,6,6,6,6,True,1.0,0,0.0,1.0,,,0.0,353328988.88233644,353328988.88233644,1.0,1,1,5,5
2024-06-03T00:00:00+00:00,POST_WARMUP,TOP_4,E10,C2,4,4,4,4,True,1.0,0,0.0,1.0,,,0.00558659217877095,309510727.1878991,309510727.1878991,1.0,1,1,3,3
2024-06-03T00:00:00+00:00,POST_WARMUP,TOP_6,E10,C2,6,6,6,6,True,1.0,0,0.0,1.0,,,0.00558659217877095,334360451.0659409,334360451.0659409,1.0,1,1,5,5
2024-06-03T00:00:00+00:00,POST_WARMUP,TOP_8,E10,C2,8,8,7,9,False,0.7777777777777778,2,1.0,0.875,XRP,GRAM,0.00558659217877095,351479482.9795886,351481682.99340886,1.0000062592951418,1,2,7,6
2024-06-03T00:00:00+00:00,POST_WARMUP,TOP_10,E10,C2,10,10,10,10,True,1.0,0,0.0,1.0,,,0.00558659217877095,367227931.900795,367227931.900795,1.0,2,2,8,8
2024-06-03T00:00:00+00:00,POST_WARMUP,TOP_30,E10,C2,30,30,30,30,True,1.0,0,0.0,1.0,,,0.00558659217877095,429197069.0109336,429197069.0109336,1.0,3,3,27,27
2024-06-03T00:00:00+00:00,POST_WARMUP,HYSTERESIS,E10,C2,6,6,6,6,True,1.0,0,0.0,1.0,,,0.00558659217877095,334360451.0659409,334360451.0659409,1.0,1,1,5,5
2024-06-10T00:00:00+00:00,POST_WARMUP,TOP_4,E10,C2,4,4,4,4,True,1.0,0,0.0,1.0,,,0.0,292011458.1644337,292011458.1644337,1.0,1,1,3,3
2024-06-10T00:00:00+00:00,POST_WARMUP,TOP_6,E10,C2,6,6,6,6,True,1.0,0,0.0,1.0,,,0.0,315454572.78240114,315454572.78240114,1.0,1,1,5,5
2024-06-10T00:00:00+00:00,POST_WARMUP,TOP_8,E10,C2,8,8,8,8,True,1.0,0,0.0,1.0,,,0.0,331716572.39708066,331716572.39708066,1.0,2,2,6,6
2024-06-10T00:00:00+00:00,POST_WARMUP,TOP_10,E10,C2,10,10,10,10,True,1.0,0,0.0,1.0,,,0.0,346971719.6916288,346971719.6916288,1.0,2,2,8,8
2024-06-10T00:00:00+00:00,POST_WARMUP,TOP_30,E10,C2,30,30,30,30,True,1.0,0,0.0,1.0,,,0.0,416376338.4642969,416376338.4642969,1.0,4,4,26,26
2024-06-10T00:00:00+00:00,POST_WARMUP,HYSTERESIS,E10,C2,6,6,6,6,True,1.0,0,0.0,1.0,,,0.0,315454572.78240114,315454572.78240114,1.0,1,1,5,5
2024-06-17T00:00:00+00:00,POST_WARMUP,TOP_4,E10,C2,4,4,4,4,True,1.0,0,0.0,1.0,,,0.0,292703809.55089486,292703809.55089486,1.0,1,1,3,3
2024-06-17T00:00:00+00:00,POST_WARMUP,TOP_6,E10,C2,6,6,6,6,True,1.0,0,0.0,1.0,,,0.0,313520756.2690966,313520756.2690966,1.0,1,1,5,5
2024-06-17T00:00:00+00:00,POST_WARMUP,TOP_8,E10,C2,8,8,8,8,True,1.0,0,0.0,1.0,,,0.0,330875694.6145483,330875694.6145483,1.0,1,1,7,7
2024-06-17T00:00:00+00:00,POST_WARMUP,TOP_10,E10,C2,10,10,10,10,True,1.0,0,0.0,1.0,,,0.0,346255537.0251337,346255537.0251337,1.0,2,2,8,8
2024-06-17T00:00:00+00:00,POST_WARMUP,TOP_30,E10,C2,30,30,30,30,True,1.0,0,0.0,1.0,,,0.0,415952378.6186706,415952378.6186706,1.0,3,3,27,27
2024-06-17T00:00:00+00:00,POST_WARMUP,HYSTERESIS,E10,C2,6,6,6,6,True,1.0,0,0.0,1.0,,,0.0,313520756.2690966,313520756.2690966,1.0,1,1,5,5
2024-06-24T00:00:00+00:00,POST_WARMUP,TOP_4,E10,C2,4,4,4,4,True,1.0,0,0.0,1.0,,,0.0,280070041.6383353,280070041.6383353,1.0,1,1,3,3
2024-06-24T00:00:00+00:00,POST_WARMUP,TOP_6,E10,C2,6,6,6,6,True,1.0,0,0.0,1.0,,,0.0,299326865.9361943,299326865.9361943,1.0,1,1,5,5
2024-06-24T00:00:00+00:00,POST_WARMUP,TOP_8,E10,C2,8,8,8,8,True,1.0,0,0.0,1.0,,,0.0,315278035.58103174,315278035.58103174,1.0,1,1,7,7
2024-06-24T00:00:00+00:00,POST_WARMUP,TOP_10,E10,C2,10,10,10,10,True,1.0,0,0.0,1.0,,,0.0,329768483.187279,329768483.187279,1.0,2,2,8,8
2024-06-24T00:00:00+00:00,POST_WARMUP,TOP_30,E10,C2,30,30,30,30,True,1.0,0,0.0,1.0,,,0.0,392648748.2729843,392648748.2729843,1.0,3,3,27,27
2024-06-24T00:00:00+00:00,POST_WARMUP,HYSTERESIS,E10,C2,6,6,6,6,True,1.0,0,0.0,1.0,,,0.0,298546040.4079801,298546040.4079801,1.0,1,1,5,5
2024-07-01T00:00:00+00:00,POST_WARMUP,TOP_4,E10,C2,4,4,4,4,True,1.0,0,0.0,1.0,,,0.005571030640668524,259659300.51970723,259659300.51970723,1.0,1,1,3,3
2024-07-01T00:00:00+00:00,POST_WARMUP,TOP_6,E10,C2,6,6,5,7,False,0.7142857142857143,2,1.0,0.8333333333333334,XRP,GRAM,0.005571030640668524,276930827.31608003,277177960.4131875,1.0008924000968134,1,2,5,4
2024-07-01T00:00:00+00:00,POST_WARMUP,TOP_8,E10,C2,8,8,8,8,True,1.0,0,0.0,1.0,,,0.005571030640668524,292076491.035542,292076491.035542,1.0,2,2,6,6
2024-07-01T00:00:00+00:00,POST_WARMUP,TOP_10,E10,C2,10,10,10,10,True,1.0,0,0.0,1.0,,,0.005571030640668524,304462711.02207667,304462711.02207667,1.0,2,2,8,8
2024-07-01T00:00:00+00:00,POST_WARMUP,TOP_30,E10,C2,30,30,30,30,True,1.0,0,0.0,1.0,,,0.005571030640668524,367476865.08980125,367476865.08980125,1.0,3,3,27,27
2024-07-01T00:00:00+00:00,POST_WARMUP,HYSTERESIS,E10,C2,6,6,6,6,True,1.0,0,0.0,1.0,,,0.005571030640668524,276246787.1520788,276246787.1520788,1.0,1,1,5,5
2024-07-08T00:00:00+00:00,POST_WARMUP,TOP_4,E10,C2,4,4,4,4,True,1.0,0,0.0,1.0,,,0.0,280182758.5596731,280182758.5596731,1.0,1,1,3,3
2024-07-08T00:00:00+00:00,POST_WARMUP,TOP_6,E10,C2,6,6,6,6,True,1.0,0,0.0,1.0,,,0.0,297320439.91831905,297320439.91831905,1.0,1,1,5,5
2024-07-08T00:00:00+00:00,POST_WARMUP,TOP_8,E10,C2,8,8,8,8,True,1.0,0,0.0,1.0,,,0.0,311582285.70814794,311582285.70814794,1.0,2,2,6,6
2024-07-08T00:00:00+00:00,POST_WARMUP,TOP_10,E10,C2,10,10,10,10,True,1.0,0,0.0,1.0,,,0.0,323390800.86014396,323390800.86014396,1.0,3,3,7,7
2024-07-08T00:00:00+00:00,POST_WARMUP,TOP_30,E10,C2,30,30,30,30,True,1.0,0,0.0,1.0,,,0.0,383478171.49182576,383478171.49182576,1.0,3,3,27,27
2024-07-08T00:00:00+00:00,POST_WARMUP,HYSTERESIS,E10,C2,6,6,6,6,True,1.0,0,0.0,1.0,,,0.0,297320439.91831905,297320439.91831905,1.0,1,1,5,5
2024-07-15T00:00:00+00:00,POST_WARMUP,TOP_4,E10,C2,4,4,4,4,True,1.0,0,0.0,1.0,,,0.005571030640668524,274955577.24452525,274955577.24452525,1.0,1,1,3,3
2024-07-15T00:00:00+00:00,POST_WARMUP,TOP_6,E10,C2,6,6,5,7,False,0.7142857142857143,2,1.0,0.8333333333333334,ONDO,GRAM,0.005571030640668524,290100747.72333574,290793091.9131361,1.0023865646511902,1,2,5,4
2024-07-15T00:00:00+00:00,POST_WARMUP,TOP_8,E10,C2,8,8,8,8,True,1.0,0,0.0,1.0,,,0.005571030640668524,303819367.7541196,303819367.7541196,1.0,2,2,6,6
2024-07-15T00:00:00+00:00,POST_WARMUP,TOP_10,E10,C2,10,10,10,10,True,1.0,0,0.0,1.0,,,0.005571030640668524,315439300.40632635,315439300.40632635,1.0,3,3,7,7
2024-07-15T00:00:00+00:00,POST_WARMUP,TOP_30,E10,C2,30,30,30,30,True,1.0,0,0.0,1.0,,,0.005571030640668524,370046240.9063002,370046240.9063002,1.0,3,3,27,27
2024-07-15T00:00:00+00:00,POST_WARMUP,HYSTERESIS,E10,C2,6,6,6,6,True,1.0,0,0.0,1.0,,,0.005571030640668524,290100747.72333574,290100747.72333574,1.0,1,1,5,5
2024-07-22T00:00:00+00:00,POST_WARMUP,TOP_4,E10,C2,4,4,4,4,True,1.0,0,0.0,1.0,,,0.0,289724803.4719058,289724803.4719058,1.0,1,1,3,3
2024-07-22T00:00:00+00:00,POST_WARMUP,TOP_6,E10,C2,6,6,6,6,True,1.0,0,0.0,1.0,,,0.0,306300048.550531,306300048.550531,1.0,1,1,5,5
2024-07-22T00:00:00+00:00,POST_WARMUP,TOP_8,E10,C2,8,8,8,8,True,1.0,0,0.0,1.0,,,0.0,319962426.634967,319962426.634967,1.0,2,2,6,6
2024-07-22T00:00:00+00:00,POST_WARMUP,TOP_10,E10,C2,10,10,10,10,True,1.0,0,0.0,1.0,,,0.0,331805537.9222521,331805537.9222521,1.0,3,3,7,7
2024-07-22T00:00:00+00:00,POST_WARMUP,TOP_30,E10,C2,30,30,30,30,True,1.0,0,0.0,1.0,,,0.0,388196222.68504757,388196222.68504757,1.0,3,3,27,27
2024-07-22T00:00:00+00:00,POST_WARMUP,HYSTERESIS,E10,C2,6,6,6,6,True,1.0,0,0.0,1.0,,,0.0,306300048.550531,306300048.550531,1.0,1,1,5,5
2024-07-29T00:00:00+00:00,POST_WARMUP,TOP_4,E10,C2,4,4,4,4,True,1.0,0,0.0,1.0,,,0.005555555555555556,324383856.2867626,324383856.2867626,1.0,0,0,4,4
2024-07-29T00:00:00+00:00,POST_WARMUP,TOP_6,E10,C2,6,6,6,6,True,1.0,0,0.0,1.0,,,0.005555555555555556,346053526.8993188,346053526.8993188,1.0,1,1,5,5
2024-07-29T00:00:00+00:00,POST_WARMUP,TOP_8,E10,C2,8,8,7,9,False,0.7777777777777778,2,1.0,0.875,SHIB,KAS,0.005555555555555556,357480600.71527076,357869125.52337086,1.0010868416560863,1,2,7,6
2024-07-29T00:00:00+00:00,POST_WARMUP,TOP_10,E10,C2,10,10,10,10,True,1.0,0,0.0,1.0,,,0.005555555555555556,368185132.34422094,368185132.34422094,1.0,2,2,8,8
2024-07-29T00:00:00+00:00,POST_WARMUP,TOP_30,E10,C2,30,30,30,30,True,1.0,0,0.0,1.0,,,0.005555555555555556,430408051.0094687,430408051.0094687,1.0,3,3,27,27
2024-07-29T00:00:00+00:00,POST_WARMUP,HYSTERESIS,E10,C2,6,6,6,6,True,1.0,0,0.0,1.0,,,0.005555555555555556,344812747.4953961,344812747.4953961,1.0,1,1,5,5
2024-08-05T00:00:00+00:00,POST_WARMUP,TOP_4,E10,C2,4,4,4,4,True,1.0,0,0.0,1.0,,,0.0,361558467.5271123,361558467.5271123,1.0,0,0,4,4
2024-08-05T00:00:00+00:00,POST_WARMUP,TOP_6,E10,C2,6,6,6,6,True,1.0,0,0.0,1.0,,,0.0,382839939.0361659,382839939.0361659,1.0,1,1,5,5
2024-08-05T00:00:00+00:00,POST_WARMUP,TOP_8,E10,C2,8,8,8,8,True,1.0,0,0.0,1.0,,,0.0,394042600.761574,394042600.761574,1.0,1,1,7,7
2024-08-05T00:00:00+00:00,POST_WARMUP,TOP_10,E10,C2,10,10,10,10,True,1.0,0,0.0,1.0,,,0.0,404409858.62111974,404409858.62111974,1.0,2,2,8,8
2024-08-05T00:00:00+00:00,POST_WARMUP,TOP_30,E10,C2,30,30,30,30,True,1.0,0,0.0,1.0,,,0.0,465834881.38940936,465834881.38940936,1.0,3,3,27,27
2024-08-05T00:00:00+00:00,POST_WARMUP,HYSTERESIS,E10,C2,6,6,6,6,True,1.0,0,0.0,1.0,,,0.0,381386092.476879,381386092.476879,1.0,1,1,5,5
2024-08-12T00:00:00+00:00,POST_WARMUP,TOP_4,E10,C2,4,4,4,4,True,1.0,0,0.0,1.0,,,0.0,413639602.64106476,413639602.64106476,1.0,0,0,4,4
2024-08-12T00:00:00+00:00,POST_WARMUP,TOP_6,E10,C2,6,6,6,6,True,1.0,0,0.0,1.0,,,0.0,437908263.77022153,437908263.77022153,1.0,1,1,5,5
2024-08-12T00:00:00+00:00,POST_WARMUP,TOP_8,E10,C2,8,8,8,8,True,1.0,0,0.0,1.0,,,0.0,450415965.923653,450415965.923653,1.0,2,2,6,6
2024-08-12T00:00:00+00:00,POST_WARMUP,TOP_10,E10,C2,10,10,10,10,True,1.0,0,0.0,1.0,,,0.0,461306423.68808824,461306423.68808824,1.0,2,2,8,8
2024-08-12T00:00:00+00:00,POST_WARMUP,TOP_30,E10,C2,30,30,30,30,True,1.0,0,0.0,1.0,,,0.0,523857698.15184534,523857698.15184534,1.0,3,3,27,27
2024-08-12T00:00:00+00:00,POST_WARMUP,HYSTERESIS,E10,C2,6,6,6,6,True,1.0,0,0.0,1.0,,,0.0,437908263.77022153,437908263.77022153,1.0,1,1,5,5
2024-08-19T00:00:00+00:00,POST_WARMUP,TOP_4,E10,C2,4,4,4,4,True,1.0,0,0.0,1.0,,,0.0,413227496.46924376,413227496.46924376,1.0,0,0,4,4
2024-08-19T00:00:00+00:00,POST_WARMUP,TOP_6,E10,C2,6,6,6,6,True,1.0,0,0.0,1.0,,,0.0,431948350.8434916,431948350.8434916,1.0,1,1,5,5
2024-08-19T00:00:00+00:00,POST_WARMUP,TOP_8,E10,C2,8,8,8,8,True,1.0,0,0.0,1.0,,,0.0,443294453.45067185,443294453.45067185,1.0,2,2,6,6
2024-08-19T00:00:00+00:00,POST_WARMUP,TOP_10,E10,C2,10,10,10,10,True,1.0,0,0.0,1.0,,,0.0,452831399.8210712,452831399.8210712,1.0,3,3,7,7
2024-08-19T00:00:00+00:00,POST_WARMUP,TOP_30,E10,C2,30,30,30,30,True,1.0,0,0.0,1.0,,,0.0,507605799.4175295,507605799.4175295,1.0,3,3,27,27
2024-08-19T00:00:00+00:00,POST_WARMUP,HYSTERESIS,E10,C2,6,6,6,6,True,1.0,0,0.0,1.0,,,0.0,431948350.8434916,431948350.8434916,1.0,1,1,5,5
2024-08-26T00:00:00+00:00,POST_WARMUP,TOP_4,E10,C2,4,4,4,4,True,1.0,0,0.0,1.0,,,0.0055248618784530384,379598692.52950823,379598692.52950823,1.0,0,0,4,4
2024-08-26T00:00:00+00:00,POST_WARMUP,TOP_6,E10,C2,6,6,6,6,True,1.0,0,0.0,1.0,,,0.0055248618784530384,395966199.4610068,395966199.4610068,1.0,1,1,5,5
2024-08-26T00:00:00+00:00,POST_WARMUP,TOP_8,E10,C2,8,8,7,9,False,0.7777777777777778,2,1.0,0.875,DOGE,KAS,0.0055248618784530384,406332607.84723145,406497800.53470016,1.000406545485837,1,2,7,6
2024-08-26T00:00:00+00:00,POST_WARMUP,TOP_10,E10,C2,10,10,10,10,True,1.0,0,0.0,1.0,,,0.0055248618784530384,416088072.37938833,416088072.37938833,1.0,3,3,7,7
2024-08-26T00:00:00+00:00,POST_WARMUP,TOP_30,E10,C2,30,30,30,30,True,1.0,0,0.0,1.0,,,0.0055248618784530384,468587364.8264994,468587364.8264994,1.0,4,4,26,26
2024-08-26T00:00:00+00:00,POST_WARMUP,HYSTERESIS,E10,C2,6,6,6,6,True,1.0,0,0.0,1.0,,,0.0055248618784530384,395966199.4610068,395966199.4610068,1.0,1,1,5,5
2024-09-02T00:00:00+00:00,POST_WARMUP,TOP_4,E10,C2,4,4,4,4,True,1.0,0,0.0,1.0,,,0.0,326898594.67043424,326898594.67043424,1.0,0,0,4,4
2024-09-02T00:00:00+00:00,POST_WARMUP,TOP_6,E10,C2,6,6,6,6,True,1.0,0,0.0,1.0,,,0.0,344022079.7222553,344022079.7222553,1.0,1,1,5,5
2024-09-02T00:00:00+00:00,POST_WARMUP,TOP_8,E10,C2,8,8,8,8,True,1.0,0,0.0,1.0,,,0.0,355437468.94861823,355437468.94861823,1.0,2,2,6,6
2024-09-02T00:00:00+00:00,POST_WARMUP,TOP_10,E10,C2,10,10,10,10,True,1.0,0,0.0,1.0,,,0.0,364031353.12185234,364031353.12185234,1.0,3,3,7,7
2024-09-02T00:00:00+00:00,POST_WARMUP,TOP_30,E10,C2,30,30,30,30,True,1.0,0,0.0,1.0,,,0.0,417790908.6625313,417790908.6625313,1.0,4,4,26,26
2024-09-02T00:00:00+00:00,POST_WARMUP,HYSTERESIS,E10,C2,6,6,6,6,True,1.0,0,0.0,1.0,,,0.0,344022079.7222553,344022079.7222553,1.0,1,1,5,5
2024-09-09T00:00:00+00:00,POST_WARMUP,TOP_4,E10,C2,4,4,4,4,True,1.0,0,0.0,1.0,,,0.0055248618784530384,274953350.86256194,274953350.86256194,1.0,0,0,4,4
2024-09-09T00:00:00+00:00,POST_WARMUP,TOP_6,E10,C2,6,6,5,7,False,0.7142857142857143,2,1.0,0.8333333333333334,XMR,GRAM,0.0055248618784530384,288633898.45393836,288816370.4047151,1.0006321916855718,1,2,5,4
2024-09-09T00:00:00+00:00,POST_WARMUP,TOP_8,E10,C2,8,8,8,8,True,1.0,0,0.0,1.0,,,0.0055248618784530384,300313453.4291029,300313453.4291029,1.0,2,2,6,6
2024-09-09T00:00:00+00:00,POST_WARMUP,TOP_10,E10,C2,10,10,10,10,True,1.0,0,0.0,1.0,,,0.0055248618784530384,309694971.3643485,309694971.3643485,1.0,2,2,8,8
2024-09-09T00:00:00+00:00,POST_WARMUP,TOP_30,E10,C2,30,30,30,30,True,1.0,0,0.0,1.0,,,0.0055248618784530384,359309424.05214727,359309424.05214727,1.0,4,4,26,26
2024-09-09T00:00:00+00:00,POST_WARMUP,HYSTERESIS,E10,C2,6,6,5,7,False,0.7142857142857143,2,1.0,0.8333333333333334,XMR,GRAM,0.0055248618784530384,288633898.45393836,288816370.4047151,1.0006321916855718,1,2,5,4
2024-09-16T00:00:00+00:00,POST_WARMUP,TOP_4,E10,C2,4,4,4,4,True,1.0,0,0.0,1.0,,,0.0,240272075.25712457,240272075.25712457,1.0,0,0,4,4
2024-09-16T00:00:00+00:00,POST_WARMUP,TOP_6,E10,C2,6,6,6,6,True,1.0,0,0.0,1.0,,,0.0,254280242.27985987,254280242.27985987,1.0,0,0,6,6
2024-09-16T00:00:00+00:00,POST_WARMUP,TOP_8,E10,C2,8,8,8,8,True,1.0,0,0.0,1.0,,,0.0,266552938.07435408,266552938.07435408,1.0,2,2,6,6
2024-09-16T00:00:00+00:00,POST_WARMUP,TOP_10,E10,C2,10,10,10,10,True,1.0,0,0.0,1.0,,,0.0,275208315.8289371,275208315.8289371,1.0,3,3,7,7
2024-09-16T00:00:00+00:00,POST_WARMUP,TOP_30,E10,C2,30,30,30,30,True,1.0,0,0.0,1.0,,,0.0,323077419.10122216,323077419.10122216,1.0,4,4,26,26
2024-09-16T00:00:00+00:00,POST_WARMUP,HYSTERESIS,E10,C2,6,6,5,7,False,0.7142857142857143,2,1.0,0.8333333333333334,XMR,GRAM,0.0,253682570.44686985,252544771.0516188,0.9955148696528627,1,2,5,4
2024-09-23T00:00:00+00:00,POST_WARMUP,TOP_4,E10,C2,4,4,4,4,True,1.0,0,0.0,1.0,,,0.0,244064904.10986853,244064904.10986853,1.0,0,0,4,4
2024-09-23T00:00:00+00:00,POST_WARMUP,TOP_6,E10,C2,6,6,6,6,True,1.0,0,0.0,1.0,,,0.0,258821702.730347,258821702.730347,1.0,0,0,6,6
2024-09-23T00:00:00+00:00,POST_WARMUP,TOP_8,E10,C2,8,8,8,8,True,1.0,0,0.0,1.0,,,0.0,270355341.9406061,270355341.9406061,1.0,2,2,6,6
2024-09-23T00:00:00+00:00,POST_WARMUP,TOP_10,E10,C2,10,10,10,10,True,1.0,0,0.0,1.0,,,0.0,278446479.2406226,278446479.2406226,1.0,3,3,7,7
2024-09-23T00:00:00+00:00,POST_WARMUP,TOP_30,E10,C2,30,30,30,30,True,1.0,0,0.0,1.0,,,0.0,325278450.718247,325278450.718247,1.0,4,4,26,26
2024-09-23T00:00:00+00:00,POST_WARMUP,HYSTERESIS,E10,C2,6,6,5,7,False,0.7142857142857143,2,1.0,0.8333333333333334,XMR,GRAM,0.0,257160843.96384227,255598543.32012764,0.9939248113373966,1,2,5,4
2024-09-30T00:00:00+00:00,POST_WARMUP,TOP_4,E10,C2,4,4,4,4,True,1.0,0,0.0,1.0,,,0.0,239678150.0038479,239678150.0038479,1.0,0,0,4,4
2024-09-30T00:00:00+00:00,POST_WARMUP,TOP_6,E10,C2,6,6,6,6,True,1.0,0,0.0,1.0,,,0.0,254905597.35576886,254905597.35576886,1.0,0,0,6,6
2024-09-30T00:00:00+00:00,POST_WARMUP,TOP_8,E10,C2,8,8,8,8,True,1.0,0,0.0,1.0,,,0.0,266435496.58784643,266435496.58784643,1.0,2,2,6,6
2024-09-30T00:00:00+00:00,POST_WARMUP,TOP_10,E10,C2,10,10,10,10,True,1.0,0,0.0,1.0,,,0.0,275619399.1152692,275619399.1152692,1.0,3,3,7,7
2024-09-30T00:00:00+00:00,POST_WARMUP,TOP_30,E10,C2,30,30,30,30,True,1.0,0,0.0,1.0,,,0.0,326510983.8876322,326510983.8876322,1.0,4,4,26,26
2024-09-30T00:00:00+00:00,POST_WARMUP,HYSTERESIS,E10,C2,6,6,5,7,False,0.7142857142857143,2,1.0,0.8333333333333334,XMR,FET,0.0,252899422.85995218,254183860.29781112,1.0050788468527674,1,1,5,5
2024-10-07T00:00:00+00:00,POST_WARMUP,TOP_4,E10,C2,4,4,4,4,True,1.0,0,0.0,1.0,,,0.0,251734193.47652704,251734193.47652704,1.0,0,0,4,4
2024-10-07T00:00:00+00:00,POST_WARMUP,TOP_6,E10,C2,6,6,6,6,True,1.0,0,0.0,1.0,,,0.0,269387595.2819396,269387595.2819396,1.0,1,1,5,5
2024-10-07T00:00:00+00:00,POST_WARMUP,TOP_8,E10,C2,8,8,8,8,True,1.0,0,0.0,1.0,,,0.0,285131927.0028535,285131927.0028535,1.0,2,2,6,6
2024-10-07T00:00:00+00:00,POST_WARMUP,TOP_10,E10,C2,10,10,10,10,True,1.0,0,0.0,1.0,,,0.0,295263180.0722666,295263180.0722666,1.0,2,2,8,8
2024-10-07T00:00:00+00:00,POST_WARMUP,TOP_30,E10,C2,30,30,30,30,True,1.0,0,0.0,1.0,,,0.0,354895227.79671896,354895227.79671896,1.0,4,4,26,26
2024-10-07T00:00:00+00:00,POST_WARMUP,HYSTERESIS,E10,C2,6,6,5,7,False,0.7142857142857143,2,1.0,0.8333333333333334,XMR,FET,0.0,267856639.17928421,269387595.2819396,1.0057155801974753,1,1,5,5
2024-10-14T00:00:00+00:00,POST_WARMUP,TOP_4,E10,C2,4,4,4,4,True,1.0,0,0.0,1.0,,,0.0,257395532.19998813,257395532.19998813,1.0,1,1,3,3
2024-10-14T00:00:00+00:00,POST_WARMUP,TOP_6,E10,C2,6,6,6,6,True,1.0,0,0.0,1.0,,,0.0,278732213.3773263,278732213.3773263,1.0,2,2,4,4
2024-10-14T00:00:00+00:00,POST_WARMUP,TOP_8,E10,C2,8,8,8,8,True,1.0,0,0.0,1.0,,,0.0,293491683.1577494,293491683.1577494,1.0,2,2,6,6
2024-10-14T00:00:00+00:00,POST_WARMUP,TOP_10,E10,C2,10,10,10,10,True,1.0,0,0.0,1.0,,,0.0,307106973.0458117,307106973.0458117,1.0,2,2,8,8
2024-10-14T00:00:00+00:00,POST_WARMUP,TOP_30,E10,C2,30,30,30,30,True,1.0,0,0.0,1.0,,,0.0,369386686.9961855,369386686.9961855,1.0,4,4,26,26
2024-10-14T00:00:00+00:00,POST_WARMUP,HYSTERESIS,E10,C2,6,6,5,7,False,0.7142857142857143,2,1.0,0.8333333333333334,SUI,FET,0.0,278732213.3773263,275288416.6118986,0.9876447837740027,2,1,4,5
2024-10-21T00:00:00+00:00,POST_WARMUP,TOP_4,E10,C2,4,4,4,4,True,1.0,0,0.0,1.0,,,0.0,254688038.24375635,254688038.24375635,1.0,1,1,3,3
2024-10-21T00:00:00+00:00,POST_WARMUP,TOP_6,E10,C2,6,6,6,6,True,1.0,0,0.0,1.0,,,0.0,277084270.47382605,277084270.47382605,1.0,2,2,4,4
2024-10-21T00:00:00+00:00,POST_WARMUP,TOP_8,E10,C2,8,8,8,8,True,1.0,0,0.0,1.0,,,0.0,291641875.5286876,291641875.5286876,1.0,2,2,6,6
2024-10-21T00:00:00+00:00,POST_WARMUP,TOP_10,E10,C2,10,10,10,10,True,1.0,0,0.0,1.0,,,0.0,305176648.3711561,305176648.3711561,1.0,2,2,8,8
2024-10-21T00:00:00+00:00,POST_WARMUP,TOP_30,E10,C2,30,30,30,30,True,1.0,0,0.0,1.0,,,0.0,369960225.50183976,369960225.50183976,1.0,4,4,26,26
2024-10-21T00:00:00+00:00,POST_WARMUP,HYSTERESIS,E10,C2,6,6,6,6,True,1.0,0,0.0,1.0,,,0.0,277084270.47382605,277084270.47382605,1.0,2,2,4,4
2024-10-28T00:00:00+00:00,POST_WARMUP,TOP_4,E10,C2,4,4,4,4,True,1.0,0,0.0,1.0,,,0.0,262279500.37138778,262279500.37138778,1.0,1,1,3,3
2024-10-28T00:00:00+00:00,POST_WARMUP,TOP_6,E10,C2,6,6,6,6,True,1.0,0,0.0,1.0,,,0.0,281224295.01059324,281224295.01059324,1.0,2,2,4,4
2024-10-28T00:00:00+00:00,POST_WARMUP,TOP_8,E10,C2,8,8,8,8,True,1.0,0,0.0,1.0,,,0.0,295930332.9063293,295930332.9063293,1.0,2,2,6,6
2024-10-28T00:00:00+00:00,POST_WARMUP,TOP_10,E10,C2,10,10,10,10,True,1.0,0,0.0,1.0,,,0.0,308857981.711666,308857981.711666,1.0,2,2,8,8
2024-10-28T00:00:00+00:00,POST_WARMUP,TOP_30,E10,C2,30,30,30,30,True,1.0,0,0.0,1.0,,,0.0,368712221.5816777,368712221.5816777,1.0,4,4,26,26
2024-10-28T00:00:00+00:00,POST_WARMUP,HYSTERESIS,E10,C2,6,6,6,6,True,1.0,0,0.0,1.0,,,0.0,281224295.01059324,281224295.01059324,1.0,2,2,4,4
2024-11-04T00:00:00+00:00,POST_WARMUP,TOP_4,E10,C2,4,4,4,4,True,1.0,0,0.0,1.0,,,0.0,269138972.61104155,269138972.61104155,1.0,1,1,3,3
2024-11-04T00:00:00+00:00,POST_WARMUP,TOP_6,E10,C2,6,6,6,6,True,1.0,0,0.0,1.0,,,0.0,289572584.40769166,289572584.40769166,1.0,2,2,4,4
2024-11-04T00:00:00+00:00,POST_WARMUP,TOP_8,E10,C2,8,8,8,8,True,1.0,0,0.0,1.0,,,0.0,303659285.1466416,303659285.1466416,1.0,2,2,6,6
2024-11-04T00:00:00+00:00,POST_WARMUP,TOP_10,E10,C2,10,10,10,10,True,1.0,0,0.0,1.0,,,0.0,316170012.5774358,316170012.5774358,1.0,2,2,8,8
2024-11-04T00:00:00+00:00,POST_WARMUP,TOP_30,E10,C2,30,30,30,30,True,1.0,0,0.0,1.0,,,0.0,368276329.24172723,368276329.24172723,1.0,4,4,26,26
2024-11-04T00:00:00+00:00,POST_WARMUP,HYSTERESIS,E10,C2,6,6,6,6,True,1.0,0,0.0,1.0,,,0.0,285363520.8021392,285363520.8021392,1.0,2,2,4,4
2024-11-11T00:00:00+00:00,POST_WARMUP,TOP_4,E10,C2,4,4,4,4,True,1.0,0,0.0,1.0,,,0.005494505494505495,320420161.5503609,320420161.5503609,1.0,0,0,4,4
2024-11-11T00:00:00+00:00,POST_WARMUP,TOP_6,E10,C2,6,6,5,7,False,0.7142857142857143,2,1.0,0.8333333333333334,XRP,PEPE,0.005494505494505495,339288890.5551597,339627401.65096605,1.0009977075737801,1,2,5,4
2024-11-11T00:00:00+00:00,POST_WARMUP,TOP_8,E10,C2,8,8,8,8,True,1.0,0,0.0,1.0,,,0.005494505494505495,355186069.9951842,355186069.9951842,1.0,2,2,6,6
2024-11-11T00:00:00+00:00,POST_WARMUP,TOP_10,E10,C2,10,10,10,10,True,1.0,0,0.0,1.0,,,0.005494505494505495,367886571.0220966,367886571.0220966,1.0,2,2,8,8
2024-11-11T00:00:00+00:00,POST_WARMUP,TOP_30,E10,C2,30,30,30,30,True,1.0,0,0.0,1.0,,,0.005494505494505495,420283989.47258735,420283989.47258735,1.0,4,4,26,26
2024-11-11T00:00:00+00:00,POST_WARMUP,HYSTERESIS,E10,C2,6,6,6,6,True,1.0,0,0.0,1.0,,,0.005494505494505495,331958000.96937907,331958000.96937907,1.0,2,2,4,4
2024-11-18T00:00:00+00:00,POST_WARMUP,TOP_4,E10,C2,4,4,4,4,True,1.0,0,0.0,1.0,,,0.005494505494505495,375804902.0280924,375804902.0280924,1.0,0,0,4,4
2024-11-18T00:00:00+00:00,POST_WARMUP,TOP_6,E10,C2,6,6,5,7,False,0.7142857142857143,2,1.0,0.8333333333333334,XRP,PEPE,0.005494505494505495,396584797.67509717,397055633.999008,1.0011872273639106,1,2,5,4
2024-11-18T00:00:00+00:00,POST_WARMUP,TOP_8,E10,C2,8,8,8,8,True,1.0,0,0.0,1.0,,,0.005494505494505495,414499034.92452264,414499034.92452264,1.0,2,2,6,6
2024-11-18T00:00:00+00:00,POST_WARMUP,TOP_10,E10,C2,10,10,10,10,True,1.0,0,0.0,1.0,,,0.005494505494505495,430774870.5322217,430774870.5322217,1.0,2,2,8,8
2024-11-18T00:00:00+00:00,POST_WARMUP,TOP_30,E10,C2,30,30,30,30,True,1.0,0,0.0,1.0,,,0.005494505494505495,494223320.43685883,494223320.43685883,1.0,4,4,26,26
2024-11-18T00:00:00+00:00,POST_WARMUP,HYSTERESIS,E10,C2,6,6,6,6,True,1.0,0,0.0,1.0,,,0.005494505494505495,385532441.59040606,385532441.59040606,1.0,2,2,4,4
2024-11-25T00:00:00+00:00,POST_WARMUP,TOP_4,E10,C2,4,4,4,4,True,1.0,0,0.0,1.0,,,0.0,539714547.2333758,539714547.2333758,1.0,0,0,4,4
2024-11-25T00:00:00+00:00,POST_WARMUP,TOP_6,E10,C2,6,6,6,6,True,1.0,0,0.0,1.0,,,0.0,615348303.5693731,615348303.5693731,1.0,1,1,5,5
2024-11-25T00:00:00+00:00,POST_WARMUP,TOP_8,E10,C2,8,8,8,8,True,1.0,0,0.0,1.0,,,0.0,671831317.8145763,671831317.8145763,1.0,2,2,6,6
2024-11-25T00:00:00+00:00,POST_WARMUP,TOP_10,E10,C2,10,10,10,10,True,1.0,0,0.0,1.0,,,0.0,695888941.7097192,695888941.7097192,1.0,2,2,8,8
2024-11-25T00:00:00+00:00,POST_WARMUP,TOP_30,E10,C2,30,30,30,30,True,1.0,0,0.0,1.0,,,0.0,805440568.0554799,805440568.0554799,1.0,4,4,26,26
2024-11-25T00:00:00+00:00,POST_WARMUP,HYSTERESIS,E10,C2,6,6,6,6,True,1.0,0,0.0,1.0,,,0.0,577499553.108832,577499553.108832,1.0,2,2,4,4
2024-12-02T00:00:00+00:00,POST_WARMUP,TOP_4,E10,C2,4,4,4,4,True,1.0,0,0.0,1.0,,,0.0,646932989.6622019,646932989.6622019,1.0,0,0,4,4
2024-12-02T00:00:00+00:00,POST_WARMUP,TOP_6,E10,C2,6,6,6,6,True,1.0,0,0.0,1.0,,,0.0,774015264.7643213,774015264.7643213,1.0,0,0,6,6
2024-12-02T00:00:00+00:00,POST_WARMUP,TOP_8,E10,C2,8,8,8,8,True,1.0,0,0.0,1.0,,,0.0,838525512.2508863,838525512.2508863,1.0,2,2,6,6
2024-12-02T00:00:00+00:00,POST_WARMUP,TOP_10,E10,C2,10,10,10,10,True,1.0,0,0.0,1.0,,,0.0,874573418.9330244,874573418.9330244,1.0,2,2,8,8
2024-12-02T00:00:00+00:00,POST_WARMUP,TOP_30,E10,C2,30,30,30,30,True,1.0,0,0.0,1.0,,,0.0,1034962823.193277,1034962823.193277,1.0,5,5,25,25
2024-12-02T00:00:00+00:00,POST_WARMUP,HYSTERESIS,E10,C2,6,6,6,6,True,1.0,0,0.0,1.0,,,0.0,711443237.1487669,711443237.1487669,1.0,2,2,4,4
2024-12-09T00:00:00+00:00,POST_WARMUP,TOP_4,E10,C2,4,4,4,4,True,1.0,0,0.0,1.0,,,0.0,708717396.5396636,708717396.5396636,1.0,0,0,4,4
2024-12-09T00:00:00+00:00,POST_WARMUP,TOP_6,E10,C2,6,6,6,6,True,1.0,0,0.0,1.0,,,0.0,853768115.2046616,853768115.2046616,1.0,0,0,6,6
2024-12-09T00:00:00+00:00,POST_WARMUP,TOP_8,E10,C2,8,8,8,8,True,1.0,0,0.0,1.0,,,0.0,932358130.5746025,932358130.5746025,1.0,2,2,6,6
2024-12-09T00:00:00+00:00,POST_WARMUP,TOP_10,E10,C2,10,10,10,10,True,1.0,0,0.0,1.0,,,0.0,977753569.7174594,977753569.7174594,1.0,2,2,8,8
2024-12-09T00:00:00+00:00,POST_WARMUP,TOP_30,E10,C2,30,30,30,30,True,1.0,0,0.0,1.0,,,0.0,1182592343.238504,1182592343.238504,1.0,5,5,25,25
2024-12-09T00:00:00+00:00,POST_WARMUP,HYSTERESIS,E10,C2,6,6,6,6,True,1.0,0,0.0,1.0,,,0.0,787307411.9096043,787307411.9096043,1.0,2,2,4,4
2024-12-16T00:00:00+00:00,POST_WARMUP,TOP_4,E10,C2,4,4,4,4,True,1.0,0,0.0,1.0,,,0.0,672510160.2485812,672510160.2485812,1.0,0,0,4,4
2024-12-16T00:00:00+00:00,POST_WARMUP,TOP_6,E10,C2,6,6,6,6,True,1.0,0,0.0,1.0,,,0.0,807403438.5067697,807403438.5067697,1.0,0,0,6,6
2024-12-16T00:00:00+00:00,POST_WARMUP,TOP_8,E10,C2,8,8,8,8,True,1.0,0,0.0,1.0,,,0.0,875406796.4414767,875406796.4414767,1.0,2,2,6,6
2024-12-16T00:00:00+00:00,POST_WARMUP,TOP_10,E10,C2,10,10,10,10,True,1.0,0,0.0,1.0,,,0.0,921870745.9780782,921870745.9780782,1.0,2,2,8,8
2024-12-16T00:00:00+00:00,POST_WARMUP,TOP_30,E10,C2,30,30,30,30,True,1.0,0,0.0,1.0,,,0.0,1136375791.0714478,1136375791.0714478,1.0,5,5,25,25
2024-12-16T00:00:00+00:00,POST_WARMUP,HYSTERESIS,E10,C2,6,6,6,6,True,1.0,0,0.0,1.0,,,0.0,740513518.1832882,740513518.1832882,1.0,2,2,4,4
2024-12-23T00:00:00+00:00,POST_WARMUP,TOP_4,E10,C2,4,4,4,4,True,1.0,0,0.0,1.0,,,0.0,717510586.1944246,717510586.1944246,1.0,0,0,4,4
2024-12-23T00:00:00+00:00,POST_WARMUP,TOP_6,E10,C2,6,6,6,6,True,1.0,0,0.0,1.0,,,0.0,830082337.9618819,830082337.9618819,1.0,0,0,6,6
2024-12-23T00:00:00+00:00,POST_WARMUP,TOP_8,E10,C2,8,8,8,8,True,1.0,0,0.0,1.0,,,0.0,886740864.3110766,886740864.3110766,1.0,2,2,6,6
2024-12-23T00:00:00+00:00,POST_WARMUP,TOP_10,E10,C2,10,10,10,10,True,1.0,0,0.0,1.0,,,0.0,928188227.6970727,928188227.6970727,1.0,2,2,8,8
2024-12-23T00:00:00+00:00,POST_WARMUP,TOP_30,E10,C2,30,30,30,30,True,1.0,0,0.0,1.0,,,0.0,1136043977.731971,1136043977.731971,1.0,5,5,25,25
2024-12-23T00:00:00+00:00,POST_WARMUP,HYSTERESIS,E10,C2,6,6,6,6,True,1.0,0,0.0,1.0,,,0.0,774169112.5436194,774169112.5436194,1.0,2,2,4,4
2024-12-30T00:00:00+00:00,POST_WARMUP,TOP_4,E10,C2,4,4,4,4,True,1.0,0,0.0,1.0,,,0.0,696418740.0191647,696418740.0191647,1.0,0,0,4,4
2024-12-30T00:00:00+00:00,POST_WARMUP,TOP_6,E10,C2,6,6,6,6,True,1.0,0,0.0,1.0,,,0.0,780107970.5845622,780107970.5845622,1.0,0,0,6,6
2024-12-30T00:00:00+00:00,POST_WARMUP,TOP_8,E10,C2,8,8,8,8,True,1.0,0,0.0,1.0,,,0.0,834648302.5789478,834648302.5789478,1.0,2,2,6,6
2024-12-30T00:00:00+00:00,POST_WARMUP,TOP_10,E10,C2,10,10,10,10,True,1.0,0,0.0,1.0,,,0.0,872537036.3032621,872537036.3032621,1.0,2,2,8,8
2024-12-30T00:00:00+00:00,POST_WARMUP,TOP_30,E10,C2,30,30,30,30,True,1.0,0,0.0,1.0,,,0.0,1052927665.0502391,1052927665.0502391,1.0,5,5,25,25
2024-12-30T00:00:00+00:00,POST_WARMUP,HYSTERESIS,E10,C2,6,6,6,6,True,1.0,0,0.0,1.0,,,0.0,750959072.0135503,750959072.0135503,1.0,2,2,4,4
